{"type":"FeatureCollection","features":[{"type":"Feature","geometry":{"type":"Polygon","coordinates":[[[-88.468662484171901,31.893855711954686],[-88.46866899965265,31.790721999733393],[-88.463625304285387,31.697942371478561],[-88.459478000010904,31.621651999997848],[-88.449446069465395,31.435836860959537],[-88.448659999574346,31.42127699987315],[-88.432007000294618,31.114298000051647],[-88.426020964109455,30.998281357103128],[-88.415047600044502,30.785604256960667],[-88.412467431037697,30.735597459263424],[-88.412270000202852,30.731771000057176],[-88.40393099960751,30.543359000094799],[-88.39502299982297,30.369424999929311],[-88.36402200012914,30.388006000064269],[-88.31160800004325,30.368908000339466],[-88.257763999704338,30.318932999954633],[-88.19566400040739,30.321242000114889],[-88.136172999749675,30.320728999992156],[-88.105699000310523,30.401865000361756],[-88.103767999742104,30.500902999715638],[-88.081617000106462,30.546317000279469],[-88.064897999806178,30.588291999645261],[-88.061998000015492,30.644891000012393],[-88.009437221500392,30.684177735800514],[-88.008396000424227,30.684955999964075],[-87.931069999930884,30.65269400034185],[-87.914955999703096,30.585893000259532],[-87.90171100020217,30.550878999742714],[-87.933354999603338,30.487356999673644],[-87.914136000443762,30.446144000220333],[-87.865017000158772,30.383450000231541],[-87.796717000349034,30.324197999670247],[-87.806466000207607,30.279797999921492],[-87.893200999902589,30.239236999907369],[-87.818867000159756,30.228314000200097],[-87.656888000152605,30.249709000060566],[-87.518324000352735,30.280435000178507],[-87.452281999552966,30.344097000251022],[-87.431783999753108,30.403192999805462],[-87.366601000367368,30.436642999860943],[-87.414685000409563,30.457288999794873],[-87.444722000005683,30.507483999932177],[-87.431449999842272,30.550251999619451],[-87.401188999940146,30.604383000216338],[-87.400188999857434,30.657201000230579],[-87.442290999845056,30.692661000215082],[-87.52362099996887,30.738285000219147],[-87.542267999566221,30.767481000097067],[-87.634943000381298,30.865856999752062],[-87.592063999893739,30.951459999668643],[-87.59893700025107,30.997421999723432],[-87.598828946397134,30.997422176829733],[-87.519532999774498,30.997552000264477],[-87.425790999827882,30.998058000114344],[-87.312206000382645,30.998403999707826],[-87.163645308250921,30.999021835842026],[-87.16264400022115,30.999026000079777],[-86.927851000237538,30.99767800034725],[-86.831979000429172,30.997354000128063],[-86.785691975908293,30.996982993826528],[-86.688240964205903,30.996201889815637],[-86.563494000300111,30.995201999798102],[-86.388644662045891,30.994528215543465],[-86.364974000410427,30.994436999917948],[-86.187248049105634,30.994066723831285],[-86.132720670685686,30.993953120719009],[-86.035038104744089,30.993749607203835],[-85.893631999776957,30.993454999899154],[-85.749715000284468,30.995281999763328],[-85.498001585137459,30.997865049304167],[-85.488298288865607,30.997964623330329],[-85.33331900017987,30.999555000012496],[-85.145959000135207,31.000693000360201],[-85.031285000020461,31.000646999725866],[-85.002498999678892,31.000682000126844],[-85.011392000293114,31.053546000236711],[-85.021107562161859,31.07546387253565],[-85.035615000064169,31.108192000222814],[-85.107515999996565,31.186451000263965],[-85.10819200021416,31.258591000369787],[-85.089774000047356,31.295025999864421],[-85.088829963210216,31.308647755488824],[-85.087928999692636,31.321648000308016],[-85.092487000240297,31.362880999877472],[-85.06600499983773,31.431363000118889],[-85.071621000194412,31.468383999757361],[-85.051681429107774,31.519540329344732],[-85.041880999800881,31.544684000047269],[-85.057959999868558,31.570839999749012],[-85.058169000105934,31.62022699966094],[-85.12552999993234,31.694964999791395],[-85.118930000284777,31.732664000160032],[-85.125440577137368,31.762968703520098],[-85.129159315851055,31.780278268223199],[-85.141830999757872,31.839261000306042],[-85.114031000153588,31.89335999996171],[-85.067829000276035,31.967358000215533],[-85.063590543051376,31.991856999894186],[-85.051411127835422,32.062256083674598],[-85.04706299978929,32.087389000072356],[-85.058749000064068,32.13601799995503],[-84.997765000302465,32.185445000329807],[-84.930126999568316,32.219050999957119],[-84.919942147913673,32.230848201016421],[-84.891840999788499,32.263398000269781],[-84.955704000322726,32.305909999984173],[-85.008095999768997,32.336676999710491],[-84.983466000292154,32.363185999738114],[-84.981150294406675,32.379040076605939],[-84.971831000070978,32.442843000067214],[-84.999786755867419,32.507066968654698],[-85.001130839450042,32.510154788492834],[-85.007099999884247,32.523867999779561],[-85.069847999809724,32.583145999870084],[-85.07607237251446,32.608067475415993],[-85.088532999940213,32.657957999759304],[-85.114250000436712,32.730447000353394],[-85.124533223004846,32.751629606780064],[-85.160962999777112,32.82667199970107],[-85.184399999725727,32.861316999941685],[-85.18611740158083,32.870138269689519],[-85.2324410001102,33.108074999811414],[-85.236595371431008,33.129544028231656],[-85.294346864491118,33.427993146722592],[-85.304943833553708,33.482756336488684],[-85.314048000243432,33.529805000282899],[-85.338116300241111,33.653114391688874],[-85.360532000153299,33.767956999969819],[-85.38667057372443,33.901701493822038],[-85.398870999636571,33.964127999875849],[-85.421073175395605,34.080812652596606],[-85.429498999959819,34.125095000264153],[-85.463140824705079,34.286190988177964],[-85.502471000120011,34.474525999765262],[-85.513044229404585,34.523946471533193],[-85.526894818272837,34.588685692959018],[-85.534405257765883,34.623790338727176],[-85.561423999754084,34.750078999855845],[-85.582812334205059,34.860435474170295],[-85.595165000303339,34.92417100027243],[-85.605165000232091,34.984678000277604],[-85.863946112099526,34.987030858656709],[-86.311274000011565,34.991097999871819],[-86.318760765303622,34.99107858070392],[-86.467798000218849,34.990692000168949],[-86.783628017491282,34.99192492230155],[-86.783647999616463,34.991925000310076],[-86.836286316215336,34.992803004280397],[-87.210758579813927,34.999049180920132],[-87.216682999655418,34.999148000218547],[-87.22405364152732,34.999230742248677],[-87.424908997949316,35.001485521243247],[-87.606097867537827,35.00351952617703],[-87.625024999570002,35.003731999828013],[-87.851885999562356,35.005655999714612],[-87.984916043937062,35.005910124615433],[-88.000031999714523,35.005938999752921],[-88.202958999640799,35.008027999839989],[-88.200063999872995,34.995633999767861],[-88.154616999855747,34.922391999951316],[-88.097887999794764,34.892201999987641],[-88.13426299999594,34.622659999701561],[-88.139559440859983,34.581696746212415],[-88.154902184415747,34.463034300736872],[-88.173261734800263,34.321039534325514],[-88.203583494951587,34.086527731397965],[-88.207229000308359,34.058332999635311],[-88.248387473701925,33.744907594553268],[-88.254444999613995,33.69877900024845],[-88.274516334688187,33.534002598711318],[-88.304442813656607,33.288320000141837],[-88.317134999813163,33.184122999834614],[-88.34008499250352,32.991264337504447],[-88.347490248259945,32.929034787173684],[-88.37333800034267,32.711824999891746],[-88.389248564497962,32.57812239572781],[-88.421312221765561,32.308679123239756],[-88.428278000125431,32.250142999968205],[-88.43114536322355,32.227636234887569],[-88.468660000330132,31.933172999813682],[-88.468662484171901,31.893855711954686]]]},"properties":{"GEOID":"01","STUSAB":"AL","NAME":"Alabama"}},{"type":"Feature","geometry":{"type":"MultiPolygon","coordinates":[[[[-84.820159000139242,39.227225000292506],[-84.820156999591092,39.105479999735238],[-84.750748999743621,39.147357999694961],[-84.714048000027532,39.132659000212769],[-84.711929313548467,39.130678599810594],[-84.677246999854006,39.098260000088466],[-84.62204743636147,39.078334676547925],[-84.607927999694994,39.073238000269441],[-84.550843999806773,39.099359999755094],[-84.506518737762917,39.101766408132107],[-84.493743000200126,39.102459999767525],[-84.480943000039801,39.116760000299131],[-84.462041999999229,39.121760000333715],[-84.445242000406409,39.114461000037053],[-84.432941000013372,39.083960999729051],[-84.400940000236844,39.046361999953092],[-84.326538999648534,39.02746300008927],[-84.321207227146076,39.020586352701201],[-84.297255000262894,38.989693999965617],[-84.288164000180274,38.955789000216541],[-84.232132000253287,38.88048300009465],[-84.232305045421413,38.874707895687024],[-84.233265000405382,38.842670999803573],[-84.226155213122297,38.829763669310253],[-84.212903999974571,38.805706999702004],[-84.135087999934754,38.789484999838677],[-84.05260954773766,38.771606728785898],[-84.051642000192913,38.771396999861082],[-83.978813999972743,38.787103999810178],[-83.928453999580626,38.774582999929663],[-83.90437508598788,38.767283875270088],[-83.852085000410597,38.751433000107809],[-83.834015000398324,38.71600799967235],[-83.78361999984611,38.695641000210458],[-83.772160000425444,38.658149999860754],[-83.70585755107534,38.638036625881114],[-83.679483999785447,38.630036000099572],[-83.646961550444374,38.641833743600486],[-83.642993999956545,38.643272999783271],[-83.62692199956156,38.679386999983997],[-83.533338999623609,38.702105000208647],[-83.440404000314174,38.669360999799537],[-83.376302000303653,38.661473000304163],[-83.320530999594268,38.622713000117386],[-83.286513999758796,38.599240999664978],[-83.264267690668163,38.613131985945998],[-83.239515000188121,38.62858800000074],[-83.172647000281231,38.620252000253309],[-83.128972999750374,38.640230999728452],[-83.112372000349197,38.671685000175422],[-83.042337999614517,38.708319000301771],[-83.03033493087537,38.716867676611002],[-83.011815999596465,38.73005699985346],[-82.943146999715822,38.743279999930976],[-82.889192999772035,38.756076000015774],[-82.871192000255064,38.71837699980405],[-82.869592000122736,38.678177000067613],[-82.851313999698007,38.60433400016192],[-82.811542384965946,38.572369589635542],[-82.800112000305262,38.563182999722272],[-82.724846000251759,38.557600000114611],[-82.675723999593728,38.515504000129006],[-82.664120790750459,38.507718196357544],[-82.61847400002415,38.477088999746492],[-82.593672999944772,38.421809000322007],[-82.560663999689595,38.404338000171876],[-82.50896694952354,38.414643912329801],[-82.447075999871302,38.426981999743802],[-82.381772999936629,38.434783000149515],[-82.323998999587118,38.44926800032475],[-82.304223000035606,38.496308000330146],[-82.293270999704745,38.560282999816764],[-82.282133343655801,38.579860796566443],[-82.274270000105076,38.593683000156247],[-82.218967000099127,38.591682999684842],[-82.175167000069905,38.608484000314228],[-82.185567000031739,38.659583000191681],[-82.201537000319462,38.76037200020081],[-82.209290000210601,38.802671999938198],[-82.161570000216471,38.824631999712658],[-82.134765999598642,38.905578999668677],[-82.09886665015388,38.960879284379565],[-82.089065000036513,38.975978000095566],[-82.041562999602291,39.017877999909253],[-82.007062000068146,39.029578000031748],[-81.941828999555355,38.993295000252907],[-81.898469999567084,38.929602999875755],[-81.827353999632251,38.945898000006402],[-81.775733999764739,38.98073700000176],[-81.793304000184818,39.040353000037534],[-81.807855000090186,39.083977999728305],[-81.750266843206646,39.10403119296268],[-81.742953000013529,39.106577999783696],[-81.752297036647064,39.18103474708542],[-81.752753999750638,39.184675999671015],[-81.72146813889033,39.210960808962625],[-81.711627999556285,39.219227999680726],[-81.678331000319332,39.273755000252223],[-81.613896000222908,39.275338999734963],[-81.56524700029118,39.276175000014035],[-81.559646999828033,39.330773999897794],[-81.50318899992871,39.373242000272619],[-81.456142999604069,39.40927400000249],[-81.412705999797979,39.39461800033601],[-81.393793999886768,39.35170599984329],[-81.370389809107294,39.34870067240545],[-81.347566999894852,39.345769999965398],[-81.249088000198753,39.389991999757896],[-81.185946000087981,39.430730999942931],[-81.128533000311805,39.449374999936488],[-81.121273856434641,39.457697413864452],[-81.075950000171488,39.509660000257632],[-81.03736504196344,39.538055712512516],[-80.943781999804685,39.606926000043622],[-80.865574999952628,39.662751000295955],[-80.829763999816052,39.711838999779758],[-80.835521693239144,39.719251802491016],[-80.86993299958543,39.763554999718103],[-80.824969000340275,39.801091999687181],[-80.824276000404225,39.847158999706402],[-80.823438104907794,39.85003208726139],[-80.803393999566495,39.918761999981641],[-80.764479000323064,39.95025000008733],[-80.740125999957343,39.970792999737945],[-80.73822261270243,40.033405951663859],[-80.736804000392269,40.080072000048453],[-80.705993999595833,40.151590999890665],[-80.702575303576936,40.157141397943477],[-80.683911327617352,40.187443152344734],[-80.64459800010556,40.25127000010594],[-80.606596000007883,40.303869000315153],[-80.631596000278876,40.385467999747412],[-80.627362630213668,40.395170932836791],[-80.604894999593228,40.446666999824522],[-80.622194999676552,40.520497000144786],[-80.66795700023637,40.582495999742754],[-80.627170999800626,40.619936000164003],[-80.583632999712222,40.615520000053841],[-80.518990999926544,40.638801000148021],[-80.519705112966705,40.851336778579032],[-80.519869707682957,40.900323934229263],[-80.519890999551819,40.906661000239389],[-80.519222086143486,41.125093566857522],[-80.519197204606741,41.133218499861734],[-80.518893000017243,41.232555999861397],[-80.519165273091659,41.489109684171041],[-80.519176130130191,41.499340052164236],[-80.519356999624435,41.669767000141555],[-80.519396726719549,41.849562990562191],[-80.519425000294817,41.977523000145425],[-80.581881999967152,41.957609999945753],[-80.800794000249766,41.909634999824441],[-80.900341999625553,41.868912000011903],[-81.00226940622025,41.849172466243985],[-81.051919999845992,41.839556999858118],[-81.184367999696974,41.786671000313703],[-81.286925000439993,41.7602430003218],[-81.388631999989826,41.707143999689663],[-81.466037999950814,41.649148000271687],[-81.488682733429542,41.634463927999583],[-81.633651999682911,41.540457999832931],[-81.738755000214297,41.488549999727766],[-81.810758000253941,41.495648000236478],[-81.843919747345055,41.494550905355496],[-81.937861999734821,41.491442999779593],[-81.968480702494873,41.503861008227091],[-81.994564999856536,41.514440000133021],[-82.18159799966304,41.471633999878591],[-82.268478999846209,41.43084199970265],[-82.348019206479407,41.427263308623786],[-82.361783999949807,41.426644000182833],[-82.460599000104892,41.386316000016727],[-82.533208000041938,41.391156999768256],[-82.616951999709627,41.428425000174435],[-82.687921000229679,41.492323999697426],[-82.690567160375593,41.496705795234561],[-82.717878000358183,41.541929999818905],[-82.83410099965333,41.587586999785159],[-82.859531000094634,41.57637100001822],[-82.934368999627608,41.514352999739081],[-83.028072000114477,41.555656000161122],[-83.066593000070938,41.595340000114525],[-83.163821417330766,41.624130313244038],[-83.231660000189748,41.644218000041448],[-83.326824999818371,41.701562000207872],[-83.409530999768549,41.691246999830973],[-83.453832000113195,41.732646999908312],[-83.763038000380675,41.723550000061941],[-83.763149851413317,41.723546801916108],[-83.880390464957244,41.720194490320296],[-84.134416999740026,41.712930999872583],[-84.360419041437467,41.706955882328586],[-84.399548785644527,41.70592135744613],[-84.438066999925283,41.704902999744888],[-84.806081999886786,41.696088999909001],[-84.804958156262373,41.530137813161076],[-84.804253257242081,41.426049711513443],[-84.804132999774993,41.408292000048014],[-84.803702549548746,41.270931888892505],[-84.803644981912058,41.252561683259898],[-84.803233999974637,41.121414000309052],[-84.802859621690089,40.989374052273767],[-84.802670206522535,40.922568714260372],[-84.802119000264184,40.72816299985184],[-84.802119032603557,40.728145936709502],[-84.802413878544414,40.572212880322873],[-84.80254699988636,40.501810000160596],[-84.804119000429608,40.352844000001788],[-84.804120526667276,40.352762230240472],[-84.804917302679883,40.310095915279618],[-84.807343522006576,40.180174982649987],[-84.808706000391254,40.107216000296319],[-84.810161238812185,40.005067543897155],[-84.811417106037254,39.916913629684586],[-84.814128138021402,39.726616511820851],[-84.814129000404094,39.726556000294032],[-84.815705943478022,39.56772166410245],[-84.816160194567743,39.521968108671999],[-84.817452999619007,39.391752999660383],[-84.818877097940586,39.305166168953711],[-84.818877468944819,39.30514358372249],[-84.820159000139242,39.227225000292506]]],[[[-82.863342000279559,41.69369300021409],[-82.842098999766833,41.628323000133264],[-82.788876000292248,41.643047000044461],[-82.782719000335504,41.694003000150595],[-82.825720000123482,41.722809999848423],[-82.863342000279559,41.69369300021409]]]]},"properties":{"GEOID":"39","STUSAB":"OH","NAME":"Ohio"}},{"type":"Feature","geometry":{"type":"Polygon","coordinates":[[[-90.300696999841122,35.028792999988418],[-90.30929699965408,34.995694000295423],[-89.795186999759437,34.994292999974789],[-89.724322525409235,34.994186968792398],[-89.706607693209151,34.994160462815081],[-89.644051831244852,34.994066863192096],[-89.434954000001397,34.993753999959281],[-89.352679391711916,34.993996141459903],[-89.198287901259306,34.994450529787152],[-89.026540000116768,34.994955999727807],[-89.017127011496967,34.99496761299892],[-88.823050501210716,34.99520704574099],[-88.786612000000432,34.995251999645895],[-88.469877000147804,34.996033000168303],[-88.380492511150479,34.995792407864968],[-88.363530268630825,34.995746751477128],[-88.258111000033978,34.995463000157208],[-88.200063999872995,34.995633999767861],[-88.202958999640799,35.008027999839989],[-88.000031999714523,35.005938999752921],[-87.984916043937062,35.005910124615433],[-87.851885999562356,35.005655999714612],[-87.625024999570002,35.003731999828013],[-87.606097867537827,35.00351952617703],[-87.424908997949316,35.001485521243247],[-87.22405364152732,34.999230742248677],[-87.216682999655418,34.999148000218547],[-87.210758579813927,34.999049180920132],[-86.836286316215336,34.992803004280397],[-86.783647999616463,34.991925000310076],[-86.783628017491282,34.99192492230155],[-86.467798000218849,34.990692000168949],[-86.318760765303622,34.99107858070392],[-86.311274000011565,34.991097999871819],[-85.863946112099526,34.987030858656709],[-85.605165000232091,34.984678000277604],[-85.474338843049551,34.983673326942501],[-85.384966999636475,34.982986999977747],[-85.363919028761813,34.983376563131202],[-85.277555999866408,34.984975000041132],[-85.265055021914719,34.985077645086214],[-85.045183000172784,34.986882999992751],[-84.979854025451672,34.987205613884953],[-84.976973806563535,34.987219837275518],[-84.86131399974758,34.987791000114534],[-84.810477466453449,34.987877955255563],[-84.775837670919699,34.9879372063685],[-84.727433999993764,34.988020000210902],[-84.621482999715639,34.988329000219068],[-84.509052000338869,34.988033000287153],[-84.321868999846203,34.988407999786233],[-84.286598378573871,35.205758218717989],[-84.283219999843226,35.226576999752062],[-84.223718000213168,35.269078000117339],[-84.178516000418327,35.240678999883919],[-84.09750799961148,35.247382000278414],[-84.029104414168003,35.292123776463583],[-84.023510000327605,35.295783000110013],[-84.038081000324482,35.348363000014103],[-84.007586000070631,35.371661000355388],[-84.021782000148775,35.407418000137952],[-83.973170999851888,35.452582000163012],[-83.958917834582337,35.457899439905191],[-83.953231380256241,35.460020889386065],[-83.916800999816104,35.473612000151455],[-83.848501999831285,35.519258999959163],[-83.771736000102905,35.56211800024743],[-83.662911901881898,35.567799793500861],[-83.653158999741734,35.568308999859667],[-83.587827000393062,35.566963000332443],[-83.498335000124214,35.562981000056297],[-83.452431000172496,35.6029179996697],[-83.421576000068526,35.611186000108908],[-83.347262000417174,35.660474000280836],[-83.297153999920127,35.657749999923873],[-83.264744167874639,35.703089496231875],[-83.256141552167577,35.715124062596068],[-83.255350999683273,35.71623000024892],[-83.198266999795038,35.725493999769306],[-83.161536999766639,35.763363000003118],[-83.097192999906781,35.776067000210382],[-83.048529999731358,35.787705999694687],[-82.978413999879237,35.78261000001082],[-82.966649742868469,35.79544597969258],[-82.937436999647801,35.827320000035392],[-82.899718000305654,35.874601999659617],[-82.910607999813919,35.926929999710154],[-82.893751418036302,35.933857269775707],[-82.860723999622863,35.947429999748643],[-82.81613000027356,35.923986000139713],[-82.787465000305801,35.95216300032056],[-82.779396999872105,35.992510999877581],[-82.725064999636558,36.018204000272583],[-82.628365000172934,36.06210499975257],[-82.605703611030549,36.037198863204317],[-82.595524999972184,36.026012000160016],[-82.610885000164558,35.97444200008011],[-82.557874000402094,35.95390099992764],[-82.5080076592929,35.982013205331796],[-82.464558000427829,36.006508000275552],[-82.416937594852641,36.072970010421194],[-82.409457999913172,36.083409000108091],[-82.346857000300801,36.115209000006914],[-82.297655000175126,36.133510000209469],[-82.2656900003836,36.127614000232008],[-82.22025301029359,36.153820039904708],[-82.211251000017938,36.159012000198913],[-82.140847000285717,36.136216000154882],[-82.127145999776914,36.104416999822504],[-82.08114891729376,36.105692114126548],[-82.080143000008263,36.105719999928375],[-82.028739999875739,36.124321999756368],[-81.960101000132298,36.228131000309396],[-81.934369244807272,36.264716204022676],[-81.918444472897448,36.287357917150025],[-81.908137000308216,36.302013000105653],[-81.833201999792507,36.347338999875987],[-81.768976999758365,36.341041999833827],[-81.70596600006715,36.338495999643854],[-81.725372802816651,36.389738558911773],[-81.734312000192702,36.413341999971713],[-81.695310999837218,36.467912000271028],[-81.699962000271285,36.536828999821786],[-81.677534999552819,36.588116999977693],[-81.646899999556894,36.611918000269497],[-81.826734147713168,36.614719104163669],[-81.922643999832658,36.616213000257474],[-81.934144000334612,36.594212999936062],[-82.145573270557449,36.594560331171436],[-82.173982000039274,36.594607000049272],[-82.243385005253771,36.594876187766943],[-82.294136420479802,36.595073033120677],[-82.487237999967974,36.595822000110807],[-82.609181949794404,36.595089686302543],[-82.830432999583522,36.593760999916825],[-82.984458495728134,36.595289969201943],[-83.276299999569815,36.59818700023466],[-83.472093573944633,36.59947573232008],[-83.67541300020784,36.600813999918294],[-83.690713999950674,36.582580999897701],[-83.894420999851619,36.586480999948257],[-83.930760784297036,36.587694258343852],[-83.987610950920171,36.589592285843374],[-83.987842000306188,36.589599999937846],[-84.227193962034804,36.59217951236883],[-84.227331999856304,36.592181000320615],[-84.261321201325316,36.592741697155937],[-84.499937999791712,36.596677999641102],[-84.778455864714189,36.603210512144422],[-84.785341000412686,36.603371999810456],[-84.785399978404342,36.603375420232801],[-84.943947999727726,36.61256899987599],[-84.974868435811942,36.614583359280104],[-85.096127999647592,36.622482999946421],[-85.276287947892811,36.626157540784831],[-85.290627000188366,36.626449999792754],[-85.295812485640084,36.626149559273003],[-85.436404273192039,36.618003845353535],[-85.488352999859671,36.614994000142097],[-85.731862000007183,36.620428999860899],[-85.788556543388808,36.621711859248236],[-85.873857000050393,36.623642000003649],[-85.975713173836297,36.628637718596465],[-86.081944000223743,36.633847999707761],[-86.205565269975665,36.639246870535253],[-86.411496199381119,36.648240422860553],[-86.507771000169612,36.652445000208239],[-86.551291999641293,36.637985000149477],[-86.562067651698726,36.640746673980793],[-86.606393999805746,36.652106999656908],[-86.763290964349324,36.648720674647279],[-86.813037000380731,36.647647000113075],[-87.060826344397981,36.644770884991594],[-87.115003556825229,36.644142044973854],[-87.335979050197551,36.641577160417022],[-87.347795999687932,36.641440000336651],[-87.641149999668457,36.638036000152987],[-87.694185907917102,36.636838243700453],[-87.853203999662384,36.633247000005525],[-87.84956699955471,36.663701000221963],[-88.011791999609173,36.677025000206676],[-88.070531999706205,36.678117999664259],[-88.055738000126567,36.630475000093291],[-88.033801999677792,36.551733000076958],[-88.050465999726484,36.500053000114299],[-88.053350800920882,36.499996250409133],[-88.12737799994305,36.498539999809516],[-88.489076738529391,36.501283719326814],[-88.511919999685901,36.501456999765047],[-88.516358059871749,36.501464198412663],[-88.816764157327782,36.501951431714147],[-88.827178036260747,36.501968322323123],[-88.834589023268677,36.501980342374608],[-88.96447099988363,36.50219099986451],[-89.211408999726359,36.505630000353172],[-89.345194319744166,36.501343208474601],[-89.417293000243035,36.499033000356626],[-89.539232000352271,36.497933999948692],[-89.521020999874679,36.461934000275427],[-89.542337000182371,36.420103000028298],[-89.510379999888443,36.378355999696041],[-89.52269499962685,36.34478900020693],[-89.545031334282015,36.344271398592433],[-89.600544000176939,36.34298500023359],[-89.611818999649685,36.30908800006425],[-89.554288999697619,36.277750999842198],[-89.602373999564733,36.238106000244684],[-89.678046000397373,36.248284000187411],[-89.692629999914715,36.22495900017676],[-89.627641441770535,36.185460316465118],[-89.623803999675204,36.183127999670774],[-89.592101999649415,36.135637000077281],[-89.643020000258375,36.103619999778154],[-89.680028999946032,36.082494000063733],[-89.692436999570873,36.020506999818643],[-89.733094999960088,36.000607999788215],[-89.686924000044669,35.947716000252946],[-89.652278999672191,35.92146199968392],[-89.649118618704804,35.904715576162182],[-89.647269999936142,35.894920000248362],[-89.722633999898903,35.873717999948795],[-89.729517000301982,35.847632000314029],[-89.72342599956913,35.809382000082273],[-89.797053000030559,35.782647999966791],[-89.863874000081779,35.747591999782451],[-89.915490999576235,35.754916999983941],[-89.956589000181509,35.695486000361932],[-89.898916000114312,35.650903999875759],[-89.8765479998454,35.626652999998022],[-89.932500000304742,35.607865000268674],[-89.944753999943799,35.560307999989291],[-89.95849800011031,35.541703000281217],[-90.037614999633391,35.550328999818248],[-90.045805000265844,35.496533000007005],[-90.022063999645312,35.457375000118724],[-90.045305999600231,35.415435000151646],[-90.070549000443805,35.423291000148829],[-90.112504000118321,35.410152999911183],[-90.087903000055505,35.363270000013564],[-90.121863999814479,35.304535000332059],[-90.166593999606221,35.274587999636417],[-90.097947000365153,35.249982999841983],[-90.093285000060433,35.203281999781936],[-90.099776999752947,35.164473999978391],[-90.090610000400645,35.118287000325878],[-90.160058000431093,35.128829999909051],[-90.181387000259249,35.091401000045089],[-90.197145999761489,35.050730999828367],[-90.26529599978339,35.040293000237156],[-90.300696999841122,35.028792999988418]]]},"properties":{"GEOID":"47","STUSAB":"TN","NAME":"Tennessee"}},{"type":"Feature","geometry":{"type":"MultiPolygon","coordinates":[[[[-73.508142000003161,42.086257000286274],[-73.48967994196326,42.053797709847522],[-73.487313999592118,42.049637999694696],[-73.231056000236237,42.044944999833106],[-73.127229170651987,42.042123148165402],[-73.053397149489925,42.040116508706056],[-72.999548999832712,42.038653000191609],[-72.863691976123491,42.037085010929189],[-72.847142000132123,42.036893999724242],[-72.810078000192874,41.998316000303717],[-72.774759316357887,42.002129104406691],[-72.766739000296084,42.002995000112165],[-72.735495999854592,42.036399000000245],[-72.607932999891091,42.03079500008792],[-72.528130999929573,42.034295000154771],[-72.317148000163485,42.031906999824159],[-72.205355762242533,42.030203112621152],[-72.135731461549383,42.029141929931967],[-71.987326000095365,42.026879999927246],[-71.846006183701178,42.024373464895156],[-71.800649999765909,42.02356899975117],[-71.799242000152532,42.008064999965484],[-71.60669441888659,42.013105058863133],[-71.591096527738998,42.013513343803439],[-71.559438999709656,42.014342000283136],[-71.498224013444073,42.015874111231689],[-71.381400999726296,42.018797999780098],[-71.381431346613226,41.985084118900978],[-71.381461000000755,41.952140999951482],[-71.381700000375346,41.893198999709831],[-71.339297999913768,41.893399000175158],[-71.339596999664508,41.831999999830934],[-71.329395999894317,41.782599999687946],[-71.317402007732795,41.777256108891137],[-71.261392000360587,41.752301000285428],[-71.208600532683889,41.690309243303261],[-71.195639999989041,41.675090000227677],[-71.132887999865616,41.660102000031891],[-71.13598514303024,41.621393767931856],[-71.137492000444013,41.602561000301826],[-71.120569999754139,41.497448000016703],[-71.085663000339139,41.509292000247946],[-71.035513999834208,41.499046999746817],[-70.981708000028448,41.510070000127556],[-70.941785000306396,41.540120999795427],[-70.910165000296345,41.577073000182693],[-70.853120999692791,41.587321000260204],[-70.821909999936679,41.582841000019066],[-70.803962612774171,41.601515540710324],[-70.76546299990801,41.641575000077232],[-70.715979845064709,41.614013268894126],[-70.695392000261705,41.602545999857391],[-70.698196999617835,41.559002000100541],[-70.726088944486392,41.5432369317246],[-70.806861000088929,41.497583000170295],[-70.934985999568909,41.454698999699254],[-70.948430999984694,41.409193000018661],[-70.857527999729385,41.425766999724381],[-70.790269999835161,41.446339000222132],[-70.734305999680245,41.486335000029875],[-70.669058366509802,41.512929662339182],[-70.654103999685645,41.519025000255411],[-70.55968899989449,41.548330000001329],[-70.476255999673086,41.55850200004101],[-70.445289000314446,41.591814999926719],[-70.400581000264012,41.606381999894076],[-70.321587999691189,41.630508000161406],[-70.269686999616283,41.617775000191827],[-70.158621000195211,41.650437999822323],[-70.055522999852101,41.664842999813928],[-70.007011000187731,41.671578999850418],[-70.011961000372551,41.61979700009725],[-70.011229000078444,41.543930999917464],[-69.964981999995061,41.551109999967878],[-69.931129000191106,41.622658999981432],[-69.928261000187462,41.691700000093199],[-69.935952000154302,41.809421999950423],[-69.974781000082331,41.925105000011072],[-69.994135999684346,41.999258000024653],[-70.049381999788878,42.064688999676918],[-70.138941999829783,42.092907000330676],[-70.189304999696631,42.082336999851186],[-70.245385000202504,42.063732999701514],[-70.190833999683846,42.020027999966089],[-70.150760000349052,42.026568999727971],[-70.0837750002663,42.012040999737366],[-70.074006000316231,41.938650000242959],[-70.069010000100661,41.884923999768525],[-70.006110999664145,41.852395999941002],[-70.003841999885211,41.808519999734216],[-70.024733999870364,41.787363999888569],[-70.121978000205431,41.758840999849525],[-70.216073000329473,41.742981000120473],[-70.272289000379459,41.721345999999542],[-70.323818999835268,41.736057999678174],[-70.441718000329033,41.752898000330077],[-70.49404799985102,41.773883000002868],[-70.536407253979803,41.811634145909153],[-70.541029999703241,41.815753999741752],[-70.525566999578714,41.858730000317848],[-70.546385999768916,41.916751000074669],[-70.583571999906923,41.950006999790013],[-70.608166000297061,41.940700999941981],[-70.662475999892962,41.960591999702039],[-70.678797999634909,42.005510000231219],[-70.644337000283741,42.045894999938255],[-70.638479999902628,42.081579000326215],[-70.685315000340083,42.133024999950642],[-70.730559999792646,42.210939999964744],[-70.781574545938426,42.248636946307158],[-70.788724000129505,42.253920000045923],[-70.83585177499279,42.264763264653794],[-70.851092999938302,42.268269999922367],[-70.881241999687433,42.300662999936748],[-70.917489999666984,42.30568600028132],[-70.948497043226055,42.282354694068836],[-70.967351000291828,42.268168000247933],[-70.993059640167971,42.312892280246331],[-70.99783800014977,42.321204999749362],[-70.983093585777198,42.343467194645427],[-70.975892941987979,42.354339253856331],[-70.974896999595401,42.355843000162977],[-70.982545601775769,42.420221799849543],[-70.982994000341421,42.423995999989273],[-70.95521106154105,42.425469090572633],[-70.913192000308655,42.427696999823787],[-70.886493000171114,42.47019699973815],[-70.835991000387097,42.490496000226834],[-70.848491999898329,42.550194999686966],[-70.804090999994571,42.561595000098336],[-70.698574000084719,42.577392999789126],[-70.654727000199799,42.582234000002934],[-70.594013999701545,42.635030000222137],[-70.602505999559455,42.677702000147484],[-70.645101000364875,42.68942300016424],[-70.681593999668522,42.662342000067234],[-70.729820000000913,42.669602000157532],[-70.772266999770039,42.711064000186255],[-70.805219999948719,42.781797999725121],[-70.817296000210831,42.872289999796536],[-70.864750000066181,42.870258000220531],[-70.930798999640331,42.88458899978113],[-70.966500000172047,42.868988999848909],[-71.031201000407265,42.859088999678548],[-71.048716413800776,42.831064337824536],[-71.064201000441585,42.806289000079381],[-71.11637501200606,42.811902914486751],[-71.149703000425362,42.815489000180477],[-71.186103999667495,42.790689000149897],[-71.181802999936096,42.737590000299178],[-71.245384032777366,42.736555328403469],[-71.255110122002947,42.736397052989567],[-71.255605000299695,42.736389000155846],[-71.294204999898881,42.69698999974775],[-71.351873999768088,42.698154000294139],[-71.636213999658864,42.70488799973257],[-71.745817000113263,42.707287000286151],[-71.898768772338144,42.71146672049894],[-71.929030058802823,42.712293672378671],[-72.111057307181383,42.717267940460054],[-72.124525999764458,42.717635999698537],[-72.283034092770095,42.722010250636309],[-72.458518999867607,42.726853000056487],[-72.809113000270244,42.736580999748782],[-72.864291854900543,42.737713885402016],[-72.930106616967734,42.739065137745094],[-73.023017893567157,42.740972712484449],[-73.264956999720766,42.745940000083664],[-73.352526999642009,42.510002000128544],[-73.508142000003161,42.086257000286274]]],[[[-70.275525999555725,41.310464000033967],[-70.211478999796796,41.248764999865209],[-70.096967000063756,41.240850000303986],[-70.015225000211316,41.237963999723632],[-69.960180999773158,41.264545999922532],[-69.984868999874621,41.358817999951],[-70.04905299990088,41.391702000295744],[-70.079133000053062,41.319503999770532],[-70.193711999733225,41.313787000014344],[-70.275525999555725,41.310464000033967]]],[[[-70.833802000075792,41.353385999781231],[-70.833397000019843,41.316777999932427],[-70.821283999947781,41.251013999693434],[-70.768686999563784,41.303702000304042],[-70.693634999770552,41.342832999851012],[-70.577454000308222,41.349163000050325],[-70.448261999900069,41.35365099999494],[-70.463832999979644,41.419144999834884],[-70.496196999979347,41.424908000243555],[-70.553276999669592,41.452955000029696],[-70.603555000045944,41.482383999867785],[-70.68688100013722,41.441333999778458],[-70.757797000055518,41.36570199987537],[-70.833802000075792,41.353385999781231]]]]},"properties":{"GEOID":"25","STUSAB":"MA","NAME":"Massachusetts"}},{"type":"Feature","geometry":{"type":"MultiPolygon","coordinates":[[[[-79.761951000017618,42.269859999942469],[-79.762121999721856,42.131245999918853],[-79.761313000333175,41.998807999979796],[-79.610835775000652,41.998519903829902],[-79.472471999796156,41.998255000023192],[-79.061258187427867,41.998838119001938],[-78.983065000071605,41.998948999686405],[-78.918898363581476,41.999103100491801],[-78.596650000384969,41.9998770002396],[-78.308144340045217,41.99907117777208],[-78.271204000391336,41.998967999944952],[-78.20637909822392,41.999088722652495],[-78.031176999642454,41.999415000068872],[-77.832029999938982,41.998524000185839],[-77.749932224114872,41.998755436524135],[-77.610020114483305,41.999149854316109],[-77.007635000051451,42.000848000109414],[-76.965791509151472,42.000783491504798],[-76.926925320767296,42.000723573719128],[-76.55811800043702,42.00015499982409],[-76.557698722557944,42.000149665218238],[-76.462155000392059,41.99893400028644],[-76.145518994883744,41.998866463554926],[-76.105840000050748,41.998857999845235],[-75.87067700017127,41.998828000331223],[-75.48314021669718,41.999398177605023],[-75.477143999904925,41.999406999735832],[-75.359931076929641,41.993689359656273],[-75.341125000068516,41.992772000078482],[-75.291762000284365,41.947092000261051],[-75.263005000255106,41.885108999943149],[-75.190202999974218,41.862453999999239],[-75.14529317542889,41.849737518476196],[-75.113368999575457,41.840697999889173],[-75.074411999600912,41.802191000058173],[-75.053430999927301,41.752537999691405],[-75.049280999808659,41.641861999819255],[-75.046198606082669,41.603764019756589],[-75.043878999712206,41.575093999683496],[-74.98246300013048,41.496466999778661],[-74.890358000126099,41.45532400018476],[-74.799546000107412,41.431289999685852],[-74.75627183431962,41.427627428596075],[-74.734892999552784,41.425818000328889],[-74.69491399975422,41.357423000140351],[-74.45758400020307,41.248225000261002],[-74.367038261732901,41.20421147243831],[-74.301993999956267,41.172593999690349],[-74.23449244073737,41.14289155419273],[-74.234473000296305,41.142882999909702],[-74.211617643324487,41.132981363702015],[-74.04105400020417,41.059088000310211],[-73.893979000279813,40.997197000147928],[-73.907279999857238,40.951498000075695],[-73.920484394609005,40.91857425524487],[-73.934892228210927,40.882649861675077],[-73.938081000432845,40.874699000285638],[-73.945015639591716,40.862217296939455],[-73.953215054568332,40.847459113432812],[-73.964968782425657,40.826303501342998],[-73.965407001282514,40.825514747944482],[-73.968082000043978,40.820700000194982],[-73.971211178928257,40.816311193942006],[-73.984585775680287,40.797552752692347],[-74.013784000329338,40.756601000280313],[-74.019509026517099,40.745308547183363],[-74.029474536528824,40.725651862753644],[-74.047040023812912,40.691004437787875],[-74.047313000268176,40.690465999945467],[-74.067720330411447,40.670380594370457],[-74.071090599151688,40.667063491396384],[-74.08680599981993,40.651596000196044],[-74.160146783557096,40.646076516672295],[-74.170610999586984,40.645289000268818],[-74.200186063006157,40.631840180194736],[-74.20224700038888,40.630902999897344],[-74.203668602292296,40.593205385493398],[-74.203687999614232,40.592691000332216],[-74.21683900030213,40.558617999957256],[-74.249210999799445,40.545063999894253],[-74.260610999843962,40.502435999787309],[-74.199923000358368,40.51172899994824],[-74.112585000240699,40.54760300020169],[-74.057315999671644,40.597546000340934],[-74.037970524008273,40.589570866076116],[-74.036557654627728,40.588988413984765],[-73.991345999740204,40.570350000115347],[-73.973791770143265,40.560854702721386],[-73.940591000236182,40.542896000322976],[-73.825494001420481,40.576149578714798],[-73.774928000265717,40.590759000303976],[-73.750621721277923,40.589319767173407],[-73.640902000023715,40.582823000340596],[-73.507325000218586,40.593411000249873],[-73.4848683946216,40.598754853529087],[-73.42411512085252,40.613211918961255],[-73.351464999635013,40.630500000123995],[-73.306395999909569,40.620755999806939],[-73.208440000270201,40.630884000214735],[-73.01254499981161,40.679651000329947],[-72.923214000099549,40.71328199978003],[-72.80781578538928,40.748789410187086],[-72.757176000210336,40.764370999862059],[-72.395849999584854,40.866659999902026],[-72.298726999623611,40.903150999802001],[-72.097368999867513,40.958880000199471],[-71.936976999573915,41.006137000049065],[-71.856213999887757,41.070598000174883],[-71.919385000310839,41.080517000105388],[-71.959595000088072,41.071236999857163],[-72.05192799969808,41.020505999777114],[-72.095711000008876,41.054020000061001],[-72.084207000207272,41.101524000019566],[-72.126704000205095,41.115138999864648],[-72.162897999758002,41.053186999851278],[-72.217476000040833,41.040610999789436],[-72.283092999794846,41.067873999989743],[-72.254704000011614,41.110852000265815],[-72.182033000150298,41.178344999781466],[-72.18916300042558,41.193549000229176],[-72.291109000350019,41.15587400009607],[-72.354123000414262,41.139952000083646],[-72.389808999979053,41.108304000046665],[-72.445241999681301,41.086115999743548],[-72.504304999818544,41.043329000250523],[-72.585326999970789,40.997586999910929],[-72.708068999620906,40.97785099985915],[-72.859830999964359,40.96608799966927],[-73.040444999873301,40.964498000015169],[-73.110368000279891,40.971938000228647],[-73.14467299999545,40.955841999740997],[-73.14899399981833,40.928898000301736],[-73.229285000399685,40.905121000165686],[-73.331360000195573,40.929596999879131],[-73.392861999991027,40.955297000062835],[-73.429631355212052,40.938172328814588],[-73.436663999670088,40.934897000092384],[-73.48536500037865,40.946397000117727],[-73.497351038856664,40.92318227311236],[-73.499941000398394,40.918166000205858],[-73.617571000380323,40.89789800013812],[-73.65437199965551,40.878199000309969],[-73.713674000167359,40.870098999772324],[-73.741197245002255,40.875854592774807],[-73.766275999675912,40.881098999961523],[-73.756776000237679,40.912599000199087],[-73.697974000216362,40.939598000061054],[-73.657335999918644,40.985170999846297],[-73.659362000023307,41.004033999753752],[-73.659532999727531,41.017857000182069],[-73.706028520530921,41.074297937015203],[-73.727774999810947,41.100696000294207],[-73.482709000087127,41.212759999856956],[-73.55096100021629,41.295422000229038],[-73.544135290768779,41.366485086390966],[-73.543147346077177,41.376770668291407],[-73.536969000352656,41.441094000270432],[-73.529677713856316,41.527161021313461],[-73.521834078444599,41.619748031153634],[-73.520017000423849,41.64119699974372],[-73.517918791041694,41.666720530600472],[-73.505007999860752,41.823773000313437],[-73.487313999592118,42.049637999694696],[-73.48967994196326,42.053797709847522],[-73.508142000003161,42.086257000286274],[-73.352526999642009,42.510002000128544],[-73.264956999720766,42.745940000083664],[-73.290943999655681,42.80192000022538],[-73.278673000298198,42.833409999813064],[-73.278491823580126,42.837535789939629],[-73.273832806580458,42.943631747481234],[-73.269779999683976,43.035922999680643],[-73.255364940932225,43.314536455573965],[-73.252831999953145,43.363492999793507],[-73.242042000003991,43.534925000308412],[-73.292112999792792,43.58450899984814],[-73.327702000171499,43.625912999829438],[-73.395766999804607,43.568086999873778],[-73.42497699957039,43.598775000015614],[-73.414545999646421,43.658208999851588],[-73.393723000156569,43.699200000045337],[-73.361107152077082,43.753233457027747],[-73.350707000299977,43.770463000013109],[-73.382526149621967,43.808158988743621],[-73.390301999958979,43.817370999852095],[-73.374051000362158,43.875562999868066],[-73.407741999784392,43.929886999714377],[-73.411248000370804,43.975596000165481],[-73.405976999795612,44.011485000132375],[-73.436879999580157,44.04257800022561],[-73.416319000031123,44.099422000277251],[-73.395398999558566,44.166902999983982],[-73.349888999792142,44.230355999805077],[-73.316617999596161,44.257768999855962],[-73.317455975042648,44.263522190186627],[-73.324229000095372,44.310022999939989],[-73.334636999554803,44.35687699991778],[-73.320954000385967,44.382668999900332],[-73.293613000366008,44.440558999801844],[-73.312870999883643,44.507246000044709],[-73.34798323200171,44.546162853700672],[-73.363660153334749,44.563538463131593],[-73.367275000089194,44.56754499969658],[-73.389966000398317,44.619620000140074],[-73.36556000032914,44.70029699974581],[-73.357670999995577,44.751018000296469],[-73.334429999865577,44.802187999700536],[-73.365678000329922,44.826451000242699],[-73.379821999631218,44.857036999845455],[-73.338979000192367,44.917680999915603],[-73.344740000314033,44.97046800025543],[-73.343124000288157,45.010839999998915],[-73.639717999817989,45.003464000110561],[-73.874597000015314,45.001223000211972],[-74.027431211515562,44.997365364565141],[-74.234136000012427,44.992148000098787],[-74.436934000067268,44.996177000237331],[-74.611047999887774,44.999202999832178],[-74.644739320008583,44.997027560718919],[-74.725813431430439,44.99179262625232],[-74.744639999761517,44.990577000234389],[-74.834669000330805,45.014683000028874],[-74.907956000135286,44.98335900026791],[-74.992755999962171,44.977449000234856],[-75.00515500026448,44.95840200001966],[-75.066245000331307,44.930174000169373],[-75.142958000356245,44.900236999783189],[-75.25551699977953,44.857651000101825],[-75.333743999723069,44.806378000271721],[-75.423943000171676,44.756329000231737],[-75.567412999775414,44.658708999944423],[-75.766229999765997,44.515850999880008],[-75.807777999734768,44.471644000152658],[-75.834126000243003,44.422433000201032],[-75.861341562211635,44.405147319015114],[-75.94954000014944,44.349128999972933],[-76.00099799963526,44.347534000040262],[-76.097350999667569,44.299546999756252],[-76.161832999619662,44.280776999970207],[-76.164264999605209,44.239602999919697],[-76.206776999671646,44.21454299977195],[-76.286546999846109,44.20377299994891],[-76.334584000032621,44.164945000198387],[-76.355679000407378,44.133258000076694],[-76.370705999615495,44.100498999904261],[-76.361836000364121,44.07272099986114],[-76.375560000439165,44.031535999718649],[-76.307674000007893,44.025277000024488],[-76.27931399963866,43.972461999944933],[-76.412138000131606,43.92567599987423],[-76.441848000387907,43.882863999790949],[-76.361037000122863,43.872584999999077],[-76.296757999662034,43.857079000057361],[-76.229267999964208,43.804134999921231],[-76.213204999790051,43.753512999739662],[-76.201482547677656,43.680285960021415],[-76.196595999992937,43.649761000288649],[-76.203472999649918,43.574977999756932],[-76.23583400017489,43.52925600024134],[-76.319700999866242,43.512275000306296],[-76.368848999565216,43.525821999858572],[-76.417581000235927,43.521285000152815],[-76.515881999656784,43.47113599992089],[-76.617213732488239,43.420175554555172],[-76.630774000229721,43.413355999676313],[-76.684856000220009,43.352690999700947],[-76.722002566113659,43.337580195900017],[-76.769025000035143,43.318451999801702],[-76.841674999980057,43.305398999919994],[-76.95217399986177,43.270692000035659],[-76.999691000364635,43.271455999884047],[-77.130428999580118,43.285634999872663],[-77.264176999987782,43.277363000089046],[-77.34109199967908,43.280661000203501],[-77.376051996102603,43.274033763727445],[-77.500919999908092,43.250363000068226],[-77.551021999659042,43.235762999707042],[-77.660358999974648,43.282998000094949],[-77.760231000113862,43.341160999875243],[-77.816533000377575,43.343559999887432],[-77.994838000324606,43.365258999699321],[-77.995589794995993,43.365310255661626],[-78.145194999631087,43.375510000255893],[-78.329373999677657,43.373148999948427],[-78.465551187445712,43.37089542208421],[-78.547394999657527,43.369541000140671],[-78.834061000126951,43.317554999730561],[-79.070469000311505,43.262453999906327],[-79.05286799992929,43.222053999913065],[-79.044566999867087,43.153255000034036],[-79.055278483467163,43.133764881012794],[-79.060205999718718,43.124798999678028],[-79.074467000094188,43.077854999749754],[-79.019577884482388,43.066296468154128],[-79.018246000021321,43.066015999713848],[-79.005450000058971,43.057230999812639],[-79.019964000154431,42.994755999783138],[-78.961761000357811,42.957755999788972],[-78.927957000059365,42.95292200030044],[-78.909158999950947,42.933256999977573],[-78.912457999949794,42.886557000223249],[-78.882556999897787,42.867258000149342],[-78.865656000022625,42.826758000134681],[-78.856884992420618,42.805291999912441],[-78.851355000362517,42.791757999755404],[-78.904843000150947,42.746121000044809],[-78.972378000054618,42.715991000210245],[-79.048860000100873,42.689157999777024],[-79.063759999985706,42.644758000212164],[-79.111361000154133,42.613357999683124],[-79.135944404017181,42.569178709669472],[-79.138569000104695,42.564461999769001],[-79.193231999878037,42.545880999745819],[-79.283364000379478,42.511227999966962],[-79.381942999634674,42.466491000093775],[-79.453533000120757,42.411157000303866],[-79.62748399973465,42.324685999670464],[-79.761951000017618,42.269859999942469]]],[[[-72.01892600001392,41.274113999805238],[-72.034754000011446,41.234817999767472],[-71.917281000388343,41.25133299986431],[-71.926801999742978,41.290121999725727],[-72.01892600001392,41.274113999805238]]]]},"properties":{"GEOID":"36","STUSAB":"NY","NAME":"New York"}},{"type":"Feature","geometry":{"type":"Polygon","coordinates":[[[-73.727774999810947,41.100696000294207],[-73.706028520530921,41.074297937015203],[-73.659532999727531,41.017857000182069],[-73.659362000023307,41.004033999753752],[-73.657335999918644,40.985170999846297],[-73.59569900040394,41.015994999733053],[-73.561967999900403,41.016797000031595],[-73.516903000372935,41.038738000023933],[-73.468239000372606,41.051346999723563],[-73.422164999643257,41.04756200007801],[-73.387227000266094,41.058247000214131],[-73.354231000429735,41.085639000152483],[-73.372296000419126,41.104020000205985],[-73.330659999688507,41.109995999746459],[-73.297214389459171,41.113668543709814],[-73.296601366532883,41.113735857866757],[-73.269817579805576,41.116676889878867],[-73.262358000228957,41.11749599989151],[-73.20265599968404,41.158096000086999],[-73.172835364713976,41.153442279150951],[-73.130252999611329,41.146796999908972],[-73.108352000220961,41.15371800004889],[-73.101173821500353,41.16372627126092],[-73.079450000426718,41.194014999768228],[-73.020449000213787,41.206397000303696],[-72.986247000430382,41.233496999908667],[-72.970505415668228,41.241274308785449],[-72.935646000013833,41.258497000177186],[-72.903933760092116,41.24919413467596],[-72.881445000197857,41.242597000218602],[-72.78614199957866,41.264795999856531],[-72.760341000314895,41.241234999926299],[-72.690438999824693,41.246696999813551],[-72.65435401981469,41.265626308239867],[-72.653837999667715,41.265896999682084],[-72.59803599989452,41.268697999738279],[-72.547235000359748,41.250498999786721],[-72.534564897487826,41.253824274472912],[-72.472539000218646,41.270102999689854],[-72.405929999879518,41.278398000321857],[-72.386628999805893,41.261797999744935],[-72.348642999601722,41.277445999976742],[-72.293044000218103,41.280044000212875],[-72.248353660147842,41.295871683317884],[-72.235530999984491,41.300412999715405],[-72.201422000087504,41.315696999974413],[-72.134221000094669,41.299398000124441],[-72.094443000137574,41.314163999910065],[-72.021897999774623,41.316838000159514],[-71.956747000175938,41.329870999895611],[-71.886302000435833,41.336410000098446],[-71.860512999969316,41.320248000219365],[-71.835951000264529,41.353934999942382],[-71.839648999573271,41.412118999670035],[-71.797683000028087,41.416709000073908],[-71.793568316276506,41.505753096363691],[-71.789358672514581,41.596852160076018],[-71.789356000026615,41.596909999930553],[-71.789678000241878,41.724733999706842],[-71.789695432049967,41.725198244919483],[-71.792767000178458,41.807001000220268],[-71.799242000152532,42.008064999965484],[-71.800649999765909,42.02356899975117],[-71.846006183701178,42.024373464895156],[-71.987326000095365,42.026879999927246],[-72.135731461549383,42.029141929931967],[-72.205355762242533,42.030203112621152],[-72.317148000163485,42.031906999824159],[-72.528130999929573,42.034295000154771],[-72.607932999891091,42.03079500008792],[-72.735495999854592,42.036399000000245],[-72.766739000296084,42.002995000112165],[-72.774759316357887,42.002129104406691],[-72.810078000192874,41.998316000303717],[-72.847142000132123,42.036893999724242],[-72.863691976123491,42.037085010929189],[-72.999548999832712,42.038653000191609],[-73.053397149489925,42.040116508706056],[-73.127229170651987,42.042123148165402],[-73.231056000236237,42.044944999833106],[-73.487313999592118,42.049637999694696],[-73.505007999860752,41.823773000313437],[-73.517918791041694,41.666720530600472],[-73.520017000423849,41.64119699974372],[-73.521834078444599,41.619748031153634],[-73.529677713856316,41.527161021313461],[-73.536969000352656,41.441094000270432],[-73.543147346077177,41.376770668291407],[-73.544135290768779,41.366485086390966],[-73.55096100021629,41.295422000229038],[-73.482709000087127,41.212759999856956],[-73.727774999810947,41.100696000294207]]]},"properties":{"GEOID":"09","STUSAB":"CT","NAME":"Connecticut"}},{"type":"Feature","geometry":{"type":"MultiPolygon","coordinates":[[[[-71.860512999969316,41.320248000219365],[-71.862771999702503,41.309791000004495],[-71.785956999570331,41.325739000013648],[-71.701631000294654,41.336968000127378],[-71.624504999817859,41.360870000234563],[-71.555380999652513,41.373315999830176],[-71.483294999772198,41.3717220000525],[-71.455371000319374,41.407961999702955],[-71.428652000090366,41.454157999713246],[-71.417212786787047,41.456031313584184],[-71.389284000212086,41.46060500010551],[-71.351096000341556,41.450802000195424],[-71.312694000210769,41.451402000114989],[-71.285639000421099,41.487804999941538],[-71.245991999985236,41.481301999684398],[-71.193019999682519,41.457930999860274],[-71.140224000005219,41.485855000018091],[-71.120569999754139,41.497448000016703],[-71.137492000444013,41.602561000301826],[-71.13598514303024,41.621393767931856],[-71.132887999865616,41.660102000031891],[-71.195639999989041,41.675090000227677],[-71.208600532683889,41.690309243303261],[-71.261392000360587,41.752301000285428],[-71.317402007732795,41.777256108891137],[-71.329395999894317,41.782599999687946],[-71.339596999664508,41.831999999830934],[-71.339297999913768,41.893399000175158],[-71.381700000375346,41.893198999709831],[-71.381461000000755,41.952140999951482],[-71.381431346613226,41.985084118900978],[-71.381400999726296,42.018797999780098],[-71.498224013444073,42.015874111231689],[-71.559438999709656,42.014342000283136],[-71.591096527738998,42.013513343803439],[-71.60669441888659,42.013105058863133],[-71.799242000152532,42.008064999965484],[-71.792767000178458,41.807001000220268],[-71.789695432049967,41.725198244919483],[-71.789678000241878,41.724733999706842],[-71.789356000026615,41.596909999930553],[-71.789358672514581,41.596852160076018],[-71.793568316276506,41.505753096363691],[-71.797683000028087,41.416709000073908],[-71.839648999573271,41.412118999670035],[-71.835951000264529,41.353934999942382],[-71.860512999969316,41.320248000219365]]],[[[-71.631471999886514,41.166677999839642],[-71.593699999942601,41.146338999740472],[-71.519209999665833,41.149623999847051],[-71.534083999611397,41.181862000008266],[-71.545410000036085,41.242729999957774],[-71.593341999742321,41.237427999777339],[-71.631471999886514,41.166677999839642]]]]},"properties":{"GEOID":"44","STUSAB":"RI","NAME":"Rhode Island"}},{"type":"Feature","geometry":{"type":"Polygon","coordinates":[[[-72.556112000182125,42.866252000293649],[-72.539599999571081,42.804832000267268],[-72.477614999901846,42.761245000262917],[-72.458518999867607,42.726853000056487],[-72.283034092770095,42.722010250636309],[-72.124525999764458,42.717635999698537],[-72.111057307181383,42.717267940460054],[-71.929030058802823,42.712293672378671],[-71.898768772338144,42.71146672049894],[-71.745817000113263,42.707287000286151],[-71.636213999658864,42.70488799973257],[-71.351873999768088,42.698154000294139],[-71.294204999898881,42.69698999974775],[-71.255605000299695,42.736389000155846],[-71.255110122002947,42.736397052989567],[-71.245384032777366,42.736555328403469],[-71.181802999936096,42.737590000299178],[-71.186103999667495,42.790689000149897],[-71.149703000425362,42.815489000180477],[-71.11637501200606,42.811902914486751],[-71.064201000441585,42.806289000079381],[-71.048716413800776,42.831064337824536],[-71.031201000407265,42.859088999678548],[-70.966500000172047,42.868988999848909],[-70.930798999640331,42.88458899978113],[-70.864750000066181,42.870258000220531],[-70.817296000210831,42.872289999796536],[-70.809654553111699,42.893583674515142],[-70.801480155317421,42.916362470000443],[-70.798636000194705,42.924288000322697],[-70.765221999883579,42.975349000268821],[-70.735477000365492,43.01220100010331],[-70.703817999997383,43.059825000326974],[-70.756396999939724,43.079988000270099],[-70.819549285760502,43.123230973756634],[-70.828100000403708,43.129085999942049],[-70.824801000404847,43.179685000326693],[-70.813119000328015,43.217252000073387],[-70.872584999973071,43.270151999912599],[-70.923948999747552,43.324768000106687],[-70.984335000007661,43.376127999910338],[-70.968358999872137,43.429283000296024],[-70.954755000346012,43.509802000005408],[-70.963792680026657,43.540220955549884],[-70.97271599968002,43.570254999803161],[-70.981945999679823,43.70096000016278],[-70.987258046975285,43.792973593168043],[-70.989928999724711,43.839239000230158],[-71.001367000302395,44.092930999989498],[-71.008736000053958,44.258825000177183],[-71.01027116787391,44.284888321828717],[-71.011270000146737,44.301845999964549],[-71.022992000406546,44.500057999813905],[-71.036704999712626,44.736498000318939],[-71.057861000186733,45.000048999729941],[-71.083924000289628,45.305450999942821],[-71.109348999809754,45.282222000251409],[-71.139429999786827,45.242957999982814],[-71.18258700010874,45.241069000113619],[-71.244498999983037,45.268139000311187],[-71.283683999563209,45.30197699974223],[-71.360663999551846,45.269834999952508],[-71.438545999713881,45.239003999727665],[-71.405636000091235,45.198138999871539],[-71.419058000042497,45.170488000111604],[-71.448677999887096,45.109001000057965],[-71.49839899987154,45.069628999991508],[-71.501087999775024,45.013377000253577],[-71.531604999770195,44.976022999715063],[-71.494402999738668,44.911836999918279],[-71.522393000212062,44.880811000222948],[-71.570401999911155,44.805276000151594],[-71.626909000214312,44.747223999752173],[-71.58457399969987,44.665350999935875],[-71.551721999803547,44.627597999737915],[-71.544922000139465,44.579278000158894],[-71.588076000088307,44.54785000016799],[-71.579974000217746,44.501778000203991],[-71.646550999871508,44.468869000009377],[-71.690919999988225,44.421233999885182],[-71.763192521562544,44.403568262516657],[-71.778612999933102,44.39979900011398],[-71.818837999778978,44.352938999912716],[-71.837839279653025,44.347751258944086],[-71.875863000115942,44.337370000211934],[-71.945163000008378,44.337743999933345],[-72.002313999843778,44.324871000170788],[-72.046302000193975,44.291982999790406],[-72.053989999787746,44.246926000164983],[-72.061337999622936,44.184950999720826],[-72.053859587764705,44.159926529335813],[-72.036883000048277,44.103118999908226],[-72.075486000020504,44.034614000037926],[-72.116705999926197,43.991953999950944],[-72.105874999969146,43.949369999948651],[-72.169780000336161,43.873424999945243],[-72.183332999808641,43.808176999895771],[-72.211482648874323,43.773043714654293],[-72.222068999850265,43.75983099986324],[-72.284805000080155,43.720359999889155],[-72.329522000351432,43.60839300012109],[-72.333596501562027,43.605591341619835],[-72.379439999979368,43.574068999699811],[-72.38089399962351,43.493394000154424],[-72.413377000347225,43.362741000250267],[-72.402532000146465,43.320380000246708],[-72.421582999974873,43.263441999792576],[-72.433626253051628,43.232865588660495],[-72.440562999658155,43.215254000101488],[-72.4503959389952,43.161213516793957],[-72.451802000044211,43.153486000240591],[-72.43519099969896,43.086622000018899],[-72.46224800003678,43.044213999906418],[-72.44497700026578,43.004415999797068],[-72.492596999802458,42.967648000161567],[-72.532185999613674,42.954945000067859],[-72.531469000286492,42.897949999914111],[-72.556112000182125,42.866252000293649]]]},"properties":{"GEOID":"33","STUSAB":"NH","NAME":"New Hampshire"}},{"type":"Feature","geometry":{"type":"Polygon","coordinates":[[[-75.559445999624046,39.629812000232135],[-75.543964999956145,39.595999999960483],[-75.512731999560415,39.57799999982231],[-75.527675999826187,39.535278000302519],[-75.528087999554842,39.49811400006778],[-75.536431000348145,39.460559000135497],[-75.465211999582834,39.43893000022323],[-75.442393000125534,39.402290999994435],[-75.417107077777686,39.388910686681626],[-75.399303999575679,39.379489999680246],[-75.355557999973129,39.347823000336604],[-75.326754000088172,39.332472999857835],[-75.285333000341055,39.29221200034636],[-75.244356999934524,39.285699999876051],[-75.212510000143766,39.262755000291506],[-75.166667000291412,39.22257700030363],[-75.136666999606859,39.181883000137752],[-75.090793999617304,39.210801999851078],[-75.048486999590267,39.215221999779466],[-74.998002000423,39.191253000124121],[-74.915155805796331,39.176697503630898],[-74.905181000018047,39.17494500034158],[-74.885914000279584,39.143627000309735],[-74.90366399972639,39.087437000158197],[-74.955363000134938,39.001262000252112],[-74.967273999642316,38.933412999805633],[-74.933570999626198,38.928518999839604],[-74.864458000229831,38.940410000173543],[-74.807916999591512,38.985948000132957],[-74.778777000145908,39.02307299969447],[-74.705876000130814,39.102936999869861],[-74.71434100022455,39.119803999939869],[-74.67142999994995,39.179802000276233],[-74.646595000433692,39.212001999882375],[-74.581007999918583,39.270819000155178],[-74.540787855466846,39.300025491453525],[-74.521796999643342,39.313815999671846],[-74.412692000029637,39.360815999988368],[-74.366989999744263,39.402016999848144],[-74.304343000101127,39.471444999743127],[-74.300697594457347,39.481805745598813],[-74.291584999773619,39.50770499974773],[-74.190973999667648,39.625118000009046],[-74.101442999939039,39.756172999876419],[-74.09240962139198,39.793866576390869],[-74.090945000067933,39.799977999740705],[-74.077246999932157,39.910990999715345],[-74.076911808855243,39.912733573952977],[-74.064134999602302,39.97915700028701],[-74.034962382328757,40.102584306161305],[-74.030181000414345,40.122813999944626],[-74.007636380580777,40.195606161527479],[-73.981681000445533,40.279410999708617],[-73.971381000042825,40.348010000096401],[-73.976982000330906,40.408508000011309],[-73.997942999913022,40.476667999917133],[-74.019333999665463,40.471243999993874],[-74.047884000005482,40.418907999998474],[-74.108295000379982,40.44378800002282],[-74.157094000099519,40.447571000297664],[-74.206188000270132,40.44070699996211],[-74.224652465795018,40.44866248922073],[-74.261888999761013,40.464705999684085],[-74.260610999843962,40.502435999787309],[-74.249210999799445,40.545063999894253],[-74.21683900030213,40.558617999957256],[-74.203687999614232,40.592691000332216],[-74.203668602292296,40.593205385493398],[-74.20224700038888,40.630902999897344],[-74.200186063006157,40.631840180194736],[-74.170610999586984,40.645289000268818],[-74.160146783557096,40.646076516672295],[-74.08680599981993,40.651596000196044],[-74.071090599151688,40.667063491396384],[-74.067720330411447,40.670380594370457],[-74.047313000268176,40.690465999945467],[-74.047040023812912,40.691004437787875],[-74.029474536528824,40.725651862753644],[-74.019509026517099,40.745308547183363],[-74.013784000329338,40.756601000280313],[-73.984585775680287,40.797552752692347],[-73.971211178928257,40.816311193942006],[-73.968082000043978,40.820700000194982],[-73.965407001282514,40.825514747944482],[-73.964968782425657,40.826303501342998],[-73.953215054568332,40.847459113432812],[-73.945015639591716,40.862217296939455],[-73.938081000432845,40.874699000285638],[-73.934892228210927,40.882649861675077],[-73.920484394609005,40.91857425524487],[-73.907279999857238,40.951498000075695],[-73.893979000279813,40.997197000147928],[-74.04105400020417,41.059088000310211],[-74.211617643324487,41.132981363702015],[-74.234473000296305,41.142882999909702],[-74.23449244073737,41.14289155419273],[-74.301993999956267,41.172593999690349],[-74.367038261732901,41.20421147243831],[-74.45758400020307,41.248225000261002],[-74.69491399975422,41.357423000140351],[-74.760324999643913,41.340325000329905],[-74.815702999992908,41.296151000247349],[-74.867404999876172,41.227769999904872],[-74.879333380885996,41.20504774398178],[-74.905256000361135,41.155667999730419],[-74.979872999961174,41.110422999692666],[-74.983042073925546,41.106017559194385],[-74.992385995574736,41.093028247111242],[-75.015270999645864,41.061214999868326],[-75.070531999819011,41.018620000303613],[-75.133085999575712,40.980178999856754],[-75.123253944180917,40.965305534631085],[-75.097719999678063,40.926679000014325],[-75.06543799969414,40.885681999925701],[-75.090961999846797,40.84918699991583],[-75.108504999604364,40.791094000036352],[-75.177477000332047,40.764224999944311],[-75.192612000393538,40.715874000043897],[-75.191059000116866,40.637971000304525],[-75.18923640105038,40.609056960932953],[-75.188199878163189,40.592613366662547],[-75.186736999570783,40.569406000180159],[-75.136747999797734,40.575730999678484],[-75.078503000168325,40.548296000147594],[-75.062226999558817,40.481390999988214],[-75.070567999804013,40.455164999702042],[-75.056102000287453,40.416065999897],[-75.024775000180384,40.403455000139935],[-74.969596999847923,40.399769999858179],[-74.946005999913524,40.357305999766041],[-74.928110569510423,40.339828447486987],[-74.903309999724073,40.315606999764405],[-74.856507999796904,40.277406999843052],[-74.823906999970731,40.241507999932843],[-74.760605000026388,40.198909000062841],[-74.748497657543979,40.184908614188572],[-74.721603999670933,40.153809999782965],[-74.723379297047785,40.152895546166455],[-74.769487999696565,40.129144999803742],[-74.825907000136141,40.123910000191415],[-74.863808999776396,40.082210000184894],[-74.932210999693382,40.068411000095487],[-74.973175879855006,40.046332290365811],[-74.989913999897794,40.03731100004017],[-75.059017000146738,39.992511999957216],[-75.060751988320177,39.991731006146026],[-75.119220000108768,39.965412000192657],[-75.135720000125943,39.947112000283219],[-75.135548101208116,39.943307883640259],[-75.134265624087689,39.914926660170394],[-75.133420000384859,39.896213000179664],[-75.14079390673453,39.894102049716551],[-75.183023000368536,39.88201300004242],[-75.211394924974854,39.866409262645469],[-75.221024999567902,39.861112999853887],[-75.257273480146125,39.854935061639523],[-75.293375999762077,39.848782000288971],[-75.341765000301109,39.846081999693915],[-75.410492477811829,39.804672234241593],[-75.415062000151323,39.801918999925938],[-75.459438999765638,39.76581300008111],[-75.477640000197468,39.715012999862211],[-75.509742000256352,39.686112999906143],[-75.535144000210281,39.64721199977442],[-75.559445999624046,39.629812000232135]]]},"properties":{"GEOID":"34","STUSAB":"NJ","NAME":"New Jersey"}},{"type":"Feature","geometry":{"type":"Polygon","coordinates":[[[-94.617919000007149,36.499414000277135],[-94.58620000026292,36.299969000305772],[-94.562267928879777,36.161972614351633],[-94.551888656644806,36.102123971462369],[-94.532071000416977,35.987852000014378],[-94.494548999819997,35.768302999864858],[-94.493053290498878,35.75924651071896],[-94.47311939047664,35.638547152775686],[-94.449696000004607,35.496719000278404],[-94.434809062522305,35.39262425513958],[-94.434072564363589,35.387474395336412],[-94.431514999664245,35.369591000347313],[-94.435315999803436,35.27589299970689],[-94.436356869638317,35.24670616498075],[-94.447506087903278,34.934072906012851],[-94.44905800032015,34.890555999911541],[-94.454395529226957,34.728943694050272],[-94.457499999949349,34.634944999653065],[-94.461168686332016,34.507456651922624],[-94.465425000267928,34.359548000034025],[-94.47014394747346,34.190177655498793],[-94.474894999568932,34.019655000338119],[-94.477269183084459,33.940829861711514],[-94.481842000444402,33.78900799966528],[-94.485875000387196,33.637866999637026],[-94.419056999810707,33.577216999807554],[-94.388051999918915,33.565510999633901],[-94.354164999779783,33.556452000145924],[-94.338422000171079,33.567082000060786],[-94.303741999638476,33.564486000113469],[-94.238868000049195,33.576722000069054],[-94.21360500001245,33.570622000021594],[-94.183395000163955,33.592211999974687],[-94.143023999829921,33.577724999741463],[-94.072670000326411,33.572233999782277],[-94.043427999875263,33.551425000066736],[-94.042987999659218,33.435823999703487],[-94.043067000200239,33.330498000093222],[-94.042945845316183,33.271241049109001],[-94.042719000045693,33.160291000022148],[-94.042964000268071,33.019218999744801],[-93.814598060765078,33.019389011072292],[-93.807125211275093,33.019394574391839],[-93.723272999649978,33.019457000145721],[-93.520992508250515,33.018742289731939],[-93.490558120922131,33.018634756972901],[-93.377133999862806,33.018234000035832],[-93.238646814104555,33.018015942796971],[-93.197402000035794,33.017951000210289],[-92.988776056506012,33.017251169961526],[-92.971136999895108,33.017191999671837],[-92.72474317340037,33.014341767382611],[-92.723552999972028,33.014327999900445],[-92.501382999698407,33.012160000280694],[-92.222824999845685,33.009080000343999],[-92.069014723873451,33.008481917477425],[-92.068928088550834,33.008481580744224],[-91.875127999758988,33.007728000227743],[-91.489175999854609,33.006181999637903],[-91.460376233729605,33.005996955574297],[-91.435930741923912,33.005839888694517],[-91.264564049855366,33.004738824642835],[-91.16607300015805,33.004105999984155],[-91.159606079631644,33.011242341603946],[-91.120379000268599,33.054529999898172],[-91.180835999775525,33.098363999741636],[-91.153015000254868,33.135092999783289],[-91.104316999919362,33.131598000145388],[-91.084365999567368,33.180855999914506],[-91.06870800034747,33.232936000077132],[-91.086137000302244,33.273651999978995],[-91.12553899961739,33.280255000183033],[-91.142218999559617,33.348988999759705],[-91.11376399965414,33.393123999922047],[-91.147663000387155,33.427172000346239],[-91.171799000119577,33.462341999888373],[-91.189375000387429,33.493005000308322],[-91.215661513909438,33.529409862703247],[-91.215671000118846,33.529423000312271],[-91.206415960478807,33.545628407956109],[-91.188941999844076,33.576224999926517],[-91.130902000254082,33.610918999720532],[-91.178310999903573,33.651109000190715],[-91.100980000285659,33.660551000261677],[-91.075389000185879,33.714403000303911],[-91.143287000312696,33.747140999685982],[-91.1114940000503,33.774568000231042],[-91.08550999959013,33.776410000277501],[-91.026782000086953,33.763642000151222],[-91.025172999733797,33.805953000109547],[-91.052819000250594,33.824180999939649],[-91.061246999636083,33.877504999872023],[-91.026382000053886,33.907980000211758],[-91.03596100003314,33.943757999915711],[-91.088695999611076,33.96133399976943],[-91.048367000008142,33.985078000317365],[-91.004981000255697,33.977011000335125],[-90.979944999999688,34.000106000346499],[-90.942661999777314,34.018049999885712],[-90.892420000284275,34.026860000297262],[-90.874541000067723,34.072040999657155],[-90.901129999702093,34.094667000270825],[-90.946323000174417,34.109373999904349],[-90.944844952630106,34.116421526714518],[-90.94408076030949,34.120065294882188],[-90.938063999945001,34.148753999638899],[-90.894385000289589,34.160953000153327],[-90.882700999664607,34.184363999873106],[-90.894560000191774,34.224379999878366],[-90.839981000084023,34.236113999634036],[-90.812829000209959,34.279437999930877],[-90.752680999601196,34.289265999693136],[-90.765173999614859,34.342817999653128],[-90.729130999674709,34.364206000036368],[-90.660404000067729,34.335760000247397],[-90.64139800044515,34.383868999927742],[-90.575335999553886,34.415151999641893],[-90.583716999982059,34.458829000352637],[-90.569460745406204,34.524344278794857],[-90.569346999826635,34.524866999785942],[-90.549244000036992,34.568100999820395],[-90.587224000393363,34.615732000325067],[-90.57485495800745,34.631653979295962],[-90.550157999905977,34.663444999912606],[-90.546052999993165,34.702076000043867],[-90.505494000236482,34.764568000154753],[-90.473526999896805,34.788834999739407],[-90.463794999756658,34.834922999927215],[-90.407982381896801,34.835265981689027],[-90.401632999637116,34.835304999983194],[-90.313476000085046,34.871698000116808],[-90.311446715739677,34.872838517678744],[-90.250094999599668,34.907320000129602],[-90.244475999768255,34.937596000313448],[-90.30929699965408,34.995694000295423],[-90.300696999841122,35.028792999988418],[-90.26529599978339,35.040293000237156],[-90.197145999761489,35.050730999828367],[-90.181387000259249,35.091401000045089],[-90.160058000431093,35.128829999909051],[-90.090610000400645,35.118287000325878],[-90.099776999752947,35.164473999978391],[-90.093285000060433,35.203281999781936],[-90.097947000365153,35.249982999841983],[-90.166593999606221,35.274587999636417],[-90.121863999814479,35.304535000332059],[-90.087903000055505,35.363270000013564],[-90.112504000118321,35.410152999911183],[-90.070549000443805,35.423291000148829],[-90.045305999600231,35.415435000151646],[-90.022063999645312,35.457375000118724],[-90.045805000265844,35.496533000007005],[-90.037614999633391,35.550328999818248],[-89.95849800011031,35.541703000281217],[-89.944753999943799,35.560307999989291],[-89.932500000304742,35.607865000268674],[-89.8765479998454,35.626652999998022],[-89.898916000114312,35.650903999875759],[-89.956589000181509,35.695486000361932],[-89.915490999576235,35.754916999983941],[-89.863874000081779,35.747591999782451],[-89.797053000030559,35.782647999966791],[-89.72342599956913,35.809382000082273],[-89.729517000301982,35.847632000314029],[-89.722633999898903,35.873717999948795],[-89.647269999936142,35.894920000248362],[-89.649118618704804,35.904715576162182],[-89.652278999672191,35.92146199968392],[-89.686924000044669,35.947716000252946],[-89.733094999960088,36.000607999788215],[-89.901183000243421,35.999365000179381],[-89.959374631860115,35.999014114007196],[-90.103842000381093,35.998142999880521],[-90.289076914348612,35.996512868968118],[-90.368717999991588,35.995811999975835],[-90.339343000369354,36.047111999651236],[-90.294492000203789,36.112949000244029],[-90.235584999702169,36.139473999803648],[-90.22042500042464,36.184764000036907],[-90.189101913378948,36.198998455010319],[-90.155928000403918,36.214073999816733],[-90.114921999860172,36.265594999853512],[-90.063979999860081,36.303037999873524],[-90.063526000298651,36.356910999994078],[-90.0661359996611,36.386271999694323],[-90.131037999737771,36.415068999809456],[-90.141399000239858,36.45987400005702],[-90.153871000337119,36.495344000094491],[-90.220749054188659,36.495937591940681],[-90.494575000415878,36.498367999682742],[-90.576179065753095,36.498405927496862],[-90.765671999557227,36.498494000081756],[-90.784029207135504,36.49846256788156],[-91.017973999861539,36.498061999923486],[-91.12653766031201,36.497797703847773],[-91.404914999977976,36.497120000167683],[-91.406871289918271,36.497138231406943],[-91.450023110554255,36.497540382741228],[-91.642590000208912,36.499335000049669],[-91.672333643270917,36.499256656874287],[-91.985802000441211,36.498430999907882],[-92.120391964815212,36.498193189351589],[-92.150306260831755,36.498140333475568],[-92.350277000379407,36.497787000325886],[-92.529136175516811,36.498165681827707],[-92.564237999754013,36.498240000213762],[-92.772333893248685,36.498083154142662],[-92.838875999641871,36.49803299969949],[-92.854008107128124,36.498023406854252],[-93.125968999908551,36.497850999739072],[-93.293067506804746,36.498258449273592],[-93.315323337139091,36.498312716838313],[-93.426988999741553,36.498585000081924],[-93.584262534458958,36.498901640485116],[-93.700171000335445,36.499134999853887],[-93.86668921172776,36.498866275744227],[-93.959189999564842,36.4987170002968],[-94.077088125099493,36.498975956720557],[-94.361202999993552,36.499600000000889],[-94.617919000007149,36.499414000277135]]]},"properties":{"GEOID":"05","STUSAB":"AR","NAME":"Arkansas"}},{"type":"Feature","geometry":{"type":"Polygon","coordinates":[[[-91.621357999566811,31.26781099975582],[-91.644356000022597,31.234414000035482],[-91.590050999551224,31.193693000252818],[-91.590993892833012,31.191998565442084],[-91.621670999561246,31.136869999966272],[-91.594692999764476,31.091443999724181],[-91.560364999584365,31.049508000271484],[-91.628257298104089,31.005097001908389],[-91.636942000065176,30.999416000001435],[-91.224068000440525,30.999182999716798],[-91.176140124001449,30.999224202338048],[-91.060127467925042,30.99932393510753],[-90.825829141422318,30.999525355389796],[-90.758774999808779,30.999582999884925],[-90.567195400872194,30.999945024720876],[-90.547574425385889,30.999982102087433],[-90.347304621408796,31.000360548045883],[-90.346006999591012,31.000362999737213],[-90.25955494046444,31.000661781438975],[-89.897515999998546,31.00191299967744],[-89.835907824726377,31.002101423228492],[-89.728147000323418,31.002430999732145],[-89.728175689818642,31.00231388773939],[-89.750072999828149,30.912929999991583],[-89.791744999645459,30.820386999982794],[-89.836331000395461,30.727196999657856],[-89.826180359281793,30.668823269993627],[-89.821868000353632,30.644024000351806],[-89.791664000352895,30.551523999911407],[-89.712493000403171,30.477509999678983],[-89.699932083262439,30.454036880476178],[-89.678514000202526,30.414011999957193],[-89.634207999834999,30.308255999721279],[-89.607655000185659,30.217096000010251],[-89.524503999996554,30.180752999875786],[-89.475824000102705,30.191560999655604],[-89.447464999558392,30.20509799996767],[-89.424624000359771,30.245391000333179],[-89.344746000230273,30.293196000271532],[-89.30702376066489,30.303994780591616],[-89.294443999564464,30.307595999988369],[-89.18684000034888,30.331196999805485],[-89.08323700039071,30.368097000311796],[-88.971232999912885,30.390798000224983],[-88.893929999884065,30.39339799996689],[-88.818761999739877,30.360589999872495],[-88.800343515381115,30.357264172825161],[-88.746945000371412,30.34762199999788],[-88.700586999959924,30.343689000358246],[-88.663820000121575,30.362098999813785],[-88.613006000168028,30.353964000272988],[-88.581929000306218,30.331062999842857],[-88.522493999724986,30.340092000231586],[-88.471874999765092,30.320020000281556],[-88.446494999552499,30.347752999663221],[-88.409926999905778,30.342115000208057],[-88.39502299982297,30.369424999929311],[-88.40393099960751,30.543359000094799],[-88.412270000202852,30.731771000057176],[-88.412467431037697,30.735597459263424],[-88.415047600044502,30.785604256960667],[-88.426020964109455,30.998281357103128],[-88.432007000294618,31.114298000051647],[-88.448659999574346,31.42127699987315],[-88.449446069465395,31.435836860959537],[-88.459478000010904,31.621651999997848],[-88.463625304285387,31.697942371478561],[-88.46866899965265,31.790721999733393],[-88.468662484171901,31.893855711954686],[-88.468660000330132,31.933172999813682],[-88.43114536322355,32.227636234887569],[-88.428278000125431,32.250142999968205],[-88.421312221765561,32.308679123239756],[-88.389248564497962,32.57812239572781],[-88.37333800034267,32.711824999891746],[-88.347490248259945,32.929034787173684],[-88.34008499250352,32.991264337504447],[-88.317134999813163,33.184122999834614],[-88.304442813656607,33.288320000141837],[-88.274516334688187,33.534002598711318],[-88.254444999613995,33.69877900024845],[-88.248387473701925,33.744907594553268],[-88.207229000308359,34.058332999635311],[-88.203583494951587,34.086527731397965],[-88.173261734800263,34.321039534325514],[-88.154902184415747,34.463034300736872],[-88.139559440859983,34.581696746212415],[-88.13426299999594,34.622659999701561],[-88.097887999794764,34.892201999987641],[-88.154616999855747,34.922391999951316],[-88.200063999872995,34.995633999767861],[-88.258111000033978,34.995463000157208],[-88.363530268630825,34.995746751477128],[-88.380492511150479,34.995792407864968],[-88.469877000147804,34.996033000168303],[-88.786612000000432,34.995251999645895],[-88.823050501210716,34.99520704574099],[-89.017127011496967,34.99496761299892],[-89.026540000116768,34.994955999727807],[-89.198287901259306,34.994450529787152],[-89.352679391711916,34.993996141459903],[-89.434954000001397,34.993753999959281],[-89.644051831244852,34.994066863192096],[-89.706607693209151,34.994160462815081],[-89.724322525409235,34.994186968792398],[-89.795186999759437,34.994292999974789],[-90.30929699965408,34.995694000295423],[-90.244475999768255,34.937596000313448],[-90.250094999599668,34.907320000129602],[-90.311446715739677,34.872838517678744],[-90.313476000085046,34.871698000116808],[-90.401632999637116,34.835304999983194],[-90.407982381896801,34.835265981689027],[-90.463794999756658,34.834922999927215],[-90.473526999896805,34.788834999739407],[-90.505494000236482,34.764568000154753],[-90.546052999993165,34.702076000043867],[-90.550157999905977,34.663444999912606],[-90.57485495800745,34.631653979295962],[-90.587224000393363,34.615732000325067],[-90.549244000036992,34.568100999820395],[-90.569346999826635,34.524866999785942],[-90.569460745406204,34.524344278794857],[-90.583716999982059,34.458829000352637],[-90.575335999553886,34.415151999641893],[-90.64139800044515,34.383868999927742],[-90.660404000067729,34.335760000247397],[-90.729130999674709,34.364206000036368],[-90.765173999614859,34.342817999653128],[-90.752680999601196,34.289265999693136],[-90.812829000209959,34.279437999930877],[-90.839981000084023,34.236113999634036],[-90.894560000191774,34.224379999878366],[-90.882700999664607,34.184363999873106],[-90.894385000289589,34.160953000153327],[-90.938063999945001,34.148753999638899],[-90.94408076030949,34.120065294882188],[-90.944844952630106,34.116421526714518],[-90.946323000174417,34.109373999904349],[-90.901129999702093,34.094667000270825],[-90.874541000067723,34.072040999657155],[-90.892420000284275,34.026860000297262],[-90.942661999777314,34.018049999885712],[-90.979944999999688,34.000106000346499],[-91.004981000255697,33.977011000335125],[-91.048367000008142,33.985078000317365],[-91.088695999611076,33.96133399976943],[-91.03596100003314,33.943757999915711],[-91.026382000053886,33.907980000211758],[-91.061246999636083,33.877504999872023],[-91.052819000250594,33.824180999939649],[-91.025172999733797,33.805953000109547],[-91.026782000086953,33.763642000151222],[-91.08550999959013,33.776410000277501],[-91.1114940000503,33.774568000231042],[-91.143287000312696,33.747140999685982],[-91.075389000185879,33.714403000303911],[-91.100980000285659,33.660551000261677],[-91.178310999903573,33.651109000190715],[-91.130902000254082,33.610918999720532],[-91.188941999844076,33.576224999926517],[-91.206415960478807,33.545628407956109],[-91.215671000118846,33.529423000312271],[-91.215661513909438,33.529409862703247],[-91.189375000387429,33.493005000308322],[-91.171799000119577,33.462341999888373],[-91.147663000387155,33.427172000346239],[-91.11376399965414,33.393123999922047],[-91.142218999559617,33.348988999759705],[-91.12553899961739,33.280255000183033],[-91.086137000302244,33.273651999978995],[-91.06870800034747,33.232936000077132],[-91.084365999567368,33.180855999914506],[-91.104316999919362,33.131598000145388],[-91.153015000254868,33.135092999783289],[-91.180835999775525,33.098363999741636],[-91.120379000268599,33.054529999898172],[-91.159606079631644,33.011242341603946],[-91.16607300015805,33.004105999984155],[-91.134413999789956,32.980532999926169],[-91.072075000118389,32.937831999857735],[-91.070602000207671,32.888659000229822],[-91.137890000239139,32.848974999887687],[-91.161668999596174,32.812465000202323],[-91.157613999912087,32.776032999837888],[-91.113652000399469,32.739969999958525],[-91.056998999608155,32.72558000032766],[-91.098761999662059,32.685290999960451],[-91.079505999794236,32.600680000329824],[-91.055409282490871,32.579087604797088],[-91.049311999839276,32.573623999641704],[-91.048760427966613,32.572797040492695],[-91.011274999581474,32.516595999792706],[-91.060516000065221,32.512361000134462],[-91.052907000114132,32.438442000032822],[-90.965985999748,32.424806000191957],[-90.986671999868818,32.351759999875611],[-90.921169999742531,32.342072999641147],[-90.947833999719961,32.283485999960774],[-90.991227000043423,32.214661999842136],[-91.108508999870807,32.208149999982332],[-91.039472318646034,32.107968142895153],[-91.034707000405533,32.101052999784173],[-91.07910800030929,32.050254999874092],[-91.080808000000744,32.0234559999382],[-91.117409000157721,31.987057000359936],[-91.177409999555067,31.973256999820489],[-91.181110000310241,31.920058999850518],[-91.234899000397547,31.876863000345843],[-91.24401516139298,31.869732437264844],[-91.290134999558006,31.833657999952866],[-91.345713999748455,31.842860999945973],[-91.359513999991492,31.799362000183738],[-91.320458733308016,31.747800614620996],[-91.318576000118114,31.745314999741822],[-91.380124529950336,31.732626953228394],[-91.380914999789667,31.73246399972966],[-91.395715000115388,31.644165000346462],[-91.463816999558404,31.620365000158273],[-91.457517000384826,31.587566000050774],[-91.437616000261542,31.546165999826698],[-91.48961799972048,31.534266000322543],[-91.517140000388707,31.498394000338624],[-91.510355999719849,31.438928000232195],[-91.532335999651252,31.390275000013816],[-91.53606099962245,31.338354999719964],[-91.508857999694769,31.291644000285217],[-91.564191999662825,31.261632999674166],[-91.621357999566811,31.26781099975582]]]},"properties":{"GEOID":"28","STUSAB":"MS","NAME":"Mississippi"}},{"type":"Feature","geometry":{"type":"Polygon","coordinates":[[[-106.62344499977891,31.914034000238754],[-106.63588000006625,31.871514000130208],[-106.58134399961621,31.813905999792301],[-106.52824199961715,31.783148000290485],[-106.48464199960443,31.747808999978854],[-106.46764199999508,31.759607999854456],[-106.41794000027723,31.752009000191432],[-106.37013900009227,31.710709999951014],[-106.33992838040622,31.669751960862804],[-106.30353599960092,31.62041300011704],[-106.28081099985494,31.562061999754849],[-106.23680400013647,31.513376000184778],[-106.17567499971157,31.456278999929516],[-106.08025800018788,31.398702000373817],[-106.00492600001216,31.392457999753056],[-105.99642937832212,31.38784012934638],[-105.9539430000042,31.364748999830038],[-105.93845200029055,31.318734999722182],[-105.86935300023958,31.288634000047267],[-105.79438599993685,31.202240000133706],[-105.77325700012523,31.166896999862413],[-105.70949099967538,31.136374999914242],[-105.62734899978985,31.098544999635848],[-105.57954199975708,31.035395999649165],[-105.55742999958122,30.990228999695884],[-105.48802699975661,30.943277999953711],[-105.39960900008862,30.888940999685172],[-105.3942420001523,30.852978999985215],[-105.31486299979009,30.816960999809407],[-105.21866000044393,30.801567000324599],[-105.16015299997537,30.75705900028758],[-105.09828200010898,30.71891400035101],[-105.06233399970506,30.686303000090923],[-105.00124000033858,30.672583000284938],[-104.98075389153816,30.628812018977083],[-104.97207099968236,30.610260000376822],[-104.92479599992718,30.604832000307447],[-104.88937599960286,30.535143999665603],[-104.86987200003792,30.458645000117844],[-104.85952099958159,30.390413000015517],[-104.82431399969261,30.370465999626138],[-104.76163400043752,30.30114800016209],[-104.74044799982617,30.259454000202616],[-104.70278800003527,30.211735999956105],[-104.69209400034558,30.107304000277331],[-104.70399800018025,30.024209999880242],[-104.6854789997311,29.98994299985425],[-104.67232700011661,29.911111999631125],[-104.6190390003447,29.844444999746784],[-104.56568799992529,29.770462000262661],[-104.53976100026483,29.6760740000304],[-104.45230099994843,29.603660000363774],[-104.37117500003913,29.543063000257554],[-104.30881299990303,29.524337000049638],[-104.22908100026171,29.481049999894228],[-104.18127300040406,29.426265000213952],[-104.14369200025585,29.383278000353819],[-104.05559599990482,29.330910000203041],[-103.97523499990157,29.296016999654107],[-103.85689299971705,29.281852000276078],[-103.7938730105848,29.259238393167752],[-103.78903399994827,29.257502000047346],[-103.72474299979189,29.191470000322091],[-103.66020300011346,29.170934000122738],[-103.59236000023822,29.150260000146588],[-103.52461299972414,29.120998000220435],[-103.46319600031748,29.066821999786267],[-103.36199799968234,29.018913999779684],[-103.28118999979034,28.982137999749167],[-103.22780099973612,28.991531999946851],[-103.12674799976426,28.982124000365157],[-103.10036800036725,29.026876999796283],[-103.07635499976016,29.085721999758317],[-103.03568300002556,29.103028999971045],[-102.99568800033347,29.161219000282181],[-102.91780500034652,29.190696999885994],[-102.87134700037593,29.241625000077835],[-102.89102199964509,29.287113000216372],[-102.87185700001386,29.352092999680366],[-102.82456399981703,29.399558000243374],[-102.83097000019413,29.444266999768828],[-102.80869200033688,29.522319000072955],[-102.77753099991116,29.556496999711623],[-102.73842800034676,29.621929000187585],[-102.6934659998531,29.676506999760051],[-102.67719199979175,29.738261000360016],[-102.61287899989404,29.748182000053134],[-102.55108099982257,29.752357999748906],[-102.51268700008772,29.780303000102496],[-102.4689459996097,29.779816999959895],[-102.39290600032766,29.765568999802085],[-102.36952200008248,29.820394999675276],[-102.34986100015873,29.862316999614887],[-102.31868395492373,29.87219294654945],[-102.30138100028142,29.877673999908808],[-102.22755299997856,29.84353399965325],[-102.16167400028372,29.819486999870435],[-102.11568199957014,29.792390000232373],[-102.07364599970477,29.786925999950778],[-102.02191899970713,29.802491000373529],[-101.96616700016263,29.807342999993313],[-101.87540000034979,29.794023000277367],[-101.809441000289,29.790161000309052],[-101.76161920949509,29.778860096785195],[-101.71422399988352,29.767660000126245],[-101.65457800031342,29.765163000215107],[-101.56156899958749,29.794657999887484],[-101.50322299967577,29.764581999692091],[-101.45349900021658,29.759671000293135],[-101.4006359996938,29.738079000246881],[-101.36719799999156,29.664040999721827],[-101.30733200031342,29.640715999678175],[-101.30553299998947,29.577924999677791],[-101.25489499976301,29.520341999714372],[-101.19272000012297,29.520284999936543],[-101.13750300033078,29.473542000201782],[-101.06015099989817,29.458661000262229],[-100.99560700002178,29.363402999657428],[-100.88684200016669,29.307847999804764],[-100.8486640003419,29.271420999702485],[-100.80186754571497,29.232831567717444],[-100.79568100016851,29.227730000255875],[-100.77264900027588,29.168492000178652],[-100.72746199965133,29.129123000062773],[-100.67465599992828,29.099777000224375],[-100.67121518918373,29.083516025034662],[-100.66020799995506,29.031497000256167],[-100.64699299969305,28.957078999647628],[-100.62720600027092,28.903733999731244],[-100.57684599987878,28.83616799968015],[-100.5358300001876,28.805888000006718],[-100.53301700043554,28.763279999969821],[-100.50670099971434,28.716745000202117],[-100.50035399978678,28.661960000115112],[-100.44864799970556,28.616773999617411],[-100.39726999968738,28.575637000180837],[-100.38885999984522,28.515748000204763],[-100.36828800042552,28.477195999945309],[-100.33705900022775,28.427150999831131],[-100.32039299963091,28.362117000058269],[-100.28755400015336,28.301093000151475],[-100.2676039996263,28.250269000017383],[-100.19751005521104,28.197000730839836],[-100.17441300022382,28.179447999645479],[-100.0754740002202,28.12488200017998],[-100.02872499999646,28.07311800003782],[-99.984923000317394,27.990728999738401],[-99.932161000076974,27.967709999874629],[-99.917461000208661,27.917972999649205],[-99.904384999863836,27.875284000349531],[-99.87783999971208,27.824375999865424],[-99.844736999745578,27.778808999660928],[-99.801650999568778,27.741771000174086],[-99.758534000328169,27.717071000168303],[-99.704601000300812,27.654954000326306],[-99.624514999758844,27.634514999992724],[-99.556811999625708,27.614336000378927],[-99.530137999602502,27.580207000254386],[-99.528319999910309,27.498895999849793],[-99.497519000232998,27.500496000007477],[-99.495103999965892,27.451518000224794],[-99.487520999954086,27.412396000395248],[-99.529653999903857,27.306050999883123],[-99.487936999880688,27.294941000314164],[-99.46330900005367,27.268437000250589],[-99.460825798791888,27.262240196828166],[-99.445238000216492,27.223340999964698],[-99.429984000329341,27.159148999924081],[-99.442123000340658,27.106839000396374],[-99.446969999695,27.026025999724343],[-99.3873669997826,26.982399000053277],[-99.361143999846135,26.928920999820846],[-99.328900000395336,26.87976099997185],[-99.268612999869418,26.84321300022502],[-99.242444000359612,26.788261999909899],[-99.208907000024865,26.724761000083078],[-99.200522000297056,26.656443000167883],[-99.176816092363097,26.569660555502441],[-99.171403999694448,26.5498479999099],[-99.105031000255181,26.500335000202686],[-99.091635000243215,26.476976999633091],[-99.110855000126023,26.42627799986905],[-99.082001999837289,26.396510000018043],[-99.032316000012941,26.412081999691448],[-98.958325000401786,26.394056000376459],[-98.890965000400314,26.357569000050475],[-98.807348000055882,26.369421000229483],[-98.779911999601381,26.326541999614662],[-98.698856000012256,26.265619000344746],[-98.654220999756774,26.235959999973311],[-98.613465000356584,26.252028000373091],[-98.593164178964969,26.242875012719296],[-98.576187999981997,26.23522100010873],[-98.503492000006332,26.21479799962794],[-98.442535999833794,26.19915100033986],[-98.386693999877608,26.157871999994537],[-98.302978999623917,26.110049999760975],[-98.248806000295346,26.07310099977828],[-98.197045999787449,26.056153000059016],[-98.149463000060678,26.055812999683258],[-98.091037999607906,26.059168999707989],[-98.080115736207873,26.055395896528129],[-98.039238999640247,26.041275000245143],[-98.010971000230839,26.063863000256099],[-97.944345000173286,26.059620999834365],[-97.871187000240255,26.058083000350276],[-97.862258296983356,26.057745950328961],[-97.795290999999906,26.055218000283556],[-97.75883799998094,26.032130999724018],[-97.697069000221759,26.023455000234247],[-97.644010999705316,26.006614000391913],[-97.582564999986346,25.937857000142387],[-97.542956999908554,25.92003500027171],[-97.49686100033621,25.880058000191386],[-97.454726999663237,25.879337000011684],[-97.422636000373316,25.840377999963614],[-97.372864000335241,25.840116999902701],[-97.36008199971829,25.86887399985061],[-97.36597599990931,25.902447000150477],[-97.338346000184373,25.923124999632257],[-97.277163000231113,25.935438000171487],[-97.206945000271745,25.960898999831691],[-97.15660800034415,25.949021999722174],[-97.145567000324831,25.971132000302799],[-97.151921999749987,26.01765299976066],[-97.158797999582035,26.082659999868198],[-97.196935000297273,26.305864999888925],[-97.227288478164624,26.41117768013201],[-97.253800999727275,26.503163999724244],[-97.287541116334296,26.600339881610527],[-97.322749999990435,26.701746000151637],[-97.366872000234935,26.885580999829678],[-97.378697000426911,27.060044000390768],[-97.358469000065483,27.234796000131006],[-97.346850877391873,27.277958832062936],[-97.336121999712972,27.317817999602166],[-97.296056999700681,27.4271750002349],[-97.257324999857033,27.510643999655247],[-97.222991407664296,27.576607316421626],[-97.212678999730883,27.596420000033564],[-97.140853999966467,27.716688000065989],[-97.09073499959878,27.785887999642775],[-97.044845999715676,27.834465999737386],[-97.043684083692895,27.836532353447968],[-97.003325000409419,27.90830699983178],[-96.88645899961034,28.030734000236009],[-96.852070622761673,28.059820861782764],[-96.792157999621978,28.110496999970803],[-96.719627000401061,28.164593999727924],[-96.632009999725852,28.222820999799584],[-96.44284899970738,28.317665999760404],[-96.390376000070276,28.381815000025767],[-96.378533159336754,28.389865030132082],[-96.328817000373391,28.423658999612954],[-96.19441200001468,28.502224000184508],[-96.000681999577949,28.588237999917133],[-95.812503999923749,28.664941999836682],[-95.684089000015561,28.734041000168663],[-95.588801000363276,28.78316900018633],[-95.507037396926549,28.824735511840135],[-95.439594000029032,28.85902200011941],[-95.382389999591908,28.866347999649133],[-95.297147000074219,28.934072999748448],[-95.19139099978976,29.023089999941611],[-95.125133999803126,29.067320999780915],[-95.115050505960312,29.075552022484807],[-95.026219000088958,29.148063999882012],[-94.803694999813004,29.279236999637501],[-94.722530000443939,29.331446000073495],[-94.731047000416226,29.369141000207645],[-94.670389000169536,29.430780000038759],[-94.594852999779306,29.467903000238952],[-94.500807000059083,29.505367000216122],[-94.370816000307997,29.555645988191188],[-94.354122544501138,29.562102819904627],[-94.161549000126868,29.636587999989345],[-94.056505999869927,29.671163000266457],[-93.961866999772766,29.682212999916818],[-93.861290999826878,29.679007000147799],[-93.837971000054154,29.690619000031134],[-93.863203999953654,29.724059000063892],[-93.890821000158127,29.761672999841714],[-93.929208000220285,29.80295200008203],[-93.872445999649017,29.851649999644895],[-93.852309870890011,29.872091004279191],[-93.830373999798638,29.894358999860405],[-93.807814999734006,29.954549000063118],[-93.741078000246674,30.021571000138373],[-93.706183566465882,30.052314332092912],[-93.703939999789256,30.054291000130679],[-93.702435999916403,30.112720999659178],[-93.703764000062165,30.173936000014258],[-93.713358999934954,30.225260999731564],[-93.711062171246837,30.243970715354724],[-93.707190000282623,30.275513000386237],[-93.760328000266696,30.329923999736028],[-93.745332999947308,30.397021999895433],[-93.738172999534811,30.402547054151803],[-93.702665000245261,30.429947000147319],[-93.710116999837496,30.506400000139472],[-93.729195000328389,30.5448420000433],[-93.684329000094209,30.592586000004392],[-93.685120999764465,30.625200999996064],[-93.629903999972271,30.679939999858277],[-93.617687999968041,30.738479000065123],[-93.56930299962697,30.802969000373817],[-93.5586170003332,30.869423999989888],[-93.554575854467416,30.877469502243621],[-93.530935999656307,30.924534000373026],[-93.549840999894826,30.967117999779457],[-93.539526000321843,31.008497999740243],[-93.531219000411838,31.051678000121441],[-93.540277999809106,31.1288679998219],[-93.535096999645617,31.185613999789489],[-93.552497307410192,31.184820023107157],[-93.60060308710645,31.18262495542411],[-93.602443000301705,31.182540999865083],[-93.613942000080428,31.259374999961935],[-93.675439999677948,31.301040000243415],[-93.668146000269445,31.375103000364167],[-93.697602999907474,31.428408999687107],[-93.749476000393273,31.468689999812703],[-93.72592499974354,31.504091999642196],[-93.787686999830001,31.527344000218267],[-93.834923999950362,31.586211000325893],[-93.816838000044569,31.622508999667126],[-93.803418999568066,31.700686000342817],[-93.853389999797756,31.805467000058925],[-93.878251895771925,31.84427655711983],[-93.909557000342247,31.89314400022965],[-93.977461000316865,31.926419000123431],[-94.029428406552526,31.979686964247769],[-94.041832999765802,31.992402000050319],[-94.042681000410852,32.137956000172046],[-94.042695939394036,32.196064974764866],[-94.042739000137175,32.363559000166134],[-94.042788233204647,32.392283193065687],[-94.043083000093759,32.564261000093126],[-94.043051527617777,32.693029976602986],[-94.04302600019237,32.797475999639566],[-94.043002621537084,32.881088979094798],[-94.042964000268071,33.019218999744801],[-94.042719000045693,33.160291000022148],[-94.042945845316183,33.271241049109001],[-94.043067000200239,33.330498000093222],[-94.042987999659218,33.435823999703487],[-94.043427999875263,33.551425000066736],[-94.072670000326411,33.572233999782277],[-94.143023999829921,33.577724999741463],[-94.183395000163955,33.592211999974687],[-94.21360500001245,33.570622000021594],[-94.238868000049195,33.576722000069054],[-94.303741999638476,33.564486000113469],[-94.338422000171079,33.567082000060786],[-94.354164999779783,33.556452000145924],[-94.388051999918915,33.565510999633901],[-94.419056999810707,33.577216999807554],[-94.485875000387196,33.637866999637026],[-94.528928000053725,33.621840000347049],[-94.572872000022997,33.669885999823904],[-94.630586000098063,33.673400999867653],[-94.714865000416381,33.707260999650742],[-94.73193290188145,33.72083051627623],[-94.766146000350176,33.748031000063193],[-94.841634000161491,33.739431000302758],[-94.90227599961635,33.776289000289594],[-94.939559999663629,33.810502999727333],[-94.981649999955678,33.852283999944682],[-95.046567999925884,33.862565000127589],[-95.09500199977245,33.904815999686825],[-95.149462000054498,33.936336000070355],[-95.155907617033932,33.93848238857894],[-95.226392999639316,33.961953999796293],[-95.253623000229496,33.92970999973415],[-95.283444999740496,33.877745999627322],[-95.310449795383903,33.873843038295249],[-95.352337999927144,33.867788999941439],[-95.447370000384694,33.868850000359608],[-95.525321999968611,33.88548699965461],[-95.556915000214474,33.927019999804394],[-95.603656999867198,33.927194999831492],[-95.669978000326225,33.905843999658863],[-95.737508000207015,33.895966999693968],[-95.789639317540988,33.872437384973054],[-95.820595999748591,33.858465000331741],[-95.844878534466787,33.860421905005595],[-95.887491000317965,33.863855999773087],[-95.935325000114915,33.875098999828744],[-96.06392400014613,33.841522999833863],[-96.151629999611501,33.831945999972461],[-96.173024999561903,33.800559999634281],[-96.22902300005201,33.748021000043131],[-96.277268999577586,33.76973500009202],[-96.307388999912718,33.735004999780628],[-96.363134999609429,33.694215000293468],[-96.379660826191028,33.715530908640147],[-96.403506999768382,33.746289000338308],[-96.436454999924166,33.780050000350784],[-96.502285999938437,33.773459999669711],[-96.523863000362027,33.818113999688769],[-96.572937000441172,33.81909799991319],[-96.592926000427994,33.830916000095478],[-96.590111999952711,33.880664999823537],[-96.594674307023851,33.883018657568577],[-96.659896000442131,33.916665999818832],[-96.682103000154271,33.87664499976524],[-96.71242199978272,33.831632999761226],[-96.776765999642549,33.841976000172487],[-96.794275999788169,33.86888599974597],[-96.850593000120512,33.847211000139303],[-96.897194000206213,33.902954000271016],[-96.905253000419094,33.947218999829552],[-96.934343303266544,33.945588929496765],[-96.944616888708325,33.945013250613954],[-96.952313000089134,33.944582000305843],[-96.988745000191713,33.918468000263964],[-96.985566999668364,33.886522000158976],[-97.0558380002295,33.85574099964019],[-97.078589999739677,33.812755999716096],[-97.087852000424846,33.774098999997051],[-97.091071999882672,33.735115000195179],[-97.149394000403291,33.72196699982684],[-97.205652000286079,33.809823999780029],[-97.166629000189289,33.847311000112839],[-97.206141000007619,33.914280000288116],[-97.246180000080628,33.900343999865129],[-97.318243000394716,33.865121000338746],[-97.372941000328154,33.819454000260635],[-97.4441929998071,33.823772999933034],[-97.451468999672244,33.870929999923163],[-97.484143438569518,33.91388910881448],[-97.486504999857004,33.916994000173666],[-97.558270000245258,33.897098999909034],[-97.561243149849545,33.899061506469131],[-97.596155000167087,33.922106000203478],[-97.609090999871526,33.96809299990035],[-97.671771999849852,33.991369999699785],[-97.759833999865677,33.925210000306144],[-97.803473000236437,33.880189999659557],[-97.865765000052335,33.849393000056544],[-97.951215000157561,33.87842399988056],[-97.951905951036451,33.89122581505692],[-97.953694999823668,33.924372999768238],[-97.947572000202129,33.991053000087646],[-98.005667000043701,33.995963999877311],[-98.082838999652949,34.002411999982542],[-98.099095999995868,34.048638999986139],[-98.09932799979947,34.104294999974094],[-98.123377000391557,34.154540000097988],[-98.138486025666595,34.141206019877735],[-98.169119999786474,34.114170999930693],[-98.225282000308113,34.127245000175293],[-98.318749999720026,34.146421000189477],[-98.364022999659994,34.157109000325967],[-98.398441000251765,34.128455999957232],[-98.41442599970982,34.08507399997076],[-98.423532999685975,34.081949475654],[-98.47506600041315,34.064269000013624],[-98.528200000199263,34.094960999645252],[-98.577136000186158,34.148962000067662],[-98.610200218085211,34.156176867261095],[-98.648073000020844,34.164440999790287],[-98.690072000076299,34.133155000304001],[-98.737232000203761,34.130991999629956],[-98.80680999993055,34.155901000304333],[-98.87222900021618,34.16044600027405],[-98.940220000229417,34.20368600001791],[-98.952324887616129,34.204669898565555],[-99.002916000276358,34.208782000009521],[-99.058800000065318,34.201255999773799],[-99.1315529999424,34.209351999827],[-99.189511000414953,34.214311999771262],[-99.21160000012631,34.31396999979826],[-99.221607900737965,34.325373574697331],[-99.275339999738563,34.386599000115012],[-99.350406999600409,34.437082999870093],[-99.394955999642193,34.442098999866012],[-99.420432000114261,34.380464000218282],[-99.470969000058375,34.396470999814959],[-99.475022136636582,34.396870990064436],[-99.584479999883783,34.40767299982636],[-99.600025999849009,34.374687999864534],[-99.69646199972199,34.381035999829791],[-99.764882000080632,34.435265999794822],[-99.818185999746049,34.487840000110381],[-99.842063883852958,34.506932769033661],[-99.929334000081198,34.576713999712247],[-99.99762932775316,34.561136624446213],[-100.00038100041907,34.560509000067917],[-100.0003821951784,34.746360552475181],[-100.0003840178601,35.02992999968],[-100.00038499971872,35.182702000321662],[-100.00038884450812,35.422363988420258],[-100.00039200028974,35.619114999680008],[-100.00039620260863,35.881233000116318],[-100.00039899996241,36.055677000154709],[-100.00040599963512,36.499702000195406],[-100.00376199324718,36.499701848550288],[-100.31101799986617,36.499687999737716],[-100.54614512642306,36.499505139287756],[-100.59261399960185,36.499468999985751],[-100.88417400017957,36.499681999643961],[-100.95415215804293,36.49952949644274],[-101.08515600019204,36.499244000208769],[-101.62391499983008,36.499528000207413],[-101.82656499974692,36.499654000163112],[-102.03233901862507,36.500065673256273],[-102.16246299958092,36.500326000074509],[-103.00243399957088,36.500396999721261],[-103.04192399964791,36.500438999980055],[-103.04082400000608,36.055231000337756],[-103.04135672163082,35.739433506400694],[-103.04155399975204,35.622487000259952],[-103.04261795089982,35.183157259204478],[-103.04271100019359,35.14473500014433],[-103.04273881832299,34.954142040558295],[-103.04276899991991,34.74736099967366],[-103.04307199986862,34.619782000243767],[-103.04394599955461,34.379555000101199],[-103.0438503011291,34.31274987375771],[-103.04383583016819,34.302647999752587],[-103.04351600028262,34.079381999915114],[-103.04734599983583,33.824674999778594],[-103.05260999984,33.57059899995582],[-103.05261051637127,33.570574776117319],[-103.05649506432349,33.388414214763067],[-103.06010300033843,33.219224999997131],[-103.06346888889334,32.959106381661435],[-103.06488899959339,32.849359000149022],[-103.06482905411617,32.72695041517035],[-103.06476100044522,32.587983000021154],[-103.06469600014786,32.522192999784821],[-103.06442199961317,32.145006000084535],[-103.0644224011601,32.087050999673977],[-103.06442300033639,32.000518000105615],[-103.32650100026345,32.000370000059192],[-103.7228819788824,32.000165568479147],[-103.98021347757921,32.000032851383502],[-104.02452099969283,32.000009999999094],[-104.64352599970641,32.000442999854585],[-104.84773999977055,32.000464602523309],[-104.91835699454822,32.000472072838789],[-105.15399400036881,32.000497000041499],[-105.75052700035639,32.002205999938326],[-105.99797115145437,32.001974590326789],[-106.20069900027204,32.001784999899016],[-106.37717318785596,32.001240101212147],[-106.51398606034999,32.000817664539056],[-106.61848600027159,32.000495000289064],[-106.63011399992176,31.971257999639665],[-106.62344499977891,31.914034000238754]]]},"properties":{"GEOID":"48","STUSAB":"TX","NAME":"Texas"}},{"type":"Feature","geometry":{"type":"Polygon","coordinates":[[[-89.544434000432148,36.574510000222986],[-89.571480999825923,36.538087000012084],[-89.539232000352271,36.497933999948692],[-89.417293000243035,36.499033000356626],[-89.345194319744166,36.501343208474601],[-89.211408999726359,36.505630000353172],[-88.96447099988363,36.50219099986451],[-88.834589023268677,36.501980342374608],[-88.827178036260747,36.501968322323123],[-88.816764157327782,36.501951431714147],[-88.516358059871749,36.501464198412663],[-88.511919999685901,36.501456999765047],[-88.489076738529391,36.501283719326814],[-88.12737799994305,36.498539999809516],[-88.053350800920882,36.499996250409133],[-88.050465999726484,36.500053000114299],[-88.033801999677792,36.551733000076958],[-88.055738000126567,36.630475000093291],[-88.070531999706205,36.678117999664259],[-88.011791999609173,36.677025000206676],[-87.84956699955471,36.663701000221963],[-87.853203999662384,36.633247000005525],[-87.694185907917102,36.636838243700453],[-87.641149999668457,36.638036000152987],[-87.347795999687932,36.641440000336651],[-87.335979050197551,36.641577160417022],[-87.115003556825229,36.644142044973854],[-87.060826344397981,36.644770884991594],[-86.813037000380731,36.647647000113075],[-86.763290964349324,36.648720674647279],[-86.606393999805746,36.652106999656908],[-86.562067651698726,36.640746673980793],[-86.551291999641293,36.637985000149477],[-86.507771000169612,36.652445000208239],[-86.411496199381119,36.648240422860553],[-86.205565269975665,36.639246870535253],[-86.081944000223743,36.633847999707761],[-85.975713173836297,36.628637718596465],[-85.873857000050393,36.623642000003649],[-85.788556543388808,36.621711859248236],[-85.731862000007183,36.620428999860899],[-85.488352999859671,36.614994000142097],[-85.436404273192039,36.618003845353535],[-85.295812485640084,36.626149559273003],[-85.290627000188366,36.626449999792754],[-85.276287947892811,36.626157540784831],[-85.096127999647592,36.622482999946421],[-84.974868435811942,36.614583359280104],[-84.943947999727726,36.61256899987599],[-84.785399978404342,36.603375420232801],[-84.785341000412686,36.603371999810456],[-84.778455864714189,36.603210512144422],[-84.499937999791712,36.596677999641102],[-84.261321201325316,36.592741697155937],[-84.227331999856304,36.592181000320615],[-84.227193962034804,36.59217951236883],[-83.987842000306188,36.589599999937846],[-83.987610950920171,36.589592285843374],[-83.930760784297036,36.587694258343852],[-83.894420999851619,36.586480999948257],[-83.690713999950674,36.582580999897701],[-83.67541300020784,36.600813999918294],[-83.614513000111813,36.633982999895707],[-83.527112000244983,36.665985000334004],[-83.46095464767788,36.666131036567059],[-83.436507999740428,36.666185000347021],[-83.386098999842815,36.686589000344497],[-83.236398999589071,36.726886999958843],[-83.136395000103718,36.743088000148646],[-83.114693000006653,36.796087999704376],[-83.075590000442233,36.85058899978479],[-83.012587000248644,36.847288999685915],[-82.895445000163363,36.882144999674004],[-82.883754212766405,36.897130136320996],[-82.865191999758835,36.920923000077337],[-82.869182999868826,36.974181999809964],[-82.815747999783824,37.007195999857061],[-82.750715000185906,37.024107000282001],[-82.722254000432656,37.057947999736577],[-82.726294000048128,37.111852000319949],[-82.565275702423264,37.195901106554508],[-82.558178000175701,37.199606000157104],[-82.553639545172018,37.201450374594295],[-82.44916399990025,37.243908000004062],[-82.355343000310924,37.265220000042753],[-82.31437045302836,37.296306252029552],[-82.309415000069777,37.300065999662479],[-82.201744999833622,37.375108000245909],[-81.968296999714212,37.537797999892241],[-82.064417999942918,37.544516000155433],[-82.141555000290381,37.595165999907522],[-82.226110999719808,37.65309200003658],[-82.296117999791974,37.686173999948956],[-82.320674957253075,37.745965843664429],[-82.327356000210614,37.762233000084947],[-82.369972999859016,37.801749000297399],[-82.398464816318125,37.843054150113964],[-82.418689999562815,37.872375000190289],[-82.487555999985275,37.916975000200672],[-82.479420122848708,37.938562524486649],[-82.46498699987491,37.97685900026719],[-82.549406999760222,38.063062999698737],[-82.626181999709431,38.134834999690639],[-82.598864000154009,38.201006999677624],[-82.584693814063868,38.240512993655713],[-82.581795999874274,38.248591999860089],[-82.571877000136382,38.315781000138173],[-82.597978999699023,38.344909000210471],[-82.593672999944772,38.421809000322007],[-82.61847400002415,38.477088999746492],[-82.664120790750459,38.507718196357544],[-82.675723999593728,38.515504000129006],[-82.724846000251759,38.557600000114611],[-82.800112000305262,38.563182999722272],[-82.811542384965946,38.572369589635542],[-82.851313999698007,38.60433400016192],[-82.869592000122736,38.678177000067613],[-82.871192000255064,38.71837699980405],[-82.889192999772035,38.756076000015774],[-82.943146999715822,38.743279999930976],[-83.011815999596465,38.73005699985346],[-83.03033493087537,38.716867676611002],[-83.042337999614517,38.708319000301771],[-83.112372000349197,38.671685000175422],[-83.128972999750374,38.640230999728452],[-83.172647000281231,38.620252000253309],[-83.239515000188121,38.62858800000074],[-83.264267690668163,38.613131985945998],[-83.286513999758796,38.599240999664978],[-83.320530999594268,38.622713000117386],[-83.376302000303653,38.661473000304163],[-83.440404000314174,38.669360999799537],[-83.533338999623609,38.702105000208647],[-83.62692199956156,38.679386999983997],[-83.642993999956545,38.643272999783271],[-83.646961550444374,38.641833743600486],[-83.679483999785447,38.630036000099572],[-83.70585755107534,38.638036625881114],[-83.772160000425444,38.658149999860754],[-83.78361999984611,38.695641000210458],[-83.834015000398324,38.71600799967235],[-83.852085000410597,38.751433000107809],[-83.90437508598788,38.767283875270088],[-83.928453999580626,38.774582999929663],[-83.978813999972743,38.787103999810178],[-84.051642000192913,38.771396999861082],[-84.05260954773766,38.771606728785898],[-84.135087999934754,38.789484999838677],[-84.212903999974571,38.805706999702004],[-84.226155213122297,38.829763669310253],[-84.233265000405382,38.842670999803573],[-84.232305045421413,38.874707895687024],[-84.232132000253287,38.88048300009465],[-84.288164000180274,38.955789000216541],[-84.297255000262894,38.989693999965617],[-84.321207227146076,39.020586352701201],[-84.326538999648534,39.02746300008927],[-84.400940000236844,39.046361999953092],[-84.432941000013372,39.083960999729051],[-84.445242000406409,39.114461000037053],[-84.462041999999229,39.121760000333715],[-84.480943000039801,39.116760000299131],[-84.493743000200126,39.102459999767525],[-84.506518737762917,39.101766408132107],[-84.550843999806773,39.099359999755094],[-84.607927999694994,39.073238000269441],[-84.62204743636147,39.078334676547925],[-84.677246999854006,39.098260000088466],[-84.711929313548467,39.130678599810594],[-84.714048000027532,39.132659000212769],[-84.750748999743621,39.147357999694961],[-84.820156999591092,39.105479999735238],[-84.860688999583616,39.078140000280371],[-84.897170999914906,39.052406999982239],[-84.877570282336606,39.031262899245739],[-84.849445000073004,39.000923000189765],[-84.83261699999278,38.961459999839143],[-84.877761999886232,38.920357000116582],[-84.864327188162392,38.913794141425498],[-84.830472000062414,38.897255999761356],[-84.786405999894399,38.882219999781604],[-84.798701136085256,38.859224933763436],[-84.803247000393426,38.850722999730316],[-84.812877000426312,38.786087000307433],[-84.856904000236256,38.790224000184111],[-84.962534999948943,38.778035000038756],[-85.021052236720138,38.758527292870639],[-85.071928000341074,38.741566999893308],[-85.146861000308633,38.695426999872019],[-85.187277999775105,38.687609000202912],[-85.201760622615993,38.697440791702356],[-85.238665000014109,38.72249400014946],[-85.275453999593736,38.741171999663365],[-85.33264073351279,38.734816754093188],[-85.340953000245307,38.73389300020046],[-85.400480999814633,38.735980000337882],[-85.448861999957757,38.713367999933538],[-85.438742000378397,38.659318999895902],[-85.436169999752465,38.598292000300397],[-85.431416070353137,38.586285613188785],[-85.415599999982589,38.546340999738334],[-85.432981047867486,38.524112170439871],[-85.433136000067478,38.523913999978753],[-85.474354000323345,38.504074000074326],[-85.498865999799406,38.468241999955048],[-85.587758000018624,38.450495000026983],[-85.621625000066288,38.417089000214432],[-85.634444145121932,38.378399447554401],[-85.646201000014756,38.342916000335173],[-85.683561000230014,38.295469000195133],[-85.750962000239383,38.267869999877831],[-85.794501505904208,38.277952558769975],[-85.816163999891728,38.282968999955592],[-85.839663999589504,38.239770000282569],[-85.894764000104146,38.188468999879952],[-85.895912876182265,38.179918819259399],[-85.90516400006598,38.111069999900131],[-85.922394999654003,38.028679000167593],[-85.951726438171491,38.014941629652213],[-85.976028000105728,38.003560000138492],[-85.997351659449507,37.991225602315893],[-86.033385999630326,37.970381999970556],[-86.095766000208101,38.008930000074777],[-86.206439000167094,38.021876000171076],[-86.278655999568656,38.098509000331845],[-86.321273999940303,38.147418000184125],[-86.387216000282649,38.124631999948818],[-86.433570079547906,38.087147852525447],[-86.434045999798926,38.086762999701271],[-86.471903000131647,38.046218000277264],[-86.488052466745174,38.043665309008482],[-86.521824999957531,38.038327000191032],[-86.525174000185103,37.968227999921893],[-86.509367999928898,37.902887000152333],[-86.599847999686574,37.90675400028077],[-86.61521499955164,37.852856999901029],[-86.646709389033816,37.8649113991885],[-86.658374000421688,37.869375999829671],[-86.722247000103337,37.892648000335981],[-86.779992999965458,37.956521999747139],[-86.810913000366753,37.997150000158172],[-86.813579571134227,37.996067132561073],[-86.875873999994653,37.970769999890059],[-86.927746999582155,37.934955999927325],[-86.977741425179516,37.925699208198154],[-87.010315000338366,37.919668000012599],[-87.043049000233907,37.875048999851941],[-87.057836000140838,37.827456999655382],[-87.105613999861291,37.767631000342163],[-87.137501999659932,37.807264000103416],[-87.180063000130161,37.841375000140729],[-87.255249999642615,37.867326000300352],[-87.270387408087373,37.87542282648694],[-87.304057452508957,37.893432549034202],[-87.331765000199141,37.908252999923945],[-87.418585000282945,37.944763000273944],[-87.448700288954399,37.933854530057772],[-87.486346999967338,37.920217999984395],[-87.551276999633089,37.92541800026212],[-87.608479000420402,37.89879399969066],[-87.625850999575448,37.851918999886308],[-87.681633000155486,37.855917000274509],[-87.713157335875962,37.883042399249433],[-87.723634999685672,37.892058000300857],[-87.808012999738182,37.875190999965852],[-87.872539999896134,37.920998999977911],[-87.921743999671619,37.907885000192913],[-87.925393382157139,37.899591476821449],[-87.938128000236134,37.870650999739851],[-87.903804000253984,37.817761999722336],[-87.935861000107039,37.789703000238546],[-87.970262000082073,37.781855999968705],[-88.028029999685501,37.799224000160159],[-88.059587999771253,37.742608000151421],[-88.132340999648335,37.6971419997205],[-88.160061999609894,37.654331999880398],[-88.132431056653886,37.575282629663548],[-88.131621999773017,37.572968000044774],[-88.072242000341703,37.528825999896114],[-88.066248429087949,37.504130534750061],[-88.062294000291502,37.487836999914578],[-88.157061000435164,37.466936999918786],[-88.28166699980828,37.452595999688342],[-88.358435999909702,37.404859999888735],[-88.358476490572826,37.404871527910288],[-88.416133568899923,37.421286514847793],[-88.418593999665887,37.421986999813463],[-88.465860999923464,37.400547000313864],[-88.486947000077365,37.339596000012207],[-88.514661000366232,37.290948000290932],[-88.471752999566348,37.220155000218853],[-88.42477599973698,37.1499009998982],[-88.444604999890259,37.098600999943734],[-88.476126999990981,37.068223000084117],[-88.483803276570328,37.068080269967098],[-88.490481004744439,37.067956106459725],[-88.531575999586778,37.06719200000618],[-88.561058131391491,37.084008081900066],[-88.611440000370877,37.112745000067356],[-88.693983000114429,37.14115500012327],[-88.753067999992965,37.154700999714002],[-88.83505099986985,37.196486000044082],[-88.927893549061821,37.226353966506849],[-88.931745000384012,37.227592999658036],[-88.9335100596616,37.227511610089465],[-89.000968000283535,37.224400999718952],[-89.058036000278236,37.188766999829333],[-89.099046999946552,37.140966999847912],[-89.168087000446306,37.074218000135531],[-89.16662021238578,37.072110343916194],[-89.128898999594767,37.017907999663286],[-89.132914999819121,36.982057000271652],[-89.098842999732071,36.957850000283869],[-89.103135448400252,36.944760900433643],[-89.120472000034184,36.891895999704133],[-89.147674000136973,36.847147999965742],[-89.155890999635261,36.789125999826275],[-89.15598490951507,36.786292663131654],[-89.156990000350476,36.755968000329169],[-89.202510999987567,36.716618000311307],[-89.165488000056186,36.662425999806722],[-89.175649772194561,36.651319262848205],[-89.19913599982074,36.625648999823007],[-89.227318999739637,36.569375000033354],[-89.278935000307499,36.577699000105056],[-89.324657999610935,36.624031999883385],[-89.327319776968054,36.623946288685019],[-89.378693999570473,36.622292000268111],[-89.407905999884406,36.562344999879734],[-89.479345999684341,36.566252999660186],[-89.544434000432148,36.574510000222986]]]},"properties":{"GEOID":"21","STUSAB":"KY","NAME":"Kentucky"}},{"type":"Feature","geometry":{"type":"Polygon","coordinates":[[[-82.598864000154009,38.201006999677624],[-82.626181999709431,38.134834999690639],[-82.549406999760222,38.063062999698737],[-82.46498699987491,37.97685900026719],[-82.479420122848708,37.938562524486649],[-82.487555999985275,37.916975000200672],[-82.418689999562815,37.872375000190289],[-82.398464816318125,37.843054150113964],[-82.369972999859016,37.801749000297399],[-82.327356000210614,37.762233000084947],[-82.320674957253075,37.745965843664429],[-82.296117999791974,37.686173999948956],[-82.226110999719808,37.65309200003658],[-82.141555000290381,37.595165999907522],[-82.064417999942918,37.544516000155433],[-81.968296999714212,37.537797999892241],[-81.932278999888425,37.511960999993008],[-81.984891000341037,37.45431499997175],[-81.936950000413972,37.419919999644833],[-81.9336010001864,37.38921700025616],[-81.896000999771616,37.331966999726959],[-81.849948999681885,37.285227000113373],[-81.774747000100845,37.274847000122101],[-81.744003000324938,37.242528000171873],[-81.739055030332665,37.239497103947677],[-81.678603000305898,37.20246699966026],[-81.560625000169424,37.206663000161697],[-81.53306999988925,37.223414000142213],[-81.483558999967101,37.250603999900783],[-81.427946000339759,37.271015000105969],[-81.362156000333385,37.337686999873647],[-81.225103999903993,37.234873999980749],[-81.112595999636014,37.278496999839298],[-80.996012999592466,37.29954500010404],[-80.980845256837199,37.300852816195885],[-80.919258999559645,37.306162999963071],[-80.83547899990694,37.334823999734823],[-80.88324800030486,37.383932999887072],[-80.865148000155372,37.419926999967444],[-80.858148117255723,37.421006906754258],[-80.857358569986204,37.421128714215847],[-80.836446000377691,37.424355000227841],[-80.770082000260942,37.372363000275286],[-80.664971000231944,37.414215000039832],[-80.544835999571234,37.474695000178968],[-80.469568890098387,37.429025466322919],[-80.464820000247798,37.426143999754274],[-80.399879999637989,37.462313999814761],[-80.291643999687409,37.536505000157788],[-80.28243999962686,37.585481000193475],[-80.223385999710459,37.62318500005091],[-80.224303244294248,37.623991370960823],[-80.29225799998072,37.68373200008859],[-80.290033809964811,37.68613645869349],[-80.258143000235947,37.720612000114656],[-80.218616000349016,37.783291000117799],[-80.199633000292664,37.827506999812833],[-80.131930999984434,37.889500000139243],[-80.055811595021154,37.951878220012908],[-80.036235999728078,37.967920000228737],[-79.971230999719239,38.044325999768162],[-79.961982272540695,38.063607099218295],[-79.938952000108344,38.111619000147563],[-79.916173999760616,38.184386000172871],[-79.850324000378095,38.23332899978778],[-79.79701353643587,38.267268120923845],[-79.787542000117426,38.273298000125507],[-79.804093000188203,38.313922000095118],[-79.734599999951925,38.356727999764431],[-79.689675000166531,38.431438999962012],[-79.691087999802789,38.463744000110978],[-79.669127999962868,38.510883000050271],[-79.64907500040195,38.591515000094056],[-79.542570000104945,38.553216999936581],[-79.476637999808318,38.457227999945573],[-79.37030199956574,38.42724399991792],[-79.311296065805223,38.418454601400661],[-79.29775799992602,38.41643799981216],[-79.231619999765101,38.474040999913541],[-79.228423002568434,38.479741557212016],[-79.201459000320384,38.527820999930519],[-79.154356999919244,38.60651800027442],[-79.092954999682874,38.659516999682857],[-79.088054999726779,38.69011499988175],[-79.057253000224591,38.761413000276946],[-79.023053000091011,38.798613000140186],[-78.999014000442969,38.840074000179271],[-78.869276000411858,38.762990999847247],[-78.821167000255315,38.830982000032719],[-78.772792999784897,38.89374200014565],[-78.681616999718131,38.925840000044317],[-78.620453000031461,38.982601000259187],[-78.561711000284589,39.009007000149929],[-78.532266186293427,39.052764524282509],[-78.50813200025955,39.088630000155348],[-78.413943000424197,39.158414999828572],[-78.428696999820858,39.187217000064201],[-78.404980000388093,39.238005999865109],[-78.401812999735398,39.276754000078213],[-78.340479999994315,39.353492000187877],[-78.337133000314878,39.409169000218888],[-78.347087000212881,39.466011999837278],[-78.229129534665489,39.390663886885207],[-78.187370000311958,39.36398899967643],[-78.033185235562399,39.2646248422786],[-78.033183460491401,39.2646236981751],[-78.032841000247217,39.264402999910821],[-77.828301833406414,39.132422454676977],[-77.828156999829773,39.132329000059855],[-77.809125000267954,39.168566999916422],[-77.778067999599287,39.229304999942649],[-77.719519000196271,39.321314000130243],[-77.745929999555401,39.353221000232146],[-77.740011999973262,39.401693999886845],[-77.798201000424484,39.475719000199582],[-77.810943896478804,39.500739166831259],[-77.823762000387049,39.525906999704766],[-77.829813999863504,39.587288000257523],[-77.925987999795666,39.607642000041544],[-78.00673399976337,39.601336999871044],[-78.02762909983457,39.620655962127813],[-78.082260000107865,39.671166000332306],[-78.225075000308721,39.658878000226373],[-78.313032999669161,39.631001000121465],[-78.332788021762127,39.62852759620197],[-78.382959000448807,39.622246000254741],[-78.438178999715731,39.563524000187627],[-78.460951000215701,39.525987000243589],[-78.468269594598354,39.526224270586042],[-78.590654000086701,39.530192000284792],[-78.65503617115958,39.544382240787229],[-78.70709800021308,39.555857000246213],[-78.739049999585816,39.609697000015736],[-78.771139999949128,39.638386999941766],[-78.851016000428785,39.554043999744394],[-78.942617999569592,39.479614000042126],[-78.956750999898546,39.440263999778026],[-79.035623000097559,39.473344000198715],[-79.067447408157221,39.472808698831507],[-79.091328999611292,39.472407000110188],[-79.166496999755481,39.400887999744],[-79.262392116809366,39.326243828722468],[-79.283723000404663,39.309640000228946],[-79.353749999670029,39.278039000259788],[-79.424412999868323,39.228170999971866],[-79.486872999913714,39.205960999898032],[-79.484372000331192,39.344299999904891],[-79.482366000317995,39.531689000326608],[-79.476662000097775,39.721078000306861],[-79.76377399973272,39.720776000314359],[-79.916017356032953,39.721055933361704],[-80.075946999738036,39.721350000028416],[-80.421387999566278,39.721189000312641],[-80.519341999555806,39.721402999981329],[-80.519160794091661,39.962200052513907],[-80.519119999797965,40.016409999954604],[-80.519084370817168,40.159671995194543],[-80.519038999607119,40.342101000331759],[-80.519029691264151,40.399641056422752],[-80.519017117545104,40.477363146439508],[-80.518990999926544,40.638801000148021],[-80.583632999712222,40.615520000053841],[-80.627170999800626,40.619936000164003],[-80.66795700023637,40.582495999742754],[-80.622194999676552,40.520497000144786],[-80.604894999593228,40.446666999824522],[-80.627362630213668,40.395170932836791],[-80.631596000278876,40.385467999747412],[-80.606596000007883,40.303869000315153],[-80.64459800010556,40.25127000010594],[-80.683911327617352,40.187443152344734],[-80.702575303576936,40.157141397943477],[-80.705993999595833,40.151590999890665],[-80.736804000392269,40.080072000048453],[-80.73822261270243,40.033405951663859],[-80.740125999957343,39.970792999737945],[-80.764479000323064,39.95025000008733],[-80.803393999566495,39.918761999981641],[-80.823438104907794,39.85003208726139],[-80.824276000404225,39.847158999706402],[-80.824969000340275,39.801091999687181],[-80.86993299958543,39.763554999718103],[-80.835521693239144,39.719251802491016],[-80.829763999816052,39.711838999779758],[-80.865574999952628,39.662751000295955],[-80.943781999804685,39.606926000043622],[-81.03736504196344,39.538055712512516],[-81.075950000171488,39.509660000257632],[-81.121273856434641,39.457697413864452],[-81.128533000311805,39.449374999936488],[-81.185946000087981,39.430730999942931],[-81.249088000198753,39.389991999757896],[-81.347566999894852,39.345769999965398],[-81.370389809107294,39.34870067240545],[-81.393793999886768,39.35170599984329],[-81.412705999797979,39.39461800033601],[-81.456142999604069,39.40927400000249],[-81.50318899992871,39.373242000272619],[-81.559646999828033,39.330773999897794],[-81.56524700029118,39.276175000014035],[-81.613896000222908,39.275338999734963],[-81.678331000319332,39.273755000252223],[-81.711627999556285,39.219227999680726],[-81.72146813889033,39.210960808962625],[-81.752753999750638,39.184675999671015],[-81.752297036647064,39.18103474708542],[-81.742953000013529,39.106577999783696],[-81.750266843206646,39.10403119296268],[-81.807855000090186,39.083977999728305],[-81.793304000184818,39.040353000037534],[-81.775733999764739,38.98073700000176],[-81.827353999632251,38.945898000006402],[-81.898469999567084,38.929602999875755],[-81.941828999555355,38.993295000252907],[-82.007062000068146,39.029578000031748],[-82.041562999602291,39.017877999909253],[-82.089065000036513,38.975978000095566],[-82.09886665015388,38.960879284379565],[-82.134765999598642,38.905578999668677],[-82.161570000216471,38.824631999712658],[-82.209290000210601,38.802671999938198],[-82.201537000319462,38.76037200020081],[-82.185567000031739,38.659583000191681],[-82.175167000069905,38.608484000314228],[-82.218967000099127,38.591682999684842],[-82.274270000105076,38.593683000156247],[-82.282133343655801,38.579860796566443],[-82.293270999704745,38.560282999816764],[-82.304223000035606,38.496308000330146],[-82.323998999587118,38.44926800032475],[-82.381772999936629,38.434783000149515],[-82.447075999871302,38.426981999743802],[-82.50896694952354,38.414643912329801],[-82.560663999689595,38.404338000171876],[-82.593672999944772,38.421809000322007],[-82.597978999699023,38.344909000210471],[-82.571877000136382,38.315781000138173],[-82.581795999874274,38.248591999860089],[-82.584693814063868,38.240512993655713],[-82.598864000154009,38.201006999677624]]]},"properties":{"GEOID":"54","STUSAB":"WV","NAME":"West Virginia"}},{"type":"Feature","geometry":{"type":"Polygon","coordinates":[[[-80.519890999551819,40.906661000239389],[-80.519869707682957,40.900323934229263],[-80.519705112966705,40.851336778579032],[-80.518990999926544,40.638801000148021],[-80.519017117545104,40.477363146439508],[-80.519029691264151,40.399641056422752],[-80.519038999607119,40.342101000331759],[-80.519084370817168,40.159671995194543],[-80.519119999797965,40.016409999954604],[-80.519160794091661,39.962200052513907],[-80.519341999555806,39.721402999981329],[-80.421387999566278,39.721189000312641],[-80.075946999738036,39.721350000028416],[-79.916017356032953,39.721055933361704],[-79.76377399973272,39.720776000314359],[-79.476662000097775,39.721078000306861],[-79.39245840526273,39.721439358398129],[-79.045576000170627,39.722928000108269],[-78.928416129899389,39.722998587240973],[-78.808299529430641,39.723070956215764],[-78.723578000138744,39.723122000200107],[-78.380477064913237,39.72270413860749],[-78.34283351866506,39.72265829291949],[-78.34259300013764,39.722657999962443],[-78.098970696381642,39.722466194367307],[-78.075861000301771,39.722447999885901],[-77.768644000329047,39.72153800022501],[-77.469273999958787,39.720228999955744],[-77.469145003680623,39.720229002028667],[-77.459138498152598,39.720229176841698],[-77.239950000018766,39.72023299992739],[-77.217023755191263,39.720217248094443],[-76.999318026146867,39.720067672179646],[-76.991062000239367,39.720062000069383],[-76.787097200021535,39.721048146327078],[-76.715770999700112,39.721392999876038],[-76.697658140167306,39.721401117145327],[-76.569449125750381,39.721458570912681],[-76.41897999962849,39.721525999845539],[-76.239683741104756,39.7216419898376],[-76.233485000030015,39.721646000091461],[-76.233279346915396,39.721646255741682],[-76.135697427319897,39.72176755060989],[-75.788596000385098,39.722198999706663],[-75.773786000013644,39.72220000018924],[-75.753227999939327,39.757988999668704],[-75.717058999602472,39.792324999881203],[-75.662846000090951,39.821424999800854],[-75.594316905629256,39.834594973171278],[-75.592562644101392,39.834932108350159],[-75.579647742229724,39.837414103803745],[-75.570433000115003,39.839185000306301],[-75.481206999984934,39.829191000232903],[-75.415062000151323,39.801918999925938],[-75.410492477811829,39.804672234241593],[-75.341765000301109,39.846081999693915],[-75.293375999762077,39.848782000288971],[-75.257273480146125,39.854935061639523],[-75.221024999567902,39.861112999853887],[-75.211394924974854,39.866409262645469],[-75.183023000368536,39.88201300004242],[-75.14079390673453,39.894102049716551],[-75.133420000384859,39.896213000179664],[-75.134265624087689,39.914926660170394],[-75.135548101208116,39.943307883640259],[-75.135720000125943,39.947112000283219],[-75.119220000108768,39.965412000192657],[-75.060751988320177,39.991731006146026],[-75.059017000146738,39.992511999957216],[-74.989913999897794,40.03731100004017],[-74.973175879855006,40.046332290365811],[-74.932210999693382,40.068411000095487],[-74.863808999776396,40.082210000184894],[-74.825907000136141,40.123910000191415],[-74.769487999696565,40.129144999803742],[-74.723379297047785,40.152895546166455],[-74.721603999670933,40.153809999782965],[-74.748497657543979,40.184908614188572],[-74.760605000026388,40.198909000062841],[-74.823906999970731,40.241507999932843],[-74.856507999796904,40.277406999843052],[-74.903309999724073,40.315606999764405],[-74.928110569510423,40.339828447486987],[-74.946005999913524,40.357305999766041],[-74.969596999847923,40.399769999858179],[-75.024775000180384,40.403455000139935],[-75.056102000287453,40.416065999897],[-75.070567999804013,40.455164999702042],[-75.062226999558817,40.481390999988214],[-75.078503000168325,40.548296000147594],[-75.136747999797734,40.575730999678484],[-75.186736999570783,40.569406000180159],[-75.188199878163189,40.592613366662547],[-75.18923640105038,40.609056960932953],[-75.191059000116866,40.637971000304525],[-75.192612000393538,40.715874000043897],[-75.177477000332047,40.764224999944311],[-75.108504999604364,40.791094000036352],[-75.090961999846797,40.84918699991583],[-75.06543799969414,40.885681999925701],[-75.097719999678063,40.926679000014325],[-75.123253944180917,40.965305534631085],[-75.133085999575712,40.980178999856754],[-75.070531999819011,41.018620000303613],[-75.015270999645864,41.061214999868326],[-74.992385995574736,41.093028247111242],[-74.983042073925546,41.106017559194385],[-74.979872999961174,41.110422999692666],[-74.905256000361135,41.155667999730419],[-74.879333380885996,41.20504774398178],[-74.867404999876172,41.227769999904872],[-74.815702999992908,41.296151000247349],[-74.760324999643913,41.340325000329905],[-74.69491399975422,41.357423000140351],[-74.734892999552784,41.425818000328889],[-74.75627183431962,41.427627428596075],[-74.799546000107412,41.431289999685852],[-74.890358000126099,41.45532400018476],[-74.98246300013048,41.496466999778661],[-75.043878999712206,41.575093999683496],[-75.046198606082669,41.603764019756589],[-75.049280999808659,41.641861999819255],[-75.053430999927301,41.752537999691405],[-75.074411999600912,41.802191000058173],[-75.113368999575457,41.840697999889173],[-75.14529317542889,41.849737518476196],[-75.190202999974218,41.862453999999239],[-75.263005000255106,41.885108999943149],[-75.291762000284365,41.947092000261051],[-75.341125000068516,41.992772000078482],[-75.359931076929641,41.993689359656273],[-75.477143999904925,41.999406999735832],[-75.48314021669718,41.999398177605023],[-75.87067700017127,41.998828000331223],[-76.105840000050748,41.998857999845235],[-76.145518994883744,41.998866463554926],[-76.462155000392059,41.99893400028644],[-76.557698722557944,42.000149665218238],[-76.55811800043702,42.00015499982409],[-76.926925320767296,42.000723573719128],[-76.965791509151472,42.000783491504798],[-77.007635000051451,42.000848000109414],[-77.610020114483305,41.999149854316109],[-77.749932224114872,41.998755436524135],[-77.832029999938982,41.998524000185839],[-78.031176999642454,41.999415000068872],[-78.20637909822392,41.999088722652495],[-78.271204000391336,41.998967999944952],[-78.308144340045217,41.99907117777208],[-78.596650000384969,41.9998770002396],[-78.918898363581476,41.999103100491801],[-78.983065000071605,41.998948999686405],[-79.061258187427867,41.998838119001938],[-79.472471999796156,41.998255000023192],[-79.610835775000652,41.998519903829902],[-79.761313000333175,41.998807999979796],[-79.762121999721856,42.131245999918853],[-79.761951000017618,42.269859999942469],[-79.844661000165743,42.235485999857808],[-79.923924000176996,42.207546000163468],[-80.020323000240055,42.16311600007095],[-80.088511999721703,42.173184000182879],[-80.136213000347553,42.149937000173601],[-80.154084000168197,42.114756999885628],[-80.329976000396286,42.036168000188461],[-80.519425000294817,41.977523000145425],[-80.519396726719549,41.849562990562191],[-80.519356999624435,41.669767000141555],[-80.519176130130191,41.499340052164236],[-80.519165273091659,41.489109684171041],[-80.518893000017243,41.232555999861397],[-80.519197204606741,41.133218499861734],[-80.519222086143486,41.125093566857522],[-80.519890999551819,40.906661000239389]]]},"properties":{"GEOID":"42","STUSAB":"PA","NAME":"Pennsylvania"}},{"type":"Feature","geometry":{"type":"Polygon","coordinates":[[[-94.043051527617777,32.693029976602986],[-94.043083000093759,32.564261000093126],[-94.042788233204647,32.392283193065687],[-94.042739000137175,32.363559000166134],[-94.042695939394036,32.196064974764866],[-94.042681000410852,32.137956000172046],[-94.041832999765802,31.992402000050319],[-94.029428406552526,31.979686964247769],[-93.977461000316865,31.926419000123431],[-93.909557000342247,31.89314400022965],[-93.878251895771925,31.84427655711983],[-93.853389999797756,31.805467000058925],[-93.803418999568066,31.700686000342817],[-93.816838000044569,31.622508999667126],[-93.834923999950362,31.586211000325893],[-93.787686999830001,31.527344000218267],[-93.72592499974354,31.504091999642196],[-93.749476000393273,31.468689999812703],[-93.697602999907474,31.428408999687107],[-93.668146000269445,31.375103000364167],[-93.675439999677948,31.301040000243415],[-93.613942000080428,31.259374999961935],[-93.602443000301705,31.182540999865083],[-93.60060308710645,31.18262495542411],[-93.552497307410192,31.184820023107157],[-93.535096999645617,31.185613999789489],[-93.540277999809106,31.1288679998219],[-93.531219000411838,31.051678000121441],[-93.539526000321843,31.008497999740243],[-93.549840999894826,30.967117999779457],[-93.530935999656307,30.924534000373026],[-93.554575854467416,30.877469502243621],[-93.5586170003332,30.869423999989888],[-93.56930299962697,30.802969000373817],[-93.617687999968041,30.738479000065123],[-93.629903999972271,30.679939999858277],[-93.685120999764465,30.625200999996064],[-93.684329000094209,30.592586000004392],[-93.729195000328389,30.5448420000433],[-93.710116999837496,30.506400000139472],[-93.702665000245261,30.429947000147319],[-93.738172999534811,30.402547054151803],[-93.745332999947308,30.397021999895433],[-93.760328000266696,30.329923999736028],[-93.707190000282623,30.275513000386237],[-93.711062171246837,30.243970715354724],[-93.713358999934954,30.225260999731564],[-93.703764000062165,30.173936000014258],[-93.702435999916403,30.112720999659178],[-93.703939999789256,30.054291000130679],[-93.706183566465882,30.052314332092912],[-93.741078000246674,30.021571000138373],[-93.807814999734006,29.954549000063118],[-93.830373999798638,29.894358999860405],[-93.852309870890011,29.872091004279191],[-93.872445999649017,29.851649999644895],[-93.929208000220285,29.80295200008203],[-93.890821000158127,29.761672999841714],[-93.863203999953654,29.724059000063892],[-93.837971000054154,29.690619000031134],[-93.799250000081159,29.715259999623594],[-93.741947999734748,29.736343000328983],[-93.53846199976671,29.763298999878895],[-93.411087000124184,29.767357000226887],[-93.29557299976031,29.77507099975934],[-93.176930000175219,29.770487000049421],[-93.088181999896022,29.749125000115576],[-92.993127999697165,29.723846000318385],[-92.879991999790491,29.680284999770841],[-92.684486000392639,29.605001000343798],[-92.616081477108011,29.588785707039847],[-92.568038000068299,29.577396999639188],[-92.473584999743963,29.561081000365935],[-92.409860000200325,29.547477000128243],[-92.323465000263965,29.531496999786608],[-92.251859999709282,29.539354000156163],[-92.158624000100957,29.581616000136187],[-92.064513000083409,29.58566499963252],[-92.042894303457587,29.57748028926094],[-92.030185999728218,29.572668999765998],[-91.91532099981778,29.518512999674343],[-91.821578999871164,29.473924999875674],[-91.768262999611864,29.490361999706032],[-91.711080999814342,29.569328000168959],[-91.803729999791841,29.595952000367966],[-91.873265999685827,29.627277000175781],[-91.862556996334263,29.667395463560187],[-91.853070000009765,29.702936000220799],[-91.808141999851316,29.725097000209569],[-91.737252999697191,29.749370000170526],[-91.667127999624228,29.745822000352685],[-91.623828999910415,29.699240000156184],[-91.643832000140947,29.630625000341087],[-91.600179000424802,29.631155999717748],[-91.54197400008006,29.59435300001784],[-91.537444999844723,29.56588799998185],[-91.53102099992428,29.531542999900857],[-91.485589999800567,29.499115999907623],[-91.460962999798468,29.469960999693559],[-91.394306999603685,29.497115000146369],[-91.34751399989733,29.444437999809946],[-91.363967000058835,29.420663999903827],[-91.334050999938199,29.39152499964251],[-91.266322670907286,29.361363733289782],[-91.265452000377735,29.360975999888346],[-91.276647000382837,29.329825000099667],[-91.334885000339568,29.29877500011305],[-91.278792000313217,29.247776000014959],[-91.158147999839485,29.21809999982252],[-91.094014999866829,29.187710999987392],[-91.000096000368202,29.169481000040445],[-90.941876999779765,29.162373000298512],[-90.877583000148618,29.104891000246809],[-90.867852999658311,29.056064000128668],[-90.81254999965239,29.042138000020998],[-90.748377000395095,29.040060000093632],[-90.652116000424286,29.057720999976496],[-90.488117000160258,29.05875999965923],[-90.44273399971712,29.056053000237881],[-90.40961725013689,29.058433864223165],[-90.33493499960953,29.063803000188209],[-90.223587000156144,29.085074999647023],[-90.122752999569101,29.144285999790636],[-90.089835447809847,29.16447535681867],[-90.058511999641411,29.18368700011505],[-89.956460000310088,29.253743999878534],[-89.902706323776357,29.293036606310249],[-89.883463000035533,29.3071029996836],[-89.842640999614773,29.318822999908715],[-89.726162000226608,29.304025999871723],[-89.639662999634879,29.290530999815321],[-89.606650999904971,29.252022999817051],[-89.564550999567189,29.242526999947042],[-89.482843999874802,29.215052999738706],[-89.432932000094681,29.149023000002479],[-89.390514999564473,29.123575999964569],[-89.361098000109436,29.071848000291556],[-89.403529999809933,29.016963999773335],[-89.40096599957991,28.933812000201154],[-89.32201100043855,29.010250999767745],[-89.259353999851356,29.058357999834122],[-89.218672999895929,29.022514999705031],[-89.142866000242364,28.991622999810371],[-89.148792000220439,29.029669999613734],[-89.116530000327998,29.074096999787908],[-89.066616999824618,29.090714000331243],[-89.014279999731613,29.166912999989947],[-89.025974000402329,29.2151529998077],[-89.116653000351647,29.219531999809799],[-89.134336999676208,29.279339999901257],[-89.200388999623399,29.344417999863854],[-89.257851999628315,29.336872000189373],[-89.312085000129656,29.388038000006315],[-89.380000999799833,29.391785000286404],[-89.482318000343341,29.406222000081854],[-89.53214999975755,29.434567000249501],[-89.569607000057204,29.494043999955238],[-89.564615000039595,29.543786000068422],[-89.60210900014917,29.610294999695672],[-89.535201999884208,29.648566999969855],[-89.504737999592493,29.63150799984696],[-89.500966753452147,29.633455425411718],[-89.465562000233163,29.651738000233937],[-89.403955999782283,29.681807999861491],[-89.399162000131398,29.770591999709403],[-89.271034000278362,29.756354999833473],[-89.293251000036236,29.80305300036008],[-89.236297999669262,29.877081000112792],[-89.231177999605151,29.925484000358118],[-89.215675000195958,29.993522999903735],[-89.185799000258285,30.063934000378392],[-89.183255999944649,30.149343999904847],[-89.233167999724813,30.134956999760824],[-89.303025999834077,30.091570000118555],[-89.342162999733674,30.059171999984578],[-89.444618000369459,30.060958999766967],[-89.494063999994296,30.040971999935032],[-89.574424999997547,29.983738000366479],[-89.598128999909832,29.881408999627897],[-89.647064000071808,29.863601999904169],[-89.70172500019531,29.874084999824223],[-89.744272000421873,29.917647000082624],[-89.795969000282255,29.934002999910764],[-89.852582999817201,29.952721000091579],[-89.845297119382252,30.016381840464479],[-89.845065000102721,30.01840999987007],[-89.782533999912218,30.045372000045287],[-89.683712000084455,30.076018000180444],[-89.656986000182741,30.118381000271157],[-89.605088456825044,30.142814157720949],[-89.524503999996554,30.180752999875786],[-89.607655000185659,30.217096000010251],[-89.634207999834999,30.308255999721279],[-89.678514000202526,30.414011999957193],[-89.699932083262439,30.454036880476178],[-89.712493000403171,30.477509999678983],[-89.791664000352895,30.551523999911407],[-89.821868000353632,30.644024000351806],[-89.826180359281793,30.668823269993627],[-89.836331000395461,30.727196999657856],[-89.791744999645459,30.820386999982794],[-89.750072999828149,30.912929999991583],[-89.728175689818642,31.00231388773939],[-89.728147000323418,31.002430999732145],[-89.835907824726377,31.002101423228492],[-89.897515999998546,31.00191299967744],[-90.25955494046444,31.000661781438975],[-90.346006999591012,31.000362999737213],[-90.347304621408796,31.000360548045883],[-90.547574425385889,30.999982102087433],[-90.567195400872194,30.999945024720876],[-90.758774999808779,30.999582999884925],[-90.825829141422318,30.999525355389796],[-91.060127467925042,30.99932393510753],[-91.176140124001449,30.999224202338048],[-91.224068000440525,30.999182999716798],[-91.636942000065176,30.999416000001435],[-91.628257298104089,31.005097001908389],[-91.560364999584365,31.049508000271484],[-91.594692999764476,31.091443999724181],[-91.621670999561246,31.136869999966272],[-91.590993892833012,31.191998565442084],[-91.590050999551224,31.193693000252818],[-91.644356000022597,31.234414000035482],[-91.621357999566811,31.26781099975582],[-91.564191999662825,31.261632999674166],[-91.508857999694769,31.291644000285217],[-91.53606099962245,31.338354999719964],[-91.532335999651252,31.390275000013816],[-91.510355999719849,31.438928000232195],[-91.517140000388707,31.498394000338624],[-91.48961799972048,31.534266000322543],[-91.437616000261542,31.546165999826698],[-91.457517000384826,31.587566000050774],[-91.463816999558404,31.620365000158273],[-91.395715000115388,31.644165000346462],[-91.380914999789667,31.73246399972966],[-91.380124529950336,31.732626953228394],[-91.318576000118114,31.745314999741822],[-91.320458733308016,31.747800614620996],[-91.359513999991492,31.799362000183738],[-91.345713999748455,31.842860999945973],[-91.290134999558006,31.833657999952866],[-91.24401516139298,31.869732437264844],[-91.234899000397547,31.876863000345843],[-91.181110000310241,31.920058999850518],[-91.177409999555067,31.973256999820489],[-91.117409000157721,31.987057000359936],[-91.080808000000744,32.0234559999382],[-91.07910800030929,32.050254999874092],[-91.034707000405533,32.101052999784173],[-91.039472318646034,32.107968142895153],[-91.108508999870807,32.208149999982332],[-90.991227000043423,32.214661999842136],[-90.947833999719961,32.283485999960774],[-90.921169999742531,32.342072999641147],[-90.986671999868818,32.351759999875611],[-90.965985999748,32.424806000191957],[-91.052907000114132,32.438442000032822],[-91.060516000065221,32.512361000134462],[-91.011274999581474,32.516595999792706],[-91.048760427966613,32.572797040492695],[-91.049311999839276,32.573623999641704],[-91.055409282490871,32.579087604797088],[-91.079505999794236,32.600680000329824],[-91.098761999662059,32.685290999960451],[-91.056998999608155,32.72558000032766],[-91.113652000399469,32.739969999958525],[-91.157613999912087,32.776032999837888],[-91.161668999596174,32.812465000202323],[-91.137890000239139,32.848974999887687],[-91.070602000207671,32.888659000229822],[-91.072075000118389,32.937831999857735],[-91.134413999789956,32.980532999926169],[-91.16607300015805,33.004105999984155],[-91.264564049855366,33.004738824642835],[-91.435930741923912,33.005839888694517],[-91.460376233729605,33.005996955574297],[-91.489175999854609,33.006181999637903],[-91.875127999758988,33.007728000227743],[-92.068928088550834,33.008481580744224],[-92.069014723873451,33.008481917477425],[-92.222824999845685,33.009080000343999],[-92.501382999698407,33.012160000280694],[-92.723552999972028,33.014327999900445],[-92.72474317340037,33.014341767382611],[-92.971136999895108,33.017191999671837],[-92.988776056506012,33.017251169961526],[-93.197402000035794,33.017951000210289],[-93.238646814104555,33.018015942796971],[-93.377133999862806,33.018234000035832],[-93.490558120922131,33.018634756972901],[-93.520992508250515,33.018742289731939],[-93.723272999649978,33.019457000145721],[-93.807125211275093,33.019394574391839],[-93.814598060765078,33.019389011072292],[-94.042964000268071,33.019218999744801],[-94.043002621537084,32.881088979094798],[-94.04302600019237,32.797475999639566],[-94.043051527617777,32.693029976602986]]]},"properties":{"GEOID":"22","STUSAB":"LA","NAME":"Louisiana"}}]}