series_code,provider,observation_type,metric,geography,period_start_utc,period_end_utc,value,unit,source_published_at_utc,available_at_utc,vintage,source_url,artifact_id
NWS:boston:cdd_65,NOAA / National Weather Service,weather_forecast,Forecast CDD,Boston,2026-09-01T04:00:00.000000Z,2026-09-02T04:00:00.000000Z,2.42,degree-days,2026-08-31T17:35:19.000000Z,2026-08-31T17:42:15.408977Z,2026-08-31T17:35:19Z,"https://api.weather.gov/gridpoints/BOX/71,101/forecast/hourly",nws_hourly_forecast:1788198135408977000:ffc38594d6cf3ab7b71e3cd4a7d1771cc79a4a47c0ff414c280f2105e1942a9d
NWS:boston:hdd_65,NOAA / National Weather Service,weather_forecast,Forecast HDD,Boston,2026-09-01T04:00:00.000000Z,2026-09-02T04:00:00.000000Z,0.0,degree-days,2026-08-31T17:35:19.000000Z,2026-08-31T17:42:15.408977Z,2026-08-31T17:35:19Z,"https://api.weather.gov/gridpoints/BOX/71,101/forecast/hourly",nws_hourly_forecast:1788198135408977000:ffc38594d6cf3ab7b71e3cd4a7d1771cc79a4a47c0ff414c280f2105e1942a9d
NWS:boston:mean_temperature,NOAA / National Weather Service,weather_forecast,Forecast mean temperature,Boston,2026-09-01T04:00:00.000000Z,2026-09-02T04:00:00.000000Z,67.42,degF,2026-08-31T17:35:19.000000Z,2026-08-31T17:42:15.408977Z,2026-08-31T17:35:19Z,"https://api.weather.gov/gridpoints/BOX/71,101/forecast/hourly",nws_hourly_forecast:1788198135408977000:ffc38594d6cf3ab7b71e3cd4a7d1771cc79a4a47c0ff414c280f2105e1942a9d
NWS:boston:cdd_65,NOAA / National Weather Service,weather_forecast,Forecast CDD,Boston,2026-09-02T04:00:00.000000Z,2026-09-03T04:00:00.000000Z,2.0,degree-days,2026-08-31T17:35:19.000000Z,2026-08-31T17:42:15.408977Z,2026-08-31T17:35:19Z,"https://api.weather.gov/gridpoints/BOX/71,101/forecast/hourly",nws_hourly_forecast:1788198135408977000:ffc38594d6cf3ab7b71e3cd4a7d1771cc79a4a47c0ff414c280f2105e1942a9d
NWS:boston:hdd_65,NOAA / National Weather Service,weather_forecast,Forecast HDD,Boston,2026-09-02T04:00:00.000000Z,2026-09-03T04:00:00.000000Z,0.0,degree-days,2026-08-31T17:35:19.000000Z,2026-08-31T17:42:15.408977Z,2026-08-31T17:35:19Z,"https://api.weather.gov/gridpoints/BOX/71,101/forecast/hourly",nws_hourly_forecast:1788198135408977000:ffc38594d6cf3ab7b71e3cd4a7d1771cc79a4a47c0ff414c280f2105e1942a9d
NWS:boston:mean_temperature,NOAA / National Weather Service,weather_forecast,Forecast mean temperature,Boston,2026-09-02T04:00:00.000000Z,2026-09-03T04:00:00.000000Z,67.0,degF,2026-08-31T17:35:19.000000Z,2026-08-31T17:42:15.408977Z,2026-08-31T17:35:19Z,"https://api.weather.gov/gridpoints/BOX/71,101/forecast/hourly",nws_hourly_forecast:1788198135408977000:ffc38594d6cf3ab7b71e3cd4a7d1771cc79a4a47c0ff414c280f2105e1942a9d
NWS:boston:cdd_65,NOAA / National Weather Service,weather_forecast,Forecast CDD,Boston,2026-09-03T04:00:00.000000Z,2026-09-04T04:00:00.000000Z,5.62,degree-days,2026-08-31T17:35:19.000000Z,2026-08-31T17:42:15.408977Z,2026-08-31T17:35:19Z,"https://api.weather.gov/gridpoints/BOX/71,101/forecast/hourly",nws_hourly_forecast:1788198135408977000:ffc38594d6cf3ab7b71e3cd4a7d1771cc79a4a47c0ff414c280f2105e1942a9d
NWS:boston:hdd_65,NOAA / National Weather Service,weather_forecast,Forecast HDD,Boston,2026-09-03T04:00:00.000000Z,2026-09-04T04:00:00.000000Z,0.0,degree-days,2026-08-31T17:35:19.000000Z,2026-08-31T17:42:15.408977Z,2026-08-31T17:35:19Z,"https://api.weather.gov/gridpoints/BOX/71,101/forecast/hourly",nws_hourly_forecast:1788198135408977000:ffc38594d6cf3ab7b71e3cd4a7d1771cc79a4a47c0ff414c280f2105e1942a9d
NWS:boston:mean_temperature,NOAA / National Weather Service,weather_forecast,Forecast mean temperature,Boston,2026-09-03T04:00:00.000000Z,2026-09-04T04:00:00.000000Z,70.62,degF,2026-08-31T17:35:19.000000Z,2026-08-31T17:42:15.408977Z,2026-08-31T17:35:19Z,"https://api.weather.gov/gridpoints/BOX/71,101/forecast/hourly",nws_hourly_forecast:1788198135408977000:ffc38594d6cf3ab7b71e3cd4a7d1771cc79a4a47c0ff414c280f2105e1942a9d
NWS:boston:cdd_65,NOAA / National Weather Service,weather_forecast,Forecast CDD,Boston,2026-09-04T04:00:00.000000Z,2026-09-05T04:00:00.000000Z,4.08,degree-days,2026-08-31T17:35:19.000000Z,2026-08-31T17:42:15.408977Z,2026-08-31T17:35:19Z,"https://api.weather.gov/gridpoints/BOX/71,101/forecast/hourly",nws_hourly_forecast:1788198135408977000:ffc38594d6cf3ab7b71e3cd4a7d1771cc79a4a47c0ff414c280f2105e1942a9d
NWS:boston:hdd_65,NOAA / National Weather Service,weather_forecast,Forecast HDD,Boston,2026-09-04T04:00:00.000000Z,2026-09-05T04:00:00.000000Z,0.0,degree-days,2026-08-31T17:35:19.000000Z,2026-08-31T17:42:15.408977Z,2026-08-31T17:35:19Z,"https://api.weather.gov/gridpoints/BOX/71,101/forecast/hourly",nws_hourly_forecast:1788198135408977000:ffc38594d6cf3ab7b71e3cd4a7d1771cc79a4a47c0ff414c280f2105e1942a9d
NWS:boston:mean_temperature,NOAA / National Weather Service,weather_forecast,Forecast mean temperature,Boston,2026-09-04T04:00:00.000000Z,2026-09-05T04:00:00.000000Z,69.08,degF,2026-08-31T17:35:19.000000Z,2026-08-31T17:42:15.408977Z,2026-08-31T17:35:19Z,"https://api.weather.gov/gridpoints/BOX/71,101/forecast/hourly",nws_hourly_forecast:1788198135408977000:ffc38594d6cf3ab7b71e3cd4a7d1771cc79a4a47c0ff414c280f2105e1942a9d
NWS:boston:cdd_65,NOAA / National Weather Service,weather_forecast,Forecast CDD,Boston,2026-09-05T04:00:00.000000Z,2026-09-06T04:00:00.000000Z,1.17,degree-days,2026-08-31T17:35:19.000000Z,2026-08-31T17:42:15.408977Z,2026-08-31T17:35:19Z,"https://api.weather.gov/gridpoints/BOX/71,101/forecast/hourly",nws_hourly_forecast:1788198135408977000:ffc38594d6cf3ab7b71e3cd4a7d1771cc79a4a47c0ff414c280f2105e1942a9d
NWS:boston:hdd_65,NOAA / National Weather Service,weather_forecast,Forecast HDD,Boston,2026-09-05T04:00:00.000000Z,2026-09-06T04:00:00.000000Z,0.0,degree-days,2026-08-31T17:35:19.000000Z,2026-08-31T17:42:15.408977Z,2026-08-31T17:35:19Z,"https://api.weather.gov/gridpoints/BOX/71,101/forecast/hourly",nws_hourly_forecast:1788198135408977000:ffc38594d6cf3ab7b71e3cd4a7d1771cc79a4a47c0ff414c280f2105e1942a9d
NWS:boston:mean_temperature,NOAA / National Weather Service,weather_forecast,Forecast mean temperature,Boston,2026-09-05T04:00:00.000000Z,2026-09-06T04:00:00.000000Z,66.17,degF,2026-08-31T17:35:19.000000Z,2026-08-31T17:42:15.408977Z,2026-08-31T17:35:19Z,"https://api.weather.gov/gridpoints/BOX/71,101/forecast/hourly",nws_hourly_forecast:1788198135408977000:ffc38594d6cf3ab7b71e3cd4a7d1771cc79a4a47c0ff414c280f2105e1942a9d
NWS:boston:cdd_65,NOAA / National Weather Service,weather_forecast,Forecast CDD,Boston,2026-09-06T04:00:00.000000Z,2026-09-07T04:00:00.000000Z,0.79,degree-days,2026-08-31T17:35:19.000000Z,2026-08-31T17:42:15.408977Z,2026-08-31T17:35:19Z,"https://api.weather.gov/gridpoints/BOX/71,101/forecast/hourly",nws_hourly_forecast:1788198135408977000:ffc38594d6cf3ab7b71e3cd4a7d1771cc79a4a47c0ff414c280f2105e1942a9d
NWS:boston:hdd_65,NOAA / National Weather Service,weather_forecast,Forecast HDD,Boston,2026-09-06T04:00:00.000000Z,2026-09-07T04:00:00.000000Z,0.0,degree-days,2026-08-31T17:35:19.000000Z,2026-08-31T17:42:15.408977Z,2026-08-31T17:35:19Z,"https://api.weather.gov/gridpoints/BOX/71,101/forecast/hourly",nws_hourly_forecast:1788198135408977000:ffc38594d6cf3ab7b71e3cd4a7d1771cc79a4a47c0ff414c280f2105e1942a9d
NWS:boston:mean_temperature,NOAA / National Weather Service,weather_forecast,Forecast mean temperature,Boston,2026-09-06T04:00:00.000000Z,2026-09-07T04:00:00.000000Z,65.79,degF,2026-08-31T17:35:19.000000Z,2026-08-31T17:42:15.408977Z,2026-08-31T17:35:19Z,"https://api.weather.gov/gridpoints/BOX/71,101/forecast/hourly",nws_hourly_forecast:1788198135408977000:ffc38594d6cf3ab7b71e3cd4a7d1771cc79a4a47c0ff414c280f2105e1942a9d
NWS:new_york:cdd_65,NOAA / National Weather Service,weather_forecast,Forecast CDD,New York City,2026-09-01T04:00:00.000000Z,2026-09-02T04:00:00.000000Z,12.75,degree-days,2026-08-31T17:26:48.000000Z,2026-08-31T17:42:15.109644Z,2026-08-31T17:26:48Z,"https://api.weather.gov/gridpoints/OKX/33,42/forecast/hourly",nws_hourly_forecast:1788198135109644000:d57c58d9504f59caeee81f58253e15dce43a480f259d5c0ead7f4c1ecd5320c0
NWS:new_york:hdd_65,NOAA / National Weather Service,weather_forecast,Forecast HDD,New York City,2026-09-01T04:00:00.000000Z,2026-09-02T04:00:00.000000Z,0.0,degree-days,2026-08-31T17:26:48.000000Z,2026-08-31T17:42:15.109644Z,2026-08-31T17:26:48Z,"https://api.weather.gov/gridpoints/OKX/33,42/forecast/hourly",nws_hourly_forecast:1788198135109644000:d57c58d9504f59caeee81f58253e15dce43a480f259d5c0ead7f4c1ecd5320c0
NWS:new_york:mean_temperature,NOAA / National Weather Service,weather_forecast,Forecast mean temperature,New York City,2026-09-01T04:00:00.000000Z,2026-09-02T04:00:00.000000Z,77.75,degF,2026-08-31T17:26:48.000000Z,2026-08-31T17:42:15.109644Z,2026-08-31T17:26:48Z,"https://api.weather.gov/gridpoints/OKX/33,42/forecast/hourly",nws_hourly_forecast:1788198135109644000:d57c58d9504f59caeee81f58253e15dce43a480f259d5c0ead7f4c1ecd5320c0
NWS:new_york:cdd_65,NOAA / National Weather Service,weather_forecast,Forecast CDD,New York City,2026-09-02T04:00:00.000000Z,2026-09-03T04:00:00.000000Z,10.0,degree-days,2026-08-31T17:26:48.000000Z,2026-08-31T17:42:15.109644Z,2026-08-31T17:26:48Z,"https://api.weather.gov/gridpoints/OKX/33,42/forecast/hourly",nws_hourly_forecast:1788198135109644000:d57c58d9504f59caeee81f58253e15dce43a480f259d5c0ead7f4c1ecd5320c0
NWS:new_york:hdd_65,NOAA / National Weather Service,weather_forecast,Forecast HDD,New York City,2026-09-02T04:00:00.000000Z,2026-09-03T04:00:00.000000Z,0.0,degree-days,2026-08-31T17:26:48.000000Z,2026-08-31T17:42:15.109644Z,2026-08-31T17:26:48Z,"https://api.weather.gov/gridpoints/OKX/33,42/forecast/hourly",nws_hourly_forecast:1788198135109644000:d57c58d9504f59caeee81f58253e15dce43a480f259d5c0ead7f4c1ecd5320c0
NWS:new_york:mean_temperature,NOAA / National Weather Service,weather_forecast,Forecast mean temperature,New York City,2026-09-02T04:00:00.000000Z,2026-09-03T04:00:00.000000Z,75.0,degF,2026-08-31T17:26:48.000000Z,2026-08-31T17:42:15.109644Z,2026-08-31T17:26:48Z,"https://api.weather.gov/gridpoints/OKX/33,42/forecast/hourly",nws_hourly_forecast:1788198135109644000:d57c58d9504f59caeee81f58253e15dce43a480f259d5c0ead7f4c1ecd5320c0
NWS:new_york:cdd_65,NOAA / National Weather Service,weather_forecast,Forecast CDD,New York City,2026-09-03T04:00:00.000000Z,2026-09-04T04:00:00.000000Z,12.54,degree-days,2026-08-31T17:26:48.000000Z,2026-08-31T17:42:15.109644Z,2026-08-31T17:26:48Z,"https://api.weather.gov/gridpoints/OKX/33,42/forecast/hourly",nws_hourly_forecast:1788198135109644000:d57c58d9504f59caeee81f58253e15dce43a480f259d5c0ead7f4c1ecd5320c0
NWS:new_york:hdd_65,NOAA / National Weather Service,weather_forecast,Forecast HDD,New York City,2026-09-03T04:00:00.000000Z,2026-09-04T04:00:00.000000Z,0.0,degree-days,2026-08-31T17:26:48.000000Z,2026-08-31T17:42:15.109644Z,2026-08-31T17:26:48Z,"https://api.weather.gov/gridpoints/OKX/33,42/forecast/hourly",nws_hourly_forecast:1788198135109644000:d57c58d9504f59caeee81f58253e15dce43a480f259d5c0ead7f4c1ecd5320c0
NWS:new_york:mean_temperature,NOAA / National Weather Service,weather_forecast,Forecast mean temperature,New York City,2026-09-03T04:00:00.000000Z,2026-09-04T04:00:00.000000Z,77.54,degF,2026-08-31T17:26:48.000000Z,2026-08-31T17:42:15.109644Z,2026-08-31T17:26:48Z,"https://api.weather.gov/gridpoints/OKX/33,42/forecast/hourly",nws_hourly_forecast:1788198135109644000:d57c58d9504f59caeee81f58253e15dce43a480f259d5c0ead7f4c1ecd5320c0
NWS:new_york:cdd_65,NOAA / National Weather Service,weather_forecast,Forecast CDD,New York City,2026-09-04T04:00:00.000000Z,2026-09-05T04:00:00.000000Z,10.62,degree-days,2026-08-31T17:26:48.000000Z,2026-08-31T17:42:15.109644Z,2026-08-31T17:26:48Z,"https://api.weather.gov/gridpoints/OKX/33,42/forecast/hourly",nws_hourly_forecast:1788198135109644000:d57c58d9504f59caeee81f58253e15dce43a480f259d5c0ead7f4c1ecd5320c0
NWS:new_york:hdd_65,NOAA / National Weather Service,weather_forecast,Forecast HDD,New York City,2026-09-04T04:00:00.000000Z,2026-09-05T04:00:00.000000Z,0.0,degree-days,2026-08-31T17:26:48.000000Z,2026-08-31T17:42:15.109644Z,2026-08-31T17:26:48Z,"https://api.weather.gov/gridpoints/OKX/33,42/forecast/hourly",nws_hourly_forecast:1788198135109644000:d57c58d9504f59caeee81f58253e15dce43a480f259d5c0ead7f4c1ecd5320c0
NWS:new_york:mean_temperature,NOAA / National Weather Service,weather_forecast,Forecast mean temperature,New York City,2026-09-04T04:00:00.000000Z,2026-09-05T04:00:00.000000Z,75.62,degF,2026-08-31T17:26:48.000000Z,2026-08-31T17:42:15.109644Z,2026-08-31T17:26:48Z,"https://api.weather.gov/gridpoints/OKX/33,42/forecast/hourly",nws_hourly_forecast:1788198135109644000:d57c58d9504f59caeee81f58253e15dce43a480f259d5c0ead7f4c1ecd5320c0
NWS:new_york:cdd_65,NOAA / National Weather Service,weather_forecast,Forecast CDD,New York City,2026-09-05T04:00:00.000000Z,2026-09-06T04:00:00.000000Z,6.71,degree-days,2026-08-31T17:26:48.000000Z,2026-08-31T17:42:15.109644Z,2026-08-31T17:26:48Z,"https://api.weather.gov/gridpoints/OKX/33,42/forecast/hourly",nws_hourly_forecast:1788198135109644000:d57c58d9504f59caeee81f58253e15dce43a480f259d5c0ead7f4c1ecd5320c0
NWS:new_york:hdd_65,NOAA / National Weather Service,weather_forecast,Forecast HDD,New York City,2026-09-05T04:00:00.000000Z,2026-09-06T04:00:00.000000Z,0.0,degree-days,2026-08-31T17:26:48.000000Z,2026-08-31T17:42:15.109644Z,2026-08-31T17:26:48Z,"https://api.weather.gov/gridpoints/OKX/33,42/forecast/hourly",nws_hourly_forecast:1788198135109644000:d57c58d9504f59caeee81f58253e15dce43a480f259d5c0ead7f4c1ecd5320c0
NWS:new_york:mean_temperature,NOAA / National Weather Service,weather_forecast,Forecast mean temperature,New York City,2026-09-05T04:00:00.000000Z,2026-09-06T04:00:00.000000Z,71.71,degF,2026-08-31T17:26:48.000000Z,2026-08-31T17:42:15.109644Z,2026-08-31T17:26:48Z,"https://api.weather.gov/gridpoints/OKX/33,42/forecast/hourly",nws_hourly_forecast:1788198135109644000:d57c58d9504f59caeee81f58253e15dce43a480f259d5c0ead7f4c1ecd5320c0
NWS:new_york:cdd_65,NOAA / National Weather Service,weather_forecast,Forecast CDD,New York City,2026-09-06T04:00:00.000000Z,2026-09-07T04:00:00.000000Z,5.54,degree-days,2026-08-31T17:26:48.000000Z,2026-08-31T17:42:15.109644Z,2026-08-31T17:26:48Z,"https://api.weather.gov/gridpoints/OKX/33,42/forecast/hourly",nws_hourly_forecast:1788198135109644000:d57c58d9504f59caeee81f58253e15dce43a480f259d5c0ead7f4c1ecd5320c0
NWS:new_york:hdd_65,NOAA / National Weather Service,weather_forecast,Forecast HDD,New York City,2026-09-06T04:00:00.000000Z,2026-09-07T04:00:00.000000Z,0.0,degree-days,2026-08-31T17:26:48.000000Z,2026-08-31T17:42:15.109644Z,2026-08-31T17:26:48Z,"https://api.weather.gov/gridpoints/OKX/33,42/forecast/hourly",nws_hourly_forecast:1788198135109644000:d57c58d9504f59caeee81f58253e15dce43a480f259d5c0ead7f4c1ecd5320c0
NWS:new_york:mean_temperature,NOAA / National Weather Service,weather_forecast,Forecast mean temperature,New York City,2026-09-06T04:00:00.000000Z,2026-09-07T04:00:00.000000Z,70.54,degF,2026-08-31T17:26:48.000000Z,2026-08-31T17:42:15.109644Z,2026-08-31T17:26:48Z,"https://api.weather.gov/gridpoints/OKX/33,42/forecast/hourly",nws_hourly_forecast:1788198135109644000:d57c58d9504f59caeee81f58253e15dce43a480f259d5c0ead7f4c1ecd5320c0
EIA:DHHNGSP,U.S. EIA,physical_spot,Henry Hub physical spot,Henry Hub,2024-09-03T05:00:00.000000Z,2024-09-04T05:00:00.000000Z,1.93,USD/MMBtu,,2026-08-31T17:42:13.010673Z,2026-08-26,https://www.eia.gov/dnav/ng/hist/rngwhhdD.htm,eia_henry_hub_spot:1788198133010673000:3241dfb4a8883f486cfb073eb5161263d2da2c27ccb423435106659f0cd0bc3e
EIA:DHHNGSP,U.S. EIA,physical_spot,Henry Hub physical spot,Henry Hub,2024-09-04T05:00:00.000000Z,2024-09-05T05:00:00.000000Z,2.05,USD/MMBtu,,2026-08-31T17:42:13.010673Z,2026-08-26,https://www.eia.gov/dnav/ng/hist/rngwhhdD.htm,eia_henry_hub_spot:1788198133010673000:3241dfb4a8883f486cfb073eb5161263d2da2c27ccb423435106659f0cd0bc3e
EIA:DHHNGSP,U.S. EIA,physical_spot,Henry Hub physical spot,Henry Hub,2024-09-05T05:00:00.000000Z,2024-09-06T05:00:00.000000Z,2.02,USD/MMBtu,,2026-08-31T17:42:13.010673Z,2026-08-26,https://www.eia.gov/dnav/ng/hist/rngwhhdD.htm,eia_henry_hub_spot:1788198133010673000:3241dfb4a8883f486cfb073eb5161263d2da2c27ccb423435106659f0cd0bc3e
EIA:DHHNGSP,U.S. EIA,physical_spot,Henry Hub physical spot,Henry Hub,2024-09-06T05:00:00.000000Z,2024-09-07T05:00:00.000000Z,2.09,USD/MMBtu,,2026-08-31T17:42:13.010673Z,2026-08-26,https://www.eia.gov/dnav/ng/hist/rngwhhdD.htm,eia_henry_hub_spot:1788198133010673000:3241dfb4a8883f486cfb073eb5161263d2da2c27ccb423435106659f0cd0bc3e
EIA:DHHNGSP,U.S. EIA,physical_spot,Henry Hub physical spot,Henry Hub,2024-09-09T05:00:00.000000Z,2024-09-10T05:00:00.000000Z,2.03,USD/MMBtu,,2026-08-31T17:42:13.010673Z,2026-08-26,https://www.eia.gov/dnav/ng/hist/rngwhhdD.htm,eia_henry_hub_spot:1788198133010673000:3241dfb4a8883f486cfb073eb5161263d2da2c27ccb423435106659f0cd0bc3e
EIA:DHHNGSP,U.S. EIA,physical_spot,Henry Hub physical spot,Henry Hub,2024-09-10T05:00:00.000000Z,2024-09-11T05:00:00.000000Z,2.13,USD/MMBtu,,2026-08-31T17:42:13.010673Z,2026-08-26,https://www.eia.gov/dnav/ng/hist/rngwhhdD.htm,eia_henry_hub_spot:1788198133010673000:3241dfb4a8883f486cfb073eb5161263d2da2c27ccb423435106659f0cd0bc3e
EIA:DHHNGSP,U.S. EIA,physical_spot,Henry Hub physical spot,Henry Hub,2024-09-11T05:00:00.000000Z,2024-09-12T05:00:00.000000Z,2.13,USD/MMBtu,,2026-08-31T17:42:13.010673Z,2026-08-26,https://www.eia.gov/dnav/ng/hist/rngwhhdD.htm,eia_henry_hub_spot:1788198133010673000:3241dfb4a8883f486cfb073eb5161263d2da2c27ccb423435106659f0cd0bc3e
EIA:DHHNGSP,U.S. EIA,physical_spot,Henry Hub physical spot,Henry Hub,2024-09-12T05:00:00.000000Z,2024-09-13T05:00:00.000000Z,2.13,USD/MMBtu,,2026-08-31T17:42:13.010673Z,2026-08-26,https://www.eia.gov/dnav/ng/hist/rngwhhdD.htm,eia_henry_hub_spot:1788198133010673000:3241dfb4a8883f486cfb073eb5161263d2da2c27ccb423435106659f0cd0bc3e
EIA:DHHNGSP,U.S. EIA,physical_spot,Henry Hub physical spot,Henry Hub,2024-09-13T05:00:00.000000Z,2024-09-14T05:00:00.000000Z,2.25,USD/MMBtu,,2026-08-31T17:42:13.010673Z,2026-08-26,https://www.eia.gov/dnav/ng/hist/rngwhhdD.htm,eia_henry_hub_spot:1788198133010673000:3241dfb4a8883f486cfb073eb5161263d2da2c27ccb423435106659f0cd0bc3e
EIA:DHHNGSP,U.S. EIA,physical_spot,Henry Hub physical spot,Henry Hub,2024-09-16T05:00:00.000000Z,2024-09-17T05:00:00.000000Z,2.23,USD/MMBtu,,2026-08-31T17:42:13.010673Z,2026-08-26,https://www.eia.gov/dnav/ng/hist/rngwhhdD.htm,eia_henry_hub_spot:1788198133010673000:3241dfb4a8883f486cfb073eb5161263d2da2c27ccb423435106659f0cd0bc3e
EIA:DHHNGSP,U.S. EIA,physical_spot,Henry Hub physical spot,Henry Hub,2024-09-17T05:00:00.000000Z,2024-09-18T05:00:00.000000Z,2.33,USD/MMBtu,,2026-08-31T17:42:13.010673Z,2026-08-26,https://www.eia.gov/dnav/ng/hist/rngwhhdD.htm,eia_henry_hub_spot:1788198133010673000:3241dfb4a8883f486cfb073eb5161263d2da2c27ccb423435106659f0cd0bc3e
EIA:DHHNGSP,U.S. EIA,physical_spot,Henry Hub physical spot,Henry Hub,2024-09-18T05:00:00.000000Z,2024-09-19T05:00:00.000000Z,2.31,USD/MMBtu,,2026-08-31T17:42:13.010673Z,2026-08-26,https://www.eia.gov/dnav/ng/hist/rngwhhdD.htm,eia_henry_hub_spot:1788198133010673000:3241dfb4a8883f486cfb073eb5161263d2da2c27ccb423435106659f0cd0bc3e
EIA:DHHNGSP,U.S. EIA,physical_spot,Henry Hub physical spot,Henry Hub,2024-09-19T05:00:00.000000Z,2024-09-20T05:00:00.000000Z,2.24,USD/MMBtu,,2026-08-31T17:42:13.010673Z,2026-08-26,https://www.eia.gov/dnav/ng/hist/rngwhhdD.htm,eia_henry_hub_spot:1788198133010673000:3241dfb4a8883f486cfb073eb5161263d2da2c27ccb423435106659f0cd0bc3e
EIA:DHHNGSP,U.S. EIA,physical_spot,Henry Hub physical spot,Henry Hub,2024-09-20T05:00:00.000000Z,2024-09-21T05:00:00.000000Z,2.2,USD/MMBtu,,2026-08-31T17:42:13.010673Z,2026-08-26,https://www.eia.gov/dnav/ng/hist/rngwhhdD.htm,eia_henry_hub_spot:1788198133010673000:3241dfb4a8883f486cfb073eb5161263d2da2c27ccb423435106659f0cd0bc3e
EIA:DHHNGSP,U.S. EIA,physical_spot,Henry Hub physical spot,Henry Hub,2024-09-23T05:00:00.000000Z,2024-09-24T05:00:00.000000Z,2.4,USD/MMBtu,,2026-08-31T17:42:13.010673Z,2026-08-26,https://www.eia.gov/dnav/ng/hist/rngwhhdD.htm,eia_henry_hub_spot:1788198133010673000:3241dfb4a8883f486cfb073eb5161263d2da2c27ccb423435106659f0cd0bc3e
EIA:DHHNGSP,U.S. EIA,physical_spot,Henry Hub physical spot,Henry Hub,2024-09-24T05:00:00.000000Z,2024-09-25T05:00:00.000000Z,2.61,USD/MMBtu,,2026-08-31T17:42:13.010673Z,2026-08-26,https://www.eia.gov/dnav/ng/hist/rngwhhdD.htm,eia_henry_hub_spot:1788198133010673000:3241dfb4a8883f486cfb073eb5161263d2da2c27ccb423435106659f0cd0bc3e
EIA:DHHNGSP,U.S. EIA,physical_spot,Henry Hub physical spot,Henry Hub,2024-09-25T05:00:00.000000Z,2024-09-26T05:00:00.000000Z,2.62,USD/MMBtu,,2026-08-31T17:42:13.010673Z,2026-08-26,https://www.eia.gov/dnav/ng/hist/rngwhhdD.htm,eia_henry_hub_spot:1788198133010673000:3241dfb4a8883f486cfb073eb5161263d2da2c27ccb423435106659f0cd0bc3e
EIA:DHHNGSP,U.S. EIA,physical_spot,Henry Hub physical spot,Henry Hub,2024-09-26T05:00:00.000000Z,2024-09-27T05:00:00.000000Z,2.64,USD/MMBtu,,2026-08-31T17:42:13.010673Z,2026-08-26,https://www.eia.gov/dnav/ng/hist/rngwhhdD.htm,eia_henry_hub_spot:1788198133010673000:3241dfb4a8883f486cfb073eb5161263d2da2c27ccb423435106659f0cd0bc3e
EIA:DHHNGSP,U.S. EIA,physical_spot,Henry Hub physical spot,Henry Hub,2024-09-27T05:00:00.000000Z,2024-09-28T05:00:00.000000Z,2.53,USD/MMBtu,,2026-08-31T17:42:13.010673Z,2026-08-26,https://www.eia.gov/dnav/ng/hist/rngwhhdD.htm,eia_henry_hub_spot:1788198133010673000:3241dfb4a8883f486cfb073eb5161263d2da2c27ccb423435106659f0cd0bc3e
EIA:DHHNGSP,U.S. EIA,physical_spot,Henry Hub physical spot,Henry Hub,2024-09-30T05:00:00.000000Z,2024-10-01T05:00:00.000000Z,2.65,USD/MMBtu,,2026-08-31T17:42:13.010673Z,2026-08-26,https://www.eia.gov/dnav/ng/hist/rngwhhdD.htm,eia_henry_hub_spot:1788198133010673000:3241dfb4a8883f486cfb073eb5161263d2da2c27ccb423435106659f0cd0bc3e
EIA:DHHNGSP,U.S. EIA,physical_spot,Henry Hub physical spot,Henry Hub,2024-10-01T05:00:00.000000Z,2024-10-02T05:00:00.000000Z,2.67,USD/MMBtu,,2026-08-31T17:42:13.010673Z,2026-08-26,https://www.eia.gov/dnav/ng/hist/rngwhhdD.htm,eia_henry_hub_spot:1788198133010673000:3241dfb4a8883f486cfb073eb5161263d2da2c27ccb423435106659f0cd0bc3e
EIA:DHHNGSP,U.S. EIA,physical_spot,Henry Hub physical spot,Henry Hub,2024-10-02T05:00:00.000000Z,2024-10-03T05:00:00.000000Z,2.77,USD/MMBtu,,2026-08-31T17:42:13.010673Z,2026-08-26,https://www.eia.gov/dnav/ng/hist/rngwhhdD.htm,eia_henry_hub_spot:1788198133010673000:3241dfb4a8883f486cfb073eb5161263d2da2c27ccb423435106659f0cd0bc3e
EIA:DHHNGSP,U.S. EIA,physical_spot,Henry Hub physical spot,Henry Hub,2024-10-03T05:00:00.000000Z,2024-10-04T05:00:00.000000Z,2.75,USD/MMBtu,,2026-08-31T17:42:13.010673Z,2026-08-26,https://www.eia.gov/dnav/ng/hist/rngwhhdD.htm,eia_henry_hub_spot:1788198133010673000:3241dfb4a8883f486cfb073eb5161263d2da2c27ccb423435106659f0cd0bc3e
EIA:DHHNGSP,U.S. EIA,physical_spot,Henry Hub physical spot,Henry Hub,2024-10-04T05:00:00.000000Z,2024-10-05T05:00:00.000000Z,2.49,USD/MMBtu,,2026-08-31T17:42:13.010673Z,2026-08-26,https://www.eia.gov/dnav/ng/hist/rngwhhdD.htm,eia_henry_hub_spot:1788198133010673000:3241dfb4a8883f486cfb073eb5161263d2da2c27ccb423435106659f0cd0bc3e
EIA:DHHNGSP,U.S. EIA,physical_spot,Henry Hub physical spot,Henry Hub,2024-10-07T05:00:00.000000Z,2024-10-08T05:00:00.000000Z,2.51,USD/MMBtu,,2026-08-31T17:42:13.010673Z,2026-08-26,https://www.eia.gov/dnav/ng/hist/rngwhhdD.htm,eia_henry_hub_spot:1788198133010673000:3241dfb4a8883f486cfb073eb5161263d2da2c27ccb423435106659f0cd0bc3e
EIA:DHHNGSP,U.S. EIA,physical_spot,Henry Hub physical spot,Henry Hub,2024-10-08T05:00:00.000000Z,2024-10-09T05:00:00.000000Z,2.51,USD/MMBtu,,2026-08-31T17:42:13.010673Z,2026-08-26,https://www.eia.gov/dnav/ng/hist/rngwhhdD.htm,eia_henry_hub_spot:1788198133010673000:3241dfb4a8883f486cfb073eb5161263d2da2c27ccb423435106659f0cd0bc3e
EIA:DHHNGSP,U.S. EIA,physical_spot,Henry Hub physical spot,Henry Hub,2024-10-09T05:00:00.000000Z,2024-10-10T05:00:00.000000Z,2.43,USD/MMBtu,,2026-08-31T17:42:13.010673Z,2026-08-26,https://www.eia.gov/dnav/ng/hist/rngwhhdD.htm,eia_henry_hub_spot:1788198133010673000:3241dfb4a8883f486cfb073eb5161263d2da2c27ccb423435106659f0cd0bc3e
EIA:DHHNGSP,U.S. EIA,physical_spot,Henry Hub physical spot,Henry Hub,2024-10-10T05:00:00.000000Z,2024-10-11T05:00:00.000000Z,2.26,USD/MMBtu,,2026-08-31T17:42:13.010673Z,2026-08-26,https://www.eia.gov/dnav/ng/hist/rngwhhdD.htm,eia_henry_hub_spot:1788198133010673000:3241dfb4a8883f486cfb073eb5161263d2da2c27ccb423435106659f0cd0bc3e
EIA:DHHNGSP,U.S. EIA,physical_spot,Henry Hub physical spot,Henry Hub,2024-10-11T05:00:00.000000Z,2024-10-12T05:00:00.000000Z,2.31,USD/MMBtu,,2026-08-31T17:42:13.010673Z,2026-08-26,https://www.eia.gov/dnav/ng/hist/rngwhhdD.htm,eia_henry_hub_spot:1788198133010673000:3241dfb4a8883f486cfb073eb5161263d2da2c27ccb423435106659f0cd0bc3e
EIA:DHHNGSP,U.S. EIA,physical_spot,Henry Hub physical spot,Henry Hub,2024-10-15T05:00:00.000000Z,2024-10-16T05:00:00.000000Z,2.37,USD/MMBtu,,2026-08-31T17:42:13.010673Z,2026-08-26,https://www.eia.gov/dnav/ng/hist/rngwhhdD.htm,eia_henry_hub_spot:1788198133010673000:3241dfb4a8883f486cfb073eb5161263d2da2c27ccb423435106659f0cd0bc3e
EIA:DHHNGSP,U.S. EIA,physical_spot,Henry Hub physical spot,Henry Hub,2024-10-16T05:00:00.000000Z,2024-10-17T05:00:00.000000Z,2.21,USD/MMBtu,,2026-08-31T17:42:13.010673Z,2026-08-26,https://www.eia.gov/dnav/ng/hist/rngwhhdD.htm,eia_henry_hub_spot:1788198133010673000:3241dfb4a8883f486cfb073eb5161263d2da2c27ccb423435106659f0cd0bc3e
EIA:DHHNGSP,U.S. EIA,physical_spot,Henry Hub physical spot,Henry Hub,2024-10-17T05:00:00.000000Z,2024-10-18T05:00:00.000000Z,2.19,USD/MMBtu,,2026-08-31T17:42:13.010673Z,2026-08-26,https://www.eia.gov/dnav/ng/hist/rngwhhdD.htm,eia_henry_hub_spot:1788198133010673000:3241dfb4a8883f486cfb073eb5161263d2da2c27ccb423435106659f0cd0bc3e
EIA:DHHNGSP,U.S. EIA,physical_spot,Henry Hub physical spot,Henry Hub,2024-10-18T05:00:00.000000Z,2024-10-19T05:00:00.000000Z,1.82,USD/MMBtu,,2026-08-31T17:42:13.010673Z,2026-08-26,https://www.eia.gov/dnav/ng/hist/rngwhhdD.htm,eia_henry_hub_spot:1788198133010673000:3241dfb4a8883f486cfb073eb5161263d2da2c27ccb423435106659f0cd0bc3e
EIA:DHHNGSP,U.S. EIA,physical_spot,Henry Hub physical spot,Henry Hub,2024-10-21T05:00:00.000000Z,2024-10-22T05:00:00.000000Z,1.76,USD/MMBtu,,2026-08-31T17:42:13.010673Z,2026-08-26,https://www.eia.gov/dnav/ng/hist/rngwhhdD.htm,eia_henry_hub_spot:1788198133010673000:3241dfb4a8883f486cfb073eb5161263d2da2c27ccb423435106659f0cd0bc3e
EIA:DHHNGSP,U.S. EIA,physical_spot,Henry Hub physical spot,Henry Hub,2024-10-22T05:00:00.000000Z,2024-10-23T05:00:00.000000Z,1.76,USD/MMBtu,,2026-08-31T17:42:13.010673Z,2026-08-26,https://www.eia.gov/dnav/ng/hist/rngwhhdD.htm,eia_henry_hub_spot:1788198133010673000:3241dfb4a8883f486cfb073eb5161263d2da2c27ccb423435106659f0cd0bc3e
EIA:DHHNGSP,U.S. EIA,physical_spot,Henry Hub physical spot,Henry Hub,2024-10-23T05:00:00.000000Z,2024-10-24T05:00:00.000000Z,1.9,USD/MMBtu,,2026-08-31T17:42:13.010673Z,2026-08-26,https://www.eia.gov/dnav/ng/hist/rngwhhdD.htm,eia_henry_hub_spot:1788198133010673000:3241dfb4a8883f486cfb073eb5161263d2da2c27ccb423435106659f0cd0bc3e
EIA:DHHNGSP,U.S. EIA,physical_spot,Henry Hub physical spot,Henry Hub,2024-10-24T05:00:00.000000Z,2024-10-25T05:00:00.000000Z,2.04,USD/MMBtu,,2026-08-31T17:42:13.010673Z,2026-08-26,https://www.eia.gov/dnav/ng/hist/rngwhhdD.htm,eia_henry_hub_spot:1788198133010673000:3241dfb4a8883f486cfb073eb5161263d2da2c27ccb423435106659f0cd0bc3e
EIA:DHHNGSP,U.S. EIA,physical_spot,Henry Hub physical spot,Henry Hub,2024-10-25T05:00:00.000000Z,2024-10-26T05:00:00.000000Z,1.93,USD/MMBtu,,2026-08-31T17:42:13.010673Z,2026-08-26,https://www.eia.gov/dnav/ng/hist/rngwhhdD.htm,eia_henry_hub_spot:1788198133010673000:3241dfb4a8883f486cfb073eb5161263d2da2c27ccb423435106659f0cd0bc3e
EIA:DHHNGSP,U.S. EIA,physical_spot,Henry Hub physical spot,Henry Hub,2024-10-28T05:00:00.000000Z,2024-10-29T05:00:00.000000Z,2.03,USD/MMBtu,,2026-08-31T17:42:13.010673Z,2026-08-26,https://www.eia.gov/dnav/ng/hist/rngwhhdD.htm,eia_henry_hub_spot:1788198133010673000:3241dfb4a8883f486cfb073eb5161263d2da2c27ccb423435106659f0cd0bc3e
EIA:DHHNGSP,U.S. EIA,physical_spot,Henry Hub physical spot,Henry Hub,2024-10-29T05:00:00.000000Z,2024-10-30T05:00:00.000000Z,1.82,USD/MMBtu,,2026-08-31T17:42:13.010673Z,2026-08-26,https://www.eia.gov/dnav/ng/hist/rngwhhdD.htm,eia_henry_hub_spot:1788198133010673000:3241dfb4a8883f486cfb073eb5161263d2da2c27ccb423435106659f0cd0bc3e
EIA:DHHNGSP,U.S. EIA,physical_spot,Henry Hub physical spot,Henry Hub,2024-10-30T05:00:00.000000Z,2024-10-31T05:00:00.000000Z,2.03,USD/MMBtu,,2026-08-31T17:42:13.010673Z,2026-08-26,https://www.eia.gov/dnav/ng/hist/rngwhhdD.htm,eia_henry_hub_spot:1788198133010673000:3241dfb4a8883f486cfb073eb5161263d2da2c27ccb423435106659f0cd0bc3e
EIA:DHHNGSP,U.S. EIA,physical_spot,Henry Hub physical spot,Henry Hub,2024-10-31T05:00:00.000000Z,2024-11-01T05:00:00.000000Z,1.82,USD/MMBtu,,2026-08-31T17:42:13.010673Z,2026-08-26,https://www.eia.gov/dnav/ng/hist/rngwhhdD.htm,eia_henry_hub_spot:1788198133010673000:3241dfb4a8883f486cfb073eb5161263d2da2c27ccb423435106659f0cd0bc3e
EIA:DHHNGSP,U.S. EIA,physical_spot,Henry Hub physical spot,Henry Hub,2024-11-01T05:00:00.000000Z,2024-11-02T05:00:00.000000Z,1.42,USD/MMBtu,,2026-08-31T17:42:13.010673Z,2026-08-26,https://www.eia.gov/dnav/ng/hist/rngwhhdD.htm,eia_henry_hub_spot:1788198133010673000:3241dfb4a8883f486cfb073eb5161263d2da2c27ccb423435106659f0cd0bc3e
EIA:DHHNGSP,U.S. EIA,physical_spot,Henry Hub physical spot,Henry Hub,2024-11-04T06:00:00.000000Z,2024-11-05T06:00:00.000000Z,1.35,USD/MMBtu,,2026-08-31T17:42:13.010673Z,2026-08-26,https://www.eia.gov/dnav/ng/hist/rngwhhdD.htm,eia_henry_hub_spot:1788198133010673000:3241dfb4a8883f486cfb073eb5161263d2da2c27ccb423435106659f0cd0bc3e
EIA:DHHNGSP,U.S. EIA,physical_spot,Henry Hub physical spot,Henry Hub,2024-11-05T06:00:00.000000Z,2024-11-06T06:00:00.000000Z,1.62,USD/MMBtu,,2026-08-31T17:42:13.010673Z,2026-08-26,https://www.eia.gov/dnav/ng/hist/rngwhhdD.htm,eia_henry_hub_spot:1788198133010673000:3241dfb4a8883f486cfb073eb5161263d2da2c27ccb423435106659f0cd0bc3e
EIA:DHHNGSP,U.S. EIA,physical_spot,Henry Hub physical spot,Henry Hub,2024-11-06T06:00:00.000000Z,2024-11-07T06:00:00.000000Z,1.8,USD/MMBtu,,2026-08-31T17:42:13.010673Z,2026-08-26,https://www.eia.gov/dnav/ng/hist/rngwhhdD.htm,eia_henry_hub_spot:1788198133010673000:3241dfb4a8883f486cfb073eb5161263d2da2c27ccb423435106659f0cd0bc3e
EIA:DHHNGSP,U.S. EIA,physical_spot,Henry Hub physical spot,Henry Hub,2024-11-07T06:00:00.000000Z,2024-11-08T06:00:00.000000Z,1.49,USD/MMBtu,,2026-08-31T17:42:13.010673Z,2026-08-26,https://www.eia.gov/dnav/ng/hist/rngwhhdD.htm,eia_henry_hub_spot:1788198133010673000:3241dfb4a8883f486cfb073eb5161263d2da2c27ccb423435106659f0cd0bc3e
EIA:DHHNGSP,U.S. EIA,physical_spot,Henry Hub physical spot,Henry Hub,2024-11-08T06:00:00.000000Z,2024-11-09T06:00:00.000000Z,1.21,USD/MMBtu,,2026-08-31T17:42:13.010673Z,2026-08-26,https://www.eia.gov/dnav/ng/hist/rngwhhdD.htm,eia_henry_hub_spot:1788198133010673000:3241dfb4a8883f486cfb073eb5161263d2da2c27ccb423435106659f0cd0bc3e
EIA:DHHNGSP,U.S. EIA,physical_spot,Henry Hub physical spot,Henry Hub,2024-11-11T06:00:00.000000Z,2024-11-12T06:00:00.000000Z,1.21,USD/MMBtu,,2026-08-31T17:42:13.010673Z,2026-08-26,https://www.eia.gov/dnav/ng/hist/rngwhhdD.htm,eia_henry_hub_spot:1788198133010673000:3241dfb4a8883f486cfb073eb5161263d2da2c27ccb423435106659f0cd0bc3e
EIA:DHHNGSP,U.S. EIA,physical_spot,Henry Hub physical spot,Henry Hub,2024-11-12T06:00:00.000000Z,2024-11-13T06:00:00.000000Z,1.92,USD/MMBtu,,2026-08-31T17:42:13.010673Z,2026-08-26,https://www.eia.gov/dnav/ng/hist/rngwhhdD.htm,eia_henry_hub_spot:1788198133010673000:3241dfb4a8883f486cfb073eb5161263d2da2c27ccb423435106659f0cd0bc3e
EIA:DHHNGSP,U.S. EIA,physical_spot,Henry Hub physical spot,Henry Hub,2024-11-13T06:00:00.000000Z,2024-11-14T06:00:00.000000Z,2.06,USD/MMBtu,,2026-08-31T17:42:13.010673Z,2026-08-26,https://www.eia.gov/dnav/ng/hist/rngwhhdD.htm,eia_henry_hub_spot:1788198133010673000:3241dfb4a8883f486cfb073eb5161263d2da2c27ccb423435106659f0cd0bc3e
EIA:DHHNGSP,U.S. EIA,physical_spot,Henry Hub physical spot,Henry Hub,2024-11-14T06:00:00.000000Z,2024-11-15T06:00:00.000000Z,2.11,USD/MMBtu,,2026-08-31T17:42:13.010673Z,2026-08-26,https://www.eia.gov/dnav/ng/hist/rngwhhdD.htm,eia_henry_hub_spot:1788198133010673000:3241dfb4a8883f486cfb073eb5161263d2da2c27ccb423435106659f0cd0bc3e
EIA:DHHNGSP,U.S. EIA,physical_spot,Henry Hub physical spot,Henry Hub,2024-11-15T06:00:00.000000Z,2024-11-16T06:00:00.000000Z,1.65,USD/MMBtu,,2026-08-31T17:42:13.010673Z,2026-08-26,https://www.eia.gov/dnav/ng/hist/rngwhhdD.htm,eia_henry_hub_spot:1788198133010673000:3241dfb4a8883f486cfb073eb5161263d2da2c27ccb423435106659f0cd0bc3e
EIA:DHHNGSP,U.S. EIA,physical_spot,Henry Hub physical spot,Henry Hub,2024-11-18T06:00:00.000000Z,2024-11-19T06:00:00.000000Z,2.08,USD/MMBtu,,2026-08-31T17:42:13.010673Z,2026-08-26,https://www.eia.gov/dnav/ng/hist/rngwhhdD.htm,eia_henry_hub_spot:1788198133010673000:3241dfb4a8883f486cfb073eb5161263d2da2c27ccb423435106659f0cd0bc3e
EIA:DHHNGSP,U.S. EIA,physical_spot,Henry Hub physical spot,Henry Hub,2024-11-19T06:00:00.000000Z,2024-11-20T06:00:00.000000Z,2.1,USD/MMBtu,,2026-08-31T17:42:13.010673Z,2026-08-26,https://www.eia.gov/dnav/ng/hist/rngwhhdD.htm,eia_henry_hub_spot:1788198133010673000:3241dfb4a8883f486cfb073eb5161263d2da2c27ccb423435106659f0cd0bc3e
EIA:DHHNGSP,U.S. EIA,physical_spot,Henry Hub physical spot,Henry Hub,2024-11-20T06:00:00.000000Z,2024-11-21T06:00:00.000000Z,2.32,USD/MMBtu,,2026-08-31T17:42:13.010673Z,2026-08-26,https://www.eia.gov/dnav/ng/hist/rngwhhdD.htm,eia_henry_hub_spot:1788198133010673000:3241dfb4a8883f486cfb073eb5161263d2da2c27ccb423435106659f0cd0bc3e
EIA:DHHNGSP,U.S. EIA,physical_spot,Henry Hub physical spot,Henry Hub,2024-11-21T06:00:00.000000Z,2024-11-22T06:00:00.000000Z,2.84,USD/MMBtu,,2026-08-31T17:42:13.010673Z,2026-08-26,https://www.eia.gov/dnav/ng/hist/rngwhhdD.htm,eia_henry_hub_spot:1788198133010673000:3241dfb4a8883f486cfb073eb5161263d2da2c27ccb423435106659f0cd0bc3e
EIA:DHHNGSP,U.S. EIA,physical_spot,Henry Hub physical spot,Henry Hub,2024-11-22T06:00:00.000000Z,2024-11-23T06:00:00.000000Z,2.41,USD/MMBtu,,2026-08-31T17:42:13.010673Z,2026-08-26,https://www.eia.gov/dnav/ng/hist/rngwhhdD.htm,eia_henry_hub_spot:1788198133010673000:3241dfb4a8883f486cfb073eb5161263d2da2c27ccb423435106659f0cd0bc3e
EIA:DHHNGSP,U.S. EIA,physical_spot,Henry Hub physical spot,Henry Hub,2024-11-25T06:00:00.000000Z,2024-11-26T06:00:00.000000Z,2.78,USD/MMBtu,,2026-08-31T17:42:13.010673Z,2026-08-26,https://www.eia.gov/dnav/ng/hist/rngwhhdD.htm,eia_henry_hub_spot:1788198133010673000:3241dfb4a8883f486cfb073eb5161263d2da2c27ccb423435106659f0cd0bc3e
EIA:DHHNGSP,U.S. EIA,physical_spot,Henry Hub physical spot,Henry Hub,2024-11-26T06:00:00.000000Z,2024-11-27T06:00:00.000000Z,3.19,USD/MMBtu,,2026-08-31T17:42:13.010673Z,2026-08-26,https://www.eia.gov/dnav/ng/hist/rngwhhdD.htm,eia_henry_hub_spot:1788198133010673000:3241dfb4a8883f486cfb073eb5161263d2da2c27ccb423435106659f0cd0bc3e
EIA:DHHNGSP,U.S. EIA,physical_spot,Henry Hub physical spot,Henry Hub,2024-11-27T06:00:00.000000Z,2024-11-28T06:00:00.000000Z,3.39,USD/MMBtu,,2026-08-31T17:42:13.010673Z,2026-08-26,https://www.eia.gov/dnav/ng/hist/rngwhhdD.htm,eia_henry_hub_spot:1788198133010673000:3241dfb4a8883f486cfb073eb5161263d2da2c27ccb423435106659f0cd0bc3e
EIA:DHHNGSP,U.S. EIA,physical_spot,Henry Hub physical spot,Henry Hub,2024-11-29T06:00:00.000000Z,2024-11-30T06:00:00.000000Z,3.39,USD/MMBtu,,2026-08-31T17:42:13.010673Z,2026-08-26,https://www.eia.gov/dnav/ng/hist/rngwhhdD.htm,eia_henry_hub_spot:1788198133010673000:3241dfb4a8883f486cfb073eb5161263d2da2c27ccb423435106659f0cd0bc3e
EIA:DHHNGSP,U.S. EIA,physical_spot,Henry Hub physical spot,Henry Hub,2024-12-02T06:00:00.000000Z,2024-12-03T06:00:00.000000Z,3.05,USD/MMBtu,,2026-08-31T17:42:13.010673Z,2026-08-26,https://www.eia.gov/dnav/ng/hist/rngwhhdD.htm,eia_henry_hub_spot:1788198133010673000:3241dfb4a8883f486cfb073eb5161263d2da2c27ccb423435106659f0cd0bc3e
EIA:DHHNGSP,U.S. EIA,physical_spot,Henry Hub physical spot,Henry Hub,2024-12-03T06:00:00.000000Z,2024-12-04T06:00:00.000000Z,2.94,USD/MMBtu,,2026-08-31T17:42:13.010673Z,2026-08-26,https://www.eia.gov/dnav/ng/hist/rngwhhdD.htm,eia_henry_hub_spot:1788198133010673000:3241dfb4a8883f486cfb073eb5161263d2da2c27ccb423435106659f0cd0bc3e
EIA:DHHNGSP,U.S. EIA,physical_spot,Henry Hub physical spot,Henry Hub,2024-12-04T06:00:00.000000Z,2024-12-05T06:00:00.000000Z,2.75,USD/MMBtu,,2026-08-31T17:42:13.010673Z,2026-08-26,https://www.eia.gov/dnav/ng/hist/rngwhhdD.htm,eia_henry_hub_spot:1788198133010673000:3241dfb4a8883f486cfb073eb5161263d2da2c27ccb423435106659f0cd0bc3e
EIA:DHHNGSP,U.S. EIA,physical_spot,Henry Hub physical spot,Henry Hub,2024-12-05T06:00:00.000000Z,2024-12-06T06:00:00.000000Z,2.95,USD/MMBtu,,2026-08-31T17:42:13.010673Z,2026-08-26,https://www.eia.gov/dnav/ng/hist/rngwhhdD.htm,eia_henry_hub_spot:1788198133010673000:3241dfb4a8883f486cfb073eb5161263d2da2c27ccb423435106659f0cd0bc3e
EIA:DHHNGSP,U.S. EIA,physical_spot,Henry Hub physical spot,Henry Hub,2024-12-06T06:00:00.000000Z,2024-12-07T06:00:00.000000Z,2.83,USD/MMBtu,,2026-08-31T17:42:13.010673Z,2026-08-26,https://www.eia.gov/dnav/ng/hist/rngwhhdD.htm,eia_henry_hub_spot:1788198133010673000:3241dfb4a8883f486cfb073eb5161263d2da2c27ccb423435106659f0cd0bc3e
EIA:DHHNGSP,U.S. EIA,physical_spot,Henry Hub physical spot,Henry Hub,2024-12-09T06:00:00.000000Z,2024-12-10T06:00:00.000000Z,3.05,USD/MMBtu,,2026-08-31T17:42:13.010673Z,2026-08-26,https://www.eia.gov/dnav/ng/hist/rngwhhdD.htm,eia_henry_hub_spot:1788198133010673000:3241dfb4a8883f486cfb073eb5161263d2da2c27ccb423435106659f0cd0bc3e
EIA:DHHNGSP,U.S. EIA,physical_spot,Henry Hub physical spot,Henry Hub,2024-12-10T06:00:00.000000Z,2024-12-11T06:00:00.000000Z,2.9,USD/MMBtu,,2026-08-31T17:42:13.010673Z,2026-08-26,https://www.eia.gov/dnav/ng/hist/rngwhhdD.htm,eia_henry_hub_spot:1788198133010673000:3241dfb4a8883f486cfb073eb5161263d2da2c27ccb423435106659f0cd0bc3e
EIA:DHHNGSP,U.S. EIA,physical_spot,Henry Hub physical spot,Henry Hub,2024-12-11T06:00:00.000000Z,2024-12-12T06:00:00.000000Z,2.9,USD/MMBtu,,2026-08-31T17:42:13.010673Z,2026-08-26,https://www.eia.gov/dnav/ng/hist/rngwhhdD.htm,eia_henry_hub_spot:1788198133010673000:3241dfb4a8883f486cfb073eb5161263d2da2c27ccb423435106659f0cd0bc3e
EIA:DHHNGSP,U.S. EIA,physical_spot,Henry Hub physical spot,Henry Hub,2024-12-12T06:00:00.000000Z,2024-12-13T06:00:00.000000Z,3.12,USD/MMBtu,,2026-08-31T17:42:13.010673Z,2026-08-26,https://www.eia.gov/dnav/ng/hist/rngwhhdD.htm,eia_henry_hub_spot:1788198133010673000:3241dfb4a8883f486cfb073eb5161263d2da2c27ccb423435106659f0cd0bc3e
EIA:DHHNGSP,U.S. EIA,physical_spot,Henry Hub physical spot,Henry Hub,2024-12-13T06:00:00.000000Z,2024-12-14T06:00:00.000000Z,3.15,USD/MMBtu,,2026-08-31T17:42:13.010673Z,2026-08-26,https://www.eia.gov/dnav/ng/hist/rngwhhdD.htm,eia_henry_hub_spot:1788198133010673000:3241dfb4a8883f486cfb073eb5161263d2da2c27ccb423435106659f0cd0bc3e
EIA:DHHNGSP,U.S. EIA,physical_spot,Henry Hub physical spot,Henry Hub,2024-12-16T06:00:00.000000Z,2024-12-17T06:00:00.000000Z,2.87,USD/MMBtu,,2026-08-31T17:42:13.010673Z,2026-08-26,https://www.eia.gov/dnav/ng/hist/rngwhhdD.htm,eia_henry_hub_spot:1788198133010673000:3241dfb4a8883f486cfb073eb5161263d2da2c27ccb423435106659f0cd0bc3e
EIA:DHHNGSP,U.S. EIA,physical_spot,Henry Hub physical spot,Henry Hub,2024-12-17T06:00:00.000000Z,2024-12-18T06:00:00.000000Z,2.85,USD/MMBtu,,2026-08-31T17:42:13.010673Z,2026-08-26,https://www.eia.gov/dnav/ng/hist/rngwhhdD.htm,eia_henry_hub_spot:1788198133010673000:3241dfb4a8883f486cfb073eb5161263d2da2c27ccb423435106659f0cd0bc3e
EIA:DHHNGSP,U.S. EIA,physical_spot,Henry Hub physical spot,Henry Hub,2024-12-18T06:00:00.000000Z,2024-12-19T06:00:00.000000Z,3.01,USD/MMBtu,,2026-08-31T17:42:13.010673Z,2026-08-26,https://www.eia.gov/dnav/ng/hist/rngwhhdD.htm,eia_henry_hub_spot:1788198133010673000:3241dfb4a8883f486cfb073eb5161263d2da2c27ccb423435106659f0cd0bc3e
EIA:DHHNGSP,U.S. EIA,physical_spot,Henry Hub physical spot,Henry Hub,2024-12-19T06:00:00.000000Z,2024-12-20T06:00:00.000000Z,3.15,USD/MMBtu,,2026-08-31T17:42:13.010673Z,2026-08-26,https://www.eia.gov/dnav/ng/hist/rngwhhdD.htm,eia_henry_hub_spot:1788198133010673000:3241dfb4a8883f486cfb073eb5161263d2da2c27ccb423435106659f0cd0bc3e
EIA:DHHNGSP,U.S. EIA,physical_spot,Henry Hub physical spot,Henry Hub,2024-12-20T06:00:00.000000Z,2024-12-21T06:00:00.000000Z,3.1,USD/MMBtu,,2026-08-31T17:42:13.010673Z,2026-08-26,https://www.eia.gov/dnav/ng/hist/rngwhhdD.htm,eia_henry_hub_spot:1788198133010673000:3241dfb4a8883f486cfb073eb5161263d2da2c27ccb423435106659f0cd0bc3e
EIA:DHHNGSP,U.S. EIA,physical_spot,Henry Hub physical spot,Henry Hub,2024-12-23T06:00:00.000000Z,2024-12-24T06:00:00.000000Z,2.89,USD/MMBtu,,2026-08-31T17:42:13.010673Z,2026-08-26,https://www.eia.gov/dnav/ng/hist/rngwhhdD.htm,eia_henry_hub_spot:1788198133010673000:3241dfb4a8883f486cfb073eb5161263d2da2c27ccb423435106659f0cd0bc3e
EIA:DHHNGSP,U.S. EIA,physical_spot,Henry Hub physical spot,Henry Hub,2024-12-24T06:00:00.000000Z,2024-12-25T06:00:00.000000Z,2.95,USD/MMBtu,,2026-08-31T17:42:13.010673Z,2026-08-26,https://www.eia.gov/dnav/ng/hist/rngwhhdD.htm,eia_henry_hub_spot:1788198133010673000:3241dfb4a8883f486cfb073eb5161263d2da2c27ccb423435106659f0cd0bc3e
EIA:DHHNGSP,U.S. EIA,physical_spot,Henry Hub physical spot,Henry Hub,2024-12-26T06:00:00.000000Z,2024-12-27T06:00:00.000000Z,2.96,USD/MMBtu,,2026-08-31T17:42:13.010673Z,2026-08-26,https://www.eia.gov/dnav/ng/hist/rngwhhdD.htm,eia_henry_hub_spot:1788198133010673000:3241dfb4a8883f486cfb073eb5161263d2da2c27ccb423435106659f0cd0bc3e
EIA:DHHNGSP,U.S. EIA,physical_spot,Henry Hub physical spot,Henry Hub,2024-12-27T06:00:00.000000Z,2024-12-28T06:00:00.000000Z,2.91,USD/MMBtu,,2026-08-31T17:42:13.010673Z,2026-08-26,https://www.eia.gov/dnav/ng/hist/rngwhhdD.htm,eia_henry_hub_spot:1788198133010673000:3241dfb4a8883f486cfb073eb5161263d2da2c27ccb423435106659f0cd0bc3e
EIA:DHHNGSP,U.S. EIA,physical_spot,Henry Hub physical spot,Henry Hub,2024-12-30T06:00:00.000000Z,2024-12-31T06:00:00.000000Z,3.39,USD/MMBtu,,2026-08-31T17:42:13.010673Z,2026-08-26,https://www.eia.gov/dnav/ng/hist/rngwhhdD.htm,eia_henry_hub_spot:1788198133010673000:3241dfb4a8883f486cfb073eb5161263d2da2c27ccb423435106659f0cd0bc3e
EIA:DHHNGSP,U.S. EIA,physical_spot,Henry Hub physical spot,Henry Hub,2024-12-31T06:00:00.000000Z,2025-01-01T06:00:00.000000Z,3.4,USD/MMBtu,,2026-08-31T17:42:13.010673Z,2026-08-26,https://www.eia.gov/dnav/ng/hist/rngwhhdD.htm,eia_henry_hub_spot:1788198133010673000:3241dfb4a8883f486cfb073eb5161263d2da2c27ccb423435106659f0cd0bc3e
EIA:DHHNGSP,U.S. EIA,physical_spot,Henry Hub physical spot,Henry Hub,2025-01-02T06:00:00.000000Z,2025-01-03T06:00:00.000000Z,3.65,USD/MMBtu,,2026-08-31T17:42:13.010673Z,2026-08-26,https://www.eia.gov/dnav/ng/hist/rngwhhdD.htm,eia_henry_hub_spot:1788198133010673000:3241dfb4a8883f486cfb073eb5161263d2da2c27ccb423435106659f0cd0bc3e
EIA:DHHNGSP,U.S. EIA,physical_spot,Henry Hub physical spot,Henry Hub,2025-01-03T06:00:00.000000Z,2025-01-04T06:00:00.000000Z,3.4,USD/MMBtu,,2026-08-31T17:42:13.010673Z,2026-08-26,https://www.eia.gov/dnav/ng/hist/rngwhhdD.htm,eia_henry_hub_spot:1788198133010673000:3241dfb4a8883f486cfb073eb5161263d2da2c27ccb423435106659f0cd0bc3e
EIA:DHHNGSP,U.S. EIA,physical_spot,Henry Hub physical spot,Henry Hub,2025-01-06T06:00:00.000000Z,2025-01-07T06:00:00.000000Z,4.05,USD/MMBtu,,2026-08-31T17:42:13.010673Z,2026-08-26,https://www.eia.gov/dnav/ng/hist/rngwhhdD.htm,eia_henry_hub_spot:1788198133010673000:3241dfb4a8883f486cfb073eb5161263d2da2c27ccb423435106659f0cd0bc3e
EIA:DHHNGSP,U.S. EIA,physical_spot,Henry Hub physical spot,Henry Hub,2025-01-07T06:00:00.000000Z,2025-01-08T06:00:00.000000Z,3.8,USD/MMBtu,,2026-08-31T17:42:13.010673Z,2026-08-26,https://www.eia.gov/dnav/ng/hist/rngwhhdD.htm,eia_henry_hub_spot:1788198133010673000:3241dfb4a8883f486cfb073eb5161263d2da2c27ccb423435106659f0cd0bc3e
EIA:DHHNGSP,U.S. EIA,physical_spot,Henry Hub physical spot,Henry Hub,2025-01-08T06:00:00.000000Z,2025-01-09T06:00:00.000000Z,3.75,USD/MMBtu,,2026-08-31T17:42:13.010673Z,2026-08-26,https://www.eia.gov/dnav/ng/hist/rngwhhdD.htm,eia_henry_hub_spot:1788198133010673000:3241dfb4a8883f486cfb073eb5161263d2da2c27ccb423435106659f0cd0bc3e
EIA:DHHNGSP,U.S. EIA,physical_spot,Henry Hub physical spot,Henry Hub,2025-01-09T06:00:00.000000Z,2025-01-10T06:00:00.000000Z,3.94,USD/MMBtu,,2026-08-31T17:42:13.010673Z,2026-08-26,https://www.eia.gov/dnav/ng/hist/rngwhhdD.htm,eia_henry_hub_spot:1788198133010673000:3241dfb4a8883f486cfb073eb5161263d2da2c27ccb423435106659f0cd0bc3e
EIA:DHHNGSP,U.S. EIA,physical_spot,Henry Hub physical spot,Henry Hub,2025-01-10T06:00:00.000000Z,2025-01-11T06:00:00.000000Z,4.13,USD/MMBtu,,2026-08-31T17:42:13.010673Z,2026-08-26,https://www.eia.gov/dnav/ng/hist/rngwhhdD.htm,eia_henry_hub_spot:1788198133010673000:3241dfb4a8883f486cfb073eb5161263d2da2c27ccb423435106659f0cd0bc3e
EIA:DHHNGSP,U.S. EIA,physical_spot,Henry Hub physical spot,Henry Hub,2025-01-13T06:00:00.000000Z,2025-01-14T06:00:00.000000Z,4.4,USD/MMBtu,,2026-08-31T17:42:13.010673Z,2026-08-26,https://www.eia.gov/dnav/ng/hist/rngwhhdD.htm,eia_henry_hub_spot:1788198133010673000:3241dfb4a8883f486cfb073eb5161263d2da2c27ccb423435106659f0cd0bc3e
EIA:DHHNGSP,U.S. EIA,physical_spot,Henry Hub physical spot,Henry Hub,2025-01-14T06:00:00.000000Z,2025-01-15T06:00:00.000000Z,4.32,USD/MMBtu,,2026-08-31T17:42:13.010673Z,2026-08-26,https://www.eia.gov/dnav/ng/hist/rngwhhdD.htm,eia_henry_hub_spot:1788198133010673000:3241dfb4a8883f486cfb073eb5161263d2da2c27ccb423435106659f0cd0bc3e
EIA:DHHNGSP,U.S. EIA,physical_spot,Henry Hub physical spot,Henry Hub,2025-01-15T06:00:00.000000Z,2025-01-16T06:00:00.000000Z,4.45,USD/MMBtu,,2026-08-31T17:42:13.010673Z,2026-08-26,https://www.eia.gov/dnav/ng/hist/rngwhhdD.htm,eia_henry_hub_spot:1788198133010673000:3241dfb4a8883f486cfb073eb5161263d2da2c27ccb423435106659f0cd0bc3e
EIA:DHHNGSP,U.S. EIA,physical_spot,Henry Hub physical spot,Henry Hub,2025-01-16T06:00:00.000000Z,2025-01-17T06:00:00.000000Z,4.3,USD/MMBtu,,2026-08-31T17:42:13.010673Z,2026-08-26,https://www.eia.gov/dnav/ng/hist/rngwhhdD.htm,eia_henry_hub_spot:1788198133010673000:3241dfb4a8883f486cfb073eb5161263d2da2c27ccb423435106659f0cd0bc3e
EIA:DHHNGSP,U.S. EIA,physical_spot,Henry Hub physical spot,Henry Hub,2025-01-17T06:00:00.000000Z,2025-01-18T06:00:00.000000Z,9.86,USD/MMBtu,,2026-08-31T17:42:13.010673Z,2026-08-26,https://www.eia.gov/dnav/ng/hist/rngwhhdD.htm,eia_henry_hub_spot:1788198133010673000:3241dfb4a8883f486cfb073eb5161263d2da2c27ccb423435106659f0cd0bc3e
EIA:DHHNGSP,U.S. EIA,physical_spot,Henry Hub physical spot,Henry Hub,2025-01-21T06:00:00.000000Z,2025-01-22T06:00:00.000000Z,4.4,USD/MMBtu,,2026-08-31T17:42:13.010673Z,2026-08-26,https://www.eia.gov/dnav/ng/hist/rngwhhdD.htm,eia_henry_hub_spot:1788198133010673000:3241dfb4a8883f486cfb073eb5161263d2da2c27ccb423435106659f0cd0bc3e
EIA:DHHNGSP,U.S. EIA,physical_spot,Henry Hub physical spot,Henry Hub,2025-01-22T06:00:00.000000Z,2025-01-23T06:00:00.000000Z,3.91,USD/MMBtu,,2026-08-31T17:42:13.010673Z,2026-08-26,https://www.eia.gov/dnav/ng/hist/rngwhhdD.htm,eia_henry_hub_spot:1788198133010673000:3241dfb4a8883f486cfb073eb5161263d2da2c27ccb423435106659f0cd0bc3e
EIA:DHHNGSP,U.S. EIA,physical_spot,Henry Hub physical spot,Henry Hub,2025-01-23T06:00:00.000000Z,2025-01-24T06:00:00.000000Z,3.91,USD/MMBtu,,2026-08-31T17:42:13.010673Z,2026-08-26,https://www.eia.gov/dnav/ng/hist/rngwhhdD.htm,eia_henry_hub_spot:1788198133010673000:3241dfb4a8883f486cfb073eb5161263d2da2c27ccb423435106659f0cd0bc3e
EIA:DHHNGSP,U.S. EIA,physical_spot,Henry Hub physical spot,Henry Hub,2025-01-24T06:00:00.000000Z,2025-01-25T06:00:00.000000Z,3.84,USD/MMBtu,,2026-08-31T17:42:13.010673Z,2026-08-26,https://www.eia.gov/dnav/ng/hist/rngwhhdD.htm,eia_henry_hub_spot:1788198133010673000:3241dfb4a8883f486cfb073eb5161263d2da2c27ccb423435106659f0cd0bc3e
EIA:DHHNGSP,U.S. EIA,physical_spot,Henry Hub physical spot,Henry Hub,2025-01-27T06:00:00.000000Z,2025-01-28T06:00:00.000000Z,3.71,USD/MMBtu,,2026-08-31T17:42:13.010673Z,2026-08-26,https://www.eia.gov/dnav/ng/hist/rngwhhdD.htm,eia_henry_hub_spot:1788198133010673000:3241dfb4a8883f486cfb073eb5161263d2da2c27ccb423435106659f0cd0bc3e
EIA:DHHNGSP,U.S. EIA,physical_spot,Henry Hub physical spot,Henry Hub,2025-01-28T06:00:00.000000Z,2025-01-29T06:00:00.000000Z,3.4,USD/MMBtu,,2026-08-31T17:42:13.010673Z,2026-08-26,https://www.eia.gov/dnav/ng/hist/rngwhhdD.htm,eia_henry_hub_spot:1788198133010673000:3241dfb4a8883f486cfb073eb5161263d2da2c27ccb423435106659f0cd0bc3e
EIA:DHHNGSP,U.S. EIA,physical_spot,Henry Hub physical spot,Henry Hub,2025-01-29T06:00:00.000000Z,2025-01-30T06:00:00.000000Z,3.38,USD/MMBtu,,2026-08-31T17:42:13.010673Z,2026-08-26,https://www.eia.gov/dnav/ng/hist/rngwhhdD.htm,eia_henry_hub_spot:1788198133010673000:3241dfb4a8883f486cfb073eb5161263d2da2c27ccb423435106659f0cd0bc3e
EIA:DHHNGSP,U.S. EIA,physical_spot,Henry Hub physical spot,Henry Hub,2025-01-30T06:00:00.000000Z,2025-01-31T06:00:00.000000Z,3.12,USD/MMBtu,,2026-08-31T17:42:13.010673Z,2026-08-26,https://www.eia.gov/dnav/ng/hist/rngwhhdD.htm,eia_henry_hub_spot:1788198133010673000:3241dfb4a8883f486cfb073eb5161263d2da2c27ccb423435106659f0cd0bc3e
EIA:DHHNGSP,U.S. EIA,physical_spot,Henry Hub physical spot,Henry Hub,2025-01-31T06:00:00.000000Z,2025-02-01T06:00:00.000000Z,2.93,USD/MMBtu,,2026-08-31T17:42:13.010673Z,2026-08-26,https://www.eia.gov/dnav/ng/hist/rngwhhdD.htm,eia_henry_hub_spot:1788198133010673000:3241dfb4a8883f486cfb073eb5161263d2da2c27ccb423435106659f0cd0bc3e
EIA:DHHNGSP,U.S. EIA,physical_spot,Henry Hub physical spot,Henry Hub,2025-02-03T06:00:00.000000Z,2025-02-04T06:00:00.000000Z,3.3,USD/MMBtu,,2026-08-31T17:42:13.010673Z,2026-08-26,https://www.eia.gov/dnav/ng/hist/rngwhhdD.htm,eia_henry_hub_spot:1788198133010673000:3241dfb4a8883f486cfb073eb5161263d2da2c27ccb423435106659f0cd0bc3e
EIA:DHHNGSP,U.S. EIA,physical_spot,Henry Hub physical spot,Henry Hub,2025-02-04T06:00:00.000000Z,2025-02-05T06:00:00.000000Z,3.25,USD/MMBtu,,2026-08-31T17:42:13.010673Z,2026-08-26,https://www.eia.gov/dnav/ng/hist/rngwhhdD.htm,eia_henry_hub_spot:1788198133010673000:3241dfb4a8883f486cfb073eb5161263d2da2c27ccb423435106659f0cd0bc3e
EIA:DHHNGSP,U.S. EIA,physical_spot,Henry Hub physical spot,Henry Hub,2025-02-05T06:00:00.000000Z,2025-02-06T06:00:00.000000Z,3.22,USD/MMBtu,,2026-08-31T17:42:13.010673Z,2026-08-26,https://www.eia.gov/dnav/ng/hist/rngwhhdD.htm,eia_henry_hub_spot:1788198133010673000:3241dfb4a8883f486cfb073eb5161263d2da2c27ccb423435106659f0cd0bc3e
EIA:DHHNGSP,U.S. EIA,physical_spot,Henry Hub physical spot,Henry Hub,2025-02-06T06:00:00.000000Z,2025-02-07T06:00:00.000000Z,3.31,USD/MMBtu,,2026-08-31T17:42:13.010673Z,2026-08-26,https://www.eia.gov/dnav/ng/hist/rngwhhdD.htm,eia_henry_hub_spot:1788198133010673000:3241dfb4a8883f486cfb073eb5161263d2da2c27ccb423435106659f0cd0bc3e
EIA:DHHNGSP,U.S. EIA,physical_spot,Henry Hub physical spot,Henry Hub,2025-02-07T06:00:00.000000Z,2025-02-08T06:00:00.000000Z,3.32,USD/MMBtu,,2026-08-31T17:42:13.010673Z,2026-08-26,https://www.eia.gov/dnav/ng/hist/rngwhhdD.htm,eia_henry_hub_spot:1788198133010673000:3241dfb4a8883f486cfb073eb5161263d2da2c27ccb423435106659f0cd0bc3e
EIA:DHHNGSP,U.S. EIA,physical_spot,Henry Hub physical spot,Henry Hub,2025-02-10T06:00:00.000000Z,2025-02-11T06:00:00.000000Z,3.48,USD/MMBtu,,2026-08-31T17:42:13.010673Z,2026-08-26,https://www.eia.gov/dnav/ng/hist/rngwhhdD.htm,eia_henry_hub_spot:1788198133010673000:3241dfb4a8883f486cfb073eb5161263d2da2c27ccb423435106659f0cd0bc3e
EIA:DHHNGSP,U.S. EIA,physical_spot,Henry Hub physical spot,Henry Hub,2025-02-11T06:00:00.000000Z,2025-02-12T06:00:00.000000Z,3.65,USD/MMBtu,,2026-08-31T17:42:13.010673Z,2026-08-26,https://www.eia.gov/dnav/ng/hist/rngwhhdD.htm,eia_henry_hub_spot:1788198133010673000:3241dfb4a8883f486cfb073eb5161263d2da2c27ccb423435106659f0cd0bc3e
EIA:DHHNGSP,U.S. EIA,physical_spot,Henry Hub physical spot,Henry Hub,2025-02-12T06:00:00.000000Z,2025-02-13T06:00:00.000000Z,3.97,USD/MMBtu,,2026-08-31T17:42:13.010673Z,2026-08-26,https://www.eia.gov/dnav/ng/hist/rngwhhdD.htm,eia_henry_hub_spot:1788198133010673000:3241dfb4a8883f486cfb073eb5161263d2da2c27ccb423435106659f0cd0bc3e
EIA:DHHNGSP,U.S. EIA,physical_spot,Henry Hub physical spot,Henry Hub,2025-02-13T06:00:00.000000Z,2025-02-14T06:00:00.000000Z,4.43,USD/MMBtu,,2026-08-31T17:42:13.010673Z,2026-08-26,https://www.eia.gov/dnav/ng/hist/rngwhhdD.htm,eia_henry_hub_spot:1788198133010673000:3241dfb4a8883f486cfb073eb5161263d2da2c27ccb423435106659f0cd0bc3e
EIA:DHHNGSP,U.S. EIA,physical_spot,Henry Hub physical spot,Henry Hub,2025-02-14T06:00:00.000000Z,2025-02-15T06:00:00.000000Z,4.6,USD/MMBtu,,2026-08-31T17:42:13.010673Z,2026-08-26,https://www.eia.gov/dnav/ng/hist/rngwhhdD.htm,eia_henry_hub_spot:1788198133010673000:3241dfb4a8883f486cfb073eb5161263d2da2c27ccb423435106659f0cd0bc3e
EIA:DHHNGSP,U.S. EIA,physical_spot,Henry Hub physical spot,Henry Hub,2025-02-18T06:00:00.000000Z,2025-02-19T06:00:00.000000Z,6.4,USD/MMBtu,,2026-08-31T17:42:13.010673Z,2026-08-26,https://www.eia.gov/dnav/ng/hist/rngwhhdD.htm,eia_henry_hub_spot:1788198133010673000:3241dfb4a8883f486cfb073eb5161263d2da2c27ccb423435106659f0cd0bc3e
EIA:DHHNGSP,U.S. EIA,physical_spot,Henry Hub physical spot,Henry Hub,2025-02-19T06:00:00.000000Z,2025-02-20T06:00:00.000000Z,7.15,USD/MMBtu,,2026-08-31T17:42:13.010673Z,2026-08-26,https://www.eia.gov/dnav/ng/hist/rngwhhdD.htm,eia_henry_hub_spot:1788198133010673000:3241dfb4a8883f486cfb073eb5161263d2da2c27ccb423435106659f0cd0bc3e
EIA:DHHNGSP,U.S. EIA,physical_spot,Henry Hub physical spot,Henry Hub,2025-02-20T06:00:00.000000Z,2025-02-21T06:00:00.000000Z,5.62,USD/MMBtu,,2026-08-31T17:42:13.010673Z,2026-08-26,https://www.eia.gov/dnav/ng/hist/rngwhhdD.htm,eia_henry_hub_spot:1788198133010673000:3241dfb4a8883f486cfb073eb5161263d2da2c27ccb423435106659f0cd0bc3e
EIA:DHHNGSP,U.S. EIA,physical_spot,Henry Hub physical spot,Henry Hub,2025-02-21T06:00:00.000000Z,2025-02-22T06:00:00.000000Z,4.43,USD/MMBtu,,2026-08-31T17:42:13.010673Z,2026-08-26,https://www.eia.gov/dnav/ng/hist/rngwhhdD.htm,eia_henry_hub_spot:1788198133010673000:3241dfb4a8883f486cfb073eb5161263d2da2c27ccb423435106659f0cd0bc3e
EIA:DHHNGSP,U.S. EIA,physical_spot,Henry Hub physical spot,Henry Hub,2025-02-24T06:00:00.000000Z,2025-02-25T06:00:00.000000Z,3.86,USD/MMBtu,,2026-08-31T17:42:13.010673Z,2026-08-26,https://www.eia.gov/dnav/ng/hist/rngwhhdD.htm,eia_henry_hub_spot:1788198133010673000:3241dfb4a8883f486cfb073eb5161263d2da2c27ccb423435106659f0cd0bc3e
EIA:DHHNGSP,U.S. EIA,physical_spot,Henry Hub physical spot,Henry Hub,2025-02-25T06:00:00.000000Z,2025-02-26T06:00:00.000000Z,3.88,USD/MMBtu,,2026-08-31T17:42:13.010673Z,2026-08-26,https://www.eia.gov/dnav/ng/hist/rngwhhdD.htm,eia_henry_hub_spot:1788198133010673000:3241dfb4a8883f486cfb073eb5161263d2da2c27ccb423435106659f0cd0bc3e
EIA:DHHNGSP,U.S. EIA,physical_spot,Henry Hub physical spot,Henry Hub,2025-02-26T06:00:00.000000Z,2025-02-27T06:00:00.000000Z,3.9,USD/MMBtu,,2026-08-31T17:42:13.010673Z,2026-08-26,https://www.eia.gov/dnav/ng/hist/rngwhhdD.htm,eia_henry_hub_spot:1788198133010673000:3241dfb4a8883f486cfb073eb5161263d2da2c27ccb423435106659f0cd0bc3e
EIA:DHHNGSP,U.S. EIA,physical_spot,Henry Hub physical spot,Henry Hub,2025-02-27T06:00:00.000000Z,2025-02-28T06:00:00.000000Z,3.91,USD/MMBtu,,2026-08-31T17:42:13.010673Z,2026-08-26,https://www.eia.gov/dnav/ng/hist/rngwhhdD.htm,eia_henry_hub_spot:1788198133010673000:3241dfb4a8883f486cfb073eb5161263d2da2c27ccb423435106659f0cd0bc3e
EIA:DHHNGSP,U.S. EIA,physical_spot,Henry Hub physical spot,Henry Hub,2025-02-28T06:00:00.000000Z,2025-03-01T06:00:00.000000Z,3.91,USD/MMBtu,,2026-08-31T17:42:13.010673Z,2026-08-26,https://www.eia.gov/dnav/ng/hist/rngwhhdD.htm,eia_henry_hub_spot:1788198133010673000:3241dfb4a8883f486cfb073eb5161263d2da2c27ccb423435106659f0cd0bc3e
EIA:DHHNGSP,U.S. EIA,physical_spot,Henry Hub physical spot,Henry Hub,2025-03-03T06:00:00.000000Z,2025-03-04T06:00:00.000000Z,3.8,USD/MMBtu,,2026-08-31T17:42:13.010673Z,2026-08-26,https://www.eia.gov/dnav/ng/hist/rngwhhdD.htm,eia_henry_hub_spot:1788198133010673000:3241dfb4a8883f486cfb073eb5161263d2da2c27ccb423435106659f0cd0bc3e
EIA:DHHNGSP,U.S. EIA,physical_spot,Henry Hub physical spot,Henry Hub,2025-03-04T06:00:00.000000Z,2025-03-05T06:00:00.000000Z,4.39,USD/MMBtu,,2026-08-31T17:42:13.010673Z,2026-08-26,https://www.eia.gov/dnav/ng/hist/rngwhhdD.htm,eia_henry_hub_spot:1788198133010673000:3241dfb4a8883f486cfb073eb5161263d2da2c27ccb423435106659f0cd0bc3e
EIA:DHHNGSP,U.S. EIA,physical_spot,Henry Hub physical spot,Henry Hub,2025-03-05T06:00:00.000000Z,2025-03-06T06:00:00.000000Z,4.4,USD/MMBtu,,2026-08-31T17:42:13.010673Z,2026-08-26,https://www.eia.gov/dnav/ng/hist/rngwhhdD.htm,eia_henry_hub_spot:1788198133010673000:3241dfb4a8883f486cfb073eb5161263d2da2c27ccb423435106659f0cd0bc3e
EIA:DHHNGSP,U.S. EIA,physical_spot,Henry Hub physical spot,Henry Hub,2025-03-06T06:00:00.000000Z,2025-03-07T06:00:00.000000Z,4.39,USD/MMBtu,,2026-08-31T17:42:13.010673Z,2026-08-26,https://www.eia.gov/dnav/ng/hist/rngwhhdD.htm,eia_henry_hub_spot:1788198133010673000:3241dfb4a8883f486cfb073eb5161263d2da2c27ccb423435106659f0cd0bc3e
EIA:DHHNGSP,U.S. EIA,physical_spot,Henry Hub physical spot,Henry Hub,2025-03-07T06:00:00.000000Z,2025-03-08T06:00:00.000000Z,4.39,USD/MMBtu,,2026-08-31T17:42:13.010673Z,2026-08-26,https://www.eia.gov/dnav/ng/hist/rngwhhdD.htm,eia_henry_hub_spot:1788198133010673000:3241dfb4a8883f486cfb073eb5161263d2da2c27ccb423435106659f0cd0bc3e
EIA:DHHNGSP,U.S. EIA,physical_spot,Henry Hub physical spot,Henry Hub,2025-03-10T05:00:00.000000Z,2025-03-11T05:00:00.000000Z,4.23,USD/MMBtu,,2026-08-31T17:42:13.010673Z,2026-08-26,https://www.eia.gov/dnav/ng/hist/rngwhhdD.htm,eia_henry_hub_spot:1788198133010673000:3241dfb4a8883f486cfb073eb5161263d2da2c27ccb423435106659f0cd0bc3e
EIA:DHHNGSP,U.S. EIA,physical_spot,Henry Hub physical spot,Henry Hub,2025-03-11T05:00:00.000000Z,2025-03-12T05:00:00.000000Z,4.57,USD/MMBtu,,2026-08-31T17:42:13.010673Z,2026-08-26,https://www.eia.gov/dnav/ng/hist/rngwhhdD.htm,eia_henry_hub_spot:1788198133010673000:3241dfb4a8883f486cfb073eb5161263d2da2c27ccb423435106659f0cd0bc3e
EIA:DHHNGSP,U.S. EIA,physical_spot,Henry Hub physical spot,Henry Hub,2025-03-12T05:00:00.000000Z,2025-03-13T05:00:00.000000Z,4.18,USD/MMBtu,,2026-08-31T17:42:13.010673Z,2026-08-26,https://www.eia.gov/dnav/ng/hist/rngwhhdD.htm,eia_henry_hub_spot:1788198133010673000:3241dfb4a8883f486cfb073eb5161263d2da2c27ccb423435106659f0cd0bc3e
EIA:DHHNGSP,U.S. EIA,physical_spot,Henry Hub physical spot,Henry Hub,2025-03-13T05:00:00.000000Z,2025-03-14T05:00:00.000000Z,3.89,USD/MMBtu,,2026-08-31T17:42:13.010673Z,2026-08-26,https://www.eia.gov/dnav/ng/hist/rngwhhdD.htm,eia_henry_hub_spot:1788198133010673000:3241dfb4a8883f486cfb073eb5161263d2da2c27ccb423435106659f0cd0bc3e
EIA:DHHNGSP,U.S. EIA,physical_spot,Henry Hub physical spot,Henry Hub,2025-03-14T05:00:00.000000Z,2025-03-15T05:00:00.000000Z,3.89,USD/MMBtu,,2026-08-31T17:42:13.010673Z,2026-08-26,https://www.eia.gov/dnav/ng/hist/rngwhhdD.htm,eia_henry_hub_spot:1788198133010673000:3241dfb4a8883f486cfb073eb5161263d2da2c27ccb423435106659f0cd0bc3e
EIA:DHHNGSP,U.S. EIA,physical_spot,Henry Hub physical spot,Henry Hub,2025-03-17T05:00:00.000000Z,2025-03-18T05:00:00.000000Z,4.15,USD/MMBtu,,2026-08-31T17:42:13.010673Z,2026-08-26,https://www.eia.gov/dnav/ng/hist/rngwhhdD.htm,eia_henry_hub_spot:1788198133010673000:3241dfb4a8883f486cfb073eb5161263d2da2c27ccb423435106659f0cd0bc3e
EIA:DHHNGSP,U.S. EIA,physical_spot,Henry Hub physical spot,Henry Hub,2025-03-18T05:00:00.000000Z,2025-03-19T05:00:00.000000Z,4.17,USD/MMBtu,,2026-08-31T17:42:13.010673Z,2026-08-26,https://www.eia.gov/dnav/ng/hist/rngwhhdD.htm,eia_henry_hub_spot:1788198133010673000:3241dfb4a8883f486cfb073eb5161263d2da2c27ccb423435106659f0cd0bc3e
EIA:DHHNGSP,U.S. EIA,physical_spot,Henry Hub physical spot,Henry Hub,2025-03-19T05:00:00.000000Z,2025-03-20T05:00:00.000000Z,4.21,USD/MMBtu,,2026-08-31T17:42:13.010673Z,2026-08-26,https://www.eia.gov/dnav/ng/hist/rngwhhdD.htm,eia_henry_hub_spot:1788198133010673000:3241dfb4a8883f486cfb073eb5161263d2da2c27ccb423435106659f0cd0bc3e
EIA:DHHNGSP,U.S. EIA,physical_spot,Henry Hub physical spot,Henry Hub,2025-03-20T05:00:00.000000Z,2025-03-21T05:00:00.000000Z,4.23,USD/MMBtu,,2026-08-31T17:42:13.010673Z,2026-08-26,https://www.eia.gov/dnav/ng/hist/rngwhhdD.htm,eia_henry_hub_spot:1788198133010673000:3241dfb4a8883f486cfb073eb5161263d2da2c27ccb423435106659f0cd0bc3e
EIA:DHHNGSP,U.S. EIA,physical_spot,Henry Hub physical spot,Henry Hub,2025-03-21T05:00:00.000000Z,2025-03-22T05:00:00.000000Z,3.93,USD/MMBtu,,2026-08-31T17:42:13.010673Z,2026-08-26,https://www.eia.gov/dnav/ng/hist/rngwhhdD.htm,eia_henry_hub_spot:1788198133010673000:3241dfb4a8883f486cfb073eb5161263d2da2c27ccb423435106659f0cd0bc3e
EIA:DHHNGSP,U.S. EIA,physical_spot,Henry Hub physical spot,Henry Hub,2025-03-24T05:00:00.000000Z,2025-03-25T05:00:00.000000Z,4.03,USD/MMBtu,,2026-08-31T17:42:13.010673Z,2026-08-26,https://www.eia.gov/dnav/ng/hist/rngwhhdD.htm,eia_henry_hub_spot:1788198133010673000:3241dfb4a8883f486cfb073eb5161263d2da2c27ccb423435106659f0cd0bc3e
EIA:DHHNGSP,U.S. EIA,physical_spot,Henry Hub physical spot,Henry Hub,2025-03-25T05:00:00.000000Z,2025-03-26T05:00:00.000000Z,3.94,USD/MMBtu,,2026-08-31T17:42:13.010673Z,2026-08-26,https://www.eia.gov/dnav/ng/hist/rngwhhdD.htm,eia_henry_hub_spot:1788198133010673000:3241dfb4a8883f486cfb073eb5161263d2da2c27ccb423435106659f0cd0bc3e
EIA:DHHNGSP,U.S. EIA,physical_spot,Henry Hub physical spot,Henry Hub,2025-03-26T05:00:00.000000Z,2025-03-27T05:00:00.000000Z,3.85,USD/MMBtu,,2026-08-31T17:42:13.010673Z,2026-08-26,https://www.eia.gov/dnav/ng/hist/rngwhhdD.htm,eia_henry_hub_spot:1788198133010673000:3241dfb4a8883f486cfb073eb5161263d2da2c27ccb423435106659f0cd0bc3e
EIA:DHHNGSP,U.S. EIA,physical_spot,Henry Hub physical spot,Henry Hub,2025-03-27T05:00:00.000000Z,2025-03-28T05:00:00.000000Z,3.88,USD/MMBtu,,2026-08-31T17:42:13.010673Z,2026-08-26,https://www.eia.gov/dnav/ng/hist/rngwhhdD.htm,eia_henry_hub_spot:1788198133010673000:3241dfb4a8883f486cfb073eb5161263d2da2c27ccb423435106659f0cd0bc3e
EIA:DHHNGSP,U.S. EIA,physical_spot,Henry Hub physical spot,Henry Hub,2025-03-28T05:00:00.000000Z,2025-03-29T05:00:00.000000Z,3.89,USD/MMBtu,,2026-08-31T17:42:13.010673Z,2026-08-26,https://www.eia.gov/dnav/ng/hist/rngwhhdD.htm,eia_henry_hub_spot:1788198133010673000:3241dfb4a8883f486cfb073eb5161263d2da2c27ccb423435106659f0cd0bc3e
EIA:DHHNGSP,U.S. EIA,physical_spot,Henry Hub physical spot,Henry Hub,2025-03-31T05:00:00.000000Z,2025-04-01T05:00:00.000000Z,4.11,USD/MMBtu,,2026-08-31T17:42:13.010673Z,2026-08-26,https://www.eia.gov/dnav/ng/hist/rngwhhdD.htm,eia_henry_hub_spot:1788198133010673000:3241dfb4a8883f486cfb073eb5161263d2da2c27ccb423435106659f0cd0bc3e
EIA:DHHNGSP,U.S. EIA,physical_spot,Henry Hub physical spot,Henry Hub,2025-04-01T05:00:00.000000Z,2025-04-02T05:00:00.000000Z,3.96,USD/MMBtu,,2026-08-31T17:42:13.010673Z,2026-08-26,https://www.eia.gov/dnav/ng/hist/rngwhhdD.htm,eia_henry_hub_spot:1788198133010673000:3241dfb4a8883f486cfb073eb5161263d2da2c27ccb423435106659f0cd0bc3e
EIA:DHHNGSP,U.S. EIA,physical_spot,Henry Hub physical spot,Henry Hub,2025-04-02T05:00:00.000000Z,2025-04-03T05:00:00.000000Z,4.04,USD/MMBtu,,2026-08-31T17:42:13.010673Z,2026-08-26,https://www.eia.gov/dnav/ng/hist/rngwhhdD.htm,eia_henry_hub_spot:1788198133010673000:3241dfb4a8883f486cfb073eb5161263d2da2c27ccb423435106659f0cd0bc3e
EIA:DHHNGSP,U.S. EIA,physical_spot,Henry Hub physical spot,Henry Hub,2025-04-03T05:00:00.000000Z,2025-04-04T05:00:00.000000Z,4.21,USD/MMBtu,,2026-08-31T17:42:13.010673Z,2026-08-26,https://www.eia.gov/dnav/ng/hist/rngwhhdD.htm,eia_henry_hub_spot:1788198133010673000:3241dfb4a8883f486cfb073eb5161263d2da2c27ccb423435106659f0cd0bc3e
EIA:DHHNGSP,U.S. EIA,physical_spot,Henry Hub physical spot,Henry Hub,2025-04-04T05:00:00.000000Z,2025-04-05T05:00:00.000000Z,4.04,USD/MMBtu,,2026-08-31T17:42:13.010673Z,2026-08-26,https://www.eia.gov/dnav/ng/hist/rngwhhdD.htm,eia_henry_hub_spot:1788198133010673000:3241dfb4a8883f486cfb073eb5161263d2da2c27ccb423435106659f0cd0bc3e
EIA:DHHNGSP,U.S. EIA,physical_spot,Henry Hub physical spot,Henry Hub,2025-04-07T05:00:00.000000Z,2025-04-08T05:00:00.000000Z,3.97,USD/MMBtu,,2026-08-31T17:42:13.010673Z,2026-08-26,https://www.eia.gov/dnav/ng/hist/rngwhhdD.htm,eia_henry_hub_spot:1788198133010673000:3241dfb4a8883f486cfb073eb5161263d2da2c27ccb423435106659f0cd0bc3e
EIA:DHHNGSP,U.S. EIA,physical_spot,Henry Hub physical spot,Henry Hub,2025-04-08T05:00:00.000000Z,2025-04-09T05:00:00.000000Z,3.85,USD/MMBtu,,2026-08-31T17:42:13.010673Z,2026-08-26,https://www.eia.gov/dnav/ng/hist/rngwhhdD.htm,eia_henry_hub_spot:1788198133010673000:3241dfb4a8883f486cfb073eb5161263d2da2c27ccb423435106659f0cd0bc3e
EIA:DHHNGSP,U.S. EIA,physical_spot,Henry Hub physical spot,Henry Hub,2025-04-09T05:00:00.000000Z,2025-04-10T05:00:00.000000Z,3.42,USD/MMBtu,,2026-08-31T17:42:13.010673Z,2026-08-26,https://www.eia.gov/dnav/ng/hist/rngwhhdD.htm,eia_henry_hub_spot:1788198133010673000:3241dfb4a8883f486cfb073eb5161263d2da2c27ccb423435106659f0cd0bc3e
EIA:DHHNGSP,U.S. EIA,physical_spot,Henry Hub physical spot,Henry Hub,2025-04-10T05:00:00.000000Z,2025-04-11T05:00:00.000000Z,3.7,USD/MMBtu,,2026-08-31T17:42:13.010673Z,2026-08-26,https://www.eia.gov/dnav/ng/hist/rngwhhdD.htm,eia_henry_hub_spot:1788198133010673000:3241dfb4a8883f486cfb073eb5161263d2da2c27ccb423435106659f0cd0bc3e
EIA:DHHNGSP,U.S. EIA,physical_spot,Henry Hub physical spot,Henry Hub,2025-04-11T05:00:00.000000Z,2025-04-12T05:00:00.000000Z,3.44,USD/MMBtu,,2026-08-31T17:42:13.010673Z,2026-08-26,https://www.eia.gov/dnav/ng/hist/rngwhhdD.htm,eia_henry_hub_spot:1788198133010673000:3241dfb4a8883f486cfb073eb5161263d2da2c27ccb423435106659f0cd0bc3e
EIA:DHHNGSP,U.S. EIA,physical_spot,Henry Hub physical spot,Henry Hub,2025-04-14T05:00:00.000000Z,2025-04-15T05:00:00.000000Z,3.57,USD/MMBtu,,2026-08-31T17:42:13.010673Z,2026-08-26,https://www.eia.gov/dnav/ng/hist/rngwhhdD.htm,eia_henry_hub_spot:1788198133010673000:3241dfb4a8883f486cfb073eb5161263d2da2c27ccb423435106659f0cd0bc3e
EIA:DHHNGSP,U.S. EIA,physical_spot,Henry Hub physical spot,Henry Hub,2025-04-15T05:00:00.000000Z,2025-04-16T05:00:00.000000Z,3.27,USD/MMBtu,,2026-08-31T17:42:13.010673Z,2026-08-26,https://www.eia.gov/dnav/ng/hist/rngwhhdD.htm,eia_henry_hub_spot:1788198133010673000:3241dfb4a8883f486cfb073eb5161263d2da2c27ccb423435106659f0cd0bc3e
EIA:DHHNGSP,U.S. EIA,physical_spot,Henry Hub physical spot,Henry Hub,2025-04-16T05:00:00.000000Z,2025-04-17T05:00:00.000000Z,3.25,USD/MMBtu,,2026-08-31T17:42:13.010673Z,2026-08-26,https://www.eia.gov/dnav/ng/hist/rngwhhdD.htm,eia_henry_hub_spot:1788198133010673000:3241dfb4a8883f486cfb073eb5161263d2da2c27ccb423435106659f0cd0bc3e
EIA:DHHNGSP,U.S. EIA,physical_spot,Henry Hub physical spot,Henry Hub,2025-04-17T05:00:00.000000Z,2025-04-18T05:00:00.000000Z,2.94,USD/MMBtu,,2026-08-31T17:42:13.010673Z,2026-08-26,https://www.eia.gov/dnav/ng/hist/rngwhhdD.htm,eia_henry_hub_spot:1788198133010673000:3241dfb4a8883f486cfb073eb5161263d2da2c27ccb423435106659f0cd0bc3e
EIA:DHHNGSP,U.S. EIA,physical_spot,Henry Hub physical spot,Henry Hub,2025-04-21T05:00:00.000000Z,2025-04-22T05:00:00.000000Z,3.16,USD/MMBtu,,2026-08-31T17:42:13.010673Z,2026-08-26,https://www.eia.gov/dnav/ng/hist/rngwhhdD.htm,eia_henry_hub_spot:1788198133010673000:3241dfb4a8883f486cfb073eb5161263d2da2c27ccb423435106659f0cd0bc3e
EIA:DHHNGSP,U.S. EIA,physical_spot,Henry Hub physical spot,Henry Hub,2025-04-22T05:00:00.000000Z,2025-04-23T05:00:00.000000Z,3.12,USD/MMBtu,,2026-08-31T17:42:13.010673Z,2026-08-26,https://www.eia.gov/dnav/ng/hist/rngwhhdD.htm,eia_henry_hub_spot:1788198133010673000:3241dfb4a8883f486cfb073eb5161263d2da2c27ccb423435106659f0cd0bc3e
EIA:DHHNGSP,U.S. EIA,physical_spot,Henry Hub physical spot,Henry Hub,2025-04-23T05:00:00.000000Z,2025-04-24T05:00:00.000000Z,3.12,USD/MMBtu,,2026-08-31T17:42:13.010673Z,2026-08-26,https://www.eia.gov/dnav/ng/hist/rngwhhdD.htm,eia_henry_hub_spot:1788198133010673000:3241dfb4a8883f486cfb073eb5161263d2da2c27ccb423435106659f0cd0bc3e
EIA:DHHNGSP,U.S. EIA,physical_spot,Henry Hub physical spot,Henry Hub,2025-04-24T05:00:00.000000Z,2025-04-25T05:00:00.000000Z,2.87,USD/MMBtu,,2026-08-31T17:42:13.010673Z,2026-08-26,https://www.eia.gov/dnav/ng/hist/rngwhhdD.htm,eia_henry_hub_spot:1788198133010673000:3241dfb4a8883f486cfb073eb5161263d2da2c27ccb423435106659f0cd0bc3e
EIA:DHHNGSP,U.S. EIA,physical_spot,Henry Hub physical spot,Henry Hub,2025-04-25T05:00:00.000000Z,2025-04-26T05:00:00.000000Z,2.71,USD/MMBtu,,2026-08-31T17:42:13.010673Z,2026-08-26,https://www.eia.gov/dnav/ng/hist/rngwhhdD.htm,eia_henry_hub_spot:1788198133010673000:3241dfb4a8883f486cfb073eb5161263d2da2c27ccb423435106659f0cd0bc3e
EIA:DHHNGSP,U.S. EIA,physical_spot,Henry Hub physical spot,Henry Hub,2025-04-28T05:00:00.000000Z,2025-04-29T05:00:00.000000Z,2.96,USD/MMBtu,,2026-08-31T17:42:13.010673Z,2026-08-26,https://www.eia.gov/dnav/ng/hist/rngwhhdD.htm,eia_henry_hub_spot:1788198133010673000:3241dfb4a8883f486cfb073eb5161263d2da2c27ccb423435106659f0cd0bc3e
EIA:DHHNGSP,U.S. EIA,physical_spot,Henry Hub physical spot,Henry Hub,2025-04-29T05:00:00.000000Z,2025-04-30T05:00:00.000000Z,3.17,USD/MMBtu,,2026-08-31T17:42:13.010673Z,2026-08-26,https://www.eia.gov/dnav/ng/hist/rngwhhdD.htm,eia_henry_hub_spot:1788198133010673000:3241dfb4a8883f486cfb073eb5161263d2da2c27ccb423435106659f0cd0bc3e
EIA:DHHNGSP,U.S. EIA,physical_spot,Henry Hub physical spot,Henry Hub,2025-04-30T05:00:00.000000Z,2025-05-01T05:00:00.000000Z,3.12,USD/MMBtu,,2026-08-31T17:42:13.010673Z,2026-08-26,https://www.eia.gov/dnav/ng/hist/rngwhhdD.htm,eia_henry_hub_spot:1788198133010673000:3241dfb4a8883f486cfb073eb5161263d2da2c27ccb423435106659f0cd0bc3e
EIA:DHHNGSP,U.S. EIA,physical_spot,Henry Hub physical spot,Henry Hub,2025-05-01T05:00:00.000000Z,2025-05-02T05:00:00.000000Z,3.08,USD/MMBtu,,2026-08-31T17:42:13.010673Z,2026-08-26,https://www.eia.gov/dnav/ng/hist/rngwhhdD.htm,eia_henry_hub_spot:1788198133010673000:3241dfb4a8883f486cfb073eb5161263d2da2c27ccb423435106659f0cd0bc3e
EIA:DHHNGSP,U.S. EIA,physical_spot,Henry Hub physical spot,Henry Hub,2025-05-02T05:00:00.000000Z,2025-05-03T05:00:00.000000Z,3.1,USD/MMBtu,,2026-08-31T17:42:13.010673Z,2026-08-26,https://www.eia.gov/dnav/ng/hist/rngwhhdD.htm,eia_henry_hub_spot:1788198133010673000:3241dfb4a8883f486cfb073eb5161263d2da2c27ccb423435106659f0cd0bc3e
EIA:DHHNGSP,U.S. EIA,physical_spot,Henry Hub physical spot,Henry Hub,2025-05-05T05:00:00.000000Z,2025-05-06T05:00:00.000000Z,3.26,USD/MMBtu,,2026-08-31T17:42:13.010673Z,2026-08-26,https://www.eia.gov/dnav/ng/hist/rngwhhdD.htm,eia_henry_hub_spot:1788198133010673000:3241dfb4a8883f486cfb073eb5161263d2da2c27ccb423435106659f0cd0bc3e
EIA:DHHNGSP,U.S. EIA,physical_spot,Henry Hub physical spot,Henry Hub,2025-05-06T05:00:00.000000Z,2025-05-07T05:00:00.000000Z,3.08,USD/MMBtu,,2026-08-31T17:42:13.010673Z,2026-08-26,https://www.eia.gov/dnav/ng/hist/rngwhhdD.htm,eia_henry_hub_spot:1788198133010673000:3241dfb4a8883f486cfb073eb5161263d2da2c27ccb423435106659f0cd0bc3e
EIA:DHHNGSP,U.S. EIA,physical_spot,Henry Hub physical spot,Henry Hub,2025-05-07T05:00:00.000000Z,2025-05-08T05:00:00.000000Z,3.18,USD/MMBtu,,2026-08-31T17:42:13.010673Z,2026-08-26,https://www.eia.gov/dnav/ng/hist/rngwhhdD.htm,eia_henry_hub_spot:1788198133010673000:3241dfb4a8883f486cfb073eb5161263d2da2c27ccb423435106659f0cd0bc3e
EIA:DHHNGSP,U.S. EIA,physical_spot,Henry Hub physical spot,Henry Hub,2025-05-08T05:00:00.000000Z,2025-05-09T05:00:00.000000Z,3.23,USD/MMBtu,,2026-08-31T17:42:13.010673Z,2026-08-26,https://www.eia.gov/dnav/ng/hist/rngwhhdD.htm,eia_henry_hub_spot:1788198133010673000:3241dfb4a8883f486cfb073eb5161263d2da2c27ccb423435106659f0cd0bc3e
EIA:DHHNGSP,U.S. EIA,physical_spot,Henry Hub physical spot,Henry Hub,2025-05-09T05:00:00.000000Z,2025-05-10T05:00:00.000000Z,3.22,USD/MMBtu,,2026-08-31T17:42:13.010673Z,2026-08-26,https://www.eia.gov/dnav/ng/hist/rngwhhdD.htm,eia_henry_hub_spot:1788198133010673000:3241dfb4a8883f486cfb073eb5161263d2da2c27ccb423435106659f0cd0bc3e
EIA:DHHNGSP,U.S. EIA,physical_spot,Henry Hub physical spot,Henry Hub,2025-05-12T05:00:00.000000Z,2025-05-13T05:00:00.000000Z,3.19,USD/MMBtu,,2026-08-31T17:42:13.010673Z,2026-08-26,https://www.eia.gov/dnav/ng/hist/rngwhhdD.htm,eia_henry_hub_spot:1788198133010673000:3241dfb4a8883f486cfb073eb5161263d2da2c27ccb423435106659f0cd0bc3e
EIA:DHHNGSP,U.S. EIA,physical_spot,Henry Hub physical spot,Henry Hub,2025-05-13T05:00:00.000000Z,2025-05-14T05:00:00.000000Z,3.27,USD/MMBtu,,2026-08-31T17:42:13.010673Z,2026-08-26,https://www.eia.gov/dnav/ng/hist/rngwhhdD.htm,eia_henry_hub_spot:1788198133010673000:3241dfb4a8883f486cfb073eb5161263d2da2c27ccb423435106659f0cd0bc3e
EIA:DHHNGSP,U.S. EIA,physical_spot,Henry Hub physical spot,Henry Hub,2025-05-14T05:00:00.000000Z,2025-05-15T05:00:00.000000Z,3.31,USD/MMBtu,,2026-08-31T17:42:13.010673Z,2026-08-26,https://www.eia.gov/dnav/ng/hist/rngwhhdD.htm,eia_henry_hub_spot:1788198133010673000:3241dfb4a8883f486cfb073eb5161263d2da2c27ccb423435106659f0cd0bc3e
EIA:DHHNGSP,U.S. EIA,physical_spot,Henry Hub physical spot,Henry Hub,2025-05-15T05:00:00.000000Z,2025-05-16T05:00:00.000000Z,3.2,USD/MMBtu,,2026-08-31T17:42:13.010673Z,2026-08-26,https://www.eia.gov/dnav/ng/hist/rngwhhdD.htm,eia_henry_hub_spot:1788198133010673000:3241dfb4a8883f486cfb073eb5161263d2da2c27ccb423435106659f0cd0bc3e
EIA:DHHNGSP,U.S. EIA,physical_spot,Henry Hub physical spot,Henry Hub,2025-05-16T05:00:00.000000Z,2025-05-17T05:00:00.000000Z,3.01,USD/MMBtu,,2026-08-31T17:42:13.010673Z,2026-08-26,https://www.eia.gov/dnav/ng/hist/rngwhhdD.htm,eia_henry_hub_spot:1788198133010673000:3241dfb4a8883f486cfb073eb5161263d2da2c27ccb423435106659f0cd0bc3e
EIA:DHHNGSP,U.S. EIA,physical_spot,Henry Hub physical spot,Henry Hub,2025-05-19T05:00:00.000000Z,2025-05-20T05:00:00.000000Z,2.96,USD/MMBtu,,2026-08-31T17:42:13.010673Z,2026-08-26,https://www.eia.gov/dnav/ng/hist/rngwhhdD.htm,eia_henry_hub_spot:1788198133010673000:3241dfb4a8883f486cfb073eb5161263d2da2c27ccb423435106659f0cd0bc3e
EIA:DHHNGSP,U.S. EIA,physical_spot,Henry Hub physical spot,Henry Hub,2025-05-20T05:00:00.000000Z,2025-05-21T05:00:00.000000Z,3.15,USD/MMBtu,,2026-08-31T17:42:13.010673Z,2026-08-26,https://www.eia.gov/dnav/ng/hist/rngwhhdD.htm,eia_henry_hub_spot:1788198133010673000:3241dfb4a8883f486cfb073eb5161263d2da2c27ccb423435106659f0cd0bc3e
EIA:DHHNGSP,U.S. EIA,physical_spot,Henry Hub physical spot,Henry Hub,2025-05-21T05:00:00.000000Z,2025-05-22T05:00:00.000000Z,3.2,USD/MMBtu,,2026-08-31T17:42:13.010673Z,2026-08-26,https://www.eia.gov/dnav/ng/hist/rngwhhdD.htm,eia_henry_hub_spot:1788198133010673000:3241dfb4a8883f486cfb073eb5161263d2da2c27ccb423435106659f0cd0bc3e
EIA:DHHNGSP,U.S. EIA,physical_spot,Henry Hub physical spot,Henry Hub,2025-05-22T05:00:00.000000Z,2025-05-23T05:00:00.000000Z,3.0,USD/MMBtu,,2026-08-31T17:42:13.010673Z,2026-08-26,https://www.eia.gov/dnav/ng/hist/rngwhhdD.htm,eia_henry_hub_spot:1788198133010673000:3241dfb4a8883f486cfb073eb5161263d2da2c27ccb423435106659f0cd0bc3e
EIA:DHHNGSP,U.S. EIA,physical_spot,Henry Hub physical spot,Henry Hub,2025-05-23T05:00:00.000000Z,2025-05-24T05:00:00.000000Z,2.93,USD/MMBtu,,2026-08-31T17:42:13.010673Z,2026-08-26,https://www.eia.gov/dnav/ng/hist/rngwhhdD.htm,eia_henry_hub_spot:1788198133010673000:3241dfb4a8883f486cfb073eb5161263d2da2c27ccb423435106659f0cd0bc3e
EIA:DHHNGSP,U.S. EIA,physical_spot,Henry Hub physical spot,Henry Hub,2025-05-27T05:00:00.000000Z,2025-05-28T05:00:00.000000Z,3.2,USD/MMBtu,,2026-08-31T17:42:13.010673Z,2026-08-26,https://www.eia.gov/dnav/ng/hist/rngwhhdD.htm,eia_henry_hub_spot:1788198133010673000:3241dfb4a8883f486cfb073eb5161263d2da2c27ccb423435106659f0cd0bc3e
EIA:DHHNGSP,U.S. EIA,physical_spot,Henry Hub physical spot,Henry Hub,2025-05-28T05:00:00.000000Z,2025-05-29T05:00:00.000000Z,3.09,USD/MMBtu,,2026-08-31T17:42:13.010673Z,2026-08-26,https://www.eia.gov/dnav/ng/hist/rngwhhdD.htm,eia_henry_hub_spot:1788198133010673000:3241dfb4a8883f486cfb073eb5161263d2da2c27ccb423435106659f0cd0bc3e
EIA:DHHNGSP,U.S. EIA,physical_spot,Henry Hub physical spot,Henry Hub,2025-05-29T05:00:00.000000Z,2025-05-30T05:00:00.000000Z,2.97,USD/MMBtu,,2026-08-31T17:42:13.010673Z,2026-08-26,https://www.eia.gov/dnav/ng/hist/rngwhhdD.htm,eia_henry_hub_spot:1788198133010673000:3241dfb4a8883f486cfb073eb5161263d2da2c27ccb423435106659f0cd0bc3e
EIA:DHHNGSP,U.S. EIA,physical_spot,Henry Hub physical spot,Henry Hub,2025-05-30T05:00:00.000000Z,2025-05-31T05:00:00.000000Z,2.86,USD/MMBtu,,2026-08-31T17:42:13.010673Z,2026-08-26,https://www.eia.gov/dnav/ng/hist/rngwhhdD.htm,eia_henry_hub_spot:1788198133010673000:3241dfb4a8883f486cfb073eb5161263d2da2c27ccb423435106659f0cd0bc3e
EIA:DHHNGSP,U.S. EIA,physical_spot,Henry Hub physical spot,Henry Hub,2025-06-02T05:00:00.000000Z,2025-06-03T05:00:00.000000Z,3.0,USD/MMBtu,,2026-08-31T17:42:13.010673Z,2026-08-26,https://www.eia.gov/dnav/ng/hist/rngwhhdD.htm,eia_henry_hub_spot:1788198133010673000:3241dfb4a8883f486cfb073eb5161263d2da2c27ccb423435106659f0cd0bc3e
EIA:DHHNGSP,U.S. EIA,physical_spot,Henry Hub physical spot,Henry Hub,2025-06-03T05:00:00.000000Z,2025-06-04T05:00:00.000000Z,2.84,USD/MMBtu,,2026-08-31T17:42:13.010673Z,2026-08-26,https://www.eia.gov/dnav/ng/hist/rngwhhdD.htm,eia_henry_hub_spot:1788198133010673000:3241dfb4a8883f486cfb073eb5161263d2da2c27ccb423435106659f0cd0bc3e
EIA:DHHNGSP,U.S. EIA,physical_spot,Henry Hub physical spot,Henry Hub,2025-06-04T05:00:00.000000Z,2025-06-05T05:00:00.000000Z,2.8,USD/MMBtu,,2026-08-31T17:42:13.010673Z,2026-08-26,https://www.eia.gov/dnav/ng/hist/rngwhhdD.htm,eia_henry_hub_spot:1788198133010673000:3241dfb4a8883f486cfb073eb5161263d2da2c27ccb423435106659f0cd0bc3e
EIA:DHHNGSP,U.S. EIA,physical_spot,Henry Hub physical spot,Henry Hub,2025-06-05T05:00:00.000000Z,2025-06-06T05:00:00.000000Z,2.86,USD/MMBtu,,2026-08-31T17:42:13.010673Z,2026-08-26,https://www.eia.gov/dnav/ng/hist/rngwhhdD.htm,eia_henry_hub_spot:1788198133010673000:3241dfb4a8883f486cfb073eb5161263d2da2c27ccb423435106659f0cd0bc3e
EIA:DHHNGSP,U.S. EIA,physical_spot,Henry Hub physical spot,Henry Hub,2025-06-06T05:00:00.000000Z,2025-06-07T05:00:00.000000Z,2.68,USD/MMBtu,,2026-08-31T17:42:13.010673Z,2026-08-26,https://www.eia.gov/dnav/ng/hist/rngwhhdD.htm,eia_henry_hub_spot:1788198133010673000:3241dfb4a8883f486cfb073eb5161263d2da2c27ccb423435106659f0cd0bc3e
EIA:DHHNGSP,U.S. EIA,physical_spot,Henry Hub physical spot,Henry Hub,2025-06-09T05:00:00.000000Z,2025-06-10T05:00:00.000000Z,3.13,USD/MMBtu,,2026-08-31T17:42:13.010673Z,2026-08-26,https://www.eia.gov/dnav/ng/hist/rngwhhdD.htm,eia_henry_hub_spot:1788198133010673000:3241dfb4a8883f486cfb073eb5161263d2da2c27ccb423435106659f0cd0bc3e
EIA:DHHNGSP,U.S. EIA,physical_spot,Henry Hub physical spot,Henry Hub,2025-06-10T05:00:00.000000Z,2025-06-11T05:00:00.000000Z,2.79,USD/MMBtu,,2026-08-31T17:42:13.010673Z,2026-08-26,https://www.eia.gov/dnav/ng/hist/rngwhhdD.htm,eia_henry_hub_spot:1788198133010673000:3241dfb4a8883f486cfb073eb5161263d2da2c27ccb423435106659f0cd0bc3e
EIA:DHHNGSP,U.S. EIA,physical_spot,Henry Hub physical spot,Henry Hub,2025-06-11T05:00:00.000000Z,2025-06-12T05:00:00.000000Z,2.73,USD/MMBtu,,2026-08-31T17:42:13.010673Z,2026-08-26,https://www.eia.gov/dnav/ng/hist/rngwhhdD.htm,eia_henry_hub_spot:1788198133010673000:3241dfb4a8883f486cfb073eb5161263d2da2c27ccb423435106659f0cd0bc3e
EIA:DHHNGSP,U.S. EIA,physical_spot,Henry Hub physical spot,Henry Hub,2025-06-12T05:00:00.000000Z,2025-06-13T05:00:00.000000Z,2.9,USD/MMBtu,,2026-08-31T17:42:13.010673Z,2026-08-26,https://www.eia.gov/dnav/ng/hist/rngwhhdD.htm,eia_henry_hub_spot:1788198133010673000:3241dfb4a8883f486cfb073eb5161263d2da2c27ccb423435106659f0cd0bc3e
EIA:DHHNGSP,U.S. EIA,physical_spot,Henry Hub physical spot,Henry Hub,2025-06-13T05:00:00.000000Z,2025-06-14T05:00:00.000000Z,2.65,USD/MMBtu,,2026-08-31T17:42:13.010673Z,2026-08-26,https://www.eia.gov/dnav/ng/hist/rngwhhdD.htm,eia_henry_hub_spot:1788198133010673000:3241dfb4a8883f486cfb073eb5161263d2da2c27ccb423435106659f0cd0bc3e
EIA:DHHNGSP,U.S. EIA,physical_spot,Henry Hub physical spot,Henry Hub,2025-06-16T05:00:00.000000Z,2025-06-17T05:00:00.000000Z,2.9,USD/MMBtu,,2026-08-31T17:42:13.010673Z,2026-08-26,https://www.eia.gov/dnav/ng/hist/rngwhhdD.htm,eia_henry_hub_spot:1788198133010673000:3241dfb4a8883f486cfb073eb5161263d2da2c27ccb423435106659f0cd0bc3e
EIA:DHHNGSP,U.S. EIA,physical_spot,Henry Hub physical spot,Henry Hub,2025-06-17T05:00:00.000000Z,2025-06-18T05:00:00.000000Z,2.9,USD/MMBtu,,2026-08-31T17:42:13.010673Z,2026-08-26,https://www.eia.gov/dnav/ng/hist/rngwhhdD.htm,eia_henry_hub_spot:1788198133010673000:3241dfb4a8883f486cfb073eb5161263d2da2c27ccb423435106659f0cd0bc3e
EIA:DHHNGSP,U.S. EIA,physical_spot,Henry Hub physical spot,Henry Hub,2025-06-18T05:00:00.000000Z,2025-06-19T05:00:00.000000Z,3.43,USD/MMBtu,,2026-08-31T17:42:13.010673Z,2026-08-26,https://www.eia.gov/dnav/ng/hist/rngwhhdD.htm,eia_henry_hub_spot:1788198133010673000:3241dfb4a8883f486cfb073eb5161263d2da2c27ccb423435106659f0cd0bc3e
EIA:DHHNGSP,U.S. EIA,physical_spot,Henry Hub physical spot,Henry Hub,2025-06-20T05:00:00.000000Z,2025-06-21T05:00:00.000000Z,3.09,USD/MMBtu,,2026-08-31T17:42:13.010673Z,2026-08-26,https://www.eia.gov/dnav/ng/hist/rngwhhdD.htm,eia_henry_hub_spot:1788198133010673000:3241dfb4a8883f486cfb073eb5161263d2da2c27ccb423435106659f0cd0bc3e
EIA:DHHNGSP,U.S. EIA,physical_spot,Henry Hub physical spot,Henry Hub,2025-06-23T05:00:00.000000Z,2025-06-24T05:00:00.000000Z,3.5,USD/MMBtu,,2026-08-31T17:42:13.010673Z,2026-08-26,https://www.eia.gov/dnav/ng/hist/rngwhhdD.htm,eia_henry_hub_spot:1788198133010673000:3241dfb4a8883f486cfb073eb5161263d2da2c27ccb423435106659f0cd0bc3e
EIA:DHHNGSP,U.S. EIA,physical_spot,Henry Hub physical spot,Henry Hub,2025-06-24T05:00:00.000000Z,2025-06-25T05:00:00.000000Z,3.3,USD/MMBtu,,2026-08-31T17:42:13.010673Z,2026-08-26,https://www.eia.gov/dnav/ng/hist/rngwhhdD.htm,eia_henry_hub_spot:1788198133010673000:3241dfb4a8883f486cfb073eb5161263d2da2c27ccb423435106659f0cd0bc3e
EIA:DHHNGSP,U.S. EIA,physical_spot,Henry Hub physical spot,Henry Hub,2025-06-25T05:00:00.000000Z,2025-06-26T05:00:00.000000Z,3.26,USD/MMBtu,,2026-08-31T17:42:13.010673Z,2026-08-26,https://www.eia.gov/dnav/ng/hist/rngwhhdD.htm,eia_henry_hub_spot:1788198133010673000:3241dfb4a8883f486cfb073eb5161263d2da2c27ccb423435106659f0cd0bc3e
EIA:DHHNGSP,U.S. EIA,physical_spot,Henry Hub physical spot,Henry Hub,2025-06-26T05:00:00.000000Z,2025-06-27T05:00:00.000000Z,3.23,USD/MMBtu,,2026-08-31T17:42:13.010673Z,2026-08-26,https://www.eia.gov/dnav/ng/hist/rngwhhdD.htm,eia_henry_hub_spot:1788198133010673000:3241dfb4a8883f486cfb073eb5161263d2da2c27ccb423435106659f0cd0bc3e
EIA:DHHNGSP,U.S. EIA,physical_spot,Henry Hub physical spot,Henry Hub,2025-06-27T05:00:00.000000Z,2025-06-28T05:00:00.000000Z,3.23,USD/MMBtu,,2026-08-31T17:42:13.010673Z,2026-08-26,https://www.eia.gov/dnav/ng/hist/rngwhhdD.htm,eia_henry_hub_spot:1788198133010673000:3241dfb4a8883f486cfb073eb5161263d2da2c27ccb423435106659f0cd0bc3e
EIA:DHHNGSP,U.S. EIA,physical_spot,Henry Hub physical spot,Henry Hub,2025-06-30T05:00:00.000000Z,2025-07-01T05:00:00.000000Z,3.26,USD/MMBtu,,2026-08-31T17:42:13.010673Z,2026-08-26,https://www.eia.gov/dnav/ng/hist/rngwhhdD.htm,eia_henry_hub_spot:1788198133010673000:3241dfb4a8883f486cfb073eb5161263d2da2c27ccb423435106659f0cd0bc3e
EIA:DHHNGSP,U.S. EIA,physical_spot,Henry Hub physical spot,Henry Hub,2025-07-01T05:00:00.000000Z,2025-07-02T05:00:00.000000Z,3.14,USD/MMBtu,,2026-08-31T17:42:13.010673Z,2026-08-26,https://www.eia.gov/dnav/ng/hist/rngwhhdD.htm,eia_henry_hub_spot:1788198133010673000:3241dfb4a8883f486cfb073eb5161263d2da2c27ccb423435106659f0cd0bc3e
EIA:DHHNGSP,U.S. EIA,physical_spot,Henry Hub physical spot,Henry Hub,2025-07-02T05:00:00.000000Z,2025-07-03T05:00:00.000000Z,3.1,USD/MMBtu,,2026-08-31T17:42:13.010673Z,2026-08-26,https://www.eia.gov/dnav/ng/hist/rngwhhdD.htm,eia_henry_hub_spot:1788198133010673000:3241dfb4a8883f486cfb073eb5161263d2da2c27ccb423435106659f0cd0bc3e
EIA:DHHNGSP,U.S. EIA,physical_spot,Henry Hub physical spot,Henry Hub,2025-07-03T05:00:00.000000Z,2025-07-04T05:00:00.000000Z,3.24,USD/MMBtu,,2026-08-31T17:42:13.010673Z,2026-08-26,https://www.eia.gov/dnav/ng/hist/rngwhhdD.htm,eia_henry_hub_spot:1788198133010673000:3241dfb4a8883f486cfb073eb5161263d2da2c27ccb423435106659f0cd0bc3e
EIA:DHHNGSP,U.S. EIA,physical_spot,Henry Hub physical spot,Henry Hub,2025-07-07T05:00:00.000000Z,2025-07-08T05:00:00.000000Z,3.24,USD/MMBtu,,2026-08-31T17:42:13.010673Z,2026-08-26,https://www.eia.gov/dnav/ng/hist/rngwhhdD.htm,eia_henry_hub_spot:1788198133010673000:3241dfb4a8883f486cfb073eb5161263d2da2c27ccb423435106659f0cd0bc3e
EIA:DHHNGSP,U.S. EIA,physical_spot,Henry Hub physical spot,Henry Hub,2025-07-08T05:00:00.000000Z,2025-07-09T05:00:00.000000Z,3.2,USD/MMBtu,,2026-08-31T17:42:13.010673Z,2026-08-26,https://www.eia.gov/dnav/ng/hist/rngwhhdD.htm,eia_henry_hub_spot:1788198133010673000:3241dfb4a8883f486cfb073eb5161263d2da2c27ccb423435106659f0cd0bc3e
EIA:DHHNGSP,U.S. EIA,physical_spot,Henry Hub physical spot,Henry Hub,2025-07-09T05:00:00.000000Z,2025-07-10T05:00:00.000000Z,3.08,USD/MMBtu,,2026-08-31T17:42:13.010673Z,2026-08-26,https://www.eia.gov/dnav/ng/hist/rngwhhdD.htm,eia_henry_hub_spot:1788198133010673000:3241dfb4a8883f486cfb073eb5161263d2da2c27ccb423435106659f0cd0bc3e
EIA:DHHNGSP,U.S. EIA,physical_spot,Henry Hub physical spot,Henry Hub,2025-07-10T05:00:00.000000Z,2025-07-11T05:00:00.000000Z,3.11,USD/MMBtu,,2026-08-31T17:42:13.010673Z,2026-08-26,https://www.eia.gov/dnav/ng/hist/rngwhhdD.htm,eia_henry_hub_spot:1788198133010673000:3241dfb4a8883f486cfb073eb5161263d2da2c27ccb423435106659f0cd0bc3e
EIA:DHHNGSP,U.S. EIA,physical_spot,Henry Hub physical spot,Henry Hub,2025-07-11T05:00:00.000000Z,2025-07-12T05:00:00.000000Z,3.22,USD/MMBtu,,2026-08-31T17:42:13.010673Z,2026-08-26,https://www.eia.gov/dnav/ng/hist/rngwhhdD.htm,eia_henry_hub_spot:1788198133010673000:3241dfb4a8883f486cfb073eb5161263d2da2c27ccb423435106659f0cd0bc3e
EIA:DHHNGSP,U.S. EIA,physical_spot,Henry Hub physical spot,Henry Hub,2025-07-14T05:00:00.000000Z,2025-07-15T05:00:00.000000Z,3.21,USD/MMBtu,,2026-08-31T17:42:13.010673Z,2026-08-26,https://www.eia.gov/dnav/ng/hist/rngwhhdD.htm,eia_henry_hub_spot:1788198133010673000:3241dfb4a8883f486cfb073eb5161263d2da2c27ccb423435106659f0cd0bc3e
EIA:DHHNGSP,U.S. EIA,physical_spot,Henry Hub physical spot,Henry Hub,2025-07-15T05:00:00.000000Z,2025-07-16T05:00:00.000000Z,3.31,USD/MMBtu,,2026-08-31T17:42:13.010673Z,2026-08-26,https://www.eia.gov/dnav/ng/hist/rngwhhdD.htm,eia_henry_hub_spot:1788198133010673000:3241dfb4a8883f486cfb073eb5161263d2da2c27ccb423435106659f0cd0bc3e
EIA:DHHNGSP,U.S. EIA,physical_spot,Henry Hub physical spot,Henry Hub,2025-07-16T05:00:00.000000Z,2025-07-17T05:00:00.000000Z,3.42,USD/MMBtu,,2026-08-31T17:42:13.010673Z,2026-08-26,https://www.eia.gov/dnav/ng/hist/rngwhhdD.htm,eia_henry_hub_spot:1788198133010673000:3241dfb4a8883f486cfb073eb5161263d2da2c27ccb423435106659f0cd0bc3e
EIA:DHHNGSP,U.S. EIA,physical_spot,Henry Hub physical spot,Henry Hub,2025-07-17T05:00:00.000000Z,2025-07-18T05:00:00.000000Z,3.52,USD/MMBtu,,2026-08-31T17:42:13.010673Z,2026-08-26,https://www.eia.gov/dnav/ng/hist/rngwhhdD.htm,eia_henry_hub_spot:1788198133010673000:3241dfb4a8883f486cfb073eb5161263d2da2c27ccb423435106659f0cd0bc3e
EIA:DHHNGSP,U.S. EIA,physical_spot,Henry Hub physical spot,Henry Hub,2025-07-18T05:00:00.000000Z,2025-07-19T05:00:00.000000Z,3.5,USD/MMBtu,,2026-08-31T17:42:13.010673Z,2026-08-26,https://www.eia.gov/dnav/ng/hist/rngwhhdD.htm,eia_henry_hub_spot:1788198133010673000:3241dfb4a8883f486cfb073eb5161263d2da2c27ccb423435106659f0cd0bc3e
EIA:DHHNGSP,U.S. EIA,physical_spot,Henry Hub physical spot,Henry Hub,2025-07-21T05:00:00.000000Z,2025-07-22T05:00:00.000000Z,3.5,USD/MMBtu,,2026-08-31T17:42:13.010673Z,2026-08-26,https://www.eia.gov/dnav/ng/hist/rngwhhdD.htm,eia_henry_hub_spot:1788198133010673000:3241dfb4a8883f486cfb073eb5161263d2da2c27ccb423435106659f0cd0bc3e
EIA:DHHNGSP,U.S. EIA,physical_spot,Henry Hub physical spot,Henry Hub,2025-07-22T05:00:00.000000Z,2025-07-23T05:00:00.000000Z,3.16,USD/MMBtu,,2026-08-31T17:42:13.010673Z,2026-08-26,https://www.eia.gov/dnav/ng/hist/rngwhhdD.htm,eia_henry_hub_spot:1788198133010673000:3241dfb4a8883f486cfb073eb5161263d2da2c27ccb423435106659f0cd0bc3e
EIA:DHHNGSP,U.S. EIA,physical_spot,Henry Hub physical spot,Henry Hub,2025-07-23T05:00:00.000000Z,2025-07-24T05:00:00.000000Z,3.08,USD/MMBtu,,2026-08-31T17:42:13.010673Z,2026-08-26,https://www.eia.gov/dnav/ng/hist/rngwhhdD.htm,eia_henry_hub_spot:1788198133010673000:3241dfb4a8883f486cfb073eb5161263d2da2c27ccb423435106659f0cd0bc3e
EIA:DHHNGSP,U.S. EIA,physical_spot,Henry Hub physical spot,Henry Hub,2025-07-24T05:00:00.000000Z,2025-07-25T05:00:00.000000Z,3.13,USD/MMBtu,,2026-08-31T17:42:13.010673Z,2026-08-26,https://www.eia.gov/dnav/ng/hist/rngwhhdD.htm,eia_henry_hub_spot:1788198133010673000:3241dfb4a8883f486cfb073eb5161263d2da2c27ccb423435106659f0cd0bc3e
EIA:DHHNGSP,U.S. EIA,physical_spot,Henry Hub physical spot,Henry Hub,2025-07-25T05:00:00.000000Z,2025-07-26T05:00:00.000000Z,3.1,USD/MMBtu,,2026-08-31T17:42:13.010673Z,2026-08-26,https://www.eia.gov/dnav/ng/hist/rngwhhdD.htm,eia_henry_hub_spot:1788198133010673000:3241dfb4a8883f486cfb073eb5161263d2da2c27ccb423435106659f0cd0bc3e
EIA:DHHNGSP,U.S. EIA,physical_spot,Henry Hub physical spot,Henry Hub,2025-07-28T05:00:00.000000Z,2025-07-29T05:00:00.000000Z,3.12,USD/MMBtu,,2026-08-31T17:42:13.010673Z,2026-08-26,https://www.eia.gov/dnav/ng/hist/rngwhhdD.htm,eia_henry_hub_spot:1788198133010673000:3241dfb4a8883f486cfb073eb5161263d2da2c27ccb423435106659f0cd0bc3e
EIA:DHHNGSP,U.S. EIA,physical_spot,Henry Hub physical spot,Henry Hub,2025-07-29T05:00:00.000000Z,2025-07-30T05:00:00.000000Z,3.08,USD/MMBtu,,2026-08-31T17:42:13.010673Z,2026-08-26,https://www.eia.gov/dnav/ng/hist/rngwhhdD.htm,eia_henry_hub_spot:1788198133010673000:3241dfb4a8883f486cfb073eb5161263d2da2c27ccb423435106659f0cd0bc3e
EIA:DHHNGSP,U.S. EIA,physical_spot,Henry Hub physical spot,Henry Hub,2025-07-30T05:00:00.000000Z,2025-07-31T05:00:00.000000Z,2.98,USD/MMBtu,,2026-08-31T17:42:13.010673Z,2026-08-26,https://www.eia.gov/dnav/ng/hist/rngwhhdD.htm,eia_henry_hub_spot:1788198133010673000:3241dfb4a8883f486cfb073eb5161263d2da2c27ccb423435106659f0cd0bc3e
EIA:DHHNGSP,U.S. EIA,physical_spot,Henry Hub physical spot,Henry Hub,2025-07-31T05:00:00.000000Z,2025-08-01T05:00:00.000000Z,2.99,USD/MMBtu,,2026-08-31T17:42:13.010673Z,2026-08-26,https://www.eia.gov/dnav/ng/hist/rngwhhdD.htm,eia_henry_hub_spot:1788198133010673000:3241dfb4a8883f486cfb073eb5161263d2da2c27ccb423435106659f0cd0bc3e
EIA:DHHNGSP,U.S. EIA,physical_spot,Henry Hub physical spot,Henry Hub,2025-08-01T05:00:00.000000Z,2025-08-02T05:00:00.000000Z,3.0,USD/MMBtu,,2026-08-31T17:42:13.010673Z,2026-08-26,https://www.eia.gov/dnav/ng/hist/rngwhhdD.htm,eia_henry_hub_spot:1788198133010673000:3241dfb4a8883f486cfb073eb5161263d2da2c27ccb423435106659f0cd0bc3e
EIA:DHHNGSP,U.S. EIA,physical_spot,Henry Hub physical spot,Henry Hub,2025-08-04T05:00:00.000000Z,2025-08-05T05:00:00.000000Z,2.89,USD/MMBtu,,2026-08-31T17:42:13.010673Z,2026-08-26,https://www.eia.gov/dnav/ng/hist/rngwhhdD.htm,eia_henry_hub_spot:1788198133010673000:3241dfb4a8883f486cfb073eb5161263d2da2c27ccb423435106659f0cd0bc3e
EIA:DHHNGSP,U.S. EIA,physical_spot,Henry Hub physical spot,Henry Hub,2025-08-05T05:00:00.000000Z,2025-08-06T05:00:00.000000Z,2.98,USD/MMBtu,,2026-08-31T17:42:13.010673Z,2026-08-26,https://www.eia.gov/dnav/ng/hist/rngwhhdD.htm,eia_henry_hub_spot:1788198133010673000:3241dfb4a8883f486cfb073eb5161263d2da2c27ccb423435106659f0cd0bc3e
EIA:DHHNGSP,U.S. EIA,physical_spot,Henry Hub physical spot,Henry Hub,2025-08-06T05:00:00.000000Z,2025-08-07T05:00:00.000000Z,3.02,USD/MMBtu,,2026-08-31T17:42:13.010673Z,2026-08-26,https://www.eia.gov/dnav/ng/hist/rngwhhdD.htm,eia_henry_hub_spot:1788198133010673000:3241dfb4a8883f486cfb073eb5161263d2da2c27ccb423435106659f0cd0bc3e
EIA:DHHNGSP,U.S. EIA,physical_spot,Henry Hub physical spot,Henry Hub,2025-08-07T05:00:00.000000Z,2025-08-08T05:00:00.000000Z,3.05,USD/MMBtu,,2026-08-31T17:42:13.010673Z,2026-08-26,https://www.eia.gov/dnav/ng/hist/rngwhhdD.htm,eia_henry_hub_spot:1788198133010673000:3241dfb4a8883f486cfb073eb5161263d2da2c27ccb423435106659f0cd0bc3e
EIA:DHHNGSP,U.S. EIA,physical_spot,Henry Hub physical spot,Henry Hub,2025-08-08T05:00:00.000000Z,2025-08-09T05:00:00.000000Z,3.03,USD/MMBtu,,2026-08-31T17:42:13.010673Z,2026-08-26,https://www.eia.gov/dnav/ng/hist/rngwhhdD.htm,eia_henry_hub_spot:1788198133010673000:3241dfb4a8883f486cfb073eb5161263d2da2c27ccb423435106659f0cd0bc3e
EIA:DHHNGSP,U.S. EIA,physical_spot,Henry Hub physical spot,Henry Hub,2025-08-11T05:00:00.000000Z,2025-08-12T05:00:00.000000Z,3.05,USD/MMBtu,,2026-08-31T17:42:13.010673Z,2026-08-26,https://www.eia.gov/dnav/ng/hist/rngwhhdD.htm,eia_henry_hub_spot:1788198133010673000:3241dfb4a8883f486cfb073eb5161263d2da2c27ccb423435106659f0cd0bc3e
EIA:DHHNGSP,U.S. EIA,physical_spot,Henry Hub physical spot,Henry Hub,2025-08-12T05:00:00.000000Z,2025-08-13T05:00:00.000000Z,2.93,USD/MMBtu,,2026-08-31T17:42:13.010673Z,2026-08-26,https://www.eia.gov/dnav/ng/hist/rngwhhdD.htm,eia_henry_hub_spot:1788198133010673000:3241dfb4a8883f486cfb073eb5161263d2da2c27ccb423435106659f0cd0bc3e
EIA:DHHNGSP,U.S. EIA,physical_spot,Henry Hub physical spot,Henry Hub,2025-08-13T05:00:00.000000Z,2025-08-14T05:00:00.000000Z,2.95,USD/MMBtu,,2026-08-31T17:42:13.010673Z,2026-08-26,https://www.eia.gov/dnav/ng/hist/rngwhhdD.htm,eia_henry_hub_spot:1788198133010673000:3241dfb4a8883f486cfb073eb5161263d2da2c27ccb423435106659f0cd0bc3e
EIA:DHHNGSP,U.S. EIA,physical_spot,Henry Hub physical spot,Henry Hub,2025-08-14T05:00:00.000000Z,2025-08-15T05:00:00.000000Z,2.78,USD/MMBtu,,2026-08-31T17:42:13.010673Z,2026-08-26,https://www.eia.gov/dnav/ng/hist/rngwhhdD.htm,eia_henry_hub_spot:1788198133010673000:3241dfb4a8883f486cfb073eb5161263d2da2c27ccb423435106659f0cd0bc3e
EIA:DHHNGSP,U.S. EIA,physical_spot,Henry Hub physical spot,Henry Hub,2025-08-15T05:00:00.000000Z,2025-08-16T05:00:00.000000Z,2.98,USD/MMBtu,,2026-08-31T17:42:13.010673Z,2026-08-26,https://www.eia.gov/dnav/ng/hist/rngwhhdD.htm,eia_henry_hub_spot:1788198133010673000:3241dfb4a8883f486cfb073eb5161263d2da2c27ccb423435106659f0cd0bc3e
EIA:DHHNGSP,U.S. EIA,physical_spot,Henry Hub physical spot,Henry Hub,2025-08-18T05:00:00.000000Z,2025-08-19T05:00:00.000000Z,2.96,USD/MMBtu,,2026-08-31T17:42:13.010673Z,2026-08-26,https://www.eia.gov/dnav/ng/hist/rngwhhdD.htm,eia_henry_hub_spot:1788198133010673000:3241dfb4a8883f486cfb073eb5161263d2da2c27ccb423435106659f0cd0bc3e
EIA:DHHNGSP,U.S. EIA,physical_spot,Henry Hub physical spot,Henry Hub,2025-08-19T05:00:00.000000Z,2025-08-20T05:00:00.000000Z,2.87,USD/MMBtu,,2026-08-31T17:42:13.010673Z,2026-08-26,https://www.eia.gov/dnav/ng/hist/rngwhhdD.htm,eia_henry_hub_spot:1788198133010673000:3241dfb4a8883f486cfb073eb5161263d2da2c27ccb423435106659f0cd0bc3e
EIA:DHHNGSP,U.S. EIA,physical_spot,Henry Hub physical spot,Henry Hub,2025-08-20T05:00:00.000000Z,2025-08-21T05:00:00.000000Z,2.8,USD/MMBtu,,2026-08-31T17:42:13.010673Z,2026-08-26,https://www.eia.gov/dnav/ng/hist/rngwhhdD.htm,eia_henry_hub_spot:1788198133010673000:3241dfb4a8883f486cfb073eb5161263d2da2c27ccb423435106659f0cd0bc3e
EIA:DHHNGSP,U.S. EIA,physical_spot,Henry Hub physical spot,Henry Hub,2025-08-21T05:00:00.000000Z,2025-08-22T05:00:00.000000Z,2.88,USD/MMBtu,,2026-08-31T17:42:13.010673Z,2026-08-26,https://www.eia.gov/dnav/ng/hist/rngwhhdD.htm,eia_henry_hub_spot:1788198133010673000:3241dfb4a8883f486cfb073eb5161263d2da2c27ccb423435106659f0cd0bc3e
EIA:DHHNGSP,U.S. EIA,physical_spot,Henry Hub physical spot,Henry Hub,2025-08-22T05:00:00.000000Z,2025-08-23T05:00:00.000000Z,2.76,USD/MMBtu,,2026-08-31T17:42:13.010673Z,2026-08-26,https://www.eia.gov/dnav/ng/hist/rngwhhdD.htm,eia_henry_hub_spot:1788198133010673000:3241dfb4a8883f486cfb073eb5161263d2da2c27ccb423435106659f0cd0bc3e
EIA:DHHNGSP,U.S. EIA,physical_spot,Henry Hub physical spot,Henry Hub,2025-08-25T05:00:00.000000Z,2025-08-26T05:00:00.000000Z,2.76,USD/MMBtu,,2026-08-31T17:42:13.010673Z,2026-08-26,https://www.eia.gov/dnav/ng/hist/rngwhhdD.htm,eia_henry_hub_spot:1788198133010673000:3241dfb4a8883f486cfb073eb5161263d2da2c27ccb423435106659f0cd0bc3e
EIA:DHHNGSP,U.S. EIA,physical_spot,Henry Hub physical spot,Henry Hub,2025-08-26T05:00:00.000000Z,2025-08-27T05:00:00.000000Z,2.82,USD/MMBtu,,2026-08-31T17:42:13.010673Z,2026-08-26,https://www.eia.gov/dnav/ng/hist/rngwhhdD.htm,eia_henry_hub_spot:1788198133010673000:3241dfb4a8883f486cfb073eb5161263d2da2c27ccb423435106659f0cd0bc3e
EIA:DHHNGSP,U.S. EIA,physical_spot,Henry Hub physical spot,Henry Hub,2025-08-27T05:00:00.000000Z,2025-08-28T05:00:00.000000Z,2.88,USD/MMBtu,,2026-08-31T17:42:13.010673Z,2026-08-26,https://www.eia.gov/dnav/ng/hist/rngwhhdD.htm,eia_henry_hub_spot:1788198133010673000:3241dfb4a8883f486cfb073eb5161263d2da2c27ccb423435106659f0cd0bc3e
EIA:DHHNGSP,U.S. EIA,physical_spot,Henry Hub physical spot,Henry Hub,2025-08-28T05:00:00.000000Z,2025-08-29T05:00:00.000000Z,2.9,USD/MMBtu,,2026-08-31T17:42:13.010673Z,2026-08-26,https://www.eia.gov/dnav/ng/hist/rngwhhdD.htm,eia_henry_hub_spot:1788198133010673000:3241dfb4a8883f486cfb073eb5161263d2da2c27ccb423435106659f0cd0bc3e
EIA:DHHNGSP,U.S. EIA,physical_spot,Henry Hub physical spot,Henry Hub,2025-08-29T05:00:00.000000Z,2025-08-30T05:00:00.000000Z,2.88,USD/MMBtu,,2026-08-31T17:42:13.010673Z,2026-08-26,https://www.eia.gov/dnav/ng/hist/rngwhhdD.htm,eia_henry_hub_spot:1788198133010673000:3241dfb4a8883f486cfb073eb5161263d2da2c27ccb423435106659f0cd0bc3e
EIA:DHHNGSP,U.S. EIA,physical_spot,Henry Hub physical spot,Henry Hub,2025-09-02T05:00:00.000000Z,2025-09-03T05:00:00.000000Z,2.7,USD/MMBtu,,2026-08-31T17:42:13.010673Z,2026-08-26,https://www.eia.gov/dnav/ng/hist/rngwhhdD.htm,eia_henry_hub_spot:1788198133010673000:3241dfb4a8883f486cfb073eb5161263d2da2c27ccb423435106659f0cd0bc3e
EIA:DHHNGSP,U.S. EIA,physical_spot,Henry Hub physical spot,Henry Hub,2025-09-03T05:00:00.000000Z,2025-09-04T05:00:00.000000Z,3.0,USD/MMBtu,,2026-08-31T17:42:13.010673Z,2026-08-26,https://www.eia.gov/dnav/ng/hist/rngwhhdD.htm,eia_henry_hub_spot:1788198133010673000:3241dfb4a8883f486cfb073eb5161263d2da2c27ccb423435106659f0cd0bc3e
EIA:DHHNGSP,U.S. EIA,physical_spot,Henry Hub physical spot,Henry Hub,2025-09-04T05:00:00.000000Z,2025-09-05T05:00:00.000000Z,3.11,USD/MMBtu,,2026-08-31T17:42:13.010673Z,2026-08-26,https://www.eia.gov/dnav/ng/hist/rngwhhdD.htm,eia_henry_hub_spot:1788198133010673000:3241dfb4a8883f486cfb073eb5161263d2da2c27ccb423435106659f0cd0bc3e
EIA:DHHNGSP,U.S. EIA,physical_spot,Henry Hub physical spot,Henry Hub,2025-09-05T05:00:00.000000Z,2025-09-06T05:00:00.000000Z,3.05,USD/MMBtu,,2026-08-31T17:42:13.010673Z,2026-08-26,https://www.eia.gov/dnav/ng/hist/rngwhhdD.htm,eia_henry_hub_spot:1788198133010673000:3241dfb4a8883f486cfb073eb5161263d2da2c27ccb423435106659f0cd0bc3e
EIA:DHHNGSP,U.S. EIA,physical_spot,Henry Hub physical spot,Henry Hub,2025-09-08T05:00:00.000000Z,2025-09-09T05:00:00.000000Z,3.1,USD/MMBtu,,2026-08-31T17:42:13.010673Z,2026-08-26,https://www.eia.gov/dnav/ng/hist/rngwhhdD.htm,eia_henry_hub_spot:1788198133010673000:3241dfb4a8883f486cfb073eb5161263d2da2c27ccb423435106659f0cd0bc3e
EIA:DHHNGSP,U.S. EIA,physical_spot,Henry Hub physical spot,Henry Hub,2025-09-09T05:00:00.000000Z,2025-09-10T05:00:00.000000Z,3.12,USD/MMBtu,,2026-08-31T17:42:13.010673Z,2026-08-26,https://www.eia.gov/dnav/ng/hist/rngwhhdD.htm,eia_henry_hub_spot:1788198133010673000:3241dfb4a8883f486cfb073eb5161263d2da2c27ccb423435106659f0cd0bc3e
EIA:DHHNGSP,U.S. EIA,physical_spot,Henry Hub physical spot,Henry Hub,2025-09-10T05:00:00.000000Z,2025-09-11T05:00:00.000000Z,2.89,USD/MMBtu,,2026-08-31T17:42:13.010673Z,2026-08-26,https://www.eia.gov/dnav/ng/hist/rngwhhdD.htm,eia_henry_hub_spot:1788198133010673000:3241dfb4a8883f486cfb073eb5161263d2da2c27ccb423435106659f0cd0bc3e
EIA:DHHNGSP,U.S. EIA,physical_spot,Henry Hub physical spot,Henry Hub,2025-09-11T05:00:00.000000Z,2025-09-12T05:00:00.000000Z,2.81,USD/MMBtu,,2026-08-31T17:42:13.010673Z,2026-08-26,https://www.eia.gov/dnav/ng/hist/rngwhhdD.htm,eia_henry_hub_spot:1788198133010673000:3241dfb4a8883f486cfb073eb5161263d2da2c27ccb423435106659f0cd0bc3e
EIA:DHHNGSP,U.S. EIA,physical_spot,Henry Hub physical spot,Henry Hub,2025-09-12T05:00:00.000000Z,2025-09-13T05:00:00.000000Z,2.86,USD/MMBtu,,2026-08-31T17:42:13.010673Z,2026-08-26,https://www.eia.gov/dnav/ng/hist/rngwhhdD.htm,eia_henry_hub_spot:1788198133010673000:3241dfb4a8883f486cfb073eb5161263d2da2c27ccb423435106659f0cd0bc3e
EIA:DHHNGSP,U.S. EIA,physical_spot,Henry Hub physical spot,Henry Hub,2025-09-15T05:00:00.000000Z,2025-09-16T05:00:00.000000Z,3.0,USD/MMBtu,,2026-08-31T17:42:13.010673Z,2026-08-26,https://www.eia.gov/dnav/ng/hist/rngwhhdD.htm,eia_henry_hub_spot:1788198133010673000:3241dfb4a8883f486cfb073eb5161263d2da2c27ccb423435106659f0cd0bc3e
EIA:DHHNGSP,U.S. EIA,physical_spot,Henry Hub physical spot,Henry Hub,2025-09-16T05:00:00.000000Z,2025-09-17T05:00:00.000000Z,3.07,USD/MMBtu,,2026-08-31T17:42:13.010673Z,2026-08-26,https://www.eia.gov/dnav/ng/hist/rngwhhdD.htm,eia_henry_hub_spot:1788198133010673000:3241dfb4a8883f486cfb073eb5161263d2da2c27ccb423435106659f0cd0bc3e
EIA:DHHNGSP,U.S. EIA,physical_spot,Henry Hub physical spot,Henry Hub,2025-09-17T05:00:00.000000Z,2025-09-18T05:00:00.000000Z,3.19,USD/MMBtu,,2026-08-31T17:42:13.010673Z,2026-08-26,https://www.eia.gov/dnav/ng/hist/rngwhhdD.htm,eia_henry_hub_spot:1788198133010673000:3241dfb4a8883f486cfb073eb5161263d2da2c27ccb423435106659f0cd0bc3e
EIA:DHHNGSP,U.S. EIA,physical_spot,Henry Hub physical spot,Henry Hub,2025-09-18T05:00:00.000000Z,2025-09-19T05:00:00.000000Z,3.1,USD/MMBtu,,2026-08-31T17:42:13.010673Z,2026-08-26,https://www.eia.gov/dnav/ng/hist/rngwhhdD.htm,eia_henry_hub_spot:1788198133010673000:3241dfb4a8883f486cfb073eb5161263d2da2c27ccb423435106659f0cd0bc3e
EIA:DHHNGSP,U.S. EIA,physical_spot,Henry Hub physical spot,Henry Hub,2025-09-19T05:00:00.000000Z,2025-09-20T05:00:00.000000Z,2.89,USD/MMBtu,,2026-08-31T17:42:13.010673Z,2026-08-26,https://www.eia.gov/dnav/ng/hist/rngwhhdD.htm,eia_henry_hub_spot:1788198133010673000:3241dfb4a8883f486cfb073eb5161263d2da2c27ccb423435106659f0cd0bc3e
EIA:DHHNGSP,U.S. EIA,physical_spot,Henry Hub physical spot,Henry Hub,2025-09-22T05:00:00.000000Z,2025-09-23T05:00:00.000000Z,2.9,USD/MMBtu,,2026-08-31T17:42:13.010673Z,2026-08-26,https://www.eia.gov/dnav/ng/hist/rngwhhdD.htm,eia_henry_hub_spot:1788198133010673000:3241dfb4a8883f486cfb073eb5161263d2da2c27ccb423435106659f0cd0bc3e
EIA:DHHNGSP,U.S. EIA,physical_spot,Henry Hub physical spot,Henry Hub,2025-09-23T05:00:00.000000Z,2025-09-24T05:00:00.000000Z,2.86,USD/MMBtu,,2026-08-31T17:42:13.010673Z,2026-08-26,https://www.eia.gov/dnav/ng/hist/rngwhhdD.htm,eia_henry_hub_spot:1788198133010673000:3241dfb4a8883f486cfb073eb5161263d2da2c27ccb423435106659f0cd0bc3e
EIA:DHHNGSP,U.S. EIA,physical_spot,Henry Hub physical spot,Henry Hub,2025-09-24T05:00:00.000000Z,2025-09-25T05:00:00.000000Z,2.88,USD/MMBtu,,2026-08-31T17:42:13.010673Z,2026-08-26,https://www.eia.gov/dnav/ng/hist/rngwhhdD.htm,eia_henry_hub_spot:1788198133010673000:3241dfb4a8883f486cfb073eb5161263d2da2c27ccb423435106659f0cd0bc3e
EIA:DHHNGSP,U.S. EIA,physical_spot,Henry Hub physical spot,Henry Hub,2025-09-25T05:00:00.000000Z,2025-09-26T05:00:00.000000Z,2.98,USD/MMBtu,,2026-08-31T17:42:13.010673Z,2026-08-26,https://www.eia.gov/dnav/ng/hist/rngwhhdD.htm,eia_henry_hub_spot:1788198133010673000:3241dfb4a8883f486cfb073eb5161263d2da2c27ccb423435106659f0cd0bc3e
EIA:DHHNGSP,U.S. EIA,physical_spot,Henry Hub physical spot,Henry Hub,2025-09-26T05:00:00.000000Z,2025-09-27T05:00:00.000000Z,2.9,USD/MMBtu,,2026-08-31T17:42:13.010673Z,2026-08-26,https://www.eia.gov/dnav/ng/hist/rngwhhdD.htm,eia_henry_hub_spot:1788198133010673000:3241dfb4a8883f486cfb073eb5161263d2da2c27ccb423435106659f0cd0bc3e
EIA:DHHNGSP,U.S. EIA,physical_spot,Henry Hub physical spot,Henry Hub,2025-09-29T05:00:00.000000Z,2025-09-30T05:00:00.000000Z,2.93,USD/MMBtu,,2026-08-31T17:42:13.010673Z,2026-08-26,https://www.eia.gov/dnav/ng/hist/rngwhhdD.htm,eia_henry_hub_spot:1788198133010673000:3241dfb4a8883f486cfb073eb5161263d2da2c27ccb423435106659f0cd0bc3e
EIA:DHHNGSP,U.S. EIA,physical_spot,Henry Hub physical spot,Henry Hub,2025-09-30T05:00:00.000000Z,2025-10-01T05:00:00.000000Z,3.12,USD/MMBtu,,2026-08-31T17:42:13.010673Z,2026-08-26,https://www.eia.gov/dnav/ng/hist/rngwhhdD.htm,eia_henry_hub_spot:1788198133010673000:3241dfb4a8883f486cfb073eb5161263d2da2c27ccb423435106659f0cd0bc3e
EIA:DHHNGSP,U.S. EIA,physical_spot,Henry Hub physical spot,Henry Hub,2025-10-01T05:00:00.000000Z,2025-10-02T05:00:00.000000Z,3.24,USD/MMBtu,,2026-08-31T17:42:13.010673Z,2026-08-26,https://www.eia.gov/dnav/ng/hist/rngwhhdD.htm,eia_henry_hub_spot:1788198133010673000:3241dfb4a8883f486cfb073eb5161263d2da2c27ccb423435106659f0cd0bc3e
EIA:DHHNGSP,U.S. EIA,physical_spot,Henry Hub physical spot,Henry Hub,2025-10-02T05:00:00.000000Z,2025-10-03T05:00:00.000000Z,3.32,USD/MMBtu,,2026-08-31T17:42:13.010673Z,2026-08-26,https://www.eia.gov/dnav/ng/hist/rngwhhdD.htm,eia_henry_hub_spot:1788198133010673000:3241dfb4a8883f486cfb073eb5161263d2da2c27ccb423435106659f0cd0bc3e
EIA:DHHNGSP,U.S. EIA,physical_spot,Henry Hub physical spot,Henry Hub,2025-10-03T05:00:00.000000Z,2025-10-04T05:00:00.000000Z,3.19,USD/MMBtu,,2026-08-31T17:42:13.010673Z,2026-08-26,https://www.eia.gov/dnav/ng/hist/rngwhhdD.htm,eia_henry_hub_spot:1788198133010673000:3241dfb4a8883f486cfb073eb5161263d2da2c27ccb423435106659f0cd0bc3e
EIA:DHHNGSP,U.S. EIA,physical_spot,Henry Hub physical spot,Henry Hub,2025-10-06T05:00:00.000000Z,2025-10-07T05:00:00.000000Z,3.32,USD/MMBtu,,2026-08-31T17:42:13.010673Z,2026-08-26,https://www.eia.gov/dnav/ng/hist/rngwhhdD.htm,eia_henry_hub_spot:1788198133010673000:3241dfb4a8883f486cfb073eb5161263d2da2c27ccb423435106659f0cd0bc3e
EIA:DHHNGSP,U.S. EIA,physical_spot,Henry Hub physical spot,Henry Hub,2025-10-07T05:00:00.000000Z,2025-10-08T05:00:00.000000Z,3.32,USD/MMBtu,,2026-08-31T17:42:13.010673Z,2026-08-26,https://www.eia.gov/dnav/ng/hist/rngwhhdD.htm,eia_henry_hub_spot:1788198133010673000:3241dfb4a8883f486cfb073eb5161263d2da2c27ccb423435106659f0cd0bc3e
EIA:DHHNGSP,U.S. EIA,physical_spot,Henry Hub physical spot,Henry Hub,2025-10-08T05:00:00.000000Z,2025-10-09T05:00:00.000000Z,3.35,USD/MMBtu,,2026-08-31T17:42:13.010673Z,2026-08-26,https://www.eia.gov/dnav/ng/hist/rngwhhdD.htm,eia_henry_hub_spot:1788198133010673000:3241dfb4a8883f486cfb073eb5161263d2da2c27ccb423435106659f0cd0bc3e
EIA:DHHNGSP,U.S. EIA,physical_spot,Henry Hub physical spot,Henry Hub,2025-10-09T05:00:00.000000Z,2025-10-10T05:00:00.000000Z,3.25,USD/MMBtu,,2026-08-31T17:42:13.010673Z,2026-08-26,https://www.eia.gov/dnav/ng/hist/rngwhhdD.htm,eia_henry_hub_spot:1788198133010673000:3241dfb4a8883f486cfb073eb5161263d2da2c27ccb423435106659f0cd0bc3e
EIA:DHHNGSP,U.S. EIA,physical_spot,Henry Hub physical spot,Henry Hub,2025-10-10T05:00:00.000000Z,2025-10-11T05:00:00.000000Z,2.9,USD/MMBtu,,2026-08-31T17:42:13.010673Z,2026-08-26,https://www.eia.gov/dnav/ng/hist/rngwhhdD.htm,eia_henry_hub_spot:1788198133010673000:3241dfb4a8883f486cfb073eb5161263d2da2c27ccb423435106659f0cd0bc3e
EIA:DHHNGSP,U.S. EIA,physical_spot,Henry Hub physical spot,Henry Hub,2025-10-13T05:00:00.000000Z,2025-10-14T05:00:00.000000Z,2.9,USD/MMBtu,,2026-08-31T17:42:13.010673Z,2026-08-26,https://www.eia.gov/dnav/ng/hist/rngwhhdD.htm,eia_henry_hub_spot:1788198133010673000:3241dfb4a8883f486cfb073eb5161263d2da2c27ccb423435106659f0cd0bc3e
EIA:DHHNGSP,U.S. EIA,physical_spot,Henry Hub physical spot,Henry Hub,2025-10-14T05:00:00.000000Z,2025-10-15T05:00:00.000000Z,2.83,USD/MMBtu,,2026-08-31T17:42:13.010673Z,2026-08-26,https://www.eia.gov/dnav/ng/hist/rngwhhdD.htm,eia_henry_hub_spot:1788198133010673000:3241dfb4a8883f486cfb073eb5161263d2da2c27ccb423435106659f0cd0bc3e
EIA:DHHNGSP,U.S. EIA,physical_spot,Henry Hub physical spot,Henry Hub,2025-10-15T05:00:00.000000Z,2025-10-16T05:00:00.000000Z,2.79,USD/MMBtu,,2026-08-31T17:42:13.010673Z,2026-08-26,https://www.eia.gov/dnav/ng/hist/rngwhhdD.htm,eia_henry_hub_spot:1788198133010673000:3241dfb4a8883f486cfb073eb5161263d2da2c27ccb423435106659f0cd0bc3e
EIA:DHHNGSP,U.S. EIA,physical_spot,Henry Hub physical spot,Henry Hub,2025-10-16T05:00:00.000000Z,2025-10-17T05:00:00.000000Z,2.82,USD/MMBtu,,2026-08-31T17:42:13.010673Z,2026-08-26,https://www.eia.gov/dnav/ng/hist/rngwhhdD.htm,eia_henry_hub_spot:1788198133010673000:3241dfb4a8883f486cfb073eb5161263d2da2c27ccb423435106659f0cd0bc3e
EIA:DHHNGSP,U.S. EIA,physical_spot,Henry Hub physical spot,Henry Hub,2025-10-17T05:00:00.000000Z,2025-10-18T05:00:00.000000Z,2.65,USD/MMBtu,,2026-08-31T17:42:13.010673Z,2026-08-26,https://www.eia.gov/dnav/ng/hist/rngwhhdD.htm,eia_henry_hub_spot:1788198133010673000:3241dfb4a8883f486cfb073eb5161263d2da2c27ccb423435106659f0cd0bc3e
EIA:DHHNGSP,U.S. EIA,physical_spot,Henry Hub physical spot,Henry Hub,2025-10-20T05:00:00.000000Z,2025-10-21T05:00:00.000000Z,2.99,USD/MMBtu,,2026-08-31T17:42:13.010673Z,2026-08-26,https://www.eia.gov/dnav/ng/hist/rngwhhdD.htm,eia_henry_hub_spot:1788198133010673000:3241dfb4a8883f486cfb073eb5161263d2da2c27ccb423435106659f0cd0bc3e
EIA:DHHNGSP,U.S. EIA,physical_spot,Henry Hub physical spot,Henry Hub,2025-10-21T05:00:00.000000Z,2025-10-22T05:00:00.000000Z,3.28,USD/MMBtu,,2026-08-31T17:42:13.010673Z,2026-08-26,https://www.eia.gov/dnav/ng/hist/rngwhhdD.htm,eia_henry_hub_spot:1788198133010673000:3241dfb4a8883f486cfb073eb5161263d2da2c27ccb423435106659f0cd0bc3e
EIA:DHHNGSP,U.S. EIA,physical_spot,Henry Hub physical spot,Henry Hub,2025-10-22T05:00:00.000000Z,2025-10-23T05:00:00.000000Z,3.45,USD/MMBtu,,2026-08-31T17:42:13.010673Z,2026-08-26,https://www.eia.gov/dnav/ng/hist/rngwhhdD.htm,eia_henry_hub_spot:1788198133010673000:3241dfb4a8883f486cfb073eb5161263d2da2c27ccb423435106659f0cd0bc3e
EIA:DHHNGSP,U.S. EIA,physical_spot,Henry Hub physical spot,Henry Hub,2025-10-23T05:00:00.000000Z,2025-10-24T05:00:00.000000Z,3.34,USD/MMBtu,,2026-08-31T17:42:13.010673Z,2026-08-26,https://www.eia.gov/dnav/ng/hist/rngwhhdD.htm,eia_henry_hub_spot:1788198133010673000:3241dfb4a8883f486cfb073eb5161263d2da2c27ccb423435106659f0cd0bc3e
EIA:DHHNGSP,U.S. EIA,physical_spot,Henry Hub physical spot,Henry Hub,2025-10-24T05:00:00.000000Z,2025-10-25T05:00:00.000000Z,3.21,USD/MMBtu,,2026-08-31T17:42:13.010673Z,2026-08-26,https://www.eia.gov/dnav/ng/hist/rngwhhdD.htm,eia_henry_hub_spot:1788198133010673000:3241dfb4a8883f486cfb073eb5161263d2da2c27ccb423435106659f0cd0bc3e
EIA:DHHNGSP,U.S. EIA,physical_spot,Henry Hub physical spot,Henry Hub,2025-10-27T05:00:00.000000Z,2025-10-28T05:00:00.000000Z,3.3,USD/MMBtu,,2026-08-31T17:42:13.010673Z,2026-08-26,https://www.eia.gov/dnav/ng/hist/rngwhhdD.htm,eia_henry_hub_spot:1788198133010673000:3241dfb4a8883f486cfb073eb5161263d2da2c27ccb423435106659f0cd0bc3e
EIA:DHHNGSP,U.S. EIA,physical_spot,Henry Hub physical spot,Henry Hub,2025-10-28T05:00:00.000000Z,2025-10-29T05:00:00.000000Z,3.44,USD/MMBtu,,2026-08-31T17:42:13.010673Z,2026-08-26,https://www.eia.gov/dnav/ng/hist/rngwhhdD.htm,eia_henry_hub_spot:1788198133010673000:3241dfb4a8883f486cfb073eb5161263d2da2c27ccb423435106659f0cd0bc3e
EIA:DHHNGSP,U.S. EIA,physical_spot,Henry Hub physical spot,Henry Hub,2025-10-29T05:00:00.000000Z,2025-10-30T05:00:00.000000Z,3.36,USD/MMBtu,,2026-08-31T17:42:13.010673Z,2026-08-26,https://www.eia.gov/dnav/ng/hist/rngwhhdD.htm,eia_henry_hub_spot:1788198133010673000:3241dfb4a8883f486cfb073eb5161263d2da2c27ccb423435106659f0cd0bc3e
EIA:DHHNGSP,U.S. EIA,physical_spot,Henry Hub physical spot,Henry Hub,2025-10-30T05:00:00.000000Z,2025-10-31T05:00:00.000000Z,3.46,USD/MMBtu,,2026-08-31T17:42:13.010673Z,2026-08-26,https://www.eia.gov/dnav/ng/hist/rngwhhdD.htm,eia_henry_hub_spot:1788198133010673000:3241dfb4a8883f486cfb073eb5161263d2da2c27ccb423435106659f0cd0bc3e
EIA:DHHNGSP,U.S. EIA,physical_spot,Henry Hub physical spot,Henry Hub,2025-10-31T05:00:00.000000Z,2025-11-01T05:00:00.000000Z,3.57,USD/MMBtu,,2026-08-31T17:42:13.010673Z,2026-08-26,https://www.eia.gov/dnav/ng/hist/rngwhhdD.htm,eia_henry_hub_spot:1788198133010673000:3241dfb4a8883f486cfb073eb5161263d2da2c27ccb423435106659f0cd0bc3e
EIA:DHHNGSP,U.S. EIA,physical_spot,Henry Hub physical spot,Henry Hub,2025-11-03T06:00:00.000000Z,2025-11-04T06:00:00.000000Z,3.37,USD/MMBtu,,2026-08-31T17:42:13.010673Z,2026-08-26,https://www.eia.gov/dnav/ng/hist/rngwhhdD.htm,eia_henry_hub_spot:1788198133010673000:3241dfb4a8883f486cfb073eb5161263d2da2c27ccb423435106659f0cd0bc3e
EIA:DHHNGSP,U.S. EIA,physical_spot,Henry Hub physical spot,Henry Hub,2025-11-04T06:00:00.000000Z,2025-11-05T06:00:00.000000Z,3.35,USD/MMBtu,,2026-08-31T17:42:13.010673Z,2026-08-26,https://www.eia.gov/dnav/ng/hist/rngwhhdD.htm,eia_henry_hub_spot:1788198133010673000:3241dfb4a8883f486cfb073eb5161263d2da2c27ccb423435106659f0cd0bc3e
EIA:DHHNGSP,U.S. EIA,physical_spot,Henry Hub physical spot,Henry Hub,2025-11-05T06:00:00.000000Z,2025-11-06T06:00:00.000000Z,3.51,USD/MMBtu,,2026-08-31T17:42:13.010673Z,2026-08-26,https://www.eia.gov/dnav/ng/hist/rngwhhdD.htm,eia_henry_hub_spot:1788198133010673000:3241dfb4a8883f486cfb073eb5161263d2da2c27ccb423435106659f0cd0bc3e
EIA:DHHNGSP,U.S. EIA,physical_spot,Henry Hub physical spot,Henry Hub,2025-11-06T06:00:00.000000Z,2025-11-07T06:00:00.000000Z,3.71,USD/MMBtu,,2026-08-31T17:42:13.010673Z,2026-08-26,https://www.eia.gov/dnav/ng/hist/rngwhhdD.htm,eia_henry_hub_spot:1788198133010673000:3241dfb4a8883f486cfb073eb5161263d2da2c27ccb423435106659f0cd0bc3e
EIA:DHHNGSP,U.S. EIA,physical_spot,Henry Hub physical spot,Henry Hub,2025-11-07T06:00:00.000000Z,2025-11-08T06:00:00.000000Z,3.76,USD/MMBtu,,2026-08-31T17:42:13.010673Z,2026-08-26,https://www.eia.gov/dnav/ng/hist/rngwhhdD.htm,eia_henry_hub_spot:1788198133010673000:3241dfb4a8883f486cfb073eb5161263d2da2c27ccb423435106659f0cd0bc3e
EIA:DHHNGSP,U.S. EIA,physical_spot,Henry Hub physical spot,Henry Hub,2025-11-10T06:00:00.000000Z,2025-11-11T06:00:00.000000Z,3.8,USD/MMBtu,,2026-08-31T17:42:13.010673Z,2026-08-26,https://www.eia.gov/dnav/ng/hist/rngwhhdD.htm,eia_henry_hub_spot:1788198133010673000:3241dfb4a8883f486cfb073eb5161263d2da2c27ccb423435106659f0cd0bc3e
EIA:DHHNGSP,U.S. EIA,physical_spot,Henry Hub physical spot,Henry Hub,2025-11-12T06:00:00.000000Z,2025-11-13T06:00:00.000000Z,3.6,USD/MMBtu,,2026-08-31T17:42:13.010673Z,2026-08-26,https://www.eia.gov/dnav/ng/hist/rngwhhdD.htm,eia_henry_hub_spot:1788198133010673000:3241dfb4a8883f486cfb073eb5161263d2da2c27ccb423435106659f0cd0bc3e
EIA:DHHNGSP,U.S. EIA,physical_spot,Henry Hub physical spot,Henry Hub,2025-11-13T06:00:00.000000Z,2025-11-14T06:00:00.000000Z,3.6,USD/MMBtu,,2026-08-31T17:42:13.010673Z,2026-08-26,https://www.eia.gov/dnav/ng/hist/rngwhhdD.htm,eia_henry_hub_spot:1788198133010673000:3241dfb4a8883f486cfb073eb5161263d2da2c27ccb423435106659f0cd0bc3e
EIA:DHHNGSP,U.S. EIA,physical_spot,Henry Hub physical spot,Henry Hub,2025-11-14T06:00:00.000000Z,2025-11-15T06:00:00.000000Z,3.49,USD/MMBtu,,2026-08-31T17:42:13.010673Z,2026-08-26,https://www.eia.gov/dnav/ng/hist/rngwhhdD.htm,eia_henry_hub_spot:1788198133010673000:3241dfb4a8883f486cfb073eb5161263d2da2c27ccb423435106659f0cd0bc3e
EIA:DHHNGSP,U.S. EIA,physical_spot,Henry Hub physical spot,Henry Hub,2025-11-17T06:00:00.000000Z,2025-11-18T06:00:00.000000Z,3.71,USD/MMBtu,,2026-08-31T17:42:13.010673Z,2026-08-26,https://www.eia.gov/dnav/ng/hist/rngwhhdD.htm,eia_henry_hub_spot:1788198133010673000:3241dfb4a8883f486cfb073eb5161263d2da2c27ccb423435106659f0cd0bc3e
EIA:DHHNGSP,U.S. EIA,physical_spot,Henry Hub physical spot,Henry Hub,2025-11-18T06:00:00.000000Z,2025-11-19T06:00:00.000000Z,3.7,USD/MMBtu,,2026-08-31T17:42:13.010673Z,2026-08-26,https://www.eia.gov/dnav/ng/hist/rngwhhdD.htm,eia_henry_hub_spot:1788198133010673000:3241dfb4a8883f486cfb073eb5161263d2da2c27ccb423435106659f0cd0bc3e
EIA:DHHNGSP,U.S. EIA,physical_spot,Henry Hub physical spot,Henry Hub,2025-11-19T06:00:00.000000Z,2025-11-20T06:00:00.000000Z,3.94,USD/MMBtu,,2026-08-31T17:42:13.010673Z,2026-08-26,https://www.eia.gov/dnav/ng/hist/rngwhhdD.htm,eia_henry_hub_spot:1788198133010673000:3241dfb4a8883f486cfb073eb5161263d2da2c27ccb423435106659f0cd0bc3e
EIA:DHHNGSP,U.S. EIA,physical_spot,Henry Hub physical spot,Henry Hub,2025-11-20T06:00:00.000000Z,2025-11-21T06:00:00.000000Z,3.97,USD/MMBtu,,2026-08-31T17:42:13.010673Z,2026-08-26,https://www.eia.gov/dnav/ng/hist/rngwhhdD.htm,eia_henry_hub_spot:1788198133010673000:3241dfb4a8883f486cfb073eb5161263d2da2c27ccb423435106659f0cd0bc3e
EIA:DHHNGSP,U.S. EIA,physical_spot,Henry Hub physical spot,Henry Hub,2025-11-21T06:00:00.000000Z,2025-11-22T06:00:00.000000Z,4.13,USD/MMBtu,,2026-08-31T17:42:13.010673Z,2026-08-26,https://www.eia.gov/dnav/ng/hist/rngwhhdD.htm,eia_henry_hub_spot:1788198133010673000:3241dfb4a8883f486cfb073eb5161263d2da2c27ccb423435106659f0cd0bc3e
EIA:DHHNGSP,U.S. EIA,physical_spot,Henry Hub physical spot,Henry Hub,2025-11-24T06:00:00.000000Z,2025-11-25T06:00:00.000000Z,4.15,USD/MMBtu,,2026-08-31T17:42:13.010673Z,2026-08-26,https://www.eia.gov/dnav/ng/hist/rngwhhdD.htm,eia_henry_hub_spot:1788198133010673000:3241dfb4a8883f486cfb073eb5161263d2da2c27ccb423435106659f0cd0bc3e
EIA:DHHNGSP,U.S. EIA,physical_spot,Henry Hub physical spot,Henry Hub,2025-11-25T06:00:00.000000Z,2025-11-26T06:00:00.000000Z,4.12,USD/MMBtu,,2026-08-31T17:42:13.010673Z,2026-08-26,https://www.eia.gov/dnav/ng/hist/rngwhhdD.htm,eia_henry_hub_spot:1788198133010673000:3241dfb4a8883f486cfb073eb5161263d2da2c27ccb423435106659f0cd0bc3e
EIA:DHHNGSP,U.S. EIA,physical_spot,Henry Hub physical spot,Henry Hub,2025-11-26T06:00:00.000000Z,2025-11-27T06:00:00.000000Z,4.59,USD/MMBtu,,2026-08-31T17:42:13.010673Z,2026-08-26,https://www.eia.gov/dnav/ng/hist/rngwhhdD.htm,eia_henry_hub_spot:1788198133010673000:3241dfb4a8883f486cfb073eb5161263d2da2c27ccb423435106659f0cd0bc3e
EIA:DHHNGSP,U.S. EIA,physical_spot,Henry Hub physical spot,Henry Hub,2025-12-01T06:00:00.000000Z,2025-12-02T06:00:00.000000Z,5.08,USD/MMBtu,,2026-08-31T17:42:13.010673Z,2026-08-26,https://www.eia.gov/dnav/ng/hist/rngwhhdD.htm,eia_henry_hub_spot:1788198133010673000:3241dfb4a8883f486cfb073eb5161263d2da2c27ccb423435106659f0cd0bc3e
EIA:DHHNGSP,U.S. EIA,physical_spot,Henry Hub physical spot,Henry Hub,2025-12-02T06:00:00.000000Z,2025-12-03T06:00:00.000000Z,4.83,USD/MMBtu,,2026-08-31T17:42:13.010673Z,2026-08-26,https://www.eia.gov/dnav/ng/hist/rngwhhdD.htm,eia_henry_hub_spot:1788198133010673000:3241dfb4a8883f486cfb073eb5161263d2da2c27ccb423435106659f0cd0bc3e
EIA:DHHNGSP,U.S. EIA,physical_spot,Henry Hub physical spot,Henry Hub,2025-12-03T06:00:00.000000Z,2025-12-04T06:00:00.000000Z,4.86,USD/MMBtu,,2026-08-31T17:42:13.010673Z,2026-08-26,https://www.eia.gov/dnav/ng/hist/rngwhhdD.htm,eia_henry_hub_spot:1788198133010673000:3241dfb4a8883f486cfb073eb5161263d2da2c27ccb423435106659f0cd0bc3e
EIA:DHHNGSP,U.S. EIA,physical_spot,Henry Hub physical spot,Henry Hub,2025-12-04T06:00:00.000000Z,2025-12-05T06:00:00.000000Z,4.89,USD/MMBtu,,2026-08-31T17:42:13.010673Z,2026-08-26,https://www.eia.gov/dnav/ng/hist/rngwhhdD.htm,eia_henry_hub_spot:1788198133010673000:3241dfb4a8883f486cfb073eb5161263d2da2c27ccb423435106659f0cd0bc3e
EIA:DHHNGSP,U.S. EIA,physical_spot,Henry Hub physical spot,Henry Hub,2025-12-05T06:00:00.000000Z,2025-12-06T06:00:00.000000Z,5.19,USD/MMBtu,,2026-08-31T17:42:13.010673Z,2026-08-26,https://www.eia.gov/dnav/ng/hist/rngwhhdD.htm,eia_henry_hub_spot:1788198133010673000:3241dfb4a8883f486cfb073eb5161263d2da2c27ccb423435106659f0cd0bc3e
EIA:DHHNGSP,U.S. EIA,physical_spot,Henry Hub physical spot,Henry Hub,2025-12-08T06:00:00.000000Z,2025-12-09T06:00:00.000000Z,5.19,USD/MMBtu,,2026-08-31T17:42:13.010673Z,2026-08-26,https://www.eia.gov/dnav/ng/hist/rngwhhdD.htm,eia_henry_hub_spot:1788198133010673000:3241dfb4a8883f486cfb073eb5161263d2da2c27ccb423435106659f0cd0bc3e
EIA:DHHNGSP,U.S. EIA,physical_spot,Henry Hub physical spot,Henry Hub,2025-12-09T06:00:00.000000Z,2025-12-10T06:00:00.000000Z,4.76,USD/MMBtu,,2026-08-31T17:42:13.010673Z,2026-08-26,https://www.eia.gov/dnav/ng/hist/rngwhhdD.htm,eia_henry_hub_spot:1788198133010673000:3241dfb4a8883f486cfb073eb5161263d2da2c27ccb423435106659f0cd0bc3e
EIA:DHHNGSP,U.S. EIA,physical_spot,Henry Hub physical spot,Henry Hub,2025-12-10T06:00:00.000000Z,2025-12-11T06:00:00.000000Z,4.62,USD/MMBtu,,2026-08-31T17:42:13.010673Z,2026-08-26,https://www.eia.gov/dnav/ng/hist/rngwhhdD.htm,eia_henry_hub_spot:1788198133010673000:3241dfb4a8883f486cfb073eb5161263d2da2c27ccb423435106659f0cd0bc3e
EIA:DHHNGSP,U.S. EIA,physical_spot,Henry Hub physical spot,Henry Hub,2025-12-11T06:00:00.000000Z,2025-12-12T06:00:00.000000Z,4.35,USD/MMBtu,,2026-08-31T17:42:13.010673Z,2026-08-26,https://www.eia.gov/dnav/ng/hist/rngwhhdD.htm,eia_henry_hub_spot:1788198133010673000:3241dfb4a8883f486cfb073eb5161263d2da2c27ccb423435106659f0cd0bc3e
EIA:DHHNGSP,U.S. EIA,physical_spot,Henry Hub physical spot,Henry Hub,2025-12-12T06:00:00.000000Z,2025-12-13T06:00:00.000000Z,4.07,USD/MMBtu,,2026-08-31T17:42:13.010673Z,2026-08-26,https://www.eia.gov/dnav/ng/hist/rngwhhdD.htm,eia_henry_hub_spot:1788198133010673000:3241dfb4a8883f486cfb073eb5161263d2da2c27ccb423435106659f0cd0bc3e
EIA:DHHNGSP,U.S. EIA,physical_spot,Henry Hub physical spot,Henry Hub,2025-12-15T06:00:00.000000Z,2025-12-16T06:00:00.000000Z,3.9,USD/MMBtu,,2026-08-31T17:42:13.010673Z,2026-08-26,https://www.eia.gov/dnav/ng/hist/rngwhhdD.htm,eia_henry_hub_spot:1788198133010673000:3241dfb4a8883f486cfb073eb5161263d2da2c27ccb423435106659f0cd0bc3e
EIA:DHHNGSP,U.S. EIA,physical_spot,Henry Hub physical spot,Henry Hub,2025-12-16T06:00:00.000000Z,2025-12-17T06:00:00.000000Z,3.58,USD/MMBtu,,2026-08-31T17:42:13.010673Z,2026-08-26,https://www.eia.gov/dnav/ng/hist/rngwhhdD.htm,eia_henry_hub_spot:1788198133010673000:3241dfb4a8883f486cfb073eb5161263d2da2c27ccb423435106659f0cd0bc3e
EIA:DHHNGSP,U.S. EIA,physical_spot,Henry Hub physical spot,Henry Hub,2025-12-17T06:00:00.000000Z,2025-12-18T06:00:00.000000Z,3.66,USD/MMBtu,,2026-08-31T17:42:13.010673Z,2026-08-26,https://www.eia.gov/dnav/ng/hist/rngwhhdD.htm,eia_henry_hub_spot:1788198133010673000:3241dfb4a8883f486cfb073eb5161263d2da2c27ccb423435106659f0cd0bc3e
EIA:DHHNGSP,U.S. EIA,physical_spot,Henry Hub physical spot,Henry Hub,2025-12-18T06:00:00.000000Z,2025-12-19T06:00:00.000000Z,3.87,USD/MMBtu,,2026-08-31T17:42:13.010673Z,2026-08-26,https://www.eia.gov/dnav/ng/hist/rngwhhdD.htm,eia_henry_hub_spot:1788198133010673000:3241dfb4a8883f486cfb073eb5161263d2da2c27ccb423435106659f0cd0bc3e
EIA:DHHNGSP,U.S. EIA,physical_spot,Henry Hub physical spot,Henry Hub,2025-12-19T06:00:00.000000Z,2025-12-20T06:00:00.000000Z,3.58,USD/MMBtu,,2026-08-31T17:42:13.010673Z,2026-08-26,https://www.eia.gov/dnav/ng/hist/rngwhhdD.htm,eia_henry_hub_spot:1788198133010673000:3241dfb4a8883f486cfb073eb5161263d2da2c27ccb423435106659f0cd0bc3e
EIA:DHHNGSP,U.S. EIA,physical_spot,Henry Hub physical spot,Henry Hub,2025-12-22T06:00:00.000000Z,2025-12-23T06:00:00.000000Z,3.67,USD/MMBtu,,2026-08-31T17:42:13.010673Z,2026-08-26,https://www.eia.gov/dnav/ng/hist/rngwhhdD.htm,eia_henry_hub_spot:1788198133010673000:3241dfb4a8883f486cfb073eb5161263d2da2c27ccb423435106659f0cd0bc3e
EIA:DHHNGSP,U.S. EIA,physical_spot,Henry Hub physical spot,Henry Hub,2025-12-23T06:00:00.000000Z,2025-12-24T06:00:00.000000Z,3.38,USD/MMBtu,,2026-08-31T17:42:13.010673Z,2026-08-26,https://www.eia.gov/dnav/ng/hist/rngwhhdD.htm,eia_henry_hub_spot:1788198133010673000:3241dfb4a8883f486cfb073eb5161263d2da2c27ccb423435106659f0cd0bc3e
EIA:DHHNGSP,U.S. EIA,physical_spot,Henry Hub physical spot,Henry Hub,2025-12-24T06:00:00.000000Z,2025-12-25T06:00:00.000000Z,3.31,USD/MMBtu,,2026-08-31T17:42:13.010673Z,2026-08-26,https://www.eia.gov/dnav/ng/hist/rngwhhdD.htm,eia_henry_hub_spot:1788198133010673000:3241dfb4a8883f486cfb073eb5161263d2da2c27ccb423435106659f0cd0bc3e
EIA:DHHNGSP,U.S. EIA,physical_spot,Henry Hub physical spot,Henry Hub,2025-12-29T06:00:00.000000Z,2025-12-30T06:00:00.000000Z,4.35,USD/MMBtu,,2026-08-31T17:42:13.010673Z,2026-08-26,https://www.eia.gov/dnav/ng/hist/rngwhhdD.htm,eia_henry_hub_spot:1788198133010673000:3241dfb4a8883f486cfb073eb5161263d2da2c27ccb423435106659f0cd0bc3e
EIA:DHHNGSP,U.S. EIA,physical_spot,Henry Hub physical spot,Henry Hub,2025-12-30T06:00:00.000000Z,2025-12-31T06:00:00.000000Z,4.4,USD/MMBtu,,2026-08-31T17:42:13.010673Z,2026-08-26,https://www.eia.gov/dnav/ng/hist/rngwhhdD.htm,eia_henry_hub_spot:1788198133010673000:3241dfb4a8883f486cfb073eb5161263d2da2c27ccb423435106659f0cd0bc3e
EIA:DHHNGSP,U.S. EIA,physical_spot,Henry Hub physical spot,Henry Hub,2025-12-31T06:00:00.000000Z,2026-01-01T06:00:00.000000Z,4.0,USD/MMBtu,,2026-08-31T17:42:13.010673Z,2026-08-26,https://www.eia.gov/dnav/ng/hist/rngwhhdD.htm,eia_henry_hub_spot:1788198133010673000:3241dfb4a8883f486cfb073eb5161263d2da2c27ccb423435106659f0cd0bc3e
EIA:DHHNGSP,U.S. EIA,physical_spot,Henry Hub physical spot,Henry Hub,2026-01-05T06:00:00.000000Z,2026-01-06T06:00:00.000000Z,2.82,USD/MMBtu,,2026-08-31T17:42:13.010673Z,2026-08-26,https://www.eia.gov/dnav/ng/hist/rngwhhdD.htm,eia_henry_hub_spot:1788198133010673000:3241dfb4a8883f486cfb073eb5161263d2da2c27ccb423435106659f0cd0bc3e
EIA:DHHNGSP,U.S. EIA,physical_spot,Henry Hub physical spot,Henry Hub,2026-01-06T06:00:00.000000Z,2026-01-07T06:00:00.000000Z,2.85,USD/MMBtu,,2026-08-31T17:42:13.010673Z,2026-08-26,https://www.eia.gov/dnav/ng/hist/rngwhhdD.htm,eia_henry_hub_spot:1788198133010673000:3241dfb4a8883f486cfb073eb5161263d2da2c27ccb423435106659f0cd0bc3e
EIA:DHHNGSP,U.S. EIA,physical_spot,Henry Hub physical spot,Henry Hub,2026-01-07T06:00:00.000000Z,2026-01-08T06:00:00.000000Z,3.1,USD/MMBtu,,2026-08-31T17:42:13.010673Z,2026-08-26,https://www.eia.gov/dnav/ng/hist/rngwhhdD.htm,eia_henry_hub_spot:1788198133010673000:3241dfb4a8883f486cfb073eb5161263d2da2c27ccb423435106659f0cd0bc3e
EIA:DHHNGSP,U.S. EIA,physical_spot,Henry Hub physical spot,Henry Hub,2026-01-08T06:00:00.000000Z,2026-01-09T06:00:00.000000Z,2.92,USD/MMBtu,,2026-08-31T17:42:13.010673Z,2026-08-26,https://www.eia.gov/dnav/ng/hist/rngwhhdD.htm,eia_henry_hub_spot:1788198133010673000:3241dfb4a8883f486cfb073eb5161263d2da2c27ccb423435106659f0cd0bc3e
EIA:DHHNGSP,U.S. EIA,physical_spot,Henry Hub physical spot,Henry Hub,2026-01-09T06:00:00.000000Z,2026-01-10T06:00:00.000000Z,2.87,USD/MMBtu,,2026-08-31T17:42:13.010673Z,2026-08-26,https://www.eia.gov/dnav/ng/hist/rngwhhdD.htm,eia_henry_hub_spot:1788198133010673000:3241dfb4a8883f486cfb073eb5161263d2da2c27ccb423435106659f0cd0bc3e
EIA:DHHNGSP,U.S. EIA,physical_spot,Henry Hub physical spot,Henry Hub,2026-01-12T06:00:00.000000Z,2026-01-13T06:00:00.000000Z,2.9,USD/MMBtu,,2026-08-31T17:42:13.010673Z,2026-08-26,https://www.eia.gov/dnav/ng/hist/rngwhhdD.htm,eia_henry_hub_spot:1788198133010673000:3241dfb4a8883f486cfb073eb5161263d2da2c27ccb423435106659f0cd0bc3e
EIA:DHHNGSP,U.S. EIA,physical_spot,Henry Hub physical spot,Henry Hub,2026-01-13T06:00:00.000000Z,2026-01-14T06:00:00.000000Z,3.0,USD/MMBtu,,2026-08-31T17:42:13.010673Z,2026-08-26,https://www.eia.gov/dnav/ng/hist/rngwhhdD.htm,eia_henry_hub_spot:1788198133010673000:3241dfb4a8883f486cfb073eb5161263d2da2c27ccb423435106659f0cd0bc3e
EIA:DHHNGSP,U.S. EIA,physical_spot,Henry Hub physical spot,Henry Hub,2026-01-14T06:00:00.000000Z,2026-01-15T06:00:00.000000Z,3.13,USD/MMBtu,,2026-08-31T17:42:13.010673Z,2026-08-26,https://www.eia.gov/dnav/ng/hist/rngwhhdD.htm,eia_henry_hub_spot:1788198133010673000:3241dfb4a8883f486cfb073eb5161263d2da2c27ccb423435106659f0cd0bc3e
EIA:DHHNGSP,U.S. EIA,physical_spot,Henry Hub physical spot,Henry Hub,2026-01-15T06:00:00.000000Z,2026-01-16T06:00:00.000000Z,2.92,USD/MMBtu,,2026-08-31T17:42:13.010673Z,2026-08-26,https://www.eia.gov/dnav/ng/hist/rngwhhdD.htm,eia_henry_hub_spot:1788198133010673000:3241dfb4a8883f486cfb073eb5161263d2da2c27ccb423435106659f0cd0bc3e
EIA:DHHNGSP,U.S. EIA,physical_spot,Henry Hub physical spot,Henry Hub,2026-01-16T06:00:00.000000Z,2026-01-17T06:00:00.000000Z,3.06,USD/MMBtu,,2026-08-31T17:42:13.010673Z,2026-08-26,https://www.eia.gov/dnav/ng/hist/rngwhhdD.htm,eia_henry_hub_spot:1788198133010673000:3241dfb4a8883f486cfb073eb5161263d2da2c27ccb423435106659f0cd0bc3e
EIA:DHHNGSP,U.S. EIA,physical_spot,Henry Hub physical spot,Henry Hub,2026-01-20T06:00:00.000000Z,2026-01-21T06:00:00.000000Z,4.0,USD/MMBtu,,2026-08-31T17:42:13.010673Z,2026-08-26,https://www.eia.gov/dnav/ng/hist/rngwhhdD.htm,eia_henry_hub_spot:1788198133010673000:3241dfb4a8883f486cfb073eb5161263d2da2c27ccb423435106659f0cd0bc3e
EIA:DHHNGSP,U.S. EIA,physical_spot,Henry Hub physical spot,Henry Hub,2026-01-21T06:00:00.000000Z,2026-01-22T06:00:00.000000Z,4.96,USD/MMBtu,,2026-08-31T17:42:13.010673Z,2026-08-26,https://www.eia.gov/dnav/ng/hist/rngwhhdD.htm,eia_henry_hub_spot:1788198133010673000:3241dfb4a8883f486cfb073eb5161263d2da2c27ccb423435106659f0cd0bc3e
EIA:DHHNGSP,U.S. EIA,physical_spot,Henry Hub physical spot,Henry Hub,2026-01-22T06:00:00.000000Z,2026-01-23T06:00:00.000000Z,8.42,USD/MMBtu,,2026-08-31T17:42:13.010673Z,2026-08-26,https://www.eia.gov/dnav/ng/hist/rngwhhdD.htm,eia_henry_hub_spot:1788198133010673000:3241dfb4a8883f486cfb073eb5161263d2da2c27ccb423435106659f0cd0bc3e
EIA:DHHNGSP,U.S. EIA,physical_spot,Henry Hub physical spot,Henry Hub,2026-01-23T06:00:00.000000Z,2026-01-24T06:00:00.000000Z,30.72,USD/MMBtu,,2026-08-31T17:42:13.010673Z,2026-08-26,https://www.eia.gov/dnav/ng/hist/rngwhhdD.htm,eia_henry_hub_spot:1788198133010673000:3241dfb4a8883f486cfb073eb5161263d2da2c27ccb423435106659f0cd0bc3e
EIA:DHHNGSP,U.S. EIA,physical_spot,Henry Hub physical spot,Henry Hub,2026-01-26T06:00:00.000000Z,2026-01-27T06:00:00.000000Z,25.01,USD/MMBtu,,2026-08-31T17:42:13.010673Z,2026-08-26,https://www.eia.gov/dnav/ng/hist/rngwhhdD.htm,eia_henry_hub_spot:1788198133010673000:3241dfb4a8883f486cfb073eb5161263d2da2c27ccb423435106659f0cd0bc3e
EIA:DHHNGSP,U.S. EIA,physical_spot,Henry Hub physical spot,Henry Hub,2026-01-27T06:00:00.000000Z,2026-01-28T06:00:00.000000Z,17.19,USD/MMBtu,,2026-08-31T17:42:13.010673Z,2026-08-26,https://www.eia.gov/dnav/ng/hist/rngwhhdD.htm,eia_henry_hub_spot:1788198133010673000:3241dfb4a8883f486cfb073eb5161263d2da2c27ccb423435106659f0cd0bc3e
EIA:DHHNGSP,U.S. EIA,physical_spot,Henry Hub physical spot,Henry Hub,2026-01-28T06:00:00.000000Z,2026-01-29T06:00:00.000000Z,9.34,USD/MMBtu,,2026-08-31T17:42:13.010673Z,2026-08-26,https://www.eia.gov/dnav/ng/hist/rngwhhdD.htm,eia_henry_hub_spot:1788198133010673000:3241dfb4a8883f486cfb073eb5161263d2da2c27ccb423435106659f0cd0bc3e
EIA:DHHNGSP,U.S. EIA,physical_spot,Henry Hub physical spot,Henry Hub,2026-01-29T06:00:00.000000Z,2026-01-30T06:00:00.000000Z,10.25,USD/MMBtu,,2026-08-31T17:42:13.010673Z,2026-08-26,https://www.eia.gov/dnav/ng/hist/rngwhhdD.htm,eia_henry_hub_spot:1788198133010673000:3241dfb4a8883f486cfb073eb5161263d2da2c27ccb423435106659f0cd0bc3e
EIA:DHHNGSP,U.S. EIA,physical_spot,Henry Hub physical spot,Henry Hub,2026-01-30T06:00:00.000000Z,2026-01-31T06:00:00.000000Z,7.18,USD/MMBtu,,2026-08-31T17:42:13.010673Z,2026-08-26,https://www.eia.gov/dnav/ng/hist/rngwhhdD.htm,eia_henry_hub_spot:1788198133010673000:3241dfb4a8883f486cfb073eb5161263d2da2c27ccb423435106659f0cd0bc3e
EIA:DHHNGSP,U.S. EIA,physical_spot,Henry Hub physical spot,Henry Hub,2026-02-02T06:00:00.000000Z,2026-02-03T06:00:00.000000Z,4.4,USD/MMBtu,,2026-08-31T17:42:13.010673Z,2026-08-26,https://www.eia.gov/dnav/ng/hist/rngwhhdD.htm,eia_henry_hub_spot:1788198133010673000:3241dfb4a8883f486cfb073eb5161263d2da2c27ccb423435106659f0cd0bc3e
EIA:DHHNGSP,U.S. EIA,physical_spot,Henry Hub physical spot,Henry Hub,2026-02-03T06:00:00.000000Z,2026-02-04T06:00:00.000000Z,4.11,USD/MMBtu,,2026-08-31T17:42:13.010673Z,2026-08-26,https://www.eia.gov/dnav/ng/hist/rngwhhdD.htm,eia_henry_hub_spot:1788198133010673000:3241dfb4a8883f486cfb073eb5161263d2da2c27ccb423435106659f0cd0bc3e
EIA:DHHNGSP,U.S. EIA,physical_spot,Henry Hub physical spot,Henry Hub,2026-02-04T06:00:00.000000Z,2026-02-05T06:00:00.000000Z,6.88,USD/MMBtu,,2026-08-31T17:42:13.010673Z,2026-08-26,https://www.eia.gov/dnav/ng/hist/rngwhhdD.htm,eia_henry_hub_spot:1788198133010673000:3241dfb4a8883f486cfb073eb5161263d2da2c27ccb423435106659f0cd0bc3e
EIA:DHHNGSP,U.S. EIA,physical_spot,Henry Hub physical spot,Henry Hub,2026-02-05T06:00:00.000000Z,2026-02-06T06:00:00.000000Z,5.28,USD/MMBtu,,2026-08-31T17:42:13.010673Z,2026-08-26,https://www.eia.gov/dnav/ng/hist/rngwhhdD.htm,eia_henry_hub_spot:1788198133010673000:3241dfb4a8883f486cfb073eb5161263d2da2c27ccb423435106659f0cd0bc3e
EIA:DHHNGSP,U.S. EIA,physical_spot,Henry Hub physical spot,Henry Hub,2026-02-06T06:00:00.000000Z,2026-02-07T06:00:00.000000Z,4.37,USD/MMBtu,,2026-08-31T17:42:13.010673Z,2026-08-26,https://www.eia.gov/dnav/ng/hist/rngwhhdD.htm,eia_henry_hub_spot:1788198133010673000:3241dfb4a8883f486cfb073eb5161263d2da2c27ccb423435106659f0cd0bc3e
EIA:DHHNGSP,U.S. EIA,physical_spot,Henry Hub physical spot,Henry Hub,2026-02-09T06:00:00.000000Z,2026-02-10T06:00:00.000000Z,3.25,USD/MMBtu,,2026-08-31T17:42:13.010673Z,2026-08-26,https://www.eia.gov/dnav/ng/hist/rngwhhdD.htm,eia_henry_hub_spot:1788198133010673000:3241dfb4a8883f486cfb073eb5161263d2da2c27ccb423435106659f0cd0bc3e
EIA:DHHNGSP,U.S. EIA,physical_spot,Henry Hub physical spot,Henry Hub,2026-02-10T06:00:00.000000Z,2026-02-11T06:00:00.000000Z,3.18,USD/MMBtu,,2026-08-31T17:42:13.010673Z,2026-08-26,https://www.eia.gov/dnav/ng/hist/rngwhhdD.htm,eia_henry_hub_spot:1788198133010673000:3241dfb4a8883f486cfb073eb5161263d2da2c27ccb423435106659f0cd0bc3e
EIA:DHHNGSP,U.S. EIA,physical_spot,Henry Hub physical spot,Henry Hub,2026-02-11T06:00:00.000000Z,2026-02-12T06:00:00.000000Z,3.25,USD/MMBtu,,2026-08-31T17:42:13.010673Z,2026-08-26,https://www.eia.gov/dnav/ng/hist/rngwhhdD.htm,eia_henry_hub_spot:1788198133010673000:3241dfb4a8883f486cfb073eb5161263d2da2c27ccb423435106659f0cd0bc3e
EIA:DHHNGSP,U.S. EIA,physical_spot,Henry Hub physical spot,Henry Hub,2026-02-12T06:00:00.000000Z,2026-02-13T06:00:00.000000Z,3.43,USD/MMBtu,,2026-08-31T17:42:13.010673Z,2026-08-26,https://www.eia.gov/dnav/ng/hist/rngwhhdD.htm,eia_henry_hub_spot:1788198133010673000:3241dfb4a8883f486cfb073eb5161263d2da2c27ccb423435106659f0cd0bc3e
EIA:DHHNGSP,U.S. EIA,physical_spot,Henry Hub physical spot,Henry Hub,2026-02-13T06:00:00.000000Z,2026-02-14T06:00:00.000000Z,3.24,USD/MMBtu,,2026-08-31T17:42:13.010673Z,2026-08-26,https://www.eia.gov/dnav/ng/hist/rngwhhdD.htm,eia_henry_hub_spot:1788198133010673000:3241dfb4a8883f486cfb073eb5161263d2da2c27ccb423435106659f0cd0bc3e
EIA:DHHNGSP,U.S. EIA,physical_spot,Henry Hub physical spot,Henry Hub,2026-02-17T06:00:00.000000Z,2026-02-18T06:00:00.000000Z,3.13,USD/MMBtu,,2026-08-31T17:42:13.010673Z,2026-08-26,https://www.eia.gov/dnav/ng/hist/rngwhhdD.htm,eia_henry_hub_spot:1788198133010673000:3241dfb4a8883f486cfb073eb5161263d2da2c27ccb423435106659f0cd0bc3e
EIA:DHHNGSP,U.S. EIA,physical_spot,Henry Hub physical spot,Henry Hub,2026-02-18T06:00:00.000000Z,2026-02-19T06:00:00.000000Z,2.98,USD/MMBtu,,2026-08-31T17:42:13.010673Z,2026-08-26,https://www.eia.gov/dnav/ng/hist/rngwhhdD.htm,eia_henry_hub_spot:1788198133010673000:3241dfb4a8883f486cfb073eb5161263d2da2c27ccb423435106659f0cd0bc3e
EIA:DHHNGSP,U.S. EIA,physical_spot,Henry Hub physical spot,Henry Hub,2026-02-19T06:00:00.000000Z,2026-02-20T06:00:00.000000Z,3.09,USD/MMBtu,,2026-08-31T17:42:13.010673Z,2026-08-26,https://www.eia.gov/dnav/ng/hist/rngwhhdD.htm,eia_henry_hub_spot:1788198133010673000:3241dfb4a8883f486cfb073eb5161263d2da2c27ccb423435106659f0cd0bc3e
EIA:DHHNGSP,U.S. EIA,physical_spot,Henry Hub physical spot,Henry Hub,2026-02-20T06:00:00.000000Z,2026-02-21T06:00:00.000000Z,3.15,USD/MMBtu,,2026-08-31T17:42:13.010673Z,2026-08-26,https://www.eia.gov/dnav/ng/hist/rngwhhdD.htm,eia_henry_hub_spot:1788198133010673000:3241dfb4a8883f486cfb073eb5161263d2da2c27ccb423435106659f0cd0bc3e
EIA:DHHNGSP,U.S. EIA,physical_spot,Henry Hub physical spot,Henry Hub,2026-02-23T06:00:00.000000Z,2026-02-24T06:00:00.000000Z,3.13,USD/MMBtu,,2026-08-31T17:42:13.010673Z,2026-08-26,https://www.eia.gov/dnav/ng/hist/rngwhhdD.htm,eia_henry_hub_spot:1788198133010673000:3241dfb4a8883f486cfb073eb5161263d2da2c27ccb423435106659f0cd0bc3e
EIA:DHHNGSP,U.S. EIA,physical_spot,Henry Hub physical spot,Henry Hub,2026-02-24T06:00:00.000000Z,2026-02-25T06:00:00.000000Z,2.99,USD/MMBtu,,2026-08-31T17:42:13.010673Z,2026-08-26,https://www.eia.gov/dnav/ng/hist/rngwhhdD.htm,eia_henry_hub_spot:1788198133010673000:3241dfb4a8883f486cfb073eb5161263d2da2c27ccb423435106659f0cd0bc3e
EIA:DHHNGSP,U.S. EIA,physical_spot,Henry Hub physical spot,Henry Hub,2026-02-25T06:00:00.000000Z,2026-02-26T06:00:00.000000Z,3.02,USD/MMBtu,,2026-08-31T17:42:13.010673Z,2026-08-26,https://www.eia.gov/dnav/ng/hist/rngwhhdD.htm,eia_henry_hub_spot:1788198133010673000:3241dfb4a8883f486cfb073eb5161263d2da2c27ccb423435106659f0cd0bc3e
EIA:DHHNGSP,U.S. EIA,physical_spot,Henry Hub physical spot,Henry Hub,2026-02-26T06:00:00.000000Z,2026-02-27T06:00:00.000000Z,2.94,USD/MMBtu,,2026-08-31T17:42:13.010673Z,2026-08-26,https://www.eia.gov/dnav/ng/hist/rngwhhdD.htm,eia_henry_hub_spot:1788198133010673000:3241dfb4a8883f486cfb073eb5161263d2da2c27ccb423435106659f0cd0bc3e
EIA:DHHNGSP,U.S. EIA,physical_spot,Henry Hub physical spot,Henry Hub,2026-02-27T06:00:00.000000Z,2026-02-28T06:00:00.000000Z,2.99,USD/MMBtu,,2026-08-31T17:42:13.010673Z,2026-08-26,https://www.eia.gov/dnav/ng/hist/rngwhhdD.htm,eia_henry_hub_spot:1788198133010673000:3241dfb4a8883f486cfb073eb5161263d2da2c27ccb423435106659f0cd0bc3e
EIA:DHHNGSP,U.S. EIA,physical_spot,Henry Hub physical spot,Henry Hub,2026-03-02T06:00:00.000000Z,2026-03-03T06:00:00.000000Z,2.99,USD/MMBtu,,2026-08-31T17:42:13.010673Z,2026-08-26,https://www.eia.gov/dnav/ng/hist/rngwhhdD.htm,eia_henry_hub_spot:1788198133010673000:3241dfb4a8883f486cfb073eb5161263d2da2c27ccb423435106659f0cd0bc3e
EIA:DHHNGSP,U.S. EIA,physical_spot,Henry Hub physical spot,Henry Hub,2026-03-03T06:00:00.000000Z,2026-03-04T06:00:00.000000Z,3.1,USD/MMBtu,,2026-08-31T17:42:13.010673Z,2026-08-26,https://www.eia.gov/dnav/ng/hist/rngwhhdD.htm,eia_henry_hub_spot:1788198133010673000:3241dfb4a8883f486cfb073eb5161263d2da2c27ccb423435106659f0cd0bc3e
EIA:DHHNGSP,U.S. EIA,physical_spot,Henry Hub physical spot,Henry Hub,2026-03-04T06:00:00.000000Z,2026-03-05T06:00:00.000000Z,2.87,USD/MMBtu,,2026-08-31T17:42:13.010673Z,2026-08-26,https://www.eia.gov/dnav/ng/hist/rngwhhdD.htm,eia_henry_hub_spot:1788198133010673000:3241dfb4a8883f486cfb073eb5161263d2da2c27ccb423435106659f0cd0bc3e
EIA:DHHNGSP,U.S. EIA,physical_spot,Henry Hub physical spot,Henry Hub,2026-03-05T06:00:00.000000Z,2026-03-06T06:00:00.000000Z,2.9,USD/MMBtu,,2026-08-31T17:42:13.010673Z,2026-08-26,https://www.eia.gov/dnav/ng/hist/rngwhhdD.htm,eia_henry_hub_spot:1788198133010673000:3241dfb4a8883f486cfb073eb5161263d2da2c27ccb423435106659f0cd0bc3e
EIA:DHHNGSP,U.S. EIA,physical_spot,Henry Hub physical spot,Henry Hub,2026-03-06T06:00:00.000000Z,2026-03-07T06:00:00.000000Z,3.1,USD/MMBtu,,2026-08-31T17:42:13.010673Z,2026-08-26,https://www.eia.gov/dnav/ng/hist/rngwhhdD.htm,eia_henry_hub_spot:1788198133010673000:3241dfb4a8883f486cfb073eb5161263d2da2c27ccb423435106659f0cd0bc3e
EIA:DHHNGSP,U.S. EIA,physical_spot,Henry Hub physical spot,Henry Hub,2026-03-09T05:00:00.000000Z,2026-03-10T05:00:00.000000Z,3.25,USD/MMBtu,,2026-08-31T17:42:13.010673Z,2026-08-26,https://www.eia.gov/dnav/ng/hist/rngwhhdD.htm,eia_henry_hub_spot:1788198133010673000:3241dfb4a8883f486cfb073eb5161263d2da2c27ccb423435106659f0cd0bc3e
EIA:DHHNGSP,U.S. EIA,physical_spot,Henry Hub physical spot,Henry Hub,2026-03-10T05:00:00.000000Z,2026-03-11T05:00:00.000000Z,3.08,USD/MMBtu,,2026-08-31T17:42:13.010673Z,2026-08-26,https://www.eia.gov/dnav/ng/hist/rngwhhdD.htm,eia_henry_hub_spot:1788198133010673000:3241dfb4a8883f486cfb073eb5161263d2da2c27ccb423435106659f0cd0bc3e
EIA:DHHNGSP,U.S. EIA,physical_spot,Henry Hub physical spot,Henry Hub,2026-03-11T05:00:00.000000Z,2026-03-12T05:00:00.000000Z,3.15,USD/MMBtu,,2026-08-31T17:42:13.010673Z,2026-08-26,https://www.eia.gov/dnav/ng/hist/rngwhhdD.htm,eia_henry_hub_spot:1788198133010673000:3241dfb4a8883f486cfb073eb5161263d2da2c27ccb423435106659f0cd0bc3e
EIA:DHHNGSP,U.S. EIA,physical_spot,Henry Hub physical spot,Henry Hub,2026-03-12T05:00:00.000000Z,2026-03-13T05:00:00.000000Z,3.27,USD/MMBtu,,2026-08-31T17:42:13.010673Z,2026-08-26,https://www.eia.gov/dnav/ng/hist/rngwhhdD.htm,eia_henry_hub_spot:1788198133010673000:3241dfb4a8883f486cfb073eb5161263d2da2c27ccb423435106659f0cd0bc3e
EIA:DHHNGSP,U.S. EIA,physical_spot,Henry Hub physical spot,Henry Hub,2026-03-13T05:00:00.000000Z,2026-03-14T05:00:00.000000Z,3.2,USD/MMBtu,,2026-08-31T17:42:13.010673Z,2026-08-26,https://www.eia.gov/dnav/ng/hist/rngwhhdD.htm,eia_henry_hub_spot:1788198133010673000:3241dfb4a8883f486cfb073eb5161263d2da2c27ccb423435106659f0cd0bc3e
EIA:DHHNGSP,U.S. EIA,physical_spot,Henry Hub physical spot,Henry Hub,2026-03-16T05:00:00.000000Z,2026-03-17T05:00:00.000000Z,3.03,USD/MMBtu,,2026-08-31T17:42:13.010673Z,2026-08-26,https://www.eia.gov/dnav/ng/hist/rngwhhdD.htm,eia_henry_hub_spot:1788198133010673000:3241dfb4a8883f486cfb073eb5161263d2da2c27ccb423435106659f0cd0bc3e
EIA:DHHNGSP,U.S. EIA,physical_spot,Henry Hub physical spot,Henry Hub,2026-03-17T05:00:00.000000Z,2026-03-18T05:00:00.000000Z,3.14,USD/MMBtu,,2026-08-31T17:42:13.010673Z,2026-08-26,https://www.eia.gov/dnav/ng/hist/rngwhhdD.htm,eia_henry_hub_spot:1788198133010673000:3241dfb4a8883f486cfb073eb5161263d2da2c27ccb423435106659f0cd0bc3e
EIA:DHHNGSP,U.S. EIA,physical_spot,Henry Hub physical spot,Henry Hub,2026-03-18T05:00:00.000000Z,2026-03-19T05:00:00.000000Z,3.12,USD/MMBtu,,2026-08-31T17:42:13.010673Z,2026-08-26,https://www.eia.gov/dnav/ng/hist/rngwhhdD.htm,eia_henry_hub_spot:1788198133010673000:3241dfb4a8883f486cfb073eb5161263d2da2c27ccb423435106659f0cd0bc3e
EIA:DHHNGSP,U.S. EIA,physical_spot,Henry Hub physical spot,Henry Hub,2026-03-19T05:00:00.000000Z,2026-03-20T05:00:00.000000Z,3.21,USD/MMBtu,,2026-08-31T17:42:13.010673Z,2026-08-26,https://www.eia.gov/dnav/ng/hist/rngwhhdD.htm,eia_henry_hub_spot:1788198133010673000:3241dfb4a8883f486cfb073eb5161263d2da2c27ccb423435106659f0cd0bc3e
EIA:DHHNGSP,U.S. EIA,physical_spot,Henry Hub physical spot,Henry Hub,2026-03-20T05:00:00.000000Z,2026-03-21T05:00:00.000000Z,3.04,USD/MMBtu,,2026-08-31T17:42:13.010673Z,2026-08-26,https://www.eia.gov/dnav/ng/hist/rngwhhdD.htm,eia_henry_hub_spot:1788198133010673000:3241dfb4a8883f486cfb073eb5161263d2da2c27ccb423435106659f0cd0bc3e
EIA:DHHNGSP,U.S. EIA,physical_spot,Henry Hub physical spot,Henry Hub,2026-03-23T05:00:00.000000Z,2026-03-24T05:00:00.000000Z,2.94,USD/MMBtu,,2026-08-31T17:42:13.010673Z,2026-08-26,https://www.eia.gov/dnav/ng/hist/rngwhhdD.htm,eia_henry_hub_spot:1788198133010673000:3241dfb4a8883f486cfb073eb5161263d2da2c27ccb423435106659f0cd0bc3e
EIA:DHHNGSP,U.S. EIA,physical_spot,Henry Hub physical spot,Henry Hub,2026-03-24T05:00:00.000000Z,2026-03-25T05:00:00.000000Z,2.9,USD/MMBtu,,2026-08-31T17:42:13.010673Z,2026-08-26,https://www.eia.gov/dnav/ng/hist/rngwhhdD.htm,eia_henry_hub_spot:1788198133010673000:3241dfb4a8883f486cfb073eb5161263d2da2c27ccb423435106659f0cd0bc3e
EIA:DHHNGSP,U.S. EIA,physical_spot,Henry Hub physical spot,Henry Hub,2026-03-25T05:00:00.000000Z,2026-03-26T05:00:00.000000Z,2.94,USD/MMBtu,,2026-08-31T17:42:13.010673Z,2026-08-26,https://www.eia.gov/dnav/ng/hist/rngwhhdD.htm,eia_henry_hub_spot:1788198133010673000:3241dfb4a8883f486cfb073eb5161263d2da2c27ccb423435106659f0cd0bc3e
EIA:DHHNGSP,U.S. EIA,physical_spot,Henry Hub physical spot,Henry Hub,2026-03-26T05:00:00.000000Z,2026-03-27T05:00:00.000000Z,2.99,USD/MMBtu,,2026-08-31T17:42:13.010673Z,2026-08-26,https://www.eia.gov/dnav/ng/hist/rngwhhdD.htm,eia_henry_hub_spot:1788198133010673000:3241dfb4a8883f486cfb073eb5161263d2da2c27ccb423435106659f0cd0bc3e
EIA:DHHNGSP,U.S. EIA,physical_spot,Henry Hub physical spot,Henry Hub,2026-03-27T05:00:00.000000Z,2026-03-28T05:00:00.000000Z,2.99,USD/MMBtu,,2026-08-31T17:42:13.010673Z,2026-08-26,https://www.eia.gov/dnav/ng/hist/rngwhhdD.htm,eia_henry_hub_spot:1788198133010673000:3241dfb4a8883f486cfb073eb5161263d2da2c27ccb423435106659f0cd0bc3e
EIA:DHHNGSP,U.S. EIA,physical_spot,Henry Hub physical spot,Henry Hub,2026-03-30T05:00:00.000000Z,2026-03-31T05:00:00.000000Z,2.88,USD/MMBtu,,2026-08-31T17:42:13.010673Z,2026-08-26,https://www.eia.gov/dnav/ng/hist/rngwhhdD.htm,eia_henry_hub_spot:1788198133010673000:3241dfb4a8883f486cfb073eb5161263d2da2c27ccb423435106659f0cd0bc3e
EIA:DHHNGSP,U.S. EIA,physical_spot,Henry Hub physical spot,Henry Hub,2026-03-31T05:00:00.000000Z,2026-04-01T05:00:00.000000Z,2.88,USD/MMBtu,,2026-08-31T17:42:13.010673Z,2026-08-26,https://www.eia.gov/dnav/ng/hist/rngwhhdD.htm,eia_henry_hub_spot:1788198133010673000:3241dfb4a8883f486cfb073eb5161263d2da2c27ccb423435106659f0cd0bc3e
EIA:DHHNGSP,U.S. EIA,physical_spot,Henry Hub physical spot,Henry Hub,2026-04-01T05:00:00.000000Z,2026-04-02T05:00:00.000000Z,2.99,USD/MMBtu,,2026-08-31T17:42:13.010673Z,2026-08-26,https://www.eia.gov/dnav/ng/hist/rngwhhdD.htm,eia_henry_hub_spot:1788198133010673000:3241dfb4a8883f486cfb073eb5161263d2da2c27ccb423435106659f0cd0bc3e
EIA:DHHNGSP,U.S. EIA,physical_spot,Henry Hub physical spot,Henry Hub,2026-04-02T05:00:00.000000Z,2026-04-03T05:00:00.000000Z,2.86,USD/MMBtu,,2026-08-31T17:42:13.010673Z,2026-08-26,https://www.eia.gov/dnav/ng/hist/rngwhhdD.htm,eia_henry_hub_spot:1788198133010673000:3241dfb4a8883f486cfb073eb5161263d2da2c27ccb423435106659f0cd0bc3e
EIA:DHHNGSP,U.S. EIA,physical_spot,Henry Hub physical spot,Henry Hub,2026-04-06T05:00:00.000000Z,2026-04-07T05:00:00.000000Z,3.04,USD/MMBtu,,2026-08-31T17:42:13.010673Z,2026-08-26,https://www.eia.gov/dnav/ng/hist/rngwhhdD.htm,eia_henry_hub_spot:1788198133010673000:3241dfb4a8883f486cfb073eb5161263d2da2c27ccb423435106659f0cd0bc3e
EIA:DHHNGSP,U.S. EIA,physical_spot,Henry Hub physical spot,Henry Hub,2026-04-07T05:00:00.000000Z,2026-04-08T05:00:00.000000Z,3.01,USD/MMBtu,,2026-08-31T17:42:13.010673Z,2026-08-26,https://www.eia.gov/dnav/ng/hist/rngwhhdD.htm,eia_henry_hub_spot:1788198133010673000:3241dfb4a8883f486cfb073eb5161263d2da2c27ccb423435106659f0cd0bc3e
EIA:DHHNGSP,U.S. EIA,physical_spot,Henry Hub physical spot,Henry Hub,2026-04-08T05:00:00.000000Z,2026-04-09T05:00:00.000000Z,2.78,USD/MMBtu,,2026-08-31T17:42:13.010673Z,2026-08-26,https://www.eia.gov/dnav/ng/hist/rngwhhdD.htm,eia_henry_hub_spot:1788198133010673000:3241dfb4a8883f486cfb073eb5161263d2da2c27ccb423435106659f0cd0bc3e
EIA:DHHNGSP,U.S. EIA,physical_spot,Henry Hub physical spot,Henry Hub,2026-04-09T05:00:00.000000Z,2026-04-10T05:00:00.000000Z,2.78,USD/MMBtu,,2026-08-31T17:42:13.010673Z,2026-08-26,https://www.eia.gov/dnav/ng/hist/rngwhhdD.htm,eia_henry_hub_spot:1788198133010673000:3241dfb4a8883f486cfb073eb5161263d2da2c27ccb423435106659f0cd0bc3e
EIA:DHHNGSP,U.S. EIA,physical_spot,Henry Hub physical spot,Henry Hub,2026-04-10T05:00:00.000000Z,2026-04-11T05:00:00.000000Z,2.64,USD/MMBtu,,2026-08-31T17:42:13.010673Z,2026-08-26,https://www.eia.gov/dnav/ng/hist/rngwhhdD.htm,eia_henry_hub_spot:1788198133010673000:3241dfb4a8883f486cfb073eb5161263d2da2c27ccb423435106659f0cd0bc3e
EIA:DHHNGSP,U.S. EIA,physical_spot,Henry Hub physical spot,Henry Hub,2026-04-13T05:00:00.000000Z,2026-04-14T05:00:00.000000Z,2.79,USD/MMBtu,,2026-08-31T17:42:13.010673Z,2026-08-26,https://www.eia.gov/dnav/ng/hist/rngwhhdD.htm,eia_henry_hub_spot:1788198133010673000:3241dfb4a8883f486cfb073eb5161263d2da2c27ccb423435106659f0cd0bc3e
EIA:DHHNGSP,U.S. EIA,physical_spot,Henry Hub physical spot,Henry Hub,2026-04-14T05:00:00.000000Z,2026-04-15T05:00:00.000000Z,2.79,USD/MMBtu,,2026-08-31T17:42:13.010673Z,2026-08-26,https://www.eia.gov/dnav/ng/hist/rngwhhdD.htm,eia_henry_hub_spot:1788198133010673000:3241dfb4a8883f486cfb073eb5161263d2da2c27ccb423435106659f0cd0bc3e
EIA:DHHNGSP,U.S. EIA,physical_spot,Henry Hub physical spot,Henry Hub,2026-04-15T05:00:00.000000Z,2026-04-16T05:00:00.000000Z,2.78,USD/MMBtu,,2026-08-31T17:42:13.010673Z,2026-08-26,https://www.eia.gov/dnav/ng/hist/rngwhhdD.htm,eia_henry_hub_spot:1788198133010673000:3241dfb4a8883f486cfb073eb5161263d2da2c27ccb423435106659f0cd0bc3e
EIA:DHHNGSP,U.S. EIA,physical_spot,Henry Hub physical spot,Henry Hub,2026-04-16T05:00:00.000000Z,2026-04-17T05:00:00.000000Z,2.78,USD/MMBtu,,2026-08-31T17:42:13.010673Z,2026-08-26,https://www.eia.gov/dnav/ng/hist/rngwhhdD.htm,eia_henry_hub_spot:1788198133010673000:3241dfb4a8883f486cfb073eb5161263d2da2c27ccb423435106659f0cd0bc3e
EIA:DHHNGSP,U.S. EIA,physical_spot,Henry Hub physical spot,Henry Hub,2026-04-17T05:00:00.000000Z,2026-04-18T05:00:00.000000Z,2.71,USD/MMBtu,,2026-08-31T17:42:13.010673Z,2026-08-26,https://www.eia.gov/dnav/ng/hist/rngwhhdD.htm,eia_henry_hub_spot:1788198133010673000:3241dfb4a8883f486cfb073eb5161263d2da2c27ccb423435106659f0cd0bc3e
EIA:DHHNGSP,U.S. EIA,physical_spot,Henry Hub physical spot,Henry Hub,2026-04-20T05:00:00.000000Z,2026-04-21T05:00:00.000000Z,2.81,USD/MMBtu,,2026-08-31T17:42:13.010673Z,2026-08-26,https://www.eia.gov/dnav/ng/hist/rngwhhdD.htm,eia_henry_hub_spot:1788198133010673000:3241dfb4a8883f486cfb073eb5161263d2da2c27ccb423435106659f0cd0bc3e
EIA:DHHNGSP,U.S. EIA,physical_spot,Henry Hub physical spot,Henry Hub,2026-04-21T05:00:00.000000Z,2026-04-22T05:00:00.000000Z,2.76,USD/MMBtu,,2026-08-31T17:42:13.010673Z,2026-08-26,https://www.eia.gov/dnav/ng/hist/rngwhhdD.htm,eia_henry_hub_spot:1788198133010673000:3241dfb4a8883f486cfb073eb5161263d2da2c27ccb423435106659f0cd0bc3e
EIA:DHHNGSP,U.S. EIA,physical_spot,Henry Hub physical spot,Henry Hub,2026-04-22T05:00:00.000000Z,2026-04-23T05:00:00.000000Z,2.75,USD/MMBtu,,2026-08-31T17:42:13.010673Z,2026-08-26,https://www.eia.gov/dnav/ng/hist/rngwhhdD.htm,eia_henry_hub_spot:1788198133010673000:3241dfb4a8883f486cfb073eb5161263d2da2c27ccb423435106659f0cd0bc3e
EIA:DHHNGSP,U.S. EIA,physical_spot,Henry Hub physical spot,Henry Hub,2026-04-23T05:00:00.000000Z,2026-04-24T05:00:00.000000Z,2.65,USD/MMBtu,,2026-08-31T17:42:13.010673Z,2026-08-26,https://www.eia.gov/dnav/ng/hist/rngwhhdD.htm,eia_henry_hub_spot:1788198133010673000:3241dfb4a8883f486cfb073eb5161263d2da2c27ccb423435106659f0cd0bc3e
EIA:DHHNGSP,U.S. EIA,physical_spot,Henry Hub physical spot,Henry Hub,2026-04-24T05:00:00.000000Z,2026-04-25T05:00:00.000000Z,2.54,USD/MMBtu,,2026-08-31T17:42:13.010673Z,2026-08-26,https://www.eia.gov/dnav/ng/hist/rngwhhdD.htm,eia_henry_hub_spot:1788198133010673000:3241dfb4a8883f486cfb073eb5161263d2da2c27ccb423435106659f0cd0bc3e
EIA:DHHNGSP,U.S. EIA,physical_spot,Henry Hub physical spot,Henry Hub,2026-04-27T05:00:00.000000Z,2026-04-28T05:00:00.000000Z,2.72,USD/MMBtu,,2026-08-31T17:42:13.010673Z,2026-08-26,https://www.eia.gov/dnav/ng/hist/rngwhhdD.htm,eia_henry_hub_spot:1788198133010673000:3241dfb4a8883f486cfb073eb5161263d2da2c27ccb423435106659f0cd0bc3e
EIA:DHHNGSP,U.S. EIA,physical_spot,Henry Hub physical spot,Henry Hub,2026-04-28T05:00:00.000000Z,2026-04-29T05:00:00.000000Z,2.7,USD/MMBtu,,2026-08-31T17:42:13.010673Z,2026-08-26,https://www.eia.gov/dnav/ng/hist/rngwhhdD.htm,eia_henry_hub_spot:1788198133010673000:3241dfb4a8883f486cfb073eb5161263d2da2c27ccb423435106659f0cd0bc3e
EIA:DHHNGSP,U.S. EIA,physical_spot,Henry Hub physical spot,Henry Hub,2026-04-29T05:00:00.000000Z,2026-04-30T05:00:00.000000Z,2.6,USD/MMBtu,,2026-08-31T17:42:13.010673Z,2026-08-26,https://www.eia.gov/dnav/ng/hist/rngwhhdD.htm,eia_henry_hub_spot:1788198133010673000:3241dfb4a8883f486cfb073eb5161263d2da2c27ccb423435106659f0cd0bc3e
EIA:DHHNGSP,U.S. EIA,physical_spot,Henry Hub physical spot,Henry Hub,2026-04-30T05:00:00.000000Z,2026-05-01T05:00:00.000000Z,2.64,USD/MMBtu,,2026-08-31T17:42:13.010673Z,2026-08-26,https://www.eia.gov/dnav/ng/hist/rngwhhdD.htm,eia_henry_hub_spot:1788198133010673000:3241dfb4a8883f486cfb073eb5161263d2da2c27ccb423435106659f0cd0bc3e
EIA:DHHNGSP,U.S. EIA,physical_spot,Henry Hub physical spot,Henry Hub,2026-05-01T05:00:00.000000Z,2026-05-02T05:00:00.000000Z,2.63,USD/MMBtu,,2026-08-31T17:42:13.010673Z,2026-08-26,https://www.eia.gov/dnav/ng/hist/rngwhhdD.htm,eia_henry_hub_spot:1788198133010673000:3241dfb4a8883f486cfb073eb5161263d2da2c27ccb423435106659f0cd0bc3e
EIA:DHHNGSP,U.S. EIA,physical_spot,Henry Hub physical spot,Henry Hub,2026-05-04T05:00:00.000000Z,2026-05-05T05:00:00.000000Z,2.67,USD/MMBtu,,2026-08-31T17:42:13.010673Z,2026-08-26,https://www.eia.gov/dnav/ng/hist/rngwhhdD.htm,eia_henry_hub_spot:1788198133010673000:3241dfb4a8883f486cfb073eb5161263d2da2c27ccb423435106659f0cd0bc3e
EIA:DHHNGSP,U.S. EIA,physical_spot,Henry Hub physical spot,Henry Hub,2026-05-05T05:00:00.000000Z,2026-05-06T05:00:00.000000Z,2.83,USD/MMBtu,,2026-08-31T17:42:13.010673Z,2026-08-26,https://www.eia.gov/dnav/ng/hist/rngwhhdD.htm,eia_henry_hub_spot:1788198133010673000:3241dfb4a8883f486cfb073eb5161263d2da2c27ccb423435106659f0cd0bc3e
EIA:DHHNGSP,U.S. EIA,physical_spot,Henry Hub physical spot,Henry Hub,2026-05-06T05:00:00.000000Z,2026-05-07T05:00:00.000000Z,2.75,USD/MMBtu,,2026-08-31T17:42:13.010673Z,2026-08-26,https://www.eia.gov/dnav/ng/hist/rngwhhdD.htm,eia_henry_hub_spot:1788198133010673000:3241dfb4a8883f486cfb073eb5161263d2da2c27ccb423435106659f0cd0bc3e
EIA:DHHNGSP,U.S. EIA,physical_spot,Henry Hub physical spot,Henry Hub,2026-05-07T05:00:00.000000Z,2026-05-08T05:00:00.000000Z,2.7,USD/MMBtu,,2026-08-31T17:42:13.010673Z,2026-08-26,https://www.eia.gov/dnav/ng/hist/rngwhhdD.htm,eia_henry_hub_spot:1788198133010673000:3241dfb4a8883f486cfb073eb5161263d2da2c27ccb423435106659f0cd0bc3e
EIA:DHHNGSP,U.S. EIA,physical_spot,Henry Hub physical spot,Henry Hub,2026-05-08T05:00:00.000000Z,2026-05-09T05:00:00.000000Z,2.75,USD/MMBtu,,2026-08-31T17:42:13.010673Z,2026-08-26,https://www.eia.gov/dnav/ng/hist/rngwhhdD.htm,eia_henry_hub_spot:1788198133010673000:3241dfb4a8883f486cfb073eb5161263d2da2c27ccb423435106659f0cd0bc3e
EIA:DHHNGSP,U.S. EIA,physical_spot,Henry Hub physical spot,Henry Hub,2026-05-11T05:00:00.000000Z,2026-05-12T05:00:00.000000Z,2.82,USD/MMBtu,,2026-08-31T17:42:13.010673Z,2026-08-26,https://www.eia.gov/dnav/ng/hist/rngwhhdD.htm,eia_henry_hub_spot:1788198133010673000:3241dfb4a8883f486cfb073eb5161263d2da2c27ccb423435106659f0cd0bc3e
EIA:DHHNGSP,U.S. EIA,physical_spot,Henry Hub physical spot,Henry Hub,2026-05-12T05:00:00.000000Z,2026-05-13T05:00:00.000000Z,2.91,USD/MMBtu,,2026-08-31T17:42:13.010673Z,2026-08-26,https://www.eia.gov/dnav/ng/hist/rngwhhdD.htm,eia_henry_hub_spot:1788198133010673000:3241dfb4a8883f486cfb073eb5161263d2da2c27ccb423435106659f0cd0bc3e
EIA:DHHNGSP,U.S. EIA,physical_spot,Henry Hub physical spot,Henry Hub,2026-05-13T05:00:00.000000Z,2026-05-14T05:00:00.000000Z,2.88,USD/MMBtu,,2026-08-31T17:42:13.010673Z,2026-08-26,https://www.eia.gov/dnav/ng/hist/rngwhhdD.htm,eia_henry_hub_spot:1788198133010673000:3241dfb4a8883f486cfb073eb5161263d2da2c27ccb423435106659f0cd0bc3e
EIA:DHHNGSP,U.S. EIA,physical_spot,Henry Hub physical spot,Henry Hub,2026-05-14T05:00:00.000000Z,2026-05-15T05:00:00.000000Z,2.79,USD/MMBtu,,2026-08-31T17:42:13.010673Z,2026-08-26,https://www.eia.gov/dnav/ng/hist/rngwhhdD.htm,eia_henry_hub_spot:1788198133010673000:3241dfb4a8883f486cfb073eb5161263d2da2c27ccb423435106659f0cd0bc3e
EIA:DHHNGSP,U.S. EIA,physical_spot,Henry Hub physical spot,Henry Hub,2026-05-15T05:00:00.000000Z,2026-05-16T05:00:00.000000Z,2.89,USD/MMBtu,,2026-08-31T17:42:13.010673Z,2026-08-26,https://www.eia.gov/dnav/ng/hist/rngwhhdD.htm,eia_henry_hub_spot:1788198133010673000:3241dfb4a8883f486cfb073eb5161263d2da2c27ccb423435106659f0cd0bc3e
EIA:DHHNGSP,U.S. EIA,physical_spot,Henry Hub physical spot,Henry Hub,2026-05-18T05:00:00.000000Z,2026-05-19T05:00:00.000000Z,3.07,USD/MMBtu,,2026-08-31T17:42:13.010673Z,2026-08-26,https://www.eia.gov/dnav/ng/hist/rngwhhdD.htm,eia_henry_hub_spot:1788198133010673000:3241dfb4a8883f486cfb073eb5161263d2da2c27ccb423435106659f0cd0bc3e
EIA:DHHNGSP,U.S. EIA,physical_spot,Henry Hub physical spot,Henry Hub,2026-05-19T05:00:00.000000Z,2026-05-20T05:00:00.000000Z,3.23,USD/MMBtu,,2026-08-31T17:42:13.010673Z,2026-08-26,https://www.eia.gov/dnav/ng/hist/rngwhhdD.htm,eia_henry_hub_spot:1788198133010673000:3241dfb4a8883f486cfb073eb5161263d2da2c27ccb423435106659f0cd0bc3e
EIA:DHHNGSP,U.S. EIA,physical_spot,Henry Hub physical spot,Henry Hub,2026-05-20T05:00:00.000000Z,2026-05-21T05:00:00.000000Z,3.18,USD/MMBtu,,2026-08-31T17:42:13.010673Z,2026-08-26,https://www.eia.gov/dnav/ng/hist/rngwhhdD.htm,eia_henry_hub_spot:1788198133010673000:3241dfb4a8883f486cfb073eb5161263d2da2c27ccb423435106659f0cd0bc3e
EIA:DHHNGSP,U.S. EIA,physical_spot,Henry Hub physical spot,Henry Hub,2026-05-21T05:00:00.000000Z,2026-05-22T05:00:00.000000Z,3.14,USD/MMBtu,,2026-08-31T17:42:13.010673Z,2026-08-26,https://www.eia.gov/dnav/ng/hist/rngwhhdD.htm,eia_henry_hub_spot:1788198133010673000:3241dfb4a8883f486cfb073eb5161263d2da2c27ccb423435106659f0cd0bc3e
EIA:DHHNGSP,U.S. EIA,physical_spot,Henry Hub physical spot,Henry Hub,2026-05-22T05:00:00.000000Z,2026-05-23T05:00:00.000000Z,2.92,USD/MMBtu,,2026-08-31T17:42:13.010673Z,2026-08-26,https://www.eia.gov/dnav/ng/hist/rngwhhdD.htm,eia_henry_hub_spot:1788198133010673000:3241dfb4a8883f486cfb073eb5161263d2da2c27ccb423435106659f0cd0bc3e
EIA:DHHNGSP,U.S. EIA,physical_spot,Henry Hub physical spot,Henry Hub,2026-05-26T05:00:00.000000Z,2026-05-27T05:00:00.000000Z,3.1,USD/MMBtu,,2026-08-31T17:42:13.010673Z,2026-08-26,https://www.eia.gov/dnav/ng/hist/rngwhhdD.htm,eia_henry_hub_spot:1788198133010673000:3241dfb4a8883f486cfb073eb5161263d2da2c27ccb423435106659f0cd0bc3e
EIA:DHHNGSP,U.S. EIA,physical_spot,Henry Hub physical spot,Henry Hub,2026-05-27T05:00:00.000000Z,2026-05-28T05:00:00.000000Z,3.13,USD/MMBtu,,2026-08-31T17:42:13.010673Z,2026-08-26,https://www.eia.gov/dnav/ng/hist/rngwhhdD.htm,eia_henry_hub_spot:1788198133010673000:3241dfb4a8883f486cfb073eb5161263d2da2c27ccb423435106659f0cd0bc3e
EIA:DHHNGSP,U.S. EIA,physical_spot,Henry Hub physical spot,Henry Hub,2026-05-28T05:00:00.000000Z,2026-05-29T05:00:00.000000Z,3.04,USD/MMBtu,,2026-08-31T17:42:13.010673Z,2026-08-26,https://www.eia.gov/dnav/ng/hist/rngwhhdD.htm,eia_henry_hub_spot:1788198133010673000:3241dfb4a8883f486cfb073eb5161263d2da2c27ccb423435106659f0cd0bc3e
EIA:DHHNGSP,U.S. EIA,physical_spot,Henry Hub physical spot,Henry Hub,2026-05-29T05:00:00.000000Z,2026-05-30T05:00:00.000000Z,3.34,USD/MMBtu,,2026-08-31T17:42:13.010673Z,2026-08-26,https://www.eia.gov/dnav/ng/hist/rngwhhdD.htm,eia_henry_hub_spot:1788198133010673000:3241dfb4a8883f486cfb073eb5161263d2da2c27ccb423435106659f0cd0bc3e
EIA:DHHNGSP,U.S. EIA,physical_spot,Henry Hub physical spot,Henry Hub,2026-06-01T05:00:00.000000Z,2026-06-02T05:00:00.000000Z,3.07,USD/MMBtu,,2026-08-31T17:42:13.010673Z,2026-08-26,https://www.eia.gov/dnav/ng/hist/rngwhhdD.htm,eia_henry_hub_spot:1788198133010673000:3241dfb4a8883f486cfb073eb5161263d2da2c27ccb423435106659f0cd0bc3e
EIA:DHHNGSP,U.S. EIA,physical_spot,Henry Hub physical spot,Henry Hub,2026-06-02T05:00:00.000000Z,2026-06-03T05:00:00.000000Z,2.97,USD/MMBtu,,2026-08-31T17:42:13.010673Z,2026-08-26,https://www.eia.gov/dnav/ng/hist/rngwhhdD.htm,eia_henry_hub_spot:1788198133010673000:3241dfb4a8883f486cfb073eb5161263d2da2c27ccb423435106659f0cd0bc3e
EIA:DHHNGSP,U.S. EIA,physical_spot,Henry Hub physical spot,Henry Hub,2026-06-03T05:00:00.000000Z,2026-06-04T05:00:00.000000Z,2.97,USD/MMBtu,,2026-08-31T17:42:13.010673Z,2026-08-26,https://www.eia.gov/dnav/ng/hist/rngwhhdD.htm,eia_henry_hub_spot:1788198133010673000:3241dfb4a8883f486cfb073eb5161263d2da2c27ccb423435106659f0cd0bc3e
EIA:DHHNGSP,U.S. EIA,physical_spot,Henry Hub physical spot,Henry Hub,2026-06-04T05:00:00.000000Z,2026-06-05T05:00:00.000000Z,3.08,USD/MMBtu,,2026-08-31T17:42:13.010673Z,2026-08-26,https://www.eia.gov/dnav/ng/hist/rngwhhdD.htm,eia_henry_hub_spot:1788198133010673000:3241dfb4a8883f486cfb073eb5161263d2da2c27ccb423435106659f0cd0bc3e
EIA:DHHNGSP,U.S. EIA,physical_spot,Henry Hub physical spot,Henry Hub,2026-06-05T05:00:00.000000Z,2026-06-06T05:00:00.000000Z,3.05,USD/MMBtu,,2026-08-31T17:42:13.010673Z,2026-08-26,https://www.eia.gov/dnav/ng/hist/rngwhhdD.htm,eia_henry_hub_spot:1788198133010673000:3241dfb4a8883f486cfb073eb5161263d2da2c27ccb423435106659f0cd0bc3e
EIA:DHHNGSP,U.S. EIA,physical_spot,Henry Hub physical spot,Henry Hub,2026-06-08T05:00:00.000000Z,2026-06-09T05:00:00.000000Z,3.1,USD/MMBtu,,2026-08-31T17:42:13.010673Z,2026-08-26,https://www.eia.gov/dnav/ng/hist/rngwhhdD.htm,eia_henry_hub_spot:1788198133010673000:3241dfb4a8883f486cfb073eb5161263d2da2c27ccb423435106659f0cd0bc3e
EIA:DHHNGSP,U.S. EIA,physical_spot,Henry Hub physical spot,Henry Hub,2026-06-09T05:00:00.000000Z,2026-06-10T05:00:00.000000Z,3.18,USD/MMBtu,,2026-08-31T17:42:13.010673Z,2026-08-26,https://www.eia.gov/dnav/ng/hist/rngwhhdD.htm,eia_henry_hub_spot:1788198133010673000:3241dfb4a8883f486cfb073eb5161263d2da2c27ccb423435106659f0cd0bc3e
EIA:DHHNGSP,U.S. EIA,physical_spot,Henry Hub physical spot,Henry Hub,2026-06-10T05:00:00.000000Z,2026-06-11T05:00:00.000000Z,3.27,USD/MMBtu,,2026-08-31T17:42:13.010673Z,2026-08-26,https://www.eia.gov/dnav/ng/hist/rngwhhdD.htm,eia_henry_hub_spot:1788198133010673000:3241dfb4a8883f486cfb073eb5161263d2da2c27ccb423435106659f0cd0bc3e
EIA:DHHNGSP,U.S. EIA,physical_spot,Henry Hub physical spot,Henry Hub,2026-06-11T05:00:00.000000Z,2026-06-12T05:00:00.000000Z,3.16,USD/MMBtu,,2026-08-31T17:42:13.010673Z,2026-08-26,https://www.eia.gov/dnav/ng/hist/rngwhhdD.htm,eia_henry_hub_spot:1788198133010673000:3241dfb4a8883f486cfb073eb5161263d2da2c27ccb423435106659f0cd0bc3e
EIA:DHHNGSP,U.S. EIA,physical_spot,Henry Hub physical spot,Henry Hub,2026-06-12T05:00:00.000000Z,2026-06-13T05:00:00.000000Z,3.06,USD/MMBtu,,2026-08-31T17:42:13.010673Z,2026-08-26,https://www.eia.gov/dnav/ng/hist/rngwhhdD.htm,eia_henry_hub_spot:1788198133010673000:3241dfb4a8883f486cfb073eb5161263d2da2c27ccb423435106659f0cd0bc3e
EIA:DHHNGSP,U.S. EIA,physical_spot,Henry Hub physical spot,Henry Hub,2026-06-15T05:00:00.000000Z,2026-06-16T05:00:00.000000Z,3.06,USD/MMBtu,,2026-08-31T17:42:13.010673Z,2026-08-26,https://www.eia.gov/dnav/ng/hist/rngwhhdD.htm,eia_henry_hub_spot:1788198133010673000:3241dfb4a8883f486cfb073eb5161263d2da2c27ccb423435106659f0cd0bc3e
EIA:DHHNGSP,U.S. EIA,physical_spot,Henry Hub physical spot,Henry Hub,2026-06-16T05:00:00.000000Z,2026-06-17T05:00:00.000000Z,3.1,USD/MMBtu,,2026-08-31T17:42:13.010673Z,2026-08-26,https://www.eia.gov/dnav/ng/hist/rngwhhdD.htm,eia_henry_hub_spot:1788198133010673000:3241dfb4a8883f486cfb073eb5161263d2da2c27ccb423435106659f0cd0bc3e
EIA:DHHNGSP,U.S. EIA,physical_spot,Henry Hub physical spot,Henry Hub,2026-06-17T05:00:00.000000Z,2026-06-18T05:00:00.000000Z,3.25,USD/MMBtu,,2026-08-31T17:42:13.010673Z,2026-08-26,https://www.eia.gov/dnav/ng/hist/rngwhhdD.htm,eia_henry_hub_spot:1788198133010673000:3241dfb4a8883f486cfb073eb5161263d2da2c27ccb423435106659f0cd0bc3e
EIA:DHHNGSP,U.S. EIA,physical_spot,Henry Hub physical spot,Henry Hub,2026-06-18T05:00:00.000000Z,2026-06-19T05:00:00.000000Z,3.08,USD/MMBtu,,2026-08-31T17:42:13.010673Z,2026-08-26,https://www.eia.gov/dnav/ng/hist/rngwhhdD.htm,eia_henry_hub_spot:1788198133010673000:3241dfb4a8883f486cfb073eb5161263d2da2c27ccb423435106659f0cd0bc3e
EIA:DHHNGSP,U.S. EIA,physical_spot,Henry Hub physical spot,Henry Hub,2026-06-22T05:00:00.000000Z,2026-06-23T05:00:00.000000Z,3.16,USD/MMBtu,,2026-08-31T17:42:13.010673Z,2026-08-26,https://www.eia.gov/dnav/ng/hist/rngwhhdD.htm,eia_henry_hub_spot:1788198133010673000:3241dfb4a8883f486cfb073eb5161263d2da2c27ccb423435106659f0cd0bc3e
EIA:DHHNGSP,U.S. EIA,physical_spot,Henry Hub physical spot,Henry Hub,2026-06-23T05:00:00.000000Z,2026-06-24T05:00:00.000000Z,3.15,USD/MMBtu,,2026-08-31T17:42:13.010673Z,2026-08-26,https://www.eia.gov/dnav/ng/hist/rngwhhdD.htm,eia_henry_hub_spot:1788198133010673000:3241dfb4a8883f486cfb073eb5161263d2da2c27ccb423435106659f0cd0bc3e
EIA:DHHNGSP,U.S. EIA,physical_spot,Henry Hub physical spot,Henry Hub,2026-06-24T05:00:00.000000Z,2026-06-25T05:00:00.000000Z,3.19,USD/MMBtu,,2026-08-31T17:42:13.010673Z,2026-08-26,https://www.eia.gov/dnav/ng/hist/rngwhhdD.htm,eia_henry_hub_spot:1788198133010673000:3241dfb4a8883f486cfb073eb5161263d2da2c27ccb423435106659f0cd0bc3e
EIA:DHHNGSP,U.S. EIA,physical_spot,Henry Hub physical spot,Henry Hub,2026-06-25T05:00:00.000000Z,2026-06-26T05:00:00.000000Z,3.21,USD/MMBtu,,2026-08-31T17:42:13.010673Z,2026-08-26,https://www.eia.gov/dnav/ng/hist/rngwhhdD.htm,eia_henry_hub_spot:1788198133010673000:3241dfb4a8883f486cfb073eb5161263d2da2c27ccb423435106659f0cd0bc3e
EIA:DHHNGSP,U.S. EIA,physical_spot,Henry Hub physical spot,Henry Hub,2026-06-26T05:00:00.000000Z,2026-06-27T05:00:00.000000Z,3.26,USD/MMBtu,,2026-08-31T17:42:13.010673Z,2026-08-26,https://www.eia.gov/dnav/ng/hist/rngwhhdD.htm,eia_henry_hub_spot:1788198133010673000:3241dfb4a8883f486cfb073eb5161263d2da2c27ccb423435106659f0cd0bc3e
EIA:DHHNGSP,U.S. EIA,physical_spot,Henry Hub physical spot,Henry Hub,2026-06-29T05:00:00.000000Z,2026-06-30T05:00:00.000000Z,3.33,USD/MMBtu,,2026-08-31T17:42:13.010673Z,2026-08-26,https://www.eia.gov/dnav/ng/hist/rngwhhdD.htm,eia_henry_hub_spot:1788198133010673000:3241dfb4a8883f486cfb073eb5161263d2da2c27ccb423435106659f0cd0bc3e
EIA:DHHNGSP,U.S. EIA,physical_spot,Henry Hub physical spot,Henry Hub,2026-06-30T05:00:00.000000Z,2026-07-01T05:00:00.000000Z,3.34,USD/MMBtu,,2026-08-31T17:42:13.010673Z,2026-08-26,https://www.eia.gov/dnav/ng/hist/rngwhhdD.htm,eia_henry_hub_spot:1788198133010673000:3241dfb4a8883f486cfb073eb5161263d2da2c27ccb423435106659f0cd0bc3e
EIA:DHHNGSP,U.S. EIA,physical_spot,Henry Hub physical spot,Henry Hub,2026-07-01T05:00:00.000000Z,2026-07-02T05:00:00.000000Z,3.34,USD/MMBtu,,2026-08-31T17:42:13.010673Z,2026-08-26,https://www.eia.gov/dnav/ng/hist/rngwhhdD.htm,eia_henry_hub_spot:1788198133010673000:3241dfb4a8883f486cfb073eb5161263d2da2c27ccb423435106659f0cd0bc3e
EIA:DHHNGSP,U.S. EIA,physical_spot,Henry Hub physical spot,Henry Hub,2026-07-02T05:00:00.000000Z,2026-07-03T05:00:00.000000Z,3.34,USD/MMBtu,,2026-08-31T17:42:13.010673Z,2026-08-26,https://www.eia.gov/dnav/ng/hist/rngwhhdD.htm,eia_henry_hub_spot:1788198133010673000:3241dfb4a8883f486cfb073eb5161263d2da2c27ccb423435106659f0cd0bc3e
EIA:DHHNGSP,U.S. EIA,physical_spot,Henry Hub physical spot,Henry Hub,2026-07-06T05:00:00.000000Z,2026-07-07T05:00:00.000000Z,3.29,USD/MMBtu,,2026-08-31T17:42:13.010673Z,2026-08-26,https://www.eia.gov/dnav/ng/hist/rngwhhdD.htm,eia_henry_hub_spot:1788198133010673000:3241dfb4a8883f486cfb073eb5161263d2da2c27ccb423435106659f0cd0bc3e
EIA:DHHNGSP,U.S. EIA,physical_spot,Henry Hub physical spot,Henry Hub,2026-07-07T05:00:00.000000Z,2026-07-08T05:00:00.000000Z,3.13,USD/MMBtu,,2026-08-31T17:42:13.010673Z,2026-08-26,https://www.eia.gov/dnav/ng/hist/rngwhhdD.htm,eia_henry_hub_spot:1788198133010673000:3241dfb4a8883f486cfb073eb5161263d2da2c27ccb423435106659f0cd0bc3e
EIA:DHHNGSP,U.S. EIA,physical_spot,Henry Hub physical spot,Henry Hub,2026-07-08T05:00:00.000000Z,2026-07-09T05:00:00.000000Z,3.13,USD/MMBtu,,2026-08-31T17:42:13.010673Z,2026-08-26,https://www.eia.gov/dnav/ng/hist/rngwhhdD.htm,eia_henry_hub_spot:1788198133010673000:3241dfb4a8883f486cfb073eb5161263d2da2c27ccb423435106659f0cd0bc3e
EIA:DHHNGSP,U.S. EIA,physical_spot,Henry Hub physical spot,Henry Hub,2026-07-09T05:00:00.000000Z,2026-07-10T05:00:00.000000Z,3.17,USD/MMBtu,,2026-08-31T17:42:13.010673Z,2026-08-26,https://www.eia.gov/dnav/ng/hist/rngwhhdD.htm,eia_henry_hub_spot:1788198133010673000:3241dfb4a8883f486cfb073eb5161263d2da2c27ccb423435106659f0cd0bc3e
EIA:DHHNGSP,U.S. EIA,physical_spot,Henry Hub physical spot,Henry Hub,2026-07-10T05:00:00.000000Z,2026-07-11T05:00:00.000000Z,2.73,USD/MMBtu,,2026-08-31T17:42:13.010673Z,2026-08-26,https://www.eia.gov/dnav/ng/hist/rngwhhdD.htm,eia_henry_hub_spot:1788198133010673000:3241dfb4a8883f486cfb073eb5161263d2da2c27ccb423435106659f0cd0bc3e
EIA:DHHNGSP,U.S. EIA,physical_spot,Henry Hub physical spot,Henry Hub,2026-07-13T05:00:00.000000Z,2026-07-14T05:00:00.000000Z,2.83,USD/MMBtu,,2026-08-31T17:42:13.010673Z,2026-08-26,https://www.eia.gov/dnav/ng/hist/rngwhhdD.htm,eia_henry_hub_spot:1788198133010673000:3241dfb4a8883f486cfb073eb5161263d2da2c27ccb423435106659f0cd0bc3e
EIA:DHHNGSP,U.S. EIA,physical_spot,Henry Hub physical spot,Henry Hub,2026-07-14T05:00:00.000000Z,2026-07-15T05:00:00.000000Z,2.76,USD/MMBtu,,2026-08-31T17:42:13.010673Z,2026-08-26,https://www.eia.gov/dnav/ng/hist/rngwhhdD.htm,eia_henry_hub_spot:1788198133010673000:3241dfb4a8883f486cfb073eb5161263d2da2c27ccb423435106659f0cd0bc3e
EIA:DHHNGSP,U.S. EIA,physical_spot,Henry Hub physical spot,Henry Hub,2026-07-15T05:00:00.000000Z,2026-07-16T05:00:00.000000Z,2.8,USD/MMBtu,,2026-08-31T17:42:13.010673Z,2026-08-26,https://www.eia.gov/dnav/ng/hist/rngwhhdD.htm,eia_henry_hub_spot:1788198133010673000:3241dfb4a8883f486cfb073eb5161263d2da2c27ccb423435106659f0cd0bc3e
EIA:DHHNGSP,U.S. EIA,physical_spot,Henry Hub physical spot,Henry Hub,2026-07-16T05:00:00.000000Z,2026-07-17T05:00:00.000000Z,2.83,USD/MMBtu,,2026-08-31T17:42:13.010673Z,2026-08-26,https://www.eia.gov/dnav/ng/hist/rngwhhdD.htm,eia_henry_hub_spot:1788198133010673000:3241dfb4a8883f486cfb073eb5161263d2da2c27ccb423435106659f0cd0bc3e
EIA:DHHNGSP,U.S. EIA,physical_spot,Henry Hub physical spot,Henry Hub,2026-07-17T05:00:00.000000Z,2026-07-18T05:00:00.000000Z,2.75,USD/MMBtu,,2026-08-31T17:42:13.010673Z,2026-08-26,https://www.eia.gov/dnav/ng/hist/rngwhhdD.htm,eia_henry_hub_spot:1788198133010673000:3241dfb4a8883f486cfb073eb5161263d2da2c27ccb423435106659f0cd0bc3e
EIA:DHHNGSP,U.S. EIA,physical_spot,Henry Hub physical spot,Henry Hub,2026-07-20T05:00:00.000000Z,2026-07-21T05:00:00.000000Z,2.8,USD/MMBtu,,2026-08-31T17:42:13.010673Z,2026-08-26,https://www.eia.gov/dnav/ng/hist/rngwhhdD.htm,eia_henry_hub_spot:1788198133010673000:3241dfb4a8883f486cfb073eb5161263d2da2c27ccb423435106659f0cd0bc3e
EIA:DHHNGSP,U.S. EIA,physical_spot,Henry Hub physical spot,Henry Hub,2026-07-21T05:00:00.000000Z,2026-07-22T05:00:00.000000Z,2.8,USD/MMBtu,,2026-08-31T17:42:13.010673Z,2026-08-26,https://www.eia.gov/dnav/ng/hist/rngwhhdD.htm,eia_henry_hub_spot:1788198133010673000:3241dfb4a8883f486cfb073eb5161263d2da2c27ccb423435106659f0cd0bc3e
EIA:DHHNGSP,U.S. EIA,physical_spot,Henry Hub physical spot,Henry Hub,2026-07-22T05:00:00.000000Z,2026-07-23T05:00:00.000000Z,2.93,USD/MMBtu,,2026-08-31T17:42:13.010673Z,2026-08-26,https://www.eia.gov/dnav/ng/hist/rngwhhdD.htm,eia_henry_hub_spot:1788198133010673000:3241dfb4a8883f486cfb073eb5161263d2da2c27ccb423435106659f0cd0bc3e
EIA:DHHNGSP,U.S. EIA,physical_spot,Henry Hub physical spot,Henry Hub,2026-07-23T05:00:00.000000Z,2026-07-24T05:00:00.000000Z,2.92,USD/MMBtu,,2026-08-31T17:42:13.010673Z,2026-08-26,https://www.eia.gov/dnav/ng/hist/rngwhhdD.htm,eia_henry_hub_spot:1788198133010673000:3241dfb4a8883f486cfb073eb5161263d2da2c27ccb423435106659f0cd0bc3e
EIA:DHHNGSP,U.S. EIA,physical_spot,Henry Hub physical spot,Henry Hub,2026-07-24T05:00:00.000000Z,2026-07-25T05:00:00.000000Z,2.87,USD/MMBtu,,2026-08-31T17:42:13.010673Z,2026-08-26,https://www.eia.gov/dnav/ng/hist/rngwhhdD.htm,eia_henry_hub_spot:1788198133010673000:3241dfb4a8883f486cfb073eb5161263d2da2c27ccb423435106659f0cd0bc3e
EIA:DHHNGSP,U.S. EIA,physical_spot,Henry Hub physical spot,Henry Hub,2026-07-27T05:00:00.000000Z,2026-07-28T05:00:00.000000Z,2.63,USD/MMBtu,,2026-08-31T17:42:13.010673Z,2026-08-26,https://www.eia.gov/dnav/ng/hist/rngwhhdD.htm,eia_henry_hub_spot:1788198133010673000:3241dfb4a8883f486cfb073eb5161263d2da2c27ccb423435106659f0cd0bc3e
EIA:DHHNGSP,U.S. EIA,physical_spot,Henry Hub physical spot,Henry Hub,2026-07-28T05:00:00.000000Z,2026-07-29T05:00:00.000000Z,2.65,USD/MMBtu,,2026-08-31T17:42:13.010673Z,2026-08-26,https://www.eia.gov/dnav/ng/hist/rngwhhdD.htm,eia_henry_hub_spot:1788198133010673000:3241dfb4a8883f486cfb073eb5161263d2da2c27ccb423435106659f0cd0bc3e
EIA:DHHNGSP,U.S. EIA,physical_spot,Henry Hub physical spot,Henry Hub,2026-07-29T05:00:00.000000Z,2026-07-30T05:00:00.000000Z,2.58,USD/MMBtu,,2026-08-31T17:42:13.010673Z,2026-08-26,https://www.eia.gov/dnav/ng/hist/rngwhhdD.htm,eia_henry_hub_spot:1788198133010673000:3241dfb4a8883f486cfb073eb5161263d2da2c27ccb423435106659f0cd0bc3e
EIA:DHHNGSP,U.S. EIA,physical_spot,Henry Hub physical spot,Henry Hub,2026-07-30T05:00:00.000000Z,2026-07-31T05:00:00.000000Z,2.65,USD/MMBtu,,2026-08-31T17:42:13.010673Z,2026-08-26,https://www.eia.gov/dnav/ng/hist/rngwhhdD.htm,eia_henry_hub_spot:1788198133010673000:3241dfb4a8883f486cfb073eb5161263d2da2c27ccb423435106659f0cd0bc3e
EIA:DHHNGSP,U.S. EIA,physical_spot,Henry Hub physical spot,Henry Hub,2026-07-31T05:00:00.000000Z,2026-08-01T05:00:00.000000Z,2.59,USD/MMBtu,,2026-08-31T17:42:13.010673Z,2026-08-26,https://www.eia.gov/dnav/ng/hist/rngwhhdD.htm,eia_henry_hub_spot:1788198133010673000:3241dfb4a8883f486cfb073eb5161263d2da2c27ccb423435106659f0cd0bc3e
EIA:DHHNGSP,U.S. EIA,physical_spot,Henry Hub physical spot,Henry Hub,2026-08-03T05:00:00.000000Z,2026-08-04T05:00:00.000000Z,2.81,USD/MMBtu,,2026-08-31T17:42:13.010673Z,2026-08-26,https://www.eia.gov/dnav/ng/hist/rngwhhdD.htm,eia_henry_hub_spot:1788198133010673000:3241dfb4a8883f486cfb073eb5161263d2da2c27ccb423435106659f0cd0bc3e
EIA:DHHNGSP,U.S. EIA,physical_spot,Henry Hub physical spot,Henry Hub,2026-08-04T05:00:00.000000Z,2026-08-05T05:00:00.000000Z,2.74,USD/MMBtu,,2026-08-31T17:42:13.010673Z,2026-08-26,https://www.eia.gov/dnav/ng/hist/rngwhhdD.htm,eia_henry_hub_spot:1788198133010673000:3241dfb4a8883f486cfb073eb5161263d2da2c27ccb423435106659f0cd0bc3e
EIA:DHHNGSP,U.S. EIA,physical_spot,Henry Hub physical spot,Henry Hub,2026-08-05T05:00:00.000000Z,2026-08-06T05:00:00.000000Z,2.6,USD/MMBtu,,2026-08-31T17:42:13.010673Z,2026-08-26,https://www.eia.gov/dnav/ng/hist/rngwhhdD.htm,eia_henry_hub_spot:1788198133010673000:3241dfb4a8883f486cfb073eb5161263d2da2c27ccb423435106659f0cd0bc3e
EIA:DHHNGSP,U.S. EIA,physical_spot,Henry Hub physical spot,Henry Hub,2026-08-06T05:00:00.000000Z,2026-08-07T05:00:00.000000Z,2.6,USD/MMBtu,,2026-08-31T17:42:13.010673Z,2026-08-26,https://www.eia.gov/dnav/ng/hist/rngwhhdD.htm,eia_henry_hub_spot:1788198133010673000:3241dfb4a8883f486cfb073eb5161263d2da2c27ccb423435106659f0cd0bc3e
EIA:DHHNGSP,U.S. EIA,physical_spot,Henry Hub physical spot,Henry Hub,2026-08-07T05:00:00.000000Z,2026-08-08T05:00:00.000000Z,2.56,USD/MMBtu,,2026-08-31T17:42:13.010673Z,2026-08-26,https://www.eia.gov/dnav/ng/hist/rngwhhdD.htm,eia_henry_hub_spot:1788198133010673000:3241dfb4a8883f486cfb073eb5161263d2da2c27ccb423435106659f0cd0bc3e
EIA:DHHNGSP,U.S. EIA,physical_spot,Henry Hub physical spot,Henry Hub,2026-08-10T05:00:00.000000Z,2026-08-11T05:00:00.000000Z,2.72,USD/MMBtu,,2026-08-31T17:42:13.010673Z,2026-08-26,https://www.eia.gov/dnav/ng/hist/rngwhhdD.htm,eia_henry_hub_spot:1788198133010673000:3241dfb4a8883f486cfb073eb5161263d2da2c27ccb423435106659f0cd0bc3e
EIA:DHHNGSP,U.S. EIA,physical_spot,Henry Hub physical spot,Henry Hub,2026-08-11T05:00:00.000000Z,2026-08-12T05:00:00.000000Z,2.79,USD/MMBtu,,2026-08-31T17:42:13.010673Z,2026-08-26,https://www.eia.gov/dnav/ng/hist/rngwhhdD.htm,eia_henry_hub_spot:1788198133010673000:3241dfb4a8883f486cfb073eb5161263d2da2c27ccb423435106659f0cd0bc3e
EIA:DHHNGSP,U.S. EIA,physical_spot,Henry Hub physical spot,Henry Hub,2026-08-12T05:00:00.000000Z,2026-08-13T05:00:00.000000Z,2.82,USD/MMBtu,,2026-08-31T17:42:13.010673Z,2026-08-26,https://www.eia.gov/dnav/ng/hist/rngwhhdD.htm,eia_henry_hub_spot:1788198133010673000:3241dfb4a8883f486cfb073eb5161263d2da2c27ccb423435106659f0cd0bc3e
EIA:DHHNGSP,U.S. EIA,physical_spot,Henry Hub physical spot,Henry Hub,2026-08-13T05:00:00.000000Z,2026-08-14T05:00:00.000000Z,2.82,USD/MMBtu,,2026-08-31T17:42:13.010673Z,2026-08-26,https://www.eia.gov/dnav/ng/hist/rngwhhdD.htm,eia_henry_hub_spot:1788198133010673000:3241dfb4a8883f486cfb073eb5161263d2da2c27ccb423435106659f0cd0bc3e
EIA:DHHNGSP,U.S. EIA,physical_spot,Henry Hub physical spot,Henry Hub,2026-08-14T05:00:00.000000Z,2026-08-15T05:00:00.000000Z,2.79,USD/MMBtu,,2026-08-31T17:42:13.010673Z,2026-08-26,https://www.eia.gov/dnav/ng/hist/rngwhhdD.htm,eia_henry_hub_spot:1788198133010673000:3241dfb4a8883f486cfb073eb5161263d2da2c27ccb423435106659f0cd0bc3e
EIA:DHHNGSP,U.S. EIA,physical_spot,Henry Hub physical spot,Henry Hub,2026-08-17T05:00:00.000000Z,2026-08-18T05:00:00.000000Z,2.77,USD/MMBtu,,2026-08-31T17:42:13.010673Z,2026-08-26,https://www.eia.gov/dnav/ng/hist/rngwhhdD.htm,eia_henry_hub_spot:1788198133010673000:3241dfb4a8883f486cfb073eb5161263d2da2c27ccb423435106659f0cd0bc3e
EIA:DHHNGSP,U.S. EIA,physical_spot,Henry Hub physical spot,Henry Hub,2026-08-18T05:00:00.000000Z,2026-08-19T05:00:00.000000Z,2.82,USD/MMBtu,,2026-08-31T17:42:13.010673Z,2026-08-26,https://www.eia.gov/dnav/ng/hist/rngwhhdD.htm,eia_henry_hub_spot:1788198133010673000:3241dfb4a8883f486cfb073eb5161263d2da2c27ccb423435106659f0cd0bc3e
EIA:DHHNGSP,U.S. EIA,physical_spot,Henry Hub physical spot,Henry Hub,2026-08-19T05:00:00.000000Z,2026-08-20T05:00:00.000000Z,2.94,USD/MMBtu,,2026-08-31T17:42:13.010673Z,2026-08-26,https://www.eia.gov/dnav/ng/hist/rngwhhdD.htm,eia_henry_hub_spot:1788198133010673000:3241dfb4a8883f486cfb073eb5161263d2da2c27ccb423435106659f0cd0bc3e
EIA:DHHNGSP,U.S. EIA,physical_spot,Henry Hub physical spot,Henry Hub,2026-08-20T05:00:00.000000Z,2026-08-21T05:00:00.000000Z,2.94,USD/MMBtu,,2026-08-31T17:42:13.010673Z,2026-08-26,https://www.eia.gov/dnav/ng/hist/rngwhhdD.htm,eia_henry_hub_spot:1788198133010673000:3241dfb4a8883f486cfb073eb5161263d2da2c27ccb423435106659f0cd0bc3e
EIA:DHHNGSP,U.S. EIA,physical_spot,Henry Hub physical spot,Henry Hub,2026-08-21T05:00:00.000000Z,2026-08-22T05:00:00.000000Z,2.82,USD/MMBtu,,2026-08-31T17:42:13.010673Z,2026-08-26,https://www.eia.gov/dnav/ng/hist/rngwhhdD.htm,eia_henry_hub_spot:1788198133010673000:3241dfb4a8883f486cfb073eb5161263d2da2c27ccb423435106659f0cd0bc3e
EIA:DHHNGSP,U.S. EIA,physical_spot,Henry Hub physical spot,Henry Hub,2026-08-24T05:00:00.000000Z,2026-08-25T05:00:00.000000Z,2.83,USD/MMBtu,,2026-08-31T17:42:13.010673Z,2026-08-26,https://www.eia.gov/dnav/ng/hist/rngwhhdD.htm,eia_henry_hub_spot:1788198133010673000:3241dfb4a8883f486cfb073eb5161263d2da2c27ccb423435106659f0cd0bc3e
EIA:DHHNGSP,U.S. EIA,physical_spot,Henry Hub physical spot,Henry Hub,2026-08-25T05:00:00.000000Z,2026-08-26T05:00:00.000000Z,2.7,USD/MMBtu,,2026-08-31T17:42:13.010673Z,2026-08-26,https://www.eia.gov/dnav/ng/hist/rngwhhdD.htm,eia_henry_hub_spot:1788198133010673000:3241dfb4a8883f486cfb073eb5161263d2da2c27ccb423435106659f0cd0bc3e
NWS:boston:cdd_65,NOAA / National Weather Service,weather_forecast,Forecast CDD,Boston,2026-09-01T04:00:00.000000Z,2026-09-02T04:00:00.000000Z,2.42,degree-days,2026-08-31T16:40:56.000000Z,2026-08-31T17:32:22.514764Z,2026-08-31T16:40:56Z,"https://api.weather.gov/gridpoints/BOX/71,101/forecast/hourly",nws_hourly_forecast:1788197542514764000:e9fb4dc0dd74f281f199c74e767e6256c1d8c5fa41d5143925975fe7239efd4a
NWS:boston:hdd_65,NOAA / National Weather Service,weather_forecast,Forecast HDD,Boston,2026-09-01T04:00:00.000000Z,2026-09-02T04:00:00.000000Z,0.0,degree-days,2026-08-31T16:40:56.000000Z,2026-08-31T17:32:22.514764Z,2026-08-31T16:40:56Z,"https://api.weather.gov/gridpoints/BOX/71,101/forecast/hourly",nws_hourly_forecast:1788197542514764000:e9fb4dc0dd74f281f199c74e767e6256c1d8c5fa41d5143925975fe7239efd4a
NWS:boston:mean_temperature,NOAA / National Weather Service,weather_forecast,Forecast mean temperature,Boston,2026-09-01T04:00:00.000000Z,2026-09-02T04:00:00.000000Z,67.42,degF,2026-08-31T16:40:56.000000Z,2026-08-31T17:32:22.514764Z,2026-08-31T16:40:56Z,"https://api.weather.gov/gridpoints/BOX/71,101/forecast/hourly",nws_hourly_forecast:1788197542514764000:e9fb4dc0dd74f281f199c74e767e6256c1d8c5fa41d5143925975fe7239efd4a
NWS:boston:cdd_65,NOAA / National Weather Service,weather_forecast,Forecast CDD,Boston,2026-09-02T04:00:00.000000Z,2026-09-03T04:00:00.000000Z,2.0,degree-days,2026-08-31T16:40:56.000000Z,2026-08-31T17:32:22.514764Z,2026-08-31T16:40:56Z,"https://api.weather.gov/gridpoints/BOX/71,101/forecast/hourly",nws_hourly_forecast:1788197542514764000:e9fb4dc0dd74f281f199c74e767e6256c1d8c5fa41d5143925975fe7239efd4a
NWS:boston:hdd_65,NOAA / National Weather Service,weather_forecast,Forecast HDD,Boston,2026-09-02T04:00:00.000000Z,2026-09-03T04:00:00.000000Z,0.0,degree-days,2026-08-31T16:40:56.000000Z,2026-08-31T17:32:22.514764Z,2026-08-31T16:40:56Z,"https://api.weather.gov/gridpoints/BOX/71,101/forecast/hourly",nws_hourly_forecast:1788197542514764000:e9fb4dc0dd74f281f199c74e767e6256c1d8c5fa41d5143925975fe7239efd4a
NWS:boston:mean_temperature,NOAA / National Weather Service,weather_forecast,Forecast mean temperature,Boston,2026-09-02T04:00:00.000000Z,2026-09-03T04:00:00.000000Z,67.0,degF,2026-08-31T16:40:56.000000Z,2026-08-31T17:32:22.514764Z,2026-08-31T16:40:56Z,"https://api.weather.gov/gridpoints/BOX/71,101/forecast/hourly",nws_hourly_forecast:1788197542514764000:e9fb4dc0dd74f281f199c74e767e6256c1d8c5fa41d5143925975fe7239efd4a
NWS:boston:cdd_65,NOAA / National Weather Service,weather_forecast,Forecast CDD,Boston,2026-09-03T04:00:00.000000Z,2026-09-04T04:00:00.000000Z,5.62,degree-days,2026-08-31T16:40:56.000000Z,2026-08-31T17:32:22.514764Z,2026-08-31T16:40:56Z,"https://api.weather.gov/gridpoints/BOX/71,101/forecast/hourly",nws_hourly_forecast:1788197542514764000:e9fb4dc0dd74f281f199c74e767e6256c1d8c5fa41d5143925975fe7239efd4a
NWS:boston:hdd_65,NOAA / National Weather Service,weather_forecast,Forecast HDD,Boston,2026-09-03T04:00:00.000000Z,2026-09-04T04:00:00.000000Z,0.0,degree-days,2026-08-31T16:40:56.000000Z,2026-08-31T17:32:22.514764Z,2026-08-31T16:40:56Z,"https://api.weather.gov/gridpoints/BOX/71,101/forecast/hourly",nws_hourly_forecast:1788197542514764000:e9fb4dc0dd74f281f199c74e767e6256c1d8c5fa41d5143925975fe7239efd4a
NWS:boston:mean_temperature,NOAA / National Weather Service,weather_forecast,Forecast mean temperature,Boston,2026-09-03T04:00:00.000000Z,2026-09-04T04:00:00.000000Z,70.62,degF,2026-08-31T16:40:56.000000Z,2026-08-31T17:32:22.514764Z,2026-08-31T16:40:56Z,"https://api.weather.gov/gridpoints/BOX/71,101/forecast/hourly",nws_hourly_forecast:1788197542514764000:e9fb4dc0dd74f281f199c74e767e6256c1d8c5fa41d5143925975fe7239efd4a
NWS:boston:cdd_65,NOAA / National Weather Service,weather_forecast,Forecast CDD,Boston,2026-09-04T04:00:00.000000Z,2026-09-05T04:00:00.000000Z,4.08,degree-days,2026-08-31T16:40:56.000000Z,2026-08-31T17:32:22.514764Z,2026-08-31T16:40:56Z,"https://api.weather.gov/gridpoints/BOX/71,101/forecast/hourly",nws_hourly_forecast:1788197542514764000:e9fb4dc0dd74f281f199c74e767e6256c1d8c5fa41d5143925975fe7239efd4a
NWS:boston:hdd_65,NOAA / National Weather Service,weather_forecast,Forecast HDD,Boston,2026-09-04T04:00:00.000000Z,2026-09-05T04:00:00.000000Z,0.0,degree-days,2026-08-31T16:40:56.000000Z,2026-08-31T17:32:22.514764Z,2026-08-31T16:40:56Z,"https://api.weather.gov/gridpoints/BOX/71,101/forecast/hourly",nws_hourly_forecast:1788197542514764000:e9fb4dc0dd74f281f199c74e767e6256c1d8c5fa41d5143925975fe7239efd4a
NWS:boston:mean_temperature,NOAA / National Weather Service,weather_forecast,Forecast mean temperature,Boston,2026-09-04T04:00:00.000000Z,2026-09-05T04:00:00.000000Z,69.08,degF,2026-08-31T16:40:56.000000Z,2026-08-31T17:32:22.514764Z,2026-08-31T16:40:56Z,"https://api.weather.gov/gridpoints/BOX/71,101/forecast/hourly",nws_hourly_forecast:1788197542514764000:e9fb4dc0dd74f281f199c74e767e6256c1d8c5fa41d5143925975fe7239efd4a
NWS:boston:cdd_65,NOAA / National Weather Service,weather_forecast,Forecast CDD,Boston,2026-09-05T04:00:00.000000Z,2026-09-06T04:00:00.000000Z,1.17,degree-days,2026-08-31T16:40:56.000000Z,2026-08-31T17:32:22.514764Z,2026-08-31T16:40:56Z,"https://api.weather.gov/gridpoints/BOX/71,101/forecast/hourly",nws_hourly_forecast:1788197542514764000:e9fb4dc0dd74f281f199c74e767e6256c1d8c5fa41d5143925975fe7239efd4a
NWS:boston:hdd_65,NOAA / National Weather Service,weather_forecast,Forecast HDD,Boston,2026-09-05T04:00:00.000000Z,2026-09-06T04:00:00.000000Z,0.0,degree-days,2026-08-31T16:40:56.000000Z,2026-08-31T17:32:22.514764Z,2026-08-31T16:40:56Z,"https://api.weather.gov/gridpoints/BOX/71,101/forecast/hourly",nws_hourly_forecast:1788197542514764000:e9fb4dc0dd74f281f199c74e767e6256c1d8c5fa41d5143925975fe7239efd4a
NWS:boston:mean_temperature,NOAA / National Weather Service,weather_forecast,Forecast mean temperature,Boston,2026-09-05T04:00:00.000000Z,2026-09-06T04:00:00.000000Z,66.17,degF,2026-08-31T16:40:56.000000Z,2026-08-31T17:32:22.514764Z,2026-08-31T16:40:56Z,"https://api.weather.gov/gridpoints/BOX/71,101/forecast/hourly",nws_hourly_forecast:1788197542514764000:e9fb4dc0dd74f281f199c74e767e6256c1d8c5fa41d5143925975fe7239efd4a
NWS:boston:cdd_65,NOAA / National Weather Service,weather_forecast,Forecast CDD,Boston,2026-09-06T04:00:00.000000Z,2026-09-07T04:00:00.000000Z,0.79,degree-days,2026-08-31T16:40:56.000000Z,2026-08-31T17:32:22.514764Z,2026-08-31T16:40:56Z,"https://api.weather.gov/gridpoints/BOX/71,101/forecast/hourly",nws_hourly_forecast:1788197542514764000:e9fb4dc0dd74f281f199c74e767e6256c1d8c5fa41d5143925975fe7239efd4a
NWS:boston:hdd_65,NOAA / National Weather Service,weather_forecast,Forecast HDD,Boston,2026-09-06T04:00:00.000000Z,2026-09-07T04:00:00.000000Z,0.0,degree-days,2026-08-31T16:40:56.000000Z,2026-08-31T17:32:22.514764Z,2026-08-31T16:40:56Z,"https://api.weather.gov/gridpoints/BOX/71,101/forecast/hourly",nws_hourly_forecast:1788197542514764000:e9fb4dc0dd74f281f199c74e767e6256c1d8c5fa41d5143925975fe7239efd4a
NWS:boston:mean_temperature,NOAA / National Weather Service,weather_forecast,Forecast mean temperature,Boston,2026-09-06T04:00:00.000000Z,2026-09-07T04:00:00.000000Z,65.79,degF,2026-08-31T16:40:56.000000Z,2026-08-31T17:32:22.514764Z,2026-08-31T16:40:56Z,"https://api.weather.gov/gridpoints/BOX/71,101/forecast/hourly",nws_hourly_forecast:1788197542514764000:e9fb4dc0dd74f281f199c74e767e6256c1d8c5fa41d5143925975fe7239efd4a
NWS:new_york:cdd_65,NOAA / National Weather Service,weather_forecast,Forecast CDD,New York City,2026-09-01T04:00:00.000000Z,2026-09-02T04:00:00.000000Z,12.75,degree-days,2026-08-31T17:26:48.000000Z,2026-08-31T17:32:22.345924Z,2026-08-31T17:26:48Z,"https://api.weather.gov/gridpoints/OKX/33,42/forecast/hourly",nws_hourly_forecast:1788197542345924000:d57c58d9504f59caeee81f58253e15dce43a480f259d5c0ead7f4c1ecd5320c0
NWS:new_york:hdd_65,NOAA / National Weather Service,weather_forecast,Forecast HDD,New York City,2026-09-01T04:00:00.000000Z,2026-09-02T04:00:00.000000Z,0.0,degree-days,2026-08-31T17:26:48.000000Z,2026-08-31T17:32:22.345924Z,2026-08-31T17:26:48Z,"https://api.weather.gov/gridpoints/OKX/33,42/forecast/hourly",nws_hourly_forecast:1788197542345924000:d57c58d9504f59caeee81f58253e15dce43a480f259d5c0ead7f4c1ecd5320c0
NWS:new_york:mean_temperature,NOAA / National Weather Service,weather_forecast,Forecast mean temperature,New York City,2026-09-01T04:00:00.000000Z,2026-09-02T04:00:00.000000Z,77.75,degF,2026-08-31T17:26:48.000000Z,2026-08-31T17:32:22.345924Z,2026-08-31T17:26:48Z,"https://api.weather.gov/gridpoints/OKX/33,42/forecast/hourly",nws_hourly_forecast:1788197542345924000:d57c58d9504f59caeee81f58253e15dce43a480f259d5c0ead7f4c1ecd5320c0
NWS:new_york:cdd_65,NOAA / National Weather Service,weather_forecast,Forecast CDD,New York City,2026-09-02T04:00:00.000000Z,2026-09-03T04:00:00.000000Z,10.0,degree-days,2026-08-31T17:26:48.000000Z,2026-08-31T17:32:22.345924Z,2026-08-31T17:26:48Z,"https://api.weather.gov/gridpoints/OKX/33,42/forecast/hourly",nws_hourly_forecast:1788197542345924000:d57c58d9504f59caeee81f58253e15dce43a480f259d5c0ead7f4c1ecd5320c0
NWS:new_york:hdd_65,NOAA / National Weather Service,weather_forecast,Forecast HDD,New York City,2026-09-02T04:00:00.000000Z,2026-09-03T04:00:00.000000Z,0.0,degree-days,2026-08-31T17:26:48.000000Z,2026-08-31T17:32:22.345924Z,2026-08-31T17:26:48Z,"https://api.weather.gov/gridpoints/OKX/33,42/forecast/hourly",nws_hourly_forecast:1788197542345924000:d57c58d9504f59caeee81f58253e15dce43a480f259d5c0ead7f4c1ecd5320c0
NWS:new_york:mean_temperature,NOAA / National Weather Service,weather_forecast,Forecast mean temperature,New York City,2026-09-02T04:00:00.000000Z,2026-09-03T04:00:00.000000Z,75.0,degF,2026-08-31T17:26:48.000000Z,2026-08-31T17:32:22.345924Z,2026-08-31T17:26:48Z,"https://api.weather.gov/gridpoints/OKX/33,42/forecast/hourly",nws_hourly_forecast:1788197542345924000:d57c58d9504f59caeee81f58253e15dce43a480f259d5c0ead7f4c1ecd5320c0
NWS:new_york:cdd_65,NOAA / National Weather Service,weather_forecast,Forecast CDD,New York City,2026-09-03T04:00:00.000000Z,2026-09-04T04:00:00.000000Z,12.54,degree-days,2026-08-31T17:26:48.000000Z,2026-08-31T17:32:22.345924Z,2026-08-31T17:26:48Z,"https://api.weather.gov/gridpoints/OKX/33,42/forecast/hourly",nws_hourly_forecast:1788197542345924000:d57c58d9504f59caeee81f58253e15dce43a480f259d5c0ead7f4c1ecd5320c0
NWS:new_york:hdd_65,NOAA / National Weather Service,weather_forecast,Forecast HDD,New York City,2026-09-03T04:00:00.000000Z,2026-09-04T04:00:00.000000Z,0.0,degree-days,2026-08-31T17:26:48.000000Z,2026-08-31T17:32:22.345924Z,2026-08-31T17:26:48Z,"https://api.weather.gov/gridpoints/OKX/33,42/forecast/hourly",nws_hourly_forecast:1788197542345924000:d57c58d9504f59caeee81f58253e15dce43a480f259d5c0ead7f4c1ecd5320c0
NWS:new_york:mean_temperature,NOAA / National Weather Service,weather_forecast,Forecast mean temperature,New York City,2026-09-03T04:00:00.000000Z,2026-09-04T04:00:00.000000Z,77.54,degF,2026-08-31T17:26:48.000000Z,2026-08-31T17:32:22.345924Z,2026-08-31T17:26:48Z,"https://api.weather.gov/gridpoints/OKX/33,42/forecast/hourly",nws_hourly_forecast:1788197542345924000:d57c58d9504f59caeee81f58253e15dce43a480f259d5c0ead7f4c1ecd5320c0
NWS:new_york:cdd_65,NOAA / National Weather Service,weather_forecast,Forecast CDD,New York City,2026-09-04T04:00:00.000000Z,2026-09-05T04:00:00.000000Z,10.62,degree-days,2026-08-31T17:26:48.000000Z,2026-08-31T17:32:22.345924Z,2026-08-31T17:26:48Z,"https://api.weather.gov/gridpoints/OKX/33,42/forecast/hourly",nws_hourly_forecast:1788197542345924000:d57c58d9504f59caeee81f58253e15dce43a480f259d5c0ead7f4c1ecd5320c0
NWS:new_york:hdd_65,NOAA / National Weather Service,weather_forecast,Forecast HDD,New York City,2026-09-04T04:00:00.000000Z,2026-09-05T04:00:00.000000Z,0.0,degree-days,2026-08-31T17:26:48.000000Z,2026-08-31T17:32:22.345924Z,2026-08-31T17:26:48Z,"https://api.weather.gov/gridpoints/OKX/33,42/forecast/hourly",nws_hourly_forecast:1788197542345924000:d57c58d9504f59caeee81f58253e15dce43a480f259d5c0ead7f4c1ecd5320c0
NWS:new_york:mean_temperature,NOAA / National Weather Service,weather_forecast,Forecast mean temperature,New York City,2026-09-04T04:00:00.000000Z,2026-09-05T04:00:00.000000Z,75.62,degF,2026-08-31T17:26:48.000000Z,2026-08-31T17:32:22.345924Z,2026-08-31T17:26:48Z,"https://api.weather.gov/gridpoints/OKX/33,42/forecast/hourly",nws_hourly_forecast:1788197542345924000:d57c58d9504f59caeee81f58253e15dce43a480f259d5c0ead7f4c1ecd5320c0
NWS:new_york:cdd_65,NOAA / National Weather Service,weather_forecast,Forecast CDD,New York City,2026-09-05T04:00:00.000000Z,2026-09-06T04:00:00.000000Z,6.71,degree-days,2026-08-31T17:26:48.000000Z,2026-08-31T17:32:22.345924Z,2026-08-31T17:26:48Z,"https://api.weather.gov/gridpoints/OKX/33,42/forecast/hourly",nws_hourly_forecast:1788197542345924000:d57c58d9504f59caeee81f58253e15dce43a480f259d5c0ead7f4c1ecd5320c0
NWS:new_york:hdd_65,NOAA / National Weather Service,weather_forecast,Forecast HDD,New York City,2026-09-05T04:00:00.000000Z,2026-09-06T04:00:00.000000Z,0.0,degree-days,2026-08-31T17:26:48.000000Z,2026-08-31T17:32:22.345924Z,2026-08-31T17:26:48Z,"https://api.weather.gov/gridpoints/OKX/33,42/forecast/hourly",nws_hourly_forecast:1788197542345924000:d57c58d9504f59caeee81f58253e15dce43a480f259d5c0ead7f4c1ecd5320c0
NWS:new_york:mean_temperature,NOAA / National Weather Service,weather_forecast,Forecast mean temperature,New York City,2026-09-05T04:00:00.000000Z,2026-09-06T04:00:00.000000Z,71.71,degF,2026-08-31T17:26:48.000000Z,2026-08-31T17:32:22.345924Z,2026-08-31T17:26:48Z,"https://api.weather.gov/gridpoints/OKX/33,42/forecast/hourly",nws_hourly_forecast:1788197542345924000:d57c58d9504f59caeee81f58253e15dce43a480f259d5c0ead7f4c1ecd5320c0
NWS:new_york:cdd_65,NOAA / National Weather Service,weather_forecast,Forecast CDD,New York City,2026-09-06T04:00:00.000000Z,2026-09-07T04:00:00.000000Z,5.54,degree-days,2026-08-31T17:26:48.000000Z,2026-08-31T17:32:22.345924Z,2026-08-31T17:26:48Z,"https://api.weather.gov/gridpoints/OKX/33,42/forecast/hourly",nws_hourly_forecast:1788197542345924000:d57c58d9504f59caeee81f58253e15dce43a480f259d5c0ead7f4c1ecd5320c0
NWS:new_york:hdd_65,NOAA / National Weather Service,weather_forecast,Forecast HDD,New York City,2026-09-06T04:00:00.000000Z,2026-09-07T04:00:00.000000Z,0.0,degree-days,2026-08-31T17:26:48.000000Z,2026-08-31T17:32:22.345924Z,2026-08-31T17:26:48Z,"https://api.weather.gov/gridpoints/OKX/33,42/forecast/hourly",nws_hourly_forecast:1788197542345924000:d57c58d9504f59caeee81f58253e15dce43a480f259d5c0ead7f4c1ecd5320c0
NWS:new_york:mean_temperature,NOAA / National Weather Service,weather_forecast,Forecast mean temperature,New York City,2026-09-06T04:00:00.000000Z,2026-09-07T04:00:00.000000Z,70.54,degF,2026-08-31T17:26:48.000000Z,2026-08-31T17:32:22.345924Z,2026-08-31T17:26:48Z,"https://api.weather.gov/gridpoints/OKX/33,42/forecast/hourly",nws_hourly_forecast:1788197542345924000:d57c58d9504f59caeee81f58253e15dce43a480f259d5c0ead7f4c1ecd5320c0
EIA:DHHNGSP,U.S. EIA,physical_spot,Henry Hub physical spot,Henry Hub,2024-09-03T05:00:00.000000Z,2024-09-04T05:00:00.000000Z,1.93,USD/MMBtu,,2026-08-31T17:32:20.285578Z,2026-08-26,https://www.eia.gov/dnav/ng/hist/rngwhhdD.htm,eia_henry_hub_spot:1788197540285578000:3241dfb4a8883f486cfb073eb5161263d2da2c27ccb423435106659f0cd0bc3e
EIA:DHHNGSP,U.S. EIA,physical_spot,Henry Hub physical spot,Henry Hub,2024-09-04T05:00:00.000000Z,2024-09-05T05:00:00.000000Z,2.05,USD/MMBtu,,2026-08-31T17:32:20.285578Z,2026-08-26,https://www.eia.gov/dnav/ng/hist/rngwhhdD.htm,eia_henry_hub_spot:1788197540285578000:3241dfb4a8883f486cfb073eb5161263d2da2c27ccb423435106659f0cd0bc3e
EIA:DHHNGSP,U.S. EIA,physical_spot,Henry Hub physical spot,Henry Hub,2024-09-05T05:00:00.000000Z,2024-09-06T05:00:00.000000Z,2.02,USD/MMBtu,,2026-08-31T17:32:20.285578Z,2026-08-26,https://www.eia.gov/dnav/ng/hist/rngwhhdD.htm,eia_henry_hub_spot:1788197540285578000:3241dfb4a8883f486cfb073eb5161263d2da2c27ccb423435106659f0cd0bc3e
EIA:DHHNGSP,U.S. EIA,physical_spot,Henry Hub physical spot,Henry Hub,2024-09-06T05:00:00.000000Z,2024-09-07T05:00:00.000000Z,2.09,USD/MMBtu,,2026-08-31T17:32:20.285578Z,2026-08-26,https://www.eia.gov/dnav/ng/hist/rngwhhdD.htm,eia_henry_hub_spot:1788197540285578000:3241dfb4a8883f486cfb073eb5161263d2da2c27ccb423435106659f0cd0bc3e
EIA:DHHNGSP,U.S. EIA,physical_spot,Henry Hub physical spot,Henry Hub,2024-09-09T05:00:00.000000Z,2024-09-10T05:00:00.000000Z,2.03,USD/MMBtu,,2026-08-31T17:32:20.285578Z,2026-08-26,https://www.eia.gov/dnav/ng/hist/rngwhhdD.htm,eia_henry_hub_spot:1788197540285578000:3241dfb4a8883f486cfb073eb5161263d2da2c27ccb423435106659f0cd0bc3e
EIA:DHHNGSP,U.S. EIA,physical_spot,Henry Hub physical spot,Henry Hub,2024-09-10T05:00:00.000000Z,2024-09-11T05:00:00.000000Z,2.13,USD/MMBtu,,2026-08-31T17:32:20.285578Z,2026-08-26,https://www.eia.gov/dnav/ng/hist/rngwhhdD.htm,eia_henry_hub_spot:1788197540285578000:3241dfb4a8883f486cfb073eb5161263d2da2c27ccb423435106659f0cd0bc3e
EIA:DHHNGSP,U.S. EIA,physical_spot,Henry Hub physical spot,Henry Hub,2024-09-11T05:00:00.000000Z,2024-09-12T05:00:00.000000Z,2.13,USD/MMBtu,,2026-08-31T17:32:20.285578Z,2026-08-26,https://www.eia.gov/dnav/ng/hist/rngwhhdD.htm,eia_henry_hub_spot:1788197540285578000:3241dfb4a8883f486cfb073eb5161263d2da2c27ccb423435106659f0cd0bc3e
EIA:DHHNGSP,U.S. EIA,physical_spot,Henry Hub physical spot,Henry Hub,2024-09-12T05:00:00.000000Z,2024-09-13T05:00:00.000000Z,2.13,USD/MMBtu,,2026-08-31T17:32:20.285578Z,2026-08-26,https://www.eia.gov/dnav/ng/hist/rngwhhdD.htm,eia_henry_hub_spot:1788197540285578000:3241dfb4a8883f486cfb073eb5161263d2da2c27ccb423435106659f0cd0bc3e
EIA:DHHNGSP,U.S. EIA,physical_spot,Henry Hub physical spot,Henry Hub,2024-09-13T05:00:00.000000Z,2024-09-14T05:00:00.000000Z,2.25,USD/MMBtu,,2026-08-31T17:32:20.285578Z,2026-08-26,https://www.eia.gov/dnav/ng/hist/rngwhhdD.htm,eia_henry_hub_spot:1788197540285578000:3241dfb4a8883f486cfb073eb5161263d2da2c27ccb423435106659f0cd0bc3e
EIA:DHHNGSP,U.S. EIA,physical_spot,Henry Hub physical spot,Henry Hub,2024-09-16T05:00:00.000000Z,2024-09-17T05:00:00.000000Z,2.23,USD/MMBtu,,2026-08-31T17:32:20.285578Z,2026-08-26,https://www.eia.gov/dnav/ng/hist/rngwhhdD.htm,eia_henry_hub_spot:1788197540285578000:3241dfb4a8883f486cfb073eb5161263d2da2c27ccb423435106659f0cd0bc3e
EIA:DHHNGSP,U.S. EIA,physical_spot,Henry Hub physical spot,Henry Hub,2024-09-17T05:00:00.000000Z,2024-09-18T05:00:00.000000Z,2.33,USD/MMBtu,,2026-08-31T17:32:20.285578Z,2026-08-26,https://www.eia.gov/dnav/ng/hist/rngwhhdD.htm,eia_henry_hub_spot:1788197540285578000:3241dfb4a8883f486cfb073eb5161263d2da2c27ccb423435106659f0cd0bc3e
EIA:DHHNGSP,U.S. EIA,physical_spot,Henry Hub physical spot,Henry Hub,2024-09-18T05:00:00.000000Z,2024-09-19T05:00:00.000000Z,2.31,USD/MMBtu,,2026-08-31T17:32:20.285578Z,2026-08-26,https://www.eia.gov/dnav/ng/hist/rngwhhdD.htm,eia_henry_hub_spot:1788197540285578000:3241dfb4a8883f486cfb073eb5161263d2da2c27ccb423435106659f0cd0bc3e
EIA:DHHNGSP,U.S. EIA,physical_spot,Henry Hub physical spot,Henry Hub,2024-09-19T05:00:00.000000Z,2024-09-20T05:00:00.000000Z,2.24,USD/MMBtu,,2026-08-31T17:32:20.285578Z,2026-08-26,https://www.eia.gov/dnav/ng/hist/rngwhhdD.htm,eia_henry_hub_spot:1788197540285578000:3241dfb4a8883f486cfb073eb5161263d2da2c27ccb423435106659f0cd0bc3e
EIA:DHHNGSP,U.S. EIA,physical_spot,Henry Hub physical spot,Henry Hub,2024-09-20T05:00:00.000000Z,2024-09-21T05:00:00.000000Z,2.2,USD/MMBtu,,2026-08-31T17:32:20.285578Z,2026-08-26,https://www.eia.gov/dnav/ng/hist/rngwhhdD.htm,eia_henry_hub_spot:1788197540285578000:3241dfb4a8883f486cfb073eb5161263d2da2c27ccb423435106659f0cd0bc3e
EIA:DHHNGSP,U.S. EIA,physical_spot,Henry Hub physical spot,Henry Hub,2024-09-23T05:00:00.000000Z,2024-09-24T05:00:00.000000Z,2.4,USD/MMBtu,,2026-08-31T17:32:20.285578Z,2026-08-26,https://www.eia.gov/dnav/ng/hist/rngwhhdD.htm,eia_henry_hub_spot:1788197540285578000:3241dfb4a8883f486cfb073eb5161263d2da2c27ccb423435106659f0cd0bc3e
EIA:DHHNGSP,U.S. EIA,physical_spot,Henry Hub physical spot,Henry Hub,2024-09-24T05:00:00.000000Z,2024-09-25T05:00:00.000000Z,2.61,USD/MMBtu,,2026-08-31T17:32:20.285578Z,2026-08-26,https://www.eia.gov/dnav/ng/hist/rngwhhdD.htm,eia_henry_hub_spot:1788197540285578000:3241dfb4a8883f486cfb073eb5161263d2da2c27ccb423435106659f0cd0bc3e
EIA:DHHNGSP,U.S. EIA,physical_spot,Henry Hub physical spot,Henry Hub,2024-09-25T05:00:00.000000Z,2024-09-26T05:00:00.000000Z,2.62,USD/MMBtu,,2026-08-31T17:32:20.285578Z,2026-08-26,https://www.eia.gov/dnav/ng/hist/rngwhhdD.htm,eia_henry_hub_spot:1788197540285578000:3241dfb4a8883f486cfb073eb5161263d2da2c27ccb423435106659f0cd0bc3e
EIA:DHHNGSP,U.S. EIA,physical_spot,Henry Hub physical spot,Henry Hub,2024-09-26T05:00:00.000000Z,2024-09-27T05:00:00.000000Z,2.64,USD/MMBtu,,2026-08-31T17:32:20.285578Z,2026-08-26,https://www.eia.gov/dnav/ng/hist/rngwhhdD.htm,eia_henry_hub_spot:1788197540285578000:3241dfb4a8883f486cfb073eb5161263d2da2c27ccb423435106659f0cd0bc3e
EIA:DHHNGSP,U.S. EIA,physical_spot,Henry Hub physical spot,Henry Hub,2024-09-27T05:00:00.000000Z,2024-09-28T05:00:00.000000Z,2.53,USD/MMBtu,,2026-08-31T17:32:20.285578Z,2026-08-26,https://www.eia.gov/dnav/ng/hist/rngwhhdD.htm,eia_henry_hub_spot:1788197540285578000:3241dfb4a8883f486cfb073eb5161263d2da2c27ccb423435106659f0cd0bc3e
EIA:DHHNGSP,U.S. EIA,physical_spot,Henry Hub physical spot,Henry Hub,2024-09-30T05:00:00.000000Z,2024-10-01T05:00:00.000000Z,2.65,USD/MMBtu,,2026-08-31T17:32:20.285578Z,2026-08-26,https://www.eia.gov/dnav/ng/hist/rngwhhdD.htm,eia_henry_hub_spot:1788197540285578000:3241dfb4a8883f486cfb073eb5161263d2da2c27ccb423435106659f0cd0bc3e
EIA:DHHNGSP,U.S. EIA,physical_spot,Henry Hub physical spot,Henry Hub,2024-10-01T05:00:00.000000Z,2024-10-02T05:00:00.000000Z,2.67,USD/MMBtu,,2026-08-31T17:32:20.285578Z,2026-08-26,https://www.eia.gov/dnav/ng/hist/rngwhhdD.htm,eia_henry_hub_spot:1788197540285578000:3241dfb4a8883f486cfb073eb5161263d2da2c27ccb423435106659f0cd0bc3e
EIA:DHHNGSP,U.S. EIA,physical_spot,Henry Hub physical spot,Henry Hub,2024-10-02T05:00:00.000000Z,2024-10-03T05:00:00.000000Z,2.77,USD/MMBtu,,2026-08-31T17:32:20.285578Z,2026-08-26,https://www.eia.gov/dnav/ng/hist/rngwhhdD.htm,eia_henry_hub_spot:1788197540285578000:3241dfb4a8883f486cfb073eb5161263d2da2c27ccb423435106659f0cd0bc3e
EIA:DHHNGSP,U.S. EIA,physical_spot,Henry Hub physical spot,Henry Hub,2024-10-03T05:00:00.000000Z,2024-10-04T05:00:00.000000Z,2.75,USD/MMBtu,,2026-08-31T17:32:20.285578Z,2026-08-26,https://www.eia.gov/dnav/ng/hist/rngwhhdD.htm,eia_henry_hub_spot:1788197540285578000:3241dfb4a8883f486cfb073eb5161263d2da2c27ccb423435106659f0cd0bc3e
EIA:DHHNGSP,U.S. EIA,physical_spot,Henry Hub physical spot,Henry Hub,2024-10-04T05:00:00.000000Z,2024-10-05T05:00:00.000000Z,2.49,USD/MMBtu,,2026-08-31T17:32:20.285578Z,2026-08-26,https://www.eia.gov/dnav/ng/hist/rngwhhdD.htm,eia_henry_hub_spot:1788197540285578000:3241dfb4a8883f486cfb073eb5161263d2da2c27ccb423435106659f0cd0bc3e
EIA:DHHNGSP,U.S. EIA,physical_spot,Henry Hub physical spot,Henry Hub,2024-10-07T05:00:00.000000Z,2024-10-08T05:00:00.000000Z,2.51,USD/MMBtu,,2026-08-31T17:32:20.285578Z,2026-08-26,https://www.eia.gov/dnav/ng/hist/rngwhhdD.htm,eia_henry_hub_spot:1788197540285578000:3241dfb4a8883f486cfb073eb5161263d2da2c27ccb423435106659f0cd0bc3e
EIA:DHHNGSP,U.S. EIA,physical_spot,Henry Hub physical spot,Henry Hub,2024-10-08T05:00:00.000000Z,2024-10-09T05:00:00.000000Z,2.51,USD/MMBtu,,2026-08-31T17:32:20.285578Z,2026-08-26,https://www.eia.gov/dnav/ng/hist/rngwhhdD.htm,eia_henry_hub_spot:1788197540285578000:3241dfb4a8883f486cfb073eb5161263d2da2c27ccb423435106659f0cd0bc3e
EIA:DHHNGSP,U.S. EIA,physical_spot,Henry Hub physical spot,Henry Hub,2024-10-09T05:00:00.000000Z,2024-10-10T05:00:00.000000Z,2.43,USD/MMBtu,,2026-08-31T17:32:20.285578Z,2026-08-26,https://www.eia.gov/dnav/ng/hist/rngwhhdD.htm,eia_henry_hub_spot:1788197540285578000:3241dfb4a8883f486cfb073eb5161263d2da2c27ccb423435106659f0cd0bc3e
EIA:DHHNGSP,U.S. EIA,physical_spot,Henry Hub physical spot,Henry Hub,2024-10-10T05:00:00.000000Z,2024-10-11T05:00:00.000000Z,2.26,USD/MMBtu,,2026-08-31T17:32:20.285578Z,2026-08-26,https://www.eia.gov/dnav/ng/hist/rngwhhdD.htm,eia_henry_hub_spot:1788197540285578000:3241dfb4a8883f486cfb073eb5161263d2da2c27ccb423435106659f0cd0bc3e
EIA:DHHNGSP,U.S. EIA,physical_spot,Henry Hub physical spot,Henry Hub,2024-10-11T05:00:00.000000Z,2024-10-12T05:00:00.000000Z,2.31,USD/MMBtu,,2026-08-31T17:32:20.285578Z,2026-08-26,https://www.eia.gov/dnav/ng/hist/rngwhhdD.htm,eia_henry_hub_spot:1788197540285578000:3241dfb4a8883f486cfb073eb5161263d2da2c27ccb423435106659f0cd0bc3e
EIA:DHHNGSP,U.S. EIA,physical_spot,Henry Hub physical spot,Henry Hub,2024-10-15T05:00:00.000000Z,2024-10-16T05:00:00.000000Z,2.37,USD/MMBtu,,2026-08-31T17:32:20.285578Z,2026-08-26,https://www.eia.gov/dnav/ng/hist/rngwhhdD.htm,eia_henry_hub_spot:1788197540285578000:3241dfb4a8883f486cfb073eb5161263d2da2c27ccb423435106659f0cd0bc3e
EIA:DHHNGSP,U.S. EIA,physical_spot,Henry Hub physical spot,Henry Hub,2024-10-16T05:00:00.000000Z,2024-10-17T05:00:00.000000Z,2.21,USD/MMBtu,,2026-08-31T17:32:20.285578Z,2026-08-26,https://www.eia.gov/dnav/ng/hist/rngwhhdD.htm,eia_henry_hub_spot:1788197540285578000:3241dfb4a8883f486cfb073eb5161263d2da2c27ccb423435106659f0cd0bc3e
EIA:DHHNGSP,U.S. EIA,physical_spot,Henry Hub physical spot,Henry Hub,2024-10-17T05:00:00.000000Z,2024-10-18T05:00:00.000000Z,2.19,USD/MMBtu,,2026-08-31T17:32:20.285578Z,2026-08-26,https://www.eia.gov/dnav/ng/hist/rngwhhdD.htm,eia_henry_hub_spot:1788197540285578000:3241dfb4a8883f486cfb073eb5161263d2da2c27ccb423435106659f0cd0bc3e
EIA:DHHNGSP,U.S. EIA,physical_spot,Henry Hub physical spot,Henry Hub,2024-10-18T05:00:00.000000Z,2024-10-19T05:00:00.000000Z,1.82,USD/MMBtu,,2026-08-31T17:32:20.285578Z,2026-08-26,https://www.eia.gov/dnav/ng/hist/rngwhhdD.htm,eia_henry_hub_spot:1788197540285578000:3241dfb4a8883f486cfb073eb5161263d2da2c27ccb423435106659f0cd0bc3e
EIA:DHHNGSP,U.S. EIA,physical_spot,Henry Hub physical spot,Henry Hub,2024-10-21T05:00:00.000000Z,2024-10-22T05:00:00.000000Z,1.76,USD/MMBtu,,2026-08-31T17:32:20.285578Z,2026-08-26,https://www.eia.gov/dnav/ng/hist/rngwhhdD.htm,eia_henry_hub_spot:1788197540285578000:3241dfb4a8883f486cfb073eb5161263d2da2c27ccb423435106659f0cd0bc3e
EIA:DHHNGSP,U.S. EIA,physical_spot,Henry Hub physical spot,Henry Hub,2024-10-22T05:00:00.000000Z,2024-10-23T05:00:00.000000Z,1.76,USD/MMBtu,,2026-08-31T17:32:20.285578Z,2026-08-26,https://www.eia.gov/dnav/ng/hist/rngwhhdD.htm,eia_henry_hub_spot:1788197540285578000:3241dfb4a8883f486cfb073eb5161263d2da2c27ccb423435106659f0cd0bc3e
EIA:DHHNGSP,U.S. EIA,physical_spot,Henry Hub physical spot,Henry Hub,2024-10-23T05:00:00.000000Z,2024-10-24T05:00:00.000000Z,1.9,USD/MMBtu,,2026-08-31T17:32:20.285578Z,2026-08-26,https://www.eia.gov/dnav/ng/hist/rngwhhdD.htm,eia_henry_hub_spot:1788197540285578000:3241dfb4a8883f486cfb073eb5161263d2da2c27ccb423435106659f0cd0bc3e
EIA:DHHNGSP,U.S. EIA,physical_spot,Henry Hub physical spot,Henry Hub,2024-10-24T05:00:00.000000Z,2024-10-25T05:00:00.000000Z,2.04,USD/MMBtu,,2026-08-31T17:32:20.285578Z,2026-08-26,https://www.eia.gov/dnav/ng/hist/rngwhhdD.htm,eia_henry_hub_spot:1788197540285578000:3241dfb4a8883f486cfb073eb5161263d2da2c27ccb423435106659f0cd0bc3e
EIA:DHHNGSP,U.S. EIA,physical_spot,Henry Hub physical spot,Henry Hub,2024-10-25T05:00:00.000000Z,2024-10-26T05:00:00.000000Z,1.93,USD/MMBtu,,2026-08-31T17:32:20.285578Z,2026-08-26,https://www.eia.gov/dnav/ng/hist/rngwhhdD.htm,eia_henry_hub_spot:1788197540285578000:3241dfb4a8883f486cfb073eb5161263d2da2c27ccb423435106659f0cd0bc3e
EIA:DHHNGSP,U.S. EIA,physical_spot,Henry Hub physical spot,Henry Hub,2024-10-28T05:00:00.000000Z,2024-10-29T05:00:00.000000Z,2.03,USD/MMBtu,,2026-08-31T17:32:20.285578Z,2026-08-26,https://www.eia.gov/dnav/ng/hist/rngwhhdD.htm,eia_henry_hub_spot:1788197540285578000:3241dfb4a8883f486cfb073eb5161263d2da2c27ccb423435106659f0cd0bc3e
EIA:DHHNGSP,U.S. EIA,physical_spot,Henry Hub physical spot,Henry Hub,2024-10-29T05:00:00.000000Z,2024-10-30T05:00:00.000000Z,1.82,USD/MMBtu,,2026-08-31T17:32:20.285578Z,2026-08-26,https://www.eia.gov/dnav/ng/hist/rngwhhdD.htm,eia_henry_hub_spot:1788197540285578000:3241dfb4a8883f486cfb073eb5161263d2da2c27ccb423435106659f0cd0bc3e
EIA:DHHNGSP,U.S. EIA,physical_spot,Henry Hub physical spot,Henry Hub,2024-10-30T05:00:00.000000Z,2024-10-31T05:00:00.000000Z,2.03,USD/MMBtu,,2026-08-31T17:32:20.285578Z,2026-08-26,https://www.eia.gov/dnav/ng/hist/rngwhhdD.htm,eia_henry_hub_spot:1788197540285578000:3241dfb4a8883f486cfb073eb5161263d2da2c27ccb423435106659f0cd0bc3e
EIA:DHHNGSP,U.S. EIA,physical_spot,Henry Hub physical spot,Henry Hub,2024-10-31T05:00:00.000000Z,2024-11-01T05:00:00.000000Z,1.82,USD/MMBtu,,2026-08-31T17:32:20.285578Z,2026-08-26,https://www.eia.gov/dnav/ng/hist/rngwhhdD.htm,eia_henry_hub_spot:1788197540285578000:3241dfb4a8883f486cfb073eb5161263d2da2c27ccb423435106659f0cd0bc3e
EIA:DHHNGSP,U.S. EIA,physical_spot,Henry Hub physical spot,Henry Hub,2024-11-01T05:00:00.000000Z,2024-11-02T05:00:00.000000Z,1.42,USD/MMBtu,,2026-08-31T17:32:20.285578Z,2026-08-26,https://www.eia.gov/dnav/ng/hist/rngwhhdD.htm,eia_henry_hub_spot:1788197540285578000:3241dfb4a8883f486cfb073eb5161263d2da2c27ccb423435106659f0cd0bc3e
EIA:DHHNGSP,U.S. EIA,physical_spot,Henry Hub physical spot,Henry Hub,2024-11-04T06:00:00.000000Z,2024-11-05T06:00:00.000000Z,1.35,USD/MMBtu,,2026-08-31T17:32:20.285578Z,2026-08-26,https://www.eia.gov/dnav/ng/hist/rngwhhdD.htm,eia_henry_hub_spot:1788197540285578000:3241dfb4a8883f486cfb073eb5161263d2da2c27ccb423435106659f0cd0bc3e
EIA:DHHNGSP,U.S. EIA,physical_spot,Henry Hub physical spot,Henry Hub,2024-11-05T06:00:00.000000Z,2024-11-06T06:00:00.000000Z,1.62,USD/MMBtu,,2026-08-31T17:32:20.285578Z,2026-08-26,https://www.eia.gov/dnav/ng/hist/rngwhhdD.htm,eia_henry_hub_spot:1788197540285578000:3241dfb4a8883f486cfb073eb5161263d2da2c27ccb423435106659f0cd0bc3e
EIA:DHHNGSP,U.S. EIA,physical_spot,Henry Hub physical spot,Henry Hub,2024-11-06T06:00:00.000000Z,2024-11-07T06:00:00.000000Z,1.8,USD/MMBtu,,2026-08-31T17:32:20.285578Z,2026-08-26,https://www.eia.gov/dnav/ng/hist/rngwhhdD.htm,eia_henry_hub_spot:1788197540285578000:3241dfb4a8883f486cfb073eb5161263d2da2c27ccb423435106659f0cd0bc3e
EIA:DHHNGSP,U.S. EIA,physical_spot,Henry Hub physical spot,Henry Hub,2024-11-07T06:00:00.000000Z,2024-11-08T06:00:00.000000Z,1.49,USD/MMBtu,,2026-08-31T17:32:20.285578Z,2026-08-26,https://www.eia.gov/dnav/ng/hist/rngwhhdD.htm,eia_henry_hub_spot:1788197540285578000:3241dfb4a8883f486cfb073eb5161263d2da2c27ccb423435106659f0cd0bc3e
EIA:DHHNGSP,U.S. EIA,physical_spot,Henry Hub physical spot,Henry Hub,2024-11-08T06:00:00.000000Z,2024-11-09T06:00:00.000000Z,1.21,USD/MMBtu,,2026-08-31T17:32:20.285578Z,2026-08-26,https://www.eia.gov/dnav/ng/hist/rngwhhdD.htm,eia_henry_hub_spot:1788197540285578000:3241dfb4a8883f486cfb073eb5161263d2da2c27ccb423435106659f0cd0bc3e
EIA:DHHNGSP,U.S. EIA,physical_spot,Henry Hub physical spot,Henry Hub,2024-11-11T06:00:00.000000Z,2024-11-12T06:00:00.000000Z,1.21,USD/MMBtu,,2026-08-31T17:32:20.285578Z,2026-08-26,https://www.eia.gov/dnav/ng/hist/rngwhhdD.htm,eia_henry_hub_spot:1788197540285578000:3241dfb4a8883f486cfb073eb5161263d2da2c27ccb423435106659f0cd0bc3e
EIA:DHHNGSP,U.S. EIA,physical_spot,Henry Hub physical spot,Henry Hub,2024-11-12T06:00:00.000000Z,2024-11-13T06:00:00.000000Z,1.92,USD/MMBtu,,2026-08-31T17:32:20.285578Z,2026-08-26,https://www.eia.gov/dnav/ng/hist/rngwhhdD.htm,eia_henry_hub_spot:1788197540285578000:3241dfb4a8883f486cfb073eb5161263d2da2c27ccb423435106659f0cd0bc3e
EIA:DHHNGSP,U.S. EIA,physical_spot,Henry Hub physical spot,Henry Hub,2024-11-13T06:00:00.000000Z,2024-11-14T06:00:00.000000Z,2.06,USD/MMBtu,,2026-08-31T17:32:20.285578Z,2026-08-26,https://www.eia.gov/dnav/ng/hist/rngwhhdD.htm,eia_henry_hub_spot:1788197540285578000:3241dfb4a8883f486cfb073eb5161263d2da2c27ccb423435106659f0cd0bc3e
EIA:DHHNGSP,U.S. EIA,physical_spot,Henry Hub physical spot,Henry Hub,2024-11-14T06:00:00.000000Z,2024-11-15T06:00:00.000000Z,2.11,USD/MMBtu,,2026-08-31T17:32:20.285578Z,2026-08-26,https://www.eia.gov/dnav/ng/hist/rngwhhdD.htm,eia_henry_hub_spot:1788197540285578000:3241dfb4a8883f486cfb073eb5161263d2da2c27ccb423435106659f0cd0bc3e
EIA:DHHNGSP,U.S. EIA,physical_spot,Henry Hub physical spot,Henry Hub,2024-11-15T06:00:00.000000Z,2024-11-16T06:00:00.000000Z,1.65,USD/MMBtu,,2026-08-31T17:32:20.285578Z,2026-08-26,https://www.eia.gov/dnav/ng/hist/rngwhhdD.htm,eia_henry_hub_spot:1788197540285578000:3241dfb4a8883f486cfb073eb5161263d2da2c27ccb423435106659f0cd0bc3e
EIA:DHHNGSP,U.S. EIA,physical_spot,Henry Hub physical spot,Henry Hub,2024-11-18T06:00:00.000000Z,2024-11-19T06:00:00.000000Z,2.08,USD/MMBtu,,2026-08-31T17:32:20.285578Z,2026-08-26,https://www.eia.gov/dnav/ng/hist/rngwhhdD.htm,eia_henry_hub_spot:1788197540285578000:3241dfb4a8883f486cfb073eb5161263d2da2c27ccb423435106659f0cd0bc3e
EIA:DHHNGSP,U.S. EIA,physical_spot,Henry Hub physical spot,Henry Hub,2024-11-19T06:00:00.000000Z,2024-11-20T06:00:00.000000Z,2.1,USD/MMBtu,,2026-08-31T17:32:20.285578Z,2026-08-26,https://www.eia.gov/dnav/ng/hist/rngwhhdD.htm,eia_henry_hub_spot:1788197540285578000:3241dfb4a8883f486cfb073eb5161263d2da2c27ccb423435106659f0cd0bc3e
EIA:DHHNGSP,U.S. EIA,physical_spot,Henry Hub physical spot,Henry Hub,2024-11-20T06:00:00.000000Z,2024-11-21T06:00:00.000000Z,2.32,USD/MMBtu,,2026-08-31T17:32:20.285578Z,2026-08-26,https://www.eia.gov/dnav/ng/hist/rngwhhdD.htm,eia_henry_hub_spot:1788197540285578000:3241dfb4a8883f486cfb073eb5161263d2da2c27ccb423435106659f0cd0bc3e
EIA:DHHNGSP,U.S. EIA,physical_spot,Henry Hub physical spot,Henry Hub,2024-11-21T06:00:00.000000Z,2024-11-22T06:00:00.000000Z,2.84,USD/MMBtu,,2026-08-31T17:32:20.285578Z,2026-08-26,https://www.eia.gov/dnav/ng/hist/rngwhhdD.htm,eia_henry_hub_spot:1788197540285578000:3241dfb4a8883f486cfb073eb5161263d2da2c27ccb423435106659f0cd0bc3e
EIA:DHHNGSP,U.S. EIA,physical_spot,Henry Hub physical spot,Henry Hub,2024-11-22T06:00:00.000000Z,2024-11-23T06:00:00.000000Z,2.41,USD/MMBtu,,2026-08-31T17:32:20.285578Z,2026-08-26,https://www.eia.gov/dnav/ng/hist/rngwhhdD.htm,eia_henry_hub_spot:1788197540285578000:3241dfb4a8883f486cfb073eb5161263d2da2c27ccb423435106659f0cd0bc3e
EIA:DHHNGSP,U.S. EIA,physical_spot,Henry Hub physical spot,Henry Hub,2024-11-25T06:00:00.000000Z,2024-11-26T06:00:00.000000Z,2.78,USD/MMBtu,,2026-08-31T17:32:20.285578Z,2026-08-26,https://www.eia.gov/dnav/ng/hist/rngwhhdD.htm,eia_henry_hub_spot:1788197540285578000:3241dfb4a8883f486cfb073eb5161263d2da2c27ccb423435106659f0cd0bc3e
EIA:DHHNGSP,U.S. EIA,physical_spot,Henry Hub physical spot,Henry Hub,2024-11-26T06:00:00.000000Z,2024-11-27T06:00:00.000000Z,3.19,USD/MMBtu,,2026-08-31T17:32:20.285578Z,2026-08-26,https://www.eia.gov/dnav/ng/hist/rngwhhdD.htm,eia_henry_hub_spot:1788197540285578000:3241dfb4a8883f486cfb073eb5161263d2da2c27ccb423435106659f0cd0bc3e
EIA:DHHNGSP,U.S. EIA,physical_spot,Henry Hub physical spot,Henry Hub,2024-11-27T06:00:00.000000Z,2024-11-28T06:00:00.000000Z,3.39,USD/MMBtu,,2026-08-31T17:32:20.285578Z,2026-08-26,https://www.eia.gov/dnav/ng/hist/rngwhhdD.htm,eia_henry_hub_spot:1788197540285578000:3241dfb4a8883f486cfb073eb5161263d2da2c27ccb423435106659f0cd0bc3e
EIA:DHHNGSP,U.S. EIA,physical_spot,Henry Hub physical spot,Henry Hub,2024-11-29T06:00:00.000000Z,2024-11-30T06:00:00.000000Z,3.39,USD/MMBtu,,2026-08-31T17:32:20.285578Z,2026-08-26,https://www.eia.gov/dnav/ng/hist/rngwhhdD.htm,eia_henry_hub_spot:1788197540285578000:3241dfb4a8883f486cfb073eb5161263d2da2c27ccb423435106659f0cd0bc3e
EIA:DHHNGSP,U.S. EIA,physical_spot,Henry Hub physical spot,Henry Hub,2024-12-02T06:00:00.000000Z,2024-12-03T06:00:00.000000Z,3.05,USD/MMBtu,,2026-08-31T17:32:20.285578Z,2026-08-26,https://www.eia.gov/dnav/ng/hist/rngwhhdD.htm,eia_henry_hub_spot:1788197540285578000:3241dfb4a8883f486cfb073eb5161263d2da2c27ccb423435106659f0cd0bc3e
EIA:DHHNGSP,U.S. EIA,physical_spot,Henry Hub physical spot,Henry Hub,2024-12-03T06:00:00.000000Z,2024-12-04T06:00:00.000000Z,2.94,USD/MMBtu,,2026-08-31T17:32:20.285578Z,2026-08-26,https://www.eia.gov/dnav/ng/hist/rngwhhdD.htm,eia_henry_hub_spot:1788197540285578000:3241dfb4a8883f486cfb073eb5161263d2da2c27ccb423435106659f0cd0bc3e
EIA:DHHNGSP,U.S. EIA,physical_spot,Henry Hub physical spot,Henry Hub,2024-12-04T06:00:00.000000Z,2024-12-05T06:00:00.000000Z,2.75,USD/MMBtu,,2026-08-31T17:32:20.285578Z,2026-08-26,https://www.eia.gov/dnav/ng/hist/rngwhhdD.htm,eia_henry_hub_spot:1788197540285578000:3241dfb4a8883f486cfb073eb5161263d2da2c27ccb423435106659f0cd0bc3e
EIA:DHHNGSP,U.S. EIA,physical_spot,Henry Hub physical spot,Henry Hub,2024-12-05T06:00:00.000000Z,2024-12-06T06:00:00.000000Z,2.95,USD/MMBtu,,2026-08-31T17:32:20.285578Z,2026-08-26,https://www.eia.gov/dnav/ng/hist/rngwhhdD.htm,eia_henry_hub_spot:1788197540285578000:3241dfb4a8883f486cfb073eb5161263d2da2c27ccb423435106659f0cd0bc3e
EIA:DHHNGSP,U.S. EIA,physical_spot,Henry Hub physical spot,Henry Hub,2024-12-06T06:00:00.000000Z,2024-12-07T06:00:00.000000Z,2.83,USD/MMBtu,,2026-08-31T17:32:20.285578Z,2026-08-26,https://www.eia.gov/dnav/ng/hist/rngwhhdD.htm,eia_henry_hub_spot:1788197540285578000:3241dfb4a8883f486cfb073eb5161263d2da2c27ccb423435106659f0cd0bc3e
EIA:DHHNGSP,U.S. EIA,physical_spot,Henry Hub physical spot,Henry Hub,2024-12-09T06:00:00.000000Z,2024-12-10T06:00:00.000000Z,3.05,USD/MMBtu,,2026-08-31T17:32:20.285578Z,2026-08-26,https://www.eia.gov/dnav/ng/hist/rngwhhdD.htm,eia_henry_hub_spot:1788197540285578000:3241dfb4a8883f486cfb073eb5161263d2da2c27ccb423435106659f0cd0bc3e
EIA:DHHNGSP,U.S. EIA,physical_spot,Henry Hub physical spot,Henry Hub,2024-12-10T06:00:00.000000Z,2024-12-11T06:00:00.000000Z,2.9,USD/MMBtu,,2026-08-31T17:32:20.285578Z,2026-08-26,https://www.eia.gov/dnav/ng/hist/rngwhhdD.htm,eia_henry_hub_spot:1788197540285578000:3241dfb4a8883f486cfb073eb5161263d2da2c27ccb423435106659f0cd0bc3e
EIA:DHHNGSP,U.S. EIA,physical_spot,Henry Hub physical spot,Henry Hub,2024-12-11T06:00:00.000000Z,2024-12-12T06:00:00.000000Z,2.9,USD/MMBtu,,2026-08-31T17:32:20.285578Z,2026-08-26,https://www.eia.gov/dnav/ng/hist/rngwhhdD.htm,eia_henry_hub_spot:1788197540285578000:3241dfb4a8883f486cfb073eb5161263d2da2c27ccb423435106659f0cd0bc3e
EIA:DHHNGSP,U.S. EIA,physical_spot,Henry Hub physical spot,Henry Hub,2024-12-12T06:00:00.000000Z,2024-12-13T06:00:00.000000Z,3.12,USD/MMBtu,,2026-08-31T17:32:20.285578Z,2026-08-26,https://www.eia.gov/dnav/ng/hist/rngwhhdD.htm,eia_henry_hub_spot:1788197540285578000:3241dfb4a8883f486cfb073eb5161263d2da2c27ccb423435106659f0cd0bc3e
EIA:DHHNGSP,U.S. EIA,physical_spot,Henry Hub physical spot,Henry Hub,2024-12-13T06:00:00.000000Z,2024-12-14T06:00:00.000000Z,3.15,USD/MMBtu,,2026-08-31T17:32:20.285578Z,2026-08-26,https://www.eia.gov/dnav/ng/hist/rngwhhdD.htm,eia_henry_hub_spot:1788197540285578000:3241dfb4a8883f486cfb073eb5161263d2da2c27ccb423435106659f0cd0bc3e
EIA:DHHNGSP,U.S. EIA,physical_spot,Henry Hub physical spot,Henry Hub,2024-12-16T06:00:00.000000Z,2024-12-17T06:00:00.000000Z,2.87,USD/MMBtu,,2026-08-31T17:32:20.285578Z,2026-08-26,https://www.eia.gov/dnav/ng/hist/rngwhhdD.htm,eia_henry_hub_spot:1788197540285578000:3241dfb4a8883f486cfb073eb5161263d2da2c27ccb423435106659f0cd0bc3e
EIA:DHHNGSP,U.S. EIA,physical_spot,Henry Hub physical spot,Henry Hub,2024-12-17T06:00:00.000000Z,2024-12-18T06:00:00.000000Z,2.85,USD/MMBtu,,2026-08-31T17:32:20.285578Z,2026-08-26,https://www.eia.gov/dnav/ng/hist/rngwhhdD.htm,eia_henry_hub_spot:1788197540285578000:3241dfb4a8883f486cfb073eb5161263d2da2c27ccb423435106659f0cd0bc3e
EIA:DHHNGSP,U.S. EIA,physical_spot,Henry Hub physical spot,Henry Hub,2024-12-18T06:00:00.000000Z,2024-12-19T06:00:00.000000Z,3.01,USD/MMBtu,,2026-08-31T17:32:20.285578Z,2026-08-26,https://www.eia.gov/dnav/ng/hist/rngwhhdD.htm,eia_henry_hub_spot:1788197540285578000:3241dfb4a8883f486cfb073eb5161263d2da2c27ccb423435106659f0cd0bc3e
EIA:DHHNGSP,U.S. EIA,physical_spot,Henry Hub physical spot,Henry Hub,2024-12-19T06:00:00.000000Z,2024-12-20T06:00:00.000000Z,3.15,USD/MMBtu,,2026-08-31T17:32:20.285578Z,2026-08-26,https://www.eia.gov/dnav/ng/hist/rngwhhdD.htm,eia_henry_hub_spot:1788197540285578000:3241dfb4a8883f486cfb073eb5161263d2da2c27ccb423435106659f0cd0bc3e
EIA:DHHNGSP,U.S. EIA,physical_spot,Henry Hub physical spot,Henry Hub,2024-12-20T06:00:00.000000Z,2024-12-21T06:00:00.000000Z,3.1,USD/MMBtu,,2026-08-31T17:32:20.285578Z,2026-08-26,https://www.eia.gov/dnav/ng/hist/rngwhhdD.htm,eia_henry_hub_spot:1788197540285578000:3241dfb4a8883f486cfb073eb5161263d2da2c27ccb423435106659f0cd0bc3e
EIA:DHHNGSP,U.S. EIA,physical_spot,Henry Hub physical spot,Henry Hub,2024-12-23T06:00:00.000000Z,2024-12-24T06:00:00.000000Z,2.89,USD/MMBtu,,2026-08-31T17:32:20.285578Z,2026-08-26,https://www.eia.gov/dnav/ng/hist/rngwhhdD.htm,eia_henry_hub_spot:1788197540285578000:3241dfb4a8883f486cfb073eb5161263d2da2c27ccb423435106659f0cd0bc3e
EIA:DHHNGSP,U.S. EIA,physical_spot,Henry Hub physical spot,Henry Hub,2024-12-24T06:00:00.000000Z,2024-12-25T06:00:00.000000Z,2.95,USD/MMBtu,,2026-08-31T17:32:20.285578Z,2026-08-26,https://www.eia.gov/dnav/ng/hist/rngwhhdD.htm,eia_henry_hub_spot:1788197540285578000:3241dfb4a8883f486cfb073eb5161263d2da2c27ccb423435106659f0cd0bc3e
EIA:DHHNGSP,U.S. EIA,physical_spot,Henry Hub physical spot,Henry Hub,2024-12-26T06:00:00.000000Z,2024-12-27T06:00:00.000000Z,2.96,USD/MMBtu,,2026-08-31T17:32:20.285578Z,2026-08-26,https://www.eia.gov/dnav/ng/hist/rngwhhdD.htm,eia_henry_hub_spot:1788197540285578000:3241dfb4a8883f486cfb073eb5161263d2da2c27ccb423435106659f0cd0bc3e
EIA:DHHNGSP,U.S. EIA,physical_spot,Henry Hub physical spot,Henry Hub,2024-12-27T06:00:00.000000Z,2024-12-28T06:00:00.000000Z,2.91,USD/MMBtu,,2026-08-31T17:32:20.285578Z,2026-08-26,https://www.eia.gov/dnav/ng/hist/rngwhhdD.htm,eia_henry_hub_spot:1788197540285578000:3241dfb4a8883f486cfb073eb5161263d2da2c27ccb423435106659f0cd0bc3e
EIA:DHHNGSP,U.S. EIA,physical_spot,Henry Hub physical spot,Henry Hub,2024-12-30T06:00:00.000000Z,2024-12-31T06:00:00.000000Z,3.39,USD/MMBtu,,2026-08-31T17:32:20.285578Z,2026-08-26,https://www.eia.gov/dnav/ng/hist/rngwhhdD.htm,eia_henry_hub_spot:1788197540285578000:3241dfb4a8883f486cfb073eb5161263d2da2c27ccb423435106659f0cd0bc3e
EIA:DHHNGSP,U.S. EIA,physical_spot,Henry Hub physical spot,Henry Hub,2024-12-31T06:00:00.000000Z,2025-01-01T06:00:00.000000Z,3.4,USD/MMBtu,,2026-08-31T17:32:20.285578Z,2026-08-26,https://www.eia.gov/dnav/ng/hist/rngwhhdD.htm,eia_henry_hub_spot:1788197540285578000:3241dfb4a8883f486cfb073eb5161263d2da2c27ccb423435106659f0cd0bc3e
EIA:DHHNGSP,U.S. EIA,physical_spot,Henry Hub physical spot,Henry Hub,2025-01-02T06:00:00.000000Z,2025-01-03T06:00:00.000000Z,3.65,USD/MMBtu,,2026-08-31T17:32:20.285578Z,2026-08-26,https://www.eia.gov/dnav/ng/hist/rngwhhdD.htm,eia_henry_hub_spot:1788197540285578000:3241dfb4a8883f486cfb073eb5161263d2da2c27ccb423435106659f0cd0bc3e
EIA:DHHNGSP,U.S. EIA,physical_spot,Henry Hub physical spot,Henry Hub,2025-01-03T06:00:00.000000Z,2025-01-04T06:00:00.000000Z,3.4,USD/MMBtu,,2026-08-31T17:32:20.285578Z,2026-08-26,https://www.eia.gov/dnav/ng/hist/rngwhhdD.htm,eia_henry_hub_spot:1788197540285578000:3241dfb4a8883f486cfb073eb5161263d2da2c27ccb423435106659f0cd0bc3e
EIA:DHHNGSP,U.S. EIA,physical_spot,Henry Hub physical spot,Henry Hub,2025-01-06T06:00:00.000000Z,2025-01-07T06:00:00.000000Z,4.05,USD/MMBtu,,2026-08-31T17:32:20.285578Z,2026-08-26,https://www.eia.gov/dnav/ng/hist/rngwhhdD.htm,eia_henry_hub_spot:1788197540285578000:3241dfb4a8883f486cfb073eb5161263d2da2c27ccb423435106659f0cd0bc3e
EIA:DHHNGSP,U.S. EIA,physical_spot,Henry Hub physical spot,Henry Hub,2025-01-07T06:00:00.000000Z,2025-01-08T06:00:00.000000Z,3.8,USD/MMBtu,,2026-08-31T17:32:20.285578Z,2026-08-26,https://www.eia.gov/dnav/ng/hist/rngwhhdD.htm,eia_henry_hub_spot:1788197540285578000:3241dfb4a8883f486cfb073eb5161263d2da2c27ccb423435106659f0cd0bc3e
EIA:DHHNGSP,U.S. EIA,physical_spot,Henry Hub physical spot,Henry Hub,2025-01-08T06:00:00.000000Z,2025-01-09T06:00:00.000000Z,3.75,USD/MMBtu,,2026-08-31T17:32:20.285578Z,2026-08-26,https://www.eia.gov/dnav/ng/hist/rngwhhdD.htm,eia_henry_hub_spot:1788197540285578000:3241dfb4a8883f486cfb073eb5161263d2da2c27ccb423435106659f0cd0bc3e
EIA:DHHNGSP,U.S. EIA,physical_spot,Henry Hub physical spot,Henry Hub,2025-01-09T06:00:00.000000Z,2025-01-10T06:00:00.000000Z,3.94,USD/MMBtu,,2026-08-31T17:32:20.285578Z,2026-08-26,https://www.eia.gov/dnav/ng/hist/rngwhhdD.htm,eia_henry_hub_spot:1788197540285578000:3241dfb4a8883f486cfb073eb5161263d2da2c27ccb423435106659f0cd0bc3e
EIA:DHHNGSP,U.S. EIA,physical_spot,Henry Hub physical spot,Henry Hub,2025-01-10T06:00:00.000000Z,2025-01-11T06:00:00.000000Z,4.13,USD/MMBtu,,2026-08-31T17:32:20.285578Z,2026-08-26,https://www.eia.gov/dnav/ng/hist/rngwhhdD.htm,eia_henry_hub_spot:1788197540285578000:3241dfb4a8883f486cfb073eb5161263d2da2c27ccb423435106659f0cd0bc3e
EIA:DHHNGSP,U.S. EIA,physical_spot,Henry Hub physical spot,Henry Hub,2025-01-13T06:00:00.000000Z,2025-01-14T06:00:00.000000Z,4.4,USD/MMBtu,,2026-08-31T17:32:20.285578Z,2026-08-26,https://www.eia.gov/dnav/ng/hist/rngwhhdD.htm,eia_henry_hub_spot:1788197540285578000:3241dfb4a8883f486cfb073eb5161263d2da2c27ccb423435106659f0cd0bc3e
EIA:DHHNGSP,U.S. EIA,physical_spot,Henry Hub physical spot,Henry Hub,2025-01-14T06:00:00.000000Z,2025-01-15T06:00:00.000000Z,4.32,USD/MMBtu,,2026-08-31T17:32:20.285578Z,2026-08-26,https://www.eia.gov/dnav/ng/hist/rngwhhdD.htm,eia_henry_hub_spot:1788197540285578000:3241dfb4a8883f486cfb073eb5161263d2da2c27ccb423435106659f0cd0bc3e
EIA:DHHNGSP,U.S. EIA,physical_spot,Henry Hub physical spot,Henry Hub,2025-01-15T06:00:00.000000Z,2025-01-16T06:00:00.000000Z,4.45,USD/MMBtu,,2026-08-31T17:32:20.285578Z,2026-08-26,https://www.eia.gov/dnav/ng/hist/rngwhhdD.htm,eia_henry_hub_spot:1788197540285578000:3241dfb4a8883f486cfb073eb5161263d2da2c27ccb423435106659f0cd0bc3e
EIA:DHHNGSP,U.S. EIA,physical_spot,Henry Hub physical spot,Henry Hub,2025-01-16T06:00:00.000000Z,2025-01-17T06:00:00.000000Z,4.3,USD/MMBtu,,2026-08-31T17:32:20.285578Z,2026-08-26,https://www.eia.gov/dnav/ng/hist/rngwhhdD.htm,eia_henry_hub_spot:1788197540285578000:3241dfb4a8883f486cfb073eb5161263d2da2c27ccb423435106659f0cd0bc3e
EIA:DHHNGSP,U.S. EIA,physical_spot,Henry Hub physical spot,Henry Hub,2025-01-17T06:00:00.000000Z,2025-01-18T06:00:00.000000Z,9.86,USD/MMBtu,,2026-08-31T17:32:20.285578Z,2026-08-26,https://www.eia.gov/dnav/ng/hist/rngwhhdD.htm,eia_henry_hub_spot:1788197540285578000:3241dfb4a8883f486cfb073eb5161263d2da2c27ccb423435106659f0cd0bc3e
EIA:DHHNGSP,U.S. EIA,physical_spot,Henry Hub physical spot,Henry Hub,2025-01-21T06:00:00.000000Z,2025-01-22T06:00:00.000000Z,4.4,USD/MMBtu,,2026-08-31T17:32:20.285578Z,2026-08-26,https://www.eia.gov/dnav/ng/hist/rngwhhdD.htm,eia_henry_hub_spot:1788197540285578000:3241dfb4a8883f486cfb073eb5161263d2da2c27ccb423435106659f0cd0bc3e
EIA:DHHNGSP,U.S. EIA,physical_spot,Henry Hub physical spot,Henry Hub,2025-01-22T06:00:00.000000Z,2025-01-23T06:00:00.000000Z,3.91,USD/MMBtu,,2026-08-31T17:32:20.285578Z,2026-08-26,https://www.eia.gov/dnav/ng/hist/rngwhhdD.htm,eia_henry_hub_spot:1788197540285578000:3241dfb4a8883f486cfb073eb5161263d2da2c27ccb423435106659f0cd0bc3e
EIA:DHHNGSP,U.S. EIA,physical_spot,Henry Hub physical spot,Henry Hub,2025-01-23T06:00:00.000000Z,2025-01-24T06:00:00.000000Z,3.91,USD/MMBtu,,2026-08-31T17:32:20.285578Z,2026-08-26,https://www.eia.gov/dnav/ng/hist/rngwhhdD.htm,eia_henry_hub_spot:1788197540285578000:3241dfb4a8883f486cfb073eb5161263d2da2c27ccb423435106659f0cd0bc3e
EIA:DHHNGSP,U.S. EIA,physical_spot,Henry Hub physical spot,Henry Hub,2025-01-24T06:00:00.000000Z,2025-01-25T06:00:00.000000Z,3.84,USD/MMBtu,,2026-08-31T17:32:20.285578Z,2026-08-26,https://www.eia.gov/dnav/ng/hist/rngwhhdD.htm,eia_henry_hub_spot:1788197540285578000:3241dfb4a8883f486cfb073eb5161263d2da2c27ccb423435106659f0cd0bc3e
EIA:DHHNGSP,U.S. EIA,physical_spot,Henry Hub physical spot,Henry Hub,2025-01-27T06:00:00.000000Z,2025-01-28T06:00:00.000000Z,3.71,USD/MMBtu,,2026-08-31T17:32:20.285578Z,2026-08-26,https://www.eia.gov/dnav/ng/hist/rngwhhdD.htm,eia_henry_hub_spot:1788197540285578000:3241dfb4a8883f486cfb073eb5161263d2da2c27ccb423435106659f0cd0bc3e
EIA:DHHNGSP,U.S. EIA,physical_spot,Henry Hub physical spot,Henry Hub,2025-01-28T06:00:00.000000Z,2025-01-29T06:00:00.000000Z,3.4,USD/MMBtu,,2026-08-31T17:32:20.285578Z,2026-08-26,https://www.eia.gov/dnav/ng/hist/rngwhhdD.htm,eia_henry_hub_spot:1788197540285578000:3241dfb4a8883f486cfb073eb5161263d2da2c27ccb423435106659f0cd0bc3e
EIA:DHHNGSP,U.S. EIA,physical_spot,Henry Hub physical spot,Henry Hub,2025-01-29T06:00:00.000000Z,2025-01-30T06:00:00.000000Z,3.38,USD/MMBtu,,2026-08-31T17:32:20.285578Z,2026-08-26,https://www.eia.gov/dnav/ng/hist/rngwhhdD.htm,eia_henry_hub_spot:1788197540285578000:3241dfb4a8883f486cfb073eb5161263d2da2c27ccb423435106659f0cd0bc3e
EIA:DHHNGSP,U.S. EIA,physical_spot,Henry Hub physical spot,Henry Hub,2025-01-30T06:00:00.000000Z,2025-01-31T06:00:00.000000Z,3.12,USD/MMBtu,,2026-08-31T17:32:20.285578Z,2026-08-26,https://www.eia.gov/dnav/ng/hist/rngwhhdD.htm,eia_henry_hub_spot:1788197540285578000:3241dfb4a8883f486cfb073eb5161263d2da2c27ccb423435106659f0cd0bc3e
EIA:DHHNGSP,U.S. EIA,physical_spot,Henry Hub physical spot,Henry Hub,2025-01-31T06:00:00.000000Z,2025-02-01T06:00:00.000000Z,2.93,USD/MMBtu,,2026-08-31T17:32:20.285578Z,2026-08-26,https://www.eia.gov/dnav/ng/hist/rngwhhdD.htm,eia_henry_hub_spot:1788197540285578000:3241dfb4a8883f486cfb073eb5161263d2da2c27ccb423435106659f0cd0bc3e
EIA:DHHNGSP,U.S. EIA,physical_spot,Henry Hub physical spot,Henry Hub,2025-02-03T06:00:00.000000Z,2025-02-04T06:00:00.000000Z,3.3,USD/MMBtu,,2026-08-31T17:32:20.285578Z,2026-08-26,https://www.eia.gov/dnav/ng/hist/rngwhhdD.htm,eia_henry_hub_spot:1788197540285578000:3241dfb4a8883f486cfb073eb5161263d2da2c27ccb423435106659f0cd0bc3e
EIA:DHHNGSP,U.S. EIA,physical_spot,Henry Hub physical spot,Henry Hub,2025-02-04T06:00:00.000000Z,2025-02-05T06:00:00.000000Z,3.25,USD/MMBtu,,2026-08-31T17:32:20.285578Z,2026-08-26,https://www.eia.gov/dnav/ng/hist/rngwhhdD.htm,eia_henry_hub_spot:1788197540285578000:3241dfb4a8883f486cfb073eb5161263d2da2c27ccb423435106659f0cd0bc3e
EIA:DHHNGSP,U.S. EIA,physical_spot,Henry Hub physical spot,Henry Hub,2025-02-05T06:00:00.000000Z,2025-02-06T06:00:00.000000Z,3.22,USD/MMBtu,,2026-08-31T17:32:20.285578Z,2026-08-26,https://www.eia.gov/dnav/ng/hist/rngwhhdD.htm,eia_henry_hub_spot:1788197540285578000:3241dfb4a8883f486cfb073eb5161263d2da2c27ccb423435106659f0cd0bc3e
EIA:DHHNGSP,U.S. EIA,physical_spot,Henry Hub physical spot,Henry Hub,2025-02-06T06:00:00.000000Z,2025-02-07T06:00:00.000000Z,3.31,USD/MMBtu,,2026-08-31T17:32:20.285578Z,2026-08-26,https://www.eia.gov/dnav/ng/hist/rngwhhdD.htm,eia_henry_hub_spot:1788197540285578000:3241dfb4a8883f486cfb073eb5161263d2da2c27ccb423435106659f0cd0bc3e
EIA:DHHNGSP,U.S. EIA,physical_spot,Henry Hub physical spot,Henry Hub,2025-02-07T06:00:00.000000Z,2025-02-08T06:00:00.000000Z,3.32,USD/MMBtu,,2026-08-31T17:32:20.285578Z,2026-08-26,https://www.eia.gov/dnav/ng/hist/rngwhhdD.htm,eia_henry_hub_spot:1788197540285578000:3241dfb4a8883f486cfb073eb5161263d2da2c27ccb423435106659f0cd0bc3e
EIA:DHHNGSP,U.S. EIA,physical_spot,Henry Hub physical spot,Henry Hub,2025-02-10T06:00:00.000000Z,2025-02-11T06:00:00.000000Z,3.48,USD/MMBtu,,2026-08-31T17:32:20.285578Z,2026-08-26,https://www.eia.gov/dnav/ng/hist/rngwhhdD.htm,eia_henry_hub_spot:1788197540285578000:3241dfb4a8883f486cfb073eb5161263d2da2c27ccb423435106659f0cd0bc3e
EIA:DHHNGSP,U.S. EIA,physical_spot,Henry Hub physical spot,Henry Hub,2025-02-11T06:00:00.000000Z,2025-02-12T06:00:00.000000Z,3.65,USD/MMBtu,,2026-08-31T17:32:20.285578Z,2026-08-26,https://www.eia.gov/dnav/ng/hist/rngwhhdD.htm,eia_henry_hub_spot:1788197540285578000:3241dfb4a8883f486cfb073eb5161263d2da2c27ccb423435106659f0cd0bc3e
EIA:DHHNGSP,U.S. EIA,physical_spot,Henry Hub physical spot,Henry Hub,2025-02-12T06:00:00.000000Z,2025-02-13T06:00:00.000000Z,3.97,USD/MMBtu,,2026-08-31T17:32:20.285578Z,2026-08-26,https://www.eia.gov/dnav/ng/hist/rngwhhdD.htm,eia_henry_hub_spot:1788197540285578000:3241dfb4a8883f486cfb073eb5161263d2da2c27ccb423435106659f0cd0bc3e
EIA:DHHNGSP,U.S. EIA,physical_spot,Henry Hub physical spot,Henry Hub,2025-02-13T06:00:00.000000Z,2025-02-14T06:00:00.000000Z,4.43,USD/MMBtu,,2026-08-31T17:32:20.285578Z,2026-08-26,https://www.eia.gov/dnav/ng/hist/rngwhhdD.htm,eia_henry_hub_spot:1788197540285578000:3241dfb4a8883f486cfb073eb5161263d2da2c27ccb423435106659f0cd0bc3e
EIA:DHHNGSP,U.S. EIA,physical_spot,Henry Hub physical spot,Henry Hub,2025-02-14T06:00:00.000000Z,2025-02-15T06:00:00.000000Z,4.6,USD/MMBtu,,2026-08-31T17:32:20.285578Z,2026-08-26,https://www.eia.gov/dnav/ng/hist/rngwhhdD.htm,eia_henry_hub_spot:1788197540285578000:3241dfb4a8883f486cfb073eb5161263d2da2c27ccb423435106659f0cd0bc3e
EIA:DHHNGSP,U.S. EIA,physical_spot,Henry Hub physical spot,Henry Hub,2025-02-18T06:00:00.000000Z,2025-02-19T06:00:00.000000Z,6.4,USD/MMBtu,,2026-08-31T17:32:20.285578Z,2026-08-26,https://www.eia.gov/dnav/ng/hist/rngwhhdD.htm,eia_henry_hub_spot:1788197540285578000:3241dfb4a8883f486cfb073eb5161263d2da2c27ccb423435106659f0cd0bc3e
EIA:DHHNGSP,U.S. EIA,physical_spot,Henry Hub physical spot,Henry Hub,2025-02-19T06:00:00.000000Z,2025-02-20T06:00:00.000000Z,7.15,USD/MMBtu,,2026-08-31T17:32:20.285578Z,2026-08-26,https://www.eia.gov/dnav/ng/hist/rngwhhdD.htm,eia_henry_hub_spot:1788197540285578000:3241dfb4a8883f486cfb073eb5161263d2da2c27ccb423435106659f0cd0bc3e
EIA:DHHNGSP,U.S. EIA,physical_spot,Henry Hub physical spot,Henry Hub,2025-02-20T06:00:00.000000Z,2025-02-21T06:00:00.000000Z,5.62,USD/MMBtu,,2026-08-31T17:32:20.285578Z,2026-08-26,https://www.eia.gov/dnav/ng/hist/rngwhhdD.htm,eia_henry_hub_spot:1788197540285578000:3241dfb4a8883f486cfb073eb5161263d2da2c27ccb423435106659f0cd0bc3e
EIA:DHHNGSP,U.S. EIA,physical_spot,Henry Hub physical spot,Henry Hub,2025-02-21T06:00:00.000000Z,2025-02-22T06:00:00.000000Z,4.43,USD/MMBtu,,2026-08-31T17:32:20.285578Z,2026-08-26,https://www.eia.gov/dnav/ng/hist/rngwhhdD.htm,eia_henry_hub_spot:1788197540285578000:3241dfb4a8883f486cfb073eb5161263d2da2c27ccb423435106659f0cd0bc3e
EIA:DHHNGSP,U.S. EIA,physical_spot,Henry Hub physical spot,Henry Hub,2025-02-24T06:00:00.000000Z,2025-02-25T06:00:00.000000Z,3.86,USD/MMBtu,,2026-08-31T17:32:20.285578Z,2026-08-26,https://www.eia.gov/dnav/ng/hist/rngwhhdD.htm,eia_henry_hub_spot:1788197540285578000:3241dfb4a8883f486cfb073eb5161263d2da2c27ccb423435106659f0cd0bc3e
EIA:DHHNGSP,U.S. EIA,physical_spot,Henry Hub physical spot,Henry Hub,2025-02-25T06:00:00.000000Z,2025-02-26T06:00:00.000000Z,3.88,USD/MMBtu,,2026-08-31T17:32:20.285578Z,2026-08-26,https://www.eia.gov/dnav/ng/hist/rngwhhdD.htm,eia_henry_hub_spot:1788197540285578000:3241dfb4a8883f486cfb073eb5161263d2da2c27ccb423435106659f0cd0bc3e
EIA:DHHNGSP,U.S. EIA,physical_spot,Henry Hub physical spot,Henry Hub,2025-02-26T06:00:00.000000Z,2025-02-27T06:00:00.000000Z,3.9,USD/MMBtu,,2026-08-31T17:32:20.285578Z,2026-08-26,https://www.eia.gov/dnav/ng/hist/rngwhhdD.htm,eia_henry_hub_spot:1788197540285578000:3241dfb4a8883f486cfb073eb5161263d2da2c27ccb423435106659f0cd0bc3e
EIA:DHHNGSP,U.S. EIA,physical_spot,Henry Hub physical spot,Henry Hub,2025-02-27T06:00:00.000000Z,2025-02-28T06:00:00.000000Z,3.91,USD/MMBtu,,2026-08-31T17:32:20.285578Z,2026-08-26,https://www.eia.gov/dnav/ng/hist/rngwhhdD.htm,eia_henry_hub_spot:1788197540285578000:3241dfb4a8883f486cfb073eb5161263d2da2c27ccb423435106659f0cd0bc3e
EIA:DHHNGSP,U.S. EIA,physical_spot,Henry Hub physical spot,Henry Hub,2025-02-28T06:00:00.000000Z,2025-03-01T06:00:00.000000Z,3.91,USD/MMBtu,,2026-08-31T17:32:20.285578Z,2026-08-26,https://www.eia.gov/dnav/ng/hist/rngwhhdD.htm,eia_henry_hub_spot:1788197540285578000:3241dfb4a8883f486cfb073eb5161263d2da2c27ccb423435106659f0cd0bc3e
EIA:DHHNGSP,U.S. EIA,physical_spot,Henry Hub physical spot,Henry Hub,2025-03-03T06:00:00.000000Z,2025-03-04T06:00:00.000000Z,3.8,USD/MMBtu,,2026-08-31T17:32:20.285578Z,2026-08-26,https://www.eia.gov/dnav/ng/hist/rngwhhdD.htm,eia_henry_hub_spot:1788197540285578000:3241dfb4a8883f486cfb073eb5161263d2da2c27ccb423435106659f0cd0bc3e
EIA:DHHNGSP,U.S. EIA,physical_spot,Henry Hub physical spot,Henry Hub,2025-03-04T06:00:00.000000Z,2025-03-05T06:00:00.000000Z,4.39,USD/MMBtu,,2026-08-31T17:32:20.285578Z,2026-08-26,https://www.eia.gov/dnav/ng/hist/rngwhhdD.htm,eia_henry_hub_spot:1788197540285578000:3241dfb4a8883f486cfb073eb5161263d2da2c27ccb423435106659f0cd0bc3e
EIA:DHHNGSP,U.S. EIA,physical_spot,Henry Hub physical spot,Henry Hub,2025-03-05T06:00:00.000000Z,2025-03-06T06:00:00.000000Z,4.4,USD/MMBtu,,2026-08-31T17:32:20.285578Z,2026-08-26,https://www.eia.gov/dnav/ng/hist/rngwhhdD.htm,eia_henry_hub_spot:1788197540285578000:3241dfb4a8883f486cfb073eb5161263d2da2c27ccb423435106659f0cd0bc3e
EIA:DHHNGSP,U.S. EIA,physical_spot,Henry Hub physical spot,Henry Hub,2025-03-06T06:00:00.000000Z,2025-03-07T06:00:00.000000Z,4.39,USD/MMBtu,,2026-08-31T17:32:20.285578Z,2026-08-26,https://www.eia.gov/dnav/ng/hist/rngwhhdD.htm,eia_henry_hub_spot:1788197540285578000:3241dfb4a8883f486cfb073eb5161263d2da2c27ccb423435106659f0cd0bc3e
EIA:DHHNGSP,U.S. EIA,physical_spot,Henry Hub physical spot,Henry Hub,2025-03-07T06:00:00.000000Z,2025-03-08T06:00:00.000000Z,4.39,USD/MMBtu,,2026-08-31T17:32:20.285578Z,2026-08-26,https://www.eia.gov/dnav/ng/hist/rngwhhdD.htm,eia_henry_hub_spot:1788197540285578000:3241dfb4a8883f486cfb073eb5161263d2da2c27ccb423435106659f0cd0bc3e
EIA:DHHNGSP,U.S. EIA,physical_spot,Henry Hub physical spot,Henry Hub,2025-03-10T05:00:00.000000Z,2025-03-11T05:00:00.000000Z,4.23,USD/MMBtu,,2026-08-31T17:32:20.285578Z,2026-08-26,https://www.eia.gov/dnav/ng/hist/rngwhhdD.htm,eia_henry_hub_spot:1788197540285578000:3241dfb4a8883f486cfb073eb5161263d2da2c27ccb423435106659f0cd0bc3e
EIA:DHHNGSP,U.S. EIA,physical_spot,Henry Hub physical spot,Henry Hub,2025-03-11T05:00:00.000000Z,2025-03-12T05:00:00.000000Z,4.57,USD/MMBtu,,2026-08-31T17:32:20.285578Z,2026-08-26,https://www.eia.gov/dnav/ng/hist/rngwhhdD.htm,eia_henry_hub_spot:1788197540285578000:3241dfb4a8883f486cfb073eb5161263d2da2c27ccb423435106659f0cd0bc3e
EIA:DHHNGSP,U.S. EIA,physical_spot,Henry Hub physical spot,Henry Hub,2025-03-12T05:00:00.000000Z,2025-03-13T05:00:00.000000Z,4.18,USD/MMBtu,,2026-08-31T17:32:20.285578Z,2026-08-26,https://www.eia.gov/dnav/ng/hist/rngwhhdD.htm,eia_henry_hub_spot:1788197540285578000:3241dfb4a8883f486cfb073eb5161263d2da2c27ccb423435106659f0cd0bc3e
EIA:DHHNGSP,U.S. EIA,physical_spot,Henry Hub physical spot,Henry Hub,2025-03-13T05:00:00.000000Z,2025-03-14T05:00:00.000000Z,3.89,USD/MMBtu,,2026-08-31T17:32:20.285578Z,2026-08-26,https://www.eia.gov/dnav/ng/hist/rngwhhdD.htm,eia_henry_hub_spot:1788197540285578000:3241dfb4a8883f486cfb073eb5161263d2da2c27ccb423435106659f0cd0bc3e
EIA:DHHNGSP,U.S. EIA,physical_spot,Henry Hub physical spot,Henry Hub,2025-03-14T05:00:00.000000Z,2025-03-15T05:00:00.000000Z,3.89,USD/MMBtu,,2026-08-31T17:32:20.285578Z,2026-08-26,https://www.eia.gov/dnav/ng/hist/rngwhhdD.htm,eia_henry_hub_spot:1788197540285578000:3241dfb4a8883f486cfb073eb5161263d2da2c27ccb423435106659f0cd0bc3e
EIA:DHHNGSP,U.S. EIA,physical_spot,Henry Hub physical spot,Henry Hub,2025-03-17T05:00:00.000000Z,2025-03-18T05:00:00.000000Z,4.15,USD/MMBtu,,2026-08-31T17:32:20.285578Z,2026-08-26,https://www.eia.gov/dnav/ng/hist/rngwhhdD.htm,eia_henry_hub_spot:1788197540285578000:3241dfb4a8883f486cfb073eb5161263d2da2c27ccb423435106659f0cd0bc3e
EIA:DHHNGSP,U.S. EIA,physical_spot,Henry Hub physical spot,Henry Hub,2025-03-18T05:00:00.000000Z,2025-03-19T05:00:00.000000Z,4.17,USD/MMBtu,,2026-08-31T17:32:20.285578Z,2026-08-26,https://www.eia.gov/dnav/ng/hist/rngwhhdD.htm,eia_henry_hub_spot:1788197540285578000:3241dfb4a8883f486cfb073eb5161263d2da2c27ccb423435106659f0cd0bc3e
EIA:DHHNGSP,U.S. EIA,physical_spot,Henry Hub physical spot,Henry Hub,2025-03-19T05:00:00.000000Z,2025-03-20T05:00:00.000000Z,4.21,USD/MMBtu,,2026-08-31T17:32:20.285578Z,2026-08-26,https://www.eia.gov/dnav/ng/hist/rngwhhdD.htm,eia_henry_hub_spot:1788197540285578000:3241dfb4a8883f486cfb073eb5161263d2da2c27ccb423435106659f0cd0bc3e
EIA:DHHNGSP,U.S. EIA,physical_spot,Henry Hub physical spot,Henry Hub,2025-03-20T05:00:00.000000Z,2025-03-21T05:00:00.000000Z,4.23,USD/MMBtu,,2026-08-31T17:32:20.285578Z,2026-08-26,https://www.eia.gov/dnav/ng/hist/rngwhhdD.htm,eia_henry_hub_spot:1788197540285578000:3241dfb4a8883f486cfb073eb5161263d2da2c27ccb423435106659f0cd0bc3e
EIA:DHHNGSP,U.S. EIA,physical_spot,Henry Hub physical spot,Henry Hub,2025-03-21T05:00:00.000000Z,2025-03-22T05:00:00.000000Z,3.93,USD/MMBtu,,2026-08-31T17:32:20.285578Z,2026-08-26,https://www.eia.gov/dnav/ng/hist/rngwhhdD.htm,eia_henry_hub_spot:1788197540285578000:3241dfb4a8883f486cfb073eb5161263d2da2c27ccb423435106659f0cd0bc3e
EIA:DHHNGSP,U.S. EIA,physical_spot,Henry Hub physical spot,Henry Hub,2025-03-24T05:00:00.000000Z,2025-03-25T05:00:00.000000Z,4.03,USD/MMBtu,,2026-08-31T17:32:20.285578Z,2026-08-26,https://www.eia.gov/dnav/ng/hist/rngwhhdD.htm,eia_henry_hub_spot:1788197540285578000:3241dfb4a8883f486cfb073eb5161263d2da2c27ccb423435106659f0cd0bc3e
EIA:DHHNGSP,U.S. EIA,physical_spot,Henry Hub physical spot,Henry Hub,2025-03-25T05:00:00.000000Z,2025-03-26T05:00:00.000000Z,3.94,USD/MMBtu,,2026-08-31T17:32:20.285578Z,2026-08-26,https://www.eia.gov/dnav/ng/hist/rngwhhdD.htm,eia_henry_hub_spot:1788197540285578000:3241dfb4a8883f486cfb073eb5161263d2da2c27ccb423435106659f0cd0bc3e
EIA:DHHNGSP,U.S. EIA,physical_spot,Henry Hub physical spot,Henry Hub,2025-03-26T05:00:00.000000Z,2025-03-27T05:00:00.000000Z,3.85,USD/MMBtu,,2026-08-31T17:32:20.285578Z,2026-08-26,https://www.eia.gov/dnav/ng/hist/rngwhhdD.htm,eia_henry_hub_spot:1788197540285578000:3241dfb4a8883f486cfb073eb5161263d2da2c27ccb423435106659f0cd0bc3e
EIA:DHHNGSP,U.S. EIA,physical_spot,Henry Hub physical spot,Henry Hub,2025-03-27T05:00:00.000000Z,2025-03-28T05:00:00.000000Z,3.88,USD/MMBtu,,2026-08-31T17:32:20.285578Z,2026-08-26,https://www.eia.gov/dnav/ng/hist/rngwhhdD.htm,eia_henry_hub_spot:1788197540285578000:3241dfb4a8883f486cfb073eb5161263d2da2c27ccb423435106659f0cd0bc3e
EIA:DHHNGSP,U.S. EIA,physical_spot,Henry Hub physical spot,Henry Hub,2025-03-28T05:00:00.000000Z,2025-03-29T05:00:00.000000Z,3.89,USD/MMBtu,,2026-08-31T17:32:20.285578Z,2026-08-26,https://www.eia.gov/dnav/ng/hist/rngwhhdD.htm,eia_henry_hub_spot:1788197540285578000:3241dfb4a8883f486cfb073eb5161263d2da2c27ccb423435106659f0cd0bc3e
EIA:DHHNGSP,U.S. EIA,physical_spot,Henry Hub physical spot,Henry Hub,2025-03-31T05:00:00.000000Z,2025-04-01T05:00:00.000000Z,4.11,USD/MMBtu,,2026-08-31T17:32:20.285578Z,2026-08-26,https://www.eia.gov/dnav/ng/hist/rngwhhdD.htm,eia_henry_hub_spot:1788197540285578000:3241dfb4a8883f486cfb073eb5161263d2da2c27ccb423435106659f0cd0bc3e
EIA:DHHNGSP,U.S. EIA,physical_spot,Henry Hub physical spot,Henry Hub,2025-04-01T05:00:00.000000Z,2025-04-02T05:00:00.000000Z,3.96,USD/MMBtu,,2026-08-31T17:32:20.285578Z,2026-08-26,https://www.eia.gov/dnav/ng/hist/rngwhhdD.htm,eia_henry_hub_spot:1788197540285578000:3241dfb4a8883f486cfb073eb5161263d2da2c27ccb423435106659f0cd0bc3e
EIA:DHHNGSP,U.S. EIA,physical_spot,Henry Hub physical spot,Henry Hub,2025-04-02T05:00:00.000000Z,2025-04-03T05:00:00.000000Z,4.04,USD/MMBtu,,2026-08-31T17:32:20.285578Z,2026-08-26,https://www.eia.gov/dnav/ng/hist/rngwhhdD.htm,eia_henry_hub_spot:1788197540285578000:3241dfb4a8883f486cfb073eb5161263d2da2c27ccb423435106659f0cd0bc3e
EIA:DHHNGSP,U.S. EIA,physical_spot,Henry Hub physical spot,Henry Hub,2025-04-03T05:00:00.000000Z,2025-04-04T05:00:00.000000Z,4.21,USD/MMBtu,,2026-08-31T17:32:20.285578Z,2026-08-26,https://www.eia.gov/dnav/ng/hist/rngwhhdD.htm,eia_henry_hub_spot:1788197540285578000:3241dfb4a8883f486cfb073eb5161263d2da2c27ccb423435106659f0cd0bc3e
EIA:DHHNGSP,U.S. EIA,physical_spot,Henry Hub physical spot,Henry Hub,2025-04-04T05:00:00.000000Z,2025-04-05T05:00:00.000000Z,4.04,USD/MMBtu,,2026-08-31T17:32:20.285578Z,2026-08-26,https://www.eia.gov/dnav/ng/hist/rngwhhdD.htm,eia_henry_hub_spot:1788197540285578000:3241dfb4a8883f486cfb073eb5161263d2da2c27ccb423435106659f0cd0bc3e
EIA:DHHNGSP,U.S. EIA,physical_spot,Henry Hub physical spot,Henry Hub,2025-04-07T05:00:00.000000Z,2025-04-08T05:00:00.000000Z,3.97,USD/MMBtu,,2026-08-31T17:32:20.285578Z,2026-08-26,https://www.eia.gov/dnav/ng/hist/rngwhhdD.htm,eia_henry_hub_spot:1788197540285578000:3241dfb4a8883f486cfb073eb5161263d2da2c27ccb423435106659f0cd0bc3e
EIA:DHHNGSP,U.S. EIA,physical_spot,Henry Hub physical spot,Henry Hub,2025-04-08T05:00:00.000000Z,2025-04-09T05:00:00.000000Z,3.85,USD/MMBtu,,2026-08-31T17:32:20.285578Z,2026-08-26,https://www.eia.gov/dnav/ng/hist/rngwhhdD.htm,eia_henry_hub_spot:1788197540285578000:3241dfb4a8883f486cfb073eb5161263d2da2c27ccb423435106659f0cd0bc3e
EIA:DHHNGSP,U.S. EIA,physical_spot,Henry Hub physical spot,Henry Hub,2025-04-09T05:00:00.000000Z,2025-04-10T05:00:00.000000Z,3.42,USD/MMBtu,,2026-08-31T17:32:20.285578Z,2026-08-26,https://www.eia.gov/dnav/ng/hist/rngwhhdD.htm,eia_henry_hub_spot:1788197540285578000:3241dfb4a8883f486cfb073eb5161263d2da2c27ccb423435106659f0cd0bc3e
EIA:DHHNGSP,U.S. EIA,physical_spot,Henry Hub physical spot,Henry Hub,2025-04-10T05:00:00.000000Z,2025-04-11T05:00:00.000000Z,3.7,USD/MMBtu,,2026-08-31T17:32:20.285578Z,2026-08-26,https://www.eia.gov/dnav/ng/hist/rngwhhdD.htm,eia_henry_hub_spot:1788197540285578000:3241dfb4a8883f486cfb073eb5161263d2da2c27ccb423435106659f0cd0bc3e
EIA:DHHNGSP,U.S. EIA,physical_spot,Henry Hub physical spot,Henry Hub,2025-04-11T05:00:00.000000Z,2025-04-12T05:00:00.000000Z,3.44,USD/MMBtu,,2026-08-31T17:32:20.285578Z,2026-08-26,https://www.eia.gov/dnav/ng/hist/rngwhhdD.htm,eia_henry_hub_spot:1788197540285578000:3241dfb4a8883f486cfb073eb5161263d2da2c27ccb423435106659f0cd0bc3e
EIA:DHHNGSP,U.S. EIA,physical_spot,Henry Hub physical spot,Henry Hub,2025-04-14T05:00:00.000000Z,2025-04-15T05:00:00.000000Z,3.57,USD/MMBtu,,2026-08-31T17:32:20.285578Z,2026-08-26,https://www.eia.gov/dnav/ng/hist/rngwhhdD.htm,eia_henry_hub_spot:1788197540285578000:3241dfb4a8883f486cfb073eb5161263d2da2c27ccb423435106659f0cd0bc3e
EIA:DHHNGSP,U.S. EIA,physical_spot,Henry Hub physical spot,Henry Hub,2025-04-15T05:00:00.000000Z,2025-04-16T05:00:00.000000Z,3.27,USD/MMBtu,,2026-08-31T17:32:20.285578Z,2026-08-26,https://www.eia.gov/dnav/ng/hist/rngwhhdD.htm,eia_henry_hub_spot:1788197540285578000:3241dfb4a8883f486cfb073eb5161263d2da2c27ccb423435106659f0cd0bc3e
EIA:DHHNGSP,U.S. EIA,physical_spot,Henry Hub physical spot,Henry Hub,2025-04-16T05:00:00.000000Z,2025-04-17T05:00:00.000000Z,3.25,USD/MMBtu,,2026-08-31T17:32:20.285578Z,2026-08-26,https://www.eia.gov/dnav/ng/hist/rngwhhdD.htm,eia_henry_hub_spot:1788197540285578000:3241dfb4a8883f486cfb073eb5161263d2da2c27ccb423435106659f0cd0bc3e
EIA:DHHNGSP,U.S. EIA,physical_spot,Henry Hub physical spot,Henry Hub,2025-04-17T05:00:00.000000Z,2025-04-18T05:00:00.000000Z,2.94,USD/MMBtu,,2026-08-31T17:32:20.285578Z,2026-08-26,https://www.eia.gov/dnav/ng/hist/rngwhhdD.htm,eia_henry_hub_spot:1788197540285578000:3241dfb4a8883f486cfb073eb5161263d2da2c27ccb423435106659f0cd0bc3e
EIA:DHHNGSP,U.S. EIA,physical_spot,Henry Hub physical spot,Henry Hub,2025-04-21T05:00:00.000000Z,2025-04-22T05:00:00.000000Z,3.16,USD/MMBtu,,2026-08-31T17:32:20.285578Z,2026-08-26,https://www.eia.gov/dnav/ng/hist/rngwhhdD.htm,eia_henry_hub_spot:1788197540285578000:3241dfb4a8883f486cfb073eb5161263d2da2c27ccb423435106659f0cd0bc3e
EIA:DHHNGSP,U.S. EIA,physical_spot,Henry Hub physical spot,Henry Hub,2025-04-22T05:00:00.000000Z,2025-04-23T05:00:00.000000Z,3.12,USD/MMBtu,,2026-08-31T17:32:20.285578Z,2026-08-26,https://www.eia.gov/dnav/ng/hist/rngwhhdD.htm,eia_henry_hub_spot:1788197540285578000:3241dfb4a8883f486cfb073eb5161263d2da2c27ccb423435106659f0cd0bc3e
EIA:DHHNGSP,U.S. EIA,physical_spot,Henry Hub physical spot,Henry Hub,2025-04-23T05:00:00.000000Z,2025-04-24T05:00:00.000000Z,3.12,USD/MMBtu,,2026-08-31T17:32:20.285578Z,2026-08-26,https://www.eia.gov/dnav/ng/hist/rngwhhdD.htm,eia_henry_hub_spot:1788197540285578000:3241dfb4a8883f486cfb073eb5161263d2da2c27ccb423435106659f0cd0bc3e
EIA:DHHNGSP,U.S. EIA,physical_spot,Henry Hub physical spot,Henry Hub,2025-04-24T05:00:00.000000Z,2025-04-25T05:00:00.000000Z,2.87,USD/MMBtu,,2026-08-31T17:32:20.285578Z,2026-08-26,https://www.eia.gov/dnav/ng/hist/rngwhhdD.htm,eia_henry_hub_spot:1788197540285578000:3241dfb4a8883f486cfb073eb5161263d2da2c27ccb423435106659f0cd0bc3e
EIA:DHHNGSP,U.S. EIA,physical_spot,Henry Hub physical spot,Henry Hub,2025-04-25T05:00:00.000000Z,2025-04-26T05:00:00.000000Z,2.71,USD/MMBtu,,2026-08-31T17:32:20.285578Z,2026-08-26,https://www.eia.gov/dnav/ng/hist/rngwhhdD.htm,eia_henry_hub_spot:1788197540285578000:3241dfb4a8883f486cfb073eb5161263d2da2c27ccb423435106659f0cd0bc3e
EIA:DHHNGSP,U.S. EIA,physical_spot,Henry Hub physical spot,Henry Hub,2025-04-28T05:00:00.000000Z,2025-04-29T05:00:00.000000Z,2.96,USD/MMBtu,,2026-08-31T17:32:20.285578Z,2026-08-26,https://www.eia.gov/dnav/ng/hist/rngwhhdD.htm,eia_henry_hub_spot:1788197540285578000:3241dfb4a8883f486cfb073eb5161263d2da2c27ccb423435106659f0cd0bc3e
EIA:DHHNGSP,U.S. EIA,physical_spot,Henry Hub physical spot,Henry Hub,2025-04-29T05:00:00.000000Z,2025-04-30T05:00:00.000000Z,3.17,USD/MMBtu,,2026-08-31T17:32:20.285578Z,2026-08-26,https://www.eia.gov/dnav/ng/hist/rngwhhdD.htm,eia_henry_hub_spot:1788197540285578000:3241dfb4a8883f486cfb073eb5161263d2da2c27ccb423435106659f0cd0bc3e
EIA:DHHNGSP,U.S. EIA,physical_spot,Henry Hub physical spot,Henry Hub,2025-04-30T05:00:00.000000Z,2025-05-01T05:00:00.000000Z,3.12,USD/MMBtu,,2026-08-31T17:32:20.285578Z,2026-08-26,https://www.eia.gov/dnav/ng/hist/rngwhhdD.htm,eia_henry_hub_spot:1788197540285578000:3241dfb4a8883f486cfb073eb5161263d2da2c27ccb423435106659f0cd0bc3e
EIA:DHHNGSP,U.S. EIA,physical_spot,Henry Hub physical spot,Henry Hub,2025-05-01T05:00:00.000000Z,2025-05-02T05:00:00.000000Z,3.08,USD/MMBtu,,2026-08-31T17:32:20.285578Z,2026-08-26,https://www.eia.gov/dnav/ng/hist/rngwhhdD.htm,eia_henry_hub_spot:1788197540285578000:3241dfb4a8883f486cfb073eb5161263d2da2c27ccb423435106659f0cd0bc3e
EIA:DHHNGSP,U.S. EIA,physical_spot,Henry Hub physical spot,Henry Hub,2025-05-02T05:00:00.000000Z,2025-05-03T05:00:00.000000Z,3.1,USD/MMBtu,,2026-08-31T17:32:20.285578Z,2026-08-26,https://www.eia.gov/dnav/ng/hist/rngwhhdD.htm,eia_henry_hub_spot:1788197540285578000:3241dfb4a8883f486cfb073eb5161263d2da2c27ccb423435106659f0cd0bc3e
EIA:DHHNGSP,U.S. EIA,physical_spot,Henry Hub physical spot,Henry Hub,2025-05-05T05:00:00.000000Z,2025-05-06T05:00:00.000000Z,3.26,USD/MMBtu,,2026-08-31T17:32:20.285578Z,2026-08-26,https://www.eia.gov/dnav/ng/hist/rngwhhdD.htm,eia_henry_hub_spot:1788197540285578000:3241dfb4a8883f486cfb073eb5161263d2da2c27ccb423435106659f0cd0bc3e
EIA:DHHNGSP,U.S. EIA,physical_spot,Henry Hub physical spot,Henry Hub,2025-05-06T05:00:00.000000Z,2025-05-07T05:00:00.000000Z,3.08,USD/MMBtu,,2026-08-31T17:32:20.285578Z,2026-08-26,https://www.eia.gov/dnav/ng/hist/rngwhhdD.htm,eia_henry_hub_spot:1788197540285578000:3241dfb4a8883f486cfb073eb5161263d2da2c27ccb423435106659f0cd0bc3e
EIA:DHHNGSP,U.S. EIA,physical_spot,Henry Hub physical spot,Henry Hub,2025-05-07T05:00:00.000000Z,2025-05-08T05:00:00.000000Z,3.18,USD/MMBtu,,2026-08-31T17:32:20.285578Z,2026-08-26,https://www.eia.gov/dnav/ng/hist/rngwhhdD.htm,eia_henry_hub_spot:1788197540285578000:3241dfb4a8883f486cfb073eb5161263d2da2c27ccb423435106659f0cd0bc3e
EIA:DHHNGSP,U.S. EIA,physical_spot,Henry Hub physical spot,Henry Hub,2025-05-08T05:00:00.000000Z,2025-05-09T05:00:00.000000Z,3.23,USD/MMBtu,,2026-08-31T17:32:20.285578Z,2026-08-26,https://www.eia.gov/dnav/ng/hist/rngwhhdD.htm,eia_henry_hub_spot:1788197540285578000:3241dfb4a8883f486cfb073eb5161263d2da2c27ccb423435106659f0cd0bc3e
EIA:DHHNGSP,U.S. EIA,physical_spot,Henry Hub physical spot,Henry Hub,2025-05-09T05:00:00.000000Z,2025-05-10T05:00:00.000000Z,3.22,USD/MMBtu,,2026-08-31T17:32:20.285578Z,2026-08-26,https://www.eia.gov/dnav/ng/hist/rngwhhdD.htm,eia_henry_hub_spot:1788197540285578000:3241dfb4a8883f486cfb073eb5161263d2da2c27ccb423435106659f0cd0bc3e
EIA:DHHNGSP,U.S. EIA,physical_spot,Henry Hub physical spot,Henry Hub,2025-05-12T05:00:00.000000Z,2025-05-13T05:00:00.000000Z,3.19,USD/MMBtu,,2026-08-31T17:32:20.285578Z,2026-08-26,https://www.eia.gov/dnav/ng/hist/rngwhhdD.htm,eia_henry_hub_spot:1788197540285578000:3241dfb4a8883f486cfb073eb5161263d2da2c27ccb423435106659f0cd0bc3e
EIA:DHHNGSP,U.S. EIA,physical_spot,Henry Hub physical spot,Henry Hub,2025-05-13T05:00:00.000000Z,2025-05-14T05:00:00.000000Z,3.27,USD/MMBtu,,2026-08-31T17:32:20.285578Z,2026-08-26,https://www.eia.gov/dnav/ng/hist/rngwhhdD.htm,eia_henry_hub_spot:1788197540285578000:3241dfb4a8883f486cfb073eb5161263d2da2c27ccb423435106659f0cd0bc3e
EIA:DHHNGSP,U.S. EIA,physical_spot,Henry Hub physical spot,Henry Hub,2025-05-14T05:00:00.000000Z,2025-05-15T05:00:00.000000Z,3.31,USD/MMBtu,,2026-08-31T17:32:20.285578Z,2026-08-26,https://www.eia.gov/dnav/ng/hist/rngwhhdD.htm,eia_henry_hub_spot:1788197540285578000:3241dfb4a8883f486cfb073eb5161263d2da2c27ccb423435106659f0cd0bc3e
EIA:DHHNGSP,U.S. EIA,physical_spot,Henry Hub physical spot,Henry Hub,2025-05-15T05:00:00.000000Z,2025-05-16T05:00:00.000000Z,3.2,USD/MMBtu,,2026-08-31T17:32:20.285578Z,2026-08-26,https://www.eia.gov/dnav/ng/hist/rngwhhdD.htm,eia_henry_hub_spot:1788197540285578000:3241dfb4a8883f486cfb073eb5161263d2da2c27ccb423435106659f0cd0bc3e
EIA:DHHNGSP,U.S. EIA,physical_spot,Henry Hub physical spot,Henry Hub,2025-05-16T05:00:00.000000Z,2025-05-17T05:00:00.000000Z,3.01,USD/MMBtu,,2026-08-31T17:32:20.285578Z,2026-08-26,https://www.eia.gov/dnav/ng/hist/rngwhhdD.htm,eia_henry_hub_spot:1788197540285578000:3241dfb4a8883f486cfb073eb5161263d2da2c27ccb423435106659f0cd0bc3e
EIA:DHHNGSP,U.S. EIA,physical_spot,Henry Hub physical spot,Henry Hub,2025-05-19T05:00:00.000000Z,2025-05-20T05:00:00.000000Z,2.96,USD/MMBtu,,2026-08-31T17:32:20.285578Z,2026-08-26,https://www.eia.gov/dnav/ng/hist/rngwhhdD.htm,eia_henry_hub_spot:1788197540285578000:3241dfb4a8883f486cfb073eb5161263d2da2c27ccb423435106659f0cd0bc3e
EIA:DHHNGSP,U.S. EIA,physical_spot,Henry Hub physical spot,Henry Hub,2025-05-20T05:00:00.000000Z,2025-05-21T05:00:00.000000Z,3.15,USD/MMBtu,,2026-08-31T17:32:20.285578Z,2026-08-26,https://www.eia.gov/dnav/ng/hist/rngwhhdD.htm,eia_henry_hub_spot:1788197540285578000:3241dfb4a8883f486cfb073eb5161263d2da2c27ccb423435106659f0cd0bc3e
EIA:DHHNGSP,U.S. EIA,physical_spot,Henry Hub physical spot,Henry Hub,2025-05-21T05:00:00.000000Z,2025-05-22T05:00:00.000000Z,3.2,USD/MMBtu,,2026-08-31T17:32:20.285578Z,2026-08-26,https://www.eia.gov/dnav/ng/hist/rngwhhdD.htm,eia_henry_hub_spot:1788197540285578000:3241dfb4a8883f486cfb073eb5161263d2da2c27ccb423435106659f0cd0bc3e
EIA:DHHNGSP,U.S. EIA,physical_spot,Henry Hub physical spot,Henry Hub,2025-05-22T05:00:00.000000Z,2025-05-23T05:00:00.000000Z,3.0,USD/MMBtu,,2026-08-31T17:32:20.285578Z,2026-08-26,https://www.eia.gov/dnav/ng/hist/rngwhhdD.htm,eia_henry_hub_spot:1788197540285578000:3241dfb4a8883f486cfb073eb5161263d2da2c27ccb423435106659f0cd0bc3e
EIA:DHHNGSP,U.S. EIA,physical_spot,Henry Hub physical spot,Henry Hub,2025-05-23T05:00:00.000000Z,2025-05-24T05:00:00.000000Z,2.93,USD/MMBtu,,2026-08-31T17:32:20.285578Z,2026-08-26,https://www.eia.gov/dnav/ng/hist/rngwhhdD.htm,eia_henry_hub_spot:1788197540285578000:3241dfb4a8883f486cfb073eb5161263d2da2c27ccb423435106659f0cd0bc3e
EIA:DHHNGSP,U.S. EIA,physical_spot,Henry Hub physical spot,Henry Hub,2025-05-27T05:00:00.000000Z,2025-05-28T05:00:00.000000Z,3.2,USD/MMBtu,,2026-08-31T17:32:20.285578Z,2026-08-26,https://www.eia.gov/dnav/ng/hist/rngwhhdD.htm,eia_henry_hub_spot:1788197540285578000:3241dfb4a8883f486cfb073eb5161263d2da2c27ccb423435106659f0cd0bc3e
EIA:DHHNGSP,U.S. EIA,physical_spot,Henry Hub physical spot,Henry Hub,2025-05-28T05:00:00.000000Z,2025-05-29T05:00:00.000000Z,3.09,USD/MMBtu,,2026-08-31T17:32:20.285578Z,2026-08-26,https://www.eia.gov/dnav/ng/hist/rngwhhdD.htm,eia_henry_hub_spot:1788197540285578000:3241dfb4a8883f486cfb073eb5161263d2da2c27ccb423435106659f0cd0bc3e
EIA:DHHNGSP,U.S. EIA,physical_spot,Henry Hub physical spot,Henry Hub,2025-05-29T05:00:00.000000Z,2025-05-30T05:00:00.000000Z,2.97,USD/MMBtu,,2026-08-31T17:32:20.285578Z,2026-08-26,https://www.eia.gov/dnav/ng/hist/rngwhhdD.htm,eia_henry_hub_spot:1788197540285578000:3241dfb4a8883f486cfb073eb5161263d2da2c27ccb423435106659f0cd0bc3e
EIA:DHHNGSP,U.S. EIA,physical_spot,Henry Hub physical spot,Henry Hub,2025-05-30T05:00:00.000000Z,2025-05-31T05:00:00.000000Z,2.86,USD/MMBtu,,2026-08-31T17:32:20.285578Z,2026-08-26,https://www.eia.gov/dnav/ng/hist/rngwhhdD.htm,eia_henry_hub_spot:1788197540285578000:3241dfb4a8883f486cfb073eb5161263d2da2c27ccb423435106659f0cd0bc3e
EIA:DHHNGSP,U.S. EIA,physical_spot,Henry Hub physical spot,Henry Hub,2025-06-02T05:00:00.000000Z,2025-06-03T05:00:00.000000Z,3.0,USD/MMBtu,,2026-08-31T17:32:20.285578Z,2026-08-26,https://www.eia.gov/dnav/ng/hist/rngwhhdD.htm,eia_henry_hub_spot:1788197540285578000:3241dfb4a8883f486cfb073eb5161263d2da2c27ccb423435106659f0cd0bc3e
EIA:DHHNGSP,U.S. EIA,physical_spot,Henry Hub physical spot,Henry Hub,2025-06-03T05:00:00.000000Z,2025-06-04T05:00:00.000000Z,2.84,USD/MMBtu,,2026-08-31T17:32:20.285578Z,2026-08-26,https://www.eia.gov/dnav/ng/hist/rngwhhdD.htm,eia_henry_hub_spot:1788197540285578000:3241dfb4a8883f486cfb073eb5161263d2da2c27ccb423435106659f0cd0bc3e
EIA:DHHNGSP,U.S. EIA,physical_spot,Henry Hub physical spot,Henry Hub,2025-06-04T05:00:00.000000Z,2025-06-05T05:00:00.000000Z,2.8,USD/MMBtu,,2026-08-31T17:32:20.285578Z,2026-08-26,https://www.eia.gov/dnav/ng/hist/rngwhhdD.htm,eia_henry_hub_spot:1788197540285578000:3241dfb4a8883f486cfb073eb5161263d2da2c27ccb423435106659f0cd0bc3e
EIA:DHHNGSP,U.S. EIA,physical_spot,Henry Hub physical spot,Henry Hub,2025-06-05T05:00:00.000000Z,2025-06-06T05:00:00.000000Z,2.86,USD/MMBtu,,2026-08-31T17:32:20.285578Z,2026-08-26,https://www.eia.gov/dnav/ng/hist/rngwhhdD.htm,eia_henry_hub_spot:1788197540285578000:3241dfb4a8883f486cfb073eb5161263d2da2c27ccb423435106659f0cd0bc3e
EIA:DHHNGSP,U.S. EIA,physical_spot,Henry Hub physical spot,Henry Hub,2025-06-06T05:00:00.000000Z,2025-06-07T05:00:00.000000Z,2.68,USD/MMBtu,,2026-08-31T17:32:20.285578Z,2026-08-26,https://www.eia.gov/dnav/ng/hist/rngwhhdD.htm,eia_henry_hub_spot:1788197540285578000:3241dfb4a8883f486cfb073eb5161263d2da2c27ccb423435106659f0cd0bc3e
EIA:DHHNGSP,U.S. EIA,physical_spot,Henry Hub physical spot,Henry Hub,2025-06-09T05:00:00.000000Z,2025-06-10T05:00:00.000000Z,3.13,USD/MMBtu,,2026-08-31T17:32:20.285578Z,2026-08-26,https://www.eia.gov/dnav/ng/hist/rngwhhdD.htm,eia_henry_hub_spot:1788197540285578000:3241dfb4a8883f486cfb073eb5161263d2da2c27ccb423435106659f0cd0bc3e
EIA:DHHNGSP,U.S. EIA,physical_spot,Henry Hub physical spot,Henry Hub,2025-06-10T05:00:00.000000Z,2025-06-11T05:00:00.000000Z,2.79,USD/MMBtu,,2026-08-31T17:32:20.285578Z,2026-08-26,https://www.eia.gov/dnav/ng/hist/rngwhhdD.htm,eia_henry_hub_spot:1788197540285578000:3241dfb4a8883f486cfb073eb5161263d2da2c27ccb423435106659f0cd0bc3e
EIA:DHHNGSP,U.S. EIA,physical_spot,Henry Hub physical spot,Henry Hub,2025-06-11T05:00:00.000000Z,2025-06-12T05:00:00.000000Z,2.73,USD/MMBtu,,2026-08-31T17:32:20.285578Z,2026-08-26,https://www.eia.gov/dnav/ng/hist/rngwhhdD.htm,eia_henry_hub_spot:1788197540285578000:3241dfb4a8883f486cfb073eb5161263d2da2c27ccb423435106659f0cd0bc3e
EIA:DHHNGSP,U.S. EIA,physical_spot,Henry Hub physical spot,Henry Hub,2025-06-12T05:00:00.000000Z,2025-06-13T05:00:00.000000Z,2.9,USD/MMBtu,,2026-08-31T17:32:20.285578Z,2026-08-26,https://www.eia.gov/dnav/ng/hist/rngwhhdD.htm,eia_henry_hub_spot:1788197540285578000:3241dfb4a8883f486cfb073eb5161263d2da2c27ccb423435106659f0cd0bc3e
EIA:DHHNGSP,U.S. EIA,physical_spot,Henry Hub physical spot,Henry Hub,2025-06-13T05:00:00.000000Z,2025-06-14T05:00:00.000000Z,2.65,USD/MMBtu,,2026-08-31T17:32:20.285578Z,2026-08-26,https://www.eia.gov/dnav/ng/hist/rngwhhdD.htm,eia_henry_hub_spot:1788197540285578000:3241dfb4a8883f486cfb073eb5161263d2da2c27ccb423435106659f0cd0bc3e
EIA:DHHNGSP,U.S. EIA,physical_spot,Henry Hub physical spot,Henry Hub,2025-06-16T05:00:00.000000Z,2025-06-17T05:00:00.000000Z,2.9,USD/MMBtu,,2026-08-31T17:32:20.285578Z,2026-08-26,https://www.eia.gov/dnav/ng/hist/rngwhhdD.htm,eia_henry_hub_spot:1788197540285578000:3241dfb4a8883f486cfb073eb5161263d2da2c27ccb423435106659f0cd0bc3e
EIA:DHHNGSP,U.S. EIA,physical_spot,Henry Hub physical spot,Henry Hub,2025-06-17T05:00:00.000000Z,2025-06-18T05:00:00.000000Z,2.9,USD/MMBtu,,2026-08-31T17:32:20.285578Z,2026-08-26,https://www.eia.gov/dnav/ng/hist/rngwhhdD.htm,eia_henry_hub_spot:1788197540285578000:3241dfb4a8883f486cfb073eb5161263d2da2c27ccb423435106659f0cd0bc3e
EIA:DHHNGSP,U.S. EIA,physical_spot,Henry Hub physical spot,Henry Hub,2025-06-18T05:00:00.000000Z,2025-06-19T05:00:00.000000Z,3.43,USD/MMBtu,,2026-08-31T17:32:20.285578Z,2026-08-26,https://www.eia.gov/dnav/ng/hist/rngwhhdD.htm,eia_henry_hub_spot:1788197540285578000:3241dfb4a8883f486cfb073eb5161263d2da2c27ccb423435106659f0cd0bc3e
EIA:DHHNGSP,U.S. EIA,physical_spot,Henry Hub physical spot,Henry Hub,2025-06-20T05:00:00.000000Z,2025-06-21T05:00:00.000000Z,3.09,USD/MMBtu,,2026-08-31T17:32:20.285578Z,2026-08-26,https://www.eia.gov/dnav/ng/hist/rngwhhdD.htm,eia_henry_hub_spot:1788197540285578000:3241dfb4a8883f486cfb073eb5161263d2da2c27ccb423435106659f0cd0bc3e
EIA:DHHNGSP,U.S. EIA,physical_spot,Henry Hub physical spot,Henry Hub,2025-06-23T05:00:00.000000Z,2025-06-24T05:00:00.000000Z,3.5,USD/MMBtu,,2026-08-31T17:32:20.285578Z,2026-08-26,https://www.eia.gov/dnav/ng/hist/rngwhhdD.htm,eia_henry_hub_spot:1788197540285578000:3241dfb4a8883f486cfb073eb5161263d2da2c27ccb423435106659f0cd0bc3e
EIA:DHHNGSP,U.S. EIA,physical_spot,Henry Hub physical spot,Henry Hub,2025-06-24T05:00:00.000000Z,2025-06-25T05:00:00.000000Z,3.3,USD/MMBtu,,2026-08-31T17:32:20.285578Z,2026-08-26,https://www.eia.gov/dnav/ng/hist/rngwhhdD.htm,eia_henry_hub_spot:1788197540285578000:3241dfb4a8883f486cfb073eb5161263d2da2c27ccb423435106659f0cd0bc3e
EIA:DHHNGSP,U.S. EIA,physical_spot,Henry Hub physical spot,Henry Hub,2025-06-25T05:00:00.000000Z,2025-06-26T05:00:00.000000Z,3.26,USD/MMBtu,,2026-08-31T17:32:20.285578Z,2026-08-26,https://www.eia.gov/dnav/ng/hist/rngwhhdD.htm,eia_henry_hub_spot:1788197540285578000:3241dfb4a8883f486cfb073eb5161263d2da2c27ccb423435106659f0cd0bc3e
EIA:DHHNGSP,U.S. EIA,physical_spot,Henry Hub physical spot,Henry Hub,2025-06-26T05:00:00.000000Z,2025-06-27T05:00:00.000000Z,3.23,USD/MMBtu,,2026-08-31T17:32:20.285578Z,2026-08-26,https://www.eia.gov/dnav/ng/hist/rngwhhdD.htm,eia_henry_hub_spot:1788197540285578000:3241dfb4a8883f486cfb073eb5161263d2da2c27ccb423435106659f0cd0bc3e
EIA:DHHNGSP,U.S. EIA,physical_spot,Henry Hub physical spot,Henry Hub,2025-06-27T05:00:00.000000Z,2025-06-28T05:00:00.000000Z,3.23,USD/MMBtu,,2026-08-31T17:32:20.285578Z,2026-08-26,https://www.eia.gov/dnav/ng/hist/rngwhhdD.htm,eia_henry_hub_spot:1788197540285578000:3241dfb4a8883f486cfb073eb5161263d2da2c27ccb423435106659f0cd0bc3e
EIA:DHHNGSP,U.S. EIA,physical_spot,Henry Hub physical spot,Henry Hub,2025-06-30T05:00:00.000000Z,2025-07-01T05:00:00.000000Z,3.26,USD/MMBtu,,2026-08-31T17:32:20.285578Z,2026-08-26,https://www.eia.gov/dnav/ng/hist/rngwhhdD.htm,eia_henry_hub_spot:1788197540285578000:3241dfb4a8883f486cfb073eb5161263d2da2c27ccb423435106659f0cd0bc3e
EIA:DHHNGSP,U.S. EIA,physical_spot,Henry Hub physical spot,Henry Hub,2025-07-01T05:00:00.000000Z,2025-07-02T05:00:00.000000Z,3.14,USD/MMBtu,,2026-08-31T17:32:20.285578Z,2026-08-26,https://www.eia.gov/dnav/ng/hist/rngwhhdD.htm,eia_henry_hub_spot:1788197540285578000:3241dfb4a8883f486cfb073eb5161263d2da2c27ccb423435106659f0cd0bc3e
EIA:DHHNGSP,U.S. EIA,physical_spot,Henry Hub physical spot,Henry Hub,2025-07-02T05:00:00.000000Z,2025-07-03T05:00:00.000000Z,3.1,USD/MMBtu,,2026-08-31T17:32:20.285578Z,2026-08-26,https://www.eia.gov/dnav/ng/hist/rngwhhdD.htm,eia_henry_hub_spot:1788197540285578000:3241dfb4a8883f486cfb073eb5161263d2da2c27ccb423435106659f0cd0bc3e
EIA:DHHNGSP,U.S. EIA,physical_spot,Henry Hub physical spot,Henry Hub,2025-07-03T05:00:00.000000Z,2025-07-04T05:00:00.000000Z,3.24,USD/MMBtu,,2026-08-31T17:32:20.285578Z,2026-08-26,https://www.eia.gov/dnav/ng/hist/rngwhhdD.htm,eia_henry_hub_spot:1788197540285578000:3241dfb4a8883f486cfb073eb5161263d2da2c27ccb423435106659f0cd0bc3e
EIA:DHHNGSP,U.S. EIA,physical_spot,Henry Hub physical spot,Henry Hub,2025-07-07T05:00:00.000000Z,2025-07-08T05:00:00.000000Z,3.24,USD/MMBtu,,2026-08-31T17:32:20.285578Z,2026-08-26,https://www.eia.gov/dnav/ng/hist/rngwhhdD.htm,eia_henry_hub_spot:1788197540285578000:3241dfb4a8883f486cfb073eb5161263d2da2c27ccb423435106659f0cd0bc3e
EIA:DHHNGSP,U.S. EIA,physical_spot,Henry Hub physical spot,Henry Hub,2025-07-08T05:00:00.000000Z,2025-07-09T05:00:00.000000Z,3.2,USD/MMBtu,,2026-08-31T17:32:20.285578Z,2026-08-26,https://www.eia.gov/dnav/ng/hist/rngwhhdD.htm,eia_henry_hub_spot:1788197540285578000:3241dfb4a8883f486cfb073eb5161263d2da2c27ccb423435106659f0cd0bc3e
EIA:DHHNGSP,U.S. EIA,physical_spot,Henry Hub physical spot,Henry Hub,2025-07-09T05:00:00.000000Z,2025-07-10T05:00:00.000000Z,3.08,USD/MMBtu,,2026-08-31T17:32:20.285578Z,2026-08-26,https://www.eia.gov/dnav/ng/hist/rngwhhdD.htm,eia_henry_hub_spot:1788197540285578000:3241dfb4a8883f486cfb073eb5161263d2da2c27ccb423435106659f0cd0bc3e
EIA:DHHNGSP,U.S. EIA,physical_spot,Henry Hub physical spot,Henry Hub,2025-07-10T05:00:00.000000Z,2025-07-11T05:00:00.000000Z,3.11,USD/MMBtu,,2026-08-31T17:32:20.285578Z,2026-08-26,https://www.eia.gov/dnav/ng/hist/rngwhhdD.htm,eia_henry_hub_spot:1788197540285578000:3241dfb4a8883f486cfb073eb5161263d2da2c27ccb423435106659f0cd0bc3e
EIA:DHHNGSP,U.S. EIA,physical_spot,Henry Hub physical spot,Henry Hub,2025-07-11T05:00:00.000000Z,2025-07-12T05:00:00.000000Z,3.22,USD/MMBtu,,2026-08-31T17:32:20.285578Z,2026-08-26,https://www.eia.gov/dnav/ng/hist/rngwhhdD.htm,eia_henry_hub_spot:1788197540285578000:3241dfb4a8883f486cfb073eb5161263d2da2c27ccb423435106659f0cd0bc3e
EIA:DHHNGSP,U.S. EIA,physical_spot,Henry Hub physical spot,Henry Hub,2025-07-14T05:00:00.000000Z,2025-07-15T05:00:00.000000Z,3.21,USD/MMBtu,,2026-08-31T17:32:20.285578Z,2026-08-26,https://www.eia.gov/dnav/ng/hist/rngwhhdD.htm,eia_henry_hub_spot:1788197540285578000:3241dfb4a8883f486cfb073eb5161263d2da2c27ccb423435106659f0cd0bc3e
EIA:DHHNGSP,U.S. EIA,physical_spot,Henry Hub physical spot,Henry Hub,2025-07-15T05:00:00.000000Z,2025-07-16T05:00:00.000000Z,3.31,USD/MMBtu,,2026-08-31T17:32:20.285578Z,2026-08-26,https://www.eia.gov/dnav/ng/hist/rngwhhdD.htm,eia_henry_hub_spot:1788197540285578000:3241dfb4a8883f486cfb073eb5161263d2da2c27ccb423435106659f0cd0bc3e
EIA:DHHNGSP,U.S. EIA,physical_spot,Henry Hub physical spot,Henry Hub,2025-07-16T05:00:00.000000Z,2025-07-17T05:00:00.000000Z,3.42,USD/MMBtu,,2026-08-31T17:32:20.285578Z,2026-08-26,https://www.eia.gov/dnav/ng/hist/rngwhhdD.htm,eia_henry_hub_spot:1788197540285578000:3241dfb4a8883f486cfb073eb5161263d2da2c27ccb423435106659f0cd0bc3e
EIA:DHHNGSP,U.S. EIA,physical_spot,Henry Hub physical spot,Henry Hub,2025-07-17T05:00:00.000000Z,2025-07-18T05:00:00.000000Z,3.52,USD/MMBtu,,2026-08-31T17:32:20.285578Z,2026-08-26,https://www.eia.gov/dnav/ng/hist/rngwhhdD.htm,eia_henry_hub_spot:1788197540285578000:3241dfb4a8883f486cfb073eb5161263d2da2c27ccb423435106659f0cd0bc3e
EIA:DHHNGSP,U.S. EIA,physical_spot,Henry Hub physical spot,Henry Hub,2025-07-18T05:00:00.000000Z,2025-07-19T05:00:00.000000Z,3.5,USD/MMBtu,,2026-08-31T17:32:20.285578Z,2026-08-26,https://www.eia.gov/dnav/ng/hist/rngwhhdD.htm,eia_henry_hub_spot:1788197540285578000:3241dfb4a8883f486cfb073eb5161263d2da2c27ccb423435106659f0cd0bc3e
EIA:DHHNGSP,U.S. EIA,physical_spot,Henry Hub physical spot,Henry Hub,2025-07-21T05:00:00.000000Z,2025-07-22T05:00:00.000000Z,3.5,USD/MMBtu,,2026-08-31T17:32:20.285578Z,2026-08-26,https://www.eia.gov/dnav/ng/hist/rngwhhdD.htm,eia_henry_hub_spot:1788197540285578000:3241dfb4a8883f486cfb073eb5161263d2da2c27ccb423435106659f0cd0bc3e
EIA:DHHNGSP,U.S. EIA,physical_spot,Henry Hub physical spot,Henry Hub,2025-07-22T05:00:00.000000Z,2025-07-23T05:00:00.000000Z,3.16,USD/MMBtu,,2026-08-31T17:32:20.285578Z,2026-08-26,https://www.eia.gov/dnav/ng/hist/rngwhhdD.htm,eia_henry_hub_spot:1788197540285578000:3241dfb4a8883f486cfb073eb5161263d2da2c27ccb423435106659f0cd0bc3e
EIA:DHHNGSP,U.S. EIA,physical_spot,Henry Hub physical spot,Henry Hub,2025-07-23T05:00:00.000000Z,2025-07-24T05:00:00.000000Z,3.08,USD/MMBtu,,2026-08-31T17:32:20.285578Z,2026-08-26,https://www.eia.gov/dnav/ng/hist/rngwhhdD.htm,eia_henry_hub_spot:1788197540285578000:3241dfb4a8883f486cfb073eb5161263d2da2c27ccb423435106659f0cd0bc3e
EIA:DHHNGSP,U.S. EIA,physical_spot,Henry Hub physical spot,Henry Hub,2025-07-24T05:00:00.000000Z,2025-07-25T05:00:00.000000Z,3.13,USD/MMBtu,,2026-08-31T17:32:20.285578Z,2026-08-26,https://www.eia.gov/dnav/ng/hist/rngwhhdD.htm,eia_henry_hub_spot:1788197540285578000:3241dfb4a8883f486cfb073eb5161263d2da2c27ccb423435106659f0cd0bc3e
EIA:DHHNGSP,U.S. EIA,physical_spot,Henry Hub physical spot,Henry Hub,2025-07-25T05:00:00.000000Z,2025-07-26T05:00:00.000000Z,3.1,USD/MMBtu,,2026-08-31T17:32:20.285578Z,2026-08-26,https://www.eia.gov/dnav/ng/hist/rngwhhdD.htm,eia_henry_hub_spot:1788197540285578000:3241dfb4a8883f486cfb073eb5161263d2da2c27ccb423435106659f0cd0bc3e
EIA:DHHNGSP,U.S. EIA,physical_spot,Henry Hub physical spot,Henry Hub,2025-07-28T05:00:00.000000Z,2025-07-29T05:00:00.000000Z,3.12,USD/MMBtu,,2026-08-31T17:32:20.285578Z,2026-08-26,https://www.eia.gov/dnav/ng/hist/rngwhhdD.htm,eia_henry_hub_spot:1788197540285578000:3241dfb4a8883f486cfb073eb5161263d2da2c27ccb423435106659f0cd0bc3e
EIA:DHHNGSP,U.S. EIA,physical_spot,Henry Hub physical spot,Henry Hub,2025-07-29T05:00:00.000000Z,2025-07-30T05:00:00.000000Z,3.08,USD/MMBtu,,2026-08-31T17:32:20.285578Z,2026-08-26,https://www.eia.gov/dnav/ng/hist/rngwhhdD.htm,eia_henry_hub_spot:1788197540285578000:3241dfb4a8883f486cfb073eb5161263d2da2c27ccb423435106659f0cd0bc3e
EIA:DHHNGSP,U.S. EIA,physical_spot,Henry Hub physical spot,Henry Hub,2025-07-30T05:00:00.000000Z,2025-07-31T05:00:00.000000Z,2.98,USD/MMBtu,,2026-08-31T17:32:20.285578Z,2026-08-26,https://www.eia.gov/dnav/ng/hist/rngwhhdD.htm,eia_henry_hub_spot:1788197540285578000:3241dfb4a8883f486cfb073eb5161263d2da2c27ccb423435106659f0cd0bc3e
EIA:DHHNGSP,U.S. EIA,physical_spot,Henry Hub physical spot,Henry Hub,2025-07-31T05:00:00.000000Z,2025-08-01T05:00:00.000000Z,2.99,USD/MMBtu,,2026-08-31T17:32:20.285578Z,2026-08-26,https://www.eia.gov/dnav/ng/hist/rngwhhdD.htm,eia_henry_hub_spot:1788197540285578000:3241dfb4a8883f486cfb073eb5161263d2da2c27ccb423435106659f0cd0bc3e
EIA:DHHNGSP,U.S. EIA,physical_spot,Henry Hub physical spot,Henry Hub,2025-08-01T05:00:00.000000Z,2025-08-02T05:00:00.000000Z,3.0,USD/MMBtu,,2026-08-31T17:32:20.285578Z,2026-08-26,https://www.eia.gov/dnav/ng/hist/rngwhhdD.htm,eia_henry_hub_spot:1788197540285578000:3241dfb4a8883f486cfb073eb5161263d2da2c27ccb423435106659f0cd0bc3e
EIA:DHHNGSP,U.S. EIA,physical_spot,Henry Hub physical spot,Henry Hub,2025-08-04T05:00:00.000000Z,2025-08-05T05:00:00.000000Z,2.89,USD/MMBtu,,2026-08-31T17:32:20.285578Z,2026-08-26,https://www.eia.gov/dnav/ng/hist/rngwhhdD.htm,eia_henry_hub_spot:1788197540285578000:3241dfb4a8883f486cfb073eb5161263d2da2c27ccb423435106659f0cd0bc3e
EIA:DHHNGSP,U.S. EIA,physical_spot,Henry Hub physical spot,Henry Hub,2025-08-05T05:00:00.000000Z,2025-08-06T05:00:00.000000Z,2.98,USD/MMBtu,,2026-08-31T17:32:20.285578Z,2026-08-26,https://www.eia.gov/dnav/ng/hist/rngwhhdD.htm,eia_henry_hub_spot:1788197540285578000:3241dfb4a8883f486cfb073eb5161263d2da2c27ccb423435106659f0cd0bc3e
EIA:DHHNGSP,U.S. EIA,physical_spot,Henry Hub physical spot,Henry Hub,2025-08-06T05:00:00.000000Z,2025-08-07T05:00:00.000000Z,3.02,USD/MMBtu,,2026-08-31T17:32:20.285578Z,2026-08-26,https://www.eia.gov/dnav/ng/hist/rngwhhdD.htm,eia_henry_hub_spot:1788197540285578000:3241dfb4a8883f486cfb073eb5161263d2da2c27ccb423435106659f0cd0bc3e
EIA:DHHNGSP,U.S. EIA,physical_spot,Henry Hub physical spot,Henry Hub,2025-08-07T05:00:00.000000Z,2025-08-08T05:00:00.000000Z,3.05,USD/MMBtu,,2026-08-31T17:32:20.285578Z,2026-08-26,https://www.eia.gov/dnav/ng/hist/rngwhhdD.htm,eia_henry_hub_spot:1788197540285578000:3241dfb4a8883f486cfb073eb5161263d2da2c27ccb423435106659f0cd0bc3e
EIA:DHHNGSP,U.S. EIA,physical_spot,Henry Hub physical spot,Henry Hub,2025-08-08T05:00:00.000000Z,2025-08-09T05:00:00.000000Z,3.03,USD/MMBtu,,2026-08-31T17:32:20.285578Z,2026-08-26,https://www.eia.gov/dnav/ng/hist/rngwhhdD.htm,eia_henry_hub_spot:1788197540285578000:3241dfb4a8883f486cfb073eb5161263d2da2c27ccb423435106659f0cd0bc3e
EIA:DHHNGSP,U.S. EIA,physical_spot,Henry Hub physical spot,Henry Hub,2025-08-11T05:00:00.000000Z,2025-08-12T05:00:00.000000Z,3.05,USD/MMBtu,,2026-08-31T17:32:20.285578Z,2026-08-26,https://www.eia.gov/dnav/ng/hist/rngwhhdD.htm,eia_henry_hub_spot:1788197540285578000:3241dfb4a8883f486cfb073eb5161263d2da2c27ccb423435106659f0cd0bc3e
EIA:DHHNGSP,U.S. EIA,physical_spot,Henry Hub physical spot,Henry Hub,2025-08-12T05:00:00.000000Z,2025-08-13T05:00:00.000000Z,2.93,USD/MMBtu,,2026-08-31T17:32:20.285578Z,2026-08-26,https://www.eia.gov/dnav/ng/hist/rngwhhdD.htm,eia_henry_hub_spot:1788197540285578000:3241dfb4a8883f486cfb073eb5161263d2da2c27ccb423435106659f0cd0bc3e
EIA:DHHNGSP,U.S. EIA,physical_spot,Henry Hub physical spot,Henry Hub,2025-08-13T05:00:00.000000Z,2025-08-14T05:00:00.000000Z,2.95,USD/MMBtu,,2026-08-31T17:32:20.285578Z,2026-08-26,https://www.eia.gov/dnav/ng/hist/rngwhhdD.htm,eia_henry_hub_spot:1788197540285578000:3241dfb4a8883f486cfb073eb5161263d2da2c27ccb423435106659f0cd0bc3e
EIA:DHHNGSP,U.S. EIA,physical_spot,Henry Hub physical spot,Henry Hub,2025-08-14T05:00:00.000000Z,2025-08-15T05:00:00.000000Z,2.78,USD/MMBtu,,2026-08-31T17:32:20.285578Z,2026-08-26,https://www.eia.gov/dnav/ng/hist/rngwhhdD.htm,eia_henry_hub_spot:1788197540285578000:3241dfb4a8883f486cfb073eb5161263d2da2c27ccb423435106659f0cd0bc3e
EIA:DHHNGSP,U.S. EIA,physical_spot,Henry Hub physical spot,Henry Hub,2025-08-15T05:00:00.000000Z,2025-08-16T05:00:00.000000Z,2.98,USD/MMBtu,,2026-08-31T17:32:20.285578Z,2026-08-26,https://www.eia.gov/dnav/ng/hist/rngwhhdD.htm,eia_henry_hub_spot:1788197540285578000:3241dfb4a8883f486cfb073eb5161263d2da2c27ccb423435106659f0cd0bc3e
EIA:DHHNGSP,U.S. EIA,physical_spot,Henry Hub physical spot,Henry Hub,2025-08-18T05:00:00.000000Z,2025-08-19T05:00:00.000000Z,2.96,USD/MMBtu,,2026-08-31T17:32:20.285578Z,2026-08-26,https://www.eia.gov/dnav/ng/hist/rngwhhdD.htm,eia_henry_hub_spot:1788197540285578000:3241dfb4a8883f486cfb073eb5161263d2da2c27ccb423435106659f0cd0bc3e
EIA:DHHNGSP,U.S. EIA,physical_spot,Henry Hub physical spot,Henry Hub,2025-08-19T05:00:00.000000Z,2025-08-20T05:00:00.000000Z,2.87,USD/MMBtu,,2026-08-31T17:32:20.285578Z,2026-08-26,https://www.eia.gov/dnav/ng/hist/rngwhhdD.htm,eia_henry_hub_spot:1788197540285578000:3241dfb4a8883f486cfb073eb5161263d2da2c27ccb423435106659f0cd0bc3e
EIA:DHHNGSP,U.S. EIA,physical_spot,Henry Hub physical spot,Henry Hub,2025-08-20T05:00:00.000000Z,2025-08-21T05:00:00.000000Z,2.8,USD/MMBtu,,2026-08-31T17:32:20.285578Z,2026-08-26,https://www.eia.gov/dnav/ng/hist/rngwhhdD.htm,eia_henry_hub_spot:1788197540285578000:3241dfb4a8883f486cfb073eb5161263d2da2c27ccb423435106659f0cd0bc3e
EIA:DHHNGSP,U.S. EIA,physical_spot,Henry Hub physical spot,Henry Hub,2025-08-21T05:00:00.000000Z,2025-08-22T05:00:00.000000Z,2.88,USD/MMBtu,,2026-08-31T17:32:20.285578Z,2026-08-26,https://www.eia.gov/dnav/ng/hist/rngwhhdD.htm,eia_henry_hub_spot:1788197540285578000:3241dfb4a8883f486cfb073eb5161263d2da2c27ccb423435106659f0cd0bc3e
EIA:DHHNGSP,U.S. EIA,physical_spot,Henry Hub physical spot,Henry Hub,2025-08-22T05:00:00.000000Z,2025-08-23T05:00:00.000000Z,2.76,USD/MMBtu,,2026-08-31T17:32:20.285578Z,2026-08-26,https://www.eia.gov/dnav/ng/hist/rngwhhdD.htm,eia_henry_hub_spot:1788197540285578000:3241dfb4a8883f486cfb073eb5161263d2da2c27ccb423435106659f0cd0bc3e
EIA:DHHNGSP,U.S. EIA,physical_spot,Henry Hub physical spot,Henry Hub,2025-08-25T05:00:00.000000Z,2025-08-26T05:00:00.000000Z,2.76,USD/MMBtu,,2026-08-31T17:32:20.285578Z,2026-08-26,https://www.eia.gov/dnav/ng/hist/rngwhhdD.htm,eia_henry_hub_spot:1788197540285578000:3241dfb4a8883f486cfb073eb5161263d2da2c27ccb423435106659f0cd0bc3e
EIA:DHHNGSP,U.S. EIA,physical_spot,Henry Hub physical spot,Henry Hub,2025-08-26T05:00:00.000000Z,2025-08-27T05:00:00.000000Z,2.82,USD/MMBtu,,2026-08-31T17:32:20.285578Z,2026-08-26,https://www.eia.gov/dnav/ng/hist/rngwhhdD.htm,eia_henry_hub_spot:1788197540285578000:3241dfb4a8883f486cfb073eb5161263d2da2c27ccb423435106659f0cd0bc3e
EIA:DHHNGSP,U.S. EIA,physical_spot,Henry Hub physical spot,Henry Hub,2025-08-27T05:00:00.000000Z,2025-08-28T05:00:00.000000Z,2.88,USD/MMBtu,,2026-08-31T17:32:20.285578Z,2026-08-26,https://www.eia.gov/dnav/ng/hist/rngwhhdD.htm,eia_henry_hub_spot:1788197540285578000:3241dfb4a8883f486cfb073eb5161263d2da2c27ccb423435106659f0cd0bc3e
EIA:DHHNGSP,U.S. EIA,physical_spot,Henry Hub physical spot,Henry Hub,2025-08-28T05:00:00.000000Z,2025-08-29T05:00:00.000000Z,2.9,USD/MMBtu,,2026-08-31T17:32:20.285578Z,2026-08-26,https://www.eia.gov/dnav/ng/hist/rngwhhdD.htm,eia_henry_hub_spot:1788197540285578000:3241dfb4a8883f486cfb073eb5161263d2da2c27ccb423435106659f0cd0bc3e
EIA:DHHNGSP,U.S. EIA,physical_spot,Henry Hub physical spot,Henry Hub,2025-08-29T05:00:00.000000Z,2025-08-30T05:00:00.000000Z,2.88,USD/MMBtu,,2026-08-31T17:32:20.285578Z,2026-08-26,https://www.eia.gov/dnav/ng/hist/rngwhhdD.htm,eia_henry_hub_spot:1788197540285578000:3241dfb4a8883f486cfb073eb5161263d2da2c27ccb423435106659f0cd0bc3e
EIA:DHHNGSP,U.S. EIA,physical_spot,Henry Hub physical spot,Henry Hub,2025-09-02T05:00:00.000000Z,2025-09-03T05:00:00.000000Z,2.7,USD/MMBtu,,2026-08-31T17:32:20.285578Z,2026-08-26,https://www.eia.gov/dnav/ng/hist/rngwhhdD.htm,eia_henry_hub_spot:1788197540285578000:3241dfb4a8883f486cfb073eb5161263d2da2c27ccb423435106659f0cd0bc3e
EIA:DHHNGSP,U.S. EIA,physical_spot,Henry Hub physical spot,Henry Hub,2025-09-03T05:00:00.000000Z,2025-09-04T05:00:00.000000Z,3.0,USD/MMBtu,,2026-08-31T17:32:20.285578Z,2026-08-26,https://www.eia.gov/dnav/ng/hist/rngwhhdD.htm,eia_henry_hub_spot:1788197540285578000:3241dfb4a8883f486cfb073eb5161263d2da2c27ccb423435106659f0cd0bc3e
EIA:DHHNGSP,U.S. EIA,physical_spot,Henry Hub physical spot,Henry Hub,2025-09-04T05:00:00.000000Z,2025-09-05T05:00:00.000000Z,3.11,USD/MMBtu,,2026-08-31T17:32:20.285578Z,2026-08-26,https://www.eia.gov/dnav/ng/hist/rngwhhdD.htm,eia_henry_hub_spot:1788197540285578000:3241dfb4a8883f486cfb073eb5161263d2da2c27ccb423435106659f0cd0bc3e
EIA:DHHNGSP,U.S. EIA,physical_spot,Henry Hub physical spot,Henry Hub,2025-09-05T05:00:00.000000Z,2025-09-06T05:00:00.000000Z,3.05,USD/MMBtu,,2026-08-31T17:32:20.285578Z,2026-08-26,https://www.eia.gov/dnav/ng/hist/rngwhhdD.htm,eia_henry_hub_spot:1788197540285578000:3241dfb4a8883f486cfb073eb5161263d2da2c27ccb423435106659f0cd0bc3e
EIA:DHHNGSP,U.S. EIA,physical_spot,Henry Hub physical spot,Henry Hub,2025-09-08T05:00:00.000000Z,2025-09-09T05:00:00.000000Z,3.1,USD/MMBtu,,2026-08-31T17:32:20.285578Z,2026-08-26,https://www.eia.gov/dnav/ng/hist/rngwhhdD.htm,eia_henry_hub_spot:1788197540285578000:3241dfb4a8883f486cfb073eb5161263d2da2c27ccb423435106659f0cd0bc3e
EIA:DHHNGSP,U.S. EIA,physical_spot,Henry Hub physical spot,Henry Hub,2025-09-09T05:00:00.000000Z,2025-09-10T05:00:00.000000Z,3.12,USD/MMBtu,,2026-08-31T17:32:20.285578Z,2026-08-26,https://www.eia.gov/dnav/ng/hist/rngwhhdD.htm,eia_henry_hub_spot:1788197540285578000:3241dfb4a8883f486cfb073eb5161263d2da2c27ccb423435106659f0cd0bc3e
EIA:DHHNGSP,U.S. EIA,physical_spot,Henry Hub physical spot,Henry Hub,2025-09-10T05:00:00.000000Z,2025-09-11T05:00:00.000000Z,2.89,USD/MMBtu,,2026-08-31T17:32:20.285578Z,2026-08-26,https://www.eia.gov/dnav/ng/hist/rngwhhdD.htm,eia_henry_hub_spot:1788197540285578000:3241dfb4a8883f486cfb073eb5161263d2da2c27ccb423435106659f0cd0bc3e
EIA:DHHNGSP,U.S. EIA,physical_spot,Henry Hub physical spot,Henry Hub,2025-09-11T05:00:00.000000Z,2025-09-12T05:00:00.000000Z,2.81,USD/MMBtu,,2026-08-31T17:32:20.285578Z,2026-08-26,https://www.eia.gov/dnav/ng/hist/rngwhhdD.htm,eia_henry_hub_spot:1788197540285578000:3241dfb4a8883f486cfb073eb5161263d2da2c27ccb423435106659f0cd0bc3e
EIA:DHHNGSP,U.S. EIA,physical_spot,Henry Hub physical spot,Henry Hub,2025-09-12T05:00:00.000000Z,2025-09-13T05:00:00.000000Z,2.86,USD/MMBtu,,2026-08-31T17:32:20.285578Z,2026-08-26,https://www.eia.gov/dnav/ng/hist/rngwhhdD.htm,eia_henry_hub_spot:1788197540285578000:3241dfb4a8883f486cfb073eb5161263d2da2c27ccb423435106659f0cd0bc3e
EIA:DHHNGSP,U.S. EIA,physical_spot,Henry Hub physical spot,Henry Hub,2025-09-15T05:00:00.000000Z,2025-09-16T05:00:00.000000Z,3.0,USD/MMBtu,,2026-08-31T17:32:20.285578Z,2026-08-26,https://www.eia.gov/dnav/ng/hist/rngwhhdD.htm,eia_henry_hub_spot:1788197540285578000:3241dfb4a8883f486cfb073eb5161263d2da2c27ccb423435106659f0cd0bc3e
EIA:DHHNGSP,U.S. EIA,physical_spot,Henry Hub physical spot,Henry Hub,2025-09-16T05:00:00.000000Z,2025-09-17T05:00:00.000000Z,3.07,USD/MMBtu,,2026-08-31T17:32:20.285578Z,2026-08-26,https://www.eia.gov/dnav/ng/hist/rngwhhdD.htm,eia_henry_hub_spot:1788197540285578000:3241dfb4a8883f486cfb073eb5161263d2da2c27ccb423435106659f0cd0bc3e
EIA:DHHNGSP,U.S. EIA,physical_spot,Henry Hub physical spot,Henry Hub,2025-09-17T05:00:00.000000Z,2025-09-18T05:00:00.000000Z,3.19,USD/MMBtu,,2026-08-31T17:32:20.285578Z,2026-08-26,https://www.eia.gov/dnav/ng/hist/rngwhhdD.htm,eia_henry_hub_spot:1788197540285578000:3241dfb4a8883f486cfb073eb5161263d2da2c27ccb423435106659f0cd0bc3e
EIA:DHHNGSP,U.S. EIA,physical_spot,Henry Hub physical spot,Henry Hub,2025-09-18T05:00:00.000000Z,2025-09-19T05:00:00.000000Z,3.1,USD/MMBtu,,2026-08-31T17:32:20.285578Z,2026-08-26,https://www.eia.gov/dnav/ng/hist/rngwhhdD.htm,eia_henry_hub_spot:1788197540285578000:3241dfb4a8883f486cfb073eb5161263d2da2c27ccb423435106659f0cd0bc3e
EIA:DHHNGSP,U.S. EIA,physical_spot,Henry Hub physical spot,Henry Hub,2025-09-19T05:00:00.000000Z,2025-09-20T05:00:00.000000Z,2.89,USD/MMBtu,,2026-08-31T17:32:20.285578Z,2026-08-26,https://www.eia.gov/dnav/ng/hist/rngwhhdD.htm,eia_henry_hub_spot:1788197540285578000:3241dfb4a8883f486cfb073eb5161263d2da2c27ccb423435106659f0cd0bc3e
EIA:DHHNGSP,U.S. EIA,physical_spot,Henry Hub physical spot,Henry Hub,2025-09-22T05:00:00.000000Z,2025-09-23T05:00:00.000000Z,2.9,USD/MMBtu,,2026-08-31T17:32:20.285578Z,2026-08-26,https://www.eia.gov/dnav/ng/hist/rngwhhdD.htm,eia_henry_hub_spot:1788197540285578000:3241dfb4a8883f486cfb073eb5161263d2da2c27ccb423435106659f0cd0bc3e
EIA:DHHNGSP,U.S. EIA,physical_spot,Henry Hub physical spot,Henry Hub,2025-09-23T05:00:00.000000Z,2025-09-24T05:00:00.000000Z,2.86,USD/MMBtu,,2026-08-31T17:32:20.285578Z,2026-08-26,https://www.eia.gov/dnav/ng/hist/rngwhhdD.htm,eia_henry_hub_spot:1788197540285578000:3241dfb4a8883f486cfb073eb5161263d2da2c27ccb423435106659f0cd0bc3e
EIA:DHHNGSP,U.S. EIA,physical_spot,Henry Hub physical spot,Henry Hub,2025-09-24T05:00:00.000000Z,2025-09-25T05:00:00.000000Z,2.88,USD/MMBtu,,2026-08-31T17:32:20.285578Z,2026-08-26,https://www.eia.gov/dnav/ng/hist/rngwhhdD.htm,eia_henry_hub_spot:1788197540285578000:3241dfb4a8883f486cfb073eb5161263d2da2c27ccb423435106659f0cd0bc3e
EIA:DHHNGSP,U.S. EIA,physical_spot,Henry Hub physical spot,Henry Hub,2025-09-25T05:00:00.000000Z,2025-09-26T05:00:00.000000Z,2.98,USD/MMBtu,,2026-08-31T17:32:20.285578Z,2026-08-26,https://www.eia.gov/dnav/ng/hist/rngwhhdD.htm,eia_henry_hub_spot:1788197540285578000:3241dfb4a8883f486cfb073eb5161263d2da2c27ccb423435106659f0cd0bc3e
EIA:DHHNGSP,U.S. EIA,physical_spot,Henry Hub physical spot,Henry Hub,2025-09-26T05:00:00.000000Z,2025-09-27T05:00:00.000000Z,2.9,USD/MMBtu,,2026-08-31T17:32:20.285578Z,2026-08-26,https://www.eia.gov/dnav/ng/hist/rngwhhdD.htm,eia_henry_hub_spot:1788197540285578000:3241dfb4a8883f486cfb073eb5161263d2da2c27ccb423435106659f0cd0bc3e
EIA:DHHNGSP,U.S. EIA,physical_spot,Henry Hub physical spot,Henry Hub,2025-09-29T05:00:00.000000Z,2025-09-30T05:00:00.000000Z,2.93,USD/MMBtu,,2026-08-31T17:32:20.285578Z,2026-08-26,https://www.eia.gov/dnav/ng/hist/rngwhhdD.htm,eia_henry_hub_spot:1788197540285578000:3241dfb4a8883f486cfb073eb5161263d2da2c27ccb423435106659f0cd0bc3e
EIA:DHHNGSP,U.S. EIA,physical_spot,Henry Hub physical spot,Henry Hub,2025-09-30T05:00:00.000000Z,2025-10-01T05:00:00.000000Z,3.12,USD/MMBtu,,2026-08-31T17:32:20.285578Z,2026-08-26,https://www.eia.gov/dnav/ng/hist/rngwhhdD.htm,eia_henry_hub_spot:1788197540285578000:3241dfb4a8883f486cfb073eb5161263d2da2c27ccb423435106659f0cd0bc3e
EIA:DHHNGSP,U.S. EIA,physical_spot,Henry Hub physical spot,Henry Hub,2025-10-01T05:00:00.000000Z,2025-10-02T05:00:00.000000Z,3.24,USD/MMBtu,,2026-08-31T17:32:20.285578Z,2026-08-26,https://www.eia.gov/dnav/ng/hist/rngwhhdD.htm,eia_henry_hub_spot:1788197540285578000:3241dfb4a8883f486cfb073eb5161263d2da2c27ccb423435106659f0cd0bc3e
EIA:DHHNGSP,U.S. EIA,physical_spot,Henry Hub physical spot,Henry Hub,2025-10-02T05:00:00.000000Z,2025-10-03T05:00:00.000000Z,3.32,USD/MMBtu,,2026-08-31T17:32:20.285578Z,2026-08-26,https://www.eia.gov/dnav/ng/hist/rngwhhdD.htm,eia_henry_hub_spot:1788197540285578000:3241dfb4a8883f486cfb073eb5161263d2da2c27ccb423435106659f0cd0bc3e
EIA:DHHNGSP,U.S. EIA,physical_spot,Henry Hub physical spot,Henry Hub,2025-10-03T05:00:00.000000Z,2025-10-04T05:00:00.000000Z,3.19,USD/MMBtu,,2026-08-31T17:32:20.285578Z,2026-08-26,https://www.eia.gov/dnav/ng/hist/rngwhhdD.htm,eia_henry_hub_spot:1788197540285578000:3241dfb4a8883f486cfb073eb5161263d2da2c27ccb423435106659f0cd0bc3e
EIA:DHHNGSP,U.S. EIA,physical_spot,Henry Hub physical spot,Henry Hub,2025-10-06T05:00:00.000000Z,2025-10-07T05:00:00.000000Z,3.32,USD/MMBtu,,2026-08-31T17:32:20.285578Z,2026-08-26,https://www.eia.gov/dnav/ng/hist/rngwhhdD.htm,eia_henry_hub_spot:1788197540285578000:3241dfb4a8883f486cfb073eb5161263d2da2c27ccb423435106659f0cd0bc3e
EIA:DHHNGSP,U.S. EIA,physical_spot,Henry Hub physical spot,Henry Hub,2025-10-07T05:00:00.000000Z,2025-10-08T05:00:00.000000Z,3.32,USD/MMBtu,,2026-08-31T17:32:20.285578Z,2026-08-26,https://www.eia.gov/dnav/ng/hist/rngwhhdD.htm,eia_henry_hub_spot:1788197540285578000:3241dfb4a8883f486cfb073eb5161263d2da2c27ccb423435106659f0cd0bc3e
EIA:DHHNGSP,U.S. EIA,physical_spot,Henry Hub physical spot,Henry Hub,2025-10-08T05:00:00.000000Z,2025-10-09T05:00:00.000000Z,3.35,USD/MMBtu,,2026-08-31T17:32:20.285578Z,2026-08-26,https://www.eia.gov/dnav/ng/hist/rngwhhdD.htm,eia_henry_hub_spot:1788197540285578000:3241dfb4a8883f486cfb073eb5161263d2da2c27ccb423435106659f0cd0bc3e
EIA:DHHNGSP,U.S. EIA,physical_spot,Henry Hub physical spot,Henry Hub,2025-10-09T05:00:00.000000Z,2025-10-10T05:00:00.000000Z,3.25,USD/MMBtu,,2026-08-31T17:32:20.285578Z,2026-08-26,https://www.eia.gov/dnav/ng/hist/rngwhhdD.htm,eia_henry_hub_spot:1788197540285578000:3241dfb4a8883f486cfb073eb5161263d2da2c27ccb423435106659f0cd0bc3e
EIA:DHHNGSP,U.S. EIA,physical_spot,Henry Hub physical spot,Henry Hub,2025-10-10T05:00:00.000000Z,2025-10-11T05:00:00.000000Z,2.9,USD/MMBtu,,2026-08-31T17:32:20.285578Z,2026-08-26,https://www.eia.gov/dnav/ng/hist/rngwhhdD.htm,eia_henry_hub_spot:1788197540285578000:3241dfb4a8883f486cfb073eb5161263d2da2c27ccb423435106659f0cd0bc3e
EIA:DHHNGSP,U.S. EIA,physical_spot,Henry Hub physical spot,Henry Hub,2025-10-13T05:00:00.000000Z,2025-10-14T05:00:00.000000Z,2.9,USD/MMBtu,,2026-08-31T17:32:20.285578Z,2026-08-26,https://www.eia.gov/dnav/ng/hist/rngwhhdD.htm,eia_henry_hub_spot:1788197540285578000:3241dfb4a8883f486cfb073eb5161263d2da2c27ccb423435106659f0cd0bc3e
EIA:DHHNGSP,U.S. EIA,physical_spot,Henry Hub physical spot,Henry Hub,2025-10-14T05:00:00.000000Z,2025-10-15T05:00:00.000000Z,2.83,USD/MMBtu,,2026-08-31T17:32:20.285578Z,2026-08-26,https://www.eia.gov/dnav/ng/hist/rngwhhdD.htm,eia_henry_hub_spot:1788197540285578000:3241dfb4a8883f486cfb073eb5161263d2da2c27ccb423435106659f0cd0bc3e
EIA:DHHNGSP,U.S. EIA,physical_spot,Henry Hub physical spot,Henry Hub,2025-10-15T05:00:00.000000Z,2025-10-16T05:00:00.000000Z,2.79,USD/MMBtu,,2026-08-31T17:32:20.285578Z,2026-08-26,https://www.eia.gov/dnav/ng/hist/rngwhhdD.htm,eia_henry_hub_spot:1788197540285578000:3241dfb4a8883f486cfb073eb5161263d2da2c27ccb423435106659f0cd0bc3e
EIA:DHHNGSP,U.S. EIA,physical_spot,Henry Hub physical spot,Henry Hub,2025-10-16T05:00:00.000000Z,2025-10-17T05:00:00.000000Z,2.82,USD/MMBtu,,2026-08-31T17:32:20.285578Z,2026-08-26,https://www.eia.gov/dnav/ng/hist/rngwhhdD.htm,eia_henry_hub_spot:1788197540285578000:3241dfb4a8883f486cfb073eb5161263d2da2c27ccb423435106659f0cd0bc3e
EIA:DHHNGSP,U.S. EIA,physical_spot,Henry Hub physical spot,Henry Hub,2025-10-17T05:00:00.000000Z,2025-10-18T05:00:00.000000Z,2.65,USD/MMBtu,,2026-08-31T17:32:20.285578Z,2026-08-26,https://www.eia.gov/dnav/ng/hist/rngwhhdD.htm,eia_henry_hub_spot:1788197540285578000:3241dfb4a8883f486cfb073eb5161263d2da2c27ccb423435106659f0cd0bc3e
EIA:DHHNGSP,U.S. EIA,physical_spot,Henry Hub physical spot,Henry Hub,2025-10-20T05:00:00.000000Z,2025-10-21T05:00:00.000000Z,2.99,USD/MMBtu,,2026-08-31T17:32:20.285578Z,2026-08-26,https://www.eia.gov/dnav/ng/hist/rngwhhdD.htm,eia_henry_hub_spot:1788197540285578000:3241dfb4a8883f486cfb073eb5161263d2da2c27ccb423435106659f0cd0bc3e
EIA:DHHNGSP,U.S. EIA,physical_spot,Henry Hub physical spot,Henry Hub,2025-10-21T05:00:00.000000Z,2025-10-22T05:00:00.000000Z,3.28,USD/MMBtu,,2026-08-31T17:32:20.285578Z,2026-08-26,https://www.eia.gov/dnav/ng/hist/rngwhhdD.htm,eia_henry_hub_spot:1788197540285578000:3241dfb4a8883f486cfb073eb5161263d2da2c27ccb423435106659f0cd0bc3e
EIA:DHHNGSP,U.S. EIA,physical_spot,Henry Hub physical spot,Henry Hub,2025-10-22T05:00:00.000000Z,2025-10-23T05:00:00.000000Z,3.45,USD/MMBtu,,2026-08-31T17:32:20.285578Z,2026-08-26,https://www.eia.gov/dnav/ng/hist/rngwhhdD.htm,eia_henry_hub_spot:1788197540285578000:3241dfb4a8883f486cfb073eb5161263d2da2c27ccb423435106659f0cd0bc3e
EIA:DHHNGSP,U.S. EIA,physical_spot,Henry Hub physical spot,Henry Hub,2025-10-23T05:00:00.000000Z,2025-10-24T05:00:00.000000Z,3.34,USD/MMBtu,,2026-08-31T17:32:20.285578Z,2026-08-26,https://www.eia.gov/dnav/ng/hist/rngwhhdD.htm,eia_henry_hub_spot:1788197540285578000:3241dfb4a8883f486cfb073eb5161263d2da2c27ccb423435106659f0cd0bc3e
EIA:DHHNGSP,U.S. EIA,physical_spot,Henry Hub physical spot,Henry Hub,2025-10-24T05:00:00.000000Z,2025-10-25T05:00:00.000000Z,3.21,USD/MMBtu,,2026-08-31T17:32:20.285578Z,2026-08-26,https://www.eia.gov/dnav/ng/hist/rngwhhdD.htm,eia_henry_hub_spot:1788197540285578000:3241dfb4a8883f486cfb073eb5161263d2da2c27ccb423435106659f0cd0bc3e
EIA:DHHNGSP,U.S. EIA,physical_spot,Henry Hub physical spot,Henry Hub,2025-10-27T05:00:00.000000Z,2025-10-28T05:00:00.000000Z,3.3,USD/MMBtu,,2026-08-31T17:32:20.285578Z,2026-08-26,https://www.eia.gov/dnav/ng/hist/rngwhhdD.htm,eia_henry_hub_spot:1788197540285578000:3241dfb4a8883f486cfb073eb5161263d2da2c27ccb423435106659f0cd0bc3e
EIA:DHHNGSP,U.S. EIA,physical_spot,Henry Hub physical spot,Henry Hub,2025-10-28T05:00:00.000000Z,2025-10-29T05:00:00.000000Z,3.44,USD/MMBtu,,2026-08-31T17:32:20.285578Z,2026-08-26,https://www.eia.gov/dnav/ng/hist/rngwhhdD.htm,eia_henry_hub_spot:1788197540285578000:3241dfb4a8883f486cfb073eb5161263d2da2c27ccb423435106659f0cd0bc3e
EIA:DHHNGSP,U.S. EIA,physical_spot,Henry Hub physical spot,Henry Hub,2025-10-29T05:00:00.000000Z,2025-10-30T05:00:00.000000Z,3.36,USD/MMBtu,,2026-08-31T17:32:20.285578Z,2026-08-26,https://www.eia.gov/dnav/ng/hist/rngwhhdD.htm,eia_henry_hub_spot:1788197540285578000:3241dfb4a8883f486cfb073eb5161263d2da2c27ccb423435106659f0cd0bc3e
EIA:DHHNGSP,U.S. EIA,physical_spot,Henry Hub physical spot,Henry Hub,2025-10-30T05:00:00.000000Z,2025-10-31T05:00:00.000000Z,3.46,USD/MMBtu,,2026-08-31T17:32:20.285578Z,2026-08-26,https://www.eia.gov/dnav/ng/hist/rngwhhdD.htm,eia_henry_hub_spot:1788197540285578000:3241dfb4a8883f486cfb073eb5161263d2da2c27ccb423435106659f0cd0bc3e
EIA:DHHNGSP,U.S. EIA,physical_spot,Henry Hub physical spot,Henry Hub,2025-10-31T05:00:00.000000Z,2025-11-01T05:00:00.000000Z,3.57,USD/MMBtu,,2026-08-31T17:32:20.285578Z,2026-08-26,https://www.eia.gov/dnav/ng/hist/rngwhhdD.htm,eia_henry_hub_spot:1788197540285578000:3241dfb4a8883f486cfb073eb5161263d2da2c27ccb423435106659f0cd0bc3e
EIA:DHHNGSP,U.S. EIA,physical_spot,Henry Hub physical spot,Henry Hub,2025-11-03T06:00:00.000000Z,2025-11-04T06:00:00.000000Z,3.37,USD/MMBtu,,2026-08-31T17:32:20.285578Z,2026-08-26,https://www.eia.gov/dnav/ng/hist/rngwhhdD.htm,eia_henry_hub_spot:1788197540285578000:3241dfb4a8883f486cfb073eb5161263d2da2c27ccb423435106659f0cd0bc3e
EIA:DHHNGSP,U.S. EIA,physical_spot,Henry Hub physical spot,Henry Hub,2025-11-04T06:00:00.000000Z,2025-11-05T06:00:00.000000Z,3.35,USD/MMBtu,,2026-08-31T17:32:20.285578Z,2026-08-26,https://www.eia.gov/dnav/ng/hist/rngwhhdD.htm,eia_henry_hub_spot:1788197540285578000:3241dfb4a8883f486cfb073eb5161263d2da2c27ccb423435106659f0cd0bc3e
EIA:DHHNGSP,U.S. EIA,physical_spot,Henry Hub physical spot,Henry Hub,2025-11-05T06:00:00.000000Z,2025-11-06T06:00:00.000000Z,3.51,USD/MMBtu,,2026-08-31T17:32:20.285578Z,2026-08-26,https://www.eia.gov/dnav/ng/hist/rngwhhdD.htm,eia_henry_hub_spot:1788197540285578000:3241dfb4a8883f486cfb073eb5161263d2da2c27ccb423435106659f0cd0bc3e
EIA:DHHNGSP,U.S. EIA,physical_spot,Henry Hub physical spot,Henry Hub,2025-11-06T06:00:00.000000Z,2025-11-07T06:00:00.000000Z,3.71,USD/MMBtu,,2026-08-31T17:32:20.285578Z,2026-08-26,https://www.eia.gov/dnav/ng/hist/rngwhhdD.htm,eia_henry_hub_spot:1788197540285578000:3241dfb4a8883f486cfb073eb5161263d2da2c27ccb423435106659f0cd0bc3e
EIA:DHHNGSP,U.S. EIA,physical_spot,Henry Hub physical spot,Henry Hub,2025-11-07T06:00:00.000000Z,2025-11-08T06:00:00.000000Z,3.76,USD/MMBtu,,2026-08-31T17:32:20.285578Z,2026-08-26,https://www.eia.gov/dnav/ng/hist/rngwhhdD.htm,eia_henry_hub_spot:1788197540285578000:3241dfb4a8883f486cfb073eb5161263d2da2c27ccb423435106659f0cd0bc3e
EIA:DHHNGSP,U.S. EIA,physical_spot,Henry Hub physical spot,Henry Hub,2025-11-10T06:00:00.000000Z,2025-11-11T06:00:00.000000Z,3.8,USD/MMBtu,,2026-08-31T17:32:20.285578Z,2026-08-26,https://www.eia.gov/dnav/ng/hist/rngwhhdD.htm,eia_henry_hub_spot:1788197540285578000:3241dfb4a8883f486cfb073eb5161263d2da2c27ccb423435106659f0cd0bc3e
EIA:DHHNGSP,U.S. EIA,physical_spot,Henry Hub physical spot,Henry Hub,2025-11-12T06:00:00.000000Z,2025-11-13T06:00:00.000000Z,3.6,USD/MMBtu,,2026-08-31T17:32:20.285578Z,2026-08-26,https://www.eia.gov/dnav/ng/hist/rngwhhdD.htm,eia_henry_hub_spot:1788197540285578000:3241dfb4a8883f486cfb073eb5161263d2da2c27ccb423435106659f0cd0bc3e
EIA:DHHNGSP,U.S. EIA,physical_spot,Henry Hub physical spot,Henry Hub,2025-11-13T06:00:00.000000Z,2025-11-14T06:00:00.000000Z,3.6,USD/MMBtu,,2026-08-31T17:32:20.285578Z,2026-08-26,https://www.eia.gov/dnav/ng/hist/rngwhhdD.htm,eia_henry_hub_spot:1788197540285578000:3241dfb4a8883f486cfb073eb5161263d2da2c27ccb423435106659f0cd0bc3e
EIA:DHHNGSP,U.S. EIA,physical_spot,Henry Hub physical spot,Henry Hub,2025-11-14T06:00:00.000000Z,2025-11-15T06:00:00.000000Z,3.49,USD/MMBtu,,2026-08-31T17:32:20.285578Z,2026-08-26,https://www.eia.gov/dnav/ng/hist/rngwhhdD.htm,eia_henry_hub_spot:1788197540285578000:3241dfb4a8883f486cfb073eb5161263d2da2c27ccb423435106659f0cd0bc3e
EIA:DHHNGSP,U.S. EIA,physical_spot,Henry Hub physical spot,Henry Hub,2025-11-17T06:00:00.000000Z,2025-11-18T06:00:00.000000Z,3.71,USD/MMBtu,,2026-08-31T17:32:20.285578Z,2026-08-26,https://www.eia.gov/dnav/ng/hist/rngwhhdD.htm,eia_henry_hub_spot:1788197540285578000:3241dfb4a8883f486cfb073eb5161263d2da2c27ccb423435106659f0cd0bc3e
EIA:DHHNGSP,U.S. EIA,physical_spot,Henry Hub physical spot,Henry Hub,2025-11-18T06:00:00.000000Z,2025-11-19T06:00:00.000000Z,3.7,USD/MMBtu,,2026-08-31T17:32:20.285578Z,2026-08-26,https://www.eia.gov/dnav/ng/hist/rngwhhdD.htm,eia_henry_hub_spot:1788197540285578000:3241dfb4a8883f486cfb073eb5161263d2da2c27ccb423435106659f0cd0bc3e
EIA:DHHNGSP,U.S. EIA,physical_spot,Henry Hub physical spot,Henry Hub,2025-11-19T06:00:00.000000Z,2025-11-20T06:00:00.000000Z,3.94,USD/MMBtu,,2026-08-31T17:32:20.285578Z,2026-08-26,https://www.eia.gov/dnav/ng/hist/rngwhhdD.htm,eia_henry_hub_spot:1788197540285578000:3241dfb4a8883f486cfb073eb5161263d2da2c27ccb423435106659f0cd0bc3e
EIA:DHHNGSP,U.S. EIA,physical_spot,Henry Hub physical spot,Henry Hub,2025-11-20T06:00:00.000000Z,2025-11-21T06:00:00.000000Z,3.97,USD/MMBtu,,2026-08-31T17:32:20.285578Z,2026-08-26,https://www.eia.gov/dnav/ng/hist/rngwhhdD.htm,eia_henry_hub_spot:1788197540285578000:3241dfb4a8883f486cfb073eb5161263d2da2c27ccb423435106659f0cd0bc3e
EIA:DHHNGSP,U.S. EIA,physical_spot,Henry Hub physical spot,Henry Hub,2025-11-21T06:00:00.000000Z,2025-11-22T06:00:00.000000Z,4.13,USD/MMBtu,,2026-08-31T17:32:20.285578Z,2026-08-26,https://www.eia.gov/dnav/ng/hist/rngwhhdD.htm,eia_henry_hub_spot:1788197540285578000:3241dfb4a8883f486cfb073eb5161263d2da2c27ccb423435106659f0cd0bc3e
EIA:DHHNGSP,U.S. EIA,physical_spot,Henry Hub physical spot,Henry Hub,2025-11-24T06:00:00.000000Z,2025-11-25T06:00:00.000000Z,4.15,USD/MMBtu,,2026-08-31T17:32:20.285578Z,2026-08-26,https://www.eia.gov/dnav/ng/hist/rngwhhdD.htm,eia_henry_hub_spot:1788197540285578000:3241dfb4a8883f486cfb073eb5161263d2da2c27ccb423435106659f0cd0bc3e
EIA:DHHNGSP,U.S. EIA,physical_spot,Henry Hub physical spot,Henry Hub,2025-11-25T06:00:00.000000Z,2025-11-26T06:00:00.000000Z,4.12,USD/MMBtu,,2026-08-31T17:32:20.285578Z,2026-08-26,https://www.eia.gov/dnav/ng/hist/rngwhhdD.htm,eia_henry_hub_spot:1788197540285578000:3241dfb4a8883f486cfb073eb5161263d2da2c27ccb423435106659f0cd0bc3e
EIA:DHHNGSP,U.S. EIA,physical_spot,Henry Hub physical spot,Henry Hub,2025-11-26T06:00:00.000000Z,2025-11-27T06:00:00.000000Z,4.59,USD/MMBtu,,2026-08-31T17:32:20.285578Z,2026-08-26,https://www.eia.gov/dnav/ng/hist/rngwhhdD.htm,eia_henry_hub_spot:1788197540285578000:3241dfb4a8883f486cfb073eb5161263d2da2c27ccb423435106659f0cd0bc3e
EIA:DHHNGSP,U.S. EIA,physical_spot,Henry Hub physical spot,Henry Hub,2025-12-01T06:00:00.000000Z,2025-12-02T06:00:00.000000Z,5.08,USD/MMBtu,,2026-08-31T17:32:20.285578Z,2026-08-26,https://www.eia.gov/dnav/ng/hist/rngwhhdD.htm,eia_henry_hub_spot:1788197540285578000:3241dfb4a8883f486cfb073eb5161263d2da2c27ccb423435106659f0cd0bc3e
EIA:DHHNGSP,U.S. EIA,physical_spot,Henry Hub physical spot,Henry Hub,2025-12-02T06:00:00.000000Z,2025-12-03T06:00:00.000000Z,4.83,USD/MMBtu,,2026-08-31T17:32:20.285578Z,2026-08-26,https://www.eia.gov/dnav/ng/hist/rngwhhdD.htm,eia_henry_hub_spot:1788197540285578000:3241dfb4a8883f486cfb073eb5161263d2da2c27ccb423435106659f0cd0bc3e
EIA:DHHNGSP,U.S. EIA,physical_spot,Henry Hub physical spot,Henry Hub,2025-12-03T06:00:00.000000Z,2025-12-04T06:00:00.000000Z,4.86,USD/MMBtu,,2026-08-31T17:32:20.285578Z,2026-08-26,https://www.eia.gov/dnav/ng/hist/rngwhhdD.htm,eia_henry_hub_spot:1788197540285578000:3241dfb4a8883f486cfb073eb5161263d2da2c27ccb423435106659f0cd0bc3e
EIA:DHHNGSP,U.S. EIA,physical_spot,Henry Hub physical spot,Henry Hub,2025-12-04T06:00:00.000000Z,2025-12-05T06:00:00.000000Z,4.89,USD/MMBtu,,2026-08-31T17:32:20.285578Z,2026-08-26,https://www.eia.gov/dnav/ng/hist/rngwhhdD.htm,eia_henry_hub_spot:1788197540285578000:3241dfb4a8883f486cfb073eb5161263d2da2c27ccb423435106659f0cd0bc3e
EIA:DHHNGSP,U.S. EIA,physical_spot,Henry Hub physical spot,Henry Hub,2025-12-05T06:00:00.000000Z,2025-12-06T06:00:00.000000Z,5.19,USD/MMBtu,,2026-08-31T17:32:20.285578Z,2026-08-26,https://www.eia.gov/dnav/ng/hist/rngwhhdD.htm,eia_henry_hub_spot:1788197540285578000:3241dfb4a8883f486cfb073eb5161263d2da2c27ccb423435106659f0cd0bc3e
EIA:DHHNGSP,U.S. EIA,physical_spot,Henry Hub physical spot,Henry Hub,2025-12-08T06:00:00.000000Z,2025-12-09T06:00:00.000000Z,5.19,USD/MMBtu,,2026-08-31T17:32:20.285578Z,2026-08-26,https://www.eia.gov/dnav/ng/hist/rngwhhdD.htm,eia_henry_hub_spot:1788197540285578000:3241dfb4a8883f486cfb073eb5161263d2da2c27ccb423435106659f0cd0bc3e
EIA:DHHNGSP,U.S. EIA,physical_spot,Henry Hub physical spot,Henry Hub,2025-12-09T06:00:00.000000Z,2025-12-10T06:00:00.000000Z,4.76,USD/MMBtu,,2026-08-31T17:32:20.285578Z,2026-08-26,https://www.eia.gov/dnav/ng/hist/rngwhhdD.htm,eia_henry_hub_spot:1788197540285578000:3241dfb4a8883f486cfb073eb5161263d2da2c27ccb423435106659f0cd0bc3e
EIA:DHHNGSP,U.S. EIA,physical_spot,Henry Hub physical spot,Henry Hub,2025-12-10T06:00:00.000000Z,2025-12-11T06:00:00.000000Z,4.62,USD/MMBtu,,2026-08-31T17:32:20.285578Z,2026-08-26,https://www.eia.gov/dnav/ng/hist/rngwhhdD.htm,eia_henry_hub_spot:1788197540285578000:3241dfb4a8883f486cfb073eb5161263d2da2c27ccb423435106659f0cd0bc3e
EIA:DHHNGSP,U.S. EIA,physical_spot,Henry Hub physical spot,Henry Hub,2025-12-11T06:00:00.000000Z,2025-12-12T06:00:00.000000Z,4.35,USD/MMBtu,,2026-08-31T17:32:20.285578Z,2026-08-26,https://www.eia.gov/dnav/ng/hist/rngwhhdD.htm,eia_henry_hub_spot:1788197540285578000:3241dfb4a8883f486cfb073eb5161263d2da2c27ccb423435106659f0cd0bc3e
EIA:DHHNGSP,U.S. EIA,physical_spot,Henry Hub physical spot,Henry Hub,2025-12-12T06:00:00.000000Z,2025-12-13T06:00:00.000000Z,4.07,USD/MMBtu,,2026-08-31T17:32:20.285578Z,2026-08-26,https://www.eia.gov/dnav/ng/hist/rngwhhdD.htm,eia_henry_hub_spot:1788197540285578000:3241dfb4a8883f486cfb073eb5161263d2da2c27ccb423435106659f0cd0bc3e
EIA:DHHNGSP,U.S. EIA,physical_spot,Henry Hub physical spot,Henry Hub,2025-12-15T06:00:00.000000Z,2025-12-16T06:00:00.000000Z,3.9,USD/MMBtu,,2026-08-31T17:32:20.285578Z,2026-08-26,https://www.eia.gov/dnav/ng/hist/rngwhhdD.htm,eia_henry_hub_spot:1788197540285578000:3241dfb4a8883f486cfb073eb5161263d2da2c27ccb423435106659f0cd0bc3e
EIA:DHHNGSP,U.S. EIA,physical_spot,Henry Hub physical spot,Henry Hub,2025-12-16T06:00:00.000000Z,2025-12-17T06:00:00.000000Z,3.58,USD/MMBtu,,2026-08-31T17:32:20.285578Z,2026-08-26,https://www.eia.gov/dnav/ng/hist/rngwhhdD.htm,eia_henry_hub_spot:1788197540285578000:3241dfb4a8883f486cfb073eb5161263d2da2c27ccb423435106659f0cd0bc3e
EIA:DHHNGSP,U.S. EIA,physical_spot,Henry Hub physical spot,Henry Hub,2025-12-17T06:00:00.000000Z,2025-12-18T06:00:00.000000Z,3.66,USD/MMBtu,,2026-08-31T17:32:20.285578Z,2026-08-26,https://www.eia.gov/dnav/ng/hist/rngwhhdD.htm,eia_henry_hub_spot:1788197540285578000:3241dfb4a8883f486cfb073eb5161263d2da2c27ccb423435106659f0cd0bc3e
EIA:DHHNGSP,U.S. EIA,physical_spot,Henry Hub physical spot,Henry Hub,2025-12-18T06:00:00.000000Z,2025-12-19T06:00:00.000000Z,3.87,USD/MMBtu,,2026-08-31T17:32:20.285578Z,2026-08-26,https://www.eia.gov/dnav/ng/hist/rngwhhdD.htm,eia_henry_hub_spot:1788197540285578000:3241dfb4a8883f486cfb073eb5161263d2da2c27ccb423435106659f0cd0bc3e
EIA:DHHNGSP,U.S. EIA,physical_spot,Henry Hub physical spot,Henry Hub,2025-12-19T06:00:00.000000Z,2025-12-20T06:00:00.000000Z,3.58,USD/MMBtu,,2026-08-31T17:32:20.285578Z,2026-08-26,https://www.eia.gov/dnav/ng/hist/rngwhhdD.htm,eia_henry_hub_spot:1788197540285578000:3241dfb4a8883f486cfb073eb5161263d2da2c27ccb423435106659f0cd0bc3e
EIA:DHHNGSP,U.S. EIA,physical_spot,Henry Hub physical spot,Henry Hub,2025-12-22T06:00:00.000000Z,2025-12-23T06:00:00.000000Z,3.67,USD/MMBtu,,2026-08-31T17:32:20.285578Z,2026-08-26,https://www.eia.gov/dnav/ng/hist/rngwhhdD.htm,eia_henry_hub_spot:1788197540285578000:3241dfb4a8883f486cfb073eb5161263d2da2c27ccb423435106659f0cd0bc3e
EIA:DHHNGSP,U.S. EIA,physical_spot,Henry Hub physical spot,Henry Hub,2025-12-23T06:00:00.000000Z,2025-12-24T06:00:00.000000Z,3.38,USD/MMBtu,,2026-08-31T17:32:20.285578Z,2026-08-26,https://www.eia.gov/dnav/ng/hist/rngwhhdD.htm,eia_henry_hub_spot:1788197540285578000:3241dfb4a8883f486cfb073eb5161263d2da2c27ccb423435106659f0cd0bc3e
EIA:DHHNGSP,U.S. EIA,physical_spot,Henry Hub physical spot,Henry Hub,2025-12-24T06:00:00.000000Z,2025-12-25T06:00:00.000000Z,3.31,USD/MMBtu,,2026-08-31T17:32:20.285578Z,2026-08-26,https://www.eia.gov/dnav/ng/hist/rngwhhdD.htm,eia_henry_hub_spot:1788197540285578000:3241dfb4a8883f486cfb073eb5161263d2da2c27ccb423435106659f0cd0bc3e
EIA:DHHNGSP,U.S. EIA,physical_spot,Henry Hub physical spot,Henry Hub,2025-12-29T06:00:00.000000Z,2025-12-30T06:00:00.000000Z,4.35,USD/MMBtu,,2026-08-31T17:32:20.285578Z,2026-08-26,https://www.eia.gov/dnav/ng/hist/rngwhhdD.htm,eia_henry_hub_spot:1788197540285578000:3241dfb4a8883f486cfb073eb5161263d2da2c27ccb423435106659f0cd0bc3e
EIA:DHHNGSP,U.S. EIA,physical_spot,Henry Hub physical spot,Henry Hub,2025-12-30T06:00:00.000000Z,2025-12-31T06:00:00.000000Z,4.4,USD/MMBtu,,2026-08-31T17:32:20.285578Z,2026-08-26,https://www.eia.gov/dnav/ng/hist/rngwhhdD.htm,eia_henry_hub_spot:1788197540285578000:3241dfb4a8883f486cfb073eb5161263d2da2c27ccb423435106659f0cd0bc3e
EIA:DHHNGSP,U.S. EIA,physical_spot,Henry Hub physical spot,Henry Hub,2025-12-31T06:00:00.000000Z,2026-01-01T06:00:00.000000Z,4.0,USD/MMBtu,,2026-08-31T17:32:20.285578Z,2026-08-26,https://www.eia.gov/dnav/ng/hist/rngwhhdD.htm,eia_henry_hub_spot:1788197540285578000:3241dfb4a8883f486cfb073eb5161263d2da2c27ccb423435106659f0cd0bc3e
EIA:DHHNGSP,U.S. EIA,physical_spot,Henry Hub physical spot,Henry Hub,2026-01-05T06:00:00.000000Z,2026-01-06T06:00:00.000000Z,2.82,USD/MMBtu,,2026-08-31T17:32:20.285578Z,2026-08-26,https://www.eia.gov/dnav/ng/hist/rngwhhdD.htm,eia_henry_hub_spot:1788197540285578000:3241dfb4a8883f486cfb073eb5161263d2da2c27ccb423435106659f0cd0bc3e
EIA:DHHNGSP,U.S. EIA,physical_spot,Henry Hub physical spot,Henry Hub,2026-01-06T06:00:00.000000Z,2026-01-07T06:00:00.000000Z,2.85,USD/MMBtu,,2026-08-31T17:32:20.285578Z,2026-08-26,https://www.eia.gov/dnav/ng/hist/rngwhhdD.htm,eia_henry_hub_spot:1788197540285578000:3241dfb4a8883f486cfb073eb5161263d2da2c27ccb423435106659f0cd0bc3e
EIA:DHHNGSP,U.S. EIA,physical_spot,Henry Hub physical spot,Henry Hub,2026-01-07T06:00:00.000000Z,2026-01-08T06:00:00.000000Z,3.1,USD/MMBtu,,2026-08-31T17:32:20.285578Z,2026-08-26,https://www.eia.gov/dnav/ng/hist/rngwhhdD.htm,eia_henry_hub_spot:1788197540285578000:3241dfb4a8883f486cfb073eb5161263d2da2c27ccb423435106659f0cd0bc3e
EIA:DHHNGSP,U.S. EIA,physical_spot,Henry Hub physical spot,Henry Hub,2026-01-08T06:00:00.000000Z,2026-01-09T06:00:00.000000Z,2.92,USD/MMBtu,,2026-08-31T17:32:20.285578Z,2026-08-26,https://www.eia.gov/dnav/ng/hist/rngwhhdD.htm,eia_henry_hub_spot:1788197540285578000:3241dfb4a8883f486cfb073eb5161263d2da2c27ccb423435106659f0cd0bc3e
EIA:DHHNGSP,U.S. EIA,physical_spot,Henry Hub physical spot,Henry Hub,2026-01-09T06:00:00.000000Z,2026-01-10T06:00:00.000000Z,2.87,USD/MMBtu,,2026-08-31T17:32:20.285578Z,2026-08-26,https://www.eia.gov/dnav/ng/hist/rngwhhdD.htm,eia_henry_hub_spot:1788197540285578000:3241dfb4a8883f486cfb073eb5161263d2da2c27ccb423435106659f0cd0bc3e
EIA:DHHNGSP,U.S. EIA,physical_spot,Henry Hub physical spot,Henry Hub,2026-01-12T06:00:00.000000Z,2026-01-13T06:00:00.000000Z,2.9,USD/MMBtu,,2026-08-31T17:32:20.285578Z,2026-08-26,https://www.eia.gov/dnav/ng/hist/rngwhhdD.htm,eia_henry_hub_spot:1788197540285578000:3241dfb4a8883f486cfb073eb5161263d2da2c27ccb423435106659f0cd0bc3e
EIA:DHHNGSP,U.S. EIA,physical_spot,Henry Hub physical spot,Henry Hub,2026-01-13T06:00:00.000000Z,2026-01-14T06:00:00.000000Z,3.0,USD/MMBtu,,2026-08-31T17:32:20.285578Z,2026-08-26,https://www.eia.gov/dnav/ng/hist/rngwhhdD.htm,eia_henry_hub_spot:1788197540285578000:3241dfb4a8883f486cfb073eb5161263d2da2c27ccb423435106659f0cd0bc3e
EIA:DHHNGSP,U.S. EIA,physical_spot,Henry Hub physical spot,Henry Hub,2026-01-14T06:00:00.000000Z,2026-01-15T06:00:00.000000Z,3.13,USD/MMBtu,,2026-08-31T17:32:20.285578Z,2026-08-26,https://www.eia.gov/dnav/ng/hist/rngwhhdD.htm,eia_henry_hub_spot:1788197540285578000:3241dfb4a8883f486cfb073eb5161263d2da2c27ccb423435106659f0cd0bc3e
EIA:DHHNGSP,U.S. EIA,physical_spot,Henry Hub physical spot,Henry Hub,2026-01-15T06:00:00.000000Z,2026-01-16T06:00:00.000000Z,2.92,USD/MMBtu,,2026-08-31T17:32:20.285578Z,2026-08-26,https://www.eia.gov/dnav/ng/hist/rngwhhdD.htm,eia_henry_hub_spot:1788197540285578000:3241dfb4a8883f486cfb073eb5161263d2da2c27ccb423435106659f0cd0bc3e
EIA:DHHNGSP,U.S. EIA,physical_spot,Henry Hub physical spot,Henry Hub,2026-01-16T06:00:00.000000Z,2026-01-17T06:00:00.000000Z,3.06,USD/MMBtu,,2026-08-31T17:32:20.285578Z,2026-08-26,https://www.eia.gov/dnav/ng/hist/rngwhhdD.htm,eia_henry_hub_spot:1788197540285578000:3241dfb4a8883f486cfb073eb5161263d2da2c27ccb423435106659f0cd0bc3e
EIA:DHHNGSP,U.S. EIA,physical_spot,Henry Hub physical spot,Henry Hub,2026-01-20T06:00:00.000000Z,2026-01-21T06:00:00.000000Z,4.0,USD/MMBtu,,2026-08-31T17:32:20.285578Z,2026-08-26,https://www.eia.gov/dnav/ng/hist/rngwhhdD.htm,eia_henry_hub_spot:1788197540285578000:3241dfb4a8883f486cfb073eb5161263d2da2c27ccb423435106659f0cd0bc3e
EIA:DHHNGSP,U.S. EIA,physical_spot,Henry Hub physical spot,Henry Hub,2026-01-21T06:00:00.000000Z,2026-01-22T06:00:00.000000Z,4.96,USD/MMBtu,,2026-08-31T17:32:20.285578Z,2026-08-26,https://www.eia.gov/dnav/ng/hist/rngwhhdD.htm,eia_henry_hub_spot:1788197540285578000:3241dfb4a8883f486cfb073eb5161263d2da2c27ccb423435106659f0cd0bc3e
EIA:DHHNGSP,U.S. EIA,physical_spot,Henry Hub physical spot,Henry Hub,2026-01-22T06:00:00.000000Z,2026-01-23T06:00:00.000000Z,8.42,USD/MMBtu,,2026-08-31T17:32:20.285578Z,2026-08-26,https://www.eia.gov/dnav/ng/hist/rngwhhdD.htm,eia_henry_hub_spot:1788197540285578000:3241dfb4a8883f486cfb073eb5161263d2da2c27ccb423435106659f0cd0bc3e
EIA:DHHNGSP,U.S. EIA,physical_spot,Henry Hub physical spot,Henry Hub,2026-01-23T06:00:00.000000Z,2026-01-24T06:00:00.000000Z,30.72,USD/MMBtu,,2026-08-31T17:32:20.285578Z,2026-08-26,https://www.eia.gov/dnav/ng/hist/rngwhhdD.htm,eia_henry_hub_spot:1788197540285578000:3241dfb4a8883f486cfb073eb5161263d2da2c27ccb423435106659f0cd0bc3e
EIA:DHHNGSP,U.S. EIA,physical_spot,Henry Hub physical spot,Henry Hub,2026-01-26T06:00:00.000000Z,2026-01-27T06:00:00.000000Z,25.01,USD/MMBtu,,2026-08-31T17:32:20.285578Z,2026-08-26,https://www.eia.gov/dnav/ng/hist/rngwhhdD.htm,eia_henry_hub_spot:1788197540285578000:3241dfb4a8883f486cfb073eb5161263d2da2c27ccb423435106659f0cd0bc3e
EIA:DHHNGSP,U.S. EIA,physical_spot,Henry Hub physical spot,Henry Hub,2026-01-27T06:00:00.000000Z,2026-01-28T06:00:00.000000Z,17.19,USD/MMBtu,,2026-08-31T17:32:20.285578Z,2026-08-26,https://www.eia.gov/dnav/ng/hist/rngwhhdD.htm,eia_henry_hub_spot:1788197540285578000:3241dfb4a8883f486cfb073eb5161263d2da2c27ccb423435106659f0cd0bc3e
EIA:DHHNGSP,U.S. EIA,physical_spot,Henry Hub physical spot,Henry Hub,2026-01-28T06:00:00.000000Z,2026-01-29T06:00:00.000000Z,9.34,USD/MMBtu,,2026-08-31T17:32:20.285578Z,2026-08-26,https://www.eia.gov/dnav/ng/hist/rngwhhdD.htm,eia_henry_hub_spot:1788197540285578000:3241dfb4a8883f486cfb073eb5161263d2da2c27ccb423435106659f0cd0bc3e
EIA:DHHNGSP,U.S. EIA,physical_spot,Henry Hub physical spot,Henry Hub,2026-01-29T06:00:00.000000Z,2026-01-30T06:00:00.000000Z,10.25,USD/MMBtu,,2026-08-31T17:32:20.285578Z,2026-08-26,https://www.eia.gov/dnav/ng/hist/rngwhhdD.htm,eia_henry_hub_spot:1788197540285578000:3241dfb4a8883f486cfb073eb5161263d2da2c27ccb423435106659f0cd0bc3e
EIA:DHHNGSP,U.S. EIA,physical_spot,Henry Hub physical spot,Henry Hub,2026-01-30T06:00:00.000000Z,2026-01-31T06:00:00.000000Z,7.18,USD/MMBtu,,2026-08-31T17:32:20.285578Z,2026-08-26,https://www.eia.gov/dnav/ng/hist/rngwhhdD.htm,eia_henry_hub_spot:1788197540285578000:3241dfb4a8883f486cfb073eb5161263d2da2c27ccb423435106659f0cd0bc3e
EIA:DHHNGSP,U.S. EIA,physical_spot,Henry Hub physical spot,Henry Hub,2026-02-02T06:00:00.000000Z,2026-02-03T06:00:00.000000Z,4.4,USD/MMBtu,,2026-08-31T17:32:20.285578Z,2026-08-26,https://www.eia.gov/dnav/ng/hist/rngwhhdD.htm,eia_henry_hub_spot:1788197540285578000:3241dfb4a8883f486cfb073eb5161263d2da2c27ccb423435106659f0cd0bc3e
EIA:DHHNGSP,U.S. EIA,physical_spot,Henry Hub physical spot,Henry Hub,2026-02-03T06:00:00.000000Z,2026-02-04T06:00:00.000000Z,4.11,USD/MMBtu,,2026-08-31T17:32:20.285578Z,2026-08-26,https://www.eia.gov/dnav/ng/hist/rngwhhdD.htm,eia_henry_hub_spot:1788197540285578000:3241dfb4a8883f486cfb073eb5161263d2da2c27ccb423435106659f0cd0bc3e
EIA:DHHNGSP,U.S. EIA,physical_spot,Henry Hub physical spot,Henry Hub,2026-02-04T06:00:00.000000Z,2026-02-05T06:00:00.000000Z,6.88,USD/MMBtu,,2026-08-31T17:32:20.285578Z,2026-08-26,https://www.eia.gov/dnav/ng/hist/rngwhhdD.htm,eia_henry_hub_spot:1788197540285578000:3241dfb4a8883f486cfb073eb5161263d2da2c27ccb423435106659f0cd0bc3e
EIA:DHHNGSP,U.S. EIA,physical_spot,Henry Hub physical spot,Henry Hub,2026-02-05T06:00:00.000000Z,2026-02-06T06:00:00.000000Z,5.28,USD/MMBtu,,2026-08-31T17:32:20.285578Z,2026-08-26,https://www.eia.gov/dnav/ng/hist/rngwhhdD.htm,eia_henry_hub_spot:1788197540285578000:3241dfb4a8883f486cfb073eb5161263d2da2c27ccb423435106659f0cd0bc3e
EIA:DHHNGSP,U.S. EIA,physical_spot,Henry Hub physical spot,Henry Hub,2026-02-06T06:00:00.000000Z,2026-02-07T06:00:00.000000Z,4.37,USD/MMBtu,,2026-08-31T17:32:20.285578Z,2026-08-26,https://www.eia.gov/dnav/ng/hist/rngwhhdD.htm,eia_henry_hub_spot:1788197540285578000:3241dfb4a8883f486cfb073eb5161263d2da2c27ccb423435106659f0cd0bc3e
EIA:DHHNGSP,U.S. EIA,physical_spot,Henry Hub physical spot,Henry Hub,2026-02-09T06:00:00.000000Z,2026-02-10T06:00:00.000000Z,3.25,USD/MMBtu,,2026-08-31T17:32:20.285578Z,2026-08-26,https://www.eia.gov/dnav/ng/hist/rngwhhdD.htm,eia_henry_hub_spot:1788197540285578000:3241dfb4a8883f486cfb073eb5161263d2da2c27ccb423435106659f0cd0bc3e
EIA:DHHNGSP,U.S. EIA,physical_spot,Henry Hub physical spot,Henry Hub,2026-02-10T06:00:00.000000Z,2026-02-11T06:00:00.000000Z,3.18,USD/MMBtu,,2026-08-31T17:32:20.285578Z,2026-08-26,https://www.eia.gov/dnav/ng/hist/rngwhhdD.htm,eia_henry_hub_spot:1788197540285578000:3241dfb4a8883f486cfb073eb5161263d2da2c27ccb423435106659f0cd0bc3e
EIA:DHHNGSP,U.S. EIA,physical_spot,Henry Hub physical spot,Henry Hub,2026-02-11T06:00:00.000000Z,2026-02-12T06:00:00.000000Z,3.25,USD/MMBtu,,2026-08-31T17:32:20.285578Z,2026-08-26,https://www.eia.gov/dnav/ng/hist/rngwhhdD.htm,eia_henry_hub_spot:1788197540285578000:3241dfb4a8883f486cfb073eb5161263d2da2c27ccb423435106659f0cd0bc3e
EIA:DHHNGSP,U.S. EIA,physical_spot,Henry Hub physical spot,Henry Hub,2026-02-12T06:00:00.000000Z,2026-02-13T06:00:00.000000Z,3.43,USD/MMBtu,,2026-08-31T17:32:20.285578Z,2026-08-26,https://www.eia.gov/dnav/ng/hist/rngwhhdD.htm,eia_henry_hub_spot:1788197540285578000:3241dfb4a8883f486cfb073eb5161263d2da2c27ccb423435106659f0cd0bc3e
EIA:DHHNGSP,U.S. EIA,physical_spot,Henry Hub physical spot,Henry Hub,2026-02-13T06:00:00.000000Z,2026-02-14T06:00:00.000000Z,3.24,USD/MMBtu,,2026-08-31T17:32:20.285578Z,2026-08-26,https://www.eia.gov/dnav/ng/hist/rngwhhdD.htm,eia_henry_hub_spot:1788197540285578000:3241dfb4a8883f486cfb073eb5161263d2da2c27ccb423435106659f0cd0bc3e
EIA:DHHNGSP,U.S. EIA,physical_spot,Henry Hub physical spot,Henry Hub,2026-02-17T06:00:00.000000Z,2026-02-18T06:00:00.000000Z,3.13,USD/MMBtu,,2026-08-31T17:32:20.285578Z,2026-08-26,https://www.eia.gov/dnav/ng/hist/rngwhhdD.htm,eia_henry_hub_spot:1788197540285578000:3241dfb4a8883f486cfb073eb5161263d2da2c27ccb423435106659f0cd0bc3e
EIA:DHHNGSP,U.S. EIA,physical_spot,Henry Hub physical spot,Henry Hub,2026-02-18T06:00:00.000000Z,2026-02-19T06:00:00.000000Z,2.98,USD/MMBtu,,2026-08-31T17:32:20.285578Z,2026-08-26,https://www.eia.gov/dnav/ng/hist/rngwhhdD.htm,eia_henry_hub_spot:1788197540285578000:3241dfb4a8883f486cfb073eb5161263d2da2c27ccb423435106659f0cd0bc3e
EIA:DHHNGSP,U.S. EIA,physical_spot,Henry Hub physical spot,Henry Hub,2026-02-19T06:00:00.000000Z,2026-02-20T06:00:00.000000Z,3.09,USD/MMBtu,,2026-08-31T17:32:20.285578Z,2026-08-26,https://www.eia.gov/dnav/ng/hist/rngwhhdD.htm,eia_henry_hub_spot:1788197540285578000:3241dfb4a8883f486cfb073eb5161263d2da2c27ccb423435106659f0cd0bc3e
EIA:DHHNGSP,U.S. EIA,physical_spot,Henry Hub physical spot,Henry Hub,2026-02-20T06:00:00.000000Z,2026-02-21T06:00:00.000000Z,3.15,USD/MMBtu,,2026-08-31T17:32:20.285578Z,2026-08-26,https://www.eia.gov/dnav/ng/hist/rngwhhdD.htm,eia_henry_hub_spot:1788197540285578000:3241dfb4a8883f486cfb073eb5161263d2da2c27ccb423435106659f0cd0bc3e
EIA:DHHNGSP,U.S. EIA,physical_spot,Henry Hub physical spot,Henry Hub,2026-02-23T06:00:00.000000Z,2026-02-24T06:00:00.000000Z,3.13,USD/MMBtu,,2026-08-31T17:32:20.285578Z,2026-08-26,https://www.eia.gov/dnav/ng/hist/rngwhhdD.htm,eia_henry_hub_spot:1788197540285578000:3241dfb4a8883f486cfb073eb5161263d2da2c27ccb423435106659f0cd0bc3e
EIA:DHHNGSP,U.S. EIA,physical_spot,Henry Hub physical spot,Henry Hub,2026-02-24T06:00:00.000000Z,2026-02-25T06:00:00.000000Z,2.99,USD/MMBtu,,2026-08-31T17:32:20.285578Z,2026-08-26,https://www.eia.gov/dnav/ng/hist/rngwhhdD.htm,eia_henry_hub_spot:1788197540285578000:3241dfb4a8883f486cfb073eb5161263d2da2c27ccb423435106659f0cd0bc3e
EIA:DHHNGSP,U.S. EIA,physical_spot,Henry Hub physical spot,Henry Hub,2026-02-25T06:00:00.000000Z,2026-02-26T06:00:00.000000Z,3.02,USD/MMBtu,,2026-08-31T17:32:20.285578Z,2026-08-26,https://www.eia.gov/dnav/ng/hist/rngwhhdD.htm,eia_henry_hub_spot:1788197540285578000:3241dfb4a8883f486cfb073eb5161263d2da2c27ccb423435106659f0cd0bc3e
EIA:DHHNGSP,U.S. EIA,physical_spot,Henry Hub physical spot,Henry Hub,2026-02-26T06:00:00.000000Z,2026-02-27T06:00:00.000000Z,2.94,USD/MMBtu,,2026-08-31T17:32:20.285578Z,2026-08-26,https://www.eia.gov/dnav/ng/hist/rngwhhdD.htm,eia_henry_hub_spot:1788197540285578000:3241dfb4a8883f486cfb073eb5161263d2da2c27ccb423435106659f0cd0bc3e
EIA:DHHNGSP,U.S. EIA,physical_spot,Henry Hub physical spot,Henry Hub,2026-02-27T06:00:00.000000Z,2026-02-28T06:00:00.000000Z,2.99,USD/MMBtu,,2026-08-31T17:32:20.285578Z,2026-08-26,https://www.eia.gov/dnav/ng/hist/rngwhhdD.htm,eia_henry_hub_spot:1788197540285578000:3241dfb4a8883f486cfb073eb5161263d2da2c27ccb423435106659f0cd0bc3e
EIA:DHHNGSP,U.S. EIA,physical_spot,Henry Hub physical spot,Henry Hub,2026-03-02T06:00:00.000000Z,2026-03-03T06:00:00.000000Z,2.99,USD/MMBtu,,2026-08-31T17:32:20.285578Z,2026-08-26,https://www.eia.gov/dnav/ng/hist/rngwhhdD.htm,eia_henry_hub_spot:1788197540285578000:3241dfb4a8883f486cfb073eb5161263d2da2c27ccb423435106659f0cd0bc3e
EIA:DHHNGSP,U.S. EIA,physical_spot,Henry Hub physical spot,Henry Hub,2026-03-03T06:00:00.000000Z,2026-03-04T06:00:00.000000Z,3.1,USD/MMBtu,,2026-08-31T17:32:20.285578Z,2026-08-26,https://www.eia.gov/dnav/ng/hist/rngwhhdD.htm,eia_henry_hub_spot:1788197540285578000:3241dfb4a8883f486cfb073eb5161263d2da2c27ccb423435106659f0cd0bc3e
EIA:DHHNGSP,U.S. EIA,physical_spot,Henry Hub physical spot,Henry Hub,2026-03-04T06:00:00.000000Z,2026-03-05T06:00:00.000000Z,2.87,USD/MMBtu,,2026-08-31T17:32:20.285578Z,2026-08-26,https://www.eia.gov/dnav/ng/hist/rngwhhdD.htm,eia_henry_hub_spot:1788197540285578000:3241dfb4a8883f486cfb073eb5161263d2da2c27ccb423435106659f0cd0bc3e
EIA:DHHNGSP,U.S. EIA,physical_spot,Henry Hub physical spot,Henry Hub,2026-03-05T06:00:00.000000Z,2026-03-06T06:00:00.000000Z,2.9,USD/MMBtu,,2026-08-31T17:32:20.285578Z,2026-08-26,https://www.eia.gov/dnav/ng/hist/rngwhhdD.htm,eia_henry_hub_spot:1788197540285578000:3241dfb4a8883f486cfb073eb5161263d2da2c27ccb423435106659f0cd0bc3e
EIA:DHHNGSP,U.S. EIA,physical_spot,Henry Hub physical spot,Henry Hub,2026-03-06T06:00:00.000000Z,2026-03-07T06:00:00.000000Z,3.1,USD/MMBtu,,2026-08-31T17:32:20.285578Z,2026-08-26,https://www.eia.gov/dnav/ng/hist/rngwhhdD.htm,eia_henry_hub_spot:1788197540285578000:3241dfb4a8883f486cfb073eb5161263d2da2c27ccb423435106659f0cd0bc3e
EIA:DHHNGSP,U.S. EIA,physical_spot,Henry Hub physical spot,Henry Hub,2026-03-09T05:00:00.000000Z,2026-03-10T05:00:00.000000Z,3.25,USD/MMBtu,,2026-08-31T17:32:20.285578Z,2026-08-26,https://www.eia.gov/dnav/ng/hist/rngwhhdD.htm,eia_henry_hub_spot:1788197540285578000:3241dfb4a8883f486cfb073eb5161263d2da2c27ccb423435106659f0cd0bc3e
EIA:DHHNGSP,U.S. EIA,physical_spot,Henry Hub physical spot,Henry Hub,2026-03-10T05:00:00.000000Z,2026-03-11T05:00:00.000000Z,3.08,USD/MMBtu,,2026-08-31T17:32:20.285578Z,2026-08-26,https://www.eia.gov/dnav/ng/hist/rngwhhdD.htm,eia_henry_hub_spot:1788197540285578000:3241dfb4a8883f486cfb073eb5161263d2da2c27ccb423435106659f0cd0bc3e
EIA:DHHNGSP,U.S. EIA,physical_spot,Henry Hub physical spot,Henry Hub,2026-03-11T05:00:00.000000Z,2026-03-12T05:00:00.000000Z,3.15,USD/MMBtu,,2026-08-31T17:32:20.285578Z,2026-08-26,https://www.eia.gov/dnav/ng/hist/rngwhhdD.htm,eia_henry_hub_spot:1788197540285578000:3241dfb4a8883f486cfb073eb5161263d2da2c27ccb423435106659f0cd0bc3e
EIA:DHHNGSP,U.S. EIA,physical_spot,Henry Hub physical spot,Henry Hub,2026-03-12T05:00:00.000000Z,2026-03-13T05:00:00.000000Z,3.27,USD/MMBtu,,2026-08-31T17:32:20.285578Z,2026-08-26,https://www.eia.gov/dnav/ng/hist/rngwhhdD.htm,eia_henry_hub_spot:1788197540285578000:3241dfb4a8883f486cfb073eb5161263d2da2c27ccb423435106659f0cd0bc3e
EIA:DHHNGSP,U.S. EIA,physical_spot,Henry Hub physical spot,Henry Hub,2026-03-13T05:00:00.000000Z,2026-03-14T05:00:00.000000Z,3.2,USD/MMBtu,,2026-08-31T17:32:20.285578Z,2026-08-26,https://www.eia.gov/dnav/ng/hist/rngwhhdD.htm,eia_henry_hub_spot:1788197540285578000:3241dfb4a8883f486cfb073eb5161263d2da2c27ccb423435106659f0cd0bc3e
EIA:DHHNGSP,U.S. EIA,physical_spot,Henry Hub physical spot,Henry Hub,2026-03-16T05:00:00.000000Z,2026-03-17T05:00:00.000000Z,3.03,USD/MMBtu,,2026-08-31T17:32:20.285578Z,2026-08-26,https://www.eia.gov/dnav/ng/hist/rngwhhdD.htm,eia_henry_hub_spot:1788197540285578000:3241dfb4a8883f486cfb073eb5161263d2da2c27ccb423435106659f0cd0bc3e
EIA:DHHNGSP,U.S. EIA,physical_spot,Henry Hub physical spot,Henry Hub,2026-03-17T05:00:00.000000Z,2026-03-18T05:00:00.000000Z,3.14,USD/MMBtu,,2026-08-31T17:32:20.285578Z,2026-08-26,https://www.eia.gov/dnav/ng/hist/rngwhhdD.htm,eia_henry_hub_spot:1788197540285578000:3241dfb4a8883f486cfb073eb5161263d2da2c27ccb423435106659f0cd0bc3e
EIA:DHHNGSP,U.S. EIA,physical_spot,Henry Hub physical spot,Henry Hub,2026-03-18T05:00:00.000000Z,2026-03-19T05:00:00.000000Z,3.12,USD/MMBtu,,2026-08-31T17:32:20.285578Z,2026-08-26,https://www.eia.gov/dnav/ng/hist/rngwhhdD.htm,eia_henry_hub_spot:1788197540285578000:3241dfb4a8883f486cfb073eb5161263d2da2c27ccb423435106659f0cd0bc3e
EIA:DHHNGSP,U.S. EIA,physical_spot,Henry Hub physical spot,Henry Hub,2026-03-19T05:00:00.000000Z,2026-03-20T05:00:00.000000Z,3.21,USD/MMBtu,,2026-08-31T17:32:20.285578Z,2026-08-26,https://www.eia.gov/dnav/ng/hist/rngwhhdD.htm,eia_henry_hub_spot:1788197540285578000:3241dfb4a8883f486cfb073eb5161263d2da2c27ccb423435106659f0cd0bc3e
EIA:DHHNGSP,U.S. EIA,physical_spot,Henry Hub physical spot,Henry Hub,2026-03-20T05:00:00.000000Z,2026-03-21T05:00:00.000000Z,3.04,USD/MMBtu,,2026-08-31T17:32:20.285578Z,2026-08-26,https://www.eia.gov/dnav/ng/hist/rngwhhdD.htm,eia_henry_hub_spot:1788197540285578000:3241dfb4a8883f486cfb073eb5161263d2da2c27ccb423435106659f0cd0bc3e
EIA:DHHNGSP,U.S. EIA,physical_spot,Henry Hub physical spot,Henry Hub,2026-03-23T05:00:00.000000Z,2026-03-24T05:00:00.000000Z,2.94,USD/MMBtu,,2026-08-31T17:32:20.285578Z,2026-08-26,https://www.eia.gov/dnav/ng/hist/rngwhhdD.htm,eia_henry_hub_spot:1788197540285578000:3241dfb4a8883f486cfb073eb5161263d2da2c27ccb423435106659f0cd0bc3e
EIA:DHHNGSP,U.S. EIA,physical_spot,Henry Hub physical spot,Henry Hub,2026-03-24T05:00:00.000000Z,2026-03-25T05:00:00.000000Z,2.9,USD/MMBtu,,2026-08-31T17:32:20.285578Z,2026-08-26,https://www.eia.gov/dnav/ng/hist/rngwhhdD.htm,eia_henry_hub_spot:1788197540285578000:3241dfb4a8883f486cfb073eb5161263d2da2c27ccb423435106659f0cd0bc3e
EIA:DHHNGSP,U.S. EIA,physical_spot,Henry Hub physical spot,Henry Hub,2026-03-25T05:00:00.000000Z,2026-03-26T05:00:00.000000Z,2.94,USD/MMBtu,,2026-08-31T17:32:20.285578Z,2026-08-26,https://www.eia.gov/dnav/ng/hist/rngwhhdD.htm,eia_henry_hub_spot:1788197540285578000:3241dfb4a8883f486cfb073eb5161263d2da2c27ccb423435106659f0cd0bc3e
EIA:DHHNGSP,U.S. EIA,physical_spot,Henry Hub physical spot,Henry Hub,2026-03-26T05:00:00.000000Z,2026-03-27T05:00:00.000000Z,2.99,USD/MMBtu,,2026-08-31T17:32:20.285578Z,2026-08-26,https://www.eia.gov/dnav/ng/hist/rngwhhdD.htm,eia_henry_hub_spot:1788197540285578000:3241dfb4a8883f486cfb073eb5161263d2da2c27ccb423435106659f0cd0bc3e
EIA:DHHNGSP,U.S. EIA,physical_spot,Henry Hub physical spot,Henry Hub,2026-03-27T05:00:00.000000Z,2026-03-28T05:00:00.000000Z,2.99,USD/MMBtu,,2026-08-31T17:32:20.285578Z,2026-08-26,https://www.eia.gov/dnav/ng/hist/rngwhhdD.htm,eia_henry_hub_spot:1788197540285578000:3241dfb4a8883f486cfb073eb5161263d2da2c27ccb423435106659f0cd0bc3e
EIA:DHHNGSP,U.S. EIA,physical_spot,Henry Hub physical spot,Henry Hub,2026-03-30T05:00:00.000000Z,2026-03-31T05:00:00.000000Z,2.88,USD/MMBtu,,2026-08-31T17:32:20.285578Z,2026-08-26,https://www.eia.gov/dnav/ng/hist/rngwhhdD.htm,eia_henry_hub_spot:1788197540285578000:3241dfb4a8883f486cfb073eb5161263d2da2c27ccb423435106659f0cd0bc3e
EIA:DHHNGSP,U.S. EIA,physical_spot,Henry Hub physical spot,Henry Hub,2026-03-31T05:00:00.000000Z,2026-04-01T05:00:00.000000Z,2.88,USD/MMBtu,,2026-08-31T17:32:20.285578Z,2026-08-26,https://www.eia.gov/dnav/ng/hist/rngwhhdD.htm,eia_henry_hub_spot:1788197540285578000:3241dfb4a8883f486cfb073eb5161263d2da2c27ccb423435106659f0cd0bc3e
EIA:DHHNGSP,U.S. EIA,physical_spot,Henry Hub physical spot,Henry Hub,2026-04-01T05:00:00.000000Z,2026-04-02T05:00:00.000000Z,2.99,USD/MMBtu,,2026-08-31T17:32:20.285578Z,2026-08-26,https://www.eia.gov/dnav/ng/hist/rngwhhdD.htm,eia_henry_hub_spot:1788197540285578000:3241dfb4a8883f486cfb073eb5161263d2da2c27ccb423435106659f0cd0bc3e
EIA:DHHNGSP,U.S. EIA,physical_spot,Henry Hub physical spot,Henry Hub,2026-04-02T05:00:00.000000Z,2026-04-03T05:00:00.000000Z,2.86,USD/MMBtu,,2026-08-31T17:32:20.285578Z,2026-08-26,https://www.eia.gov/dnav/ng/hist/rngwhhdD.htm,eia_henry_hub_spot:1788197540285578000:3241dfb4a8883f486cfb073eb5161263d2da2c27ccb423435106659f0cd0bc3e
EIA:DHHNGSP,U.S. EIA,physical_spot,Henry Hub physical spot,Henry Hub,2026-04-06T05:00:00.000000Z,2026-04-07T05:00:00.000000Z,3.04,USD/MMBtu,,2026-08-31T17:32:20.285578Z,2026-08-26,https://www.eia.gov/dnav/ng/hist/rngwhhdD.htm,eia_henry_hub_spot:1788197540285578000:3241dfb4a8883f486cfb073eb5161263d2da2c27ccb423435106659f0cd0bc3e
EIA:DHHNGSP,U.S. EIA,physical_spot,Henry Hub physical spot,Henry Hub,2026-04-07T05:00:00.000000Z,2026-04-08T05:00:00.000000Z,3.01,USD/MMBtu,,2026-08-31T17:32:20.285578Z,2026-08-26,https://www.eia.gov/dnav/ng/hist/rngwhhdD.htm,eia_henry_hub_spot:1788197540285578000:3241dfb4a8883f486cfb073eb5161263d2da2c27ccb423435106659f0cd0bc3e
EIA:DHHNGSP,U.S. EIA,physical_spot,Henry Hub physical spot,Henry Hub,2026-04-08T05:00:00.000000Z,2026-04-09T05:00:00.000000Z,2.78,USD/MMBtu,,2026-08-31T17:32:20.285578Z,2026-08-26,https://www.eia.gov/dnav/ng/hist/rngwhhdD.htm,eia_henry_hub_spot:1788197540285578000:3241dfb4a8883f486cfb073eb5161263d2da2c27ccb423435106659f0cd0bc3e
EIA:DHHNGSP,U.S. EIA,physical_spot,Henry Hub physical spot,Henry Hub,2026-04-09T05:00:00.000000Z,2026-04-10T05:00:00.000000Z,2.78,USD/MMBtu,,2026-08-31T17:32:20.285578Z,2026-08-26,https://www.eia.gov/dnav/ng/hist/rngwhhdD.htm,eia_henry_hub_spot:1788197540285578000:3241dfb4a8883f486cfb073eb5161263d2da2c27ccb423435106659f0cd0bc3e
EIA:DHHNGSP,U.S. EIA,physical_spot,Henry Hub physical spot,Henry Hub,2026-04-10T05:00:00.000000Z,2026-04-11T05:00:00.000000Z,2.64,USD/MMBtu,,2026-08-31T17:32:20.285578Z,2026-08-26,https://www.eia.gov/dnav/ng/hist/rngwhhdD.htm,eia_henry_hub_spot:1788197540285578000:3241dfb4a8883f486cfb073eb5161263d2da2c27ccb423435106659f0cd0bc3e
EIA:DHHNGSP,U.S. EIA,physical_spot,Henry Hub physical spot,Henry Hub,2026-04-13T05:00:00.000000Z,2026-04-14T05:00:00.000000Z,2.79,USD/MMBtu,,2026-08-31T17:32:20.285578Z,2026-08-26,https://www.eia.gov/dnav/ng/hist/rngwhhdD.htm,eia_henry_hub_spot:1788197540285578000:3241dfb4a8883f486cfb073eb5161263d2da2c27ccb423435106659f0cd0bc3e
EIA:DHHNGSP,U.S. EIA,physical_spot,Henry Hub physical spot,Henry Hub,2026-04-14T05:00:00.000000Z,2026-04-15T05:00:00.000000Z,2.79,USD/MMBtu,,2026-08-31T17:32:20.285578Z,2026-08-26,https://www.eia.gov/dnav/ng/hist/rngwhhdD.htm,eia_henry_hub_spot:1788197540285578000:3241dfb4a8883f486cfb073eb5161263d2da2c27ccb423435106659f0cd0bc3e
EIA:DHHNGSP,U.S. EIA,physical_spot,Henry Hub physical spot,Henry Hub,2026-04-15T05:00:00.000000Z,2026-04-16T05:00:00.000000Z,2.78,USD/MMBtu,,2026-08-31T17:32:20.285578Z,2026-08-26,https://www.eia.gov/dnav/ng/hist/rngwhhdD.htm,eia_henry_hub_spot:1788197540285578000:3241dfb4a8883f486cfb073eb5161263d2da2c27ccb423435106659f0cd0bc3e
EIA:DHHNGSP,U.S. EIA,physical_spot,Henry Hub physical spot,Henry Hub,2026-04-16T05:00:00.000000Z,2026-04-17T05:00:00.000000Z,2.78,USD/MMBtu,,2026-08-31T17:32:20.285578Z,2026-08-26,https://www.eia.gov/dnav/ng/hist/rngwhhdD.htm,eia_henry_hub_spot:1788197540285578000:3241dfb4a8883f486cfb073eb5161263d2da2c27ccb423435106659f0cd0bc3e
EIA:DHHNGSP,U.S. EIA,physical_spot,Henry Hub physical spot,Henry Hub,2026-04-17T05:00:00.000000Z,2026-04-18T05:00:00.000000Z,2.71,USD/MMBtu,,2026-08-31T17:32:20.285578Z,2026-08-26,https://www.eia.gov/dnav/ng/hist/rngwhhdD.htm,eia_henry_hub_spot:1788197540285578000:3241dfb4a8883f486cfb073eb5161263d2da2c27ccb423435106659f0cd0bc3e
EIA:DHHNGSP,U.S. EIA,physical_spot,Henry Hub physical spot,Henry Hub,2026-04-20T05:00:00.000000Z,2026-04-21T05:00:00.000000Z,2.81,USD/MMBtu,,2026-08-31T17:32:20.285578Z,2026-08-26,https://www.eia.gov/dnav/ng/hist/rngwhhdD.htm,eia_henry_hub_spot:1788197540285578000:3241dfb4a8883f486cfb073eb5161263d2da2c27ccb423435106659f0cd0bc3e
EIA:DHHNGSP,U.S. EIA,physical_spot,Henry Hub physical spot,Henry Hub,2026-04-21T05:00:00.000000Z,2026-04-22T05:00:00.000000Z,2.76,USD/MMBtu,,2026-08-31T17:32:20.285578Z,2026-08-26,https://www.eia.gov/dnav/ng/hist/rngwhhdD.htm,eia_henry_hub_spot:1788197540285578000:3241dfb4a8883f486cfb073eb5161263d2da2c27ccb423435106659f0cd0bc3e
EIA:DHHNGSP,U.S. EIA,physical_spot,Henry Hub physical spot,Henry Hub,2026-04-22T05:00:00.000000Z,2026-04-23T05:00:00.000000Z,2.75,USD/MMBtu,,2026-08-31T17:32:20.285578Z,2026-08-26,https://www.eia.gov/dnav/ng/hist/rngwhhdD.htm,eia_henry_hub_spot:1788197540285578000:3241dfb4a8883f486cfb073eb5161263d2da2c27ccb423435106659f0cd0bc3e
EIA:DHHNGSP,U.S. EIA,physical_spot,Henry Hub physical spot,Henry Hub,2026-04-23T05:00:00.000000Z,2026-04-24T05:00:00.000000Z,2.65,USD/MMBtu,,2026-08-31T17:32:20.285578Z,2026-08-26,https://www.eia.gov/dnav/ng/hist/rngwhhdD.htm,eia_henry_hub_spot:1788197540285578000:3241dfb4a8883f486cfb073eb5161263d2da2c27ccb423435106659f0cd0bc3e
EIA:DHHNGSP,U.S. EIA,physical_spot,Henry Hub physical spot,Henry Hub,2026-04-24T05:00:00.000000Z,2026-04-25T05:00:00.000000Z,2.54,USD/MMBtu,,2026-08-31T17:32:20.285578Z,2026-08-26,https://www.eia.gov/dnav/ng/hist/rngwhhdD.htm,eia_henry_hub_spot:1788197540285578000:3241dfb4a8883f486cfb073eb5161263d2da2c27ccb423435106659f0cd0bc3e
EIA:DHHNGSP,U.S. EIA,physical_spot,Henry Hub physical spot,Henry Hub,2026-04-27T05:00:00.000000Z,2026-04-28T05:00:00.000000Z,2.72,USD/MMBtu,,2026-08-31T17:32:20.285578Z,2026-08-26,https://www.eia.gov/dnav/ng/hist/rngwhhdD.htm,eia_henry_hub_spot:1788197540285578000:3241dfb4a8883f486cfb073eb5161263d2da2c27ccb423435106659f0cd0bc3e
EIA:DHHNGSP,U.S. EIA,physical_spot,Henry Hub physical spot,Henry Hub,2026-04-28T05:00:00.000000Z,2026-04-29T05:00:00.000000Z,2.7,USD/MMBtu,,2026-08-31T17:32:20.285578Z,2026-08-26,https://www.eia.gov/dnav/ng/hist/rngwhhdD.htm,eia_henry_hub_spot:1788197540285578000:3241dfb4a8883f486cfb073eb5161263d2da2c27ccb423435106659f0cd0bc3e
EIA:DHHNGSP,U.S. EIA,physical_spot,Henry Hub physical spot,Henry Hub,2026-04-29T05:00:00.000000Z,2026-04-30T05:00:00.000000Z,2.6,USD/MMBtu,,2026-08-31T17:32:20.285578Z,2026-08-26,https://www.eia.gov/dnav/ng/hist/rngwhhdD.htm,eia_henry_hub_spot:1788197540285578000:3241dfb4a8883f486cfb073eb5161263d2da2c27ccb423435106659f0cd0bc3e
EIA:DHHNGSP,U.S. EIA,physical_spot,Henry Hub physical spot,Henry Hub,2026-04-30T05:00:00.000000Z,2026-05-01T05:00:00.000000Z,2.64,USD/MMBtu,,2026-08-31T17:32:20.285578Z,2026-08-26,https://www.eia.gov/dnav/ng/hist/rngwhhdD.htm,eia_henry_hub_spot:1788197540285578000:3241dfb4a8883f486cfb073eb5161263d2da2c27ccb423435106659f0cd0bc3e
EIA:DHHNGSP,U.S. EIA,physical_spot,Henry Hub physical spot,Henry Hub,2026-05-01T05:00:00.000000Z,2026-05-02T05:00:00.000000Z,2.63,USD/MMBtu,,2026-08-31T17:32:20.285578Z,2026-08-26,https://www.eia.gov/dnav/ng/hist/rngwhhdD.htm,eia_henry_hub_spot:1788197540285578000:3241dfb4a8883f486cfb073eb5161263d2da2c27ccb423435106659f0cd0bc3e
EIA:DHHNGSP,U.S. EIA,physical_spot,Henry Hub physical spot,Henry Hub,2026-05-04T05:00:00.000000Z,2026-05-05T05:00:00.000000Z,2.67,USD/MMBtu,,2026-08-31T17:32:20.285578Z,2026-08-26,https://www.eia.gov/dnav/ng/hist/rngwhhdD.htm,eia_henry_hub_spot:1788197540285578000:3241dfb4a8883f486cfb073eb5161263d2da2c27ccb423435106659f0cd0bc3e
EIA:DHHNGSP,U.S. EIA,physical_spot,Henry Hub physical spot,Henry Hub,2026-05-05T05:00:00.000000Z,2026-05-06T05:00:00.000000Z,2.83,USD/MMBtu,,2026-08-31T17:32:20.285578Z,2026-08-26,https://www.eia.gov/dnav/ng/hist/rngwhhdD.htm,eia_henry_hub_spot:1788197540285578000:3241dfb4a8883f486cfb073eb5161263d2da2c27ccb423435106659f0cd0bc3e
EIA:DHHNGSP,U.S. EIA,physical_spot,Henry Hub physical spot,Henry Hub,2026-05-06T05:00:00.000000Z,2026-05-07T05:00:00.000000Z,2.75,USD/MMBtu,,2026-08-31T17:32:20.285578Z,2026-08-26,https://www.eia.gov/dnav/ng/hist/rngwhhdD.htm,eia_henry_hub_spot:1788197540285578000:3241dfb4a8883f486cfb073eb5161263d2da2c27ccb423435106659f0cd0bc3e
EIA:DHHNGSP,U.S. EIA,physical_spot,Henry Hub physical spot,Henry Hub,2026-05-07T05:00:00.000000Z,2026-05-08T05:00:00.000000Z,2.7,USD/MMBtu,,2026-08-31T17:32:20.285578Z,2026-08-26,https://www.eia.gov/dnav/ng/hist/rngwhhdD.htm,eia_henry_hub_spot:1788197540285578000:3241dfb4a8883f486cfb073eb5161263d2da2c27ccb423435106659f0cd0bc3e
EIA:DHHNGSP,U.S. EIA,physical_spot,Henry Hub physical spot,Henry Hub,2026-05-08T05:00:00.000000Z,2026-05-09T05:00:00.000000Z,2.75,USD/MMBtu,,2026-08-31T17:32:20.285578Z,2026-08-26,https://www.eia.gov/dnav/ng/hist/rngwhhdD.htm,eia_henry_hub_spot:1788197540285578000:3241dfb4a8883f486cfb073eb5161263d2da2c27ccb423435106659f0cd0bc3e
EIA:DHHNGSP,U.S. EIA,physical_spot,Henry Hub physical spot,Henry Hub,2026-05-11T05:00:00.000000Z,2026-05-12T05:00:00.000000Z,2.82,USD/MMBtu,,2026-08-31T17:32:20.285578Z,2026-08-26,https://www.eia.gov/dnav/ng/hist/rngwhhdD.htm,eia_henry_hub_spot:1788197540285578000:3241dfb4a8883f486cfb073eb5161263d2da2c27ccb423435106659f0cd0bc3e
EIA:DHHNGSP,U.S. EIA,physical_spot,Henry Hub physical spot,Henry Hub,2026-05-12T05:00:00.000000Z,2026-05-13T05:00:00.000000Z,2.91,USD/MMBtu,,2026-08-31T17:32:20.285578Z,2026-08-26,https://www.eia.gov/dnav/ng/hist/rngwhhdD.htm,eia_henry_hub_spot:1788197540285578000:3241dfb4a8883f486cfb073eb5161263d2da2c27ccb423435106659f0cd0bc3e
EIA:DHHNGSP,U.S. EIA,physical_spot,Henry Hub physical spot,Henry Hub,2026-05-13T05:00:00.000000Z,2026-05-14T05:00:00.000000Z,2.88,USD/MMBtu,,2026-08-31T17:32:20.285578Z,2026-08-26,https://www.eia.gov/dnav/ng/hist/rngwhhdD.htm,eia_henry_hub_spot:1788197540285578000:3241dfb4a8883f486cfb073eb5161263d2da2c27ccb423435106659f0cd0bc3e
EIA:DHHNGSP,U.S. EIA,physical_spot,Henry Hub physical spot,Henry Hub,2026-05-14T05:00:00.000000Z,2026-05-15T05:00:00.000000Z,2.79,USD/MMBtu,,2026-08-31T17:32:20.285578Z,2026-08-26,https://www.eia.gov/dnav/ng/hist/rngwhhdD.htm,eia_henry_hub_spot:1788197540285578000:3241dfb4a8883f486cfb073eb5161263d2da2c27ccb423435106659f0cd0bc3e
EIA:DHHNGSP,U.S. EIA,physical_spot,Henry Hub physical spot,Henry Hub,2026-05-15T05:00:00.000000Z,2026-05-16T05:00:00.000000Z,2.89,USD/MMBtu,,2026-08-31T17:32:20.285578Z,2026-08-26,https://www.eia.gov/dnav/ng/hist/rngwhhdD.htm,eia_henry_hub_spot:1788197540285578000:3241dfb4a8883f486cfb073eb5161263d2da2c27ccb423435106659f0cd0bc3e
EIA:DHHNGSP,U.S. EIA,physical_spot,Henry Hub physical spot,Henry Hub,2026-05-18T05:00:00.000000Z,2026-05-19T05:00:00.000000Z,3.07,USD/MMBtu,,2026-08-31T17:32:20.285578Z,2026-08-26,https://www.eia.gov/dnav/ng/hist/rngwhhdD.htm,eia_henry_hub_spot:1788197540285578000:3241dfb4a8883f486cfb073eb5161263d2da2c27ccb423435106659f0cd0bc3e
EIA:DHHNGSP,U.S. EIA,physical_spot,Henry Hub physical spot,Henry Hub,2026-05-19T05:00:00.000000Z,2026-05-20T05:00:00.000000Z,3.23,USD/MMBtu,,2026-08-31T17:32:20.285578Z,2026-08-26,https://www.eia.gov/dnav/ng/hist/rngwhhdD.htm,eia_henry_hub_spot:1788197540285578000:3241dfb4a8883f486cfb073eb5161263d2da2c27ccb423435106659f0cd0bc3e
EIA:DHHNGSP,U.S. EIA,physical_spot,Henry Hub physical spot,Henry Hub,2026-05-20T05:00:00.000000Z,2026-05-21T05:00:00.000000Z,3.18,USD/MMBtu,,2026-08-31T17:32:20.285578Z,2026-08-26,https://www.eia.gov/dnav/ng/hist/rngwhhdD.htm,eia_henry_hub_spot:1788197540285578000:3241dfb4a8883f486cfb073eb5161263d2da2c27ccb423435106659f0cd0bc3e
EIA:DHHNGSP,U.S. EIA,physical_spot,Henry Hub physical spot,Henry Hub,2026-05-21T05:00:00.000000Z,2026-05-22T05:00:00.000000Z,3.14,USD/MMBtu,,2026-08-31T17:32:20.285578Z,2026-08-26,https://www.eia.gov/dnav/ng/hist/rngwhhdD.htm,eia_henry_hub_spot:1788197540285578000:3241dfb4a8883f486cfb073eb5161263d2da2c27ccb423435106659f0cd0bc3e
EIA:DHHNGSP,U.S. EIA,physical_spot,Henry Hub physical spot,Henry Hub,2026-05-22T05:00:00.000000Z,2026-05-23T05:00:00.000000Z,2.92,USD/MMBtu,,2026-08-31T17:32:20.285578Z,2026-08-26,https://www.eia.gov/dnav/ng/hist/rngwhhdD.htm,eia_henry_hub_spot:1788197540285578000:3241dfb4a8883f486cfb073eb5161263d2da2c27ccb423435106659f0cd0bc3e
EIA:DHHNGSP,U.S. EIA,physical_spot,Henry Hub physical spot,Henry Hub,2026-05-26T05:00:00.000000Z,2026-05-27T05:00:00.000000Z,3.1,USD/MMBtu,,2026-08-31T17:32:20.285578Z,2026-08-26,https://www.eia.gov/dnav/ng/hist/rngwhhdD.htm,eia_henry_hub_spot:1788197540285578000:3241dfb4a8883f486cfb073eb5161263d2da2c27ccb423435106659f0cd0bc3e
EIA:DHHNGSP,U.S. EIA,physical_spot,Henry Hub physical spot,Henry Hub,2026-05-27T05:00:00.000000Z,2026-05-28T05:00:00.000000Z,3.13,USD/MMBtu,,2026-08-31T17:32:20.285578Z,2026-08-26,https://www.eia.gov/dnav/ng/hist/rngwhhdD.htm,eia_henry_hub_spot:1788197540285578000:3241dfb4a8883f486cfb073eb5161263d2da2c27ccb423435106659f0cd0bc3e
EIA:DHHNGSP,U.S. EIA,physical_spot,Henry Hub physical spot,Henry Hub,2026-05-28T05:00:00.000000Z,2026-05-29T05:00:00.000000Z,3.04,USD/MMBtu,,2026-08-31T17:32:20.285578Z,2026-08-26,https://www.eia.gov/dnav/ng/hist/rngwhhdD.htm,eia_henry_hub_spot:1788197540285578000:3241dfb4a8883f486cfb073eb5161263d2da2c27ccb423435106659f0cd0bc3e
EIA:DHHNGSP,U.S. EIA,physical_spot,Henry Hub physical spot,Henry Hub,2026-05-29T05:00:00.000000Z,2026-05-30T05:00:00.000000Z,3.34,USD/MMBtu,,2026-08-31T17:32:20.285578Z,2026-08-26,https://www.eia.gov/dnav/ng/hist/rngwhhdD.htm,eia_henry_hub_spot:1788197540285578000:3241dfb4a8883f486cfb073eb5161263d2da2c27ccb423435106659f0cd0bc3e
EIA:DHHNGSP,U.S. EIA,physical_spot,Henry Hub physical spot,Henry Hub,2026-06-01T05:00:00.000000Z,2026-06-02T05:00:00.000000Z,3.07,USD/MMBtu,,2026-08-31T17:32:20.285578Z,2026-08-26,https://www.eia.gov/dnav/ng/hist/rngwhhdD.htm,eia_henry_hub_spot:1788197540285578000:3241dfb4a8883f486cfb073eb5161263d2da2c27ccb423435106659f0cd0bc3e
EIA:DHHNGSP,U.S. EIA,physical_spot,Henry Hub physical spot,Henry Hub,2026-06-02T05:00:00.000000Z,2026-06-03T05:00:00.000000Z,2.97,USD/MMBtu,,2026-08-31T17:32:20.285578Z,2026-08-26,https://www.eia.gov/dnav/ng/hist/rngwhhdD.htm,eia_henry_hub_spot:1788197540285578000:3241dfb4a8883f486cfb073eb5161263d2da2c27ccb423435106659f0cd0bc3e
EIA:DHHNGSP,U.S. EIA,physical_spot,Henry Hub physical spot,Henry Hub,2026-06-03T05:00:00.000000Z,2026-06-04T05:00:00.000000Z,2.97,USD/MMBtu,,2026-08-31T17:32:20.285578Z,2026-08-26,https://www.eia.gov/dnav/ng/hist/rngwhhdD.htm,eia_henry_hub_spot:1788197540285578000:3241dfb4a8883f486cfb073eb5161263d2da2c27ccb423435106659f0cd0bc3e
EIA:DHHNGSP,U.S. EIA,physical_spot,Henry Hub physical spot,Henry Hub,2026-06-04T05:00:00.000000Z,2026-06-05T05:00:00.000000Z,3.08,USD/MMBtu,,2026-08-31T17:32:20.285578Z,2026-08-26,https://www.eia.gov/dnav/ng/hist/rngwhhdD.htm,eia_henry_hub_spot:1788197540285578000:3241dfb4a8883f486cfb073eb5161263d2da2c27ccb423435106659f0cd0bc3e
EIA:DHHNGSP,U.S. EIA,physical_spot,Henry Hub physical spot,Henry Hub,2026-06-05T05:00:00.000000Z,2026-06-06T05:00:00.000000Z,3.05,USD/MMBtu,,2026-08-31T17:32:20.285578Z,2026-08-26,https://www.eia.gov/dnav/ng/hist/rngwhhdD.htm,eia_henry_hub_spot:1788197540285578000:3241dfb4a8883f486cfb073eb5161263d2da2c27ccb423435106659f0cd0bc3e
EIA:DHHNGSP,U.S. EIA,physical_spot,Henry Hub physical spot,Henry Hub,2026-06-08T05:00:00.000000Z,2026-06-09T05:00:00.000000Z,3.1,USD/MMBtu,,2026-08-31T17:32:20.285578Z,2026-08-26,https://www.eia.gov/dnav/ng/hist/rngwhhdD.htm,eia_henry_hub_spot:1788197540285578000:3241dfb4a8883f486cfb073eb5161263d2da2c27ccb423435106659f0cd0bc3e
EIA:DHHNGSP,U.S. EIA,physical_spot,Henry Hub physical spot,Henry Hub,2026-06-09T05:00:00.000000Z,2026-06-10T05:00:00.000000Z,3.18,USD/MMBtu,,2026-08-31T17:32:20.285578Z,2026-08-26,https://www.eia.gov/dnav/ng/hist/rngwhhdD.htm,eia_henry_hub_spot:1788197540285578000:3241dfb4a8883f486cfb073eb5161263d2da2c27ccb423435106659f0cd0bc3e
EIA:DHHNGSP,U.S. EIA,physical_spot,Henry Hub physical spot,Henry Hub,2026-06-10T05:00:00.000000Z,2026-06-11T05:00:00.000000Z,3.27,USD/MMBtu,,2026-08-31T17:32:20.285578Z,2026-08-26,https://www.eia.gov/dnav/ng/hist/rngwhhdD.htm,eia_henry_hub_spot:1788197540285578000:3241dfb4a8883f486cfb073eb5161263d2da2c27ccb423435106659f0cd0bc3e
EIA:DHHNGSP,U.S. EIA,physical_spot,Henry Hub physical spot,Henry Hub,2026-06-11T05:00:00.000000Z,2026-06-12T05:00:00.000000Z,3.16,USD/MMBtu,,2026-08-31T17:32:20.285578Z,2026-08-26,https://www.eia.gov/dnav/ng/hist/rngwhhdD.htm,eia_henry_hub_spot:1788197540285578000:3241dfb4a8883f486cfb073eb5161263d2da2c27ccb423435106659f0cd0bc3e
EIA:DHHNGSP,U.S. EIA,physical_spot,Henry Hub physical spot,Henry Hub,2026-06-12T05:00:00.000000Z,2026-06-13T05:00:00.000000Z,3.06,USD/MMBtu,,2026-08-31T17:32:20.285578Z,2026-08-26,https://www.eia.gov/dnav/ng/hist/rngwhhdD.htm,eia_henry_hub_spot:1788197540285578000:3241dfb4a8883f486cfb073eb5161263d2da2c27ccb423435106659f0cd0bc3e
EIA:DHHNGSP,U.S. EIA,physical_spot,Henry Hub physical spot,Henry Hub,2026-06-15T05:00:00.000000Z,2026-06-16T05:00:00.000000Z,3.06,USD/MMBtu,,2026-08-31T17:32:20.285578Z,2026-08-26,https://www.eia.gov/dnav/ng/hist/rngwhhdD.htm,eia_henry_hub_spot:1788197540285578000:3241dfb4a8883f486cfb073eb5161263d2da2c27ccb423435106659f0cd0bc3e
EIA:DHHNGSP,U.S. EIA,physical_spot,Henry Hub physical spot,Henry Hub,2026-06-16T05:00:00.000000Z,2026-06-17T05:00:00.000000Z,3.1,USD/MMBtu,,2026-08-31T17:32:20.285578Z,2026-08-26,https://www.eia.gov/dnav/ng/hist/rngwhhdD.htm,eia_henry_hub_spot:1788197540285578000:3241dfb4a8883f486cfb073eb5161263d2da2c27ccb423435106659f0cd0bc3e
EIA:DHHNGSP,U.S. EIA,physical_spot,Henry Hub physical spot,Henry Hub,2026-06-17T05:00:00.000000Z,2026-06-18T05:00:00.000000Z,3.25,USD/MMBtu,,2026-08-31T17:32:20.285578Z,2026-08-26,https://www.eia.gov/dnav/ng/hist/rngwhhdD.htm,eia_henry_hub_spot:1788197540285578000:3241dfb4a8883f486cfb073eb5161263d2da2c27ccb423435106659f0cd0bc3e
EIA:DHHNGSP,U.S. EIA,physical_spot,Henry Hub physical spot,Henry Hub,2026-06-18T05:00:00.000000Z,2026-06-19T05:00:00.000000Z,3.08,USD/MMBtu,,2026-08-31T17:32:20.285578Z,2026-08-26,https://www.eia.gov/dnav/ng/hist/rngwhhdD.htm,eia_henry_hub_spot:1788197540285578000:3241dfb4a8883f486cfb073eb5161263d2da2c27ccb423435106659f0cd0bc3e
EIA:DHHNGSP,U.S. EIA,physical_spot,Henry Hub physical spot,Henry Hub,2026-06-22T05:00:00.000000Z,2026-06-23T05:00:00.000000Z,3.16,USD/MMBtu,,2026-08-31T17:32:20.285578Z,2026-08-26,https://www.eia.gov/dnav/ng/hist/rngwhhdD.htm,eia_henry_hub_spot:1788197540285578000:3241dfb4a8883f486cfb073eb5161263d2da2c27ccb423435106659f0cd0bc3e
EIA:DHHNGSP,U.S. EIA,physical_spot,Henry Hub physical spot,Henry Hub,2026-06-23T05:00:00.000000Z,2026-06-24T05:00:00.000000Z,3.15,USD/MMBtu,,2026-08-31T17:32:20.285578Z,2026-08-26,https://www.eia.gov/dnav/ng/hist/rngwhhdD.htm,eia_henry_hub_spot:1788197540285578000:3241dfb4a8883f486cfb073eb5161263d2da2c27ccb423435106659f0cd0bc3e
EIA:DHHNGSP,U.S. EIA,physical_spot,Henry Hub physical spot,Henry Hub,2026-06-24T05:00:00.000000Z,2026-06-25T05:00:00.000000Z,3.19,USD/MMBtu,,2026-08-31T17:32:20.285578Z,2026-08-26,https://www.eia.gov/dnav/ng/hist/rngwhhdD.htm,eia_henry_hub_spot:1788197540285578000:3241dfb4a8883f486cfb073eb5161263d2da2c27ccb423435106659f0cd0bc3e
EIA:DHHNGSP,U.S. EIA,physical_spot,Henry Hub physical spot,Henry Hub,2026-06-25T05:00:00.000000Z,2026-06-26T05:00:00.000000Z,3.21,USD/MMBtu,,2026-08-31T17:32:20.285578Z,2026-08-26,https://www.eia.gov/dnav/ng/hist/rngwhhdD.htm,eia_henry_hub_spot:1788197540285578000:3241dfb4a8883f486cfb073eb5161263d2da2c27ccb423435106659f0cd0bc3e
EIA:DHHNGSP,U.S. EIA,physical_spot,Henry Hub physical spot,Henry Hub,2026-06-26T05:00:00.000000Z,2026-06-27T05:00:00.000000Z,3.26,USD/MMBtu,,2026-08-31T17:32:20.285578Z,2026-08-26,https://www.eia.gov/dnav/ng/hist/rngwhhdD.htm,eia_henry_hub_spot:1788197540285578000:3241dfb4a8883f486cfb073eb5161263d2da2c27ccb423435106659f0cd0bc3e
EIA:DHHNGSP,U.S. EIA,physical_spot,Henry Hub physical spot,Henry Hub,2026-06-29T05:00:00.000000Z,2026-06-30T05:00:00.000000Z,3.33,USD/MMBtu,,2026-08-31T17:32:20.285578Z,2026-08-26,https://www.eia.gov/dnav/ng/hist/rngwhhdD.htm,eia_henry_hub_spot:1788197540285578000:3241dfb4a8883f486cfb073eb5161263d2da2c27ccb423435106659f0cd0bc3e
EIA:DHHNGSP,U.S. EIA,physical_spot,Henry Hub physical spot,Henry Hub,2026-06-30T05:00:00.000000Z,2026-07-01T05:00:00.000000Z,3.34,USD/MMBtu,,2026-08-31T17:32:20.285578Z,2026-08-26,https://www.eia.gov/dnav/ng/hist/rngwhhdD.htm,eia_henry_hub_spot:1788197540285578000:3241dfb4a8883f486cfb073eb5161263d2da2c27ccb423435106659f0cd0bc3e
EIA:DHHNGSP,U.S. EIA,physical_spot,Henry Hub physical spot,Henry Hub,2026-07-01T05:00:00.000000Z,2026-07-02T05:00:00.000000Z,3.34,USD/MMBtu,,2026-08-31T17:32:20.285578Z,2026-08-26,https://www.eia.gov/dnav/ng/hist/rngwhhdD.htm,eia_henry_hub_spot:1788197540285578000:3241dfb4a8883f486cfb073eb5161263d2da2c27ccb423435106659f0cd0bc3e
EIA:DHHNGSP,U.S. EIA,physical_spot,Henry Hub physical spot,Henry Hub,2026-07-02T05:00:00.000000Z,2026-07-03T05:00:00.000000Z,3.34,USD/MMBtu,,2026-08-31T17:32:20.285578Z,2026-08-26,https://www.eia.gov/dnav/ng/hist/rngwhhdD.htm,eia_henry_hub_spot:1788197540285578000:3241dfb4a8883f486cfb073eb5161263d2da2c27ccb423435106659f0cd0bc3e
EIA:DHHNGSP,U.S. EIA,physical_spot,Henry Hub physical spot,Henry Hub,2026-07-06T05:00:00.000000Z,2026-07-07T05:00:00.000000Z,3.29,USD/MMBtu,,2026-08-31T17:32:20.285578Z,2026-08-26,https://www.eia.gov/dnav/ng/hist/rngwhhdD.htm,eia_henry_hub_spot:1788197540285578000:3241dfb4a8883f486cfb073eb5161263d2da2c27ccb423435106659f0cd0bc3e
EIA:DHHNGSP,U.S. EIA,physical_spot,Henry Hub physical spot,Henry Hub,2026-07-07T05:00:00.000000Z,2026-07-08T05:00:00.000000Z,3.13,USD/MMBtu,,2026-08-31T17:32:20.285578Z,2026-08-26,https://www.eia.gov/dnav/ng/hist/rngwhhdD.htm,eia_henry_hub_spot:1788197540285578000:3241dfb4a8883f486cfb073eb5161263d2da2c27ccb423435106659f0cd0bc3e
EIA:DHHNGSP,U.S. EIA,physical_spot,Henry Hub physical spot,Henry Hub,2026-07-08T05:00:00.000000Z,2026-07-09T05:00:00.000000Z,3.13,USD/MMBtu,,2026-08-31T17:32:20.285578Z,2026-08-26,https://www.eia.gov/dnav/ng/hist/rngwhhdD.htm,eia_henry_hub_spot:1788197540285578000:3241dfb4a8883f486cfb073eb5161263d2da2c27ccb423435106659f0cd0bc3e
EIA:DHHNGSP,U.S. EIA,physical_spot,Henry Hub physical spot,Henry Hub,2026-07-09T05:00:00.000000Z,2026-07-10T05:00:00.000000Z,3.17,USD/MMBtu,,2026-08-31T17:32:20.285578Z,2026-08-26,https://www.eia.gov/dnav/ng/hist/rngwhhdD.htm,eia_henry_hub_spot:1788197540285578000:3241dfb4a8883f486cfb073eb5161263d2da2c27ccb423435106659f0cd0bc3e
EIA:DHHNGSP,U.S. EIA,physical_spot,Henry Hub physical spot,Henry Hub,2026-07-10T05:00:00.000000Z,2026-07-11T05:00:00.000000Z,2.73,USD/MMBtu,,2026-08-31T17:32:20.285578Z,2026-08-26,https://www.eia.gov/dnav/ng/hist/rngwhhdD.htm,eia_henry_hub_spot:1788197540285578000:3241dfb4a8883f486cfb073eb5161263d2da2c27ccb423435106659f0cd0bc3e
EIA:DHHNGSP,U.S. EIA,physical_spot,Henry Hub physical spot,Henry Hub,2026-07-13T05:00:00.000000Z,2026-07-14T05:00:00.000000Z,2.83,USD/MMBtu,,2026-08-31T17:32:20.285578Z,2026-08-26,https://www.eia.gov/dnav/ng/hist/rngwhhdD.htm,eia_henry_hub_spot:1788197540285578000:3241dfb4a8883f486cfb073eb5161263d2da2c27ccb423435106659f0cd0bc3e
EIA:DHHNGSP,U.S. EIA,physical_spot,Henry Hub physical spot,Henry Hub,2026-07-14T05:00:00.000000Z,2026-07-15T05:00:00.000000Z,2.76,USD/MMBtu,,2026-08-31T17:32:20.285578Z,2026-08-26,https://www.eia.gov/dnav/ng/hist/rngwhhdD.htm,eia_henry_hub_spot:1788197540285578000:3241dfb4a8883f486cfb073eb5161263d2da2c27ccb423435106659f0cd0bc3e
EIA:DHHNGSP,U.S. EIA,physical_spot,Henry Hub physical spot,Henry Hub,2026-07-15T05:00:00.000000Z,2026-07-16T05:00:00.000000Z,2.8,USD/MMBtu,,2026-08-31T17:32:20.285578Z,2026-08-26,https://www.eia.gov/dnav/ng/hist/rngwhhdD.htm,eia_henry_hub_spot:1788197540285578000:3241dfb4a8883f486cfb073eb5161263d2da2c27ccb423435106659f0cd0bc3e
EIA:DHHNGSP,U.S. EIA,physical_spot,Henry Hub physical spot,Henry Hub,2026-07-16T05:00:00.000000Z,2026-07-17T05:00:00.000000Z,2.83,USD/MMBtu,,2026-08-31T17:32:20.285578Z,2026-08-26,https://www.eia.gov/dnav/ng/hist/rngwhhdD.htm,eia_henry_hub_spot:1788197540285578000:3241dfb4a8883f486cfb073eb5161263d2da2c27ccb423435106659f0cd0bc3e
EIA:DHHNGSP,U.S. EIA,physical_spot,Henry Hub physical spot,Henry Hub,2026-07-17T05:00:00.000000Z,2026-07-18T05:00:00.000000Z,2.75,USD/MMBtu,,2026-08-31T17:32:20.285578Z,2026-08-26,https://www.eia.gov/dnav/ng/hist/rngwhhdD.htm,eia_henry_hub_spot:1788197540285578000:3241dfb4a8883f486cfb073eb5161263d2da2c27ccb423435106659f0cd0bc3e
EIA:DHHNGSP,U.S. EIA,physical_spot,Henry Hub physical spot,Henry Hub,2026-07-20T05:00:00.000000Z,2026-07-21T05:00:00.000000Z,2.8,USD/MMBtu,,2026-08-31T17:32:20.285578Z,2026-08-26,https://www.eia.gov/dnav/ng/hist/rngwhhdD.htm,eia_henry_hub_spot:1788197540285578000:3241dfb4a8883f486cfb073eb5161263d2da2c27ccb423435106659f0cd0bc3e
EIA:DHHNGSP,U.S. EIA,physical_spot,Henry Hub physical spot,Henry Hub,2026-07-21T05:00:00.000000Z,2026-07-22T05:00:00.000000Z,2.8,USD/MMBtu,,2026-08-31T17:32:20.285578Z,2026-08-26,https://www.eia.gov/dnav/ng/hist/rngwhhdD.htm,eia_henry_hub_spot:1788197540285578000:3241dfb4a8883f486cfb073eb5161263d2da2c27ccb423435106659f0cd0bc3e
EIA:DHHNGSP,U.S. EIA,physical_spot,Henry Hub physical spot,Henry Hub,2026-07-22T05:00:00.000000Z,2026-07-23T05:00:00.000000Z,2.93,USD/MMBtu,,2026-08-31T17:32:20.285578Z,2026-08-26,https://www.eia.gov/dnav/ng/hist/rngwhhdD.htm,eia_henry_hub_spot:1788197540285578000:3241dfb4a8883f486cfb073eb5161263d2da2c27ccb423435106659f0cd0bc3e
EIA:DHHNGSP,U.S. EIA,physical_spot,Henry Hub physical spot,Henry Hub,2026-07-23T05:00:00.000000Z,2026-07-24T05:00:00.000000Z,2.92,USD/MMBtu,,2026-08-31T17:32:20.285578Z,2026-08-26,https://www.eia.gov/dnav/ng/hist/rngwhhdD.htm,eia_henry_hub_spot:1788197540285578000:3241dfb4a8883f486cfb073eb5161263d2da2c27ccb423435106659f0cd0bc3e
EIA:DHHNGSP,U.S. EIA,physical_spot,Henry Hub physical spot,Henry Hub,2026-07-24T05:00:00.000000Z,2026-07-25T05:00:00.000000Z,2.87,USD/MMBtu,,2026-08-31T17:32:20.285578Z,2026-08-26,https://www.eia.gov/dnav/ng/hist/rngwhhdD.htm,eia_henry_hub_spot:1788197540285578000:3241dfb4a8883f486cfb073eb5161263d2da2c27ccb423435106659f0cd0bc3e
EIA:DHHNGSP,U.S. EIA,physical_spot,Henry Hub physical spot,Henry Hub,2026-07-27T05:00:00.000000Z,2026-07-28T05:00:00.000000Z,2.63,USD/MMBtu,,2026-08-31T17:32:20.285578Z,2026-08-26,https://www.eia.gov/dnav/ng/hist/rngwhhdD.htm,eia_henry_hub_spot:1788197540285578000:3241dfb4a8883f486cfb073eb5161263d2da2c27ccb423435106659f0cd0bc3e
EIA:DHHNGSP,U.S. EIA,physical_spot,Henry Hub physical spot,Henry Hub,2026-07-28T05:00:00.000000Z,2026-07-29T05:00:00.000000Z,2.65,USD/MMBtu,,2026-08-31T17:32:20.285578Z,2026-08-26,https://www.eia.gov/dnav/ng/hist/rngwhhdD.htm,eia_henry_hub_spot:1788197540285578000:3241dfb4a8883f486cfb073eb5161263d2da2c27ccb423435106659f0cd0bc3e
EIA:DHHNGSP,U.S. EIA,physical_spot,Henry Hub physical spot,Henry Hub,2026-07-29T05:00:00.000000Z,2026-07-30T05:00:00.000000Z,2.58,USD/MMBtu,,2026-08-31T17:32:20.285578Z,2026-08-26,https://www.eia.gov/dnav/ng/hist/rngwhhdD.htm,eia_henry_hub_spot:1788197540285578000:3241dfb4a8883f486cfb073eb5161263d2da2c27ccb423435106659f0cd0bc3e
EIA:DHHNGSP,U.S. EIA,physical_spot,Henry Hub physical spot,Henry Hub,2026-07-30T05:00:00.000000Z,2026-07-31T05:00:00.000000Z,2.65,USD/MMBtu,,2026-08-31T17:32:20.285578Z,2026-08-26,https://www.eia.gov/dnav/ng/hist/rngwhhdD.htm,eia_henry_hub_spot:1788197540285578000:3241dfb4a8883f486cfb073eb5161263d2da2c27ccb423435106659f0cd0bc3e
EIA:DHHNGSP,U.S. EIA,physical_spot,Henry Hub physical spot,Henry Hub,2026-07-31T05:00:00.000000Z,2026-08-01T05:00:00.000000Z,2.59,USD/MMBtu,,2026-08-31T17:32:20.285578Z,2026-08-26,https://www.eia.gov/dnav/ng/hist/rngwhhdD.htm,eia_henry_hub_spot:1788197540285578000:3241dfb4a8883f486cfb073eb5161263d2da2c27ccb423435106659f0cd0bc3e
EIA:DHHNGSP,U.S. EIA,physical_spot,Henry Hub physical spot,Henry Hub,2026-08-03T05:00:00.000000Z,2026-08-04T05:00:00.000000Z,2.81,USD/MMBtu,,2026-08-31T17:32:20.285578Z,2026-08-26,https://www.eia.gov/dnav/ng/hist/rngwhhdD.htm,eia_henry_hub_spot:1788197540285578000:3241dfb4a8883f486cfb073eb5161263d2da2c27ccb423435106659f0cd0bc3e
EIA:DHHNGSP,U.S. EIA,physical_spot,Henry Hub physical spot,Henry Hub,2026-08-04T05:00:00.000000Z,2026-08-05T05:00:00.000000Z,2.74,USD/MMBtu,,2026-08-31T17:32:20.285578Z,2026-08-26,https://www.eia.gov/dnav/ng/hist/rngwhhdD.htm,eia_henry_hub_spot:1788197540285578000:3241dfb4a8883f486cfb073eb5161263d2da2c27ccb423435106659f0cd0bc3e
EIA:DHHNGSP,U.S. EIA,physical_spot,Henry Hub physical spot,Henry Hub,2026-08-05T05:00:00.000000Z,2026-08-06T05:00:00.000000Z,2.6,USD/MMBtu,,2026-08-31T17:32:20.285578Z,2026-08-26,https://www.eia.gov/dnav/ng/hist/rngwhhdD.htm,eia_henry_hub_spot:1788197540285578000:3241dfb4a8883f486cfb073eb5161263d2da2c27ccb423435106659f0cd0bc3e
EIA:DHHNGSP,U.S. EIA,physical_spot,Henry Hub physical spot,Henry Hub,2026-08-06T05:00:00.000000Z,2026-08-07T05:00:00.000000Z,2.6,USD/MMBtu,,2026-08-31T17:32:20.285578Z,2026-08-26,https://www.eia.gov/dnav/ng/hist/rngwhhdD.htm,eia_henry_hub_spot:1788197540285578000:3241dfb4a8883f486cfb073eb5161263d2da2c27ccb423435106659f0cd0bc3e
EIA:DHHNGSP,U.S. EIA,physical_spot,Henry Hub physical spot,Henry Hub,2026-08-07T05:00:00.000000Z,2026-08-08T05:00:00.000000Z,2.56,USD/MMBtu,,2026-08-31T17:32:20.285578Z,2026-08-26,https://www.eia.gov/dnav/ng/hist/rngwhhdD.htm,eia_henry_hub_spot:1788197540285578000:3241dfb4a8883f486cfb073eb5161263d2da2c27ccb423435106659f0cd0bc3e
EIA:DHHNGSP,U.S. EIA,physical_spot,Henry Hub physical spot,Henry Hub,2026-08-10T05:00:00.000000Z,2026-08-11T05:00:00.000000Z,2.72,USD/MMBtu,,2026-08-31T17:32:20.285578Z,2026-08-26,https://www.eia.gov/dnav/ng/hist/rngwhhdD.htm,eia_henry_hub_spot:1788197540285578000:3241dfb4a8883f486cfb073eb5161263d2da2c27ccb423435106659f0cd0bc3e
EIA:DHHNGSP,U.S. EIA,physical_spot,Henry Hub physical spot,Henry Hub,2026-08-11T05:00:00.000000Z,2026-08-12T05:00:00.000000Z,2.79,USD/MMBtu,,2026-08-31T17:32:20.285578Z,2026-08-26,https://www.eia.gov/dnav/ng/hist/rngwhhdD.htm,eia_henry_hub_spot:1788197540285578000:3241dfb4a8883f486cfb073eb5161263d2da2c27ccb423435106659f0cd0bc3e
EIA:DHHNGSP,U.S. EIA,physical_spot,Henry Hub physical spot,Henry Hub,2026-08-12T05:00:00.000000Z,2026-08-13T05:00:00.000000Z,2.82,USD/MMBtu,,2026-08-31T17:32:20.285578Z,2026-08-26,https://www.eia.gov/dnav/ng/hist/rngwhhdD.htm,eia_henry_hub_spot:1788197540285578000:3241dfb4a8883f486cfb073eb5161263d2da2c27ccb423435106659f0cd0bc3e
EIA:DHHNGSP,U.S. EIA,physical_spot,Henry Hub physical spot,Henry Hub,2026-08-13T05:00:00.000000Z,2026-08-14T05:00:00.000000Z,2.82,USD/MMBtu,,2026-08-31T17:32:20.285578Z,2026-08-26,https://www.eia.gov/dnav/ng/hist/rngwhhdD.htm,eia_henry_hub_spot:1788197540285578000:3241dfb4a8883f486cfb073eb5161263d2da2c27ccb423435106659f0cd0bc3e
EIA:DHHNGSP,U.S. EIA,physical_spot,Henry Hub physical spot,Henry Hub,2026-08-14T05:00:00.000000Z,2026-08-15T05:00:00.000000Z,2.79,USD/MMBtu,,2026-08-31T17:32:20.285578Z,2026-08-26,https://www.eia.gov/dnav/ng/hist/rngwhhdD.htm,eia_henry_hub_spot:1788197540285578000:3241dfb4a8883f486cfb073eb5161263d2da2c27ccb423435106659f0cd0bc3e
EIA:DHHNGSP,U.S. EIA,physical_spot,Henry Hub physical spot,Henry Hub,2026-08-17T05:00:00.000000Z,2026-08-18T05:00:00.000000Z,2.77,USD/MMBtu,,2026-08-31T17:32:20.285578Z,2026-08-26,https://www.eia.gov/dnav/ng/hist/rngwhhdD.htm,eia_henry_hub_spot:1788197540285578000:3241dfb4a8883f486cfb073eb5161263d2da2c27ccb423435106659f0cd0bc3e
EIA:DHHNGSP,U.S. EIA,physical_spot,Henry Hub physical spot,Henry Hub,2026-08-18T05:00:00.000000Z,2026-08-19T05:00:00.000000Z,2.82,USD/MMBtu,,2026-08-31T17:32:20.285578Z,2026-08-26,https://www.eia.gov/dnav/ng/hist/rngwhhdD.htm,eia_henry_hub_spot:1788197540285578000:3241dfb4a8883f486cfb073eb5161263d2da2c27ccb423435106659f0cd0bc3e
EIA:DHHNGSP,U.S. EIA,physical_spot,Henry Hub physical spot,Henry Hub,2026-08-19T05:00:00.000000Z,2026-08-20T05:00:00.000000Z,2.94,USD/MMBtu,,2026-08-31T17:32:20.285578Z,2026-08-26,https://www.eia.gov/dnav/ng/hist/rngwhhdD.htm,eia_henry_hub_spot:1788197540285578000:3241dfb4a8883f486cfb073eb5161263d2da2c27ccb423435106659f0cd0bc3e
EIA:DHHNGSP,U.S. EIA,physical_spot,Henry Hub physical spot,Henry Hub,2026-08-20T05:00:00.000000Z,2026-08-21T05:00:00.000000Z,2.94,USD/MMBtu,,2026-08-31T17:32:20.285578Z,2026-08-26,https://www.eia.gov/dnav/ng/hist/rngwhhdD.htm,eia_henry_hub_spot:1788197540285578000:3241dfb4a8883f486cfb073eb5161263d2da2c27ccb423435106659f0cd0bc3e
EIA:DHHNGSP,U.S. EIA,physical_spot,Henry Hub physical spot,Henry Hub,2026-08-21T05:00:00.000000Z,2026-08-22T05:00:00.000000Z,2.82,USD/MMBtu,,2026-08-31T17:32:20.285578Z,2026-08-26,https://www.eia.gov/dnav/ng/hist/rngwhhdD.htm,eia_henry_hub_spot:1788197540285578000:3241dfb4a8883f486cfb073eb5161263d2da2c27ccb423435106659f0cd0bc3e
EIA:DHHNGSP,U.S. EIA,physical_spot,Henry Hub physical spot,Henry Hub,2026-08-24T05:00:00.000000Z,2026-08-25T05:00:00.000000Z,2.83,USD/MMBtu,,2026-08-31T17:32:20.285578Z,2026-08-26,https://www.eia.gov/dnav/ng/hist/rngwhhdD.htm,eia_henry_hub_spot:1788197540285578000:3241dfb4a8883f486cfb073eb5161263d2da2c27ccb423435106659f0cd0bc3e
EIA:DHHNGSP,U.S. EIA,physical_spot,Henry Hub physical spot,Henry Hub,2026-08-25T05:00:00.000000Z,2026-08-26T05:00:00.000000Z,2.7,USD/MMBtu,,2026-08-31T17:32:20.285578Z,2026-08-26,https://www.eia.gov/dnav/ng/hist/rngwhhdD.htm,eia_henry_hub_spot:1788197540285578000:3241dfb4a8883f486cfb073eb5161263d2da2c27ccb423435106659f0cd0bc3e
NWS:boston:cdd_65,NOAA / National Weather Service,weather_forecast,Forecast CDD,Boston,2026-09-01T04:00:00.000000Z,2026-09-02T04:00:00.000000Z,2.42,degree-days,2026-08-31T13:00:21.000000Z,2026-08-31T14:45:10.128882Z,2026-08-31T13:00:21Z,"https://api.weather.gov/gridpoints/BOX/71,101/forecast/hourly",nws_hourly_forecast:1788187510128882000:a83743c9fc411d0edff77e7e4cb85d02016e879433671b86c84c4560196c0d31
NWS:boston:hdd_65,NOAA / National Weather Service,weather_forecast,Forecast HDD,Boston,2026-09-01T04:00:00.000000Z,2026-09-02T04:00:00.000000Z,0.0,degree-days,2026-08-31T13:00:21.000000Z,2026-08-31T14:45:10.128882Z,2026-08-31T13:00:21Z,"https://api.weather.gov/gridpoints/BOX/71,101/forecast/hourly",nws_hourly_forecast:1788187510128882000:a83743c9fc411d0edff77e7e4cb85d02016e879433671b86c84c4560196c0d31
NWS:boston:mean_temperature,NOAA / National Weather Service,weather_forecast,Forecast mean temperature,Boston,2026-09-01T04:00:00.000000Z,2026-09-02T04:00:00.000000Z,67.42,degF,2026-08-31T13:00:21.000000Z,2026-08-31T14:45:10.128882Z,2026-08-31T13:00:21Z,"https://api.weather.gov/gridpoints/BOX/71,101/forecast/hourly",nws_hourly_forecast:1788187510128882000:a83743c9fc411d0edff77e7e4cb85d02016e879433671b86c84c4560196c0d31
NWS:boston:cdd_65,NOAA / National Weather Service,weather_forecast,Forecast CDD,Boston,2026-09-02T04:00:00.000000Z,2026-09-03T04:00:00.000000Z,2.0,degree-days,2026-08-31T13:00:21.000000Z,2026-08-31T14:45:10.128882Z,2026-08-31T13:00:21Z,"https://api.weather.gov/gridpoints/BOX/71,101/forecast/hourly",nws_hourly_forecast:1788187510128882000:a83743c9fc411d0edff77e7e4cb85d02016e879433671b86c84c4560196c0d31
NWS:boston:hdd_65,NOAA / National Weather Service,weather_forecast,Forecast HDD,Boston,2026-09-02T04:00:00.000000Z,2026-09-03T04:00:00.000000Z,0.0,degree-days,2026-08-31T13:00:21.000000Z,2026-08-31T14:45:10.128882Z,2026-08-31T13:00:21Z,"https://api.weather.gov/gridpoints/BOX/71,101/forecast/hourly",nws_hourly_forecast:1788187510128882000:a83743c9fc411d0edff77e7e4cb85d02016e879433671b86c84c4560196c0d31
NWS:boston:mean_temperature,NOAA / National Weather Service,weather_forecast,Forecast mean temperature,Boston,2026-09-02T04:00:00.000000Z,2026-09-03T04:00:00.000000Z,67.0,degF,2026-08-31T13:00:21.000000Z,2026-08-31T14:45:10.128882Z,2026-08-31T13:00:21Z,"https://api.weather.gov/gridpoints/BOX/71,101/forecast/hourly",nws_hourly_forecast:1788187510128882000:a83743c9fc411d0edff77e7e4cb85d02016e879433671b86c84c4560196c0d31
NWS:boston:cdd_65,NOAA / National Weather Service,weather_forecast,Forecast CDD,Boston,2026-09-03T04:00:00.000000Z,2026-09-04T04:00:00.000000Z,5.62,degree-days,2026-08-31T13:00:21.000000Z,2026-08-31T14:45:10.128882Z,2026-08-31T13:00:21Z,"https://api.weather.gov/gridpoints/BOX/71,101/forecast/hourly",nws_hourly_forecast:1788187510128882000:a83743c9fc411d0edff77e7e4cb85d02016e879433671b86c84c4560196c0d31
NWS:boston:hdd_65,NOAA / National Weather Service,weather_forecast,Forecast HDD,Boston,2026-09-03T04:00:00.000000Z,2026-09-04T04:00:00.000000Z,0.0,degree-days,2026-08-31T13:00:21.000000Z,2026-08-31T14:45:10.128882Z,2026-08-31T13:00:21Z,"https://api.weather.gov/gridpoints/BOX/71,101/forecast/hourly",nws_hourly_forecast:1788187510128882000:a83743c9fc411d0edff77e7e4cb85d02016e879433671b86c84c4560196c0d31
NWS:boston:mean_temperature,NOAA / National Weather Service,weather_forecast,Forecast mean temperature,Boston,2026-09-03T04:00:00.000000Z,2026-09-04T04:00:00.000000Z,70.62,degF,2026-08-31T13:00:21.000000Z,2026-08-31T14:45:10.128882Z,2026-08-31T13:00:21Z,"https://api.weather.gov/gridpoints/BOX/71,101/forecast/hourly",nws_hourly_forecast:1788187510128882000:a83743c9fc411d0edff77e7e4cb85d02016e879433671b86c84c4560196c0d31
NWS:boston:cdd_65,NOAA / National Weather Service,weather_forecast,Forecast CDD,Boston,2026-09-04T04:00:00.000000Z,2026-09-05T04:00:00.000000Z,4.08,degree-days,2026-08-31T13:00:21.000000Z,2026-08-31T14:45:10.128882Z,2026-08-31T13:00:21Z,"https://api.weather.gov/gridpoints/BOX/71,101/forecast/hourly",nws_hourly_forecast:1788187510128882000:a83743c9fc411d0edff77e7e4cb85d02016e879433671b86c84c4560196c0d31
NWS:boston:hdd_65,NOAA / National Weather Service,weather_forecast,Forecast HDD,Boston,2026-09-04T04:00:00.000000Z,2026-09-05T04:00:00.000000Z,0.0,degree-days,2026-08-31T13:00:21.000000Z,2026-08-31T14:45:10.128882Z,2026-08-31T13:00:21Z,"https://api.weather.gov/gridpoints/BOX/71,101/forecast/hourly",nws_hourly_forecast:1788187510128882000:a83743c9fc411d0edff77e7e4cb85d02016e879433671b86c84c4560196c0d31
NWS:boston:mean_temperature,NOAA / National Weather Service,weather_forecast,Forecast mean temperature,Boston,2026-09-04T04:00:00.000000Z,2026-09-05T04:00:00.000000Z,69.08,degF,2026-08-31T13:00:21.000000Z,2026-08-31T14:45:10.128882Z,2026-08-31T13:00:21Z,"https://api.weather.gov/gridpoints/BOX/71,101/forecast/hourly",nws_hourly_forecast:1788187510128882000:a83743c9fc411d0edff77e7e4cb85d02016e879433671b86c84c4560196c0d31
NWS:boston:cdd_65,NOAA / National Weather Service,weather_forecast,Forecast CDD,Boston,2026-09-05T04:00:00.000000Z,2026-09-06T04:00:00.000000Z,1.17,degree-days,2026-08-31T13:00:21.000000Z,2026-08-31T14:45:10.128882Z,2026-08-31T13:00:21Z,"https://api.weather.gov/gridpoints/BOX/71,101/forecast/hourly",nws_hourly_forecast:1788187510128882000:a83743c9fc411d0edff77e7e4cb85d02016e879433671b86c84c4560196c0d31
NWS:boston:hdd_65,NOAA / National Weather Service,weather_forecast,Forecast HDD,Boston,2026-09-05T04:00:00.000000Z,2026-09-06T04:00:00.000000Z,0.0,degree-days,2026-08-31T13:00:21.000000Z,2026-08-31T14:45:10.128882Z,2026-08-31T13:00:21Z,"https://api.weather.gov/gridpoints/BOX/71,101/forecast/hourly",nws_hourly_forecast:1788187510128882000:a83743c9fc411d0edff77e7e4cb85d02016e879433671b86c84c4560196c0d31
NWS:boston:mean_temperature,NOAA / National Weather Service,weather_forecast,Forecast mean temperature,Boston,2026-09-05T04:00:00.000000Z,2026-09-06T04:00:00.000000Z,66.17,degF,2026-08-31T13:00:21.000000Z,2026-08-31T14:45:10.128882Z,2026-08-31T13:00:21Z,"https://api.weather.gov/gridpoints/BOX/71,101/forecast/hourly",nws_hourly_forecast:1788187510128882000:a83743c9fc411d0edff77e7e4cb85d02016e879433671b86c84c4560196c0d31
NWS:new_york:cdd_65,NOAA / National Weather Service,weather_forecast,Forecast CDD,New York City,2026-09-01T04:00:00.000000Z,2026-09-02T04:00:00.000000Z,12.75,degree-days,2026-08-31T13:00:14.000000Z,2026-08-31T14:45:09.891570Z,2026-08-31T13:00:14Z,"https://api.weather.gov/gridpoints/OKX/33,42/forecast/hourly",nws_hourly_forecast:1788187509891570000:4fd92c2e2e51e57c2557b5d022fe6fa4a41f12932d1055cfba98fa17fdaf3170
NWS:new_york:hdd_65,NOAA / National Weather Service,weather_forecast,Forecast HDD,New York City,2026-09-01T04:00:00.000000Z,2026-09-02T04:00:00.000000Z,0.0,degree-days,2026-08-31T13:00:14.000000Z,2026-08-31T14:45:09.891570Z,2026-08-31T13:00:14Z,"https://api.weather.gov/gridpoints/OKX/33,42/forecast/hourly",nws_hourly_forecast:1788187509891570000:4fd92c2e2e51e57c2557b5d022fe6fa4a41f12932d1055cfba98fa17fdaf3170
NWS:new_york:mean_temperature,NOAA / National Weather Service,weather_forecast,Forecast mean temperature,New York City,2026-09-01T04:00:00.000000Z,2026-09-02T04:00:00.000000Z,77.75,degF,2026-08-31T13:00:14.000000Z,2026-08-31T14:45:09.891570Z,2026-08-31T13:00:14Z,"https://api.weather.gov/gridpoints/OKX/33,42/forecast/hourly",nws_hourly_forecast:1788187509891570000:4fd92c2e2e51e57c2557b5d022fe6fa4a41f12932d1055cfba98fa17fdaf3170
NWS:new_york:cdd_65,NOAA / National Weather Service,weather_forecast,Forecast CDD,New York City,2026-09-02T04:00:00.000000Z,2026-09-03T04:00:00.000000Z,10.0,degree-days,2026-08-31T13:00:14.000000Z,2026-08-31T14:45:09.891570Z,2026-08-31T13:00:14Z,"https://api.weather.gov/gridpoints/OKX/33,42/forecast/hourly",nws_hourly_forecast:1788187509891570000:4fd92c2e2e51e57c2557b5d022fe6fa4a41f12932d1055cfba98fa17fdaf3170
NWS:new_york:hdd_65,NOAA / National Weather Service,weather_forecast,Forecast HDD,New York City,2026-09-02T04:00:00.000000Z,2026-09-03T04:00:00.000000Z,0.0,degree-days,2026-08-31T13:00:14.000000Z,2026-08-31T14:45:09.891570Z,2026-08-31T13:00:14Z,"https://api.weather.gov/gridpoints/OKX/33,42/forecast/hourly",nws_hourly_forecast:1788187509891570000:4fd92c2e2e51e57c2557b5d022fe6fa4a41f12932d1055cfba98fa17fdaf3170
NWS:new_york:mean_temperature,NOAA / National Weather Service,weather_forecast,Forecast mean temperature,New York City,2026-09-02T04:00:00.000000Z,2026-09-03T04:00:00.000000Z,75.0,degF,2026-08-31T13:00:14.000000Z,2026-08-31T14:45:09.891570Z,2026-08-31T13:00:14Z,"https://api.weather.gov/gridpoints/OKX/33,42/forecast/hourly",nws_hourly_forecast:1788187509891570000:4fd92c2e2e51e57c2557b5d022fe6fa4a41f12932d1055cfba98fa17fdaf3170
NWS:new_york:cdd_65,NOAA / National Weather Service,weather_forecast,Forecast CDD,New York City,2026-09-03T04:00:00.000000Z,2026-09-04T04:00:00.000000Z,12.54,degree-days,2026-08-31T13:00:14.000000Z,2026-08-31T14:45:09.891570Z,2026-08-31T13:00:14Z,"https://api.weather.gov/gridpoints/OKX/33,42/forecast/hourly",nws_hourly_forecast:1788187509891570000:4fd92c2e2e51e57c2557b5d022fe6fa4a41f12932d1055cfba98fa17fdaf3170
NWS:new_york:hdd_65,NOAA / National Weather Service,weather_forecast,Forecast HDD,New York City,2026-09-03T04:00:00.000000Z,2026-09-04T04:00:00.000000Z,0.0,degree-days,2026-08-31T13:00:14.000000Z,2026-08-31T14:45:09.891570Z,2026-08-31T13:00:14Z,"https://api.weather.gov/gridpoints/OKX/33,42/forecast/hourly",nws_hourly_forecast:1788187509891570000:4fd92c2e2e51e57c2557b5d022fe6fa4a41f12932d1055cfba98fa17fdaf3170
NWS:new_york:mean_temperature,NOAA / National Weather Service,weather_forecast,Forecast mean temperature,New York City,2026-09-03T04:00:00.000000Z,2026-09-04T04:00:00.000000Z,77.54,degF,2026-08-31T13:00:14.000000Z,2026-08-31T14:45:09.891570Z,2026-08-31T13:00:14Z,"https://api.weather.gov/gridpoints/OKX/33,42/forecast/hourly",nws_hourly_forecast:1788187509891570000:4fd92c2e2e51e57c2557b5d022fe6fa4a41f12932d1055cfba98fa17fdaf3170
NWS:new_york:cdd_65,NOAA / National Weather Service,weather_forecast,Forecast CDD,New York City,2026-09-04T04:00:00.000000Z,2026-09-05T04:00:00.000000Z,10.62,degree-days,2026-08-31T13:00:14.000000Z,2026-08-31T14:45:09.891570Z,2026-08-31T13:00:14Z,"https://api.weather.gov/gridpoints/OKX/33,42/forecast/hourly",nws_hourly_forecast:1788187509891570000:4fd92c2e2e51e57c2557b5d022fe6fa4a41f12932d1055cfba98fa17fdaf3170
NWS:new_york:hdd_65,NOAA / National Weather Service,weather_forecast,Forecast HDD,New York City,2026-09-04T04:00:00.000000Z,2026-09-05T04:00:00.000000Z,0.0,degree-days,2026-08-31T13:00:14.000000Z,2026-08-31T14:45:09.891570Z,2026-08-31T13:00:14Z,"https://api.weather.gov/gridpoints/OKX/33,42/forecast/hourly",nws_hourly_forecast:1788187509891570000:4fd92c2e2e51e57c2557b5d022fe6fa4a41f12932d1055cfba98fa17fdaf3170
NWS:new_york:mean_temperature,NOAA / National Weather Service,weather_forecast,Forecast mean temperature,New York City,2026-09-04T04:00:00.000000Z,2026-09-05T04:00:00.000000Z,75.62,degF,2026-08-31T13:00:14.000000Z,2026-08-31T14:45:09.891570Z,2026-08-31T13:00:14Z,"https://api.weather.gov/gridpoints/OKX/33,42/forecast/hourly",nws_hourly_forecast:1788187509891570000:4fd92c2e2e51e57c2557b5d022fe6fa4a41f12932d1055cfba98fa17fdaf3170
NWS:new_york:cdd_65,NOAA / National Weather Service,weather_forecast,Forecast CDD,New York City,2026-09-05T04:00:00.000000Z,2026-09-06T04:00:00.000000Z,6.71,degree-days,2026-08-31T13:00:14.000000Z,2026-08-31T14:45:09.891570Z,2026-08-31T13:00:14Z,"https://api.weather.gov/gridpoints/OKX/33,42/forecast/hourly",nws_hourly_forecast:1788187509891570000:4fd92c2e2e51e57c2557b5d022fe6fa4a41f12932d1055cfba98fa17fdaf3170
NWS:new_york:hdd_65,NOAA / National Weather Service,weather_forecast,Forecast HDD,New York City,2026-09-05T04:00:00.000000Z,2026-09-06T04:00:00.000000Z,0.0,degree-days,2026-08-31T13:00:14.000000Z,2026-08-31T14:45:09.891570Z,2026-08-31T13:00:14Z,"https://api.weather.gov/gridpoints/OKX/33,42/forecast/hourly",nws_hourly_forecast:1788187509891570000:4fd92c2e2e51e57c2557b5d022fe6fa4a41f12932d1055cfba98fa17fdaf3170
NWS:new_york:mean_temperature,NOAA / National Weather Service,weather_forecast,Forecast mean temperature,New York City,2026-09-05T04:00:00.000000Z,2026-09-06T04:00:00.000000Z,71.71,degF,2026-08-31T13:00:14.000000Z,2026-08-31T14:45:09.891570Z,2026-08-31T13:00:14Z,"https://api.weather.gov/gridpoints/OKX/33,42/forecast/hourly",nws_hourly_forecast:1788187509891570000:4fd92c2e2e51e57c2557b5d022fe6fa4a41f12932d1055cfba98fa17fdaf3170
EIA:DHHNGSP,U.S. EIA,physical_spot,Henry Hub physical spot,Henry Hub,2024-09-03T05:00:00.000000Z,2024-09-04T05:00:00.000000Z,1.93,USD/MMBtu,,2026-08-31T14:45:07.759848Z,2026-08-26,https://www.eia.gov/dnav/ng/hist/rngwhhdD.htm,eia_henry_hub_spot:1788187507759848000:3241dfb4a8883f486cfb073eb5161263d2da2c27ccb423435106659f0cd0bc3e
EIA:DHHNGSP,U.S. EIA,physical_spot,Henry Hub physical spot,Henry Hub,2024-09-04T05:00:00.000000Z,2024-09-05T05:00:00.000000Z,2.05,USD/MMBtu,,2026-08-31T14:45:07.759848Z,2026-08-26,https://www.eia.gov/dnav/ng/hist/rngwhhdD.htm,eia_henry_hub_spot:1788187507759848000:3241dfb4a8883f486cfb073eb5161263d2da2c27ccb423435106659f0cd0bc3e
EIA:DHHNGSP,U.S. EIA,physical_spot,Henry Hub physical spot,Henry Hub,2024-09-05T05:00:00.000000Z,2024-09-06T05:00:00.000000Z,2.02,USD/MMBtu,,2026-08-31T14:45:07.759848Z,2026-08-26,https://www.eia.gov/dnav/ng/hist/rngwhhdD.htm,eia_henry_hub_spot:1788187507759848000:3241dfb4a8883f486cfb073eb5161263d2da2c27ccb423435106659f0cd0bc3e
EIA:DHHNGSP,U.S. EIA,physical_spot,Henry Hub physical spot,Henry Hub,2024-09-06T05:00:00.000000Z,2024-09-07T05:00:00.000000Z,2.09,USD/MMBtu,,2026-08-31T14:45:07.759848Z,2026-08-26,https://www.eia.gov/dnav/ng/hist/rngwhhdD.htm,eia_henry_hub_spot:1788187507759848000:3241dfb4a8883f486cfb073eb5161263d2da2c27ccb423435106659f0cd0bc3e
EIA:DHHNGSP,U.S. EIA,physical_spot,Henry Hub physical spot,Henry Hub,2024-09-09T05:00:00.000000Z,2024-09-10T05:00:00.000000Z,2.03,USD/MMBtu,,2026-08-31T14:45:07.759848Z,2026-08-26,https://www.eia.gov/dnav/ng/hist/rngwhhdD.htm,eia_henry_hub_spot:1788187507759848000:3241dfb4a8883f486cfb073eb5161263d2da2c27ccb423435106659f0cd0bc3e
EIA:DHHNGSP,U.S. EIA,physical_spot,Henry Hub physical spot,Henry Hub,2024-09-10T05:00:00.000000Z,2024-09-11T05:00:00.000000Z,2.13,USD/MMBtu,,2026-08-31T14:45:07.759848Z,2026-08-26,https://www.eia.gov/dnav/ng/hist/rngwhhdD.htm,eia_henry_hub_spot:1788187507759848000:3241dfb4a8883f486cfb073eb5161263d2da2c27ccb423435106659f0cd0bc3e
EIA:DHHNGSP,U.S. EIA,physical_spot,Henry Hub physical spot,Henry Hub,2024-09-11T05:00:00.000000Z,2024-09-12T05:00:00.000000Z,2.13,USD/MMBtu,,2026-08-31T14:45:07.759848Z,2026-08-26,https://www.eia.gov/dnav/ng/hist/rngwhhdD.htm,eia_henry_hub_spot:1788187507759848000:3241dfb4a8883f486cfb073eb5161263d2da2c27ccb423435106659f0cd0bc3e
EIA:DHHNGSP,U.S. EIA,physical_spot,Henry Hub physical spot,Henry Hub,2024-09-12T05:00:00.000000Z,2024-09-13T05:00:00.000000Z,2.13,USD/MMBtu,,2026-08-31T14:45:07.759848Z,2026-08-26,https://www.eia.gov/dnav/ng/hist/rngwhhdD.htm,eia_henry_hub_spot:1788187507759848000:3241dfb4a8883f486cfb073eb5161263d2da2c27ccb423435106659f0cd0bc3e
EIA:DHHNGSP,U.S. EIA,physical_spot,Henry Hub physical spot,Henry Hub,2024-09-13T05:00:00.000000Z,2024-09-14T05:00:00.000000Z,2.25,USD/MMBtu,,2026-08-31T14:45:07.759848Z,2026-08-26,https://www.eia.gov/dnav/ng/hist/rngwhhdD.htm,eia_henry_hub_spot:1788187507759848000:3241dfb4a8883f486cfb073eb5161263d2da2c27ccb423435106659f0cd0bc3e
EIA:DHHNGSP,U.S. EIA,physical_spot,Henry Hub physical spot,Henry Hub,2024-09-16T05:00:00.000000Z,2024-09-17T05:00:00.000000Z,2.23,USD/MMBtu,,2026-08-31T14:45:07.759848Z,2026-08-26,https://www.eia.gov/dnav/ng/hist/rngwhhdD.htm,eia_henry_hub_spot:1788187507759848000:3241dfb4a8883f486cfb073eb5161263d2da2c27ccb423435106659f0cd0bc3e
EIA:DHHNGSP,U.S. EIA,physical_spot,Henry Hub physical spot,Henry Hub,2024-09-17T05:00:00.000000Z,2024-09-18T05:00:00.000000Z,2.33,USD/MMBtu,,2026-08-31T14:45:07.759848Z,2026-08-26,https://www.eia.gov/dnav/ng/hist/rngwhhdD.htm,eia_henry_hub_spot:1788187507759848000:3241dfb4a8883f486cfb073eb5161263d2da2c27ccb423435106659f0cd0bc3e
EIA:DHHNGSP,U.S. EIA,physical_spot,Henry Hub physical spot,Henry Hub,2024-09-18T05:00:00.000000Z,2024-09-19T05:00:00.000000Z,2.31,USD/MMBtu,,2026-08-31T14:45:07.759848Z,2026-08-26,https://www.eia.gov/dnav/ng/hist/rngwhhdD.htm,eia_henry_hub_spot:1788187507759848000:3241dfb4a8883f486cfb073eb5161263d2da2c27ccb423435106659f0cd0bc3e
EIA:DHHNGSP,U.S. EIA,physical_spot,Henry Hub physical spot,Henry Hub,2024-09-19T05:00:00.000000Z,2024-09-20T05:00:00.000000Z,2.24,USD/MMBtu,,2026-08-31T14:45:07.759848Z,2026-08-26,https://www.eia.gov/dnav/ng/hist/rngwhhdD.htm,eia_henry_hub_spot:1788187507759848000:3241dfb4a8883f486cfb073eb5161263d2da2c27ccb423435106659f0cd0bc3e
EIA:DHHNGSP,U.S. EIA,physical_spot,Henry Hub physical spot,Henry Hub,2024-09-20T05:00:00.000000Z,2024-09-21T05:00:00.000000Z,2.2,USD/MMBtu,,2026-08-31T14:45:07.759848Z,2026-08-26,https://www.eia.gov/dnav/ng/hist/rngwhhdD.htm,eia_henry_hub_spot:1788187507759848000:3241dfb4a8883f486cfb073eb5161263d2da2c27ccb423435106659f0cd0bc3e
EIA:DHHNGSP,U.S. EIA,physical_spot,Henry Hub physical spot,Henry Hub,2024-09-23T05:00:00.000000Z,2024-09-24T05:00:00.000000Z,2.4,USD/MMBtu,,2026-08-31T14:45:07.759848Z,2026-08-26,https://www.eia.gov/dnav/ng/hist/rngwhhdD.htm,eia_henry_hub_spot:1788187507759848000:3241dfb4a8883f486cfb073eb5161263d2da2c27ccb423435106659f0cd0bc3e
EIA:DHHNGSP,U.S. EIA,physical_spot,Henry Hub physical spot,Henry Hub,2024-09-24T05:00:00.000000Z,2024-09-25T05:00:00.000000Z,2.61,USD/MMBtu,,2026-08-31T14:45:07.759848Z,2026-08-26,https://www.eia.gov/dnav/ng/hist/rngwhhdD.htm,eia_henry_hub_spot:1788187507759848000:3241dfb4a8883f486cfb073eb5161263d2da2c27ccb423435106659f0cd0bc3e
EIA:DHHNGSP,U.S. EIA,physical_spot,Henry Hub physical spot,Henry Hub,2024-09-25T05:00:00.000000Z,2024-09-26T05:00:00.000000Z,2.62,USD/MMBtu,,2026-08-31T14:45:07.759848Z,2026-08-26,https://www.eia.gov/dnav/ng/hist/rngwhhdD.htm,eia_henry_hub_spot:1788187507759848000:3241dfb4a8883f486cfb073eb5161263d2da2c27ccb423435106659f0cd0bc3e
EIA:DHHNGSP,U.S. EIA,physical_spot,Henry Hub physical spot,Henry Hub,2024-09-26T05:00:00.000000Z,2024-09-27T05:00:00.000000Z,2.64,USD/MMBtu,,2026-08-31T14:45:07.759848Z,2026-08-26,https://www.eia.gov/dnav/ng/hist/rngwhhdD.htm,eia_henry_hub_spot:1788187507759848000:3241dfb4a8883f486cfb073eb5161263d2da2c27ccb423435106659f0cd0bc3e
EIA:DHHNGSP,U.S. EIA,physical_spot,Henry Hub physical spot,Henry Hub,2024-09-27T05:00:00.000000Z,2024-09-28T05:00:00.000000Z,2.53,USD/MMBtu,,2026-08-31T14:45:07.759848Z,2026-08-26,https://www.eia.gov/dnav/ng/hist/rngwhhdD.htm,eia_henry_hub_spot:1788187507759848000:3241dfb4a8883f486cfb073eb5161263d2da2c27ccb423435106659f0cd0bc3e
EIA:DHHNGSP,U.S. EIA,physical_spot,Henry Hub physical spot,Henry Hub,2024-09-30T05:00:00.000000Z,2024-10-01T05:00:00.000000Z,2.65,USD/MMBtu,,2026-08-31T14:45:07.759848Z,2026-08-26,https://www.eia.gov/dnav/ng/hist/rngwhhdD.htm,eia_henry_hub_spot:1788187507759848000:3241dfb4a8883f486cfb073eb5161263d2da2c27ccb423435106659f0cd0bc3e
EIA:DHHNGSP,U.S. EIA,physical_spot,Henry Hub physical spot,Henry Hub,2024-10-01T05:00:00.000000Z,2024-10-02T05:00:00.000000Z,2.67,USD/MMBtu,,2026-08-31T14:45:07.759848Z,2026-08-26,https://www.eia.gov/dnav/ng/hist/rngwhhdD.htm,eia_henry_hub_spot:1788187507759848000:3241dfb4a8883f486cfb073eb5161263d2da2c27ccb423435106659f0cd0bc3e
EIA:DHHNGSP,U.S. EIA,physical_spot,Henry Hub physical spot,Henry Hub,2024-10-02T05:00:00.000000Z,2024-10-03T05:00:00.000000Z,2.77,USD/MMBtu,,2026-08-31T14:45:07.759848Z,2026-08-26,https://www.eia.gov/dnav/ng/hist/rngwhhdD.htm,eia_henry_hub_spot:1788187507759848000:3241dfb4a8883f486cfb073eb5161263d2da2c27ccb423435106659f0cd0bc3e
EIA:DHHNGSP,U.S. EIA,physical_spot,Henry Hub physical spot,Henry Hub,2024-10-03T05:00:00.000000Z,2024-10-04T05:00:00.000000Z,2.75,USD/MMBtu,,2026-08-31T14:45:07.759848Z,2026-08-26,https://www.eia.gov/dnav/ng/hist/rngwhhdD.htm,eia_henry_hub_spot:1788187507759848000:3241dfb4a8883f486cfb073eb5161263d2da2c27ccb423435106659f0cd0bc3e
EIA:DHHNGSP,U.S. EIA,physical_spot,Henry Hub physical spot,Henry Hub,2024-10-04T05:00:00.000000Z,2024-10-05T05:00:00.000000Z,2.49,USD/MMBtu,,2026-08-31T14:45:07.759848Z,2026-08-26,https://www.eia.gov/dnav/ng/hist/rngwhhdD.htm,eia_henry_hub_spot:1788187507759848000:3241dfb4a8883f486cfb073eb5161263d2da2c27ccb423435106659f0cd0bc3e
EIA:DHHNGSP,U.S. EIA,physical_spot,Henry Hub physical spot,Henry Hub,2024-10-07T05:00:00.000000Z,2024-10-08T05:00:00.000000Z,2.51,USD/MMBtu,,2026-08-31T14:45:07.759848Z,2026-08-26,https://www.eia.gov/dnav/ng/hist/rngwhhdD.htm,eia_henry_hub_spot:1788187507759848000:3241dfb4a8883f486cfb073eb5161263d2da2c27ccb423435106659f0cd0bc3e
EIA:DHHNGSP,U.S. EIA,physical_spot,Henry Hub physical spot,Henry Hub,2024-10-08T05:00:00.000000Z,2024-10-09T05:00:00.000000Z,2.51,USD/MMBtu,,2026-08-31T14:45:07.759848Z,2026-08-26,https://www.eia.gov/dnav/ng/hist/rngwhhdD.htm,eia_henry_hub_spot:1788187507759848000:3241dfb4a8883f486cfb073eb5161263d2da2c27ccb423435106659f0cd0bc3e
EIA:DHHNGSP,U.S. EIA,physical_spot,Henry Hub physical spot,Henry Hub,2024-10-09T05:00:00.000000Z,2024-10-10T05:00:00.000000Z,2.43,USD/MMBtu,,2026-08-31T14:45:07.759848Z,2026-08-26,https://www.eia.gov/dnav/ng/hist/rngwhhdD.htm,eia_henry_hub_spot:1788187507759848000:3241dfb4a8883f486cfb073eb5161263d2da2c27ccb423435106659f0cd0bc3e
EIA:DHHNGSP,U.S. EIA,physical_spot,Henry Hub physical spot,Henry Hub,2024-10-10T05:00:00.000000Z,2024-10-11T05:00:00.000000Z,2.26,USD/MMBtu,,2026-08-31T14:45:07.759848Z,2026-08-26,https://www.eia.gov/dnav/ng/hist/rngwhhdD.htm,eia_henry_hub_spot:1788187507759848000:3241dfb4a8883f486cfb073eb5161263d2da2c27ccb423435106659f0cd0bc3e
EIA:DHHNGSP,U.S. EIA,physical_spot,Henry Hub physical spot,Henry Hub,2024-10-11T05:00:00.000000Z,2024-10-12T05:00:00.000000Z,2.31,USD/MMBtu,,2026-08-31T14:45:07.759848Z,2026-08-26,https://www.eia.gov/dnav/ng/hist/rngwhhdD.htm,eia_henry_hub_spot:1788187507759848000:3241dfb4a8883f486cfb073eb5161263d2da2c27ccb423435106659f0cd0bc3e
EIA:DHHNGSP,U.S. EIA,physical_spot,Henry Hub physical spot,Henry Hub,2024-10-15T05:00:00.000000Z,2024-10-16T05:00:00.000000Z,2.37,USD/MMBtu,,2026-08-31T14:45:07.759848Z,2026-08-26,https://www.eia.gov/dnav/ng/hist/rngwhhdD.htm,eia_henry_hub_spot:1788187507759848000:3241dfb4a8883f486cfb073eb5161263d2da2c27ccb423435106659f0cd0bc3e
EIA:DHHNGSP,U.S. EIA,physical_spot,Henry Hub physical spot,Henry Hub,2024-10-16T05:00:00.000000Z,2024-10-17T05:00:00.000000Z,2.21,USD/MMBtu,,2026-08-31T14:45:07.759848Z,2026-08-26,https://www.eia.gov/dnav/ng/hist/rngwhhdD.htm,eia_henry_hub_spot:1788187507759848000:3241dfb4a8883f486cfb073eb5161263d2da2c27ccb423435106659f0cd0bc3e
EIA:DHHNGSP,U.S. EIA,physical_spot,Henry Hub physical spot,Henry Hub,2024-10-17T05:00:00.000000Z,2024-10-18T05:00:00.000000Z,2.19,USD/MMBtu,,2026-08-31T14:45:07.759848Z,2026-08-26,https://www.eia.gov/dnav/ng/hist/rngwhhdD.htm,eia_henry_hub_spot:1788187507759848000:3241dfb4a8883f486cfb073eb5161263d2da2c27ccb423435106659f0cd0bc3e
EIA:DHHNGSP,U.S. EIA,physical_spot,Henry Hub physical spot,Henry Hub,2024-10-18T05:00:00.000000Z,2024-10-19T05:00:00.000000Z,1.82,USD/MMBtu,,2026-08-31T14:45:07.759848Z,2026-08-26,https://www.eia.gov/dnav/ng/hist/rngwhhdD.htm,eia_henry_hub_spot:1788187507759848000:3241dfb4a8883f486cfb073eb5161263d2da2c27ccb423435106659f0cd0bc3e
EIA:DHHNGSP,U.S. EIA,physical_spot,Henry Hub physical spot,Henry Hub,2024-10-21T05:00:00.000000Z,2024-10-22T05:00:00.000000Z,1.76,USD/MMBtu,,2026-08-31T14:45:07.759848Z,2026-08-26,https://www.eia.gov/dnav/ng/hist/rngwhhdD.htm,eia_henry_hub_spot:1788187507759848000:3241dfb4a8883f486cfb073eb5161263d2da2c27ccb423435106659f0cd0bc3e
EIA:DHHNGSP,U.S. EIA,physical_spot,Henry Hub physical spot,Henry Hub,2024-10-22T05:00:00.000000Z,2024-10-23T05:00:00.000000Z,1.76,USD/MMBtu,,2026-08-31T14:45:07.759848Z,2026-08-26,https://www.eia.gov/dnav/ng/hist/rngwhhdD.htm,eia_henry_hub_spot:1788187507759848000:3241dfb4a8883f486cfb073eb5161263d2da2c27ccb423435106659f0cd0bc3e
EIA:DHHNGSP,U.S. EIA,physical_spot,Henry Hub physical spot,Henry Hub,2024-10-23T05:00:00.000000Z,2024-10-24T05:00:00.000000Z,1.9,USD/MMBtu,,2026-08-31T14:45:07.759848Z,2026-08-26,https://www.eia.gov/dnav/ng/hist/rngwhhdD.htm,eia_henry_hub_spot:1788187507759848000:3241dfb4a8883f486cfb073eb5161263d2da2c27ccb423435106659f0cd0bc3e
EIA:DHHNGSP,U.S. EIA,physical_spot,Henry Hub physical spot,Henry Hub,2024-10-24T05:00:00.000000Z,2024-10-25T05:00:00.000000Z,2.04,USD/MMBtu,,2026-08-31T14:45:07.759848Z,2026-08-26,https://www.eia.gov/dnav/ng/hist/rngwhhdD.htm,eia_henry_hub_spot:1788187507759848000:3241dfb4a8883f486cfb073eb5161263d2da2c27ccb423435106659f0cd0bc3e
EIA:DHHNGSP,U.S. EIA,physical_spot,Henry Hub physical spot,Henry Hub,2024-10-25T05:00:00.000000Z,2024-10-26T05:00:00.000000Z,1.93,USD/MMBtu,,2026-08-31T14:45:07.759848Z,2026-08-26,https://www.eia.gov/dnav/ng/hist/rngwhhdD.htm,eia_henry_hub_spot:1788187507759848000:3241dfb4a8883f486cfb073eb5161263d2da2c27ccb423435106659f0cd0bc3e
EIA:DHHNGSP,U.S. EIA,physical_spot,Henry Hub physical spot,Henry Hub,2024-10-28T05:00:00.000000Z,2024-10-29T05:00:00.000000Z,2.03,USD/MMBtu,,2026-08-31T14:45:07.759848Z,2026-08-26,https://www.eia.gov/dnav/ng/hist/rngwhhdD.htm,eia_henry_hub_spot:1788187507759848000:3241dfb4a8883f486cfb073eb5161263d2da2c27ccb423435106659f0cd0bc3e
EIA:DHHNGSP,U.S. EIA,physical_spot,Henry Hub physical spot,Henry Hub,2024-10-29T05:00:00.000000Z,2024-10-30T05:00:00.000000Z,1.82,USD/MMBtu,,2026-08-31T14:45:07.759848Z,2026-08-26,https://www.eia.gov/dnav/ng/hist/rngwhhdD.htm,eia_henry_hub_spot:1788187507759848000:3241dfb4a8883f486cfb073eb5161263d2da2c27ccb423435106659f0cd0bc3e
EIA:DHHNGSP,U.S. EIA,physical_spot,Henry Hub physical spot,Henry Hub,2024-10-30T05:00:00.000000Z,2024-10-31T05:00:00.000000Z,2.03,USD/MMBtu,,2026-08-31T14:45:07.759848Z,2026-08-26,https://www.eia.gov/dnav/ng/hist/rngwhhdD.htm,eia_henry_hub_spot:1788187507759848000:3241dfb4a8883f486cfb073eb5161263d2da2c27ccb423435106659f0cd0bc3e
EIA:DHHNGSP,U.S. EIA,physical_spot,Henry Hub physical spot,Henry Hub,2024-10-31T05:00:00.000000Z,2024-11-01T05:00:00.000000Z,1.82,USD/MMBtu,,2026-08-31T14:45:07.759848Z,2026-08-26,https://www.eia.gov/dnav/ng/hist/rngwhhdD.htm,eia_henry_hub_spot:1788187507759848000:3241dfb4a8883f486cfb073eb5161263d2da2c27ccb423435106659f0cd0bc3e
EIA:DHHNGSP,U.S. EIA,physical_spot,Henry Hub physical spot,Henry Hub,2024-11-01T05:00:00.000000Z,2024-11-02T05:00:00.000000Z,1.42,USD/MMBtu,,2026-08-31T14:45:07.759848Z,2026-08-26,https://www.eia.gov/dnav/ng/hist/rngwhhdD.htm,eia_henry_hub_spot:1788187507759848000:3241dfb4a8883f486cfb073eb5161263d2da2c27ccb423435106659f0cd0bc3e
EIA:DHHNGSP,U.S. EIA,physical_spot,Henry Hub physical spot,Henry Hub,2024-11-04T06:00:00.000000Z,2024-11-05T06:00:00.000000Z,1.35,USD/MMBtu,,2026-08-31T14:45:07.759848Z,2026-08-26,https://www.eia.gov/dnav/ng/hist/rngwhhdD.htm,eia_henry_hub_spot:1788187507759848000:3241dfb4a8883f486cfb073eb5161263d2da2c27ccb423435106659f0cd0bc3e
EIA:DHHNGSP,U.S. EIA,physical_spot,Henry Hub physical spot,Henry Hub,2024-11-05T06:00:00.000000Z,2024-11-06T06:00:00.000000Z,1.62,USD/MMBtu,,2026-08-31T14:45:07.759848Z,2026-08-26,https://www.eia.gov/dnav/ng/hist/rngwhhdD.htm,eia_henry_hub_spot:1788187507759848000:3241dfb4a8883f486cfb073eb5161263d2da2c27ccb423435106659f0cd0bc3e
EIA:DHHNGSP,U.S. EIA,physical_spot,Henry Hub physical spot,Henry Hub,2024-11-06T06:00:00.000000Z,2024-11-07T06:00:00.000000Z,1.8,USD/MMBtu,,2026-08-31T14:45:07.759848Z,2026-08-26,https://www.eia.gov/dnav/ng/hist/rngwhhdD.htm,eia_henry_hub_spot:1788187507759848000:3241dfb4a8883f486cfb073eb5161263d2da2c27ccb423435106659f0cd0bc3e
EIA:DHHNGSP,U.S. EIA,physical_spot,Henry Hub physical spot,Henry Hub,2024-11-07T06:00:00.000000Z,2024-11-08T06:00:00.000000Z,1.49,USD/MMBtu,,2026-08-31T14:45:07.759848Z,2026-08-26,https://www.eia.gov/dnav/ng/hist/rngwhhdD.htm,eia_henry_hub_spot:1788187507759848000:3241dfb4a8883f486cfb073eb5161263d2da2c27ccb423435106659f0cd0bc3e
EIA:DHHNGSP,U.S. EIA,physical_spot,Henry Hub physical spot,Henry Hub,2024-11-08T06:00:00.000000Z,2024-11-09T06:00:00.000000Z,1.21,USD/MMBtu,,2026-08-31T14:45:07.759848Z,2026-08-26,https://www.eia.gov/dnav/ng/hist/rngwhhdD.htm,eia_henry_hub_spot:1788187507759848000:3241dfb4a8883f486cfb073eb5161263d2da2c27ccb423435106659f0cd0bc3e
EIA:DHHNGSP,U.S. EIA,physical_spot,Henry Hub physical spot,Henry Hub,2024-11-11T06:00:00.000000Z,2024-11-12T06:00:00.000000Z,1.21,USD/MMBtu,,2026-08-31T14:45:07.759848Z,2026-08-26,https://www.eia.gov/dnav/ng/hist/rngwhhdD.htm,eia_henry_hub_spot:1788187507759848000:3241dfb4a8883f486cfb073eb5161263d2da2c27ccb423435106659f0cd0bc3e
EIA:DHHNGSP,U.S. EIA,physical_spot,Henry Hub physical spot,Henry Hub,2024-11-12T06:00:00.000000Z,2024-11-13T06:00:00.000000Z,1.92,USD/MMBtu,,2026-08-31T14:45:07.759848Z,2026-08-26,https://www.eia.gov/dnav/ng/hist/rngwhhdD.htm,eia_henry_hub_spot:1788187507759848000:3241dfb4a8883f486cfb073eb5161263d2da2c27ccb423435106659f0cd0bc3e
EIA:DHHNGSP,U.S. EIA,physical_spot,Henry Hub physical spot,Henry Hub,2024-11-13T06:00:00.000000Z,2024-11-14T06:00:00.000000Z,2.06,USD/MMBtu,,2026-08-31T14:45:07.759848Z,2026-08-26,https://www.eia.gov/dnav/ng/hist/rngwhhdD.htm,eia_henry_hub_spot:1788187507759848000:3241dfb4a8883f486cfb073eb5161263d2da2c27ccb423435106659f0cd0bc3e
EIA:DHHNGSP,U.S. EIA,physical_spot,Henry Hub physical spot,Henry Hub,2024-11-14T06:00:00.000000Z,2024-11-15T06:00:00.000000Z,2.11,USD/MMBtu,,2026-08-31T14:45:07.759848Z,2026-08-26,https://www.eia.gov/dnav/ng/hist/rngwhhdD.htm,eia_henry_hub_spot:1788187507759848000:3241dfb4a8883f486cfb073eb5161263d2da2c27ccb423435106659f0cd0bc3e
EIA:DHHNGSP,U.S. EIA,physical_spot,Henry Hub physical spot,Henry Hub,2024-11-15T06:00:00.000000Z,2024-11-16T06:00:00.000000Z,1.65,USD/MMBtu,,2026-08-31T14:45:07.759848Z,2026-08-26,https://www.eia.gov/dnav/ng/hist/rngwhhdD.htm,eia_henry_hub_spot:1788187507759848000:3241dfb4a8883f486cfb073eb5161263d2da2c27ccb423435106659f0cd0bc3e
EIA:DHHNGSP,U.S. EIA,physical_spot,Henry Hub physical spot,Henry Hub,2024-11-18T06:00:00.000000Z,2024-11-19T06:00:00.000000Z,2.08,USD/MMBtu,,2026-08-31T14:45:07.759848Z,2026-08-26,https://www.eia.gov/dnav/ng/hist/rngwhhdD.htm,eia_henry_hub_spot:1788187507759848000:3241dfb4a8883f486cfb073eb5161263d2da2c27ccb423435106659f0cd0bc3e
EIA:DHHNGSP,U.S. EIA,physical_spot,Henry Hub physical spot,Henry Hub,2024-11-19T06:00:00.000000Z,2024-11-20T06:00:00.000000Z,2.1,USD/MMBtu,,2026-08-31T14:45:07.759848Z,2026-08-26,https://www.eia.gov/dnav/ng/hist/rngwhhdD.htm,eia_henry_hub_spot:1788187507759848000:3241dfb4a8883f486cfb073eb5161263d2da2c27ccb423435106659f0cd0bc3e
EIA:DHHNGSP,U.S. EIA,physical_spot,Henry Hub physical spot,Henry Hub,2024-11-20T06:00:00.000000Z,2024-11-21T06:00:00.000000Z,2.32,USD/MMBtu,,2026-08-31T14:45:07.759848Z,2026-08-26,https://www.eia.gov/dnav/ng/hist/rngwhhdD.htm,eia_henry_hub_spot:1788187507759848000:3241dfb4a8883f486cfb073eb5161263d2da2c27ccb423435106659f0cd0bc3e
EIA:DHHNGSP,U.S. EIA,physical_spot,Henry Hub physical spot,Henry Hub,2024-11-21T06:00:00.000000Z,2024-11-22T06:00:00.000000Z,2.84,USD/MMBtu,,2026-08-31T14:45:07.759848Z,2026-08-26,https://www.eia.gov/dnav/ng/hist/rngwhhdD.htm,eia_henry_hub_spot:1788187507759848000:3241dfb4a8883f486cfb073eb5161263d2da2c27ccb423435106659f0cd0bc3e
EIA:DHHNGSP,U.S. EIA,physical_spot,Henry Hub physical spot,Henry Hub,2024-11-22T06:00:00.000000Z,2024-11-23T06:00:00.000000Z,2.41,USD/MMBtu,,2026-08-31T14:45:07.759848Z,2026-08-26,https://www.eia.gov/dnav/ng/hist/rngwhhdD.htm,eia_henry_hub_spot:1788187507759848000:3241dfb4a8883f486cfb073eb5161263d2da2c27ccb423435106659f0cd0bc3e
EIA:DHHNGSP,U.S. EIA,physical_spot,Henry Hub physical spot,Henry Hub,2024-11-25T06:00:00.000000Z,2024-11-26T06:00:00.000000Z,2.78,USD/MMBtu,,2026-08-31T14:45:07.759848Z,2026-08-26,https://www.eia.gov/dnav/ng/hist/rngwhhdD.htm,eia_henry_hub_spot:1788187507759848000:3241dfb4a8883f486cfb073eb5161263d2da2c27ccb423435106659f0cd0bc3e
EIA:DHHNGSP,U.S. EIA,physical_spot,Henry Hub physical spot,Henry Hub,2024-11-26T06:00:00.000000Z,2024-11-27T06:00:00.000000Z,3.19,USD/MMBtu,,2026-08-31T14:45:07.759848Z,2026-08-26,https://www.eia.gov/dnav/ng/hist/rngwhhdD.htm,eia_henry_hub_spot:1788187507759848000:3241dfb4a8883f486cfb073eb5161263d2da2c27ccb423435106659f0cd0bc3e
EIA:DHHNGSP,U.S. EIA,physical_spot,Henry Hub physical spot,Henry Hub,2024-11-27T06:00:00.000000Z,2024-11-28T06:00:00.000000Z,3.39,USD/MMBtu,,2026-08-31T14:45:07.759848Z,2026-08-26,https://www.eia.gov/dnav/ng/hist/rngwhhdD.htm,eia_henry_hub_spot:1788187507759848000:3241dfb4a8883f486cfb073eb5161263d2da2c27ccb423435106659f0cd0bc3e
EIA:DHHNGSP,U.S. EIA,physical_spot,Henry Hub physical spot,Henry Hub,2024-11-29T06:00:00.000000Z,2024-11-30T06:00:00.000000Z,3.39,USD/MMBtu,,2026-08-31T14:45:07.759848Z,2026-08-26,https://www.eia.gov/dnav/ng/hist/rngwhhdD.htm,eia_henry_hub_spot:1788187507759848000:3241dfb4a8883f486cfb073eb5161263d2da2c27ccb423435106659f0cd0bc3e
EIA:DHHNGSP,U.S. EIA,physical_spot,Henry Hub physical spot,Henry Hub,2024-12-02T06:00:00.000000Z,2024-12-03T06:00:00.000000Z,3.05,USD/MMBtu,,2026-08-31T14:45:07.759848Z,2026-08-26,https://www.eia.gov/dnav/ng/hist/rngwhhdD.htm,eia_henry_hub_spot:1788187507759848000:3241dfb4a8883f486cfb073eb5161263d2da2c27ccb423435106659f0cd0bc3e
EIA:DHHNGSP,U.S. EIA,physical_spot,Henry Hub physical spot,Henry Hub,2024-12-03T06:00:00.000000Z,2024-12-04T06:00:00.000000Z,2.94,USD/MMBtu,,2026-08-31T14:45:07.759848Z,2026-08-26,https://www.eia.gov/dnav/ng/hist/rngwhhdD.htm,eia_henry_hub_spot:1788187507759848000:3241dfb4a8883f486cfb073eb5161263d2da2c27ccb423435106659f0cd0bc3e
EIA:DHHNGSP,U.S. EIA,physical_spot,Henry Hub physical spot,Henry Hub,2024-12-04T06:00:00.000000Z,2024-12-05T06:00:00.000000Z,2.75,USD/MMBtu,,2026-08-31T14:45:07.759848Z,2026-08-26,https://www.eia.gov/dnav/ng/hist/rngwhhdD.htm,eia_henry_hub_spot:1788187507759848000:3241dfb4a8883f486cfb073eb5161263d2da2c27ccb423435106659f0cd0bc3e
EIA:DHHNGSP,U.S. EIA,physical_spot,Henry Hub physical spot,Henry Hub,2024-12-05T06:00:00.000000Z,2024-12-06T06:00:00.000000Z,2.95,USD/MMBtu,,2026-08-31T14:45:07.759848Z,2026-08-26,https://www.eia.gov/dnav/ng/hist/rngwhhdD.htm,eia_henry_hub_spot:1788187507759848000:3241dfb4a8883f486cfb073eb5161263d2da2c27ccb423435106659f0cd0bc3e
EIA:DHHNGSP,U.S. EIA,physical_spot,Henry Hub physical spot,Henry Hub,2024-12-06T06:00:00.000000Z,2024-12-07T06:00:00.000000Z,2.83,USD/MMBtu,,2026-08-31T14:45:07.759848Z,2026-08-26,https://www.eia.gov/dnav/ng/hist/rngwhhdD.htm,eia_henry_hub_spot:1788187507759848000:3241dfb4a8883f486cfb073eb5161263d2da2c27ccb423435106659f0cd0bc3e
EIA:DHHNGSP,U.S. EIA,physical_spot,Henry Hub physical spot,Henry Hub,2024-12-09T06:00:00.000000Z,2024-12-10T06:00:00.000000Z,3.05,USD/MMBtu,,2026-08-31T14:45:07.759848Z,2026-08-26,https://www.eia.gov/dnav/ng/hist/rngwhhdD.htm,eia_henry_hub_spot:1788187507759848000:3241dfb4a8883f486cfb073eb5161263d2da2c27ccb423435106659f0cd0bc3e
EIA:DHHNGSP,U.S. EIA,physical_spot,Henry Hub physical spot,Henry Hub,2024-12-10T06:00:00.000000Z,2024-12-11T06:00:00.000000Z,2.9,USD/MMBtu,,2026-08-31T14:45:07.759848Z,2026-08-26,https://www.eia.gov/dnav/ng/hist/rngwhhdD.htm,eia_henry_hub_spot:1788187507759848000:3241dfb4a8883f486cfb073eb5161263d2da2c27ccb423435106659f0cd0bc3e
EIA:DHHNGSP,U.S. EIA,physical_spot,Henry Hub physical spot,Henry Hub,2024-12-11T06:00:00.000000Z,2024-12-12T06:00:00.000000Z,2.9,USD/MMBtu,,2026-08-31T14:45:07.759848Z,2026-08-26,https://www.eia.gov/dnav/ng/hist/rngwhhdD.htm,eia_henry_hub_spot:1788187507759848000:3241dfb4a8883f486cfb073eb5161263d2da2c27ccb423435106659f0cd0bc3e
EIA:DHHNGSP,U.S. EIA,physical_spot,Henry Hub physical spot,Henry Hub,2024-12-12T06:00:00.000000Z,2024-12-13T06:00:00.000000Z,3.12,USD/MMBtu,,2026-08-31T14:45:07.759848Z,2026-08-26,https://www.eia.gov/dnav/ng/hist/rngwhhdD.htm,eia_henry_hub_spot:1788187507759848000:3241dfb4a8883f486cfb073eb5161263d2da2c27ccb423435106659f0cd0bc3e
EIA:DHHNGSP,U.S. EIA,physical_spot,Henry Hub physical spot,Henry Hub,2024-12-13T06:00:00.000000Z,2024-12-14T06:00:00.000000Z,3.15,USD/MMBtu,,2026-08-31T14:45:07.759848Z,2026-08-26,https://www.eia.gov/dnav/ng/hist/rngwhhdD.htm,eia_henry_hub_spot:1788187507759848000:3241dfb4a8883f486cfb073eb5161263d2da2c27ccb423435106659f0cd0bc3e
EIA:DHHNGSP,U.S. EIA,physical_spot,Henry Hub physical spot,Henry Hub,2024-12-16T06:00:00.000000Z,2024-12-17T06:00:00.000000Z,2.87,USD/MMBtu,,2026-08-31T14:45:07.759848Z,2026-08-26,https://www.eia.gov/dnav/ng/hist/rngwhhdD.htm,eia_henry_hub_spot:1788187507759848000:3241dfb4a8883f486cfb073eb5161263d2da2c27ccb423435106659f0cd0bc3e
EIA:DHHNGSP,U.S. EIA,physical_spot,Henry Hub physical spot,Henry Hub,2024-12-17T06:00:00.000000Z,2024-12-18T06:00:00.000000Z,2.85,USD/MMBtu,,2026-08-31T14:45:07.759848Z,2026-08-26,https://www.eia.gov/dnav/ng/hist/rngwhhdD.htm,eia_henry_hub_spot:1788187507759848000:3241dfb4a8883f486cfb073eb5161263d2da2c27ccb423435106659f0cd0bc3e
EIA:DHHNGSP,U.S. EIA,physical_spot,Henry Hub physical spot,Henry Hub,2024-12-18T06:00:00.000000Z,2024-12-19T06:00:00.000000Z,3.01,USD/MMBtu,,2026-08-31T14:45:07.759848Z,2026-08-26,https://www.eia.gov/dnav/ng/hist/rngwhhdD.htm,eia_henry_hub_spot:1788187507759848000:3241dfb4a8883f486cfb073eb5161263d2da2c27ccb423435106659f0cd0bc3e
EIA:DHHNGSP,U.S. EIA,physical_spot,Henry Hub physical spot,Henry Hub,2024-12-19T06:00:00.000000Z,2024-12-20T06:00:00.000000Z,3.15,USD/MMBtu,,2026-08-31T14:45:07.759848Z,2026-08-26,https://www.eia.gov/dnav/ng/hist/rngwhhdD.htm,eia_henry_hub_spot:1788187507759848000:3241dfb4a8883f486cfb073eb5161263d2da2c27ccb423435106659f0cd0bc3e
EIA:DHHNGSP,U.S. EIA,physical_spot,Henry Hub physical spot,Henry Hub,2024-12-20T06:00:00.000000Z,2024-12-21T06:00:00.000000Z,3.1,USD/MMBtu,,2026-08-31T14:45:07.759848Z,2026-08-26,https://www.eia.gov/dnav/ng/hist/rngwhhdD.htm,eia_henry_hub_spot:1788187507759848000:3241dfb4a8883f486cfb073eb5161263d2da2c27ccb423435106659f0cd0bc3e
EIA:DHHNGSP,U.S. EIA,physical_spot,Henry Hub physical spot,Henry Hub,2024-12-23T06:00:00.000000Z,2024-12-24T06:00:00.000000Z,2.89,USD/MMBtu,,2026-08-31T14:45:07.759848Z,2026-08-26,https://www.eia.gov/dnav/ng/hist/rngwhhdD.htm,eia_henry_hub_spot:1788187507759848000:3241dfb4a8883f486cfb073eb5161263d2da2c27ccb423435106659f0cd0bc3e
EIA:DHHNGSP,U.S. EIA,physical_spot,Henry Hub physical spot,Henry Hub,2024-12-24T06:00:00.000000Z,2024-12-25T06:00:00.000000Z,2.95,USD/MMBtu,,2026-08-31T14:45:07.759848Z,2026-08-26,https://www.eia.gov/dnav/ng/hist/rngwhhdD.htm,eia_henry_hub_spot:1788187507759848000:3241dfb4a8883f486cfb073eb5161263d2da2c27ccb423435106659f0cd0bc3e
EIA:DHHNGSP,U.S. EIA,physical_spot,Henry Hub physical spot,Henry Hub,2024-12-26T06:00:00.000000Z,2024-12-27T06:00:00.000000Z,2.96,USD/MMBtu,,2026-08-31T14:45:07.759848Z,2026-08-26,https://www.eia.gov/dnav/ng/hist/rngwhhdD.htm,eia_henry_hub_spot:1788187507759848000:3241dfb4a8883f486cfb073eb5161263d2da2c27ccb423435106659f0cd0bc3e
EIA:DHHNGSP,U.S. EIA,physical_spot,Henry Hub physical spot,Henry Hub,2024-12-27T06:00:00.000000Z,2024-12-28T06:00:00.000000Z,2.91,USD/MMBtu,,2026-08-31T14:45:07.759848Z,2026-08-26,https://www.eia.gov/dnav/ng/hist/rngwhhdD.htm,eia_henry_hub_spot:1788187507759848000:3241dfb4a8883f486cfb073eb5161263d2da2c27ccb423435106659f0cd0bc3e
EIA:DHHNGSP,U.S. EIA,physical_spot,Henry Hub physical spot,Henry Hub,2024-12-30T06:00:00.000000Z,2024-12-31T06:00:00.000000Z,3.39,USD/MMBtu,,2026-08-31T14:45:07.759848Z,2026-08-26,https://www.eia.gov/dnav/ng/hist/rngwhhdD.htm,eia_henry_hub_spot:1788187507759848000:3241dfb4a8883f486cfb073eb5161263d2da2c27ccb423435106659f0cd0bc3e
EIA:DHHNGSP,U.S. EIA,physical_spot,Henry Hub physical spot,Henry Hub,2024-12-31T06:00:00.000000Z,2025-01-01T06:00:00.000000Z,3.4,USD/MMBtu,,2026-08-31T14:45:07.759848Z,2026-08-26,https://www.eia.gov/dnav/ng/hist/rngwhhdD.htm,eia_henry_hub_spot:1788187507759848000:3241dfb4a8883f486cfb073eb5161263d2da2c27ccb423435106659f0cd0bc3e
EIA:DHHNGSP,U.S. EIA,physical_spot,Henry Hub physical spot,Henry Hub,2025-01-02T06:00:00.000000Z,2025-01-03T06:00:00.000000Z,3.65,USD/MMBtu,,2026-08-31T14:45:07.759848Z,2026-08-26,https://www.eia.gov/dnav/ng/hist/rngwhhdD.htm,eia_henry_hub_spot:1788187507759848000:3241dfb4a8883f486cfb073eb5161263d2da2c27ccb423435106659f0cd0bc3e
EIA:DHHNGSP,U.S. EIA,physical_spot,Henry Hub physical spot,Henry Hub,2025-01-03T06:00:00.000000Z,2025-01-04T06:00:00.000000Z,3.4,USD/MMBtu,,2026-08-31T14:45:07.759848Z,2026-08-26,https://www.eia.gov/dnav/ng/hist/rngwhhdD.htm,eia_henry_hub_spot:1788187507759848000:3241dfb4a8883f486cfb073eb5161263d2da2c27ccb423435106659f0cd0bc3e
EIA:DHHNGSP,U.S. EIA,physical_spot,Henry Hub physical spot,Henry Hub,2025-01-06T06:00:00.000000Z,2025-01-07T06:00:00.000000Z,4.05,USD/MMBtu,,2026-08-31T14:45:07.759848Z,2026-08-26,https://www.eia.gov/dnav/ng/hist/rngwhhdD.htm,eia_henry_hub_spot:1788187507759848000:3241dfb4a8883f486cfb073eb5161263d2da2c27ccb423435106659f0cd0bc3e
EIA:DHHNGSP,U.S. EIA,physical_spot,Henry Hub physical spot,Henry Hub,2025-01-07T06:00:00.000000Z,2025-01-08T06:00:00.000000Z,3.8,USD/MMBtu,,2026-08-31T14:45:07.759848Z,2026-08-26,https://www.eia.gov/dnav/ng/hist/rngwhhdD.htm,eia_henry_hub_spot:1788187507759848000:3241dfb4a8883f486cfb073eb5161263d2da2c27ccb423435106659f0cd0bc3e
EIA:DHHNGSP,U.S. EIA,physical_spot,Henry Hub physical spot,Henry Hub,2025-01-08T06:00:00.000000Z,2025-01-09T06:00:00.000000Z,3.75,USD/MMBtu,,2026-08-31T14:45:07.759848Z,2026-08-26,https://www.eia.gov/dnav/ng/hist/rngwhhdD.htm,eia_henry_hub_spot:1788187507759848000:3241dfb4a8883f486cfb073eb5161263d2da2c27ccb423435106659f0cd0bc3e
EIA:DHHNGSP,U.S. EIA,physical_spot,Henry Hub physical spot,Henry Hub,2025-01-09T06:00:00.000000Z,2025-01-10T06:00:00.000000Z,3.94,USD/MMBtu,,2026-08-31T14:45:07.759848Z,2026-08-26,https://www.eia.gov/dnav/ng/hist/rngwhhdD.htm,eia_henry_hub_spot:1788187507759848000:3241dfb4a8883f486cfb073eb5161263d2da2c27ccb423435106659f0cd0bc3e
EIA:DHHNGSP,U.S. EIA,physical_spot,Henry Hub physical spot,Henry Hub,2025-01-10T06:00:00.000000Z,2025-01-11T06:00:00.000000Z,4.13,USD/MMBtu,,2026-08-31T14:45:07.759848Z,2026-08-26,https://www.eia.gov/dnav/ng/hist/rngwhhdD.htm,eia_henry_hub_spot:1788187507759848000:3241dfb4a8883f486cfb073eb5161263d2da2c27ccb423435106659f0cd0bc3e
EIA:DHHNGSP,U.S. EIA,physical_spot,Henry Hub physical spot,Henry Hub,2025-01-13T06:00:00.000000Z,2025-01-14T06:00:00.000000Z,4.4,USD/MMBtu,,2026-08-31T14:45:07.759848Z,2026-08-26,https://www.eia.gov/dnav/ng/hist/rngwhhdD.htm,eia_henry_hub_spot:1788187507759848000:3241dfb4a8883f486cfb073eb5161263d2da2c27ccb423435106659f0cd0bc3e
EIA:DHHNGSP,U.S. EIA,physical_spot,Henry Hub physical spot,Henry Hub,2025-01-14T06:00:00.000000Z,2025-01-15T06:00:00.000000Z,4.32,USD/MMBtu,,2026-08-31T14:45:07.759848Z,2026-08-26,https://www.eia.gov/dnav/ng/hist/rngwhhdD.htm,eia_henry_hub_spot:1788187507759848000:3241dfb4a8883f486cfb073eb5161263d2da2c27ccb423435106659f0cd0bc3e
EIA:DHHNGSP,U.S. EIA,physical_spot,Henry Hub physical spot,Henry Hub,2025-01-15T06:00:00.000000Z,2025-01-16T06:00:00.000000Z,4.45,USD/MMBtu,,2026-08-31T14:45:07.759848Z,2026-08-26,https://www.eia.gov/dnav/ng/hist/rngwhhdD.htm,eia_henry_hub_spot:1788187507759848000:3241dfb4a8883f486cfb073eb5161263d2da2c27ccb423435106659f0cd0bc3e
EIA:DHHNGSP,U.S. EIA,physical_spot,Henry Hub physical spot,Henry Hub,2025-01-16T06:00:00.000000Z,2025-01-17T06:00:00.000000Z,4.3,USD/MMBtu,,2026-08-31T14:45:07.759848Z,2026-08-26,https://www.eia.gov/dnav/ng/hist/rngwhhdD.htm,eia_henry_hub_spot:1788187507759848000:3241dfb4a8883f486cfb073eb5161263d2da2c27ccb423435106659f0cd0bc3e
EIA:DHHNGSP,U.S. EIA,physical_spot,Henry Hub physical spot,Henry Hub,2025-01-17T06:00:00.000000Z,2025-01-18T06:00:00.000000Z,9.86,USD/MMBtu,,2026-08-31T14:45:07.759848Z,2026-08-26,https://www.eia.gov/dnav/ng/hist/rngwhhdD.htm,eia_henry_hub_spot:1788187507759848000:3241dfb4a8883f486cfb073eb5161263d2da2c27ccb423435106659f0cd0bc3e
EIA:DHHNGSP,U.S. EIA,physical_spot,Henry Hub physical spot,Henry Hub,2025-01-21T06:00:00.000000Z,2025-01-22T06:00:00.000000Z,4.4,USD/MMBtu,,2026-08-31T14:45:07.759848Z,2026-08-26,https://www.eia.gov/dnav/ng/hist/rngwhhdD.htm,eia_henry_hub_spot:1788187507759848000:3241dfb4a8883f486cfb073eb5161263d2da2c27ccb423435106659f0cd0bc3e
EIA:DHHNGSP,U.S. EIA,physical_spot,Henry Hub physical spot,Henry Hub,2025-01-22T06:00:00.000000Z,2025-01-23T06:00:00.000000Z,3.91,USD/MMBtu,,2026-08-31T14:45:07.759848Z,2026-08-26,https://www.eia.gov/dnav/ng/hist/rngwhhdD.htm,eia_henry_hub_spot:1788187507759848000:3241dfb4a8883f486cfb073eb5161263d2da2c27ccb423435106659f0cd0bc3e
EIA:DHHNGSP,U.S. EIA,physical_spot,Henry Hub physical spot,Henry Hub,2025-01-23T06:00:00.000000Z,2025-01-24T06:00:00.000000Z,3.91,USD/MMBtu,,2026-08-31T14:45:07.759848Z,2026-08-26,https://www.eia.gov/dnav/ng/hist/rngwhhdD.htm,eia_henry_hub_spot:1788187507759848000:3241dfb4a8883f486cfb073eb5161263d2da2c27ccb423435106659f0cd0bc3e
EIA:DHHNGSP,U.S. EIA,physical_spot,Henry Hub physical spot,Henry Hub,2025-01-24T06:00:00.000000Z,2025-01-25T06:00:00.000000Z,3.84,USD/MMBtu,,2026-08-31T14:45:07.759848Z,2026-08-26,https://www.eia.gov/dnav/ng/hist/rngwhhdD.htm,eia_henry_hub_spot:1788187507759848000:3241dfb4a8883f486cfb073eb5161263d2da2c27ccb423435106659f0cd0bc3e
EIA:DHHNGSP,U.S. EIA,physical_spot,Henry Hub physical spot,Henry Hub,2025-01-27T06:00:00.000000Z,2025-01-28T06:00:00.000000Z,3.71,USD/MMBtu,,2026-08-31T14:45:07.759848Z,2026-08-26,https://www.eia.gov/dnav/ng/hist/rngwhhdD.htm,eia_henry_hub_spot:1788187507759848000:3241dfb4a8883f486cfb073eb5161263d2da2c27ccb423435106659f0cd0bc3e
EIA:DHHNGSP,U.S. EIA,physical_spot,Henry Hub physical spot,Henry Hub,2025-01-28T06:00:00.000000Z,2025-01-29T06:00:00.000000Z,3.4,USD/MMBtu,,2026-08-31T14:45:07.759848Z,2026-08-26,https://www.eia.gov/dnav/ng/hist/rngwhhdD.htm,eia_henry_hub_spot:1788187507759848000:3241dfb4a8883f486cfb073eb5161263d2da2c27ccb423435106659f0cd0bc3e
EIA:DHHNGSP,U.S. EIA,physical_spot,Henry Hub physical spot,Henry Hub,2025-01-29T06:00:00.000000Z,2025-01-30T06:00:00.000000Z,3.38,USD/MMBtu,,2026-08-31T14:45:07.759848Z,2026-08-26,https://www.eia.gov/dnav/ng/hist/rngwhhdD.htm,eia_henry_hub_spot:1788187507759848000:3241dfb4a8883f486cfb073eb5161263d2da2c27ccb423435106659f0cd0bc3e
EIA:DHHNGSP,U.S. EIA,physical_spot,Henry Hub physical spot,Henry Hub,2025-01-30T06:00:00.000000Z,2025-01-31T06:00:00.000000Z,3.12,USD/MMBtu,,2026-08-31T14:45:07.759848Z,2026-08-26,https://www.eia.gov/dnav/ng/hist/rngwhhdD.htm,eia_henry_hub_spot:1788187507759848000:3241dfb4a8883f486cfb073eb5161263d2da2c27ccb423435106659f0cd0bc3e
EIA:DHHNGSP,U.S. EIA,physical_spot,Henry Hub physical spot,Henry Hub,2025-01-31T06:00:00.000000Z,2025-02-01T06:00:00.000000Z,2.93,USD/MMBtu,,2026-08-31T14:45:07.759848Z,2026-08-26,https://www.eia.gov/dnav/ng/hist/rngwhhdD.htm,eia_henry_hub_spot:1788187507759848000:3241dfb4a8883f486cfb073eb5161263d2da2c27ccb423435106659f0cd0bc3e
EIA:DHHNGSP,U.S. EIA,physical_spot,Henry Hub physical spot,Henry Hub,2025-02-03T06:00:00.000000Z,2025-02-04T06:00:00.000000Z,3.3,USD/MMBtu,,2026-08-31T14:45:07.759848Z,2026-08-26,https://www.eia.gov/dnav/ng/hist/rngwhhdD.htm,eia_henry_hub_spot:1788187507759848000:3241dfb4a8883f486cfb073eb5161263d2da2c27ccb423435106659f0cd0bc3e
EIA:DHHNGSP,U.S. EIA,physical_spot,Henry Hub physical spot,Henry Hub,2025-02-04T06:00:00.000000Z,2025-02-05T06:00:00.000000Z,3.25,USD/MMBtu,,2026-08-31T14:45:07.759848Z,2026-08-26,https://www.eia.gov/dnav/ng/hist/rngwhhdD.htm,eia_henry_hub_spot:1788187507759848000:3241dfb4a8883f486cfb073eb5161263d2da2c27ccb423435106659f0cd0bc3e
EIA:DHHNGSP,U.S. EIA,physical_spot,Henry Hub physical spot,Henry Hub,2025-02-05T06:00:00.000000Z,2025-02-06T06:00:00.000000Z,3.22,USD/MMBtu,,2026-08-31T14:45:07.759848Z,2026-08-26,https://www.eia.gov/dnav/ng/hist/rngwhhdD.htm,eia_henry_hub_spot:1788187507759848000:3241dfb4a8883f486cfb073eb5161263d2da2c27ccb423435106659f0cd0bc3e
EIA:DHHNGSP,U.S. EIA,physical_spot,Henry Hub physical spot,Henry Hub,2025-02-06T06:00:00.000000Z,2025-02-07T06:00:00.000000Z,3.31,USD/MMBtu,,2026-08-31T14:45:07.759848Z,2026-08-26,https://www.eia.gov/dnav/ng/hist/rngwhhdD.htm,eia_henry_hub_spot:1788187507759848000:3241dfb4a8883f486cfb073eb5161263d2da2c27ccb423435106659f0cd0bc3e
EIA:DHHNGSP,U.S. EIA,physical_spot,Henry Hub physical spot,Henry Hub,2025-02-07T06:00:00.000000Z,2025-02-08T06:00:00.000000Z,3.32,USD/MMBtu,,2026-08-31T14:45:07.759848Z,2026-08-26,https://www.eia.gov/dnav/ng/hist/rngwhhdD.htm,eia_henry_hub_spot:1788187507759848000:3241dfb4a8883f486cfb073eb5161263d2da2c27ccb423435106659f0cd0bc3e
EIA:DHHNGSP,U.S. EIA,physical_spot,Henry Hub physical spot,Henry Hub,2025-02-10T06:00:00.000000Z,2025-02-11T06:00:00.000000Z,3.48,USD/MMBtu,,2026-08-31T14:45:07.759848Z,2026-08-26,https://www.eia.gov/dnav/ng/hist/rngwhhdD.htm,eia_henry_hub_spot:1788187507759848000:3241dfb4a8883f486cfb073eb5161263d2da2c27ccb423435106659f0cd0bc3e
EIA:DHHNGSP,U.S. EIA,physical_spot,Henry Hub physical spot,Henry Hub,2025-02-11T06:00:00.000000Z,2025-02-12T06:00:00.000000Z,3.65,USD/MMBtu,,2026-08-31T14:45:07.759848Z,2026-08-26,https://www.eia.gov/dnav/ng/hist/rngwhhdD.htm,eia_henry_hub_spot:1788187507759848000:3241dfb4a8883f486cfb073eb5161263d2da2c27ccb423435106659f0cd0bc3e
EIA:DHHNGSP,U.S. EIA,physical_spot,Henry Hub physical spot,Henry Hub,2025-02-12T06:00:00.000000Z,2025-02-13T06:00:00.000000Z,3.97,USD/MMBtu,,2026-08-31T14:45:07.759848Z,2026-08-26,https://www.eia.gov/dnav/ng/hist/rngwhhdD.htm,eia_henry_hub_spot:1788187507759848000:3241dfb4a8883f486cfb073eb5161263d2da2c27ccb423435106659f0cd0bc3e
EIA:DHHNGSP,U.S. EIA,physical_spot,Henry Hub physical spot,Henry Hub,2025-02-13T06:00:00.000000Z,2025-02-14T06:00:00.000000Z,4.43,USD/MMBtu,,2026-08-31T14:45:07.759848Z,2026-08-26,https://www.eia.gov/dnav/ng/hist/rngwhhdD.htm,eia_henry_hub_spot:1788187507759848000:3241dfb4a8883f486cfb073eb5161263d2da2c27ccb423435106659f0cd0bc3e
EIA:DHHNGSP,U.S. EIA,physical_spot,Henry Hub physical spot,Henry Hub,2025-02-14T06:00:00.000000Z,2025-02-15T06:00:00.000000Z,4.6,USD/MMBtu,,2026-08-31T14:45:07.759848Z,2026-08-26,https://www.eia.gov/dnav/ng/hist/rngwhhdD.htm,eia_henry_hub_spot:1788187507759848000:3241dfb4a8883f486cfb073eb5161263d2da2c27ccb423435106659f0cd0bc3e
EIA:DHHNGSP,U.S. EIA,physical_spot,Henry Hub physical spot,Henry Hub,2025-02-18T06:00:00.000000Z,2025-02-19T06:00:00.000000Z,6.4,USD/MMBtu,,2026-08-31T14:45:07.759848Z,2026-08-26,https://www.eia.gov/dnav/ng/hist/rngwhhdD.htm,eia_henry_hub_spot:1788187507759848000:3241dfb4a8883f486cfb073eb5161263d2da2c27ccb423435106659f0cd0bc3e
EIA:DHHNGSP,U.S. EIA,physical_spot,Henry Hub physical spot,Henry Hub,2025-02-19T06:00:00.000000Z,2025-02-20T06:00:00.000000Z,7.15,USD/MMBtu,,2026-08-31T14:45:07.759848Z,2026-08-26,https://www.eia.gov/dnav/ng/hist/rngwhhdD.htm,eia_henry_hub_spot:1788187507759848000:3241dfb4a8883f486cfb073eb5161263d2da2c27ccb423435106659f0cd0bc3e
EIA:DHHNGSP,U.S. EIA,physical_spot,Henry Hub physical spot,Henry Hub,2025-02-20T06:00:00.000000Z,2025-02-21T06:00:00.000000Z,5.62,USD/MMBtu,,2026-08-31T14:45:07.759848Z,2026-08-26,https://www.eia.gov/dnav/ng/hist/rngwhhdD.htm,eia_henry_hub_spot:1788187507759848000:3241dfb4a8883f486cfb073eb5161263d2da2c27ccb423435106659f0cd0bc3e
EIA:DHHNGSP,U.S. EIA,physical_spot,Henry Hub physical spot,Henry Hub,2025-02-21T06:00:00.000000Z,2025-02-22T06:00:00.000000Z,4.43,USD/MMBtu,,2026-08-31T14:45:07.759848Z,2026-08-26,https://www.eia.gov/dnav/ng/hist/rngwhhdD.htm,eia_henry_hub_spot:1788187507759848000:3241dfb4a8883f486cfb073eb5161263d2da2c27ccb423435106659f0cd0bc3e
EIA:DHHNGSP,U.S. EIA,physical_spot,Henry Hub physical spot,Henry Hub,2025-02-24T06:00:00.000000Z,2025-02-25T06:00:00.000000Z,3.86,USD/MMBtu,,2026-08-31T14:45:07.759848Z,2026-08-26,https://www.eia.gov/dnav/ng/hist/rngwhhdD.htm,eia_henry_hub_spot:1788187507759848000:3241dfb4a8883f486cfb073eb5161263d2da2c27ccb423435106659f0cd0bc3e
EIA:DHHNGSP,U.S. EIA,physical_spot,Henry Hub physical spot,Henry Hub,2025-02-25T06:00:00.000000Z,2025-02-26T06:00:00.000000Z,3.88,USD/MMBtu,,2026-08-31T14:45:07.759848Z,2026-08-26,https://www.eia.gov/dnav/ng/hist/rngwhhdD.htm,eia_henry_hub_spot:1788187507759848000:3241dfb4a8883f486cfb073eb5161263d2da2c27ccb423435106659f0cd0bc3e
EIA:DHHNGSP,U.S. EIA,physical_spot,Henry Hub physical spot,Henry Hub,2025-02-26T06:00:00.000000Z,2025-02-27T06:00:00.000000Z,3.9,USD/MMBtu,,2026-08-31T14:45:07.759848Z,2026-08-26,https://www.eia.gov/dnav/ng/hist/rngwhhdD.htm,eia_henry_hub_spot:1788187507759848000:3241dfb4a8883f486cfb073eb5161263d2da2c27ccb423435106659f0cd0bc3e
EIA:DHHNGSP,U.S. EIA,physical_spot,Henry Hub physical spot,Henry Hub,2025-02-27T06:00:00.000000Z,2025-02-28T06:00:00.000000Z,3.91,USD/MMBtu,,2026-08-31T14:45:07.759848Z,2026-08-26,https://www.eia.gov/dnav/ng/hist/rngwhhdD.htm,eia_henry_hub_spot:1788187507759848000:3241dfb4a8883f486cfb073eb5161263d2da2c27ccb423435106659f0cd0bc3e
EIA:DHHNGSP,U.S. EIA,physical_spot,Henry Hub physical spot,Henry Hub,2025-02-28T06:00:00.000000Z,2025-03-01T06:00:00.000000Z,3.91,USD/MMBtu,,2026-08-31T14:45:07.759848Z,2026-08-26,https://www.eia.gov/dnav/ng/hist/rngwhhdD.htm,eia_henry_hub_spot:1788187507759848000:3241dfb4a8883f486cfb073eb5161263d2da2c27ccb423435106659f0cd0bc3e
EIA:DHHNGSP,U.S. EIA,physical_spot,Henry Hub physical spot,Henry Hub,2025-03-03T06:00:00.000000Z,2025-03-04T06:00:00.000000Z,3.8,USD/MMBtu,,2026-08-31T14:45:07.759848Z,2026-08-26,https://www.eia.gov/dnav/ng/hist/rngwhhdD.htm,eia_henry_hub_spot:1788187507759848000:3241dfb4a8883f486cfb073eb5161263d2da2c27ccb423435106659f0cd0bc3e
EIA:DHHNGSP,U.S. EIA,physical_spot,Henry Hub physical spot,Henry Hub,2025-03-04T06:00:00.000000Z,2025-03-05T06:00:00.000000Z,4.39,USD/MMBtu,,2026-08-31T14:45:07.759848Z,2026-08-26,https://www.eia.gov/dnav/ng/hist/rngwhhdD.htm,eia_henry_hub_spot:1788187507759848000:3241dfb4a8883f486cfb073eb5161263d2da2c27ccb423435106659f0cd0bc3e
EIA:DHHNGSP,U.S. EIA,physical_spot,Henry Hub physical spot,Henry Hub,2025-03-05T06:00:00.000000Z,2025-03-06T06:00:00.000000Z,4.4,USD/MMBtu,,2026-08-31T14:45:07.759848Z,2026-08-26,https://www.eia.gov/dnav/ng/hist/rngwhhdD.htm,eia_henry_hub_spot:1788187507759848000:3241dfb4a8883f486cfb073eb5161263d2da2c27ccb423435106659f0cd0bc3e
EIA:DHHNGSP,U.S. EIA,physical_spot,Henry Hub physical spot,Henry Hub,2025-03-06T06:00:00.000000Z,2025-03-07T06:00:00.000000Z,4.39,USD/MMBtu,,2026-08-31T14:45:07.759848Z,2026-08-26,https://www.eia.gov/dnav/ng/hist/rngwhhdD.htm,eia_henry_hub_spot:1788187507759848000:3241dfb4a8883f486cfb073eb5161263d2da2c27ccb423435106659f0cd0bc3e
EIA:DHHNGSP,U.S. EIA,physical_spot,Henry Hub physical spot,Henry Hub,2025-03-07T06:00:00.000000Z,2025-03-08T06:00:00.000000Z,4.39,USD/MMBtu,,2026-08-31T14:45:07.759848Z,2026-08-26,https://www.eia.gov/dnav/ng/hist/rngwhhdD.htm,eia_henry_hub_spot:1788187507759848000:3241dfb4a8883f486cfb073eb5161263d2da2c27ccb423435106659f0cd0bc3e
EIA:DHHNGSP,U.S. EIA,physical_spot,Henry Hub physical spot,Henry Hub,2025-03-10T05:00:00.000000Z,2025-03-11T05:00:00.000000Z,4.23,USD/MMBtu,,2026-08-31T14:45:07.759848Z,2026-08-26,https://www.eia.gov/dnav/ng/hist/rngwhhdD.htm,eia_henry_hub_spot:1788187507759848000:3241dfb4a8883f486cfb073eb5161263d2da2c27ccb423435106659f0cd0bc3e
EIA:DHHNGSP,U.S. EIA,physical_spot,Henry Hub physical spot,Henry Hub,2025-03-11T05:00:00.000000Z,2025-03-12T05:00:00.000000Z,4.57,USD/MMBtu,,2026-08-31T14:45:07.759848Z,2026-08-26,https://www.eia.gov/dnav/ng/hist/rngwhhdD.htm,eia_henry_hub_spot:1788187507759848000:3241dfb4a8883f486cfb073eb5161263d2da2c27ccb423435106659f0cd0bc3e
EIA:DHHNGSP,U.S. EIA,physical_spot,Henry Hub physical spot,Henry Hub,2025-03-12T05:00:00.000000Z,2025-03-13T05:00:00.000000Z,4.18,USD/MMBtu,,2026-08-31T14:45:07.759848Z,2026-08-26,https://www.eia.gov/dnav/ng/hist/rngwhhdD.htm,eia_henry_hub_spot:1788187507759848000:3241dfb4a8883f486cfb073eb5161263d2da2c27ccb423435106659f0cd0bc3e
EIA:DHHNGSP,U.S. EIA,physical_spot,Henry Hub physical spot,Henry Hub,2025-03-13T05:00:00.000000Z,2025-03-14T05:00:00.000000Z,3.89,USD/MMBtu,,2026-08-31T14:45:07.759848Z,2026-08-26,https://www.eia.gov/dnav/ng/hist/rngwhhdD.htm,eia_henry_hub_spot:1788187507759848000:3241dfb4a8883f486cfb073eb5161263d2da2c27ccb423435106659f0cd0bc3e
EIA:DHHNGSP,U.S. EIA,physical_spot,Henry Hub physical spot,Henry Hub,2025-03-14T05:00:00.000000Z,2025-03-15T05:00:00.000000Z,3.89,USD/MMBtu,,2026-08-31T14:45:07.759848Z,2026-08-26,https://www.eia.gov/dnav/ng/hist/rngwhhdD.htm,eia_henry_hub_spot:1788187507759848000:3241dfb4a8883f486cfb073eb5161263d2da2c27ccb423435106659f0cd0bc3e
EIA:DHHNGSP,U.S. EIA,physical_spot,Henry Hub physical spot,Henry Hub,2025-03-17T05:00:00.000000Z,2025-03-18T05:00:00.000000Z,4.15,USD/MMBtu,,2026-08-31T14:45:07.759848Z,2026-08-26,https://www.eia.gov/dnav/ng/hist/rngwhhdD.htm,eia_henry_hub_spot:1788187507759848000:3241dfb4a8883f486cfb073eb5161263d2da2c27ccb423435106659f0cd0bc3e
EIA:DHHNGSP,U.S. EIA,physical_spot,Henry Hub physical spot,Henry Hub,2025-03-18T05:00:00.000000Z,2025-03-19T05:00:00.000000Z,4.17,USD/MMBtu,,2026-08-31T14:45:07.759848Z,2026-08-26,https://www.eia.gov/dnav/ng/hist/rngwhhdD.htm,eia_henry_hub_spot:1788187507759848000:3241dfb4a8883f486cfb073eb5161263d2da2c27ccb423435106659f0cd0bc3e
EIA:DHHNGSP,U.S. EIA,physical_spot,Henry Hub physical spot,Henry Hub,2025-03-19T05:00:00.000000Z,2025-03-20T05:00:00.000000Z,4.21,USD/MMBtu,,2026-08-31T14:45:07.759848Z,2026-08-26,https://www.eia.gov/dnav/ng/hist/rngwhhdD.htm,eia_henry_hub_spot:1788187507759848000:3241dfb4a8883f486cfb073eb5161263d2da2c27ccb423435106659f0cd0bc3e
EIA:DHHNGSP,U.S. EIA,physical_spot,Henry Hub physical spot,Henry Hub,2025-03-20T05:00:00.000000Z,2025-03-21T05:00:00.000000Z,4.23,USD/MMBtu,,2026-08-31T14:45:07.759848Z,2026-08-26,https://www.eia.gov/dnav/ng/hist/rngwhhdD.htm,eia_henry_hub_spot:1788187507759848000:3241dfb4a8883f486cfb073eb5161263d2da2c27ccb423435106659f0cd0bc3e
EIA:DHHNGSP,U.S. EIA,physical_spot,Henry Hub physical spot,Henry Hub,2025-03-21T05:00:00.000000Z,2025-03-22T05:00:00.000000Z,3.93,USD/MMBtu,,2026-08-31T14:45:07.759848Z,2026-08-26,https://www.eia.gov/dnav/ng/hist/rngwhhdD.htm,eia_henry_hub_spot:1788187507759848000:3241dfb4a8883f486cfb073eb5161263d2da2c27ccb423435106659f0cd0bc3e
EIA:DHHNGSP,U.S. EIA,physical_spot,Henry Hub physical spot,Henry Hub,2025-03-24T05:00:00.000000Z,2025-03-25T05:00:00.000000Z,4.03,USD/MMBtu,,2026-08-31T14:45:07.759848Z,2026-08-26,https://www.eia.gov/dnav/ng/hist/rngwhhdD.htm,eia_henry_hub_spot:1788187507759848000:3241dfb4a8883f486cfb073eb5161263d2da2c27ccb423435106659f0cd0bc3e
EIA:DHHNGSP,U.S. EIA,physical_spot,Henry Hub physical spot,Henry Hub,2025-03-25T05:00:00.000000Z,2025-03-26T05:00:00.000000Z,3.94,USD/MMBtu,,2026-08-31T14:45:07.759848Z,2026-08-26,https://www.eia.gov/dnav/ng/hist/rngwhhdD.htm,eia_henry_hub_spot:1788187507759848000:3241dfb4a8883f486cfb073eb5161263d2da2c27ccb423435106659f0cd0bc3e
EIA:DHHNGSP,U.S. EIA,physical_spot,Henry Hub physical spot,Henry Hub,2025-03-26T05:00:00.000000Z,2025-03-27T05:00:00.000000Z,3.85,USD/MMBtu,,2026-08-31T14:45:07.759848Z,2026-08-26,https://www.eia.gov/dnav/ng/hist/rngwhhdD.htm,eia_henry_hub_spot:1788187507759848000:3241dfb4a8883f486cfb073eb5161263d2da2c27ccb423435106659f0cd0bc3e
EIA:DHHNGSP,U.S. EIA,physical_spot,Henry Hub physical spot,Henry Hub,2025-03-27T05:00:00.000000Z,2025-03-28T05:00:00.000000Z,3.88,USD/MMBtu,,2026-08-31T14:45:07.759848Z,2026-08-26,https://www.eia.gov/dnav/ng/hist/rngwhhdD.htm,eia_henry_hub_spot:1788187507759848000:3241dfb4a8883f486cfb073eb5161263d2da2c27ccb423435106659f0cd0bc3e
EIA:DHHNGSP,U.S. EIA,physical_spot,Henry Hub physical spot,Henry Hub,2025-03-28T05:00:00.000000Z,2025-03-29T05:00:00.000000Z,3.89,USD/MMBtu,,2026-08-31T14:45:07.759848Z,2026-08-26,https://www.eia.gov/dnav/ng/hist/rngwhhdD.htm,eia_henry_hub_spot:1788187507759848000:3241dfb4a8883f486cfb073eb5161263d2da2c27ccb423435106659f0cd0bc3e
EIA:DHHNGSP,U.S. EIA,physical_spot,Henry Hub physical spot,Henry Hub,2025-03-31T05:00:00.000000Z,2025-04-01T05:00:00.000000Z,4.11,USD/MMBtu,,2026-08-31T14:45:07.759848Z,2026-08-26,https://www.eia.gov/dnav/ng/hist/rngwhhdD.htm,eia_henry_hub_spot:1788187507759848000:3241dfb4a8883f486cfb073eb5161263d2da2c27ccb423435106659f0cd0bc3e
EIA:DHHNGSP,U.S. EIA,physical_spot,Henry Hub physical spot,Henry Hub,2025-04-01T05:00:00.000000Z,2025-04-02T05:00:00.000000Z,3.96,USD/MMBtu,,2026-08-31T14:45:07.759848Z,2026-08-26,https://www.eia.gov/dnav/ng/hist/rngwhhdD.htm,eia_henry_hub_spot:1788187507759848000:3241dfb4a8883f486cfb073eb5161263d2da2c27ccb423435106659f0cd0bc3e
EIA:DHHNGSP,U.S. EIA,physical_spot,Henry Hub physical spot,Henry Hub,2025-04-02T05:00:00.000000Z,2025-04-03T05:00:00.000000Z,4.04,USD/MMBtu,,2026-08-31T14:45:07.759848Z,2026-08-26,https://www.eia.gov/dnav/ng/hist/rngwhhdD.htm,eia_henry_hub_spot:1788187507759848000:3241dfb4a8883f486cfb073eb5161263d2da2c27ccb423435106659f0cd0bc3e
EIA:DHHNGSP,U.S. EIA,physical_spot,Henry Hub physical spot,Henry Hub,2025-04-03T05:00:00.000000Z,2025-04-04T05:00:00.000000Z,4.21,USD/MMBtu,,2026-08-31T14:45:07.759848Z,2026-08-26,https://www.eia.gov/dnav/ng/hist/rngwhhdD.htm,eia_henry_hub_spot:1788187507759848000:3241dfb4a8883f486cfb073eb5161263d2da2c27ccb423435106659f0cd0bc3e
EIA:DHHNGSP,U.S. EIA,physical_spot,Henry Hub physical spot,Henry Hub,2025-04-04T05:00:00.000000Z,2025-04-05T05:00:00.000000Z,4.04,USD/MMBtu,,2026-08-31T14:45:07.759848Z,2026-08-26,https://www.eia.gov/dnav/ng/hist/rngwhhdD.htm,eia_henry_hub_spot:1788187507759848000:3241dfb4a8883f486cfb073eb5161263d2da2c27ccb423435106659f0cd0bc3e
EIA:DHHNGSP,U.S. EIA,physical_spot,Henry Hub physical spot,Henry Hub,2025-04-07T05:00:00.000000Z,2025-04-08T05:00:00.000000Z,3.97,USD/MMBtu,,2026-08-31T14:45:07.759848Z,2026-08-26,https://www.eia.gov/dnav/ng/hist/rngwhhdD.htm,eia_henry_hub_spot:1788187507759848000:3241dfb4a8883f486cfb073eb5161263d2da2c27ccb423435106659f0cd0bc3e
EIA:DHHNGSP,U.S. EIA,physical_spot,Henry Hub physical spot,Henry Hub,2025-04-08T05:00:00.000000Z,2025-04-09T05:00:00.000000Z,3.85,USD/MMBtu,,2026-08-31T14:45:07.759848Z,2026-08-26,https://www.eia.gov/dnav/ng/hist/rngwhhdD.htm,eia_henry_hub_spot:1788187507759848000:3241dfb4a8883f486cfb073eb5161263d2da2c27ccb423435106659f0cd0bc3e
EIA:DHHNGSP,U.S. EIA,physical_spot,Henry Hub physical spot,Henry Hub,2025-04-09T05:00:00.000000Z,2025-04-10T05:00:00.000000Z,3.42,USD/MMBtu,,2026-08-31T14:45:07.759848Z,2026-08-26,https://www.eia.gov/dnav/ng/hist/rngwhhdD.htm,eia_henry_hub_spot:1788187507759848000:3241dfb4a8883f486cfb073eb5161263d2da2c27ccb423435106659f0cd0bc3e
EIA:DHHNGSP,U.S. EIA,physical_spot,Henry Hub physical spot,Henry Hub,2025-04-10T05:00:00.000000Z,2025-04-11T05:00:00.000000Z,3.7,USD/MMBtu,,2026-08-31T14:45:07.759848Z,2026-08-26,https://www.eia.gov/dnav/ng/hist/rngwhhdD.htm,eia_henry_hub_spot:1788187507759848000:3241dfb4a8883f486cfb073eb5161263d2da2c27ccb423435106659f0cd0bc3e
EIA:DHHNGSP,U.S. EIA,physical_spot,Henry Hub physical spot,Henry Hub,2025-04-11T05:00:00.000000Z,2025-04-12T05:00:00.000000Z,3.44,USD/MMBtu,,2026-08-31T14:45:07.759848Z,2026-08-26,https://www.eia.gov/dnav/ng/hist/rngwhhdD.htm,eia_henry_hub_spot:1788187507759848000:3241dfb4a8883f486cfb073eb5161263d2da2c27ccb423435106659f0cd0bc3e
EIA:DHHNGSP,U.S. EIA,physical_spot,Henry Hub physical spot,Henry Hub,2025-04-14T05:00:00.000000Z,2025-04-15T05:00:00.000000Z,3.57,USD/MMBtu,,2026-08-31T14:45:07.759848Z,2026-08-26,https://www.eia.gov/dnav/ng/hist/rngwhhdD.htm,eia_henry_hub_spot:1788187507759848000:3241dfb4a8883f486cfb073eb5161263d2da2c27ccb423435106659f0cd0bc3e
EIA:DHHNGSP,U.S. EIA,physical_spot,Henry Hub physical spot,Henry Hub,2025-04-15T05:00:00.000000Z,2025-04-16T05:00:00.000000Z,3.27,USD/MMBtu,,2026-08-31T14:45:07.759848Z,2026-08-26,https://www.eia.gov/dnav/ng/hist/rngwhhdD.htm,eia_henry_hub_spot:1788187507759848000:3241dfb4a8883f486cfb073eb5161263d2da2c27ccb423435106659f0cd0bc3e
EIA:DHHNGSP,U.S. EIA,physical_spot,Henry Hub physical spot,Henry Hub,2025-04-16T05:00:00.000000Z,2025-04-17T05:00:00.000000Z,3.25,USD/MMBtu,,2026-08-31T14:45:07.759848Z,2026-08-26,https://www.eia.gov/dnav/ng/hist/rngwhhdD.htm,eia_henry_hub_spot:1788187507759848000:3241dfb4a8883f486cfb073eb5161263d2da2c27ccb423435106659f0cd0bc3e
EIA:DHHNGSP,U.S. EIA,physical_spot,Henry Hub physical spot,Henry Hub,2025-04-17T05:00:00.000000Z,2025-04-18T05:00:00.000000Z,2.94,USD/MMBtu,,2026-08-31T14:45:07.759848Z,2026-08-26,https://www.eia.gov/dnav/ng/hist/rngwhhdD.htm,eia_henry_hub_spot:1788187507759848000:3241dfb4a8883f486cfb073eb5161263d2da2c27ccb423435106659f0cd0bc3e
EIA:DHHNGSP,U.S. EIA,physical_spot,Henry Hub physical spot,Henry Hub,2025-04-21T05:00:00.000000Z,2025-04-22T05:00:00.000000Z,3.16,USD/MMBtu,,2026-08-31T14:45:07.759848Z,2026-08-26,https://www.eia.gov/dnav/ng/hist/rngwhhdD.htm,eia_henry_hub_spot:1788187507759848000:3241dfb4a8883f486cfb073eb5161263d2da2c27ccb423435106659f0cd0bc3e
EIA:DHHNGSP,U.S. EIA,physical_spot,Henry Hub physical spot,Henry Hub,2025-04-22T05:00:00.000000Z,2025-04-23T05:00:00.000000Z,3.12,USD/MMBtu,,2026-08-31T14:45:07.759848Z,2026-08-26,https://www.eia.gov/dnav/ng/hist/rngwhhdD.htm,eia_henry_hub_spot:1788187507759848000:3241dfb4a8883f486cfb073eb5161263d2da2c27ccb423435106659f0cd0bc3e
EIA:DHHNGSP,U.S. EIA,physical_spot,Henry Hub physical spot,Henry Hub,2025-04-23T05:00:00.000000Z,2025-04-24T05:00:00.000000Z,3.12,USD/MMBtu,,2026-08-31T14:45:07.759848Z,2026-08-26,https://www.eia.gov/dnav/ng/hist/rngwhhdD.htm,eia_henry_hub_spot:1788187507759848000:3241dfb4a8883f486cfb073eb5161263d2da2c27ccb423435106659f0cd0bc3e
EIA:DHHNGSP,U.S. EIA,physical_spot,Henry Hub physical spot,Henry Hub,2025-04-24T05:00:00.000000Z,2025-04-25T05:00:00.000000Z,2.87,USD/MMBtu,,2026-08-31T14:45:07.759848Z,2026-08-26,https://www.eia.gov/dnav/ng/hist/rngwhhdD.htm,eia_henry_hub_spot:1788187507759848000:3241dfb4a8883f486cfb073eb5161263d2da2c27ccb423435106659f0cd0bc3e
EIA:DHHNGSP,U.S. EIA,physical_spot,Henry Hub physical spot,Henry Hub,2025-04-25T05:00:00.000000Z,2025-04-26T05:00:00.000000Z,2.71,USD/MMBtu,,2026-08-31T14:45:07.759848Z,2026-08-26,https://www.eia.gov/dnav/ng/hist/rngwhhdD.htm,eia_henry_hub_spot:1788187507759848000:3241dfb4a8883f486cfb073eb5161263d2da2c27ccb423435106659f0cd0bc3e
EIA:DHHNGSP,U.S. EIA,physical_spot,Henry Hub physical spot,Henry Hub,2025-04-28T05:00:00.000000Z,2025-04-29T05:00:00.000000Z,2.96,USD/MMBtu,,2026-08-31T14:45:07.759848Z,2026-08-26,https://www.eia.gov/dnav/ng/hist/rngwhhdD.htm,eia_henry_hub_spot:1788187507759848000:3241dfb4a8883f486cfb073eb5161263d2da2c27ccb423435106659f0cd0bc3e
EIA:DHHNGSP,U.S. EIA,physical_spot,Henry Hub physical spot,Henry Hub,2025-04-29T05:00:00.000000Z,2025-04-30T05:00:00.000000Z,3.17,USD/MMBtu,,2026-08-31T14:45:07.759848Z,2026-08-26,https://www.eia.gov/dnav/ng/hist/rngwhhdD.htm,eia_henry_hub_spot:1788187507759848000:3241dfb4a8883f486cfb073eb5161263d2da2c27ccb423435106659f0cd0bc3e
EIA:DHHNGSP,U.S. EIA,physical_spot,Henry Hub physical spot,Henry Hub,2025-04-30T05:00:00.000000Z,2025-05-01T05:00:00.000000Z,3.12,USD/MMBtu,,2026-08-31T14:45:07.759848Z,2026-08-26,https://www.eia.gov/dnav/ng/hist/rngwhhdD.htm,eia_henry_hub_spot:1788187507759848000:3241dfb4a8883f486cfb073eb5161263d2da2c27ccb423435106659f0cd0bc3e
EIA:DHHNGSP,U.S. EIA,physical_spot,Henry Hub physical spot,Henry Hub,2025-05-01T05:00:00.000000Z,2025-05-02T05:00:00.000000Z,3.08,USD/MMBtu,,2026-08-31T14:45:07.759848Z,2026-08-26,https://www.eia.gov/dnav/ng/hist/rngwhhdD.htm,eia_henry_hub_spot:1788187507759848000:3241dfb4a8883f486cfb073eb5161263d2da2c27ccb423435106659f0cd0bc3e
EIA:DHHNGSP,U.S. EIA,physical_spot,Henry Hub physical spot,Henry Hub,2025-05-02T05:00:00.000000Z,2025-05-03T05:00:00.000000Z,3.1,USD/MMBtu,,2026-08-31T14:45:07.759848Z,2026-08-26,https://www.eia.gov/dnav/ng/hist/rngwhhdD.htm,eia_henry_hub_spot:1788187507759848000:3241dfb4a8883f486cfb073eb5161263d2da2c27ccb423435106659f0cd0bc3e
EIA:DHHNGSP,U.S. EIA,physical_spot,Henry Hub physical spot,Henry Hub,2025-05-05T05:00:00.000000Z,2025-05-06T05:00:00.000000Z,3.26,USD/MMBtu,,2026-08-31T14:45:07.759848Z,2026-08-26,https://www.eia.gov/dnav/ng/hist/rngwhhdD.htm,eia_henry_hub_spot:1788187507759848000:3241dfb4a8883f486cfb073eb5161263d2da2c27ccb423435106659f0cd0bc3e
EIA:DHHNGSP,U.S. EIA,physical_spot,Henry Hub physical spot,Henry Hub,2025-05-06T05:00:00.000000Z,2025-05-07T05:00:00.000000Z,3.08,USD/MMBtu,,2026-08-31T14:45:07.759848Z,2026-08-26,https://www.eia.gov/dnav/ng/hist/rngwhhdD.htm,eia_henry_hub_spot:1788187507759848000:3241dfb4a8883f486cfb073eb5161263d2da2c27ccb423435106659f0cd0bc3e
EIA:DHHNGSP,U.S. EIA,physical_spot,Henry Hub physical spot,Henry Hub,2025-05-07T05:00:00.000000Z,2025-05-08T05:00:00.000000Z,3.18,USD/MMBtu,,2026-08-31T14:45:07.759848Z,2026-08-26,https://www.eia.gov/dnav/ng/hist/rngwhhdD.htm,eia_henry_hub_spot:1788187507759848000:3241dfb4a8883f486cfb073eb5161263d2da2c27ccb423435106659f0cd0bc3e
EIA:DHHNGSP,U.S. EIA,physical_spot,Henry Hub physical spot,Henry Hub,2025-05-08T05:00:00.000000Z,2025-05-09T05:00:00.000000Z,3.23,USD/MMBtu,,2026-08-31T14:45:07.759848Z,2026-08-26,https://www.eia.gov/dnav/ng/hist/rngwhhdD.htm,eia_henry_hub_spot:1788187507759848000:3241dfb4a8883f486cfb073eb5161263d2da2c27ccb423435106659f0cd0bc3e
EIA:DHHNGSP,U.S. EIA,physical_spot,Henry Hub physical spot,Henry Hub,2025-05-09T05:00:00.000000Z,2025-05-10T05:00:00.000000Z,3.22,USD/MMBtu,,2026-08-31T14:45:07.759848Z,2026-08-26,https://www.eia.gov/dnav/ng/hist/rngwhhdD.htm,eia_henry_hub_spot:1788187507759848000:3241dfb4a8883f486cfb073eb5161263d2da2c27ccb423435106659f0cd0bc3e
EIA:DHHNGSP,U.S. EIA,physical_spot,Henry Hub physical spot,Henry Hub,2025-05-12T05:00:00.000000Z,2025-05-13T05:00:00.000000Z,3.19,USD/MMBtu,,2026-08-31T14:45:07.759848Z,2026-08-26,https://www.eia.gov/dnav/ng/hist/rngwhhdD.htm,eia_henry_hub_spot:1788187507759848000:3241dfb4a8883f486cfb073eb5161263d2da2c27ccb423435106659f0cd0bc3e
EIA:DHHNGSP,U.S. EIA,physical_spot,Henry Hub physical spot,Henry Hub,2025-05-13T05:00:00.000000Z,2025-05-14T05:00:00.000000Z,3.27,USD/MMBtu,,2026-08-31T14:45:07.759848Z,2026-08-26,https://www.eia.gov/dnav/ng/hist/rngwhhdD.htm,eia_henry_hub_spot:1788187507759848000:3241dfb4a8883f486cfb073eb5161263d2da2c27ccb423435106659f0cd0bc3e
EIA:DHHNGSP,U.S. EIA,physical_spot,Henry Hub physical spot,Henry Hub,2025-05-14T05:00:00.000000Z,2025-05-15T05:00:00.000000Z,3.31,USD/MMBtu,,2026-08-31T14:45:07.759848Z,2026-08-26,https://www.eia.gov/dnav/ng/hist/rngwhhdD.htm,eia_henry_hub_spot:1788187507759848000:3241dfb4a8883f486cfb073eb5161263d2da2c27ccb423435106659f0cd0bc3e
EIA:DHHNGSP,U.S. EIA,physical_spot,Henry Hub physical spot,Henry Hub,2025-05-15T05:00:00.000000Z,2025-05-16T05:00:00.000000Z,3.2,USD/MMBtu,,2026-08-31T14:45:07.759848Z,2026-08-26,https://www.eia.gov/dnav/ng/hist/rngwhhdD.htm,eia_henry_hub_spot:1788187507759848000:3241dfb4a8883f486cfb073eb5161263d2da2c27ccb423435106659f0cd0bc3e
EIA:DHHNGSP,U.S. EIA,physical_spot,Henry Hub physical spot,Henry Hub,2025-05-16T05:00:00.000000Z,2025-05-17T05:00:00.000000Z,3.01,USD/MMBtu,,2026-08-31T14:45:07.759848Z,2026-08-26,https://www.eia.gov/dnav/ng/hist/rngwhhdD.htm,eia_henry_hub_spot:1788187507759848000:3241dfb4a8883f486cfb073eb5161263d2da2c27ccb423435106659f0cd0bc3e
EIA:DHHNGSP,U.S. EIA,physical_spot,Henry Hub physical spot,Henry Hub,2025-05-19T05:00:00.000000Z,2025-05-20T05:00:00.000000Z,2.96,USD/MMBtu,,2026-08-31T14:45:07.759848Z,2026-08-26,https://www.eia.gov/dnav/ng/hist/rngwhhdD.htm,eia_henry_hub_spot:1788187507759848000:3241dfb4a8883f486cfb073eb5161263d2da2c27ccb423435106659f0cd0bc3e
EIA:DHHNGSP,U.S. EIA,physical_spot,Henry Hub physical spot,Henry Hub,2025-05-20T05:00:00.000000Z,2025-05-21T05:00:00.000000Z,3.15,USD/MMBtu,,2026-08-31T14:45:07.759848Z,2026-08-26,https://www.eia.gov/dnav/ng/hist/rngwhhdD.htm,eia_henry_hub_spot:1788187507759848000:3241dfb4a8883f486cfb073eb5161263d2da2c27ccb423435106659f0cd0bc3e
EIA:DHHNGSP,U.S. EIA,physical_spot,Henry Hub physical spot,Henry Hub,2025-05-21T05:00:00.000000Z,2025-05-22T05:00:00.000000Z,3.2,USD/MMBtu,,2026-08-31T14:45:07.759848Z,2026-08-26,https://www.eia.gov/dnav/ng/hist/rngwhhdD.htm,eia_henry_hub_spot:1788187507759848000:3241dfb4a8883f486cfb073eb5161263d2da2c27ccb423435106659f0cd0bc3e
EIA:DHHNGSP,U.S. EIA,physical_spot,Henry Hub physical spot,Henry Hub,2025-05-22T05:00:00.000000Z,2025-05-23T05:00:00.000000Z,3.0,USD/MMBtu,,2026-08-31T14:45:07.759848Z,2026-08-26,https://www.eia.gov/dnav/ng/hist/rngwhhdD.htm,eia_henry_hub_spot:1788187507759848000:3241dfb4a8883f486cfb073eb5161263d2da2c27ccb423435106659f0cd0bc3e
EIA:DHHNGSP,U.S. EIA,physical_spot,Henry Hub physical spot,Henry Hub,2025-05-23T05:00:00.000000Z,2025-05-24T05:00:00.000000Z,2.93,USD/MMBtu,,2026-08-31T14:45:07.759848Z,2026-08-26,https://www.eia.gov/dnav/ng/hist/rngwhhdD.htm,eia_henry_hub_spot:1788187507759848000:3241dfb4a8883f486cfb073eb5161263d2da2c27ccb423435106659f0cd0bc3e
EIA:DHHNGSP,U.S. EIA,physical_spot,Henry Hub physical spot,Henry Hub,2025-05-27T05:00:00.000000Z,2025-05-28T05:00:00.000000Z,3.2,USD/MMBtu,,2026-08-31T14:45:07.759848Z,2026-08-26,https://www.eia.gov/dnav/ng/hist/rngwhhdD.htm,eia_henry_hub_spot:1788187507759848000:3241dfb4a8883f486cfb073eb5161263d2da2c27ccb423435106659f0cd0bc3e
EIA:DHHNGSP,U.S. EIA,physical_spot,Henry Hub physical spot,Henry Hub,2025-05-28T05:00:00.000000Z,2025-05-29T05:00:00.000000Z,3.09,USD/MMBtu,,2026-08-31T14:45:07.759848Z,2026-08-26,https://www.eia.gov/dnav/ng/hist/rngwhhdD.htm,eia_henry_hub_spot:1788187507759848000:3241dfb4a8883f486cfb073eb5161263d2da2c27ccb423435106659f0cd0bc3e
EIA:DHHNGSP,U.S. EIA,physical_spot,Henry Hub physical spot,Henry Hub,2025-05-29T05:00:00.000000Z,2025-05-30T05:00:00.000000Z,2.97,USD/MMBtu,,2026-08-31T14:45:07.759848Z,2026-08-26,https://www.eia.gov/dnav/ng/hist/rngwhhdD.htm,eia_henry_hub_spot:1788187507759848000:3241dfb4a8883f486cfb073eb5161263d2da2c27ccb423435106659f0cd0bc3e
EIA:DHHNGSP,U.S. EIA,physical_spot,Henry Hub physical spot,Henry Hub,2025-05-30T05:00:00.000000Z,2025-05-31T05:00:00.000000Z,2.86,USD/MMBtu,,2026-08-31T14:45:07.759848Z,2026-08-26,https://www.eia.gov/dnav/ng/hist/rngwhhdD.htm,eia_henry_hub_spot:1788187507759848000:3241dfb4a8883f486cfb073eb5161263d2da2c27ccb423435106659f0cd0bc3e
EIA:DHHNGSP,U.S. EIA,physical_spot,Henry Hub physical spot,Henry Hub,2025-06-02T05:00:00.000000Z,2025-06-03T05:00:00.000000Z,3.0,USD/MMBtu,,2026-08-31T14:45:07.759848Z,2026-08-26,https://www.eia.gov/dnav/ng/hist/rngwhhdD.htm,eia_henry_hub_spot:1788187507759848000:3241dfb4a8883f486cfb073eb5161263d2da2c27ccb423435106659f0cd0bc3e
EIA:DHHNGSP,U.S. EIA,physical_spot,Henry Hub physical spot,Henry Hub,2025-06-03T05:00:00.000000Z,2025-06-04T05:00:00.000000Z,2.84,USD/MMBtu,,2026-08-31T14:45:07.759848Z,2026-08-26,https://www.eia.gov/dnav/ng/hist/rngwhhdD.htm,eia_henry_hub_spot:1788187507759848000:3241dfb4a8883f486cfb073eb5161263d2da2c27ccb423435106659f0cd0bc3e
EIA:DHHNGSP,U.S. EIA,physical_spot,Henry Hub physical spot,Henry Hub,2025-06-04T05:00:00.000000Z,2025-06-05T05:00:00.000000Z,2.8,USD/MMBtu,,2026-08-31T14:45:07.759848Z,2026-08-26,https://www.eia.gov/dnav/ng/hist/rngwhhdD.htm,eia_henry_hub_spot:1788187507759848000:3241dfb4a8883f486cfb073eb5161263d2da2c27ccb423435106659f0cd0bc3e
EIA:DHHNGSP,U.S. EIA,physical_spot,Henry Hub physical spot,Henry Hub,2025-06-05T05:00:00.000000Z,2025-06-06T05:00:00.000000Z,2.86,USD/MMBtu,,2026-08-31T14:45:07.759848Z,2026-08-26,https://www.eia.gov/dnav/ng/hist/rngwhhdD.htm,eia_henry_hub_spot:1788187507759848000:3241dfb4a8883f486cfb073eb5161263d2da2c27ccb423435106659f0cd0bc3e
EIA:DHHNGSP,U.S. EIA,physical_spot,Henry Hub physical spot,Henry Hub,2025-06-06T05:00:00.000000Z,2025-06-07T05:00:00.000000Z,2.68,USD/MMBtu,,2026-08-31T14:45:07.759848Z,2026-08-26,https://www.eia.gov/dnav/ng/hist/rngwhhdD.htm,eia_henry_hub_spot:1788187507759848000:3241dfb4a8883f486cfb073eb5161263d2da2c27ccb423435106659f0cd0bc3e
EIA:DHHNGSP,U.S. EIA,physical_spot,Henry Hub physical spot,Henry Hub,2025-06-09T05:00:00.000000Z,2025-06-10T05:00:00.000000Z,3.13,USD/MMBtu,,2026-08-31T14:45:07.759848Z,2026-08-26,https://www.eia.gov/dnav/ng/hist/rngwhhdD.htm,eia_henry_hub_spot:1788187507759848000:3241dfb4a8883f486cfb073eb5161263d2da2c27ccb423435106659f0cd0bc3e
EIA:DHHNGSP,U.S. EIA,physical_spot,Henry Hub physical spot,Henry Hub,2025-06-10T05:00:00.000000Z,2025-06-11T05:00:00.000000Z,2.79,USD/MMBtu,,2026-08-31T14:45:07.759848Z,2026-08-26,https://www.eia.gov/dnav/ng/hist/rngwhhdD.htm,eia_henry_hub_spot:1788187507759848000:3241dfb4a8883f486cfb073eb5161263d2da2c27ccb423435106659f0cd0bc3e
EIA:DHHNGSP,U.S. EIA,physical_spot,Henry Hub physical spot,Henry Hub,2025-06-11T05:00:00.000000Z,2025-06-12T05:00:00.000000Z,2.73,USD/MMBtu,,2026-08-31T14:45:07.759848Z,2026-08-26,https://www.eia.gov/dnav/ng/hist/rngwhhdD.htm,eia_henry_hub_spot:1788187507759848000:3241dfb4a8883f486cfb073eb5161263d2da2c27ccb423435106659f0cd0bc3e
EIA:DHHNGSP,U.S. EIA,physical_spot,Henry Hub physical spot,Henry Hub,2025-06-12T05:00:00.000000Z,2025-06-13T05:00:00.000000Z,2.9,USD/MMBtu,,2026-08-31T14:45:07.759848Z,2026-08-26,https://www.eia.gov/dnav/ng/hist/rngwhhdD.htm,eia_henry_hub_spot:1788187507759848000:3241dfb4a8883f486cfb073eb5161263d2da2c27ccb423435106659f0cd0bc3e
EIA:DHHNGSP,U.S. EIA,physical_spot,Henry Hub physical spot,Henry Hub,2025-06-13T05:00:00.000000Z,2025-06-14T05:00:00.000000Z,2.65,USD/MMBtu,,2026-08-31T14:45:07.759848Z,2026-08-26,https://www.eia.gov/dnav/ng/hist/rngwhhdD.htm,eia_henry_hub_spot:1788187507759848000:3241dfb4a8883f486cfb073eb5161263d2da2c27ccb423435106659f0cd0bc3e
EIA:DHHNGSP,U.S. EIA,physical_spot,Henry Hub physical spot,Henry Hub,2025-06-16T05:00:00.000000Z,2025-06-17T05:00:00.000000Z,2.9,USD/MMBtu,,2026-08-31T14:45:07.759848Z,2026-08-26,https://www.eia.gov/dnav/ng/hist/rngwhhdD.htm,eia_henry_hub_spot:1788187507759848000:3241dfb4a8883f486cfb073eb5161263d2da2c27ccb423435106659f0cd0bc3e
EIA:DHHNGSP,U.S. EIA,physical_spot,Henry Hub physical spot,Henry Hub,2025-06-17T05:00:00.000000Z,2025-06-18T05:00:00.000000Z,2.9,USD/MMBtu,,2026-08-31T14:45:07.759848Z,2026-08-26,https://www.eia.gov/dnav/ng/hist/rngwhhdD.htm,eia_henry_hub_spot:1788187507759848000:3241dfb4a8883f486cfb073eb5161263d2da2c27ccb423435106659f0cd0bc3e
EIA:DHHNGSP,U.S. EIA,physical_spot,Henry Hub physical spot,Henry Hub,2025-06-18T05:00:00.000000Z,2025-06-19T05:00:00.000000Z,3.43,USD/MMBtu,,2026-08-31T14:45:07.759848Z,2026-08-26,https://www.eia.gov/dnav/ng/hist/rngwhhdD.htm,eia_henry_hub_spot:1788187507759848000:3241dfb4a8883f486cfb073eb5161263d2da2c27ccb423435106659f0cd0bc3e
EIA:DHHNGSP,U.S. EIA,physical_spot,Henry Hub physical spot,Henry Hub,2025-06-20T05:00:00.000000Z,2025-06-21T05:00:00.000000Z,3.09,USD/MMBtu,,2026-08-31T14:45:07.759848Z,2026-08-26,https://www.eia.gov/dnav/ng/hist/rngwhhdD.htm,eia_henry_hub_spot:1788187507759848000:3241dfb4a8883f486cfb073eb5161263d2da2c27ccb423435106659f0cd0bc3e
EIA:DHHNGSP,U.S. EIA,physical_spot,Henry Hub physical spot,Henry Hub,2025-06-23T05:00:00.000000Z,2025-06-24T05:00:00.000000Z,3.5,USD/MMBtu,,2026-08-31T14:45:07.759848Z,2026-08-26,https://www.eia.gov/dnav/ng/hist/rngwhhdD.htm,eia_henry_hub_spot:1788187507759848000:3241dfb4a8883f486cfb073eb5161263d2da2c27ccb423435106659f0cd0bc3e
EIA:DHHNGSP,U.S. EIA,physical_spot,Henry Hub physical spot,Henry Hub,2025-06-24T05:00:00.000000Z,2025-06-25T05:00:00.000000Z,3.3,USD/MMBtu,,2026-08-31T14:45:07.759848Z,2026-08-26,https://www.eia.gov/dnav/ng/hist/rngwhhdD.htm,eia_henry_hub_spot:1788187507759848000:3241dfb4a8883f486cfb073eb5161263d2da2c27ccb423435106659f0cd0bc3e
EIA:DHHNGSP,U.S. EIA,physical_spot,Henry Hub physical spot,Henry Hub,2025-06-25T05:00:00.000000Z,2025-06-26T05:00:00.000000Z,3.26,USD/MMBtu,,2026-08-31T14:45:07.759848Z,2026-08-26,https://www.eia.gov/dnav/ng/hist/rngwhhdD.htm,eia_henry_hub_spot:1788187507759848000:3241dfb4a8883f486cfb073eb5161263d2da2c27ccb423435106659f0cd0bc3e
EIA:DHHNGSP,U.S. EIA,physical_spot,Henry Hub physical spot,Henry Hub,2025-06-26T05:00:00.000000Z,2025-06-27T05:00:00.000000Z,3.23,USD/MMBtu,,2026-08-31T14:45:07.759848Z,2026-08-26,https://www.eia.gov/dnav/ng/hist/rngwhhdD.htm,eia_henry_hub_spot:1788187507759848000:3241dfb4a8883f486cfb073eb5161263d2da2c27ccb423435106659f0cd0bc3e
EIA:DHHNGSP,U.S. EIA,physical_spot,Henry Hub physical spot,Henry Hub,2025-06-27T05:00:00.000000Z,2025-06-28T05:00:00.000000Z,3.23,USD/MMBtu,,2026-08-31T14:45:07.759848Z,2026-08-26,https://www.eia.gov/dnav/ng/hist/rngwhhdD.htm,eia_henry_hub_spot:1788187507759848000:3241dfb4a8883f486cfb073eb5161263d2da2c27ccb423435106659f0cd0bc3e
EIA:DHHNGSP,U.S. EIA,physical_spot,Henry Hub physical spot,Henry Hub,2025-06-30T05:00:00.000000Z,2025-07-01T05:00:00.000000Z,3.26,USD/MMBtu,,2026-08-31T14:45:07.759848Z,2026-08-26,https://www.eia.gov/dnav/ng/hist/rngwhhdD.htm,eia_henry_hub_spot:1788187507759848000:3241dfb4a8883f486cfb073eb5161263d2da2c27ccb423435106659f0cd0bc3e
EIA:DHHNGSP,U.S. EIA,physical_spot,Henry Hub physical spot,Henry Hub,2025-07-01T05:00:00.000000Z,2025-07-02T05:00:00.000000Z,3.14,USD/MMBtu,,2026-08-31T14:45:07.759848Z,2026-08-26,https://www.eia.gov/dnav/ng/hist/rngwhhdD.htm,eia_henry_hub_spot:1788187507759848000:3241dfb4a8883f486cfb073eb5161263d2da2c27ccb423435106659f0cd0bc3e
EIA:DHHNGSP,U.S. EIA,physical_spot,Henry Hub physical spot,Henry Hub,2025-07-02T05:00:00.000000Z,2025-07-03T05:00:00.000000Z,3.1,USD/MMBtu,,2026-08-31T14:45:07.759848Z,2026-08-26,https://www.eia.gov/dnav/ng/hist/rngwhhdD.htm,eia_henry_hub_spot:1788187507759848000:3241dfb4a8883f486cfb073eb5161263d2da2c27ccb423435106659f0cd0bc3e
EIA:DHHNGSP,U.S. EIA,physical_spot,Henry Hub physical spot,Henry Hub,2025-07-03T05:00:00.000000Z,2025-07-04T05:00:00.000000Z,3.24,USD/MMBtu,,2026-08-31T14:45:07.759848Z,2026-08-26,https://www.eia.gov/dnav/ng/hist/rngwhhdD.htm,eia_henry_hub_spot:1788187507759848000:3241dfb4a8883f486cfb073eb5161263d2da2c27ccb423435106659f0cd0bc3e
EIA:DHHNGSP,U.S. EIA,physical_spot,Henry Hub physical spot,Henry Hub,2025-07-07T05:00:00.000000Z,2025-07-08T05:00:00.000000Z,3.24,USD/MMBtu,,2026-08-31T14:45:07.759848Z,2026-08-26,https://www.eia.gov/dnav/ng/hist/rngwhhdD.htm,eia_henry_hub_spot:1788187507759848000:3241dfb4a8883f486cfb073eb5161263d2da2c27ccb423435106659f0cd0bc3e
EIA:DHHNGSP,U.S. EIA,physical_spot,Henry Hub physical spot,Henry Hub,2025-07-08T05:00:00.000000Z,2025-07-09T05:00:00.000000Z,3.2,USD/MMBtu,,2026-08-31T14:45:07.759848Z,2026-08-26,https://www.eia.gov/dnav/ng/hist/rngwhhdD.htm,eia_henry_hub_spot:1788187507759848000:3241dfb4a8883f486cfb073eb5161263d2da2c27ccb423435106659f0cd0bc3e
EIA:DHHNGSP,U.S. EIA,physical_spot,Henry Hub physical spot,Henry Hub,2025-07-09T05:00:00.000000Z,2025-07-10T05:00:00.000000Z,3.08,USD/MMBtu,,2026-08-31T14:45:07.759848Z,2026-08-26,https://www.eia.gov/dnav/ng/hist/rngwhhdD.htm,eia_henry_hub_spot:1788187507759848000:3241dfb4a8883f486cfb073eb5161263d2da2c27ccb423435106659f0cd0bc3e
EIA:DHHNGSP,U.S. EIA,physical_spot,Henry Hub physical spot,Henry Hub,2025-07-10T05:00:00.000000Z,2025-07-11T05:00:00.000000Z,3.11,USD/MMBtu,,2026-08-31T14:45:07.759848Z,2026-08-26,https://www.eia.gov/dnav/ng/hist/rngwhhdD.htm,eia_henry_hub_spot:1788187507759848000:3241dfb4a8883f486cfb073eb5161263d2da2c27ccb423435106659f0cd0bc3e
EIA:DHHNGSP,U.S. EIA,physical_spot,Henry Hub physical spot,Henry Hub,2025-07-11T05:00:00.000000Z,2025-07-12T05:00:00.000000Z,3.22,USD/MMBtu,,2026-08-31T14:45:07.759848Z,2026-08-26,https://www.eia.gov/dnav/ng/hist/rngwhhdD.htm,eia_henry_hub_spot:1788187507759848000:3241dfb4a8883f486cfb073eb5161263d2da2c27ccb423435106659f0cd0bc3e
EIA:DHHNGSP,U.S. EIA,physical_spot,Henry Hub physical spot,Henry Hub,2025-07-14T05:00:00.000000Z,2025-07-15T05:00:00.000000Z,3.21,USD/MMBtu,,2026-08-31T14:45:07.759848Z,2026-08-26,https://www.eia.gov/dnav/ng/hist/rngwhhdD.htm,eia_henry_hub_spot:1788187507759848000:3241dfb4a8883f486cfb073eb5161263d2da2c27ccb423435106659f0cd0bc3e
EIA:DHHNGSP,U.S. EIA,physical_spot,Henry Hub physical spot,Henry Hub,2025-07-15T05:00:00.000000Z,2025-07-16T05:00:00.000000Z,3.31,USD/MMBtu,,2026-08-31T14:45:07.759848Z,2026-08-26,https://www.eia.gov/dnav/ng/hist/rngwhhdD.htm,eia_henry_hub_spot:1788187507759848000:3241dfb4a8883f486cfb073eb5161263d2da2c27ccb423435106659f0cd0bc3e
EIA:DHHNGSP,U.S. EIA,physical_spot,Henry Hub physical spot,Henry Hub,2025-07-16T05:00:00.000000Z,2025-07-17T05:00:00.000000Z,3.42,USD/MMBtu,,2026-08-31T14:45:07.759848Z,2026-08-26,https://www.eia.gov/dnav/ng/hist/rngwhhdD.htm,eia_henry_hub_spot:1788187507759848000:3241dfb4a8883f486cfb073eb5161263d2da2c27ccb423435106659f0cd0bc3e
EIA:DHHNGSP,U.S. EIA,physical_spot,Henry Hub physical spot,Henry Hub,2025-07-17T05:00:00.000000Z,2025-07-18T05:00:00.000000Z,3.52,USD/MMBtu,,2026-08-31T14:45:07.759848Z,2026-08-26,https://www.eia.gov/dnav/ng/hist/rngwhhdD.htm,eia_henry_hub_spot:1788187507759848000:3241dfb4a8883f486cfb073eb5161263d2da2c27ccb423435106659f0cd0bc3e
EIA:DHHNGSP,U.S. EIA,physical_spot,Henry Hub physical spot,Henry Hub,2025-07-18T05:00:00.000000Z,2025-07-19T05:00:00.000000Z,3.5,USD/MMBtu,,2026-08-31T14:45:07.759848Z,2026-08-26,https://www.eia.gov/dnav/ng/hist/rngwhhdD.htm,eia_henry_hub_spot:1788187507759848000:3241dfb4a8883f486cfb073eb5161263d2da2c27ccb423435106659f0cd0bc3e
EIA:DHHNGSP,U.S. EIA,physical_spot,Henry Hub physical spot,Henry Hub,2025-07-21T05:00:00.000000Z,2025-07-22T05:00:00.000000Z,3.5,USD/MMBtu,,2026-08-31T14:45:07.759848Z,2026-08-26,https://www.eia.gov/dnav/ng/hist/rngwhhdD.htm,eia_henry_hub_spot:1788187507759848000:3241dfb4a8883f486cfb073eb5161263d2da2c27ccb423435106659f0cd0bc3e
EIA:DHHNGSP,U.S. EIA,physical_spot,Henry Hub physical spot,Henry Hub,2025-07-22T05:00:00.000000Z,2025-07-23T05:00:00.000000Z,3.16,USD/MMBtu,,2026-08-31T14:45:07.759848Z,2026-08-26,https://www.eia.gov/dnav/ng/hist/rngwhhdD.htm,eia_henry_hub_spot:1788187507759848000:3241dfb4a8883f486cfb073eb5161263d2da2c27ccb423435106659f0cd0bc3e
EIA:DHHNGSP,U.S. EIA,physical_spot,Henry Hub physical spot,Henry Hub,2025-07-23T05:00:00.000000Z,2025-07-24T05:00:00.000000Z,3.08,USD/MMBtu,,2026-08-31T14:45:07.759848Z,2026-08-26,https://www.eia.gov/dnav/ng/hist/rngwhhdD.htm,eia_henry_hub_spot:1788187507759848000:3241dfb4a8883f486cfb073eb5161263d2da2c27ccb423435106659f0cd0bc3e
EIA:DHHNGSP,U.S. EIA,physical_spot,Henry Hub physical spot,Henry Hub,2025-07-24T05:00:00.000000Z,2025-07-25T05:00:00.000000Z,3.13,USD/MMBtu,,2026-08-31T14:45:07.759848Z,2026-08-26,https://www.eia.gov/dnav/ng/hist/rngwhhdD.htm,eia_henry_hub_spot:1788187507759848000:3241dfb4a8883f486cfb073eb5161263d2da2c27ccb423435106659f0cd0bc3e
EIA:DHHNGSP,U.S. EIA,physical_spot,Henry Hub physical spot,Henry Hub,2025-07-25T05:00:00.000000Z,2025-07-26T05:00:00.000000Z,3.1,USD/MMBtu,,2026-08-31T14:45:07.759848Z,2026-08-26,https://www.eia.gov/dnav/ng/hist/rngwhhdD.htm,eia_henry_hub_spot:1788187507759848000:3241dfb4a8883f486cfb073eb5161263d2da2c27ccb423435106659f0cd0bc3e
EIA:DHHNGSP,U.S. EIA,physical_spot,Henry Hub physical spot,Henry Hub,2025-07-28T05:00:00.000000Z,2025-07-29T05:00:00.000000Z,3.12,USD/MMBtu,,2026-08-31T14:45:07.759848Z,2026-08-26,https://www.eia.gov/dnav/ng/hist/rngwhhdD.htm,eia_henry_hub_spot:1788187507759848000:3241dfb4a8883f486cfb073eb5161263d2da2c27ccb423435106659f0cd0bc3e
EIA:DHHNGSP,U.S. EIA,physical_spot,Henry Hub physical spot,Henry Hub,2025-07-29T05:00:00.000000Z,2025-07-30T05:00:00.000000Z,3.08,USD/MMBtu,,2026-08-31T14:45:07.759848Z,2026-08-26,https://www.eia.gov/dnav/ng/hist/rngwhhdD.htm,eia_henry_hub_spot:1788187507759848000:3241dfb4a8883f486cfb073eb5161263d2da2c27ccb423435106659f0cd0bc3e
EIA:DHHNGSP,U.S. EIA,physical_spot,Henry Hub physical spot,Henry Hub,2025-07-30T05:00:00.000000Z,2025-07-31T05:00:00.000000Z,2.98,USD/MMBtu,,2026-08-31T14:45:07.759848Z,2026-08-26,https://www.eia.gov/dnav/ng/hist/rngwhhdD.htm,eia_henry_hub_spot:1788187507759848000:3241dfb4a8883f486cfb073eb5161263d2da2c27ccb423435106659f0cd0bc3e
EIA:DHHNGSP,U.S. EIA,physical_spot,Henry Hub physical spot,Henry Hub,2025-07-31T05:00:00.000000Z,2025-08-01T05:00:00.000000Z,2.99,USD/MMBtu,,2026-08-31T14:45:07.759848Z,2026-08-26,https://www.eia.gov/dnav/ng/hist/rngwhhdD.htm,eia_henry_hub_spot:1788187507759848000:3241dfb4a8883f486cfb073eb5161263d2da2c27ccb423435106659f0cd0bc3e
EIA:DHHNGSP,U.S. EIA,physical_spot,Henry Hub physical spot,Henry Hub,2025-08-01T05:00:00.000000Z,2025-08-02T05:00:00.000000Z,3.0,USD/MMBtu,,2026-08-31T14:45:07.759848Z,2026-08-26,https://www.eia.gov/dnav/ng/hist/rngwhhdD.htm,eia_henry_hub_spot:1788187507759848000:3241dfb4a8883f486cfb073eb5161263d2da2c27ccb423435106659f0cd0bc3e
EIA:DHHNGSP,U.S. EIA,physical_spot,Henry Hub physical spot,Henry Hub,2025-08-04T05:00:00.000000Z,2025-08-05T05:00:00.000000Z,2.89,USD/MMBtu,,2026-08-31T14:45:07.759848Z,2026-08-26,https://www.eia.gov/dnav/ng/hist/rngwhhdD.htm,eia_henry_hub_spot:1788187507759848000:3241dfb4a8883f486cfb073eb5161263d2da2c27ccb423435106659f0cd0bc3e
EIA:DHHNGSP,U.S. EIA,physical_spot,Henry Hub physical spot,Henry Hub,2025-08-05T05:00:00.000000Z,2025-08-06T05:00:00.000000Z,2.98,USD/MMBtu,,2026-08-31T14:45:07.759848Z,2026-08-26,https://www.eia.gov/dnav/ng/hist/rngwhhdD.htm,eia_henry_hub_spot:1788187507759848000:3241dfb4a8883f486cfb073eb5161263d2da2c27ccb423435106659f0cd0bc3e
EIA:DHHNGSP,U.S. EIA,physical_spot,Henry Hub physical spot,Henry Hub,2025-08-06T05:00:00.000000Z,2025-08-07T05:00:00.000000Z,3.02,USD/MMBtu,,2026-08-31T14:45:07.759848Z,2026-08-26,https://www.eia.gov/dnav/ng/hist/rngwhhdD.htm,eia_henry_hub_spot:1788187507759848000:3241dfb4a8883f486cfb073eb5161263d2da2c27ccb423435106659f0cd0bc3e
EIA:DHHNGSP,U.S. EIA,physical_spot,Henry Hub physical spot,Henry Hub,2025-08-07T05:00:00.000000Z,2025-08-08T05:00:00.000000Z,3.05,USD/MMBtu,,2026-08-31T14:45:07.759848Z,2026-08-26,https://www.eia.gov/dnav/ng/hist/rngwhhdD.htm,eia_henry_hub_spot:1788187507759848000:3241dfb4a8883f486cfb073eb5161263d2da2c27ccb423435106659f0cd0bc3e
EIA:DHHNGSP,U.S. EIA,physical_spot,Henry Hub physical spot,Henry Hub,2025-08-08T05:00:00.000000Z,2025-08-09T05:00:00.000000Z,3.03,USD/MMBtu,,2026-08-31T14:45:07.759848Z,2026-08-26,https://www.eia.gov/dnav/ng/hist/rngwhhdD.htm,eia_henry_hub_spot:1788187507759848000:3241dfb4a8883f486cfb073eb5161263d2da2c27ccb423435106659f0cd0bc3e
EIA:DHHNGSP,U.S. EIA,physical_spot,Henry Hub physical spot,Henry Hub,2025-08-11T05:00:00.000000Z,2025-08-12T05:00:00.000000Z,3.05,USD/MMBtu,,2026-08-31T14:45:07.759848Z,2026-08-26,https://www.eia.gov/dnav/ng/hist/rngwhhdD.htm,eia_henry_hub_spot:1788187507759848000:3241dfb4a8883f486cfb073eb5161263d2da2c27ccb423435106659f0cd0bc3e
EIA:DHHNGSP,U.S. EIA,physical_spot,Henry Hub physical spot,Henry Hub,2025-08-12T05:00:00.000000Z,2025-08-13T05:00:00.000000Z,2.93,USD/MMBtu,,2026-08-31T14:45:07.759848Z,2026-08-26,https://www.eia.gov/dnav/ng/hist/rngwhhdD.htm,eia_henry_hub_spot:1788187507759848000:3241dfb4a8883f486cfb073eb5161263d2da2c27ccb423435106659f0cd0bc3e
EIA:DHHNGSP,U.S. EIA,physical_spot,Henry Hub physical spot,Henry Hub,2025-08-13T05:00:00.000000Z,2025-08-14T05:00:00.000000Z,2.95,USD/MMBtu,,2026-08-31T14:45:07.759848Z,2026-08-26,https://www.eia.gov/dnav/ng/hist/rngwhhdD.htm,eia_henry_hub_spot:1788187507759848000:3241dfb4a8883f486cfb073eb5161263d2da2c27ccb423435106659f0cd0bc3e
EIA:DHHNGSP,U.S. EIA,physical_spot,Henry Hub physical spot,Henry Hub,2025-08-14T05:00:00.000000Z,2025-08-15T05:00:00.000000Z,2.78,USD/MMBtu,,2026-08-31T14:45:07.759848Z,2026-08-26,https://www.eia.gov/dnav/ng/hist/rngwhhdD.htm,eia_henry_hub_spot:1788187507759848000:3241dfb4a8883f486cfb073eb5161263d2da2c27ccb423435106659f0cd0bc3e
EIA:DHHNGSP,U.S. EIA,physical_spot,Henry Hub physical spot,Henry Hub,2025-08-15T05:00:00.000000Z,2025-08-16T05:00:00.000000Z,2.98,USD/MMBtu,,2026-08-31T14:45:07.759848Z,2026-08-26,https://www.eia.gov/dnav/ng/hist/rngwhhdD.htm,eia_henry_hub_spot:1788187507759848000:3241dfb4a8883f486cfb073eb5161263d2da2c27ccb423435106659f0cd0bc3e
EIA:DHHNGSP,U.S. EIA,physical_spot,Henry Hub physical spot,Henry Hub,2025-08-18T05:00:00.000000Z,2025-08-19T05:00:00.000000Z,2.96,USD/MMBtu,,2026-08-31T14:45:07.759848Z,2026-08-26,https://www.eia.gov/dnav/ng/hist/rngwhhdD.htm,eia_henry_hub_spot:1788187507759848000:3241dfb4a8883f486cfb073eb5161263d2da2c27ccb423435106659f0cd0bc3e
EIA:DHHNGSP,U.S. EIA,physical_spot,Henry Hub physical spot,Henry Hub,2025-08-19T05:00:00.000000Z,2025-08-20T05:00:00.000000Z,2.87,USD/MMBtu,,2026-08-31T14:45:07.759848Z,2026-08-26,https://www.eia.gov/dnav/ng/hist/rngwhhdD.htm,eia_henry_hub_spot:1788187507759848000:3241dfb4a8883f486cfb073eb5161263d2da2c27ccb423435106659f0cd0bc3e
EIA:DHHNGSP,U.S. EIA,physical_spot,Henry Hub physical spot,Henry Hub,2025-08-20T05:00:00.000000Z,2025-08-21T05:00:00.000000Z,2.8,USD/MMBtu,,2026-08-31T14:45:07.759848Z,2026-08-26,https://www.eia.gov/dnav/ng/hist/rngwhhdD.htm,eia_henry_hub_spot:1788187507759848000:3241dfb4a8883f486cfb073eb5161263d2da2c27ccb423435106659f0cd0bc3e
EIA:DHHNGSP,U.S. EIA,physical_spot,Henry Hub physical spot,Henry Hub,2025-08-21T05:00:00.000000Z,2025-08-22T05:00:00.000000Z,2.88,USD/MMBtu,,2026-08-31T14:45:07.759848Z,2026-08-26,https://www.eia.gov/dnav/ng/hist/rngwhhdD.htm,eia_henry_hub_spot:1788187507759848000:3241dfb4a8883f486cfb073eb5161263d2da2c27ccb423435106659f0cd0bc3e
EIA:DHHNGSP,U.S. EIA,physical_spot,Henry Hub physical spot,Henry Hub,2025-08-22T05:00:00.000000Z,2025-08-23T05:00:00.000000Z,2.76,USD/MMBtu,,2026-08-31T14:45:07.759848Z,2026-08-26,https://www.eia.gov/dnav/ng/hist/rngwhhdD.htm,eia_henry_hub_spot:1788187507759848000:3241dfb4a8883f486cfb073eb5161263d2da2c27ccb423435106659f0cd0bc3e
EIA:DHHNGSP,U.S. EIA,physical_spot,Henry Hub physical spot,Henry Hub,2025-08-25T05:00:00.000000Z,2025-08-26T05:00:00.000000Z,2.76,USD/MMBtu,,2026-08-31T14:45:07.759848Z,2026-08-26,https://www.eia.gov/dnav/ng/hist/rngwhhdD.htm,eia_henry_hub_spot:1788187507759848000:3241dfb4a8883f486cfb073eb5161263d2da2c27ccb423435106659f0cd0bc3e
EIA:DHHNGSP,U.S. EIA,physical_spot,Henry Hub physical spot,Henry Hub,2025-08-26T05:00:00.000000Z,2025-08-27T05:00:00.000000Z,2.82,USD/MMBtu,,2026-08-31T14:45:07.759848Z,2026-08-26,https://www.eia.gov/dnav/ng/hist/rngwhhdD.htm,eia_henry_hub_spot:1788187507759848000:3241dfb4a8883f486cfb073eb5161263d2da2c27ccb423435106659f0cd0bc3e
EIA:DHHNGSP,U.S. EIA,physical_spot,Henry Hub physical spot,Henry Hub,2025-08-27T05:00:00.000000Z,2025-08-28T05:00:00.000000Z,2.88,USD/MMBtu,,2026-08-31T14:45:07.759848Z,2026-08-26,https://www.eia.gov/dnav/ng/hist/rngwhhdD.htm,eia_henry_hub_spot:1788187507759848000:3241dfb4a8883f486cfb073eb5161263d2da2c27ccb423435106659f0cd0bc3e
EIA:DHHNGSP,U.S. EIA,physical_spot,Henry Hub physical spot,Henry Hub,2025-08-28T05:00:00.000000Z,2025-08-29T05:00:00.000000Z,2.9,USD/MMBtu,,2026-08-31T14:45:07.759848Z,2026-08-26,https://www.eia.gov/dnav/ng/hist/rngwhhdD.htm,eia_henry_hub_spot:1788187507759848000:3241dfb4a8883f486cfb073eb5161263d2da2c27ccb423435106659f0cd0bc3e
EIA:DHHNGSP,U.S. EIA,physical_spot,Henry Hub physical spot,Henry Hub,2025-08-29T05:00:00.000000Z,2025-08-30T05:00:00.000000Z,2.88,USD/MMBtu,,2026-08-31T14:45:07.759848Z,2026-08-26,https://www.eia.gov/dnav/ng/hist/rngwhhdD.htm,eia_henry_hub_spot:1788187507759848000:3241dfb4a8883f486cfb073eb5161263d2da2c27ccb423435106659f0cd0bc3e
EIA:DHHNGSP,U.S. EIA,physical_spot,Henry Hub physical spot,Henry Hub,2025-09-02T05:00:00.000000Z,2025-09-03T05:00:00.000000Z,2.7,USD/MMBtu,,2026-08-31T14:45:07.759848Z,2026-08-26,https://www.eia.gov/dnav/ng/hist/rngwhhdD.htm,eia_henry_hub_spot:1788187507759848000:3241dfb4a8883f486cfb073eb5161263d2da2c27ccb423435106659f0cd0bc3e
EIA:DHHNGSP,U.S. EIA,physical_spot,Henry Hub physical spot,Henry Hub,2025-09-03T05:00:00.000000Z,2025-09-04T05:00:00.000000Z,3.0,USD/MMBtu,,2026-08-31T14:45:07.759848Z,2026-08-26,https://www.eia.gov/dnav/ng/hist/rngwhhdD.htm,eia_henry_hub_spot:1788187507759848000:3241dfb4a8883f486cfb073eb5161263d2da2c27ccb423435106659f0cd0bc3e
EIA:DHHNGSP,U.S. EIA,physical_spot,Henry Hub physical spot,Henry Hub,2025-09-04T05:00:00.000000Z,2025-09-05T05:00:00.000000Z,3.11,USD/MMBtu,,2026-08-31T14:45:07.759848Z,2026-08-26,https://www.eia.gov/dnav/ng/hist/rngwhhdD.htm,eia_henry_hub_spot:1788187507759848000:3241dfb4a8883f486cfb073eb5161263d2da2c27ccb423435106659f0cd0bc3e
EIA:DHHNGSP,U.S. EIA,physical_spot,Henry Hub physical spot,Henry Hub,2025-09-05T05:00:00.000000Z,2025-09-06T05:00:00.000000Z,3.05,USD/MMBtu,,2026-08-31T14:45:07.759848Z,2026-08-26,https://www.eia.gov/dnav/ng/hist/rngwhhdD.htm,eia_henry_hub_spot:1788187507759848000:3241dfb4a8883f486cfb073eb5161263d2da2c27ccb423435106659f0cd0bc3e
EIA:DHHNGSP,U.S. EIA,physical_spot,Henry Hub physical spot,Henry Hub,2025-09-08T05:00:00.000000Z,2025-09-09T05:00:00.000000Z,3.1,USD/MMBtu,,2026-08-31T14:45:07.759848Z,2026-08-26,https://www.eia.gov/dnav/ng/hist/rngwhhdD.htm,eia_henry_hub_spot:1788187507759848000:3241dfb4a8883f486cfb073eb5161263d2da2c27ccb423435106659f0cd0bc3e
EIA:DHHNGSP,U.S. EIA,physical_spot,Henry Hub physical spot,Henry Hub,2025-09-09T05:00:00.000000Z,2025-09-10T05:00:00.000000Z,3.12,USD/MMBtu,,2026-08-31T14:45:07.759848Z,2026-08-26,https://www.eia.gov/dnav/ng/hist/rngwhhdD.htm,eia_henry_hub_spot:1788187507759848000:3241dfb4a8883f486cfb073eb5161263d2da2c27ccb423435106659f0cd0bc3e
EIA:DHHNGSP,U.S. EIA,physical_spot,Henry Hub physical spot,Henry Hub,2025-09-10T05:00:00.000000Z,2025-09-11T05:00:00.000000Z,2.89,USD/MMBtu,,2026-08-31T14:45:07.759848Z,2026-08-26,https://www.eia.gov/dnav/ng/hist/rngwhhdD.htm,eia_henry_hub_spot:1788187507759848000:3241dfb4a8883f486cfb073eb5161263d2da2c27ccb423435106659f0cd0bc3e
EIA:DHHNGSP,U.S. EIA,physical_spot,Henry Hub physical spot,Henry Hub,2025-09-11T05:00:00.000000Z,2025-09-12T05:00:00.000000Z,2.81,USD/MMBtu,,2026-08-31T14:45:07.759848Z,2026-08-26,https://www.eia.gov/dnav/ng/hist/rngwhhdD.htm,eia_henry_hub_spot:1788187507759848000:3241dfb4a8883f486cfb073eb5161263d2da2c27ccb423435106659f0cd0bc3e
EIA:DHHNGSP,U.S. EIA,physical_spot,Henry Hub physical spot,Henry Hub,2025-09-12T05:00:00.000000Z,2025-09-13T05:00:00.000000Z,2.86,USD/MMBtu,,2026-08-31T14:45:07.759848Z,2026-08-26,https://www.eia.gov/dnav/ng/hist/rngwhhdD.htm,eia_henry_hub_spot:1788187507759848000:3241dfb4a8883f486cfb073eb5161263d2da2c27ccb423435106659f0cd0bc3e
EIA:DHHNGSP,U.S. EIA,physical_spot,Henry Hub physical spot,Henry Hub,2025-09-15T05:00:00.000000Z,2025-09-16T05:00:00.000000Z,3.0,USD/MMBtu,,2026-08-31T14:45:07.759848Z,2026-08-26,https://www.eia.gov/dnav/ng/hist/rngwhhdD.htm,eia_henry_hub_spot:1788187507759848000:3241dfb4a8883f486cfb073eb5161263d2da2c27ccb423435106659f0cd0bc3e
EIA:DHHNGSP,U.S. EIA,physical_spot,Henry Hub physical spot,Henry Hub,2025-09-16T05:00:00.000000Z,2025-09-17T05:00:00.000000Z,3.07,USD/MMBtu,,2026-08-31T14:45:07.759848Z,2026-08-26,https://www.eia.gov/dnav/ng/hist/rngwhhdD.htm,eia_henry_hub_spot:1788187507759848000:3241dfb4a8883f486cfb073eb5161263d2da2c27ccb423435106659f0cd0bc3e
EIA:DHHNGSP,U.S. EIA,physical_spot,Henry Hub physical spot,Henry Hub,2025-09-17T05:00:00.000000Z,2025-09-18T05:00:00.000000Z,3.19,USD/MMBtu,,2026-08-31T14:45:07.759848Z,2026-08-26,https://www.eia.gov/dnav/ng/hist/rngwhhdD.htm,eia_henry_hub_spot:1788187507759848000:3241dfb4a8883f486cfb073eb5161263d2da2c27ccb423435106659f0cd0bc3e
EIA:DHHNGSP,U.S. EIA,physical_spot,Henry Hub physical spot,Henry Hub,2025-09-18T05:00:00.000000Z,2025-09-19T05:00:00.000000Z,3.1,USD/MMBtu,,2026-08-31T14:45:07.759848Z,2026-08-26,https://www.eia.gov/dnav/ng/hist/rngwhhdD.htm,eia_henry_hub_spot:1788187507759848000:3241dfb4a8883f486cfb073eb5161263d2da2c27ccb423435106659f0cd0bc3e
EIA:DHHNGSP,U.S. EIA,physical_spot,Henry Hub physical spot,Henry Hub,2025-09-19T05:00:00.000000Z,2025-09-20T05:00:00.000000Z,2.89,USD/MMBtu,,2026-08-31T14:45:07.759848Z,2026-08-26,https://www.eia.gov/dnav/ng/hist/rngwhhdD.htm,eia_henry_hub_spot:1788187507759848000:3241dfb4a8883f486cfb073eb5161263d2da2c27ccb423435106659f0cd0bc3e
EIA:DHHNGSP,U.S. EIA,physical_spot,Henry Hub physical spot,Henry Hub,2025-09-22T05:00:00.000000Z,2025-09-23T05:00:00.000000Z,2.9,USD/MMBtu,,2026-08-31T14:45:07.759848Z,2026-08-26,https://www.eia.gov/dnav/ng/hist/rngwhhdD.htm,eia_henry_hub_spot:1788187507759848000:3241dfb4a8883f486cfb073eb5161263d2da2c27ccb423435106659f0cd0bc3e
EIA:DHHNGSP,U.S. EIA,physical_spot,Henry Hub physical spot,Henry Hub,2025-09-23T05:00:00.000000Z,2025-09-24T05:00:00.000000Z,2.86,USD/MMBtu,,2026-08-31T14:45:07.759848Z,2026-08-26,https://www.eia.gov/dnav/ng/hist/rngwhhdD.htm,eia_henry_hub_spot:1788187507759848000:3241dfb4a8883f486cfb073eb5161263d2da2c27ccb423435106659f0cd0bc3e
EIA:DHHNGSP,U.S. EIA,physical_spot,Henry Hub physical spot,Henry Hub,2025-09-24T05:00:00.000000Z,2025-09-25T05:00:00.000000Z,2.88,USD/MMBtu,,2026-08-31T14:45:07.759848Z,2026-08-26,https://www.eia.gov/dnav/ng/hist/rngwhhdD.htm,eia_henry_hub_spot:1788187507759848000:3241dfb4a8883f486cfb073eb5161263d2da2c27ccb423435106659f0cd0bc3e
EIA:DHHNGSP,U.S. EIA,physical_spot,Henry Hub physical spot,Henry Hub,2025-09-25T05:00:00.000000Z,2025-09-26T05:00:00.000000Z,2.98,USD/MMBtu,,2026-08-31T14:45:07.759848Z,2026-08-26,https://www.eia.gov/dnav/ng/hist/rngwhhdD.htm,eia_henry_hub_spot:1788187507759848000:3241dfb4a8883f486cfb073eb5161263d2da2c27ccb423435106659f0cd0bc3e
EIA:DHHNGSP,U.S. EIA,physical_spot,Henry Hub physical spot,Henry Hub,2025-09-26T05:00:00.000000Z,2025-09-27T05:00:00.000000Z,2.9,USD/MMBtu,,2026-08-31T14:45:07.759848Z,2026-08-26,https://www.eia.gov/dnav/ng/hist/rngwhhdD.htm,eia_henry_hub_spot:1788187507759848000:3241dfb4a8883f486cfb073eb5161263d2da2c27ccb423435106659f0cd0bc3e
EIA:DHHNGSP,U.S. EIA,physical_spot,Henry Hub physical spot,Henry Hub,2025-09-29T05:00:00.000000Z,2025-09-30T05:00:00.000000Z,2.93,USD/MMBtu,,2026-08-31T14:45:07.759848Z,2026-08-26,https://www.eia.gov/dnav/ng/hist/rngwhhdD.htm,eia_henry_hub_spot:1788187507759848000:3241dfb4a8883f486cfb073eb5161263d2da2c27ccb423435106659f0cd0bc3e
EIA:DHHNGSP,U.S. EIA,physical_spot,Henry Hub physical spot,Henry Hub,2025-09-30T05:00:00.000000Z,2025-10-01T05:00:00.000000Z,3.12,USD/MMBtu,,2026-08-31T14:45:07.759848Z,2026-08-26,https://www.eia.gov/dnav/ng/hist/rngwhhdD.htm,eia_henry_hub_spot:1788187507759848000:3241dfb4a8883f486cfb073eb5161263d2da2c27ccb423435106659f0cd0bc3e
EIA:DHHNGSP,U.S. EIA,physical_spot,Henry Hub physical spot,Henry Hub,2025-10-01T05:00:00.000000Z,2025-10-02T05:00:00.000000Z,3.24,USD/MMBtu,,2026-08-31T14:45:07.759848Z,2026-08-26,https://www.eia.gov/dnav/ng/hist/rngwhhdD.htm,eia_henry_hub_spot:1788187507759848000:3241dfb4a8883f486cfb073eb5161263d2da2c27ccb423435106659f0cd0bc3e
EIA:DHHNGSP,U.S. EIA,physical_spot,Henry Hub physical spot,Henry Hub,2025-10-02T05:00:00.000000Z,2025-10-03T05:00:00.000000Z,3.32,USD/MMBtu,,2026-08-31T14:45:07.759848Z,2026-08-26,https://www.eia.gov/dnav/ng/hist/rngwhhdD.htm,eia_henry_hub_spot:1788187507759848000:3241dfb4a8883f486cfb073eb5161263d2da2c27ccb423435106659f0cd0bc3e
EIA:DHHNGSP,U.S. EIA,physical_spot,Henry Hub physical spot,Henry Hub,2025-10-03T05:00:00.000000Z,2025-10-04T05:00:00.000000Z,3.19,USD/MMBtu,,2026-08-31T14:45:07.759848Z,2026-08-26,https://www.eia.gov/dnav/ng/hist/rngwhhdD.htm,eia_henry_hub_spot:1788187507759848000:3241dfb4a8883f486cfb073eb5161263d2da2c27ccb423435106659f0cd0bc3e
EIA:DHHNGSP,U.S. EIA,physical_spot,Henry Hub physical spot,Henry Hub,2025-10-06T05:00:00.000000Z,2025-10-07T05:00:00.000000Z,3.32,USD/MMBtu,,2026-08-31T14:45:07.759848Z,2026-08-26,https://www.eia.gov/dnav/ng/hist/rngwhhdD.htm,eia_henry_hub_spot:1788187507759848000:3241dfb4a8883f486cfb073eb5161263d2da2c27ccb423435106659f0cd0bc3e
EIA:DHHNGSP,U.S. EIA,physical_spot,Henry Hub physical spot,Henry Hub,2025-10-07T05:00:00.000000Z,2025-10-08T05:00:00.000000Z,3.32,USD/MMBtu,,2026-08-31T14:45:07.759848Z,2026-08-26,https://www.eia.gov/dnav/ng/hist/rngwhhdD.htm,eia_henry_hub_spot:1788187507759848000:3241dfb4a8883f486cfb073eb5161263d2da2c27ccb423435106659f0cd0bc3e
EIA:DHHNGSP,U.S. EIA,physical_spot,Henry Hub physical spot,Henry Hub,2025-10-08T05:00:00.000000Z,2025-10-09T05:00:00.000000Z,3.35,USD/MMBtu,,2026-08-31T14:45:07.759848Z,2026-08-26,https://www.eia.gov/dnav/ng/hist/rngwhhdD.htm,eia_henry_hub_spot:1788187507759848000:3241dfb4a8883f486cfb073eb5161263d2da2c27ccb423435106659f0cd0bc3e
EIA:DHHNGSP,U.S. EIA,physical_spot,Henry Hub physical spot,Henry Hub,2025-10-09T05:00:00.000000Z,2025-10-10T05:00:00.000000Z,3.25,USD/MMBtu,,2026-08-31T14:45:07.759848Z,2026-08-26,https://www.eia.gov/dnav/ng/hist/rngwhhdD.htm,eia_henry_hub_spot:1788187507759848000:3241dfb4a8883f486cfb073eb5161263d2da2c27ccb423435106659f0cd0bc3e
EIA:DHHNGSP,U.S. EIA,physical_spot,Henry Hub physical spot,Henry Hub,2025-10-10T05:00:00.000000Z,2025-10-11T05:00:00.000000Z,2.9,USD/MMBtu,,2026-08-31T14:45:07.759848Z,2026-08-26,https://www.eia.gov/dnav/ng/hist/rngwhhdD.htm,eia_henry_hub_spot:1788187507759848000:3241dfb4a8883f486cfb073eb5161263d2da2c27ccb423435106659f0cd0bc3e
EIA:DHHNGSP,U.S. EIA,physical_spot,Henry Hub physical spot,Henry Hub,2025-10-13T05:00:00.000000Z,2025-10-14T05:00:00.000000Z,2.9,USD/MMBtu,,2026-08-31T14:45:07.759848Z,2026-08-26,https://www.eia.gov/dnav/ng/hist/rngwhhdD.htm,eia_henry_hub_spot:1788187507759848000:3241dfb4a8883f486cfb073eb5161263d2da2c27ccb423435106659f0cd0bc3e
EIA:DHHNGSP,U.S. EIA,physical_spot,Henry Hub physical spot,Henry Hub,2025-10-14T05:00:00.000000Z,2025-10-15T05:00:00.000000Z,2.83,USD/MMBtu,,2026-08-31T14:45:07.759848Z,2026-08-26,https://www.eia.gov/dnav/ng/hist/rngwhhdD.htm,eia_henry_hub_spot:1788187507759848000:3241dfb4a8883f486cfb073eb5161263d2da2c27ccb423435106659f0cd0bc3e
EIA:DHHNGSP,U.S. EIA,physical_spot,Henry Hub physical spot,Henry Hub,2025-10-15T05:00:00.000000Z,2025-10-16T05:00:00.000000Z,2.79,USD/MMBtu,,2026-08-31T14:45:07.759848Z,2026-08-26,https://www.eia.gov/dnav/ng/hist/rngwhhdD.htm,eia_henry_hub_spot:1788187507759848000:3241dfb4a8883f486cfb073eb5161263d2da2c27ccb423435106659f0cd0bc3e
EIA:DHHNGSP,U.S. EIA,physical_spot,Henry Hub physical spot,Henry Hub,2025-10-16T05:00:00.000000Z,2025-10-17T05:00:00.000000Z,2.82,USD/MMBtu,,2026-08-31T14:45:07.759848Z,2026-08-26,https://www.eia.gov/dnav/ng/hist/rngwhhdD.htm,eia_henry_hub_spot:1788187507759848000:3241dfb4a8883f486cfb073eb5161263d2da2c27ccb423435106659f0cd0bc3e
EIA:DHHNGSP,U.S. EIA,physical_spot,Henry Hub physical spot,Henry Hub,2025-10-17T05:00:00.000000Z,2025-10-18T05:00:00.000000Z,2.65,USD/MMBtu,,2026-08-31T14:45:07.759848Z,2026-08-26,https://www.eia.gov/dnav/ng/hist/rngwhhdD.htm,eia_henry_hub_spot:1788187507759848000:3241dfb4a8883f486cfb073eb5161263d2da2c27ccb423435106659f0cd0bc3e
EIA:DHHNGSP,U.S. EIA,physical_spot,Henry Hub physical spot,Henry Hub,2025-10-20T05:00:00.000000Z,2025-10-21T05:00:00.000000Z,2.99,USD/MMBtu,,2026-08-31T14:45:07.759848Z,2026-08-26,https://www.eia.gov/dnav/ng/hist/rngwhhdD.htm,eia_henry_hub_spot:1788187507759848000:3241dfb4a8883f486cfb073eb5161263d2da2c27ccb423435106659f0cd0bc3e
EIA:DHHNGSP,U.S. EIA,physical_spot,Henry Hub physical spot,Henry Hub,2025-10-21T05:00:00.000000Z,2025-10-22T05:00:00.000000Z,3.28,USD/MMBtu,,2026-08-31T14:45:07.759848Z,2026-08-26,https://www.eia.gov/dnav/ng/hist/rngwhhdD.htm,eia_henry_hub_spot:1788187507759848000:3241dfb4a8883f486cfb073eb5161263d2da2c27ccb423435106659f0cd0bc3e
EIA:DHHNGSP,U.S. EIA,physical_spot,Henry Hub physical spot,Henry Hub,2025-10-22T05:00:00.000000Z,2025-10-23T05:00:00.000000Z,3.45,USD/MMBtu,,2026-08-31T14:45:07.759848Z,2026-08-26,https://www.eia.gov/dnav/ng/hist/rngwhhdD.htm,eia_henry_hub_spot:1788187507759848000:3241dfb4a8883f486cfb073eb5161263d2da2c27ccb423435106659f0cd0bc3e
EIA:DHHNGSP,U.S. EIA,physical_spot,Henry Hub physical spot,Henry Hub,2025-10-23T05:00:00.000000Z,2025-10-24T05:00:00.000000Z,3.34,USD/MMBtu,,2026-08-31T14:45:07.759848Z,2026-08-26,https://www.eia.gov/dnav/ng/hist/rngwhhdD.htm,eia_henry_hub_spot:1788187507759848000:3241dfb4a8883f486cfb073eb5161263d2da2c27ccb423435106659f0cd0bc3e
EIA:DHHNGSP,U.S. EIA,physical_spot,Henry Hub physical spot,Henry Hub,2025-10-24T05:00:00.000000Z,2025-10-25T05:00:00.000000Z,3.21,USD/MMBtu,,2026-08-31T14:45:07.759848Z,2026-08-26,https://www.eia.gov/dnav/ng/hist/rngwhhdD.htm,eia_henry_hub_spot:1788187507759848000:3241dfb4a8883f486cfb073eb5161263d2da2c27ccb423435106659f0cd0bc3e
EIA:DHHNGSP,U.S. EIA,physical_spot,Henry Hub physical spot,Henry Hub,2025-10-27T05:00:00.000000Z,2025-10-28T05:00:00.000000Z,3.3,USD/MMBtu,,2026-08-31T14:45:07.759848Z,2026-08-26,https://www.eia.gov/dnav/ng/hist/rngwhhdD.htm,eia_henry_hub_spot:1788187507759848000:3241dfb4a8883f486cfb073eb5161263d2da2c27ccb423435106659f0cd0bc3e
EIA:DHHNGSP,U.S. EIA,physical_spot,Henry Hub physical spot,Henry Hub,2025-10-28T05:00:00.000000Z,2025-10-29T05:00:00.000000Z,3.44,USD/MMBtu,,2026-08-31T14:45:07.759848Z,2026-08-26,https://www.eia.gov/dnav/ng/hist/rngwhhdD.htm,eia_henry_hub_spot:1788187507759848000:3241dfb4a8883f486cfb073eb5161263d2da2c27ccb423435106659f0cd0bc3e
EIA:DHHNGSP,U.S. EIA,physical_spot,Henry Hub physical spot,Henry Hub,2025-10-29T05:00:00.000000Z,2025-10-30T05:00:00.000000Z,3.36,USD/MMBtu,,2026-08-31T14:45:07.759848Z,2026-08-26,https://www.eia.gov/dnav/ng/hist/rngwhhdD.htm,eia_henry_hub_spot:1788187507759848000:3241dfb4a8883f486cfb073eb5161263d2da2c27ccb423435106659f0cd0bc3e
EIA:DHHNGSP,U.S. EIA,physical_spot,Henry Hub physical spot,Henry Hub,2025-10-30T05:00:00.000000Z,2025-10-31T05:00:00.000000Z,3.46,USD/MMBtu,,2026-08-31T14:45:07.759848Z,2026-08-26,https://www.eia.gov/dnav/ng/hist/rngwhhdD.htm,eia_henry_hub_spot:1788187507759848000:3241dfb4a8883f486cfb073eb5161263d2da2c27ccb423435106659f0cd0bc3e
EIA:DHHNGSP,U.S. EIA,physical_spot,Henry Hub physical spot,Henry Hub,2025-10-31T05:00:00.000000Z,2025-11-01T05:00:00.000000Z,3.57,USD/MMBtu,,2026-08-31T14:45:07.759848Z,2026-08-26,https://www.eia.gov/dnav/ng/hist/rngwhhdD.htm,eia_henry_hub_spot:1788187507759848000:3241dfb4a8883f486cfb073eb5161263d2da2c27ccb423435106659f0cd0bc3e
EIA:DHHNGSP,U.S. EIA,physical_spot,Henry Hub physical spot,Henry Hub,2025-11-03T06:00:00.000000Z,2025-11-04T06:00:00.000000Z,3.37,USD/MMBtu,,2026-08-31T14:45:07.759848Z,2026-08-26,https://www.eia.gov/dnav/ng/hist/rngwhhdD.htm,eia_henry_hub_spot:1788187507759848000:3241dfb4a8883f486cfb073eb5161263d2da2c27ccb423435106659f0cd0bc3e
EIA:DHHNGSP,U.S. EIA,physical_spot,Henry Hub physical spot,Henry Hub,2025-11-04T06:00:00.000000Z,2025-11-05T06:00:00.000000Z,3.35,USD/MMBtu,,2026-08-31T14:45:07.759848Z,2026-08-26,https://www.eia.gov/dnav/ng/hist/rngwhhdD.htm,eia_henry_hub_spot:1788187507759848000:3241dfb4a8883f486cfb073eb5161263d2da2c27ccb423435106659f0cd0bc3e
EIA:DHHNGSP,U.S. EIA,physical_spot,Henry Hub physical spot,Henry Hub,2025-11-05T06:00:00.000000Z,2025-11-06T06:00:00.000000Z,3.51,USD/MMBtu,,2026-08-31T14:45:07.759848Z,2026-08-26,https://www.eia.gov/dnav/ng/hist/rngwhhdD.htm,eia_henry_hub_spot:1788187507759848000:3241dfb4a8883f486cfb073eb5161263d2da2c27ccb423435106659f0cd0bc3e
EIA:DHHNGSP,U.S. EIA,physical_spot,Henry Hub physical spot,Henry Hub,2025-11-06T06:00:00.000000Z,2025-11-07T06:00:00.000000Z,3.71,USD/MMBtu,,2026-08-31T14:45:07.759848Z,2026-08-26,https://www.eia.gov/dnav/ng/hist/rngwhhdD.htm,eia_henry_hub_spot:1788187507759848000:3241dfb4a8883f486cfb073eb5161263d2da2c27ccb423435106659f0cd0bc3e
EIA:DHHNGSP,U.S. EIA,physical_spot,Henry Hub physical spot,Henry Hub,2025-11-07T06:00:00.000000Z,2025-11-08T06:00:00.000000Z,3.76,USD/MMBtu,,2026-08-31T14:45:07.759848Z,2026-08-26,https://www.eia.gov/dnav/ng/hist/rngwhhdD.htm,eia_henry_hub_spot:1788187507759848000:3241dfb4a8883f486cfb073eb5161263d2da2c27ccb423435106659f0cd0bc3e
EIA:DHHNGSP,U.S. EIA,physical_spot,Henry Hub physical spot,Henry Hub,2025-11-10T06:00:00.000000Z,2025-11-11T06:00:00.000000Z,3.8,USD/MMBtu,,2026-08-31T14:45:07.759848Z,2026-08-26,https://www.eia.gov/dnav/ng/hist/rngwhhdD.htm,eia_henry_hub_spot:1788187507759848000:3241dfb4a8883f486cfb073eb5161263d2da2c27ccb423435106659f0cd0bc3e
EIA:DHHNGSP,U.S. EIA,physical_spot,Henry Hub physical spot,Henry Hub,2025-11-12T06:00:00.000000Z,2025-11-13T06:00:00.000000Z,3.6,USD/MMBtu,,2026-08-31T14:45:07.759848Z,2026-08-26,https://www.eia.gov/dnav/ng/hist/rngwhhdD.htm,eia_henry_hub_spot:1788187507759848000:3241dfb4a8883f486cfb073eb5161263d2da2c27ccb423435106659f0cd0bc3e
EIA:DHHNGSP,U.S. EIA,physical_spot,Henry Hub physical spot,Henry Hub,2025-11-13T06:00:00.000000Z,2025-11-14T06:00:00.000000Z,3.6,USD/MMBtu,,2026-08-31T14:45:07.759848Z,2026-08-26,https://www.eia.gov/dnav/ng/hist/rngwhhdD.htm,eia_henry_hub_spot:1788187507759848000:3241dfb4a8883f486cfb073eb5161263d2da2c27ccb423435106659f0cd0bc3e
EIA:DHHNGSP,U.S. EIA,physical_spot,Henry Hub physical spot,Henry Hub,2025-11-14T06:00:00.000000Z,2025-11-15T06:00:00.000000Z,3.49,USD/MMBtu,,2026-08-31T14:45:07.759848Z,2026-08-26,https://www.eia.gov/dnav/ng/hist/rngwhhdD.htm,eia_henry_hub_spot:1788187507759848000:3241dfb4a8883f486cfb073eb5161263d2da2c27ccb423435106659f0cd0bc3e
EIA:DHHNGSP,U.S. EIA,physical_spot,Henry Hub physical spot,Henry Hub,2025-11-17T06:00:00.000000Z,2025-11-18T06:00:00.000000Z,3.71,USD/MMBtu,,2026-08-31T14:45:07.759848Z,2026-08-26,https://www.eia.gov/dnav/ng/hist/rngwhhdD.htm,eia_henry_hub_spot:1788187507759848000:3241dfb4a8883f486cfb073eb5161263d2da2c27ccb423435106659f0cd0bc3e
EIA:DHHNGSP,U.S. EIA,physical_spot,Henry Hub physical spot,Henry Hub,2025-11-18T06:00:00.000000Z,2025-11-19T06:00:00.000000Z,3.7,USD/MMBtu,,2026-08-31T14:45:07.759848Z,2026-08-26,https://www.eia.gov/dnav/ng/hist/rngwhhdD.htm,eia_henry_hub_spot:1788187507759848000:3241dfb4a8883f486cfb073eb5161263d2da2c27ccb423435106659f0cd0bc3e
EIA:DHHNGSP,U.S. EIA,physical_spot,Henry Hub physical spot,Henry Hub,2025-11-19T06:00:00.000000Z,2025-11-20T06:00:00.000000Z,3.94,USD/MMBtu,,2026-08-31T14:45:07.759848Z,2026-08-26,https://www.eia.gov/dnav/ng/hist/rngwhhdD.htm,eia_henry_hub_spot:1788187507759848000:3241dfb4a8883f486cfb073eb5161263d2da2c27ccb423435106659f0cd0bc3e
EIA:DHHNGSP,U.S. EIA,physical_spot,Henry Hub physical spot,Henry Hub,2025-11-20T06:00:00.000000Z,2025-11-21T06:00:00.000000Z,3.97,USD/MMBtu,,2026-08-31T14:45:07.759848Z,2026-08-26,https://www.eia.gov/dnav/ng/hist/rngwhhdD.htm,eia_henry_hub_spot:1788187507759848000:3241dfb4a8883f486cfb073eb5161263d2da2c27ccb423435106659f0cd0bc3e
EIA:DHHNGSP,U.S. EIA,physical_spot,Henry Hub physical spot,Henry Hub,2025-11-21T06:00:00.000000Z,2025-11-22T06:00:00.000000Z,4.13,USD/MMBtu,,2026-08-31T14:45:07.759848Z,2026-08-26,https://www.eia.gov/dnav/ng/hist/rngwhhdD.htm,eia_henry_hub_spot:1788187507759848000:3241dfb4a8883f486cfb073eb5161263d2da2c27ccb423435106659f0cd0bc3e
EIA:DHHNGSP,U.S. EIA,physical_spot,Henry Hub physical spot,Henry Hub,2025-11-24T06:00:00.000000Z,2025-11-25T06:00:00.000000Z,4.15,USD/MMBtu,,2026-08-31T14:45:07.759848Z,2026-08-26,https://www.eia.gov/dnav/ng/hist/rngwhhdD.htm,eia_henry_hub_spot:1788187507759848000:3241dfb4a8883f486cfb073eb5161263d2da2c27ccb423435106659f0cd0bc3e
EIA:DHHNGSP,U.S. EIA,physical_spot,Henry Hub physical spot,Henry Hub,2025-11-25T06:00:00.000000Z,2025-11-26T06:00:00.000000Z,4.12,USD/MMBtu,,2026-08-31T14:45:07.759848Z,2026-08-26,https://www.eia.gov/dnav/ng/hist/rngwhhdD.htm,eia_henry_hub_spot:1788187507759848000:3241dfb4a8883f486cfb073eb5161263d2da2c27ccb423435106659f0cd0bc3e
EIA:DHHNGSP,U.S. EIA,physical_spot,Henry Hub physical spot,Henry Hub,2025-11-26T06:00:00.000000Z,2025-11-27T06:00:00.000000Z,4.59,USD/MMBtu,,2026-08-31T14:45:07.759848Z,2026-08-26,https://www.eia.gov/dnav/ng/hist/rngwhhdD.htm,eia_henry_hub_spot:1788187507759848000:3241dfb4a8883f486cfb073eb5161263d2da2c27ccb423435106659f0cd0bc3e
EIA:DHHNGSP,U.S. EIA,physical_spot,Henry Hub physical spot,Henry Hub,2025-12-01T06:00:00.000000Z,2025-12-02T06:00:00.000000Z,5.08,USD/MMBtu,,2026-08-31T14:45:07.759848Z,2026-08-26,https://www.eia.gov/dnav/ng/hist/rngwhhdD.htm,eia_henry_hub_spot:1788187507759848000:3241dfb4a8883f486cfb073eb5161263d2da2c27ccb423435106659f0cd0bc3e
EIA:DHHNGSP,U.S. EIA,physical_spot,Henry Hub physical spot,Henry Hub,2025-12-02T06:00:00.000000Z,2025-12-03T06:00:00.000000Z,4.83,USD/MMBtu,,2026-08-31T14:45:07.759848Z,2026-08-26,https://www.eia.gov/dnav/ng/hist/rngwhhdD.htm,eia_henry_hub_spot:1788187507759848000:3241dfb4a8883f486cfb073eb5161263d2da2c27ccb423435106659f0cd0bc3e
EIA:DHHNGSP,U.S. EIA,physical_spot,Henry Hub physical spot,Henry Hub,2025-12-03T06:00:00.000000Z,2025-12-04T06:00:00.000000Z,4.86,USD/MMBtu,,2026-08-31T14:45:07.759848Z,2026-08-26,https://www.eia.gov/dnav/ng/hist/rngwhhdD.htm,eia_henry_hub_spot:1788187507759848000:3241dfb4a8883f486cfb073eb5161263d2da2c27ccb423435106659f0cd0bc3e
EIA:DHHNGSP,U.S. EIA,physical_spot,Henry Hub physical spot,Henry Hub,2025-12-04T06:00:00.000000Z,2025-12-05T06:00:00.000000Z,4.89,USD/MMBtu,,2026-08-31T14:45:07.759848Z,2026-08-26,https://www.eia.gov/dnav/ng/hist/rngwhhdD.htm,eia_henry_hub_spot:1788187507759848000:3241dfb4a8883f486cfb073eb5161263d2da2c27ccb423435106659f0cd0bc3e
EIA:DHHNGSP,U.S. EIA,physical_spot,Henry Hub physical spot,Henry Hub,2025-12-05T06:00:00.000000Z,2025-12-06T06:00:00.000000Z,5.19,USD/MMBtu,,2026-08-31T14:45:07.759848Z,2026-08-26,https://www.eia.gov/dnav/ng/hist/rngwhhdD.htm,eia_henry_hub_spot:1788187507759848000:3241dfb4a8883f486cfb073eb5161263d2da2c27ccb423435106659f0cd0bc3e
EIA:DHHNGSP,U.S. EIA,physical_spot,Henry Hub physical spot,Henry Hub,2025-12-08T06:00:00.000000Z,2025-12-09T06:00:00.000000Z,5.19,USD/MMBtu,,2026-08-31T14:45:07.759848Z,2026-08-26,https://www.eia.gov/dnav/ng/hist/rngwhhdD.htm,eia_henry_hub_spot:1788187507759848000:3241dfb4a8883f486cfb073eb5161263d2da2c27ccb423435106659f0cd0bc3e
EIA:DHHNGSP,U.S. EIA,physical_spot,Henry Hub physical spot,Henry Hub,2025-12-09T06:00:00.000000Z,2025-12-10T06:00:00.000000Z,4.76,USD/MMBtu,,2026-08-31T14:45:07.759848Z,2026-08-26,https://www.eia.gov/dnav/ng/hist/rngwhhdD.htm,eia_henry_hub_spot:1788187507759848000:3241dfb4a8883f486cfb073eb5161263d2da2c27ccb423435106659f0cd0bc3e
EIA:DHHNGSP,U.S. EIA,physical_spot,Henry Hub physical spot,Henry Hub,2025-12-10T06:00:00.000000Z,2025-12-11T06:00:00.000000Z,4.62,USD/MMBtu,,2026-08-31T14:45:07.759848Z,2026-08-26,https://www.eia.gov/dnav/ng/hist/rngwhhdD.htm,eia_henry_hub_spot:1788187507759848000:3241dfb4a8883f486cfb073eb5161263d2da2c27ccb423435106659f0cd0bc3e
EIA:DHHNGSP,U.S. EIA,physical_spot,Henry Hub physical spot,Henry Hub,2025-12-11T06:00:00.000000Z,2025-12-12T06:00:00.000000Z,4.35,USD/MMBtu,,2026-08-31T14:45:07.759848Z,2026-08-26,https://www.eia.gov/dnav/ng/hist/rngwhhdD.htm,eia_henry_hub_spot:1788187507759848000:3241dfb4a8883f486cfb073eb5161263d2da2c27ccb423435106659f0cd0bc3e
EIA:DHHNGSP,U.S. EIA,physical_spot,Henry Hub physical spot,Henry Hub,2025-12-12T06:00:00.000000Z,2025-12-13T06:00:00.000000Z,4.07,USD/MMBtu,,2026-08-31T14:45:07.759848Z,2026-08-26,https://www.eia.gov/dnav/ng/hist/rngwhhdD.htm,eia_henry_hub_spot:1788187507759848000:3241dfb4a8883f486cfb073eb5161263d2da2c27ccb423435106659f0cd0bc3e
EIA:DHHNGSP,U.S. EIA,physical_spot,Henry Hub physical spot,Henry Hub,2025-12-15T06:00:00.000000Z,2025-12-16T06:00:00.000000Z,3.9,USD/MMBtu,,2026-08-31T14:45:07.759848Z,2026-08-26,https://www.eia.gov/dnav/ng/hist/rngwhhdD.htm,eia_henry_hub_spot:1788187507759848000:3241dfb4a8883f486cfb073eb5161263d2da2c27ccb423435106659f0cd0bc3e
EIA:DHHNGSP,U.S. EIA,physical_spot,Henry Hub physical spot,Henry Hub,2025-12-16T06:00:00.000000Z,2025-12-17T06:00:00.000000Z,3.58,USD/MMBtu,,2026-08-31T14:45:07.759848Z,2026-08-26,https://www.eia.gov/dnav/ng/hist/rngwhhdD.htm,eia_henry_hub_spot:1788187507759848000:3241dfb4a8883f486cfb073eb5161263d2da2c27ccb423435106659f0cd0bc3e
EIA:DHHNGSP,U.S. EIA,physical_spot,Henry Hub physical spot,Henry Hub,2025-12-17T06:00:00.000000Z,2025-12-18T06:00:00.000000Z,3.66,USD/MMBtu,,2026-08-31T14:45:07.759848Z,2026-08-26,https://www.eia.gov/dnav/ng/hist/rngwhhdD.htm,eia_henry_hub_spot:1788187507759848000:3241dfb4a8883f486cfb073eb5161263d2da2c27ccb423435106659f0cd0bc3e
EIA:DHHNGSP,U.S. EIA,physical_spot,Henry Hub physical spot,Henry Hub,2025-12-18T06:00:00.000000Z,2025-12-19T06:00:00.000000Z,3.87,USD/MMBtu,,2026-08-31T14:45:07.759848Z,2026-08-26,https://www.eia.gov/dnav/ng/hist/rngwhhdD.htm,eia_henry_hub_spot:1788187507759848000:3241dfb4a8883f486cfb073eb5161263d2da2c27ccb423435106659f0cd0bc3e
EIA:DHHNGSP,U.S. EIA,physical_spot,Henry Hub physical spot,Henry Hub,2025-12-19T06:00:00.000000Z,2025-12-20T06:00:00.000000Z,3.58,USD/MMBtu,,2026-08-31T14:45:07.759848Z,2026-08-26,https://www.eia.gov/dnav/ng/hist/rngwhhdD.htm,eia_henry_hub_spot:1788187507759848000:3241dfb4a8883f486cfb073eb5161263d2da2c27ccb423435106659f0cd0bc3e
EIA:DHHNGSP,U.S. EIA,physical_spot,Henry Hub physical spot,Henry Hub,2025-12-22T06:00:00.000000Z,2025-12-23T06:00:00.000000Z,3.67,USD/MMBtu,,2026-08-31T14:45:07.759848Z,2026-08-26,https://www.eia.gov/dnav/ng/hist/rngwhhdD.htm,eia_henry_hub_spot:1788187507759848000:3241dfb4a8883f486cfb073eb5161263d2da2c27ccb423435106659f0cd0bc3e
EIA:DHHNGSP,U.S. EIA,physical_spot,Henry Hub physical spot,Henry Hub,2025-12-23T06:00:00.000000Z,2025-12-24T06:00:00.000000Z,3.38,USD/MMBtu,,2026-08-31T14:45:07.759848Z,2026-08-26,https://www.eia.gov/dnav/ng/hist/rngwhhdD.htm,eia_henry_hub_spot:1788187507759848000:3241dfb4a8883f486cfb073eb5161263d2da2c27ccb423435106659f0cd0bc3e
EIA:DHHNGSP,U.S. EIA,physical_spot,Henry Hub physical spot,Henry Hub,2025-12-24T06:00:00.000000Z,2025-12-25T06:00:00.000000Z,3.31,USD/MMBtu,,2026-08-31T14:45:07.759848Z,2026-08-26,https://www.eia.gov/dnav/ng/hist/rngwhhdD.htm,eia_henry_hub_spot:1788187507759848000:3241dfb4a8883f486cfb073eb5161263d2da2c27ccb423435106659f0cd0bc3e
EIA:DHHNGSP,U.S. EIA,physical_spot,Henry Hub physical spot,Henry Hub,2025-12-29T06:00:00.000000Z,2025-12-30T06:00:00.000000Z,4.35,USD/MMBtu,,2026-08-31T14:45:07.759848Z,2026-08-26,https://www.eia.gov/dnav/ng/hist/rngwhhdD.htm,eia_henry_hub_spot:1788187507759848000:3241dfb4a8883f486cfb073eb5161263d2da2c27ccb423435106659f0cd0bc3e
EIA:DHHNGSP,U.S. EIA,physical_spot,Henry Hub physical spot,Henry Hub,2025-12-30T06:00:00.000000Z,2025-12-31T06:00:00.000000Z,4.4,USD/MMBtu,,2026-08-31T14:45:07.759848Z,2026-08-26,https://www.eia.gov/dnav/ng/hist/rngwhhdD.htm,eia_henry_hub_spot:1788187507759848000:3241dfb4a8883f486cfb073eb5161263d2da2c27ccb423435106659f0cd0bc3e
EIA:DHHNGSP,U.S. EIA,physical_spot,Henry Hub physical spot,Henry Hub,2025-12-31T06:00:00.000000Z,2026-01-01T06:00:00.000000Z,4.0,USD/MMBtu,,2026-08-31T14:45:07.759848Z,2026-08-26,https://www.eia.gov/dnav/ng/hist/rngwhhdD.htm,eia_henry_hub_spot:1788187507759848000:3241dfb4a8883f486cfb073eb5161263d2da2c27ccb423435106659f0cd0bc3e
EIA:DHHNGSP,U.S. EIA,physical_spot,Henry Hub physical spot,Henry Hub,2026-01-05T06:00:00.000000Z,2026-01-06T06:00:00.000000Z,2.82,USD/MMBtu,,2026-08-31T14:45:07.759848Z,2026-08-26,https://www.eia.gov/dnav/ng/hist/rngwhhdD.htm,eia_henry_hub_spot:1788187507759848000:3241dfb4a8883f486cfb073eb5161263d2da2c27ccb423435106659f0cd0bc3e
EIA:DHHNGSP,U.S. EIA,physical_spot,Henry Hub physical spot,Henry Hub,2026-01-06T06:00:00.000000Z,2026-01-07T06:00:00.000000Z,2.85,USD/MMBtu,,2026-08-31T14:45:07.759848Z,2026-08-26,https://www.eia.gov/dnav/ng/hist/rngwhhdD.htm,eia_henry_hub_spot:1788187507759848000:3241dfb4a8883f486cfb073eb5161263d2da2c27ccb423435106659f0cd0bc3e
EIA:DHHNGSP,U.S. EIA,physical_spot,Henry Hub physical spot,Henry Hub,2026-01-07T06:00:00.000000Z,2026-01-08T06:00:00.000000Z,3.1,USD/MMBtu,,2026-08-31T14:45:07.759848Z,2026-08-26,https://www.eia.gov/dnav/ng/hist/rngwhhdD.htm,eia_henry_hub_spot:1788187507759848000:3241dfb4a8883f486cfb073eb5161263d2da2c27ccb423435106659f0cd0bc3e
EIA:DHHNGSP,U.S. EIA,physical_spot,Henry Hub physical spot,Henry Hub,2026-01-08T06:00:00.000000Z,2026-01-09T06:00:00.000000Z,2.92,USD/MMBtu,,2026-08-31T14:45:07.759848Z,2026-08-26,https://www.eia.gov/dnav/ng/hist/rngwhhdD.htm,eia_henry_hub_spot:1788187507759848000:3241dfb4a8883f486cfb073eb5161263d2da2c27ccb423435106659f0cd0bc3e
EIA:DHHNGSP,U.S. EIA,physical_spot,Henry Hub physical spot,Henry Hub,2026-01-09T06:00:00.000000Z,2026-01-10T06:00:00.000000Z,2.87,USD/MMBtu,,2026-08-31T14:45:07.759848Z,2026-08-26,https://www.eia.gov/dnav/ng/hist/rngwhhdD.htm,eia_henry_hub_spot:1788187507759848000:3241dfb4a8883f486cfb073eb5161263d2da2c27ccb423435106659f0cd0bc3e
EIA:DHHNGSP,U.S. EIA,physical_spot,Henry Hub physical spot,Henry Hub,2026-01-12T06:00:00.000000Z,2026-01-13T06:00:00.000000Z,2.9,USD/MMBtu,,2026-08-31T14:45:07.759848Z,2026-08-26,https://www.eia.gov/dnav/ng/hist/rngwhhdD.htm,eia_henry_hub_spot:1788187507759848000:3241dfb4a8883f486cfb073eb5161263d2da2c27ccb423435106659f0cd0bc3e
EIA:DHHNGSP,U.S. EIA,physical_spot,Henry Hub physical spot,Henry Hub,2026-01-13T06:00:00.000000Z,2026-01-14T06:00:00.000000Z,3.0,USD/MMBtu,,2026-08-31T14:45:07.759848Z,2026-08-26,https://www.eia.gov/dnav/ng/hist/rngwhhdD.htm,eia_henry_hub_spot:1788187507759848000:3241dfb4a8883f486cfb073eb5161263d2da2c27ccb423435106659f0cd0bc3e
EIA:DHHNGSP,U.S. EIA,physical_spot,Henry Hub physical spot,Henry Hub,2026-01-14T06:00:00.000000Z,2026-01-15T06:00:00.000000Z,3.13,USD/MMBtu,,2026-08-31T14:45:07.759848Z,2026-08-26,https://www.eia.gov/dnav/ng/hist/rngwhhdD.htm,eia_henry_hub_spot:1788187507759848000:3241dfb4a8883f486cfb073eb5161263d2da2c27ccb423435106659f0cd0bc3e
EIA:DHHNGSP,U.S. EIA,physical_spot,Henry Hub physical spot,Henry Hub,2026-01-15T06:00:00.000000Z,2026-01-16T06:00:00.000000Z,2.92,USD/MMBtu,,2026-08-31T14:45:07.759848Z,2026-08-26,https://www.eia.gov/dnav/ng/hist/rngwhhdD.htm,eia_henry_hub_spot:1788187507759848000:3241dfb4a8883f486cfb073eb5161263d2da2c27ccb423435106659f0cd0bc3e
EIA:DHHNGSP,U.S. EIA,physical_spot,Henry Hub physical spot,Henry Hub,2026-01-16T06:00:00.000000Z,2026-01-17T06:00:00.000000Z,3.06,USD/MMBtu,,2026-08-31T14:45:07.759848Z,2026-08-26,https://www.eia.gov/dnav/ng/hist/rngwhhdD.htm,eia_henry_hub_spot:1788187507759848000:3241dfb4a8883f486cfb073eb5161263d2da2c27ccb423435106659f0cd0bc3e
EIA:DHHNGSP,U.S. EIA,physical_spot,Henry Hub physical spot,Henry Hub,2026-01-20T06:00:00.000000Z,2026-01-21T06:00:00.000000Z,4.0,USD/MMBtu,,2026-08-31T14:45:07.759848Z,2026-08-26,https://www.eia.gov/dnav/ng/hist/rngwhhdD.htm,eia_henry_hub_spot:1788187507759848000:3241dfb4a8883f486cfb073eb5161263d2da2c27ccb423435106659f0cd0bc3e
EIA:DHHNGSP,U.S. EIA,physical_spot,Henry Hub physical spot,Henry Hub,2026-01-21T06:00:00.000000Z,2026-01-22T06:00:00.000000Z,4.96,USD/MMBtu,,2026-08-31T14:45:07.759848Z,2026-08-26,https://www.eia.gov/dnav/ng/hist/rngwhhdD.htm,eia_henry_hub_spot:1788187507759848000:3241dfb4a8883f486cfb073eb5161263d2da2c27ccb423435106659f0cd0bc3e
EIA:DHHNGSP,U.S. EIA,physical_spot,Henry Hub physical spot,Henry Hub,2026-01-22T06:00:00.000000Z,2026-01-23T06:00:00.000000Z,8.42,USD/MMBtu,,2026-08-31T14:45:07.759848Z,2026-08-26,https://www.eia.gov/dnav/ng/hist/rngwhhdD.htm,eia_henry_hub_spot:1788187507759848000:3241dfb4a8883f486cfb073eb5161263d2da2c27ccb423435106659f0cd0bc3e
EIA:DHHNGSP,U.S. EIA,physical_spot,Henry Hub physical spot,Henry Hub,2026-01-23T06:00:00.000000Z,2026-01-24T06:00:00.000000Z,30.72,USD/MMBtu,,2026-08-31T14:45:07.759848Z,2026-08-26,https://www.eia.gov/dnav/ng/hist/rngwhhdD.htm,eia_henry_hub_spot:1788187507759848000:3241dfb4a8883f486cfb073eb5161263d2da2c27ccb423435106659f0cd0bc3e
EIA:DHHNGSP,U.S. EIA,physical_spot,Henry Hub physical spot,Henry Hub,2026-01-26T06:00:00.000000Z,2026-01-27T06:00:00.000000Z,25.01,USD/MMBtu,,2026-08-31T14:45:07.759848Z,2026-08-26,https://www.eia.gov/dnav/ng/hist/rngwhhdD.htm,eia_henry_hub_spot:1788187507759848000:3241dfb4a8883f486cfb073eb5161263d2da2c27ccb423435106659f0cd0bc3e
EIA:DHHNGSP,U.S. EIA,physical_spot,Henry Hub physical spot,Henry Hub,2026-01-27T06:00:00.000000Z,2026-01-28T06:00:00.000000Z,17.19,USD/MMBtu,,2026-08-31T14:45:07.759848Z,2026-08-26,https://www.eia.gov/dnav/ng/hist/rngwhhdD.htm,eia_henry_hub_spot:1788187507759848000:3241dfb4a8883f486cfb073eb5161263d2da2c27ccb423435106659f0cd0bc3e
EIA:DHHNGSP,U.S. EIA,physical_spot,Henry Hub physical spot,Henry Hub,2026-01-28T06:00:00.000000Z,2026-01-29T06:00:00.000000Z,9.34,USD/MMBtu,,2026-08-31T14:45:07.759848Z,2026-08-26,https://www.eia.gov/dnav/ng/hist/rngwhhdD.htm,eia_henry_hub_spot:1788187507759848000:3241dfb4a8883f486cfb073eb5161263d2da2c27ccb423435106659f0cd0bc3e
EIA:DHHNGSP,U.S. EIA,physical_spot,Henry Hub physical spot,Henry Hub,2026-01-29T06:00:00.000000Z,2026-01-30T06:00:00.000000Z,10.25,USD/MMBtu,,2026-08-31T14:45:07.759848Z,2026-08-26,https://www.eia.gov/dnav/ng/hist/rngwhhdD.htm,eia_henry_hub_spot:1788187507759848000:3241dfb4a8883f486cfb073eb5161263d2da2c27ccb423435106659f0cd0bc3e
EIA:DHHNGSP,U.S. EIA,physical_spot,Henry Hub physical spot,Henry Hub,2026-01-30T06:00:00.000000Z,2026-01-31T06:00:00.000000Z,7.18,USD/MMBtu,,2026-08-31T14:45:07.759848Z,2026-08-26,https://www.eia.gov/dnav/ng/hist/rngwhhdD.htm,eia_henry_hub_spot:1788187507759848000:3241dfb4a8883f486cfb073eb5161263d2da2c27ccb423435106659f0cd0bc3e
EIA:DHHNGSP,U.S. EIA,physical_spot,Henry Hub physical spot,Henry Hub,2026-02-02T06:00:00.000000Z,2026-02-03T06:00:00.000000Z,4.4,USD/MMBtu,,2026-08-31T14:45:07.759848Z,2026-08-26,https://www.eia.gov/dnav/ng/hist/rngwhhdD.htm,eia_henry_hub_spot:1788187507759848000:3241dfb4a8883f486cfb073eb5161263d2da2c27ccb423435106659f0cd0bc3e
EIA:DHHNGSP,U.S. EIA,physical_spot,Henry Hub physical spot,Henry Hub,2026-02-03T06:00:00.000000Z,2026-02-04T06:00:00.000000Z,4.11,USD/MMBtu,,2026-08-31T14:45:07.759848Z,2026-08-26,https://www.eia.gov/dnav/ng/hist/rngwhhdD.htm,eia_henry_hub_spot:1788187507759848000:3241dfb4a8883f486cfb073eb5161263d2da2c27ccb423435106659f0cd0bc3e
EIA:DHHNGSP,U.S. EIA,physical_spot,Henry Hub physical spot,Henry Hub,2026-02-04T06:00:00.000000Z,2026-02-05T06:00:00.000000Z,6.88,USD/MMBtu,,2026-08-31T14:45:07.759848Z,2026-08-26,https://www.eia.gov/dnav/ng/hist/rngwhhdD.htm,eia_henry_hub_spot:1788187507759848000:3241dfb4a8883f486cfb073eb5161263d2da2c27ccb423435106659f0cd0bc3e
EIA:DHHNGSP,U.S. EIA,physical_spot,Henry Hub physical spot,Henry Hub,2026-02-05T06:00:00.000000Z,2026-02-06T06:00:00.000000Z,5.28,USD/MMBtu,,2026-08-31T14:45:07.759848Z,2026-08-26,https://www.eia.gov/dnav/ng/hist/rngwhhdD.htm,eia_henry_hub_spot:1788187507759848000:3241dfb4a8883f486cfb073eb5161263d2da2c27ccb423435106659f0cd0bc3e
EIA:DHHNGSP,U.S. EIA,physical_spot,Henry Hub physical spot,Henry Hub,2026-02-06T06:00:00.000000Z,2026-02-07T06:00:00.000000Z,4.37,USD/MMBtu,,2026-08-31T14:45:07.759848Z,2026-08-26,https://www.eia.gov/dnav/ng/hist/rngwhhdD.htm,eia_henry_hub_spot:1788187507759848000:3241dfb4a8883f486cfb073eb5161263d2da2c27ccb423435106659f0cd0bc3e
EIA:DHHNGSP,U.S. EIA,physical_spot,Henry Hub physical spot,Henry Hub,2026-02-09T06:00:00.000000Z,2026-02-10T06:00:00.000000Z,3.25,USD/MMBtu,,2026-08-31T14:45:07.759848Z,2026-08-26,https://www.eia.gov/dnav/ng/hist/rngwhhdD.htm,eia_henry_hub_spot:1788187507759848000:3241dfb4a8883f486cfb073eb5161263d2da2c27ccb423435106659f0cd0bc3e
EIA:DHHNGSP,U.S. EIA,physical_spot,Henry Hub physical spot,Henry Hub,2026-02-10T06:00:00.000000Z,2026-02-11T06:00:00.000000Z,3.18,USD/MMBtu,,2026-08-31T14:45:07.759848Z,2026-08-26,https://www.eia.gov/dnav/ng/hist/rngwhhdD.htm,eia_henry_hub_spot:1788187507759848000:3241dfb4a8883f486cfb073eb5161263d2da2c27ccb423435106659f0cd0bc3e
EIA:DHHNGSP,U.S. EIA,physical_spot,Henry Hub physical spot,Henry Hub,2026-02-11T06:00:00.000000Z,2026-02-12T06:00:00.000000Z,3.25,USD/MMBtu,,2026-08-31T14:45:07.759848Z,2026-08-26,https://www.eia.gov/dnav/ng/hist/rngwhhdD.htm,eia_henry_hub_spot:1788187507759848000:3241dfb4a8883f486cfb073eb5161263d2da2c27ccb423435106659f0cd0bc3e
EIA:DHHNGSP,U.S. EIA,physical_spot,Henry Hub physical spot,Henry Hub,2026-02-12T06:00:00.000000Z,2026-02-13T06:00:00.000000Z,3.43,USD/MMBtu,,2026-08-31T14:45:07.759848Z,2026-08-26,https://www.eia.gov/dnav/ng/hist/rngwhhdD.htm,eia_henry_hub_spot:1788187507759848000:3241dfb4a8883f486cfb073eb5161263d2da2c27ccb423435106659f0cd0bc3e
EIA:DHHNGSP,U.S. EIA,physical_spot,Henry Hub physical spot,Henry Hub,2026-02-13T06:00:00.000000Z,2026-02-14T06:00:00.000000Z,3.24,USD/MMBtu,,2026-08-31T14:45:07.759848Z,2026-08-26,https://www.eia.gov/dnav/ng/hist/rngwhhdD.htm,eia_henry_hub_spot:1788187507759848000:3241dfb4a8883f486cfb073eb5161263d2da2c27ccb423435106659f0cd0bc3e
EIA:DHHNGSP,U.S. EIA,physical_spot,Henry Hub physical spot,Henry Hub,2026-02-17T06:00:00.000000Z,2026-02-18T06:00:00.000000Z,3.13,USD/MMBtu,,2026-08-31T14:45:07.759848Z,2026-08-26,https://www.eia.gov/dnav/ng/hist/rngwhhdD.htm,eia_henry_hub_spot:1788187507759848000:3241dfb4a8883f486cfb073eb5161263d2da2c27ccb423435106659f0cd0bc3e
EIA:DHHNGSP,U.S. EIA,physical_spot,Henry Hub physical spot,Henry Hub,2026-02-18T06:00:00.000000Z,2026-02-19T06:00:00.000000Z,2.98,USD/MMBtu,,2026-08-31T14:45:07.759848Z,2026-08-26,https://www.eia.gov/dnav/ng/hist/rngwhhdD.htm,eia_henry_hub_spot:1788187507759848000:3241dfb4a8883f486cfb073eb5161263d2da2c27ccb423435106659f0cd0bc3e
EIA:DHHNGSP,U.S. EIA,physical_spot,Henry Hub physical spot,Henry Hub,2026-02-19T06:00:00.000000Z,2026-02-20T06:00:00.000000Z,3.09,USD/MMBtu,,2026-08-31T14:45:07.759848Z,2026-08-26,https://www.eia.gov/dnav/ng/hist/rngwhhdD.htm,eia_henry_hub_spot:1788187507759848000:3241dfb4a8883f486cfb073eb5161263d2da2c27ccb423435106659f0cd0bc3e
EIA:DHHNGSP,U.S. EIA,physical_spot,Henry Hub physical spot,Henry Hub,2026-02-20T06:00:00.000000Z,2026-02-21T06:00:00.000000Z,3.15,USD/MMBtu,,2026-08-31T14:45:07.759848Z,2026-08-26,https://www.eia.gov/dnav/ng/hist/rngwhhdD.htm,eia_henry_hub_spot:1788187507759848000:3241dfb4a8883f486cfb073eb5161263d2da2c27ccb423435106659f0cd0bc3e
EIA:DHHNGSP,U.S. EIA,physical_spot,Henry Hub physical spot,Henry Hub,2026-02-23T06:00:00.000000Z,2026-02-24T06:00:00.000000Z,3.13,USD/MMBtu,,2026-08-31T14:45:07.759848Z,2026-08-26,https://www.eia.gov/dnav/ng/hist/rngwhhdD.htm,eia_henry_hub_spot:1788187507759848000:3241dfb4a8883f486cfb073eb5161263d2da2c27ccb423435106659f0cd0bc3e
EIA:DHHNGSP,U.S. EIA,physical_spot,Henry Hub physical spot,Henry Hub,2026-02-24T06:00:00.000000Z,2026-02-25T06:00:00.000000Z,2.99,USD/MMBtu,,2026-08-31T14:45:07.759848Z,2026-08-26,https://www.eia.gov/dnav/ng/hist/rngwhhdD.htm,eia_henry_hub_spot:1788187507759848000:3241dfb4a8883f486cfb073eb5161263d2da2c27ccb423435106659f0cd0bc3e
EIA:DHHNGSP,U.S. EIA,physical_spot,Henry Hub physical spot,Henry Hub,2026-02-25T06:00:00.000000Z,2026-02-26T06:00:00.000000Z,3.02,USD/MMBtu,,2026-08-31T14:45:07.759848Z,2026-08-26,https://www.eia.gov/dnav/ng/hist/rngwhhdD.htm,eia_henry_hub_spot:1788187507759848000:3241dfb4a8883f486cfb073eb5161263d2da2c27ccb423435106659f0cd0bc3e
EIA:DHHNGSP,U.S. EIA,physical_spot,Henry Hub physical spot,Henry Hub,2026-02-26T06:00:00.000000Z,2026-02-27T06:00:00.000000Z,2.94,USD/MMBtu,,2026-08-31T14:45:07.759848Z,2026-08-26,https://www.eia.gov/dnav/ng/hist/rngwhhdD.htm,eia_henry_hub_spot:1788187507759848000:3241dfb4a8883f486cfb073eb5161263d2da2c27ccb423435106659f0cd0bc3e
EIA:DHHNGSP,U.S. EIA,physical_spot,Henry Hub physical spot,Henry Hub,2026-02-27T06:00:00.000000Z,2026-02-28T06:00:00.000000Z,2.99,USD/MMBtu,,2026-08-31T14:45:07.759848Z,2026-08-26,https://www.eia.gov/dnav/ng/hist/rngwhhdD.htm,eia_henry_hub_spot:1788187507759848000:3241dfb4a8883f486cfb073eb5161263d2da2c27ccb423435106659f0cd0bc3e
EIA:DHHNGSP,U.S. EIA,physical_spot,Henry Hub physical spot,Henry Hub,2026-03-02T06:00:00.000000Z,2026-03-03T06:00:00.000000Z,2.99,USD/MMBtu,,2026-08-31T14:45:07.759848Z,2026-08-26,https://www.eia.gov/dnav/ng/hist/rngwhhdD.htm,eia_henry_hub_spot:1788187507759848000:3241dfb4a8883f486cfb073eb5161263d2da2c27ccb423435106659f0cd0bc3e
EIA:DHHNGSP,U.S. EIA,physical_spot,Henry Hub physical spot,Henry Hub,2026-03-03T06:00:00.000000Z,2026-03-04T06:00:00.000000Z,3.1,USD/MMBtu,,2026-08-31T14:45:07.759848Z,2026-08-26,https://www.eia.gov/dnav/ng/hist/rngwhhdD.htm,eia_henry_hub_spot:1788187507759848000:3241dfb4a8883f486cfb073eb5161263d2da2c27ccb423435106659f0cd0bc3e
EIA:DHHNGSP,U.S. EIA,physical_spot,Henry Hub physical spot,Henry Hub,2026-03-04T06:00:00.000000Z,2026-03-05T06:00:00.000000Z,2.87,USD/MMBtu,,2026-08-31T14:45:07.759848Z,2026-08-26,https://www.eia.gov/dnav/ng/hist/rngwhhdD.htm,eia_henry_hub_spot:1788187507759848000:3241dfb4a8883f486cfb073eb5161263d2da2c27ccb423435106659f0cd0bc3e
EIA:DHHNGSP,U.S. EIA,physical_spot,Henry Hub physical spot,Henry Hub,2026-03-05T06:00:00.000000Z,2026-03-06T06:00:00.000000Z,2.9,USD/MMBtu,,2026-08-31T14:45:07.759848Z,2026-08-26,https://www.eia.gov/dnav/ng/hist/rngwhhdD.htm,eia_henry_hub_spot:1788187507759848000:3241dfb4a8883f486cfb073eb5161263d2da2c27ccb423435106659f0cd0bc3e
EIA:DHHNGSP,U.S. EIA,physical_spot,Henry Hub physical spot,Henry Hub,2026-03-06T06:00:00.000000Z,2026-03-07T06:00:00.000000Z,3.1,USD/MMBtu,,2026-08-31T14:45:07.759848Z,2026-08-26,https://www.eia.gov/dnav/ng/hist/rngwhhdD.htm,eia_henry_hub_spot:1788187507759848000:3241dfb4a8883f486cfb073eb5161263d2da2c27ccb423435106659f0cd0bc3e
EIA:DHHNGSP,U.S. EIA,physical_spot,Henry Hub physical spot,Henry Hub,2026-03-09T05:00:00.000000Z,2026-03-10T05:00:00.000000Z,3.25,USD/MMBtu,,2026-08-31T14:45:07.759848Z,2026-08-26,https://www.eia.gov/dnav/ng/hist/rngwhhdD.htm,eia_henry_hub_spot:1788187507759848000:3241dfb4a8883f486cfb073eb5161263d2da2c27ccb423435106659f0cd0bc3e
EIA:DHHNGSP,U.S. EIA,physical_spot,Henry Hub physical spot,Henry Hub,2026-03-10T05:00:00.000000Z,2026-03-11T05:00:00.000000Z,3.08,USD/MMBtu,,2026-08-31T14:45:07.759848Z,2026-08-26,https://www.eia.gov/dnav/ng/hist/rngwhhdD.htm,eia_henry_hub_spot:1788187507759848000:3241dfb4a8883f486cfb073eb5161263d2da2c27ccb423435106659f0cd0bc3e
EIA:DHHNGSP,U.S. EIA,physical_spot,Henry Hub physical spot,Henry Hub,2026-03-11T05:00:00.000000Z,2026-03-12T05:00:00.000000Z,3.15,USD/MMBtu,,2026-08-31T14:45:07.759848Z,2026-08-26,https://www.eia.gov/dnav/ng/hist/rngwhhdD.htm,eia_henry_hub_spot:1788187507759848000:3241dfb4a8883f486cfb073eb5161263d2da2c27ccb423435106659f0cd0bc3e
EIA:DHHNGSP,U.S. EIA,physical_spot,Henry Hub physical spot,Henry Hub,2026-03-12T05:00:00.000000Z,2026-03-13T05:00:00.000000Z,3.27,USD/MMBtu,,2026-08-31T14:45:07.759848Z,2026-08-26,https://www.eia.gov/dnav/ng/hist/rngwhhdD.htm,eia_henry_hub_spot:1788187507759848000:3241dfb4a8883f486cfb073eb5161263d2da2c27ccb423435106659f0cd0bc3e
EIA:DHHNGSP,U.S. EIA,physical_spot,Henry Hub physical spot,Henry Hub,2026-03-13T05:00:00.000000Z,2026-03-14T05:00:00.000000Z,3.2,USD/MMBtu,,2026-08-31T14:45:07.759848Z,2026-08-26,https://www.eia.gov/dnav/ng/hist/rngwhhdD.htm,eia_henry_hub_spot:1788187507759848000:3241dfb4a8883f486cfb073eb5161263d2da2c27ccb423435106659f0cd0bc3e
EIA:DHHNGSP,U.S. EIA,physical_spot,Henry Hub physical spot,Henry Hub,2026-03-16T05:00:00.000000Z,2026-03-17T05:00:00.000000Z,3.03,USD/MMBtu,,2026-08-31T14:45:07.759848Z,2026-08-26,https://www.eia.gov/dnav/ng/hist/rngwhhdD.htm,eia_henry_hub_spot:1788187507759848000:3241dfb4a8883f486cfb073eb5161263d2da2c27ccb423435106659f0cd0bc3e
EIA:DHHNGSP,U.S. EIA,physical_spot,Henry Hub physical spot,Henry Hub,2026-03-17T05:00:00.000000Z,2026-03-18T05:00:00.000000Z,3.14,USD/MMBtu,,2026-08-31T14:45:07.759848Z,2026-08-26,https://www.eia.gov/dnav/ng/hist/rngwhhdD.htm,eia_henry_hub_spot:1788187507759848000:3241dfb4a8883f486cfb073eb5161263d2da2c27ccb423435106659f0cd0bc3e
EIA:DHHNGSP,U.S. EIA,physical_spot,Henry Hub physical spot,Henry Hub,2026-03-18T05:00:00.000000Z,2026-03-19T05:00:00.000000Z,3.12,USD/MMBtu,,2026-08-31T14:45:07.759848Z,2026-08-26,https://www.eia.gov/dnav/ng/hist/rngwhhdD.htm,eia_henry_hub_spot:1788187507759848000:3241dfb4a8883f486cfb073eb5161263d2da2c27ccb423435106659f0cd0bc3e
EIA:DHHNGSP,U.S. EIA,physical_spot,Henry Hub physical spot,Henry Hub,2026-03-19T05:00:00.000000Z,2026-03-20T05:00:00.000000Z,3.21,USD/MMBtu,,2026-08-31T14:45:07.759848Z,2026-08-26,https://www.eia.gov/dnav/ng/hist/rngwhhdD.htm,eia_henry_hub_spot:1788187507759848000:3241dfb4a8883f486cfb073eb5161263d2da2c27ccb423435106659f0cd0bc3e
EIA:DHHNGSP,U.S. EIA,physical_spot,Henry Hub physical spot,Henry Hub,2026-03-20T05:00:00.000000Z,2026-03-21T05:00:00.000000Z,3.04,USD/MMBtu,,2026-08-31T14:45:07.759848Z,2026-08-26,https://www.eia.gov/dnav/ng/hist/rngwhhdD.htm,eia_henry_hub_spot:1788187507759848000:3241dfb4a8883f486cfb073eb5161263d2da2c27ccb423435106659f0cd0bc3e
EIA:DHHNGSP,U.S. EIA,physical_spot,Henry Hub physical spot,Henry Hub,2026-03-23T05:00:00.000000Z,2026-03-24T05:00:00.000000Z,2.94,USD/MMBtu,,2026-08-31T14:45:07.759848Z,2026-08-26,https://www.eia.gov/dnav/ng/hist/rngwhhdD.htm,eia_henry_hub_spot:1788187507759848000:3241dfb4a8883f486cfb073eb5161263d2da2c27ccb423435106659f0cd0bc3e
EIA:DHHNGSP,U.S. EIA,physical_spot,Henry Hub physical spot,Henry Hub,2026-03-24T05:00:00.000000Z,2026-03-25T05:00:00.000000Z,2.9,USD/MMBtu,,2026-08-31T14:45:07.759848Z,2026-08-26,https://www.eia.gov/dnav/ng/hist/rngwhhdD.htm,eia_henry_hub_spot:1788187507759848000:3241dfb4a8883f486cfb073eb5161263d2da2c27ccb423435106659f0cd0bc3e
EIA:DHHNGSP,U.S. EIA,physical_spot,Henry Hub physical spot,Henry Hub,2026-03-25T05:00:00.000000Z,2026-03-26T05:00:00.000000Z,2.94,USD/MMBtu,,2026-08-31T14:45:07.759848Z,2026-08-26,https://www.eia.gov/dnav/ng/hist/rngwhhdD.htm,eia_henry_hub_spot:1788187507759848000:3241dfb4a8883f486cfb073eb5161263d2da2c27ccb423435106659f0cd0bc3e
EIA:DHHNGSP,U.S. EIA,physical_spot,Henry Hub physical spot,Henry Hub,2026-03-26T05:00:00.000000Z,2026-03-27T05:00:00.000000Z,2.99,USD/MMBtu,,2026-08-31T14:45:07.759848Z,2026-08-26,https://www.eia.gov/dnav/ng/hist/rngwhhdD.htm,eia_henry_hub_spot:1788187507759848000:3241dfb4a8883f486cfb073eb5161263d2da2c27ccb423435106659f0cd0bc3e
EIA:DHHNGSP,U.S. EIA,physical_spot,Henry Hub physical spot,Henry Hub,2026-03-27T05:00:00.000000Z,2026-03-28T05:00:00.000000Z,2.99,USD/MMBtu,,2026-08-31T14:45:07.759848Z,2026-08-26,https://www.eia.gov/dnav/ng/hist/rngwhhdD.htm,eia_henry_hub_spot:1788187507759848000:3241dfb4a8883f486cfb073eb5161263d2da2c27ccb423435106659f0cd0bc3e
EIA:DHHNGSP,U.S. EIA,physical_spot,Henry Hub physical spot,Henry Hub,2026-03-30T05:00:00.000000Z,2026-03-31T05:00:00.000000Z,2.88,USD/MMBtu,,2026-08-31T14:45:07.759848Z,2026-08-26,https://www.eia.gov/dnav/ng/hist/rngwhhdD.htm,eia_henry_hub_spot:1788187507759848000:3241dfb4a8883f486cfb073eb5161263d2da2c27ccb423435106659f0cd0bc3e
EIA:DHHNGSP,U.S. EIA,physical_spot,Henry Hub physical spot,Henry Hub,2026-03-31T05:00:00.000000Z,2026-04-01T05:00:00.000000Z,2.88,USD/MMBtu,,2026-08-31T14:45:07.759848Z,2026-08-26,https://www.eia.gov/dnav/ng/hist/rngwhhdD.htm,eia_henry_hub_spot:1788187507759848000:3241dfb4a8883f486cfb073eb5161263d2da2c27ccb423435106659f0cd0bc3e
EIA:DHHNGSP,U.S. EIA,physical_spot,Henry Hub physical spot,Henry Hub,2026-04-01T05:00:00.000000Z,2026-04-02T05:00:00.000000Z,2.99,USD/MMBtu,,2026-08-31T14:45:07.759848Z,2026-08-26,https://www.eia.gov/dnav/ng/hist/rngwhhdD.htm,eia_henry_hub_spot:1788187507759848000:3241dfb4a8883f486cfb073eb5161263d2da2c27ccb423435106659f0cd0bc3e
EIA:DHHNGSP,U.S. EIA,physical_spot,Henry Hub physical spot,Henry Hub,2026-04-02T05:00:00.000000Z,2026-04-03T05:00:00.000000Z,2.86,USD/MMBtu,,2026-08-31T14:45:07.759848Z,2026-08-26,https://www.eia.gov/dnav/ng/hist/rngwhhdD.htm,eia_henry_hub_spot:1788187507759848000:3241dfb4a8883f486cfb073eb5161263d2da2c27ccb423435106659f0cd0bc3e
EIA:DHHNGSP,U.S. EIA,physical_spot,Henry Hub physical spot,Henry Hub,2026-04-06T05:00:00.000000Z,2026-04-07T05:00:00.000000Z,3.04,USD/MMBtu,,2026-08-31T14:45:07.759848Z,2026-08-26,https://www.eia.gov/dnav/ng/hist/rngwhhdD.htm,eia_henry_hub_spot:1788187507759848000:3241dfb4a8883f486cfb073eb5161263d2da2c27ccb423435106659f0cd0bc3e
EIA:DHHNGSP,U.S. EIA,physical_spot,Henry Hub physical spot,Henry Hub,2026-04-07T05:00:00.000000Z,2026-04-08T05:00:00.000000Z,3.01,USD/MMBtu,,2026-08-31T14:45:07.759848Z,2026-08-26,https://www.eia.gov/dnav/ng/hist/rngwhhdD.htm,eia_henry_hub_spot:1788187507759848000:3241dfb4a8883f486cfb073eb5161263d2da2c27ccb423435106659f0cd0bc3e
EIA:DHHNGSP,U.S. EIA,physical_spot,Henry Hub physical spot,Henry Hub,2026-04-08T05:00:00.000000Z,2026-04-09T05:00:00.000000Z,2.78,USD/MMBtu,,2026-08-31T14:45:07.759848Z,2026-08-26,https://www.eia.gov/dnav/ng/hist/rngwhhdD.htm,eia_henry_hub_spot:1788187507759848000:3241dfb4a8883f486cfb073eb5161263d2da2c27ccb423435106659f0cd0bc3e
EIA:DHHNGSP,U.S. EIA,physical_spot,Henry Hub physical spot,Henry Hub,2026-04-09T05:00:00.000000Z,2026-04-10T05:00:00.000000Z,2.78,USD/MMBtu,,2026-08-31T14:45:07.759848Z,2026-08-26,https://www.eia.gov/dnav/ng/hist/rngwhhdD.htm,eia_henry_hub_spot:1788187507759848000:3241dfb4a8883f486cfb073eb5161263d2da2c27ccb423435106659f0cd0bc3e
EIA:DHHNGSP,U.S. EIA,physical_spot,Henry Hub physical spot,Henry Hub,2026-04-10T05:00:00.000000Z,2026-04-11T05:00:00.000000Z,2.64,USD/MMBtu,,2026-08-31T14:45:07.759848Z,2026-08-26,https://www.eia.gov/dnav/ng/hist/rngwhhdD.htm,eia_henry_hub_spot:1788187507759848000:3241dfb4a8883f486cfb073eb5161263d2da2c27ccb423435106659f0cd0bc3e
EIA:DHHNGSP,U.S. EIA,physical_spot,Henry Hub physical spot,Henry Hub,2026-04-13T05:00:00.000000Z,2026-04-14T05:00:00.000000Z,2.79,USD/MMBtu,,2026-08-31T14:45:07.759848Z,2026-08-26,https://www.eia.gov/dnav/ng/hist/rngwhhdD.htm,eia_henry_hub_spot:1788187507759848000:3241dfb4a8883f486cfb073eb5161263d2da2c27ccb423435106659f0cd0bc3e
EIA:DHHNGSP,U.S. EIA,physical_spot,Henry Hub physical spot,Henry Hub,2026-04-14T05:00:00.000000Z,2026-04-15T05:00:00.000000Z,2.79,USD/MMBtu,,2026-08-31T14:45:07.759848Z,2026-08-26,https://www.eia.gov/dnav/ng/hist/rngwhhdD.htm,eia_henry_hub_spot:1788187507759848000:3241dfb4a8883f486cfb073eb5161263d2da2c27ccb423435106659f0cd0bc3e
EIA:DHHNGSP,U.S. EIA,physical_spot,Henry Hub physical spot,Henry Hub,2026-04-15T05:00:00.000000Z,2026-04-16T05:00:00.000000Z,2.78,USD/MMBtu,,2026-08-31T14:45:07.759848Z,2026-08-26,https://www.eia.gov/dnav/ng/hist/rngwhhdD.htm,eia_henry_hub_spot:1788187507759848000:3241dfb4a8883f486cfb073eb5161263d2da2c27ccb423435106659f0cd0bc3e
EIA:DHHNGSP,U.S. EIA,physical_spot,Henry Hub physical spot,Henry Hub,2026-04-16T05:00:00.000000Z,2026-04-17T05:00:00.000000Z,2.78,USD/MMBtu,,2026-08-31T14:45:07.759848Z,2026-08-26,https://www.eia.gov/dnav/ng/hist/rngwhhdD.htm,eia_henry_hub_spot:1788187507759848000:3241dfb4a8883f486cfb073eb5161263d2da2c27ccb423435106659f0cd0bc3e
EIA:DHHNGSP,U.S. EIA,physical_spot,Henry Hub physical spot,Henry Hub,2026-04-17T05:00:00.000000Z,2026-04-18T05:00:00.000000Z,2.71,USD/MMBtu,,2026-08-31T14:45:07.759848Z,2026-08-26,https://www.eia.gov/dnav/ng/hist/rngwhhdD.htm,eia_henry_hub_spot:1788187507759848000:3241dfb4a8883f486cfb073eb5161263d2da2c27ccb423435106659f0cd0bc3e
EIA:DHHNGSP,U.S. EIA,physical_spot,Henry Hub physical spot,Henry Hub,2026-04-20T05:00:00.000000Z,2026-04-21T05:00:00.000000Z,2.81,USD/MMBtu,,2026-08-31T14:45:07.759848Z,2026-08-26,https://www.eia.gov/dnav/ng/hist/rngwhhdD.htm,eia_henry_hub_spot:1788187507759848000:3241dfb4a8883f486cfb073eb5161263d2da2c27ccb423435106659f0cd0bc3e
EIA:DHHNGSP,U.S. EIA,physical_spot,Henry Hub physical spot,Henry Hub,2026-04-21T05:00:00.000000Z,2026-04-22T05:00:00.000000Z,2.76,USD/MMBtu,,2026-08-31T14:45:07.759848Z,2026-08-26,https://www.eia.gov/dnav/ng/hist/rngwhhdD.htm,eia_henry_hub_spot:1788187507759848000:3241dfb4a8883f486cfb073eb5161263d2da2c27ccb423435106659f0cd0bc3e
EIA:DHHNGSP,U.S. EIA,physical_spot,Henry Hub physical spot,Henry Hub,2026-04-22T05:00:00.000000Z,2026-04-23T05:00:00.000000Z,2.75,USD/MMBtu,,2026-08-31T14:45:07.759848Z,2026-08-26,https://www.eia.gov/dnav/ng/hist/rngwhhdD.htm,eia_henry_hub_spot:1788187507759848000:3241dfb4a8883f486cfb073eb5161263d2da2c27ccb423435106659f0cd0bc3e
EIA:DHHNGSP,U.S. EIA,physical_spot,Henry Hub physical spot,Henry Hub,2026-04-23T05:00:00.000000Z,2026-04-24T05:00:00.000000Z,2.65,USD/MMBtu,,2026-08-31T14:45:07.759848Z,2026-08-26,https://www.eia.gov/dnav/ng/hist/rngwhhdD.htm,eia_henry_hub_spot:1788187507759848000:3241dfb4a8883f486cfb073eb5161263d2da2c27ccb423435106659f0cd0bc3e
EIA:DHHNGSP,U.S. EIA,physical_spot,Henry Hub physical spot,Henry Hub,2026-04-24T05:00:00.000000Z,2026-04-25T05:00:00.000000Z,2.54,USD/MMBtu,,2026-08-31T14:45:07.759848Z,2026-08-26,https://www.eia.gov/dnav/ng/hist/rngwhhdD.htm,eia_henry_hub_spot:1788187507759848000:3241dfb4a8883f486cfb073eb5161263d2da2c27ccb423435106659f0cd0bc3e
EIA:DHHNGSP,U.S. EIA,physical_spot,Henry Hub physical spot,Henry Hub,2026-04-27T05:00:00.000000Z,2026-04-28T05:00:00.000000Z,2.72,USD/MMBtu,,2026-08-31T14:45:07.759848Z,2026-08-26,https://www.eia.gov/dnav/ng/hist/rngwhhdD.htm,eia_henry_hub_spot:1788187507759848000:3241dfb4a8883f486cfb073eb5161263d2da2c27ccb423435106659f0cd0bc3e
EIA:DHHNGSP,U.S. EIA,physical_spot,Henry Hub physical spot,Henry Hub,2026-04-28T05:00:00.000000Z,2026-04-29T05:00:00.000000Z,2.7,USD/MMBtu,,2026-08-31T14:45:07.759848Z,2026-08-26,https://www.eia.gov/dnav/ng/hist/rngwhhdD.htm,eia_henry_hub_spot:1788187507759848000:3241dfb4a8883f486cfb073eb5161263d2da2c27ccb423435106659f0cd0bc3e
EIA:DHHNGSP,U.S. EIA,physical_spot,Henry Hub physical spot,Henry Hub,2026-04-29T05:00:00.000000Z,2026-04-30T05:00:00.000000Z,2.6,USD/MMBtu,,2026-08-31T14:45:07.759848Z,2026-08-26,https://www.eia.gov/dnav/ng/hist/rngwhhdD.htm,eia_henry_hub_spot:1788187507759848000:3241dfb4a8883f486cfb073eb5161263d2da2c27ccb423435106659f0cd0bc3e
EIA:DHHNGSP,U.S. EIA,physical_spot,Henry Hub physical spot,Henry Hub,2026-04-30T05:00:00.000000Z,2026-05-01T05:00:00.000000Z,2.64,USD/MMBtu,,2026-08-31T14:45:07.759848Z,2026-08-26,https://www.eia.gov/dnav/ng/hist/rngwhhdD.htm,eia_henry_hub_spot:1788187507759848000:3241dfb4a8883f486cfb073eb5161263d2da2c27ccb423435106659f0cd0bc3e
EIA:DHHNGSP,U.S. EIA,physical_spot,Henry Hub physical spot,Henry Hub,2026-05-01T05:00:00.000000Z,2026-05-02T05:00:00.000000Z,2.63,USD/MMBtu,,2026-08-31T14:45:07.759848Z,2026-08-26,https://www.eia.gov/dnav/ng/hist/rngwhhdD.htm,eia_henry_hub_spot:1788187507759848000:3241dfb4a8883f486cfb073eb5161263d2da2c27ccb423435106659f0cd0bc3e
EIA:DHHNGSP,U.S. EIA,physical_spot,Henry Hub physical spot,Henry Hub,2026-05-04T05:00:00.000000Z,2026-05-05T05:00:00.000000Z,2.67,USD/MMBtu,,2026-08-31T14:45:07.759848Z,2026-08-26,https://www.eia.gov/dnav/ng/hist/rngwhhdD.htm,eia_henry_hub_spot:1788187507759848000:3241dfb4a8883f486cfb073eb5161263d2da2c27ccb423435106659f0cd0bc3e
EIA:DHHNGSP,U.S. EIA,physical_spot,Henry Hub physical spot,Henry Hub,2026-05-05T05:00:00.000000Z,2026-05-06T05:00:00.000000Z,2.83,USD/MMBtu,,2026-08-31T14:45:07.759848Z,2026-08-26,https://www.eia.gov/dnav/ng/hist/rngwhhdD.htm,eia_henry_hub_spot:1788187507759848000:3241dfb4a8883f486cfb073eb5161263d2da2c27ccb423435106659f0cd0bc3e
EIA:DHHNGSP,U.S. EIA,physical_spot,Henry Hub physical spot,Henry Hub,2026-05-06T05:00:00.000000Z,2026-05-07T05:00:00.000000Z,2.75,USD/MMBtu,,2026-08-31T14:45:07.759848Z,2026-08-26,https://www.eia.gov/dnav/ng/hist/rngwhhdD.htm,eia_henry_hub_spot:1788187507759848000:3241dfb4a8883f486cfb073eb5161263d2da2c27ccb423435106659f0cd0bc3e
EIA:DHHNGSP,U.S. EIA,physical_spot,Henry Hub physical spot,Henry Hub,2026-05-07T05:00:00.000000Z,2026-05-08T05:00:00.000000Z,2.7,USD/MMBtu,,2026-08-31T14:45:07.759848Z,2026-08-26,https://www.eia.gov/dnav/ng/hist/rngwhhdD.htm,eia_henry_hub_spot:1788187507759848000:3241dfb4a8883f486cfb073eb5161263d2da2c27ccb423435106659f0cd0bc3e
EIA:DHHNGSP,U.S. EIA,physical_spot,Henry Hub physical spot,Henry Hub,2026-05-08T05:00:00.000000Z,2026-05-09T05:00:00.000000Z,2.75,USD/MMBtu,,2026-08-31T14:45:07.759848Z,2026-08-26,https://www.eia.gov/dnav/ng/hist/rngwhhdD.htm,eia_henry_hub_spot:1788187507759848000:3241dfb4a8883f486cfb073eb5161263d2da2c27ccb423435106659f0cd0bc3e
EIA:DHHNGSP,U.S. EIA,physical_spot,Henry Hub physical spot,Henry Hub,2026-05-11T05:00:00.000000Z,2026-05-12T05:00:00.000000Z,2.82,USD/MMBtu,,2026-08-31T14:45:07.759848Z,2026-08-26,https://www.eia.gov/dnav/ng/hist/rngwhhdD.htm,eia_henry_hub_spot:1788187507759848000:3241dfb4a8883f486cfb073eb5161263d2da2c27ccb423435106659f0cd0bc3e
EIA:DHHNGSP,U.S. EIA,physical_spot,Henry Hub physical spot,Henry Hub,2026-05-12T05:00:00.000000Z,2026-05-13T05:00:00.000000Z,2.91,USD/MMBtu,,2026-08-31T14:45:07.759848Z,2026-08-26,https://www.eia.gov/dnav/ng/hist/rngwhhdD.htm,eia_henry_hub_spot:1788187507759848000:3241dfb4a8883f486cfb073eb5161263d2da2c27ccb423435106659f0cd0bc3e
EIA:DHHNGSP,U.S. EIA,physical_spot,Henry Hub physical spot,Henry Hub,2026-05-13T05:00:00.000000Z,2026-05-14T05:00:00.000000Z,2.88,USD/MMBtu,,2026-08-31T14:45:07.759848Z,2026-08-26,https://www.eia.gov/dnav/ng/hist/rngwhhdD.htm,eia_henry_hub_spot:1788187507759848000:3241dfb4a8883f486cfb073eb5161263d2da2c27ccb423435106659f0cd0bc3e
EIA:DHHNGSP,U.S. EIA,physical_spot,Henry Hub physical spot,Henry Hub,2026-05-14T05:00:00.000000Z,2026-05-15T05:00:00.000000Z,2.79,USD/MMBtu,,2026-08-31T14:45:07.759848Z,2026-08-26,https://www.eia.gov/dnav/ng/hist/rngwhhdD.htm,eia_henry_hub_spot:1788187507759848000:3241dfb4a8883f486cfb073eb5161263d2da2c27ccb423435106659f0cd0bc3e
EIA:DHHNGSP,U.S. EIA,physical_spot,Henry Hub physical spot,Henry Hub,2026-05-15T05:00:00.000000Z,2026-05-16T05:00:00.000000Z,2.89,USD/MMBtu,,2026-08-31T14:45:07.759848Z,2026-08-26,https://www.eia.gov/dnav/ng/hist/rngwhhdD.htm,eia_henry_hub_spot:1788187507759848000:3241dfb4a8883f486cfb073eb5161263d2da2c27ccb423435106659f0cd0bc3e
EIA:DHHNGSP,U.S. EIA,physical_spot,Henry Hub physical spot,Henry Hub,2026-05-18T05:00:00.000000Z,2026-05-19T05:00:00.000000Z,3.07,USD/MMBtu,,2026-08-31T14:45:07.759848Z,2026-08-26,https://www.eia.gov/dnav/ng/hist/rngwhhdD.htm,eia_henry_hub_spot:1788187507759848000:3241dfb4a8883f486cfb073eb5161263d2da2c27ccb423435106659f0cd0bc3e
EIA:DHHNGSP,U.S. EIA,physical_spot,Henry Hub physical spot,Henry Hub,2026-05-19T05:00:00.000000Z,2026-05-20T05:00:00.000000Z,3.23,USD/MMBtu,,2026-08-31T14:45:07.759848Z,2026-08-26,https://www.eia.gov/dnav/ng/hist/rngwhhdD.htm,eia_henry_hub_spot:1788187507759848000:3241dfb4a8883f486cfb073eb5161263d2da2c27ccb423435106659f0cd0bc3e
EIA:DHHNGSP,U.S. EIA,physical_spot,Henry Hub physical spot,Henry Hub,2026-05-20T05:00:00.000000Z,2026-05-21T05:00:00.000000Z,3.18,USD/MMBtu,,2026-08-31T14:45:07.759848Z,2026-08-26,https://www.eia.gov/dnav/ng/hist/rngwhhdD.htm,eia_henry_hub_spot:1788187507759848000:3241dfb4a8883f486cfb073eb5161263d2da2c27ccb423435106659f0cd0bc3e
EIA:DHHNGSP,U.S. EIA,physical_spot,Henry Hub physical spot,Henry Hub,2026-05-21T05:00:00.000000Z,2026-05-22T05:00:00.000000Z,3.14,USD/MMBtu,,2026-08-31T14:45:07.759848Z,2026-08-26,https://www.eia.gov/dnav/ng/hist/rngwhhdD.htm,eia_henry_hub_spot:1788187507759848000:3241dfb4a8883f486cfb073eb5161263d2da2c27ccb423435106659f0cd0bc3e
EIA:DHHNGSP,U.S. EIA,physical_spot,Henry Hub physical spot,Henry Hub,2026-05-22T05:00:00.000000Z,2026-05-23T05:00:00.000000Z,2.92,USD/MMBtu,,2026-08-31T14:45:07.759848Z,2026-08-26,https://www.eia.gov/dnav/ng/hist/rngwhhdD.htm,eia_henry_hub_spot:1788187507759848000:3241dfb4a8883f486cfb073eb5161263d2da2c27ccb423435106659f0cd0bc3e
EIA:DHHNGSP,U.S. EIA,physical_spot,Henry Hub physical spot,Henry Hub,2026-05-26T05:00:00.000000Z,2026-05-27T05:00:00.000000Z,3.1,USD/MMBtu,,2026-08-31T14:45:07.759848Z,2026-08-26,https://www.eia.gov/dnav/ng/hist/rngwhhdD.htm,eia_henry_hub_spot:1788187507759848000:3241dfb4a8883f486cfb073eb5161263d2da2c27ccb423435106659f0cd0bc3e
EIA:DHHNGSP,U.S. EIA,physical_spot,Henry Hub physical spot,Henry Hub,2026-05-27T05:00:00.000000Z,2026-05-28T05:00:00.000000Z,3.13,USD/MMBtu,,2026-08-31T14:45:07.759848Z,2026-08-26,https://www.eia.gov/dnav/ng/hist/rngwhhdD.htm,eia_henry_hub_spot:1788187507759848000:3241dfb4a8883f486cfb073eb5161263d2da2c27ccb423435106659f0cd0bc3e
EIA:DHHNGSP,U.S. EIA,physical_spot,Henry Hub physical spot,Henry Hub,2026-05-28T05:00:00.000000Z,2026-05-29T05:00:00.000000Z,3.04,USD/MMBtu,,2026-08-31T14:45:07.759848Z,2026-08-26,https://www.eia.gov/dnav/ng/hist/rngwhhdD.htm,eia_henry_hub_spot:1788187507759848000:3241dfb4a8883f486cfb073eb5161263d2da2c27ccb423435106659f0cd0bc3e
EIA:DHHNGSP,U.S. EIA,physical_spot,Henry Hub physical spot,Henry Hub,2026-05-29T05:00:00.000000Z,2026-05-30T05:00:00.000000Z,3.34,USD/MMBtu,,2026-08-31T14:45:07.759848Z,2026-08-26,https://www.eia.gov/dnav/ng/hist/rngwhhdD.htm,eia_henry_hub_spot:1788187507759848000:3241dfb4a8883f486cfb073eb5161263d2da2c27ccb423435106659f0cd0bc3e
EIA:DHHNGSP,U.S. EIA,physical_spot,Henry Hub physical spot,Henry Hub,2026-06-01T05:00:00.000000Z,2026-06-02T05:00:00.000000Z,3.07,USD/MMBtu,,2026-08-31T14:45:07.759848Z,2026-08-26,https://www.eia.gov/dnav/ng/hist/rngwhhdD.htm,eia_henry_hub_spot:1788187507759848000:3241dfb4a8883f486cfb073eb5161263d2da2c27ccb423435106659f0cd0bc3e
EIA:DHHNGSP,U.S. EIA,physical_spot,Henry Hub physical spot,Henry Hub,2026-06-02T05:00:00.000000Z,2026-06-03T05:00:00.000000Z,2.97,USD/MMBtu,,2026-08-31T14:45:07.759848Z,2026-08-26,https://www.eia.gov/dnav/ng/hist/rngwhhdD.htm,eia_henry_hub_spot:1788187507759848000:3241dfb4a8883f486cfb073eb5161263d2da2c27ccb423435106659f0cd0bc3e
EIA:DHHNGSP,U.S. EIA,physical_spot,Henry Hub physical spot,Henry Hub,2026-06-03T05:00:00.000000Z,2026-06-04T05:00:00.000000Z,2.97,USD/MMBtu,,2026-08-31T14:45:07.759848Z,2026-08-26,https://www.eia.gov/dnav/ng/hist/rngwhhdD.htm,eia_henry_hub_spot:1788187507759848000:3241dfb4a8883f486cfb073eb5161263d2da2c27ccb423435106659f0cd0bc3e
EIA:DHHNGSP,U.S. EIA,physical_spot,Henry Hub physical spot,Henry Hub,2026-06-04T05:00:00.000000Z,2026-06-05T05:00:00.000000Z,3.08,USD/MMBtu,,2026-08-31T14:45:07.759848Z,2026-08-26,https://www.eia.gov/dnav/ng/hist/rngwhhdD.htm,eia_henry_hub_spot:1788187507759848000:3241dfb4a8883f486cfb073eb5161263d2da2c27ccb423435106659f0cd0bc3e
EIA:DHHNGSP,U.S. EIA,physical_spot,Henry Hub physical spot,Henry Hub,2026-06-05T05:00:00.000000Z,2026-06-06T05:00:00.000000Z,3.05,USD/MMBtu,,2026-08-31T14:45:07.759848Z,2026-08-26,https://www.eia.gov/dnav/ng/hist/rngwhhdD.htm,eia_henry_hub_spot:1788187507759848000:3241dfb4a8883f486cfb073eb5161263d2da2c27ccb423435106659f0cd0bc3e
EIA:DHHNGSP,U.S. EIA,physical_spot,Henry Hub physical spot,Henry Hub,2026-06-08T05:00:00.000000Z,2026-06-09T05:00:00.000000Z,3.1,USD/MMBtu,,2026-08-31T14:45:07.759848Z,2026-08-26,https://www.eia.gov/dnav/ng/hist/rngwhhdD.htm,eia_henry_hub_spot:1788187507759848000:3241dfb4a8883f486cfb073eb5161263d2da2c27ccb423435106659f0cd0bc3e
EIA:DHHNGSP,U.S. EIA,physical_spot,Henry Hub physical spot,Henry Hub,2026-06-09T05:00:00.000000Z,2026-06-10T05:00:00.000000Z,3.18,USD/MMBtu,,2026-08-31T14:45:07.759848Z,2026-08-26,https://www.eia.gov/dnav/ng/hist/rngwhhdD.htm,eia_henry_hub_spot:1788187507759848000:3241dfb4a8883f486cfb073eb5161263d2da2c27ccb423435106659f0cd0bc3e
EIA:DHHNGSP,U.S. EIA,physical_spot,Henry Hub physical spot,Henry Hub,2026-06-10T05:00:00.000000Z,2026-06-11T05:00:00.000000Z,3.27,USD/MMBtu,,2026-08-31T14:45:07.759848Z,2026-08-26,https://www.eia.gov/dnav/ng/hist/rngwhhdD.htm,eia_henry_hub_spot:1788187507759848000:3241dfb4a8883f486cfb073eb5161263d2da2c27ccb423435106659f0cd0bc3e
EIA:DHHNGSP,U.S. EIA,physical_spot,Henry Hub physical spot,Henry Hub,2026-06-11T05:00:00.000000Z,2026-06-12T05:00:00.000000Z,3.16,USD/MMBtu,,2026-08-31T14:45:07.759848Z,2026-08-26,https://www.eia.gov/dnav/ng/hist/rngwhhdD.htm,eia_henry_hub_spot:1788187507759848000:3241dfb4a8883f486cfb073eb5161263d2da2c27ccb423435106659f0cd0bc3e
EIA:DHHNGSP,U.S. EIA,physical_spot,Henry Hub physical spot,Henry Hub,2026-06-12T05:00:00.000000Z,2026-06-13T05:00:00.000000Z,3.06,USD/MMBtu,,2026-08-31T14:45:07.759848Z,2026-08-26,https://www.eia.gov/dnav/ng/hist/rngwhhdD.htm,eia_henry_hub_spot:1788187507759848000:3241dfb4a8883f486cfb073eb5161263d2da2c27ccb423435106659f0cd0bc3e
EIA:DHHNGSP,U.S. EIA,physical_spot,Henry Hub physical spot,Henry Hub,2026-06-15T05:00:00.000000Z,2026-06-16T05:00:00.000000Z,3.06,USD/MMBtu,,2026-08-31T14:45:07.759848Z,2026-08-26,https://www.eia.gov/dnav/ng/hist/rngwhhdD.htm,eia_henry_hub_spot:1788187507759848000:3241dfb4a8883f486cfb073eb5161263d2da2c27ccb423435106659f0cd0bc3e
EIA:DHHNGSP,U.S. EIA,physical_spot,Henry Hub physical spot,Henry Hub,2026-06-16T05:00:00.000000Z,2026-06-17T05:00:00.000000Z,3.1,USD/MMBtu,,2026-08-31T14:45:07.759848Z,2026-08-26,https://www.eia.gov/dnav/ng/hist/rngwhhdD.htm,eia_henry_hub_spot:1788187507759848000:3241dfb4a8883f486cfb073eb5161263d2da2c27ccb423435106659f0cd0bc3e
EIA:DHHNGSP,U.S. EIA,physical_spot,Henry Hub physical spot,Henry Hub,2026-06-17T05:00:00.000000Z,2026-06-18T05:00:00.000000Z,3.25,USD/MMBtu,,2026-08-31T14:45:07.759848Z,2026-08-26,https://www.eia.gov/dnav/ng/hist/rngwhhdD.htm,eia_henry_hub_spot:1788187507759848000:3241dfb4a8883f486cfb073eb5161263d2da2c27ccb423435106659f0cd0bc3e
EIA:DHHNGSP,U.S. EIA,physical_spot,Henry Hub physical spot,Henry Hub,2026-06-18T05:00:00.000000Z,2026-06-19T05:00:00.000000Z,3.08,USD/MMBtu,,2026-08-31T14:45:07.759848Z,2026-08-26,https://www.eia.gov/dnav/ng/hist/rngwhhdD.htm,eia_henry_hub_spot:1788187507759848000:3241dfb4a8883f486cfb073eb5161263d2da2c27ccb423435106659f0cd0bc3e
EIA:DHHNGSP,U.S. EIA,physical_spot,Henry Hub physical spot,Henry Hub,2026-06-22T05:00:00.000000Z,2026-06-23T05:00:00.000000Z,3.16,USD/MMBtu,,2026-08-31T14:45:07.759848Z,2026-08-26,https://www.eia.gov/dnav/ng/hist/rngwhhdD.htm,eia_henry_hub_spot:1788187507759848000:3241dfb4a8883f486cfb073eb5161263d2da2c27ccb423435106659f0cd0bc3e
EIA:DHHNGSP,U.S. EIA,physical_spot,Henry Hub physical spot,Henry Hub,2026-06-23T05:00:00.000000Z,2026-06-24T05:00:00.000000Z,3.15,USD/MMBtu,,2026-08-31T14:45:07.759848Z,2026-08-26,https://www.eia.gov/dnav/ng/hist/rngwhhdD.htm,eia_henry_hub_spot:1788187507759848000:3241dfb4a8883f486cfb073eb5161263d2da2c27ccb423435106659f0cd0bc3e
EIA:DHHNGSP,U.S. EIA,physical_spot,Henry Hub physical spot,Henry Hub,2026-06-24T05:00:00.000000Z,2026-06-25T05:00:00.000000Z,3.19,USD/MMBtu,,2026-08-31T14:45:07.759848Z,2026-08-26,https://www.eia.gov/dnav/ng/hist/rngwhhdD.htm,eia_henry_hub_spot:1788187507759848000:3241dfb4a8883f486cfb073eb5161263d2da2c27ccb423435106659f0cd0bc3e
EIA:DHHNGSP,U.S. EIA,physical_spot,Henry Hub physical spot,Henry Hub,2026-06-25T05:00:00.000000Z,2026-06-26T05:00:00.000000Z,3.21,USD/MMBtu,,2026-08-31T14:45:07.759848Z,2026-08-26,https://www.eia.gov/dnav/ng/hist/rngwhhdD.htm,eia_henry_hub_spot:1788187507759848000:3241dfb4a8883f486cfb073eb5161263d2da2c27ccb423435106659f0cd0bc3e
EIA:DHHNGSP,U.S. EIA,physical_spot,Henry Hub physical spot,Henry Hub,2026-06-26T05:00:00.000000Z,2026-06-27T05:00:00.000000Z,3.26,USD/MMBtu,,2026-08-31T14:45:07.759848Z,2026-08-26,https://www.eia.gov/dnav/ng/hist/rngwhhdD.htm,eia_henry_hub_spot:1788187507759848000:3241dfb4a8883f486cfb073eb5161263d2da2c27ccb423435106659f0cd0bc3e
EIA:DHHNGSP,U.S. EIA,physical_spot,Henry Hub physical spot,Henry Hub,2026-06-29T05:00:00.000000Z,2026-06-30T05:00:00.000000Z,3.33,USD/MMBtu,,2026-08-31T14:45:07.759848Z,2026-08-26,https://www.eia.gov/dnav/ng/hist/rngwhhdD.htm,eia_henry_hub_spot:1788187507759848000:3241dfb4a8883f486cfb073eb5161263d2da2c27ccb423435106659f0cd0bc3e
EIA:DHHNGSP,U.S. EIA,physical_spot,Henry Hub physical spot,Henry Hub,2026-06-30T05:00:00.000000Z,2026-07-01T05:00:00.000000Z,3.34,USD/MMBtu,,2026-08-31T14:45:07.759848Z,2026-08-26,https://www.eia.gov/dnav/ng/hist/rngwhhdD.htm,eia_henry_hub_spot:1788187507759848000:3241dfb4a8883f486cfb073eb5161263d2da2c27ccb423435106659f0cd0bc3e
EIA:DHHNGSP,U.S. EIA,physical_spot,Henry Hub physical spot,Henry Hub,2026-07-01T05:00:00.000000Z,2026-07-02T05:00:00.000000Z,3.34,USD/MMBtu,,2026-08-31T14:45:07.759848Z,2026-08-26,https://www.eia.gov/dnav/ng/hist/rngwhhdD.htm,eia_henry_hub_spot:1788187507759848000:3241dfb4a8883f486cfb073eb5161263d2da2c27ccb423435106659f0cd0bc3e
EIA:DHHNGSP,U.S. EIA,physical_spot,Henry Hub physical spot,Henry Hub,2026-07-02T05:00:00.000000Z,2026-07-03T05:00:00.000000Z,3.34,USD/MMBtu,,2026-08-31T14:45:07.759848Z,2026-08-26,https://www.eia.gov/dnav/ng/hist/rngwhhdD.htm,eia_henry_hub_spot:1788187507759848000:3241dfb4a8883f486cfb073eb5161263d2da2c27ccb423435106659f0cd0bc3e
EIA:DHHNGSP,U.S. EIA,physical_spot,Henry Hub physical spot,Henry Hub,2026-07-06T05:00:00.000000Z,2026-07-07T05:00:00.000000Z,3.29,USD/MMBtu,,2026-08-31T14:45:07.759848Z,2026-08-26,https://www.eia.gov/dnav/ng/hist/rngwhhdD.htm,eia_henry_hub_spot:1788187507759848000:3241dfb4a8883f486cfb073eb5161263d2da2c27ccb423435106659f0cd0bc3e
EIA:DHHNGSP,U.S. EIA,physical_spot,Henry Hub physical spot,Henry Hub,2026-07-07T05:00:00.000000Z,2026-07-08T05:00:00.000000Z,3.13,USD/MMBtu,,2026-08-31T14:45:07.759848Z,2026-08-26,https://www.eia.gov/dnav/ng/hist/rngwhhdD.htm,eia_henry_hub_spot:1788187507759848000:3241dfb4a8883f486cfb073eb5161263d2da2c27ccb423435106659f0cd0bc3e
EIA:DHHNGSP,U.S. EIA,physical_spot,Henry Hub physical spot,Henry Hub,2026-07-08T05:00:00.000000Z,2026-07-09T05:00:00.000000Z,3.13,USD/MMBtu,,2026-08-31T14:45:07.759848Z,2026-08-26,https://www.eia.gov/dnav/ng/hist/rngwhhdD.htm,eia_henry_hub_spot:1788187507759848000:3241dfb4a8883f486cfb073eb5161263d2da2c27ccb423435106659f0cd0bc3e
EIA:DHHNGSP,U.S. EIA,physical_spot,Henry Hub physical spot,Henry Hub,2026-07-09T05:00:00.000000Z,2026-07-10T05:00:00.000000Z,3.17,USD/MMBtu,,2026-08-31T14:45:07.759848Z,2026-08-26,https://www.eia.gov/dnav/ng/hist/rngwhhdD.htm,eia_henry_hub_spot:1788187507759848000:3241dfb4a8883f486cfb073eb5161263d2da2c27ccb423435106659f0cd0bc3e
EIA:DHHNGSP,U.S. EIA,physical_spot,Henry Hub physical spot,Henry Hub,2026-07-10T05:00:00.000000Z,2026-07-11T05:00:00.000000Z,2.73,USD/MMBtu,,2026-08-31T14:45:07.759848Z,2026-08-26,https://www.eia.gov/dnav/ng/hist/rngwhhdD.htm,eia_henry_hub_spot:1788187507759848000:3241dfb4a8883f486cfb073eb5161263d2da2c27ccb423435106659f0cd0bc3e
EIA:DHHNGSP,U.S. EIA,physical_spot,Henry Hub physical spot,Henry Hub,2026-07-13T05:00:00.000000Z,2026-07-14T05:00:00.000000Z,2.83,USD/MMBtu,,2026-08-31T14:45:07.759848Z,2026-08-26,https://www.eia.gov/dnav/ng/hist/rngwhhdD.htm,eia_henry_hub_spot:1788187507759848000:3241dfb4a8883f486cfb073eb5161263d2da2c27ccb423435106659f0cd0bc3e
EIA:DHHNGSP,U.S. EIA,physical_spot,Henry Hub physical spot,Henry Hub,2026-07-14T05:00:00.000000Z,2026-07-15T05:00:00.000000Z,2.76,USD/MMBtu,,2026-08-31T14:45:07.759848Z,2026-08-26,https://www.eia.gov/dnav/ng/hist/rngwhhdD.htm,eia_henry_hub_spot:1788187507759848000:3241dfb4a8883f486cfb073eb5161263d2da2c27ccb423435106659f0cd0bc3e
EIA:DHHNGSP,U.S. EIA,physical_spot,Henry Hub physical spot,Henry Hub,2026-07-15T05:00:00.000000Z,2026-07-16T05:00:00.000000Z,2.8,USD/MMBtu,,2026-08-31T14:45:07.759848Z,2026-08-26,https://www.eia.gov/dnav/ng/hist/rngwhhdD.htm,eia_henry_hub_spot:1788187507759848000:3241dfb4a8883f486cfb073eb5161263d2da2c27ccb423435106659f0cd0bc3e
EIA:DHHNGSP,U.S. EIA,physical_spot,Henry Hub physical spot,Henry Hub,2026-07-16T05:00:00.000000Z,2026-07-17T05:00:00.000000Z,2.83,USD/MMBtu,,2026-08-31T14:45:07.759848Z,2026-08-26,https://www.eia.gov/dnav/ng/hist/rngwhhdD.htm,eia_henry_hub_spot:1788187507759848000:3241dfb4a8883f486cfb073eb5161263d2da2c27ccb423435106659f0cd0bc3e
EIA:DHHNGSP,U.S. EIA,physical_spot,Henry Hub physical spot,Henry Hub,2026-07-17T05:00:00.000000Z,2026-07-18T05:00:00.000000Z,2.75,USD/MMBtu,,2026-08-31T14:45:07.759848Z,2026-08-26,https://www.eia.gov/dnav/ng/hist/rngwhhdD.htm,eia_henry_hub_spot:1788187507759848000:3241dfb4a8883f486cfb073eb5161263d2da2c27ccb423435106659f0cd0bc3e
EIA:DHHNGSP,U.S. EIA,physical_spot,Henry Hub physical spot,Henry Hub,2026-07-20T05:00:00.000000Z,2026-07-21T05:00:00.000000Z,2.8,USD/MMBtu,,2026-08-31T14:45:07.759848Z,2026-08-26,https://www.eia.gov/dnav/ng/hist/rngwhhdD.htm,eia_henry_hub_spot:1788187507759848000:3241dfb4a8883f486cfb073eb5161263d2da2c27ccb423435106659f0cd0bc3e
EIA:DHHNGSP,U.S. EIA,physical_spot,Henry Hub physical spot,Henry Hub,2026-07-21T05:00:00.000000Z,2026-07-22T05:00:00.000000Z,2.8,USD/MMBtu,,2026-08-31T14:45:07.759848Z,2026-08-26,https://www.eia.gov/dnav/ng/hist/rngwhhdD.htm,eia_henry_hub_spot:1788187507759848000:3241dfb4a8883f486cfb073eb5161263d2da2c27ccb423435106659f0cd0bc3e
EIA:DHHNGSP,U.S. EIA,physical_spot,Henry Hub physical spot,Henry Hub,2026-07-22T05:00:00.000000Z,2026-07-23T05:00:00.000000Z,2.93,USD/MMBtu,,2026-08-31T14:45:07.759848Z,2026-08-26,https://www.eia.gov/dnav/ng/hist/rngwhhdD.htm,eia_henry_hub_spot:1788187507759848000:3241dfb4a8883f486cfb073eb5161263d2da2c27ccb423435106659f0cd0bc3e
EIA:DHHNGSP,U.S. EIA,physical_spot,Henry Hub physical spot,Henry Hub,2026-07-23T05:00:00.000000Z,2026-07-24T05:00:00.000000Z,2.92,USD/MMBtu,,2026-08-31T14:45:07.759848Z,2026-08-26,https://www.eia.gov/dnav/ng/hist/rngwhhdD.htm,eia_henry_hub_spot:1788187507759848000:3241dfb4a8883f486cfb073eb5161263d2da2c27ccb423435106659f0cd0bc3e
EIA:DHHNGSP,U.S. EIA,physical_spot,Henry Hub physical spot,Henry Hub,2026-07-24T05:00:00.000000Z,2026-07-25T05:00:00.000000Z,2.87,USD/MMBtu,,2026-08-31T14:45:07.759848Z,2026-08-26,https://www.eia.gov/dnav/ng/hist/rngwhhdD.htm,eia_henry_hub_spot:1788187507759848000:3241dfb4a8883f486cfb073eb5161263d2da2c27ccb423435106659f0cd0bc3e
EIA:DHHNGSP,U.S. EIA,physical_spot,Henry Hub physical spot,Henry Hub,2026-07-27T05:00:00.000000Z,2026-07-28T05:00:00.000000Z,2.63,USD/MMBtu,,2026-08-31T14:45:07.759848Z,2026-08-26,https://www.eia.gov/dnav/ng/hist/rngwhhdD.htm,eia_henry_hub_spot:1788187507759848000:3241dfb4a8883f486cfb073eb5161263d2da2c27ccb423435106659f0cd0bc3e
EIA:DHHNGSP,U.S. EIA,physical_spot,Henry Hub physical spot,Henry Hub,2026-07-28T05:00:00.000000Z,2026-07-29T05:00:00.000000Z,2.65,USD/MMBtu,,2026-08-31T14:45:07.759848Z,2026-08-26,https://www.eia.gov/dnav/ng/hist/rngwhhdD.htm,eia_henry_hub_spot:1788187507759848000:3241dfb4a8883f486cfb073eb5161263d2da2c27ccb423435106659f0cd0bc3e
EIA:DHHNGSP,U.S. EIA,physical_spot,Henry Hub physical spot,Henry Hub,2026-07-29T05:00:00.000000Z,2026-07-30T05:00:00.000000Z,2.58,USD/MMBtu,,2026-08-31T14:45:07.759848Z,2026-08-26,https://www.eia.gov/dnav/ng/hist/rngwhhdD.htm,eia_henry_hub_spot:1788187507759848000:3241dfb4a8883f486cfb073eb5161263d2da2c27ccb423435106659f0cd0bc3e
EIA:DHHNGSP,U.S. EIA,physical_spot,Henry Hub physical spot,Henry Hub,2026-07-30T05:00:00.000000Z,2026-07-31T05:00:00.000000Z,2.65,USD/MMBtu,,2026-08-31T14:45:07.759848Z,2026-08-26,https://www.eia.gov/dnav/ng/hist/rngwhhdD.htm,eia_henry_hub_spot:1788187507759848000:3241dfb4a8883f486cfb073eb5161263d2da2c27ccb423435106659f0cd0bc3e
EIA:DHHNGSP,U.S. EIA,physical_spot,Henry Hub physical spot,Henry Hub,2026-07-31T05:00:00.000000Z,2026-08-01T05:00:00.000000Z,2.59,USD/MMBtu,,2026-08-31T14:45:07.759848Z,2026-08-26,https://www.eia.gov/dnav/ng/hist/rngwhhdD.htm,eia_henry_hub_spot:1788187507759848000:3241dfb4a8883f486cfb073eb5161263d2da2c27ccb423435106659f0cd0bc3e
EIA:DHHNGSP,U.S. EIA,physical_spot,Henry Hub physical spot,Henry Hub,2026-08-03T05:00:00.000000Z,2026-08-04T05:00:00.000000Z,2.81,USD/MMBtu,,2026-08-31T14:45:07.759848Z,2026-08-26,https://www.eia.gov/dnav/ng/hist/rngwhhdD.htm,eia_henry_hub_spot:1788187507759848000:3241dfb4a8883f486cfb073eb5161263d2da2c27ccb423435106659f0cd0bc3e
EIA:DHHNGSP,U.S. EIA,physical_spot,Henry Hub physical spot,Henry Hub,2026-08-04T05:00:00.000000Z,2026-08-05T05:00:00.000000Z,2.74,USD/MMBtu,,2026-08-31T14:45:07.759848Z,2026-08-26,https://www.eia.gov/dnav/ng/hist/rngwhhdD.htm,eia_henry_hub_spot:1788187507759848000:3241dfb4a8883f486cfb073eb5161263d2da2c27ccb423435106659f0cd0bc3e
EIA:DHHNGSP,U.S. EIA,physical_spot,Henry Hub physical spot,Henry Hub,2026-08-05T05:00:00.000000Z,2026-08-06T05:00:00.000000Z,2.6,USD/MMBtu,,2026-08-31T14:45:07.759848Z,2026-08-26,https://www.eia.gov/dnav/ng/hist/rngwhhdD.htm,eia_henry_hub_spot:1788187507759848000:3241dfb4a8883f486cfb073eb5161263d2da2c27ccb423435106659f0cd0bc3e
EIA:DHHNGSP,U.S. EIA,physical_spot,Henry Hub physical spot,Henry Hub,2026-08-06T05:00:00.000000Z,2026-08-07T05:00:00.000000Z,2.6,USD/MMBtu,,2026-08-31T14:45:07.759848Z,2026-08-26,https://www.eia.gov/dnav/ng/hist/rngwhhdD.htm,eia_henry_hub_spot:1788187507759848000:3241dfb4a8883f486cfb073eb5161263d2da2c27ccb423435106659f0cd0bc3e
EIA:DHHNGSP,U.S. EIA,physical_spot,Henry Hub physical spot,Henry Hub,2026-08-07T05:00:00.000000Z,2026-08-08T05:00:00.000000Z,2.56,USD/MMBtu,,2026-08-31T14:45:07.759848Z,2026-08-26,https://www.eia.gov/dnav/ng/hist/rngwhhdD.htm,eia_henry_hub_spot:1788187507759848000:3241dfb4a8883f486cfb073eb5161263d2da2c27ccb423435106659f0cd0bc3e
EIA:DHHNGSP,U.S. EIA,physical_spot,Henry Hub physical spot,Henry Hub,2026-08-10T05:00:00.000000Z,2026-08-11T05:00:00.000000Z,2.72,USD/MMBtu,,2026-08-31T14:45:07.759848Z,2026-08-26,https://www.eia.gov/dnav/ng/hist/rngwhhdD.htm,eia_henry_hub_spot:1788187507759848000:3241dfb4a8883f486cfb073eb5161263d2da2c27ccb423435106659f0cd0bc3e
EIA:DHHNGSP,U.S. EIA,physical_spot,Henry Hub physical spot,Henry Hub,2026-08-11T05:00:00.000000Z,2026-08-12T05:00:00.000000Z,2.79,USD/MMBtu,,2026-08-31T14:45:07.759848Z,2026-08-26,https://www.eia.gov/dnav/ng/hist/rngwhhdD.htm,eia_henry_hub_spot:1788187507759848000:3241dfb4a8883f486cfb073eb5161263d2da2c27ccb423435106659f0cd0bc3e
EIA:DHHNGSP,U.S. EIA,physical_spot,Henry Hub physical spot,Henry Hub,2026-08-12T05:00:00.000000Z,2026-08-13T05:00:00.000000Z,2.82,USD/MMBtu,,2026-08-31T14:45:07.759848Z,2026-08-26,https://www.eia.gov/dnav/ng/hist/rngwhhdD.htm,eia_henry_hub_spot:1788187507759848000:3241dfb4a8883f486cfb073eb5161263d2da2c27ccb423435106659f0cd0bc3e
EIA:DHHNGSP,U.S. EIA,physical_spot,Henry Hub physical spot,Henry Hub,2026-08-13T05:00:00.000000Z,2026-08-14T05:00:00.000000Z,2.82,USD/MMBtu,,2026-08-31T14:45:07.759848Z,2026-08-26,https://www.eia.gov/dnav/ng/hist/rngwhhdD.htm,eia_henry_hub_spot:1788187507759848000:3241dfb4a8883f486cfb073eb5161263d2da2c27ccb423435106659f0cd0bc3e
EIA:DHHNGSP,U.S. EIA,physical_spot,Henry Hub physical spot,Henry Hub,2026-08-14T05:00:00.000000Z,2026-08-15T05:00:00.000000Z,2.79,USD/MMBtu,,2026-08-31T14:45:07.759848Z,2026-08-26,https://www.eia.gov/dnav/ng/hist/rngwhhdD.htm,eia_henry_hub_spot:1788187507759848000:3241dfb4a8883f486cfb073eb5161263d2da2c27ccb423435106659f0cd0bc3e
EIA:DHHNGSP,U.S. EIA,physical_spot,Henry Hub physical spot,Henry Hub,2026-08-17T05:00:00.000000Z,2026-08-18T05:00:00.000000Z,2.77,USD/MMBtu,,2026-08-31T14:45:07.759848Z,2026-08-26,https://www.eia.gov/dnav/ng/hist/rngwhhdD.htm,eia_henry_hub_spot:1788187507759848000:3241dfb4a8883f486cfb073eb5161263d2da2c27ccb423435106659f0cd0bc3e
EIA:DHHNGSP,U.S. EIA,physical_spot,Henry Hub physical spot,Henry Hub,2026-08-18T05:00:00.000000Z,2026-08-19T05:00:00.000000Z,2.82,USD/MMBtu,,2026-08-31T14:45:07.759848Z,2026-08-26,https://www.eia.gov/dnav/ng/hist/rngwhhdD.htm,eia_henry_hub_spot:1788187507759848000:3241dfb4a8883f486cfb073eb5161263d2da2c27ccb423435106659f0cd0bc3e
EIA:DHHNGSP,U.S. EIA,physical_spot,Henry Hub physical spot,Henry Hub,2026-08-19T05:00:00.000000Z,2026-08-20T05:00:00.000000Z,2.94,USD/MMBtu,,2026-08-31T14:45:07.759848Z,2026-08-26,https://www.eia.gov/dnav/ng/hist/rngwhhdD.htm,eia_henry_hub_spot:1788187507759848000:3241dfb4a8883f486cfb073eb5161263d2da2c27ccb423435106659f0cd0bc3e
EIA:DHHNGSP,U.S. EIA,physical_spot,Henry Hub physical spot,Henry Hub,2026-08-20T05:00:00.000000Z,2026-08-21T05:00:00.000000Z,2.94,USD/MMBtu,,2026-08-31T14:45:07.759848Z,2026-08-26,https://www.eia.gov/dnav/ng/hist/rngwhhdD.htm,eia_henry_hub_spot:1788187507759848000:3241dfb4a8883f486cfb073eb5161263d2da2c27ccb423435106659f0cd0bc3e
EIA:DHHNGSP,U.S. EIA,physical_spot,Henry Hub physical spot,Henry Hub,2026-08-21T05:00:00.000000Z,2026-08-22T05:00:00.000000Z,2.82,USD/MMBtu,,2026-08-31T14:45:07.759848Z,2026-08-26,https://www.eia.gov/dnav/ng/hist/rngwhhdD.htm,eia_henry_hub_spot:1788187507759848000:3241dfb4a8883f486cfb073eb5161263d2da2c27ccb423435106659f0cd0bc3e
EIA:DHHNGSP,U.S. EIA,physical_spot,Henry Hub physical spot,Henry Hub,2026-08-24T05:00:00.000000Z,2026-08-25T05:00:00.000000Z,2.83,USD/MMBtu,,2026-08-31T14:45:07.759848Z,2026-08-26,https://www.eia.gov/dnav/ng/hist/rngwhhdD.htm,eia_henry_hub_spot:1788187507759848000:3241dfb4a8883f486cfb073eb5161263d2da2c27ccb423435106659f0cd0bc3e
EIA:DHHNGSP,U.S. EIA,physical_spot,Henry Hub physical spot,Henry Hub,2026-08-25T05:00:00.000000Z,2026-08-26T05:00:00.000000Z,2.7,USD/MMBtu,,2026-08-31T14:45:07.759848Z,2026-08-26,https://www.eia.gov/dnav/ng/hist/rngwhhdD.htm,eia_henry_hub_spot:1788187507759848000:3241dfb4a8883f486cfb073eb5161263d2da2c27ccb423435106659f0cd0bc3e
EIA:DHHNGSP,U.S. EIA,physical_spot,Henry Hub physical spot,Henry Hub,2024-09-03T05:00:00.000000Z,2024-09-04T05:00:00.000000Z,1.93,USD/MMBtu,,2026-08-31T11:44:22.042198Z,2026-08-26,https://www.eia.gov/dnav/ng/hist/rngwhhdD.htm,eia_henry_hub_spot:1788176662042198000:3241dfb4a8883f486cfb073eb5161263d2da2c27ccb423435106659f0cd0bc3e
EIA:DHHNGSP,U.S. EIA,physical_spot,Henry Hub physical spot,Henry Hub,2024-09-04T05:00:00.000000Z,2024-09-05T05:00:00.000000Z,2.05,USD/MMBtu,,2026-08-31T11:44:22.042198Z,2026-08-26,https://www.eia.gov/dnav/ng/hist/rngwhhdD.htm,eia_henry_hub_spot:1788176662042198000:3241dfb4a8883f486cfb073eb5161263d2da2c27ccb423435106659f0cd0bc3e
EIA:DHHNGSP,U.S. EIA,physical_spot,Henry Hub physical spot,Henry Hub,2024-09-05T05:00:00.000000Z,2024-09-06T05:00:00.000000Z,2.02,USD/MMBtu,,2026-08-31T11:44:22.042198Z,2026-08-26,https://www.eia.gov/dnav/ng/hist/rngwhhdD.htm,eia_henry_hub_spot:1788176662042198000:3241dfb4a8883f486cfb073eb5161263d2da2c27ccb423435106659f0cd0bc3e
EIA:DHHNGSP,U.S. EIA,physical_spot,Henry Hub physical spot,Henry Hub,2024-09-06T05:00:00.000000Z,2024-09-07T05:00:00.000000Z,2.09,USD/MMBtu,,2026-08-31T11:44:22.042198Z,2026-08-26,https://www.eia.gov/dnav/ng/hist/rngwhhdD.htm,eia_henry_hub_spot:1788176662042198000:3241dfb4a8883f486cfb073eb5161263d2da2c27ccb423435106659f0cd0bc3e
EIA:DHHNGSP,U.S. EIA,physical_spot,Henry Hub physical spot,Henry Hub,2024-09-09T05:00:00.000000Z,2024-09-10T05:00:00.000000Z,2.03,USD/MMBtu,,2026-08-31T11:44:22.042198Z,2026-08-26,https://www.eia.gov/dnav/ng/hist/rngwhhdD.htm,eia_henry_hub_spot:1788176662042198000:3241dfb4a8883f486cfb073eb5161263d2da2c27ccb423435106659f0cd0bc3e
EIA:DHHNGSP,U.S. EIA,physical_spot,Henry Hub physical spot,Henry Hub,2024-09-10T05:00:00.000000Z,2024-09-11T05:00:00.000000Z,2.13,USD/MMBtu,,2026-08-31T11:44:22.042198Z,2026-08-26,https://www.eia.gov/dnav/ng/hist/rngwhhdD.htm,eia_henry_hub_spot:1788176662042198000:3241dfb4a8883f486cfb073eb5161263d2da2c27ccb423435106659f0cd0bc3e
EIA:DHHNGSP,U.S. EIA,physical_spot,Henry Hub physical spot,Henry Hub,2024-09-11T05:00:00.000000Z,2024-09-12T05:00:00.000000Z,2.13,USD/MMBtu,,2026-08-31T11:44:22.042198Z,2026-08-26,https://www.eia.gov/dnav/ng/hist/rngwhhdD.htm,eia_henry_hub_spot:1788176662042198000:3241dfb4a8883f486cfb073eb5161263d2da2c27ccb423435106659f0cd0bc3e
EIA:DHHNGSP,U.S. EIA,physical_spot,Henry Hub physical spot,Henry Hub,2024-09-12T05:00:00.000000Z,2024-09-13T05:00:00.000000Z,2.13,USD/MMBtu,,2026-08-31T11:44:22.042198Z,2026-08-26,https://www.eia.gov/dnav/ng/hist/rngwhhdD.htm,eia_henry_hub_spot:1788176662042198000:3241dfb4a8883f486cfb073eb5161263d2da2c27ccb423435106659f0cd0bc3e
EIA:DHHNGSP,U.S. EIA,physical_spot,Henry Hub physical spot,Henry Hub,2024-09-13T05:00:00.000000Z,2024-09-14T05:00:00.000000Z,2.25,USD/MMBtu,,2026-08-31T11:44:22.042198Z,2026-08-26,https://www.eia.gov/dnav/ng/hist/rngwhhdD.htm,eia_henry_hub_spot:1788176662042198000:3241dfb4a8883f486cfb073eb5161263d2da2c27ccb423435106659f0cd0bc3e
EIA:DHHNGSP,U.S. EIA,physical_spot,Henry Hub physical spot,Henry Hub,2024-09-16T05:00:00.000000Z,2024-09-17T05:00:00.000000Z,2.23,USD/MMBtu,,2026-08-31T11:44:22.042198Z,2026-08-26,https://www.eia.gov/dnav/ng/hist/rngwhhdD.htm,eia_henry_hub_spot:1788176662042198000:3241dfb4a8883f486cfb073eb5161263d2da2c27ccb423435106659f0cd0bc3e
EIA:DHHNGSP,U.S. EIA,physical_spot,Henry Hub physical spot,Henry Hub,2024-09-17T05:00:00.000000Z,2024-09-18T05:00:00.000000Z,2.33,USD/MMBtu,,2026-08-31T11:44:22.042198Z,2026-08-26,https://www.eia.gov/dnav/ng/hist/rngwhhdD.htm,eia_henry_hub_spot:1788176662042198000:3241dfb4a8883f486cfb073eb5161263d2da2c27ccb423435106659f0cd0bc3e
EIA:DHHNGSP,U.S. EIA,physical_spot,Henry Hub physical spot,Henry Hub,2024-09-18T05:00:00.000000Z,2024-09-19T05:00:00.000000Z,2.31,USD/MMBtu,,2026-08-31T11:44:22.042198Z,2026-08-26,https://www.eia.gov/dnav/ng/hist/rngwhhdD.htm,eia_henry_hub_spot:1788176662042198000:3241dfb4a8883f486cfb073eb5161263d2da2c27ccb423435106659f0cd0bc3e
EIA:DHHNGSP,U.S. EIA,physical_spot,Henry Hub physical spot,Henry Hub,2024-09-19T05:00:00.000000Z,2024-09-20T05:00:00.000000Z,2.24,USD/MMBtu,,2026-08-31T11:44:22.042198Z,2026-08-26,https://www.eia.gov/dnav/ng/hist/rngwhhdD.htm,eia_henry_hub_spot:1788176662042198000:3241dfb4a8883f486cfb073eb5161263d2da2c27ccb423435106659f0cd0bc3e
EIA:DHHNGSP,U.S. EIA,physical_spot,Henry Hub physical spot,Henry Hub,2024-09-20T05:00:00.000000Z,2024-09-21T05:00:00.000000Z,2.2,USD/MMBtu,,2026-08-31T11:44:22.042198Z,2026-08-26,https://www.eia.gov/dnav/ng/hist/rngwhhdD.htm,eia_henry_hub_spot:1788176662042198000:3241dfb4a8883f486cfb073eb5161263d2da2c27ccb423435106659f0cd0bc3e
EIA:DHHNGSP,U.S. EIA,physical_spot,Henry Hub physical spot,Henry Hub,2024-09-23T05:00:00.000000Z,2024-09-24T05:00:00.000000Z,2.4,USD/MMBtu,,2026-08-31T11:44:22.042198Z,2026-08-26,https://www.eia.gov/dnav/ng/hist/rngwhhdD.htm,eia_henry_hub_spot:1788176662042198000:3241dfb4a8883f486cfb073eb5161263d2da2c27ccb423435106659f0cd0bc3e
EIA:DHHNGSP,U.S. EIA,physical_spot,Henry Hub physical spot,Henry Hub,2024-09-24T05:00:00.000000Z,2024-09-25T05:00:00.000000Z,2.61,USD/MMBtu,,2026-08-31T11:44:22.042198Z,2026-08-26,https://www.eia.gov/dnav/ng/hist/rngwhhdD.htm,eia_henry_hub_spot:1788176662042198000:3241dfb4a8883f486cfb073eb5161263d2da2c27ccb423435106659f0cd0bc3e
EIA:DHHNGSP,U.S. EIA,physical_spot,Henry Hub physical spot,Henry Hub,2024-09-25T05:00:00.000000Z,2024-09-26T05:00:00.000000Z,2.62,USD/MMBtu,,2026-08-31T11:44:22.042198Z,2026-08-26,https://www.eia.gov/dnav/ng/hist/rngwhhdD.htm,eia_henry_hub_spot:1788176662042198000:3241dfb4a8883f486cfb073eb5161263d2da2c27ccb423435106659f0cd0bc3e
EIA:DHHNGSP,U.S. EIA,physical_spot,Henry Hub physical spot,Henry Hub,2024-09-26T05:00:00.000000Z,2024-09-27T05:00:00.000000Z,2.64,USD/MMBtu,,2026-08-31T11:44:22.042198Z,2026-08-26,https://www.eia.gov/dnav/ng/hist/rngwhhdD.htm,eia_henry_hub_spot:1788176662042198000:3241dfb4a8883f486cfb073eb5161263d2da2c27ccb423435106659f0cd0bc3e
EIA:DHHNGSP,U.S. EIA,physical_spot,Henry Hub physical spot,Henry Hub,2024-09-27T05:00:00.000000Z,2024-09-28T05:00:00.000000Z,2.53,USD/MMBtu,,2026-08-31T11:44:22.042198Z,2026-08-26,https://www.eia.gov/dnav/ng/hist/rngwhhdD.htm,eia_henry_hub_spot:1788176662042198000:3241dfb4a8883f486cfb073eb5161263d2da2c27ccb423435106659f0cd0bc3e
EIA:DHHNGSP,U.S. EIA,physical_spot,Henry Hub physical spot,Henry Hub,2024-09-30T05:00:00.000000Z,2024-10-01T05:00:00.000000Z,2.65,USD/MMBtu,,2026-08-31T11:44:22.042198Z,2026-08-26,https://www.eia.gov/dnav/ng/hist/rngwhhdD.htm,eia_henry_hub_spot:1788176662042198000:3241dfb4a8883f486cfb073eb5161263d2da2c27ccb423435106659f0cd0bc3e
EIA:DHHNGSP,U.S. EIA,physical_spot,Henry Hub physical spot,Henry Hub,2024-10-01T05:00:00.000000Z,2024-10-02T05:00:00.000000Z,2.67,USD/MMBtu,,2026-08-31T11:44:22.042198Z,2026-08-26,https://www.eia.gov/dnav/ng/hist/rngwhhdD.htm,eia_henry_hub_spot:1788176662042198000:3241dfb4a8883f486cfb073eb5161263d2da2c27ccb423435106659f0cd0bc3e
EIA:DHHNGSP,U.S. EIA,physical_spot,Henry Hub physical spot,Henry Hub,2024-10-02T05:00:00.000000Z,2024-10-03T05:00:00.000000Z,2.77,USD/MMBtu,,2026-08-31T11:44:22.042198Z,2026-08-26,https://www.eia.gov/dnav/ng/hist/rngwhhdD.htm,eia_henry_hub_spot:1788176662042198000:3241dfb4a8883f486cfb073eb5161263d2da2c27ccb423435106659f0cd0bc3e
EIA:DHHNGSP,U.S. EIA,physical_spot,Henry Hub physical spot,Henry Hub,2024-10-03T05:00:00.000000Z,2024-10-04T05:00:00.000000Z,2.75,USD/MMBtu,,2026-08-31T11:44:22.042198Z,2026-08-26,https://www.eia.gov/dnav/ng/hist/rngwhhdD.htm,eia_henry_hub_spot:1788176662042198000:3241dfb4a8883f486cfb073eb5161263d2da2c27ccb423435106659f0cd0bc3e
EIA:DHHNGSP,U.S. EIA,physical_spot,Henry Hub physical spot,Henry Hub,2024-10-04T05:00:00.000000Z,2024-10-05T05:00:00.000000Z,2.49,USD/MMBtu,,2026-08-31T11:44:22.042198Z,2026-08-26,https://www.eia.gov/dnav/ng/hist/rngwhhdD.htm,eia_henry_hub_spot:1788176662042198000:3241dfb4a8883f486cfb073eb5161263d2da2c27ccb423435106659f0cd0bc3e
EIA:DHHNGSP,U.S. EIA,physical_spot,Henry Hub physical spot,Henry Hub,2024-10-07T05:00:00.000000Z,2024-10-08T05:00:00.000000Z,2.51,USD/MMBtu,,2026-08-31T11:44:22.042198Z,2026-08-26,https://www.eia.gov/dnav/ng/hist/rngwhhdD.htm,eia_henry_hub_spot:1788176662042198000:3241dfb4a8883f486cfb073eb5161263d2da2c27ccb423435106659f0cd0bc3e
EIA:DHHNGSP,U.S. EIA,physical_spot,Henry Hub physical spot,Henry Hub,2024-10-08T05:00:00.000000Z,2024-10-09T05:00:00.000000Z,2.51,USD/MMBtu,,2026-08-31T11:44:22.042198Z,2026-08-26,https://www.eia.gov/dnav/ng/hist/rngwhhdD.htm,eia_henry_hub_spot:1788176662042198000:3241dfb4a8883f486cfb073eb5161263d2da2c27ccb423435106659f0cd0bc3e
EIA:DHHNGSP,U.S. EIA,physical_spot,Henry Hub physical spot,Henry Hub,2024-10-09T05:00:00.000000Z,2024-10-10T05:00:00.000000Z,2.43,USD/MMBtu,,2026-08-31T11:44:22.042198Z,2026-08-26,https://www.eia.gov/dnav/ng/hist/rngwhhdD.htm,eia_henry_hub_spot:1788176662042198000:3241dfb4a8883f486cfb073eb5161263d2da2c27ccb423435106659f0cd0bc3e
EIA:DHHNGSP,U.S. EIA,physical_spot,Henry Hub physical spot,Henry Hub,2024-10-10T05:00:00.000000Z,2024-10-11T05:00:00.000000Z,2.26,USD/MMBtu,,2026-08-31T11:44:22.042198Z,2026-08-26,https://www.eia.gov/dnav/ng/hist/rngwhhdD.htm,eia_henry_hub_spot:1788176662042198000:3241dfb4a8883f486cfb073eb5161263d2da2c27ccb423435106659f0cd0bc3e
EIA:DHHNGSP,U.S. EIA,physical_spot,Henry Hub physical spot,Henry Hub,2024-10-11T05:00:00.000000Z,2024-10-12T05:00:00.000000Z,2.31,USD/MMBtu,,2026-08-31T11:44:22.042198Z,2026-08-26,https://www.eia.gov/dnav/ng/hist/rngwhhdD.htm,eia_henry_hub_spot:1788176662042198000:3241dfb4a8883f486cfb073eb5161263d2da2c27ccb423435106659f0cd0bc3e
EIA:DHHNGSP,U.S. EIA,physical_spot,Henry Hub physical spot,Henry Hub,2024-10-15T05:00:00.000000Z,2024-10-16T05:00:00.000000Z,2.37,USD/MMBtu,,2026-08-31T11:44:22.042198Z,2026-08-26,https://www.eia.gov/dnav/ng/hist/rngwhhdD.htm,eia_henry_hub_spot:1788176662042198000:3241dfb4a8883f486cfb073eb5161263d2da2c27ccb423435106659f0cd0bc3e
EIA:DHHNGSP,U.S. EIA,physical_spot,Henry Hub physical spot,Henry Hub,2024-10-16T05:00:00.000000Z,2024-10-17T05:00:00.000000Z,2.21,USD/MMBtu,,2026-08-31T11:44:22.042198Z,2026-08-26,https://www.eia.gov/dnav/ng/hist/rngwhhdD.htm,eia_henry_hub_spot:1788176662042198000:3241dfb4a8883f486cfb073eb5161263d2da2c27ccb423435106659f0cd0bc3e
EIA:DHHNGSP,U.S. EIA,physical_spot,Henry Hub physical spot,Henry Hub,2024-10-17T05:00:00.000000Z,2024-10-18T05:00:00.000000Z,2.19,USD/MMBtu,,2026-08-31T11:44:22.042198Z,2026-08-26,https://www.eia.gov/dnav/ng/hist/rngwhhdD.htm,eia_henry_hub_spot:1788176662042198000:3241dfb4a8883f486cfb073eb5161263d2da2c27ccb423435106659f0cd0bc3e
EIA:DHHNGSP,U.S. EIA,physical_spot,Henry Hub physical spot,Henry Hub,2024-10-18T05:00:00.000000Z,2024-10-19T05:00:00.000000Z,1.82,USD/MMBtu,,2026-08-31T11:44:22.042198Z,2026-08-26,https://www.eia.gov/dnav/ng/hist/rngwhhdD.htm,eia_henry_hub_spot:1788176662042198000:3241dfb4a8883f486cfb073eb5161263d2da2c27ccb423435106659f0cd0bc3e
EIA:DHHNGSP,U.S. EIA,physical_spot,Henry Hub physical spot,Henry Hub,2024-10-21T05:00:00.000000Z,2024-10-22T05:00:00.000000Z,1.76,USD/MMBtu,,2026-08-31T11:44:22.042198Z,2026-08-26,https://www.eia.gov/dnav/ng/hist/rngwhhdD.htm,eia_henry_hub_spot:1788176662042198000:3241dfb4a8883f486cfb073eb5161263d2da2c27ccb423435106659f0cd0bc3e
EIA:DHHNGSP,U.S. EIA,physical_spot,Henry Hub physical spot,Henry Hub,2024-10-22T05:00:00.000000Z,2024-10-23T05:00:00.000000Z,1.76,USD/MMBtu,,2026-08-31T11:44:22.042198Z,2026-08-26,https://www.eia.gov/dnav/ng/hist/rngwhhdD.htm,eia_henry_hub_spot:1788176662042198000:3241dfb4a8883f486cfb073eb5161263d2da2c27ccb423435106659f0cd0bc3e
EIA:DHHNGSP,U.S. EIA,physical_spot,Henry Hub physical spot,Henry Hub,2024-10-23T05:00:00.000000Z,2024-10-24T05:00:00.000000Z,1.9,USD/MMBtu,,2026-08-31T11:44:22.042198Z,2026-08-26,https://www.eia.gov/dnav/ng/hist/rngwhhdD.htm,eia_henry_hub_spot:1788176662042198000:3241dfb4a8883f486cfb073eb5161263d2da2c27ccb423435106659f0cd0bc3e
EIA:DHHNGSP,U.S. EIA,physical_spot,Henry Hub physical spot,Henry Hub,2024-10-24T05:00:00.000000Z,2024-10-25T05:00:00.000000Z,2.04,USD/MMBtu,,2026-08-31T11:44:22.042198Z,2026-08-26,https://www.eia.gov/dnav/ng/hist/rngwhhdD.htm,eia_henry_hub_spot:1788176662042198000:3241dfb4a8883f486cfb073eb5161263d2da2c27ccb423435106659f0cd0bc3e
EIA:DHHNGSP,U.S. EIA,physical_spot,Henry Hub physical spot,Henry Hub,2024-10-25T05:00:00.000000Z,2024-10-26T05:00:00.000000Z,1.93,USD/MMBtu,,2026-08-31T11:44:22.042198Z,2026-08-26,https://www.eia.gov/dnav/ng/hist/rngwhhdD.htm,eia_henry_hub_spot:1788176662042198000:3241dfb4a8883f486cfb073eb5161263d2da2c27ccb423435106659f0cd0bc3e
EIA:DHHNGSP,U.S. EIA,physical_spot,Henry Hub physical spot,Henry Hub,2024-10-28T05:00:00.000000Z,2024-10-29T05:00:00.000000Z,2.03,USD/MMBtu,,2026-08-31T11:44:22.042198Z,2026-08-26,https://www.eia.gov/dnav/ng/hist/rngwhhdD.htm,eia_henry_hub_spot:1788176662042198000:3241dfb4a8883f486cfb073eb5161263d2da2c27ccb423435106659f0cd0bc3e
EIA:DHHNGSP,U.S. EIA,physical_spot,Henry Hub physical spot,Henry Hub,2024-10-29T05:00:00.000000Z,2024-10-30T05:00:00.000000Z,1.82,USD/MMBtu,,2026-08-31T11:44:22.042198Z,2026-08-26,https://www.eia.gov/dnav/ng/hist/rngwhhdD.htm,eia_henry_hub_spot:1788176662042198000:3241dfb4a8883f486cfb073eb5161263d2da2c27ccb423435106659f0cd0bc3e
EIA:DHHNGSP,U.S. EIA,physical_spot,Henry Hub physical spot,Henry Hub,2024-10-30T05:00:00.000000Z,2024-10-31T05:00:00.000000Z,2.03,USD/MMBtu,,2026-08-31T11:44:22.042198Z,2026-08-26,https://www.eia.gov/dnav/ng/hist/rngwhhdD.htm,eia_henry_hub_spot:1788176662042198000:3241dfb4a8883f486cfb073eb5161263d2da2c27ccb423435106659f0cd0bc3e
EIA:DHHNGSP,U.S. EIA,physical_spot,Henry Hub physical spot,Henry Hub,2024-10-31T05:00:00.000000Z,2024-11-01T05:00:00.000000Z,1.82,USD/MMBtu,,2026-08-31T11:44:22.042198Z,2026-08-26,https://www.eia.gov/dnav/ng/hist/rngwhhdD.htm,eia_henry_hub_spot:1788176662042198000:3241dfb4a8883f486cfb073eb5161263d2da2c27ccb423435106659f0cd0bc3e
EIA:DHHNGSP,U.S. EIA,physical_spot,Henry Hub physical spot,Henry Hub,2024-11-01T05:00:00.000000Z,2024-11-02T05:00:00.000000Z,1.42,USD/MMBtu,,2026-08-31T11:44:22.042198Z,2026-08-26,https://www.eia.gov/dnav/ng/hist/rngwhhdD.htm,eia_henry_hub_spot:1788176662042198000:3241dfb4a8883f486cfb073eb5161263d2da2c27ccb423435106659f0cd0bc3e
EIA:DHHNGSP,U.S. EIA,physical_spot,Henry Hub physical spot,Henry Hub,2024-11-04T06:00:00.000000Z,2024-11-05T06:00:00.000000Z,1.35,USD/MMBtu,,2026-08-31T11:44:22.042198Z,2026-08-26,https://www.eia.gov/dnav/ng/hist/rngwhhdD.htm,eia_henry_hub_spot:1788176662042198000:3241dfb4a8883f486cfb073eb5161263d2da2c27ccb423435106659f0cd0bc3e
EIA:DHHNGSP,U.S. EIA,physical_spot,Henry Hub physical spot,Henry Hub,2024-11-05T06:00:00.000000Z,2024-11-06T06:00:00.000000Z,1.62,USD/MMBtu,,2026-08-31T11:44:22.042198Z,2026-08-26,https://www.eia.gov/dnav/ng/hist/rngwhhdD.htm,eia_henry_hub_spot:1788176662042198000:3241dfb4a8883f486cfb073eb5161263d2da2c27ccb423435106659f0cd0bc3e
EIA:DHHNGSP,U.S. EIA,physical_spot,Henry Hub physical spot,Henry Hub,2024-11-06T06:00:00.000000Z,2024-11-07T06:00:00.000000Z,1.8,USD/MMBtu,,2026-08-31T11:44:22.042198Z,2026-08-26,https://www.eia.gov/dnav/ng/hist/rngwhhdD.htm,eia_henry_hub_spot:1788176662042198000:3241dfb4a8883f486cfb073eb5161263d2da2c27ccb423435106659f0cd0bc3e
EIA:DHHNGSP,U.S. EIA,physical_spot,Henry Hub physical spot,Henry Hub,2024-11-07T06:00:00.000000Z,2024-11-08T06:00:00.000000Z,1.49,USD/MMBtu,,2026-08-31T11:44:22.042198Z,2026-08-26,https://www.eia.gov/dnav/ng/hist/rngwhhdD.htm,eia_henry_hub_spot:1788176662042198000:3241dfb4a8883f486cfb073eb5161263d2da2c27ccb423435106659f0cd0bc3e
EIA:DHHNGSP,U.S. EIA,physical_spot,Henry Hub physical spot,Henry Hub,2024-11-08T06:00:00.000000Z,2024-11-09T06:00:00.000000Z,1.21,USD/MMBtu,,2026-08-31T11:44:22.042198Z,2026-08-26,https://www.eia.gov/dnav/ng/hist/rngwhhdD.htm,eia_henry_hub_spot:1788176662042198000:3241dfb4a8883f486cfb073eb5161263d2da2c27ccb423435106659f0cd0bc3e
EIA:DHHNGSP,U.S. EIA,physical_spot,Henry Hub physical spot,Henry Hub,2024-11-11T06:00:00.000000Z,2024-11-12T06:00:00.000000Z,1.21,USD/MMBtu,,2026-08-31T11:44:22.042198Z,2026-08-26,https://www.eia.gov/dnav/ng/hist/rngwhhdD.htm,eia_henry_hub_spot:1788176662042198000:3241dfb4a8883f486cfb073eb5161263d2da2c27ccb423435106659f0cd0bc3e
EIA:DHHNGSP,U.S. EIA,physical_spot,Henry Hub physical spot,Henry Hub,2024-11-12T06:00:00.000000Z,2024-11-13T06:00:00.000000Z,1.92,USD/MMBtu,,2026-08-31T11:44:22.042198Z,2026-08-26,https://www.eia.gov/dnav/ng/hist/rngwhhdD.htm,eia_henry_hub_spot:1788176662042198000:3241dfb4a8883f486cfb073eb5161263d2da2c27ccb423435106659f0cd0bc3e
EIA:DHHNGSP,U.S. EIA,physical_spot,Henry Hub physical spot,Henry Hub,2024-11-13T06:00:00.000000Z,2024-11-14T06:00:00.000000Z,2.06,USD/MMBtu,,2026-08-31T11:44:22.042198Z,2026-08-26,https://www.eia.gov/dnav/ng/hist/rngwhhdD.htm,eia_henry_hub_spot:1788176662042198000:3241dfb4a8883f486cfb073eb5161263d2da2c27ccb423435106659f0cd0bc3e
EIA:DHHNGSP,U.S. EIA,physical_spot,Henry Hub physical spot,Henry Hub,2024-11-14T06:00:00.000000Z,2024-11-15T06:00:00.000000Z,2.11,USD/MMBtu,,2026-08-31T11:44:22.042198Z,2026-08-26,https://www.eia.gov/dnav/ng/hist/rngwhhdD.htm,eia_henry_hub_spot:1788176662042198000:3241dfb4a8883f486cfb073eb5161263d2da2c27ccb423435106659f0cd0bc3e
EIA:DHHNGSP,U.S. EIA,physical_spot,Henry Hub physical spot,Henry Hub,2024-11-15T06:00:00.000000Z,2024-11-16T06:00:00.000000Z,1.65,USD/MMBtu,,2026-08-31T11:44:22.042198Z,2026-08-26,https://www.eia.gov/dnav/ng/hist/rngwhhdD.htm,eia_henry_hub_spot:1788176662042198000:3241dfb4a8883f486cfb073eb5161263d2da2c27ccb423435106659f0cd0bc3e
EIA:DHHNGSP,U.S. EIA,physical_spot,Henry Hub physical spot,Henry Hub,2024-11-18T06:00:00.000000Z,2024-11-19T06:00:00.000000Z,2.08,USD/MMBtu,,2026-08-31T11:44:22.042198Z,2026-08-26,https://www.eia.gov/dnav/ng/hist/rngwhhdD.htm,eia_henry_hub_spot:1788176662042198000:3241dfb4a8883f486cfb073eb5161263d2da2c27ccb423435106659f0cd0bc3e
EIA:DHHNGSP,U.S. EIA,physical_spot,Henry Hub physical spot,Henry Hub,2024-11-19T06:00:00.000000Z,2024-11-20T06:00:00.000000Z,2.1,USD/MMBtu,,2026-08-31T11:44:22.042198Z,2026-08-26,https://www.eia.gov/dnav/ng/hist/rngwhhdD.htm,eia_henry_hub_spot:1788176662042198000:3241dfb4a8883f486cfb073eb5161263d2da2c27ccb423435106659f0cd0bc3e
EIA:DHHNGSP,U.S. EIA,physical_spot,Henry Hub physical spot,Henry Hub,2024-11-20T06:00:00.000000Z,2024-11-21T06:00:00.000000Z,2.32,USD/MMBtu,,2026-08-31T11:44:22.042198Z,2026-08-26,https://www.eia.gov/dnav/ng/hist/rngwhhdD.htm,eia_henry_hub_spot:1788176662042198000:3241dfb4a8883f486cfb073eb5161263d2da2c27ccb423435106659f0cd0bc3e
EIA:DHHNGSP,U.S. EIA,physical_spot,Henry Hub physical spot,Henry Hub,2024-11-21T06:00:00.000000Z,2024-11-22T06:00:00.000000Z,2.84,USD/MMBtu,,2026-08-31T11:44:22.042198Z,2026-08-26,https://www.eia.gov/dnav/ng/hist/rngwhhdD.htm,eia_henry_hub_spot:1788176662042198000:3241dfb4a8883f486cfb073eb5161263d2da2c27ccb423435106659f0cd0bc3e
EIA:DHHNGSP,U.S. EIA,physical_spot,Henry Hub physical spot,Henry Hub,2024-11-22T06:00:00.000000Z,2024-11-23T06:00:00.000000Z,2.41,USD/MMBtu,,2026-08-31T11:44:22.042198Z,2026-08-26,https://www.eia.gov/dnav/ng/hist/rngwhhdD.htm,eia_henry_hub_spot:1788176662042198000:3241dfb4a8883f486cfb073eb5161263d2da2c27ccb423435106659f0cd0bc3e
EIA:DHHNGSP,U.S. EIA,physical_spot,Henry Hub physical spot,Henry Hub,2024-11-25T06:00:00.000000Z,2024-11-26T06:00:00.000000Z,2.78,USD/MMBtu,,2026-08-31T11:44:22.042198Z,2026-08-26,https://www.eia.gov/dnav/ng/hist/rngwhhdD.htm,eia_henry_hub_spot:1788176662042198000:3241dfb4a8883f486cfb073eb5161263d2da2c27ccb423435106659f0cd0bc3e
EIA:DHHNGSP,U.S. EIA,physical_spot,Henry Hub physical spot,Henry Hub,2024-11-26T06:00:00.000000Z,2024-11-27T06:00:00.000000Z,3.19,USD/MMBtu,,2026-08-31T11:44:22.042198Z,2026-08-26,https://www.eia.gov/dnav/ng/hist/rngwhhdD.htm,eia_henry_hub_spot:1788176662042198000:3241dfb4a8883f486cfb073eb5161263d2da2c27ccb423435106659f0cd0bc3e
EIA:DHHNGSP,U.S. EIA,physical_spot,Henry Hub physical spot,Henry Hub,2024-11-27T06:00:00.000000Z,2024-11-28T06:00:00.000000Z,3.39,USD/MMBtu,,2026-08-31T11:44:22.042198Z,2026-08-26,https://www.eia.gov/dnav/ng/hist/rngwhhdD.htm,eia_henry_hub_spot:1788176662042198000:3241dfb4a8883f486cfb073eb5161263d2da2c27ccb423435106659f0cd0bc3e
EIA:DHHNGSP,U.S. EIA,physical_spot,Henry Hub physical spot,Henry Hub,2024-11-29T06:00:00.000000Z,2024-11-30T06:00:00.000000Z,3.39,USD/MMBtu,,2026-08-31T11:44:22.042198Z,2026-08-26,https://www.eia.gov/dnav/ng/hist/rngwhhdD.htm,eia_henry_hub_spot:1788176662042198000:3241dfb4a8883f486cfb073eb5161263d2da2c27ccb423435106659f0cd0bc3e
EIA:DHHNGSP,U.S. EIA,physical_spot,Henry Hub physical spot,Henry Hub,2024-12-02T06:00:00.000000Z,2024-12-03T06:00:00.000000Z,3.05,USD/MMBtu,,2026-08-31T11:44:22.042198Z,2026-08-26,https://www.eia.gov/dnav/ng/hist/rngwhhdD.htm,eia_henry_hub_spot:1788176662042198000:3241dfb4a8883f486cfb073eb5161263d2da2c27ccb423435106659f0cd0bc3e
EIA:DHHNGSP,U.S. EIA,physical_spot,Henry Hub physical spot,Henry Hub,2024-12-03T06:00:00.000000Z,2024-12-04T06:00:00.000000Z,2.94,USD/MMBtu,,2026-08-31T11:44:22.042198Z,2026-08-26,https://www.eia.gov/dnav/ng/hist/rngwhhdD.htm,eia_henry_hub_spot:1788176662042198000:3241dfb4a8883f486cfb073eb5161263d2da2c27ccb423435106659f0cd0bc3e
EIA:DHHNGSP,U.S. EIA,physical_spot,Henry Hub physical spot,Henry Hub,2024-12-04T06:00:00.000000Z,2024-12-05T06:00:00.000000Z,2.75,USD/MMBtu,,2026-08-31T11:44:22.042198Z,2026-08-26,https://www.eia.gov/dnav/ng/hist/rngwhhdD.htm,eia_henry_hub_spot:1788176662042198000:3241dfb4a8883f486cfb073eb5161263d2da2c27ccb423435106659f0cd0bc3e
EIA:DHHNGSP,U.S. EIA,physical_spot,Henry Hub physical spot,Henry Hub,2024-12-05T06:00:00.000000Z,2024-12-06T06:00:00.000000Z,2.95,USD/MMBtu,,2026-08-31T11:44:22.042198Z,2026-08-26,https://www.eia.gov/dnav/ng/hist/rngwhhdD.htm,eia_henry_hub_spot:1788176662042198000:3241dfb4a8883f486cfb073eb5161263d2da2c27ccb423435106659f0cd0bc3e
EIA:DHHNGSP,U.S. EIA,physical_spot,Henry Hub physical spot,Henry Hub,2024-12-06T06:00:00.000000Z,2024-12-07T06:00:00.000000Z,2.83,USD/MMBtu,,2026-08-31T11:44:22.042198Z,2026-08-26,https://www.eia.gov/dnav/ng/hist/rngwhhdD.htm,eia_henry_hub_spot:1788176662042198000:3241dfb4a8883f486cfb073eb5161263d2da2c27ccb423435106659f0cd0bc3e
EIA:DHHNGSP,U.S. EIA,physical_spot,Henry Hub physical spot,Henry Hub,2024-12-09T06:00:00.000000Z,2024-12-10T06:00:00.000000Z,3.05,USD/MMBtu,,2026-08-31T11:44:22.042198Z,2026-08-26,https://www.eia.gov/dnav/ng/hist/rngwhhdD.htm,eia_henry_hub_spot:1788176662042198000:3241dfb4a8883f486cfb073eb5161263d2da2c27ccb423435106659f0cd0bc3e
EIA:DHHNGSP,U.S. EIA,physical_spot,Henry Hub physical spot,Henry Hub,2024-12-10T06:00:00.000000Z,2024-12-11T06:00:00.000000Z,2.9,USD/MMBtu,,2026-08-31T11:44:22.042198Z,2026-08-26,https://www.eia.gov/dnav/ng/hist/rngwhhdD.htm,eia_henry_hub_spot:1788176662042198000:3241dfb4a8883f486cfb073eb5161263d2da2c27ccb423435106659f0cd0bc3e
EIA:DHHNGSP,U.S. EIA,physical_spot,Henry Hub physical spot,Henry Hub,2024-12-11T06:00:00.000000Z,2024-12-12T06:00:00.000000Z,2.9,USD/MMBtu,,2026-08-31T11:44:22.042198Z,2026-08-26,https://www.eia.gov/dnav/ng/hist/rngwhhdD.htm,eia_henry_hub_spot:1788176662042198000:3241dfb4a8883f486cfb073eb5161263d2da2c27ccb423435106659f0cd0bc3e
EIA:DHHNGSP,U.S. EIA,physical_spot,Henry Hub physical spot,Henry Hub,2024-12-12T06:00:00.000000Z,2024-12-13T06:00:00.000000Z,3.12,USD/MMBtu,,2026-08-31T11:44:22.042198Z,2026-08-26,https://www.eia.gov/dnav/ng/hist/rngwhhdD.htm,eia_henry_hub_spot:1788176662042198000:3241dfb4a8883f486cfb073eb5161263d2da2c27ccb423435106659f0cd0bc3e
EIA:DHHNGSP,U.S. EIA,physical_spot,Henry Hub physical spot,Henry Hub,2024-12-13T06:00:00.000000Z,2024-12-14T06:00:00.000000Z,3.15,USD/MMBtu,,2026-08-31T11:44:22.042198Z,2026-08-26,https://www.eia.gov/dnav/ng/hist/rngwhhdD.htm,eia_henry_hub_spot:1788176662042198000:3241dfb4a8883f486cfb073eb5161263d2da2c27ccb423435106659f0cd0bc3e
EIA:DHHNGSP,U.S. EIA,physical_spot,Henry Hub physical spot,Henry Hub,2024-12-16T06:00:00.000000Z,2024-12-17T06:00:00.000000Z,2.87,USD/MMBtu,,2026-08-31T11:44:22.042198Z,2026-08-26,https://www.eia.gov/dnav/ng/hist/rngwhhdD.htm,eia_henry_hub_spot:1788176662042198000:3241dfb4a8883f486cfb073eb5161263d2da2c27ccb423435106659f0cd0bc3e
EIA:DHHNGSP,U.S. EIA,physical_spot,Henry Hub physical spot,Henry Hub,2024-12-17T06:00:00.000000Z,2024-12-18T06:00:00.000000Z,2.85,USD/MMBtu,,2026-08-31T11:44:22.042198Z,2026-08-26,https://www.eia.gov/dnav/ng/hist/rngwhhdD.htm,eia_henry_hub_spot:1788176662042198000:3241dfb4a8883f486cfb073eb5161263d2da2c27ccb423435106659f0cd0bc3e
EIA:DHHNGSP,U.S. EIA,physical_spot,Henry Hub physical spot,Henry Hub,2024-12-18T06:00:00.000000Z,2024-12-19T06:00:00.000000Z,3.01,USD/MMBtu,,2026-08-31T11:44:22.042198Z,2026-08-26,https://www.eia.gov/dnav/ng/hist/rngwhhdD.htm,eia_henry_hub_spot:1788176662042198000:3241dfb4a8883f486cfb073eb5161263d2da2c27ccb423435106659f0cd0bc3e
EIA:DHHNGSP,U.S. EIA,physical_spot,Henry Hub physical spot,Henry Hub,2024-12-19T06:00:00.000000Z,2024-12-20T06:00:00.000000Z,3.15,USD/MMBtu,,2026-08-31T11:44:22.042198Z,2026-08-26,https://www.eia.gov/dnav/ng/hist/rngwhhdD.htm,eia_henry_hub_spot:1788176662042198000:3241dfb4a8883f486cfb073eb5161263d2da2c27ccb423435106659f0cd0bc3e
EIA:DHHNGSP,U.S. EIA,physical_spot,Henry Hub physical spot,Henry Hub,2024-12-20T06:00:00.000000Z,2024-12-21T06:00:00.000000Z,3.1,USD/MMBtu,,2026-08-31T11:44:22.042198Z,2026-08-26,https://www.eia.gov/dnav/ng/hist/rngwhhdD.htm,eia_henry_hub_spot:1788176662042198000:3241dfb4a8883f486cfb073eb5161263d2da2c27ccb423435106659f0cd0bc3e
EIA:DHHNGSP,U.S. EIA,physical_spot,Henry Hub physical spot,Henry Hub,2024-12-23T06:00:00.000000Z,2024-12-24T06:00:00.000000Z,2.89,USD/MMBtu,,2026-08-31T11:44:22.042198Z,2026-08-26,https://www.eia.gov/dnav/ng/hist/rngwhhdD.htm,eia_henry_hub_spot:1788176662042198000:3241dfb4a8883f486cfb073eb5161263d2da2c27ccb423435106659f0cd0bc3e
EIA:DHHNGSP,U.S. EIA,physical_spot,Henry Hub physical spot,Henry Hub,2024-12-24T06:00:00.000000Z,2024-12-25T06:00:00.000000Z,2.95,USD/MMBtu,,2026-08-31T11:44:22.042198Z,2026-08-26,https://www.eia.gov/dnav/ng/hist/rngwhhdD.htm,eia_henry_hub_spot:1788176662042198000:3241dfb4a8883f486cfb073eb5161263d2da2c27ccb423435106659f0cd0bc3e
EIA:DHHNGSP,U.S. EIA,physical_spot,Henry Hub physical spot,Henry Hub,2024-12-26T06:00:00.000000Z,2024-12-27T06:00:00.000000Z,2.96,USD/MMBtu,,2026-08-31T11:44:22.042198Z,2026-08-26,https://www.eia.gov/dnav/ng/hist/rngwhhdD.htm,eia_henry_hub_spot:1788176662042198000:3241dfb4a8883f486cfb073eb5161263d2da2c27ccb423435106659f0cd0bc3e
EIA:DHHNGSP,U.S. EIA,physical_spot,Henry Hub physical spot,Henry Hub,2024-12-27T06:00:00.000000Z,2024-12-28T06:00:00.000000Z,2.91,USD/MMBtu,,2026-08-31T11:44:22.042198Z,2026-08-26,https://www.eia.gov/dnav/ng/hist/rngwhhdD.htm,eia_henry_hub_spot:1788176662042198000:3241dfb4a8883f486cfb073eb5161263d2da2c27ccb423435106659f0cd0bc3e
EIA:DHHNGSP,U.S. EIA,physical_spot,Henry Hub physical spot,Henry Hub,2024-12-30T06:00:00.000000Z,2024-12-31T06:00:00.000000Z,3.39,USD/MMBtu,,2026-08-31T11:44:22.042198Z,2026-08-26,https://www.eia.gov/dnav/ng/hist/rngwhhdD.htm,eia_henry_hub_spot:1788176662042198000:3241dfb4a8883f486cfb073eb5161263d2da2c27ccb423435106659f0cd0bc3e
EIA:DHHNGSP,U.S. EIA,physical_spot,Henry Hub physical spot,Henry Hub,2024-12-31T06:00:00.000000Z,2025-01-01T06:00:00.000000Z,3.4,USD/MMBtu,,2026-08-31T11:44:22.042198Z,2026-08-26,https://www.eia.gov/dnav/ng/hist/rngwhhdD.htm,eia_henry_hub_spot:1788176662042198000:3241dfb4a8883f486cfb073eb5161263d2da2c27ccb423435106659f0cd0bc3e
EIA:DHHNGSP,U.S. EIA,physical_spot,Henry Hub physical spot,Henry Hub,2025-01-02T06:00:00.000000Z,2025-01-03T06:00:00.000000Z,3.65,USD/MMBtu,,2026-08-31T11:44:22.042198Z,2026-08-26,https://www.eia.gov/dnav/ng/hist/rngwhhdD.htm,eia_henry_hub_spot:1788176662042198000:3241dfb4a8883f486cfb073eb5161263d2da2c27ccb423435106659f0cd0bc3e
EIA:DHHNGSP,U.S. EIA,physical_spot,Henry Hub physical spot,Henry Hub,2025-01-03T06:00:00.000000Z,2025-01-04T06:00:00.000000Z,3.4,USD/MMBtu,,2026-08-31T11:44:22.042198Z,2026-08-26,https://www.eia.gov/dnav/ng/hist/rngwhhdD.htm,eia_henry_hub_spot:1788176662042198000:3241dfb4a8883f486cfb073eb5161263d2da2c27ccb423435106659f0cd0bc3e
EIA:DHHNGSP,U.S. EIA,physical_spot,Henry Hub physical spot,Henry Hub,2025-01-06T06:00:00.000000Z,2025-01-07T06:00:00.000000Z,4.05,USD/MMBtu,,2026-08-31T11:44:22.042198Z,2026-08-26,https://www.eia.gov/dnav/ng/hist/rngwhhdD.htm,eia_henry_hub_spot:1788176662042198000:3241dfb4a8883f486cfb073eb5161263d2da2c27ccb423435106659f0cd0bc3e
EIA:DHHNGSP,U.S. EIA,physical_spot,Henry Hub physical spot,Henry Hub,2025-01-07T06:00:00.000000Z,2025-01-08T06:00:00.000000Z,3.8,USD/MMBtu,,2026-08-31T11:44:22.042198Z,2026-08-26,https://www.eia.gov/dnav/ng/hist/rngwhhdD.htm,eia_henry_hub_spot:1788176662042198000:3241dfb4a8883f486cfb073eb5161263d2da2c27ccb423435106659f0cd0bc3e
EIA:DHHNGSP,U.S. EIA,physical_spot,Henry Hub physical spot,Henry Hub,2025-01-08T06:00:00.000000Z,2025-01-09T06:00:00.000000Z,3.75,USD/MMBtu,,2026-08-31T11:44:22.042198Z,2026-08-26,https://www.eia.gov/dnav/ng/hist/rngwhhdD.htm,eia_henry_hub_spot:1788176662042198000:3241dfb4a8883f486cfb073eb5161263d2da2c27ccb423435106659f0cd0bc3e
EIA:DHHNGSP,U.S. EIA,physical_spot,Henry Hub physical spot,Henry Hub,2025-01-09T06:00:00.000000Z,2025-01-10T06:00:00.000000Z,3.94,USD/MMBtu,,2026-08-31T11:44:22.042198Z,2026-08-26,https://www.eia.gov/dnav/ng/hist/rngwhhdD.htm,eia_henry_hub_spot:1788176662042198000:3241dfb4a8883f486cfb073eb5161263d2da2c27ccb423435106659f0cd0bc3e
EIA:DHHNGSP,U.S. EIA,physical_spot,Henry Hub physical spot,Henry Hub,2025-01-10T06:00:00.000000Z,2025-01-11T06:00:00.000000Z,4.13,USD/MMBtu,,2026-08-31T11:44:22.042198Z,2026-08-26,https://www.eia.gov/dnav/ng/hist/rngwhhdD.htm,eia_henry_hub_spot:1788176662042198000:3241dfb4a8883f486cfb073eb5161263d2da2c27ccb423435106659f0cd0bc3e
EIA:DHHNGSP,U.S. EIA,physical_spot,Henry Hub physical spot,Henry Hub,2025-01-13T06:00:00.000000Z,2025-01-14T06:00:00.000000Z,4.4,USD/MMBtu,,2026-08-31T11:44:22.042198Z,2026-08-26,https://www.eia.gov/dnav/ng/hist/rngwhhdD.htm,eia_henry_hub_spot:1788176662042198000:3241dfb4a8883f486cfb073eb5161263d2da2c27ccb423435106659f0cd0bc3e
EIA:DHHNGSP,U.S. EIA,physical_spot,Henry Hub physical spot,Henry Hub,2025-01-14T06:00:00.000000Z,2025-01-15T06:00:00.000000Z,4.32,USD/MMBtu,,2026-08-31T11:44:22.042198Z,2026-08-26,https://www.eia.gov/dnav/ng/hist/rngwhhdD.htm,eia_henry_hub_spot:1788176662042198000:3241dfb4a8883f486cfb073eb5161263d2da2c27ccb423435106659f0cd0bc3e
EIA:DHHNGSP,U.S. EIA,physical_spot,Henry Hub physical spot,Henry Hub,2025-01-15T06:00:00.000000Z,2025-01-16T06:00:00.000000Z,4.45,USD/MMBtu,,2026-08-31T11:44:22.042198Z,2026-08-26,https://www.eia.gov/dnav/ng/hist/rngwhhdD.htm,eia_henry_hub_spot:1788176662042198000:3241dfb4a8883f486cfb073eb5161263d2da2c27ccb423435106659f0cd0bc3e
EIA:DHHNGSP,U.S. EIA,physical_spot,Henry Hub physical spot,Henry Hub,2025-01-16T06:00:00.000000Z,2025-01-17T06:00:00.000000Z,4.3,USD/MMBtu,,2026-08-31T11:44:22.042198Z,2026-08-26,https://www.eia.gov/dnav/ng/hist/rngwhhdD.htm,eia_henry_hub_spot:1788176662042198000:3241dfb4a8883f486cfb073eb5161263d2da2c27ccb423435106659f0cd0bc3e
EIA:DHHNGSP,U.S. EIA,physical_spot,Henry Hub physical spot,Henry Hub,2025-01-17T06:00:00.000000Z,2025-01-18T06:00:00.000000Z,9.86,USD/MMBtu,,2026-08-31T11:44:22.042198Z,2026-08-26,https://www.eia.gov/dnav/ng/hist/rngwhhdD.htm,eia_henry_hub_spot:1788176662042198000:3241dfb4a8883f486cfb073eb5161263d2da2c27ccb423435106659f0cd0bc3e
EIA:DHHNGSP,U.S. EIA,physical_spot,Henry Hub physical spot,Henry Hub,2025-01-21T06:00:00.000000Z,2025-01-22T06:00:00.000000Z,4.4,USD/MMBtu,,2026-08-31T11:44:22.042198Z,2026-08-26,https://www.eia.gov/dnav/ng/hist/rngwhhdD.htm,eia_henry_hub_spot:1788176662042198000:3241dfb4a8883f486cfb073eb5161263d2da2c27ccb423435106659f0cd0bc3e
EIA:DHHNGSP,U.S. EIA,physical_spot,Henry Hub physical spot,Henry Hub,2025-01-22T06:00:00.000000Z,2025-01-23T06:00:00.000000Z,3.91,USD/MMBtu,,2026-08-31T11:44:22.042198Z,2026-08-26,https://www.eia.gov/dnav/ng/hist/rngwhhdD.htm,eia_henry_hub_spot:1788176662042198000:3241dfb4a8883f486cfb073eb5161263d2da2c27ccb423435106659f0cd0bc3e
EIA:DHHNGSP,U.S. EIA,physical_spot,Henry Hub physical spot,Henry Hub,2025-01-23T06:00:00.000000Z,2025-01-24T06:00:00.000000Z,3.91,USD/MMBtu,,2026-08-31T11:44:22.042198Z,2026-08-26,https://www.eia.gov/dnav/ng/hist/rngwhhdD.htm,eia_henry_hub_spot:1788176662042198000:3241dfb4a8883f486cfb073eb5161263d2da2c27ccb423435106659f0cd0bc3e
EIA:DHHNGSP,U.S. EIA,physical_spot,Henry Hub physical spot,Henry Hub,2025-01-24T06:00:00.000000Z,2025-01-25T06:00:00.000000Z,3.84,USD/MMBtu,,2026-08-31T11:44:22.042198Z,2026-08-26,https://www.eia.gov/dnav/ng/hist/rngwhhdD.htm,eia_henry_hub_spot:1788176662042198000:3241dfb4a8883f486cfb073eb5161263d2da2c27ccb423435106659f0cd0bc3e
EIA:DHHNGSP,U.S. EIA,physical_spot,Henry Hub physical spot,Henry Hub,2025-01-27T06:00:00.000000Z,2025-01-28T06:00:00.000000Z,3.71,USD/MMBtu,,2026-08-31T11:44:22.042198Z,2026-08-26,https://www.eia.gov/dnav/ng/hist/rngwhhdD.htm,eia_henry_hub_spot:1788176662042198000:3241dfb4a8883f486cfb073eb5161263d2da2c27ccb423435106659f0cd0bc3e
EIA:DHHNGSP,U.S. EIA,physical_spot,Henry Hub physical spot,Henry Hub,2025-01-28T06:00:00.000000Z,2025-01-29T06:00:00.000000Z,3.4,USD/MMBtu,,2026-08-31T11:44:22.042198Z,2026-08-26,https://www.eia.gov/dnav/ng/hist/rngwhhdD.htm,eia_henry_hub_spot:1788176662042198000:3241dfb4a8883f486cfb073eb5161263d2da2c27ccb423435106659f0cd0bc3e
EIA:DHHNGSP,U.S. EIA,physical_spot,Henry Hub physical spot,Henry Hub,2025-01-29T06:00:00.000000Z,2025-01-30T06:00:00.000000Z,3.38,USD/MMBtu,,2026-08-31T11:44:22.042198Z,2026-08-26,https://www.eia.gov/dnav/ng/hist/rngwhhdD.htm,eia_henry_hub_spot:1788176662042198000:3241dfb4a8883f486cfb073eb5161263d2da2c27ccb423435106659f0cd0bc3e
EIA:DHHNGSP,U.S. EIA,physical_spot,Henry Hub physical spot,Henry Hub,2025-01-30T06:00:00.000000Z,2025-01-31T06:00:00.000000Z,3.12,USD/MMBtu,,2026-08-31T11:44:22.042198Z,2026-08-26,https://www.eia.gov/dnav/ng/hist/rngwhhdD.htm,eia_henry_hub_spot:1788176662042198000:3241dfb4a8883f486cfb073eb5161263d2da2c27ccb423435106659f0cd0bc3e
EIA:DHHNGSP,U.S. EIA,physical_spot,Henry Hub physical spot,Henry Hub,2025-01-31T06:00:00.000000Z,2025-02-01T06:00:00.000000Z,2.93,USD/MMBtu,,2026-08-31T11:44:22.042198Z,2026-08-26,https://www.eia.gov/dnav/ng/hist/rngwhhdD.htm,eia_henry_hub_spot:1788176662042198000:3241dfb4a8883f486cfb073eb5161263d2da2c27ccb423435106659f0cd0bc3e
EIA:DHHNGSP,U.S. EIA,physical_spot,Henry Hub physical spot,Henry Hub,2025-02-03T06:00:00.000000Z,2025-02-04T06:00:00.000000Z,3.3,USD/MMBtu,,2026-08-31T11:44:22.042198Z,2026-08-26,https://www.eia.gov/dnav/ng/hist/rngwhhdD.htm,eia_henry_hub_spot:1788176662042198000:3241dfb4a8883f486cfb073eb5161263d2da2c27ccb423435106659f0cd0bc3e
EIA:DHHNGSP,U.S. EIA,physical_spot,Henry Hub physical spot,Henry Hub,2025-02-04T06:00:00.000000Z,2025-02-05T06:00:00.000000Z,3.25,USD/MMBtu,,2026-08-31T11:44:22.042198Z,2026-08-26,https://www.eia.gov/dnav/ng/hist/rngwhhdD.htm,eia_henry_hub_spot:1788176662042198000:3241dfb4a8883f486cfb073eb5161263d2da2c27ccb423435106659f0cd0bc3e
EIA:DHHNGSP,U.S. EIA,physical_spot,Henry Hub physical spot,Henry Hub,2025-02-05T06:00:00.000000Z,2025-02-06T06:00:00.000000Z,3.22,USD/MMBtu,,2026-08-31T11:44:22.042198Z,2026-08-26,https://www.eia.gov/dnav/ng/hist/rngwhhdD.htm,eia_henry_hub_spot:1788176662042198000:3241dfb4a8883f486cfb073eb5161263d2da2c27ccb423435106659f0cd0bc3e
EIA:DHHNGSP,U.S. EIA,physical_spot,Henry Hub physical spot,Henry Hub,2025-02-06T06:00:00.000000Z,2025-02-07T06:00:00.000000Z,3.31,USD/MMBtu,,2026-08-31T11:44:22.042198Z,2026-08-26,https://www.eia.gov/dnav/ng/hist/rngwhhdD.htm,eia_henry_hub_spot:1788176662042198000:3241dfb4a8883f486cfb073eb5161263d2da2c27ccb423435106659f0cd0bc3e
EIA:DHHNGSP,U.S. EIA,physical_spot,Henry Hub physical spot,Henry Hub,2025-02-07T06:00:00.000000Z,2025-02-08T06:00:00.000000Z,3.32,USD/MMBtu,,2026-08-31T11:44:22.042198Z,2026-08-26,https://www.eia.gov/dnav/ng/hist/rngwhhdD.htm,eia_henry_hub_spot:1788176662042198000:3241dfb4a8883f486cfb073eb5161263d2da2c27ccb423435106659f0cd0bc3e
EIA:DHHNGSP,U.S. EIA,physical_spot,Henry Hub physical spot,Henry Hub,2025-02-10T06:00:00.000000Z,2025-02-11T06:00:00.000000Z,3.48,USD/MMBtu,,2026-08-31T11:44:22.042198Z,2026-08-26,https://www.eia.gov/dnav/ng/hist/rngwhhdD.htm,eia_henry_hub_spot:1788176662042198000:3241dfb4a8883f486cfb073eb5161263d2da2c27ccb423435106659f0cd0bc3e
EIA:DHHNGSP,U.S. EIA,physical_spot,Henry Hub physical spot,Henry Hub,2025-02-11T06:00:00.000000Z,2025-02-12T06:00:00.000000Z,3.65,USD/MMBtu,,2026-08-31T11:44:22.042198Z,2026-08-26,https://www.eia.gov/dnav/ng/hist/rngwhhdD.htm,eia_henry_hub_spot:1788176662042198000:3241dfb4a8883f486cfb073eb5161263d2da2c27ccb423435106659f0cd0bc3e
EIA:DHHNGSP,U.S. EIA,physical_spot,Henry Hub physical spot,Henry Hub,2025-02-12T06:00:00.000000Z,2025-02-13T06:00:00.000000Z,3.97,USD/MMBtu,,2026-08-31T11:44:22.042198Z,2026-08-26,https://www.eia.gov/dnav/ng/hist/rngwhhdD.htm,eia_henry_hub_spot:1788176662042198000:3241dfb4a8883f486cfb073eb5161263d2da2c27ccb423435106659f0cd0bc3e
EIA:DHHNGSP,U.S. EIA,physical_spot,Henry Hub physical spot,Henry Hub,2025-02-13T06:00:00.000000Z,2025-02-14T06:00:00.000000Z,4.43,USD/MMBtu,,2026-08-31T11:44:22.042198Z,2026-08-26,https://www.eia.gov/dnav/ng/hist/rngwhhdD.htm,eia_henry_hub_spot:1788176662042198000:3241dfb4a8883f486cfb073eb5161263d2da2c27ccb423435106659f0cd0bc3e
EIA:DHHNGSP,U.S. EIA,physical_spot,Henry Hub physical spot,Henry Hub,2025-02-14T06:00:00.000000Z,2025-02-15T06:00:00.000000Z,4.6,USD/MMBtu,,2026-08-31T11:44:22.042198Z,2026-08-26,https://www.eia.gov/dnav/ng/hist/rngwhhdD.htm,eia_henry_hub_spot:1788176662042198000:3241dfb4a8883f486cfb073eb5161263d2da2c27ccb423435106659f0cd0bc3e
EIA:DHHNGSP,U.S. EIA,physical_spot,Henry Hub physical spot,Henry Hub,2025-02-18T06:00:00.000000Z,2025-02-19T06:00:00.000000Z,6.4,USD/MMBtu,,2026-08-31T11:44:22.042198Z,2026-08-26,https://www.eia.gov/dnav/ng/hist/rngwhhdD.htm,eia_henry_hub_spot:1788176662042198000:3241dfb4a8883f486cfb073eb5161263d2da2c27ccb423435106659f0cd0bc3e
EIA:DHHNGSP,U.S. EIA,physical_spot,Henry Hub physical spot,Henry Hub,2025-02-19T06:00:00.000000Z,2025-02-20T06:00:00.000000Z,7.15,USD/MMBtu,,2026-08-31T11:44:22.042198Z,2026-08-26,https://www.eia.gov/dnav/ng/hist/rngwhhdD.htm,eia_henry_hub_spot:1788176662042198000:3241dfb4a8883f486cfb073eb5161263d2da2c27ccb423435106659f0cd0bc3e
EIA:DHHNGSP,U.S. EIA,physical_spot,Henry Hub physical spot,Henry Hub,2025-02-20T06:00:00.000000Z,2025-02-21T06:00:00.000000Z,5.62,USD/MMBtu,,2026-08-31T11:44:22.042198Z,2026-08-26,https://www.eia.gov/dnav/ng/hist/rngwhhdD.htm,eia_henry_hub_spot:1788176662042198000:3241dfb4a8883f486cfb073eb5161263d2da2c27ccb423435106659f0cd0bc3e
EIA:DHHNGSP,U.S. EIA,physical_spot,Henry Hub physical spot,Henry Hub,2025-02-21T06:00:00.000000Z,2025-02-22T06:00:00.000000Z,4.43,USD/MMBtu,,2026-08-31T11:44:22.042198Z,2026-08-26,https://www.eia.gov/dnav/ng/hist/rngwhhdD.htm,eia_henry_hub_spot:1788176662042198000:3241dfb4a8883f486cfb073eb5161263d2da2c27ccb423435106659f0cd0bc3e
EIA:DHHNGSP,U.S. EIA,physical_spot,Henry Hub physical spot,Henry Hub,2025-02-24T06:00:00.000000Z,2025-02-25T06:00:00.000000Z,3.86,USD/MMBtu,,2026-08-31T11:44:22.042198Z,2026-08-26,https://www.eia.gov/dnav/ng/hist/rngwhhdD.htm,eia_henry_hub_spot:1788176662042198000:3241dfb4a8883f486cfb073eb5161263d2da2c27ccb423435106659f0cd0bc3e
EIA:DHHNGSP,U.S. EIA,physical_spot,Henry Hub physical spot,Henry Hub,2025-02-25T06:00:00.000000Z,2025-02-26T06:00:00.000000Z,3.88,USD/MMBtu,,2026-08-31T11:44:22.042198Z,2026-08-26,https://www.eia.gov/dnav/ng/hist/rngwhhdD.htm,eia_henry_hub_spot:1788176662042198000:3241dfb4a8883f486cfb073eb5161263d2da2c27ccb423435106659f0cd0bc3e
EIA:DHHNGSP,U.S. EIA,physical_spot,Henry Hub physical spot,Henry Hub,2025-02-26T06:00:00.000000Z,2025-02-27T06:00:00.000000Z,3.9,USD/MMBtu,,2026-08-31T11:44:22.042198Z,2026-08-26,https://www.eia.gov/dnav/ng/hist/rngwhhdD.htm,eia_henry_hub_spot:1788176662042198000:3241dfb4a8883f486cfb073eb5161263d2da2c27ccb423435106659f0cd0bc3e
EIA:DHHNGSP,U.S. EIA,physical_spot,Henry Hub physical spot,Henry Hub,2025-02-27T06:00:00.000000Z,2025-02-28T06:00:00.000000Z,3.91,USD/MMBtu,,2026-08-31T11:44:22.042198Z,2026-08-26,https://www.eia.gov/dnav/ng/hist/rngwhhdD.htm,eia_henry_hub_spot:1788176662042198000:3241dfb4a8883f486cfb073eb5161263d2da2c27ccb423435106659f0cd0bc3e
EIA:DHHNGSP,U.S. EIA,physical_spot,Henry Hub physical spot,Henry Hub,2025-02-28T06:00:00.000000Z,2025-03-01T06:00:00.000000Z,3.91,USD/MMBtu,,2026-08-31T11:44:22.042198Z,2026-08-26,https://www.eia.gov/dnav/ng/hist/rngwhhdD.htm,eia_henry_hub_spot:1788176662042198000:3241dfb4a8883f486cfb073eb5161263d2da2c27ccb423435106659f0cd0bc3e
EIA:DHHNGSP,U.S. EIA,physical_spot,Henry Hub physical spot,Henry Hub,2025-03-03T06:00:00.000000Z,2025-03-04T06:00:00.000000Z,3.8,USD/MMBtu,,2026-08-31T11:44:22.042198Z,2026-08-26,https://www.eia.gov/dnav/ng/hist/rngwhhdD.htm,eia_henry_hub_spot:1788176662042198000:3241dfb4a8883f486cfb073eb5161263d2da2c27ccb423435106659f0cd0bc3e
EIA:DHHNGSP,U.S. EIA,physical_spot,Henry Hub physical spot,Henry Hub,2025-03-04T06:00:00.000000Z,2025-03-05T06:00:00.000000Z,4.39,USD/MMBtu,,2026-08-31T11:44:22.042198Z,2026-08-26,https://www.eia.gov/dnav/ng/hist/rngwhhdD.htm,eia_henry_hub_spot:1788176662042198000:3241dfb4a8883f486cfb073eb5161263d2da2c27ccb423435106659f0cd0bc3e
EIA:DHHNGSP,U.S. EIA,physical_spot,Henry Hub physical spot,Henry Hub,2025-03-05T06:00:00.000000Z,2025-03-06T06:00:00.000000Z,4.4,USD/MMBtu,,2026-08-31T11:44:22.042198Z,2026-08-26,https://www.eia.gov/dnav/ng/hist/rngwhhdD.htm,eia_henry_hub_spot:1788176662042198000:3241dfb4a8883f486cfb073eb5161263d2da2c27ccb423435106659f0cd0bc3e
EIA:DHHNGSP,U.S. EIA,physical_spot,Henry Hub physical spot,Henry Hub,2025-03-06T06:00:00.000000Z,2025-03-07T06:00:00.000000Z,4.39,USD/MMBtu,,2026-08-31T11:44:22.042198Z,2026-08-26,https://www.eia.gov/dnav/ng/hist/rngwhhdD.htm,eia_henry_hub_spot:1788176662042198000:3241dfb4a8883f486cfb073eb5161263d2da2c27ccb423435106659f0cd0bc3e
EIA:DHHNGSP,U.S. EIA,physical_spot,Henry Hub physical spot,Henry Hub,2025-03-07T06:00:00.000000Z,2025-03-08T06:00:00.000000Z,4.39,USD/MMBtu,,2026-08-31T11:44:22.042198Z,2026-08-26,https://www.eia.gov/dnav/ng/hist/rngwhhdD.htm,eia_henry_hub_spot:1788176662042198000:3241dfb4a8883f486cfb073eb5161263d2da2c27ccb423435106659f0cd0bc3e
EIA:DHHNGSP,U.S. EIA,physical_spot,Henry Hub physical spot,Henry Hub,2025-03-10T05:00:00.000000Z,2025-03-11T05:00:00.000000Z,4.23,USD/MMBtu,,2026-08-31T11:44:22.042198Z,2026-08-26,https://www.eia.gov/dnav/ng/hist/rngwhhdD.htm,eia_henry_hub_spot:1788176662042198000:3241dfb4a8883f486cfb073eb5161263d2da2c27ccb423435106659f0cd0bc3e
EIA:DHHNGSP,U.S. EIA,physical_spot,Henry Hub physical spot,Henry Hub,2025-03-11T05:00:00.000000Z,2025-03-12T05:00:00.000000Z,4.57,USD/MMBtu,,2026-08-31T11:44:22.042198Z,2026-08-26,https://www.eia.gov/dnav/ng/hist/rngwhhdD.htm,eia_henry_hub_spot:1788176662042198000:3241dfb4a8883f486cfb073eb5161263d2da2c27ccb423435106659f0cd0bc3e
EIA:DHHNGSP,U.S. EIA,physical_spot,Henry Hub physical spot,Henry Hub,2025-03-12T05:00:00.000000Z,2025-03-13T05:00:00.000000Z,4.18,USD/MMBtu,,2026-08-31T11:44:22.042198Z,2026-08-26,https://www.eia.gov/dnav/ng/hist/rngwhhdD.htm,eia_henry_hub_spot:1788176662042198000:3241dfb4a8883f486cfb073eb5161263d2da2c27ccb423435106659f0cd0bc3e
EIA:DHHNGSP,U.S. EIA,physical_spot,Henry Hub physical spot,Henry Hub,2025-03-13T05:00:00.000000Z,2025-03-14T05:00:00.000000Z,3.89,USD/MMBtu,,2026-08-31T11:44:22.042198Z,2026-08-26,https://www.eia.gov/dnav/ng/hist/rngwhhdD.htm,eia_henry_hub_spot:1788176662042198000:3241dfb4a8883f486cfb073eb5161263d2da2c27ccb423435106659f0cd0bc3e
EIA:DHHNGSP,U.S. EIA,physical_spot,Henry Hub physical spot,Henry Hub,2025-03-14T05:00:00.000000Z,2025-03-15T05:00:00.000000Z,3.89,USD/MMBtu,,2026-08-31T11:44:22.042198Z,2026-08-26,https://www.eia.gov/dnav/ng/hist/rngwhhdD.htm,eia_henry_hub_spot:1788176662042198000:3241dfb4a8883f486cfb073eb5161263d2da2c27ccb423435106659f0cd0bc3e
EIA:DHHNGSP,U.S. EIA,physical_spot,Henry Hub physical spot,Henry Hub,2025-03-17T05:00:00.000000Z,2025-03-18T05:00:00.000000Z,4.15,USD/MMBtu,,2026-08-31T11:44:22.042198Z,2026-08-26,https://www.eia.gov/dnav/ng/hist/rngwhhdD.htm,eia_henry_hub_spot:1788176662042198000:3241dfb4a8883f486cfb073eb5161263d2da2c27ccb423435106659f0cd0bc3e
EIA:DHHNGSP,U.S. EIA,physical_spot,Henry Hub physical spot,Henry Hub,2025-03-18T05:00:00.000000Z,2025-03-19T05:00:00.000000Z,4.17,USD/MMBtu,,2026-08-31T11:44:22.042198Z,2026-08-26,https://www.eia.gov/dnav/ng/hist/rngwhhdD.htm,eia_henry_hub_spot:1788176662042198000:3241dfb4a8883f486cfb073eb5161263d2da2c27ccb423435106659f0cd0bc3e
EIA:DHHNGSP,U.S. EIA,physical_spot,Henry Hub physical spot,Henry Hub,2025-03-19T05:00:00.000000Z,2025-03-20T05:00:00.000000Z,4.21,USD/MMBtu,,2026-08-31T11:44:22.042198Z,2026-08-26,https://www.eia.gov/dnav/ng/hist/rngwhhdD.htm,eia_henry_hub_spot:1788176662042198000:3241dfb4a8883f486cfb073eb5161263d2da2c27ccb423435106659f0cd0bc3e
EIA:DHHNGSP,U.S. EIA,physical_spot,Henry Hub physical spot,Henry Hub,2025-03-20T05:00:00.000000Z,2025-03-21T05:00:00.000000Z,4.23,USD/MMBtu,,2026-08-31T11:44:22.042198Z,2026-08-26,https://www.eia.gov/dnav/ng/hist/rngwhhdD.htm,eia_henry_hub_spot:1788176662042198000:3241dfb4a8883f486cfb073eb5161263d2da2c27ccb423435106659f0cd0bc3e
EIA:DHHNGSP,U.S. EIA,physical_spot,Henry Hub physical spot,Henry Hub,2025-03-21T05:00:00.000000Z,2025-03-22T05:00:00.000000Z,3.93,USD/MMBtu,,2026-08-31T11:44:22.042198Z,2026-08-26,https://www.eia.gov/dnav/ng/hist/rngwhhdD.htm,eia_henry_hub_spot:1788176662042198000:3241dfb4a8883f486cfb073eb5161263d2da2c27ccb423435106659f0cd0bc3e
EIA:DHHNGSP,U.S. EIA,physical_spot,Henry Hub physical spot,Henry Hub,2025-03-24T05:00:00.000000Z,2025-03-25T05:00:00.000000Z,4.03,USD/MMBtu,,2026-08-31T11:44:22.042198Z,2026-08-26,https://www.eia.gov/dnav/ng/hist/rngwhhdD.htm,eia_henry_hub_spot:1788176662042198000:3241dfb4a8883f486cfb073eb5161263d2da2c27ccb423435106659f0cd0bc3e
EIA:DHHNGSP,U.S. EIA,physical_spot,Henry Hub physical spot,Henry Hub,2025-03-25T05:00:00.000000Z,2025-03-26T05:00:00.000000Z,3.94,USD/MMBtu,,2026-08-31T11:44:22.042198Z,2026-08-26,https://www.eia.gov/dnav/ng/hist/rngwhhdD.htm,eia_henry_hub_spot:1788176662042198000:3241dfb4a8883f486cfb073eb5161263d2da2c27ccb423435106659f0cd0bc3e
EIA:DHHNGSP,U.S. EIA,physical_spot,Henry Hub physical spot,Henry Hub,2025-03-26T05:00:00.000000Z,2025-03-27T05:00:00.000000Z,3.85,USD/MMBtu,,2026-08-31T11:44:22.042198Z,2026-08-26,https://www.eia.gov/dnav/ng/hist/rngwhhdD.htm,eia_henry_hub_spot:1788176662042198000:3241dfb4a8883f486cfb073eb5161263d2da2c27ccb423435106659f0cd0bc3e
EIA:DHHNGSP,U.S. EIA,physical_spot,Henry Hub physical spot,Henry Hub,2025-03-27T05:00:00.000000Z,2025-03-28T05:00:00.000000Z,3.88,USD/MMBtu,,2026-08-31T11:44:22.042198Z,2026-08-26,https://www.eia.gov/dnav/ng/hist/rngwhhdD.htm,eia_henry_hub_spot:1788176662042198000:3241dfb4a8883f486cfb073eb5161263d2da2c27ccb423435106659f0cd0bc3e
EIA:DHHNGSP,U.S. EIA,physical_spot,Henry Hub physical spot,Henry Hub,2025-03-28T05:00:00.000000Z,2025-03-29T05:00:00.000000Z,3.89,USD/MMBtu,,2026-08-31T11:44:22.042198Z,2026-08-26,https://www.eia.gov/dnav/ng/hist/rngwhhdD.htm,eia_henry_hub_spot:1788176662042198000:3241dfb4a8883f486cfb073eb5161263d2da2c27ccb423435106659f0cd0bc3e
EIA:DHHNGSP,U.S. EIA,physical_spot,Henry Hub physical spot,Henry Hub,2025-03-31T05:00:00.000000Z,2025-04-01T05:00:00.000000Z,4.11,USD/MMBtu,,2026-08-31T11:44:22.042198Z,2026-08-26,https://www.eia.gov/dnav/ng/hist/rngwhhdD.htm,eia_henry_hub_spot:1788176662042198000:3241dfb4a8883f486cfb073eb5161263d2da2c27ccb423435106659f0cd0bc3e
EIA:DHHNGSP,U.S. EIA,physical_spot,Henry Hub physical spot,Henry Hub,2025-04-01T05:00:00.000000Z,2025-04-02T05:00:00.000000Z,3.96,USD/MMBtu,,2026-08-31T11:44:22.042198Z,2026-08-26,https://www.eia.gov/dnav/ng/hist/rngwhhdD.htm,eia_henry_hub_spot:1788176662042198000:3241dfb4a8883f486cfb073eb5161263d2da2c27ccb423435106659f0cd0bc3e
EIA:DHHNGSP,U.S. EIA,physical_spot,Henry Hub physical spot,Henry Hub,2025-04-02T05:00:00.000000Z,2025-04-03T05:00:00.000000Z,4.04,USD/MMBtu,,2026-08-31T11:44:22.042198Z,2026-08-26,https://www.eia.gov/dnav/ng/hist/rngwhhdD.htm,eia_henry_hub_spot:1788176662042198000:3241dfb4a8883f486cfb073eb5161263d2da2c27ccb423435106659f0cd0bc3e
EIA:DHHNGSP,U.S. EIA,physical_spot,Henry Hub physical spot,Henry Hub,2025-04-03T05:00:00.000000Z,2025-04-04T05:00:00.000000Z,4.21,USD/MMBtu,,2026-08-31T11:44:22.042198Z,2026-08-26,https://www.eia.gov/dnav/ng/hist/rngwhhdD.htm,eia_henry_hub_spot:1788176662042198000:3241dfb4a8883f486cfb073eb5161263d2da2c27ccb423435106659f0cd0bc3e
EIA:DHHNGSP,U.S. EIA,physical_spot,Henry Hub physical spot,Henry Hub,2025-04-04T05:00:00.000000Z,2025-04-05T05:00:00.000000Z,4.04,USD/MMBtu,,2026-08-31T11:44:22.042198Z,2026-08-26,https://www.eia.gov/dnav/ng/hist/rngwhhdD.htm,eia_henry_hub_spot:1788176662042198000:3241dfb4a8883f486cfb073eb5161263d2da2c27ccb423435106659f0cd0bc3e
EIA:DHHNGSP,U.S. EIA,physical_spot,Henry Hub physical spot,Henry Hub,2025-04-07T05:00:00.000000Z,2025-04-08T05:00:00.000000Z,3.97,USD/MMBtu,,2026-08-31T11:44:22.042198Z,2026-08-26,https://www.eia.gov/dnav/ng/hist/rngwhhdD.htm,eia_henry_hub_spot:1788176662042198000:3241dfb4a8883f486cfb073eb5161263d2da2c27ccb423435106659f0cd0bc3e
EIA:DHHNGSP,U.S. EIA,physical_spot,Henry Hub physical spot,Henry Hub,2025-04-08T05:00:00.000000Z,2025-04-09T05:00:00.000000Z,3.85,USD/MMBtu,,2026-08-31T11:44:22.042198Z,2026-08-26,https://www.eia.gov/dnav/ng/hist/rngwhhdD.htm,eia_henry_hub_spot:1788176662042198000:3241dfb4a8883f486cfb073eb5161263d2da2c27ccb423435106659f0cd0bc3e
EIA:DHHNGSP,U.S. EIA,physical_spot,Henry Hub physical spot,Henry Hub,2025-04-09T05:00:00.000000Z,2025-04-10T05:00:00.000000Z,3.42,USD/MMBtu,,2026-08-31T11:44:22.042198Z,2026-08-26,https://www.eia.gov/dnav/ng/hist/rngwhhdD.htm,eia_henry_hub_spot:1788176662042198000:3241dfb4a8883f486cfb073eb5161263d2da2c27ccb423435106659f0cd0bc3e
EIA:DHHNGSP,U.S. EIA,physical_spot,Henry Hub physical spot,Henry Hub,2025-04-10T05:00:00.000000Z,2025-04-11T05:00:00.000000Z,3.7,USD/MMBtu,,2026-08-31T11:44:22.042198Z,2026-08-26,https://www.eia.gov/dnav/ng/hist/rngwhhdD.htm,eia_henry_hub_spot:1788176662042198000:3241dfb4a8883f486cfb073eb5161263d2da2c27ccb423435106659f0cd0bc3e
EIA:DHHNGSP,U.S. EIA,physical_spot,Henry Hub physical spot,Henry Hub,2025-04-11T05:00:00.000000Z,2025-04-12T05:00:00.000000Z,3.44,USD/MMBtu,,2026-08-31T11:44:22.042198Z,2026-08-26,https://www.eia.gov/dnav/ng/hist/rngwhhdD.htm,eia_henry_hub_spot:1788176662042198000:3241dfb4a8883f486cfb073eb5161263d2da2c27ccb423435106659f0cd0bc3e
EIA:DHHNGSP,U.S. EIA,physical_spot,Henry Hub physical spot,Henry Hub,2025-04-14T05:00:00.000000Z,2025-04-15T05:00:00.000000Z,3.57,USD/MMBtu,,2026-08-31T11:44:22.042198Z,2026-08-26,https://www.eia.gov/dnav/ng/hist/rngwhhdD.htm,eia_henry_hub_spot:1788176662042198000:3241dfb4a8883f486cfb073eb5161263d2da2c27ccb423435106659f0cd0bc3e
EIA:DHHNGSP,U.S. EIA,physical_spot,Henry Hub physical spot,Henry Hub,2025-04-15T05:00:00.000000Z,2025-04-16T05:00:00.000000Z,3.27,USD/MMBtu,,2026-08-31T11:44:22.042198Z,2026-08-26,https://www.eia.gov/dnav/ng/hist/rngwhhdD.htm,eia_henry_hub_spot:1788176662042198000:3241dfb4a8883f486cfb073eb5161263d2da2c27ccb423435106659f0cd0bc3e
EIA:DHHNGSP,U.S. EIA,physical_spot,Henry Hub physical spot,Henry Hub,2025-04-16T05:00:00.000000Z,2025-04-17T05:00:00.000000Z,3.25,USD/MMBtu,,2026-08-31T11:44:22.042198Z,2026-08-26,https://www.eia.gov/dnav/ng/hist/rngwhhdD.htm,eia_henry_hub_spot:1788176662042198000:3241dfb4a8883f486cfb073eb5161263d2da2c27ccb423435106659f0cd0bc3e
EIA:DHHNGSP,U.S. EIA,physical_spot,Henry Hub physical spot,Henry Hub,2025-04-17T05:00:00.000000Z,2025-04-18T05:00:00.000000Z,2.94,USD/MMBtu,,2026-08-31T11:44:22.042198Z,2026-08-26,https://www.eia.gov/dnav/ng/hist/rngwhhdD.htm,eia_henry_hub_spot:1788176662042198000:3241dfb4a8883f486cfb073eb5161263d2da2c27ccb423435106659f0cd0bc3e
EIA:DHHNGSP,U.S. EIA,physical_spot,Henry Hub physical spot,Henry Hub,2025-04-21T05:00:00.000000Z,2025-04-22T05:00:00.000000Z,3.16,USD/MMBtu,,2026-08-31T11:44:22.042198Z,2026-08-26,https://www.eia.gov/dnav/ng/hist/rngwhhdD.htm,eia_henry_hub_spot:1788176662042198000:3241dfb4a8883f486cfb073eb5161263d2da2c27ccb423435106659f0cd0bc3e
EIA:DHHNGSP,U.S. EIA,physical_spot,Henry Hub physical spot,Henry Hub,2025-04-22T05:00:00.000000Z,2025-04-23T05:00:00.000000Z,3.12,USD/MMBtu,,2026-08-31T11:44:22.042198Z,2026-08-26,https://www.eia.gov/dnav/ng/hist/rngwhhdD.htm,eia_henry_hub_spot:1788176662042198000:3241dfb4a8883f486cfb073eb5161263d2da2c27ccb423435106659f0cd0bc3e
EIA:DHHNGSP,U.S. EIA,physical_spot,Henry Hub physical spot,Henry Hub,2025-04-23T05:00:00.000000Z,2025-04-24T05:00:00.000000Z,3.12,USD/MMBtu,,2026-08-31T11:44:22.042198Z,2026-08-26,https://www.eia.gov/dnav/ng/hist/rngwhhdD.htm,eia_henry_hub_spot:1788176662042198000:3241dfb4a8883f486cfb073eb5161263d2da2c27ccb423435106659f0cd0bc3e
EIA:DHHNGSP,U.S. EIA,physical_spot,Henry Hub physical spot,Henry Hub,2025-04-24T05:00:00.000000Z,2025-04-25T05:00:00.000000Z,2.87,USD/MMBtu,,2026-08-31T11:44:22.042198Z,2026-08-26,https://www.eia.gov/dnav/ng/hist/rngwhhdD.htm,eia_henry_hub_spot:1788176662042198000:3241dfb4a8883f486cfb073eb5161263d2da2c27ccb423435106659f0cd0bc3e
EIA:DHHNGSP,U.S. EIA,physical_spot,Henry Hub physical spot,Henry Hub,2025-04-25T05:00:00.000000Z,2025-04-26T05:00:00.000000Z,2.71,USD/MMBtu,,2026-08-31T11:44:22.042198Z,2026-08-26,https://www.eia.gov/dnav/ng/hist/rngwhhdD.htm,eia_henry_hub_spot:1788176662042198000:3241dfb4a8883f486cfb073eb5161263d2da2c27ccb423435106659f0cd0bc3e
EIA:DHHNGSP,U.S. EIA,physical_spot,Henry Hub physical spot,Henry Hub,2025-04-28T05:00:00.000000Z,2025-04-29T05:00:00.000000Z,2.96,USD/MMBtu,,2026-08-31T11:44:22.042198Z,2026-08-26,https://www.eia.gov/dnav/ng/hist/rngwhhdD.htm,eia_henry_hub_spot:1788176662042198000:3241dfb4a8883f486cfb073eb5161263d2da2c27ccb423435106659f0cd0bc3e
EIA:DHHNGSP,U.S. EIA,physical_spot,Henry Hub physical spot,Henry Hub,2025-04-29T05:00:00.000000Z,2025-04-30T05:00:00.000000Z,3.17,USD/MMBtu,,2026-08-31T11:44:22.042198Z,2026-08-26,https://www.eia.gov/dnav/ng/hist/rngwhhdD.htm,eia_henry_hub_spot:1788176662042198000:3241dfb4a8883f486cfb073eb5161263d2da2c27ccb423435106659f0cd0bc3e
EIA:DHHNGSP,U.S. EIA,physical_spot,Henry Hub physical spot,Henry Hub,2025-04-30T05:00:00.000000Z,2025-05-01T05:00:00.000000Z,3.12,USD/MMBtu,,2026-08-31T11:44:22.042198Z,2026-08-26,https://www.eia.gov/dnav/ng/hist/rngwhhdD.htm,eia_henry_hub_spot:1788176662042198000:3241dfb4a8883f486cfb073eb5161263d2da2c27ccb423435106659f0cd0bc3e
EIA:DHHNGSP,U.S. EIA,physical_spot,Henry Hub physical spot,Henry Hub,2025-05-01T05:00:00.000000Z,2025-05-02T05:00:00.000000Z,3.08,USD/MMBtu,,2026-08-31T11:44:22.042198Z,2026-08-26,https://www.eia.gov/dnav/ng/hist/rngwhhdD.htm,eia_henry_hub_spot:1788176662042198000:3241dfb4a8883f486cfb073eb5161263d2da2c27ccb423435106659f0cd0bc3e
EIA:DHHNGSP,U.S. EIA,physical_spot,Henry Hub physical spot,Henry Hub,2025-05-02T05:00:00.000000Z,2025-05-03T05:00:00.000000Z,3.1,USD/MMBtu,,2026-08-31T11:44:22.042198Z,2026-08-26,https://www.eia.gov/dnav/ng/hist/rngwhhdD.htm,eia_henry_hub_spot:1788176662042198000:3241dfb4a8883f486cfb073eb5161263d2da2c27ccb423435106659f0cd0bc3e
EIA:DHHNGSP,U.S. EIA,physical_spot,Henry Hub physical spot,Henry Hub,2025-05-05T05:00:00.000000Z,2025-05-06T05:00:00.000000Z,3.26,USD/MMBtu,,2026-08-31T11:44:22.042198Z,2026-08-26,https://www.eia.gov/dnav/ng/hist/rngwhhdD.htm,eia_henry_hub_spot:1788176662042198000:3241dfb4a8883f486cfb073eb5161263d2da2c27ccb423435106659f0cd0bc3e
EIA:DHHNGSP,U.S. EIA,physical_spot,Henry Hub physical spot,Henry Hub,2025-05-06T05:00:00.000000Z,2025-05-07T05:00:00.000000Z,3.08,USD/MMBtu,,2026-08-31T11:44:22.042198Z,2026-08-26,https://www.eia.gov/dnav/ng/hist/rngwhhdD.htm,eia_henry_hub_spot:1788176662042198000:3241dfb4a8883f486cfb073eb5161263d2da2c27ccb423435106659f0cd0bc3e
EIA:DHHNGSP,U.S. EIA,physical_spot,Henry Hub physical spot,Henry Hub,2025-05-07T05:00:00.000000Z,2025-05-08T05:00:00.000000Z,3.18,USD/MMBtu,,2026-08-31T11:44:22.042198Z,2026-08-26,https://www.eia.gov/dnav/ng/hist/rngwhhdD.htm,eia_henry_hub_spot:1788176662042198000:3241dfb4a8883f486cfb073eb5161263d2da2c27ccb423435106659f0cd0bc3e
EIA:DHHNGSP,U.S. EIA,physical_spot,Henry Hub physical spot,Henry Hub,2025-05-08T05:00:00.000000Z,2025-05-09T05:00:00.000000Z,3.23,USD/MMBtu,,2026-08-31T11:44:22.042198Z,2026-08-26,https://www.eia.gov/dnav/ng/hist/rngwhhdD.htm,eia_henry_hub_spot:1788176662042198000:3241dfb4a8883f486cfb073eb5161263d2da2c27ccb423435106659f0cd0bc3e
EIA:DHHNGSP,U.S. EIA,physical_spot,Henry Hub physical spot,Henry Hub,2025-05-09T05:00:00.000000Z,2025-05-10T05:00:00.000000Z,3.22,USD/MMBtu,,2026-08-31T11:44:22.042198Z,2026-08-26,https://www.eia.gov/dnav/ng/hist/rngwhhdD.htm,eia_henry_hub_spot:1788176662042198000:3241dfb4a8883f486cfb073eb5161263d2da2c27ccb423435106659f0cd0bc3e
EIA:DHHNGSP,U.S. EIA,physical_spot,Henry Hub physical spot,Henry Hub,2025-05-12T05:00:00.000000Z,2025-05-13T05:00:00.000000Z,3.19,USD/MMBtu,,2026-08-31T11:44:22.042198Z,2026-08-26,https://www.eia.gov/dnav/ng/hist/rngwhhdD.htm,eia_henry_hub_spot:1788176662042198000:3241dfb4a8883f486cfb073eb5161263d2da2c27ccb423435106659f0cd0bc3e
EIA:DHHNGSP,U.S. EIA,physical_spot,Henry Hub physical spot,Henry Hub,2025-05-13T05:00:00.000000Z,2025-05-14T05:00:00.000000Z,3.27,USD/MMBtu,,2026-08-31T11:44:22.042198Z,2026-08-26,https://www.eia.gov/dnav/ng/hist/rngwhhdD.htm,eia_henry_hub_spot:1788176662042198000:3241dfb4a8883f486cfb073eb5161263d2da2c27ccb423435106659f0cd0bc3e
EIA:DHHNGSP,U.S. EIA,physical_spot,Henry Hub physical spot,Henry Hub,2025-05-14T05:00:00.000000Z,2025-05-15T05:00:00.000000Z,3.31,USD/MMBtu,,2026-08-31T11:44:22.042198Z,2026-08-26,https://www.eia.gov/dnav/ng/hist/rngwhhdD.htm,eia_henry_hub_spot:1788176662042198000:3241dfb4a8883f486cfb073eb5161263d2da2c27ccb423435106659f0cd0bc3e
EIA:DHHNGSP,U.S. EIA,physical_spot,Henry Hub physical spot,Henry Hub,2025-05-15T05:00:00.000000Z,2025-05-16T05:00:00.000000Z,3.2,USD/MMBtu,,2026-08-31T11:44:22.042198Z,2026-08-26,https://www.eia.gov/dnav/ng/hist/rngwhhdD.htm,eia_henry_hub_spot:1788176662042198000:3241dfb4a8883f486cfb073eb5161263d2da2c27ccb423435106659f0cd0bc3e
EIA:DHHNGSP,U.S. EIA,physical_spot,Henry Hub physical spot,Henry Hub,2025-05-16T05:00:00.000000Z,2025-05-17T05:00:00.000000Z,3.01,USD/MMBtu,,2026-08-31T11:44:22.042198Z,2026-08-26,https://www.eia.gov/dnav/ng/hist/rngwhhdD.htm,eia_henry_hub_spot:1788176662042198000:3241dfb4a8883f486cfb073eb5161263d2da2c27ccb423435106659f0cd0bc3e
EIA:DHHNGSP,U.S. EIA,physical_spot,Henry Hub physical spot,Henry Hub,2025-05-19T05:00:00.000000Z,2025-05-20T05:00:00.000000Z,2.96,USD/MMBtu,,2026-08-31T11:44:22.042198Z,2026-08-26,https://www.eia.gov/dnav/ng/hist/rngwhhdD.htm,eia_henry_hub_spot:1788176662042198000:3241dfb4a8883f486cfb073eb5161263d2da2c27ccb423435106659f0cd0bc3e
EIA:DHHNGSP,U.S. EIA,physical_spot,Henry Hub physical spot,Henry Hub,2025-05-20T05:00:00.000000Z,2025-05-21T05:00:00.000000Z,3.15,USD/MMBtu,,2026-08-31T11:44:22.042198Z,2026-08-26,https://www.eia.gov/dnav/ng/hist/rngwhhdD.htm,eia_henry_hub_spot:1788176662042198000:3241dfb4a8883f486cfb073eb5161263d2da2c27ccb423435106659f0cd0bc3e
EIA:DHHNGSP,U.S. EIA,physical_spot,Henry Hub physical spot,Henry Hub,2025-05-21T05:00:00.000000Z,2025-05-22T05:00:00.000000Z,3.2,USD/MMBtu,,2026-08-31T11:44:22.042198Z,2026-08-26,https://www.eia.gov/dnav/ng/hist/rngwhhdD.htm,eia_henry_hub_spot:1788176662042198000:3241dfb4a8883f486cfb073eb5161263d2da2c27ccb423435106659f0cd0bc3e
EIA:DHHNGSP,U.S. EIA,physical_spot,Henry Hub physical spot,Henry Hub,2025-05-22T05:00:00.000000Z,2025-05-23T05:00:00.000000Z,3.0,USD/MMBtu,,2026-08-31T11:44:22.042198Z,2026-08-26,https://www.eia.gov/dnav/ng/hist/rngwhhdD.htm,eia_henry_hub_spot:1788176662042198000:3241dfb4a8883f486cfb073eb5161263d2da2c27ccb423435106659f0cd0bc3e
EIA:DHHNGSP,U.S. EIA,physical_spot,Henry Hub physical spot,Henry Hub,2025-05-23T05:00:00.000000Z,2025-05-24T05:00:00.000000Z,2.93,USD/MMBtu,,2026-08-31T11:44:22.042198Z,2026-08-26,https://www.eia.gov/dnav/ng/hist/rngwhhdD.htm,eia_henry_hub_spot:1788176662042198000:3241dfb4a8883f486cfb073eb5161263d2da2c27ccb423435106659f0cd0bc3e
EIA:DHHNGSP,U.S. EIA,physical_spot,Henry Hub physical spot,Henry Hub,2025-05-27T05:00:00.000000Z,2025-05-28T05:00:00.000000Z,3.2,USD/MMBtu,,2026-08-31T11:44:22.042198Z,2026-08-26,https://www.eia.gov/dnav/ng/hist/rngwhhdD.htm,eia_henry_hub_spot:1788176662042198000:3241dfb4a8883f486cfb073eb5161263d2da2c27ccb423435106659f0cd0bc3e
EIA:DHHNGSP,U.S. EIA,physical_spot,Henry Hub physical spot,Henry Hub,2025-05-28T05:00:00.000000Z,2025-05-29T05:00:00.000000Z,3.09,USD/MMBtu,,2026-08-31T11:44:22.042198Z,2026-08-26,https://www.eia.gov/dnav/ng/hist/rngwhhdD.htm,eia_henry_hub_spot:1788176662042198000:3241dfb4a8883f486cfb073eb5161263d2da2c27ccb423435106659f0cd0bc3e
EIA:DHHNGSP,U.S. EIA,physical_spot,Henry Hub physical spot,Henry Hub,2025-05-29T05:00:00.000000Z,2025-05-30T05:00:00.000000Z,2.97,USD/MMBtu,,2026-08-31T11:44:22.042198Z,2026-08-26,https://www.eia.gov/dnav/ng/hist/rngwhhdD.htm,eia_henry_hub_spot:1788176662042198000:3241dfb4a8883f486cfb073eb5161263d2da2c27ccb423435106659f0cd0bc3e
EIA:DHHNGSP,U.S. EIA,physical_spot,Henry Hub physical spot,Henry Hub,2025-05-30T05:00:00.000000Z,2025-05-31T05:00:00.000000Z,2.86,USD/MMBtu,,2026-08-31T11:44:22.042198Z,2026-08-26,https://www.eia.gov/dnav/ng/hist/rngwhhdD.htm,eia_henry_hub_spot:1788176662042198000:3241dfb4a8883f486cfb073eb5161263d2da2c27ccb423435106659f0cd0bc3e
EIA:DHHNGSP,U.S. EIA,physical_spot,Henry Hub physical spot,Henry Hub,2025-06-02T05:00:00.000000Z,2025-06-03T05:00:00.000000Z,3.0,USD/MMBtu,,2026-08-31T11:44:22.042198Z,2026-08-26,https://www.eia.gov/dnav/ng/hist/rngwhhdD.htm,eia_henry_hub_spot:1788176662042198000:3241dfb4a8883f486cfb073eb5161263d2da2c27ccb423435106659f0cd0bc3e
EIA:DHHNGSP,U.S. EIA,physical_spot,Henry Hub physical spot,Henry Hub,2025-06-03T05:00:00.000000Z,2025-06-04T05:00:00.000000Z,2.84,USD/MMBtu,,2026-08-31T11:44:22.042198Z,2026-08-26,https://www.eia.gov/dnav/ng/hist/rngwhhdD.htm,eia_henry_hub_spot:1788176662042198000:3241dfb4a8883f486cfb073eb5161263d2da2c27ccb423435106659f0cd0bc3e
EIA:DHHNGSP,U.S. EIA,physical_spot,Henry Hub physical spot,Henry Hub,2025-06-04T05:00:00.000000Z,2025-06-05T05:00:00.000000Z,2.8,USD/MMBtu,,2026-08-31T11:44:22.042198Z,2026-08-26,https://www.eia.gov/dnav/ng/hist/rngwhhdD.htm,eia_henry_hub_spot:1788176662042198000:3241dfb4a8883f486cfb073eb5161263d2da2c27ccb423435106659f0cd0bc3e
EIA:DHHNGSP,U.S. EIA,physical_spot,Henry Hub physical spot,Henry Hub,2025-06-05T05:00:00.000000Z,2025-06-06T05:00:00.000000Z,2.86,USD/MMBtu,,2026-08-31T11:44:22.042198Z,2026-08-26,https://www.eia.gov/dnav/ng/hist/rngwhhdD.htm,eia_henry_hub_spot:1788176662042198000:3241dfb4a8883f486cfb073eb5161263d2da2c27ccb423435106659f0cd0bc3e
EIA:DHHNGSP,U.S. EIA,physical_spot,Henry Hub physical spot,Henry Hub,2025-06-06T05:00:00.000000Z,2025-06-07T05:00:00.000000Z,2.68,USD/MMBtu,,2026-08-31T11:44:22.042198Z,2026-08-26,https://www.eia.gov/dnav/ng/hist/rngwhhdD.htm,eia_henry_hub_spot:1788176662042198000:3241dfb4a8883f486cfb073eb5161263d2da2c27ccb423435106659f0cd0bc3e
EIA:DHHNGSP,U.S. EIA,physical_spot,Henry Hub physical spot,Henry Hub,2025-06-09T05:00:00.000000Z,2025-06-10T05:00:00.000000Z,3.13,USD/MMBtu,,2026-08-31T11:44:22.042198Z,2026-08-26,https://www.eia.gov/dnav/ng/hist/rngwhhdD.htm,eia_henry_hub_spot:1788176662042198000:3241dfb4a8883f486cfb073eb5161263d2da2c27ccb423435106659f0cd0bc3e
EIA:DHHNGSP,U.S. EIA,physical_spot,Henry Hub physical spot,Henry Hub,2025-06-10T05:00:00.000000Z,2025-06-11T05:00:00.000000Z,2.79,USD/MMBtu,,2026-08-31T11:44:22.042198Z,2026-08-26,https://www.eia.gov/dnav/ng/hist/rngwhhdD.htm,eia_henry_hub_spot:1788176662042198000:3241dfb4a8883f486cfb073eb5161263d2da2c27ccb423435106659f0cd0bc3e
EIA:DHHNGSP,U.S. EIA,physical_spot,Henry Hub physical spot,Henry Hub,2025-06-11T05:00:00.000000Z,2025-06-12T05:00:00.000000Z,2.73,USD/MMBtu,,2026-08-31T11:44:22.042198Z,2026-08-26,https://www.eia.gov/dnav/ng/hist/rngwhhdD.htm,eia_henry_hub_spot:1788176662042198000:3241dfb4a8883f486cfb073eb5161263d2da2c27ccb423435106659f0cd0bc3e
EIA:DHHNGSP,U.S. EIA,physical_spot,Henry Hub physical spot,Henry Hub,2025-06-12T05:00:00.000000Z,2025-06-13T05:00:00.000000Z,2.9,USD/MMBtu,,2026-08-31T11:44:22.042198Z,2026-08-26,https://www.eia.gov/dnav/ng/hist/rngwhhdD.htm,eia_henry_hub_spot:1788176662042198000:3241dfb4a8883f486cfb073eb5161263d2da2c27ccb423435106659f0cd0bc3e
EIA:DHHNGSP,U.S. EIA,physical_spot,Henry Hub physical spot,Henry Hub,2025-06-13T05:00:00.000000Z,2025-06-14T05:00:00.000000Z,2.65,USD/MMBtu,,2026-08-31T11:44:22.042198Z,2026-08-26,https://www.eia.gov/dnav/ng/hist/rngwhhdD.htm,eia_henry_hub_spot:1788176662042198000:3241dfb4a8883f486cfb073eb5161263d2da2c27ccb423435106659f0cd0bc3e
EIA:DHHNGSP,U.S. EIA,physical_spot,Henry Hub physical spot,Henry Hub,2025-06-16T05:00:00.000000Z,2025-06-17T05:00:00.000000Z,2.9,USD/MMBtu,,2026-08-31T11:44:22.042198Z,2026-08-26,https://www.eia.gov/dnav/ng/hist/rngwhhdD.htm,eia_henry_hub_spot:1788176662042198000:3241dfb4a8883f486cfb073eb5161263d2da2c27ccb423435106659f0cd0bc3e
EIA:DHHNGSP,U.S. EIA,physical_spot,Henry Hub physical spot,Henry Hub,2025-06-17T05:00:00.000000Z,2025-06-18T05:00:00.000000Z,2.9,USD/MMBtu,,2026-08-31T11:44:22.042198Z,2026-08-26,https://www.eia.gov/dnav/ng/hist/rngwhhdD.htm,eia_henry_hub_spot:1788176662042198000:3241dfb4a8883f486cfb073eb5161263d2da2c27ccb423435106659f0cd0bc3e
EIA:DHHNGSP,U.S. EIA,physical_spot,Henry Hub physical spot,Henry Hub,2025-06-18T05:00:00.000000Z,2025-06-19T05:00:00.000000Z,3.43,USD/MMBtu,,2026-08-31T11:44:22.042198Z,2026-08-26,https://www.eia.gov/dnav/ng/hist/rngwhhdD.htm,eia_henry_hub_spot:1788176662042198000:3241dfb4a8883f486cfb073eb5161263d2da2c27ccb423435106659f0cd0bc3e
EIA:DHHNGSP,U.S. EIA,physical_spot,Henry Hub physical spot,Henry Hub,2025-06-20T05:00:00.000000Z,2025-06-21T05:00:00.000000Z,3.09,USD/MMBtu,,2026-08-31T11:44:22.042198Z,2026-08-26,https://www.eia.gov/dnav/ng/hist/rngwhhdD.htm,eia_henry_hub_spot:1788176662042198000:3241dfb4a8883f486cfb073eb5161263d2da2c27ccb423435106659f0cd0bc3e
EIA:DHHNGSP,U.S. EIA,physical_spot,Henry Hub physical spot,Henry Hub,2025-06-23T05:00:00.000000Z,2025-06-24T05:00:00.000000Z,3.5,USD/MMBtu,,2026-08-31T11:44:22.042198Z,2026-08-26,https://www.eia.gov/dnav/ng/hist/rngwhhdD.htm,eia_henry_hub_spot:1788176662042198000:3241dfb4a8883f486cfb073eb5161263d2da2c27ccb423435106659f0cd0bc3e
EIA:DHHNGSP,U.S. EIA,physical_spot,Henry Hub physical spot,Henry Hub,2025-06-24T05:00:00.000000Z,2025-06-25T05:00:00.000000Z,3.3,USD/MMBtu,,2026-08-31T11:44:22.042198Z,2026-08-26,https://www.eia.gov/dnav/ng/hist/rngwhhdD.htm,eia_henry_hub_spot:1788176662042198000:3241dfb4a8883f486cfb073eb5161263d2da2c27ccb423435106659f0cd0bc3e
EIA:DHHNGSP,U.S. EIA,physical_spot,Henry Hub physical spot,Henry Hub,2025-06-25T05:00:00.000000Z,2025-06-26T05:00:00.000000Z,3.26,USD/MMBtu,,2026-08-31T11:44:22.042198Z,2026-08-26,https://www.eia.gov/dnav/ng/hist/rngwhhdD.htm,eia_henry_hub_spot:1788176662042198000:3241dfb4a8883f486cfb073eb5161263d2da2c27ccb423435106659f0cd0bc3e
EIA:DHHNGSP,U.S. EIA,physical_spot,Henry Hub physical spot,Henry Hub,2025-06-26T05:00:00.000000Z,2025-06-27T05:00:00.000000Z,3.23,USD/MMBtu,,2026-08-31T11:44:22.042198Z,2026-08-26,https://www.eia.gov/dnav/ng/hist/rngwhhdD.htm,eia_henry_hub_spot:1788176662042198000:3241dfb4a8883f486cfb073eb5161263d2da2c27ccb423435106659f0cd0bc3e
EIA:DHHNGSP,U.S. EIA,physical_spot,Henry Hub physical spot,Henry Hub,2025-06-27T05:00:00.000000Z,2025-06-28T05:00:00.000000Z,3.23,USD/MMBtu,,2026-08-31T11:44:22.042198Z,2026-08-26,https://www.eia.gov/dnav/ng/hist/rngwhhdD.htm,eia_henry_hub_spot:1788176662042198000:3241dfb4a8883f486cfb073eb5161263d2da2c27ccb423435106659f0cd0bc3e
EIA:DHHNGSP,U.S. EIA,physical_spot,Henry Hub physical spot,Henry Hub,2025-06-30T05:00:00.000000Z,2025-07-01T05:00:00.000000Z,3.26,USD/MMBtu,,2026-08-31T11:44:22.042198Z,2026-08-26,https://www.eia.gov/dnav/ng/hist/rngwhhdD.htm,eia_henry_hub_spot:1788176662042198000:3241dfb4a8883f486cfb073eb5161263d2da2c27ccb423435106659f0cd0bc3e
EIA:DHHNGSP,U.S. EIA,physical_spot,Henry Hub physical spot,Henry Hub,2025-07-01T05:00:00.000000Z,2025-07-02T05:00:00.000000Z,3.14,USD/MMBtu,,2026-08-31T11:44:22.042198Z,2026-08-26,https://www.eia.gov/dnav/ng/hist/rngwhhdD.htm,eia_henry_hub_spot:1788176662042198000:3241dfb4a8883f486cfb073eb5161263d2da2c27ccb423435106659f0cd0bc3e
EIA:DHHNGSP,U.S. EIA,physical_spot,Henry Hub physical spot,Henry Hub,2025-07-02T05:00:00.000000Z,2025-07-03T05:00:00.000000Z,3.1,USD/MMBtu,,2026-08-31T11:44:22.042198Z,2026-08-26,https://www.eia.gov/dnav/ng/hist/rngwhhdD.htm,eia_henry_hub_spot:1788176662042198000:3241dfb4a8883f486cfb073eb5161263d2da2c27ccb423435106659f0cd0bc3e
EIA:DHHNGSP,U.S. EIA,physical_spot,Henry Hub physical spot,Henry Hub,2025-07-03T05:00:00.000000Z,2025-07-04T05:00:00.000000Z,3.24,USD/MMBtu,,2026-08-31T11:44:22.042198Z,2026-08-26,https://www.eia.gov/dnav/ng/hist/rngwhhdD.htm,eia_henry_hub_spot:1788176662042198000:3241dfb4a8883f486cfb073eb5161263d2da2c27ccb423435106659f0cd0bc3e
EIA:DHHNGSP,U.S. EIA,physical_spot,Henry Hub physical spot,Henry Hub,2025-07-07T05:00:00.000000Z,2025-07-08T05:00:00.000000Z,3.24,USD/MMBtu,,2026-08-31T11:44:22.042198Z,2026-08-26,https://www.eia.gov/dnav/ng/hist/rngwhhdD.htm,eia_henry_hub_spot:1788176662042198000:3241dfb4a8883f486cfb073eb5161263d2da2c27ccb423435106659f0cd0bc3e
EIA:DHHNGSP,U.S. EIA,physical_spot,Henry Hub physical spot,Henry Hub,2025-07-08T05:00:00.000000Z,2025-07-09T05:00:00.000000Z,3.2,USD/MMBtu,,2026-08-31T11:44:22.042198Z,2026-08-26,https://www.eia.gov/dnav/ng/hist/rngwhhdD.htm,eia_henry_hub_spot:1788176662042198000:3241dfb4a8883f486cfb073eb5161263d2da2c27ccb423435106659f0cd0bc3e
EIA:DHHNGSP,U.S. EIA,physical_spot,Henry Hub physical spot,Henry Hub,2025-07-09T05:00:00.000000Z,2025-07-10T05:00:00.000000Z,3.08,USD/MMBtu,,2026-08-31T11:44:22.042198Z,2026-08-26,https://www.eia.gov/dnav/ng/hist/rngwhhdD.htm,eia_henry_hub_spot:1788176662042198000:3241dfb4a8883f486cfb073eb5161263d2da2c27ccb423435106659f0cd0bc3e
EIA:DHHNGSP,U.S. EIA,physical_spot,Henry Hub physical spot,Henry Hub,2025-07-10T05:00:00.000000Z,2025-07-11T05:00:00.000000Z,3.11,USD/MMBtu,,2026-08-31T11:44:22.042198Z,2026-08-26,https://www.eia.gov/dnav/ng/hist/rngwhhdD.htm,eia_henry_hub_spot:1788176662042198000:3241dfb4a8883f486cfb073eb5161263d2da2c27ccb423435106659f0cd0bc3e
EIA:DHHNGSP,U.S. EIA,physical_spot,Henry Hub physical spot,Henry Hub,2025-07-11T05:00:00.000000Z,2025-07-12T05:00:00.000000Z,3.22,USD/MMBtu,,2026-08-31T11:44:22.042198Z,2026-08-26,https://www.eia.gov/dnav/ng/hist/rngwhhdD.htm,eia_henry_hub_spot:1788176662042198000:3241dfb4a8883f486cfb073eb5161263d2da2c27ccb423435106659f0cd0bc3e
EIA:DHHNGSP,U.S. EIA,physical_spot,Henry Hub physical spot,Henry Hub,2025-07-14T05:00:00.000000Z,2025-07-15T05:00:00.000000Z,3.21,USD/MMBtu,,2026-08-31T11:44:22.042198Z,2026-08-26,https://www.eia.gov/dnav/ng/hist/rngwhhdD.htm,eia_henry_hub_spot:1788176662042198000:3241dfb4a8883f486cfb073eb5161263d2da2c27ccb423435106659f0cd0bc3e
EIA:DHHNGSP,U.S. EIA,physical_spot,Henry Hub physical spot,Henry Hub,2025-07-15T05:00:00.000000Z,2025-07-16T05:00:00.000000Z,3.31,USD/MMBtu,,2026-08-31T11:44:22.042198Z,2026-08-26,https://www.eia.gov/dnav/ng/hist/rngwhhdD.htm,eia_henry_hub_spot:1788176662042198000:3241dfb4a8883f486cfb073eb5161263d2da2c27ccb423435106659f0cd0bc3e
EIA:DHHNGSP,U.S. EIA,physical_spot,Henry Hub physical spot,Henry Hub,2025-07-16T05:00:00.000000Z,2025-07-17T05:00:00.000000Z,3.42,USD/MMBtu,,2026-08-31T11:44:22.042198Z,2026-08-26,https://www.eia.gov/dnav/ng/hist/rngwhhdD.htm,eia_henry_hub_spot:1788176662042198000:3241dfb4a8883f486cfb073eb5161263d2da2c27ccb423435106659f0cd0bc3e
EIA:DHHNGSP,U.S. EIA,physical_spot,Henry Hub physical spot,Henry Hub,2025-07-17T05:00:00.000000Z,2025-07-18T05:00:00.000000Z,3.52,USD/MMBtu,,2026-08-31T11:44:22.042198Z,2026-08-26,https://www.eia.gov/dnav/ng/hist/rngwhhdD.htm,eia_henry_hub_spot:1788176662042198000:3241dfb4a8883f486cfb073eb5161263d2da2c27ccb423435106659f0cd0bc3e
EIA:DHHNGSP,U.S. EIA,physical_spot,Henry Hub physical spot,Henry Hub,2025-07-18T05:00:00.000000Z,2025-07-19T05:00:00.000000Z,3.5,USD/MMBtu,,2026-08-31T11:44:22.042198Z,2026-08-26,https://www.eia.gov/dnav/ng/hist/rngwhhdD.htm,eia_henry_hub_spot:1788176662042198000:3241dfb4a8883f486cfb073eb5161263d2da2c27ccb423435106659f0cd0bc3e
EIA:DHHNGSP,U.S. EIA,physical_spot,Henry Hub physical spot,Henry Hub,2025-07-21T05:00:00.000000Z,2025-07-22T05:00:00.000000Z,3.5,USD/MMBtu,,2026-08-31T11:44:22.042198Z,2026-08-26,https://www.eia.gov/dnav/ng/hist/rngwhhdD.htm,eia_henry_hub_spot:1788176662042198000:3241dfb4a8883f486cfb073eb5161263d2da2c27ccb423435106659f0cd0bc3e
EIA:DHHNGSP,U.S. EIA,physical_spot,Henry Hub physical spot,Henry Hub,2025-07-22T05:00:00.000000Z,2025-07-23T05:00:00.000000Z,3.16,USD/MMBtu,,2026-08-31T11:44:22.042198Z,2026-08-26,https://www.eia.gov/dnav/ng/hist/rngwhhdD.htm,eia_henry_hub_spot:1788176662042198000:3241dfb4a8883f486cfb073eb5161263d2da2c27ccb423435106659f0cd0bc3e
EIA:DHHNGSP,U.S. EIA,physical_spot,Henry Hub physical spot,Henry Hub,2025-07-23T05:00:00.000000Z,2025-07-24T05:00:00.000000Z,3.08,USD/MMBtu,,2026-08-31T11:44:22.042198Z,2026-08-26,https://www.eia.gov/dnav/ng/hist/rngwhhdD.htm,eia_henry_hub_spot:1788176662042198000:3241dfb4a8883f486cfb073eb5161263d2da2c27ccb423435106659f0cd0bc3e
EIA:DHHNGSP,U.S. EIA,physical_spot,Henry Hub physical spot,Henry Hub,2025-07-24T05:00:00.000000Z,2025-07-25T05:00:00.000000Z,3.13,USD/MMBtu,,2026-08-31T11:44:22.042198Z,2026-08-26,https://www.eia.gov/dnav/ng/hist/rngwhhdD.htm,eia_henry_hub_spot:1788176662042198000:3241dfb4a8883f486cfb073eb5161263d2da2c27ccb423435106659f0cd0bc3e
EIA:DHHNGSP,U.S. EIA,physical_spot,Henry Hub physical spot,Henry Hub,2025-07-25T05:00:00.000000Z,2025-07-26T05:00:00.000000Z,3.1,USD/MMBtu,,2026-08-31T11:44:22.042198Z,2026-08-26,https://www.eia.gov/dnav/ng/hist/rngwhhdD.htm,eia_henry_hub_spot:1788176662042198000:3241dfb4a8883f486cfb073eb5161263d2da2c27ccb423435106659f0cd0bc3e
EIA:DHHNGSP,U.S. EIA,physical_spot,Henry Hub physical spot,Henry Hub,2025-07-28T05:00:00.000000Z,2025-07-29T05:00:00.000000Z,3.12,USD/MMBtu,,2026-08-31T11:44:22.042198Z,2026-08-26,https://www.eia.gov/dnav/ng/hist/rngwhhdD.htm,eia_henry_hub_spot:1788176662042198000:3241dfb4a8883f486cfb073eb5161263d2da2c27ccb423435106659f0cd0bc3e
EIA:DHHNGSP,U.S. EIA,physical_spot,Henry Hub physical spot,Henry Hub,2025-07-29T05:00:00.000000Z,2025-07-30T05:00:00.000000Z,3.08,USD/MMBtu,,2026-08-31T11:44:22.042198Z,2026-08-26,https://www.eia.gov/dnav/ng/hist/rngwhhdD.htm,eia_henry_hub_spot:1788176662042198000:3241dfb4a8883f486cfb073eb5161263d2da2c27ccb423435106659f0cd0bc3e
EIA:DHHNGSP,U.S. EIA,physical_spot,Henry Hub physical spot,Henry Hub,2025-07-30T05:00:00.000000Z,2025-07-31T05:00:00.000000Z,2.98,USD/MMBtu,,2026-08-31T11:44:22.042198Z,2026-08-26,https://www.eia.gov/dnav/ng/hist/rngwhhdD.htm,eia_henry_hub_spot:1788176662042198000:3241dfb4a8883f486cfb073eb5161263d2da2c27ccb423435106659f0cd0bc3e
EIA:DHHNGSP,U.S. EIA,physical_spot,Henry Hub physical spot,Henry Hub,2025-07-31T05:00:00.000000Z,2025-08-01T05:00:00.000000Z,2.99,USD/MMBtu,,2026-08-31T11:44:22.042198Z,2026-08-26,https://www.eia.gov/dnav/ng/hist/rngwhhdD.htm,eia_henry_hub_spot:1788176662042198000:3241dfb4a8883f486cfb073eb5161263d2da2c27ccb423435106659f0cd0bc3e
EIA:DHHNGSP,U.S. EIA,physical_spot,Henry Hub physical spot,Henry Hub,2025-08-01T05:00:00.000000Z,2025-08-02T05:00:00.000000Z,3.0,USD/MMBtu,,2026-08-31T11:44:22.042198Z,2026-08-26,https://www.eia.gov/dnav/ng/hist/rngwhhdD.htm,eia_henry_hub_spot:1788176662042198000:3241dfb4a8883f486cfb073eb5161263d2da2c27ccb423435106659f0cd0bc3e
EIA:DHHNGSP,U.S. EIA,physical_spot,Henry Hub physical spot,Henry Hub,2025-08-04T05:00:00.000000Z,2025-08-05T05:00:00.000000Z,2.89,USD/MMBtu,,2026-08-31T11:44:22.042198Z,2026-08-26,https://www.eia.gov/dnav/ng/hist/rngwhhdD.htm,eia_henry_hub_spot:1788176662042198000:3241dfb4a8883f486cfb073eb5161263d2da2c27ccb423435106659f0cd0bc3e
EIA:DHHNGSP,U.S. EIA,physical_spot,Henry Hub physical spot,Henry Hub,2025-08-05T05:00:00.000000Z,2025-08-06T05:00:00.000000Z,2.98,USD/MMBtu,,2026-08-31T11:44:22.042198Z,2026-08-26,https://www.eia.gov/dnav/ng/hist/rngwhhdD.htm,eia_henry_hub_spot:1788176662042198000:3241dfb4a8883f486cfb073eb5161263d2da2c27ccb423435106659f0cd0bc3e
EIA:DHHNGSP,U.S. EIA,physical_spot,Henry Hub physical spot,Henry Hub,2025-08-06T05:00:00.000000Z,2025-08-07T05:00:00.000000Z,3.02,USD/MMBtu,,2026-08-31T11:44:22.042198Z,2026-08-26,https://www.eia.gov/dnav/ng/hist/rngwhhdD.htm,eia_henry_hub_spot:1788176662042198000:3241dfb4a8883f486cfb073eb5161263d2da2c27ccb423435106659f0cd0bc3e
EIA:DHHNGSP,U.S. EIA,physical_spot,Henry Hub physical spot,Henry Hub,2025-08-07T05:00:00.000000Z,2025-08-08T05:00:00.000000Z,3.05,USD/MMBtu,,2026-08-31T11:44:22.042198Z,2026-08-26,https://www.eia.gov/dnav/ng/hist/rngwhhdD.htm,eia_henry_hub_spot:1788176662042198000:3241dfb4a8883f486cfb073eb5161263d2da2c27ccb423435106659f0cd0bc3e
EIA:DHHNGSP,U.S. EIA,physical_spot,Henry Hub physical spot,Henry Hub,2025-08-08T05:00:00.000000Z,2025-08-09T05:00:00.000000Z,3.03,USD/MMBtu,,2026-08-31T11:44:22.042198Z,2026-08-26,https://www.eia.gov/dnav/ng/hist/rngwhhdD.htm,eia_henry_hub_spot:1788176662042198000:3241dfb4a8883f486cfb073eb5161263d2da2c27ccb423435106659f0cd0bc3e
EIA:DHHNGSP,U.S. EIA,physical_spot,Henry Hub physical spot,Henry Hub,2025-08-11T05:00:00.000000Z,2025-08-12T05:00:00.000000Z,3.05,USD/MMBtu,,2026-08-31T11:44:22.042198Z,2026-08-26,https://www.eia.gov/dnav/ng/hist/rngwhhdD.htm,eia_henry_hub_spot:1788176662042198000:3241dfb4a8883f486cfb073eb5161263d2da2c27ccb423435106659f0cd0bc3e
EIA:DHHNGSP,U.S. EIA,physical_spot,Henry Hub physical spot,Henry Hub,2025-08-12T05:00:00.000000Z,2025-08-13T05:00:00.000000Z,2.93,USD/MMBtu,,2026-08-31T11:44:22.042198Z,2026-08-26,https://www.eia.gov/dnav/ng/hist/rngwhhdD.htm,eia_henry_hub_spot:1788176662042198000:3241dfb4a8883f486cfb073eb5161263d2da2c27ccb423435106659f0cd0bc3e
EIA:DHHNGSP,U.S. EIA,physical_spot,Henry Hub physical spot,Henry Hub,2025-08-13T05:00:00.000000Z,2025-08-14T05:00:00.000000Z,2.95,USD/MMBtu,,2026-08-31T11:44:22.042198Z,2026-08-26,https://www.eia.gov/dnav/ng/hist/rngwhhdD.htm,eia_henry_hub_spot:1788176662042198000:3241dfb4a8883f486cfb073eb5161263d2da2c27ccb423435106659f0cd0bc3e
EIA:DHHNGSP,U.S. EIA,physical_spot,Henry Hub physical spot,Henry Hub,2025-08-14T05:00:00.000000Z,2025-08-15T05:00:00.000000Z,2.78,USD/MMBtu,,2026-08-31T11:44:22.042198Z,2026-08-26,https://www.eia.gov/dnav/ng/hist/rngwhhdD.htm,eia_henry_hub_spot:1788176662042198000:3241dfb4a8883f486cfb073eb5161263d2da2c27ccb423435106659f0cd0bc3e
EIA:DHHNGSP,U.S. EIA,physical_spot,Henry Hub physical spot,Henry Hub,2025-08-15T05:00:00.000000Z,2025-08-16T05:00:00.000000Z,2.98,USD/MMBtu,,2026-08-31T11:44:22.042198Z,2026-08-26,https://www.eia.gov/dnav/ng/hist/rngwhhdD.htm,eia_henry_hub_spot:1788176662042198000:3241dfb4a8883f486cfb073eb5161263d2da2c27ccb423435106659f0cd0bc3e
EIA:DHHNGSP,U.S. EIA,physical_spot,Henry Hub physical spot,Henry Hub,2025-08-18T05:00:00.000000Z,2025-08-19T05:00:00.000000Z,2.96,USD/MMBtu,,2026-08-31T11:44:22.042198Z,2026-08-26,https://www.eia.gov/dnav/ng/hist/rngwhhdD.htm,eia_henry_hub_spot:1788176662042198000:3241dfb4a8883f486cfb073eb5161263d2da2c27ccb423435106659f0cd0bc3e
EIA:DHHNGSP,U.S. EIA,physical_spot,Henry Hub physical spot,Henry Hub,2025-08-19T05:00:00.000000Z,2025-08-20T05:00:00.000000Z,2.87,USD/MMBtu,,2026-08-31T11:44:22.042198Z,2026-08-26,https://www.eia.gov/dnav/ng/hist/rngwhhdD.htm,eia_henry_hub_spot:1788176662042198000:3241dfb4a8883f486cfb073eb5161263d2da2c27ccb423435106659f0cd0bc3e
EIA:DHHNGSP,U.S. EIA,physical_spot,Henry Hub physical spot,Henry Hub,2025-08-20T05:00:00.000000Z,2025-08-21T05:00:00.000000Z,2.8,USD/MMBtu,,2026-08-31T11:44:22.042198Z,2026-08-26,https://www.eia.gov/dnav/ng/hist/rngwhhdD.htm,eia_henry_hub_spot:1788176662042198000:3241dfb4a8883f486cfb073eb5161263d2da2c27ccb423435106659f0cd0bc3e
EIA:DHHNGSP,U.S. EIA,physical_spot,Henry Hub physical spot,Henry Hub,2025-08-21T05:00:00.000000Z,2025-08-22T05:00:00.000000Z,2.88,USD/MMBtu,,2026-08-31T11:44:22.042198Z,2026-08-26,https://www.eia.gov/dnav/ng/hist/rngwhhdD.htm,eia_henry_hub_spot:1788176662042198000:3241dfb4a8883f486cfb073eb5161263d2da2c27ccb423435106659f0cd0bc3e
EIA:DHHNGSP,U.S. EIA,physical_spot,Henry Hub physical spot,Henry Hub,2025-08-22T05:00:00.000000Z,2025-08-23T05:00:00.000000Z,2.76,USD/MMBtu,,2026-08-31T11:44:22.042198Z,2026-08-26,https://www.eia.gov/dnav/ng/hist/rngwhhdD.htm,eia_henry_hub_spot:1788176662042198000:3241dfb4a8883f486cfb073eb5161263d2da2c27ccb423435106659f0cd0bc3e
EIA:DHHNGSP,U.S. EIA,physical_spot,Henry Hub physical spot,Henry Hub,2025-08-25T05:00:00.000000Z,2025-08-26T05:00:00.000000Z,2.76,USD/MMBtu,,2026-08-31T11:44:22.042198Z,2026-08-26,https://www.eia.gov/dnav/ng/hist/rngwhhdD.htm,eia_henry_hub_spot:1788176662042198000:3241dfb4a8883f486cfb073eb5161263d2da2c27ccb423435106659f0cd0bc3e
EIA:DHHNGSP,U.S. EIA,physical_spot,Henry Hub physical spot,Henry Hub,2025-08-26T05:00:00.000000Z,2025-08-27T05:00:00.000000Z,2.82,USD/MMBtu,,2026-08-31T11:44:22.042198Z,2026-08-26,https://www.eia.gov/dnav/ng/hist/rngwhhdD.htm,eia_henry_hub_spot:1788176662042198000:3241dfb4a8883f486cfb073eb5161263d2da2c27ccb423435106659f0cd0bc3e
EIA:DHHNGSP,U.S. EIA,physical_spot,Henry Hub physical spot,Henry Hub,2025-08-27T05:00:00.000000Z,2025-08-28T05:00:00.000000Z,2.88,USD/MMBtu,,2026-08-31T11:44:22.042198Z,2026-08-26,https://www.eia.gov/dnav/ng/hist/rngwhhdD.htm,eia_henry_hub_spot:1788176662042198000:3241dfb4a8883f486cfb073eb5161263d2da2c27ccb423435106659f0cd0bc3e
EIA:DHHNGSP,U.S. EIA,physical_spot,Henry Hub physical spot,Henry Hub,2025-08-28T05:00:00.000000Z,2025-08-29T05:00:00.000000Z,2.9,USD/MMBtu,,2026-08-31T11:44:22.042198Z,2026-08-26,https://www.eia.gov/dnav/ng/hist/rngwhhdD.htm,eia_henry_hub_spot:1788176662042198000:3241dfb4a8883f486cfb073eb5161263d2da2c27ccb423435106659f0cd0bc3e
EIA:DHHNGSP,U.S. EIA,physical_spot,Henry Hub physical spot,Henry Hub,2025-08-29T05:00:00.000000Z,2025-08-30T05:00:00.000000Z,2.88,USD/MMBtu,,2026-08-31T11:44:22.042198Z,2026-08-26,https://www.eia.gov/dnav/ng/hist/rngwhhdD.htm,eia_henry_hub_spot:1788176662042198000:3241dfb4a8883f486cfb073eb5161263d2da2c27ccb423435106659f0cd0bc3e
EIA:DHHNGSP,U.S. EIA,physical_spot,Henry Hub physical spot,Henry Hub,2025-09-02T05:00:00.000000Z,2025-09-03T05:00:00.000000Z,2.7,USD/MMBtu,,2026-08-31T11:44:22.042198Z,2026-08-26,https://www.eia.gov/dnav/ng/hist/rngwhhdD.htm,eia_henry_hub_spot:1788176662042198000:3241dfb4a8883f486cfb073eb5161263d2da2c27ccb423435106659f0cd0bc3e
EIA:DHHNGSP,U.S. EIA,physical_spot,Henry Hub physical spot,Henry Hub,2025-09-03T05:00:00.000000Z,2025-09-04T05:00:00.000000Z,3.0,USD/MMBtu,,2026-08-31T11:44:22.042198Z,2026-08-26,https://www.eia.gov/dnav/ng/hist/rngwhhdD.htm,eia_henry_hub_spot:1788176662042198000:3241dfb4a8883f486cfb073eb5161263d2da2c27ccb423435106659f0cd0bc3e
EIA:DHHNGSP,U.S. EIA,physical_spot,Henry Hub physical spot,Henry Hub,2025-09-04T05:00:00.000000Z,2025-09-05T05:00:00.000000Z,3.11,USD/MMBtu,,2026-08-31T11:44:22.042198Z,2026-08-26,https://www.eia.gov/dnav/ng/hist/rngwhhdD.htm,eia_henry_hub_spot:1788176662042198000:3241dfb4a8883f486cfb073eb5161263d2da2c27ccb423435106659f0cd0bc3e
EIA:DHHNGSP,U.S. EIA,physical_spot,Henry Hub physical spot,Henry Hub,2025-09-05T05:00:00.000000Z,2025-09-06T05:00:00.000000Z,3.05,USD/MMBtu,,2026-08-31T11:44:22.042198Z,2026-08-26,https://www.eia.gov/dnav/ng/hist/rngwhhdD.htm,eia_henry_hub_spot:1788176662042198000:3241dfb4a8883f486cfb073eb5161263d2da2c27ccb423435106659f0cd0bc3e
EIA:DHHNGSP,U.S. EIA,physical_spot,Henry Hub physical spot,Henry Hub,2025-09-08T05:00:00.000000Z,2025-09-09T05:00:00.000000Z,3.1,USD/MMBtu,,2026-08-31T11:44:22.042198Z,2026-08-26,https://www.eia.gov/dnav/ng/hist/rngwhhdD.htm,eia_henry_hub_spot:1788176662042198000:3241dfb4a8883f486cfb073eb5161263d2da2c27ccb423435106659f0cd0bc3e
EIA:DHHNGSP,U.S. EIA,physical_spot,Henry Hub physical spot,Henry Hub,2025-09-09T05:00:00.000000Z,2025-09-10T05:00:00.000000Z,3.12,USD/MMBtu,,2026-08-31T11:44:22.042198Z,2026-08-26,https://www.eia.gov/dnav/ng/hist/rngwhhdD.htm,eia_henry_hub_spot:1788176662042198000:3241dfb4a8883f486cfb073eb5161263d2da2c27ccb423435106659f0cd0bc3e
EIA:DHHNGSP,U.S. EIA,physical_spot,Henry Hub physical spot,Henry Hub,2025-09-10T05:00:00.000000Z,2025-09-11T05:00:00.000000Z,2.89,USD/MMBtu,,2026-08-31T11:44:22.042198Z,2026-08-26,https://www.eia.gov/dnav/ng/hist/rngwhhdD.htm,eia_henry_hub_spot:1788176662042198000:3241dfb4a8883f486cfb073eb5161263d2da2c27ccb423435106659f0cd0bc3e
EIA:DHHNGSP,U.S. EIA,physical_spot,Henry Hub physical spot,Henry Hub,2025-09-11T05:00:00.000000Z,2025-09-12T05:00:00.000000Z,2.81,USD/MMBtu,,2026-08-31T11:44:22.042198Z,2026-08-26,https://www.eia.gov/dnav/ng/hist/rngwhhdD.htm,eia_henry_hub_spot:1788176662042198000:3241dfb4a8883f486cfb073eb5161263d2da2c27ccb423435106659f0cd0bc3e
EIA:DHHNGSP,U.S. EIA,physical_spot,Henry Hub physical spot,Henry Hub,2025-09-12T05:00:00.000000Z,2025-09-13T05:00:00.000000Z,2.86,USD/MMBtu,,2026-08-31T11:44:22.042198Z,2026-08-26,https://www.eia.gov/dnav/ng/hist/rngwhhdD.htm,eia_henry_hub_spot:1788176662042198000:3241dfb4a8883f486cfb073eb5161263d2da2c27ccb423435106659f0cd0bc3e
EIA:DHHNGSP,U.S. EIA,physical_spot,Henry Hub physical spot,Henry Hub,2025-09-15T05:00:00.000000Z,2025-09-16T05:00:00.000000Z,3.0,USD/MMBtu,,2026-08-31T11:44:22.042198Z,2026-08-26,https://www.eia.gov/dnav/ng/hist/rngwhhdD.htm,eia_henry_hub_spot:1788176662042198000:3241dfb4a8883f486cfb073eb5161263d2da2c27ccb423435106659f0cd0bc3e
EIA:DHHNGSP,U.S. EIA,physical_spot,Henry Hub physical spot,Henry Hub,2025-09-16T05:00:00.000000Z,2025-09-17T05:00:00.000000Z,3.07,USD/MMBtu,,2026-08-31T11:44:22.042198Z,2026-08-26,https://www.eia.gov/dnav/ng/hist/rngwhhdD.htm,eia_henry_hub_spot:1788176662042198000:3241dfb4a8883f486cfb073eb5161263d2da2c27ccb423435106659f0cd0bc3e
EIA:DHHNGSP,U.S. EIA,physical_spot,Henry Hub physical spot,Henry Hub,2025-09-17T05:00:00.000000Z,2025-09-18T05:00:00.000000Z,3.19,USD/MMBtu,,2026-08-31T11:44:22.042198Z,2026-08-26,https://www.eia.gov/dnav/ng/hist/rngwhhdD.htm,eia_henry_hub_spot:1788176662042198000:3241dfb4a8883f486cfb073eb5161263d2da2c27ccb423435106659f0cd0bc3e
EIA:DHHNGSP,U.S. EIA,physical_spot,Henry Hub physical spot,Henry Hub,2025-09-18T05:00:00.000000Z,2025-09-19T05:00:00.000000Z,3.1,USD/MMBtu,,2026-08-31T11:44:22.042198Z,2026-08-26,https://www.eia.gov/dnav/ng/hist/rngwhhdD.htm,eia_henry_hub_spot:1788176662042198000:3241dfb4a8883f486cfb073eb5161263d2da2c27ccb423435106659f0cd0bc3e
EIA:DHHNGSP,U.S. EIA,physical_spot,Henry Hub physical spot,Henry Hub,2025-09-19T05:00:00.000000Z,2025-09-20T05:00:00.000000Z,2.89,USD/MMBtu,,2026-08-31T11:44:22.042198Z,2026-08-26,https://www.eia.gov/dnav/ng/hist/rngwhhdD.htm,eia_henry_hub_spot:1788176662042198000:3241dfb4a8883f486cfb073eb5161263d2da2c27ccb423435106659f0cd0bc3e
EIA:DHHNGSP,U.S. EIA,physical_spot,Henry Hub physical spot,Henry Hub,2025-09-22T05:00:00.000000Z,2025-09-23T05:00:00.000000Z,2.9,USD/MMBtu,,2026-08-31T11:44:22.042198Z,2026-08-26,https://www.eia.gov/dnav/ng/hist/rngwhhdD.htm,eia_henry_hub_spot:1788176662042198000:3241dfb4a8883f486cfb073eb5161263d2da2c27ccb423435106659f0cd0bc3e
EIA:DHHNGSP,U.S. EIA,physical_spot,Henry Hub physical spot,Henry Hub,2025-09-23T05:00:00.000000Z,2025-09-24T05:00:00.000000Z,2.86,USD/MMBtu,,2026-08-31T11:44:22.042198Z,2026-08-26,https://www.eia.gov/dnav/ng/hist/rngwhhdD.htm,eia_henry_hub_spot:1788176662042198000:3241dfb4a8883f486cfb073eb5161263d2da2c27ccb423435106659f0cd0bc3e
EIA:DHHNGSP,U.S. EIA,physical_spot,Henry Hub physical spot,Henry Hub,2025-09-24T05:00:00.000000Z,2025-09-25T05:00:00.000000Z,2.88,USD/MMBtu,,2026-08-31T11:44:22.042198Z,2026-08-26,https://www.eia.gov/dnav/ng/hist/rngwhhdD.htm,eia_henry_hub_spot:1788176662042198000:3241dfb4a8883f486cfb073eb5161263d2da2c27ccb423435106659f0cd0bc3e
EIA:DHHNGSP,U.S. EIA,physical_spot,Henry Hub physical spot,Henry Hub,2025-09-25T05:00:00.000000Z,2025-09-26T05:00:00.000000Z,2.98,USD/MMBtu,,2026-08-31T11:44:22.042198Z,2026-08-26,https://www.eia.gov/dnav/ng/hist/rngwhhdD.htm,eia_henry_hub_spot:1788176662042198000:3241dfb4a8883f486cfb073eb5161263d2da2c27ccb423435106659f0cd0bc3e
EIA:DHHNGSP,U.S. EIA,physical_spot,Henry Hub physical spot,Henry Hub,2025-09-26T05:00:00.000000Z,2025-09-27T05:00:00.000000Z,2.9,USD/MMBtu,,2026-08-31T11:44:22.042198Z,2026-08-26,https://www.eia.gov/dnav/ng/hist/rngwhhdD.htm,eia_henry_hub_spot:1788176662042198000:3241dfb4a8883f486cfb073eb5161263d2da2c27ccb423435106659f0cd0bc3e
EIA:DHHNGSP,U.S. EIA,physical_spot,Henry Hub physical spot,Henry Hub,2025-09-29T05:00:00.000000Z,2025-09-30T05:00:00.000000Z,2.93,USD/MMBtu,,2026-08-31T11:44:22.042198Z,2026-08-26,https://www.eia.gov/dnav/ng/hist/rngwhhdD.htm,eia_henry_hub_spot:1788176662042198000:3241dfb4a8883f486cfb073eb5161263d2da2c27ccb423435106659f0cd0bc3e
EIA:DHHNGSP,U.S. EIA,physical_spot,Henry Hub physical spot,Henry Hub,2025-09-30T05:00:00.000000Z,2025-10-01T05:00:00.000000Z,3.12,USD/MMBtu,,2026-08-31T11:44:22.042198Z,2026-08-26,https://www.eia.gov/dnav/ng/hist/rngwhhdD.htm,eia_henry_hub_spot:1788176662042198000:3241dfb4a8883f486cfb073eb5161263d2da2c27ccb423435106659f0cd0bc3e
EIA:DHHNGSP,U.S. EIA,physical_spot,Henry Hub physical spot,Henry Hub,2025-10-01T05:00:00.000000Z,2025-10-02T05:00:00.000000Z,3.24,USD/MMBtu,,2026-08-31T11:44:22.042198Z,2026-08-26,https://www.eia.gov/dnav/ng/hist/rngwhhdD.htm,eia_henry_hub_spot:1788176662042198000:3241dfb4a8883f486cfb073eb5161263d2da2c27ccb423435106659f0cd0bc3e
EIA:DHHNGSP,U.S. EIA,physical_spot,Henry Hub physical spot,Henry Hub,2025-10-02T05:00:00.000000Z,2025-10-03T05:00:00.000000Z,3.32,USD/MMBtu,,2026-08-31T11:44:22.042198Z,2026-08-26,https://www.eia.gov/dnav/ng/hist/rngwhhdD.htm,eia_henry_hub_spot:1788176662042198000:3241dfb4a8883f486cfb073eb5161263d2da2c27ccb423435106659f0cd0bc3e
EIA:DHHNGSP,U.S. EIA,physical_spot,Henry Hub physical spot,Henry Hub,2025-10-03T05:00:00.000000Z,2025-10-04T05:00:00.000000Z,3.19,USD/MMBtu,,2026-08-31T11:44:22.042198Z,2026-08-26,https://www.eia.gov/dnav/ng/hist/rngwhhdD.htm,eia_henry_hub_spot:1788176662042198000:3241dfb4a8883f486cfb073eb5161263d2da2c27ccb423435106659f0cd0bc3e
EIA:DHHNGSP,U.S. EIA,physical_spot,Henry Hub physical spot,Henry Hub,2025-10-06T05:00:00.000000Z,2025-10-07T05:00:00.000000Z,3.32,USD/MMBtu,,2026-08-31T11:44:22.042198Z,2026-08-26,https://www.eia.gov/dnav/ng/hist/rngwhhdD.htm,eia_henry_hub_spot:1788176662042198000:3241dfb4a8883f486cfb073eb5161263d2da2c27ccb423435106659f0cd0bc3e
EIA:DHHNGSP,U.S. EIA,physical_spot,Henry Hub physical spot,Henry Hub,2025-10-07T05:00:00.000000Z,2025-10-08T05:00:00.000000Z,3.32,USD/MMBtu,,2026-08-31T11:44:22.042198Z,2026-08-26,https://www.eia.gov/dnav/ng/hist/rngwhhdD.htm,eia_henry_hub_spot:1788176662042198000:3241dfb4a8883f486cfb073eb5161263d2da2c27ccb423435106659f0cd0bc3e
EIA:DHHNGSP,U.S. EIA,physical_spot,Henry Hub physical spot,Henry Hub,2025-10-08T05:00:00.000000Z,2025-10-09T05:00:00.000000Z,3.35,USD/MMBtu,,2026-08-31T11:44:22.042198Z,2026-08-26,https://www.eia.gov/dnav/ng/hist/rngwhhdD.htm,eia_henry_hub_spot:1788176662042198000:3241dfb4a8883f486cfb073eb5161263d2da2c27ccb423435106659f0cd0bc3e
EIA:DHHNGSP,U.S. EIA,physical_spot,Henry Hub physical spot,Henry Hub,2025-10-09T05:00:00.000000Z,2025-10-10T05:00:00.000000Z,3.25,USD/MMBtu,,2026-08-31T11:44:22.042198Z,2026-08-26,https://www.eia.gov/dnav/ng/hist/rngwhhdD.htm,eia_henry_hub_spot:1788176662042198000:3241dfb4a8883f486cfb073eb5161263d2da2c27ccb423435106659f0cd0bc3e
EIA:DHHNGSP,U.S. EIA,physical_spot,Henry Hub physical spot,Henry Hub,2025-10-10T05:00:00.000000Z,2025-10-11T05:00:00.000000Z,2.9,USD/MMBtu,,2026-08-31T11:44:22.042198Z,2026-08-26,https://www.eia.gov/dnav/ng/hist/rngwhhdD.htm,eia_henry_hub_spot:1788176662042198000:3241dfb4a8883f486cfb073eb5161263d2da2c27ccb423435106659f0cd0bc3e
EIA:DHHNGSP,U.S. EIA,physical_spot,Henry Hub physical spot,Henry Hub,2025-10-13T05:00:00.000000Z,2025-10-14T05:00:00.000000Z,2.9,USD/MMBtu,,2026-08-31T11:44:22.042198Z,2026-08-26,https://www.eia.gov/dnav/ng/hist/rngwhhdD.htm,eia_henry_hub_spot:1788176662042198000:3241dfb4a8883f486cfb073eb5161263d2da2c27ccb423435106659f0cd0bc3e
EIA:DHHNGSP,U.S. EIA,physical_spot,Henry Hub physical spot,Henry Hub,2025-10-14T05:00:00.000000Z,2025-10-15T05:00:00.000000Z,2.83,USD/MMBtu,,2026-08-31T11:44:22.042198Z,2026-08-26,https://www.eia.gov/dnav/ng/hist/rngwhhdD.htm,eia_henry_hub_spot:1788176662042198000:3241dfb4a8883f486cfb073eb5161263d2da2c27ccb423435106659f0cd0bc3e
EIA:DHHNGSP,U.S. EIA,physical_spot,Henry Hub physical spot,Henry Hub,2025-10-15T05:00:00.000000Z,2025-10-16T05:00:00.000000Z,2.79,USD/MMBtu,,2026-08-31T11:44:22.042198Z,2026-08-26,https://www.eia.gov/dnav/ng/hist/rngwhhdD.htm,eia_henry_hub_spot:1788176662042198000:3241dfb4a8883f486cfb073eb5161263d2da2c27ccb423435106659f0cd0bc3e
EIA:DHHNGSP,U.S. EIA,physical_spot,Henry Hub physical spot,Henry Hub,2025-10-16T05:00:00.000000Z,2025-10-17T05:00:00.000000Z,2.82,USD/MMBtu,,2026-08-31T11:44:22.042198Z,2026-08-26,https://www.eia.gov/dnav/ng/hist/rngwhhdD.htm,eia_henry_hub_spot:1788176662042198000:3241dfb4a8883f486cfb073eb5161263d2da2c27ccb423435106659f0cd0bc3e
EIA:DHHNGSP,U.S. EIA,physical_spot,Henry Hub physical spot,Henry Hub,2025-10-17T05:00:00.000000Z,2025-10-18T05:00:00.000000Z,2.65,USD/MMBtu,,2026-08-31T11:44:22.042198Z,2026-08-26,https://www.eia.gov/dnav/ng/hist/rngwhhdD.htm,eia_henry_hub_spot:1788176662042198000:3241dfb4a8883f486cfb073eb5161263d2da2c27ccb423435106659f0cd0bc3e
EIA:DHHNGSP,U.S. EIA,physical_spot,Henry Hub physical spot,Henry Hub,2025-10-20T05:00:00.000000Z,2025-10-21T05:00:00.000000Z,2.99,USD/MMBtu,,2026-08-31T11:44:22.042198Z,2026-08-26,https://www.eia.gov/dnav/ng/hist/rngwhhdD.htm,eia_henry_hub_spot:1788176662042198000:3241dfb4a8883f486cfb073eb5161263d2da2c27ccb423435106659f0cd0bc3e
EIA:DHHNGSP,U.S. EIA,physical_spot,Henry Hub physical spot,Henry Hub,2025-10-21T05:00:00.000000Z,2025-10-22T05:00:00.000000Z,3.28,USD/MMBtu,,2026-08-31T11:44:22.042198Z,2026-08-26,https://www.eia.gov/dnav/ng/hist/rngwhhdD.htm,eia_henry_hub_spot:1788176662042198000:3241dfb4a8883f486cfb073eb5161263d2da2c27ccb423435106659f0cd0bc3e
EIA:DHHNGSP,U.S. EIA,physical_spot,Henry Hub physical spot,Henry Hub,2025-10-22T05:00:00.000000Z,2025-10-23T05:00:00.000000Z,3.45,USD/MMBtu,,2026-08-31T11:44:22.042198Z,2026-08-26,https://www.eia.gov/dnav/ng/hist/rngwhhdD.htm,eia_henry_hub_spot:1788176662042198000:3241dfb4a8883f486cfb073eb5161263d2da2c27ccb423435106659f0cd0bc3e
EIA:DHHNGSP,U.S. EIA,physical_spot,Henry Hub physical spot,Henry Hub,2025-10-23T05:00:00.000000Z,2025-10-24T05:00:00.000000Z,3.34,USD/MMBtu,,2026-08-31T11:44:22.042198Z,2026-08-26,https://www.eia.gov/dnav/ng/hist/rngwhhdD.htm,eia_henry_hub_spot:1788176662042198000:3241dfb4a8883f486cfb073eb5161263d2da2c27ccb423435106659f0cd0bc3e
EIA:DHHNGSP,U.S. EIA,physical_spot,Henry Hub physical spot,Henry Hub,2025-10-24T05:00:00.000000Z,2025-10-25T05:00:00.000000Z,3.21,USD/MMBtu,,2026-08-31T11:44:22.042198Z,2026-08-26,https://www.eia.gov/dnav/ng/hist/rngwhhdD.htm,eia_henry_hub_spot:1788176662042198000:3241dfb4a8883f486cfb073eb5161263d2da2c27ccb423435106659f0cd0bc3e
EIA:DHHNGSP,U.S. EIA,physical_spot,Henry Hub physical spot,Henry Hub,2025-10-27T05:00:00.000000Z,2025-10-28T05:00:00.000000Z,3.3,USD/MMBtu,,2026-08-31T11:44:22.042198Z,2026-08-26,https://www.eia.gov/dnav/ng/hist/rngwhhdD.htm,eia_henry_hub_spot:1788176662042198000:3241dfb4a8883f486cfb073eb5161263d2da2c27ccb423435106659f0cd0bc3e
EIA:DHHNGSP,U.S. EIA,physical_spot,Henry Hub physical spot,Henry Hub,2025-10-28T05:00:00.000000Z,2025-10-29T05:00:00.000000Z,3.44,USD/MMBtu,,2026-08-31T11:44:22.042198Z,2026-08-26,https://www.eia.gov/dnav/ng/hist/rngwhhdD.htm,eia_henry_hub_spot:1788176662042198000:3241dfb4a8883f486cfb073eb5161263d2da2c27ccb423435106659f0cd0bc3e
EIA:DHHNGSP,U.S. EIA,physical_spot,Henry Hub physical spot,Henry Hub,2025-10-29T05:00:00.000000Z,2025-10-30T05:00:00.000000Z,3.36,USD/MMBtu,,2026-08-31T11:44:22.042198Z,2026-08-26,https://www.eia.gov/dnav/ng/hist/rngwhhdD.htm,eia_henry_hub_spot:1788176662042198000:3241dfb4a8883f486cfb073eb5161263d2da2c27ccb423435106659f0cd0bc3e
EIA:DHHNGSP,U.S. EIA,physical_spot,Henry Hub physical spot,Henry Hub,2025-10-30T05:00:00.000000Z,2025-10-31T05:00:00.000000Z,3.46,USD/MMBtu,,2026-08-31T11:44:22.042198Z,2026-08-26,https://www.eia.gov/dnav/ng/hist/rngwhhdD.htm,eia_henry_hub_spot:1788176662042198000:3241dfb4a8883f486cfb073eb5161263d2da2c27ccb423435106659f0cd0bc3e
EIA:DHHNGSP,U.S. EIA,physical_spot,Henry Hub physical spot,Henry Hub,2025-10-31T05:00:00.000000Z,2025-11-01T05:00:00.000000Z,3.57,USD/MMBtu,,2026-08-31T11:44:22.042198Z,2026-08-26,https://www.eia.gov/dnav/ng/hist/rngwhhdD.htm,eia_henry_hub_spot:1788176662042198000:3241dfb4a8883f486cfb073eb5161263d2da2c27ccb423435106659f0cd0bc3e
EIA:DHHNGSP,U.S. EIA,physical_spot,Henry Hub physical spot,Henry Hub,2025-11-03T06:00:00.000000Z,2025-11-04T06:00:00.000000Z,3.37,USD/MMBtu,,2026-08-31T11:44:22.042198Z,2026-08-26,https://www.eia.gov/dnav/ng/hist/rngwhhdD.htm,eia_henry_hub_spot:1788176662042198000:3241dfb4a8883f486cfb073eb5161263d2da2c27ccb423435106659f0cd0bc3e
EIA:DHHNGSP,U.S. EIA,physical_spot,Henry Hub physical spot,Henry Hub,2025-11-04T06:00:00.000000Z,2025-11-05T06:00:00.000000Z,3.35,USD/MMBtu,,2026-08-31T11:44:22.042198Z,2026-08-26,https://www.eia.gov/dnav/ng/hist/rngwhhdD.htm,eia_henry_hub_spot:1788176662042198000:3241dfb4a8883f486cfb073eb5161263d2da2c27ccb423435106659f0cd0bc3e
EIA:DHHNGSP,U.S. EIA,physical_spot,Henry Hub physical spot,Henry Hub,2025-11-05T06:00:00.000000Z,2025-11-06T06:00:00.000000Z,3.51,USD/MMBtu,,2026-08-31T11:44:22.042198Z,2026-08-26,https://www.eia.gov/dnav/ng/hist/rngwhhdD.htm,eia_henry_hub_spot:1788176662042198000:3241dfb4a8883f486cfb073eb5161263d2da2c27ccb423435106659f0cd0bc3e
EIA:DHHNGSP,U.S. EIA,physical_spot,Henry Hub physical spot,Henry Hub,2025-11-06T06:00:00.000000Z,2025-11-07T06:00:00.000000Z,3.71,USD/MMBtu,,2026-08-31T11:44:22.042198Z,2026-08-26,https://www.eia.gov/dnav/ng/hist/rngwhhdD.htm,eia_henry_hub_spot:1788176662042198000:3241dfb4a8883f486cfb073eb5161263d2da2c27ccb423435106659f0cd0bc3e
EIA:DHHNGSP,U.S. EIA,physical_spot,Henry Hub physical spot,Henry Hub,2025-11-07T06:00:00.000000Z,2025-11-08T06:00:00.000000Z,3.76,USD/MMBtu,,2026-08-31T11:44:22.042198Z,2026-08-26,https://www.eia.gov/dnav/ng/hist/rngwhhdD.htm,eia_henry_hub_spot:1788176662042198000:3241dfb4a8883f486cfb073eb5161263d2da2c27ccb423435106659f0cd0bc3e
EIA:DHHNGSP,U.S. EIA,physical_spot,Henry Hub physical spot,Henry Hub,2025-11-10T06:00:00.000000Z,2025-11-11T06:00:00.000000Z,3.8,USD/MMBtu,,2026-08-31T11:44:22.042198Z,2026-08-26,https://www.eia.gov/dnav/ng/hist/rngwhhdD.htm,eia_henry_hub_spot:1788176662042198000:3241dfb4a8883f486cfb073eb5161263d2da2c27ccb423435106659f0cd0bc3e
EIA:DHHNGSP,U.S. EIA,physical_spot,Henry Hub physical spot,Henry Hub,2025-11-12T06:00:00.000000Z,2025-11-13T06:00:00.000000Z,3.6,USD/MMBtu,,2026-08-31T11:44:22.042198Z,2026-08-26,https://www.eia.gov/dnav/ng/hist/rngwhhdD.htm,eia_henry_hub_spot:1788176662042198000:3241dfb4a8883f486cfb073eb5161263d2da2c27ccb423435106659f0cd0bc3e
EIA:DHHNGSP,U.S. EIA,physical_spot,Henry Hub physical spot,Henry Hub,2025-11-13T06:00:00.000000Z,2025-11-14T06:00:00.000000Z,3.6,USD/MMBtu,,2026-08-31T11:44:22.042198Z,2026-08-26,https://www.eia.gov/dnav/ng/hist/rngwhhdD.htm,eia_henry_hub_spot:1788176662042198000:3241dfb4a8883f486cfb073eb5161263d2da2c27ccb423435106659f0cd0bc3e
EIA:DHHNGSP,U.S. EIA,physical_spot,Henry Hub physical spot,Henry Hub,2025-11-14T06:00:00.000000Z,2025-11-15T06:00:00.000000Z,3.49,USD/MMBtu,,2026-08-31T11:44:22.042198Z,2026-08-26,https://www.eia.gov/dnav/ng/hist/rngwhhdD.htm,eia_henry_hub_spot:1788176662042198000:3241dfb4a8883f486cfb073eb5161263d2da2c27ccb423435106659f0cd0bc3e
EIA:DHHNGSP,U.S. EIA,physical_spot,Henry Hub physical spot,Henry Hub,2025-11-17T06:00:00.000000Z,2025-11-18T06:00:00.000000Z,3.71,USD/MMBtu,,2026-08-31T11:44:22.042198Z,2026-08-26,https://www.eia.gov/dnav/ng/hist/rngwhhdD.htm,eia_henry_hub_spot:1788176662042198000:3241dfb4a8883f486cfb073eb5161263d2da2c27ccb423435106659f0cd0bc3e
EIA:DHHNGSP,U.S. EIA,physical_spot,Henry Hub physical spot,Henry Hub,2025-11-18T06:00:00.000000Z,2025-11-19T06:00:00.000000Z,3.7,USD/MMBtu,,2026-08-31T11:44:22.042198Z,2026-08-26,https://www.eia.gov/dnav/ng/hist/rngwhhdD.htm,eia_henry_hub_spot:1788176662042198000:3241dfb4a8883f486cfb073eb5161263d2da2c27ccb423435106659f0cd0bc3e
EIA:DHHNGSP,U.S. EIA,physical_spot,Henry Hub physical spot,Henry Hub,2025-11-19T06:00:00.000000Z,2025-11-20T06:00:00.000000Z,3.94,USD/MMBtu,,2026-08-31T11:44:22.042198Z,2026-08-26,https://www.eia.gov/dnav/ng/hist/rngwhhdD.htm,eia_henry_hub_spot:1788176662042198000:3241dfb4a8883f486cfb073eb5161263d2da2c27ccb423435106659f0cd0bc3e
EIA:DHHNGSP,U.S. EIA,physical_spot,Henry Hub physical spot,Henry Hub,2025-11-20T06:00:00.000000Z,2025-11-21T06:00:00.000000Z,3.97,USD/MMBtu,,2026-08-31T11:44:22.042198Z,2026-08-26,https://www.eia.gov/dnav/ng/hist/rngwhhdD.htm,eia_henry_hub_spot:1788176662042198000:3241dfb4a8883f486cfb073eb5161263d2da2c27ccb423435106659f0cd0bc3e
EIA:DHHNGSP,U.S. EIA,physical_spot,Henry Hub physical spot,Henry Hub,2025-11-21T06:00:00.000000Z,2025-11-22T06:00:00.000000Z,4.13,USD/MMBtu,,2026-08-31T11:44:22.042198Z,2026-08-26,https://www.eia.gov/dnav/ng/hist/rngwhhdD.htm,eia_henry_hub_spot:1788176662042198000:3241dfb4a8883f486cfb073eb5161263d2da2c27ccb423435106659f0cd0bc3e
EIA:DHHNGSP,U.S. EIA,physical_spot,Henry Hub physical spot,Henry Hub,2025-11-24T06:00:00.000000Z,2025-11-25T06:00:00.000000Z,4.15,USD/MMBtu,,2026-08-31T11:44:22.042198Z,2026-08-26,https://www.eia.gov/dnav/ng/hist/rngwhhdD.htm,eia_henry_hub_spot:1788176662042198000:3241dfb4a8883f486cfb073eb5161263d2da2c27ccb423435106659f0cd0bc3e
EIA:DHHNGSP,U.S. EIA,physical_spot,Henry Hub physical spot,Henry Hub,2025-11-25T06:00:00.000000Z,2025-11-26T06:00:00.000000Z,4.12,USD/MMBtu,,2026-08-31T11:44:22.042198Z,2026-08-26,https://www.eia.gov/dnav/ng/hist/rngwhhdD.htm,eia_henry_hub_spot:1788176662042198000:3241dfb4a8883f486cfb073eb5161263d2da2c27ccb423435106659f0cd0bc3e
EIA:DHHNGSP,U.S. EIA,physical_spot,Henry Hub physical spot,Henry Hub,2025-11-26T06:00:00.000000Z,2025-11-27T06:00:00.000000Z,4.59,USD/MMBtu,,2026-08-31T11:44:22.042198Z,2026-08-26,https://www.eia.gov/dnav/ng/hist/rngwhhdD.htm,eia_henry_hub_spot:1788176662042198000:3241dfb4a8883f486cfb073eb5161263d2da2c27ccb423435106659f0cd0bc3e
EIA:DHHNGSP,U.S. EIA,physical_spot,Henry Hub physical spot,Henry Hub,2025-12-01T06:00:00.000000Z,2025-12-02T06:00:00.000000Z,5.08,USD/MMBtu,,2026-08-31T11:44:22.042198Z,2026-08-26,https://www.eia.gov/dnav/ng/hist/rngwhhdD.htm,eia_henry_hub_spot:1788176662042198000:3241dfb4a8883f486cfb073eb5161263d2da2c27ccb423435106659f0cd0bc3e
EIA:DHHNGSP,U.S. EIA,physical_spot,Henry Hub physical spot,Henry Hub,2025-12-02T06:00:00.000000Z,2025-12-03T06:00:00.000000Z,4.83,USD/MMBtu,,2026-08-31T11:44:22.042198Z,2026-08-26,https://www.eia.gov/dnav/ng/hist/rngwhhdD.htm,eia_henry_hub_spot:1788176662042198000:3241dfb4a8883f486cfb073eb5161263d2da2c27ccb423435106659f0cd0bc3e
EIA:DHHNGSP,U.S. EIA,physical_spot,Henry Hub physical spot,Henry Hub,2025-12-03T06:00:00.000000Z,2025-12-04T06:00:00.000000Z,4.86,USD/MMBtu,,2026-08-31T11:44:22.042198Z,2026-08-26,https://www.eia.gov/dnav/ng/hist/rngwhhdD.htm,eia_henry_hub_spot:1788176662042198000:3241dfb4a8883f486cfb073eb5161263d2da2c27ccb423435106659f0cd0bc3e
EIA:DHHNGSP,U.S. EIA,physical_spot,Henry Hub physical spot,Henry Hub,2025-12-04T06:00:00.000000Z,2025-12-05T06:00:00.000000Z,4.89,USD/MMBtu,,2026-08-31T11:44:22.042198Z,2026-08-26,https://www.eia.gov/dnav/ng/hist/rngwhhdD.htm,eia_henry_hub_spot:1788176662042198000:3241dfb4a8883f486cfb073eb5161263d2da2c27ccb423435106659f0cd0bc3e
EIA:DHHNGSP,U.S. EIA,physical_spot,Henry Hub physical spot,Henry Hub,2025-12-05T06:00:00.000000Z,2025-12-06T06:00:00.000000Z,5.19,USD/MMBtu,,2026-08-31T11:44:22.042198Z,2026-08-26,https://www.eia.gov/dnav/ng/hist/rngwhhdD.htm,eia_henry_hub_spot:1788176662042198000:3241dfb4a8883f486cfb073eb5161263d2da2c27ccb423435106659f0cd0bc3e
EIA:DHHNGSP,U.S. EIA,physical_spot,Henry Hub physical spot,Henry Hub,2025-12-08T06:00:00.000000Z,2025-12-09T06:00:00.000000Z,5.19,USD/MMBtu,,2026-08-31T11:44:22.042198Z,2026-08-26,https://www.eia.gov/dnav/ng/hist/rngwhhdD.htm,eia_henry_hub_spot:1788176662042198000:3241dfb4a8883f486cfb073eb5161263d2da2c27ccb423435106659f0cd0bc3e
EIA:DHHNGSP,U.S. EIA,physical_spot,Henry Hub physical spot,Henry Hub,2025-12-09T06:00:00.000000Z,2025-12-10T06:00:00.000000Z,4.76,USD/MMBtu,,2026-08-31T11:44:22.042198Z,2026-08-26,https://www.eia.gov/dnav/ng/hist/rngwhhdD.htm,eia_henry_hub_spot:1788176662042198000:3241dfb4a8883f486cfb073eb5161263d2da2c27ccb423435106659f0cd0bc3e
EIA:DHHNGSP,U.S. EIA,physical_spot,Henry Hub physical spot,Henry Hub,2025-12-10T06:00:00.000000Z,2025-12-11T06:00:00.000000Z,4.62,USD/MMBtu,,2026-08-31T11:44:22.042198Z,2026-08-26,https://www.eia.gov/dnav/ng/hist/rngwhhdD.htm,eia_henry_hub_spot:1788176662042198000:3241dfb4a8883f486cfb073eb5161263d2da2c27ccb423435106659f0cd0bc3e
EIA:DHHNGSP,U.S. EIA,physical_spot,Henry Hub physical spot,Henry Hub,2025-12-11T06:00:00.000000Z,2025-12-12T06:00:00.000000Z,4.35,USD/MMBtu,,2026-08-31T11:44:22.042198Z,2026-08-26,https://www.eia.gov/dnav/ng/hist/rngwhhdD.htm,eia_henry_hub_spot:1788176662042198000:3241dfb4a8883f486cfb073eb5161263d2da2c27ccb423435106659f0cd0bc3e
EIA:DHHNGSP,U.S. EIA,physical_spot,Henry Hub physical spot,Henry Hub,2025-12-12T06:00:00.000000Z,2025-12-13T06:00:00.000000Z,4.07,USD/MMBtu,,2026-08-31T11:44:22.042198Z,2026-08-26,https://www.eia.gov/dnav/ng/hist/rngwhhdD.htm,eia_henry_hub_spot:1788176662042198000:3241dfb4a8883f486cfb073eb5161263d2da2c27ccb423435106659f0cd0bc3e
EIA:DHHNGSP,U.S. EIA,physical_spot,Henry Hub physical spot,Henry Hub,2025-12-15T06:00:00.000000Z,2025-12-16T06:00:00.000000Z,3.9,USD/MMBtu,,2026-08-31T11:44:22.042198Z,2026-08-26,https://www.eia.gov/dnav/ng/hist/rngwhhdD.htm,eia_henry_hub_spot:1788176662042198000:3241dfb4a8883f486cfb073eb5161263d2da2c27ccb423435106659f0cd0bc3e
EIA:DHHNGSP,U.S. EIA,physical_spot,Henry Hub physical spot,Henry Hub,2025-12-16T06:00:00.000000Z,2025-12-17T06:00:00.000000Z,3.58,USD/MMBtu,,2026-08-31T11:44:22.042198Z,2026-08-26,https://www.eia.gov/dnav/ng/hist/rngwhhdD.htm,eia_henry_hub_spot:1788176662042198000:3241dfb4a8883f486cfb073eb5161263d2da2c27ccb423435106659f0cd0bc3e
EIA:DHHNGSP,U.S. EIA,physical_spot,Henry Hub physical spot,Henry Hub,2025-12-17T06:00:00.000000Z,2025-12-18T06:00:00.000000Z,3.66,USD/MMBtu,,2026-08-31T11:44:22.042198Z,2026-08-26,https://www.eia.gov/dnav/ng/hist/rngwhhdD.htm,eia_henry_hub_spot:1788176662042198000:3241dfb4a8883f486cfb073eb5161263d2da2c27ccb423435106659f0cd0bc3e
EIA:DHHNGSP,U.S. EIA,physical_spot,Henry Hub physical spot,Henry Hub,2025-12-18T06:00:00.000000Z,2025-12-19T06:00:00.000000Z,3.87,USD/MMBtu,,2026-08-31T11:44:22.042198Z,2026-08-26,https://www.eia.gov/dnav/ng/hist/rngwhhdD.htm,eia_henry_hub_spot:1788176662042198000:3241dfb4a8883f486cfb073eb5161263d2da2c27ccb423435106659f0cd0bc3e
EIA:DHHNGSP,U.S. EIA,physical_spot,Henry Hub physical spot,Henry Hub,2025-12-19T06:00:00.000000Z,2025-12-20T06:00:00.000000Z,3.58,USD/MMBtu,,2026-08-31T11:44:22.042198Z,2026-08-26,https://www.eia.gov/dnav/ng/hist/rngwhhdD.htm,eia_henry_hub_spot:1788176662042198000:3241dfb4a8883f486cfb073eb5161263d2da2c27ccb423435106659f0cd0bc3e
EIA:DHHNGSP,U.S. EIA,physical_spot,Henry Hub physical spot,Henry Hub,2025-12-22T06:00:00.000000Z,2025-12-23T06:00:00.000000Z,3.67,USD/MMBtu,,2026-08-31T11:44:22.042198Z,2026-08-26,https://www.eia.gov/dnav/ng/hist/rngwhhdD.htm,eia_henry_hub_spot:1788176662042198000:3241dfb4a8883f486cfb073eb5161263d2da2c27ccb423435106659f0cd0bc3e
EIA:DHHNGSP,U.S. EIA,physical_spot,Henry Hub physical spot,Henry Hub,2025-12-23T06:00:00.000000Z,2025-12-24T06:00:00.000000Z,3.38,USD/MMBtu,,2026-08-31T11:44:22.042198Z,2026-08-26,https://www.eia.gov/dnav/ng/hist/rngwhhdD.htm,eia_henry_hub_spot:1788176662042198000:3241dfb4a8883f486cfb073eb5161263d2da2c27ccb423435106659f0cd0bc3e
EIA:DHHNGSP,U.S. EIA,physical_spot,Henry Hub physical spot,Henry Hub,2025-12-24T06:00:00.000000Z,2025-12-25T06:00:00.000000Z,3.31,USD/MMBtu,,2026-08-31T11:44:22.042198Z,2026-08-26,https://www.eia.gov/dnav/ng/hist/rngwhhdD.htm,eia_henry_hub_spot:1788176662042198000:3241dfb4a8883f486cfb073eb5161263d2da2c27ccb423435106659f0cd0bc3e
EIA:DHHNGSP,U.S. EIA,physical_spot,Henry Hub physical spot,Henry Hub,2025-12-29T06:00:00.000000Z,2025-12-30T06:00:00.000000Z,4.35,USD/MMBtu,,2026-08-31T11:44:22.042198Z,2026-08-26,https://www.eia.gov/dnav/ng/hist/rngwhhdD.htm,eia_henry_hub_spot:1788176662042198000:3241dfb4a8883f486cfb073eb5161263d2da2c27ccb423435106659f0cd0bc3e
EIA:DHHNGSP,U.S. EIA,physical_spot,Henry Hub physical spot,Henry Hub,2025-12-30T06:00:00.000000Z,2025-12-31T06:00:00.000000Z,4.4,USD/MMBtu,,2026-08-31T11:44:22.042198Z,2026-08-26,https://www.eia.gov/dnav/ng/hist/rngwhhdD.htm,eia_henry_hub_spot:1788176662042198000:3241dfb4a8883f486cfb073eb5161263d2da2c27ccb423435106659f0cd0bc3e
EIA:DHHNGSP,U.S. EIA,physical_spot,Henry Hub physical spot,Henry Hub,2025-12-31T06:00:00.000000Z,2026-01-01T06:00:00.000000Z,4.0,USD/MMBtu,,2026-08-31T11:44:22.042198Z,2026-08-26,https://www.eia.gov/dnav/ng/hist/rngwhhdD.htm,eia_henry_hub_spot:1788176662042198000:3241dfb4a8883f486cfb073eb5161263d2da2c27ccb423435106659f0cd0bc3e
EIA:DHHNGSP,U.S. EIA,physical_spot,Henry Hub physical spot,Henry Hub,2026-01-05T06:00:00.000000Z,2026-01-06T06:00:00.000000Z,2.82,USD/MMBtu,,2026-08-31T11:44:22.042198Z,2026-08-26,https://www.eia.gov/dnav/ng/hist/rngwhhdD.htm,eia_henry_hub_spot:1788176662042198000:3241dfb4a8883f486cfb073eb5161263d2da2c27ccb423435106659f0cd0bc3e
EIA:DHHNGSP,U.S. EIA,physical_spot,Henry Hub physical spot,Henry Hub,2026-01-06T06:00:00.000000Z,2026-01-07T06:00:00.000000Z,2.85,USD/MMBtu,,2026-08-31T11:44:22.042198Z,2026-08-26,https://www.eia.gov/dnav/ng/hist/rngwhhdD.htm,eia_henry_hub_spot:1788176662042198000:3241dfb4a8883f486cfb073eb5161263d2da2c27ccb423435106659f0cd0bc3e
EIA:DHHNGSP,U.S. EIA,physical_spot,Henry Hub physical spot,Henry Hub,2026-01-07T06:00:00.000000Z,2026-01-08T06:00:00.000000Z,3.1,USD/MMBtu,,2026-08-31T11:44:22.042198Z,2026-08-26,https://www.eia.gov/dnav/ng/hist/rngwhhdD.htm,eia_henry_hub_spot:1788176662042198000:3241dfb4a8883f486cfb073eb5161263d2da2c27ccb423435106659f0cd0bc3e
EIA:DHHNGSP,U.S. EIA,physical_spot,Henry Hub physical spot,Henry Hub,2026-01-08T06:00:00.000000Z,2026-01-09T06:00:00.000000Z,2.92,USD/MMBtu,,2026-08-31T11:44:22.042198Z,2026-08-26,https://www.eia.gov/dnav/ng/hist/rngwhhdD.htm,eia_henry_hub_spot:1788176662042198000:3241dfb4a8883f486cfb073eb5161263d2da2c27ccb423435106659f0cd0bc3e
EIA:DHHNGSP,U.S. EIA,physical_spot,Henry Hub physical spot,Henry Hub,2026-01-09T06:00:00.000000Z,2026-01-10T06:00:00.000000Z,2.87,USD/MMBtu,,2026-08-31T11:44:22.042198Z,2026-08-26,https://www.eia.gov/dnav/ng/hist/rngwhhdD.htm,eia_henry_hub_spot:1788176662042198000:3241dfb4a8883f486cfb073eb5161263d2da2c27ccb423435106659f0cd0bc3e
EIA:DHHNGSP,U.S. EIA,physical_spot,Henry Hub physical spot,Henry Hub,2026-01-12T06:00:00.000000Z,2026-01-13T06:00:00.000000Z,2.9,USD/MMBtu,,2026-08-31T11:44:22.042198Z,2026-08-26,https://www.eia.gov/dnav/ng/hist/rngwhhdD.htm,eia_henry_hub_spot:1788176662042198000:3241dfb4a8883f486cfb073eb5161263d2da2c27ccb423435106659f0cd0bc3e
EIA:DHHNGSP,U.S. EIA,physical_spot,Henry Hub physical spot,Henry Hub,2026-01-13T06:00:00.000000Z,2026-01-14T06:00:00.000000Z,3.0,USD/MMBtu,,2026-08-31T11:44:22.042198Z,2026-08-26,https://www.eia.gov/dnav/ng/hist/rngwhhdD.htm,eia_henry_hub_spot:1788176662042198000:3241dfb4a8883f486cfb073eb5161263d2da2c27ccb423435106659f0cd0bc3e
EIA:DHHNGSP,U.S. EIA,physical_spot,Henry Hub physical spot,Henry Hub,2026-01-14T06:00:00.000000Z,2026-01-15T06:00:00.000000Z,3.13,USD/MMBtu,,2026-08-31T11:44:22.042198Z,2026-08-26,https://www.eia.gov/dnav/ng/hist/rngwhhdD.htm,eia_henry_hub_spot:1788176662042198000:3241dfb4a8883f486cfb073eb5161263d2da2c27ccb423435106659f0cd0bc3e
EIA:DHHNGSP,U.S. EIA,physical_spot,Henry Hub physical spot,Henry Hub,2026-01-15T06:00:00.000000Z,2026-01-16T06:00:00.000000Z,2.92,USD/MMBtu,,2026-08-31T11:44:22.042198Z,2026-08-26,https://www.eia.gov/dnav/ng/hist/rngwhhdD.htm,eia_henry_hub_spot:1788176662042198000:3241dfb4a8883f486cfb073eb5161263d2da2c27ccb423435106659f0cd0bc3e
EIA:DHHNGSP,U.S. EIA,physical_spot,Henry Hub physical spot,Henry Hub,2026-01-16T06:00:00.000000Z,2026-01-17T06:00:00.000000Z,3.06,USD/MMBtu,,2026-08-31T11:44:22.042198Z,2026-08-26,https://www.eia.gov/dnav/ng/hist/rngwhhdD.htm,eia_henry_hub_spot:1788176662042198000:3241dfb4a8883f486cfb073eb5161263d2da2c27ccb423435106659f0cd0bc3e
EIA:DHHNGSP,U.S. EIA,physical_spot,Henry Hub physical spot,Henry Hub,2026-01-20T06:00:00.000000Z,2026-01-21T06:00:00.000000Z,4.0,USD/MMBtu,,2026-08-31T11:44:22.042198Z,2026-08-26,https://www.eia.gov/dnav/ng/hist/rngwhhdD.htm,eia_henry_hub_spot:1788176662042198000:3241dfb4a8883f486cfb073eb5161263d2da2c27ccb423435106659f0cd0bc3e
EIA:DHHNGSP,U.S. EIA,physical_spot,Henry Hub physical spot,Henry Hub,2026-01-21T06:00:00.000000Z,2026-01-22T06:00:00.000000Z,4.96,USD/MMBtu,,2026-08-31T11:44:22.042198Z,2026-08-26,https://www.eia.gov/dnav/ng/hist/rngwhhdD.htm,eia_henry_hub_spot:1788176662042198000:3241dfb4a8883f486cfb073eb5161263d2da2c27ccb423435106659f0cd0bc3e
EIA:DHHNGSP,U.S. EIA,physical_spot,Henry Hub physical spot,Henry Hub,2026-01-22T06:00:00.000000Z,2026-01-23T06:00:00.000000Z,8.42,USD/MMBtu,,2026-08-31T11:44:22.042198Z,2026-08-26,https://www.eia.gov/dnav/ng/hist/rngwhhdD.htm,eia_henry_hub_spot:1788176662042198000:3241dfb4a8883f486cfb073eb5161263d2da2c27ccb423435106659f0cd0bc3e
EIA:DHHNGSP,U.S. EIA,physical_spot,Henry Hub physical spot,Henry Hub,2026-01-23T06:00:00.000000Z,2026-01-24T06:00:00.000000Z,30.72,USD/MMBtu,,2026-08-31T11:44:22.042198Z,2026-08-26,https://www.eia.gov/dnav/ng/hist/rngwhhdD.htm,eia_henry_hub_spot:1788176662042198000:3241dfb4a8883f486cfb073eb5161263d2da2c27ccb423435106659f0cd0bc3e
EIA:DHHNGSP,U.S. EIA,physical_spot,Henry Hub physical spot,Henry Hub,2026-01-26T06:00:00.000000Z,2026-01-27T06:00:00.000000Z,25.01,USD/MMBtu,,2026-08-31T11:44:22.042198Z,2026-08-26,https://www.eia.gov/dnav/ng/hist/rngwhhdD.htm,eia_henry_hub_spot:1788176662042198000:3241dfb4a8883f486cfb073eb5161263d2da2c27ccb423435106659f0cd0bc3e
EIA:DHHNGSP,U.S. EIA,physical_spot,Henry Hub physical spot,Henry Hub,2026-01-27T06:00:00.000000Z,2026-01-28T06:00:00.000000Z,17.19,USD/MMBtu,,2026-08-31T11:44:22.042198Z,2026-08-26,https://www.eia.gov/dnav/ng/hist/rngwhhdD.htm,eia_henry_hub_spot:1788176662042198000:3241dfb4a8883f486cfb073eb5161263d2da2c27ccb423435106659f0cd0bc3e
EIA:DHHNGSP,U.S. EIA,physical_spot,Henry Hub physical spot,Henry Hub,2026-01-28T06:00:00.000000Z,2026-01-29T06:00:00.000000Z,9.34,USD/MMBtu,,2026-08-31T11:44:22.042198Z,2026-08-26,https://www.eia.gov/dnav/ng/hist/rngwhhdD.htm,eia_henry_hub_spot:1788176662042198000:3241dfb4a8883f486cfb073eb5161263d2da2c27ccb423435106659f0cd0bc3e
EIA:DHHNGSP,U.S. EIA,physical_spot,Henry Hub physical spot,Henry Hub,2026-01-29T06:00:00.000000Z,2026-01-30T06:00:00.000000Z,10.25,USD/MMBtu,,2026-08-31T11:44:22.042198Z,2026-08-26,https://www.eia.gov/dnav/ng/hist/rngwhhdD.htm,eia_henry_hub_spot:1788176662042198000:3241dfb4a8883f486cfb073eb5161263d2da2c27ccb423435106659f0cd0bc3e
EIA:DHHNGSP,U.S. EIA,physical_spot,Henry Hub physical spot,Henry Hub,2026-01-30T06:00:00.000000Z,2026-01-31T06:00:00.000000Z,7.18,USD/MMBtu,,2026-08-31T11:44:22.042198Z,2026-08-26,https://www.eia.gov/dnav/ng/hist/rngwhhdD.htm,eia_henry_hub_spot:1788176662042198000:3241dfb4a8883f486cfb073eb5161263d2da2c27ccb423435106659f0cd0bc3e
EIA:DHHNGSP,U.S. EIA,physical_spot,Henry Hub physical spot,Henry Hub,2026-02-02T06:00:00.000000Z,2026-02-03T06:00:00.000000Z,4.4,USD/MMBtu,,2026-08-31T11:44:22.042198Z,2026-08-26,https://www.eia.gov/dnav/ng/hist/rngwhhdD.htm,eia_henry_hub_spot:1788176662042198000:3241dfb4a8883f486cfb073eb5161263d2da2c27ccb423435106659f0cd0bc3e
EIA:DHHNGSP,U.S. EIA,physical_spot,Henry Hub physical spot,Henry Hub,2026-02-03T06:00:00.000000Z,2026-02-04T06:00:00.000000Z,4.11,USD/MMBtu,,2026-08-31T11:44:22.042198Z,2026-08-26,https://www.eia.gov/dnav/ng/hist/rngwhhdD.htm,eia_henry_hub_spot:1788176662042198000:3241dfb4a8883f486cfb073eb5161263d2da2c27ccb423435106659f0cd0bc3e
EIA:DHHNGSP,U.S. EIA,physical_spot,Henry Hub physical spot,Henry Hub,2026-02-04T06:00:00.000000Z,2026-02-05T06:00:00.000000Z,6.88,USD/MMBtu,,2026-08-31T11:44:22.042198Z,2026-08-26,https://www.eia.gov/dnav/ng/hist/rngwhhdD.htm,eia_henry_hub_spot:1788176662042198000:3241dfb4a8883f486cfb073eb5161263d2da2c27ccb423435106659f0cd0bc3e
EIA:DHHNGSP,U.S. EIA,physical_spot,Henry Hub physical spot,Henry Hub,2026-02-05T06:00:00.000000Z,2026-02-06T06:00:00.000000Z,5.28,USD/MMBtu,,2026-08-31T11:44:22.042198Z,2026-08-26,https://www.eia.gov/dnav/ng/hist/rngwhhdD.htm,eia_henry_hub_spot:1788176662042198000:3241dfb4a8883f486cfb073eb5161263d2da2c27ccb423435106659f0cd0bc3e
EIA:DHHNGSP,U.S. EIA,physical_spot,Henry Hub physical spot,Henry Hub,2026-02-06T06:00:00.000000Z,2026-02-07T06:00:00.000000Z,4.37,USD/MMBtu,,2026-08-31T11:44:22.042198Z,2026-08-26,https://www.eia.gov/dnav/ng/hist/rngwhhdD.htm,eia_henry_hub_spot:1788176662042198000:3241dfb4a8883f486cfb073eb5161263d2da2c27ccb423435106659f0cd0bc3e
EIA:DHHNGSP,U.S. EIA,physical_spot,Henry Hub physical spot,Henry Hub,2026-02-09T06:00:00.000000Z,2026-02-10T06:00:00.000000Z,3.25,USD/MMBtu,,2026-08-31T11:44:22.042198Z,2026-08-26,https://www.eia.gov/dnav/ng/hist/rngwhhdD.htm,eia_henry_hub_spot:1788176662042198000:3241dfb4a8883f486cfb073eb5161263d2da2c27ccb423435106659f0cd0bc3e
EIA:DHHNGSP,U.S. EIA,physical_spot,Henry Hub physical spot,Henry Hub,2026-02-10T06:00:00.000000Z,2026-02-11T06:00:00.000000Z,3.18,USD/MMBtu,,2026-08-31T11:44:22.042198Z,2026-08-26,https://www.eia.gov/dnav/ng/hist/rngwhhdD.htm,eia_henry_hub_spot:1788176662042198000:3241dfb4a8883f486cfb073eb5161263d2da2c27ccb423435106659f0cd0bc3e
EIA:DHHNGSP,U.S. EIA,physical_spot,Henry Hub physical spot,Henry Hub,2026-02-11T06:00:00.000000Z,2026-02-12T06:00:00.000000Z,3.25,USD/MMBtu,,2026-08-31T11:44:22.042198Z,2026-08-26,https://www.eia.gov/dnav/ng/hist/rngwhhdD.htm,eia_henry_hub_spot:1788176662042198000:3241dfb4a8883f486cfb073eb5161263d2da2c27ccb423435106659f0cd0bc3e
EIA:DHHNGSP,U.S. EIA,physical_spot,Henry Hub physical spot,Henry Hub,2026-02-12T06:00:00.000000Z,2026-02-13T06:00:00.000000Z,3.43,USD/MMBtu,,2026-08-31T11:44:22.042198Z,2026-08-26,https://www.eia.gov/dnav/ng/hist/rngwhhdD.htm,eia_henry_hub_spot:1788176662042198000:3241dfb4a8883f486cfb073eb5161263d2da2c27ccb423435106659f0cd0bc3e
EIA:DHHNGSP,U.S. EIA,physical_spot,Henry Hub physical spot,Henry Hub,2026-02-13T06:00:00.000000Z,2026-02-14T06:00:00.000000Z,3.24,USD/MMBtu,,2026-08-31T11:44:22.042198Z,2026-08-26,https://www.eia.gov/dnav/ng/hist/rngwhhdD.htm,eia_henry_hub_spot:1788176662042198000:3241dfb4a8883f486cfb073eb5161263d2da2c27ccb423435106659f0cd0bc3e
EIA:DHHNGSP,U.S. EIA,physical_spot,Henry Hub physical spot,Henry Hub,2026-02-17T06:00:00.000000Z,2026-02-18T06:00:00.000000Z,3.13,USD/MMBtu,,2026-08-31T11:44:22.042198Z,2026-08-26,https://www.eia.gov/dnav/ng/hist/rngwhhdD.htm,eia_henry_hub_spot:1788176662042198000:3241dfb4a8883f486cfb073eb5161263d2da2c27ccb423435106659f0cd0bc3e
EIA:DHHNGSP,U.S. EIA,physical_spot,Henry Hub physical spot,Henry Hub,2026-02-18T06:00:00.000000Z,2026-02-19T06:00:00.000000Z,2.98,USD/MMBtu,,2026-08-31T11:44:22.042198Z,2026-08-26,https://www.eia.gov/dnav/ng/hist/rngwhhdD.htm,eia_henry_hub_spot:1788176662042198000:3241dfb4a8883f486cfb073eb5161263d2da2c27ccb423435106659f0cd0bc3e
EIA:DHHNGSP,U.S. EIA,physical_spot,Henry Hub physical spot,Henry Hub,2026-02-19T06:00:00.000000Z,2026-02-20T06:00:00.000000Z,3.09,USD/MMBtu,,2026-08-31T11:44:22.042198Z,2026-08-26,https://www.eia.gov/dnav/ng/hist/rngwhhdD.htm,eia_henry_hub_spot:1788176662042198000:3241dfb4a8883f486cfb073eb5161263d2da2c27ccb423435106659f0cd0bc3e
EIA:DHHNGSP,U.S. EIA,physical_spot,Henry Hub physical spot,Henry Hub,2026-02-20T06:00:00.000000Z,2026-02-21T06:00:00.000000Z,3.15,USD/MMBtu,,2026-08-31T11:44:22.042198Z,2026-08-26,https://www.eia.gov/dnav/ng/hist/rngwhhdD.htm,eia_henry_hub_spot:1788176662042198000:3241dfb4a8883f486cfb073eb5161263d2da2c27ccb423435106659f0cd0bc3e
EIA:DHHNGSP,U.S. EIA,physical_spot,Henry Hub physical spot,Henry Hub,2026-02-23T06:00:00.000000Z,2026-02-24T06:00:00.000000Z,3.13,USD/MMBtu,,2026-08-31T11:44:22.042198Z,2026-08-26,https://www.eia.gov/dnav/ng/hist/rngwhhdD.htm,eia_henry_hub_spot:1788176662042198000:3241dfb4a8883f486cfb073eb5161263d2da2c27ccb423435106659f0cd0bc3e
EIA:DHHNGSP,U.S. EIA,physical_spot,Henry Hub physical spot,Henry Hub,2026-02-24T06:00:00.000000Z,2026-02-25T06:00:00.000000Z,2.99,USD/MMBtu,,2026-08-31T11:44:22.042198Z,2026-08-26,https://www.eia.gov/dnav/ng/hist/rngwhhdD.htm,eia_henry_hub_spot:1788176662042198000:3241dfb4a8883f486cfb073eb5161263d2da2c27ccb423435106659f0cd0bc3e
EIA:DHHNGSP,U.S. EIA,physical_spot,Henry Hub physical spot,Henry Hub,2026-02-25T06:00:00.000000Z,2026-02-26T06:00:00.000000Z,3.02,USD/MMBtu,,2026-08-31T11:44:22.042198Z,2026-08-26,https://www.eia.gov/dnav/ng/hist/rngwhhdD.htm,eia_henry_hub_spot:1788176662042198000:3241dfb4a8883f486cfb073eb5161263d2da2c27ccb423435106659f0cd0bc3e
EIA:DHHNGSP,U.S. EIA,physical_spot,Henry Hub physical spot,Henry Hub,2026-02-26T06:00:00.000000Z,2026-02-27T06:00:00.000000Z,2.94,USD/MMBtu,,2026-08-31T11:44:22.042198Z,2026-08-26,https://www.eia.gov/dnav/ng/hist/rngwhhdD.htm,eia_henry_hub_spot:1788176662042198000:3241dfb4a8883f486cfb073eb5161263d2da2c27ccb423435106659f0cd0bc3e
EIA:DHHNGSP,U.S. EIA,physical_spot,Henry Hub physical spot,Henry Hub,2026-02-27T06:00:00.000000Z,2026-02-28T06:00:00.000000Z,2.99,USD/MMBtu,,2026-08-31T11:44:22.042198Z,2026-08-26,https://www.eia.gov/dnav/ng/hist/rngwhhdD.htm,eia_henry_hub_spot:1788176662042198000:3241dfb4a8883f486cfb073eb5161263d2da2c27ccb423435106659f0cd0bc3e
EIA:DHHNGSP,U.S. EIA,physical_spot,Henry Hub physical spot,Henry Hub,2026-03-02T06:00:00.000000Z,2026-03-03T06:00:00.000000Z,2.99,USD/MMBtu,,2026-08-31T11:44:22.042198Z,2026-08-26,https://www.eia.gov/dnav/ng/hist/rngwhhdD.htm,eia_henry_hub_spot:1788176662042198000:3241dfb4a8883f486cfb073eb5161263d2da2c27ccb423435106659f0cd0bc3e
EIA:DHHNGSP,U.S. EIA,physical_spot,Henry Hub physical spot,Henry Hub,2026-03-03T06:00:00.000000Z,2026-03-04T06:00:00.000000Z,3.1,USD/MMBtu,,2026-08-31T11:44:22.042198Z,2026-08-26,https://www.eia.gov/dnav/ng/hist/rngwhhdD.htm,eia_henry_hub_spot:1788176662042198000:3241dfb4a8883f486cfb073eb5161263d2da2c27ccb423435106659f0cd0bc3e
EIA:DHHNGSP,U.S. EIA,physical_spot,Henry Hub physical spot,Henry Hub,2026-03-04T06:00:00.000000Z,2026-03-05T06:00:00.000000Z,2.87,USD/MMBtu,,2026-08-31T11:44:22.042198Z,2026-08-26,https://www.eia.gov/dnav/ng/hist/rngwhhdD.htm,eia_henry_hub_spot:1788176662042198000:3241dfb4a8883f486cfb073eb5161263d2da2c27ccb423435106659f0cd0bc3e
EIA:DHHNGSP,U.S. EIA,physical_spot,Henry Hub physical spot,Henry Hub,2026-03-05T06:00:00.000000Z,2026-03-06T06:00:00.000000Z,2.9,USD/MMBtu,,2026-08-31T11:44:22.042198Z,2026-08-26,https://www.eia.gov/dnav/ng/hist/rngwhhdD.htm,eia_henry_hub_spot:1788176662042198000:3241dfb4a8883f486cfb073eb5161263d2da2c27ccb423435106659f0cd0bc3e
EIA:DHHNGSP,U.S. EIA,physical_spot,Henry Hub physical spot,Henry Hub,2026-03-06T06:00:00.000000Z,2026-03-07T06:00:00.000000Z,3.1,USD/MMBtu,,2026-08-31T11:44:22.042198Z,2026-08-26,https://www.eia.gov/dnav/ng/hist/rngwhhdD.htm,eia_henry_hub_spot:1788176662042198000:3241dfb4a8883f486cfb073eb5161263d2da2c27ccb423435106659f0cd0bc3e
EIA:DHHNGSP,U.S. EIA,physical_spot,Henry Hub physical spot,Henry Hub,2026-03-09T05:00:00.000000Z,2026-03-10T05:00:00.000000Z,3.25,USD/MMBtu,,2026-08-31T11:44:22.042198Z,2026-08-26,https://www.eia.gov/dnav/ng/hist/rngwhhdD.htm,eia_henry_hub_spot:1788176662042198000:3241dfb4a8883f486cfb073eb5161263d2da2c27ccb423435106659f0cd0bc3e
EIA:DHHNGSP,U.S. EIA,physical_spot,Henry Hub physical spot,Henry Hub,2026-03-10T05:00:00.000000Z,2026-03-11T05:00:00.000000Z,3.08,USD/MMBtu,,2026-08-31T11:44:22.042198Z,2026-08-26,https://www.eia.gov/dnav/ng/hist/rngwhhdD.htm,eia_henry_hub_spot:1788176662042198000:3241dfb4a8883f486cfb073eb5161263d2da2c27ccb423435106659f0cd0bc3e
EIA:DHHNGSP,U.S. EIA,physical_spot,Henry Hub physical spot,Henry Hub,2026-03-11T05:00:00.000000Z,2026-03-12T05:00:00.000000Z,3.15,USD/MMBtu,,2026-08-31T11:44:22.042198Z,2026-08-26,https://www.eia.gov/dnav/ng/hist/rngwhhdD.htm,eia_henry_hub_spot:1788176662042198000:3241dfb4a8883f486cfb073eb5161263d2da2c27ccb423435106659f0cd0bc3e
EIA:DHHNGSP,U.S. EIA,physical_spot,Henry Hub physical spot,Henry Hub,2026-03-12T05:00:00.000000Z,2026-03-13T05:00:00.000000Z,3.27,USD/MMBtu,,2026-08-31T11:44:22.042198Z,2026-08-26,https://www.eia.gov/dnav/ng/hist/rngwhhdD.htm,eia_henry_hub_spot:1788176662042198000:3241dfb4a8883f486cfb073eb5161263d2da2c27ccb423435106659f0cd0bc3e
EIA:DHHNGSP,U.S. EIA,physical_spot,Henry Hub physical spot,Henry Hub,2026-03-13T05:00:00.000000Z,2026-03-14T05:00:00.000000Z,3.2,USD/MMBtu,,2026-08-31T11:44:22.042198Z,2026-08-26,https://www.eia.gov/dnav/ng/hist/rngwhhdD.htm,eia_henry_hub_spot:1788176662042198000:3241dfb4a8883f486cfb073eb5161263d2da2c27ccb423435106659f0cd0bc3e
EIA:DHHNGSP,U.S. EIA,physical_spot,Henry Hub physical spot,Henry Hub,2026-03-16T05:00:00.000000Z,2026-03-17T05:00:00.000000Z,3.03,USD/MMBtu,,2026-08-31T11:44:22.042198Z,2026-08-26,https://www.eia.gov/dnav/ng/hist/rngwhhdD.htm,eia_henry_hub_spot:1788176662042198000:3241dfb4a8883f486cfb073eb5161263d2da2c27ccb423435106659f0cd0bc3e
EIA:DHHNGSP,U.S. EIA,physical_spot,Henry Hub physical spot,Henry Hub,2026-03-17T05:00:00.000000Z,2026-03-18T05:00:00.000000Z,3.14,USD/MMBtu,,2026-08-31T11:44:22.042198Z,2026-08-26,https://www.eia.gov/dnav/ng/hist/rngwhhdD.htm,eia_henry_hub_spot:1788176662042198000:3241dfb4a8883f486cfb073eb5161263d2da2c27ccb423435106659f0cd0bc3e
EIA:DHHNGSP,U.S. EIA,physical_spot,Henry Hub physical spot,Henry Hub,2026-03-18T05:00:00.000000Z,2026-03-19T05:00:00.000000Z,3.12,USD/MMBtu,,2026-08-31T11:44:22.042198Z,2026-08-26,https://www.eia.gov/dnav/ng/hist/rngwhhdD.htm,eia_henry_hub_spot:1788176662042198000:3241dfb4a8883f486cfb073eb5161263d2da2c27ccb423435106659f0cd0bc3e
EIA:DHHNGSP,U.S. EIA,physical_spot,Henry Hub physical spot,Henry Hub,2026-03-19T05:00:00.000000Z,2026-03-20T05:00:00.000000Z,3.21,USD/MMBtu,,2026-08-31T11:44:22.042198Z,2026-08-26,https://www.eia.gov/dnav/ng/hist/rngwhhdD.htm,eia_henry_hub_spot:1788176662042198000:3241dfb4a8883f486cfb073eb5161263d2da2c27ccb423435106659f0cd0bc3e
EIA:DHHNGSP,U.S. EIA,physical_spot,Henry Hub physical spot,Henry Hub,2026-03-20T05:00:00.000000Z,2026-03-21T05:00:00.000000Z,3.04,USD/MMBtu,,2026-08-31T11:44:22.042198Z,2026-08-26,https://www.eia.gov/dnav/ng/hist/rngwhhdD.htm,eia_henry_hub_spot:1788176662042198000:3241dfb4a8883f486cfb073eb5161263d2da2c27ccb423435106659f0cd0bc3e
EIA:DHHNGSP,U.S. EIA,physical_spot,Henry Hub physical spot,Henry Hub,2026-03-23T05:00:00.000000Z,2026-03-24T05:00:00.000000Z,2.94,USD/MMBtu,,2026-08-31T11:44:22.042198Z,2026-08-26,https://www.eia.gov/dnav/ng/hist/rngwhhdD.htm,eia_henry_hub_spot:1788176662042198000:3241dfb4a8883f486cfb073eb5161263d2da2c27ccb423435106659f0cd0bc3e
EIA:DHHNGSP,U.S. EIA,physical_spot,Henry Hub physical spot,Henry Hub,2026-03-24T05:00:00.000000Z,2026-03-25T05:00:00.000000Z,2.9,USD/MMBtu,,2026-08-31T11:44:22.042198Z,2026-08-26,https://www.eia.gov/dnav/ng/hist/rngwhhdD.htm,eia_henry_hub_spot:1788176662042198000:3241dfb4a8883f486cfb073eb5161263d2da2c27ccb423435106659f0cd0bc3e
EIA:DHHNGSP,U.S. EIA,physical_spot,Henry Hub physical spot,Henry Hub,2026-03-25T05:00:00.000000Z,2026-03-26T05:00:00.000000Z,2.94,USD/MMBtu,,2026-08-31T11:44:22.042198Z,2026-08-26,https://www.eia.gov/dnav/ng/hist/rngwhhdD.htm,eia_henry_hub_spot:1788176662042198000:3241dfb4a8883f486cfb073eb5161263d2da2c27ccb423435106659f0cd0bc3e
EIA:DHHNGSP,U.S. EIA,physical_spot,Henry Hub physical spot,Henry Hub,2026-03-26T05:00:00.000000Z,2026-03-27T05:00:00.000000Z,2.99,USD/MMBtu,,2026-08-31T11:44:22.042198Z,2026-08-26,https://www.eia.gov/dnav/ng/hist/rngwhhdD.htm,eia_henry_hub_spot:1788176662042198000:3241dfb4a8883f486cfb073eb5161263d2da2c27ccb423435106659f0cd0bc3e
EIA:DHHNGSP,U.S. EIA,physical_spot,Henry Hub physical spot,Henry Hub,2026-03-27T05:00:00.000000Z,2026-03-28T05:00:00.000000Z,2.99,USD/MMBtu,,2026-08-31T11:44:22.042198Z,2026-08-26,https://www.eia.gov/dnav/ng/hist/rngwhhdD.htm,eia_henry_hub_spot:1788176662042198000:3241dfb4a8883f486cfb073eb5161263d2da2c27ccb423435106659f0cd0bc3e
EIA:DHHNGSP,U.S. EIA,physical_spot,Henry Hub physical spot,Henry Hub,2026-03-30T05:00:00.000000Z,2026-03-31T05:00:00.000000Z,2.88,USD/MMBtu,,2026-08-31T11:44:22.042198Z,2026-08-26,https://www.eia.gov/dnav/ng/hist/rngwhhdD.htm,eia_henry_hub_spot:1788176662042198000:3241dfb4a8883f486cfb073eb5161263d2da2c27ccb423435106659f0cd0bc3e
EIA:DHHNGSP,U.S. EIA,physical_spot,Henry Hub physical spot,Henry Hub,2026-03-31T05:00:00.000000Z,2026-04-01T05:00:00.000000Z,2.88,USD/MMBtu,,2026-08-31T11:44:22.042198Z,2026-08-26,https://www.eia.gov/dnav/ng/hist/rngwhhdD.htm,eia_henry_hub_spot:1788176662042198000:3241dfb4a8883f486cfb073eb5161263d2da2c27ccb423435106659f0cd0bc3e
EIA:DHHNGSP,U.S. EIA,physical_spot,Henry Hub physical spot,Henry Hub,2026-04-01T05:00:00.000000Z,2026-04-02T05:00:00.000000Z,2.99,USD/MMBtu,,2026-08-31T11:44:22.042198Z,2026-08-26,https://www.eia.gov/dnav/ng/hist/rngwhhdD.htm,eia_henry_hub_spot:1788176662042198000:3241dfb4a8883f486cfb073eb5161263d2da2c27ccb423435106659f0cd0bc3e
EIA:DHHNGSP,U.S. EIA,physical_spot,Henry Hub physical spot,Henry Hub,2026-04-02T05:00:00.000000Z,2026-04-03T05:00:00.000000Z,2.86,USD/MMBtu,,2026-08-31T11:44:22.042198Z,2026-08-26,https://www.eia.gov/dnav/ng/hist/rngwhhdD.htm,eia_henry_hub_spot:1788176662042198000:3241dfb4a8883f486cfb073eb5161263d2da2c27ccb423435106659f0cd0bc3e
EIA:DHHNGSP,U.S. EIA,physical_spot,Henry Hub physical spot,Henry Hub,2026-04-06T05:00:00.000000Z,2026-04-07T05:00:00.000000Z,3.04,USD/MMBtu,,2026-08-31T11:44:22.042198Z,2026-08-26,https://www.eia.gov/dnav/ng/hist/rngwhhdD.htm,eia_henry_hub_spot:1788176662042198000:3241dfb4a8883f486cfb073eb5161263d2da2c27ccb423435106659f0cd0bc3e
EIA:DHHNGSP,U.S. EIA,physical_spot,Henry Hub physical spot,Henry Hub,2026-04-07T05:00:00.000000Z,2026-04-08T05:00:00.000000Z,3.01,USD/MMBtu,,2026-08-31T11:44:22.042198Z,2026-08-26,https://www.eia.gov/dnav/ng/hist/rngwhhdD.htm,eia_henry_hub_spot:1788176662042198000:3241dfb4a8883f486cfb073eb5161263d2da2c27ccb423435106659f0cd0bc3e
EIA:DHHNGSP,U.S. EIA,physical_spot,Henry Hub physical spot,Henry Hub,2026-04-08T05:00:00.000000Z,2026-04-09T05:00:00.000000Z,2.78,USD/MMBtu,,2026-08-31T11:44:22.042198Z,2026-08-26,https://www.eia.gov/dnav/ng/hist/rngwhhdD.htm,eia_henry_hub_spot:1788176662042198000:3241dfb4a8883f486cfb073eb5161263d2da2c27ccb423435106659f0cd0bc3e
EIA:DHHNGSP,U.S. EIA,physical_spot,Henry Hub physical spot,Henry Hub,2026-04-09T05:00:00.000000Z,2026-04-10T05:00:00.000000Z,2.78,USD/MMBtu,,2026-08-31T11:44:22.042198Z,2026-08-26,https://www.eia.gov/dnav/ng/hist/rngwhhdD.htm,eia_henry_hub_spot:1788176662042198000:3241dfb4a8883f486cfb073eb5161263d2da2c27ccb423435106659f0cd0bc3e
EIA:DHHNGSP,U.S. EIA,physical_spot,Henry Hub physical spot,Henry Hub,2026-04-10T05:00:00.000000Z,2026-04-11T05:00:00.000000Z,2.64,USD/MMBtu,,2026-08-31T11:44:22.042198Z,2026-08-26,https://www.eia.gov/dnav/ng/hist/rngwhhdD.htm,eia_henry_hub_spot:1788176662042198000:3241dfb4a8883f486cfb073eb5161263d2da2c27ccb423435106659f0cd0bc3e
EIA:DHHNGSP,U.S. EIA,physical_spot,Henry Hub physical spot,Henry Hub,2026-04-13T05:00:00.000000Z,2026-04-14T05:00:00.000000Z,2.79,USD/MMBtu,,2026-08-31T11:44:22.042198Z,2026-08-26,https://www.eia.gov/dnav/ng/hist/rngwhhdD.htm,eia_henry_hub_spot:1788176662042198000:3241dfb4a8883f486cfb073eb5161263d2da2c27ccb423435106659f0cd0bc3e
EIA:DHHNGSP,U.S. EIA,physical_spot,Henry Hub physical spot,Henry Hub,2026-04-14T05:00:00.000000Z,2026-04-15T05:00:00.000000Z,2.79,USD/MMBtu,,2026-08-31T11:44:22.042198Z,2026-08-26,https://www.eia.gov/dnav/ng/hist/rngwhhdD.htm,eia_henry_hub_spot:1788176662042198000:3241dfb4a8883f486cfb073eb5161263d2da2c27ccb423435106659f0cd0bc3e
EIA:DHHNGSP,U.S. EIA,physical_spot,Henry Hub physical spot,Henry Hub,2026-04-15T05:00:00.000000Z,2026-04-16T05:00:00.000000Z,2.78,USD/MMBtu,,2026-08-31T11:44:22.042198Z,2026-08-26,https://www.eia.gov/dnav/ng/hist/rngwhhdD.htm,eia_henry_hub_spot:1788176662042198000:3241dfb4a8883f486cfb073eb5161263d2da2c27ccb423435106659f0cd0bc3e
EIA:DHHNGSP,U.S. EIA,physical_spot,Henry Hub physical spot,Henry Hub,2026-04-16T05:00:00.000000Z,2026-04-17T05:00:00.000000Z,2.78,USD/MMBtu,,2026-08-31T11:44:22.042198Z,2026-08-26,https://www.eia.gov/dnav/ng/hist/rngwhhdD.htm,eia_henry_hub_spot:1788176662042198000:3241dfb4a8883f486cfb073eb5161263d2da2c27ccb423435106659f0cd0bc3e
EIA:DHHNGSP,U.S. EIA,physical_spot,Henry Hub physical spot,Henry Hub,2026-04-17T05:00:00.000000Z,2026-04-18T05:00:00.000000Z,2.71,USD/MMBtu,,2026-08-31T11:44:22.042198Z,2026-08-26,https://www.eia.gov/dnav/ng/hist/rngwhhdD.htm,eia_henry_hub_spot:1788176662042198000:3241dfb4a8883f486cfb073eb5161263d2da2c27ccb423435106659f0cd0bc3e
EIA:DHHNGSP,U.S. EIA,physical_spot,Henry Hub physical spot,Henry Hub,2026-04-20T05:00:00.000000Z,2026-04-21T05:00:00.000000Z,2.81,USD/MMBtu,,2026-08-31T11:44:22.042198Z,2026-08-26,https://www.eia.gov/dnav/ng/hist/rngwhhdD.htm,eia_henry_hub_spot:1788176662042198000:3241dfb4a8883f486cfb073eb5161263d2da2c27ccb423435106659f0cd0bc3e
EIA:DHHNGSP,U.S. EIA,physical_spot,Henry Hub physical spot,Henry Hub,2026-04-21T05:00:00.000000Z,2026-04-22T05:00:00.000000Z,2.76,USD/MMBtu,,2026-08-31T11:44:22.042198Z,2026-08-26,https://www.eia.gov/dnav/ng/hist/rngwhhdD.htm,eia_henry_hub_spot:1788176662042198000:3241dfb4a8883f486cfb073eb5161263d2da2c27ccb423435106659f0cd0bc3e
EIA:DHHNGSP,U.S. EIA,physical_spot,Henry Hub physical spot,Henry Hub,2026-04-22T05:00:00.000000Z,2026-04-23T05:00:00.000000Z,2.75,USD/MMBtu,,2026-08-31T11:44:22.042198Z,2026-08-26,https://www.eia.gov/dnav/ng/hist/rngwhhdD.htm,eia_henry_hub_spot:1788176662042198000:3241dfb4a8883f486cfb073eb5161263d2da2c27ccb423435106659f0cd0bc3e
EIA:DHHNGSP,U.S. EIA,physical_spot,Henry Hub physical spot,Henry Hub,2026-04-23T05:00:00.000000Z,2026-04-24T05:00:00.000000Z,2.65,USD/MMBtu,,2026-08-31T11:44:22.042198Z,2026-08-26,https://www.eia.gov/dnav/ng/hist/rngwhhdD.htm,eia_henry_hub_spot:1788176662042198000:3241dfb4a8883f486cfb073eb5161263d2da2c27ccb423435106659f0cd0bc3e
EIA:DHHNGSP,U.S. EIA,physical_spot,Henry Hub physical spot,Henry Hub,2026-04-24T05:00:00.000000Z,2026-04-25T05:00:00.000000Z,2.54,USD/MMBtu,,2026-08-31T11:44:22.042198Z,2026-08-26,https://www.eia.gov/dnav/ng/hist/rngwhhdD.htm,eia_henry_hub_spot:1788176662042198000:3241dfb4a8883f486cfb073eb5161263d2da2c27ccb423435106659f0cd0bc3e
EIA:DHHNGSP,U.S. EIA,physical_spot,Henry Hub physical spot,Henry Hub,2026-04-27T05:00:00.000000Z,2026-04-28T05:00:00.000000Z,2.72,USD/MMBtu,,2026-08-31T11:44:22.042198Z,2026-08-26,https://www.eia.gov/dnav/ng/hist/rngwhhdD.htm,eia_henry_hub_spot:1788176662042198000:3241dfb4a8883f486cfb073eb5161263d2da2c27ccb423435106659f0cd0bc3e
EIA:DHHNGSP,U.S. EIA,physical_spot,Henry Hub physical spot,Henry Hub,2026-04-28T05:00:00.000000Z,2026-04-29T05:00:00.000000Z,2.7,USD/MMBtu,,2026-08-31T11:44:22.042198Z,2026-08-26,https://www.eia.gov/dnav/ng/hist/rngwhhdD.htm,eia_henry_hub_spot:1788176662042198000:3241dfb4a8883f486cfb073eb5161263d2da2c27ccb423435106659f0cd0bc3e
EIA:DHHNGSP,U.S. EIA,physical_spot,Henry Hub physical spot,Henry Hub,2026-04-29T05:00:00.000000Z,2026-04-30T05:00:00.000000Z,2.6,USD/MMBtu,,2026-08-31T11:44:22.042198Z,2026-08-26,https://www.eia.gov/dnav/ng/hist/rngwhhdD.htm,eia_henry_hub_spot:1788176662042198000:3241dfb4a8883f486cfb073eb5161263d2da2c27ccb423435106659f0cd0bc3e
EIA:DHHNGSP,U.S. EIA,physical_spot,Henry Hub physical spot,Henry Hub,2026-04-30T05:00:00.000000Z,2026-05-01T05:00:00.000000Z,2.64,USD/MMBtu,,2026-08-31T11:44:22.042198Z,2026-08-26,https://www.eia.gov/dnav/ng/hist/rngwhhdD.htm,eia_henry_hub_spot:1788176662042198000:3241dfb4a8883f486cfb073eb5161263d2da2c27ccb423435106659f0cd0bc3e
EIA:DHHNGSP,U.S. EIA,physical_spot,Henry Hub physical spot,Henry Hub,2026-05-01T05:00:00.000000Z,2026-05-02T05:00:00.000000Z,2.63,USD/MMBtu,,2026-08-31T11:44:22.042198Z,2026-08-26,https://www.eia.gov/dnav/ng/hist/rngwhhdD.htm,eia_henry_hub_spot:1788176662042198000:3241dfb4a8883f486cfb073eb5161263d2da2c27ccb423435106659f0cd0bc3e
EIA:DHHNGSP,U.S. EIA,physical_spot,Henry Hub physical spot,Henry Hub,2026-05-04T05:00:00.000000Z,2026-05-05T05:00:00.000000Z,2.67,USD/MMBtu,,2026-08-31T11:44:22.042198Z,2026-08-26,https://www.eia.gov/dnav/ng/hist/rngwhhdD.htm,eia_henry_hub_spot:1788176662042198000:3241dfb4a8883f486cfb073eb5161263d2da2c27ccb423435106659f0cd0bc3e
EIA:DHHNGSP,U.S. EIA,physical_spot,Henry Hub physical spot,Henry Hub,2026-05-05T05:00:00.000000Z,2026-05-06T05:00:00.000000Z,2.83,USD/MMBtu,,2026-08-31T11:44:22.042198Z,2026-08-26,https://www.eia.gov/dnav/ng/hist/rngwhhdD.htm,eia_henry_hub_spot:1788176662042198000:3241dfb4a8883f486cfb073eb5161263d2da2c27ccb423435106659f0cd0bc3e
EIA:DHHNGSP,U.S. EIA,physical_spot,Henry Hub physical spot,Henry Hub,2026-05-06T05:00:00.000000Z,2026-05-07T05:00:00.000000Z,2.75,USD/MMBtu,,2026-08-31T11:44:22.042198Z,2026-08-26,https://www.eia.gov/dnav/ng/hist/rngwhhdD.htm,eia_henry_hub_spot:1788176662042198000:3241dfb4a8883f486cfb073eb5161263d2da2c27ccb423435106659f0cd0bc3e
EIA:DHHNGSP,U.S. EIA,physical_spot,Henry Hub physical spot,Henry Hub,2026-05-07T05:00:00.000000Z,2026-05-08T05:00:00.000000Z,2.7,USD/MMBtu,,2026-08-31T11:44:22.042198Z,2026-08-26,https://www.eia.gov/dnav/ng/hist/rngwhhdD.htm,eia_henry_hub_spot:1788176662042198000:3241dfb4a8883f486cfb073eb5161263d2da2c27ccb423435106659f0cd0bc3e
EIA:DHHNGSP,U.S. EIA,physical_spot,Henry Hub physical spot,Henry Hub,2026-05-08T05:00:00.000000Z,2026-05-09T05:00:00.000000Z,2.75,USD/MMBtu,,2026-08-31T11:44:22.042198Z,2026-08-26,https://www.eia.gov/dnav/ng/hist/rngwhhdD.htm,eia_henry_hub_spot:1788176662042198000:3241dfb4a8883f486cfb073eb5161263d2da2c27ccb423435106659f0cd0bc3e
EIA:DHHNGSP,U.S. EIA,physical_spot,Henry Hub physical spot,Henry Hub,2026-05-11T05:00:00.000000Z,2026-05-12T05:00:00.000000Z,2.82,USD/MMBtu,,2026-08-31T11:44:22.042198Z,2026-08-26,https://www.eia.gov/dnav/ng/hist/rngwhhdD.htm,eia_henry_hub_spot:1788176662042198000:3241dfb4a8883f486cfb073eb5161263d2da2c27ccb423435106659f0cd0bc3e
EIA:DHHNGSP,U.S. EIA,physical_spot,Henry Hub physical spot,Henry Hub,2026-05-12T05:00:00.000000Z,2026-05-13T05:00:00.000000Z,2.91,USD/MMBtu,,2026-08-31T11:44:22.042198Z,2026-08-26,https://www.eia.gov/dnav/ng/hist/rngwhhdD.htm,eia_henry_hub_spot:1788176662042198000:3241dfb4a8883f486cfb073eb5161263d2da2c27ccb423435106659f0cd0bc3e
EIA:DHHNGSP,U.S. EIA,physical_spot,Henry Hub physical spot,Henry Hub,2026-05-13T05:00:00.000000Z,2026-05-14T05:00:00.000000Z,2.88,USD/MMBtu,,2026-08-31T11:44:22.042198Z,2026-08-26,https://www.eia.gov/dnav/ng/hist/rngwhhdD.htm,eia_henry_hub_spot:1788176662042198000:3241dfb4a8883f486cfb073eb5161263d2da2c27ccb423435106659f0cd0bc3e
EIA:DHHNGSP,U.S. EIA,physical_spot,Henry Hub physical spot,Henry Hub,2026-05-14T05:00:00.000000Z,2026-05-15T05:00:00.000000Z,2.79,USD/MMBtu,,2026-08-31T11:44:22.042198Z,2026-08-26,https://www.eia.gov/dnav/ng/hist/rngwhhdD.htm,eia_henry_hub_spot:1788176662042198000:3241dfb4a8883f486cfb073eb5161263d2da2c27ccb423435106659f0cd0bc3e
EIA:DHHNGSP,U.S. EIA,physical_spot,Henry Hub physical spot,Henry Hub,2026-05-15T05:00:00.000000Z,2026-05-16T05:00:00.000000Z,2.89,USD/MMBtu,,2026-08-31T11:44:22.042198Z,2026-08-26,https://www.eia.gov/dnav/ng/hist/rngwhhdD.htm,eia_henry_hub_spot:1788176662042198000:3241dfb4a8883f486cfb073eb5161263d2da2c27ccb423435106659f0cd0bc3e
EIA:DHHNGSP,U.S. EIA,physical_spot,Henry Hub physical spot,Henry Hub,2026-05-18T05:00:00.000000Z,2026-05-19T05:00:00.000000Z,3.07,USD/MMBtu,,2026-08-31T11:44:22.042198Z,2026-08-26,https://www.eia.gov/dnav/ng/hist/rngwhhdD.htm,eia_henry_hub_spot:1788176662042198000:3241dfb4a8883f486cfb073eb5161263d2da2c27ccb423435106659f0cd0bc3e
EIA:DHHNGSP,U.S. EIA,physical_spot,Henry Hub physical spot,Henry Hub,2026-05-19T05:00:00.000000Z,2026-05-20T05:00:00.000000Z,3.23,USD/MMBtu,,2026-08-31T11:44:22.042198Z,2026-08-26,https://www.eia.gov/dnav/ng/hist/rngwhhdD.htm,eia_henry_hub_spot:1788176662042198000:3241dfb4a8883f486cfb073eb5161263d2da2c27ccb423435106659f0cd0bc3e
EIA:DHHNGSP,U.S. EIA,physical_spot,Henry Hub physical spot,Henry Hub,2026-05-20T05:00:00.000000Z,2026-05-21T05:00:00.000000Z,3.18,USD/MMBtu,,2026-08-31T11:44:22.042198Z,2026-08-26,https://www.eia.gov/dnav/ng/hist/rngwhhdD.htm,eia_henry_hub_spot:1788176662042198000:3241dfb4a8883f486cfb073eb5161263d2da2c27ccb423435106659f0cd0bc3e
EIA:DHHNGSP,U.S. EIA,physical_spot,Henry Hub physical spot,Henry Hub,2026-05-21T05:00:00.000000Z,2026-05-22T05:00:00.000000Z,3.14,USD/MMBtu,,2026-08-31T11:44:22.042198Z,2026-08-26,https://www.eia.gov/dnav/ng/hist/rngwhhdD.htm,eia_henry_hub_spot:1788176662042198000:3241dfb4a8883f486cfb073eb5161263d2da2c27ccb423435106659f0cd0bc3e
EIA:DHHNGSP,U.S. EIA,physical_spot,Henry Hub physical spot,Henry Hub,2026-05-22T05:00:00.000000Z,2026-05-23T05:00:00.000000Z,2.92,USD/MMBtu,,2026-08-31T11:44:22.042198Z,2026-08-26,https://www.eia.gov/dnav/ng/hist/rngwhhdD.htm,eia_henry_hub_spot:1788176662042198000:3241dfb4a8883f486cfb073eb5161263d2da2c27ccb423435106659f0cd0bc3e
EIA:DHHNGSP,U.S. EIA,physical_spot,Henry Hub physical spot,Henry Hub,2026-05-26T05:00:00.000000Z,2026-05-27T05:00:00.000000Z,3.1,USD/MMBtu,,2026-08-31T11:44:22.042198Z,2026-08-26,https://www.eia.gov/dnav/ng/hist/rngwhhdD.htm,eia_henry_hub_spot:1788176662042198000:3241dfb4a8883f486cfb073eb5161263d2da2c27ccb423435106659f0cd0bc3e
EIA:DHHNGSP,U.S. EIA,physical_spot,Henry Hub physical spot,Henry Hub,2026-05-27T05:00:00.000000Z,2026-05-28T05:00:00.000000Z,3.13,USD/MMBtu,,2026-08-31T11:44:22.042198Z,2026-08-26,https://www.eia.gov/dnav/ng/hist/rngwhhdD.htm,eia_henry_hub_spot:1788176662042198000:3241dfb4a8883f486cfb073eb5161263d2da2c27ccb423435106659f0cd0bc3e
EIA:DHHNGSP,U.S. EIA,physical_spot,Henry Hub physical spot,Henry Hub,2026-05-28T05:00:00.000000Z,2026-05-29T05:00:00.000000Z,3.04,USD/MMBtu,,2026-08-31T11:44:22.042198Z,2026-08-26,https://www.eia.gov/dnav/ng/hist/rngwhhdD.htm,eia_henry_hub_spot:1788176662042198000:3241dfb4a8883f486cfb073eb5161263d2da2c27ccb423435106659f0cd0bc3e
EIA:DHHNGSP,U.S. EIA,physical_spot,Henry Hub physical spot,Henry Hub,2026-05-29T05:00:00.000000Z,2026-05-30T05:00:00.000000Z,3.34,USD/MMBtu,,2026-08-31T11:44:22.042198Z,2026-08-26,https://www.eia.gov/dnav/ng/hist/rngwhhdD.htm,eia_henry_hub_spot:1788176662042198000:3241dfb4a8883f486cfb073eb5161263d2da2c27ccb423435106659f0cd0bc3e
EIA:DHHNGSP,U.S. EIA,physical_spot,Henry Hub physical spot,Henry Hub,2026-06-01T05:00:00.000000Z,2026-06-02T05:00:00.000000Z,3.07,USD/MMBtu,,2026-08-31T11:44:22.042198Z,2026-08-26,https://www.eia.gov/dnav/ng/hist/rngwhhdD.htm,eia_henry_hub_spot:1788176662042198000:3241dfb4a8883f486cfb073eb5161263d2da2c27ccb423435106659f0cd0bc3e
EIA:DHHNGSP,U.S. EIA,physical_spot,Henry Hub physical spot,Henry Hub,2026-06-02T05:00:00.000000Z,2026-06-03T05:00:00.000000Z,2.97,USD/MMBtu,,2026-08-31T11:44:22.042198Z,2026-08-26,https://www.eia.gov/dnav/ng/hist/rngwhhdD.htm,eia_henry_hub_spot:1788176662042198000:3241dfb4a8883f486cfb073eb5161263d2da2c27ccb423435106659f0cd0bc3e
EIA:DHHNGSP,U.S. EIA,physical_spot,Henry Hub physical spot,Henry Hub,2026-06-03T05:00:00.000000Z,2026-06-04T05:00:00.000000Z,2.97,USD/MMBtu,,2026-08-31T11:44:22.042198Z,2026-08-26,https://www.eia.gov/dnav/ng/hist/rngwhhdD.htm,eia_henry_hub_spot:1788176662042198000:3241dfb4a8883f486cfb073eb5161263d2da2c27ccb423435106659f0cd0bc3e
EIA:DHHNGSP,U.S. EIA,physical_spot,Henry Hub physical spot,Henry Hub,2026-06-04T05:00:00.000000Z,2026-06-05T05:00:00.000000Z,3.08,USD/MMBtu,,2026-08-31T11:44:22.042198Z,2026-08-26,https://www.eia.gov/dnav/ng/hist/rngwhhdD.htm,eia_henry_hub_spot:1788176662042198000:3241dfb4a8883f486cfb073eb5161263d2da2c27ccb423435106659f0cd0bc3e
EIA:DHHNGSP,U.S. EIA,physical_spot,Henry Hub physical spot,Henry Hub,2026-06-05T05:00:00.000000Z,2026-06-06T05:00:00.000000Z,3.05,USD/MMBtu,,2026-08-31T11:44:22.042198Z,2026-08-26,https://www.eia.gov/dnav/ng/hist/rngwhhdD.htm,eia_henry_hub_spot:1788176662042198000:3241dfb4a8883f486cfb073eb5161263d2da2c27ccb423435106659f0cd0bc3e
EIA:DHHNGSP,U.S. EIA,physical_spot,Henry Hub physical spot,Henry Hub,2026-06-08T05:00:00.000000Z,2026-06-09T05:00:00.000000Z,3.1,USD/MMBtu,,2026-08-31T11:44:22.042198Z,2026-08-26,https://www.eia.gov/dnav/ng/hist/rngwhhdD.htm,eia_henry_hub_spot:1788176662042198000:3241dfb4a8883f486cfb073eb5161263d2da2c27ccb423435106659f0cd0bc3e
EIA:DHHNGSP,U.S. EIA,physical_spot,Henry Hub physical spot,Henry Hub,2026-06-09T05:00:00.000000Z,2026-06-10T05:00:00.000000Z,3.18,USD/MMBtu,,2026-08-31T11:44:22.042198Z,2026-08-26,https://www.eia.gov/dnav/ng/hist/rngwhhdD.htm,eia_henry_hub_spot:1788176662042198000:3241dfb4a8883f486cfb073eb5161263d2da2c27ccb423435106659f0cd0bc3e
EIA:DHHNGSP,U.S. EIA,physical_spot,Henry Hub physical spot,Henry Hub,2026-06-10T05:00:00.000000Z,2026-06-11T05:00:00.000000Z,3.27,USD/MMBtu,,2026-08-31T11:44:22.042198Z,2026-08-26,https://www.eia.gov/dnav/ng/hist/rngwhhdD.htm,eia_henry_hub_spot:1788176662042198000:3241dfb4a8883f486cfb073eb5161263d2da2c27ccb423435106659f0cd0bc3e
EIA:DHHNGSP,U.S. EIA,physical_spot,Henry Hub physical spot,Henry Hub,2026-06-11T05:00:00.000000Z,2026-06-12T05:00:00.000000Z,3.16,USD/MMBtu,,2026-08-31T11:44:22.042198Z,2026-08-26,https://www.eia.gov/dnav/ng/hist/rngwhhdD.htm,eia_henry_hub_spot:1788176662042198000:3241dfb4a8883f486cfb073eb5161263d2da2c27ccb423435106659f0cd0bc3e
EIA:DHHNGSP,U.S. EIA,physical_spot,Henry Hub physical spot,Henry Hub,2026-06-12T05:00:00.000000Z,2026-06-13T05:00:00.000000Z,3.06,USD/MMBtu,,2026-08-31T11:44:22.042198Z,2026-08-26,https://www.eia.gov/dnav/ng/hist/rngwhhdD.htm,eia_henry_hub_spot:1788176662042198000:3241dfb4a8883f486cfb073eb5161263d2da2c27ccb423435106659f0cd0bc3e
EIA:DHHNGSP,U.S. EIA,physical_spot,Henry Hub physical spot,Henry Hub,2026-06-15T05:00:00.000000Z,2026-06-16T05:00:00.000000Z,3.06,USD/MMBtu,,2026-08-31T11:44:22.042198Z,2026-08-26,https://www.eia.gov/dnav/ng/hist/rngwhhdD.htm,eia_henry_hub_spot:1788176662042198000:3241dfb4a8883f486cfb073eb5161263d2da2c27ccb423435106659f0cd0bc3e
EIA:DHHNGSP,U.S. EIA,physical_spot,Henry Hub physical spot,Henry Hub,2026-06-16T05:00:00.000000Z,2026-06-17T05:00:00.000000Z,3.1,USD/MMBtu,,2026-08-31T11:44:22.042198Z,2026-08-26,https://www.eia.gov/dnav/ng/hist/rngwhhdD.htm,eia_henry_hub_spot:1788176662042198000:3241dfb4a8883f486cfb073eb5161263d2da2c27ccb423435106659f0cd0bc3e
EIA:DHHNGSP,U.S. EIA,physical_spot,Henry Hub physical spot,Henry Hub,2026-06-17T05:00:00.000000Z,2026-06-18T05:00:00.000000Z,3.25,USD/MMBtu,,2026-08-31T11:44:22.042198Z,2026-08-26,https://www.eia.gov/dnav/ng/hist/rngwhhdD.htm,eia_henry_hub_spot:1788176662042198000:3241dfb4a8883f486cfb073eb5161263d2da2c27ccb423435106659f0cd0bc3e
EIA:DHHNGSP,U.S. EIA,physical_spot,Henry Hub physical spot,Henry Hub,2026-06-18T05:00:00.000000Z,2026-06-19T05:00:00.000000Z,3.08,USD/MMBtu,,2026-08-31T11:44:22.042198Z,2026-08-26,https://www.eia.gov/dnav/ng/hist/rngwhhdD.htm,eia_henry_hub_spot:1788176662042198000:3241dfb4a8883f486cfb073eb5161263d2da2c27ccb423435106659f0cd0bc3e
EIA:DHHNGSP,U.S. EIA,physical_spot,Henry Hub physical spot,Henry Hub,2026-06-22T05:00:00.000000Z,2026-06-23T05:00:00.000000Z,3.16,USD/MMBtu,,2026-08-31T11:44:22.042198Z,2026-08-26,https://www.eia.gov/dnav/ng/hist/rngwhhdD.htm,eia_henry_hub_spot:1788176662042198000:3241dfb4a8883f486cfb073eb5161263d2da2c27ccb423435106659f0cd0bc3e
EIA:DHHNGSP,U.S. EIA,physical_spot,Henry Hub physical spot,Henry Hub,2026-06-23T05:00:00.000000Z,2026-06-24T05:00:00.000000Z,3.15,USD/MMBtu,,2026-08-31T11:44:22.042198Z,2026-08-26,https://www.eia.gov/dnav/ng/hist/rngwhhdD.htm,eia_henry_hub_spot:1788176662042198000:3241dfb4a8883f486cfb073eb5161263d2da2c27ccb423435106659f0cd0bc3e
EIA:DHHNGSP,U.S. EIA,physical_spot,Henry Hub physical spot,Henry Hub,2026-06-24T05:00:00.000000Z,2026-06-25T05:00:00.000000Z,3.19,USD/MMBtu,,2026-08-31T11:44:22.042198Z,2026-08-26,https://www.eia.gov/dnav/ng/hist/rngwhhdD.htm,eia_henry_hub_spot:1788176662042198000:3241dfb4a8883f486cfb073eb5161263d2da2c27ccb423435106659f0cd0bc3e
EIA:DHHNGSP,U.S. EIA,physical_spot,Henry Hub physical spot,Henry Hub,2026-06-25T05:00:00.000000Z,2026-06-26T05:00:00.000000Z,3.21,USD/MMBtu,,2026-08-31T11:44:22.042198Z,2026-08-26,https://www.eia.gov/dnav/ng/hist/rngwhhdD.htm,eia_henry_hub_spot:1788176662042198000:3241dfb4a8883f486cfb073eb5161263d2da2c27ccb423435106659f0cd0bc3e
EIA:DHHNGSP,U.S. EIA,physical_spot,Henry Hub physical spot,Henry Hub,2026-06-26T05:00:00.000000Z,2026-06-27T05:00:00.000000Z,3.26,USD/MMBtu,,2026-08-31T11:44:22.042198Z,2026-08-26,https://www.eia.gov/dnav/ng/hist/rngwhhdD.htm,eia_henry_hub_spot:1788176662042198000:3241dfb4a8883f486cfb073eb5161263d2da2c27ccb423435106659f0cd0bc3e
EIA:DHHNGSP,U.S. EIA,physical_spot,Henry Hub physical spot,Henry Hub,2026-06-29T05:00:00.000000Z,2026-06-30T05:00:00.000000Z,3.33,USD/MMBtu,,2026-08-31T11:44:22.042198Z,2026-08-26,https://www.eia.gov/dnav/ng/hist/rngwhhdD.htm,eia_henry_hub_spot:1788176662042198000:3241dfb4a8883f486cfb073eb5161263d2da2c27ccb423435106659f0cd0bc3e
EIA:DHHNGSP,U.S. EIA,physical_spot,Henry Hub physical spot,Henry Hub,2026-06-30T05:00:00.000000Z,2026-07-01T05:00:00.000000Z,3.34,USD/MMBtu,,2026-08-31T11:44:22.042198Z,2026-08-26,https://www.eia.gov/dnav/ng/hist/rngwhhdD.htm,eia_henry_hub_spot:1788176662042198000:3241dfb4a8883f486cfb073eb5161263d2da2c27ccb423435106659f0cd0bc3e
EIA:DHHNGSP,U.S. EIA,physical_spot,Henry Hub physical spot,Henry Hub,2026-07-01T05:00:00.000000Z,2026-07-02T05:00:00.000000Z,3.34,USD/MMBtu,,2026-08-31T11:44:22.042198Z,2026-08-26,https://www.eia.gov/dnav/ng/hist/rngwhhdD.htm,eia_henry_hub_spot:1788176662042198000:3241dfb4a8883f486cfb073eb5161263d2da2c27ccb423435106659f0cd0bc3e
EIA:DHHNGSP,U.S. EIA,physical_spot,Henry Hub physical spot,Henry Hub,2026-07-02T05:00:00.000000Z,2026-07-03T05:00:00.000000Z,3.34,USD/MMBtu,,2026-08-31T11:44:22.042198Z,2026-08-26,https://www.eia.gov/dnav/ng/hist/rngwhhdD.htm,eia_henry_hub_spot:1788176662042198000:3241dfb4a8883f486cfb073eb5161263d2da2c27ccb423435106659f0cd0bc3e
EIA:DHHNGSP,U.S. EIA,physical_spot,Henry Hub physical spot,Henry Hub,2026-07-06T05:00:00.000000Z,2026-07-07T05:00:00.000000Z,3.29,USD/MMBtu,,2026-08-31T11:44:22.042198Z,2026-08-26,https://www.eia.gov/dnav/ng/hist/rngwhhdD.htm,eia_henry_hub_spot:1788176662042198000:3241dfb4a8883f486cfb073eb5161263d2da2c27ccb423435106659f0cd0bc3e
EIA:DHHNGSP,U.S. EIA,physical_spot,Henry Hub physical spot,Henry Hub,2026-07-07T05:00:00.000000Z,2026-07-08T05:00:00.000000Z,3.13,USD/MMBtu,,2026-08-31T11:44:22.042198Z,2026-08-26,https://www.eia.gov/dnav/ng/hist/rngwhhdD.htm,eia_henry_hub_spot:1788176662042198000:3241dfb4a8883f486cfb073eb5161263d2da2c27ccb423435106659f0cd0bc3e
EIA:DHHNGSP,U.S. EIA,physical_spot,Henry Hub physical spot,Henry Hub,2026-07-08T05:00:00.000000Z,2026-07-09T05:00:00.000000Z,3.13,USD/MMBtu,,2026-08-31T11:44:22.042198Z,2026-08-26,https://www.eia.gov/dnav/ng/hist/rngwhhdD.htm,eia_henry_hub_spot:1788176662042198000:3241dfb4a8883f486cfb073eb5161263d2da2c27ccb423435106659f0cd0bc3e
EIA:DHHNGSP,U.S. EIA,physical_spot,Henry Hub physical spot,Henry Hub,2026-07-09T05:00:00.000000Z,2026-07-10T05:00:00.000000Z,3.17,USD/MMBtu,,2026-08-31T11:44:22.042198Z,2026-08-26,https://www.eia.gov/dnav/ng/hist/rngwhhdD.htm,eia_henry_hub_spot:1788176662042198000:3241dfb4a8883f486cfb073eb5161263d2da2c27ccb423435106659f0cd0bc3e
EIA:DHHNGSP,U.S. EIA,physical_spot,Henry Hub physical spot,Henry Hub,2026-07-10T05:00:00.000000Z,2026-07-11T05:00:00.000000Z,2.73,USD/MMBtu,,2026-08-31T11:44:22.042198Z,2026-08-26,https://www.eia.gov/dnav/ng/hist/rngwhhdD.htm,eia_henry_hub_spot:1788176662042198000:3241dfb4a8883f486cfb073eb5161263d2da2c27ccb423435106659f0cd0bc3e
EIA:DHHNGSP,U.S. EIA,physical_spot,Henry Hub physical spot,Henry Hub,2026-07-13T05:00:00.000000Z,2026-07-14T05:00:00.000000Z,2.83,USD/MMBtu,,2026-08-31T11:44:22.042198Z,2026-08-26,https://www.eia.gov/dnav/ng/hist/rngwhhdD.htm,eia_henry_hub_spot:1788176662042198000:3241dfb4a8883f486cfb073eb5161263d2da2c27ccb423435106659f0cd0bc3e
EIA:DHHNGSP,U.S. EIA,physical_spot,Henry Hub physical spot,Henry Hub,2026-07-14T05:00:00.000000Z,2026-07-15T05:00:00.000000Z,2.76,USD/MMBtu,,2026-08-31T11:44:22.042198Z,2026-08-26,https://www.eia.gov/dnav/ng/hist/rngwhhdD.htm,eia_henry_hub_spot:1788176662042198000:3241dfb4a8883f486cfb073eb5161263d2da2c27ccb423435106659f0cd0bc3e
EIA:DHHNGSP,U.S. EIA,physical_spot,Henry Hub physical spot,Henry Hub,2026-07-15T05:00:00.000000Z,2026-07-16T05:00:00.000000Z,2.8,USD/MMBtu,,2026-08-31T11:44:22.042198Z,2026-08-26,https://www.eia.gov/dnav/ng/hist/rngwhhdD.htm,eia_henry_hub_spot:1788176662042198000:3241dfb4a8883f486cfb073eb5161263d2da2c27ccb423435106659f0cd0bc3e
EIA:DHHNGSP,U.S. EIA,physical_spot,Henry Hub physical spot,Henry Hub,2026-07-16T05:00:00.000000Z,2026-07-17T05:00:00.000000Z,2.83,USD/MMBtu,,2026-08-31T11:44:22.042198Z,2026-08-26,https://www.eia.gov/dnav/ng/hist/rngwhhdD.htm,eia_henry_hub_spot:1788176662042198000:3241dfb4a8883f486cfb073eb5161263d2da2c27ccb423435106659f0cd0bc3e
EIA:DHHNGSP,U.S. EIA,physical_spot,Henry Hub physical spot,Henry Hub,2026-07-17T05:00:00.000000Z,2026-07-18T05:00:00.000000Z,2.75,USD/MMBtu,,2026-08-31T11:44:22.042198Z,2026-08-26,https://www.eia.gov/dnav/ng/hist/rngwhhdD.htm,eia_henry_hub_spot:1788176662042198000:3241dfb4a8883f486cfb073eb5161263d2da2c27ccb423435106659f0cd0bc3e
EIA:DHHNGSP,U.S. EIA,physical_spot,Henry Hub physical spot,Henry Hub,2026-07-20T05:00:00.000000Z,2026-07-21T05:00:00.000000Z,2.8,USD/MMBtu,,2026-08-31T11:44:22.042198Z,2026-08-26,https://www.eia.gov/dnav/ng/hist/rngwhhdD.htm,eia_henry_hub_spot:1788176662042198000:3241dfb4a8883f486cfb073eb5161263d2da2c27ccb423435106659f0cd0bc3e
EIA:DHHNGSP,U.S. EIA,physical_spot,Henry Hub physical spot,Henry Hub,2026-07-21T05:00:00.000000Z,2026-07-22T05:00:00.000000Z,2.8,USD/MMBtu,,2026-08-31T11:44:22.042198Z,2026-08-26,https://www.eia.gov/dnav/ng/hist/rngwhhdD.htm,eia_henry_hub_spot:1788176662042198000:3241dfb4a8883f486cfb073eb5161263d2da2c27ccb423435106659f0cd0bc3e
EIA:DHHNGSP,U.S. EIA,physical_spot,Henry Hub physical spot,Henry Hub,2026-07-22T05:00:00.000000Z,2026-07-23T05:00:00.000000Z,2.93,USD/MMBtu,,2026-08-31T11:44:22.042198Z,2026-08-26,https://www.eia.gov/dnav/ng/hist/rngwhhdD.htm,eia_henry_hub_spot:1788176662042198000:3241dfb4a8883f486cfb073eb5161263d2da2c27ccb423435106659f0cd0bc3e
EIA:DHHNGSP,U.S. EIA,physical_spot,Henry Hub physical spot,Henry Hub,2026-07-23T05:00:00.000000Z,2026-07-24T05:00:00.000000Z,2.92,USD/MMBtu,,2026-08-31T11:44:22.042198Z,2026-08-26,https://www.eia.gov/dnav/ng/hist/rngwhhdD.htm,eia_henry_hub_spot:1788176662042198000:3241dfb4a8883f486cfb073eb5161263d2da2c27ccb423435106659f0cd0bc3e
EIA:DHHNGSP,U.S. EIA,physical_spot,Henry Hub physical spot,Henry Hub,2026-07-24T05:00:00.000000Z,2026-07-25T05:00:00.000000Z,2.87,USD/MMBtu,,2026-08-31T11:44:22.042198Z,2026-08-26,https://www.eia.gov/dnav/ng/hist/rngwhhdD.htm,eia_henry_hub_spot:1788176662042198000:3241dfb4a8883f486cfb073eb5161263d2da2c27ccb423435106659f0cd0bc3e
EIA:DHHNGSP,U.S. EIA,physical_spot,Henry Hub physical spot,Henry Hub,2026-07-27T05:00:00.000000Z,2026-07-28T05:00:00.000000Z,2.63,USD/MMBtu,,2026-08-31T11:44:22.042198Z,2026-08-26,https://www.eia.gov/dnav/ng/hist/rngwhhdD.htm,eia_henry_hub_spot:1788176662042198000:3241dfb4a8883f486cfb073eb5161263d2da2c27ccb423435106659f0cd0bc3e
EIA:DHHNGSP,U.S. EIA,physical_spot,Henry Hub physical spot,Henry Hub,2026-07-28T05:00:00.000000Z,2026-07-29T05:00:00.000000Z,2.65,USD/MMBtu,,2026-08-31T11:44:22.042198Z,2026-08-26,https://www.eia.gov/dnav/ng/hist/rngwhhdD.htm,eia_henry_hub_spot:1788176662042198000:3241dfb4a8883f486cfb073eb5161263d2da2c27ccb423435106659f0cd0bc3e
EIA:DHHNGSP,U.S. EIA,physical_spot,Henry Hub physical spot,Henry Hub,2026-07-29T05:00:00.000000Z,2026-07-30T05:00:00.000000Z,2.58,USD/MMBtu,,2026-08-31T11:44:22.042198Z,2026-08-26,https://www.eia.gov/dnav/ng/hist/rngwhhdD.htm,eia_henry_hub_spot:1788176662042198000:3241dfb4a8883f486cfb073eb5161263d2da2c27ccb423435106659f0cd0bc3e
EIA:DHHNGSP,U.S. EIA,physical_spot,Henry Hub physical spot,Henry Hub,2026-07-30T05:00:00.000000Z,2026-07-31T05:00:00.000000Z,2.65,USD/MMBtu,,2026-08-31T11:44:22.042198Z,2026-08-26,https://www.eia.gov/dnav/ng/hist/rngwhhdD.htm,eia_henry_hub_spot:1788176662042198000:3241dfb4a8883f486cfb073eb5161263d2da2c27ccb423435106659f0cd0bc3e
EIA:DHHNGSP,U.S. EIA,physical_spot,Henry Hub physical spot,Henry Hub,2026-07-31T05:00:00.000000Z,2026-08-01T05:00:00.000000Z,2.59,USD/MMBtu,,2026-08-31T11:44:22.042198Z,2026-08-26,https://www.eia.gov/dnav/ng/hist/rngwhhdD.htm,eia_henry_hub_spot:1788176662042198000:3241dfb4a8883f486cfb073eb5161263d2da2c27ccb423435106659f0cd0bc3e
EIA:DHHNGSP,U.S. EIA,physical_spot,Henry Hub physical spot,Henry Hub,2026-08-03T05:00:00.000000Z,2026-08-04T05:00:00.000000Z,2.81,USD/MMBtu,,2026-08-31T11:44:22.042198Z,2026-08-26,https://www.eia.gov/dnav/ng/hist/rngwhhdD.htm,eia_henry_hub_spot:1788176662042198000:3241dfb4a8883f486cfb073eb5161263d2da2c27ccb423435106659f0cd0bc3e
EIA:DHHNGSP,U.S. EIA,physical_spot,Henry Hub physical spot,Henry Hub,2026-08-04T05:00:00.000000Z,2026-08-05T05:00:00.000000Z,2.74,USD/MMBtu,,2026-08-31T11:44:22.042198Z,2026-08-26,https://www.eia.gov/dnav/ng/hist/rngwhhdD.htm,eia_henry_hub_spot:1788176662042198000:3241dfb4a8883f486cfb073eb5161263d2da2c27ccb423435106659f0cd0bc3e
EIA:DHHNGSP,U.S. EIA,physical_spot,Henry Hub physical spot,Henry Hub,2026-08-05T05:00:00.000000Z,2026-08-06T05:00:00.000000Z,2.6,USD/MMBtu,,2026-08-31T11:44:22.042198Z,2026-08-26,https://www.eia.gov/dnav/ng/hist/rngwhhdD.htm,eia_henry_hub_spot:1788176662042198000:3241dfb4a8883f486cfb073eb5161263d2da2c27ccb423435106659f0cd0bc3e
EIA:DHHNGSP,U.S. EIA,physical_spot,Henry Hub physical spot,Henry Hub,2026-08-06T05:00:00.000000Z,2026-08-07T05:00:00.000000Z,2.6,USD/MMBtu,,2026-08-31T11:44:22.042198Z,2026-08-26,https://www.eia.gov/dnav/ng/hist/rngwhhdD.htm,eia_henry_hub_spot:1788176662042198000:3241dfb4a8883f486cfb073eb5161263d2da2c27ccb423435106659f0cd0bc3e
EIA:DHHNGSP,U.S. EIA,physical_spot,Henry Hub physical spot,Henry Hub,2026-08-07T05:00:00.000000Z,2026-08-08T05:00:00.000000Z,2.56,USD/MMBtu,,2026-08-31T11:44:22.042198Z,2026-08-26,https://www.eia.gov/dnav/ng/hist/rngwhhdD.htm,eia_henry_hub_spot:1788176662042198000:3241dfb4a8883f486cfb073eb5161263d2da2c27ccb423435106659f0cd0bc3e
EIA:DHHNGSP,U.S. EIA,physical_spot,Henry Hub physical spot,Henry Hub,2026-08-10T05:00:00.000000Z,2026-08-11T05:00:00.000000Z,2.72,USD/MMBtu,,2026-08-31T11:44:22.042198Z,2026-08-26,https://www.eia.gov/dnav/ng/hist/rngwhhdD.htm,eia_henry_hub_spot:1788176662042198000:3241dfb4a8883f486cfb073eb5161263d2da2c27ccb423435106659f0cd0bc3e
EIA:DHHNGSP,U.S. EIA,physical_spot,Henry Hub physical spot,Henry Hub,2026-08-11T05:00:00.000000Z,2026-08-12T05:00:00.000000Z,2.79,USD/MMBtu,,2026-08-31T11:44:22.042198Z,2026-08-26,https://www.eia.gov/dnav/ng/hist/rngwhhdD.htm,eia_henry_hub_spot:1788176662042198000:3241dfb4a8883f486cfb073eb5161263d2da2c27ccb423435106659f0cd0bc3e
EIA:DHHNGSP,U.S. EIA,physical_spot,Henry Hub physical spot,Henry Hub,2026-08-12T05:00:00.000000Z,2026-08-13T05:00:00.000000Z,2.82,USD/MMBtu,,2026-08-31T11:44:22.042198Z,2026-08-26,https://www.eia.gov/dnav/ng/hist/rngwhhdD.htm,eia_henry_hub_spot:1788176662042198000:3241dfb4a8883f486cfb073eb5161263d2da2c27ccb423435106659f0cd0bc3e
EIA:DHHNGSP,U.S. EIA,physical_spot,Henry Hub physical spot,Henry Hub,2026-08-13T05:00:00.000000Z,2026-08-14T05:00:00.000000Z,2.82,USD/MMBtu,,2026-08-31T11:44:22.042198Z,2026-08-26,https://www.eia.gov/dnav/ng/hist/rngwhhdD.htm,eia_henry_hub_spot:1788176662042198000:3241dfb4a8883f486cfb073eb5161263d2da2c27ccb423435106659f0cd0bc3e
EIA:DHHNGSP,U.S. EIA,physical_spot,Henry Hub physical spot,Henry Hub,2026-08-14T05:00:00.000000Z,2026-08-15T05:00:00.000000Z,2.79,USD/MMBtu,,2026-08-31T11:44:22.042198Z,2026-08-26,https://www.eia.gov/dnav/ng/hist/rngwhhdD.htm,eia_henry_hub_spot:1788176662042198000:3241dfb4a8883f486cfb073eb5161263d2da2c27ccb423435106659f0cd0bc3e
EIA:DHHNGSP,U.S. EIA,physical_spot,Henry Hub physical spot,Henry Hub,2026-08-17T05:00:00.000000Z,2026-08-18T05:00:00.000000Z,2.77,USD/MMBtu,,2026-08-31T11:44:22.042198Z,2026-08-26,https://www.eia.gov/dnav/ng/hist/rngwhhdD.htm,eia_henry_hub_spot:1788176662042198000:3241dfb4a8883f486cfb073eb5161263d2da2c27ccb423435106659f0cd0bc3e
EIA:DHHNGSP,U.S. EIA,physical_spot,Henry Hub physical spot,Henry Hub,2026-08-18T05:00:00.000000Z,2026-08-19T05:00:00.000000Z,2.82,USD/MMBtu,,2026-08-31T11:44:22.042198Z,2026-08-26,https://www.eia.gov/dnav/ng/hist/rngwhhdD.htm,eia_henry_hub_spot:1788176662042198000:3241dfb4a8883f486cfb073eb5161263d2da2c27ccb423435106659f0cd0bc3e
EIA:DHHNGSP,U.S. EIA,physical_spot,Henry Hub physical spot,Henry Hub,2026-08-19T05:00:00.000000Z,2026-08-20T05:00:00.000000Z,2.94,USD/MMBtu,,2026-08-31T11:44:22.042198Z,2026-08-26,https://www.eia.gov/dnav/ng/hist/rngwhhdD.htm,eia_henry_hub_spot:1788176662042198000:3241dfb4a8883f486cfb073eb5161263d2da2c27ccb423435106659f0cd0bc3e
EIA:DHHNGSP,U.S. EIA,physical_spot,Henry Hub physical spot,Henry Hub,2026-08-20T05:00:00.000000Z,2026-08-21T05:00:00.000000Z,2.94,USD/MMBtu,,2026-08-31T11:44:22.042198Z,2026-08-26,https://www.eia.gov/dnav/ng/hist/rngwhhdD.htm,eia_henry_hub_spot:1788176662042198000:3241dfb4a8883f486cfb073eb5161263d2da2c27ccb423435106659f0cd0bc3e
EIA:DHHNGSP,U.S. EIA,physical_spot,Henry Hub physical spot,Henry Hub,2026-08-21T05:00:00.000000Z,2026-08-22T05:00:00.000000Z,2.82,USD/MMBtu,,2026-08-31T11:44:22.042198Z,2026-08-26,https://www.eia.gov/dnav/ng/hist/rngwhhdD.htm,eia_henry_hub_spot:1788176662042198000:3241dfb4a8883f486cfb073eb5161263d2da2c27ccb423435106659f0cd0bc3e
EIA:DHHNGSP,U.S. EIA,physical_spot,Henry Hub physical spot,Henry Hub,2026-08-24T05:00:00.000000Z,2026-08-25T05:00:00.000000Z,2.83,USD/MMBtu,,2026-08-31T11:44:22.042198Z,2026-08-26,https://www.eia.gov/dnav/ng/hist/rngwhhdD.htm,eia_henry_hub_spot:1788176662042198000:3241dfb4a8883f486cfb073eb5161263d2da2c27ccb423435106659f0cd0bc3e
EIA:DHHNGSP,U.S. EIA,physical_spot,Henry Hub physical spot,Henry Hub,2026-08-25T05:00:00.000000Z,2026-08-26T05:00:00.000000Z,2.7,USD/MMBtu,,2026-08-31T11:44:22.042198Z,2026-08-26,https://www.eia.gov/dnav/ng/hist/rngwhhdD.htm,eia_henry_hub_spot:1788176662042198000:3241dfb4a8883f486cfb073eb5161263d2da2c27ccb423435106659f0cd0bc3e
NWS:boston:cdd_65,NOAA / National Weather Service,weather_forecast,Forecast CDD,Boston,2026-08-31T04:00:00.000000Z,2026-09-01T04:00:00.000000Z,5.33,degree-days,2026-08-30T19:47:41.000000Z,2026-08-30T20:39:30.872528Z,2026-08-30T19:47:41Z,"https://api.weather.gov/gridpoints/BOX/71,101/forecast/hourly",nws_hourly_forecast:1788122370872528000:237d26e05802c54515f429db6ceec1c9bef428667726e7406f477c81ef7eb2f8
NWS:boston:hdd_65,NOAA / National Weather Service,weather_forecast,Forecast HDD,Boston,2026-08-31T04:00:00.000000Z,2026-09-01T04:00:00.000000Z,0.0,degree-days,2026-08-30T19:47:41.000000Z,2026-08-30T20:39:30.872528Z,2026-08-30T19:47:41Z,"https://api.weather.gov/gridpoints/BOX/71,101/forecast/hourly",nws_hourly_forecast:1788122370872528000:237d26e05802c54515f429db6ceec1c9bef428667726e7406f477c81ef7eb2f8
NWS:boston:mean_temperature,NOAA / National Weather Service,weather_forecast,Forecast mean temperature,Boston,2026-08-31T04:00:00.000000Z,2026-09-01T04:00:00.000000Z,70.33,degF,2026-08-30T19:47:41.000000Z,2026-08-30T20:39:30.872528Z,2026-08-30T19:47:41Z,"https://api.weather.gov/gridpoints/BOX/71,101/forecast/hourly",nws_hourly_forecast:1788122370872528000:237d26e05802c54515f429db6ceec1c9bef428667726e7406f477c81ef7eb2f8
NWS:boston:cdd_65,NOAA / National Weather Service,weather_forecast,Forecast CDD,Boston,2026-09-01T04:00:00.000000Z,2026-09-02T04:00:00.000000Z,3.5,degree-days,2026-08-30T19:47:41.000000Z,2026-08-30T20:39:30.872528Z,2026-08-30T19:47:41Z,"https://api.weather.gov/gridpoints/BOX/71,101/forecast/hourly",nws_hourly_forecast:1788122370872528000:237d26e05802c54515f429db6ceec1c9bef428667726e7406f477c81ef7eb2f8
NWS:boston:hdd_65,NOAA / National Weather Service,weather_forecast,Forecast HDD,Boston,2026-09-01T04:00:00.000000Z,2026-09-02T04:00:00.000000Z,0.0,degree-days,2026-08-30T19:47:41.000000Z,2026-08-30T20:39:30.872528Z,2026-08-30T19:47:41Z,"https://api.weather.gov/gridpoints/BOX/71,101/forecast/hourly",nws_hourly_forecast:1788122370872528000:237d26e05802c54515f429db6ceec1c9bef428667726e7406f477c81ef7eb2f8
NWS:boston:mean_temperature,NOAA / National Weather Service,weather_forecast,Forecast mean temperature,Boston,2026-09-01T04:00:00.000000Z,2026-09-02T04:00:00.000000Z,68.5,degF,2026-08-30T19:47:41.000000Z,2026-08-30T20:39:30.872528Z,2026-08-30T19:47:41Z,"https://api.weather.gov/gridpoints/BOX/71,101/forecast/hourly",nws_hourly_forecast:1788122370872528000:237d26e05802c54515f429db6ceec1c9bef428667726e7406f477c81ef7eb2f8
NWS:boston:cdd_65,NOAA / National Weather Service,weather_forecast,Forecast CDD,Boston,2026-09-02T04:00:00.000000Z,2026-09-03T04:00:00.000000Z,2.79,degree-days,2026-08-30T19:47:41.000000Z,2026-08-30T20:39:30.872528Z,2026-08-30T19:47:41Z,"https://api.weather.gov/gridpoints/BOX/71,101/forecast/hourly",nws_hourly_forecast:1788122370872528000:237d26e05802c54515f429db6ceec1c9bef428667726e7406f477c81ef7eb2f8
NWS:boston:hdd_65,NOAA / National Weather Service,weather_forecast,Forecast HDD,Boston,2026-09-02T04:00:00.000000Z,2026-09-03T04:00:00.000000Z,0.0,degree-days,2026-08-30T19:47:41.000000Z,2026-08-30T20:39:30.872528Z,2026-08-30T19:47:41Z,"https://api.weather.gov/gridpoints/BOX/71,101/forecast/hourly",nws_hourly_forecast:1788122370872528000:237d26e05802c54515f429db6ceec1c9bef428667726e7406f477c81ef7eb2f8
NWS:boston:mean_temperature,NOAA / National Weather Service,weather_forecast,Forecast mean temperature,Boston,2026-09-02T04:00:00.000000Z,2026-09-03T04:00:00.000000Z,67.79,degF,2026-08-30T19:47:41.000000Z,2026-08-30T20:39:30.872528Z,2026-08-30T19:47:41Z,"https://api.weather.gov/gridpoints/BOX/71,101/forecast/hourly",nws_hourly_forecast:1788122370872528000:237d26e05802c54515f429db6ceec1c9bef428667726e7406f477c81ef7eb2f8
NWS:boston:cdd_65,NOAA / National Weather Service,weather_forecast,Forecast CDD,Boston,2026-09-03T04:00:00.000000Z,2026-09-04T04:00:00.000000Z,5.5,degree-days,2026-08-30T19:47:41.000000Z,2026-08-30T20:39:30.872528Z,2026-08-30T19:47:41Z,"https://api.weather.gov/gridpoints/BOX/71,101/forecast/hourly",nws_hourly_forecast:1788122370872528000:237d26e05802c54515f429db6ceec1c9bef428667726e7406f477c81ef7eb2f8
NWS:boston:hdd_65,NOAA / National Weather Service,weather_forecast,Forecast HDD,Boston,2026-09-03T04:00:00.000000Z,2026-09-04T04:00:00.000000Z,0.0,degree-days,2026-08-30T19:47:41.000000Z,2026-08-30T20:39:30.872528Z,2026-08-30T19:47:41Z,"https://api.weather.gov/gridpoints/BOX/71,101/forecast/hourly",nws_hourly_forecast:1788122370872528000:237d26e05802c54515f429db6ceec1c9bef428667726e7406f477c81ef7eb2f8
NWS:boston:mean_temperature,NOAA / National Weather Service,weather_forecast,Forecast mean temperature,Boston,2026-09-03T04:00:00.000000Z,2026-09-04T04:00:00.000000Z,70.5,degF,2026-08-30T19:47:41.000000Z,2026-08-30T20:39:30.872528Z,2026-08-30T19:47:41Z,"https://api.weather.gov/gridpoints/BOX/71,101/forecast/hourly",nws_hourly_forecast:1788122370872528000:237d26e05802c54515f429db6ceec1c9bef428667726e7406f477c81ef7eb2f8
NWS:boston:cdd_65,NOAA / National Weather Service,weather_forecast,Forecast CDD,Boston,2026-09-04T04:00:00.000000Z,2026-09-05T04:00:00.000000Z,4.17,degree-days,2026-08-30T19:47:41.000000Z,2026-08-30T20:39:30.872528Z,2026-08-30T19:47:41Z,"https://api.weather.gov/gridpoints/BOX/71,101/forecast/hourly",nws_hourly_forecast:1788122370872528000:237d26e05802c54515f429db6ceec1c9bef428667726e7406f477c81ef7eb2f8
NWS:boston:hdd_65,NOAA / National Weather Service,weather_forecast,Forecast HDD,Boston,2026-09-04T04:00:00.000000Z,2026-09-05T04:00:00.000000Z,0.0,degree-days,2026-08-30T19:47:41.000000Z,2026-08-30T20:39:30.872528Z,2026-08-30T19:47:41Z,"https://api.weather.gov/gridpoints/BOX/71,101/forecast/hourly",nws_hourly_forecast:1788122370872528000:237d26e05802c54515f429db6ceec1c9bef428667726e7406f477c81ef7eb2f8
NWS:boston:mean_temperature,NOAA / National Weather Service,weather_forecast,Forecast mean temperature,Boston,2026-09-04T04:00:00.000000Z,2026-09-05T04:00:00.000000Z,69.17,degF,2026-08-30T19:47:41.000000Z,2026-08-30T20:39:30.872528Z,2026-08-30T19:47:41Z,"https://api.weather.gov/gridpoints/BOX/71,101/forecast/hourly",nws_hourly_forecast:1788122370872528000:237d26e05802c54515f429db6ceec1c9bef428667726e7406f477c81ef7eb2f8
NWS:boston:cdd_65,NOAA / National Weather Service,weather_forecast,Forecast CDD,Boston,2026-09-05T04:00:00.000000Z,2026-09-06T04:00:00.000000Z,2.0,degree-days,2026-08-30T19:47:41.000000Z,2026-08-30T20:39:30.872528Z,2026-08-30T19:47:41Z,"https://api.weather.gov/gridpoints/BOX/71,101/forecast/hourly",nws_hourly_forecast:1788122370872528000:237d26e05802c54515f429db6ceec1c9bef428667726e7406f477c81ef7eb2f8
NWS:boston:hdd_65,NOAA / National Weather Service,weather_forecast,Forecast HDD,Boston,2026-09-05T04:00:00.000000Z,2026-09-06T04:00:00.000000Z,0.0,degree-days,2026-08-30T19:47:41.000000Z,2026-08-30T20:39:30.872528Z,2026-08-30T19:47:41Z,"https://api.weather.gov/gridpoints/BOX/71,101/forecast/hourly",nws_hourly_forecast:1788122370872528000:237d26e05802c54515f429db6ceec1c9bef428667726e7406f477c81ef7eb2f8
NWS:boston:mean_temperature,NOAA / National Weather Service,weather_forecast,Forecast mean temperature,Boston,2026-09-05T04:00:00.000000Z,2026-09-06T04:00:00.000000Z,67.0,degF,2026-08-30T19:47:41.000000Z,2026-08-30T20:39:30.872528Z,2026-08-30T19:47:41Z,"https://api.weather.gov/gridpoints/BOX/71,101/forecast/hourly",nws_hourly_forecast:1788122370872528000:237d26e05802c54515f429db6ceec1c9bef428667726e7406f477c81ef7eb2f8
NWS:new_york:cdd_65,NOAA / National Weather Service,weather_forecast,Forecast CDD,New York City,2026-08-31T04:00:00.000000Z,2026-09-01T04:00:00.000000Z,11.17,degree-days,2026-08-30T20:32:34.000000Z,2026-08-30T20:39:30.067102Z,2026-08-30T20:32:34Z,"https://api.weather.gov/gridpoints/OKX/33,42/forecast/hourly",nws_hourly_forecast:1788122370067102000:19444418b9956323d9a1392d52f902414446f012ffcbddb1bc46cc1063f2b665
NWS:new_york:hdd_65,NOAA / National Weather Service,weather_forecast,Forecast HDD,New York City,2026-08-31T04:00:00.000000Z,2026-09-01T04:00:00.000000Z,0.0,degree-days,2026-08-30T20:32:34.000000Z,2026-08-30T20:39:30.067102Z,2026-08-30T20:32:34Z,"https://api.weather.gov/gridpoints/OKX/33,42/forecast/hourly",nws_hourly_forecast:1788122370067102000:19444418b9956323d9a1392d52f902414446f012ffcbddb1bc46cc1063f2b665
NWS:new_york:mean_temperature,NOAA / National Weather Service,weather_forecast,Forecast mean temperature,New York City,2026-08-31T04:00:00.000000Z,2026-09-01T04:00:00.000000Z,76.17,degF,2026-08-30T20:32:34.000000Z,2026-08-30T20:39:30.067102Z,2026-08-30T20:32:34Z,"https://api.weather.gov/gridpoints/OKX/33,42/forecast/hourly",nws_hourly_forecast:1788122370067102000:19444418b9956323d9a1392d52f902414446f012ffcbddb1bc46cc1063f2b665
NWS:new_york:cdd_65,NOAA / National Weather Service,weather_forecast,Forecast CDD,New York City,2026-09-01T04:00:00.000000Z,2026-09-02T04:00:00.000000Z,13.33,degree-days,2026-08-30T20:32:34.000000Z,2026-08-30T20:39:30.067102Z,2026-08-30T20:32:34Z,"https://api.weather.gov/gridpoints/OKX/33,42/forecast/hourly",nws_hourly_forecast:1788122370067102000:19444418b9956323d9a1392d52f902414446f012ffcbddb1bc46cc1063f2b665
NWS:new_york:hdd_65,NOAA / National Weather Service,weather_forecast,Forecast HDD,New York City,2026-09-01T04:00:00.000000Z,2026-09-02T04:00:00.000000Z,0.0,degree-days,2026-08-30T20:32:34.000000Z,2026-08-30T20:39:30.067102Z,2026-08-30T20:32:34Z,"https://api.weather.gov/gridpoints/OKX/33,42/forecast/hourly",nws_hourly_forecast:1788122370067102000:19444418b9956323d9a1392d52f902414446f012ffcbddb1bc46cc1063f2b665
NWS:new_york:mean_temperature,NOAA / National Weather Service,weather_forecast,Forecast mean temperature,New York City,2026-09-01T04:00:00.000000Z,2026-09-02T04:00:00.000000Z,78.33,degF,2026-08-30T20:32:34.000000Z,2026-08-30T20:39:30.067102Z,2026-08-30T20:32:34Z,"https://api.weather.gov/gridpoints/OKX/33,42/forecast/hourly",nws_hourly_forecast:1788122370067102000:19444418b9956323d9a1392d52f902414446f012ffcbddb1bc46cc1063f2b665
NWS:new_york:cdd_65,NOAA / National Weather Service,weather_forecast,Forecast CDD,New York City,2026-09-02T04:00:00.000000Z,2026-09-03T04:00:00.000000Z,11.29,degree-days,2026-08-30T20:32:34.000000Z,2026-08-30T20:39:30.067102Z,2026-08-30T20:32:34Z,"https://api.weather.gov/gridpoints/OKX/33,42/forecast/hourly",nws_hourly_forecast:1788122370067102000:19444418b9956323d9a1392d52f902414446f012ffcbddb1bc46cc1063f2b665
NWS:new_york:hdd_65,NOAA / National Weather Service,weather_forecast,Forecast HDD,New York City,2026-09-02T04:00:00.000000Z,2026-09-03T04:00:00.000000Z,0.0,degree-days,2026-08-30T20:32:34.000000Z,2026-08-30T20:39:30.067102Z,2026-08-30T20:32:34Z,"https://api.weather.gov/gridpoints/OKX/33,42/forecast/hourly",nws_hourly_forecast:1788122370067102000:19444418b9956323d9a1392d52f902414446f012ffcbddb1bc46cc1063f2b665
NWS:new_york:mean_temperature,NOAA / National Weather Service,weather_forecast,Forecast mean temperature,New York City,2026-09-02T04:00:00.000000Z,2026-09-03T04:00:00.000000Z,76.29,degF,2026-08-30T20:32:34.000000Z,2026-08-30T20:39:30.067102Z,2026-08-30T20:32:34Z,"https://api.weather.gov/gridpoints/OKX/33,42/forecast/hourly",nws_hourly_forecast:1788122370067102000:19444418b9956323d9a1392d52f902414446f012ffcbddb1bc46cc1063f2b665
NWS:new_york:cdd_65,NOAA / National Weather Service,weather_forecast,Forecast CDD,New York City,2026-09-03T04:00:00.000000Z,2026-09-04T04:00:00.000000Z,12.83,degree-days,2026-08-30T20:32:34.000000Z,2026-08-30T20:39:30.067102Z,2026-08-30T20:32:34Z,"https://api.weather.gov/gridpoints/OKX/33,42/forecast/hourly",nws_hourly_forecast:1788122370067102000:19444418b9956323d9a1392d52f902414446f012ffcbddb1bc46cc1063f2b665
NWS:new_york:hdd_65,NOAA / National Weather Service,weather_forecast,Forecast HDD,New York City,2026-09-03T04:00:00.000000Z,2026-09-04T04:00:00.000000Z,0.0,degree-days,2026-08-30T20:32:34.000000Z,2026-08-30T20:39:30.067102Z,2026-08-30T20:32:34Z,"https://api.weather.gov/gridpoints/OKX/33,42/forecast/hourly",nws_hourly_forecast:1788122370067102000:19444418b9956323d9a1392d52f902414446f012ffcbddb1bc46cc1063f2b665
NWS:new_york:mean_temperature,NOAA / National Weather Service,weather_forecast,Forecast mean temperature,New York City,2026-09-03T04:00:00.000000Z,2026-09-04T04:00:00.000000Z,77.83,degF,2026-08-30T20:32:34.000000Z,2026-08-30T20:39:30.067102Z,2026-08-30T20:32:34Z,"https://api.weather.gov/gridpoints/OKX/33,42/forecast/hourly",nws_hourly_forecast:1788122370067102000:19444418b9956323d9a1392d52f902414446f012ffcbddb1bc46cc1063f2b665
NWS:new_york:cdd_65,NOAA / National Weather Service,weather_forecast,Forecast CDD,New York City,2026-09-04T04:00:00.000000Z,2026-09-05T04:00:00.000000Z,10.67,degree-days,2026-08-30T20:32:34.000000Z,2026-08-30T20:39:30.067102Z,2026-08-30T20:32:34Z,"https://api.weather.gov/gridpoints/OKX/33,42/forecast/hourly",nws_hourly_forecast:1788122370067102000:19444418b9956323d9a1392d52f902414446f012ffcbddb1bc46cc1063f2b665
NWS:new_york:hdd_65,NOAA / National Weather Service,weather_forecast,Forecast HDD,New York City,2026-09-04T04:00:00.000000Z,2026-09-05T04:00:00.000000Z,0.0,degree-days,2026-08-30T20:32:34.000000Z,2026-08-30T20:39:30.067102Z,2026-08-30T20:32:34Z,"https://api.weather.gov/gridpoints/OKX/33,42/forecast/hourly",nws_hourly_forecast:1788122370067102000:19444418b9956323d9a1392d52f902414446f012ffcbddb1bc46cc1063f2b665
NWS:new_york:mean_temperature,NOAA / National Weather Service,weather_forecast,Forecast mean temperature,New York City,2026-09-04T04:00:00.000000Z,2026-09-05T04:00:00.000000Z,75.67,degF,2026-08-30T20:32:34.000000Z,2026-08-30T20:39:30.067102Z,2026-08-30T20:32:34Z,"https://api.weather.gov/gridpoints/OKX/33,42/forecast/hourly",nws_hourly_forecast:1788122370067102000:19444418b9956323d9a1392d52f902414446f012ffcbddb1bc46cc1063f2b665
NWS:new_york:cdd_65,NOAA / National Weather Service,weather_forecast,Forecast CDD,New York City,2026-09-05T04:00:00.000000Z,2026-09-06T04:00:00.000000Z,7.46,degree-days,2026-08-30T20:32:34.000000Z,2026-08-30T20:39:30.067102Z,2026-08-30T20:32:34Z,"https://api.weather.gov/gridpoints/OKX/33,42/forecast/hourly",nws_hourly_forecast:1788122370067102000:19444418b9956323d9a1392d52f902414446f012ffcbddb1bc46cc1063f2b665
NWS:new_york:hdd_65,NOAA / National Weather Service,weather_forecast,Forecast HDD,New York City,2026-09-05T04:00:00.000000Z,2026-09-06T04:00:00.000000Z,0.0,degree-days,2026-08-30T20:32:34.000000Z,2026-08-30T20:39:30.067102Z,2026-08-30T20:32:34Z,"https://api.weather.gov/gridpoints/OKX/33,42/forecast/hourly",nws_hourly_forecast:1788122370067102000:19444418b9956323d9a1392d52f902414446f012ffcbddb1bc46cc1063f2b665
NWS:new_york:mean_temperature,NOAA / National Weather Service,weather_forecast,Forecast mean temperature,New York City,2026-09-05T04:00:00.000000Z,2026-09-06T04:00:00.000000Z,72.46,degF,2026-08-30T20:32:34.000000Z,2026-08-30T20:39:30.067102Z,2026-08-30T20:32:34Z,"https://api.weather.gov/gridpoints/OKX/33,42/forecast/hourly",nws_hourly_forecast:1788122370067102000:19444418b9956323d9a1392d52f902414446f012ffcbddb1bc46cc1063f2b665
EIA_WNGSR:png.nw2_epg0_swo_r31_bcf.w:five_year_average,U.S. EIA,storage,Five-year average storage,East,2026-08-21T00:00:00.000000Z,2026-08-28T00:00:00.000000Z,692.0,Bcf,2026-08-27T14:30:00.000000Z,2026-08-27T14:30:00.000000Z,2026-08-27,https://ir.eia.gov/ngs/wngsr.json,eia_wngsr:1788115874039669000:c7dd258cb0915a825acbed60129cdeb5e37aaf8e0ebe0021c97414369d461469
EIA_WNGSR:png.nw2_epg0_swo_r31_bcf.w:vs_five_year_average_pct,U.S. EIA,storage,Storage vs 5-year average,East,2026-08-21T00:00:00.000000Z,2026-08-28T00:00:00.000000Z,5.1,%,2026-08-27T14:30:00.000000Z,2026-08-27T14:30:00.000000Z,2026-08-27,https://ir.eia.gov/ngs/wngsr.json,eia_wngsr:1788115874039669000:c7dd258cb0915a825acbed60129cdeb5e37aaf8e0ebe0021c97414369d461469
EIA_WNGSR:png.nw2_epg0_swo_r31_bcf.w:vs_year_ago_pct,U.S. EIA,storage,Storage vs year ago,East,2026-08-21T00:00:00.000000Z,2026-08-28T00:00:00.000000Z,3.1,%,2026-08-27T14:30:00.000000Z,2026-08-27T14:30:00.000000Z,2026-08-27,https://ir.eia.gov/ngs/wngsr.json,eia_wngsr:1788115874039669000:c7dd258cb0915a825acbed60129cdeb5e37aaf8e0ebe0021c97414369d461469
EIA_WNGSR:png.nw2_epg0_swo_r31_bcf.w:weekly_change,U.S. EIA,storage,Weekly storage change,East,2026-08-21T00:00:00.000000Z,2026-08-28T00:00:00.000000Z,19.0,Bcf,2026-08-27T14:30:00.000000Z,2026-08-27T14:30:00.000000Z,2026-08-27,https://ir.eia.gov/ngs/wngsr.json,eia_wngsr:1788115874039669000:c7dd258cb0915a825acbed60129cdeb5e37aaf8e0ebe0021c97414369d461469
EIA_WNGSR:png.nw2_epg0_swo_r31_bcf.w:working_gas,U.S. EIA,storage,Working gas storage,East,2026-08-21T00:00:00.000000Z,2026-08-28T00:00:00.000000Z,727.0,Bcf,2026-08-27T14:30:00.000000Z,2026-08-27T14:30:00.000000Z,2026-08-27,https://ir.eia.gov/ngs/wngsr.json,eia_wngsr:1788115874039669000:c7dd258cb0915a825acbed60129cdeb5e37aaf8e0ebe0021c97414369d461469
EIA_WNGSR:png.nw2_epg0_swo_r48_bcf.w:five_year_average,U.S. EIA,storage,Five-year average storage,Lower 48,2026-08-21T00:00:00.000000Z,2026-08-28T00:00:00.000000Z,3017.0,Bcf,2026-08-27T14:30:00.000000Z,2026-08-27T14:30:00.000000Z,2026-08-27,https://ir.eia.gov/ngs/wngsr.json,eia_wngsr:1788115874039669000:c7dd258cb0915a825acbed60129cdeb5e37aaf8e0ebe0021c97414369d461469
EIA_WNGSR:png.nw2_epg0_swo_r48_bcf.w:vs_five_year_average_pct,U.S. EIA,storage,Storage vs 5-year average,Lower 48,2026-08-21T00:00:00.000000Z,2026-08-28T00:00:00.000000Z,5.5,%,2026-08-27T14:30:00.000000Z,2026-08-27T14:30:00.000000Z,2026-08-27,https://ir.eia.gov/ngs/wngsr.json,eia_wngsr:1788115874039669000:c7dd258cb0915a825acbed60129cdeb5e37aaf8e0ebe0021c97414369d461469
EIA_WNGSR:png.nw2_epg0_swo_r48_bcf.w:vs_year_ago_pct,U.S. EIA,storage,Storage vs year ago,Lower 48,2026-08-21T00:00:00.000000Z,2026-08-28T00:00:00.000000Z,-0.9,%,2026-08-27T14:30:00.000000Z,2026-08-27T14:30:00.000000Z,2026-08-27,https://ir.eia.gov/ngs/wngsr.json,eia_wngsr:1788115874039669000:c7dd258cb0915a825acbed60129cdeb5e37aaf8e0ebe0021c97414369d461469
EIA_WNGSR:png.nw2_epg0_swo_r48_bcf.w:weekly_change,U.S. EIA,storage,Weekly storage change,Lower 48,2026-08-21T00:00:00.000000Z,2026-08-28T00:00:00.000000Z,15.0,Bcf,2026-08-27T14:30:00.000000Z,2026-08-27T14:30:00.000000Z,2026-08-27,https://ir.eia.gov/ngs/wngsr.json,eia_wngsr:1788115874039669000:c7dd258cb0915a825acbed60129cdeb5e37aaf8e0ebe0021c97414369d461469
EIA_WNGSR:png.nw2_epg0_swo_r48_bcf.w:working_gas,U.S. EIA,storage,Working gas storage,Lower 48,2026-08-21T00:00:00.000000Z,2026-08-28T00:00:00.000000Z,3184.0,Bcf,2026-08-27T14:30:00.000000Z,2026-08-27T14:30:00.000000Z,2026-08-27,https://ir.eia.gov/ngs/wngsr.json,eia_wngsr:1788115874039669000:c7dd258cb0915a825acbed60129cdeb5e37aaf8e0ebe0021c97414369d461469
EIA_WNGSR:png.nw2_epg0_swo_r32_bcf.w:five_year_average,U.S. EIA,storage,Five-year average storage,Midwest,2026-08-21T00:00:00.000000Z,2026-08-28T00:00:00.000000Z,818.0,Bcf,2026-08-27T14:30:00.000000Z,2026-08-27T14:30:00.000000Z,2026-08-27,https://ir.eia.gov/ngs/wngsr.json,eia_wngsr:1788115874039669000:c7dd258cb0915a825acbed60129cdeb5e37aaf8e0ebe0021c97414369d461469
EIA_WNGSR:png.nw2_epg0_swo_r32_bcf.w:vs_five_year_average_pct,U.S. EIA,storage,Storage vs 5-year average,Midwest,2026-08-21T00:00:00.000000Z,2026-08-28T00:00:00.000000Z,5.9,%,2026-08-27T14:30:00.000000Z,2026-08-27T14:30:00.000000Z,2026-08-27,https://ir.eia.gov/ngs/wngsr.json,eia_wngsr:1788115874039669000:c7dd258cb0915a825acbed60129cdeb5e37aaf8e0ebe0021c97414369d461469
EIA_WNGSR:png.nw2_epg0_swo_r32_bcf.w:vs_year_ago_pct,U.S. EIA,storage,Storage vs year ago,Midwest,2026-08-21T00:00:00.000000Z,2026-08-28T00:00:00.000000Z,4.5,%,2026-08-27T14:30:00.000000Z,2026-08-27T14:30:00.000000Z,2026-08-27,https://ir.eia.gov/ngs/wngsr.json,eia_wngsr:1788115874039669000:c7dd258cb0915a825acbed60129cdeb5e37aaf8e0ebe0021c97414369d461469
EIA_WNGSR:png.nw2_epg0_swo_r32_bcf.w:weekly_change,U.S. EIA,storage,Weekly storage change,Midwest,2026-08-21T00:00:00.000000Z,2026-08-28T00:00:00.000000Z,18.0,Bcf,2026-08-27T14:30:00.000000Z,2026-08-27T14:30:00.000000Z,2026-08-27,https://ir.eia.gov/ngs/wngsr.json,eia_wngsr:1788115874039669000:c7dd258cb0915a825acbed60129cdeb5e37aaf8e0ebe0021c97414369d461469
EIA_WNGSR:png.nw2_epg0_swo_r32_bcf.w:working_gas,U.S. EIA,storage,Working gas storage,Midwest,2026-08-21T00:00:00.000000Z,2026-08-28T00:00:00.000000Z,866.0,Bcf,2026-08-27T14:30:00.000000Z,2026-08-27T14:30:00.000000Z,2026-08-27,https://ir.eia.gov/ngs/wngsr.json,eia_wngsr:1788115874039669000:c7dd258cb0915a825acbed60129cdeb5e37aaf8e0ebe0021c97414369d461469
EIA_WNGSR:png.nw2_epg0_swo_r34_bcf.w:five_year_average,U.S. EIA,storage,Five-year average storage,Mountain,2026-08-21T00:00:00.000000Z,2026-08-28T00:00:00.000000Z,214.0,Bcf,2026-08-27T14:30:00.000000Z,2026-08-27T14:30:00.000000Z,2026-08-27,https://ir.eia.gov/ngs/wngsr.json,eia_wngsr:1788115874039669000:c7dd258cb0915a825acbed60129cdeb5e37aaf8e0ebe0021c97414369d461469
EIA_WNGSR:png.nw2_epg0_swo_r34_bcf.w:vs_five_year_average_pct,U.S. EIA,storage,Storage vs 5-year average,Mountain,2026-08-21T00:00:00.000000Z,2026-08-28T00:00:00.000000Z,11.2,%,2026-08-27T14:30:00.000000Z,2026-08-27T14:30:00.000000Z,2026-08-27,https://ir.eia.gov/ngs/wngsr.json,eia_wngsr:1788115874039669000:c7dd258cb0915a825acbed60129cdeb5e37aaf8e0ebe0021c97414369d461469
EIA_WNGSR:png.nw2_epg0_swo_r34_bcf.w:vs_year_ago_pct,U.S. EIA,storage,Storage vs year ago,Mountain,2026-08-21T00:00:00.000000Z,2026-08-28T00:00:00.000000Z,-6.3,%,2026-08-27T14:30:00.000000Z,2026-08-27T14:30:00.000000Z,2026-08-27,https://ir.eia.gov/ngs/wngsr.json,eia_wngsr:1788115874039669000:c7dd258cb0915a825acbed60129cdeb5e37aaf8e0ebe0021c97414369d461469
EIA_WNGSR:png.nw2_epg0_swo_r34_bcf.w:weekly_change,U.S. EIA,storage,Weekly storage change,Mountain,2026-08-21T00:00:00.000000Z,2026-08-28T00:00:00.000000Z,1.0,Bcf,2026-08-27T14:30:00.000000Z,2026-08-27T14:30:00.000000Z,2026-08-27,https://ir.eia.gov/ngs/wngsr.json,eia_wngsr:1788115874039669000:c7dd258cb0915a825acbed60129cdeb5e37aaf8e0ebe0021c97414369d461469
EIA_WNGSR:png.nw2_epg0_swo_r34_bcf.w:working_gas,U.S. EIA,storage,Working gas storage,Mountain,2026-08-21T00:00:00.000000Z,2026-08-28T00:00:00.000000Z,238.0,Bcf,2026-08-27T14:30:00.000000Z,2026-08-27T14:30:00.000000Z,2026-08-27,https://ir.eia.gov/ngs/wngsr.json,eia_wngsr:1788115874039669000:c7dd258cb0915a825acbed60129cdeb5e37aaf8e0ebe0021c97414369d461469
EIA_WNGSR:png.nw2_epg0_swo_r35_bcf.w:five_year_average,U.S. EIA,storage,Five-year average storage,Pacific,2026-08-21T00:00:00.000000Z,2026-08-28T00:00:00.000000Z,263.0,Bcf,2026-08-27T14:30:00.000000Z,2026-08-27T14:30:00.000000Z,2026-08-27,https://ir.eia.gov/ngs/wngsr.json,eia_wngsr:1788115874039669000:c7dd258cb0915a825acbed60129cdeb5e37aaf8e0ebe0021c97414369d461469
EIA_WNGSR:png.nw2_epg0_swo_r35_bcf.w:vs_five_year_average_pct,U.S. EIA,storage,Storage vs 5-year average,Pacific,2026-08-21T00:00:00.000000Z,2026-08-28T00:00:00.000000Z,11.4,%,2026-08-27T14:30:00.000000Z,2026-08-27T14:30:00.000000Z,2026-08-27,https://ir.eia.gov/ngs/wngsr.json,eia_wngsr:1788115874039669000:c7dd258cb0915a825acbed60129cdeb5e37aaf8e0ebe0021c97414369d461469
EIA_WNGSR:png.nw2_epg0_swo_r35_bcf.w:vs_year_ago_pct,U.S. EIA,storage,Storage vs year ago,Pacific,2026-08-21T00:00:00.000000Z,2026-08-28T00:00:00.000000Z,-1.7,%,2026-08-27T14:30:00.000000Z,2026-08-27T14:30:00.000000Z,2026-08-27,https://ir.eia.gov/ngs/wngsr.json,eia_wngsr:1788115874039669000:c7dd258cb0915a825acbed60129cdeb5e37aaf8e0ebe0021c97414369d461469
EIA_WNGSR:png.nw2_epg0_swo_r35_bcf.w:weekly_change,U.S. EIA,storage,Weekly storage change,Pacific,2026-08-21T00:00:00.000000Z,2026-08-28T00:00:00.000000Z,-3.0,Bcf,2026-08-27T14:30:00.000000Z,2026-08-27T14:30:00.000000Z,2026-08-27,https://ir.eia.gov/ngs/wngsr.json,eia_wngsr:1788115874039669000:c7dd258cb0915a825acbed60129cdeb5e37aaf8e0ebe0021c97414369d461469
EIA_WNGSR:png.nw2_epg0_swo_r35_bcf.w:working_gas,U.S. EIA,storage,Working gas storage,Pacific,2026-08-21T00:00:00.000000Z,2026-08-28T00:00:00.000000Z,293.0,Bcf,2026-08-27T14:30:00.000000Z,2026-08-27T14:30:00.000000Z,2026-08-27,https://ir.eia.gov/ngs/wngsr.json,eia_wngsr:1788115874039669000:c7dd258cb0915a825acbed60129cdeb5e37aaf8e0ebe0021c97414369d461469
EIA_WNGSR:png.nw2_epg0_swo_r33_bcf.w:five_year_average,U.S. EIA,storage,Five-year average storage,South Central,2026-08-21T00:00:00.000000Z,2026-08-28T00:00:00.000000Z,1030.0,Bcf,2026-08-27T14:30:00.000000Z,2026-08-27T14:30:00.000000Z,2026-08-27,https://ir.eia.gov/ngs/wngsr.json,eia_wngsr:1788115874039669000:c7dd258cb0915a825acbed60129cdeb5e37aaf8e0ebe0021c97414369d461469
EIA_WNGSR:png.nw2_epg0_swo_r33_bcf.w:vs_five_year_average_pct,U.S. EIA,storage,Storage vs 5-year average,South Central,2026-08-21T00:00:00.000000Z,2026-08-28T00:00:00.000000Z,3.0,%,2026-08-27T14:30:00.000000Z,2026-08-27T14:30:00.000000Z,2026-08-27,https://ir.eia.gov/ngs/wngsr.json,eia_wngsr:1788115874039669000:c7dd258cb0915a825acbed60129cdeb5e37aaf8e0ebe0021c97414369d461469
EIA_WNGSR:png.nw2_epg0_swo_r33_bcf.w:vs_year_ago_pct,U.S. EIA,storage,Storage vs year ago,South Central,2026-08-21T00:00:00.000000Z,2026-08-28T00:00:00.000000Z,-5.9,%,2026-08-27T14:30:00.000000Z,2026-08-27T14:30:00.000000Z,2026-08-27,https://ir.eia.gov/ngs/wngsr.json,eia_wngsr:1788115874039669000:c7dd258cb0915a825acbed60129cdeb5e37aaf8e0ebe0021c97414369d461469
EIA_WNGSR:png.nw2_epg0_swo_r33_bcf.w:weekly_change,U.S. EIA,storage,Weekly storage change,South Central,2026-08-21T00:00:00.000000Z,2026-08-28T00:00:00.000000Z,-19.0,Bcf,2026-08-27T14:30:00.000000Z,2026-08-27T14:30:00.000000Z,2026-08-27,https://ir.eia.gov/ngs/wngsr.json,eia_wngsr:1788115874039669000:c7dd258cb0915a825acbed60129cdeb5e37aaf8e0ebe0021c97414369d461469
EIA_WNGSR:png.nw2_epg0_swo_r33_bcf.w:working_gas,U.S. EIA,storage,Working gas storage,South Central,2026-08-21T00:00:00.000000Z,2026-08-28T00:00:00.000000Z,1061.0,Bcf,2026-08-27T14:30:00.000000Z,2026-08-27T14:30:00.000000Z,2026-08-27,https://ir.eia.gov/ngs/wngsr.json,eia_wngsr:1788115874039669000:c7dd258cb0915a825acbed60129cdeb5e37aaf8e0ebe0021c97414369d461469
EIA_WNGSR:png.nw2_epg0_sno_r33_bcf.w:five_year_average,U.S. EIA,storage,Five-year average storage,South Central Nonsalt,2026-08-21T00:00:00.000000Z,2026-08-28T00:00:00.000000Z,788.0,Bcf,2026-08-27T14:30:00.000000Z,2026-08-27T14:30:00.000000Z,2026-08-27,https://ir.eia.gov/ngs/wngsr.json,eia_wngsr:1788115874039669000:c7dd258cb0915a825acbed60129cdeb5e37aaf8e0ebe0021c97414369d461469
EIA_WNGSR:png.nw2_epg0_sno_r33_bcf.w:vs_five_year_average_pct,U.S. EIA,storage,Storage vs 5-year average,South Central Nonsalt,2026-08-21T00:00:00.000000Z,2026-08-28T00:00:00.000000Z,3.2,%,2026-08-27T14:30:00.000000Z,2026-08-27T14:30:00.000000Z,2026-08-27,https://ir.eia.gov/ngs/wngsr.json,eia_wngsr:1788115874039669000:c7dd258cb0915a825acbed60129cdeb5e37aaf8e0ebe0021c97414369d461469
EIA_WNGSR:png.nw2_epg0_sno_r33_bcf.w:vs_year_ago_pct,U.S. EIA,storage,Storage vs year ago,South Central Nonsalt,2026-08-21T00:00:00.000000Z,2026-08-28T00:00:00.000000Z,-4.8,%,2026-08-27T14:30:00.000000Z,2026-08-27T14:30:00.000000Z,2026-08-27,https://ir.eia.gov/ngs/wngsr.json,eia_wngsr:1788115874039669000:c7dd258cb0915a825acbed60129cdeb5e37aaf8e0ebe0021c97414369d461469
EIA_WNGSR:png.nw2_epg0_sno_r33_bcf.w:weekly_change,U.S. EIA,storage,Weekly storage change,South Central Nonsalt,2026-08-21T00:00:00.000000Z,2026-08-28T00:00:00.000000Z,1.0,Bcf,2026-08-27T14:30:00.000000Z,2026-08-27T14:30:00.000000Z,2026-08-27,https://ir.eia.gov/ngs/wngsr.json,eia_wngsr:1788115874039669000:c7dd258cb0915a825acbed60129cdeb5e37aaf8e0ebe0021c97414369d461469
EIA_WNGSR:png.nw2_epg0_sno_r33_bcf.w:working_gas,U.S. EIA,storage,Working gas storage,South Central Nonsalt,2026-08-21T00:00:00.000000Z,2026-08-28T00:00:00.000000Z,813.0,Bcf,2026-08-27T14:30:00.000000Z,2026-08-27T14:30:00.000000Z,2026-08-27,https://ir.eia.gov/ngs/wngsr.json,eia_wngsr:1788115874039669000:c7dd258cb0915a825acbed60129cdeb5e37aaf8e0ebe0021c97414369d461469
EIA_WNGSR:png.nw2_epg0_sso_r33_bcf.w:five_year_average,U.S. EIA,storage,Five-year average storage,South Central Salt,2026-08-21T00:00:00.000000Z,2026-08-28T00:00:00.000000Z,243.0,Bcf,2026-08-27T14:30:00.000000Z,2026-08-27T14:30:00.000000Z,2026-08-27,https://ir.eia.gov/ngs/wngsr.json,eia_wngsr:1788115874039669000:c7dd258cb0915a825acbed60129cdeb5e37aaf8e0ebe0021c97414369d461469
EIA_WNGSR:png.nw2_epg0_sso_r33_bcf.w:vs_five_year_average_pct,U.S. EIA,storage,Storage vs 5-year average,South Central Salt,2026-08-21T00:00:00.000000Z,2026-08-28T00:00:00.000000Z,2.1,%,2026-08-27T14:30:00.000000Z,2026-08-27T14:30:00.000000Z,2026-08-27,https://ir.eia.gov/ngs/wngsr.json,eia_wngsr:1788115874039669000:c7dd258cb0915a825acbed60129cdeb5e37aaf8e0ebe0021c97414369d461469
EIA_WNGSR:png.nw2_epg0_sso_r33_bcf.w:vs_year_ago_pct,U.S. EIA,storage,Storage vs year ago,South Central Salt,2026-08-21T00:00:00.000000Z,2026-08-28T00:00:00.000000Z,-9.2,%,2026-08-27T14:30:00.000000Z,2026-08-27T14:30:00.000000Z,2026-08-27,https://ir.eia.gov/ngs/wngsr.json,eia_wngsr:1788115874039669000:c7dd258cb0915a825acbed60129cdeb5e37aaf8e0ebe0021c97414369d461469
EIA_WNGSR:png.nw2_epg0_sso_r33_bcf.w:weekly_change,U.S. EIA,storage,Weekly storage change,South Central Salt,2026-08-21T00:00:00.000000Z,2026-08-28T00:00:00.000000Z,-20.0,Bcf,2026-08-27T14:30:00.000000Z,2026-08-27T14:30:00.000000Z,2026-08-27,https://ir.eia.gov/ngs/wngsr.json,eia_wngsr:1788115874039669000:c7dd258cb0915a825acbed60129cdeb5e37aaf8e0ebe0021c97414369d461469
EIA_WNGSR:png.nw2_epg0_sso_r33_bcf.w:working_gas,U.S. EIA,storage,Working gas storage,South Central Salt,2026-08-21T00:00:00.000000Z,2026-08-28T00:00:00.000000Z,248.0,Bcf,2026-08-27T14:30:00.000000Z,2026-08-27T14:30:00.000000Z,2026-08-27,https://ir.eia.gov/ngs/wngsr.json,eia_wngsr:1788115874039669000:c7dd258cb0915a825acbed60129cdeb5e37aaf8e0ebe0021c97414369d461469
