notice_id,report_kind,report_updated_on,period_label,period_start,period_end,station_label,operator_segment_id,flow_direction,nominal_capacity_dth_per_day,operating_capacity_dth_per_day,reported_reduction_dth_per_day,calculated_reduction_dth_per_day,reduction_reconciles,outage_description,artifact_id
403802,monthly,2026-08-27,Week 1 (8/31 - 9/6),2026-08-31,2026-09-06,MLV 324 (segment 324 FH),324,FH,1767000,,,,,Sta 321: Unit 1C - Buffer Air Seal (9/8/2026 - 9/10/2026) Sta 323: Station Outage (9/21/2026 - 9/24/2026) Sta 325: Station Outage (9/22/2026 - 9/24/2026),km_tgp_notice_detail:1787932505364330000:46485bb248300193468625e90e1a0552f36c4adb8a4d2cdff1a507c289e82063
403802,seven_day,2026-08-27,Monday (8/31),2026-08-31,2026-08-31,MLV 324 (segment 324 FH),324,FH,1767000,1515000,252000,252000,True,MLV 321-1L to MLV 322-1: Anomaly Remediation (8/31/2026 - 9/5/2026),km_tgp_notice_detail:1787932505364330000:46485bb248300193468625e90e1a0552f36c4adb8a4d2cdff1a507c289e82063
403802,monthly,2026-08-27,Week 1 (8/31 - 9/6),2026-08-31,2026-09-06,MLV 329 (segment 324 FH),324,FH,846000,,,,,MLV 329AS-1 to MLV 329AD-1: Valve Replacement - MLV 329-1 (M) (9/9/2026 - 10/9/2026),km_tgp_notice_detail:1787932505364330000:46485bb248300193468625e90e1a0552f36c4adb8a4d2cdff1a507c289e82063
403802,monthly,2026-08-27,Week 1 (8/31 - 9/6),2026-08-31,2026-09-06,Station 1 (segment 101 BH),101,BH,399000,,,,,MLV 1-1D to MLV 5-1: Spike Test (M) (9/21/2026 - 11/2/2026) Sta 1: Station Power Protection System (9/22/2026),km_tgp_notice_detail:1787932505364330000:46485bb248300193468625e90e1a0552f36c4adb8a4d2cdff1a507c289e82063
403802,seven_day,2026-08-27,Monday (8/31),2026-08-31,2026-08-31,Station 1 (segment 101 BH),101,BH,399000,399000,,0,,,km_tgp_notice_detail:1787932505364330000:46485bb248300193468625e90e1a0552f36c4adb8a4d2cdff1a507c289e82063
403802,monthly,2026-08-27,Week 1 (8/31 - 9/6),2026-08-31,2026-09-06,Station 110 (segment 187 BH) (south thru Kentucky),187,BH,2685000,,,,,MLV 104-1 to MLV 105-1: Anomaly Remediation (8/6/2026 - 9/12/2026) MLV 105-1 to MLV 105-1A: Anomaly Remediation (9/14/2026 - 9/25/2026) MLV 109-4 to MLV 110-4: Pipe Replacement (8/10/2026 - 9/11/2026) MLV 109-5 to MLV 109-5A: Pipe Replacement (9/14/2026 - 10/12/2026) MLV 109-5A to MLV 110-5: Pipe Replacement (9/14/2026 - 10/12/2026) MLV 110-2 to MLV 114-2: CAO - Force Majeure (M) (7/14/2026 - 12/31/2026) MLV 54-3 to MLV 106-3: Emergent Repair - CAO (2/26/2026 - 12/31/2026) MLV 93-4 to MLV 94-4: Anomaly Remediation (M) (9/14/2026 - 9/21/2026) Sta 106: Unit 1C - Engine Maintenance (8/26/2026 - 9/10/2026) Sta 106: Unit 2D - 4K Solar Turbine Inspection (9/16/2026 - 9/18/2026) Sta 87: Unit 3D - Power side Overhaul (6/22/2026 - 9/30/2026),km_tgp_notice_detail:1787932505364330000:46485bb248300193468625e90e1a0552f36c4adb8a4d2cdff1a507c289e82063
403802,seven_day,2026-08-27,Monday (8/31),2026-08-31,2026-08-31,Station 110 (segment 187 BH) (south thru Kentucky),187,BH,2685000,2278000,407000,407000,True,MLV 104-1 to MLV 105-1: Anomaly Remediation (8/6/2026 - 9/12/2026) MLV 109-4 to MLV 110-4: Pipe Replacement (8/10/2026 - 9/11/2026) MLV 110-2 to MLV 114-2: CAO - Force Majeure (M) (7/14/2026 - 12/31/2026) MLV 54-3 to MLV 106-3: Emergent Repair - CAO (2/26/2026 - 12/31/2026) MLV 96-3 to MLV 97-3: Anomaly Remediation (8/24/2026 - 9/4/2026) MLV 96-3BR to MLV 96-3BL: Spike Test (7/27/2026 - 8/31/2026) Sta 106: Unit 1C - Engine Maintenance (8/26/2026 - 9/10/2026) Sta 87: Unit 3D - Power side Overhaul (6/22/2026 - 9/30/2026) Sta 871 Campbellsville: Annual ESD Test (9/1/2026),km_tgp_notice_detail:1787932505364330000:46485bb248300193468625e90e1a0552f36c4adb8a4d2cdff1a507c289e82063
403802,monthly,2026-08-27,Week 1 (8/31 - 9/6),2026-08-31,2026-09-06,Station 114 (segment 114 BH),114,BH,907000,,,,,Sta 119A: Unit 1A - Solar Turbine Inspection (9/14/2026 - 9/16/2026),km_tgp_notice_detail:1787932505364330000:46485bb248300193468625e90e1a0552f36c4adb8a4d2cdff1a507c289e82063
403802,seven_day,2026-08-27,Monday (8/31),2026-08-31,2026-08-31,Station 114 (segment 114 BH),114,BH,907000,393000,514000,514000,True,MLV 117-3 to MLV 118-3: Special Permit Pipe Replacement (8/18/2026 - 9/6/2026) MLV 119-2 to MLV 119-2A: Special Permit Pipe Replacement (8/18/2026 - 9/6/2026),km_tgp_notice_detail:1787932505364330000:46485bb248300193468625e90e1a0552f36c4adb8a4d2cdff1a507c289e82063
403802,monthly,2026-08-27,Week 1 (8/31 - 9/6),2026-08-31,2026-09-06,Station 17 (segment 117 FH),117,FH,1122000,,,,,MLV 17-1D to MLV 20-1A: Pig Run - Chemical Cleaning (9/21/2026) MLV 17-1D to MLV 20-1A: Pig Run - EMAT (9/24/2026) MLV 17-1D to MLV 20-1A: Pig Run - GAUGE PLATE (9/22/2026) MLV 17-1D to MLV 20-1A: Pig Run - MFL-C (9/23/2026) MLV 19-1 TO MLV 20-1A: Pipe Replacement (M) (8/6/2026 - 9/18/2026),km_tgp_notice_detail:1787932505364330000:46485bb248300193468625e90e1a0552f36c4adb8a4d2cdff1a507c289e82063
403802,seven_day,2026-08-27,Monday (8/31),2026-08-31,2026-08-31,Station 17 (segment 117 FH),117,FH,1122000,1100000,22000,22000,True,MLV 19-1 TO MLV 20-1A: Pipe Replacement (M) (8/6/2026 - 9/18/2026),km_tgp_notice_detail:1787932505364330000:46485bb248300193468625e90e1a0552f36c4adb8a4d2cdff1a507c289e82063
403802,monthly,2026-08-27,Week 1 (8/31 - 9/6),2026-08-31,2026-09-06,Station 204 (Segment 204 BH),204,BH,1828000,,,,,MLV 214-3 to MLV 219-3: Pig Run - Cal/IMU/MFL-A Combo (M) (9/10/2026) MLV 214-3 to MLV 219-3: Pig Run - Gauge/Cleaning (M) (9/8/2026),km_tgp_notice_detail:1787932505364330000:46485bb248300193468625e90e1a0552f36c4adb8a4d2cdff1a507c289e82063
403802,seven_day,2026-08-27,Monday (8/31),2026-08-31,2026-08-31,Station 204 (Segment 204 BH),204,BH,1828000,1795000,33000,33000,True,Sta 204: Unit 12A - Engine Maintenace (8/24/2026 - 9/4/2026),km_tgp_notice_detail:1787932505364330000:46485bb248300193468625e90e1a0552f36c4adb8a4d2cdff1a507c289e82063
403802,monthly,2026-08-27,Week 1 (8/31 - 9/6),2026-08-31,2026-09-06,Station 230C (segment 296 FH),296,FH,743000,,,,,Sta 230C: Scrubber / Filter Inspection (M) (9/9/2026 - 9/10/2026),km_tgp_notice_detail:1787932505364330000:46485bb248300193468625e90e1a0552f36c4adb8a4d2cdff1a507c289e82063
403802,monthly,2026-08-27,Week 1 (8/31 - 9/6),2026-08-31,2026-09-06,Station 245 (segment 245 FH),245,FH,986000,,,,,Sta 245: Unit 1A & 2A - Exhaust System & HP Fuel (4/27/2026 - 11/1/2026),km_tgp_notice_detail:1787932505364330000:46485bb248300193468625e90e1a0552f36c4adb8a4d2cdff1a507c289e82063
403802,seven_day,2026-08-27,Monday (8/31),2026-08-31,2026-08-31,Station 245 (segment 245 FH),245,FH,986000,970000,16000,16000,True,Sta 245: Unit 1A & 2A - Exhaust System & HP Fuel (4/27/2026 - 11/1/2026),km_tgp_notice_detail:1787932505364330000:46485bb248300193468625e90e1a0552f36c4adb8a4d2cdff1a507c289e82063
403802,monthly,2026-08-27,Week 1 (8/31 - 9/6),2026-08-31,2026-09-06,Station 25 (segment 125 FH),125,FH,1078000,,,,,,km_tgp_notice_detail:1787932505364330000:46485bb248300193468625e90e1a0552f36c4adb8a4d2cdff1a507c289e82063
403802,seven_day,2026-08-27,Monday (8/31),2026-08-31,2026-08-31,Station 25 (segment 125 FH),125,FH,1078000,1078000,,0,,,km_tgp_notice_detail:1787932505364330000:46485bb248300193468625e90e1a0552f36c4adb8a4d2cdff1a507c289e82063
403802,monthly,2026-08-27,Week 1 (8/31 - 9/6),2026-08-31,2026-09-06,Station 261 Discharge East (segment 261 FH),261,FH,888000,,,,,Sta 264 Charlton: Annual ESD Test (9/23/2026 - 9/24/2026) Sta 264 Charlton: Unit 1C - Engine Maintenance (8/24/2026 - 10/16/2026),km_tgp_notice_detail:1787932505364330000:46485bb248300193468625e90e1a0552f36c4adb8a4d2cdff1a507c289e82063
403802,seven_day,2026-08-27,Monday (8/31),2026-08-31,2026-08-31,Station 261 Discharge East (segment 261 FH),261,FH,888000,715000,173000,173000,True,Sta 264 Charlton: Unit 1C - Engine Maintenance (8/24/2026 - 10/16/2026),km_tgp_notice_detail:1787932505364330000:46485bb248300193468625e90e1a0552f36c4adb8a4d2cdff1a507c289e82063
403802,monthly,2026-08-27,Week 1 (8/31 - 9/6),2026-08-31,2026-09-06,Station 307 (segment 307 BH),307,BH,1153000,,,,,Sta 310: Unit 1A - Water Washes and Borescope (9/21/2026 - 9/22/2026),km_tgp_notice_detail:1787932505364330000:46485bb248300193468625e90e1a0552f36c4adb8a4d2cdff1a507c289e82063
403802,seven_day,2026-08-27,Monday (8/31),2026-08-31,2026-08-31,Station 307 (segment 307 BH),307,BH,1153000,1153000,,0,,,km_tgp_notice_detail:1787932505364330000:46485bb248300193468625e90e1a0552f36c4adb8a4d2cdff1a507c289e82063
403802,monthly,2026-08-27,Week 1 (8/31 - 9/6),2026-08-31,2026-09-06,Station 313 Discharge (segment 399 FH),399,FH,797000,,,,,MLV 313A-101A to MLV 313A-401: Anomaly Remediation (M) (9/7/2026 - 9/19/2026) MLV 313A-101L to MLV 313A-101A: Anomaly Remediation (M) (9/7/2026 - 9/19/2026) MLV 313A-403 to MLV 313A-404: Anomaly Remediation (M) (9/7/2026 - 9/19/2026) MLV 313A-405A to MLV 313A-406: Anomaly Remediation (M) (9/7/2026 - 9/19/2026),km_tgp_notice_detail:1787932505364330000:46485bb248300193468625e90e1a0552f36c4adb8a4d2cdff1a507c289e82063
403802,monthly,2026-08-27,Week 1 (8/31 - 9/6),2026-08-31,2026-09-06,Station 315 (segment 315 BH),315,BH,1823000,,,,,Sta 315: Unit 1B - Water Washes and Borescope (9/16/2026 - 9/17/2026) Sta 315: Unit 2A - Water Washes and Borescope (9/14/2026 - 9/15/2026),km_tgp_notice_detail:1787932505364330000:46485bb248300193468625e90e1a0552f36c4adb8a4d2cdff1a507c289e82063
403802,seven_day,2026-08-27,Monday (8/31),2026-08-31,2026-08-31,Station 315 (segment 315 BH),315,BH,1823000,1823000,,0,,,km_tgp_notice_detail:1787932505364330000:46485bb248300193468625e90e1a0552f36c4adb8a4d2cdff1a507c289e82063
403802,monthly,2026-08-27,Week 1 (8/31 - 9/6),2026-08-31,2026-09-06,Station 405 HC Line (segment 299 FH),299,FH,794000,,,,,,km_tgp_notice_detail:1787932505364330000:46485bb248300193468625e90e1a0552f36c4adb8a4d2cdff1a507c289e82063
403802,seven_day,2026-08-27,Monday (8/31),2026-08-31,2026-08-31,Station 405 HC Line (segment 299 FH),299,FH,794000,794000,,0,,,km_tgp_notice_detail:1787932505364330000:46485bb248300193468625e90e1a0552f36c4adb8a4d2cdff1a507c289e82063
403802,monthly,2026-08-27,Week 1 (8/31 - 9/6),2026-08-31,2026-09-06,Station 409 (Donna Line) (segment 490 FH),490,FH,564000,,,,,,km_tgp_notice_detail:1787932505364330000:46485bb248300193468625e90e1a0552f36c4adb8a4d2cdff1a507c289e82063
403802,seven_day,2026-08-27,Monday (8/31),2026-08-31,2026-08-31,Station 409 (Donna Line) (segment 490 FH),490,FH,564000,564000,,0,,,km_tgp_notice_detail:1787932505364330000:46485bb248300193468625e90e1a0552f36c4adb8a4d2cdff1a507c289e82063
403802,monthly,2026-08-27,Week 1 (8/31 - 9/6),2026-08-31,2026-09-06,Station 409A (Alamo) (segment 492 FH),492,FH,274000,,,,,MLV 409-1 to MLV 406-1: Spike Test (M) (9/14/2026 - 10/31/2026) MLV 409A-101.1 to MLV 409A-103: Pig Runs - Cleaning / Gauge (M) (9/21/2026) MLV 409A-101.1 to MLV 409A-103: Pig Runs - Cleaning / Gauge (M) (9/22/2026) MLV 409A-101.1 to MLV 409A-103: Pig Runs - Cleaning / Gauge (M) (9/23/2026) MLV 409A-101.1 to MLV 409A-103: Pig Runs - EMAT (M) (9/25/2026) MLV 409A-101.1 to MLV 409A-103: Pig Runs - MFL-C (M) (9/24/2026),km_tgp_notice_detail:1787932505364330000:46485bb248300193468625e90e1a0552f36c4adb8a4d2cdff1a507c289e82063
403802,monthly,2026-08-27,Week 1 (8/31 - 9/6),2026-08-31,2026-09-06,Station 47 (segment 143 FH),143,FH,1343000,,,,,MLV 47-4D to MLV 54-4S: Pig Run - AFD Combo (M) (9/8/2026) MLV 47-4D to MLV 54-4S: Pig Run - EMAT (M) (9/10/2026),km_tgp_notice_detail:1787932505364330000:46485bb248300193468625e90e1a0552f36c4adb8a4d2cdff1a507c289e82063
403802,seven_day,2026-08-27,Monday (8/31),2026-08-31,2026-08-31,Station 47 (segment 143 FH),143,FH,1343000,1045000,298000,298000,True,MLV 47-4D to MLV 54-4S: Pig Run - Gauge Cleaning (M) (8/31/2026) MLV 47-4D to MLV 54-4S: Pig Run - Gauge Cleaning (M) (9/1/2026) MLV 47-4D to MLV 54-4S: Pig Run - Gauge Cleaning (M) (9/2/2026),km_tgp_notice_detail:1787932505364330000:46485bb248300193468625e90e1a0552f36c4adb8a4d2cdff1a507c289e82063
403802,monthly,2026-08-27,Week 1 (8/31 - 9/6),2026-08-31,2026-09-06,Station 534 (segment 534 BH),534,BH,1909000,,,,,MLV 534-2 to MLV 535-2: Tallahala Creek HDD (9/21/2026 - 9/30/2026),km_tgp_notice_detail:1787932505364330000:46485bb248300193468625e90e1a0552f36c4adb8a4d2cdff1a507c289e82063
403802,seven_day,2026-08-27,Monday (8/31),2026-08-31,2026-08-31,Station 534 (segment 534 BH),534,BH,1909000,1909000,,0,,Sta 538: Unit 1C - Preventive Maintenance (9/1/2026 - 9/2/2026),km_tgp_notice_detail:1787932505364330000:46485bb248300193468625e90e1a0552f36c4adb8a4d2cdff1a507c289e82063
403802,monthly,2026-08-27,Week 1 (8/31 - 9/6),2026-08-31,2026-09-06,Station 534 South of Pool (segment 530 BH),530,BH,1550000,,,,,MLV 533-2 to MLV 534-2: Pipe Replacement (M) (6/4/2026 - 9/17/2026),km_tgp_notice_detail:1787932505364330000:46485bb248300193468625e90e1a0552f36c4adb8a4d2cdff1a507c289e82063
403802,seven_day,2026-08-27,Monday (8/31),2026-08-31,2026-08-31,Station 534 South of Pool (segment 530 BH),530,BH,1550000,985000,565000,565000,True,MLV 533-2 to MLV 534-2: Pipe Replacement (M) (6/4/2026 - 9/17/2026) Sta 530: Update Safety PLC (9/1/2026),km_tgp_notice_detail:1787932505364330000:46485bb248300193468625e90e1a0552f36c4adb8a4d2cdff1a507c289e82063
403802,monthly,2026-08-27,Week 1 (8/31 - 9/6),2026-08-31,2026-09-06,Station 63 (segment 163 FH),163,FH,1242000,,,,,MLV 54-3 to MLV 106-3: Emergent Repair - CAO (2/26/2026 - 12/31/2026) MLV 82-2C to MLV 83-2: Anomaly Remediation (9/21/2026 - 9/26/2026) MLV 83-1A to MLV 83-1: Anomaly Remediation (9/14/2026 - 9/19/2026) MLV 84-3 to MLV 85-3: Anomaly Remedition (9/22/2026 - 9/27/2026),km_tgp_notice_detail:1787932505364330000:46485bb248300193468625e90e1a0552f36c4adb8a4d2cdff1a507c289e82063
403802,seven_day,2026-08-27,Monday (8/31),2026-08-31,2026-08-31,Station 63 (segment 163 FH),163,FH,1242000,901000,341000,341000,True,MLV 54-3 to MLV 106-3: Emergent Repair - CAO (2/26/2026 - 12/31/2026) MLV 77-3 to MLV 77-3A: Pipe Replacements (8/17/2026 - 8/31/2026),km_tgp_notice_detail:1787932505364330000:46485bb248300193468625e90e1a0552f36c4adb8a4d2cdff1a507c289e82063
403802,monthly,2026-08-27,Week 1 (8/31 - 9/6),2026-08-31,2026-09-06,Station 823 (segment 823 BH),823,BH,734000,,,,,,km_tgp_notice_detail:1787932505364330000:46485bb248300193468625e90e1a0552f36c4adb8a4d2cdff1a507c289e82063
403802,seven_day,2026-08-27,Monday (8/31),2026-08-31,2026-08-31,Station 823 (segment 823 BH),823,BH,734000,734000,,0,,,km_tgp_notice_detail:1787932505364330000:46485bb248300193468625e90e1a0552f36c4adb8a4d2cdff1a507c289e82063
403802,monthly,2026-08-27,Week 1 (8/31 - 9/6),2026-08-31,2026-09-06,Station 834 (segment 834 BH),834,BH,683000,,,,,Sta 834: Unit 1A - Replace Insulation Blanket (9/14/2026 - 9/15/2026) Sta 834: Unit 2A - Replace Insulation Blanket (9/16/2026 - 9/17/2026) Sta 834: Unit 3A - Replace Insulation Blanket (9/18/2026 - 9/19/2026) Sta 834: Unit 4A - Replace Insulation Blanket (9/21/2026 - 9/22/2026) Sta 834: Unit 4A - Replace Lubrication System (9/7/2026 - 9/11/2026),km_tgp_notice_detail:1787932505364330000:46485bb248300193468625e90e1a0552f36c4adb8a4d2cdff1a507c289e82063
403802,seven_day,2026-08-27,Monday (8/31),2026-08-31,2026-08-31,Station 834 (segment 834 BH),834,BH,683000,590000,93000,93000,True,Sta 834: Catalyst Cleaning (8/31/2026 - 9/4/2026) Sta 834: Station Outage (8/31/2026 - 9/2/2026),km_tgp_notice_detail:1787932505364330000:46485bb248300193468625e90e1a0552f36c4adb8a4d2cdff1a507c289e82063
403802,monthly,2026-08-27,Week 1 (8/31 - 9/6),2026-08-31,2026-09-06,Station 860 (segment 548 BH),548,BH,1593000,,,,,"MLV 546-2 to MLV 547-2: Line Recoat (9/14/2026 - 9/18/2026) Sta 542: Unit 2A - Emergent Repair (4/7/2026 - 9/30/2026) Sta 546: Annual ESD Tests & Maintenance (9/14/2026 - 9/18/2026) Sta 555: Scrubber/Filter/Separator Clean, Inspect & Filter Change (9/14/2026) Sta 555: Unit 1B - Hot Gas Path (8/10/2026 - 9/18/2026) Sta 555: Unit 4A - Engine Maintenance (9/21/2026 - 9/24/2026)",km_tgp_notice_detail:1787932505364330000:46485bb248300193468625e90e1a0552f36c4adb8a4d2cdff1a507c289e82063
403802,seven_day,2026-08-27,Monday (8/31),2026-08-31,2026-08-31,Station 860 (segment 548 BH),548,BH,1593000,1390000,203000,203000,True,Sta 542: Unit 2A - Emergent Repair (4/7/2026 - 9/30/2026) Sta 542: Unit 3A - Emergent Repair (3/26/2026 - 8/31/2026) Sta 546: Unit 7A - Metal in Oil (7/14/2025 - 8/31/2026) Sta 555: Unit 1B - Hot Gas Path (8/10/2026 - 9/18/2026),km_tgp_notice_detail:1787932505364330000:46485bb248300193468625e90e1a0552f36c4adb8a4d2cdff1a507c289e82063
403802,monthly,2026-08-27,Week 1 (8/31 - 9/6),2026-08-31,2026-09-06,Station 860 North (Segment 860 BH),860,BH,1874000,,,,,Sta 860: Unit 1A - Aftercooler Jacket Water Inspection (6/17/2025 - 12/31/2026) Sta 860: Unit 1B - Replace Turbocharger (9/21/2026 - 9/25/2026),km_tgp_notice_detail:1787932505364330000:46485bb248300193468625e90e1a0552f36c4adb8a4d2cdff1a507c289e82063
403802,seven_day,2026-08-27,Monday (8/31),2026-08-31,2026-08-31,Station 860 North (Segment 860 BH),860,BH,1874000,1846000,28000,28000,True,Sta 860: Unit 1A - Aftercooler Jacket Water Inspection (6/17/2025 - 12/31/2026),km_tgp_notice_detail:1787932505364330000:46485bb248300193468625e90e1a0552f36c4adb8a4d2cdff1a507c289e82063
403802,monthly,2026-08-27,Week 1 (8/31 - 9/6),2026-08-31,2026-09-06,Station 9 (segment 109 BH),109,BH,1027000,,,,,MLV 2-2 to MLV 3-2: Anomaly Remediation (9/8/2026 - 9/18/2026),km_tgp_notice_detail:1787932505364330000:46485bb248300193468625e90e1a0552f36c4adb8a4d2cdff1a507c289e82063
403802,seven_day,2026-08-27,Monday (8/31),2026-08-31,2026-08-31,Station 9 (segment 109 BH),109,BH,1027000,970000,57000,57000,True,MLV 4-2 to MLV 5-2: Anomaly Remediation (8/27/2026 - 9/4/2026),km_tgp_notice_detail:1787932505364330000:46485bb248300193468625e90e1a0552f36c4adb8a4d2cdff1a507c289e82063
403802,seven_day,2026-08-27,Tuesday (9/1),2026-09-01,2026-09-01,MLV 324 (segment 324 FH),324,FH,1767000,1515000,252000,252000,True,MLV 321-1L to MLV 322-1: Anomaly Remediation (8/31/2026 - 9/5/2026),km_tgp_notice_detail:1787932505364330000:46485bb248300193468625e90e1a0552f36c4adb8a4d2cdff1a507c289e82063
403802,seven_day,2026-08-27,Tuesday (9/1),2026-09-01,2026-09-01,Station 1 (segment 101 BH),101,BH,399000,399000,,0,,,km_tgp_notice_detail:1787932505364330000:46485bb248300193468625e90e1a0552f36c4adb8a4d2cdff1a507c289e82063
403802,seven_day,2026-08-27,Tuesday (9/1),2026-09-01,2026-09-01,Station 110 (segment 187 BH) (south thru Kentucky),187,BH,2685000,2294000,391000,391000,True,MLV 104-1 to MLV 105-1: Anomaly Remediation (8/6/2026 - 9/12/2026) MLV 109-4 to MLV 110-4: Pipe Replacement (8/10/2026 - 9/11/2026) MLV 110-2 to MLV 114-2: CAO - Force Majeure (M) (7/14/2026 - 12/31/2026) MLV 54-3 to MLV 106-3: Emergent Repair - CAO (2/26/2026 - 12/31/2026) MLV 96-3 to MLV 97-3: Anomaly Remediation (8/24/2026 - 9/4/2026) MLV 96-3BR to MLV 96-3BL: Spike Test (7/27/2026 - 8/31/2026) Sta 106: Unit 1C - Engine Maintenance (8/26/2026 - 9/10/2026) Sta 87: Unit 3D - Power side Overhaul (6/22/2026 - 9/30/2026) Sta 871 Campbellsville: Annual ESD Test (9/1/2026),km_tgp_notice_detail:1787932505364330000:46485bb248300193468625e90e1a0552f36c4adb8a4d2cdff1a507c289e82063
403802,seven_day,2026-08-27,Tuesday (9/1),2026-09-01,2026-09-01,Station 114 (segment 114 BH),114,BH,907000,393000,514000,514000,True,MLV 117-3 to MLV 118-3: Special Permit Pipe Replacement (8/18/2026 - 9/6/2026) MLV 119-2 to MLV 119-2A: Special Permit Pipe Replacement (8/18/2026 - 9/6/2026),km_tgp_notice_detail:1787932505364330000:46485bb248300193468625e90e1a0552f36c4adb8a4d2cdff1a507c289e82063
403802,seven_day,2026-08-27,Tuesday (9/1),2026-09-01,2026-09-01,Station 17 (segment 117 FH),117,FH,1122000,1100000,22000,22000,True,MLV 19-1 TO MLV 20-1A: Pipe Replacement (M) (8/6/2026 - 9/18/2026),km_tgp_notice_detail:1787932505364330000:46485bb248300193468625e90e1a0552f36c4adb8a4d2cdff1a507c289e82063
403802,seven_day,2026-08-27,Tuesday (9/1),2026-09-01,2026-09-01,Station 204 (Segment 204 BH),204,BH,1828000,1795000,33000,33000,True,Sta 204: Unit 12A - Engine Maintenace (8/24/2026 - 9/4/2026),km_tgp_notice_detail:1787932505364330000:46485bb248300193468625e90e1a0552f36c4adb8a4d2cdff1a507c289e82063
403802,seven_day,2026-08-27,Tuesday (9/1),2026-09-01,2026-09-01,Station 245 (segment 245 FH),245,FH,986000,970000,16000,16000,True,Sta 245: Unit 1A & 2A - Exhaust System & HP Fuel (4/27/2026 - 11/1/2026),km_tgp_notice_detail:1787932505364330000:46485bb248300193468625e90e1a0552f36c4adb8a4d2cdff1a507c289e82063
403802,seven_day,2026-08-27,Tuesday (9/1),2026-09-01,2026-09-01,Station 25 (segment 125 FH),125,FH,1078000,1078000,,0,,,km_tgp_notice_detail:1787932505364330000:46485bb248300193468625e90e1a0552f36c4adb8a4d2cdff1a507c289e82063
403802,seven_day,2026-08-27,Tuesday (9/1),2026-09-01,2026-09-01,Station 261 Discharge East (segment 261 FH),261,FH,888000,715000,173000,173000,True,Sta 264 Charlton: Unit 1C - Engine Maintenance (8/24/2026 - 10/16/2026),km_tgp_notice_detail:1787932505364330000:46485bb248300193468625e90e1a0552f36c4adb8a4d2cdff1a507c289e82063
403802,seven_day,2026-08-27,Tuesday (9/1),2026-09-01,2026-09-01,Station 307 (segment 307 BH),307,BH,1153000,1153000,,0,,,km_tgp_notice_detail:1787932505364330000:46485bb248300193468625e90e1a0552f36c4adb8a4d2cdff1a507c289e82063
403802,seven_day,2026-08-27,Tuesday (9/1),2026-09-01,2026-09-01,Station 315 (segment 315 BH),315,BH,1823000,1823000,,0,,,km_tgp_notice_detail:1787932505364330000:46485bb248300193468625e90e1a0552f36c4adb8a4d2cdff1a507c289e82063
403802,seven_day,2026-08-27,Tuesday (9/1),2026-09-01,2026-09-01,Station 405 HC Line (segment 299 FH),299,FH,794000,794000,,0,,,km_tgp_notice_detail:1787932505364330000:46485bb248300193468625e90e1a0552f36c4adb8a4d2cdff1a507c289e82063
403802,seven_day,2026-08-27,Tuesday (9/1),2026-09-01,2026-09-01,Station 409 (Donna Line) (segment 490 FH),490,FH,564000,564000,,0,,,km_tgp_notice_detail:1787932505364330000:46485bb248300193468625e90e1a0552f36c4adb8a4d2cdff1a507c289e82063
403802,seven_day,2026-08-27,Tuesday (9/1),2026-09-01,2026-09-01,Station 47 (segment 143 FH),143,FH,1343000,1045000,298000,298000,True,MLV 47-4D to MLV 54-4S: Pig Run - Gauge Cleaning (M) (8/31/2026) MLV 47-4D to MLV 54-4S: Pig Run - Gauge Cleaning (M) (9/1/2026) MLV 47-4D to MLV 54-4S: Pig Run - Gauge Cleaning (M) (9/2/2026),km_tgp_notice_detail:1787932505364330000:46485bb248300193468625e90e1a0552f36c4adb8a4d2cdff1a507c289e82063
403802,seven_day,2026-08-27,Tuesday (9/1),2026-09-01,2026-09-01,Station 534 (segment 534 BH),534,BH,1909000,1645000,264000,264000,True,Sta 538: Unit 1C - Preventive Maintenance (9/1/2026 - 9/2/2026),km_tgp_notice_detail:1787932505364330000:46485bb248300193468625e90e1a0552f36c4adb8a4d2cdff1a507c289e82063
403802,seven_day,2026-08-27,Tuesday (9/1),2026-09-01,2026-09-01,Station 534 South of Pool (segment 530 BH),530,BH,1550000,905000,645000,645000,True,MLV 533-2 to MLV 534-2: Pipe Replacement (M) (6/4/2026 - 9/17/2026) Sta 530: Update Safety PLC (9/1/2026),km_tgp_notice_detail:1787932505364330000:46485bb248300193468625e90e1a0552f36c4adb8a4d2cdff1a507c289e82063
403802,seven_day,2026-08-27,Tuesday (9/1),2026-09-01,2026-09-01,Station 63 (segment 163 FH),163,FH,1242000,1117000,125000,125000,True,MLV 54-3 to MLV 106-3: Emergent Repair - CAO (2/26/2026 - 12/31/2026) MLV 77-3 to MLV 77-3A: Pipe Replacements (8/17/2026 - 8/31/2026),km_tgp_notice_detail:1787932505364330000:46485bb248300193468625e90e1a0552f36c4adb8a4d2cdff1a507c289e82063
403802,seven_day,2026-08-27,Tuesday (9/1),2026-09-01,2026-09-01,Station 823 (segment 823 BH),823,BH,734000,734000,,0,,,km_tgp_notice_detail:1787932505364330000:46485bb248300193468625e90e1a0552f36c4adb8a4d2cdff1a507c289e82063
403802,seven_day,2026-08-27,Tuesday (9/1),2026-09-01,2026-09-01,Station 834 (segment 834 BH),834,BH,683000,590000,93000,93000,True,Sta 834: Catalyst Cleaning (8/31/2026 - 9/4/2026) Sta 834: Station Outage (8/31/2026 - 9/2/2026),km_tgp_notice_detail:1787932505364330000:46485bb248300193468625e90e1a0552f36c4adb8a4d2cdff1a507c289e82063
403802,seven_day,2026-08-27,Tuesday (9/1),2026-09-01,2026-09-01,Station 860 (segment 548 BH),548,BH,1593000,1390000,203000,203000,True,Sta 542: Unit 2A - Emergent Repair (4/7/2026 - 9/30/2026) Sta 542: Unit 3A - Emergent Repair (3/26/2026 - 8/31/2026) Sta 546: Unit 7A - Metal in Oil (7/14/2025 - 8/31/2026) Sta 555: Unit 1B - Hot Gas Path (8/10/2026 - 9/18/2026),km_tgp_notice_detail:1787932505364330000:46485bb248300193468625e90e1a0552f36c4adb8a4d2cdff1a507c289e82063
403802,seven_day,2026-08-27,Tuesday (9/1),2026-09-01,2026-09-01,Station 860 North (Segment 860 BH),860,BH,1874000,1846000,28000,28000,True,Sta 860: Unit 1A - Aftercooler Jacket Water Inspection (6/17/2025 - 12/31/2026),km_tgp_notice_detail:1787932505364330000:46485bb248300193468625e90e1a0552f36c4adb8a4d2cdff1a507c289e82063
403802,seven_day,2026-08-27,Tuesday (9/1),2026-09-01,2026-09-01,Station 9 (segment 109 BH),109,BH,1027000,970000,57000,57000,True,MLV 4-2 to MLV 5-2: Anomaly Remediation (8/27/2026 - 9/4/2026),km_tgp_notice_detail:1787932505364330000:46485bb248300193468625e90e1a0552f36c4adb8a4d2cdff1a507c289e82063
403802,seven_day,2026-08-27,Wednesday (9/2),2026-09-02,2026-09-02,MLV 324 (segment 324 FH),324,FH,1767000,1515000,252000,252000,True,MLV 321-1L to MLV 322-1: Anomaly Remediation (8/31/2026 - 9/5/2026),km_tgp_notice_detail:1787932505364330000:46485bb248300193468625e90e1a0552f36c4adb8a4d2cdff1a507c289e82063
403802,seven_day,2026-08-27,Wednesday (9/2),2026-09-02,2026-09-02,Station 1 (segment 101 BH),101,BH,399000,399000,,0,,,km_tgp_notice_detail:1787932505364330000:46485bb248300193468625e90e1a0552f36c4adb8a4d2cdff1a507c289e82063
403802,seven_day,2026-08-27,Wednesday (9/2),2026-09-02,2026-09-02,Station 110 (segment 187 BH) (south thru Kentucky),187,BH,2685000,2414000,271000,271000,True,MLV 104-1 to MLV 105-1: Anomaly Remediation (8/6/2026 - 9/12/2026) MLV 109-4 to MLV 110-4: Pipe Replacement (8/10/2026 - 9/11/2026) MLV 110-2 to MLV 114-2: CAO - Force Majeure (M) (7/14/2026 - 12/31/2026) MLV 54-3 to MLV 106-3: Emergent Repair - CAO (2/26/2026 - 12/31/2026) MLV 96-3 to MLV 97-3: Anomaly Remediation (8/24/2026 - 9/4/2026) MLV 96-3BR to MLV 96-3BL: Spike Test (7/27/2026 - 8/31/2026) Sta 106: Unit 1C - Engine Maintenance (8/26/2026 - 9/10/2026) Sta 87: Unit 3D - Power side Overhaul (6/22/2026 - 9/30/2026) Sta 871 Campbellsville: Annual ESD Test (9/1/2026),km_tgp_notice_detail:1787932505364330000:46485bb248300193468625e90e1a0552f36c4adb8a4d2cdff1a507c289e82063
403802,seven_day,2026-08-27,Wednesday (9/2),2026-09-02,2026-09-02,Station 114 (segment 114 BH),114,BH,907000,393000,514000,514000,True,MLV 117-3 to MLV 118-3: Special Permit Pipe Replacement (8/18/2026 - 9/6/2026) MLV 119-2 to MLV 119-2A: Special Permit Pipe Replacement (8/18/2026 - 9/6/2026),km_tgp_notice_detail:1787932505364330000:46485bb248300193468625e90e1a0552f36c4adb8a4d2cdff1a507c289e82063
403802,seven_day,2026-08-27,Wednesday (9/2),2026-09-02,2026-09-02,Station 17 (segment 117 FH),117,FH,1122000,1100000,22000,22000,True,MLV 19-1 TO MLV 20-1A: Pipe Replacement (M) (8/6/2026 - 9/18/2026),km_tgp_notice_detail:1787932505364330000:46485bb248300193468625e90e1a0552f36c4adb8a4d2cdff1a507c289e82063
403802,seven_day,2026-08-27,Wednesday (9/2),2026-09-02,2026-09-02,Station 204 (Segment 204 BH),204,BH,1828000,1795000,33000,33000,True,Sta 204: Unit 12A - Engine Maintenace (8/24/2026 - 9/4/2026),km_tgp_notice_detail:1787932505364330000:46485bb248300193468625e90e1a0552f36c4adb8a4d2cdff1a507c289e82063
403802,seven_day,2026-08-27,Wednesday (9/2),2026-09-02,2026-09-02,Station 245 (segment 245 FH),245,FH,986000,970000,16000,16000,True,Sta 245: Unit 1A & 2A - Exhaust System & HP Fuel (4/27/2026 - 11/1/2026),km_tgp_notice_detail:1787932505364330000:46485bb248300193468625e90e1a0552f36c4adb8a4d2cdff1a507c289e82063
403802,seven_day,2026-08-27,Wednesday (9/2),2026-09-02,2026-09-02,Station 25 (segment 125 FH),125,FH,1078000,1078000,,0,,,km_tgp_notice_detail:1787932505364330000:46485bb248300193468625e90e1a0552f36c4adb8a4d2cdff1a507c289e82063
403802,seven_day,2026-08-27,Wednesday (9/2),2026-09-02,2026-09-02,Station 261 Discharge East (segment 261 FH),261,FH,888000,715000,173000,173000,True,Sta 264 Charlton: Unit 1C - Engine Maintenance (8/24/2026 - 10/16/2026),km_tgp_notice_detail:1787932505364330000:46485bb248300193468625e90e1a0552f36c4adb8a4d2cdff1a507c289e82063
403802,seven_day,2026-08-27,Wednesday (9/2),2026-09-02,2026-09-02,Station 307 (segment 307 BH),307,BH,1153000,1153000,,0,,,km_tgp_notice_detail:1787932505364330000:46485bb248300193468625e90e1a0552f36c4adb8a4d2cdff1a507c289e82063
403802,seven_day,2026-08-27,Wednesday (9/2),2026-09-02,2026-09-02,Station 315 (segment 315 BH),315,BH,1823000,1823000,,0,,,km_tgp_notice_detail:1787932505364330000:46485bb248300193468625e90e1a0552f36c4adb8a4d2cdff1a507c289e82063
403802,seven_day,2026-08-27,Wednesday (9/2),2026-09-02,2026-09-02,Station 405 HC Line (segment 299 FH),299,FH,794000,794000,,0,,,km_tgp_notice_detail:1787932505364330000:46485bb248300193468625e90e1a0552f36c4adb8a4d2cdff1a507c289e82063
403802,seven_day,2026-08-27,Wednesday (9/2),2026-09-02,2026-09-02,Station 409 (Donna Line) (segment 490 FH),490,FH,564000,564000,,0,,,km_tgp_notice_detail:1787932505364330000:46485bb248300193468625e90e1a0552f36c4adb8a4d2cdff1a507c289e82063
403802,seven_day,2026-08-27,Wednesday (9/2),2026-09-02,2026-09-02,Station 47 (segment 143 FH),143,FH,1343000,1045000,298000,298000,True,MLV 47-4D to MLV 54-4S: Pig Run - Gauge Cleaning (M) (8/31/2026) MLV 47-4D to MLV 54-4S: Pig Run - Gauge Cleaning (M) (9/1/2026) MLV 47-4D to MLV 54-4S: Pig Run - Gauge Cleaning (M) (9/2/2026),km_tgp_notice_detail:1787932505364330000:46485bb248300193468625e90e1a0552f36c4adb8a4d2cdff1a507c289e82063
403802,seven_day,2026-08-27,Wednesday (9/2),2026-09-02,2026-09-02,Station 534 (segment 534 BH),534,BH,1909000,1645000,264000,264000,True,Sta 538: Unit 1C - Preventive Maintenance (9/1/2026 - 9/2/2026),km_tgp_notice_detail:1787932505364330000:46485bb248300193468625e90e1a0552f36c4adb8a4d2cdff1a507c289e82063
403802,seven_day,2026-08-27,Wednesday (9/2),2026-09-02,2026-09-02,Station 534 South of Pool (segment 530 BH),530,BH,1550000,985000,565000,565000,True,MLV 533-2 to MLV 534-2: Pipe Replacement (M) (6/4/2026 - 9/17/2026) Sta 530: Update Safety PLC (9/1/2026),km_tgp_notice_detail:1787932505364330000:46485bb248300193468625e90e1a0552f36c4adb8a4d2cdff1a507c289e82063
403802,seven_day,2026-08-27,Wednesday (9/2),2026-09-02,2026-09-02,Station 63 (segment 163 FH),163,FH,1242000,1117000,125000,125000,True,MLV 54-3 to MLV 106-3: Emergent Repair - CAO (2/26/2026 - 12/31/2026) MLV 77-3 to MLV 77-3A: Pipe Replacements (8/17/2026 - 8/31/2026),km_tgp_notice_detail:1787932505364330000:46485bb248300193468625e90e1a0552f36c4adb8a4d2cdff1a507c289e82063
403802,seven_day,2026-08-27,Wednesday (9/2),2026-09-02,2026-09-02,Station 823 (segment 823 BH),823,BH,734000,734000,,0,,,km_tgp_notice_detail:1787932505364330000:46485bb248300193468625e90e1a0552f36c4adb8a4d2cdff1a507c289e82063
403802,seven_day,2026-08-27,Wednesday (9/2),2026-09-02,2026-09-02,Station 834 (segment 834 BH),834,BH,683000,590000,93000,93000,True,Sta 834: Catalyst Cleaning (8/31/2026 - 9/4/2026) Sta 834: Station Outage (8/31/2026 - 9/2/2026),km_tgp_notice_detail:1787932505364330000:46485bb248300193468625e90e1a0552f36c4adb8a4d2cdff1a507c289e82063
403802,seven_day,2026-08-27,Wednesday (9/2),2026-09-02,2026-09-02,Station 860 (segment 548 BH),548,BH,1593000,1390000,203000,203000,True,Sta 542: Unit 2A - Emergent Repair (4/7/2026 - 9/30/2026) Sta 542: Unit 3A - Emergent Repair (3/26/2026 - 8/31/2026) Sta 546: Unit 7A - Metal in Oil (7/14/2025 - 8/31/2026) Sta 555: Unit 1B - Hot Gas Path (8/10/2026 - 9/18/2026),km_tgp_notice_detail:1787932505364330000:46485bb248300193468625e90e1a0552f36c4adb8a4d2cdff1a507c289e82063
403802,seven_day,2026-08-27,Wednesday (9/2),2026-09-02,2026-09-02,Station 860 North (Segment 860 BH),860,BH,1874000,1846000,28000,28000,True,Sta 860: Unit 1A - Aftercooler Jacket Water Inspection (6/17/2025 - 12/31/2026),km_tgp_notice_detail:1787932505364330000:46485bb248300193468625e90e1a0552f36c4adb8a4d2cdff1a507c289e82063
403802,seven_day,2026-08-27,Wednesday (9/2),2026-09-02,2026-09-02,Station 9 (segment 109 BH),109,BH,1027000,970000,57000,57000,True,MLV 4-2 to MLV 5-2: Anomaly Remediation (8/27/2026 - 9/4/2026),km_tgp_notice_detail:1787932505364330000:46485bb248300193468625e90e1a0552f36c4adb8a4d2cdff1a507c289e82063
403802,seven_day,2026-08-27,Thursday (9/3),2026-09-03,2026-09-03,MLV 324 (segment 324 FH),324,FH,1767000,1515000,252000,252000,True,MLV 321-1L to MLV 322-1: Anomaly Remediation (8/31/2026 - 9/5/2026),km_tgp_notice_detail:1787932505364330000:46485bb248300193468625e90e1a0552f36c4adb8a4d2cdff1a507c289e82063
403802,seven_day,2026-08-27,Thursday (9/3),2026-09-03,2026-09-03,Station 1 (segment 101 BH),101,BH,399000,399000,,0,,,km_tgp_notice_detail:1787932505364330000:46485bb248300193468625e90e1a0552f36c4adb8a4d2cdff1a507c289e82063
403802,seven_day,2026-08-27,Thursday (9/3),2026-09-03,2026-09-03,Station 110 (segment 187 BH) (south thru Kentucky),187,BH,2685000,2414000,271000,271000,True,MLV 104-1 to MLV 105-1: Anomaly Remediation (8/6/2026 - 9/12/2026) MLV 109-4 to MLV 110-4: Pipe Replacement (8/10/2026 - 9/11/2026) MLV 110-2 to MLV 114-2: CAO - Force Majeure (M) (7/14/2026 - 12/31/2026) MLV 54-3 to MLV 106-3: Emergent Repair - CAO (2/26/2026 - 12/31/2026) MLV 96-3 to MLV 97-3: Anomaly Remediation (8/24/2026 - 9/4/2026) MLV 96-3BR to MLV 96-3BL: Spike Test (7/27/2026 - 8/31/2026) Sta 106: Unit 1C - Engine Maintenance (8/26/2026 - 9/10/2026) Sta 87: Unit 3D - Power side Overhaul (6/22/2026 - 9/30/2026) Sta 871 Campbellsville: Annual ESD Test (9/1/2026),km_tgp_notice_detail:1787932505364330000:46485bb248300193468625e90e1a0552f36c4adb8a4d2cdff1a507c289e82063
403802,seven_day,2026-08-27,Thursday (9/3),2026-09-03,2026-09-03,Station 114 (segment 114 BH),114,BH,907000,393000,514000,514000,True,MLV 117-3 to MLV 118-3: Special Permit Pipe Replacement (8/18/2026 - 9/6/2026) MLV 119-2 to MLV 119-2A: Special Permit Pipe Replacement (8/18/2026 - 9/6/2026),km_tgp_notice_detail:1787932505364330000:46485bb248300193468625e90e1a0552f36c4adb8a4d2cdff1a507c289e82063
403802,seven_day,2026-08-27,Thursday (9/3),2026-09-03,2026-09-03,Station 17 (segment 117 FH),117,FH,1122000,1100000,22000,22000,True,MLV 19-1 TO MLV 20-1A: Pipe Replacement (M) (8/6/2026 - 9/18/2026),km_tgp_notice_detail:1787932505364330000:46485bb248300193468625e90e1a0552f36c4adb8a4d2cdff1a507c289e82063
403802,seven_day,2026-08-27,Thursday (9/3),2026-09-03,2026-09-03,Station 204 (Segment 204 BH),204,BH,1828000,1795000,33000,33000,True,Sta 204: Unit 12A - Engine Maintenace (8/24/2026 - 9/4/2026),km_tgp_notice_detail:1787932505364330000:46485bb248300193468625e90e1a0552f36c4adb8a4d2cdff1a507c289e82063
403802,seven_day,2026-08-27,Thursday (9/3),2026-09-03,2026-09-03,Station 245 (segment 245 FH),245,FH,986000,970000,16000,16000,True,Sta 245: Unit 1A & 2A - Exhaust System & HP Fuel (4/27/2026 - 11/1/2026),km_tgp_notice_detail:1787932505364330000:46485bb248300193468625e90e1a0552f36c4adb8a4d2cdff1a507c289e82063
403802,seven_day,2026-08-27,Thursday (9/3),2026-09-03,2026-09-03,Station 25 (segment 125 FH),125,FH,1078000,1078000,,0,,,km_tgp_notice_detail:1787932505364330000:46485bb248300193468625e90e1a0552f36c4adb8a4d2cdff1a507c289e82063
403802,seven_day,2026-08-27,Thursday (9/3),2026-09-03,2026-09-03,Station 261 Discharge East (segment 261 FH),261,FH,888000,715000,173000,173000,True,Sta 264 Charlton: Unit 1C - Engine Maintenance (8/24/2026 - 10/16/2026),km_tgp_notice_detail:1787932505364330000:46485bb248300193468625e90e1a0552f36c4adb8a4d2cdff1a507c289e82063
403802,seven_day,2026-08-27,Thursday (9/3),2026-09-03,2026-09-03,Station 307 (segment 307 BH),307,BH,1153000,1153000,,0,,,km_tgp_notice_detail:1787932505364330000:46485bb248300193468625e90e1a0552f36c4adb8a4d2cdff1a507c289e82063
403802,seven_day,2026-08-27,Thursday (9/3),2026-09-03,2026-09-03,Station 315 (segment 315 BH),315,BH,1823000,1823000,,0,,,km_tgp_notice_detail:1787932505364330000:46485bb248300193468625e90e1a0552f36c4adb8a4d2cdff1a507c289e82063
403802,seven_day,2026-08-27,Thursday (9/3),2026-09-03,2026-09-03,Station 405 HC Line (segment 299 FH),299,FH,794000,794000,,0,,,km_tgp_notice_detail:1787932505364330000:46485bb248300193468625e90e1a0552f36c4adb8a4d2cdff1a507c289e82063
403802,seven_day,2026-08-27,Thursday (9/3),2026-09-03,2026-09-03,Station 409 (Donna Line) (segment 490 FH),490,FH,564000,564000,,0,,,km_tgp_notice_detail:1787932505364330000:46485bb248300193468625e90e1a0552f36c4adb8a4d2cdff1a507c289e82063
403802,seven_day,2026-08-27,Thursday (9/3),2026-09-03,2026-09-03,Station 47 (segment 143 FH),143,FH,1343000,1343000,,0,,MLV 47-4D to MLV 54-4S: Pig Run - Gauge Cleaning (M) (8/31/2026) MLV 47-4D to MLV 54-4S: Pig Run - Gauge Cleaning (M) (9/1/2026) MLV 47-4D to MLV 54-4S: Pig Run - Gauge Cleaning (M) (9/2/2026),km_tgp_notice_detail:1787932505364330000:46485bb248300193468625e90e1a0552f36c4adb8a4d2cdff1a507c289e82063
403802,seven_day,2026-08-27,Thursday (9/3),2026-09-03,2026-09-03,Station 534 (segment 534 BH),534,BH,1909000,1909000,,0,,Sta 538: Unit 1C - Preventive Maintenance (9/1/2026 - 9/2/2026),km_tgp_notice_detail:1787932505364330000:46485bb248300193468625e90e1a0552f36c4adb8a4d2cdff1a507c289e82063
403802,seven_day,2026-08-27,Thursday (9/3),2026-09-03,2026-09-03,Station 534 South of Pool (segment 530 BH),530,BH,1550000,985000,565000,565000,True,MLV 533-2 to MLV 534-2: Pipe Replacement (M) (6/4/2026 - 9/17/2026) Sta 530: Update Safety PLC (9/1/2026),km_tgp_notice_detail:1787932505364330000:46485bb248300193468625e90e1a0552f36c4adb8a4d2cdff1a507c289e82063
403802,seven_day,2026-08-27,Thursday (9/3),2026-09-03,2026-09-03,Station 63 (segment 163 FH),163,FH,1242000,1117000,125000,125000,True,MLV 54-3 to MLV 106-3: Emergent Repair - CAO (2/26/2026 - 12/31/2026) MLV 77-3 to MLV 77-3A: Pipe Replacements (8/17/2026 - 8/31/2026),km_tgp_notice_detail:1787932505364330000:46485bb248300193468625e90e1a0552f36c4adb8a4d2cdff1a507c289e82063
403802,seven_day,2026-08-27,Thursday (9/3),2026-09-03,2026-09-03,Station 823 (segment 823 BH),823,BH,734000,734000,,0,,,km_tgp_notice_detail:1787932505364330000:46485bb248300193468625e90e1a0552f36c4adb8a4d2cdff1a507c289e82063
403802,seven_day,2026-08-27,Thursday (9/3),2026-09-03,2026-09-03,Station 834 (segment 834 BH),834,BH,683000,590000,93000,93000,True,Sta 834: Catalyst Cleaning (8/31/2026 - 9/4/2026) Sta 834: Station Outage (8/31/2026 - 9/2/2026),km_tgp_notice_detail:1787932505364330000:46485bb248300193468625e90e1a0552f36c4adb8a4d2cdff1a507c289e82063
403802,seven_day,2026-08-27,Thursday (9/3),2026-09-03,2026-09-03,Station 860 (segment 548 BH),548,BH,1593000,1390000,203000,203000,True,Sta 542: Unit 2A - Emergent Repair (4/7/2026 - 9/30/2026) Sta 542: Unit 3A - Emergent Repair (3/26/2026 - 8/31/2026) Sta 546: Unit 7A - Metal in Oil (7/14/2025 - 8/31/2026) Sta 555: Unit 1B - Hot Gas Path (8/10/2026 - 9/18/2026),km_tgp_notice_detail:1787932505364330000:46485bb248300193468625e90e1a0552f36c4adb8a4d2cdff1a507c289e82063
403802,seven_day,2026-08-27,Thursday (9/3),2026-09-03,2026-09-03,Station 860 North (Segment 860 BH),860,BH,1874000,1846000,28000,28000,True,Sta 860: Unit 1A - Aftercooler Jacket Water Inspection (6/17/2025 - 12/31/2026),km_tgp_notice_detail:1787932505364330000:46485bb248300193468625e90e1a0552f36c4adb8a4d2cdff1a507c289e82063
403802,seven_day,2026-08-27,Thursday (9/3),2026-09-03,2026-09-03,Station 9 (segment 109 BH),109,BH,1027000,970000,57000,57000,True,MLV 4-2 to MLV 5-2: Anomaly Remediation (8/27/2026 - 9/4/2026),km_tgp_notice_detail:1787932505364330000:46485bb248300193468625e90e1a0552f36c4adb8a4d2cdff1a507c289e82063
403802,seven_day,2026-08-27,Friday (9/4),2026-09-04,2026-09-04,MLV 324 (segment 324 FH),324,FH,1767000,1515000,252000,252000,True,MLV 321-1L to MLV 322-1: Anomaly Remediation (8/31/2026 - 9/5/2026),km_tgp_notice_detail:1787932505364330000:46485bb248300193468625e90e1a0552f36c4adb8a4d2cdff1a507c289e82063
403802,seven_day,2026-08-27,Friday (9/4),2026-09-04,2026-09-04,Station 1 (segment 101 BH),101,BH,399000,399000,,0,,,km_tgp_notice_detail:1787932505364330000:46485bb248300193468625e90e1a0552f36c4adb8a4d2cdff1a507c289e82063
403802,seven_day,2026-08-27,Friday (9/4),2026-09-04,2026-09-04,Station 110 (segment 187 BH) (south thru Kentucky),187,BH,2685000,2414000,271000,271000,True,MLV 104-1 to MLV 105-1: Anomaly Remediation (8/6/2026 - 9/12/2026) MLV 109-4 to MLV 110-4: Pipe Replacement (8/10/2026 - 9/11/2026) MLV 110-2 to MLV 114-2: CAO - Force Majeure (M) (7/14/2026 - 12/31/2026) MLV 54-3 to MLV 106-3: Emergent Repair - CAO (2/26/2026 - 12/31/2026) MLV 96-3 to MLV 97-3: Anomaly Remediation (8/24/2026 - 9/4/2026) MLV 96-3BR to MLV 96-3BL: Spike Test (7/27/2026 - 8/31/2026) Sta 106: Unit 1C - Engine Maintenance (8/26/2026 - 9/10/2026) Sta 87: Unit 3D - Power side Overhaul (6/22/2026 - 9/30/2026) Sta 871 Campbellsville: Annual ESD Test (9/1/2026),km_tgp_notice_detail:1787932505364330000:46485bb248300193468625e90e1a0552f36c4adb8a4d2cdff1a507c289e82063
403802,seven_day,2026-08-27,Friday (9/4),2026-09-04,2026-09-04,Station 114 (segment 114 BH),114,BH,907000,393000,514000,514000,True,MLV 117-3 to MLV 118-3: Special Permit Pipe Replacement (8/18/2026 - 9/6/2026) MLV 119-2 to MLV 119-2A: Special Permit Pipe Replacement (8/18/2026 - 9/6/2026),km_tgp_notice_detail:1787932505364330000:46485bb248300193468625e90e1a0552f36c4adb8a4d2cdff1a507c289e82063
403802,seven_day,2026-08-27,Friday (9/4),2026-09-04,2026-09-04,Station 17 (segment 117 FH),117,FH,1122000,1100000,22000,22000,True,MLV 19-1 TO MLV 20-1A: Pipe Replacement (M) (8/6/2026 - 9/18/2026),km_tgp_notice_detail:1787932505364330000:46485bb248300193468625e90e1a0552f36c4adb8a4d2cdff1a507c289e82063
403802,seven_day,2026-08-27,Friday (9/4),2026-09-04,2026-09-04,Station 204 (Segment 204 BH),204,BH,1828000,1795000,33000,33000,True,Sta 204: Unit 12A - Engine Maintenace (8/24/2026 - 9/4/2026),km_tgp_notice_detail:1787932505364330000:46485bb248300193468625e90e1a0552f36c4adb8a4d2cdff1a507c289e82063
403802,seven_day,2026-08-27,Friday (9/4),2026-09-04,2026-09-04,Station 245 (segment 245 FH),245,FH,986000,970000,16000,16000,True,Sta 245: Unit 1A & 2A - Exhaust System & HP Fuel (4/27/2026 - 11/1/2026),km_tgp_notice_detail:1787932505364330000:46485bb248300193468625e90e1a0552f36c4adb8a4d2cdff1a507c289e82063
403802,seven_day,2026-08-27,Friday (9/4),2026-09-04,2026-09-04,Station 25 (segment 125 FH),125,FH,1078000,1078000,,0,,,km_tgp_notice_detail:1787932505364330000:46485bb248300193468625e90e1a0552f36c4adb8a4d2cdff1a507c289e82063
403802,seven_day,2026-08-27,Friday (9/4),2026-09-04,2026-09-04,Station 261 Discharge East (segment 261 FH),261,FH,888000,715000,173000,173000,True,Sta 264 Charlton: Unit 1C - Engine Maintenance (8/24/2026 - 10/16/2026),km_tgp_notice_detail:1787932505364330000:46485bb248300193468625e90e1a0552f36c4adb8a4d2cdff1a507c289e82063
403802,seven_day,2026-08-27,Friday (9/4),2026-09-04,2026-09-04,Station 307 (segment 307 BH),307,BH,1153000,1153000,,0,,,km_tgp_notice_detail:1787932505364330000:46485bb248300193468625e90e1a0552f36c4adb8a4d2cdff1a507c289e82063
403802,seven_day,2026-08-27,Friday (9/4),2026-09-04,2026-09-04,Station 315 (segment 315 BH),315,BH,1823000,1823000,,0,,,km_tgp_notice_detail:1787932505364330000:46485bb248300193468625e90e1a0552f36c4adb8a4d2cdff1a507c289e82063
403802,seven_day,2026-08-27,Friday (9/4),2026-09-04,2026-09-04,Station 405 HC Line (segment 299 FH),299,FH,794000,794000,,0,,,km_tgp_notice_detail:1787932505364330000:46485bb248300193468625e90e1a0552f36c4adb8a4d2cdff1a507c289e82063
403802,seven_day,2026-08-27,Friday (9/4),2026-09-04,2026-09-04,Station 409 (Donna Line) (segment 490 FH),490,FH,564000,564000,,0,,,km_tgp_notice_detail:1787932505364330000:46485bb248300193468625e90e1a0552f36c4adb8a4d2cdff1a507c289e82063
403802,seven_day,2026-08-27,Friday (9/4),2026-09-04,2026-09-04,Station 47 (segment 143 FH),143,FH,1343000,1343000,,0,,MLV 47-4D to MLV 54-4S: Pig Run - Gauge Cleaning (M) (8/31/2026) MLV 47-4D to MLV 54-4S: Pig Run - Gauge Cleaning (M) (9/1/2026) MLV 47-4D to MLV 54-4S: Pig Run - Gauge Cleaning (M) (9/2/2026),km_tgp_notice_detail:1787932505364330000:46485bb248300193468625e90e1a0552f36c4adb8a4d2cdff1a507c289e82063
403802,seven_day,2026-08-27,Friday (9/4),2026-09-04,2026-09-04,Station 534 (segment 534 BH),534,BH,1909000,1909000,,0,,Sta 538: Unit 1C - Preventive Maintenance (9/1/2026 - 9/2/2026),km_tgp_notice_detail:1787932505364330000:46485bb248300193468625e90e1a0552f36c4adb8a4d2cdff1a507c289e82063
403802,seven_day,2026-08-27,Friday (9/4),2026-09-04,2026-09-04,Station 534 South of Pool (segment 530 BH),530,BH,1550000,985000,565000,565000,True,MLV 533-2 to MLV 534-2: Pipe Replacement (M) (6/4/2026 - 9/17/2026) Sta 530: Update Safety PLC (9/1/2026),km_tgp_notice_detail:1787932505364330000:46485bb248300193468625e90e1a0552f36c4adb8a4d2cdff1a507c289e82063
403802,seven_day,2026-08-27,Friday (9/4),2026-09-04,2026-09-04,Station 63 (segment 163 FH),163,FH,1242000,1117000,125000,125000,True,MLV 54-3 to MLV 106-3: Emergent Repair - CAO (2/26/2026 - 12/31/2026) MLV 77-3 to MLV 77-3A: Pipe Replacements (8/17/2026 - 8/31/2026),km_tgp_notice_detail:1787932505364330000:46485bb248300193468625e90e1a0552f36c4adb8a4d2cdff1a507c289e82063
403802,seven_day,2026-08-27,Friday (9/4),2026-09-04,2026-09-04,Station 823 (segment 823 BH),823,BH,734000,734000,,0,,,km_tgp_notice_detail:1787932505364330000:46485bb248300193468625e90e1a0552f36c4adb8a4d2cdff1a507c289e82063
403802,seven_day,2026-08-27,Friday (9/4),2026-09-04,2026-09-04,Station 834 (segment 834 BH),834,BH,683000,590000,93000,93000,True,Sta 834: Catalyst Cleaning (8/31/2026 - 9/4/2026) Sta 834: Station Outage (8/31/2026 - 9/2/2026),km_tgp_notice_detail:1787932505364330000:46485bb248300193468625e90e1a0552f36c4adb8a4d2cdff1a507c289e82063
403802,seven_day,2026-08-27,Friday (9/4),2026-09-04,2026-09-04,Station 860 (segment 548 BH),548,BH,1593000,1390000,203000,203000,True,Sta 542: Unit 2A - Emergent Repair (4/7/2026 - 9/30/2026) Sta 542: Unit 3A - Emergent Repair (3/26/2026 - 8/31/2026) Sta 546: Unit 7A - Metal in Oil (7/14/2025 - 8/31/2026) Sta 555: Unit 1B - Hot Gas Path (8/10/2026 - 9/18/2026),km_tgp_notice_detail:1787932505364330000:46485bb248300193468625e90e1a0552f36c4adb8a4d2cdff1a507c289e82063
403802,seven_day,2026-08-27,Friday (9/4),2026-09-04,2026-09-04,Station 860 North (Segment 860 BH),860,BH,1874000,1846000,28000,28000,True,Sta 860: Unit 1A - Aftercooler Jacket Water Inspection (6/17/2025 - 12/31/2026),km_tgp_notice_detail:1787932505364330000:46485bb248300193468625e90e1a0552f36c4adb8a4d2cdff1a507c289e82063
403802,seven_day,2026-08-27,Friday (9/4),2026-09-04,2026-09-04,Station 9 (segment 109 BH),109,BH,1027000,970000,57000,57000,True,MLV 4-2 to MLV 5-2: Anomaly Remediation (8/27/2026 - 9/4/2026),km_tgp_notice_detail:1787932505364330000:46485bb248300193468625e90e1a0552f36c4adb8a4d2cdff1a507c289e82063
403802,seven_day,2026-08-27,Saturday (9/5),2026-09-05,2026-09-05,MLV 324 (segment 324 FH),324,FH,1767000,1515000,252000,252000,True,MLV 321-1L to MLV 322-1: Anomaly Remediation (8/31/2026 - 9/5/2026),km_tgp_notice_detail:1787932505364330000:46485bb248300193468625e90e1a0552f36c4adb8a4d2cdff1a507c289e82063
403802,seven_day,2026-08-27,Saturday (9/5),2026-09-05,2026-09-05,Station 1 (segment 101 BH),101,BH,399000,399000,,0,,,km_tgp_notice_detail:1787932505364330000:46485bb248300193468625e90e1a0552f36c4adb8a4d2cdff1a507c289e82063
403802,seven_day,2026-08-27,Saturday (9/5),2026-09-05,2026-09-05,Station 110 (segment 187 BH) (south thru Kentucky),187,BH,2685000,2424000,261000,261000,True,MLV 104-1 to MLV 105-1: Anomaly Remediation (8/6/2026 - 9/12/2026) MLV 109-4 to MLV 110-4: Pipe Replacement (8/10/2026 - 9/11/2026) MLV 110-2 to MLV 114-2: CAO - Force Majeure (M) (7/14/2026 - 12/31/2026) MLV 54-3 to MLV 106-3: Emergent Repair - CAO (2/26/2026 - 12/31/2026) MLV 96-3 to MLV 97-3: Anomaly Remediation (8/24/2026 - 9/4/2026) MLV 96-3BR to MLV 96-3BL: Spike Test (7/27/2026 - 8/31/2026) Sta 106: Unit 1C - Engine Maintenance (8/26/2026 - 9/10/2026) Sta 87: Unit 3D - Power side Overhaul (6/22/2026 - 9/30/2026) Sta 871 Campbellsville: Annual ESD Test (9/1/2026),km_tgp_notice_detail:1787932505364330000:46485bb248300193468625e90e1a0552f36c4adb8a4d2cdff1a507c289e82063
403802,seven_day,2026-08-27,Saturday (9/5),2026-09-05,2026-09-05,Station 114 (segment 114 BH),114,BH,907000,393000,514000,514000,True,MLV 117-3 to MLV 118-3: Special Permit Pipe Replacement (8/18/2026 - 9/6/2026) MLV 119-2 to MLV 119-2A: Special Permit Pipe Replacement (8/18/2026 - 9/6/2026),km_tgp_notice_detail:1787932505364330000:46485bb248300193468625e90e1a0552f36c4adb8a4d2cdff1a507c289e82063
403802,seven_day,2026-08-27,Saturday (9/5),2026-09-05,2026-09-05,Station 17 (segment 117 FH),117,FH,1122000,1100000,22000,22000,True,MLV 19-1 TO MLV 20-1A: Pipe Replacement (M) (8/6/2026 - 9/18/2026),km_tgp_notice_detail:1787932505364330000:46485bb248300193468625e90e1a0552f36c4adb8a4d2cdff1a507c289e82063
403802,seven_day,2026-08-27,Saturday (9/5),2026-09-05,2026-09-05,Station 204 (Segment 204 BH),204,BH,1828000,1828000,,0,,Sta 204: Unit 12A - Engine Maintenace (8/24/2026 - 9/4/2026),km_tgp_notice_detail:1787932505364330000:46485bb248300193468625e90e1a0552f36c4adb8a4d2cdff1a507c289e82063
403802,seven_day,2026-08-27,Saturday (9/5),2026-09-05,2026-09-05,Station 245 (segment 245 FH),245,FH,986000,970000,16000,16000,True,Sta 245: Unit 1A & 2A - Exhaust System & HP Fuel (4/27/2026 - 11/1/2026),km_tgp_notice_detail:1787932505364330000:46485bb248300193468625e90e1a0552f36c4adb8a4d2cdff1a507c289e82063
403802,seven_day,2026-08-27,Saturday (9/5),2026-09-05,2026-09-05,Station 25 (segment 125 FH),125,FH,1078000,1078000,,0,,,km_tgp_notice_detail:1787932505364330000:46485bb248300193468625e90e1a0552f36c4adb8a4d2cdff1a507c289e82063
403802,seven_day,2026-08-27,Saturday (9/5),2026-09-05,2026-09-05,Station 261 Discharge East (segment 261 FH),261,FH,888000,715000,173000,173000,True,Sta 264 Charlton: Unit 1C - Engine Maintenance (8/24/2026 - 10/16/2026),km_tgp_notice_detail:1787932505364330000:46485bb248300193468625e90e1a0552f36c4adb8a4d2cdff1a507c289e82063
403802,seven_day,2026-08-27,Saturday (9/5),2026-09-05,2026-09-05,Station 307 (segment 307 BH),307,BH,1153000,1153000,,0,,,km_tgp_notice_detail:1787932505364330000:46485bb248300193468625e90e1a0552f36c4adb8a4d2cdff1a507c289e82063
403802,seven_day,2026-08-27,Saturday (9/5),2026-09-05,2026-09-05,Station 315 (segment 315 BH),315,BH,1823000,1823000,,0,,,km_tgp_notice_detail:1787932505364330000:46485bb248300193468625e90e1a0552f36c4adb8a4d2cdff1a507c289e82063
403802,seven_day,2026-08-27,Saturday (9/5),2026-09-05,2026-09-05,Station 405 HC Line (segment 299 FH),299,FH,794000,794000,,0,,,km_tgp_notice_detail:1787932505364330000:46485bb248300193468625e90e1a0552f36c4adb8a4d2cdff1a507c289e82063
403802,seven_day,2026-08-27,Saturday (9/5),2026-09-05,2026-09-05,Station 409 (Donna Line) (segment 490 FH),490,FH,564000,564000,,0,,,km_tgp_notice_detail:1787932505364330000:46485bb248300193468625e90e1a0552f36c4adb8a4d2cdff1a507c289e82063
403802,seven_day,2026-08-27,Saturday (9/5),2026-09-05,2026-09-05,Station 47 (segment 143 FH),143,FH,1343000,1343000,,0,,MLV 47-4D to MLV 54-4S: Pig Run - Gauge Cleaning (M) (8/31/2026) MLV 47-4D to MLV 54-4S: Pig Run - Gauge Cleaning (M) (9/1/2026) MLV 47-4D to MLV 54-4S: Pig Run - Gauge Cleaning (M) (9/2/2026),km_tgp_notice_detail:1787932505364330000:46485bb248300193468625e90e1a0552f36c4adb8a4d2cdff1a507c289e82063
403802,seven_day,2026-08-27,Saturday (9/5),2026-09-05,2026-09-05,Station 534 (segment 534 BH),534,BH,1909000,1909000,,0,,Sta 538: Unit 1C - Preventive Maintenance (9/1/2026 - 9/2/2026),km_tgp_notice_detail:1787932505364330000:46485bb248300193468625e90e1a0552f36c4adb8a4d2cdff1a507c289e82063
403802,seven_day,2026-08-27,Saturday (9/5),2026-09-05,2026-09-05,Station 534 South of Pool (segment 530 BH),530,BH,1550000,985000,565000,565000,True,MLV 533-2 to MLV 534-2: Pipe Replacement (M) (6/4/2026 - 9/17/2026) Sta 530: Update Safety PLC (9/1/2026),km_tgp_notice_detail:1787932505364330000:46485bb248300193468625e90e1a0552f36c4adb8a4d2cdff1a507c289e82063
403802,seven_day,2026-08-27,Saturday (9/5),2026-09-05,2026-09-05,Station 63 (segment 163 FH),163,FH,1242000,1117000,125000,125000,True,MLV 54-3 to MLV 106-3: Emergent Repair - CAO (2/26/2026 - 12/31/2026) MLV 77-3 to MLV 77-3A: Pipe Replacements (8/17/2026 - 8/31/2026),km_tgp_notice_detail:1787932505364330000:46485bb248300193468625e90e1a0552f36c4adb8a4d2cdff1a507c289e82063
403802,seven_day,2026-08-27,Saturday (9/5),2026-09-05,2026-09-05,Station 823 (segment 823 BH),823,BH,734000,734000,,0,,,km_tgp_notice_detail:1787932505364330000:46485bb248300193468625e90e1a0552f36c4adb8a4d2cdff1a507c289e82063
403802,seven_day,2026-08-27,Saturday (9/5),2026-09-05,2026-09-05,Station 834 (segment 834 BH),834,BH,683000,683000,,0,,Sta 834: Catalyst Cleaning (8/31/2026 - 9/4/2026) Sta 834: Station Outage (8/31/2026 - 9/2/2026),km_tgp_notice_detail:1787932505364330000:46485bb248300193468625e90e1a0552f36c4adb8a4d2cdff1a507c289e82063
403802,seven_day,2026-08-27,Saturday (9/5),2026-09-05,2026-09-05,Station 860 (segment 548 BH),548,BH,1593000,1390000,203000,203000,True,Sta 542: Unit 2A - Emergent Repair (4/7/2026 - 9/30/2026) Sta 542: Unit 3A - Emergent Repair (3/26/2026 - 8/31/2026) Sta 546: Unit 7A - Metal in Oil (7/14/2025 - 8/31/2026) Sta 555: Unit 1B - Hot Gas Path (8/10/2026 - 9/18/2026),km_tgp_notice_detail:1787932505364330000:46485bb248300193468625e90e1a0552f36c4adb8a4d2cdff1a507c289e82063
403802,seven_day,2026-08-27,Saturday (9/5),2026-09-05,2026-09-05,Station 860 North (Segment 860 BH),860,BH,1874000,1846000,28000,28000,True,Sta 860: Unit 1A - Aftercooler Jacket Water Inspection (6/17/2025 - 12/31/2026),km_tgp_notice_detail:1787932505364330000:46485bb248300193468625e90e1a0552f36c4adb8a4d2cdff1a507c289e82063
403802,seven_day,2026-08-27,Saturday (9/5),2026-09-05,2026-09-05,Station 9 (segment 109 BH),109,BH,1027000,1027000,,0,,MLV 4-2 to MLV 5-2: Anomaly Remediation (8/27/2026 - 9/4/2026),km_tgp_notice_detail:1787932505364330000:46485bb248300193468625e90e1a0552f36c4adb8a4d2cdff1a507c289e82063
403802,seven_day,2026-08-27,Sunday (9/6),2026-09-06,2026-09-06,MLV 324 (segment 324 FH),324,FH,1767000,1767000,,0,,MLV 321-1L to MLV 322-1: Anomaly Remediation (8/31/2026 - 9/5/2026),km_tgp_notice_detail:1787932505364330000:46485bb248300193468625e90e1a0552f36c4adb8a4d2cdff1a507c289e82063
403802,seven_day,2026-08-27,Sunday (9/6),2026-09-06,2026-09-06,Station 1 (segment 101 BH),101,BH,399000,399000,,0,,,km_tgp_notice_detail:1787932505364330000:46485bb248300193468625e90e1a0552f36c4adb8a4d2cdff1a507c289e82063
403802,seven_day,2026-08-27,Sunday (9/6),2026-09-06,2026-09-06,Station 110 (segment 187 BH) (south thru Kentucky),187,BH,2685000,2424000,261000,261000,True,MLV 104-1 to MLV 105-1: Anomaly Remediation (8/6/2026 - 9/12/2026) MLV 109-4 to MLV 110-4: Pipe Replacement (8/10/2026 - 9/11/2026) MLV 110-2 to MLV 114-2: CAO - Force Majeure (M) (7/14/2026 - 12/31/2026) MLV 54-3 to MLV 106-3: Emergent Repair - CAO (2/26/2026 - 12/31/2026) MLV 96-3 to MLV 97-3: Anomaly Remediation (8/24/2026 - 9/4/2026) MLV 96-3BR to MLV 96-3BL: Spike Test (7/27/2026 - 8/31/2026) Sta 106: Unit 1C - Engine Maintenance (8/26/2026 - 9/10/2026) Sta 87: Unit 3D - Power side Overhaul (6/22/2026 - 9/30/2026) Sta 871 Campbellsville: Annual ESD Test (9/1/2026),km_tgp_notice_detail:1787932505364330000:46485bb248300193468625e90e1a0552f36c4adb8a4d2cdff1a507c289e82063
403802,seven_day,2026-08-27,Sunday (9/6),2026-09-06,2026-09-06,Station 114 (segment 114 BH),114,BH,907000,393000,514000,514000,True,MLV 117-3 to MLV 118-3: Special Permit Pipe Replacement (8/18/2026 - 9/6/2026) MLV 119-2 to MLV 119-2A: Special Permit Pipe Replacement (8/18/2026 - 9/6/2026),km_tgp_notice_detail:1787932505364330000:46485bb248300193468625e90e1a0552f36c4adb8a4d2cdff1a507c289e82063
403802,seven_day,2026-08-27,Sunday (9/6),2026-09-06,2026-09-06,Station 17 (segment 117 FH),117,FH,1122000,1100000,22000,22000,True,MLV 19-1 TO MLV 20-1A: Pipe Replacement (M) (8/6/2026 - 9/18/2026),km_tgp_notice_detail:1787932505364330000:46485bb248300193468625e90e1a0552f36c4adb8a4d2cdff1a507c289e82063
403802,seven_day,2026-08-27,Sunday (9/6),2026-09-06,2026-09-06,Station 204 (Segment 204 BH),204,BH,1828000,1828000,,0,,Sta 204: Unit 12A - Engine Maintenace (8/24/2026 - 9/4/2026),km_tgp_notice_detail:1787932505364330000:46485bb248300193468625e90e1a0552f36c4adb8a4d2cdff1a507c289e82063
403802,seven_day,2026-08-27,Sunday (9/6),2026-09-06,2026-09-06,Station 245 (segment 245 FH),245,FH,986000,970000,16000,16000,True,Sta 245: Unit 1A & 2A - Exhaust System & HP Fuel (4/27/2026 - 11/1/2026),km_tgp_notice_detail:1787932505364330000:46485bb248300193468625e90e1a0552f36c4adb8a4d2cdff1a507c289e82063
403802,seven_day,2026-08-27,Sunday (9/6),2026-09-06,2026-09-06,Station 25 (segment 125 FH),125,FH,1078000,1078000,,0,,,km_tgp_notice_detail:1787932505364330000:46485bb248300193468625e90e1a0552f36c4adb8a4d2cdff1a507c289e82063
403802,seven_day,2026-08-27,Sunday (9/6),2026-09-06,2026-09-06,Station 261 Discharge East (segment 261 FH),261,FH,888000,715000,173000,173000,True,Sta 264 Charlton: Unit 1C - Engine Maintenance (8/24/2026 - 10/16/2026),km_tgp_notice_detail:1787932505364330000:46485bb248300193468625e90e1a0552f36c4adb8a4d2cdff1a507c289e82063
403802,seven_day,2026-08-27,Sunday (9/6),2026-09-06,2026-09-06,Station 307 (segment 307 BH),307,BH,1153000,1153000,,0,,,km_tgp_notice_detail:1787932505364330000:46485bb248300193468625e90e1a0552f36c4adb8a4d2cdff1a507c289e82063
403802,seven_day,2026-08-27,Sunday (9/6),2026-09-06,2026-09-06,Station 315 (segment 315 BH),315,BH,1823000,1823000,,0,,,km_tgp_notice_detail:1787932505364330000:46485bb248300193468625e90e1a0552f36c4adb8a4d2cdff1a507c289e82063
403802,seven_day,2026-08-27,Sunday (9/6),2026-09-06,2026-09-06,Station 405 HC Line (segment 299 FH),299,FH,794000,794000,,0,,,km_tgp_notice_detail:1787932505364330000:46485bb248300193468625e90e1a0552f36c4adb8a4d2cdff1a507c289e82063
403802,seven_day,2026-08-27,Sunday (9/6),2026-09-06,2026-09-06,Station 409 (Donna Line) (segment 490 FH),490,FH,564000,564000,,0,,,km_tgp_notice_detail:1787932505364330000:46485bb248300193468625e90e1a0552f36c4adb8a4d2cdff1a507c289e82063
403802,seven_day,2026-08-27,Sunday (9/6),2026-09-06,2026-09-06,Station 47 (segment 143 FH),143,FH,1343000,1343000,,0,,MLV 47-4D to MLV 54-4S: Pig Run - Gauge Cleaning (M) (8/31/2026) MLV 47-4D to MLV 54-4S: Pig Run - Gauge Cleaning (M) (9/1/2026) MLV 47-4D to MLV 54-4S: Pig Run - Gauge Cleaning (M) (9/2/2026),km_tgp_notice_detail:1787932505364330000:46485bb248300193468625e90e1a0552f36c4adb8a4d2cdff1a507c289e82063
403802,seven_day,2026-08-27,Sunday (9/6),2026-09-06,2026-09-06,Station 534 (segment 534 BH),534,BH,1909000,1909000,,0,,Sta 538: Unit 1C - Preventive Maintenance (9/1/2026 - 9/2/2026),km_tgp_notice_detail:1787932505364330000:46485bb248300193468625e90e1a0552f36c4adb8a4d2cdff1a507c289e82063
403802,seven_day,2026-08-27,Sunday (9/6),2026-09-06,2026-09-06,Station 534 South of Pool (segment 530 BH),530,BH,1550000,985000,565000,565000,True,MLV 533-2 to MLV 534-2: Pipe Replacement (M) (6/4/2026 - 9/17/2026) Sta 530: Update Safety PLC (9/1/2026),km_tgp_notice_detail:1787932505364330000:46485bb248300193468625e90e1a0552f36c4adb8a4d2cdff1a507c289e82063
403802,seven_day,2026-08-27,Sunday (9/6),2026-09-06,2026-09-06,Station 63 (segment 163 FH),163,FH,1242000,1117000,125000,125000,True,MLV 54-3 to MLV 106-3: Emergent Repair - CAO (2/26/2026 - 12/31/2026) MLV 77-3 to MLV 77-3A: Pipe Replacements (8/17/2026 - 8/31/2026),km_tgp_notice_detail:1787932505364330000:46485bb248300193468625e90e1a0552f36c4adb8a4d2cdff1a507c289e82063
403802,seven_day,2026-08-27,Sunday (9/6),2026-09-06,2026-09-06,Station 823 (segment 823 BH),823,BH,734000,734000,,0,,,km_tgp_notice_detail:1787932505364330000:46485bb248300193468625e90e1a0552f36c4adb8a4d2cdff1a507c289e82063
403802,seven_day,2026-08-27,Sunday (9/6),2026-09-06,2026-09-06,Station 834 (segment 834 BH),834,BH,683000,683000,,0,,Sta 834: Catalyst Cleaning (8/31/2026 - 9/4/2026) Sta 834: Station Outage (8/31/2026 - 9/2/2026),km_tgp_notice_detail:1787932505364330000:46485bb248300193468625e90e1a0552f36c4adb8a4d2cdff1a507c289e82063
403802,seven_day,2026-08-27,Sunday (9/6),2026-09-06,2026-09-06,Station 860 (segment 548 BH),548,BH,1593000,1390000,203000,203000,True,Sta 542: Unit 2A - Emergent Repair (4/7/2026 - 9/30/2026) Sta 542: Unit 3A - Emergent Repair (3/26/2026 - 8/31/2026) Sta 546: Unit 7A - Metal in Oil (7/14/2025 - 8/31/2026) Sta 555: Unit 1B - Hot Gas Path (8/10/2026 - 9/18/2026),km_tgp_notice_detail:1787932505364330000:46485bb248300193468625e90e1a0552f36c4adb8a4d2cdff1a507c289e82063
403802,seven_day,2026-08-27,Sunday (9/6),2026-09-06,2026-09-06,Station 860 North (Segment 860 BH),860,BH,1874000,1846000,28000,28000,True,Sta 860: Unit 1A - Aftercooler Jacket Water Inspection (6/17/2025 - 12/31/2026),km_tgp_notice_detail:1787932505364330000:46485bb248300193468625e90e1a0552f36c4adb8a4d2cdff1a507c289e82063
403802,seven_day,2026-08-27,Sunday (9/6),2026-09-06,2026-09-06,Station 9 (segment 109 BH),109,BH,1027000,1027000,,0,,MLV 4-2 to MLV 5-2: Anomaly Remediation (8/27/2026 - 9/4/2026),km_tgp_notice_detail:1787932505364330000:46485bb248300193468625e90e1a0552f36c4adb8a4d2cdff1a507c289e82063
403802,monthly,2026-08-27,Week 2 (9/7 - 9/13),2026-09-07,2026-09-13,MLV 324 (segment 324 FH),324,FH,1767000,1585000,182000,182000,True,Sta 321: Unit 1C - Buffer Air Seal (9/8/2026 - 9/10/2026) Sta 323: Station Outage (9/21/2026 - 9/24/2026) Sta 325: Station Outage (9/22/2026 - 9/24/2026),km_tgp_notice_detail:1787932505364330000:46485bb248300193468625e90e1a0552f36c4adb8a4d2cdff1a507c289e82063
403802,monthly,2026-08-27,Week 2 (9/7 - 9/13),2026-09-07,2026-09-13,MLV 329 (segment 324 FH),324,FH,846000,830000,16000,16000,True,MLV 329AS-1 to MLV 329AD-1: Valve Replacement - MLV 329-1 (M) (9/9/2026 - 10/9/2026),km_tgp_notice_detail:1787932505364330000:46485bb248300193468625e90e1a0552f36c4adb8a4d2cdff1a507c289e82063
403802,monthly,2026-08-27,Week 2 (9/7 - 9/13),2026-09-07,2026-09-13,Station 1 (segment 101 BH),101,BH,399000,399000,,0,,MLV 1-1D to MLV 5-1: Spike Test (M) (9/21/2026 - 11/2/2026) Sta 1: Station Power Protection System (9/22/2026),km_tgp_notice_detail:1787932505364330000:46485bb248300193468625e90e1a0552f36c4adb8a4d2cdff1a507c289e82063
403802,monthly,2026-08-27,Week 2 (9/7 - 9/13),2026-09-07,2026-09-13,Station 110 (segment 187 BH) (south thru Kentucky),187,BH,2685000,2424000,261000,261000,True,MLV 104-1 to MLV 105-1: Anomaly Remediation (8/6/2026 - 9/12/2026) MLV 105-1 to MLV 105-1A: Anomaly Remediation (9/14/2026 - 9/25/2026) MLV 109-4 to MLV 110-4: Pipe Replacement (8/10/2026 - 9/11/2026) MLV 109-5 to MLV 109-5A: Pipe Replacement (9/14/2026 - 10/12/2026) MLV 109-5A to MLV 110-5: Pipe Replacement (9/14/2026 - 10/12/2026) MLV 110-2 to MLV 114-2: CAO - Force Majeure (M) (7/14/2026 - 12/31/2026) MLV 54-3 to MLV 106-3: Emergent Repair - CAO (2/26/2026 - 12/31/2026) MLV 93-4 to MLV 94-4: Anomaly Remediation (M) (9/14/2026 - 9/21/2026) Sta 106: Unit 1C - Engine Maintenance (8/26/2026 - 9/10/2026) Sta 106: Unit 2D - 4K Solar Turbine Inspection (9/16/2026 - 9/18/2026) Sta 87: Unit 3D - Power side Overhaul (6/22/2026 - 9/30/2026),km_tgp_notice_detail:1787932505364330000:46485bb248300193468625e90e1a0552f36c4adb8a4d2cdff1a507c289e82063
403802,monthly,2026-08-27,Week 2 (9/7 - 9/13),2026-09-07,2026-09-13,Station 114 (segment 114 BH),114,BH,907000,907000,,0,,Sta 119A: Unit 1A - Solar Turbine Inspection (9/14/2026 - 9/16/2026),km_tgp_notice_detail:1787932505364330000:46485bb248300193468625e90e1a0552f36c4adb8a4d2cdff1a507c289e82063
403802,monthly,2026-08-27,Week 2 (9/7 - 9/13),2026-09-07,2026-09-13,Station 17 (segment 117 FH),117,FH,1122000,1100000,22000,22000,True,MLV 17-1D to MLV 20-1A: Pig Run - Chemical Cleaning (9/21/2026) MLV 17-1D to MLV 20-1A: Pig Run - EMAT (9/24/2026) MLV 17-1D to MLV 20-1A: Pig Run - GAUGE PLATE (9/22/2026) MLV 17-1D to MLV 20-1A: Pig Run - MFL-C (9/23/2026) MLV 19-1 TO MLV 20-1A: Pipe Replacement (M) (8/6/2026 - 9/18/2026),km_tgp_notice_detail:1787932505364330000:46485bb248300193468625e90e1a0552f36c4adb8a4d2cdff1a507c289e82063
403802,monthly,2026-08-27,Week 2 (9/7 - 9/13),2026-09-07,2026-09-13,Station 204 (Segment 204 BH),204,BH,1828000,1760000,68000,68000,True,MLV 214-3 to MLV 219-3: Pig Run - Cal/IMU/MFL-A Combo (M) (9/10/2026) MLV 214-3 to MLV 219-3: Pig Run - Gauge/Cleaning (M) (9/8/2026),km_tgp_notice_detail:1787932505364330000:46485bb248300193468625e90e1a0552f36c4adb8a4d2cdff1a507c289e82063
403802,monthly,2026-08-27,Week 2 (9/7 - 9/13),2026-09-07,2026-09-13,Station 230C (segment 296 FH),296,FH,743000,370000,373000,373000,True,Sta 230C: Scrubber / Filter Inspection (M) (9/9/2026 - 9/10/2026),km_tgp_notice_detail:1787932505364330000:46485bb248300193468625e90e1a0552f36c4adb8a4d2cdff1a507c289e82063
403802,monthly,2026-08-27,Week 2 (9/7 - 9/13),2026-09-07,2026-09-13,Station 245 (segment 245 FH),245,FH,986000,970000,16000,16000,True,Sta 245: Unit 1A & 2A - Exhaust System & HP Fuel (4/27/2026 - 11/1/2026),km_tgp_notice_detail:1787932505364330000:46485bb248300193468625e90e1a0552f36c4adb8a4d2cdff1a507c289e82063
403802,monthly,2026-08-27,Week 2 (9/7 - 9/13),2026-09-07,2026-09-13,Station 25 (segment 125 FH),125,FH,1078000,1078000,,0,,,km_tgp_notice_detail:1787932505364330000:46485bb248300193468625e90e1a0552f36c4adb8a4d2cdff1a507c289e82063
403802,monthly,2026-08-27,Week 2 (9/7 - 9/13),2026-09-07,2026-09-13,Station 261 Discharge East (segment 261 FH),261,FH,888000,715000,173000,173000,True,Sta 264 Charlton: Annual ESD Test (9/23/2026 - 9/24/2026) Sta 264 Charlton: Unit 1C - Engine Maintenance (8/24/2026 - 10/16/2026),km_tgp_notice_detail:1787932505364330000:46485bb248300193468625e90e1a0552f36c4adb8a4d2cdff1a507c289e82063
403802,monthly,2026-08-27,Week 2 (9/7 - 9/13),2026-09-07,2026-09-13,Station 307 (segment 307 BH),307,BH,1153000,1153000,,0,,Sta 310: Unit 1A - Water Washes and Borescope (9/21/2026 - 9/22/2026),km_tgp_notice_detail:1787932505364330000:46485bb248300193468625e90e1a0552f36c4adb8a4d2cdff1a507c289e82063
403802,monthly,2026-08-27,Week 2 (9/7 - 9/13),2026-09-07,2026-09-13,Station 313 Discharge (segment 399 FH),399,FH,797000,220000,577000,577000,True,MLV 313A-101A to MLV 313A-401: Anomaly Remediation (M) (9/7/2026 - 9/19/2026) MLV 313A-101L to MLV 313A-101A: Anomaly Remediation (M) (9/7/2026 - 9/19/2026) MLV 313A-403 to MLV 313A-404: Anomaly Remediation (M) (9/7/2026 - 9/19/2026) MLV 313A-405A to MLV 313A-406: Anomaly Remediation (M) (9/7/2026 - 9/19/2026),km_tgp_notice_detail:1787932505364330000:46485bb248300193468625e90e1a0552f36c4adb8a4d2cdff1a507c289e82063
403802,monthly,2026-08-27,Week 2 (9/7 - 9/13),2026-09-07,2026-09-13,Station 315 (segment 315 BH),315,BH,1823000,1823000,,0,,Sta 315: Unit 1B - Water Washes and Borescope (9/16/2026 - 9/17/2026) Sta 315: Unit 2A - Water Washes and Borescope (9/14/2026 - 9/15/2026),km_tgp_notice_detail:1787932505364330000:46485bb248300193468625e90e1a0552f36c4adb8a4d2cdff1a507c289e82063
403802,monthly,2026-08-27,Week 2 (9/7 - 9/13),2026-09-07,2026-09-13,Station 405 HC Line (segment 299 FH),299,FH,794000,794000,,0,,,km_tgp_notice_detail:1787932505364330000:46485bb248300193468625e90e1a0552f36c4adb8a4d2cdff1a507c289e82063
403802,monthly,2026-08-27,Week 2 (9/7 - 9/13),2026-09-07,2026-09-13,Station 409 (Donna Line) (segment 490 FH),490,FH,564000,564000,,0,,,km_tgp_notice_detail:1787932505364330000:46485bb248300193468625e90e1a0552f36c4adb8a4d2cdff1a507c289e82063
403802,monthly,2026-08-27,Week 2 (9/7 - 9/13),2026-09-07,2026-09-13,Station 409A (Alamo) (segment 492 FH),492,FH,274000,274000,,0,,MLV 409-1 to MLV 406-1: Spike Test (M) (9/14/2026 - 10/31/2026) MLV 409A-101.1 to MLV 409A-103: Pig Runs - Cleaning / Gauge (M) (9/21/2026) MLV 409A-101.1 to MLV 409A-103: Pig Runs - Cleaning / Gauge (M) (9/22/2026) MLV 409A-101.1 to MLV 409A-103: Pig Runs - Cleaning / Gauge (M) (9/23/2026) MLV 409A-101.1 to MLV 409A-103: Pig Runs - EMAT (M) (9/25/2026) MLV 409A-101.1 to MLV 409A-103: Pig Runs - MFL-C (M) (9/24/2026),km_tgp_notice_detail:1787932505364330000:46485bb248300193468625e90e1a0552f36c4adb8a4d2cdff1a507c289e82063
403802,monthly,2026-08-27,Week 2 (9/7 - 9/13),2026-09-07,2026-09-13,Station 47 (segment 143 FH),143,FH,1343000,1045000,298000,298000,True,MLV 47-4D to MLV 54-4S: Pig Run - AFD Combo (M) (9/8/2026) MLV 47-4D to MLV 54-4S: Pig Run - EMAT (M) (9/10/2026),km_tgp_notice_detail:1787932505364330000:46485bb248300193468625e90e1a0552f36c4adb8a4d2cdff1a507c289e82063
403802,monthly,2026-08-27,Week 2 (9/7 - 9/13),2026-09-07,2026-09-13,Station 534 (segment 534 BH),534,BH,1909000,1909000,,0,,MLV 534-2 to MLV 535-2: Tallahala Creek HDD (9/21/2026 - 9/30/2026),km_tgp_notice_detail:1787932505364330000:46485bb248300193468625e90e1a0552f36c4adb8a4d2cdff1a507c289e82063
403802,monthly,2026-08-27,Week 2 (9/7 - 9/13),2026-09-07,2026-09-13,Station 534 South of Pool (segment 530 BH),530,BH,1550000,985000,565000,565000,True,MLV 533-2 to MLV 534-2: Pipe Replacement (M) (6/4/2026 - 9/17/2026),km_tgp_notice_detail:1787932505364330000:46485bb248300193468625e90e1a0552f36c4adb8a4d2cdff1a507c289e82063
403802,monthly,2026-08-27,Week 2 (9/7 - 9/13),2026-09-07,2026-09-13,Station 63 (segment 163 FH),163,FH,1242000,1117000,125000,125000,True,MLV 54-3 to MLV 106-3: Emergent Repair - CAO (2/26/2026 - 12/31/2026) MLV 82-2C to MLV 83-2: Anomaly Remediation (9/21/2026 - 9/26/2026) MLV 83-1A to MLV 83-1: Anomaly Remediation (9/14/2026 - 9/19/2026) MLV 84-3 to MLV 85-3: Anomaly Remedition (9/22/2026 - 9/27/2026),km_tgp_notice_detail:1787932505364330000:46485bb248300193468625e90e1a0552f36c4adb8a4d2cdff1a507c289e82063
403802,monthly,2026-08-27,Week 2 (9/7 - 9/13),2026-09-07,2026-09-13,Station 823 (segment 823 BH),823,BH,734000,734000,,0,,,km_tgp_notice_detail:1787932505364330000:46485bb248300193468625e90e1a0552f36c4adb8a4d2cdff1a507c289e82063
403802,monthly,2026-08-27,Week 2 (9/7 - 9/13),2026-09-07,2026-09-13,Station 834 (segment 834 BH),834,BH,683000,670000,13000,13000,True,Sta 834: Unit 1A - Replace Insulation Blanket (9/14/2026 - 9/15/2026) Sta 834: Unit 2A - Replace Insulation Blanket (9/16/2026 - 9/17/2026) Sta 834: Unit 3A - Replace Insulation Blanket (9/18/2026 - 9/19/2026) Sta 834: Unit 4A - Replace Insulation Blanket (9/21/2026 - 9/22/2026) Sta 834: Unit 4A - Replace Lubrication System (9/7/2026 - 9/11/2026),km_tgp_notice_detail:1787932505364330000:46485bb248300193468625e90e1a0552f36c4adb8a4d2cdff1a507c289e82063
403802,monthly,2026-08-27,Week 2 (9/7 - 9/13),2026-09-07,2026-09-13,Station 860 (segment 548 BH),548,BH,1593000,1390000,203000,203000,True,"MLV 546-2 to MLV 547-2: Line Recoat (9/14/2026 - 9/18/2026) Sta 542: Unit 2A - Emergent Repair (4/7/2026 - 9/30/2026) Sta 546: Annual ESD Tests & Maintenance (9/14/2026 - 9/18/2026) Sta 555: Scrubber/Filter/Separator Clean, Inspect & Filter Change (9/14/2026) Sta 555: Unit 1B - Hot Gas Path (8/10/2026 - 9/18/2026) Sta 555: Unit 4A - Engine Maintenance (9/21/2026 - 9/24/2026)",km_tgp_notice_detail:1787932505364330000:46485bb248300193468625e90e1a0552f36c4adb8a4d2cdff1a507c289e82063
403802,monthly,2026-08-27,Week 2 (9/7 - 9/13),2026-09-07,2026-09-13,Station 860 North (Segment 860 BH),860,BH,1874000,1846000,28000,28000,True,Sta 860: Unit 1A - Aftercooler Jacket Water Inspection (6/17/2025 - 12/31/2026) Sta 860: Unit 1B - Replace Turbocharger (9/21/2026 - 9/25/2026),km_tgp_notice_detail:1787932505364330000:46485bb248300193468625e90e1a0552f36c4adb8a4d2cdff1a507c289e82063
403802,monthly,2026-08-27,Week 2 (9/7 - 9/13),2026-09-07,2026-09-13,Station 9 (segment 109 BH),109,BH,1027000,835000,192000,192000,True,MLV 2-2 to MLV 3-2: Anomaly Remediation (9/8/2026 - 9/18/2026),km_tgp_notice_detail:1787932505364330000:46485bb248300193468625e90e1a0552f36c4adb8a4d2cdff1a507c289e82063
403802,monthly,2026-08-27,Week 3 (9/14 - 9/20),2026-09-14,2026-09-20,MLV 324 (segment 324 FH),324,FH,1767000,1767000,,0,,Sta 321: Unit 1C - Buffer Air Seal (9/8/2026 - 9/10/2026) Sta 323: Station Outage (9/21/2026 - 9/24/2026) Sta 325: Station Outage (9/22/2026 - 9/24/2026),km_tgp_notice_detail:1787932505364330000:46485bb248300193468625e90e1a0552f36c4adb8a4d2cdff1a507c289e82063
403802,monthly,2026-08-27,Week 3 (9/14 - 9/20),2026-09-14,2026-09-20,MLV 329 (segment 324 FH),324,FH,846000,830000,16000,16000,True,MLV 329AS-1 to MLV 329AD-1: Valve Replacement - MLV 329-1 (M) (9/9/2026 - 10/9/2026),km_tgp_notice_detail:1787932505364330000:46485bb248300193468625e90e1a0552f36c4adb8a4d2cdff1a507c289e82063
403802,monthly,2026-08-27,Week 3 (9/14 - 9/20),2026-09-14,2026-09-20,Station 1 (segment 101 BH),101,BH,399000,399000,,0,,MLV 1-1D to MLV 5-1: Spike Test (M) (9/21/2026 - 11/2/2026) Sta 1: Station Power Protection System (9/22/2026),km_tgp_notice_detail:1787932505364330000:46485bb248300193468625e90e1a0552f36c4adb8a4d2cdff1a507c289e82063
403802,monthly,2026-08-27,Week 3 (9/14 - 9/20),2026-09-14,2026-09-20,Station 110 (segment 187 BH) (south thru Kentucky),187,BH,2685000,2400000,285000,285000,True,MLV 104-1 to MLV 105-1: Anomaly Remediation (8/6/2026 - 9/12/2026) MLV 105-1 to MLV 105-1A: Anomaly Remediation (9/14/2026 - 9/25/2026) MLV 109-4 to MLV 110-4: Pipe Replacement (8/10/2026 - 9/11/2026) MLV 109-5 to MLV 109-5A: Pipe Replacement (9/14/2026 - 10/12/2026) MLV 109-5A to MLV 110-5: Pipe Replacement (9/14/2026 - 10/12/2026) MLV 110-2 to MLV 114-2: CAO - Force Majeure (M) (7/14/2026 - 12/31/2026) MLV 54-3 to MLV 106-3: Emergent Repair - CAO (2/26/2026 - 12/31/2026) MLV 93-4 to MLV 94-4: Anomaly Remediation (M) (9/14/2026 - 9/21/2026) Sta 106: Unit 1C - Engine Maintenance (8/26/2026 - 9/10/2026) Sta 106: Unit 2D - 4K Solar Turbine Inspection (9/16/2026 - 9/18/2026) Sta 87: Unit 3D - Power side Overhaul (6/22/2026 - 9/30/2026),km_tgp_notice_detail:1787932505364330000:46485bb248300193468625e90e1a0552f36c4adb8a4d2cdff1a507c289e82063
403802,monthly,2026-08-27,Week 3 (9/14 - 9/20),2026-09-14,2026-09-20,Station 114 (segment 114 BH),114,BH,907000,812000,95000,95000,True,Sta 119A: Unit 1A - Solar Turbine Inspection (9/14/2026 - 9/16/2026),km_tgp_notice_detail:1787932505364330000:46485bb248300193468625e90e1a0552f36c4adb8a4d2cdff1a507c289e82063
403802,monthly,2026-08-27,Week 3 (9/14 - 9/20),2026-09-14,2026-09-20,Station 17 (segment 117 FH),117,FH,1122000,1100000,22000,22000,True,MLV 17-1D to MLV 20-1A: Pig Run - Chemical Cleaning (9/21/2026) MLV 17-1D to MLV 20-1A: Pig Run - EMAT (9/24/2026) MLV 17-1D to MLV 20-1A: Pig Run - GAUGE PLATE (9/22/2026) MLV 17-1D to MLV 20-1A: Pig Run - MFL-C (9/23/2026) MLV 19-1 TO MLV 20-1A: Pipe Replacement (M) (8/6/2026 - 9/18/2026),km_tgp_notice_detail:1787932505364330000:46485bb248300193468625e90e1a0552f36c4adb8a4d2cdff1a507c289e82063
403802,monthly,2026-08-27,Week 3 (9/14 - 9/20),2026-09-14,2026-09-20,Station 204 (Segment 204 BH),204,BH,1828000,1828000,,0,,MLV 214-3 to MLV 219-3: Pig Run - Cal/IMU/MFL-A Combo (M) (9/10/2026) MLV 214-3 to MLV 219-3: Pig Run - Gauge/Cleaning (M) (9/8/2026),km_tgp_notice_detail:1787932505364330000:46485bb248300193468625e90e1a0552f36c4adb8a4d2cdff1a507c289e82063
403802,monthly,2026-08-27,Week 3 (9/14 - 9/20),2026-09-14,2026-09-20,Station 230C (segment 296 FH),296,FH,743000,743000,,0,,Sta 230C: Scrubber / Filter Inspection (M) (9/9/2026 - 9/10/2026),km_tgp_notice_detail:1787932505364330000:46485bb248300193468625e90e1a0552f36c4adb8a4d2cdff1a507c289e82063
403802,monthly,2026-08-27,Week 3 (9/14 - 9/20),2026-09-14,2026-09-20,Station 245 (segment 245 FH),245,FH,986000,970000,16000,16000,True,Sta 245: Unit 1A & 2A - Exhaust System & HP Fuel (4/27/2026 - 11/1/2026),km_tgp_notice_detail:1787932505364330000:46485bb248300193468625e90e1a0552f36c4adb8a4d2cdff1a507c289e82063
403802,monthly,2026-08-27,Week 3 (9/14 - 9/20),2026-09-14,2026-09-20,Station 25 (segment 125 FH),125,FH,1078000,1078000,,0,,,km_tgp_notice_detail:1787932505364330000:46485bb248300193468625e90e1a0552f36c4adb8a4d2cdff1a507c289e82063
403802,monthly,2026-08-27,Week 3 (9/14 - 9/20),2026-09-14,2026-09-20,Station 261 Discharge East (segment 261 FH),261,FH,888000,715000,173000,173000,True,Sta 264 Charlton: Annual ESD Test (9/23/2026 - 9/24/2026) Sta 264 Charlton: Unit 1C - Engine Maintenance (8/24/2026 - 10/16/2026),km_tgp_notice_detail:1787932505364330000:46485bb248300193468625e90e1a0552f36c4adb8a4d2cdff1a507c289e82063
403802,monthly,2026-08-27,Week 3 (9/14 - 9/20),2026-09-14,2026-09-20,Station 307 (segment 307 BH),307,BH,1153000,1153000,,0,,Sta 310: Unit 1A - Water Washes and Borescope (9/21/2026 - 9/22/2026),km_tgp_notice_detail:1787932505364330000:46485bb248300193468625e90e1a0552f36c4adb8a4d2cdff1a507c289e82063
403802,monthly,2026-08-27,Week 3 (9/14 - 9/20),2026-09-14,2026-09-20,Station 313 Discharge (segment 399 FH),399,FH,797000,220000,577000,577000,True,MLV 313A-101A to MLV 313A-401: Anomaly Remediation (M) (9/7/2026 - 9/19/2026) MLV 313A-101L to MLV 313A-101A: Anomaly Remediation (M) (9/7/2026 - 9/19/2026) MLV 313A-403 to MLV 313A-404: Anomaly Remediation (M) (9/7/2026 - 9/19/2026) MLV 313A-405A to MLV 313A-406: Anomaly Remediation (M) (9/7/2026 - 9/19/2026),km_tgp_notice_detail:1787932505364330000:46485bb248300193468625e90e1a0552f36c4adb8a4d2cdff1a507c289e82063
403802,monthly,2026-08-27,Week 3 (9/14 - 9/20),2026-09-14,2026-09-20,Station 315 (segment 315 BH),315,BH,1823000,1675000,148000,148000,True,Sta 315: Unit 1B - Water Washes and Borescope (9/16/2026 - 9/17/2026) Sta 315: Unit 2A - Water Washes and Borescope (9/14/2026 - 9/15/2026),km_tgp_notice_detail:1787932505364330000:46485bb248300193468625e90e1a0552f36c4adb8a4d2cdff1a507c289e82063
403802,monthly,2026-08-27,Week 3 (9/14 - 9/20),2026-09-14,2026-09-20,Station 405 HC Line (segment 299 FH),299,FH,794000,794000,,0,,,km_tgp_notice_detail:1787932505364330000:46485bb248300193468625e90e1a0552f36c4adb8a4d2cdff1a507c289e82063
403802,monthly,2026-08-27,Week 3 (9/14 - 9/20),2026-09-14,2026-09-20,Station 409 (Donna Line) (segment 490 FH),490,FH,564000,564000,,0,,,km_tgp_notice_detail:1787932505364330000:46485bb248300193468625e90e1a0552f36c4adb8a4d2cdff1a507c289e82063
403802,monthly,2026-08-27,Week 3 (9/14 - 9/20),2026-09-14,2026-09-20,Station 409A (Alamo) (segment 492 FH),492,FH,274000,215000,59000,59000,True,MLV 409-1 to MLV 406-1: Spike Test (M) (9/14/2026 - 10/31/2026) MLV 409A-101.1 to MLV 409A-103: Pig Runs - Cleaning / Gauge (M) (9/21/2026) MLV 409A-101.1 to MLV 409A-103: Pig Runs - Cleaning / Gauge (M) (9/22/2026) MLV 409A-101.1 to MLV 409A-103: Pig Runs - Cleaning / Gauge (M) (9/23/2026) MLV 409A-101.1 to MLV 409A-103: Pig Runs - EMAT (M) (9/25/2026) MLV 409A-101.1 to MLV 409A-103: Pig Runs - MFL-C (M) (9/24/2026),km_tgp_notice_detail:1787932505364330000:46485bb248300193468625e90e1a0552f36c4adb8a4d2cdff1a507c289e82063
403802,monthly,2026-08-27,Week 3 (9/14 - 9/20),2026-09-14,2026-09-20,Station 47 (segment 143 FH),143,FH,1343000,1343000,,0,,MLV 47-4D to MLV 54-4S: Pig Run - AFD Combo (M) (9/8/2026) MLV 47-4D to MLV 54-4S: Pig Run - EMAT (M) (9/10/2026),km_tgp_notice_detail:1787932505364330000:46485bb248300193468625e90e1a0552f36c4adb8a4d2cdff1a507c289e82063
403802,monthly,2026-08-27,Week 3 (9/14 - 9/20),2026-09-14,2026-09-20,Station 534 (segment 534 BH),534,BH,1909000,1909000,,0,,MLV 534-2 to MLV 535-2: Tallahala Creek HDD (9/21/2026 - 9/30/2026),km_tgp_notice_detail:1787932505364330000:46485bb248300193468625e90e1a0552f36c4adb8a4d2cdff1a507c289e82063
403802,monthly,2026-08-27,Week 3 (9/14 - 9/20),2026-09-14,2026-09-20,Station 534 South of Pool (segment 530 BH),530,BH,1550000,985000,565000,565000,True,MLV 533-2 to MLV 534-2: Pipe Replacement (M) (6/4/2026 - 9/17/2026),km_tgp_notice_detail:1787932505364330000:46485bb248300193468625e90e1a0552f36c4adb8a4d2cdff1a507c289e82063
403802,monthly,2026-08-27,Week 3 (9/14 - 9/20),2026-09-14,2026-09-20,Station 63 (segment 163 FH),163,FH,1242000,1117000,125000,125000,True,MLV 54-3 to MLV 106-3: Emergent Repair - CAO (2/26/2026 - 12/31/2026) MLV 82-2C to MLV 83-2: Anomaly Remediation (9/21/2026 - 9/26/2026) MLV 83-1A to MLV 83-1: Anomaly Remediation (9/14/2026 - 9/19/2026) MLV 84-3 to MLV 85-3: Anomaly Remedition (9/22/2026 - 9/27/2026),km_tgp_notice_detail:1787932505364330000:46485bb248300193468625e90e1a0552f36c4adb8a4d2cdff1a507c289e82063
403802,monthly,2026-08-27,Week 3 (9/14 - 9/20),2026-09-14,2026-09-20,Station 823 (segment 823 BH),823,BH,734000,734000,,0,,,km_tgp_notice_detail:1787932505364330000:46485bb248300193468625e90e1a0552f36c4adb8a4d2cdff1a507c289e82063
403802,monthly,2026-08-27,Week 3 (9/14 - 9/20),2026-09-14,2026-09-20,Station 834 (segment 834 BH),834,BH,683000,670000,13000,13000,True,Sta 834: Unit 1A - Replace Insulation Blanket (9/14/2026 - 9/15/2026) Sta 834: Unit 2A - Replace Insulation Blanket (9/16/2026 - 9/17/2026) Sta 834: Unit 3A - Replace Insulation Blanket (9/18/2026 - 9/19/2026) Sta 834: Unit 4A - Replace Insulation Blanket (9/21/2026 - 9/22/2026) Sta 834: Unit 4A - Replace Lubrication System (9/7/2026 - 9/11/2026),km_tgp_notice_detail:1787932505364330000:46485bb248300193468625e90e1a0552f36c4adb8a4d2cdff1a507c289e82063
403802,monthly,2026-08-27,Week 3 (9/14 - 9/20),2026-09-14,2026-09-20,Station 860 (segment 548 BH),548,BH,1593000,725000,868000,868000,True,"MLV 546-2 to MLV 547-2: Line Recoat (9/14/2026 - 9/18/2026) Sta 542: Unit 2A - Emergent Repair (4/7/2026 - 9/30/2026) Sta 546: Annual ESD Tests & Maintenance (9/14/2026 - 9/18/2026) Sta 555: Scrubber/Filter/Separator Clean, Inspect & Filter Change (9/14/2026) Sta 555: Unit 1B - Hot Gas Path (8/10/2026 - 9/18/2026) Sta 555: Unit 4A - Engine Maintenance (9/21/2026 - 9/24/2026)",km_tgp_notice_detail:1787932505364330000:46485bb248300193468625e90e1a0552f36c4adb8a4d2cdff1a507c289e82063
403802,monthly,2026-08-27,Week 3 (9/14 - 9/20),2026-09-14,2026-09-20,Station 860 North (Segment 860 BH),860,BH,1874000,1846000,28000,28000,True,Sta 860: Unit 1A - Aftercooler Jacket Water Inspection (6/17/2025 - 12/31/2026) Sta 860: Unit 1B - Replace Turbocharger (9/21/2026 - 9/25/2026),km_tgp_notice_detail:1787932505364330000:46485bb248300193468625e90e1a0552f36c4adb8a4d2cdff1a507c289e82063
403802,monthly,2026-08-27,Week 3 (9/14 - 9/20),2026-09-14,2026-09-20,Station 9 (segment 109 BH),109,BH,1027000,835000,192000,192000,True,MLV 2-2 to MLV 3-2: Anomaly Remediation (9/8/2026 - 9/18/2026),km_tgp_notice_detail:1787932505364330000:46485bb248300193468625e90e1a0552f36c4adb8a4d2cdff1a507c289e82063
403802,monthly,2026-08-27,Week 4 (9/21 - 9/27),2026-09-21,2026-09-27,MLV 324 (segment 324 FH),324,FH,1767000,1120000,647000,647000,True,Sta 321: Unit 1C - Buffer Air Seal (9/8/2026 - 9/10/2026) Sta 323: Station Outage (9/21/2026 - 9/24/2026) Sta 325: Station Outage (9/22/2026 - 9/24/2026),km_tgp_notice_detail:1787932505364330000:46485bb248300193468625e90e1a0552f36c4adb8a4d2cdff1a507c289e82063
403802,monthly,2026-08-27,Week 4 (9/21 - 9/27),2026-09-21,2026-09-27,MLV 329 (segment 324 FH),324,FH,846000,830000,16000,16000,True,MLV 329AS-1 to MLV 329AD-1: Valve Replacement - MLV 329-1 (M) (9/9/2026 - 10/9/2026),km_tgp_notice_detail:1787932505364330000:46485bb248300193468625e90e1a0552f36c4adb8a4d2cdff1a507c289e82063
403802,monthly,2026-08-27,Week 4 (9/21 - 9/27),2026-09-21,2026-09-27,Station 1 (segment 101 BH),101,BH,399000,265000,134000,134000,True,MLV 1-1D to MLV 5-1: Spike Test (M) (9/21/2026 - 11/2/2026) Sta 1: Station Power Protection System (9/22/2026),km_tgp_notice_detail:1787932505364330000:46485bb248300193468625e90e1a0552f36c4adb8a4d2cdff1a507c289e82063
403802,monthly,2026-08-27,Week 4 (9/21 - 9/27),2026-09-21,2026-09-27,Station 110 (segment 187 BH) (south thru Kentucky),187,BH,2685000,2405000,280000,280000,True,MLV 104-1 to MLV 105-1: Anomaly Remediation (8/6/2026 - 9/12/2026) MLV 105-1 to MLV 105-1A: Anomaly Remediation (9/14/2026 - 9/25/2026) MLV 109-4 to MLV 110-4: Pipe Replacement (8/10/2026 - 9/11/2026) MLV 109-5 to MLV 109-5A: Pipe Replacement (9/14/2026 - 10/12/2026) MLV 109-5A to MLV 110-5: Pipe Replacement (9/14/2026 - 10/12/2026) MLV 110-2 to MLV 114-2: CAO - Force Majeure (M) (7/14/2026 - 12/31/2026) MLV 54-3 to MLV 106-3: Emergent Repair - CAO (2/26/2026 - 12/31/2026) MLV 93-4 to MLV 94-4: Anomaly Remediation (M) (9/14/2026 - 9/21/2026) Sta 106: Unit 1C - Engine Maintenance (8/26/2026 - 9/10/2026) Sta 106: Unit 2D - 4K Solar Turbine Inspection (9/16/2026 - 9/18/2026) Sta 87: Unit 3D - Power side Overhaul (6/22/2026 - 9/30/2026),km_tgp_notice_detail:1787932505364330000:46485bb248300193468625e90e1a0552f36c4adb8a4d2cdff1a507c289e82063
403802,monthly,2026-08-27,Week 4 (9/21 - 9/27),2026-09-21,2026-09-27,Station 114 (segment 114 BH),114,BH,907000,907000,,0,,Sta 119A: Unit 1A - Solar Turbine Inspection (9/14/2026 - 9/16/2026),km_tgp_notice_detail:1787932505364330000:46485bb248300193468625e90e1a0552f36c4adb8a4d2cdff1a507c289e82063
403802,monthly,2026-08-27,Week 4 (9/21 - 9/27),2026-09-21,2026-09-27,Station 17 (segment 117 FH),117,FH,1122000,1085000,37000,37000,True,MLV 17-1D to MLV 20-1A: Pig Run - Chemical Cleaning (9/21/2026) MLV 17-1D to MLV 20-1A: Pig Run - EMAT (9/24/2026) MLV 17-1D to MLV 20-1A: Pig Run - GAUGE PLATE (9/22/2026) MLV 17-1D to MLV 20-1A: Pig Run - MFL-C (9/23/2026) MLV 19-1 TO MLV 20-1A: Pipe Replacement (M) (8/6/2026 - 9/18/2026),km_tgp_notice_detail:1787932505364330000:46485bb248300193468625e90e1a0552f36c4adb8a4d2cdff1a507c289e82063
403802,monthly,2026-08-27,Week 4 (9/21 - 9/27),2026-09-21,2026-09-27,Station 204 (Segment 204 BH),204,BH,1828000,1828000,,0,,MLV 214-3 to MLV 219-3: Pig Run - Cal/IMU/MFL-A Combo (M) (9/10/2026) MLV 214-3 to MLV 219-3: Pig Run - Gauge/Cleaning (M) (9/8/2026),km_tgp_notice_detail:1787932505364330000:46485bb248300193468625e90e1a0552f36c4adb8a4d2cdff1a507c289e82063
403802,monthly,2026-08-27,Week 4 (9/21 - 9/27),2026-09-21,2026-09-27,Station 230C (segment 296 FH),296,FH,743000,743000,,0,,Sta 230C: Scrubber / Filter Inspection (M) (9/9/2026 - 9/10/2026),km_tgp_notice_detail:1787932505364330000:46485bb248300193468625e90e1a0552f36c4adb8a4d2cdff1a507c289e82063
403802,monthly,2026-08-27,Week 4 (9/21 - 9/27),2026-09-21,2026-09-27,Station 245 (segment 245 FH),245,FH,986000,970000,16000,16000,True,Sta 245: Unit 1A & 2A - Exhaust System & HP Fuel (4/27/2026 - 11/1/2026),km_tgp_notice_detail:1787932505364330000:46485bb248300193468625e90e1a0552f36c4adb8a4d2cdff1a507c289e82063
403802,monthly,2026-08-27,Week 4 (9/21 - 9/27),2026-09-21,2026-09-27,Station 25 (segment 125 FH),125,FH,1078000,1078000,,0,,,km_tgp_notice_detail:1787932505364330000:46485bb248300193468625e90e1a0552f36c4adb8a4d2cdff1a507c289e82063
403802,monthly,2026-08-27,Week 4 (9/21 - 9/27),2026-09-21,2026-09-27,Station 261 Discharge East (segment 261 FH),261,FH,888000,555000,333000,333000,True,Sta 264 Charlton: Annual ESD Test (9/23/2026 - 9/24/2026) Sta 264 Charlton: Unit 1C - Engine Maintenance (8/24/2026 - 10/16/2026),km_tgp_notice_detail:1787932505364330000:46485bb248300193468625e90e1a0552f36c4adb8a4d2cdff1a507c289e82063
403802,monthly,2026-08-27,Week 4 (9/21 - 9/27),2026-09-21,2026-09-27,Station 307 (segment 307 BH),307,BH,1153000,1010000,143000,143000,True,Sta 310: Unit 1A - Water Washes and Borescope (9/21/2026 - 9/22/2026),km_tgp_notice_detail:1787932505364330000:46485bb248300193468625e90e1a0552f36c4adb8a4d2cdff1a507c289e82063
403802,monthly,2026-08-27,Week 4 (9/21 - 9/27),2026-09-21,2026-09-27,Station 313 Discharge (segment 399 FH),399,FH,797000,797000,,0,,MLV 313A-101A to MLV 313A-401: Anomaly Remediation (M) (9/7/2026 - 9/19/2026) MLV 313A-101L to MLV 313A-101A: Anomaly Remediation (M) (9/7/2026 - 9/19/2026) MLV 313A-403 to MLV 313A-404: Anomaly Remediation (M) (9/7/2026 - 9/19/2026) MLV 313A-405A to MLV 313A-406: Anomaly Remediation (M) (9/7/2026 - 9/19/2026),km_tgp_notice_detail:1787932505364330000:46485bb248300193468625e90e1a0552f36c4adb8a4d2cdff1a507c289e82063
403802,monthly,2026-08-27,Week 4 (9/21 - 9/27),2026-09-21,2026-09-27,Station 315 (segment 315 BH),315,BH,1823000,1823000,,0,,Sta 315: Unit 1B - Water Washes and Borescope (9/16/2026 - 9/17/2026) Sta 315: Unit 2A - Water Washes and Borescope (9/14/2026 - 9/15/2026),km_tgp_notice_detail:1787932505364330000:46485bb248300193468625e90e1a0552f36c4adb8a4d2cdff1a507c289e82063
403802,monthly,2026-08-27,Week 4 (9/21 - 9/27),2026-09-21,2026-09-27,Station 405 HC Line (segment 299 FH),299,FH,794000,794000,,0,,,km_tgp_notice_detail:1787932505364330000:46485bb248300193468625e90e1a0552f36c4adb8a4d2cdff1a507c289e82063
403802,monthly,2026-08-27,Week 4 (9/21 - 9/27),2026-09-21,2026-09-27,Station 409 (Donna Line) (segment 490 FH),490,FH,564000,564000,,0,,,km_tgp_notice_detail:1787932505364330000:46485bb248300193468625e90e1a0552f36c4adb8a4d2cdff1a507c289e82063
403802,monthly,2026-08-27,Week 4 (9/21 - 9/27),2026-09-21,2026-09-27,Station 409A (Alamo) (segment 492 FH),492,FH,274000,125000,149000,149000,True,MLV 409-1 to MLV 406-1: Spike Test (M) (9/14/2026 - 10/31/2026) MLV 409A-101.1 to MLV 409A-103: Pig Runs - Cleaning / Gauge (M) (9/21/2026) MLV 409A-101.1 to MLV 409A-103: Pig Runs - Cleaning / Gauge (M) (9/22/2026) MLV 409A-101.1 to MLV 409A-103: Pig Runs - Cleaning / Gauge (M) (9/23/2026) MLV 409A-101.1 to MLV 409A-103: Pig Runs - EMAT (M) (9/25/2026) MLV 409A-101.1 to MLV 409A-103: Pig Runs - MFL-C (M) (9/24/2026),km_tgp_notice_detail:1787932505364330000:46485bb248300193468625e90e1a0552f36c4adb8a4d2cdff1a507c289e82063
403802,monthly,2026-08-27,Week 4 (9/21 - 9/27),2026-09-21,2026-09-27,Station 47 (segment 143 FH),143,FH,1343000,1343000,,0,,MLV 47-4D to MLV 54-4S: Pig Run - AFD Combo (M) (9/8/2026) MLV 47-4D to MLV 54-4S: Pig Run - EMAT (M) (9/10/2026),km_tgp_notice_detail:1787932505364330000:46485bb248300193468625e90e1a0552f36c4adb8a4d2cdff1a507c289e82063
403802,monthly,2026-08-27,Week 4 (9/21 - 9/27),2026-09-21,2026-09-27,Station 534 (segment 534 BH),534,BH,1909000,1440000,469000,469000,True,MLV 534-2 to MLV 535-2: Tallahala Creek HDD (9/21/2026 - 9/30/2026),km_tgp_notice_detail:1787932505364330000:46485bb248300193468625e90e1a0552f36c4adb8a4d2cdff1a507c289e82063
403802,monthly,2026-08-27,Week 4 (9/21 - 9/27),2026-09-21,2026-09-27,Station 534 South of Pool (segment 530 BH),530,BH,1550000,1550000,,0,,MLV 533-2 to MLV 534-2: Pipe Replacement (M) (6/4/2026 - 9/17/2026),km_tgp_notice_detail:1787932505364330000:46485bb248300193468625e90e1a0552f36c4adb8a4d2cdff1a507c289e82063
403802,monthly,2026-08-27,Week 4 (9/21 - 9/27),2026-09-21,2026-09-27,Station 63 (segment 163 FH),163,FH,1242000,1117000,125000,125000,True,MLV 54-3 to MLV 106-3: Emergent Repair - CAO (2/26/2026 - 12/31/2026) MLV 82-2C to MLV 83-2: Anomaly Remediation (9/21/2026 - 9/26/2026) MLV 83-1A to MLV 83-1: Anomaly Remediation (9/14/2026 - 9/19/2026) MLV 84-3 to MLV 85-3: Anomaly Remedition (9/22/2026 - 9/27/2026),km_tgp_notice_detail:1787932505364330000:46485bb248300193468625e90e1a0552f36c4adb8a4d2cdff1a507c289e82063
403802,monthly,2026-08-27,Week 4 (9/21 - 9/27),2026-09-21,2026-09-27,Station 823 (segment 823 BH),823,BH,734000,734000,,0,,,km_tgp_notice_detail:1787932505364330000:46485bb248300193468625e90e1a0552f36c4adb8a4d2cdff1a507c289e82063
403802,monthly,2026-08-27,Week 4 (9/21 - 9/27),2026-09-21,2026-09-27,Station 834 (segment 834 BH),834,BH,683000,670000,13000,13000,True,Sta 834: Unit 1A - Replace Insulation Blanket (9/14/2026 - 9/15/2026) Sta 834: Unit 2A - Replace Insulation Blanket (9/16/2026 - 9/17/2026) Sta 834: Unit 3A - Replace Insulation Blanket (9/18/2026 - 9/19/2026) Sta 834: Unit 4A - Replace Insulation Blanket (9/21/2026 - 9/22/2026) Sta 834: Unit 4A - Replace Lubrication System (9/7/2026 - 9/11/2026),km_tgp_notice_detail:1787932505364330000:46485bb248300193468625e90e1a0552f36c4adb8a4d2cdff1a507c289e82063
403802,monthly,2026-08-27,Week 4 (9/21 - 9/27),2026-09-21,2026-09-27,Station 860 (segment 548 BH),548,BH,1593000,1586000,7000,7000,True,"MLV 546-2 to MLV 547-2: Line Recoat (9/14/2026 - 9/18/2026) Sta 542: Unit 2A - Emergent Repair (4/7/2026 - 9/30/2026) Sta 546: Annual ESD Tests & Maintenance (9/14/2026 - 9/18/2026) Sta 555: Scrubber/Filter/Separator Clean, Inspect & Filter Change (9/14/2026) Sta 555: Unit 1B - Hot Gas Path (8/10/2026 - 9/18/2026) Sta 555: Unit 4A - Engine Maintenance (9/21/2026 - 9/24/2026)",km_tgp_notice_detail:1787932505364330000:46485bb248300193468625e90e1a0552f36c4adb8a4d2cdff1a507c289e82063
403802,monthly,2026-08-27,Week 4 (9/21 - 9/27),2026-09-21,2026-09-27,Station 860 North (Segment 860 BH),860,BH,1874000,1846000,28000,28000,True,Sta 860: Unit 1A - Aftercooler Jacket Water Inspection (6/17/2025 - 12/31/2026) Sta 860: Unit 1B - Replace Turbocharger (9/21/2026 - 9/25/2026),km_tgp_notice_detail:1787932505364330000:46485bb248300193468625e90e1a0552f36c4adb8a4d2cdff1a507c289e82063
403802,monthly,2026-08-27,Week 4 (9/21 - 9/27),2026-09-21,2026-09-27,Station 9 (segment 109 BH),109,BH,1027000,1027000,,0,,MLV 2-2 to MLV 3-2: Anomaly Remediation (9/8/2026 - 9/18/2026),km_tgp_notice_detail:1787932505364330000:46485bb248300193468625e90e1a0552f36c4adb8a4d2cdff1a507c289e82063
403802,monthly,2026-08-27,Week 1 (9/28 - 10/4),2026-09-28,2026-10-04,MLV 324 (segment 324 FH),324,FH,1767000,1767000,,0,,,km_tgp_notice_detail:1787932505364330000:46485bb248300193468625e90e1a0552f36c4adb8a4d2cdff1a507c289e82063
403802,monthly,2026-08-27,Week 1 (9/28 - 10/4),2026-09-28,2026-10-04,MLV 329 (segment 324 FH),324,FH,846000,830000,16000,16000,True,MLV 325-1 to MLV 329-1: Pig runs - Cleaning/Gauge (M) (10/19/2026) MLV 325-1 to MLV 329-1: Pig runs - EMAT (M) (10/20/2026) MLV 329AS-1 to MLV 329AD-1: Valve Replacement - MLV 329-1 (M) (9/9/2026 - 10/9/2026),km_tgp_notice_detail:1787932505364330000:46485bb248300193468625e90e1a0552f36c4adb8a4d2cdff1a507c289e82063
403802,monthly,2026-08-27,Week 1 (9/28 - 10/4),2026-09-28,2026-10-04,Station 1 (segment 101 BH),101,BH,399000,300000,99000,99000,True,MLV 1-1D to MLV 5-1: Spike Test (M) (9/21/2026 - 11/2/2026),km_tgp_notice_detail:1787932505364330000:46485bb248300193468625e90e1a0552f36c4adb8a4d2cdff1a507c289e82063
403802,monthly,2026-08-27,Week 1 (9/28 - 10/4),2026-09-28,2026-10-04,Station 110 (segment 187 BH) (south thru Kentucky),187,BH,2685000,2043000,642000,642000,True,MLV 104-3 to MLV 106-3S: HDD at Kentucky River (10/1/2026 - 10/7/2026) MLV 109-3A to MLV 110-3: Pipe Replacement (10/14/2026 - 10/30/2026) MLV 109-5 to MLV 109-5A: Pipe Replacement (9/14/2026 - 10/12/2026) MLV 109-5A to MLV 110-5: Pipe Replacement (9/14/2026 - 10/12/2026) MLV 110-2 to MLV 114-2: CAO - Force Majeure (M) (7/14/2026 - 12/31/2026) MLV 54-3 to MLV 106-3: Emergent Repair - CAO (2/26/2026 - 12/31/2026) MLV 867-2 to MLV 868-2: Anomaly Remediation (10/19/2026 - 10/24/2026) MLV 870-2 to MLV 870-2R: Anomaly Remediation (10/12/2026 - 10/17/2026) MLV 97-3 to MLV 106-3: Pig Run - Cleaning / Gauge (10/27/2026) MLV 97-3 to MLV 106-3: Pig Run - MFL-S (10/29/2026) Sta 87: Unit 3D - Power side Overhaul (6/22/2026 - 9/30/2026) Sta 875: Unit 1A- 8K Solar Turbine Inspection (10/27/2026 - 10/29/2026) Sta 96: Unit 2D Replace Compressor Valves (10/12/2026 - 10/15/2026),km_tgp_notice_detail:1787932505364330000:46485bb248300193468625e90e1a0552f36c4adb8a4d2cdff1a507c289e82063
403802,monthly,2026-08-27,Week 1 (9/28 - 10/4),2026-09-28,2026-10-04,Station 114 (segment 114 BH),114,BH,907000,907000,,0,,Sta 118A Tyler Mountain: Annual ESD Test (10/5/2026 - 10/6/2026),km_tgp_notice_detail:1787932505364330000:46485bb248300193468625e90e1a0552f36c4adb8a4d2cdff1a507c289e82063
403802,monthly,2026-08-27,Week 1 (9/28 - 10/4),2026-09-28,2026-10-04,Station 17 (segment 117 FH),117,FH,1122000,1122000,,0,,MLV 17-2D to MLV 20-2A: Pig Run - Chemical Cleaning (10/19/2026 - 10/20/2026) MLV 17-2D to MLV 20-2A: Pig Run - GAUGE (10/21/2026) MLV 17-2D to MLV 20-2A: Pig Run - MFL-A (10/22/2026) MLV 32-2D TO MLV 40-2S: Pig Runs - Maintenance (10/8/2026) MLV 32-3D to MLV 40-3S: Pig Runs - Maintenance (10/13/2026) Sta 25: Annual ESD Test (10/13/2026),km_tgp_notice_detail:1787932505364330000:46485bb248300193468625e90e1a0552f36c4adb8a4d2cdff1a507c289e82063
403802,monthly,2026-08-27,Week 1 (9/28 - 10/4),2026-09-28,2026-10-04,Station 204 (Segment 204 BH),204,BH,1828000,1375000,453000,453000,True,MLV 209-2 to MLV 214-2: Pig Run - Chem Cleaning (10/26/2026) MLV 209-2 to MLV 214-2: Pig Run - Chem Cleaning (10/27/2026) MLV 209-2 to MLV 214-2: Pig Run - Chem Cleaning (10/28/2026) MLV 209-2 to MLV 214-2: Pig Run - Chem Cleaning (10/29/2026) MLV 209-2 to MLV 214-2: Pig Run - Chem Cleaning (10/30/2026) MLV 214-1 to MLV 219-1: Pig Run - Cal/IMU (10/20/2026) MLV 214-1 to MLV 219-1: Pig Run - Gauge/Cleaning (10/15/2026) MLV 214-1 to MLV 219-1: Pig Run - MFL-C (10/22/2026) Sta 204: Scrubber Filter Change (10/1/2026 - 10/3/2026) Sta 209 Cambridge: Scrubber Filter (9/28/2026 - 9/30/2026),km_tgp_notice_detail:1787932505364330000:46485bb248300193468625e90e1a0552f36c4adb8a4d2cdff1a507c289e82063
403802,monthly,2026-08-27,Week 1 (9/28 - 10/4),2026-09-28,2026-10-04,Station 224 (segment 224 FH),224,FH,388000,388000,,0,,MLV 229-2 to MLV 232-2: Pig runs - Maintenance (M) (10/6/2026),km_tgp_notice_detail:1787932505364330000:46485bb248300193468625e90e1a0552f36c4adb8a4d2cdff1a507c289e82063
403802,monthly,2026-08-27,Week 1 (9/28 - 10/4),2026-09-28,2026-10-04,Station 233 (segment 233 FH),233,FH,459000,355000,104000,104000,True,MLV 233-2 to MLV 235-2: Pig Run (9/30/2026),km_tgp_notice_detail:1787932505364330000:46485bb248300193468625e90e1a0552f36c4adb8a4d2cdff1a507c289e82063
403802,monthly,2026-08-27,Week 1 (9/28 - 10/4),2026-09-28,2026-10-04,Station 245 (segment 245 FH),245,FH,986000,970000,16000,16000,True,Sta 245: Unit 1A & 2A - Exhaust System & HP Fuel (4/27/2026 - 11/1/2026) Sta 245-1 to MLV 249-1: Pig Run - EMAT (10/28/2026),km_tgp_notice_detail:1787932505364330000:46485bb248300193468625e90e1a0552f36c4adb8a4d2cdff1a507c289e82063
403802,monthly,2026-08-27,Week 1 (9/28 - 10/4),2026-09-28,2026-10-04,Station 25 (segment 125 FH),125,FH,1078000,1078000,,0,,,km_tgp_notice_detail:1787932505364330000:46485bb248300193468625e90e1a0552f36c4adb8a4d2cdff1a507c289e82063
403802,monthly,2026-08-27,Week 1 (9/28 - 10/4),2026-09-28,2026-10-04,Station 261 Discharge East (segment 261 FH),261,FH,888000,500000,388000,388000,True,Sta 261 Agawam: Annual ESD test (M) (9/28/2026 - 10/2/2026) Sta 264 Charlton: Unit 1C - Engine Maintenance (8/24/2026 - 10/16/2026) Sta 264: Oil System (10/12/2026 - 10/16/2026),km_tgp_notice_detail:1787932505364330000:46485bb248300193468625e90e1a0552f36c4adb8a4d2cdff1a507c289e82063
403802,monthly,2026-08-27,Week 1 (9/28 - 10/4),2026-09-28,2026-10-04,Station 307 (segment 307 BH),307,BH,1153000,775000,378000,378000,True,MLV 302-2 to MLV 303-2: Anomaly Remediation (9/28/2026 - 10/10/2026) Sta 219: Annual ESD Test & Scrubber Maintenance (10/12/2026 - 10/16/2026) Sta 303A: Unit 1A - Water Wash (10/6/2026 - 10/7/2026) Sta 307: Unit 4A - Trabon (9/29/2026 - 10/2/2026),km_tgp_notice_detail:1787932505364330000:46485bb248300193468625e90e1a0552f36c4adb8a4d2cdff1a507c289e82063
403802,monthly,2026-08-27,Week 1 (9/28 - 10/4),2026-09-28,2026-10-04,Station 315 (segment 315 BH),315,BH,1823000,1823000,,0,,,km_tgp_notice_detail:1787932505364330000:46485bb248300193468625e90e1a0552f36c4adb8a4d2cdff1a507c289e82063
403802,monthly,2026-08-27,Week 1 (9/28 - 10/4),2026-09-28,2026-10-04,Station 405 HC Line (segment 299 FH),299,FH,794000,794000,,0,,Sta 405A: Unit 1A - 4k Waterwash (10/13/2026) ; Sta 405A: Unit 1A - 8K Solar Turbine Inspection (10/14/2026),km_tgp_notice_detail:1787932505364330000:46485bb248300193468625e90e1a0552f36c4adb8a4d2cdff1a507c289e82063
403802,monthly,2026-08-27,Week 1 (9/28 - 10/4),2026-09-28,2026-10-04,Station 409 (Donna Line) (segment 490 FH),490,FH,564000,564000,,0,,,km_tgp_notice_detail:1787932505364330000:46485bb248300193468625e90e1a0552f36c4adb8a4d2cdff1a507c289e82063
403802,monthly,2026-08-27,Week 1 (9/28 - 10/4),2026-09-28,2026-10-04,Station 409A (Alamo) (segment 492 FH),492,FH,274000,215000,59000,59000,True,MLV 409-1 to MLV 406-1: Spike Test (M) (9/14/2026 - 10/31/2026),km_tgp_notice_detail:1787932505364330000:46485bb248300193468625e90e1a0552f36c4adb8a4d2cdff1a507c289e82063
403802,monthly,2026-08-27,Week 1 (9/28 - 10/4),2026-09-28,2026-10-04,Station 47 (segment 143 FH),143,FH,1343000,1025000,318000,318000,True,MLV 58-2 to MLV 59-2: Anomaly Remediation (10/10/2026 - 10/20/2026) Sta 47: Scrubber/Filter/Separator Cleaning/Inspection/Changeout (9/28/2026 - 10/2/2026) Sta 47: Station Transformer Maintenance (10/6/2026) Sta 47: Unit 1D - 16K hour Overhaul (10/5/2026 - 10/15/2026),km_tgp_notice_detail:1787932505364330000:46485bb248300193468625e90e1a0552f36c4adb8a4d2cdff1a507c289e82063
403802,monthly,2026-08-27,Week 1 (9/28 - 10/4),2026-09-28,2026-10-04,Station 534 (segment 534 BH),534,BH,1909000,1440000,469000,469000,True,MLV 534-2 to MLV 535-2: Tallahala Creek HDD (9/21/2026 - 9/30/2026) Sta 538: Boost Pump Vibration Upgrade (10/12/2026 - 10/15/2026) Sta 538: Replace Suction & Discharge Unit Valves (10/12/2026 - 10/16/2026),km_tgp_notice_detail:1787932505364330000:46485bb248300193468625e90e1a0552f36c4adb8a4d2cdff1a507c289e82063
403802,monthly,2026-08-27,Week 1 (9/28 - 10/4),2026-09-28,2026-10-04,Station 534 South of Pool (segment 530 BH),530,BH,1550000,1550000,,0,,Sta 529: Unit 1A - Solar Inspection (10/12/2026 - 10/15/2026) Sta. 527 Port Sulphur: Medium Voltage Electrical Testing (10/5/2026 - 10/9/2026),km_tgp_notice_detail:1787932505364330000:46485bb248300193468625e90e1a0552f36c4adb8a4d2cdff1a507c289e82063
403802,monthly,2026-08-27,Week 1 (9/28 - 10/4),2026-09-28,2026-10-04,Station 63 (segment 163 FH),163,FH,1242000,1117000,125000,125000,True,MLV 54-3 to MLV 106-3: Emergent Repair - CAO (2/26/2026 - 12/31/2026) MLV 82-1 to MLV 87-1: Pig Run - AFD/Cal/IMU (10/8/2026) MLV 82-1 to MLV 87-1: Pig Run - Cleaning / Gauge (10/6/2026) MLV 82-1 to MLV 87-1: Pig Run - EMAT (10/13/2026),km_tgp_notice_detail:1787932505364330000:46485bb248300193468625e90e1a0552f36c4adb8a4d2cdff1a507c289e82063
403802,monthly,2026-08-27,Week 1 (9/28 - 10/4),2026-09-28,2026-10-04,Station 823 (segment 823 BH),823,BH,734000,734000,,0,,,km_tgp_notice_detail:1787932505364330000:46485bb248300193468625e90e1a0552f36c4adb8a4d2cdff1a507c289e82063
403802,monthly,2026-08-27,Week 1 (9/28 - 10/4),2026-09-28,2026-10-04,Station 860 (segment 548 BH),548,BH,1593000,1586000,7000,7000,True,Sta 542 Dekalb: Annual ESD Test (10/20/2026 - 10/22/2026) Sta 542: Unit 2A - Emergent Repair (4/7/2026 - 9/30/2026) Sta 550 Hamilton: Annual ESD Test (10/5/2026 - 10/9/2026) Sta 550: Unit 1B - Juction Box Rewire & Unit Valves (9/28/2026 - 10/9/2026),km_tgp_notice_detail:1787932505364330000:46485bb248300193468625e90e1a0552f36c4adb8a4d2cdff1a507c289e82063
403802,monthly,2026-08-27,Week 1 (9/28 - 10/4),2026-09-28,2026-10-04,Station 860 North (Segment 860 BH),860,BH,1874000,1846000,28000,28000,True,MLV 560-2 to MLV 563-2: Pipe Replacements (M) (10/15/2026 - 10/26/2026) Sta 860: Unit 1A - Aftercooler Jacket Water Inspection (6/17/2025 - 12/31/2026) Sta 860: Unit 1C - 4K/Turbine Waterwash/Boroscope (10/6/2026 - 10/7/2026) Sta 860: Unit 2C - 4K/Turbine Waterwash/Boroscope (10/7/2026 - 10/8/2026),km_tgp_notice_detail:1787932505364330000:46485bb248300193468625e90e1a0552f36c4adb8a4d2cdff1a507c289e82063
403802,monthly,2026-08-27,Week 1 (9/28 - 10/4),2026-09-28,2026-10-04,Station 9 (segment 109 BH),109,BH,1027000,1027000,,0,,MLV 9-2S to MLV 1-2: Pig Runs - Cleaning / Maintenance (M) (10/22/2026) MLV 9-3 to MLV 5-3: Pig Run - Maintenance (M) (10/21/2026),km_tgp_notice_detail:1787932505364330000:46485bb248300193468625e90e1a0552f36c4adb8a4d2cdff1a507c289e82063
403802,monthly,2026-08-27,Week 2 (10/5 - 10/11),2026-10-05,2026-10-11,MLV 324 (segment 324 FH),324,FH,1767000,1767000,,0,,,km_tgp_notice_detail:1787932505364330000:46485bb248300193468625e90e1a0552f36c4adb8a4d2cdff1a507c289e82063
403802,monthly,2026-08-27,Week 2 (10/5 - 10/11),2026-10-05,2026-10-11,MLV 329 (segment 324 FH),324,FH,846000,830000,16000,16000,True,MLV 325-1 to MLV 329-1: Pig runs - Cleaning/Gauge (M) (10/19/2026) MLV 325-1 to MLV 329-1: Pig runs - EMAT (M) (10/20/2026) MLV 329AS-1 to MLV 329AD-1: Valve Replacement - MLV 329-1 (M) (9/9/2026 - 10/9/2026),km_tgp_notice_detail:1787932505364330000:46485bb248300193468625e90e1a0552f36c4adb8a4d2cdff1a507c289e82063
403802,monthly,2026-08-27,Week 2 (10/5 - 10/11),2026-10-05,2026-10-11,Station 1 (segment 101 BH),101,BH,399000,300000,99000,99000,True,MLV 1-1D to MLV 5-1: Spike Test (M) (9/21/2026 - 11/2/2026),km_tgp_notice_detail:1787932505364330000:46485bb248300193468625e90e1a0552f36c4adb8a4d2cdff1a507c289e82063
403802,monthly,2026-08-27,Week 2 (10/5 - 10/11),2026-10-05,2026-10-11,Station 110 (segment 187 BH) (south thru Kentucky),187,BH,2685000,2043000,642000,642000,True,MLV 104-3 to MLV 106-3S: HDD at Kentucky River (10/1/2026 - 10/7/2026) MLV 109-3A to MLV 110-3: Pipe Replacement (10/14/2026 - 10/30/2026) MLV 109-5 to MLV 109-5A: Pipe Replacement (9/14/2026 - 10/12/2026) MLV 109-5A to MLV 110-5: Pipe Replacement (9/14/2026 - 10/12/2026) MLV 110-2 to MLV 114-2: CAO - Force Majeure (M) (7/14/2026 - 12/31/2026) MLV 54-3 to MLV 106-3: Emergent Repair - CAO (2/26/2026 - 12/31/2026) MLV 867-2 to MLV 868-2: Anomaly Remediation (10/19/2026 - 10/24/2026) MLV 870-2 to MLV 870-2R: Anomaly Remediation (10/12/2026 - 10/17/2026) MLV 97-3 to MLV 106-3: Pig Run - Cleaning / Gauge (10/27/2026) MLV 97-3 to MLV 106-3: Pig Run - MFL-S (10/29/2026) Sta 87: Unit 3D - Power side Overhaul (6/22/2026 - 9/30/2026) Sta 875: Unit 1A- 8K Solar Turbine Inspection (10/27/2026 - 10/29/2026) Sta 96: Unit 2D Replace Compressor Valves (10/12/2026 - 10/15/2026),km_tgp_notice_detail:1787932505364330000:46485bb248300193468625e90e1a0552f36c4adb8a4d2cdff1a507c289e82063
403802,monthly,2026-08-27,Week 2 (10/5 - 10/11),2026-10-05,2026-10-11,Station 114 (segment 114 BH),114,BH,907000,853000,54000,54000,True,Sta 118A Tyler Mountain: Annual ESD Test (10/5/2026 - 10/6/2026),km_tgp_notice_detail:1787932505364330000:46485bb248300193468625e90e1a0552f36c4adb8a4d2cdff1a507c289e82063
403802,monthly,2026-08-27,Week 2 (10/5 - 10/11),2026-10-05,2026-10-11,Station 17 (segment 117 FH),117,FH,1122000,985000,137000,137000,True,MLV 17-2D to MLV 20-2A: Pig Run - Chemical Cleaning (10/19/2026 - 10/20/2026) MLV 17-2D to MLV 20-2A: Pig Run - GAUGE (10/21/2026) MLV 17-2D to MLV 20-2A: Pig Run - MFL-A (10/22/2026) MLV 32-2D TO MLV 40-2S: Pig Runs - Maintenance (10/8/2026) MLV 32-3D to MLV 40-3S: Pig Runs - Maintenance (10/13/2026) Sta 25: Annual ESD Test (10/13/2026),km_tgp_notice_detail:1787932505364330000:46485bb248300193468625e90e1a0552f36c4adb8a4d2cdff1a507c289e82063
403802,monthly,2026-08-27,Week 2 (10/5 - 10/11),2026-10-05,2026-10-11,Station 204 (Segment 204 BH),204,BH,1828000,1828000,,0,,MLV 209-2 to MLV 214-2: Pig Run - Chem Cleaning (10/26/2026) MLV 209-2 to MLV 214-2: Pig Run - Chem Cleaning (10/27/2026) MLV 209-2 to MLV 214-2: Pig Run - Chem Cleaning (10/28/2026) MLV 209-2 to MLV 214-2: Pig Run - Chem Cleaning (10/29/2026) MLV 209-2 to MLV 214-2: Pig Run - Chem Cleaning (10/30/2026) MLV 214-1 to MLV 219-1: Pig Run - Cal/IMU (10/20/2026) MLV 214-1 to MLV 219-1: Pig Run - Gauge/Cleaning (10/15/2026) MLV 214-1 to MLV 219-1: Pig Run - MFL-C (10/22/2026) Sta 204: Scrubber Filter Change (10/1/2026 - 10/3/2026) Sta 209 Cambridge: Scrubber Filter (9/28/2026 - 9/30/2026),km_tgp_notice_detail:1787932505364330000:46485bb248300193468625e90e1a0552f36c4adb8a4d2cdff1a507c289e82063
403802,monthly,2026-08-27,Week 2 (10/5 - 10/11),2026-10-05,2026-10-11,Station 224 (segment 224 FH),224,FH,388000,200000,188000,188000,True,MLV 229-2 to MLV 232-2: Pig runs - Maintenance (M) (10/6/2026),km_tgp_notice_detail:1787932505364330000:46485bb248300193468625e90e1a0552f36c4adb8a4d2cdff1a507c289e82063
403802,monthly,2026-08-27,Week 2 (10/5 - 10/11),2026-10-05,2026-10-11,Station 233 (segment 233 FH),233,FH,459000,459000,,0,,MLV 233-2 to MLV 235-2: Pig Run (9/30/2026),km_tgp_notice_detail:1787932505364330000:46485bb248300193468625e90e1a0552f36c4adb8a4d2cdff1a507c289e82063
403802,monthly,2026-08-27,Week 2 (10/5 - 10/11),2026-10-05,2026-10-11,Station 245 (segment 245 FH),245,FH,986000,970000,16000,16000,True,Sta 245: Unit 1A & 2A - Exhaust System & HP Fuel (4/27/2026 - 11/1/2026) Sta 245-1 to MLV 249-1: Pig Run - EMAT (10/28/2026),km_tgp_notice_detail:1787932505364330000:46485bb248300193468625e90e1a0552f36c4adb8a4d2cdff1a507c289e82063
403802,monthly,2026-08-27,Week 2 (10/5 - 10/11),2026-10-05,2026-10-11,Station 25 (segment 125 FH),125,FH,1078000,1078000,,0,,,km_tgp_notice_detail:1787932505364330000:46485bb248300193468625e90e1a0552f36c4adb8a4d2cdff1a507c289e82063
403802,monthly,2026-08-27,Week 2 (10/5 - 10/11),2026-10-05,2026-10-11,Station 261 Discharge East (segment 261 FH),261,FH,888000,715000,173000,173000,True,Sta 261 Agawam: Annual ESD test (M) (9/28/2026 - 10/2/2026) Sta 264 Charlton: Unit 1C - Engine Maintenance (8/24/2026 - 10/16/2026) Sta 264: Oil System (10/12/2026 - 10/16/2026),km_tgp_notice_detail:1787932505364330000:46485bb248300193468625e90e1a0552f36c4adb8a4d2cdff1a507c289e82063
403802,monthly,2026-08-27,Week 2 (10/5 - 10/11),2026-10-05,2026-10-11,Station 307 (segment 307 BH),307,BH,1153000,695000,458000,458000,True,MLV 302-2 to MLV 303-2: Anomaly Remediation (9/28/2026 - 10/10/2026) Sta 219: Annual ESD Test & Scrubber Maintenance (10/12/2026 - 10/16/2026) Sta 303A: Unit 1A - Water Wash (10/6/2026 - 10/7/2026) Sta 307: Unit 4A - Trabon (9/29/2026 - 10/2/2026),km_tgp_notice_detail:1787932505364330000:46485bb248300193468625e90e1a0552f36c4adb8a4d2cdff1a507c289e82063
403802,monthly,2026-08-27,Week 2 (10/5 - 10/11),2026-10-05,2026-10-11,Station 315 (segment 315 BH),315,BH,1823000,1823000,,0,,,km_tgp_notice_detail:1787932505364330000:46485bb248300193468625e90e1a0552f36c4adb8a4d2cdff1a507c289e82063
403802,monthly,2026-08-27,Week 2 (10/5 - 10/11),2026-10-05,2026-10-11,Station 405 HC Line (segment 299 FH),299,FH,794000,794000,,0,,Sta 405A: Unit 1A - 4k Waterwash (10/13/2026) ; Sta 405A: Unit 1A - 8K Solar Turbine Inspection (10/14/2026),km_tgp_notice_detail:1787932505364330000:46485bb248300193468625e90e1a0552f36c4adb8a4d2cdff1a507c289e82063
403802,monthly,2026-08-27,Week 2 (10/5 - 10/11),2026-10-05,2026-10-11,Station 409 (Donna Line) (segment 490 FH),490,FH,564000,564000,,0,,,km_tgp_notice_detail:1787932505364330000:46485bb248300193468625e90e1a0552f36c4adb8a4d2cdff1a507c289e82063
403802,monthly,2026-08-27,Week 2 (10/5 - 10/11),2026-10-05,2026-10-11,Station 409A (Alamo) (segment 492 FH),492,FH,274000,215000,59000,59000,True,MLV 409-1 to MLV 406-1: Spike Test (M) (9/14/2026 - 10/31/2026),km_tgp_notice_detail:1787932505364330000:46485bb248300193468625e90e1a0552f36c4adb8a4d2cdff1a507c289e82063
403802,monthly,2026-08-27,Week 2 (10/5 - 10/11),2026-10-05,2026-10-11,Station 47 (segment 143 FH),143,FH,1343000,1025000,318000,318000,True,MLV 58-2 to MLV 59-2: Anomaly Remediation (10/10/2026 - 10/20/2026) Sta 47: Scrubber/Filter/Separator Cleaning/Inspection/Changeout (9/28/2026 - 10/2/2026) Sta 47: Station Transformer Maintenance (10/6/2026) Sta 47: Unit 1D - 16K hour Overhaul (10/5/2026 - 10/15/2026),km_tgp_notice_detail:1787932505364330000:46485bb248300193468625e90e1a0552f36c4adb8a4d2cdff1a507c289e82063
403802,monthly,2026-08-27,Week 2 (10/5 - 10/11),2026-10-05,2026-10-11,Station 534 (segment 534 BH),534,BH,1909000,1909000,,0,,MLV 534-2 to MLV 535-2: Tallahala Creek HDD (9/21/2026 - 9/30/2026) Sta 538: Boost Pump Vibration Upgrade (10/12/2026 - 10/15/2026) Sta 538: Replace Suction & Discharge Unit Valves (10/12/2026 - 10/16/2026),km_tgp_notice_detail:1787932505364330000:46485bb248300193468625e90e1a0552f36c4adb8a4d2cdff1a507c289e82063
403802,monthly,2026-08-27,Week 2 (10/5 - 10/11),2026-10-05,2026-10-11,Station 534 South of Pool (segment 530 BH),530,BH,1550000,905000,645000,645000,True,Sta 529: Unit 1A - Solar Inspection (10/12/2026 - 10/15/2026) Sta. 527 Port Sulphur: Medium Voltage Electrical Testing (10/5/2026 - 10/9/2026),km_tgp_notice_detail:1787932505364330000:46485bb248300193468625e90e1a0552f36c4adb8a4d2cdff1a507c289e82063
403802,monthly,2026-08-27,Week 2 (10/5 - 10/11),2026-10-05,2026-10-11,Station 63 (segment 163 FH),163,FH,1242000,1117000,125000,125000,True,MLV 54-3 to MLV 106-3: Emergent Repair - CAO (2/26/2026 - 12/31/2026) MLV 82-1 to MLV 87-1: Pig Run - AFD/Cal/IMU (10/8/2026) MLV 82-1 to MLV 87-1: Pig Run - Cleaning / Gauge (10/6/2026) MLV 82-1 to MLV 87-1: Pig Run - EMAT (10/13/2026),km_tgp_notice_detail:1787932505364330000:46485bb248300193468625e90e1a0552f36c4adb8a4d2cdff1a507c289e82063
403802,monthly,2026-08-27,Week 2 (10/5 - 10/11),2026-10-05,2026-10-11,Station 823 (segment 823 BH),823,BH,734000,734000,,0,,,km_tgp_notice_detail:1787932505364330000:46485bb248300193468625e90e1a0552f36c4adb8a4d2cdff1a507c289e82063
403802,monthly,2026-08-27,Week 2 (10/5 - 10/11),2026-10-05,2026-10-11,Station 860 (segment 548 BH),548,BH,1593000,1375000,218000,218000,True,Sta 542 Dekalb: Annual ESD Test (10/20/2026 - 10/22/2026) Sta 542: Unit 2A - Emergent Repair (4/7/2026 - 9/30/2026) Sta 550 Hamilton: Annual ESD Test (10/5/2026 - 10/9/2026) Sta 550: Unit 1B - Juction Box Rewire & Unit Valves (9/28/2026 - 10/9/2026),km_tgp_notice_detail:1787932505364330000:46485bb248300193468625e90e1a0552f36c4adb8a4d2cdff1a507c289e82063
403802,monthly,2026-08-27,Week 2 (10/5 - 10/11),2026-10-05,2026-10-11,Station 860 North (Segment 860 BH),860,BH,1874000,1846000,28000,28000,True,MLV 560-2 to MLV 563-2: Pipe Replacements (M) (10/15/2026 - 10/26/2026) Sta 860: Unit 1A - Aftercooler Jacket Water Inspection (6/17/2025 - 12/31/2026) Sta 860: Unit 1C - 4K/Turbine Waterwash/Boroscope (10/6/2026 - 10/7/2026) Sta 860: Unit 2C - 4K/Turbine Waterwash/Boroscope (10/7/2026 - 10/8/2026),km_tgp_notice_detail:1787932505364330000:46485bb248300193468625e90e1a0552f36c4adb8a4d2cdff1a507c289e82063
403802,monthly,2026-08-27,Week 2 (10/5 - 10/11),2026-10-05,2026-10-11,Station 9 (segment 109 BH),109,BH,1027000,1027000,,0,,MLV 9-2S to MLV 1-2: Pig Runs - Cleaning / Maintenance (M) (10/22/2026) MLV 9-3 to MLV 5-3: Pig Run - Maintenance (M) (10/21/2026),km_tgp_notice_detail:1787932505364330000:46485bb248300193468625e90e1a0552f36c4adb8a4d2cdff1a507c289e82063
403802,monthly,2026-08-27,Week 3 (10/12 - 10/18),2026-10-12,2026-10-18,MLV 324 (segment 324 FH),324,FH,1767000,1767000,,0,,,km_tgp_notice_detail:1787932505364330000:46485bb248300193468625e90e1a0552f36c4adb8a4d2cdff1a507c289e82063
403802,monthly,2026-08-27,Week 3 (10/12 - 10/18),2026-10-12,2026-10-18,MLV 329 (segment 324 FH),324,FH,846000,846000,,0,,MLV 325-1 to MLV 329-1: Pig runs - Cleaning/Gauge (M) (10/19/2026) MLV 325-1 to MLV 329-1: Pig runs - EMAT (M) (10/20/2026) MLV 329AS-1 to MLV 329AD-1: Valve Replacement - MLV 329-1 (M) (9/9/2026 - 10/9/2026),km_tgp_notice_detail:1787932505364330000:46485bb248300193468625e90e1a0552f36c4adb8a4d2cdff1a507c289e82063
403802,monthly,2026-08-27,Week 3 (10/12 - 10/18),2026-10-12,2026-10-18,Station 1 (segment 101 BH),101,BH,399000,300000,99000,99000,True,MLV 1-1D to MLV 5-1: Spike Test (M) (9/21/2026 - 11/2/2026),km_tgp_notice_detail:1787932505364330000:46485bb248300193468625e90e1a0552f36c4adb8a4d2cdff1a507c289e82063
403802,monthly,2026-08-27,Week 3 (10/12 - 10/18),2026-10-12,2026-10-18,Station 110 (segment 187 BH) (south thru Kentucky),187,BH,2685000,2400000,285000,285000,True,MLV 104-3 to MLV 106-3S: HDD at Kentucky River (10/1/2026 - 10/7/2026) MLV 109-3A to MLV 110-3: Pipe Replacement (10/14/2026 - 10/30/2026) MLV 109-5 to MLV 109-5A: Pipe Replacement (9/14/2026 - 10/12/2026) MLV 109-5A to MLV 110-5: Pipe Replacement (9/14/2026 - 10/12/2026) MLV 110-2 to MLV 114-2: CAO - Force Majeure (M) (7/14/2026 - 12/31/2026) MLV 54-3 to MLV 106-3: Emergent Repair - CAO (2/26/2026 - 12/31/2026) MLV 867-2 to MLV 868-2: Anomaly Remediation (10/19/2026 - 10/24/2026) MLV 870-2 to MLV 870-2R: Anomaly Remediation (10/12/2026 - 10/17/2026) MLV 97-3 to MLV 106-3: Pig Run - Cleaning / Gauge (10/27/2026) MLV 97-3 to MLV 106-3: Pig Run - MFL-S (10/29/2026) Sta 87: Unit 3D - Power side Overhaul (6/22/2026 - 9/30/2026) Sta 875: Unit 1A- 8K Solar Turbine Inspection (10/27/2026 - 10/29/2026) Sta 96: Unit 2D Replace Compressor Valves (10/12/2026 - 10/15/2026),km_tgp_notice_detail:1787932505364330000:46485bb248300193468625e90e1a0552f36c4adb8a4d2cdff1a507c289e82063
403802,monthly,2026-08-27,Week 3 (10/12 - 10/18),2026-10-12,2026-10-18,Station 114 (segment 114 BH),114,BH,907000,907000,,0,,Sta 118A Tyler Mountain: Annual ESD Test (10/5/2026 - 10/6/2026),km_tgp_notice_detail:1787932505364330000:46485bb248300193468625e90e1a0552f36c4adb8a4d2cdff1a507c289e82063
403802,monthly,2026-08-27,Week 3 (10/12 - 10/18),2026-10-12,2026-10-18,Station 17 (segment 117 FH),117,FH,1122000,980000,142000,142000,True,MLV 17-2D to MLV 20-2A: Pig Run - Chemical Cleaning (10/19/2026 - 10/20/2026) MLV 17-2D to MLV 20-2A: Pig Run - GAUGE (10/21/2026) MLV 17-2D to MLV 20-2A: Pig Run - MFL-A (10/22/2026) MLV 32-2D TO MLV 40-2S: Pig Runs - Maintenance (10/8/2026) MLV 32-3D to MLV 40-3S: Pig Runs - Maintenance (10/13/2026) Sta 25: Annual ESD Test (10/13/2026),km_tgp_notice_detail:1787932505364330000:46485bb248300193468625e90e1a0552f36c4adb8a4d2cdff1a507c289e82063
403802,monthly,2026-08-27,Week 3 (10/12 - 10/18),2026-10-12,2026-10-18,Station 204 (Segment 204 BH),204,BH,1828000,1755000,73000,73000,True,MLV 209-2 to MLV 214-2: Pig Run - Chem Cleaning (10/26/2026) MLV 209-2 to MLV 214-2: Pig Run - Chem Cleaning (10/27/2026) MLV 209-2 to MLV 214-2: Pig Run - Chem Cleaning (10/28/2026) MLV 209-2 to MLV 214-2: Pig Run - Chem Cleaning (10/29/2026) MLV 209-2 to MLV 214-2: Pig Run - Chem Cleaning (10/30/2026) MLV 214-1 to MLV 219-1: Pig Run - Cal/IMU (10/20/2026) MLV 214-1 to MLV 219-1: Pig Run - Gauge/Cleaning (10/15/2026) MLV 214-1 to MLV 219-1: Pig Run - MFL-C (10/22/2026) Sta 204: Scrubber Filter Change (10/1/2026 - 10/3/2026) Sta 209 Cambridge: Scrubber Filter (9/28/2026 - 9/30/2026),km_tgp_notice_detail:1787932505364330000:46485bb248300193468625e90e1a0552f36c4adb8a4d2cdff1a507c289e82063
403802,monthly,2026-08-27,Week 3 (10/12 - 10/18),2026-10-12,2026-10-18,Station 224 (segment 224 FH),224,FH,388000,388000,,0,,MLV 229-2 to MLV 232-2: Pig runs - Maintenance (M) (10/6/2026),km_tgp_notice_detail:1787932505364330000:46485bb248300193468625e90e1a0552f36c4adb8a4d2cdff1a507c289e82063
403802,monthly,2026-08-27,Week 3 (10/12 - 10/18),2026-10-12,2026-10-18,Station 233 (segment 233 FH),233,FH,459000,459000,,0,,MLV 233-2 to MLV 235-2: Pig Run (9/30/2026),km_tgp_notice_detail:1787932505364330000:46485bb248300193468625e90e1a0552f36c4adb8a4d2cdff1a507c289e82063
403802,monthly,2026-08-27,Week 3 (10/12 - 10/18),2026-10-12,2026-10-18,Station 245 (segment 245 FH),245,FH,986000,970000,16000,16000,True,Sta 245: Unit 1A & 2A - Exhaust System & HP Fuel (4/27/2026 - 11/1/2026) Sta 245-1 to MLV 249-1: Pig Run - EMAT (10/28/2026),km_tgp_notice_detail:1787932505364330000:46485bb248300193468625e90e1a0552f36c4adb8a4d2cdff1a507c289e82063
403802,monthly,2026-08-27,Week 3 (10/12 - 10/18),2026-10-12,2026-10-18,Station 25 (segment 125 FH),125,FH,1078000,1078000,,0,,,km_tgp_notice_detail:1787932505364330000:46485bb248300193468625e90e1a0552f36c4adb8a4d2cdff1a507c289e82063
403802,monthly,2026-08-27,Week 3 (10/12 - 10/18),2026-10-12,2026-10-18,Station 261 Discharge East (segment 261 FH),261,FH,888000,555000,333000,333000,True,Sta 261 Agawam: Annual ESD test (M) (9/28/2026 - 10/2/2026) Sta 264 Charlton: Unit 1C - Engine Maintenance (8/24/2026 - 10/16/2026) Sta 264: Oil System (10/12/2026 - 10/16/2026),km_tgp_notice_detail:1787932505364330000:46485bb248300193468625e90e1a0552f36c4adb8a4d2cdff1a507c289e82063
403802,monthly,2026-08-27,Week 3 (10/12 - 10/18),2026-10-12,2026-10-18,Station 307 (segment 307 BH),307,BH,1153000,765000,388000,388000,True,MLV 302-2 to MLV 303-2: Anomaly Remediation (9/28/2026 - 10/10/2026) Sta 219: Annual ESD Test & Scrubber Maintenance (10/12/2026 - 10/16/2026) Sta 303A: Unit 1A - Water Wash (10/6/2026 - 10/7/2026) Sta 307: Unit 4A - Trabon (9/29/2026 - 10/2/2026),km_tgp_notice_detail:1787932505364330000:46485bb248300193468625e90e1a0552f36c4adb8a4d2cdff1a507c289e82063
403802,monthly,2026-08-27,Week 3 (10/12 - 10/18),2026-10-12,2026-10-18,Station 315 (segment 315 BH),315,BH,1823000,1823000,,0,,,km_tgp_notice_detail:1787932505364330000:46485bb248300193468625e90e1a0552f36c4adb8a4d2cdff1a507c289e82063
403802,monthly,2026-08-27,Week 3 (10/12 - 10/18),2026-10-12,2026-10-18,Station 405 HC Line (segment 299 FH),299,FH,794000,670000,124000,124000,True,Sta 405A: Unit 1A - 4k Waterwash (10/13/2026) ; Sta 405A: Unit 1A - 8K Solar Turbine Inspection (10/14/2026),km_tgp_notice_detail:1787932505364330000:46485bb248300193468625e90e1a0552f36c4adb8a4d2cdff1a507c289e82063
403802,monthly,2026-08-27,Week 3 (10/12 - 10/18),2026-10-12,2026-10-18,Station 409 (Donna Line) (segment 490 FH),490,FH,564000,564000,,0,,,km_tgp_notice_detail:1787932505364330000:46485bb248300193468625e90e1a0552f36c4adb8a4d2cdff1a507c289e82063
403802,monthly,2026-08-27,Week 3 (10/12 - 10/18),2026-10-12,2026-10-18,Station 409A (Alamo) (segment 492 FH),492,FH,274000,215000,59000,59000,True,MLV 409-1 to MLV 406-1: Spike Test (M) (9/14/2026 - 10/31/2026),km_tgp_notice_detail:1787932505364330000:46485bb248300193468625e90e1a0552f36c4adb8a4d2cdff1a507c289e82063
403802,monthly,2026-08-27,Week 3 (10/12 - 10/18),2026-10-12,2026-10-18,Station 47 (segment 143 FH),143,FH,1343000,1290000,53000,53000,True,MLV 58-2 to MLV 59-2: Anomaly Remediation (10/10/2026 - 10/20/2026) Sta 47: Scrubber/Filter/Separator Cleaning/Inspection/Changeout (9/28/2026 - 10/2/2026) Sta 47: Station Transformer Maintenance (10/6/2026) Sta 47: Unit 1D - 16K hour Overhaul (10/5/2026 - 10/15/2026),km_tgp_notice_detail:1787932505364330000:46485bb248300193468625e90e1a0552f36c4adb8a4d2cdff1a507c289e82063
403802,monthly,2026-08-27,Week 3 (10/12 - 10/18),2026-10-12,2026-10-18,Station 534 (segment 534 BH),534,BH,1909000,1769000,140000,140000,True,MLV 534-2 to MLV 535-2: Tallahala Creek HDD (9/21/2026 - 9/30/2026) Sta 538: Boost Pump Vibration Upgrade (10/12/2026 - 10/15/2026) Sta 538: Replace Suction & Discharge Unit Valves (10/12/2026 - 10/16/2026),km_tgp_notice_detail:1787932505364330000:46485bb248300193468625e90e1a0552f36c4adb8a4d2cdff1a507c289e82063
403802,monthly,2026-08-27,Week 3 (10/12 - 10/18),2026-10-12,2026-10-18,Station 534 South of Pool (segment 530 BH),530,BH,1550000,1175000,375000,375000,True,Sta 529: Unit 1A - Solar Inspection (10/12/2026 - 10/15/2026) Sta. 527 Port Sulphur: Medium Voltage Electrical Testing (10/5/2026 - 10/9/2026),km_tgp_notice_detail:1787932505364330000:46485bb248300193468625e90e1a0552f36c4adb8a4d2cdff1a507c289e82063
403802,monthly,2026-08-27,Week 3 (10/12 - 10/18),2026-10-12,2026-10-18,Station 63 (segment 163 FH),163,FH,1242000,1117000,125000,125000,True,MLV 54-3 to MLV 106-3: Emergent Repair - CAO (2/26/2026 - 12/31/2026) MLV 82-1 to MLV 87-1: Pig Run - AFD/Cal/IMU (10/8/2026) MLV 82-1 to MLV 87-1: Pig Run - Cleaning / Gauge (10/6/2026) MLV 82-1 to MLV 87-1: Pig Run - EMAT (10/13/2026),km_tgp_notice_detail:1787932505364330000:46485bb248300193468625e90e1a0552f36c4adb8a4d2cdff1a507c289e82063
403802,monthly,2026-08-27,Week 3 (10/12 - 10/18),2026-10-12,2026-10-18,Station 823 (segment 823 BH),823,BH,734000,734000,,0,,,km_tgp_notice_detail:1787932505364330000:46485bb248300193468625e90e1a0552f36c4adb8a4d2cdff1a507c289e82063
403802,monthly,2026-08-27,Week 3 (10/12 - 10/18),2026-10-12,2026-10-18,Station 860 (segment 548 BH),548,BH,1593000,1593000,,0,,Sta 542 Dekalb: Annual ESD Test (10/20/2026 - 10/22/2026) Sta 542: Unit 2A - Emergent Repair (4/7/2026 - 9/30/2026) Sta 550 Hamilton: Annual ESD Test (10/5/2026 - 10/9/2026) Sta 550: Unit 1B - Juction Box Rewire & Unit Valves (9/28/2026 - 10/9/2026),km_tgp_notice_detail:1787932505364330000:46485bb248300193468625e90e1a0552f36c4adb8a4d2cdff1a507c289e82063
403802,monthly,2026-08-27,Week 3 (10/12 - 10/18),2026-10-12,2026-10-18,Station 860 North (Segment 860 BH),860,BH,1874000,1475000,399000,399000,True,MLV 560-2 to MLV 563-2: Pipe Replacements (M) (10/15/2026 - 10/26/2026) Sta 860: Unit 1A - Aftercooler Jacket Water Inspection (6/17/2025 - 12/31/2026) Sta 860: Unit 1C - 4K/Turbine Waterwash/Boroscope (10/6/2026 - 10/7/2026) Sta 860: Unit 2C - 4K/Turbine Waterwash/Boroscope (10/7/2026 - 10/8/2026),km_tgp_notice_detail:1787932505364330000:46485bb248300193468625e90e1a0552f36c4adb8a4d2cdff1a507c289e82063
403802,monthly,2026-08-27,Week 3 (10/12 - 10/18),2026-10-12,2026-10-18,Station 9 (segment 109 BH),109,BH,1027000,1027000,,0,,MLV 9-2S to MLV 1-2: Pig Runs - Cleaning / Maintenance (M) (10/22/2026) MLV 9-3 to MLV 5-3: Pig Run - Maintenance (M) (10/21/2026),km_tgp_notice_detail:1787932505364330000:46485bb248300193468625e90e1a0552f36c4adb8a4d2cdff1a507c289e82063
403802,monthly,2026-08-27,Week 4 (10/19 - 10/25),2026-10-19,2026-10-25,MLV 324 (segment 324 FH),324,FH,1767000,1767000,,0,,,km_tgp_notice_detail:1787932505364330000:46485bb248300193468625e90e1a0552f36c4adb8a4d2cdff1a507c289e82063
403802,monthly,2026-08-27,Week 4 (10/19 - 10/25),2026-10-19,2026-10-25,MLV 329 (segment 324 FH),324,FH,846000,630000,216000,216000,True,MLV 325-1 to MLV 329-1: Pig runs - Cleaning/Gauge (M) (10/19/2026) MLV 325-1 to MLV 329-1: Pig runs - EMAT (M) (10/20/2026) MLV 329AS-1 to MLV 329AD-1: Valve Replacement - MLV 329-1 (M) (9/9/2026 - 10/9/2026),km_tgp_notice_detail:1787932505364330000:46485bb248300193468625e90e1a0552f36c4adb8a4d2cdff1a507c289e82063
403802,monthly,2026-08-27,Week 4 (10/19 - 10/25),2026-10-19,2026-10-25,Station 1 (segment 101 BH),101,BH,399000,300000,99000,99000,True,MLV 1-1D to MLV 5-1: Spike Test (M) (9/21/2026 - 11/2/2026),km_tgp_notice_detail:1787932505364330000:46485bb248300193468625e90e1a0552f36c4adb8a4d2cdff1a507c289e82063
403802,monthly,2026-08-27,Week 4 (10/19 - 10/25),2026-10-19,2026-10-25,Station 110 (segment 187 BH) (south thru Kentucky),187,BH,2685000,2428000,257000,257000,True,MLV 104-3 to MLV 106-3S: HDD at Kentucky River (10/1/2026 - 10/7/2026) MLV 109-3A to MLV 110-3: Pipe Replacement (10/14/2026 - 10/30/2026) MLV 109-5 to MLV 109-5A: Pipe Replacement (9/14/2026 - 10/12/2026) MLV 109-5A to MLV 110-5: Pipe Replacement (9/14/2026 - 10/12/2026) MLV 110-2 to MLV 114-2: CAO - Force Majeure (M) (7/14/2026 - 12/31/2026) MLV 54-3 to MLV 106-3: Emergent Repair - CAO (2/26/2026 - 12/31/2026) MLV 867-2 to MLV 868-2: Anomaly Remediation (10/19/2026 - 10/24/2026) MLV 870-2 to MLV 870-2R: Anomaly Remediation (10/12/2026 - 10/17/2026) MLV 97-3 to MLV 106-3: Pig Run - Cleaning / Gauge (10/27/2026) MLV 97-3 to MLV 106-3: Pig Run - MFL-S (10/29/2026) Sta 87: Unit 3D - Power side Overhaul (6/22/2026 - 9/30/2026) Sta 875: Unit 1A- 8K Solar Turbine Inspection (10/27/2026 - 10/29/2026) Sta 96: Unit 2D Replace Compressor Valves (10/12/2026 - 10/15/2026),km_tgp_notice_detail:1787932505364330000:46485bb248300193468625e90e1a0552f36c4adb8a4d2cdff1a507c289e82063
403802,monthly,2026-08-27,Week 4 (10/19 - 10/25),2026-10-19,2026-10-25,Station 114 (segment 114 BH),114,BH,907000,907000,,0,,Sta 118A Tyler Mountain: Annual ESD Test (10/5/2026 - 10/6/2026),km_tgp_notice_detail:1787932505364330000:46485bb248300193468625e90e1a0552f36c4adb8a4d2cdff1a507c289e82063
403802,monthly,2026-08-27,Week 4 (10/19 - 10/25),2026-10-19,2026-10-25,Station 17 (segment 117 FH),117,FH,1122000,1100000,22000,22000,True,MLV 17-2D to MLV 20-2A: Pig Run - Chemical Cleaning (10/19/2026 - 10/20/2026) MLV 17-2D to MLV 20-2A: Pig Run - GAUGE (10/21/2026) MLV 17-2D to MLV 20-2A: Pig Run - MFL-A (10/22/2026) MLV 32-2D TO MLV 40-2S: Pig Runs - Maintenance (10/8/2026) MLV 32-3D to MLV 40-3S: Pig Runs - Maintenance (10/13/2026) Sta 25: Annual ESD Test (10/13/2026),km_tgp_notice_detail:1787932505364330000:46485bb248300193468625e90e1a0552f36c4adb8a4d2cdff1a507c289e82063
403802,monthly,2026-08-27,Week 4 (10/19 - 10/25),2026-10-19,2026-10-25,Station 204 (Segment 204 BH),204,BH,1828000,1755000,73000,73000,True,MLV 209-2 to MLV 214-2: Pig Run - Chem Cleaning (10/26/2026) MLV 209-2 to MLV 214-2: Pig Run - Chem Cleaning (10/27/2026) MLV 209-2 to MLV 214-2: Pig Run - Chem Cleaning (10/28/2026) MLV 209-2 to MLV 214-2: Pig Run - Chem Cleaning (10/29/2026) MLV 209-2 to MLV 214-2: Pig Run - Chem Cleaning (10/30/2026) MLV 214-1 to MLV 219-1: Pig Run - Cal/IMU (10/20/2026) MLV 214-1 to MLV 219-1: Pig Run - Gauge/Cleaning (10/15/2026) MLV 214-1 to MLV 219-1: Pig Run - MFL-C (10/22/2026) Sta 204: Scrubber Filter Change (10/1/2026 - 10/3/2026) Sta 209 Cambridge: Scrubber Filter (9/28/2026 - 9/30/2026),km_tgp_notice_detail:1787932505364330000:46485bb248300193468625e90e1a0552f36c4adb8a4d2cdff1a507c289e82063
403802,monthly,2026-08-27,Week 4 (10/19 - 10/25),2026-10-19,2026-10-25,Station 224 (segment 224 FH),224,FH,388000,388000,,0,,MLV 229-2 to MLV 232-2: Pig runs - Maintenance (M) (10/6/2026),km_tgp_notice_detail:1787932505364330000:46485bb248300193468625e90e1a0552f36c4adb8a4d2cdff1a507c289e82063
403802,monthly,2026-08-27,Week 4 (10/19 - 10/25),2026-10-19,2026-10-25,Station 233 (segment 233 FH),233,FH,459000,459000,,0,,MLV 233-2 to MLV 235-2: Pig Run (9/30/2026),km_tgp_notice_detail:1787932505364330000:46485bb248300193468625e90e1a0552f36c4adb8a4d2cdff1a507c289e82063
403802,monthly,2026-08-27,Week 4 (10/19 - 10/25),2026-10-19,2026-10-25,Station 245 (segment 245 FH),245,FH,986000,970000,16000,16000,True,Sta 245: Unit 1A & 2A - Exhaust System & HP Fuel (4/27/2026 - 11/1/2026) Sta 245-1 to MLV 249-1: Pig Run - EMAT (10/28/2026),km_tgp_notice_detail:1787932505364330000:46485bb248300193468625e90e1a0552f36c4adb8a4d2cdff1a507c289e82063
403802,monthly,2026-08-27,Week 4 (10/19 - 10/25),2026-10-19,2026-10-25,Station 25 (segment 125 FH),125,FH,1078000,1078000,,0,,,km_tgp_notice_detail:1787932505364330000:46485bb248300193468625e90e1a0552f36c4adb8a4d2cdff1a507c289e82063
403802,monthly,2026-08-27,Week 4 (10/19 - 10/25),2026-10-19,2026-10-25,Station 261 Discharge East (segment 261 FH),261,FH,888000,888000,,0,,Sta 261 Agawam: Annual ESD test (M) (9/28/2026 - 10/2/2026) Sta 264 Charlton: Unit 1C - Engine Maintenance (8/24/2026 - 10/16/2026) Sta 264: Oil System (10/12/2026 - 10/16/2026),km_tgp_notice_detail:1787932505364330000:46485bb248300193468625e90e1a0552f36c4adb8a4d2cdff1a507c289e82063
403802,monthly,2026-08-27,Week 4 (10/19 - 10/25),2026-10-19,2026-10-25,Station 307 (segment 307 BH),307,BH,1153000,1153000,,0,,MLV 302-2 to MLV 303-2: Anomaly Remediation (9/28/2026 - 10/10/2026) Sta 219: Annual ESD Test & Scrubber Maintenance (10/12/2026 - 10/16/2026) Sta 303A: Unit 1A - Water Wash (10/6/2026 - 10/7/2026) Sta 307: Unit 4A - Trabon (9/29/2026 - 10/2/2026),km_tgp_notice_detail:1787932505364330000:46485bb248300193468625e90e1a0552f36c4adb8a4d2cdff1a507c289e82063
403802,monthly,2026-08-27,Week 4 (10/19 - 10/25),2026-10-19,2026-10-25,Station 315 (segment 315 BH),315,BH,1823000,1823000,,0,,,km_tgp_notice_detail:1787932505364330000:46485bb248300193468625e90e1a0552f36c4adb8a4d2cdff1a507c289e82063
403802,monthly,2026-08-27,Week 4 (10/19 - 10/25),2026-10-19,2026-10-25,Station 405 HC Line (segment 299 FH),299,FH,794000,794000,,0,,Sta 405A: Unit 1A - 4k Waterwash (10/13/2026) ; Sta 405A: Unit 1A - 8K Solar Turbine Inspection (10/14/2026),km_tgp_notice_detail:1787932505364330000:46485bb248300193468625e90e1a0552f36c4adb8a4d2cdff1a507c289e82063
403802,monthly,2026-08-27,Week 4 (10/19 - 10/25),2026-10-19,2026-10-25,Station 409 (Donna Line) (segment 490 FH),490,FH,564000,564000,,0,,,km_tgp_notice_detail:1787932505364330000:46485bb248300193468625e90e1a0552f36c4adb8a4d2cdff1a507c289e82063
403802,monthly,2026-08-27,Week 4 (10/19 - 10/25),2026-10-19,2026-10-25,Station 409A (Alamo) (segment 492 FH),492,FH,274000,215000,59000,59000,True,MLV 409-1 to MLV 406-1: Spike Test (M) (9/14/2026 - 10/31/2026),km_tgp_notice_detail:1787932505364330000:46485bb248300193468625e90e1a0552f36c4adb8a4d2cdff1a507c289e82063
403802,monthly,2026-08-27,Week 4 (10/19 - 10/25),2026-10-19,2026-10-25,Station 47 (segment 143 FH),143,FH,1343000,1300000,43000,43000,True,MLV 58-2 to MLV 59-2: Anomaly Remediation (10/10/2026 - 10/20/2026) Sta 47: Scrubber/Filter/Separator Cleaning/Inspection/Changeout (9/28/2026 - 10/2/2026) Sta 47: Station Transformer Maintenance (10/6/2026) Sta 47: Unit 1D - 16K hour Overhaul (10/5/2026 - 10/15/2026),km_tgp_notice_detail:1787932505364330000:46485bb248300193468625e90e1a0552f36c4adb8a4d2cdff1a507c289e82063
403802,monthly,2026-08-27,Week 4 (10/19 - 10/25),2026-10-19,2026-10-25,Station 534 (segment 534 BH),534,BH,1909000,1909000,,0,,MLV 534-2 to MLV 535-2: Tallahala Creek HDD (9/21/2026 - 9/30/2026) Sta 538: Boost Pump Vibration Upgrade (10/12/2026 - 10/15/2026) Sta 538: Replace Suction & Discharge Unit Valves (10/12/2026 - 10/16/2026),km_tgp_notice_detail:1787932505364330000:46485bb248300193468625e90e1a0552f36c4adb8a4d2cdff1a507c289e82063
403802,monthly,2026-08-27,Week 4 (10/19 - 10/25),2026-10-19,2026-10-25,Station 534 South of Pool (segment 530 BH),530,BH,1550000,1550000,,0,,Sta 529: Unit 1A - Solar Inspection (10/12/2026 - 10/15/2026) Sta. 527 Port Sulphur: Medium Voltage Electrical Testing (10/5/2026 - 10/9/2026),km_tgp_notice_detail:1787932505364330000:46485bb248300193468625e90e1a0552f36c4adb8a4d2cdff1a507c289e82063
403802,monthly,2026-08-27,Week 4 (10/19 - 10/25),2026-10-19,2026-10-25,Station 63 (segment 163 FH),163,FH,1242000,1117000,125000,125000,True,MLV 54-3 to MLV 106-3: Emergent Repair - CAO (2/26/2026 - 12/31/2026) MLV 82-1 to MLV 87-1: Pig Run - AFD/Cal/IMU (10/8/2026) MLV 82-1 to MLV 87-1: Pig Run - Cleaning / Gauge (10/6/2026) MLV 82-1 to MLV 87-1: Pig Run - EMAT (10/13/2026),km_tgp_notice_detail:1787932505364330000:46485bb248300193468625e90e1a0552f36c4adb8a4d2cdff1a507c289e82063
403802,monthly,2026-08-27,Week 4 (10/19 - 10/25),2026-10-19,2026-10-25,Station 823 (segment 823 BH),823,BH,734000,734000,,0,,,km_tgp_notice_detail:1787932505364330000:46485bb248300193468625e90e1a0552f36c4adb8a4d2cdff1a507c289e82063
403802,monthly,2026-08-27,Week 4 (10/19 - 10/25),2026-10-19,2026-10-25,Station 860 (segment 548 BH),548,BH,1593000,1175000,418000,418000,True,Sta 542 Dekalb: Annual ESD Test (10/20/2026 - 10/22/2026) Sta 542: Unit 2A - Emergent Repair (4/7/2026 - 9/30/2026) Sta 550 Hamilton: Annual ESD Test (10/5/2026 - 10/9/2026) Sta 550: Unit 1B - Juction Box Rewire & Unit Valves (9/28/2026 - 10/9/2026),km_tgp_notice_detail:1787932505364330000:46485bb248300193468625e90e1a0552f36c4adb8a4d2cdff1a507c289e82063
403802,monthly,2026-08-27,Week 4 (10/19 - 10/25),2026-10-19,2026-10-25,Station 860 North (Segment 860 BH),860,BH,1874000,1475000,399000,399000,True,MLV 560-2 to MLV 563-2: Pipe Replacements (M) (10/15/2026 - 10/26/2026) Sta 860: Unit 1A - Aftercooler Jacket Water Inspection (6/17/2025 - 12/31/2026) Sta 860: Unit 1C - 4K/Turbine Waterwash/Boroscope (10/6/2026 - 10/7/2026) Sta 860: Unit 2C - 4K/Turbine Waterwash/Boroscope (10/7/2026 - 10/8/2026),km_tgp_notice_detail:1787932505364330000:46485bb248300193468625e90e1a0552f36c4adb8a4d2cdff1a507c289e82063
403802,monthly,2026-08-27,Week 4 (10/19 - 10/25),2026-10-19,2026-10-25,Station 9 (segment 109 BH),109,BH,1027000,640000,387000,387000,True,MLV 9-2S to MLV 1-2: Pig Runs - Cleaning / Maintenance (M) (10/22/2026) MLV 9-3 to MLV 5-3: Pig Run - Maintenance (M) (10/21/2026),km_tgp_notice_detail:1787932505364330000:46485bb248300193468625e90e1a0552f36c4adb8a4d2cdff1a507c289e82063
403802,monthly,2026-08-27,Week 5 (10/26 - 11/1),2026-10-26,2026-11-01,MLV 324 (segment 324 FH),324,FH,1767000,1767000,,0,,,km_tgp_notice_detail:1787932505364330000:46485bb248300193468625e90e1a0552f36c4adb8a4d2cdff1a507c289e82063
403802,monthly,2026-08-27,Week 5 (10/26 - 11/1),2026-10-26,2026-11-01,MLV 329 (segment 324 FH),324,FH,846000,846000,,0,,MLV 325-1 to MLV 329-1: Pig runs - Cleaning/Gauge (M) (10/19/2026) MLV 325-1 to MLV 329-1: Pig runs - EMAT (M) (10/20/2026) MLV 329AS-1 to MLV 329AD-1: Valve Replacement - MLV 329-1 (M) (9/9/2026 - 10/9/2026),km_tgp_notice_detail:1787932505364330000:46485bb248300193468625e90e1a0552f36c4adb8a4d2cdff1a507c289e82063
403802,monthly,2026-08-27,Week 5 (10/26 - 11/1),2026-10-26,2026-11-01,Station 1 (segment 101 BH),101,BH,399000,300000,99000,99000,True,MLV 1-1D to MLV 5-1: Spike Test (M) (9/21/2026 - 11/2/2026),km_tgp_notice_detail:1787932505364330000:46485bb248300193468625e90e1a0552f36c4adb8a4d2cdff1a507c289e82063
403802,monthly,2026-08-27,Week 5 (10/26 - 11/1),2026-10-26,2026-11-01,Station 110 (segment 187 BH) (south thru Kentucky),187,BH,2685000,1822000,863000,863000,True,MLV 104-3 to MLV 106-3S: HDD at Kentucky River (10/1/2026 - 10/7/2026) MLV 109-3A to MLV 110-3: Pipe Replacement (10/14/2026 - 10/30/2026) MLV 109-5 to MLV 109-5A: Pipe Replacement (9/14/2026 - 10/12/2026) MLV 109-5A to MLV 110-5: Pipe Replacement (9/14/2026 - 10/12/2026) MLV 110-2 to MLV 114-2: CAO - Force Majeure (M) (7/14/2026 - 12/31/2026) MLV 54-3 to MLV 106-3: Emergent Repair - CAO (2/26/2026 - 12/31/2026) MLV 867-2 to MLV 868-2: Anomaly Remediation (10/19/2026 - 10/24/2026) MLV 870-2 to MLV 870-2R: Anomaly Remediation (10/12/2026 - 10/17/2026) MLV 97-3 to MLV 106-3: Pig Run - Cleaning / Gauge (10/27/2026) MLV 97-3 to MLV 106-3: Pig Run - MFL-S (10/29/2026) Sta 87: Unit 3D - Power side Overhaul (6/22/2026 - 9/30/2026) Sta 875: Unit 1A- 8K Solar Turbine Inspection (10/27/2026 - 10/29/2026) Sta 96: Unit 2D Replace Compressor Valves (10/12/2026 - 10/15/2026),km_tgp_notice_detail:1787932505364330000:46485bb248300193468625e90e1a0552f36c4adb8a4d2cdff1a507c289e82063
403802,monthly,2026-08-27,Week 5 (10/26 - 11/1),2026-10-26,2026-11-01,Station 114 (segment 114 BH),114,BH,907000,907000,,0,,Sta 118A Tyler Mountain: Annual ESD Test (10/5/2026 - 10/6/2026),km_tgp_notice_detail:1787932505364330000:46485bb248300193468625e90e1a0552f36c4adb8a4d2cdff1a507c289e82063
403802,monthly,2026-08-27,Week 5 (10/26 - 11/1),2026-10-26,2026-11-01,Station 17 (segment 117 FH),117,FH,1122000,1122000,,0,,MLV 17-2D to MLV 20-2A: Pig Run - Chemical Cleaning (10/19/2026 - 10/20/2026) MLV 17-2D to MLV 20-2A: Pig Run - GAUGE (10/21/2026) MLV 17-2D to MLV 20-2A: Pig Run - MFL-A (10/22/2026) MLV 32-2D TO MLV 40-2S: Pig Runs - Maintenance (10/8/2026) MLV 32-3D to MLV 40-3S: Pig Runs - Maintenance (10/13/2026) Sta 25: Annual ESD Test (10/13/2026),km_tgp_notice_detail:1787932505364330000:46485bb248300193468625e90e1a0552f36c4adb8a4d2cdff1a507c289e82063
403802,monthly,2026-08-27,Week 5 (10/26 - 11/1),2026-10-26,2026-11-01,Station 204 (Segment 204 BH),204,BH,1828000,1710000,118000,118000,True,MLV 209-2 to MLV 214-2: Pig Run - Chem Cleaning (10/26/2026) MLV 209-2 to MLV 214-2: Pig Run - Chem Cleaning (10/27/2026) MLV 209-2 to MLV 214-2: Pig Run - Chem Cleaning (10/28/2026) MLV 209-2 to MLV 214-2: Pig Run - Chem Cleaning (10/29/2026) MLV 209-2 to MLV 214-2: Pig Run - Chem Cleaning (10/30/2026) MLV 214-1 to MLV 219-1: Pig Run - Cal/IMU (10/20/2026) MLV 214-1 to MLV 219-1: Pig Run - Gauge/Cleaning (10/15/2026) MLV 214-1 to MLV 219-1: Pig Run - MFL-C (10/22/2026) Sta 204: Scrubber Filter Change (10/1/2026 - 10/3/2026) Sta 209 Cambridge: Scrubber Filter (9/28/2026 - 9/30/2026),km_tgp_notice_detail:1787932505364330000:46485bb248300193468625e90e1a0552f36c4adb8a4d2cdff1a507c289e82063
403802,monthly,2026-08-27,Week 5 (10/26 - 11/1),2026-10-26,2026-11-01,Station 224 (segment 224 FH),224,FH,388000,388000,,0,,MLV 229-2 to MLV 232-2: Pig runs - Maintenance (M) (10/6/2026),km_tgp_notice_detail:1787932505364330000:46485bb248300193468625e90e1a0552f36c4adb8a4d2cdff1a507c289e82063
403802,monthly,2026-08-27,Week 5 (10/26 - 11/1),2026-10-26,2026-11-01,Station 233 (segment 233 FH),233,FH,459000,459000,,0,,MLV 233-2 to MLV 235-2: Pig Run (9/30/2026),km_tgp_notice_detail:1787932505364330000:46485bb248300193468625e90e1a0552f36c4adb8a4d2cdff1a507c289e82063
403802,monthly,2026-08-27,Week 5 (10/26 - 11/1),2026-10-26,2026-11-01,Station 245 (segment 245 FH),245,FH,986000,765000,221000,221000,True,Sta 245: Unit 1A & 2A - Exhaust System & HP Fuel (4/27/2026 - 11/1/2026) Sta 245-1 to MLV 249-1: Pig Run - EMAT (10/28/2026),km_tgp_notice_detail:1787932505364330000:46485bb248300193468625e90e1a0552f36c4adb8a4d2cdff1a507c289e82063
403802,monthly,2026-08-27,Week 5 (10/26 - 11/1),2026-10-26,2026-11-01,Station 25 (segment 125 FH),125,FH,1078000,1078000,,0,,,km_tgp_notice_detail:1787932505364330000:46485bb248300193468625e90e1a0552f36c4adb8a4d2cdff1a507c289e82063
403802,monthly,2026-08-27,Week 5 (10/26 - 11/1),2026-10-26,2026-11-01,Station 261 Discharge East (segment 261 FH),261,FH,888000,888000,,0,,Sta 261 Agawam: Annual ESD test (M) (9/28/2026 - 10/2/2026) Sta 264 Charlton: Unit 1C - Engine Maintenance (8/24/2026 - 10/16/2026) Sta 264: Oil System (10/12/2026 - 10/16/2026),km_tgp_notice_detail:1787932505364330000:46485bb248300193468625e90e1a0552f36c4adb8a4d2cdff1a507c289e82063
403802,monthly,2026-08-27,Week 5 (10/26 - 11/1),2026-10-26,2026-11-01,Station 307 (segment 307 BH),307,BH,1153000,1153000,,0,,MLV 302-2 to MLV 303-2: Anomaly Remediation (9/28/2026 - 10/10/2026) Sta 219: Annual ESD Test & Scrubber Maintenance (10/12/2026 - 10/16/2026) Sta 303A: Unit 1A - Water Wash (10/6/2026 - 10/7/2026) Sta 307: Unit 4A - Trabon (9/29/2026 - 10/2/2026),km_tgp_notice_detail:1787932505364330000:46485bb248300193468625e90e1a0552f36c4adb8a4d2cdff1a507c289e82063
403802,monthly,2026-08-27,Week 5 (10/26 - 11/1),2026-10-26,2026-11-01,Station 315 (segment 315 BH),315,BH,1823000,1823000,,0,,,km_tgp_notice_detail:1787932505364330000:46485bb248300193468625e90e1a0552f36c4adb8a4d2cdff1a507c289e82063
403802,monthly,2026-08-27,Week 5 (10/26 - 11/1),2026-10-26,2026-11-01,Station 405 HC Line (segment 299 FH),299,FH,794000,794000,,0,,Sta 405A: Unit 1A - 4k Waterwash (10/13/2026) ; Sta 405A: Unit 1A - 8K Solar Turbine Inspection (10/14/2026),km_tgp_notice_detail:1787932505364330000:46485bb248300193468625e90e1a0552f36c4adb8a4d2cdff1a507c289e82063
403802,monthly,2026-08-27,Week 5 (10/26 - 11/1),2026-10-26,2026-11-01,Station 409 (Donna Line) (segment 490 FH),490,FH,564000,564000,,0,,,km_tgp_notice_detail:1787932505364330000:46485bb248300193468625e90e1a0552f36c4adb8a4d2cdff1a507c289e82063
403802,monthly,2026-08-27,Week 5 (10/26 - 11/1),2026-10-26,2026-11-01,Station 409A (Alamo) (segment 492 FH),492,FH,274000,215000,59000,59000,True,MLV 409-1 to MLV 406-1: Spike Test (M) (9/14/2026 - 10/31/2026),km_tgp_notice_detail:1787932505364330000:46485bb248300193468625e90e1a0552f36c4adb8a4d2cdff1a507c289e82063
403802,monthly,2026-08-27,Week 5 (10/26 - 11/1),2026-10-26,2026-11-01,Station 47 (segment 143 FH),143,FH,1343000,1343000,,0,,MLV 58-2 to MLV 59-2: Anomaly Remediation (10/10/2026 - 10/20/2026) Sta 47: Scrubber/Filter/Separator Cleaning/Inspection/Changeout (9/28/2026 - 10/2/2026) Sta 47: Station Transformer Maintenance (10/6/2026) Sta 47: Unit 1D - 16K hour Overhaul (10/5/2026 - 10/15/2026),km_tgp_notice_detail:1787932505364330000:46485bb248300193468625e90e1a0552f36c4adb8a4d2cdff1a507c289e82063
403802,monthly,2026-08-27,Week 5 (10/26 - 11/1),2026-10-26,2026-11-01,Station 534 (segment 534 BH),534,BH,1909000,1909000,,0,,MLV 534-2 to MLV 535-2: Tallahala Creek HDD (9/21/2026 - 9/30/2026) Sta 538: Boost Pump Vibration Upgrade (10/12/2026 - 10/15/2026) Sta 538: Replace Suction & Discharge Unit Valves (10/12/2026 - 10/16/2026),km_tgp_notice_detail:1787932505364330000:46485bb248300193468625e90e1a0552f36c4adb8a4d2cdff1a507c289e82063
403802,monthly,2026-08-27,Week 5 (10/26 - 11/1),2026-10-26,2026-11-01,Station 534 South of Pool (segment 530 BH),530,BH,1550000,1550000,,0,,Sta 529: Unit 1A - Solar Inspection (10/12/2026 - 10/15/2026) Sta. 527 Port Sulphur: Medium Voltage Electrical Testing (10/5/2026 - 10/9/2026),km_tgp_notice_detail:1787932505364330000:46485bb248300193468625e90e1a0552f36c4adb8a4d2cdff1a507c289e82063
403802,monthly,2026-08-27,Week 5 (10/26 - 11/1),2026-10-26,2026-11-01,Station 63 (segment 163 FH),163,FH,1242000,1117000,125000,125000,True,MLV 54-3 to MLV 106-3: Emergent Repair - CAO (2/26/2026 - 12/31/2026) MLV 82-1 to MLV 87-1: Pig Run - AFD/Cal/IMU (10/8/2026) MLV 82-1 to MLV 87-1: Pig Run - Cleaning / Gauge (10/6/2026) MLV 82-1 to MLV 87-1: Pig Run - EMAT (10/13/2026),km_tgp_notice_detail:1787932505364330000:46485bb248300193468625e90e1a0552f36c4adb8a4d2cdff1a507c289e82063
403802,monthly,2026-08-27,Week 5 (10/26 - 11/1),2026-10-26,2026-11-01,Station 823 (segment 823 BH),823,BH,734000,734000,,0,,,km_tgp_notice_detail:1787932505364330000:46485bb248300193468625e90e1a0552f36c4adb8a4d2cdff1a507c289e82063
403802,monthly,2026-08-27,Week 5 (10/26 - 11/1),2026-10-26,2026-11-01,Station 860 (segment 548 BH),548,BH,1593000,1593000,,0,,Sta 542 Dekalb: Annual ESD Test (10/20/2026 - 10/22/2026) Sta 542: Unit 2A - Emergent Repair (4/7/2026 - 9/30/2026) Sta 550 Hamilton: Annual ESD Test (10/5/2026 - 10/9/2026) Sta 550: Unit 1B - Juction Box Rewire & Unit Valves (9/28/2026 - 10/9/2026),km_tgp_notice_detail:1787932505364330000:46485bb248300193468625e90e1a0552f36c4adb8a4d2cdff1a507c289e82063
403802,monthly,2026-08-27,Week 5 (10/26 - 11/1),2026-10-26,2026-11-01,Station 860 North (Segment 860 BH),860,BH,1874000,1475000,399000,399000,True,MLV 560-2 to MLV 563-2: Pipe Replacements (M) (10/15/2026 - 10/26/2026) Sta 860: Unit 1A - Aftercooler Jacket Water Inspection (6/17/2025 - 12/31/2026) Sta 860: Unit 1C - 4K/Turbine Waterwash/Boroscope (10/6/2026 - 10/7/2026) Sta 860: Unit 2C - 4K/Turbine Waterwash/Boroscope (10/7/2026 - 10/8/2026),km_tgp_notice_detail:1787932505364330000:46485bb248300193468625e90e1a0552f36c4adb8a4d2cdff1a507c289e82063
403802,monthly,2026-08-27,Week 5 (10/26 - 11/1),2026-10-26,2026-11-01,Station 9 (segment 109 BH),109,BH,1027000,1027000,,0,,MLV 9-2S to MLV 1-2: Pig Runs - Cleaning / Maintenance (M) (10/22/2026) MLV 9-3 to MLV 5-3: Pig Run - Maintenance (M) (10/21/2026),km_tgp_notice_detail:1787932505364330000:46485bb248300193468625e90e1a0552f36c4adb8a4d2cdff1a507c289e82063
403802,monthly,2026-08-27,Week 1 (11/2 - 11/8),2026-11-02,2026-11-08,MLV 324 (segment 324 FH),324,FH,1883000,1883000,,0,,,km_tgp_notice_detail:1787932505364330000:46485bb248300193468625e90e1a0552f36c4adb8a4d2cdff1a507c289e82063
403802,monthly,2026-08-27,Week 1 (11/2 - 11/8),2026-11-02,2026-11-08,MLV 406 (segment 406 BH),406,BH,479000,479000,,0,,MLV 400-1 to MLV 409-1: Pig Run - Maintenance Cleaning (M) (11/10/2026),km_tgp_notice_detail:1787932505364330000:46485bb248300193468625e90e1a0552f36c4adb8a4d2cdff1a507c289e82063
403802,monthly,2026-08-27,Week 1 (11/2 - 11/8),2026-11-02,2026-11-08,Station 1 (segment 101 BH),101,BH,438000,375000,63000,63000,True,MLV 1-1D to MLV 5-1: Spike Test (M) (9/21/2026 - 11/2/2026),km_tgp_notice_detail:1787932505364330000:46485bb248300193468625e90e1a0552f36c4adb8a4d2cdff1a507c289e82063
403802,monthly,2026-08-27,Week 1 (11/2 - 11/8),2026-11-02,2026-11-08,Station 110 (segment 187 BH) (south thru Kentucky),187,BH,2594000,1951000,643000,643000,True,MLV 110-2 to MLV 114-2: CAO - Force Majeure (M) (7/14/2026 - 12/31/2026) MLV 54-3 to MLV 106-3: Emergent Repair - CAO (2/26/2026 - 12/31/2026) MLV 97-3 to MLV 106-3: Pig Run - EMAT (11/5/2026) MLV 97-3 to MLV 106-3: Pig Run - MFL-C (11/3/2026),km_tgp_notice_detail:1787932505364330000:46485bb248300193468625e90e1a0552f36c4adb8a4d2cdff1a507c289e82063
403802,monthly,2026-08-27,Week 1 (11/2 - 11/8),2026-11-02,2026-11-08,Station 114 (segment 114 BH),114,BH,946000,858000,88000,88000,True,Sta 118A: Solar Turbine Inspection (11/2/2026 - 11/4/2026),km_tgp_notice_detail:1787932505364330000:46485bb248300193468625e90e1a0552f36c4adb8a4d2cdff1a507c289e82063
403802,monthly,2026-08-27,Week 1 (11/2 - 11/8),2026-11-02,2026-11-08,Station 17 (segment 117 FH),117,FH,1138000,1138000,,0,,,km_tgp_notice_detail:1787932505364330000:46485bb248300193468625e90e1a0552f36c4adb8a4d2cdff1a507c289e82063
403802,monthly,2026-08-27,Week 1 (11/2 - 11/8),2026-11-02,2026-11-08,Station 204 (Segment 204 BH),204,BH,1888000,1765000,123000,123000,True,MLV 204-4 to MLV 209-4: Pig Run - Cal/IMU (11/12/2026) MLV 204-4 to MLV 209-4: Pig Run - EMAT (11/19/2026) MLV 204-4 to MLV 209-4: Pig Run - Gauge (11/10/2026) MLV 204-4 to MLV 209-4: Pig Run - MFL-C (11/17/2026) MLV 209-2 to MLV 214-2: Pig Run - CAL/IMU (11/3/2026) MLV 209-2 to MLV 214-2: Pig Run - EMAT (11/5/2026),km_tgp_notice_detail:1787932505364330000:46485bb248300193468625e90e1a0552f36c4adb8a4d2cdff1a507c289e82063
403802,monthly,2026-08-27,Week 1 (11/2 - 11/8),2026-11-02,2026-11-08,Station 245 (segment 245 FH),245,FH,1043000,1043000,,0,,,km_tgp_notice_detail:1787932505364330000:46485bb248300193468625e90e1a0552f36c4adb8a4d2cdff1a507c289e82063
403802,monthly,2026-08-27,Week 1 (11/2 - 11/8),2026-11-02,2026-11-08,Station 25 (segment 125 FH),125,FH,1095000,1095000,,0,,,km_tgp_notice_detail:1787932505364330000:46485bb248300193468625e90e1a0552f36c4adb8a4d2cdff1a507c289e82063
403802,monthly,2026-08-27,Week 1 (11/2 - 11/8),2026-11-02,2026-11-08,Station 261 Discharge East (segment 261 FH),261,FH,1034000,1034000,,0,,,km_tgp_notice_detail:1787932505364330000:46485bb248300193468625e90e1a0552f36c4adb8a4d2cdff1a507c289e82063
403802,monthly,2026-08-27,Week 1 (11/2 - 11/8),2026-11-02,2026-11-08,Station 307 (segment 307 BH),307,BH,1203000,1203000,,0,,,km_tgp_notice_detail:1787932505364330000:46485bb248300193468625e90e1a0552f36c4adb8a4d2cdff1a507c289e82063
403802,monthly,2026-08-27,Week 1 (11/2 - 11/8),2026-11-02,2026-11-08,Station 315 (segment 315 BH),315,BH,1885000,1885000,,0,,,km_tgp_notice_detail:1787932505364330000:46485bb248300193468625e90e1a0552f36c4adb8a4d2cdff1a507c289e82063
403802,monthly,2026-08-27,Week 1 (11/2 - 11/8),2026-11-02,2026-11-08,Station 40 South (segment 132 FH),132,FH,1294000,1294000,,0,,Sta 32: Annual ESD Test (11/17/2026 - 11/18/2026),km_tgp_notice_detail:1787932505364330000:46485bb248300193468625e90e1a0552f36c4adb8a4d2cdff1a507c289e82063
403802,monthly,2026-08-27,Week 1 (11/2 - 11/8),2026-11-02,2026-11-08,Station 405 HC Line (segment 299 FH),299,FH,808000,808000,,0,,,km_tgp_notice_detail:1787932505364330000:46485bb248300193468625e90e1a0552f36c4adb8a4d2cdff1a507c289e82063
403802,monthly,2026-08-27,Week 1 (11/2 - 11/8),2026-11-02,2026-11-08,Station 409 (Donna Line) (segment 490 FH),490,FH,587000,587000,,0,,MLV 400-2 to MLV 409-2: Pig Run - Maintenance Cleaning (M) (11/17/2026),km_tgp_notice_detail:1787932505364330000:46485bb248300193468625e90e1a0552f36c4adb8a4d2cdff1a507c289e82063
403802,monthly,2026-08-27,Week 1 (11/2 - 11/8),2026-11-02,2026-11-08,Station 47 (segment 143 FH),143,FH,1428000,1350000,78000,78000,True,MLV 61-3 to MLV 62-3: Pipe Replacements (11/2/2026 - 11/13/2026),km_tgp_notice_detail:1787932505364330000:46485bb248300193468625e90e1a0552f36c4adb8a4d2cdff1a507c289e82063
403802,monthly,2026-08-27,Week 1 (11/2 - 11/8),2026-11-02,2026-11-08,Station 63 (segment 163 FH),163,FH,1192000,871000,321000,321000,True,MLV 54-3 to MLV 106-3: Emergent Repair - CAO (2/26/2026 - 12/31/2026) MLV 71-3D to MLV 74-3: Pig Runs - Cleaning / Gauge (11/3/2026) MLV 71-3D to MLV 74-3: Pig Runs - TDW MDS (11/5/2026),km_tgp_notice_detail:1787932505364330000:46485bb248300193468625e90e1a0552f36c4adb8a4d2cdff1a507c289e82063
403802,monthly,2026-08-27,Week 1 (11/2 - 11/8),2026-11-02,2026-11-08,Station 823 (segment 823 BH),823,BH,758000,210000,548000,548000,True,Sta 827 to Sta 823: Pig Run - Maintenance (M) (11/5/2026) Sta 834 to Sta 827: Maintenance Pig (M) (11/5/2026),km_tgp_notice_detail:1787932505364330000:46485bb248300193468625e90e1a0552f36c4adb8a4d2cdff1a507c289e82063
403802,monthly,2026-08-27,Week 1 (11/2 - 11/8),2026-11-02,2026-11-08,Station 860 (segment 548 BH),548,BH,1665000,1665000,,0,,,km_tgp_notice_detail:1787932505364330000:46485bb248300193468625e90e1a0552f36c4adb8a4d2cdff1a507c289e82063
403802,monthly,2026-08-27,Week 1 (11/2 - 11/8),2026-11-02,2026-11-08,Station 860 North (Segment 860 BH),860,BH,2059000,2031000,28000,28000,True,Sta 860: Unit 1A - Aftercooler Jacket Water Inspection (6/17/2025 - 12/31/2026),km_tgp_notice_detail:1787932505364330000:46485bb248300193468625e90e1a0552f36c4adb8a4d2cdff1a507c289e82063
403802,monthly,2026-08-27,Week 1 (11/2 - 11/8),2026-11-02,2026-11-08,Station 9 (segment 109 BH),109,BH,1066000,1066000,,0,,MLV 1-1D to MLV 9-1S: Pig Run - Maintenance / Cleaning (M) (11/10/2026),km_tgp_notice_detail:1787932505364330000:46485bb248300193468625e90e1a0552f36c4adb8a4d2cdff1a507c289e82063
403802,monthly,2026-08-27,Week 2 (11/9 - 11/15),2026-11-09,2026-11-15,MLV 324 (segment 324 FH),324,FH,1883000,1883000,,0,,,km_tgp_notice_detail:1787932505364330000:46485bb248300193468625e90e1a0552f36c4adb8a4d2cdff1a507c289e82063
403802,monthly,2026-08-27,Week 2 (11/9 - 11/15),2026-11-09,2026-11-15,MLV 406 (segment 406 BH),406,BH,479000,440000,39000,39000,True,MLV 400-1 to MLV 409-1: Pig Run - Maintenance Cleaning (M) (11/10/2026),km_tgp_notice_detail:1787932505364330000:46485bb248300193468625e90e1a0552f36c4adb8a4d2cdff1a507c289e82063
403802,monthly,2026-08-27,Week 2 (11/9 - 11/15),2026-11-09,2026-11-15,Station 1 (segment 101 BH),101,BH,438000,438000,,0,,MLV 1-1D to MLV 5-1: Spike Test (M) (9/21/2026 - 11/2/2026),km_tgp_notice_detail:1787932505364330000:46485bb248300193468625e90e1a0552f36c4adb8a4d2cdff1a507c289e82063
403802,monthly,2026-08-27,Week 2 (11/9 - 11/15),2026-11-09,2026-11-15,Station 110 (segment 187 BH) (south thru Kentucky),187,BH,2594000,2327000,267000,267000,True,MLV 110-2 to MLV 114-2: CAO - Force Majeure (M) (7/14/2026 - 12/31/2026) MLV 54-3 to MLV 106-3: Emergent Repair - CAO (2/26/2026 - 12/31/2026) MLV 97-3 to MLV 106-3: Pig Run - EMAT (11/5/2026) MLV 97-3 to MLV 106-3: Pig Run - MFL-C (11/3/2026),km_tgp_notice_detail:1787932505364330000:46485bb248300193468625e90e1a0552f36c4adb8a4d2cdff1a507c289e82063
403802,monthly,2026-08-27,Week 2 (11/9 - 11/15),2026-11-09,2026-11-15,Station 114 (segment 114 BH),114,BH,946000,946000,,0,,Sta 118A: Solar Turbine Inspection (11/2/2026 - 11/4/2026),km_tgp_notice_detail:1787932505364330000:46485bb248300193468625e90e1a0552f36c4adb8a4d2cdff1a507c289e82063
403802,monthly,2026-08-27,Week 2 (11/9 - 11/15),2026-11-09,2026-11-15,Station 17 (segment 117 FH),117,FH,1138000,1138000,,0,,,km_tgp_notice_detail:1787932505364330000:46485bb248300193468625e90e1a0552f36c4adb8a4d2cdff1a507c289e82063
403802,monthly,2026-08-27,Week 2 (11/9 - 11/15),2026-11-09,2026-11-15,Station 204 (Segment 204 BH),204,BH,1888000,1425000,463000,463000,True,MLV 204-4 to MLV 209-4: Pig Run - Cal/IMU (11/12/2026) MLV 204-4 to MLV 209-4: Pig Run - EMAT (11/19/2026) MLV 204-4 to MLV 209-4: Pig Run - Gauge (11/10/2026) MLV 204-4 to MLV 209-4: Pig Run - MFL-C (11/17/2026) MLV 209-2 to MLV 214-2: Pig Run - CAL/IMU (11/3/2026) MLV 209-2 to MLV 214-2: Pig Run - EMAT (11/5/2026),km_tgp_notice_detail:1787932505364330000:46485bb248300193468625e90e1a0552f36c4adb8a4d2cdff1a507c289e82063
403802,monthly,2026-08-27,Week 2 (11/9 - 11/15),2026-11-09,2026-11-15,Station 245 (segment 245 FH),245,FH,1043000,1043000,,0,,,km_tgp_notice_detail:1787932505364330000:46485bb248300193468625e90e1a0552f36c4adb8a4d2cdff1a507c289e82063
403802,monthly,2026-08-27,Week 2 (11/9 - 11/15),2026-11-09,2026-11-15,Station 25 (segment 125 FH),125,FH,1095000,1095000,,0,,,km_tgp_notice_detail:1787932505364330000:46485bb248300193468625e90e1a0552f36c4adb8a4d2cdff1a507c289e82063
403802,monthly,2026-08-27,Week 2 (11/9 - 11/15),2026-11-09,2026-11-15,Station 261 Discharge East (segment 261 FH),261,FH,1034000,1034000,,0,,,km_tgp_notice_detail:1787932505364330000:46485bb248300193468625e90e1a0552f36c4adb8a4d2cdff1a507c289e82063
403802,monthly,2026-08-27,Week 2 (11/9 - 11/15),2026-11-09,2026-11-15,Station 307 (segment 307 BH),307,BH,1203000,1203000,,0,,,km_tgp_notice_detail:1787932505364330000:46485bb248300193468625e90e1a0552f36c4adb8a4d2cdff1a507c289e82063
403802,monthly,2026-08-27,Week 2 (11/9 - 11/15),2026-11-09,2026-11-15,Station 315 (segment 315 BH),315,BH,1885000,1885000,,0,,,km_tgp_notice_detail:1787932505364330000:46485bb248300193468625e90e1a0552f36c4adb8a4d2cdff1a507c289e82063
403802,monthly,2026-08-27,Week 2 (11/9 - 11/15),2026-11-09,2026-11-15,Station 40 South (segment 132 FH),132,FH,1294000,1294000,,0,,Sta 32: Annual ESD Test (11/17/2026 - 11/18/2026),km_tgp_notice_detail:1787932505364330000:46485bb248300193468625e90e1a0552f36c4adb8a4d2cdff1a507c289e82063
403802,monthly,2026-08-27,Week 2 (11/9 - 11/15),2026-11-09,2026-11-15,Station 405 HC Line (segment 299 FH),299,FH,808000,808000,,0,,,km_tgp_notice_detail:1787932505364330000:46485bb248300193468625e90e1a0552f36c4adb8a4d2cdff1a507c289e82063
403802,monthly,2026-08-27,Week 2 (11/9 - 11/15),2026-11-09,2026-11-15,Station 409 (Donna Line) (segment 490 FH),490,FH,587000,587000,,0,,MLV 400-2 to MLV 409-2: Pig Run - Maintenance Cleaning (M) (11/17/2026),km_tgp_notice_detail:1787932505364330000:46485bb248300193468625e90e1a0552f36c4adb8a4d2cdff1a507c289e82063
403802,monthly,2026-08-27,Week 2 (11/9 - 11/15),2026-11-09,2026-11-15,Station 47 (segment 143 FH),143,FH,1428000,1350000,78000,78000,True,MLV 61-3 to MLV 62-3: Pipe Replacements (11/2/2026 - 11/13/2026),km_tgp_notice_detail:1787932505364330000:46485bb248300193468625e90e1a0552f36c4adb8a4d2cdff1a507c289e82063
403802,monthly,2026-08-27,Week 2 (11/9 - 11/15),2026-11-09,2026-11-15,Station 63 (segment 163 FH),163,FH,1192000,1067000,125000,125000,True,MLV 54-3 to MLV 106-3: Emergent Repair - CAO (2/26/2026 - 12/31/2026) MLV 71-3D to MLV 74-3: Pig Runs - Cleaning / Gauge (11/3/2026) MLV 71-3D to MLV 74-3: Pig Runs - TDW MDS (11/5/2026),km_tgp_notice_detail:1787932505364330000:46485bb248300193468625e90e1a0552f36c4adb8a4d2cdff1a507c289e82063
403802,monthly,2026-08-27,Week 2 (11/9 - 11/15),2026-11-09,2026-11-15,Station 823 (segment 823 BH),823,BH,758000,758000,,0,,Sta 827 to Sta 823: Pig Run - Maintenance (M) (11/5/2026) Sta 834 to Sta 827: Maintenance Pig (M) (11/5/2026),km_tgp_notice_detail:1787932505364330000:46485bb248300193468625e90e1a0552f36c4adb8a4d2cdff1a507c289e82063
403802,monthly,2026-08-27,Week 2 (11/9 - 11/15),2026-11-09,2026-11-15,Station 860 (segment 548 BH),548,BH,1665000,1665000,,0,,,km_tgp_notice_detail:1787932505364330000:46485bb248300193468625e90e1a0552f36c4adb8a4d2cdff1a507c289e82063
403802,monthly,2026-08-27,Week 2 (11/9 - 11/15),2026-11-09,2026-11-15,Station 860 North (Segment 860 BH),860,BH,2059000,2031000,28000,28000,True,Sta 860: Unit 1A - Aftercooler Jacket Water Inspection (6/17/2025 - 12/31/2026),km_tgp_notice_detail:1787932505364330000:46485bb248300193468625e90e1a0552f36c4adb8a4d2cdff1a507c289e82063
403802,monthly,2026-08-27,Week 2 (11/9 - 11/15),2026-11-09,2026-11-15,Station 9 (segment 109 BH),109,BH,1066000,880000,186000,186000,True,MLV 1-1D to MLV 9-1S: Pig Run - Maintenance / Cleaning (M) (11/10/2026),km_tgp_notice_detail:1787932505364330000:46485bb248300193468625e90e1a0552f36c4adb8a4d2cdff1a507c289e82063
403802,monthly,2026-08-27,Week 3 (11/16 - 11/22),2026-11-16,2026-11-22,MLV 324 (segment 324 FH),324,FH,1883000,1883000,,0,,,km_tgp_notice_detail:1787932505364330000:46485bb248300193468625e90e1a0552f36c4adb8a4d2cdff1a507c289e82063
403802,monthly,2026-08-27,Week 3 (11/16 - 11/22),2026-11-16,2026-11-22,MLV 406 (segment 406 BH),406,BH,479000,479000,,0,,MLV 400-1 to MLV 409-1: Pig Run - Maintenance Cleaning (M) (11/10/2026),km_tgp_notice_detail:1787932505364330000:46485bb248300193468625e90e1a0552f36c4adb8a4d2cdff1a507c289e82063
403802,monthly,2026-08-27,Week 3 (11/16 - 11/22),2026-11-16,2026-11-22,Station 1 (segment 101 BH),101,BH,438000,438000,,0,,MLV 1-1D to MLV 5-1: Spike Test (M) (9/21/2026 - 11/2/2026),km_tgp_notice_detail:1787932505364330000:46485bb248300193468625e90e1a0552f36c4adb8a4d2cdff1a507c289e82063
403802,monthly,2026-08-27,Week 3 (11/16 - 11/22),2026-11-16,2026-11-22,Station 110 (segment 187 BH) (south thru Kentucky),187,BH,2594000,2327000,267000,267000,True,MLV 110-2 to MLV 114-2: CAO - Force Majeure (M) (7/14/2026 - 12/31/2026) MLV 54-3 to MLV 106-3: Emergent Repair - CAO (2/26/2026 - 12/31/2026) MLV 97-3 to MLV 106-3: Pig Run - EMAT (11/5/2026) MLV 97-3 to MLV 106-3: Pig Run - MFL-C (11/3/2026),km_tgp_notice_detail:1787932505364330000:46485bb248300193468625e90e1a0552f36c4adb8a4d2cdff1a507c289e82063
403802,monthly,2026-08-27,Week 3 (11/16 - 11/22),2026-11-16,2026-11-22,Station 114 (segment 114 BH),114,BH,946000,946000,,0,,Sta 118A: Solar Turbine Inspection (11/2/2026 - 11/4/2026),km_tgp_notice_detail:1787932505364330000:46485bb248300193468625e90e1a0552f36c4adb8a4d2cdff1a507c289e82063
403802,monthly,2026-08-27,Week 3 (11/16 - 11/22),2026-11-16,2026-11-22,Station 17 (segment 117 FH),117,FH,1138000,1138000,,0,,,km_tgp_notice_detail:1787932505364330000:46485bb248300193468625e90e1a0552f36c4adb8a4d2cdff1a507c289e82063
403802,monthly,2026-08-27,Week 3 (11/16 - 11/22),2026-11-16,2026-11-22,Station 204 (Segment 204 BH),204,BH,1888000,1425000,463000,463000,True,MLV 204-4 to MLV 209-4: Pig Run - Cal/IMU (11/12/2026) MLV 204-4 to MLV 209-4: Pig Run - EMAT (11/19/2026) MLV 204-4 to MLV 209-4: Pig Run - Gauge (11/10/2026) MLV 204-4 to MLV 209-4: Pig Run - MFL-C (11/17/2026) MLV 209-2 to MLV 214-2: Pig Run - CAL/IMU (11/3/2026) MLV 209-2 to MLV 214-2: Pig Run - EMAT (11/5/2026),km_tgp_notice_detail:1787932505364330000:46485bb248300193468625e90e1a0552f36c4adb8a4d2cdff1a507c289e82063
403802,monthly,2026-08-27,Week 3 (11/16 - 11/22),2026-11-16,2026-11-22,Station 245 (segment 245 FH),245,FH,1043000,1043000,,0,,,km_tgp_notice_detail:1787932505364330000:46485bb248300193468625e90e1a0552f36c4adb8a4d2cdff1a507c289e82063
403802,monthly,2026-08-27,Week 3 (11/16 - 11/22),2026-11-16,2026-11-22,Station 25 (segment 125 FH),125,FH,1095000,1095000,,0,,,km_tgp_notice_detail:1787932505364330000:46485bb248300193468625e90e1a0552f36c4adb8a4d2cdff1a507c289e82063
403802,monthly,2026-08-27,Week 3 (11/16 - 11/22),2026-11-16,2026-11-22,Station 261 Discharge East (segment 261 FH),261,FH,1034000,1034000,,0,,,km_tgp_notice_detail:1787932505364330000:46485bb248300193468625e90e1a0552f36c4adb8a4d2cdff1a507c289e82063
403802,monthly,2026-08-27,Week 3 (11/16 - 11/22),2026-11-16,2026-11-22,Station 307 (segment 307 BH),307,BH,1203000,1203000,,0,,,km_tgp_notice_detail:1787932505364330000:46485bb248300193468625e90e1a0552f36c4adb8a4d2cdff1a507c289e82063
403802,monthly,2026-08-27,Week 3 (11/16 - 11/22),2026-11-16,2026-11-22,Station 315 (segment 315 BH),315,BH,1885000,1885000,,0,,,km_tgp_notice_detail:1787932505364330000:46485bb248300193468625e90e1a0552f36c4adb8a4d2cdff1a507c289e82063
403802,monthly,2026-08-27,Week 3 (11/16 - 11/22),2026-11-16,2026-11-22,Station 40 South (segment 132 FH),132,FH,1294000,915000,379000,379000,True,Sta 32: Annual ESD Test (11/17/2026 - 11/18/2026),km_tgp_notice_detail:1787932505364330000:46485bb248300193468625e90e1a0552f36c4adb8a4d2cdff1a507c289e82063
403802,monthly,2026-08-27,Week 3 (11/16 - 11/22),2026-11-16,2026-11-22,Station 405 HC Line (segment 299 FH),299,FH,808000,808000,,0,,,km_tgp_notice_detail:1787932505364330000:46485bb248300193468625e90e1a0552f36c4adb8a4d2cdff1a507c289e82063
403802,monthly,2026-08-27,Week 3 (11/16 - 11/22),2026-11-16,2026-11-22,Station 409 (Donna Line) (segment 490 FH),490,FH,587000,375000,212000,212000,True,MLV 400-2 to MLV 409-2: Pig Run - Maintenance Cleaning (M) (11/17/2026),km_tgp_notice_detail:1787932505364330000:46485bb248300193468625e90e1a0552f36c4adb8a4d2cdff1a507c289e82063
403802,monthly,2026-08-27,Week 3 (11/16 - 11/22),2026-11-16,2026-11-22,Station 47 (segment 143 FH),143,FH,1428000,1428000,,0,,MLV 61-3 to MLV 62-3: Pipe Replacements (11/2/2026 - 11/13/2026),km_tgp_notice_detail:1787932505364330000:46485bb248300193468625e90e1a0552f36c4adb8a4d2cdff1a507c289e82063
403802,monthly,2026-08-27,Week 3 (11/16 - 11/22),2026-11-16,2026-11-22,Station 63 (segment 163 FH),163,FH,1192000,1067000,125000,125000,True,MLV 54-3 to MLV 106-3: Emergent Repair - CAO (2/26/2026 - 12/31/2026) MLV 71-3D to MLV 74-3: Pig Runs - Cleaning / Gauge (11/3/2026) MLV 71-3D to MLV 74-3: Pig Runs - TDW MDS (11/5/2026),km_tgp_notice_detail:1787932505364330000:46485bb248300193468625e90e1a0552f36c4adb8a4d2cdff1a507c289e82063
403802,monthly,2026-08-27,Week 3 (11/16 - 11/22),2026-11-16,2026-11-22,Station 823 (segment 823 BH),823,BH,758000,758000,,0,,Sta 827 to Sta 823: Pig Run - Maintenance (M) (11/5/2026) Sta 834 to Sta 827: Maintenance Pig (M) (11/5/2026),km_tgp_notice_detail:1787932505364330000:46485bb248300193468625e90e1a0552f36c4adb8a4d2cdff1a507c289e82063
403802,monthly,2026-08-27,Week 3 (11/16 - 11/22),2026-11-16,2026-11-22,Station 860 (segment 548 BH),548,BH,1665000,1665000,,0,,,km_tgp_notice_detail:1787932505364330000:46485bb248300193468625e90e1a0552f36c4adb8a4d2cdff1a507c289e82063
403802,monthly,2026-08-27,Week 3 (11/16 - 11/22),2026-11-16,2026-11-22,Station 860 North (Segment 860 BH),860,BH,2059000,2031000,28000,28000,True,Sta 860: Unit 1A - Aftercooler Jacket Water Inspection (6/17/2025 - 12/31/2026),km_tgp_notice_detail:1787932505364330000:46485bb248300193468625e90e1a0552f36c4adb8a4d2cdff1a507c289e82063
403802,monthly,2026-08-27,Week 3 (11/16 - 11/22),2026-11-16,2026-11-22,Station 9 (segment 109 BH),109,BH,1066000,1066000,,0,,MLV 1-1D to MLV 9-1S: Pig Run - Maintenance / Cleaning (M) (11/10/2026),km_tgp_notice_detail:1787932505364330000:46485bb248300193468625e90e1a0552f36c4adb8a4d2cdff1a507c289e82063
403802,monthly,2026-08-27,Week 4 (11/23 - 11/29),2026-11-23,2026-11-29,MLV 324 (segment 324 FH),324,FH,1883000,1883000,,0,,,km_tgp_notice_detail:1787932505364330000:46485bb248300193468625e90e1a0552f36c4adb8a4d2cdff1a507c289e82063
403802,monthly,2026-08-27,Week 4 (11/23 - 11/29),2026-11-23,2026-11-29,MLV 406 (segment 406 BH),406,BH,479000,479000,,0,,MLV 400-1 to MLV 409-1: Pig Run - Maintenance Cleaning (M) (11/10/2026),km_tgp_notice_detail:1787932505364330000:46485bb248300193468625e90e1a0552f36c4adb8a4d2cdff1a507c289e82063
403802,monthly,2026-08-27,Week 4 (11/23 - 11/29),2026-11-23,2026-11-29,Station 1 (segment 101 BH),101,BH,438000,438000,,0,,MLV 1-1D to MLV 5-1: Spike Test (M) (9/21/2026 - 11/2/2026),km_tgp_notice_detail:1787932505364330000:46485bb248300193468625e90e1a0552f36c4adb8a4d2cdff1a507c289e82063
403802,monthly,2026-08-27,Week 4 (11/23 - 11/29),2026-11-23,2026-11-29,Station 110 (segment 187 BH) (south thru Kentucky),187,BH,2594000,2327000,267000,267000,True,MLV 110-2 to MLV 114-2: CAO - Force Majeure (M) (7/14/2026 - 12/31/2026) MLV 54-3 to MLV 106-3: Emergent Repair - CAO (2/26/2026 - 12/31/2026) MLV 97-3 to MLV 106-3: Pig Run - EMAT (11/5/2026) MLV 97-3 to MLV 106-3: Pig Run - MFL-C (11/3/2026),km_tgp_notice_detail:1787932505364330000:46485bb248300193468625e90e1a0552f36c4adb8a4d2cdff1a507c289e82063
403802,monthly,2026-08-27,Week 4 (11/23 - 11/29),2026-11-23,2026-11-29,Station 114 (segment 114 BH),114,BH,946000,946000,,0,,Sta 118A: Solar Turbine Inspection (11/2/2026 - 11/4/2026),km_tgp_notice_detail:1787932505364330000:46485bb248300193468625e90e1a0552f36c4adb8a4d2cdff1a507c289e82063
403802,monthly,2026-08-27,Week 4 (11/23 - 11/29),2026-11-23,2026-11-29,Station 17 (segment 117 FH),117,FH,1138000,1138000,,0,,,km_tgp_notice_detail:1787932505364330000:46485bb248300193468625e90e1a0552f36c4adb8a4d2cdff1a507c289e82063
403802,monthly,2026-08-27,Week 4 (11/23 - 11/29),2026-11-23,2026-11-29,Station 204 (Segment 204 BH),204,BH,1888000,1888000,,0,,MLV 204-4 to MLV 209-4: Pig Run - Cal/IMU (11/12/2026) MLV 204-4 to MLV 209-4: Pig Run - EMAT (11/19/2026) MLV 204-4 to MLV 209-4: Pig Run - Gauge (11/10/2026) MLV 204-4 to MLV 209-4: Pig Run - MFL-C (11/17/2026) MLV 209-2 to MLV 214-2: Pig Run - CAL/IMU (11/3/2026) MLV 209-2 to MLV 214-2: Pig Run - EMAT (11/5/2026),km_tgp_notice_detail:1787932505364330000:46485bb248300193468625e90e1a0552f36c4adb8a4d2cdff1a507c289e82063
403802,monthly,2026-08-27,Week 4 (11/23 - 11/29),2026-11-23,2026-11-29,Station 245 (segment 245 FH),245,FH,1043000,1043000,,0,,,km_tgp_notice_detail:1787932505364330000:46485bb248300193468625e90e1a0552f36c4adb8a4d2cdff1a507c289e82063
403802,monthly,2026-08-27,Week 4 (11/23 - 11/29),2026-11-23,2026-11-29,Station 25 (segment 125 FH),125,FH,1095000,1095000,,0,,,km_tgp_notice_detail:1787932505364330000:46485bb248300193468625e90e1a0552f36c4adb8a4d2cdff1a507c289e82063
403802,monthly,2026-08-27,Week 4 (11/23 - 11/29),2026-11-23,2026-11-29,Station 261 Discharge East (segment 261 FH),261,FH,1034000,1034000,,0,,,km_tgp_notice_detail:1787932505364330000:46485bb248300193468625e90e1a0552f36c4adb8a4d2cdff1a507c289e82063
403802,monthly,2026-08-27,Week 4 (11/23 - 11/29),2026-11-23,2026-11-29,Station 307 (segment 307 BH),307,BH,1203000,1203000,,0,,,km_tgp_notice_detail:1787932505364330000:46485bb248300193468625e90e1a0552f36c4adb8a4d2cdff1a507c289e82063
403802,monthly,2026-08-27,Week 4 (11/23 - 11/29),2026-11-23,2026-11-29,Station 315 (segment 315 BH),315,BH,1885000,1885000,,0,,,km_tgp_notice_detail:1787932505364330000:46485bb248300193468625e90e1a0552f36c4adb8a4d2cdff1a507c289e82063
403802,monthly,2026-08-27,Week 4 (11/23 - 11/29),2026-11-23,2026-11-29,Station 40 South (segment 132 FH),132,FH,1294000,1294000,,0,,Sta 32: Annual ESD Test (11/17/2026 - 11/18/2026),km_tgp_notice_detail:1787932505364330000:46485bb248300193468625e90e1a0552f36c4adb8a4d2cdff1a507c289e82063
403802,monthly,2026-08-27,Week 4 (11/23 - 11/29),2026-11-23,2026-11-29,Station 405 HC Line (segment 299 FH),299,FH,808000,808000,,0,,,km_tgp_notice_detail:1787932505364330000:46485bb248300193468625e90e1a0552f36c4adb8a4d2cdff1a507c289e82063
403802,monthly,2026-08-27,Week 4 (11/23 - 11/29),2026-11-23,2026-11-29,Station 409 (Donna Line) (segment 490 FH),490,FH,587000,587000,,0,,MLV 400-2 to MLV 409-2: Pig Run - Maintenance Cleaning (M) (11/17/2026),km_tgp_notice_detail:1787932505364330000:46485bb248300193468625e90e1a0552f36c4adb8a4d2cdff1a507c289e82063
403802,monthly,2026-08-27,Week 4 (11/23 - 11/29),2026-11-23,2026-11-29,Station 47 (segment 143 FH),143,FH,1428000,1428000,,0,,MLV 61-3 to MLV 62-3: Pipe Replacements (11/2/2026 - 11/13/2026),km_tgp_notice_detail:1787932505364330000:46485bb248300193468625e90e1a0552f36c4adb8a4d2cdff1a507c289e82063
403802,monthly,2026-08-27,Week 4 (11/23 - 11/29),2026-11-23,2026-11-29,Station 63 (segment 163 FH),163,FH,1192000,1067000,125000,125000,True,MLV 54-3 to MLV 106-3: Emergent Repair - CAO (2/26/2026 - 12/31/2026) MLV 71-3D to MLV 74-3: Pig Runs - Cleaning / Gauge (11/3/2026) MLV 71-3D to MLV 74-3: Pig Runs - TDW MDS (11/5/2026),km_tgp_notice_detail:1787932505364330000:46485bb248300193468625e90e1a0552f36c4adb8a4d2cdff1a507c289e82063
403802,monthly,2026-08-27,Week 4 (11/23 - 11/29),2026-11-23,2026-11-29,Station 823 (segment 823 BH),823,BH,758000,758000,,0,,Sta 827 to Sta 823: Pig Run - Maintenance (M) (11/5/2026) Sta 834 to Sta 827: Maintenance Pig (M) (11/5/2026),km_tgp_notice_detail:1787932505364330000:46485bb248300193468625e90e1a0552f36c4adb8a4d2cdff1a507c289e82063
403802,monthly,2026-08-27,Week 4 (11/23 - 11/29),2026-11-23,2026-11-29,Station 860 (segment 548 BH),548,BH,1665000,1665000,,0,,,km_tgp_notice_detail:1787932505364330000:46485bb248300193468625e90e1a0552f36c4adb8a4d2cdff1a507c289e82063
403802,monthly,2026-08-27,Week 4 (11/23 - 11/29),2026-11-23,2026-11-29,Station 860 North (Segment 860 BH),860,BH,2059000,2031000,28000,28000,True,Sta 860: Unit 1A - Aftercooler Jacket Water Inspection (6/17/2025 - 12/31/2026),km_tgp_notice_detail:1787932505364330000:46485bb248300193468625e90e1a0552f36c4adb8a4d2cdff1a507c289e82063
403802,monthly,2026-08-27,Week 4 (11/23 - 11/29),2026-11-23,2026-11-29,Station 9 (segment 109 BH),109,BH,1066000,1066000,,0,,MLV 1-1D to MLV 9-1S: Pig Run - Maintenance / Cleaning (M) (11/10/2026),km_tgp_notice_detail:1787932505364330000:46485bb248300193468625e90e1a0552f36c4adb8a4d2cdff1a507c289e82063
