notice_id,prior_report_notice_id,report_kind,report_updated_on,report_posted_at,period_start,period_end,station_label,operator_segment_id,flow_direction,prior_operating_capacity_dth_per_day,operating_capacity_dth_per_day,operating_capacity_change_dth_per_day,calculated_reduction_dth_per_day,outage_description,artifact_id,prior_artifact_id
403802,403635,monthly,2026-08-27,2026-08-27 15:41:15-04:00,2026-10-05,2026-10-11,Station 534 South of Pool (segment 530 BH),530,BH,1550000,905000,-645000,645000,Sta 529: Unit 1A - Solar Inspection (10/12/2026 - 10/15/2026) Sta. 527 Port Sulphur: Medium Voltage Electrical Testing (10/5/2026 - 10/9/2026),km_tgp_notice_detail:1787932505364330000:46485bb248300193468625e90e1a0552f36c4adb8a4d2cdff1a507c289e82063,km_tgp_notice_detail:1788197466277820000:5d2d11d5471ff00d86dc989f8968856a7505ac872f1084af159cb8969cf992b4
403802,403635,monthly,2026-08-27,2026-08-27 15:41:15-04:00,2026-09-14,2026-09-20,Station 534 South of Pool (segment 530 BH),530,BH,1550000,985000,-565000,565000,MLV 533-2 to MLV 534-2: Pipe Replacement (M) (6/4/2026 - 9/17/2026),km_tgp_notice_detail:1787932505364330000:46485bb248300193468625e90e1a0552f36c4adb8a4d2cdff1a507c289e82063,km_tgp_notice_detail:1788197466277820000:5d2d11d5471ff00d86dc989f8968856a7505ac872f1084af159cb8969cf992b4
403802,403635,monthly,2026-08-27,2026-08-27 15:41:15-04:00,2026-09-07,2026-09-13,Station 534 South of Pool (segment 530 BH),530,BH,1550000,985000,-565000,565000,MLV 533-2 to MLV 534-2: Pipe Replacement (M) (6/4/2026 - 9/17/2026),km_tgp_notice_detail:1787932505364330000:46485bb248300193468625e90e1a0552f36c4adb8a4d2cdff1a507c289e82063,km_tgp_notice_detail:1788197466277820000:5d2d11d5471ff00d86dc989f8968856a7505ac872f1084af159cb8969cf992b4
403802,403635,monthly,2026-08-27,2026-08-27 15:41:15-04:00,2026-10-12,2026-10-18,Station 860 North (Segment 860 BH),860,BH,1846000,1475000,-371000,399000,MLV 560-2 to MLV 563-2: Pipe Replacements (M) (10/15/2026 - 10/26/2026) Sta 860: Unit 1A - Aftercooler Jacket Water Inspection (6/17/2025 - 12/31/2026) Sta 860: Unit 1C - 4K/Turbine Waterwash/Boroscope (10/6/2026 - 10/7/2026) Sta 860: Unit 2C - 4K/Turbine Waterwash/Boroscope (10/7/2026 - 10/8/2026),km_tgp_notice_detail:1787932505364330000:46485bb248300193468625e90e1a0552f36c4adb8a4d2cdff1a507c289e82063,km_tgp_notice_detail:1788197466277820000:5d2d11d5471ff00d86dc989f8968856a7505ac872f1084af159cb8969cf992b4
403802,403635,monthly,2026-08-27,2026-08-27 15:41:15-04:00,2026-09-21,2026-09-27,Station 245 (segment 245 FH),245,FH,680000,970000,290000,16000,Sta 245: Unit 1A & 2A - Exhaust System & HP Fuel (4/27/2026 - 11/1/2026),km_tgp_notice_detail:1787932505364330000:46485bb248300193468625e90e1a0552f36c4adb8a4d2cdff1a507c289e82063,km_tgp_notice_detail:1788197466277820000:5d2d11d5471ff00d86dc989f8968856a7505ac872f1084af159cb8969cf992b4
403802,403635,monthly,2026-08-27,2026-08-27 15:41:15-04:00,2026-09-21,2026-09-27,MLV 324 (segment 324 FH),324,FH,1355000,1120000,-235000,647000,Sta 321: Unit 1C - Buffer Air Seal (9/8/2026 - 9/10/2026) Sta 323: Station Outage (9/21/2026 - 9/24/2026) Sta 325: Station Outage (9/22/2026 - 9/24/2026),km_tgp_notice_detail:1787932505364330000:46485bb248300193468625e90e1a0552f36c4adb8a4d2cdff1a507c289e82063,km_tgp_notice_detail:1788197466277820000:5d2d11d5471ff00d86dc989f8968856a7505ac872f1084af159cb8969cf992b4
403802,403635,monthly,2026-08-27,2026-08-27 15:41:15-04:00,2026-11-09,2026-11-15,Station 63 (segment 163 FH),163,FH,858000,1067000,209000,125000,MLV 54-3 to MLV 106-3: Emergent Repair - CAO (2/26/2026 - 12/31/2026) MLV 71-3D to MLV 74-3: Pig Runs - Cleaning / Gauge (11/3/2026) MLV 71-3D to MLV 74-3: Pig Runs - TDW MDS (11/5/2026),km_tgp_notice_detail:1787932505364330000:46485bb248300193468625e90e1a0552f36c4adb8a4d2cdff1a507c289e82063,km_tgp_notice_detail:1788197466277820000:5d2d11d5471ff00d86dc989f8968856a7505ac872f1084af159cb8969cf992b4
403802,403635,monthly,2026-08-27,2026-08-27 15:41:15-04:00,2026-09-07,2026-09-13,MLV 324 (segment 324 FH),324,FH,1767000,1585000,-182000,182000,Sta 321: Unit 1C - Buffer Air Seal (9/8/2026 - 9/10/2026) Sta 323: Station Outage (9/21/2026 - 9/24/2026) Sta 325: Station Outage (9/22/2026 - 9/24/2026),km_tgp_notice_detail:1787932505364330000:46485bb248300193468625e90e1a0552f36c4adb8a4d2cdff1a507c289e82063,km_tgp_notice_detail:1788197466277820000:5d2d11d5471ff00d86dc989f8968856a7505ac872f1084af159cb8969cf992b4
403802,403635,monthly,2026-08-27,2026-08-27 15:41:15-04:00,2026-10-05,2026-10-11,Station 261 Discharge East (segment 261 FH),261,FH,888000,715000,-173000,173000,Sta 261 Agawam: Annual ESD test (M) (9/28/2026 - 10/2/2026) Sta 264 Charlton: Unit 1C - Engine Maintenance (8/24/2026 - 10/16/2026) Sta 264: Oil System (10/12/2026 - 10/16/2026),km_tgp_notice_detail:1787932505364330000:46485bb248300193468625e90e1a0552f36c4adb8a4d2cdff1a507c289e82063,km_tgp_notice_detail:1788197466277820000:5d2d11d5471ff00d86dc989f8968856a7505ac872f1084af159cb8969cf992b4
403802,403635,monthly,2026-08-27,2026-08-27 15:41:15-04:00,2026-09-07,2026-09-13,Station 409A (Alamo) (segment 492 FH),492,FH,125000,274000,149000,0,MLV 409-1 to MLV 406-1: Spike Test (M) (9/14/2026 - 10/31/2026) MLV 409A-101.1 to MLV 409A-103: Pig Runs - Cleaning / Gauge (M) (9/21/2026) MLV 409A-101.1 to MLV 409A-103: Pig Runs - Cleaning / Gauge (M) (9/22/2026) MLV 409A-101.1 to MLV 409A-103: Pig Runs - Cleaning / Gauge (M) (9/23/2026) MLV 409A-101.1 to MLV 409A-103: Pig Runs - EMAT (M) (9/25/2026) MLV 409A-101.1 to MLV 409A-103: Pig Runs - MFL-C (M) (9/24/2026),km_tgp_notice_detail:1787932505364330000:46485bb248300193468625e90e1a0552f36c4adb8a4d2cdff1a507c289e82063,km_tgp_notice_detail:1788197466277820000:5d2d11d5471ff00d86dc989f8968856a7505ac872f1084af159cb8969cf992b4
403802,403635,monthly,2026-08-27,2026-08-27 15:41:15-04:00,2026-09-14,2026-09-20,Station 315 (segment 315 BH),315,BH,1823000,1675000,-148000,148000,Sta 315: Unit 1B - Water Washes and Borescope (9/16/2026 - 9/17/2026) Sta 315: Unit 2A - Water Washes and Borescope (9/14/2026 - 9/15/2026),km_tgp_notice_detail:1787932505364330000:46485bb248300193468625e90e1a0552f36c4adb8a4d2cdff1a507c289e82063,km_tgp_notice_detail:1788197466277820000:5d2d11d5471ff00d86dc989f8968856a7505ac872f1084af159cb8969cf992b4
403802,403635,monthly,2026-08-27,2026-08-27 15:41:15-04:00,2026-09-21,2026-09-27,Station 307 (segment 307 BH),307,BH,1153000,1010000,-143000,143000,Sta 310: Unit 1A - Water Washes and Borescope (9/21/2026 - 9/22/2026),km_tgp_notice_detail:1787932505364330000:46485bb248300193468625e90e1a0552f36c4adb8a4d2cdff1a507c289e82063,km_tgp_notice_detail:1788197466277820000:5d2d11d5471ff00d86dc989f8968856a7505ac872f1084af159cb8969cf992b4
403802,403635,monthly,2026-08-27,2026-08-27 15:41:15-04:00,2026-10-12,2026-10-18,Station 534 (segment 534 BH),534,BH,1909000,1769000,-140000,140000,MLV 534-2 to MLV 535-2: Tallahala Creek HDD (9/21/2026 - 9/30/2026) Sta 538: Boost Pump Vibration Upgrade (10/12/2026 - 10/15/2026) Sta 538: Replace Suction & Discharge Unit Valves (10/12/2026 - 10/16/2026),km_tgp_notice_detail:1787932505364330000:46485bb248300193468625e90e1a0552f36c4adb8a4d2cdff1a507c289e82063,km_tgp_notice_detail:1788197466277820000:5d2d11d5471ff00d86dc989f8968856a7505ac872f1084af159cb8969cf992b4
403802,403635,monthly,2026-08-27,2026-08-27 15:41:15-04:00,2026-10-05,2026-10-11,Station 17 (segment 117 FH),117,FH,1122000,985000,-137000,137000,MLV 17-2D to MLV 20-2A: Pig Run - Chemical Cleaning (10/19/2026 - 10/20/2026) MLV 17-2D to MLV 20-2A: Pig Run - GAUGE (10/21/2026) MLV 17-2D to MLV 20-2A: Pig Run - MFL-A (10/22/2026) MLV 32-2D TO MLV 40-2S: Pig Runs - Maintenance (10/8/2026) MLV 32-3D to MLV 40-3S: Pig Runs - Maintenance (10/13/2026) Sta 25: Annual ESD Test (10/13/2026),km_tgp_notice_detail:1787932505364330000:46485bb248300193468625e90e1a0552f36c4adb8a4d2cdff1a507c289e82063,km_tgp_notice_detail:1788197466277820000:5d2d11d5471ff00d86dc989f8968856a7505ac872f1084af159cb8969cf992b4
403802,403635,monthly,2026-08-27,2026-08-27 15:41:15-04:00,2026-09-21,2026-09-27,Station 409A (Alamo) (segment 492 FH),492,FH,215000,125000,-90000,149000,MLV 409-1 to MLV 406-1: Spike Test (M) (9/14/2026 - 10/31/2026) MLV 409A-101.1 to MLV 409A-103: Pig Runs - Cleaning / Gauge (M) (9/21/2026) MLV 409A-101.1 to MLV 409A-103: Pig Runs - Cleaning / Gauge (M) (9/22/2026) MLV 409A-101.1 to MLV 409A-103: Pig Runs - Cleaning / Gauge (M) (9/23/2026) MLV 409A-101.1 to MLV 409A-103: Pig Runs - EMAT (M) (9/25/2026) MLV 409A-101.1 to MLV 409A-103: Pig Runs - MFL-C (M) (9/24/2026),km_tgp_notice_detail:1787932505364330000:46485bb248300193468625e90e1a0552f36c4adb8a4d2cdff1a507c289e82063,km_tgp_notice_detail:1788197466277820000:5d2d11d5471ff00d86dc989f8968856a7505ac872f1084af159cb8969cf992b4
403802,403635,monthly,2026-08-27,2026-08-27 15:41:15-04:00,2026-10-05,2026-10-11,Station 110 (segment 187 BH) (south thru Kentucky),187,BH,1965000,2043000,78000,642000,MLV 104-3 to MLV 106-3S: HDD at Kentucky River (10/1/2026 - 10/7/2026) MLV 109-3A to MLV 110-3: Pipe Replacement (10/14/2026 - 10/30/2026) MLV 109-5 to MLV 109-5A: Pipe Replacement (9/14/2026 - 10/12/2026) MLV 109-5A to MLV 110-5: Pipe Replacement (9/14/2026 - 10/12/2026) MLV 110-2 to MLV 114-2: CAO - Force Majeure (M) (7/14/2026 - 12/31/2026) MLV 54-3 to MLV 106-3: Emergent Repair - CAO (2/26/2026 - 12/31/2026) MLV 867-2 to MLV 868-2: Anomaly Remediation (10/19/2026 - 10/24/2026) MLV 870-2 to MLV 870-2R: Anomaly Remediation (10/12/2026 - 10/17/2026) MLV 97-3 to MLV 106-3: Pig Run - Cleaning / Gauge (10/27/2026) MLV 97-3 to MLV 106-3: Pig Run - MFL-S (10/29/2026) Sta 87: Unit 3D - Power side Overhaul (6/22/2026 - 9/30/2026) Sta 875: Unit 1A- 8K Solar Turbine Inspection (10/27/2026 - 10/29/2026) Sta 96: Unit 2D Replace Compressor Valves (10/12/2026 - 10/15/2026),km_tgp_notice_detail:1787932505364330000:46485bb248300193468625e90e1a0552f36c4adb8a4d2cdff1a507c289e82063,km_tgp_notice_detail:1788197466277820000:5d2d11d5471ff00d86dc989f8968856a7505ac872f1084af159cb8969cf992b4
403802,403635,monthly,2026-08-27,2026-08-27 15:41:15-04:00,2026-09-28,2026-10-04,Station 110 (segment 187 BH) (south thru Kentucky),187,BH,1965000,2043000,78000,642000,MLV 104-3 to MLV 106-3S: HDD at Kentucky River (10/1/2026 - 10/7/2026) MLV 109-3A to MLV 110-3: Pipe Replacement (10/14/2026 - 10/30/2026) MLV 109-5 to MLV 109-5A: Pipe Replacement (9/14/2026 - 10/12/2026) MLV 109-5A to MLV 110-5: Pipe Replacement (9/14/2026 - 10/12/2026) MLV 110-2 to MLV 114-2: CAO - Force Majeure (M) (7/14/2026 - 12/31/2026) MLV 54-3 to MLV 106-3: Emergent Repair - CAO (2/26/2026 - 12/31/2026) MLV 867-2 to MLV 868-2: Anomaly Remediation (10/19/2026 - 10/24/2026) MLV 870-2 to MLV 870-2R: Anomaly Remediation (10/12/2026 - 10/17/2026) MLV 97-3 to MLV 106-3: Pig Run - Cleaning / Gauge (10/27/2026) MLV 97-3 to MLV 106-3: Pig Run - MFL-S (10/29/2026) Sta 87: Unit 3D - Power side Overhaul (6/22/2026 - 9/30/2026) Sta 875: Unit 1A- 8K Solar Turbine Inspection (10/27/2026 - 10/29/2026) Sta 96: Unit 2D Replace Compressor Valves (10/12/2026 - 10/15/2026),km_tgp_notice_detail:1787932505364330000:46485bb248300193468625e90e1a0552f36c4adb8a4d2cdff1a507c289e82063,km_tgp_notice_detail:1788197466277820000:5d2d11d5471ff00d86dc989f8968856a7505ac872f1084af159cb8969cf992b4
403802,403635,monthly,2026-08-27,2026-08-27 15:41:15-04:00,2026-09-07,2026-09-13,Station 110 (segment 187 BH) (south thru Kentucky),187,BH,2355000,2424000,69000,261000,MLV 104-1 to MLV 105-1: Anomaly Remediation (8/6/2026 - 9/12/2026) MLV 105-1 to MLV 105-1A: Anomaly Remediation (9/14/2026 - 9/25/2026) MLV 109-4 to MLV 110-4: Pipe Replacement (8/10/2026 - 9/11/2026) MLV 109-5 to MLV 109-5A: Pipe Replacement (9/14/2026 - 10/12/2026) MLV 109-5A to MLV 110-5: Pipe Replacement (9/14/2026 - 10/12/2026) MLV 110-2 to MLV 114-2: CAO - Force Majeure (M) (7/14/2026 - 12/31/2026) MLV 54-3 to MLV 106-3: Emergent Repair - CAO (2/26/2026 - 12/31/2026) MLV 93-4 to MLV 94-4: Anomaly Remediation (M) (9/14/2026 - 9/21/2026) Sta 106: Unit 1C - Engine Maintenance (8/26/2026 - 9/10/2026) Sta 106: Unit 2D - 4K Solar Turbine Inspection (9/16/2026 - 9/18/2026) Sta 87: Unit 3D - Power side Overhaul (6/22/2026 - 9/30/2026),km_tgp_notice_detail:1787932505364330000:46485bb248300193468625e90e1a0552f36c4adb8a4d2cdff1a507c289e82063,km_tgp_notice_detail:1788197466277820000:5d2d11d5471ff00d86dc989f8968856a7505ac872f1084af159cb8969cf992b4
403802,403635,monthly,2026-08-27,2026-08-27 15:41:15-04:00,2026-09-14,2026-09-20,Station 47 (segment 143 FH),143,FH,1300000,1343000,43000,0,MLV 47-4D to MLV 54-4S: Pig Run - AFD Combo (M) (9/8/2026) MLV 47-4D to MLV 54-4S: Pig Run - EMAT (M) (9/10/2026),km_tgp_notice_detail:1787932505364330000:46485bb248300193468625e90e1a0552f36c4adb8a4d2cdff1a507c289e82063,km_tgp_notice_detail:1788197466277820000:5d2d11d5471ff00d86dc989f8968856a7505ac872f1084af159cb8969cf992b4
403802,403635,monthly,2026-08-27,2026-08-27 15:41:15-04:00,2026-09-21,2026-09-27,Station 47 (segment 143 FH),143,FH,1300000,1343000,43000,0,MLV 47-4D to MLV 54-4S: Pig Run - AFD Combo (M) (9/8/2026) MLV 47-4D to MLV 54-4S: Pig Run - EMAT (M) (9/10/2026),km_tgp_notice_detail:1787932505364330000:46485bb248300193468625e90e1a0552f36c4adb8a4d2cdff1a507c289e82063,km_tgp_notice_detail:1788197466277820000:5d2d11d5471ff00d86dc989f8968856a7505ac872f1084af159cb8969cf992b4
403802,403635,monthly,2026-08-27,2026-08-27 15:41:15-04:00,2026-10-19,2026-10-25,Station 47 (segment 143 FH),143,FH,1343000,1300000,-43000,43000,MLV 58-2 to MLV 59-2: Anomaly Remediation (10/10/2026 - 10/20/2026) Sta 47: Scrubber/Filter/Separator Cleaning/Inspection/Changeout (9/28/2026 - 10/2/2026) Sta 47: Station Transformer Maintenance (10/6/2026) Sta 47: Unit 1D - 16K hour Overhaul (10/5/2026 - 10/15/2026),km_tgp_notice_detail:1787932505364330000:46485bb248300193468625e90e1a0552f36c4adb8a4d2cdff1a507c289e82063,km_tgp_notice_detail:1788197466277820000:5d2d11d5471ff00d86dc989f8968856a7505ac872f1084af159cb8969cf992b4
403802,403635,monthly,2026-08-27,2026-08-27 15:41:15-04:00,2026-09-21,2026-09-27,Station 1 (segment 101 BH),101,BH,300000,265000,-35000,134000,MLV 1-1D to MLV 5-1: Spike Test (M) (9/21/2026 - 11/2/2026) Sta 1: Station Power Protection System (9/22/2026),km_tgp_notice_detail:1787932505364330000:46485bb248300193468625e90e1a0552f36c4adb8a4d2cdff1a507c289e82063,km_tgp_notice_detail:1788197466277820000:5d2d11d5471ff00d86dc989f8968856a7505ac872f1084af159cb8969cf992b4
403802,403635,monthly,2026-08-27,2026-08-27 15:41:15-04:00,2026-09-14,2026-09-20,Station 110 (segment 187 BH) (south thru Kentucky),187,BH,2435000,2400000,-35000,285000,MLV 104-1 to MLV 105-1: Anomaly Remediation (8/6/2026 - 9/12/2026) MLV 105-1 to MLV 105-1A: Anomaly Remediation (9/14/2026 - 9/25/2026) MLV 109-4 to MLV 110-4: Pipe Replacement (8/10/2026 - 9/11/2026) MLV 109-5 to MLV 109-5A: Pipe Replacement (9/14/2026 - 10/12/2026) MLV 109-5A to MLV 110-5: Pipe Replacement (9/14/2026 - 10/12/2026) MLV 110-2 to MLV 114-2: CAO - Force Majeure (M) (7/14/2026 - 12/31/2026) MLV 54-3 to MLV 106-3: Emergent Repair - CAO (2/26/2026 - 12/31/2026) MLV 93-4 to MLV 94-4: Anomaly Remediation (M) (9/14/2026 - 9/21/2026) Sta 106: Unit 1C - Engine Maintenance (8/26/2026 - 9/10/2026) Sta 106: Unit 2D - 4K Solar Turbine Inspection (9/16/2026 - 9/18/2026) Sta 87: Unit 3D - Power side Overhaul (6/22/2026 - 9/30/2026),km_tgp_notice_detail:1787932505364330000:46485bb248300193468625e90e1a0552f36c4adb8a4d2cdff1a507c289e82063,km_tgp_notice_detail:1788197466277820000:5d2d11d5471ff00d86dc989f8968856a7505ac872f1084af159cb8969cf992b4
403802,403635,monthly,2026-08-27,2026-08-27 15:41:15-04:00,2026-10-12,2026-10-18,Station 17 (segment 117 FH),117,FH,1014000,980000,-34000,142000,MLV 17-2D to MLV 20-2A: Pig Run - Chemical Cleaning (10/19/2026 - 10/20/2026) MLV 17-2D to MLV 20-2A: Pig Run - GAUGE (10/21/2026) MLV 17-2D to MLV 20-2A: Pig Run - MFL-A (10/22/2026) MLV 32-2D TO MLV 40-2S: Pig Runs - Maintenance (10/8/2026) MLV 32-3D to MLV 40-3S: Pig Runs - Maintenance (10/13/2026) Sta 25: Annual ESD Test (10/13/2026),km_tgp_notice_detail:1787932505364330000:46485bb248300193468625e90e1a0552f36c4adb8a4d2cdff1a507c289e82063,km_tgp_notice_detail:1788197466277820000:5d2d11d5471ff00d86dc989f8968856a7505ac872f1084af159cb8969cf992b4
403802,403635,monthly,2026-08-27,2026-08-27 15:41:15-04:00,2026-09-21,2026-09-27,Station 110 (segment 187 BH) (south thru Kentucky),187,BH,2435000,2405000,-30000,280000,MLV 104-1 to MLV 105-1: Anomaly Remediation (8/6/2026 - 9/12/2026) MLV 105-1 to MLV 105-1A: Anomaly Remediation (9/14/2026 - 9/25/2026) MLV 109-4 to MLV 110-4: Pipe Replacement (8/10/2026 - 9/11/2026) MLV 109-5 to MLV 109-5A: Pipe Replacement (9/14/2026 - 10/12/2026) MLV 109-5A to MLV 110-5: Pipe Replacement (9/14/2026 - 10/12/2026) MLV 110-2 to MLV 114-2: CAO - Force Majeure (M) (7/14/2026 - 12/31/2026) MLV 54-3 to MLV 106-3: Emergent Repair - CAO (2/26/2026 - 12/31/2026) MLV 93-4 to MLV 94-4: Anomaly Remediation (M) (9/14/2026 - 9/21/2026) Sta 106: Unit 1C - Engine Maintenance (8/26/2026 - 9/10/2026) Sta 106: Unit 2D - 4K Solar Turbine Inspection (9/16/2026 - 9/18/2026) Sta 87: Unit 3D - Power side Overhaul (6/22/2026 - 9/30/2026),km_tgp_notice_detail:1787932505364330000:46485bb248300193468625e90e1a0552f36c4adb8a4d2cdff1a507c289e82063,km_tgp_notice_detail:1788197466277820000:5d2d11d5471ff00d86dc989f8968856a7505ac872f1084af159cb8969cf992b4
403802,403635,monthly,2026-08-27,2026-08-27 15:41:15-04:00,2026-10-19,2026-10-25,Station 110 (segment 187 BH) (south thru Kentucky),187,BH,2447000,2428000,-19000,257000,MLV 104-3 to MLV 106-3S: HDD at Kentucky River (10/1/2026 - 10/7/2026) MLV 109-3A to MLV 110-3: Pipe Replacement (10/14/2026 - 10/30/2026) MLV 109-5 to MLV 109-5A: Pipe Replacement (9/14/2026 - 10/12/2026) MLV 109-5A to MLV 110-5: Pipe Replacement (9/14/2026 - 10/12/2026) MLV 110-2 to MLV 114-2: CAO - Force Majeure (M) (7/14/2026 - 12/31/2026) MLV 54-3 to MLV 106-3: Emergent Repair - CAO (2/26/2026 - 12/31/2026) MLV 867-2 to MLV 868-2: Anomaly Remediation (10/19/2026 - 10/24/2026) MLV 870-2 to MLV 870-2R: Anomaly Remediation (10/12/2026 - 10/17/2026) MLV 97-3 to MLV 106-3: Pig Run - Cleaning / Gauge (10/27/2026) MLV 97-3 to MLV 106-3: Pig Run - MFL-S (10/29/2026) Sta 87: Unit 3D - Power side Overhaul (6/22/2026 - 9/30/2026) Sta 875: Unit 1A- 8K Solar Turbine Inspection (10/27/2026 - 10/29/2026) Sta 96: Unit 2D Replace Compressor Valves (10/12/2026 - 10/15/2026),km_tgp_notice_detail:1787932505364330000:46485bb248300193468625e90e1a0552f36c4adb8a4d2cdff1a507c289e82063,km_tgp_notice_detail:1788197466277820000:5d2d11d5471ff00d86dc989f8968856a7505ac872f1084af159cb8969cf992b4
403802,403635,monthly,2026-08-27,2026-08-27 15:41:15-04:00,2026-11-02,2026-11-08,Station 63 (segment 163 FH),163,FH,858000,871000,13000,321000,MLV 54-3 to MLV 106-3: Emergent Repair - CAO (2/26/2026 - 12/31/2026) MLV 71-3D to MLV 74-3: Pig Runs - Cleaning / Gauge (11/3/2026) MLV 71-3D to MLV 74-3: Pig Runs - TDW MDS (11/5/2026),km_tgp_notice_detail:1787932505364330000:46485bb248300193468625e90e1a0552f36c4adb8a4d2cdff1a507c289e82063,km_tgp_notice_detail:1788197466277820000:5d2d11d5471ff00d86dc989f8968856a7505ac872f1084af159cb8969cf992b4
403802,403635,monthly,2026-08-27,2026-08-27 15:41:15-04:00,2026-10-19,2026-10-25,Station 860 (segment 548 BH),548,BH,1181000,1175000,-6000,418000,Sta 542 Dekalb: Annual ESD Test (10/20/2026 - 10/22/2026) Sta 542: Unit 2A - Emergent Repair (4/7/2026 - 9/30/2026) Sta 550 Hamilton: Annual ESD Test (10/5/2026 - 10/9/2026) Sta 550: Unit 1B - Juction Box Rewire & Unit Valves (9/28/2026 - 10/9/2026),km_tgp_notice_detail:1787932505364330000:46485bb248300193468625e90e1a0552f36c4adb8a4d2cdff1a507c289e82063,km_tgp_notice_detail:1788197466277820000:5d2d11d5471ff00d86dc989f8968856a7505ac872f1084af159cb8969cf992b4
403802,403635,monthly,2026-08-27,2026-08-27 15:41:15-04:00,2026-10-12,2026-10-18,Station 47 (segment 143 FH),143,FH,1295000,1290000,-5000,53000,MLV 58-2 to MLV 59-2: Anomaly Remediation (10/10/2026 - 10/20/2026) Sta 47: Scrubber/Filter/Separator Cleaning/Inspection/Changeout (9/28/2026 - 10/2/2026) Sta 47: Station Transformer Maintenance (10/6/2026) Sta 47: Unit 1D - 16K hour Overhaul (10/5/2026 - 10/15/2026),km_tgp_notice_detail:1787932505364330000:46485bb248300193468625e90e1a0552f36c4adb8a4d2cdff1a507c289e82063,km_tgp_notice_detail:1788197466277820000:5d2d11d5471ff00d86dc989f8968856a7505ac872f1084af159cb8969cf992b4
403802,403635,monthly,2026-08-27,2026-08-27 15:41:15-04:00,2026-10-26,2026-11-01,Station 110 (segment 187 BH) (south thru Kentucky),187,BH,1823000,1822000,-1000,863000,MLV 104-3 to MLV 106-3S: HDD at Kentucky River (10/1/2026 - 10/7/2026) MLV 109-3A to MLV 110-3: Pipe Replacement (10/14/2026 - 10/30/2026) MLV 109-5 to MLV 109-5A: Pipe Replacement (9/14/2026 - 10/12/2026) MLV 109-5A to MLV 110-5: Pipe Replacement (9/14/2026 - 10/12/2026) MLV 110-2 to MLV 114-2: CAO - Force Majeure (M) (7/14/2026 - 12/31/2026) MLV 54-3 to MLV 106-3: Emergent Repair - CAO (2/26/2026 - 12/31/2026) MLV 867-2 to MLV 868-2: Anomaly Remediation (10/19/2026 - 10/24/2026) MLV 870-2 to MLV 870-2R: Anomaly Remediation (10/12/2026 - 10/17/2026) MLV 97-3 to MLV 106-3: Pig Run - Cleaning / Gauge (10/27/2026) MLV 97-3 to MLV 106-3: Pig Run - MFL-S (10/29/2026) Sta 87: Unit 3D - Power side Overhaul (6/22/2026 - 9/30/2026) Sta 875: Unit 1A- 8K Solar Turbine Inspection (10/27/2026 - 10/29/2026) Sta 96: Unit 2D Replace Compressor Valves (10/12/2026 - 10/15/2026),km_tgp_notice_detail:1787932505364330000:46485bb248300193468625e90e1a0552f36c4adb8a4d2cdff1a507c289e82063,km_tgp_notice_detail:1788197466277820000:5d2d11d5471ff00d86dc989f8968856a7505ac872f1084af159cb8969cf992b4
403635,403497,monthly,2026-08-20,2026-08-20 15:53:52-04:00,2026-08-31,2026-09-06,Station 534 (segment 534 BH),534,BH,1909000,1645000,-264000,264000,MLV 534-2 to MLV 535-2: Tallahala Creek HDD (9/21/2026 - 9/30/2026) Sta 538: Unit 1C - Preventive Maintenance (9/1/2026 - 9/2/2026),km_tgp_notice_detail:1787932512717694000:4e5308a6b60198988cebfe87c90c7936ec29248dea254a2e2949d8b71262ebc6,km_tgp_notice_detail:1787932524832370000:4eee644b9a73e2d29296826918c17f5bb3276f338fcd44517c67dca7bed33e5c
403635,403497,monthly,2026-08-20,2026-08-20 15:53:52-04:00,2026-08-31,2026-09-06,Station 261 Discharge East (segment 261 FH),261,FH,888000,715000,-173000,173000,Sta 264 Charlton: Annual ESD Test (9/23/2026 - 9/24/2026) Sta 264 Charlton: Unit 1C - Engine Maintenance (8/24/2026 - 10/2/2026),km_tgp_notice_detail:1787932512717694000:4e5308a6b60198988cebfe87c90c7936ec29248dea254a2e2949d8b71262ebc6,km_tgp_notice_detail:1787932524832370000:4eee644b9a73e2d29296826918c17f5bb3276f338fcd44517c67dca7bed33e5c
403635,403497,monthly,2026-08-20,2026-08-20 15:53:52-04:00,2026-10-05,2026-10-11,Station 261 Discharge East (segment 261 FH),261,FH,715000,888000,173000,0,Sta 261 Agawam: Annual ESD test (M) (9/28/2026 - 10/2/2026) Sta 264 Charlton: Unit 1C - Engine Maintenance (8/24/2026 - 10/2/2026) Sta 264: Oil System (10/12/2026 - 10/16/2026),km_tgp_notice_detail:1787932512717694000:4e5308a6b60198988cebfe87c90c7936ec29248dea254a2e2949d8b71262ebc6,km_tgp_notice_detail:1787932524832370000:4eee644b9a73e2d29296826918c17f5bb3276f338fcd44517c67dca7bed33e5c
403635,403497,monthly,2026-08-20,2026-08-20 15:53:52-04:00,2026-09-21,2026-09-27,MLV 324 (segment 324 FH),324,FH,1495000,1355000,-140000,412000,MLV 321-1L to MLV 322-1: Anomaly Remediation (8/31/2026 - 9/5/2026) Sta 323: Station Outage (9/21/2026 - 9/24/2026) Sta 325: Station Outage (9/22/2026 - 9/24/2026),km_tgp_notice_detail:1787932512717694000:4e5308a6b60198988cebfe87c90c7936ec29248dea254a2e2949d8b71262ebc6,km_tgp_notice_detail:1787932524832370000:4eee644b9a73e2d29296826918c17f5bb3276f338fcd44517c67dca7bed33e5c
403635,403497,monthly,2026-08-20,2026-08-20 15:53:52-04:00,2026-08-31,2026-09-06,Station 860 (segment 548 BH),548,BH,1343000,1390000,47000,203000,"MLV 546-2 to MLV 547-2: Line Recoat (9/14/2026 - 9/18/2026) Sta 542: Unit 2A - Emergent Repair (4/7/2026 - 9/30/2026) Sta 542: Unit 3A - Emergent Repair (3/26/2026 - 8/31/2026) Sta 546: Annual ESD Tests & Maintenance (9/14/2026 - 9/18/2026) Sta 546: Unit 7A - Metal in Oil (7/14/2025 - 8/31/2026) Sta 555: Scrubber/Filter/Separator Clean, Inspect & Filter Change (9/14/2026) Sta 555: Unit 1B - Hot Gas Path (8/10/2026 - 9/18/2026) Sta 555: Unit 4A - Engine Maintenance (9/21/2026 - 9/24/2026)",km_tgp_notice_detail:1787932512717694000:4e5308a6b60198988cebfe87c90c7936ec29248dea254a2e2949d8b71262ebc6,km_tgp_notice_detail:1787932524832370000:4eee644b9a73e2d29296826918c17f5bb3276f338fcd44517c67dca7bed33e5c
403635,403497,monthly,2026-08-20,2026-08-20 15:53:52-04:00,2026-10-26,2026-11-01,Station 110 (segment 187 BH) (south thru Kentucky),187,BH,1802000,1823000,21000,862000,MLV 104-3 to MLV 106-3S: HDD at Kentucky River (10/1/2026 - 10/5/2026) MLV 109-3A to MLV 110-3: Pipe Replacement (9/16/2026 - 9/30/2026) MLV 110-2 to MLV 114-2: CAO - Force Majeure (M) (7/14/2026 - 12/31/2026) MLV 54-3 to MLV 106-3: Emergent Repair - CAO (2/26/2026 - 12/31/2026) MLV 867-2 to MLV 868-2: Anomaly Remediation (10/20/2026 - 10/24/2026) MLV 870-2 to MLV 870-2R: Anomaly Remediation (10/13/2026 - 10/17/2026) MLV 97-3 to MLV 106-3: Pig Run - Cleaning / Gauge (10/27/2026) MLV 97-3 to MLV 106-3: Pig Run - MFL-S (10/29/2026) Sta 87: Unit 3D - Power side Overhaul (6/22/2026 - 9/30/2026) Sta 875: Unit 1A- 8K Solar Turbine Inspection (10/27/2026 - 10/29/2026) Sta 96: Unit 2D Replace Compressor Valves (10/12/2026 - 10/15/2026),km_tgp_notice_detail:1787932512717694000:4e5308a6b60198988cebfe87c90c7936ec29248dea254a2e2949d8b71262ebc6,km_tgp_notice_detail:1787932524832370000:4eee644b9a73e2d29296826918c17f5bb3276f338fcd44517c67dca7bed33e5c
403497,403482,seven_day,2026-08-13,2026-08-14 08:57:39-04:00,2026-08-17,2026-08-17,Station 110 (segment 187 BH) (south thru Kentucky),187,BH,2406000,2150000,-256000,535000,"MLV 104-1 to MLV 105-1: Anomaly Remediation (8/6/2026 - 9/12/2026) MLV 109-4 to 110-4: Valve Installation & Crossover Work (8/10/2026 - 8/24/2026) MLV 109-4 to MLV 110-4: Pipe Replacement (8/10/2026 - 8/31/2026) MLV 110-2 to MLV 114-2: CAO - Force Majeure (M) (7/14/2026 - 12/31/2026) MLV 54-3 to MLV 106-3: Emergent Repair - CAO (2/26/2026 - 12/31/2026) MLV 96-3BR to MLV 96-3BL: Spike Test (7/27/2026 - 8/31/2026) Sta 106: Unit 1D - 4K Solar Turbine Inspection (8/18/2026 - 8/20/2026) Sta 87 Portland: Annual ESD Test (8/18/2026 - 8/19/2026) Sta 87: Unit 1E - Scrubber/Filter/Separator Clean, Inspect & Filter Change (8/18/2026) Sta 87: Unit 2E - Scrubber/Filter/Separator Clean, Inspect & Filter Change (8/19/2026) Sta 87: Unit 3D - Power side Overhaul (6/22/2026 - 9/30/2026) Sta 871: Unit 1A - Emergent Repair (7/10/2026 - 8/25/2026) Sta. 87: Unit 1E - Change Water Pump (8/17/2026 - 8/20/2026)",km_tgp_notice_detail:1787932524832370000:4eee644b9a73e2d29296826918c17f5bb3276f338fcd44517c67dca7bed33e5c,km_tgp_notice_detail:1787932528819854000:678d69626094a0599a74f57a5771456aa63c15ca0c63d83faae8701364bfb278
403482,403321,monthly,2026-08-13,2026-08-13 15:31:24-04:00,2026-09-14,2026-09-20,Station 534 (segment 534 BH),534,BH,1440000,1909000,469000,0,MLV 534-2 to MLV 535-2: Tallahala Creek HDD (9/21/2026 - 9/30/2026),km_tgp_notice_detail:1787932528819854000:678d69626094a0599a74f57a5771456aa63c15ca0c63d83faae8701364bfb278,km_tgp_notice_detail:1788185349328713000:9e8be2d17442b5006a97718c5f0cdd0b26223c39fa7bf4ee8410708d8f2e7a81
403482,403321,monthly,2026-08-13,2026-08-13 15:31:24-04:00,2026-09-21,2026-09-27,Station 204 (Segment 204 BH),204,BH,1375000,1828000,453000,0,MLV 214-3 to MLV 219-3: Pig Run - Cal/IMU/MFL-A Combo (M) (9/10/2026) MLV 214-3 to MLV 219-3: Pig Run - Gauge/Cleaning (M) (9/8/2026),km_tgp_notice_detail:1787932528819854000:678d69626094a0599a74f57a5771456aa63c15ca0c63d83faae8701364bfb278,km_tgp_notice_detail:1788185349328713000:9e8be2d17442b5006a97718c5f0cdd0b26223c39fa7bf4ee8410708d8f2e7a81
403482,403321,monthly,2026-08-13,2026-08-13 15:31:24-04:00,2026-09-28,2026-10-04,Station 204 (Segment 204 BH),204,BH,1828000,1375000,-453000,453000,MLV 209-2 to MLV 214-2: Pig Run - Chem Cleaning (10/26/2026) MLV 209-2 to MLV 214-2: Pig Run - Chem Cleaning (10/27/2026) MLV 209-2 to MLV 214-2: Pig Run - Chem Cleaning (10/28/2026) MLV 209-2 to MLV 214-2: Pig Run - Chem Cleaning (10/29/2026) MLV 209-2 to MLV 214-2: Pig Run - Chem Cleaning (10/30/2026) MLV 214-1 to MLV 219-1: Pig Run - Cal/IMU (10/20/2026) MLV 214-1 to MLV 219-1: Pig Run - Gauge/Cleaning (10/15/2026) MLV 214-1 to MLV 219-1: Pig Run - MFL-C (10/22/2026) Sta 204: Scrubber Filter Change (10/1/2026 - 10/3/2026) Sta 209 Cambridge: Scrubber Filter (9/28/2026 - 9/30/2026),km_tgp_notice_detail:1787932528819854000:678d69626094a0599a74f57a5771456aa63c15ca0c63d83faae8701364bfb278,km_tgp_notice_detail:1788185349328713000:9e8be2d17442b5006a97718c5f0cdd0b26223c39fa7bf4ee8410708d8f2e7a81
403482,403321,monthly,2026-08-13,2026-08-13 15:31:24-04:00,2026-10-19,2026-10-25,Station 860 (segment 548 BH),548,BH,1593000,1181000,-412000,412000,Sta 542 Dekalb: Annual ESD Test (10/20/2026 - 10/22/2026) Sta 542: Unit 2A - Emergent Repair (4/7/2026 - 9/30/2026) Sta 550 Hamilton: Annual ESD Test (10/5/2026 - 10/9/2026) Sta 550: Unit 1B - Juction Box Rewire & Unit Valves (9/28/2026 - 10/9/2026),km_tgp_notice_detail:1787932528819854000:678d69626094a0599a74f57a5771456aa63c15ca0c63d83faae8701364bfb278,km_tgp_notice_detail:1788185349328713000:9e8be2d17442b5006a97718c5f0cdd0b26223c39fa7bf4ee8410708d8f2e7a81
403482,403321,monthly,2026-08-13,2026-08-13 15:31:24-04:00,2026-09-14,2026-09-20,Station 110 (segment 187 BH) (south thru Kentucky),187,BH,2173000,2435000,262000,250000,MLV 104-1 to MLV 105-1: Anomaly Remediation (8/6/2026 - 9/12/2026) MLV 105-1 to MLV 105-1A: Anomaly Remediation (9/14/2026 - 9/25/2026) MLV 109-3A to MLV 110-3: Pipe Replacement (9/16/2026 - 9/30/2026) MLV 109-4 to MLV 110-4: Pipe Replacement (8/10/2026 - 8/31/2026) MLV 109-5 to MLV 109-5A: Pipe Replacement (9/1/2026 - 9/15/2026) MLV 109-5A to MLV 110-5: Pipe Replacement (9/1/2026 - 9/15/2026) MLV 110-2 to MLV 114-2: CAO - Force Majeure (M) (7/14/2026 - 12/31/2026) MLV 54-3 to MLV 106-3: Emergent Repair - CAO (2/26/2026 - 12/31/2026) MLV 93-4 to MLV 94-4: Anomaly Remediation (M) (9/14/2026 - 9/21/2026) MLV 96-3BR to MLV 96-3BL: Spike Test (7/27/2026 - 8/31/2026) Sta 106: Unit 2D - 4K Solar Turbine Inspection (9/16/2026 - 9/18/2026) Sta 87: Unit 3D - Power side Overhaul (6/22/2026 - 9/30/2026) Sta 871 Campbellsville: Annual ESD Test (9/1/2026) Sta 871: Unit 3A - Engine Maintenance (8/24/2026 - 9/11/2026),km_tgp_notice_detail:1787932528819854000:678d69626094a0599a74f57a5771456aa63c15ca0c63d83faae8701364bfb278,km_tgp_notice_detail:1788185349328713000:9e8be2d17442b5006a97718c5f0cdd0b26223c39fa7bf4ee8410708d8f2e7a81
403482,403321,monthly,2026-08-13,2026-08-13 15:31:24-04:00,2026-09-21,2026-09-27,Station 110 (segment 187 BH) (south thru Kentucky),187,BH,2175000,2435000,260000,250000,MLV 104-1 to MLV 105-1: Anomaly Remediation (8/6/2026 - 9/12/2026) MLV 105-1 to MLV 105-1A: Anomaly Remediation (9/14/2026 - 9/25/2026) MLV 109-3A to MLV 110-3: Pipe Replacement (9/16/2026 - 9/30/2026) MLV 109-4 to MLV 110-4: Pipe Replacement (8/10/2026 - 8/31/2026) MLV 109-5 to MLV 109-5A: Pipe Replacement (9/1/2026 - 9/15/2026) MLV 109-5A to MLV 110-5: Pipe Replacement (9/1/2026 - 9/15/2026) MLV 110-2 to MLV 114-2: CAO - Force Majeure (M) (7/14/2026 - 12/31/2026) MLV 54-3 to MLV 106-3: Emergent Repair - CAO (2/26/2026 - 12/31/2026) MLV 93-4 to MLV 94-4: Anomaly Remediation (M) (9/14/2026 - 9/21/2026) MLV 96-3BR to MLV 96-3BL: Spike Test (7/27/2026 - 8/31/2026) Sta 106: Unit 2D - 4K Solar Turbine Inspection (9/16/2026 - 9/18/2026) Sta 87: Unit 3D - Power side Overhaul (6/22/2026 - 9/30/2026) Sta 871 Campbellsville: Annual ESD Test (9/1/2026) Sta 871: Unit 3A - Engine Maintenance (8/24/2026 - 9/11/2026),km_tgp_notice_detail:1787932528819854000:678d69626094a0599a74f57a5771456aa63c15ca0c63d83faae8701364bfb278,km_tgp_notice_detail:1788185349328713000:9e8be2d17442b5006a97718c5f0cdd0b26223c39fa7bf4ee8410708d8f2e7a81
403482,403321,monthly,2026-08-13,2026-08-13 15:31:24-04:00,2026-09-14,2026-09-20,Station 9 (segment 109 BH),109,BH,1027000,835000,-192000,192000,MLV 2-2 to MLV 3-2: Anomaly Remediation (9/8/2026 - 9/18/2026) MLV 4-2 to MLV 5-2: Anomaly Remediation (8/27/2026 - 9/4/2026),km_tgp_notice_detail:1787932528819854000:678d69626094a0599a74f57a5771456aa63c15ca0c63d83faae8701364bfb278,km_tgp_notice_detail:1788185349328713000:9e8be2d17442b5006a97718c5f0cdd0b26223c39fa7bf4ee8410708d8f2e7a81
403482,403321,monthly,2026-08-13,2026-08-13 15:31:24-04:00,2026-08-31,2026-09-06,Station 110 (segment 187 BH) (south thru Kentucky),187,BH,2113000,2296000,183000,389000,MLV 104-1 to MLV 105-1: Anomaly Remediation (8/6/2026 - 9/12/2026) MLV 105-1 to MLV 105-1A: Anomaly Remediation (9/14/2026 - 9/25/2026) MLV 109-3A to MLV 110-3: Pipe Replacement (9/16/2026 - 9/30/2026) MLV 109-4 to MLV 110-4: Pipe Replacement (8/10/2026 - 8/31/2026) MLV 109-5 to MLV 109-5A: Pipe Replacement (9/1/2026 - 9/15/2026) MLV 109-5A to MLV 110-5: Pipe Replacement (9/1/2026 - 9/15/2026) MLV 110-2 to MLV 114-2: CAO - Force Majeure (M) (7/14/2026 - 12/31/2026) MLV 54-3 to MLV 106-3: Emergent Repair - CAO (2/26/2026 - 12/31/2026) MLV 93-4 to MLV 94-4: Anomaly Remediation (M) (9/14/2026 - 9/21/2026) MLV 96-3BR to MLV 96-3BL: Spike Test (7/27/2026 - 8/31/2026) Sta 106: Unit 2D - 4K Solar Turbine Inspection (9/16/2026 - 9/18/2026) Sta 87: Unit 3D - Power side Overhaul (6/22/2026 - 9/30/2026) Sta 871 Campbellsville: Annual ESD Test (9/1/2026) Sta 871: Unit 3A - Engine Maintenance (8/24/2026 - 9/11/2026),km_tgp_notice_detail:1787932528819854000:678d69626094a0599a74f57a5771456aa63c15ca0c63d83faae8701364bfb278,km_tgp_notice_detail:1788185349328713000:9e8be2d17442b5006a97718c5f0cdd0b26223c39fa7bf4ee8410708d8f2e7a81
403482,403321,monthly,2026-08-13,2026-08-13 15:31:24-04:00,2026-08-24,2026-08-30,Station 860 (segment 548 BH),548,BH,1190000,1343000,153000,250000,Sta 542: Unit 2A - Emergent Repair (4/7/2026 - 9/30/2026) Sta 542: Unit 3A - Emergent Repair (3/26/2026 - 8/31/2026) Sta 546: Unit 7A - Metal in Oil (7/14/2025 - 8/31/2026) Sta 555: Unit 1B - Hot Gas Path (8/10/2026 - 9/18/2026),km_tgp_notice_detail:1787932528819854000:678d69626094a0599a74f57a5771456aa63c15ca0c63d83faae8701364bfb278,km_tgp_notice_detail:1788185349328713000:9e8be2d17442b5006a97718c5f0cdd0b26223c39fa7bf4ee8410708d8f2e7a81
403482,403321,monthly,2026-08-13,2026-08-13 15:31:24-04:00,2026-08-31,2026-09-06,Station 9 (segment 109 BH),109,BH,835000,970000,135000,57000,MLV 2-2 to MLV 3-2: Anomaly Remediation (9/8/2026 - 9/18/2026) MLV 4-2 to MLV 5-2: Anomaly Remediation (8/27/2026 - 9/4/2026),km_tgp_notice_detail:1787932528819854000:678d69626094a0599a74f57a5771456aa63c15ca0c63d83faae8701364bfb278,km_tgp_notice_detail:1788185349328713000:9e8be2d17442b5006a97718c5f0cdd0b26223c39fa7bf4ee8410708d8f2e7a81
403482,403321,monthly,2026-08-13,2026-08-13 15:31:24-04:00,2026-09-28,2026-10-04,Station 233 (segment 233 FH),233,FH,459000,355000,-104000,104000,MLV 233-2 to MLV 235-2: Pig Run (9/30/2026),km_tgp_notice_detail:1787932528819854000:678d69626094a0599a74f57a5771456aa63c15ca0c63d83faae8701364bfb278,km_tgp_notice_detail:1788185349328713000:9e8be2d17442b5006a97718c5f0cdd0b26223c39fa7bf4ee8410708d8f2e7a81
403482,403321,monthly,2026-08-13,2026-08-13 15:31:24-04:00,2026-10-05,2026-10-11,Station 233 (segment 233 FH),233,FH,355000,459000,104000,0,MLV 233-2 to MLV 235-2: Pig Run (9/30/2026),km_tgp_notice_detail:1787932528819854000:678d69626094a0599a74f57a5771456aa63c15ca0c63d83faae8701364bfb278,km_tgp_notice_detail:1788185349328713000:9e8be2d17442b5006a97718c5f0cdd0b26223c39fa7bf4ee8410708d8f2e7a81
403482,403321,monthly,2026-08-13,2026-08-13 15:31:24-04:00,2026-08-31,2026-09-06,Station 834 (segment 834 BH),834,BH,683000,590000,-93000,93000,Sta 834: Catalyst Cleaning (8/31/2026 - 9/4/2026) Sta 834: Station Outage (8/31/2026 - 9/2/2026) Sta 834: Unit 1A - Replace Insulation Blanket (9/14/2026 - 9/15/2026) Sta 834: Unit 2A - Replace Insulation Blanket (9/16/2026 - 9/17/2026) Sta 834: Unit 3A - Replace Insulation Blanket (9/18/2026 - 9/19/2026) Sta 834: Unit 4A - Replace Insulation Blanket (9/21/2026 - 9/22/2026) Sta 834: Unit 4A - Replace Lubrication System (9/7/2026 - 9/11/2026),km_tgp_notice_detail:1787932528819854000:678d69626094a0599a74f57a5771456aa63c15ca0c63d83faae8701364bfb278,km_tgp_notice_detail:1788185349328713000:9e8be2d17442b5006a97718c5f0cdd0b26223c39fa7bf4ee8410708d8f2e7a81
403482,403321,monthly,2026-08-13,2026-08-13 15:31:24-04:00,2026-08-31,2026-09-06,Station 860 (segment 548 BH),548,BH,1390000,1343000,-47000,250000,"MLV 546-2 to MLV 547-2: Line Recoat (9/14/2026 - 9/18/2026) Sta 542: Unit 2A - Emergent Repair (4/7/2026 - 9/30/2026) Sta 542: Unit 3A - Emergent Repair (3/26/2026 - 8/31/2026) Sta 546: Annual ESD Tests & Maintenance (9/14/2026 - 9/18/2026) Sta 546: Unit 7A - Metal in Oil (7/14/2025 - 8/31/2026) Sta 555: Scrubber/Filter/Separator Clean, Inspect & Filter Change (9/14/2026) Sta 555: Unit 1B - Hot Gas Path (8/10/2026 - 9/18/2026) Sta 555: Unit 4A - Engine Maintenance (9/21/2026 - 9/24/2026)",km_tgp_notice_detail:1787932528819854000:678d69626094a0599a74f57a5771456aa63c15ca0c63d83faae8701364bfb278,km_tgp_notice_detail:1788185349328713000:9e8be2d17442b5006a97718c5f0cdd0b26223c39fa7bf4ee8410708d8f2e7a81
403482,403321,monthly,2026-08-13,2026-08-13 15:31:24-04:00,2026-10-12,2026-10-18,Station 110 (segment 187 BH) (south thru Kentucky),187,BH,2447000,2400000,-47000,285000,MLV 104-3 to MLV 106-3S: HDD at Kentucky River (10/1/2026 - 10/5/2026) MLV 109-3A to MLV 110-3: Pipe Replacement (9/16/2026 - 9/30/2026) MLV 110-2 to MLV 114-2: CAO - Force Majeure (M) (7/14/2026 - 12/31/2026) MLV 54-3 to MLV 106-3: Emergent Repair - CAO (2/26/2026 - 12/31/2026) MLV 867-2 to MLV 868-2: Anomaly Remediation (10/20/2026 - 10/24/2026) MLV 870-2 to MLV 870-2R: Anomaly Remediation (10/13/2026 - 10/17/2026) MLV 97-3 to MLV 106-3: Pig Run - Cleaning / Gauge (10/27/2026) MLV 97-3 to MLV 106-3: Pig Run - MFL-S (10/29/2026) Sta 87: Unit 3D - Power side Overhaul (6/22/2026 - 9/30/2026) Sta 875: Unit 1A- 8K Solar Turbine Inspection (10/27/2026 - 10/29/2026) Sta 96: Unit 2D Replace Compressor Valves (10/12/2026 - 10/15/2026),km_tgp_notice_detail:1787932528819854000:678d69626094a0599a74f57a5771456aa63c15ca0c63d83faae8701364bfb278,km_tgp_notice_detail:1788185349328713000:9e8be2d17442b5006a97718c5f0cdd0b26223c39fa7bf4ee8410708d8f2e7a81
403321,403182,monthly,2026-08-06,2026-08-06 15:57:49-04:00,2026-09-14,2026-09-20,Station 860 (segment 548 BH),548,BH,1390000,725000,-665000,868000,"MLV 546-2 to MLV 547-2: Line Recoat (9/14/2026 - 9/18/2026) Sta 542: Unit 2A - Emergent Repair (4/7/2026 - 9/30/2026) Sta 542: Unit 3A - Emergent Repair (3/26/2026 - 8/31/2026) Sta 546: Annual ESD Tests & Maintenance (9/14/2026 - 9/18/2026) Sta 546: Unit 7A - Metal in Oil (7/14/2025 - 8/31/2026) Sta 555: Scrubber/Filter/Separator Clean, Inspect & Filter Change (9/14/2026) Sta 555: Unit 1B - Hot Gas Path (8/10/2026 - 9/18/2026) Sta 555: Unit 4A - Engine Maintenance (9/21/2026 - 9/24/2026)",km_tgp_notice_detail:1787932357163476000:a45d8a8743bfa23ad8736d661a3824697a54515dfb0438b0c2094a2c6efc8c1d,km_tgp_notice_detail:1787932361464709000:331b186e680f823a4f29c92d64ddce5b1e86366b0e14d7611e3212104bbb921e
403321,403182,monthly,2026-08-06,2026-08-06 15:57:49-04:00,2026-09-07,2026-09-13,Station 860 (segment 548 BH),548,BH,725000,1390000,665000,203000,"MLV 546-2 to MLV 547-2: Line Recoat (9/14/2026 - 9/18/2026) Sta 542: Unit 2A - Emergent Repair (4/7/2026 - 9/30/2026) Sta 542: Unit 3A - Emergent Repair (3/26/2026 - 8/31/2026) Sta 546: Annual ESD Tests & Maintenance (9/14/2026 - 9/18/2026) Sta 546: Unit 7A - Metal in Oil (7/14/2025 - 8/31/2026) Sta 555: Scrubber/Filter/Separator Clean, Inspect & Filter Change (9/14/2026) Sta 555: Unit 1B - Hot Gas Path (8/10/2026 - 9/18/2026) Sta 555: Unit 4A - Engine Maintenance (9/21/2026 - 9/24/2026)",km_tgp_notice_detail:1787932357163476000:a45d8a8743bfa23ad8736d661a3824697a54515dfb0438b0c2094a2c6efc8c1d,km_tgp_notice_detail:1787932361464709000:331b186e680f823a4f29c92d64ddce5b1e86366b0e14d7611e3212104bbb921e
403321,403182,monthly,2026-08-06,2026-08-06 15:57:49-04:00,2026-10-19,2026-10-25,Station 110 (segment 187 BH) (south thru Kentucky),187,BH,1932000,2447000,515000,238000,MLV 104-3 to MLV 106-3S: HDD at Kentucky River (10/1/2026 - 10/5/2026) MLV 109-3A to MLV 110-3: Pipe Replacement (9/16/2026 - 9/30/2026) MLV 110-2 to MLV 114-2: CAO - Force Majeure (M) (7/14/2026 - 12/31/2026) MLV 54-3 to MLV 106-3: Emergent Repair - CAO (2/26/2026 - 12/31/2026) MLV 97-3 to MLV 106-3: Pig Run - Cleaning / Gauge (10/27/2026) MLV 97-3 to MLV 106-3: Pig Run - MFL-S (10/29/2026) Sta 87: Unit 3D - Power side Overhaul (6/22/2026 - 9/30/2026) Sta 875: Unit 1A- 8K Solar Turbine Inspection (10/27/2026 - 10/29/2026) Sta 96: Unit 2D Replace Compressor Valves (10/12/2026 - 10/15/2026),km_tgp_notice_detail:1787932357163476000:a45d8a8743bfa23ad8736d661a3824697a54515dfb0438b0c2094a2c6efc8c1d,km_tgp_notice_detail:1787932361464709000:331b186e680f823a4f29c92d64ddce5b1e86366b0e14d7611e3212104bbb921e
403321,403182,monthly,2026-08-06,2026-08-06 15:57:49-04:00,2026-08-31,2026-09-06,Station 114 (segment 114 BH),114,BH,907000,393000,-514000,514000,MLV 117-3 to MLV 118-3: Special Permit Pipe Replacement (8/18/2026 - 9/6/2026) MLV 119-2 to MLV 119-2A: Special Permit Pipe Replacement (8/18/2026 - 9/6/2026) Sta 119A: Unit 1A - Solar Turbine Inspection (9/14/2026 - 9/16/2026),km_tgp_notice_detail:1787932357163476000:a45d8a8743bfa23ad8736d661a3824697a54515dfb0438b0c2094a2c6efc8c1d,km_tgp_notice_detail:1787932361464709000:331b186e680f823a4f29c92d64ddce5b1e86366b0e14d7611e3212104bbb921e
403321,403182,monthly,2026-08-06,2026-08-06 15:57:49-04:00,2026-09-21,2026-09-27,Station 307 (segment 307 BH),307,BH,765000,1153000,388000,0,,km_tgp_notice_detail:1787932357163476000:a45d8a8743bfa23ad8736d661a3824697a54515dfb0438b0c2094a2c6efc8c1d,km_tgp_notice_detail:1787932361464709000:331b186e680f823a4f29c92d64ddce5b1e86366b0e14d7611e3212104bbb921e
403321,403182,monthly,2026-08-06,2026-08-06 15:57:49-04:00,2026-10-12,2026-10-18,Station 307 (segment 307 BH),307,BH,1153000,765000,-388000,388000,MLV 302-2 to MLV 303-2: Anomaly Remediation (9/28/2026 - 10/10/2026) Sta 219: Annual ESD Test & Scrubber Maintenance (10/12/2026 - 10/16/2026) Sta 303A: Unit 1A - Water Wash (10/6/2026 - 10/7/2026) Sta 307: Unit 4A - Trabon (9/29/2026 - 10/2/2026),km_tgp_notice_detail:1787932357163476000:a45d8a8743bfa23ad8736d661a3824697a54515dfb0438b0c2094a2c6efc8c1d,km_tgp_notice_detail:1787932361464709000:331b186e680f823a4f29c92d64ddce5b1e86366b0e14d7611e3212104bbb921e
403321,403182,monthly,2026-08-06,2026-08-06 15:57:49-04:00,2026-08-24,2026-08-30,Station 860 North (Segment 860 BH),860,BH,1846000,1530000,-316000,344000,Sta 563: Unit 1A - Annual Inspection & Safety Device Check (8/24/2026 - 8/26/2026) Sta 563: Unit 2A - Annual Inspection/CAV (8/26/2026 - 8/28/2026) Sta 860: Unit 1A - Aftercooler Jacket Water Inspection (6/17/2025 - 12/31/2026),km_tgp_notice_detail:1787932357163476000:a45d8a8743bfa23ad8736d661a3824697a54515dfb0438b0c2094a2c6efc8c1d,km_tgp_notice_detail:1787932361464709000:331b186e680f823a4f29c92d64ddce5b1e86366b0e14d7611e3212104bbb921e
403321,403182,monthly,2026-08-06,2026-08-06 15:57:49-04:00,2026-09-14,2026-09-20,Station 860 North (Segment 860 BH),860,BH,1530000,1846000,316000,28000,Sta 860: Unit 1A - Aftercooler Jacket Water Inspection (6/17/2025 - 12/31/2026) Sta 860: Unit 1B - Replace Turbocharger (8/31/2026 - 9/4/2026),km_tgp_notice_detail:1787932357163476000:a45d8a8743bfa23ad8736d661a3824697a54515dfb0438b0c2094a2c6efc8c1d,km_tgp_notice_detail:1787932361464709000:331b186e680f823a4f29c92d64ddce5b1e86366b0e14d7611e3212104bbb921e
403321,403182,monthly,2026-08-06,2026-08-06 15:57:49-04:00,2026-10-26,2026-11-01,Station 110 (segment 187 BH) (south thru Kentucky),187,BH,2067000,1802000,-265000,883000,MLV 104-3 to MLV 106-3S: HDD at Kentucky River (10/1/2026 - 10/5/2026) MLV 109-3A to MLV 110-3: Pipe Replacement (9/16/2026 - 9/30/2026) MLV 110-2 to MLV 114-2: CAO - Force Majeure (M) (7/14/2026 - 12/31/2026) MLV 54-3 to MLV 106-3: Emergent Repair - CAO (2/26/2026 - 12/31/2026) MLV 97-3 to MLV 106-3: Pig Run - Cleaning / Gauge (10/27/2026) MLV 97-3 to MLV 106-3: Pig Run - MFL-S (10/29/2026) Sta 87: Unit 3D - Power side Overhaul (6/22/2026 - 9/30/2026) Sta 875: Unit 1A- 8K Solar Turbine Inspection (10/27/2026 - 10/29/2026) Sta 96: Unit 2D Replace Compressor Valves (10/12/2026 - 10/15/2026),km_tgp_notice_detail:1787932357163476000:a45d8a8743bfa23ad8736d661a3824697a54515dfb0438b0c2094a2c6efc8c1d,km_tgp_notice_detail:1787932361464709000:331b186e680f823a4f29c92d64ddce5b1e86366b0e14d7611e3212104bbb921e
403321,403182,monthly,2026-08-06,2026-08-06 15:57:49-04:00,2026-09-21,2026-09-27,Station 110 (segment 187 BH) (south thru Kentucky),187,BH,2422000,2175000,-247000,510000,MLV 104-1 to MLV 105-1: Anomaly Remediation (8/6/2026 - 9/12/2026) MLV 105-1 to MLV 105-1A: Anomaly Remediation (9/14/2026 - 9/25/2026) MLV 109-3A to MLV 110-3: Pipe Replacement (9/16/2026 - 9/30/2026) MLV 109-4 to MLV 110-4: Pipe Replacement (8/10/2026 - 8/31/2026) MLV 109-5 to MLV 109-5A: Pipe Replacement (9/1/2026 - 9/15/2026) MLV 109-5A to MLV 110-5: Pipe Replacement (9/1/2026 - 9/15/2026) MLV 110-2 to MLV 114-2: CAO - Force Majeure (M) (7/14/2026 - 12/31/2026) MLV 54-3 to MLV 106-3: Emergent Repair - CAO (2/26/2026 - 12/31/2026) MLV 93-4 to MLV 94-4: Anomaly Remediation (M) (9/14/2026 - 9/21/2026) MLV 96-3BR to MLV 96-3BL: Spike Test (7/27/2026 - 8/31/2026) Sta 106: Unit 2D - 4K Solar Turbine Inspection (9/16/2026 - 9/18/2026) Sta 87: Unit 3D - Power side Overhaul (6/22/2026 - 9/30/2026) Sta 871 Campbellsville: Annual ESD Test (9/1/2026) Sta 871: Unit 3A - Engine Maintenance (8/24/2026 - 9/11/2026),km_tgp_notice_detail:1787932357163476000:a45d8a8743bfa23ad8736d661a3824697a54515dfb0438b0c2094a2c6efc8c1d,km_tgp_notice_detail:1787932361464709000:331b186e680f823a4f29c92d64ddce5b1e86366b0e14d7611e3212104bbb921e
403321,403182,monthly,2026-08-06,2026-08-06 15:57:49-04:00,2026-09-14,2026-09-20,Station 110 (segment 187 BH) (south thru Kentucky),187,BH,2405000,2173000,-232000,512000,MLV 104-1 to MLV 105-1: Anomaly Remediation (8/6/2026 - 9/12/2026) MLV 105-1 to MLV 105-1A: Anomaly Remediation (9/14/2026 - 9/25/2026) MLV 109-3A to MLV 110-3: Pipe Replacement (9/16/2026 - 9/30/2026) MLV 109-4 to MLV 110-4: Pipe Replacement (8/10/2026 - 8/31/2026) MLV 109-5 to MLV 109-5A: Pipe Replacement (9/1/2026 - 9/15/2026) MLV 109-5A to MLV 110-5: Pipe Replacement (9/1/2026 - 9/15/2026) MLV 110-2 to MLV 114-2: CAO - Force Majeure (M) (7/14/2026 - 12/31/2026) MLV 54-3 to MLV 106-3: Emergent Repair - CAO (2/26/2026 - 12/31/2026) MLV 93-4 to MLV 94-4: Anomaly Remediation (M) (9/14/2026 - 9/21/2026) MLV 96-3BR to MLV 96-3BL: Spike Test (7/27/2026 - 8/31/2026) Sta 106: Unit 2D - 4K Solar Turbine Inspection (9/16/2026 - 9/18/2026) Sta 87: Unit 3D - Power side Overhaul (6/22/2026 - 9/30/2026) Sta 871 Campbellsville: Annual ESD Test (9/1/2026) Sta 871: Unit 3A - Engine Maintenance (8/24/2026 - 9/11/2026),km_tgp_notice_detail:1787932357163476000:a45d8a8743bfa23ad8736d661a3824697a54515dfb0438b0c2094a2c6efc8c1d,km_tgp_notice_detail:1787932361464709000:331b186e680f823a4f29c92d64ddce5b1e86366b0e14d7611e3212104bbb921e
403321,403182,monthly,2026-08-06,2026-08-06 15:57:49-04:00,2026-09-07,2026-09-13,Station 9 (segment 109 BH),109,BH,1027000,835000,-192000,192000,MLV 2-2 to MLV 3-2: Anomaly Remediation (9/2/2026 - 9/11/2026) MLV 4-2 to MLV 5-2: Anomaly Remediation (8/24/2026 - 9/1/2026),km_tgp_notice_detail:1787932357163476000:a45d8a8743bfa23ad8736d661a3824697a54515dfb0438b0c2094a2c6efc8c1d,km_tgp_notice_detail:1787932361464709000:331b186e680f823a4f29c92d64ddce5b1e86366b0e14d7611e3212104bbb921e
403321,403182,monthly,2026-08-06,2026-08-06 15:57:49-04:00,2026-08-31,2026-09-06,Station 9 (segment 109 BH),109,BH,1027000,835000,-192000,192000,MLV 2-2 to MLV 3-2: Anomaly Remediation (9/2/2026 - 9/11/2026) MLV 4-2 to MLV 5-2: Anomaly Remediation (8/24/2026 - 9/1/2026),km_tgp_notice_detail:1787932357163476000:a45d8a8743bfa23ad8736d661a3824697a54515dfb0438b0c2094a2c6efc8c1d,km_tgp_notice_detail:1787932361464709000:331b186e680f823a4f29c92d64ddce5b1e86366b0e14d7611e3212104bbb921e
403321,403182,monthly,2026-08-06,2026-08-06 15:57:49-04:00,2026-09-07,2026-09-13,Station 261 Discharge East (segment 261 FH),261,FH,888000,715000,-173000,173000,Sta 264 Charlton: Annual ESD Test (9/23/2026 - 9/24/2026) Sta 264 Charlton: Unit 1C - Engine Maintenance (9/8/2026 - 10/9/2026),km_tgp_notice_detail:1787932357163476000:a45d8a8743bfa23ad8736d661a3824697a54515dfb0438b0c2094a2c6efc8c1d,km_tgp_notice_detail:1787932361464709000:331b186e680f823a4f29c92d64ddce5b1e86366b0e14d7611e3212104bbb921e
403321,403182,monthly,2026-08-06,2026-08-06 15:57:49-04:00,2026-09-14,2026-09-20,Station 261 Discharge East (segment 261 FH),261,FH,888000,715000,-173000,173000,Sta 264 Charlton: Annual ESD Test (9/23/2026 - 9/24/2026) Sta 264 Charlton: Unit 1C - Engine Maintenance (9/8/2026 - 10/9/2026),km_tgp_notice_detail:1787932357163476000:a45d8a8743bfa23ad8736d661a3824697a54515dfb0438b0c2094a2c6efc8c1d,km_tgp_notice_detail:1787932361464709000:331b186e680f823a4f29c92d64ddce5b1e86366b0e14d7611e3212104bbb921e
403321,403182,monthly,2026-08-06,2026-08-06 15:57:49-04:00,2026-10-05,2026-10-11,Station 261 Discharge East (segment 261 FH),261,FH,888000,715000,-173000,173000,Sta 261 Agawam: Annual ESD test (M) (9/28/2026 - 10/2/2026) Sta 264 Charlton: Unit 1C - Engine Maintenance (9/8/2026 - 10/9/2026) Sta 264: Oil System (10/12/2026 - 10/16/2026),km_tgp_notice_detail:1787932357163476000:a45d8a8743bfa23ad8736d661a3824697a54515dfb0438b0c2094a2c6efc8c1d,km_tgp_notice_detail:1787932361464709000:331b186e680f823a4f29c92d64ddce5b1e86366b0e14d7611e3212104bbb921e
403321,403182,monthly,2026-08-06,2026-08-06 15:57:49-04:00,2026-08-17,2026-08-23,Station 110 (segment 187 BH) (south thru Kentucky),187,BH,2246000,2150000,-96000,535000,MLV 104-1 to MLV 105-1: Anomaly Remediation (8/6/2026 - 9/12/2026) MLV 109-4 to 110-4: Valve Installation & Crossover Work (8/10/2026 - 8/24/2026) MLV 109-4 to MLV 110-4: Pipe Replacement (8/10/2026 - 8/31/2026) MLV 110-2 to MLV 114-2: CAO - Force Majeure (M) (7/14/2026 - 12/31/2026) MLV 54-3 to MLV 106-3: Emergent Repair - CAO (2/26/2026 - 12/31/2026) MLV 87-3 to MLV 96-3: Pig Run - Cleaning / Gauge (8/25/2026) MLV 87-3 to MLV 96-3: Pig Run - EMAT (8/27/2026) MLV 96-3BR to MLV 96-3BL: Spike Test (7/27/2026 - 8/31/2026) Sta 106: Unit 1D - 4K Solar Turbine Inspection (8/18/2026 - 8/20/2026) Sta 110: Install ESD Silence Covers (8/24/2026 - 8/28/2026) Sta 87: Unit 3D - Power side Overhaul (6/22/2026 - 9/30/2026) Sta 871: Unit 3A - Engine Maintenance (8/24/2026 - 9/11/2026) Sta 87 Portland: Annual ESD Test (8/18/2026 - 8/19/2026),km_tgp_notice_detail:1787932357163476000:a45d8a8743bfa23ad8736d661a3824697a54515dfb0438b0c2094a2c6efc8c1d,km_tgp_notice_detail:1787932361464709000:331b186e680f823a4f29c92d64ddce5b1e86366b0e14d7611e3212104bbb921e
403321,403182,monthly,2026-08-06,2026-08-06 15:57:49-04:00,2026-08-24,2026-08-30,Station 9 (segment 109 BH),109,BH,1027000,970000,-57000,57000,MLV 4-2 to MLV 5-2: Anomaly Remediation (8/24/2026 - 9/1/2026) MLV 5-2 to MLV 1-2D: Pig Run - Cleaning Gauge (M) (8/17/2026) MLV 5-2 to MLV 1-2D: Pig Run - Cleaning Gauge (M) (8/18/2026) MLV 5-2 to MLV 1-2D: Pig Run - Cleaning Gauge (M) (8/19/2026) MLV 5-2 to MLV 1-2D: Pig Run - TDW MDS (M) (8/20/2026),km_tgp_notice_detail:1787932357163476000:a45d8a8743bfa23ad8736d661a3824697a54515dfb0438b0c2094a2c6efc8c1d,km_tgp_notice_detail:1787932361464709000:331b186e680f823a4f29c92d64ddce5b1e86366b0e14d7611e3212104bbb921e
403321,403182,monthly,2026-08-06,2026-08-06 15:57:49-04:00,2026-09-28,2026-10-04,Station 261 Discharge East (segment 261 FH),261,FH,495000,500000,5000,388000,Sta 261 Agawam: Annual ESD test (M) (9/28/2026 - 10/2/2026) Sta 264 Charlton: Unit 1C - Engine Maintenance (9/8/2026 - 10/9/2026) Sta 264: Oil System (10/12/2026 - 10/16/2026),km_tgp_notice_detail:1787932357163476000:a45d8a8743bfa23ad8736d661a3824697a54515dfb0438b0c2094a2c6efc8c1d,km_tgp_notice_detail:1787932361464709000:331b186e680f823a4f29c92d64ddce5b1e86366b0e14d7611e3212104bbb921e
403182,402992,monthly,2026-07-30,2026-07-31 15:43:25-04:00,2026-09-21,2026-09-27,Station 307 (segment 307 BH),307,BH,1153000,765000,-388000,388000,Sta 219: Annual ESD Test & Scrubber Maintenance (9/21/2026 - 9/26/2026),km_tgp_notice_detail:1787932361464709000:331b186e680f823a4f29c92d64ddce5b1e86366b0e14d7611e3212104bbb921e,km_tgp_notice_detail:1787932370736954000:4e77d98a0e2e98af313f56eb80b85994d001475a2e85e6cbe14568f0d0d96487
403182,402992,monthly,2026-07-30,2026-07-31 15:43:25-04:00,2026-08-17,2026-08-23,Station 307 (segment 307 BH),307,BH,765000,1153000,388000,0,Sta 307 (Pigeon): MLV Operators / Air Comp Install / Fuel Skid (8/24/2026 - 8/28/2026),km_tgp_notice_detail:1787932361464709000:331b186e680f823a4f29c92d64ddce5b1e86366b0e14d7611e3212104bbb921e,km_tgp_notice_detail:1787932370736954000:4e77d98a0e2e98af313f56eb80b85994d001475a2e85e6cbe14568f0d0d96487
403182,402992,monthly,2026-07-30,2026-07-31 15:43:25-04:00,2026-10-12,2026-10-18,Station 534 South of Pool (segment 530 BH),530,BH,1550000,1175000,-375000,375000,Sta 529: Unit 1A - Solar Inspection (10/12/2026 - 10/15/2026),km_tgp_notice_detail:1787932361464709000:331b186e680f823a4f29c92d64ddce5b1e86366b0e14d7611e3212104bbb921e,km_tgp_notice_detail:1787932370736954000:4e77d98a0e2e98af313f56eb80b85994d001475a2e85e6cbe14568f0d0d96487
403182,402992,monthly,2026-07-30,2026-07-31 15:43:25-04:00,2026-10-05,2026-10-11,Station 534 South of Pool (segment 530 BH),530,BH,1175000,1550000,375000,0,Sta 529: Unit 1A - Solar Inspection (10/12/2026 - 10/15/2026),km_tgp_notice_detail:1787932361464709000:331b186e680f823a4f29c92d64ddce5b1e86366b0e14d7611e3212104bbb921e,km_tgp_notice_detail:1787932370736954000:4e77d98a0e2e98af313f56eb80b85994d001475a2e85e6cbe14568f0d0d96487
403182,402992,monthly,2026-07-30,2026-07-31 15:43:25-04:00,2026-08-24,2026-08-30,MLV 324 (segment 324 FH),324,FH,1700000,1355000,-345000,412000,MLV 324-1 to MLV 324-1A: Anomaly Remediation (8/24/2026 - 8/29/2026) Sta 325: Station Outage (8/26/2026 - 8/28/2026),km_tgp_notice_detail:1787932361464709000:331b186e680f823a4f29c92d64ddce5b1e86366b0e14d7611e3212104bbb921e,km_tgp_notice_detail:1787932370736954000:4e77d98a0e2e98af313f56eb80b85994d001475a2e85e6cbe14568f0d0d96487
403182,402992,monthly,2026-07-30,2026-07-31 15:43:25-04:00,2026-10-26,2026-11-01,Station 245 (segment 245 FH),245,FH,470000,765000,295000,221000,Sta 245: Unit 1A & 2A - Exhaust System & HP Fuel (4/27/2026 - 11/1/2026) Sta 245-1 to MLV 249-1: Pig Run - EMAT (10/28/2026),km_tgp_notice_detail:1787932361464709000:331b186e680f823a4f29c92d64ddce5b1e86366b0e14d7611e3212104bbb921e,km_tgp_notice_detail:1787932370736954000:4e77d98a0e2e98af313f56eb80b85994d001475a2e85e6cbe14568f0d0d96487
403182,402992,monthly,2026-07-30,2026-07-31 15:43:25-04:00,2026-08-17,2026-08-23,Station 63 (segment 163 FH),163,FH,1117000,901000,-216000,341000,MLV 54-3 to MLV 106-3: Emergent Repair - CAO (2/26/2026 - 12/31/2026) MLV 77-3 to MLV 77-3A: Pipe Replacements (8/6/2026 - 8/17/2026),km_tgp_notice_detail:1787932361464709000:331b186e680f823a4f29c92d64ddce5b1e86366b0e14d7611e3212104bbb921e,km_tgp_notice_detail:1787932370736954000:4e77d98a0e2e98af313f56eb80b85994d001475a2e85e6cbe14568f0d0d96487
403182,402992,monthly,2026-07-30,2026-07-31 15:43:25-04:00,2026-08-24,2026-08-30,Station 245 (segment 245 FH),245,FH,970000,765000,-205000,221000,Sta 245: Unit 1A & 2A - Exhaust System & HP Fuel (4/27/2026 - 11/1/2026) Sta 245-1 to MLV 249-1: Pig Re-Run - Cal/IMU (8/26/2026),km_tgp_notice_detail:1787932361464709000:331b186e680f823a4f29c92d64ddce5b1e86366b0e14d7611e3212104bbb921e,km_tgp_notice_detail:1787932370736954000:4e77d98a0e2e98af313f56eb80b85994d001475a2e85e6cbe14568f0d0d96487
403182,402992,monthly,2026-07-30,2026-07-31 15:43:25-04:00,2026-09-07,2026-09-13,Station 1 (segment 101 BH),101,BH,300000,399000,99000,0,MLV 1-1D to MLV 5-1: Spike Test (M) (9/21/2026 - 11/2/2026),km_tgp_notice_detail:1787932361464709000:331b186e680f823a4f29c92d64ddce5b1e86366b0e14d7611e3212104bbb921e,km_tgp_notice_detail:1787932370736954000:4e77d98a0e2e98af313f56eb80b85994d001475a2e85e6cbe14568f0d0d96487
403182,402992,monthly,2026-07-30,2026-07-31 15:43:25-04:00,2026-08-31,2026-09-06,Station 1 (segment 101 BH),101,BH,300000,399000,99000,0,MLV 1-1D to MLV 5-1: Spike Test (M) (9/21/2026 - 11/2/2026),km_tgp_notice_detail:1787932361464709000:331b186e680f823a4f29c92d64ddce5b1e86366b0e14d7611e3212104bbb921e,km_tgp_notice_detail:1787932370736954000:4e77d98a0e2e98af313f56eb80b85994d001475a2e85e6cbe14568f0d0d96487
403182,402992,monthly,2026-07-30,2026-07-31 15:43:25-04:00,2026-09-14,2026-09-20,Station 1 (segment 101 BH),101,BH,300000,399000,99000,0,MLV 1-1D to MLV 5-1: Spike Test (M) (9/21/2026 - 11/2/2026),km_tgp_notice_detail:1787932361464709000:331b186e680f823a4f29c92d64ddce5b1e86366b0e14d7611e3212104bbb921e,km_tgp_notice_detail:1787932370736954000:4e77d98a0e2e98af313f56eb80b85994d001475a2e85e6cbe14568f0d0d96487
403182,402992,monthly,2026-07-30,2026-07-31 15:43:25-04:00,2026-08-10,2026-08-16,Station 17 (segment 117 FH),117,FH,969000,900000,-69000,222000,MLV 19-1 TO MLV 20-1A: Pipe Replacement (M) (8/6/2026 - 9/15/2026) MLV 26-3 Relocation: Highway 59 Widening (M) (8/4/2026 - 8/20/2026),km_tgp_notice_detail:1787932361464709000:331b186e680f823a4f29c92d64ddce5b1e86366b0e14d7611e3212104bbb921e,km_tgp_notice_detail:1787932370736954000:4e77d98a0e2e98af313f56eb80b85994d001475a2e85e6cbe14568f0d0d96487
403182,402992,monthly,2026-07-30,2026-07-31 15:43:25-04:00,2026-08-17,2026-08-23,Station 17 (segment 117 FH),117,FH,969000,900000,-69000,222000,MLV 19-1 TO MLV 20-1A: Pipe Replacement (M) (8/6/2026 - 9/15/2026) MLV 26-3 Relocation: Highway 59 Widening (M) (8/4/2026 - 8/20/2026),km_tgp_notice_detail:1787932361464709000:331b186e680f823a4f29c92d64ddce5b1e86366b0e14d7611e3212104bbb921e,km_tgp_notice_detail:1787932370736954000:4e77d98a0e2e98af313f56eb80b85994d001475a2e85e6cbe14568f0d0d96487
403182,402992,monthly,2026-07-30,2026-07-31 15:43:25-04:00,2026-08-10,2026-08-16,Station 860 (segment 548 BH),548,BH,1375000,1390000,15000,203000,MLV 539-2 to MLV 540-2: Anomaly Remediation (8/13/2026 - 8/22/2026) Sta 542 Dekalb: Annual ESD Test (8/25/2026 - 8/27/2026) Sta 542: Unit 2A - Emergent Repair (4/7/2026 - 9/30/2026) Sta 542: Unit 3A - Emergent Repair (3/26/2026 - 8/31/2026) Sta 546: Unit 6A - Turbo Replacment (7/8/2026 - 8/14/2026) Sta 546: Unit 7A - Metal in Oil (7/14/2025 - 8/31/2026) Sta 555: Unit 1B - Hot Gas Path (8/10/2026 - 9/18/2026),km_tgp_notice_detail:1787932361464709000:331b186e680f823a4f29c92d64ddce5b1e86366b0e14d7611e3212104bbb921e,km_tgp_notice_detail:1787932370736954000:4e77d98a0e2e98af313f56eb80b85994d001475a2e85e6cbe14568f0d0d96487
403182,402992,monthly,2026-07-30,2026-07-31 15:43:25-04:00,2026-08-31,2026-09-06,Station 860 (segment 548 BH),548,BH,1375000,1390000,15000,203000,"MLV 546-2 to MLV 547-2: Line Recoat (9/8/2026 - 9/10/2026) Sta 542: Unit 2A - Emergent Repair (4/7/2026 - 9/30/2026) Sta 542: Unit 3A - Emergent Repair (3/26/2026 - 8/31/2026) Sta 546: Annual ESD Tests & Maintenance (9/7/2026 - 9/11/2026) Sta 546: Unit 7A - Metal in Oil (7/14/2025 - 8/31/2026) Sta 555: Scrubber/Filter/Separator Clean, Inspect & Filter Change (9/14/2026) Sta 555: Unit 1B - Hot Gas Path (8/10/2026 - 9/18/2026)",km_tgp_notice_detail:1787932361464709000:331b186e680f823a4f29c92d64ddce5b1e86366b0e14d7611e3212104bbb921e,km_tgp_notice_detail:1787932370736954000:4e77d98a0e2e98af313f56eb80b85994d001475a2e85e6cbe14568f0d0d96487
403182,402992,monthly,2026-07-30,2026-07-31 15:43:25-04:00,2026-08-17,2026-08-23,Station 860 (segment 548 BH),548,BH,1375000,1390000,15000,203000,MLV 539-2 to MLV 540-2: Anomaly Remediation (8/13/2026 - 8/22/2026) Sta 542 Dekalb: Annual ESD Test (8/25/2026 - 8/27/2026) Sta 542: Unit 2A - Emergent Repair (4/7/2026 - 9/30/2026) Sta 542: Unit 3A - Emergent Repair (3/26/2026 - 8/31/2026) Sta 546: Unit 6A - Turbo Replacment (7/8/2026 - 8/14/2026) Sta 546: Unit 7A - Metal in Oil (7/14/2025 - 8/31/2026) Sta 555: Unit 1B - Hot Gas Path (8/10/2026 - 9/18/2026),km_tgp_notice_detail:1787932361464709000:331b186e680f823a4f29c92d64ddce5b1e86366b0e14d7611e3212104bbb921e,km_tgp_notice_detail:1787932370736954000:4e77d98a0e2e98af313f56eb80b85994d001475a2e85e6cbe14568f0d0d96487
403182,402992,monthly,2026-07-30,2026-07-31 15:43:25-04:00,2026-08-24,2026-08-30,Station 110 (segment 187 BH) (south thru Kentucky),187,BH,1887000,1882000,-5000,803000,MLV 102-1 to MLV 103-1: Anomaly Remediation (7/29/2026 - 8/10/2026) MLV 104-1 to MLV 105-1: Anomaly Remediation (8/12/2026 - 9/12/2026) MLV 109-4 to 110-4: Valve Installation & Crossover Work (8/10/2026 - 8/24/2026) MLV 109-4 to MLV 110-4: Pipe Replacement (8/10/2026 - 8/31/2026) MLV 110-2 to MLV 114-2: CAO - Force Majeure (M) (7/14/2026 - 12/31/2026) MLV 54-3 to MLV 106-3: Emergent Repair - CAO (2/26/2026 - 12/31/2026) MLV 87-3 to MLV 96-3: Pig Run - Cleaning / Gauge (8/25/2026) MLV 87-3 to MLV 96-3: Pig Run - EMAT (8/27/2026) MLV 96-3BR to MLV 96-3BL: Spike Test (7/27/2026 - 8/31/2026) Sta 106: Unit 1D - 4K Solar Turbine Inspection (8/18/2026 - 8/20/2026) Sta 110: Install ESD Silence Covers (8/24/2026 - 8/28/2026) Sta 87: Unit 3D - Power side Overhaul (6/22/2026 - 9/30/2026) Sta 871: Unit 3A - Engine Maintenance (8/24/2026 - 9/11/2026) Sta 875: Unit 1A- 8K Solar Turbine Inspection (8/17/2026 - 8/21/2026),km_tgp_notice_detail:1787932361464709000:331b186e680f823a4f29c92d64ddce5b1e86366b0e14d7611e3212104bbb921e,km_tgp_notice_detail:1787932370736954000:4e77d98a0e2e98af313f56eb80b85994d001475a2e85e6cbe14568f0d0d96487
403182,402992,monthly,2026-07-30,2026-07-31 15:43:25-04:00,2026-08-24,2026-08-30,Station 860 (segment 548 BH),548,BH,1185000,1190000,5000,403000,MLV 539-2 to MLV 540-2: Anomaly Remediation (8/13/2026 - 8/22/2026) Sta 542 Dekalb: Annual ESD Test (8/25/2026 - 8/27/2026) Sta 542: Unit 2A - Emergent Repair (4/7/2026 - 9/30/2026) Sta 542: Unit 3A - Emergent Repair (3/26/2026 - 8/31/2026) Sta 546: Unit 6A - Turbo Replacment (7/8/2026 - 8/14/2026) Sta 546: Unit 7A - Metal in Oil (7/14/2025 - 8/31/2026) Sta 555: Unit 1B - Hot Gas Path (8/10/2026 - 9/18/2026),km_tgp_notice_detail:1787932361464709000:331b186e680f823a4f29c92d64ddce5b1e86366b0e14d7611e3212104bbb921e,km_tgp_notice_detail:1787932370736954000:4e77d98a0e2e98af313f56eb80b85994d001475a2e85e6cbe14568f0d0d96487
403182,402992,monthly,2026-07-30,2026-07-31 15:43:25-04:00,2026-09-21,2026-09-27,Station 110 (segment 187 BH) (south thru Kentucky),187,BH,2425000,2422000,-3000,263000,MLV 104-1 to MLV 105-1: Anomaly Remediation (8/12/2026 - 9/12/2026) MLV 105-1 to MLV 105-1A: Anomaly Remediation (9/14/2026 - 9/25/2026) MLV 109-3A to MLV 110-3: Pipe Replacement (9/16/2026 - 9/30/2026) MLV 109-4 to MLV 110-4: Pipe Replacement (8/10/2026 - 8/31/2026) MLV 109-5 to MLV 109-5A: Pipe Replacement (9/1/2026 - 9/15/2026) MLV 109-5A to MLV 110-5: Pipe Replacement (9/1/2026 - 9/15/2026) MLV 110-2 to MLV 114-2: CAO - Force Majeure (M) (7/14/2026 - 12/31/2026) MLV 54-3 to MLV 106-3: Emergent Repair - CAO (2/26/2026 - 12/31/2026) MLV 96-3BR to MLV 96-3BL: Spike Test (7/27/2026 - 8/31/2026) Sta 106: Unit 2D - 4K Solar Turbine Inspection (9/16/2026 - 9/18/2026) Sta 87: Unit 3D - Power side Overhaul (6/22/2026 - 9/30/2026) Sta 871 Campbellsville: Annual ESD Test (9/1/2026) Sta 871: Unit 3A - Engine Maintenance (8/24/2026 - 9/11/2026),km_tgp_notice_detail:1787932361464709000:331b186e680f823a4f29c92d64ddce5b1e86366b0e14d7611e3212104bbb921e,km_tgp_notice_detail:1787932370736954000:4e77d98a0e2e98af313f56eb80b85994d001475a2e85e6cbe14568f0d0d96487
403182,402992,monthly,2026-07-30,2026-07-31 15:43:25-04:00,2026-09-14,2026-09-20,Station 110 (segment 187 BH) (south thru Kentucky),187,BH,2408000,2405000,-3000,280000,MLV 104-1 to MLV 105-1: Anomaly Remediation (8/12/2026 - 9/12/2026) MLV 105-1 to MLV 105-1A: Anomaly Remediation (9/14/2026 - 9/25/2026) MLV 109-3A to MLV 110-3: Pipe Replacement (9/16/2026 - 9/30/2026) MLV 109-4 to MLV 110-4: Pipe Replacement (8/10/2026 - 8/31/2026) MLV 109-5 to MLV 109-5A: Pipe Replacement (9/1/2026 - 9/15/2026) MLV 109-5A to MLV 110-5: Pipe Replacement (9/1/2026 - 9/15/2026) MLV 110-2 to MLV 114-2: CAO - Force Majeure (M) (7/14/2026 - 12/31/2026) MLV 54-3 to MLV 106-3: Emergent Repair - CAO (2/26/2026 - 12/31/2026) MLV 96-3BR to MLV 96-3BL: Spike Test (7/27/2026 - 8/31/2026) Sta 106: Unit 2D - 4K Solar Turbine Inspection (9/16/2026 - 9/18/2026) Sta 87: Unit 3D - Power side Overhaul (6/22/2026 - 9/30/2026) Sta 871 Campbellsville: Annual ESD Test (9/1/2026) Sta 871: Unit 3A - Engine Maintenance (8/24/2026 - 9/11/2026),km_tgp_notice_detail:1787932361464709000:331b186e680f823a4f29c92d64ddce5b1e86366b0e14d7611e3212104bbb921e,km_tgp_notice_detail:1787932370736954000:4e77d98a0e2e98af313f56eb80b85994d001475a2e85e6cbe14568f0d0d96487
403182,402992,monthly,2026-07-30,2026-07-31 15:43:25-04:00,2026-08-31,2026-09-06,Station 110 (segment 187 BH) (south thru Kentucky),187,BH,2112000,2113000,1000,572000,MLV 104-1 to MLV 105-1: Anomaly Remediation (8/12/2026 - 9/12/2026) MLV 105-1 to MLV 105-1A: Anomaly Remediation (9/14/2026 - 9/25/2026) MLV 109-3A to MLV 110-3: Pipe Replacement (9/16/2026 - 9/30/2026) MLV 109-4 to MLV 110-4: Pipe Replacement (8/10/2026 - 8/31/2026) MLV 109-5 to MLV 109-5A: Pipe Replacement (9/1/2026 - 9/15/2026) MLV 109-5A to MLV 110-5: Pipe Replacement (9/1/2026 - 9/15/2026) MLV 110-2 to MLV 114-2: CAO - Force Majeure (M) (7/14/2026 - 12/31/2026) MLV 54-3 to MLV 106-3: Emergent Repair - CAO (2/26/2026 - 12/31/2026) MLV 96-3BR to MLV 96-3BL: Spike Test (7/27/2026 - 8/31/2026) Sta 106: Unit 2D - 4K Solar Turbine Inspection (9/16/2026 - 9/18/2026) Sta 87: Unit 3D - Power side Overhaul (6/22/2026 - 9/30/2026) Sta 871 Campbellsville: Annual ESD Test (9/1/2026) Sta 871: Unit 3A - Engine Maintenance (8/24/2026 - 9/11/2026),km_tgp_notice_detail:1787932361464709000:331b186e680f823a4f29c92d64ddce5b1e86366b0e14d7611e3212104bbb921e,km_tgp_notice_detail:1787932370736954000:4e77d98a0e2e98af313f56eb80b85994d001475a2e85e6cbe14568f0d0d96487
402992,402843,monthly,2026-07-23,2026-07-23 15:42:45-04:00,2026-08-31,2026-09-06,Station 110 (segment 187 BH) (south thru Kentucky),187,BH,1655000,2112000,457000,573000,MLV 104-1 to MLV 105-1: Anomaly Remediation (8/6/2026 - 9/6/2026) MLV 105-1 to MLV 105-1A: Anomaly Remediation (9/7/2026 - 9/12/2026) MLV 109-3A to MLV 110-3: Pipe Replacement (9/10/2026 - 9/24/2026) MLV 109-5 to MLV 109-5A: Pipe Replacement (8/26/2026 - 9/9/2026) MLV 109-5A to MLV 110-5: Pipe Replacement (8/26/2026 - 9/9/2026) MLV 110-2 to MLV 114-2: CAO - Force Majeure (M) (7/14/2026 - 12/31/2026) MLV 54-3 to MLV 106-3: Emergent Repair - CAO (2/26/2026 - 12/31/2026) MLV 96-3BR to MLV 96-3BL: Spike Test (7/27/2026 - 8/31/2026) Sta 106: Unit 2D - 4K Solar Turbine Inspection (9/16/2026 - 9/18/2026) Sta 87: Unit 3D - Power side Overhaul (6/22/2026 - 9/30/2026) Sta 871 Campbellsville: Annual ESD Test (9/1/2026) Sta 871: Unit 3A - Engine Maintenance (8/24/2026 - 9/11/2026),km_tgp_notice_detail:1787932370736954000:4e77d98a0e2e98af313f56eb80b85994d001475a2e85e6cbe14568f0d0d96487,km_tgp_notice_detail:1787932379861928000:23741b66d7407ab1b0aa02cbf87f8ad866a92ac7c4970e9018c70e03306c4863
402992,402843,monthly,2026-07-23,2026-07-23 15:42:45-04:00,2026-08-24,2026-08-30,MLV 548 (segment 542 BH),542,BH,1240000,1647000,407000,0,,km_tgp_notice_detail:1787932370736954000:4e77d98a0e2e98af313f56eb80b85994d001475a2e85e6cbe14568f0d0d96487,km_tgp_notice_detail:1787932379861928000:23741b66d7407ab1b0aa02cbf87f8ad866a92ac7c4970e9018c70e03306c4863
402992,402843,monthly,2026-07-23,2026-07-23 15:42:45-04:00,2026-09-21,2026-09-27,Station 245 (segment 245 FH),245,FH,970000,680000,-290000,306000,Sta 245: Bldg A & B - Remove Unit Valves (9/21/2026 - 9/25/2026) Sta 245: Unit 1A & 2A - Exhaust System & HP Fuel (4/27/2026 - 11/1/2026),km_tgp_notice_detail:1787932370736954000:4e77d98a0e2e98af313f56eb80b85994d001475a2e85e6cbe14568f0d0d96487,km_tgp_notice_detail:1787932379861928000:23741b66d7407ab1b0aa02cbf87f8ad866a92ac7c4970e9018c70e03306c4863
402992,402843,monthly,2026-07-23,2026-07-23 15:42:45-04:00,2026-08-24,2026-08-30,Station 860 (segment 548 BH),548,BH,1460000,1185000,-275000,408000,Sta 542 Dekalb: Annual ESD Test (8/25/2026 - 8/27/2026) Sta 542: Unit 2A - Emergent Repair (4/7/2026 - 9/30/2026) Sta 542: Unit 3A - Emergent Repair (3/26/2026 - 8/31/2026) Sta 555: Unit 1B - Hot Gas Path (8/10/2026 - 9/18/2026) Sta 546: Unit 6A - Turbo Replacment (7/8/2026 - 8/14/2026),km_tgp_notice_detail:1787932370736954000:4e77d98a0e2e98af313f56eb80b85994d001475a2e85e6cbe14568f0d0d96487,km_tgp_notice_detail:1787932379861928000:23741b66d7407ab1b0aa02cbf87f8ad866a92ac7c4970e9018c70e03306c4863
402992,402843,monthly,2026-07-23,2026-07-23 15:42:45-04:00,2026-09-21,2026-09-27,MLV 324 (segment 324 FH),324,FH,1767000,1495000,-272000,272000,MLV 321-1L to MLV 322-1: Anomaly Remediation (8/31/2026 - 9/5/2026) Sta 323: Station Outage (9/21/2026 - 9/24/2026),km_tgp_notice_detail:1787932370736954000:4e77d98a0e2e98af313f56eb80b85994d001475a2e85e6cbe14568f0d0d96487,km_tgp_notice_detail:1787932379861928000:23741b66d7407ab1b0aa02cbf87f8ad866a92ac7c4970e9018c70e03306c4863
402992,402843,monthly,2026-07-23,2026-07-23 15:42:45-04:00,2026-08-31,2026-09-06,MLV 324 (segment 324 FH),324,FH,1767000,1515000,-252000,252000,MLV 321-1L to MLV 322-1: Anomaly Remediation (8/31/2026 - 9/5/2026) Sta 323: Station Outage (9/21/2026 - 9/24/2026),km_tgp_notice_detail:1787932370736954000:4e77d98a0e2e98af313f56eb80b85994d001475a2e85e6cbe14568f0d0d96487,km_tgp_notice_detail:1787932379861928000:23741b66d7407ab1b0aa02cbf87f8ad866a92ac7c4970e9018c70e03306c4863
402992,402843,monthly,2026-07-23,2026-07-23 15:42:45-04:00,2026-09-21,2026-09-27,Station 114 (segment 114 BH),114,BH,726000,907000,181000,0,Sta 119A: Unit 1A - Solar Turbine Inspection (9/14/2026 - 9/16/2026),km_tgp_notice_detail:1787932370736954000:4e77d98a0e2e98af313f56eb80b85994d001475a2e85e6cbe14568f0d0d96487,km_tgp_notice_detail:1787932379861928000:23741b66d7407ab1b0aa02cbf87f8ad866a92ac7c4970e9018c70e03306c4863
402992,402843,monthly,2026-07-23,2026-07-23 15:42:45-04:00,2026-08-31,2026-09-06,Station 114 (segment 114 BH),114,BH,726000,907000,181000,0,Sta 119A: Unit 1A - Solar Turbine Inspection (9/14/2026 - 9/16/2026),km_tgp_notice_detail:1787932370736954000:4e77d98a0e2e98af313f56eb80b85994d001475a2e85e6cbe14568f0d0d96487,km_tgp_notice_detail:1787932379861928000:23741b66d7407ab1b0aa02cbf87f8ad866a92ac7c4970e9018c70e03306c4863
402992,402843,monthly,2026-07-23,2026-07-23 15:42:45-04:00,2026-08-03,2026-08-09,Station 114 (segment 114 BH),114,BH,726000,907000,181000,0,MLV 117-3 to MLV 118-3: Special Permit Pipe Replacement (8/10/2026 - 8/30/2026) MLV 119-2 to MLV 119-2A: Special Permit Pipe Replacement (8/10/2026 - 8/30/2026),km_tgp_notice_detail:1787932370736954000:4e77d98a0e2e98af313f56eb80b85994d001475a2e85e6cbe14568f0d0d96487,km_tgp_notice_detail:1787932379861928000:23741b66d7407ab1b0aa02cbf87f8ad866a92ac7c4970e9018c70e03306c4863
402992,402843,monthly,2026-07-23,2026-07-23 15:42:45-04:00,2026-09-07,2026-09-13,Station 114 (segment 114 BH),114,BH,726000,907000,181000,0,Sta 119A: Unit 1A - Solar Turbine Inspection (9/14/2026 - 9/16/2026),km_tgp_notice_detail:1787932370736954000:4e77d98a0e2e98af313f56eb80b85994d001475a2e85e6cbe14568f0d0d96487,km_tgp_notice_detail:1787932379861928000:23741b66d7407ab1b0aa02cbf87f8ad866a92ac7c4970e9018c70e03306c4863
402992,402843,monthly,2026-07-23,2026-07-23 15:42:45-04:00,2026-08-17,2026-08-23,Station 110 (segment 187 BH) (south thru Kentucky),187,BH,2070000,2246000,176000,439000,MLV 104-1 to MLV 105-1: Anomaly Remediation (8/6/2026 - 9/6/2026) MLV 109-4 to 110-4: Valve Installation & Crossover Work (8/4/2026 - 8/18/2026) MLV 109-4 to MLV 110-4: Pipe Replacement (8/4/2026 - 8/25/2026) MLV 109-5 to MLV 109-5A: Pipe Replacement (8/26/2026 - 9/9/2026) MLV 109-5A to MLV 110-5: Pipe Replacement (8/26/2026 - 9/9/2026) MLV 109-7 to MLV 110-7: Pipe Replacement (7/7/2026 - 8/3/2026) MLV 110-2 to MLV 114-2: CAO - Force Majeure (M) (7/14/2026 - 12/31/2026) MLV 54-3 to MLV 106-3: Emergent Repair - CAO (2/26/2026 - 12/31/2026) MLV 87-3 to MLV 96-3: Pig Run - Cleaning / Gauge (8/25/2026) MLV 87-3 to MLV 96-3: Pig Run - EMAT (8/27/2026) MLV 96-3BR to MLV 96-3BL: Spike Test (7/27/2026 - 8/31/2026) Sta 106: Unit 1D - 4K Solar Turbine Inspection (8/18/2026 - 8/20/2026) Sta 110: Install ESD Silence Covers (8/24/2026 - 8/28/2026) Sta 87: Unit 3D - Power side Overhaul (6/22/2026 - 9/30/2026) Sta 871: Unit 1A - Emergent Repair (7/10/2026 - 8/7/2026) Sta 871: Unit 3A - Engine Maintenance (8/24/2026 - 9/11/2026) Sta 875: Unit 1A- 8K Solar Turbine Inspection (8/17/2026 - 8/21/2026) Sta 96: Unit 2D - Install Ball Grove Valve (8/3/2026 - 8/7/2026),km_tgp_notice_detail:1787932370736954000:4e77d98a0e2e98af313f56eb80b85994d001475a2e85e6cbe14568f0d0d96487,km_tgp_notice_detail:1787932379861928000:23741b66d7407ab1b0aa02cbf87f8ad866a92ac7c4970e9018c70e03306c4863
402992,402843,monthly,2026-07-23,2026-07-23 15:42:45-04:00,2026-08-17,2026-08-23,Station 25 (segment 125 FH),125,FH,925000,1078000,153000,0,,km_tgp_notice_detail:1787932370736954000:4e77d98a0e2e98af313f56eb80b85994d001475a2e85e6cbe14568f0d0d96487,km_tgp_notice_detail:1787932379861928000:23741b66d7407ab1b0aa02cbf87f8ad866a92ac7c4970e9018c70e03306c4863
402992,402843,monthly,2026-07-23,2026-07-23 15:42:45-04:00,2026-08-03,2026-08-09,Station 25 (segment 125 FH),125,FH,925000,1078000,153000,0,,km_tgp_notice_detail:1787932370736954000:4e77d98a0e2e98af313f56eb80b85994d001475a2e85e6cbe14568f0d0d96487,km_tgp_notice_detail:1787932379861928000:23741b66d7407ab1b0aa02cbf87f8ad866a92ac7c4970e9018c70e03306c4863
402992,402843,monthly,2026-07-23,2026-07-23 15:42:45-04:00,2026-08-10,2026-08-16,Station 25 (segment 125 FH),125,FH,925000,1078000,153000,0,,km_tgp_notice_detail:1787932370736954000:4e77d98a0e2e98af313f56eb80b85994d001475a2e85e6cbe14568f0d0d96487,km_tgp_notice_detail:1787932379861928000:23741b66d7407ab1b0aa02cbf87f8ad866a92ac7c4970e9018c70e03306c4863
402992,402843,monthly,2026-07-23,2026-07-23 15:42:45-04:00,2026-08-10,2026-08-16,Station 17 (segment 117 FH),117,FH,1100000,969000,-131000,153000,MLV 19-1 TO MLV 20-1A: Pipe Replacement (M) (8/6/2026 - 9/15/2026) MLV 19-3 TO MLV 20-3A: Pipe Replacement (M) (7/6/2026 - 8/3/2026) MLV 26-3 Relocation: Highway 59 Widening (M) (8/3/2026 - 8/20/2026),km_tgp_notice_detail:1787932370736954000:4e77d98a0e2e98af313f56eb80b85994d001475a2e85e6cbe14568f0d0d96487,km_tgp_notice_detail:1787932379861928000:23741b66d7407ab1b0aa02cbf87f8ad866a92ac7c4970e9018c70e03306c4863
402992,402843,monthly,2026-07-23,2026-07-23 15:42:45-04:00,2026-08-17,2026-08-23,Station 17 (segment 117 FH),117,FH,1100000,969000,-131000,153000,MLV 19-1 TO MLV 20-1A: Pipe Replacement (M) (8/6/2026 - 9/15/2026) MLV 19-3 TO MLV 20-3A: Pipe Replacement (M) (7/6/2026 - 8/3/2026) MLV 26-3 Relocation: Highway 59 Widening (M) (8/3/2026 - 8/20/2026),km_tgp_notice_detail:1787932370736954000:4e77d98a0e2e98af313f56eb80b85994d001475a2e85e6cbe14568f0d0d96487,km_tgp_notice_detail:1787932379861928000:23741b66d7407ab1b0aa02cbf87f8ad866a92ac7c4970e9018c70e03306c4863
402992,402843,monthly,2026-07-23,2026-07-23 15:42:45-04:00,2026-09-14,2026-09-20,Station 110 (segment 187 BH) (south thru Kentucky),187,BH,2534000,2408000,-126000,277000,MLV 104-1 to MLV 105-1: Anomaly Remediation (8/6/2026 - 9/6/2026) MLV 105-1 to MLV 105-1A: Anomaly Remediation (9/7/2026 - 9/12/2026) MLV 109-3A to MLV 110-3: Pipe Replacement (9/10/2026 - 9/24/2026) MLV 109-5 to MLV 109-5A: Pipe Replacement (8/26/2026 - 9/9/2026) MLV 109-5A to MLV 110-5: Pipe Replacement (8/26/2026 - 9/9/2026) MLV 110-2 to MLV 114-2: CAO - Force Majeure (M) (7/14/2026 - 12/31/2026) MLV 54-3 to MLV 106-3: Emergent Repair - CAO (2/26/2026 - 12/31/2026) MLV 96-3BR to MLV 96-3BL: Spike Test (7/27/2026 - 8/31/2026) Sta 106: Unit 2D - 4K Solar Turbine Inspection (9/16/2026 - 9/18/2026) Sta 87: Unit 3D - Power side Overhaul (6/22/2026 - 9/30/2026) Sta 871 Campbellsville: Annual ESD Test (9/1/2026) Sta 871: Unit 3A - Engine Maintenance (8/24/2026 - 9/11/2026),km_tgp_notice_detail:1787932370736954000:4e77d98a0e2e98af313f56eb80b85994d001475a2e85e6cbe14568f0d0d96487,km_tgp_notice_detail:1787932379861928000:23741b66d7407ab1b0aa02cbf87f8ad866a92ac7c4970e9018c70e03306c4863
402992,402843,monthly,2026-07-23,2026-07-23 15:42:45-04:00,2026-09-21,2026-09-27,Station 110 (segment 187 BH) (south thru Kentucky),187,BH,2534000,2425000,-109000,260000,MLV 104-1 to MLV 105-1: Anomaly Remediation (8/6/2026 - 9/6/2026) MLV 105-1 to MLV 105-1A: Anomaly Remediation (9/7/2026 - 9/12/2026) MLV 109-3A to MLV 110-3: Pipe Replacement (9/10/2026 - 9/24/2026) MLV 109-5 to MLV 109-5A: Pipe Replacement (8/26/2026 - 9/9/2026) MLV 109-5A to MLV 110-5: Pipe Replacement (8/26/2026 - 9/9/2026) MLV 110-2 to MLV 114-2: CAO - Force Majeure (M) (7/14/2026 - 12/31/2026) MLV 54-3 to MLV 106-3: Emergent Repair - CAO (2/26/2026 - 12/31/2026) MLV 96-3BR to MLV 96-3BL: Spike Test (7/27/2026 - 8/31/2026) Sta 106: Unit 2D - 4K Solar Turbine Inspection (9/16/2026 - 9/18/2026) Sta 87: Unit 3D - Power side Overhaul (6/22/2026 - 9/30/2026) Sta 871 Campbellsville: Annual ESD Test (9/1/2026) Sta 871: Unit 3A - Engine Maintenance (8/24/2026 - 9/11/2026),km_tgp_notice_detail:1787932370736954000:4e77d98a0e2e98af313f56eb80b85994d001475a2e85e6cbe14568f0d0d96487,km_tgp_notice_detail:1787932379861928000:23741b66d7407ab1b0aa02cbf87f8ad866a92ac7c4970e9018c70e03306c4863
402992,402843,monthly,2026-07-23,2026-07-23 15:42:45-04:00,2026-08-03,2026-08-09,Station 110 (segment 187 BH) (south thru Kentucky),187,BH,2246000,2150000,-96000,535000,MLV 104-1 to MLV 105-1: Anomaly Remediation (8/6/2026 - 9/6/2026) MLV 109-4 to 110-4: Valve Installation & Crossover Work (8/4/2026 - 8/18/2026) MLV 109-4 to MLV 110-4: Pipe Replacement (8/4/2026 - 8/25/2026) MLV 109-5 to MLV 109-5A: Pipe Replacement (8/26/2026 - 9/9/2026) MLV 109-5A to MLV 110-5: Pipe Replacement (8/26/2026 - 9/9/2026) MLV 109-7 to MLV 110-7: Pipe Replacement (7/7/2026 - 8/3/2026) MLV 110-2 to MLV 114-2: CAO - Force Majeure (M) (7/14/2026 - 12/31/2026) MLV 54-3 to MLV 106-3: Emergent Repair - CAO (2/26/2026 - 12/31/2026) MLV 87-3 to MLV 96-3: Pig Run - Cleaning / Gauge (8/25/2026) MLV 87-3 to MLV 96-3: Pig Run - EMAT (8/27/2026) MLV 96-3BR to MLV 96-3BL: Spike Test (7/27/2026 - 8/31/2026) Sta 106: Unit 1D - 4K Solar Turbine Inspection (8/18/2026 - 8/20/2026) Sta 110: Install ESD Silence Covers (8/24/2026 - 8/28/2026) Sta 87: Unit 3D - Power side Overhaul (6/22/2026 - 9/30/2026) Sta 871: Unit 1A - Emergent Repair (7/10/2026 - 8/7/2026) Sta 871: Unit 3A - Engine Maintenance (8/24/2026 - 9/11/2026) Sta 875: Unit 1A- 8K Solar Turbine Inspection (8/17/2026 - 8/21/2026) Sta 96: Unit 2D - Install Ball Grove Valve (8/3/2026 - 8/7/2026),km_tgp_notice_detail:1787932370736954000:4e77d98a0e2e98af313f56eb80b85994d001475a2e85e6cbe14568f0d0d96487,km_tgp_notice_detail:1787932379861928000:23741b66d7407ab1b0aa02cbf87f8ad866a92ac7c4970e9018c70e03306c4863
402992,402843,monthly,2026-07-23,2026-07-23 15:42:45-04:00,2026-08-10,2026-08-16,Station 204 (Segment 204 BH),204,BH,1828000,1735000,-93000,93000,Sta 200 Greenup: B Building - Divider Blocks (8/11/2026 - 8/12/2026),km_tgp_notice_detail:1787932370736954000:4e77d98a0e2e98af313f56eb80b85994d001475a2e85e6cbe14568f0d0d96487,km_tgp_notice_detail:1787932379861928000:23741b66d7407ab1b0aa02cbf87f8ad866a92ac7c4970e9018c70e03306c4863
402992,402843,monthly,2026-07-23,2026-07-23 15:42:45-04:00,2026-09-14,2026-09-20,Station 114 (segment 114 BH),114,BH,721000,812000,91000,95000,Sta 119A: Unit 1A - Solar Turbine Inspection (9/14/2026 - 9/16/2026),km_tgp_notice_detail:1787932370736954000:4e77d98a0e2e98af313f56eb80b85994d001475a2e85e6cbe14568f0d0d96487,km_tgp_notice_detail:1787932379861928000:23741b66d7407ab1b0aa02cbf87f8ad866a92ac7c4970e9018c70e03306c4863
402992,402843,monthly,2026-07-23,2026-07-23 15:42:45-04:00,2026-08-10,2026-08-16,Station 860 (segment 548 BH),548,BH,1460000,1375000,-85000,218000,Sta 542 Dekalb: Annual ESD Test (8/25/2026 - 8/27/2026) Sta 542: Unit 2A - Emergent Repair (4/7/2026 - 9/30/2026) Sta 542: Unit 3A - Emergent Repair (3/26/2026 - 8/31/2026) Sta 555: Unit 1B - Hot Gas Path (8/10/2026 - 9/18/2026) Sta 546: Unit 6A - Turbo Replacment (7/8/2026 - 8/14/2026),km_tgp_notice_detail:1787932370736954000:4e77d98a0e2e98af313f56eb80b85994d001475a2e85e6cbe14568f0d0d96487,km_tgp_notice_detail:1787932379861928000:23741b66d7407ab1b0aa02cbf87f8ad866a92ac7c4970e9018c70e03306c4863
402992,402843,monthly,2026-07-23,2026-07-23 15:42:45-04:00,2026-08-31,2026-09-06,Station 860 (segment 548 BH),548,BH,1460000,1375000,-85000,218000,"MLV 546-2 to MLV 547-2: Line Recoat (9/8/2026 - 9/10/2026) Sta 542: Unit 2A - Emergent Repair (4/7/2026 - 9/30/2026) Sta 542: Unit 3A - Emergent Repair (3/26/2026 - 8/31/2026) Sta 546: Annual ESD Tests & Maintenance (9/7/2026 - 9/11/2026) Sta 555: Scrubber/Filter/Separator Clean, Inspect & Filter Change (9/14/2026) Sta 555: Unit 1B - Hot Gas Path (8/10/2026 - 9/18/2026)",km_tgp_notice_detail:1787932370736954000:4e77d98a0e2e98af313f56eb80b85994d001475a2e85e6cbe14568f0d0d96487,km_tgp_notice_detail:1787932379861928000:23741b66d7407ab1b0aa02cbf87f8ad866a92ac7c4970e9018c70e03306c4863
402992,402843,monthly,2026-07-23,2026-07-23 15:42:45-04:00,2026-08-17,2026-08-23,Station 860 (segment 548 BH),548,BH,1460000,1375000,-85000,218000,Sta 542 Dekalb: Annual ESD Test (8/25/2026 - 8/27/2026) Sta 542: Unit 2A - Emergent Repair (4/7/2026 - 9/30/2026) Sta 542: Unit 3A - Emergent Repair (3/26/2026 - 8/31/2026) Sta 555: Unit 1B - Hot Gas Path (8/10/2026 - 9/18/2026) Sta 546: Unit 6A - Turbo Replacment (7/8/2026 - 8/14/2026),km_tgp_notice_detail:1787932370736954000:4e77d98a0e2e98af313f56eb80b85994d001475a2e85e6cbe14568f0d0d96487,km_tgp_notice_detail:1787932379861928000:23741b66d7407ab1b0aa02cbf87f8ad866a92ac7c4970e9018c70e03306c4863
402992,402843,monthly,2026-07-23,2026-07-23 15:42:45-04:00,2026-09-07,2026-09-13,Station 860 (segment 548 BH),548,BH,790000,725000,-65000,868000,"MLV 546-2 to MLV 547-2: Line Recoat (9/8/2026 - 9/10/2026) Sta 542: Unit 2A - Emergent Repair (4/7/2026 - 9/30/2026) Sta 542: Unit 3A - Emergent Repair (3/26/2026 - 8/31/2026) Sta 546: Annual ESD Tests & Maintenance (9/7/2026 - 9/11/2026) Sta 555: Scrubber/Filter/Separator Clean, Inspect & Filter Change (9/14/2026) Sta 555: Unit 1B - Hot Gas Path (8/10/2026 - 9/18/2026)",km_tgp_notice_detail:1787932370736954000:4e77d98a0e2e98af313f56eb80b85994d001475a2e85e6cbe14568f0d0d96487,km_tgp_notice_detail:1787932379861928000:23741b66d7407ab1b0aa02cbf87f8ad866a92ac7c4970e9018c70e03306c4863
402992,402843,monthly,2026-07-23,2026-07-23 15:42:45-04:00,2026-09-07,2026-09-13,Station 409 (Donna Line) (segment 490 FH),490,FH,505000,564000,59000,0,,km_tgp_notice_detail:1787932370736954000:4e77d98a0e2e98af313f56eb80b85994d001475a2e85e6cbe14568f0d0d96487,km_tgp_notice_detail:1787932379861928000:23741b66d7407ab1b0aa02cbf87f8ad866a92ac7c4970e9018c70e03306c4863
402992,402843,monthly,2026-07-23,2026-07-23 15:42:45-04:00,2026-09-14,2026-09-20,Station 409 (Donna Line) (segment 490 FH),490,FH,505000,564000,59000,0,,km_tgp_notice_detail:1787932370736954000:4e77d98a0e2e98af313f56eb80b85994d001475a2e85e6cbe14568f0d0d96487,km_tgp_notice_detail:1787932379861928000:23741b66d7407ab1b0aa02cbf87f8ad866a92ac7c4970e9018c70e03306c4863
402992,402843,monthly,2026-07-23,2026-07-23 15:42:45-04:00,2026-09-14,2026-09-20,Station 409A (Alamo) (segment 492 FH),492,FH,274000,215000,-59000,59000,MLV 409-1 to MLV 406-1: Spike Test (M) (9/1/2026 - 10/31/2026) MLV 409A-101.1 to MLV 409A-103: Pig Runs - Cleaning / Gauge (M) (9/7/2026) MLV 409A-101.1 to MLV 409A-103: Pig Runs - Cleaning / Gauge (M) (9/8/2026) MLV 409A-101.1 to MLV 409A-103: Pig Runs - Cleaning / Gauge (M) (9/9/2026) MLV 409A-101.1 to MLV 409A-103: Pig Runs - EMAT (M) (9/11/2026) MLV 409A-101.1 to MLV 409A-103: Pig Runs - MFL-C (M) (9/10/2026),km_tgp_notice_detail:1787932370736954000:4e77d98a0e2e98af313f56eb80b85994d001475a2e85e6cbe14568f0d0d96487,km_tgp_notice_detail:1787932379861928000:23741b66d7407ab1b0aa02cbf87f8ad866a92ac7c4970e9018c70e03306c4863
402992,402843,monthly,2026-07-23,2026-07-23 15:42:45-04:00,2026-08-31,2026-09-06,Station 409A (Alamo) (segment 492 FH),492,FH,274000,215000,-59000,59000,MLV 409-1 to MLV 406-1: Spike Test (M) (9/1/2026 - 10/31/2026) MLV 409A-101.1 to MLV 409A-103: Pig Runs - Cleaning / Gauge (M) (9/7/2026) MLV 409A-101.1 to MLV 409A-103: Pig Runs - Cleaning / Gauge (M) (9/8/2026) MLV 409A-101.1 to MLV 409A-103: Pig Runs - Cleaning / Gauge (M) (9/9/2026) MLV 409A-101.1 to MLV 409A-103: Pig Runs - EMAT (M) (9/11/2026) MLV 409A-101.1 to MLV 409A-103: Pig Runs - MFL-C (M) (9/10/2026),km_tgp_notice_detail:1787932370736954000:4e77d98a0e2e98af313f56eb80b85994d001475a2e85e6cbe14568f0d0d96487,km_tgp_notice_detail:1787932379861928000:23741b66d7407ab1b0aa02cbf87f8ad866a92ac7c4970e9018c70e03306c4863
402992,402843,monthly,2026-07-23,2026-07-23 15:42:45-04:00,2026-09-21,2026-09-27,Station 409 (Donna Line) (segment 490 FH),490,FH,505000,564000,59000,0,,km_tgp_notice_detail:1787932370736954000:4e77d98a0e2e98af313f56eb80b85994d001475a2e85e6cbe14568f0d0d96487,km_tgp_notice_detail:1787932379861928000:23741b66d7407ab1b0aa02cbf87f8ad866a92ac7c4970e9018c70e03306c4863
402992,402843,monthly,2026-07-23,2026-07-23 15:42:45-04:00,2026-08-31,2026-09-06,Station 409 (Donna Line) (segment 490 FH),490,FH,505000,564000,59000,0,,km_tgp_notice_detail:1787932370736954000:4e77d98a0e2e98af313f56eb80b85994d001475a2e85e6cbe14568f0d0d96487,km_tgp_notice_detail:1787932379861928000:23741b66d7407ab1b0aa02cbf87f8ad866a92ac7c4970e9018c70e03306c4863
402992,402843,monthly,2026-07-23,2026-07-23 15:42:45-04:00,2026-09-21,2026-09-27,Station 409A (Alamo) (segment 492 FH),492,FH,274000,215000,-59000,59000,MLV 409-1 to MLV 406-1: Spike Test (M) (9/1/2026 - 10/31/2026) MLV 409A-101.1 to MLV 409A-103: Pig Runs - Cleaning / Gauge (M) (9/7/2026) MLV 409A-101.1 to MLV 409A-103: Pig Runs - Cleaning / Gauge (M) (9/8/2026) MLV 409A-101.1 to MLV 409A-103: Pig Runs - Cleaning / Gauge (M) (9/9/2026) MLV 409A-101.1 to MLV 409A-103: Pig Runs - EMAT (M) (9/11/2026) MLV 409A-101.1 to MLV 409A-103: Pig Runs - MFL-C (M) (9/10/2026),km_tgp_notice_detail:1787932370736954000:4e77d98a0e2e98af313f56eb80b85994d001475a2e85e6cbe14568f0d0d96487,km_tgp_notice_detail:1787932379861928000:23741b66d7407ab1b0aa02cbf87f8ad866a92ac7c4970e9018c70e03306c4863
402992,402843,monthly,2026-07-23,2026-07-23 15:42:45-04:00,2026-09-14,2026-09-20,Station 47 (segment 143 FH),143,FH,1343000,1300000,-43000,43000,MLV 47-4D to MLV 54-4S: Pig Run - AFD Combo (M) (9/8/2026) MLV 47-4D to MLV 54-4S: Pig Run - EMAT (M) (9/10/2026) MLV 47-4D to MLV 54-4S: Pig Run - Gauge Cleaning (M) (8/31/2026) MLV 47-4D to MLV 54-4S: Pig Run - Gauge Cleaning (M) (9/1/2026) MLV 47-4D to MLV 54-4S: Pig Run - Gauge Cleaning (M) (9/2/2026) MLV 58-2 to MLV 59-2: Anomaly Remediation (9/20/2026 - 10/1/2026),km_tgp_notice_detail:1787932370736954000:4e77d98a0e2e98af313f56eb80b85994d001475a2e85e6cbe14568f0d0d96487,km_tgp_notice_detail:1787932379861928000:23741b66d7407ab1b0aa02cbf87f8ad866a92ac7c4970e9018c70e03306c4863
402992,402843,monthly,2026-07-23,2026-07-23 15:42:45-04:00,2026-09-21,2026-09-27,Station 47 (segment 143 FH),143,FH,1343000,1300000,-43000,43000,MLV 47-4D to MLV 54-4S: Pig Run - AFD Combo (M) (9/8/2026) MLV 47-4D to MLV 54-4S: Pig Run - EMAT (M) (9/10/2026) MLV 47-4D to MLV 54-4S: Pig Run - Gauge Cleaning (M) (8/31/2026) MLV 47-4D to MLV 54-4S: Pig Run - Gauge Cleaning (M) (9/1/2026) MLV 47-4D to MLV 54-4S: Pig Run - Gauge Cleaning (M) (9/2/2026) MLV 58-2 to MLV 59-2: Anomaly Remediation (9/20/2026 - 10/1/2026),km_tgp_notice_detail:1787932370736954000:4e77d98a0e2e98af313f56eb80b85994d001475a2e85e6cbe14568f0d0d96487,km_tgp_notice_detail:1787932379861928000:23741b66d7407ab1b0aa02cbf87f8ad866a92ac7c4970e9018c70e03306c4863
402992,402843,monthly,2026-07-23,2026-07-23 15:42:45-04:00,2026-09-14,2026-09-20,Station 860 (segment 548 BH),548,BH,1430000,1390000,-40000,203000,"MLV 546-2 to MLV 547-2: Line Recoat (9/8/2026 - 9/10/2026) Sta 542: Unit 2A - Emergent Repair (4/7/2026 - 9/30/2026) Sta 542: Unit 3A - Emergent Repair (3/26/2026 - 8/31/2026) Sta 546: Annual ESD Tests & Maintenance (9/7/2026 - 9/11/2026) Sta 555: Scrubber/Filter/Separator Clean, Inspect & Filter Change (9/14/2026) Sta 555: Unit 1B - Hot Gas Path (8/10/2026 - 9/18/2026)",km_tgp_notice_detail:1787932370736954000:4e77d98a0e2e98af313f56eb80b85994d001475a2e85e6cbe14568f0d0d96487,km_tgp_notice_detail:1787932379861928000:23741b66d7407ab1b0aa02cbf87f8ad866a92ac7c4970e9018c70e03306c4863
402992,402843,monthly,2026-07-23,2026-07-23 15:42:45-04:00,2026-08-10,2026-08-16,Station 110 (segment 187 BH) (south thru Kentucky),187,BH,2281000,2246000,-35000,439000,MLV 104-1 to MLV 105-1: Anomaly Remediation (8/6/2026 - 9/6/2026) MLV 109-4 to 110-4: Valve Installation & Crossover Work (8/4/2026 - 8/18/2026) MLV 109-4 to MLV 110-4: Pipe Replacement (8/4/2026 - 8/25/2026) MLV 109-5 to MLV 109-5A: Pipe Replacement (8/26/2026 - 9/9/2026) MLV 109-5A to MLV 110-5: Pipe Replacement (8/26/2026 - 9/9/2026) MLV 109-7 to MLV 110-7: Pipe Replacement (7/7/2026 - 8/3/2026) MLV 110-2 to MLV 114-2: CAO - Force Majeure (M) (7/14/2026 - 12/31/2026) MLV 54-3 to MLV 106-3: Emergent Repair - CAO (2/26/2026 - 12/31/2026) MLV 87-3 to MLV 96-3: Pig Run - Cleaning / Gauge (8/25/2026) MLV 87-3 to MLV 96-3: Pig Run - EMAT (8/27/2026) MLV 96-3BR to MLV 96-3BL: Spike Test (7/27/2026 - 8/31/2026) Sta 106: Unit 1D - 4K Solar Turbine Inspection (8/18/2026 - 8/20/2026) Sta 110: Install ESD Silence Covers (8/24/2026 - 8/28/2026) Sta 87: Unit 3D - Power side Overhaul (6/22/2026 - 9/30/2026) Sta 871: Unit 1A - Emergent Repair (7/10/2026 - 8/7/2026) Sta 871: Unit 3A - Engine Maintenance (8/24/2026 - 9/11/2026) Sta 875: Unit 1A- 8K Solar Turbine Inspection (8/17/2026 - 8/21/2026) Sta 96: Unit 2D - Install Ball Grove Valve (8/3/2026 - 8/7/2026),km_tgp_notice_detail:1787932370736954000:4e77d98a0e2e98af313f56eb80b85994d001475a2e85e6cbe14568f0d0d96487,km_tgp_notice_detail:1787932379861928000:23741b66d7407ab1b0aa02cbf87f8ad866a92ac7c4970e9018c70e03306c4863
402992,402843,monthly,2026-07-23,2026-07-23 15:42:45-04:00,2026-09-07,2026-09-13,Station 110 (segment 187 BH) (south thru Kentucky),187,BH,2386000,2355000,-31000,330000,MLV 104-1 to MLV 105-1: Anomaly Remediation (8/6/2026 - 9/6/2026) MLV 105-1 to MLV 105-1A: Anomaly Remediation (9/7/2026 - 9/12/2026) MLV 109-3A to MLV 110-3: Pipe Replacement (9/10/2026 - 9/24/2026) MLV 109-5 to MLV 109-5A: Pipe Replacement (8/26/2026 - 9/9/2026) MLV 109-5A to MLV 110-5: Pipe Replacement (8/26/2026 - 9/9/2026) MLV 110-2 to MLV 114-2: CAO - Force Majeure (M) (7/14/2026 - 12/31/2026) MLV 54-3 to MLV 106-3: Emergent Repair - CAO (2/26/2026 - 12/31/2026) MLV 96-3BR to MLV 96-3BL: Spike Test (7/27/2026 - 8/31/2026) Sta 106: Unit 2D - 4K Solar Turbine Inspection (9/16/2026 - 9/18/2026) Sta 87: Unit 3D - Power side Overhaul (6/22/2026 - 9/30/2026) Sta 871 Campbellsville: Annual ESD Test (9/1/2026) Sta 871: Unit 3A - Engine Maintenance (8/24/2026 - 9/11/2026),km_tgp_notice_detail:1787932370736954000:4e77d98a0e2e98af313f56eb80b85994d001475a2e85e6cbe14568f0d0d96487,km_tgp_notice_detail:1787932379861928000:23741b66d7407ab1b0aa02cbf87f8ad866a92ac7c4970e9018c70e03306c4863
402992,402843,monthly,2026-07-23,2026-07-23 15:42:45-04:00,2026-08-03,2026-08-09,Station 17 (segment 117 FH),117,FH,1000000,969000,-31000,153000,MLV 19-1 TO MLV 20-1A: Pipe Replacement (M) (8/6/2026 - 9/15/2026) MLV 19-3 TO MLV 20-3A: Pipe Replacement (M) (7/6/2026 - 8/3/2026) MLV 26-3 Relocation: Highway 59 Widening (M) (8/3/2026 - 8/20/2026),km_tgp_notice_detail:1787932370736954000:4e77d98a0e2e98af313f56eb80b85994d001475a2e85e6cbe14568f0d0d96487,km_tgp_notice_detail:1787932379861928000:23741b66d7407ab1b0aa02cbf87f8ad866a92ac7c4970e9018c70e03306c4863
402992,402843,monthly,2026-07-23,2026-07-23 15:42:45-04:00,2026-09-14,2026-09-20,Station 534 South of Pool (segment 530 BH),530,BH,1528000,1550000,22000,0,MLV 533-2 to MLV 534-2: Pipe Replacement (M) (6/4/2026 - 9/4/2026),km_tgp_notice_detail:1787932370736954000:4e77d98a0e2e98af313f56eb80b85994d001475a2e85e6cbe14568f0d0d96487,km_tgp_notice_detail:1787932379861928000:23741b66d7407ab1b0aa02cbf87f8ad866a92ac7c4970e9018c70e03306c4863
402992,402843,monthly,2026-07-23,2026-07-23 15:42:45-04:00,2026-09-07,2026-09-13,Station 534 South of Pool (segment 530 BH),530,BH,1528000,1550000,22000,0,MLV 533-2 to MLV 534-2: Pipe Replacement (M) (6/4/2026 - 9/4/2026),km_tgp_notice_detail:1787932370736954000:4e77d98a0e2e98af313f56eb80b85994d001475a2e85e6cbe14568f0d0d96487,km_tgp_notice_detail:1787932379861928000:23741b66d7407ab1b0aa02cbf87f8ad866a92ac7c4970e9018c70e03306c4863
402992,402843,monthly,2026-07-23,2026-07-23 15:42:45-04:00,2026-09-21,2026-09-27,Station 534 South of Pool (segment 530 BH),530,BH,1528000,1550000,22000,0,MLV 533-2 to MLV 534-2: Pipe Replacement (M) (6/4/2026 - 9/4/2026),km_tgp_notice_detail:1787932370736954000:4e77d98a0e2e98af313f56eb80b85994d001475a2e85e6cbe14568f0d0d96487,km_tgp_notice_detail:1787932379861928000:23741b66d7407ab1b0aa02cbf87f8ad866a92ac7c4970e9018c70e03306c4863
402992,402843,monthly,2026-07-23,2026-07-23 15:42:45-04:00,2026-08-31,2026-09-06,MLV 548 (segment 542 BH),542,BH,1635000,1647000,12000,0,,km_tgp_notice_detail:1787932370736954000:4e77d98a0e2e98af313f56eb80b85994d001475a2e85e6cbe14568f0d0d96487,km_tgp_notice_detail:1787932379861928000:23741b66d7407ab1b0aa02cbf87f8ad866a92ac7c4970e9018c70e03306c4863
402992,402843,monthly,2026-07-23,2026-07-23 15:42:45-04:00,2026-08-17,2026-08-23,MLV 548 (segment 542 BH),542,BH,1635000,1647000,12000,0,,km_tgp_notice_detail:1787932370736954000:4e77d98a0e2e98af313f56eb80b85994d001475a2e85e6cbe14568f0d0d96487,km_tgp_notice_detail:1787932379861928000:23741b66d7407ab1b0aa02cbf87f8ad866a92ac7c4970e9018c70e03306c4863
402992,402843,monthly,2026-07-23,2026-07-23 15:42:45-04:00,2026-08-03,2026-08-09,MLV 548 (segment 542 BH),542,BH,1635000,1647000,12000,0,,km_tgp_notice_detail:1787932370736954000:4e77d98a0e2e98af313f56eb80b85994d001475a2e85e6cbe14568f0d0d96487,km_tgp_notice_detail:1787932379861928000:23741b66d7407ab1b0aa02cbf87f8ad866a92ac7c4970e9018c70e03306c4863
402992,402843,monthly,2026-07-23,2026-07-23 15:42:45-04:00,2026-08-03,2026-08-09,Station 860 (segment 548 BH),548,BH,1593000,1581000,-12000,12000,Sta 542 Dekalb: Annual ESD Test (8/25/2026 - 8/27/2026) Sta 542: Unit 2A - Emergent Repair (4/7/2026 - 9/30/2026) Sta 542: Unit 3A - Emergent Repair (3/26/2026 - 8/31/2026) Sta 555: Unit 1B - Hot Gas Path (8/10/2026 - 9/18/2026) Sta 546: Unit 6A - Turbo Replacment (7/8/2026 - 8/14/2026),km_tgp_notice_detail:1787932370736954000:4e77d98a0e2e98af313f56eb80b85994d001475a2e85e6cbe14568f0d0d96487,km_tgp_notice_detail:1787932379861928000:23741b66d7407ab1b0aa02cbf87f8ad866a92ac7c4970e9018c70e03306c4863
402992,402843,monthly,2026-07-23,2026-07-23 15:42:45-04:00,2026-08-17,2026-08-23,Station 114 (segment 114 BH),114,BH,381000,393000,12000,514000,MLV 117-3 to MLV 118-3: Special Permit Pipe Replacement (8/10/2026 - 8/30/2026) MLV 119-2 to MLV 119-2A: Special Permit Pipe Replacement (8/10/2026 - 8/30/2026),km_tgp_notice_detail:1787932370736954000:4e77d98a0e2e98af313f56eb80b85994d001475a2e85e6cbe14568f0d0d96487,km_tgp_notice_detail:1787932379861928000:23741b66d7407ab1b0aa02cbf87f8ad866a92ac7c4970e9018c70e03306c4863
402992,402843,monthly,2026-07-23,2026-07-23 15:42:45-04:00,2026-08-10,2026-08-16,MLV 548 (segment 542 BH),542,BH,1635000,1647000,12000,0,,km_tgp_notice_detail:1787932370736954000:4e77d98a0e2e98af313f56eb80b85994d001475a2e85e6cbe14568f0d0d96487,km_tgp_notice_detail:1787932379861928000:23741b66d7407ab1b0aa02cbf87f8ad866a92ac7c4970e9018c70e03306c4863
402992,402843,monthly,2026-07-23,2026-07-23 15:42:45-04:00,2026-08-10,2026-08-16,Station 114 (segment 114 BH),114,BH,381000,393000,12000,514000,MLV 117-3 to MLV 118-3: Special Permit Pipe Replacement (8/10/2026 - 8/30/2026) MLV 119-2 to MLV 119-2A: Special Permit Pipe Replacement (8/10/2026 - 8/30/2026),km_tgp_notice_detail:1787932370736954000:4e77d98a0e2e98af313f56eb80b85994d001475a2e85e6cbe14568f0d0d96487,km_tgp_notice_detail:1787932379861928000:23741b66d7407ab1b0aa02cbf87f8ad866a92ac7c4970e9018c70e03306c4863
402992,402843,monthly,2026-07-23,2026-07-23 15:42:45-04:00,2026-08-24,2026-08-30,Station 114 (segment 114 BH),114,BH,381000,393000,12000,514000,MLV 117-3 to MLV 118-3: Special Permit Pipe Replacement (8/10/2026 - 8/30/2026) MLV 119-2 to MLV 119-2A: Special Permit Pipe Replacement (8/10/2026 - 8/30/2026),km_tgp_notice_detail:1787932370736954000:4e77d98a0e2e98af313f56eb80b85994d001475a2e85e6cbe14568f0d0d96487,km_tgp_notice_detail:1787932379861928000:23741b66d7407ab1b0aa02cbf87f8ad866a92ac7c4970e9018c70e03306c4863
402992,402843,monthly,2026-07-23,2026-07-23 15:42:45-04:00,2026-09-14,2026-09-20,MLV 548 (segment 542 BH),542,BH,1640000,1647000,7000,0,,km_tgp_notice_detail:1787932370736954000:4e77d98a0e2e98af313f56eb80b85994d001475a2e85e6cbe14568f0d0d96487,km_tgp_notice_detail:1787932379861928000:23741b66d7407ab1b0aa02cbf87f8ad866a92ac7c4970e9018c70e03306c4863
402992,402843,monthly,2026-07-23,2026-07-23 15:42:45-04:00,2026-09-21,2026-09-27,Station 860 (segment 548 BH),548,BH,1593000,1586000,-7000,7000,"MLV 546-2 to MLV 547-2: Line Recoat (9/8/2026 - 9/10/2026) Sta 542: Unit 2A - Emergent Repair (4/7/2026 - 9/30/2026) Sta 542: Unit 3A - Emergent Repair (3/26/2026 - 8/31/2026) Sta 546: Annual ESD Tests & Maintenance (9/7/2026 - 9/11/2026) Sta 555: Scrubber/Filter/Separator Clean, Inspect & Filter Change (9/14/2026) Sta 555: Unit 1B - Hot Gas Path (8/10/2026 - 9/18/2026)",km_tgp_notice_detail:1787932370736954000:4e77d98a0e2e98af313f56eb80b85994d001475a2e85e6cbe14568f0d0d96487,km_tgp_notice_detail:1787932379861928000:23741b66d7407ab1b0aa02cbf87f8ad866a92ac7c4970e9018c70e03306c4863
402992,402843,monthly,2026-07-23,2026-07-23 15:42:45-04:00,2026-09-07,2026-09-13,MLV 548 (segment 542 BH),542,BH,1640000,1647000,7000,0,,km_tgp_notice_detail:1787932370736954000:4e77d98a0e2e98af313f56eb80b85994d001475a2e85e6cbe14568f0d0d96487,km_tgp_notice_detail:1787932379861928000:23741b66d7407ab1b0aa02cbf87f8ad866a92ac7c4970e9018c70e03306c4863
402992,402843,monthly,2026-07-23,2026-07-23 15:42:45-04:00,2026-09-21,2026-09-27,MLV 548 (segment 542 BH),542,BH,1640000,1647000,7000,0,,km_tgp_notice_detail:1787932370736954000:4e77d98a0e2e98af313f56eb80b85994d001475a2e85e6cbe14568f0d0d96487,km_tgp_notice_detail:1787932379861928000:23741b66d7407ab1b0aa02cbf87f8ad866a92ac7c4970e9018c70e03306c4863
402992,402843,monthly,2026-07-23,2026-07-23 15:42:45-04:00,2026-09-21,2026-09-27,Station 261 Discharge East (segment 261 FH),261,FH,560000,555000,-5000,333000,Sta 264 Charlton: Annual ESD Test (9/23/2026 - 9/24/2026),km_tgp_notice_detail:1787932370736954000:4e77d98a0e2e98af313f56eb80b85994d001475a2e85e6cbe14568f0d0d96487,km_tgp_notice_detail:1787932379861928000:23741b66d7407ab1b0aa02cbf87f8ad866a92ac7c4970e9018c70e03306c4863
402992,402843,monthly,2026-07-23,2026-07-23 15:42:45-04:00,2026-08-24,2026-08-30,Station 110 (segment 187 BH) (south thru Kentucky),187,BH,1883000,1887000,4000,798000,MLV 104-1 to MLV 105-1: Anomaly Remediation (8/6/2026 - 9/6/2026) MLV 109-4 to 110-4: Valve Installation & Crossover Work (8/4/2026 - 8/18/2026) MLV 109-4 to MLV 110-4: Pipe Replacement (8/4/2026 - 8/25/2026) MLV 109-5 to MLV 109-5A: Pipe Replacement (8/26/2026 - 9/9/2026) MLV 109-5A to MLV 110-5: Pipe Replacement (8/26/2026 - 9/9/2026) MLV 109-7 to MLV 110-7: Pipe Replacement (7/7/2026 - 8/3/2026) MLV 110-2 to MLV 114-2: CAO - Force Majeure (M) (7/14/2026 - 12/31/2026) MLV 54-3 to MLV 106-3: Emergent Repair - CAO (2/26/2026 - 12/31/2026) MLV 87-3 to MLV 96-3: Pig Run - Cleaning / Gauge (8/25/2026) MLV 87-3 to MLV 96-3: Pig Run - EMAT (8/27/2026) MLV 96-3BR to MLV 96-3BL: Spike Test (7/27/2026 - 8/31/2026) Sta 106: Unit 1D - 4K Solar Turbine Inspection (8/18/2026 - 8/20/2026) Sta 110: Install ESD Silence Covers (8/24/2026 - 8/28/2026) Sta 87: Unit 3D - Power side Overhaul (6/22/2026 - 9/30/2026) Sta 871: Unit 1A - Emergent Repair (7/10/2026 - 8/7/2026) Sta 871: Unit 3A - Engine Maintenance (8/24/2026 - 9/11/2026) Sta 875: Unit 1A- 8K Solar Turbine Inspection (8/17/2026 - 8/21/2026) Sta 96: Unit 2D - Install Ball Grove Valve (8/3/2026 - 8/7/2026),km_tgp_notice_detail:1787932370736954000:4e77d98a0e2e98af313f56eb80b85994d001475a2e85e6cbe14568f0d0d96487,km_tgp_notice_detail:1787932379861928000:23741b66d7407ab1b0aa02cbf87f8ad866a92ac7c4970e9018c70e03306c4863
402843,402674,monthly,2026-07-16,2026-07-16 15:31:39-04:00,2026-07-27,2026-08-02,Station 47 (segment 143 FH),143,FH,1330000,1025000,-305000,318000,MLV 55-1 to MLV 56-1: PHMSA Immediate (5/11/2026 - 7/31/2026) MLV 61-1 to MLV 62-1: Anomaly Remediation (7/23/2026 - 7/30/2026) Sta 47: Scrubber/Filter/Separator Cleaning/Inspection/Changeout (7/27/2026 - 7/31/2026),km_tgp_notice_detail:1787932379861928000:23741b66d7407ab1b0aa02cbf87f8ad866a92ac7c4970e9018c70e03306c4863,km_tgp_notice_detail:1787932440411970000:fe760e2691bbc4b678db9da376209d6169743431155205cc6327667d3fd200dd
402843,402674,monthly,2026-07-16,2026-07-16 15:31:39-04:00,2026-08-31,2026-09-06,Station 110 (segment 187 BH) (south thru Kentucky),187,BH,1899000,1655000,-244000,1030000,MLV 104-1 to MLV 105-1: Anomaly Remediation (8/6/2026 - 9/6/2026) MLV 104-3 to MLV 106-3S: HDD at Kentucky River (9/2/2026 - 9/6/2026) MLV 105-1 to MLV 105-1A: Anomaly Remediation (9/7/2026 - 9/12/2026) MLV 109-3A to MLV 110-3: Pipe Replacement (9/8/2026 - 9/15/2026) MLV 109-5 to MLV 109-5A: Pipe Replacement (8/18/2026 - 9/1/2026) MLV 109-5A to MLV 110-5: Pipe Replacement (8/18/2026 - 9/1/2026) MLV 54-3 to MLV 106-3: Emergent Repair - CAO (2/26/2026 - 12/31/2026) MLV 96-3BR to MLV 96-3BL: Spike Test (7/27/2026 - 8/31/2026) Sta 106: Unit 2D - 4K Solar Turbine Inspection (9/16/2026 - 9/18/2026) Sta 87: Unit 3D - Power side Overhaul (6/22/2026 - 9/30/2026) Sta 871 Campbellsville: Annual ESD Test (9/1/2026) Sta 871: Unit 3A - Engine Maintenance (8/24/2026 - 9/11/2026),km_tgp_notice_detail:1787932379861928000:23741b66d7407ab1b0aa02cbf87f8ad866a92ac7c4970e9018c70e03306c4863,km_tgp_notice_detail:1787932440411970000:fe760e2691bbc4b678db9da376209d6169743431155205cc6327667d3fd200dd
402843,402674,monthly,2026-07-16,2026-07-16 15:31:39-04:00,2026-07-27,2026-08-02,MLV 256 West (segment 249 FH),249,FH,1203000,1045000,-158000,158000,MLV 253-1 to MLV 253-1R: Anomaly Remediation (7/27/2026 - 8/1/2026),km_tgp_notice_detail:1787932379861928000:23741b66d7407ab1b0aa02cbf87f8ad866a92ac7c4970e9018c70e03306c4863,km_tgp_notice_detail:1787932440411970000:fe760e2691bbc4b678db9da376209d6169743431155205cc6327667d3fd200dd
402843,402674,monthly,2026-07-16,2026-07-16 15:31:39-04:00,2026-09-07,2026-09-13,Station 110 (segment 187 BH) (south thru Kentucky),187,BH,2534000,2386000,-148000,299000,MLV 104-1 to MLV 105-1: Anomaly Remediation (8/6/2026 - 9/6/2026) MLV 104-3 to MLV 106-3S: HDD at Kentucky River (9/2/2026 - 9/6/2026) MLV 105-1 to MLV 105-1A: Anomaly Remediation (9/7/2026 - 9/12/2026) MLV 109-3A to MLV 110-3: Pipe Replacement (9/8/2026 - 9/15/2026) MLV 109-5 to MLV 109-5A: Pipe Replacement (8/18/2026 - 9/1/2026) MLV 109-5A to MLV 110-5: Pipe Replacement (8/18/2026 - 9/1/2026) MLV 54-3 to MLV 106-3: Emergent Repair - CAO (2/26/2026 - 12/31/2026) MLV 96-3BR to MLV 96-3BL: Spike Test (7/27/2026 - 8/31/2026) Sta 106: Unit 2D - 4K Solar Turbine Inspection (9/16/2026 - 9/18/2026) Sta 87: Unit 3D - Power side Overhaul (6/22/2026 - 9/30/2026) Sta 871 Campbellsville: Annual ESD Test (9/1/2026) Sta 871: Unit 3A - Engine Maintenance (8/24/2026 - 9/11/2026),km_tgp_notice_detail:1787932379861928000:23741b66d7407ab1b0aa02cbf87f8ad866a92ac7c4970e9018c70e03306c4863,km_tgp_notice_detail:1787932440411970000:fe760e2691bbc4b678db9da376209d6169743431155205cc6327667d3fd200dd
402843,402674,monthly,2026-07-16,2026-07-16 15:31:39-04:00,2026-08-03,2026-08-09,Station 860 (segment 548 BH),548,BH,1460000,1593000,133000,0,Sta 555: Unit 1B - Hot Gas Path (8/10/2026 - 9/11/2026),km_tgp_notice_detail:1787932379861928000:23741b66d7407ab1b0aa02cbf87f8ad866a92ac7c4970e9018c70e03306c4863,km_tgp_notice_detail:1787932440411970000:fe760e2691bbc4b678db9da376209d6169743431155205cc6327667d3fd200dd
402843,402674,monthly,2026-07-16,2026-07-16 15:31:39-04:00,2026-08-24,2026-08-30,Station 860 (segment 548 BH),548,BH,1593000,1460000,-133000,133000,Sta 555: Unit 1B - Hot Gas Path (8/10/2026 - 9/11/2026),km_tgp_notice_detail:1787932379861928000:23741b66d7407ab1b0aa02cbf87f8ad866a92ac7c4970e9018c70e03306c4863,km_tgp_notice_detail:1787932440411970000:fe760e2691bbc4b678db9da376209d6169743431155205cc6327667d3fd200dd
402843,402674,monthly,2026-07-16,2026-07-16 15:31:39-04:00,2026-08-17,2026-08-23,Station 860 (segment 548 BH),548,BH,1593000,1460000,-133000,133000,Sta 555: Unit 1B - Hot Gas Path (8/10/2026 - 9/11/2026),km_tgp_notice_detail:1787932379861928000:23741b66d7407ab1b0aa02cbf87f8ad866a92ac7c4970e9018c70e03306c4863,km_tgp_notice_detail:1787932440411970000:fe760e2691bbc4b678db9da376209d6169743431155205cc6327667d3fd200dd
402843,402674,monthly,2026-07-16,2026-07-16 15:31:39-04:00,2026-08-31,2026-09-06,Station 860 (segment 548 BH),548,BH,1580000,1460000,-120000,133000,"MLV 546-2 to MLV 547-2: Line Recoat (9/8/2026 - 9/10/2026) Sta 546: Annual ESD Tests & Maintenance (9/7/2026 - 9/11/2026) Sta 555: Scrubber/Filter/Separator Clean, Inspect & Filter Change (9/14/2026) Sta 555: Unit 1B - Hot Gas Path (8/10/2026 - 9/11/2026)",km_tgp_notice_detail:1787932379861928000:23741b66d7407ab1b0aa02cbf87f8ad866a92ac7c4970e9018c70e03306c4863,km_tgp_notice_detail:1787932440411970000:fe760e2691bbc4b678db9da376209d6169743431155205cc6327667d3fd200dd
402843,402674,monthly,2026-07-16,2026-07-16 15:31:39-04:00,2026-07-27,2026-08-02,Station 860 (segment 548 BH),548,BH,1460000,1580000,120000,13000,Sta 555: Unit 4A - Engine Maintenance (7/27/2026 - 8/1/2026),km_tgp_notice_detail:1787932379861928000:23741b66d7407ab1b0aa02cbf87f8ad866a92ac7c4970e9018c70e03306c4863,km_tgp_notice_detail:1787932440411970000:fe760e2691bbc4b678db9da376209d6169743431155205cc6327667d3fd200dd
402843,402674,monthly,2026-07-16,2026-07-16 15:31:39-04:00,2026-07-27,2026-08-02,Station 25 (segment 125 FH),125,FH,1035000,1070000,35000,8000,MLV 25-2 to MLV 26-2: Pipe Replacement (7/15/2026 - 7/29/2026) MLV 26-2 Relocation: Highway 59 Widening (M) (7/15/2026 - 7/29/2026),km_tgp_notice_detail:1787932379861928000:23741b66d7407ab1b0aa02cbf87f8ad866a92ac7c4970e9018c70e03306c4863,km_tgp_notice_detail:1787932440411970000:fe760e2691bbc4b678db9da376209d6169743431155205cc6327667d3fd200dd
402843,402674,monthly,2026-07-16,2026-07-16 15:31:39-04:00,2026-08-03,2026-08-09,Station 110 (segment 187 BH) (south thru Kentucky),187,BH,2281000,2246000,-35000,439000,MLV 104-1 to MLV 105-1: Anomaly Remediation (8/6/2026 - 9/6/2026) MLV 109-4 to 110-4: Valve Installation & Crossover Work (7/28/2026 - 8/11/2026) MLV 109-4 to MLV 110-4: Pipe Replacement (7/28/2026 - 8/11/2026) MLV 109-5 to MLV 109-5A: Pipe Replacement (8/18/2026 - 9/1/2026) MLV 109-5A to MLV 110-5: Pipe Replacement (8/18/2026 - 9/1/2026) MLV 54-3 to MLV 106-3: Emergent Repair - CAO (2/26/2026 - 12/31/2026) MLV 87-3 to MLV 96-3: Pig Run - Cleaning / Gauge (8/25/2026) MLV 87-3 to MLV 96-3: Pig Run - EMAT (8/27/2026) MLV 96-3BR to MLV 96-3BL: Spike Test (7/27/2026 - 8/31/2026) Sta 106: Unit 1D - 4K Solar Turbine Inspection (8/18/2026 - 8/20/2026) Sta 110: Install ESD Silence Covers (8/24/2026 - 8/28/2026) Sta 87: Unit 3D - Power side Overhaul (6/22/2026 - 9/30/2026) Sta 871: Unit 1A - Emergent Repair (7/10/2026 - 8/7/2026) Sta 871: Unit 3A - Engine Maintenance (8/24/2026 - 9/11/2026) Sta 875: Unit 1A- 8K Solar Turbine Inspection (8/17/2026 - 8/21/2026) Sta 96: Unit 2D - Install Ball Grove Valve (8/3/2026 - 8/7/2026),km_tgp_notice_detail:1787932379861928000:23741b66d7407ab1b0aa02cbf87f8ad866a92ac7c4970e9018c70e03306c4863,km_tgp_notice_detail:1787932440411970000:fe760e2691bbc4b678db9da376209d6169743431155205cc6327667d3fd200dd
402843,402674,monthly,2026-07-16,2026-07-16 15:31:39-04:00,2026-09-07,2026-09-13,Station 860 (segment 548 BH),548,BH,786000,790000,4000,803000,"MLV 546-2 to MLV 547-2: Line Recoat (9/8/2026 - 9/10/2026) Sta 546: Annual ESD Tests & Maintenance (9/7/2026 - 9/11/2026) Sta 555: Scrubber/Filter/Separator Clean, Inspect & Filter Change (9/14/2026) Sta 555: Unit 1B - Hot Gas Path (8/10/2026 - 9/11/2026)",km_tgp_notice_detail:1787932379861928000:23741b66d7407ab1b0aa02cbf87f8ad866a92ac7c4970e9018c70e03306c4863,km_tgp_notice_detail:1787932440411970000:fe760e2691bbc4b678db9da376209d6169743431155205cc6327667d3fd200dd
402843,402674,monthly,2026-07-16,2026-07-16 15:31:39-04:00,2026-08-24,2026-08-30,Station 110 (segment 187 BH) (south thru Kentucky),187,BH,1882000,1883000,1000,802000,MLV 104-1 to MLV 105-1: Anomaly Remediation (8/6/2026 - 9/6/2026) MLV 109-4 to 110-4: Valve Installation & Crossover Work (7/28/2026 - 8/11/2026) MLV 109-4 to MLV 110-4: Pipe Replacement (7/28/2026 - 8/11/2026) MLV 109-5 to MLV 109-5A: Pipe Replacement (8/18/2026 - 9/1/2026) MLV 109-5A to MLV 110-5: Pipe Replacement (8/18/2026 - 9/1/2026) MLV 54-3 to MLV 106-3: Emergent Repair - CAO (2/26/2026 - 12/31/2026) MLV 87-3 to MLV 96-3: Pig Run - Cleaning / Gauge (8/25/2026) MLV 87-3 to MLV 96-3: Pig Run - EMAT (8/27/2026) MLV 96-3BR to MLV 96-3BL: Spike Test (7/27/2026 - 8/31/2026) Sta 106: Unit 1D - 4K Solar Turbine Inspection (8/18/2026 - 8/20/2026) Sta 110: Install ESD Silence Covers (8/24/2026 - 8/28/2026) Sta 87: Unit 3D - Power side Overhaul (6/22/2026 - 9/30/2026) Sta 871: Unit 1A - Emergent Repair (7/10/2026 - 8/7/2026) Sta 871: Unit 3A - Engine Maintenance (8/24/2026 - 9/11/2026) Sta 875: Unit 1A- 8K Solar Turbine Inspection (8/17/2026 - 8/21/2026) Sta 96: Unit 2D - Install Ball Grove Valve (8/3/2026 - 8/7/2026),km_tgp_notice_detail:1787932379861928000:23741b66d7407ab1b0aa02cbf87f8ad866a92ac7c4970e9018c70e03306c4863,km_tgp_notice_detail:1787932440411970000:fe760e2691bbc4b678db9da376209d6169743431155205cc6327667d3fd200dd
402674,402501,monthly,2026-07-09,2026-07-09 15:43:32-04:00,2026-07-20,2026-07-26,Station 9 (segment 109 BH),109,BH,660000,890000,230000,137000,MLV 11-1A to MLV 11-1: Anomaly Remediation (7/15/2026 - 7/27/2026) MLV 12-1 to MLV 11-1A: PHMSA Immediate (7/15/2026 - 7/27/2026) MLV 13-1 to MLV 12-1: Anomaly Remediation (7/15/2026 - 7/27/2026) MLV 16-1 to MLV 15-1: PHMSA Immediate (7/28/2026 - 8/3/2026) MLV 16-1R to MLV 16-1: PHMSA Immediate (7/28/2026 - 8/3/2026),km_tgp_notice_detail:1787932440411970000:fe760e2691bbc4b678db9da376209d6169743431155205cc6327667d3fd200dd,km_tgp_notice_detail:1787932452517286000:1bbf6c95d19b3eaf408117dc7d0b38ab933399e56e1dbdc08adf9784f1b2f273
402674,402501,monthly,2026-07-09,2026-07-09 15:43:32-04:00,2026-09-07,2026-09-13,Station 204 (Segment 204 BH),204,BH,1540000,1760000,220000,68000,MLV 214-3 to MLV 219-3: Pig Run - Cal/IMU/MFL-A Combo (M) (9/10/2026) MLV 214-3 to MLV 219-3: Pig Run - Gauge/Cleaning (M) (9/8/2026) Sta 204: Scrubber Filter Change (9/24/2026 - 9/26/2026) Sta 209 Cambridge: Scrubber Filter (9/21/2026 - 9/23/2026),km_tgp_notice_detail:1787932440411970000:fe760e2691bbc4b678db9da376209d6169743431155205cc6327667d3fd200dd,km_tgp_notice_detail:1787932452517286000:1bbf6c95d19b3eaf408117dc7d0b38ab933399e56e1dbdc08adf9784f1b2f273
402674,402501,monthly,2026-07-09,2026-07-09 15:43:32-04:00,2026-07-20,2026-07-26,Station 114 (segment 114 BH),114,BH,907000,726000,-181000,181000,MLV 113-2 to MLV 114-2: Emergent Repair (7/7/2026 - 9/27/2026),km_tgp_notice_detail:1787932440411970000:fe760e2691bbc4b678db9da376209d6169743431155205cc6327667d3fd200dd,km_tgp_notice_detail:1787932452517286000:1bbf6c95d19b3eaf408117dc7d0b38ab933399e56e1dbdc08adf9784f1b2f273
402674,402501,monthly,2026-07-09,2026-07-09 15:43:32-04:00,2026-09-21,2026-09-27,Station 114 (segment 114 BH),114,BH,907000,726000,-181000,181000,MLV 113-2 to MLV 114-2: Emergent Repair (7/7/2026 - 9/27/2026) Sta 119A: Unit 1A - Solar Turbine Inspection (9/14/2026 - 9/16/2026),km_tgp_notice_detail:1787932440411970000:fe760e2691bbc4b678db9da376209d6169743431155205cc6327667d3fd200dd,km_tgp_notice_detail:1787932452517286000:1bbf6c95d19b3eaf408117dc7d0b38ab933399e56e1dbdc08adf9784f1b2f273
402674,402501,monthly,2026-07-09,2026-07-09 15:43:32-04:00,2026-08-31,2026-09-06,Station 114 (segment 114 BH),114,BH,907000,726000,-181000,181000,MLV 113-2 to MLV 114-2: Emergent Repair (7/7/2026 - 9/27/2026) Sta 119A: Unit 1A - Solar Turbine Inspection (9/14/2026 - 9/16/2026),km_tgp_notice_detail:1787932440411970000:fe760e2691bbc4b678db9da376209d6169743431155205cc6327667d3fd200dd,km_tgp_notice_detail:1787932452517286000:1bbf6c95d19b3eaf408117dc7d0b38ab933399e56e1dbdc08adf9784f1b2f273
402674,402501,monthly,2026-07-09,2026-07-09 15:43:32-04:00,2026-07-27,2026-08-02,Station 114 (segment 114 BH),114,BH,907000,726000,-181000,181000,MLV 113-2 to MLV 114-2: Emergent Repair (7/7/2026 - 9/27/2026),km_tgp_notice_detail:1787932440411970000:fe760e2691bbc4b678db9da376209d6169743431155205cc6327667d3fd200dd,km_tgp_notice_detail:1787932452517286000:1bbf6c95d19b3eaf408117dc7d0b38ab933399e56e1dbdc08adf9784f1b2f273
402674,402501,monthly,2026-07-09,2026-07-09 15:43:32-04:00,2026-08-03,2026-08-09,Station 114 (segment 114 BH),114,BH,907000,726000,-181000,181000,MLV 113-2 to MLV 114-2: Emergent Repair (7/7/2026 - 9/27/2026) MLV 117-3 to MLV 118-3: Special Permit Pipe Replacement (8/10/2026 - 8/30/2026) MLV 119-2 to MLV 119-2A: Special Permit Pipe Replacement (8/10/2026 - 8/30/2026),km_tgp_notice_detail:1787932440411970000:fe760e2691bbc4b678db9da376209d6169743431155205cc6327667d3fd200dd,km_tgp_notice_detail:1787932452517286000:1bbf6c95d19b3eaf408117dc7d0b38ab933399e56e1dbdc08adf9784f1b2f273
402674,402501,monthly,2026-07-09,2026-07-09 15:43:32-04:00,2026-09-07,2026-09-13,Station 114 (segment 114 BH),114,BH,907000,726000,-181000,181000,MLV 113-2 to MLV 114-2: Emergent Repair (7/7/2026 - 9/27/2026) Sta 119A: Unit 1A - Solar Turbine Inspection (9/14/2026 - 9/16/2026),km_tgp_notice_detail:1787932440411970000:fe760e2691bbc4b678db9da376209d6169743431155205cc6327667d3fd200dd,km_tgp_notice_detail:1787932452517286000:1bbf6c95d19b3eaf408117dc7d0b38ab933399e56e1dbdc08adf9784f1b2f273
402674,402501,monthly,2026-07-09,2026-07-09 15:43:32-04:00,2026-07-20,2026-07-26,Station 307 (segment 307 BH),307,BH,930000,1110000,180000,43000,Sta 219: Unit 1B - Protective Device Checks & GHG (7/20/2026 - 7/24/2026) Sta 219: Unit 1B - Save Air System (7/20/2026 - 7/31/2026) Sta 307: Unit 1A - Protective Device Checks (7/20/2026 - 7/24/2026) Sta 307: Unit 2A - Protective Device Checks (7/20/2026 - 7/24/2026) Sta 307: Unit 3A - Protective Device Checks (7/20/2026 - 7/24/2026) Sta 307: Unit 4A - Protective Device Checks (7/20/2026 - 7/24/2026),km_tgp_notice_detail:1787932440411970000:fe760e2691bbc4b678db9da376209d6169743431155205cc6327667d3fd200dd,km_tgp_notice_detail:1787932452517286000:1bbf6c95d19b3eaf408117dc7d0b38ab933399e56e1dbdc08adf9784f1b2f273
402674,402501,monthly,2026-07-09,2026-07-09 15:43:32-04:00,2026-07-27,2026-08-02,Station 9 (segment 109 BH),109,BH,985000,885000,-100000,142000,MLV 11-1A to MLV 11-1: Anomaly Remediation (7/15/2026 - 7/27/2026) MLV 12-1 to MLV 11-1A: PHMSA Immediate (7/15/2026 - 7/27/2026) MLV 13-1 to MLV 12-1: Anomaly Remediation (7/15/2026 - 7/27/2026) MLV 16-1 to MLV 15-1: PHMSA Immediate (7/28/2026 - 8/3/2026) MLV 16-1R to MLV 16-1: PHMSA Immediate (7/28/2026 - 8/3/2026),km_tgp_notice_detail:1787932440411970000:fe760e2691bbc4b678db9da376209d6169743431155205cc6327667d3fd200dd,km_tgp_notice_detail:1787932452517286000:1bbf6c95d19b3eaf408117dc7d0b38ab933399e56e1dbdc08adf9784f1b2f273
402674,402501,monthly,2026-07-09,2026-07-09 15:43:32-04:00,2026-09-14,2026-09-20,Station 204 (Segment 204 BH),204,BH,1760000,1828000,68000,0,MLV 214-3 to MLV 219-3: Pig Run - Cal/IMU/MFL-A Combo (M) (9/10/2026) MLV 214-3 to MLV 219-3: Pig Run - Gauge/Cleaning (M) (9/8/2026) Sta 204: Scrubber Filter Change (9/24/2026 - 9/26/2026) Sta 209 Cambridge: Scrubber Filter (9/21/2026 - 9/23/2026),km_tgp_notice_detail:1787932440411970000:fe760e2691bbc4b678db9da376209d6169743431155205cc6327667d3fd200dd,km_tgp_notice_detail:1787932452517286000:1bbf6c95d19b3eaf408117dc7d0b38ab933399e56e1dbdc08adf9784f1b2f273
402674,402501,monthly,2026-07-09,2026-07-09 15:43:32-04:00,2026-08-31,2026-09-06,Station 110 (segment 187 BH) (south thru Kentucky),187,BH,1964000,1899000,-65000,786000,MLV 104-1 to MLV 105-1: Anomaly Remediation (8/6/2026 - 9/6/2026) MLV 104-3 to MLV 106-3S: HDD at Kentucky River (9/2/2026 - 9/6/2026) MLV 105-1 to MLV 105-1A: Anomaly Remediation (9/7/2026 - 9/12/2026) MLV 109-3A to MLV 110-3: Pipe Replacement (9/8/2026 - 9/15/2026) MLV 109-5 to MLV 109-5A: Pipe Replacement (8/18/2026 - 9/1/2026) MLV 109-5A to MLV 110-5: Pipe Replacement (8/18/2026 - 9/1/2026) MLV 54-3 to MLV 106-3: Emergent Repair - CAO (2/26/2026 - 12/31/2026) MLV 96-3BR to MLV 96-3BL: Spike Test (7/27/2026 - 8/31/2026) Sta 106: Unit 2D - 4K Solar Turbine Inspection (9/16/2026 - 9/18/2026) Sta 87: Unit 3D - Power side Overhaul (6/22/2026 - 9/30/2026) Sta 871 Campbellsville: Annual ESD Test (9/1/2026),km_tgp_notice_detail:1787932440411970000:fe760e2691bbc4b678db9da376209d6169743431155205cc6327667d3fd200dd,km_tgp_notice_detail:1787932452517286000:1bbf6c95d19b3eaf408117dc7d0b38ab933399e56e1dbdc08adf9784f1b2f273
402674,402501,monthly,2026-07-09,2026-07-09 15:43:32-04:00,2026-08-03,2026-08-09,Station 9 (segment 109 BH),109,BH,945000,885000,-60000,142000,MLV 16-1 to MLV 15-1: PHMSA Immediate (7/28/2026 - 8/3/2026) MLV 16-1R to MLV 16-1: PHMSA Immediate (7/28/2026 - 8/3/2026) MLV 5-2 to MLV 1-2D: Pig Run - Cleaning Gauge (M) (8/13/2026) MLV 5-2 to MLV 1-2D: Pig Run - Cleaning Gauge (M) (8/14/2026) MLV 5-2 to MLV 1-2D: Pig Run - Cleaning Gauge (M) (8/15/2026) MLV 5-2 to MLV 1-2D: Pig Run - Cleaning Gauge (M) (8/16/2026) MLV 5-2 to MLV 1-2D: Pig Run - Cleaning Gauge (M) (8/17/2026) MLV 5-2 to MLV 1-2D: Pig Run - Cleaning Gauge (M) (8/18/2026) MLV 5-2 to MLV 1-2D: Pig Run - Cleaning Gauge (M) (8/19/2026) MLV 5-2 to MLV 1-2D: Pig Run - TDW MDS (M) (8/20/2026),km_tgp_notice_detail:1787932440411970000:fe760e2691bbc4b678db9da376209d6169743431155205cc6327667d3fd200dd,km_tgp_notice_detail:1787932452517286000:1bbf6c95d19b3eaf408117dc7d0b38ab933399e56e1dbdc08adf9784f1b2f273
402674,402501,monthly,2026-07-09,2026-07-09 15:43:32-04:00,2026-09-14,2026-09-20,Station 114 (segment 114 BH),114,BH,772000,721000,-51000,186000,MLV 113-2 to MLV 114-2: Emergent Repair (7/7/2026 - 9/27/2026) Sta 119A: Unit 1A - Solar Turbine Inspection (9/14/2026 - 9/16/2026),km_tgp_notice_detail:1787932440411970000:fe760e2691bbc4b678db9da376209d6169743431155205cc6327667d3fd200dd,km_tgp_notice_detail:1787932452517286000:1bbf6c95d19b3eaf408117dc7d0b38ab933399e56e1dbdc08adf9784f1b2f273
402674,402501,monthly,2026-07-09,2026-07-09 15:43:32-04:00,2026-08-17,2026-08-23,Station 110 (segment 187 BH) (south thru Kentucky),187,BH,2097000,2070000,-27000,615000,MLV 104-1 to MLV 105-1: Anomaly Remediation (8/6/2026 - 9/6/2026) MLV 109-4 to 110-4: Valve Installation & Crossover Work (7/28/2026 - 8/11/2026) MLV 109-4 to MLV 110-4: Pipe Replacement (7/28/2026 - 8/11/2026) MLV 109-5 to MLV 109-5A: Pipe Replacement (8/18/2026 - 9/1/2026) MLV 109-5A to MLV 110-5: Pipe Replacement (8/18/2026 - 9/1/2026) MLV 54-3 to MLV 106-3: Emergent Repair - CAO (2/26/2026 - 12/31/2026) MLV 87-3 to MLV 96-3: Pig Run - Cleaning / Gauge (8/25/2026) MLV 87-3 to MLV 96-3: Pig Run - EMAT (8/27/2026) MLV 96-3BR to MLV 96-3BL: Spike Test (7/27/2026 - 8/31/2026) Sta 106: Unit 1D - 4K Solar Turbine Inspection (8/18/2026 - 8/20/2026) Sta 110: Install ESD Silence Covers (8/24/2026 - 8/28/2026) Sta 87: Unit 3D - Power side Overhaul (6/22/2026 - 9/30/2026) Sta 875: Unit 1A- 8K Solar Turbine Inspection (8/17/2026 - 8/21/2026) Sta 96: Unit 2D - Install Ball Grove Valve (8/3/2026 - 8/7/2026),km_tgp_notice_detail:1787932440411970000:fe760e2691bbc4b678db9da376209d6169743431155205cc6327667d3fd200dd,km_tgp_notice_detail:1787932452517286000:1bbf6c95d19b3eaf408117dc7d0b38ab933399e56e1dbdc08adf9784f1b2f273
402674,402501,monthly,2026-07-09,2026-07-09 15:43:32-04:00,2026-09-14,2026-09-20,MLV 329 (segment 324 FH),324,FH,846000,830000,-16000,16000,MLV 329AS-1 to MLV 329AD-1: Valve Replacement - MLV 329-1 (M) (9/9/2026 - 10/9/2026),km_tgp_notice_detail:1787932440411970000:fe760e2691bbc4b678db9da376209d6169743431155205cc6327667d3fd200dd,km_tgp_notice_detail:1787932452517286000:1bbf6c95d19b3eaf408117dc7d0b38ab933399e56e1dbdc08adf9784f1b2f273
402674,402501,monthly,2026-07-09,2026-07-09 15:43:32-04:00,2026-09-07,2026-09-13,MLV 329 (segment 324 FH),324,FH,846000,830000,-16000,16000,MLV 329AS-1 to MLV 329AD-1: Valve Replacement - MLV 329-1 (M) (9/9/2026 - 10/9/2026),km_tgp_notice_detail:1787932440411970000:fe760e2691bbc4b678db9da376209d6169743431155205cc6327667d3fd200dd,km_tgp_notice_detail:1787932452517286000:1bbf6c95d19b3eaf408117dc7d0b38ab933399e56e1dbdc08adf9784f1b2f273
402674,402501,monthly,2026-07-09,2026-07-09 15:43:32-04:00,2026-09-21,2026-09-27,MLV 329 (segment 324 FH),324,FH,846000,830000,-16000,16000,MLV 329AS-1 to MLV 329AD-1: Valve Replacement - MLV 329-1 (M) (9/9/2026 - 10/9/2026),km_tgp_notice_detail:1787932440411970000:fe760e2691bbc4b678db9da376209d6169743431155205cc6327667d3fd200dd,km_tgp_notice_detail:1787932452517286000:1bbf6c95d19b3eaf408117dc7d0b38ab933399e56e1dbdc08adf9784f1b2f273
402674,402501,monthly,2026-07-09,2026-07-09 15:43:32-04:00,2026-08-17,2026-08-23,Station 114 (segment 114 BH),114,BH,393000,381000,-12000,526000,MLV 113-2 to MLV 114-2: Emergent Repair (7/7/2026 - 9/27/2026) MLV 117-3 to MLV 118-3: Special Permit Pipe Replacement (8/10/2026 - 8/30/2026) MLV 119-2 to MLV 119-2A: Special Permit Pipe Replacement (8/10/2026 - 8/30/2026),km_tgp_notice_detail:1787932440411970000:fe760e2691bbc4b678db9da376209d6169743431155205cc6327667d3fd200dd,km_tgp_notice_detail:1787932452517286000:1bbf6c95d19b3eaf408117dc7d0b38ab933399e56e1dbdc08adf9784f1b2f273
402674,402501,monthly,2026-07-09,2026-07-09 15:43:32-04:00,2026-08-24,2026-08-30,Station 114 (segment 114 BH),114,BH,393000,381000,-12000,526000,MLV 113-2 to MLV 114-2: Emergent Repair (7/7/2026 - 9/27/2026) MLV 117-3 to MLV 118-3: Special Permit Pipe Replacement (8/10/2026 - 8/30/2026) MLV 119-2 to MLV 119-2A: Special Permit Pipe Replacement (8/10/2026 - 8/30/2026),km_tgp_notice_detail:1787932440411970000:fe760e2691bbc4b678db9da376209d6169743431155205cc6327667d3fd200dd,km_tgp_notice_detail:1787932452517286000:1bbf6c95d19b3eaf408117dc7d0b38ab933399e56e1dbdc08adf9784f1b2f273
402674,402501,monthly,2026-07-09,2026-07-09 15:43:32-04:00,2026-08-10,2026-08-16,Station 114 (segment 114 BH),114,BH,393000,381000,-12000,526000,MLV 113-2 to MLV 114-2: Emergent Repair (7/7/2026 - 9/27/2026) MLV 117-3 to MLV 118-3: Special Permit Pipe Replacement (8/10/2026 - 8/30/2026) MLV 119-2 to MLV 119-2A: Special Permit Pipe Replacement (8/10/2026 - 8/30/2026),km_tgp_notice_detail:1787932440411970000:fe760e2691bbc4b678db9da376209d6169743431155205cc6327667d3fd200dd,km_tgp_notice_detail:1787932452517286000:1bbf6c95d19b3eaf408117dc7d0b38ab933399e56e1dbdc08adf9784f1b2f273
402674,402501,monthly,2026-07-09,2026-07-09 15:43:32-04:00,2026-08-24,2026-08-30,Station 110 (segment 187 BH) (south thru Kentucky),187,BH,1890000,1882000,-8000,803000,MLV 104-1 to MLV 105-1: Anomaly Remediation (8/6/2026 - 9/6/2026) MLV 109-4 to 110-4: Valve Installation & Crossover Work (7/28/2026 - 8/11/2026) MLV 109-4 to MLV 110-4: Pipe Replacement (7/28/2026 - 8/11/2026) MLV 109-5 to MLV 109-5A: Pipe Replacement (8/18/2026 - 9/1/2026) MLV 109-5A to MLV 110-5: Pipe Replacement (8/18/2026 - 9/1/2026) MLV 54-3 to MLV 106-3: Emergent Repair - CAO (2/26/2026 - 12/31/2026) MLV 87-3 to MLV 96-3: Pig Run - Cleaning / Gauge (8/25/2026) MLV 87-3 to MLV 96-3: Pig Run - EMAT (8/27/2026) MLV 96-3BR to MLV 96-3BL: Spike Test (7/27/2026 - 8/31/2026) Sta 106: Unit 1D - 4K Solar Turbine Inspection (8/18/2026 - 8/20/2026) Sta 110: Install ESD Silence Covers (8/24/2026 - 8/28/2026) Sta 87: Unit 3D - Power side Overhaul (6/22/2026 - 9/30/2026) Sta 875: Unit 1A- 8K Solar Turbine Inspection (8/17/2026 - 8/21/2026) Sta 96: Unit 2D - Install Ball Grove Valve (8/3/2026 - 8/7/2026),km_tgp_notice_detail:1787932440411970000:fe760e2691bbc4b678db9da376209d6169743431155205cc6327667d3fd200dd,km_tgp_notice_detail:1787932452517286000:1bbf6c95d19b3eaf408117dc7d0b38ab933399e56e1dbdc08adf9784f1b2f273
402501,402329,monthly,2026-07-02,2026-07-02 15:53:19-04:00,2026-07-20,2026-07-26,Station 534 South of Pool (segment 530 BH),530,BH,1528000,985000,-543000,565000,MLV 533-2 to MLV 534-2: Pipe Replacement (M) (6/4/2026 - 9/4/2026) Sta 530: Unit 1A - Bearings (8/25/2025 - 12/31/2026) Sta 530: Unit 3A - Crankshaft Replacement (6/9/2025 - 12/31/2026) Sta 530: Unit 5A - Top-End Overhaul (6/9/2025 - 12/31/2026),km_tgp_notice_detail:1787932452517286000:1bbf6c95d19b3eaf408117dc7d0b38ab933399e56e1dbdc08adf9784f1b2f273,km_tgp_notice_detail:1787932459359984000:c79e99b1354e8edd30b1cf3abe4fbe83ae10e868609813610ce07f8436c1299f
402501,402329,monthly,2026-07-02,2026-07-02 15:53:19-04:00,2026-07-27,2026-08-02,Station 534 South of Pool (segment 530 BH),530,BH,1528000,985000,-543000,565000,MLV 533-2 to MLV 534-2: Pipe Replacement (M) (6/4/2026 - 9/4/2026) Sta 530: Unit 1A - Bearings (8/25/2025 - 12/31/2026) Sta 530: Unit 3A - Crankshaft Replacement (6/9/2025 - 12/31/2026) Sta 530: Unit 5A - Top-End Overhaul (6/9/2025 - 12/31/2026),km_tgp_notice_detail:1787932452517286000:1bbf6c95d19b3eaf408117dc7d0b38ab933399e56e1dbdc08adf9784f1b2f273,km_tgp_notice_detail:1787932459359984000:c79e99b1354e8edd30b1cf3abe4fbe83ae10e868609813610ce07f8436c1299f
402501,402329,monthly,2026-07-02,2026-07-02 15:53:19-04:00,2026-08-10,2026-08-16,Station 534 South of Pool (segment 530 BH),530,BH,1528000,985000,-543000,565000,MLV 533-2 to MLV 534-2: Pipe Replacement (M) (6/4/2026 - 9/4/2026) Sta 530: Unit 1A - Bearings (8/25/2025 - 12/31/2026) Sta 530: Unit 3A - Crankshaft Replacement (6/9/2025 - 12/31/2026) Sta 530: Unit 5A - Top-End Overhaul (6/9/2025 - 12/31/2026),km_tgp_notice_detail:1787932452517286000:1bbf6c95d19b3eaf408117dc7d0b38ab933399e56e1dbdc08adf9784f1b2f273,km_tgp_notice_detail:1787932459359984000:c79e99b1354e8edd30b1cf3abe4fbe83ae10e868609813610ce07f8436c1299f
402501,402329,monthly,2026-07-02,2026-07-02 15:53:19-04:00,2026-08-31,2026-09-06,Station 534 South of Pool (segment 530 BH),530,BH,1528000,985000,-543000,565000,MLV 533-2 to MLV 534-2: Pipe Replacement (M) (6/4/2026 - 9/4/2026) Sta 530: Unit 1A - Bearings (8/25/2025 - 12/31/2026) Sta 530: Unit 3A - Crankshaft Replacement (6/9/2025 - 12/31/2026) Sta 530: Unit 5A - Top-End Overhaul (6/9/2025 - 12/31/2026),km_tgp_notice_detail:1787932452517286000:1bbf6c95d19b3eaf408117dc7d0b38ab933399e56e1dbdc08adf9784f1b2f273,km_tgp_notice_detail:1787932459359984000:c79e99b1354e8edd30b1cf3abe4fbe83ae10e868609813610ce07f8436c1299f
402501,402329,monthly,2026-07-02,2026-07-02 15:53:19-04:00,2026-08-24,2026-08-30,Station 534 South of Pool (segment 530 BH),530,BH,1528000,985000,-543000,565000,MLV 533-2 to MLV 534-2: Pipe Replacement (M) (6/4/2026 - 9/4/2026) Sta 530: Unit 1A - Bearings (8/25/2025 - 12/31/2026) Sta 530: Unit 3A - Crankshaft Replacement (6/9/2025 - 12/31/2026) Sta 530: Unit 5A - Top-End Overhaul (6/9/2025 - 12/31/2026),km_tgp_notice_detail:1787932452517286000:1bbf6c95d19b3eaf408117dc7d0b38ab933399e56e1dbdc08adf9784f1b2f273,km_tgp_notice_detail:1787932459359984000:c79e99b1354e8edd30b1cf3abe4fbe83ae10e868609813610ce07f8436c1299f
402501,402329,monthly,2026-07-02,2026-07-02 15:53:19-04:00,2026-08-03,2026-08-09,Station 534 South of Pool (segment 530 BH),530,BH,1528000,985000,-543000,565000,MLV 533-2 to MLV 534-2: Pipe Replacement (M) (6/4/2026 - 9/4/2026) Sta 530: Unit 1A - Bearings (8/25/2025 - 12/31/2026) Sta 530: Unit 3A - Crankshaft Replacement (6/9/2025 - 12/31/2026) Sta 530: Unit 5A - Top-End Overhaul (6/9/2025 - 12/31/2026),km_tgp_notice_detail:1787932452517286000:1bbf6c95d19b3eaf408117dc7d0b38ab933399e56e1dbdc08adf9784f1b2f273,km_tgp_notice_detail:1787932459359984000:c79e99b1354e8edd30b1cf3abe4fbe83ae10e868609813610ce07f8436c1299f
402501,402329,monthly,2026-07-02,2026-07-02 15:53:19-04:00,2026-07-13,2026-07-19,Station 534 South of Pool (segment 530 BH),530,BH,1528000,985000,-543000,565000,MLV 533-2 to MLV 534-2: Pipe Replacement (M) (6/4/2026 - 9/4/2026) Sta 530: Unit 1A - Bearings (8/25/2025 - 12/31/2026) Sta 530: Unit 3A - Crankshaft Replacement (6/9/2025 - 12/31/2026) Sta 530: Unit 5A - Top-End Overhaul (6/9/2025 - 12/31/2026),km_tgp_notice_detail:1787932452517286000:1bbf6c95d19b3eaf408117dc7d0b38ab933399e56e1dbdc08adf9784f1b2f273,km_tgp_notice_detail:1787932459359984000:c79e99b1354e8edd30b1cf3abe4fbe83ae10e868609813610ce07f8436c1299f
402501,402329,monthly,2026-07-02,2026-07-02 15:53:19-04:00,2026-08-17,2026-08-23,Station 534 South of Pool (segment 530 BH),530,BH,1528000,985000,-543000,565000,MLV 533-2 to MLV 534-2: Pipe Replacement (M) (6/4/2026 - 9/4/2026) Sta 530: Unit 1A - Bearings (8/25/2025 - 12/31/2026) Sta 530: Unit 3A - Crankshaft Replacement (6/9/2025 - 12/31/2026) Sta 530: Unit 5A - Top-End Overhaul (6/9/2025 - 12/31/2026),km_tgp_notice_detail:1787932452517286000:1bbf6c95d19b3eaf408117dc7d0b38ab933399e56e1dbdc08adf9784f1b2f273,km_tgp_notice_detail:1787932459359984000:c79e99b1354e8edd30b1cf3abe4fbe83ae10e868609813610ce07f8436c1299f
402501,402329,monthly,2026-07-02,2026-07-02 15:53:19-04:00,2026-08-31,2026-09-06,Station 114 (segment 114 BH),114,BH,393000,907000,514000,0,Sta 118A: Solar Turbine Inspection (9/14/2026 - 9/16/2026),km_tgp_notice_detail:1787932452517286000:1bbf6c95d19b3eaf408117dc7d0b38ab933399e56e1dbdc08adf9784f1b2f273,km_tgp_notice_detail:1787932459359984000:c79e99b1354e8edd30b1cf3abe4fbe83ae10e868609813610ce07f8436c1299f
402501,402329,monthly,2026-07-02,2026-07-02 15:53:19-04:00,2026-08-17,2026-08-23,Station 9 (segment 109 BH),109,BH,945000,640000,-305000,387000,MLV 13-1 to MLV 12-1: Anomaly Remediation (8/3/2026 - 8/14/2026) MLV 5-2 to MLV 1-2D: Pig Run - Cleaning Gauge (M) (8/13/2026) MLV 5-2 to MLV 1-2D: Pig Run - Cleaning Gauge (M) (8/14/2026) MLV 5-2 to MLV 1-2D: Pig Run - Cleaning Gauge (M) (8/15/2026) MLV 5-2 to MLV 1-2D: Pig Run - Cleaning Gauge (M) (8/16/2026) MLV 5-2 to MLV 1-2D: Pig Run - Cleaning Gauge (M) (8/17/2026) MLV 5-2 to MLV 1-2D: Pig Run - Cleaning Gauge (M) (8/18/2026) MLV 5-2 to MLV 1-2D: Pig Run - Cleaning Gauge (M) (8/19/2026) MLV 5-2 to MLV 1-2D: Pig Run - TDW MDS (M) (8/20/2026),km_tgp_notice_detail:1787932452517286000:1bbf6c95d19b3eaf408117dc7d0b38ab933399e56e1dbdc08adf9784f1b2f273,km_tgp_notice_detail:1787932459359984000:c79e99b1354e8edd30b1cf3abe4fbe83ae10e868609813610ce07f8436c1299f
402501,402329,monthly,2026-07-02,2026-07-02 15:53:19-04:00,2026-08-10,2026-08-16,Station 9 (segment 109 BH),109,BH,945000,640000,-305000,387000,MLV 13-1 to MLV 12-1: Anomaly Remediation (8/3/2026 - 8/14/2026) MLV 5-2 to MLV 1-2D: Pig Run - Cleaning Gauge (M) (8/13/2026) MLV 5-2 to MLV 1-2D: Pig Run - Cleaning Gauge (M) (8/14/2026) MLV 5-2 to MLV 1-2D: Pig Run - Cleaning Gauge (M) (8/15/2026) MLV 5-2 to MLV 1-2D: Pig Run - Cleaning Gauge (M) (8/16/2026) MLV 5-2 to MLV 1-2D: Pig Run - Cleaning Gauge (M) (8/17/2026) MLV 5-2 to MLV 1-2D: Pig Run - Cleaning Gauge (M) (8/18/2026) MLV 5-2 to MLV 1-2D: Pig Run - Cleaning Gauge (M) (8/19/2026) MLV 5-2 to MLV 1-2D: Pig Run - TDW MDS (M) (8/20/2026),km_tgp_notice_detail:1787932452517286000:1bbf6c95d19b3eaf408117dc7d0b38ab933399e56e1dbdc08adf9784f1b2f273,km_tgp_notice_detail:1787932459359984000:c79e99b1354e8edd30b1cf3abe4fbe83ae10e868609813610ce07f8436c1299f
402501,402329,monthly,2026-07-02,2026-07-02 15:53:19-04:00,2026-08-31,2026-09-06,Station 110 (segment 187 BH) (south thru Kentucky),187,BH,2200000,1964000,-236000,721000,MLV 101-1 to MLV 102-1: Anomaly Remediation (8/31/2026 - 9/5/2026) MLV 104-3 to MLV 106-3S: HDD at Kentucky River (9/2/2026 - 9/6/2026) MLV 105-1 to MLV 105-1A: Anomaly Remediation (9/7/2026 - 9/12/2026) MLV 109-3A to MLV 110-3: Pipe Replacement (9/8/2026 - 9/15/2026) MLV 109-5 to MLV 109-5A: Pipe Replacement (8/18/2026 - 9/1/2026) MLV 109-5A to MLV 110-5: Pipe Replacement (8/18/2026 - 9/1/2026) MLV 54-3 to MLV 106-3: Emergent Repair - CAO (2/26/2026 - 12/31/2026) MLV 96-3BR to MLV 96-3BL: Spike Test (7/27/2026 - 8/31/2026) Sta 106: Unit 2D - 4K Solar Turbine Inspection (9/16/2026 - 9/18/2026) Sta 87: Unit 3D - Power side Overhaul (6/22/2026 - 9/30/2026) Sta 871 Campbellsville: Annual ESD Test (9/1/2026),km_tgp_notice_detail:1787932452517286000:1bbf6c95d19b3eaf408117dc7d0b38ab933399e56e1dbdc08adf9784f1b2f273,km_tgp_notice_detail:1787932459359984000:c79e99b1354e8edd30b1cf3abe4fbe83ae10e868609813610ce07f8436c1299f
402501,402329,monthly,2026-07-02,2026-07-02 15:53:19-04:00,2026-07-13,2026-07-19,Station 110 (segment 187 BH) (south thru Kentucky),187,BH,1930000,2150000,220000,535000,MLV 104-1 to MLV 105-1: Anomaly Remediation (7/13/2026 - 8/15/2026) MLV 107-7 to 110-7: Valve Installation & Crossover Work (7/7/2026 - 7/27/2026) MLV 109-4 to 110-4: Valve Installation & Crossover Work (7/28/2026 - 8/11/2026) MLV 109-4 to MLV 110-4: Pipe Replacement (7/28/2026 - 8/11/2026) MLV 109-7 to MLV 110-7: Pipe Replacement (7/7/2026 - 7/27/2026) MLV 54-3 to MLV 106-3: Emergent Repair - CAO (2/26/2026 - 12/31/2026) MLV 87-3 to MLV 96-3: Pig Run - EMAT (7/21/2026) MLV 96-3BR to MLV 96-3BL: Spike Test (7/27/2026 - 8/31/2026) Sta 106: C Building - Install Water Trech System (7/13/2026 - 7/17/2026) Sta 87: Unit 3D - Power side Overhaul (6/22/2026 - 9/30/2026) Sta 871: Unit 3A - Engine Maintenance (6/29/2026 - 7/17/2026) Sta 96 Campbellsville: Annual ESD Test (7/14/2026 - 7/15/2026) Sta 96 Campbellsville: Annual Substation Inspection (7/13/2026 - 7/16/2026),km_tgp_notice_detail:1787932452517286000:1bbf6c95d19b3eaf408117dc7d0b38ab933399e56e1dbdc08adf9784f1b2f273,km_tgp_notice_detail:1787932459359984000:c79e99b1354e8edd30b1cf3abe4fbe83ae10e868609813610ce07f8436c1299f
402501,402329,monthly,2026-07-02,2026-07-02 15:53:19-04:00,2026-08-10,2026-08-16,Station 63 (segment 163 FH),163,FH,1117000,901000,-216000,341000,MLV 54-3 to MLV 106-3: Emergent Repair - CAO (2/26/2026 - 12/31/2026) MLV 77-3 to MLV 77-3A: Pipe Replacements (8/3/2026 - 8/13/2026) MLV 82-2C to MLV 83-2: Anomaly Remediation (8/3/2026 - 8/7/2026),km_tgp_notice_detail:1787932452517286000:1bbf6c95d19b3eaf408117dc7d0b38ab933399e56e1dbdc08adf9784f1b2f273,km_tgp_notice_detail:1787932459359984000:c79e99b1354e8edd30b1cf3abe4fbe83ae10e868609813610ce07f8436c1299f
402501,402329,monthly,2026-07-02,2026-07-02 15:53:19-04:00,2026-08-03,2026-08-09,Station 63 (segment 163 FH),163,FH,1117000,901000,-216000,341000,MLV 54-3 to MLV 106-3: Emergent Repair - CAO (2/26/2026 - 12/31/2026) MLV 77-3 to MLV 77-3A: Pipe Replacements (8/3/2026 - 8/13/2026) MLV 82-2C to MLV 83-2: Anomaly Remediation (8/3/2026 - 8/7/2026),km_tgp_notice_detail:1787932452517286000:1bbf6c95d19b3eaf408117dc7d0b38ab933399e56e1dbdc08adf9784f1b2f273,km_tgp_notice_detail:1787932459359984000:c79e99b1354e8edd30b1cf3abe4fbe83ae10e868609813610ce07f8436c1299f
402501,402329,monthly,2026-07-02,2026-07-02 15:53:19-04:00,2026-07-27,2026-08-02,Station 63 (segment 163 FH),163,FH,901000,1117000,216000,125000,MLV 54-3 to MLV 106-3: Emergent Repair - CAO (2/26/2026 - 12/31/2026),km_tgp_notice_detail:1787932452517286000:1bbf6c95d19b3eaf408117dc7d0b38ab933399e56e1dbdc08adf9784f1b2f273,km_tgp_notice_detail:1787932459359984000:c79e99b1354e8edd30b1cf3abe4fbe83ae10e868609813610ce07f8436c1299f
402501,402329,monthly,2026-07-02,2026-07-02 15:53:19-04:00,2026-07-20,2026-07-26,Station 63 (segment 163 FH),163,FH,901000,1117000,216000,125000,MLV 54-3 to MLV 106-3: Emergent Repair - CAO (2/26/2026 - 12/31/2026),km_tgp_notice_detail:1787932452517286000:1bbf6c95d19b3eaf408117dc7d0b38ab933399e56e1dbdc08adf9784f1b2f273,km_tgp_notice_detail:1787932459359984000:c79e99b1354e8edd30b1cf3abe4fbe83ae10e868609813610ce07f8436c1299f
402501,402329,monthly,2026-07-02,2026-07-02 15:53:19-04:00,2026-08-10,2026-08-16,Station 110 (segment 187 BH) (south thru Kentucky),187,BH,2470000,2281000,-189000,404000,MLV 102-1 to MLV 103-1: Anomaly Remediation (8/24/2026 - 8/29/2026) MLV 104-1 to MLV 105-1: Anomaly Remediation (7/13/2026 - 8/15/2026) MLV 109-4 to 110-4: Valve Installation & Crossover Work (7/28/2026 - 8/11/2026) MLV 109-4 to MLV 110-4: Pipe Replacement (7/28/2026 - 8/11/2026) MLV 109-5 to MLV 109-5A: Pipe Replacement (8/18/2026 - 9/1/2026) MLV 109-5A to MLV 110-5: Pipe Replacement (8/18/2026 - 9/1/2026) MLV 54-3 to MLV 106-3: Emergent Repair - CAO (2/26/2026 - 12/31/2026) MLV 96-3BR to MLV 96-3BL: Spike Test (7/27/2026 - 8/31/2026) Sta 106: Unit 1D - 4K Solar Turbine Inspection (8/18/2026 - 8/20/2026) Sta 110: Install ESD Silence Covers (8/24/2026 - 8/28/2026) Sta 87: Unit 3D - Power side Overhaul (6/22/2026 - 9/30/2026) Sta 875: Unit 1A- 8K Solar Turbine Inspection (8/17/2026 - 8/21/2026) Sta 96: Unit 2D - Install Ball Grove Valve (8/3/2026 - 8/7/2026),km_tgp_notice_detail:1787932452517286000:1bbf6c95d19b3eaf408117dc7d0b38ab933399e56e1dbdc08adf9784f1b2f273,km_tgp_notice_detail:1787932459359984000:c79e99b1354e8edd30b1cf3abe4fbe83ae10e868609813610ce07f8436c1299f
402501,402329,monthly,2026-07-02,2026-07-02 15:53:19-04:00,2026-08-24,2026-08-30,Station 307 (segment 307 BH),307,BH,1153000,965000,-188000,188000,Sta 219: Annual ESD Test & Scrubber Maintenance (8/17/2026 - 8/21/2026) Sta 307 (Pigeon): Annual ESD Test & Maintenance (8/3/2026 - 8/7/2026) Sta 307 (Pigeon): MLV Operators / Air Comp Install / Fuel Skid (8/24/2026 - 8/28/2026),km_tgp_notice_detail:1787932452517286000:1bbf6c95d19b3eaf408117dc7d0b38ab933399e56e1dbdc08adf9784f1b2f273,km_tgp_notice_detail:1787932459359984000:c79e99b1354e8edd30b1cf3abe4fbe83ae10e868609813610ce07f8436c1299f
402501,402329,monthly,2026-07-02,2026-07-02 15:53:19-04:00,2026-08-03,2026-08-09,Station 110 (segment 187 BH) (south thru Kentucky),187,BH,2457000,2281000,-176000,404000,MLV 102-1 to MLV 103-1: Anomaly Remediation (8/24/2026 - 8/29/2026) MLV 104-1 to MLV 105-1: Anomaly Remediation (7/13/2026 - 8/15/2026) MLV 109-4 to 110-4: Valve Installation & Crossover Work (7/28/2026 - 8/11/2026) MLV 109-4 to MLV 110-4: Pipe Replacement (7/28/2026 - 8/11/2026) MLV 109-5 to MLV 109-5A: Pipe Replacement (8/18/2026 - 9/1/2026) MLV 109-5A to MLV 110-5: Pipe Replacement (8/18/2026 - 9/1/2026) MLV 54-3 to MLV 106-3: Emergent Repair - CAO (2/26/2026 - 12/31/2026) MLV 96-3BR to MLV 96-3BL: Spike Test (7/27/2026 - 8/31/2026) Sta 106: Unit 1D - 4K Solar Turbine Inspection (8/18/2026 - 8/20/2026) Sta 110: Install ESD Silence Covers (8/24/2026 - 8/28/2026) Sta 87: Unit 3D - Power side Overhaul (6/22/2026 - 9/30/2026) Sta 875: Unit 1A- 8K Solar Turbine Inspection (8/17/2026 - 8/21/2026) Sta 96: Unit 2D - Install Ball Grove Valve (8/3/2026 - 8/7/2026),km_tgp_notice_detail:1787932452517286000:1bbf6c95d19b3eaf408117dc7d0b38ab933399e56e1dbdc08adf9784f1b2f273,km_tgp_notice_detail:1787932459359984000:c79e99b1354e8edd30b1cf3abe4fbe83ae10e868609813610ce07f8436c1299f
402501,402329,monthly,2026-07-02,2026-07-02 15:53:19-04:00,2026-09-14,2026-09-20,Station 860 (segment 548 BH),548,BH,1593000,1430000,-163000,163000,"MLV 546-2 to MLV 547-2: Line Recoat (9/8/2026 - 9/10/2026) Sta 546: Annual ESD Tests & Maintenance (9/7/2026 - 9/11/2026) Sta 555: Scrubber/Filter/Separator Clean, Inspect & Filter Change (9/14/2026) Sta 555: Unit 4A - Engine Maintenance (8/31/2026 - 9/5/2026)",km_tgp_notice_detail:1787932452517286000:1bbf6c95d19b3eaf408117dc7d0b38ab933399e56e1dbdc08adf9784f1b2f273,km_tgp_notice_detail:1787932459359984000:c79e99b1354e8edd30b1cf3abe4fbe83ae10e868609813610ce07f8436c1299f
402501,402329,monthly,2026-07-02,2026-07-02 15:53:19-04:00,2026-08-24,2026-08-30,Station 110 (segment 187 BH) (south thru Kentucky),187,BH,2050000,1890000,-160000,795000,MLV 102-1 to MLV 103-1: Anomaly Remediation (8/24/2026 - 8/29/2026) MLV 104-1 to MLV 105-1: Anomaly Remediation (7/13/2026 - 8/15/2026) MLV 109-4 to 110-4: Valve Installation & Crossover Work (7/28/2026 - 8/11/2026) MLV 109-4 to MLV 110-4: Pipe Replacement (7/28/2026 - 8/11/2026) MLV 109-5 to MLV 109-5A: Pipe Replacement (8/18/2026 - 9/1/2026) MLV 109-5A to MLV 110-5: Pipe Replacement (8/18/2026 - 9/1/2026) MLV 54-3 to MLV 106-3: Emergent Repair - CAO (2/26/2026 - 12/31/2026) MLV 96-3BR to MLV 96-3BL: Spike Test (7/27/2026 - 8/31/2026) Sta 106: Unit 1D - 4K Solar Turbine Inspection (8/18/2026 - 8/20/2026) Sta 110: Install ESD Silence Covers (8/24/2026 - 8/28/2026) Sta 87: Unit 3D - Power side Overhaul (6/22/2026 - 9/30/2026) Sta 875: Unit 1A- 8K Solar Turbine Inspection (8/17/2026 - 8/21/2026) Sta 96: Unit 2D - Install Ball Grove Valve (8/3/2026 - 8/7/2026),km_tgp_notice_detail:1787932452517286000:1bbf6c95d19b3eaf408117dc7d0b38ab933399e56e1dbdc08adf9784f1b2f273,km_tgp_notice_detail:1787932459359984000:c79e99b1354e8edd30b1cf3abe4fbe83ae10e868609813610ce07f8436c1299f
402501,402329,monthly,2026-07-02,2026-07-02 15:53:19-04:00,2026-07-13,2026-07-19,MLV 256 West (segment 249 FH),249,FH,1203000,1045000,-158000,158000,MLV 249-2 to MLV 254-2: Gauge/Cleaning tool (7/20/2026) MLV 249-2 to MLV 254-2: Hardspot/Geo (7/23/2026) MLV 249-2 to MLV 254-2: MFL-A/IMU (7/21/2026) MLV 253-1 to MLV 253-1R: Anomaly Remediation (7/12/2026 - 7/17/2026),km_tgp_notice_detail:1787932452517286000:1bbf6c95d19b3eaf408117dc7d0b38ab933399e56e1dbdc08adf9784f1b2f273,km_tgp_notice_detail:1787932459359984000:c79e99b1354e8edd30b1cf3abe4fbe83ae10e868609813610ce07f8436c1299f
402501,402258,monthly,2026-07-02,2026-07-02 15:53:19-04:00,2026-07-27,2026-08-02,Station 313 Discharge (segment 399 FH),399,FH,797000,720000,-77000,77000,Sta 313: Unit 1C - Substation Inspection (7/30/2026 - 7/31/2026),km_tgp_notice_detail:1787932452517286000:1bbf6c95d19b3eaf408117dc7d0b38ab933399e56e1dbdc08adf9784f1b2f273,km_tgp_notice_detail:1787932463493233000:bff78f95343e67eb95094173bb77a78809216d3fe31e6cfdd23115f63e89ee3e
402501,402329,monthly,2026-07-02,2026-07-02 15:53:19-04:00,2026-07-13,2026-07-19,Station 9 (segment 109 BH),109,BH,640000,590000,-50000,437000,MLV 11-1A to MLV 11-1: Anomaly Remediation (7/27/2026 - 7/31/2026) MLV 12-1 to MLV 11-1A: PHMSA Immediate (7/13/2026 - 7/16/2026) MLV 16-1 to MLV 15-1: PHMSA Immediate (7/16/2026 - 7/23/2026) MLV 16-1R to MLV 16-1: PHMSA Immediate (7/16/2026 - 7/23/2026),km_tgp_notice_detail:1787932452517286000:1bbf6c95d19b3eaf408117dc7d0b38ab933399e56e1dbdc08adf9784f1b2f273,km_tgp_notice_detail:1787932459359984000:c79e99b1354e8edd30b1cf3abe4fbe83ae10e868609813610ce07f8436c1299f
402501,402329,monthly,2026-07-02,2026-07-02 15:53:19-04:00,2026-08-03,2026-08-09,Station 9 (segment 109 BH),109,BH,985000,945000,-40000,82000,MLV 13-1 to MLV 12-1: Anomaly Remediation (8/3/2026 - 8/14/2026) MLV 5-2 to MLV 1-2D: Pig Run - Cleaning Gauge (M) (8/13/2026) MLV 5-2 to MLV 1-2D: Pig Run - Cleaning Gauge (M) (8/14/2026) MLV 5-2 to MLV 1-2D: Pig Run - Cleaning Gauge (M) (8/15/2026) MLV 5-2 to MLV 1-2D: Pig Run - Cleaning Gauge (M) (8/16/2026) MLV 5-2 to MLV 1-2D: Pig Run - Cleaning Gauge (M) (8/17/2026) MLV 5-2 to MLV 1-2D: Pig Run - Cleaning Gauge (M) (8/18/2026) MLV 5-2 to MLV 1-2D: Pig Run - Cleaning Gauge (M) (8/19/2026) MLV 5-2 to MLV 1-2D: Pig Run - TDW MDS (M) (8/20/2026),km_tgp_notice_detail:1787932452517286000:1bbf6c95d19b3eaf408117dc7d0b38ab933399e56e1dbdc08adf9784f1b2f273,km_tgp_notice_detail:1787932459359984000:c79e99b1354e8edd30b1cf3abe4fbe83ae10e868609813610ce07f8436c1299f
402501,402329,monthly,2026-07-02,2026-07-02 15:53:19-04:00,2026-09-21,2026-09-27,Station 17 (segment 117 FH),117,FH,1122000,1085000,-37000,37000,MLV 17-1D to MLV 20-1A: Pig Run - CLEANING (9/21/2026) MLV 17-1D to MLV 20-1A: Pig Run - EMAT (9/24/2026) MLV 17-1D to MLV 20-1A: Pig Run - GAUGE PLATE (9/22/2026) MLV 17-1D to MLV 20-1A: Pig Run - MFL-C (9/23/2026) MLV 19-1 TO MLV 20-1A: Pipe Replacement (M) (8/6/2026 - 9/15/2026),km_tgp_notice_detail:1787932452517286000:1bbf6c95d19b3eaf408117dc7d0b38ab933399e56e1dbdc08adf9784f1b2f273,km_tgp_notice_detail:1787932459359984000:c79e99b1354e8edd30b1cf3abe4fbe83ae10e868609813610ce07f8436c1299f
402501,402329,monthly,2026-07-02,2026-07-02 15:53:19-04:00,2026-07-27,2026-08-02,Station 25 (segment 125 FH),125,FH,1070000,1035000,-35000,43000,MLV 25-2 to MLV 26-2: Pipe Replacement (7/11/2026 - 7/29/2026) MLV 26-2 Relocation: Highway 59 Widening (7/13/2026 - 7/29/2026) Sta 25: Annual ESD Test (7/21/2026),km_tgp_notice_detail:1787932452517286000:1bbf6c95d19b3eaf408117dc7d0b38ab933399e56e1dbdc08adf9784f1b2f273,km_tgp_notice_detail:1787932459359984000:c79e99b1354e8edd30b1cf3abe4fbe83ae10e868609813610ce07f8436c1299f
402501,402329,monthly,2026-07-02,2026-07-02 15:53:19-04:00,2026-07-13,2026-07-19,Station 25 (segment 125 FH),125,FH,1070000,1035000,-35000,43000,MLV 25-2 to MLV 26-2: Pipe Replacement (7/11/2026 - 7/29/2026) MLV 26-2 Relocation: Highway 59 Widening (7/13/2026 - 7/29/2026) Sta 25: Annual ESD Test (7/21/2026),km_tgp_notice_detail:1787932452517286000:1bbf6c95d19b3eaf408117dc7d0b38ab933399e56e1dbdc08adf9784f1b2f273,km_tgp_notice_detail:1787932459359984000:c79e99b1354e8edd30b1cf3abe4fbe83ae10e868609813610ce07f8436c1299f
402501,402329,monthly,2026-07-02,2026-07-02 15:53:19-04:00,2026-07-20,2026-07-26,Station 860 (segment 548 BH),548,BH,1430000,1460000,30000,133000,MLV 557-3 to MLV 559-3: Pig Runs - Cal / IMU & MFL-A 6/4/26 (7/16/2026) MLV 557-3 to MLV 559-3: Pig Runs - Cleaning / Gauge 6/2/26 (7/14/2026) Sta 555: Unit 1B - Hot Gas Path (7/13/2026 - 8/14/2026),km_tgp_notice_detail:1787932452517286000:1bbf6c95d19b3eaf408117dc7d0b38ab933399e56e1dbdc08adf9784f1b2f273,km_tgp_notice_detail:1787932459359984000:c79e99b1354e8edd30b1cf3abe4fbe83ae10e868609813610ce07f8436c1299f
402501,402329,monthly,2026-07-02,2026-07-02 15:53:19-04:00,2026-07-27,2026-08-02,Station 9 (segment 109 BH),109,BH,1015000,985000,-30000,42000,MLV 11-1A to MLV 11-1: Anomaly Remediation (7/27/2026 - 7/31/2026) MLV 12-1 to MLV 11-1A: PHMSA Immediate (7/13/2026 - 7/16/2026) MLV 16-1 to MLV 15-1: PHMSA Immediate (7/16/2026 - 7/23/2026) MLV 16-1R to MLV 16-1: PHMSA Immediate (7/16/2026 - 7/23/2026),km_tgp_notice_detail:1787932452517286000:1bbf6c95d19b3eaf408117dc7d0b38ab933399e56e1dbdc08adf9784f1b2f273,km_tgp_notice_detail:1787932459359984000:c79e99b1354e8edd30b1cf3abe4fbe83ae10e868609813610ce07f8436c1299f
402501,402329,monthly,2026-07-02,2026-07-02 15:53:19-04:00,2026-07-20,2026-07-26,Station 9 (segment 109 BH),109,BH,640000,660000,20000,367000,MLV 11-1A to MLV 11-1: Anomaly Remediation (7/27/2026 - 7/31/2026) MLV 12-1 to MLV 11-1A: PHMSA Immediate (7/13/2026 - 7/16/2026) MLV 16-1 to MLV 15-1: PHMSA Immediate (7/16/2026 - 7/23/2026) MLV 16-1R to MLV 16-1: PHMSA Immediate (7/16/2026 - 7/23/2026),km_tgp_notice_detail:1787932452517286000:1bbf6c95d19b3eaf408117dc7d0b38ab933399e56e1dbdc08adf9784f1b2f273,km_tgp_notice_detail:1787932459359984000:c79e99b1354e8edd30b1cf3abe4fbe83ae10e868609813610ce07f8436c1299f
402329,402258,monthly,2026-06-25,2026-06-25 15:53:57-04:00,2026-07-06,2026-07-12,Station 110 (segment 187 BH) (south thru Kentucky),187,BH,2280000,1890000,-390000,795000,MLV 104-1 to MLV 105-1: Anomaly Remediation (7/13/2026 - 8/15/2026) MLV 107-7 to 110-7: Valve Installation & Crossover Work (7/7/2026 - 7/27/2026) MLV 109-4 to 110-4: Valve Installation & Crossover Work (7/28/2026 - 8/11/2026) MLV 109-4 to MLV 110-4: Pipe Replacement (7/28/2026 - 8/11/2026) MLV 109-7 to MLV 110-7: Pipe Replacement (7/7/2026 - 7/27/2026) MLV 54-3 to MLV 106-3: Emergent Repair - CAO (2/26/2026 - 12/31/2026) MLV 87-3 to MLV 96-3: Pig Run - EMAT (7/21/2026) MLV 87-3 to MLV 96-3: Pig Run - MDS (7/7/2026) MLV 96-3BR to MLV 96-3BL: Spike Test (7/27/2026 - 8/31/2026) Sta 106: C Building - Install Water Trech System (7/13/2026 - 7/17/2026) Sta 87: Unit 3D - Power side Overhaul (6/22/2026 - 9/30/2026) Sta 871: Unit 1A - Power Cylinder (6/20/2026 - 7/10/2026) Sta 871: Unit 3A - Engine Maintenance (6/29/2026 - 7/17/2026) Sta 96 Campbellsville: Annual ESD Test (7/14/2026 - 7/15/2026) Sta 96 Campbellsville: Annual Substation Inspection (7/13/2026 - 7/16/2026),km_tgp_notice_detail:1787932459359984000:c79e99b1354e8edd30b1cf3abe4fbe83ae10e868609813610ce07f8436c1299f,km_tgp_notice_detail:1787932463493233000:bff78f95343e67eb95094173bb77a78809216d3fe31e6cfdd23115f63e89ee3e
402329,402258,monthly,2026-06-25,2026-06-25 15:53:57-04:00,2026-07-13,2026-07-19,Station 307 (segment 307 BH),307,BH,775000,1153000,378000,0,Sta 219: Unit 1B - Protective Device Checks & GHG (7/20/2026 - 7/24/2026) Sta 219: Unit 1B - Save Air System (7/20/2026 - 7/31/2026) Sta 307: Unit 1A - Protective Device Checks (7/20/2026 - 7/24/2026) Sta 307: Unit 2A - Protective Device Checks (7/20/2026 - 7/24/2026) Sta 307: Unit 3A - Protective Device Checks (7/20/2026 - 7/24/2026) Sta 307: Unit 4A - Protective Device Checks (7/20/2026 - 7/24/2026),km_tgp_notice_detail:1787932459359984000:c79e99b1354e8edd30b1cf3abe4fbe83ae10e868609813610ce07f8436c1299f,km_tgp_notice_detail:1787932463493233000:bff78f95343e67eb95094173bb77a78809216d3fe31e6cfdd23115f63e89ee3e
402329,402258,monthly,2026-06-25,2026-06-25 15:53:57-04:00,2026-07-06,2026-07-12,Station 307 (segment 307 BH),307,BH,775000,1153000,378000,0,Sta 219: Unit 1B - Protective Device Checks & GHG (7/20/2026 - 7/24/2026) Sta 219: Unit 1B - Save Air System (7/20/2026 - 7/31/2026) Sta 307: Unit 1A - Protective Device Checks (7/20/2026 - 7/24/2026) Sta 307: Unit 2A - Protective Device Checks (7/20/2026 - 7/24/2026) Sta 307: Unit 3A - Protective Device Checks (7/20/2026 - 7/24/2026) Sta 307: Unit 4A - Protective Device Checks (7/20/2026 - 7/24/2026),km_tgp_notice_detail:1787932459359984000:c79e99b1354e8edd30b1cf3abe4fbe83ae10e868609813610ce07f8436c1299f,km_tgp_notice_detail:1787932463493233000:bff78f95343e67eb95094173bb77a78809216d3fe31e6cfdd23115f63e89ee3e
402329,402258,monthly,2026-06-25,2026-06-25 15:53:57-04:00,2026-07-06,2026-07-12,Station 534 South of Pool (segment 530 BH),530,BH,1528000,1175000,-353000,375000,Sta 529: Unit 1A - Engine Inspection (7/7/2026) Sta 530: Unit 1A - Bearings (8/25/2025 - 12/31/2026) Sta 530: Unit 3A - Crankshaft Replacement (6/9/2025 - 12/31/2026) Sta 530: Unit 5A - Top-End Overhaul (6/9/2025 - 12/31/2026) Sta 534: Unit 6A - Piston Liner & Unloader Replacements (6/30/2025 - 7/10/2026),km_tgp_notice_detail:1787932459359984000:c79e99b1354e8edd30b1cf3abe4fbe83ae10e868609813610ce07f8436c1299f,km_tgp_notice_detail:1787932463493233000:bff78f95343e67eb95094173bb77a78809216d3fe31e6cfdd23115f63e89ee3e
402329,402258,monthly,2026-06-25,2026-06-25 15:53:57-04:00,2026-08-31,2026-09-06,Station 110 (segment 187 BH) (south thru Kentucky),187,BH,2534000,2200000,-334000,485000,MLV 104-3 to MLV 106-3S: HDD at Kentucky River (9/2/2026 - 9/6/2026) MLV 109-3A to MLV 110-3: Pipe Replacement (9/8/2026 - 9/15/2026) MLV 109-5 to MLV 109-5A: Pipe Replacement (8/18/2026 - 9/1/2026) MLV 109-5A to MLV 110-5: Pipe Replacement (8/18/2026 - 9/1/2026) MLV 54-3 to MLV 106-3: Emergent Repair - CAO (2/26/2026 - 12/31/2026) MLV 96-3BR to MLV 96-3BL: Spike Test (7/27/2026 - 8/31/2026) Sta 106: Unit 2D - 4K Solar Turbine Inspection (9/16/2026 - 9/18/2026) Sta 87: Unit 3D - Power side Overhaul (6/22/2026 - 9/30/2026) Sta 871 Campbellsville: Annual ESD Test (9/1/2026),km_tgp_notice_detail:1787932459359984000:c79e99b1354e8edd30b1cf3abe4fbe83ae10e868609813610ce07f8436c1299f,km_tgp_notice_detail:1787932463493233000:bff78f95343e67eb95094173bb77a78809216d3fe31e6cfdd23115f63e89ee3e
402329,402258,monthly,2026-06-25,2026-06-25 15:53:57-04:00,2026-09-21,2026-09-27,Station 110 (segment 187 BH) (south thru Kentucky),187,BH,2200000,2534000,334000,151000,MLV 104-3 to MLV 106-3S: HDD at Kentucky River (9/2/2026 - 9/6/2026) MLV 109-3A to MLV 110-3: Pipe Replacement (9/8/2026 - 9/15/2026) MLV 109-5 to MLV 109-5A: Pipe Replacement (8/18/2026 - 9/1/2026) MLV 109-5A to MLV 110-5: Pipe Replacement (8/18/2026 - 9/1/2026) MLV 54-3 to MLV 106-3: Emergent Repair - CAO (2/26/2026 - 12/31/2026) MLV 96-3BR to MLV 96-3BL: Spike Test (7/27/2026 - 8/31/2026) Sta 106: Unit 2D - 4K Solar Turbine Inspection (9/16/2026 - 9/18/2026) Sta 87: Unit 3D - Power side Overhaul (6/22/2026 - 9/30/2026) Sta 871 Campbellsville: Annual ESD Test (9/1/2026),km_tgp_notice_detail:1787932459359984000:c79e99b1354e8edd30b1cf3abe4fbe83ae10e868609813610ce07f8436c1299f,km_tgp_notice_detail:1787932463493233000:bff78f95343e67eb95094173bb77a78809216d3fe31e6cfdd23115f63e89ee3e
402329,402258,monthly,2026-06-25,2026-06-25 15:53:57-04:00,2026-08-17,2026-08-23,Station 110 (segment 187 BH) (south thru Kentucky),187,BH,2308000,2097000,-211000,588000,MLV 104-1 to MLV 105-1: Anomaly Remediation (7/13/2026 - 8/15/2026) MLV 109-4 to 110-4: Valve Installation & Crossover Work (7/28/2026 - 8/11/2026) MLV 109-4 to MLV 110-4: Pipe Replacement (7/28/2026 - 8/11/2026) MLV 109-5 to MLV 109-5A: Pipe Replacement (8/18/2026 - 9/1/2026) MLV 109-5A to MLV 110-5: Pipe Replacement (8/18/2026 - 9/1/2026) MLV 54-3 to MLV 106-3: Emergent Repair - CAO (2/26/2026 - 12/31/2026) MLV 96-3BR to MLV 96-3BL: Spike Test (7/27/2026 - 8/31/2026) Sta 106: Unit 1D - 4K Solar Turbine Inspection (8/18/2026 - 8/20/2026) Sta 110: Install ESD Silence Covers (8/24/2026 - 8/28/2026) Sta 87: Unit 3D - Power side Overhaul (6/22/2026 - 9/30/2026) Sta 875: Unit 1A- 8K Solar Turbine Inspection (8/17/2026 - 8/21/2026) Sta 96: Unit 2D - Install Ball Grove Valve (8/3/2026 - 8/7/2026),km_tgp_notice_detail:1787932459359984000:c79e99b1354e8edd30b1cf3abe4fbe83ae10e868609813610ce07f8436c1299f,km_tgp_notice_detail:1787932463493233000:bff78f95343e67eb95094173bb77a78809216d3fe31e6cfdd23115f63e89ee3e
402329,402258,monthly,2026-06-25,2026-06-25 15:53:57-04:00,2026-07-13,2026-07-19,Station 860 (segment 548 BH),548,BH,1585000,1390000,-195000,203000,"MLV 557-3 to MLV 559-3: Pig Runs - Cal / IMU & MFL-A 6/4/26 (7/16/2026) MLV 557-3 to MLV 559-3: Pig Runs - Cleaning / Gauge 6/2/26 (7/14/2026) Sta 555: Scrubber/Filter/Separator Clean, Inspect & Filter Change (7/21/2026 - 7/22/2026) Sta 555: Unit 1B - Hot Gas Path (7/6/2026 - 8/14/2026)",km_tgp_notice_detail:1787932459359984000:c79e99b1354e8edd30b1cf3abe4fbe83ae10e868609813610ce07f8436c1299f,km_tgp_notice_detail:1787932463493233000:bff78f95343e67eb95094173bb77a78809216d3fe31e6cfdd23115f63e89ee3e
402329,402258,monthly,2026-06-25,2026-06-25 15:53:57-04:00,2026-07-13,2026-07-19,Station 110 (segment 187 BH) (south thru Kentucky),187,BH,2098000,1930000,-168000,755000,MLV 104-1 to MLV 105-1: Anomaly Remediation (7/13/2026 - 8/15/2026) MLV 107-7 to 110-7: Valve Installation & Crossover Work (7/7/2026 - 7/27/2026) MLV 109-4 to 110-4: Valve Installation & Crossover Work (7/28/2026 - 8/11/2026) MLV 109-4 to MLV 110-4: Pipe Replacement (7/28/2026 - 8/11/2026) MLV 109-7 to MLV 110-7: Pipe Replacement (7/7/2026 - 7/27/2026) MLV 54-3 to MLV 106-3: Emergent Repair - CAO (2/26/2026 - 12/31/2026) MLV 87-3 to MLV 96-3: Pig Run - EMAT (7/21/2026) MLV 87-3 to MLV 96-3: Pig Run - MDS (7/7/2026) MLV 96-3BR to MLV 96-3BL: Spike Test (7/27/2026 - 8/31/2026) Sta 106: C Building - Install Water Trech System (7/13/2026 - 7/17/2026) Sta 87: Unit 3D - Power side Overhaul (6/22/2026 - 9/30/2026) Sta 871: Unit 1A - Power Cylinder (6/20/2026 - 7/10/2026) Sta 871: Unit 3A - Engine Maintenance (6/29/2026 - 7/17/2026) Sta 96 Campbellsville: Annual ESD Test (7/14/2026 - 7/15/2026) Sta 96 Campbellsville: Annual Substation Inspection (7/13/2026 - 7/16/2026),km_tgp_notice_detail:1787932459359984000:c79e99b1354e8edd30b1cf3abe4fbe83ae10e868609813610ce07f8436c1299f,km_tgp_notice_detail:1787932463493233000:bff78f95343e67eb95094173bb77a78809216d3fe31e6cfdd23115f63e89ee3e
402329,402258,monthly,2026-06-25,2026-06-25 15:53:57-04:00,2026-07-06,2026-07-12,MLV 256 West (segment 249 FH),249,FH,1203000,1045000,-158000,158000,MLV 249-2 to MLV 254-2: Gauge/Cleaning tool (7/20/2026) MLV 249-2 to MLV 254-2: Hardspot/Geo (7/23/2026) MLV 249-2 to MLV 254-2: MFL-A/IMU (7/21/2026) MLV 253-1 to MLV 253-1R: Anomaly Remediation (7/6/2026 - 7/10/2026),km_tgp_notice_detail:1787932459359984000:c79e99b1354e8edd30b1cf3abe4fbe83ae10e868609813610ce07f8436c1299f,km_tgp_notice_detail:1787932463493233000:bff78f95343e67eb95094173bb77a78809216d3fe31e6cfdd23115f63e89ee3e
402329,402258,monthly,2026-06-25,2026-06-25 15:53:57-04:00,2026-08-10,2026-08-16,Station 860 (segment 548 BH),548,BH,1593000,1460000,-133000,133000,Sta 555: Unit 1B - Hot Gas Path (7/6/2026 - 8/14/2026),km_tgp_notice_detail:1787932459359984000:c79e99b1354e8edd30b1cf3abe4fbe83ae10e868609813610ce07f8436c1299f,km_tgp_notice_detail:1787932463493233000:bff78f95343e67eb95094173bb77a78809216d3fe31e6cfdd23115f63e89ee3e
402329,402258,monthly,2026-06-25,2026-06-25 15:53:57-04:00,2026-07-06,2026-07-12,Station 860 (segment 548 BH),548,BH,1593000,1460000,-133000,133000,"MLV 557-3 to MLV 559-3: Pig Runs - Cal / IMU & MFL-A 6/4/26 (7/16/2026) MLV 557-3 to MLV 559-3: Pig Runs - Cleaning / Gauge 6/2/26 (7/14/2026) Sta 555: Scrubber/Filter/Separator Clean, Inspect & Filter Change (7/21/2026 - 7/22/2026) Sta 555: Unit 1B - Hot Gas Path (7/6/2026 - 8/14/2026)",km_tgp_notice_detail:1787932459359984000:c79e99b1354e8edd30b1cf3abe4fbe83ae10e868609813610ce07f8436c1299f,km_tgp_notice_detail:1787932463493233000:bff78f95343e67eb95094173bb77a78809216d3fe31e6cfdd23115f63e89ee3e
402329,402258,monthly,2026-06-25,2026-06-25 15:53:57-04:00,2026-08-03,2026-08-09,Station 860 (segment 548 BH),548,BH,1593000,1460000,-133000,133000,Sta 555: Unit 1B - Hot Gas Path (7/6/2026 - 8/14/2026),km_tgp_notice_detail:1787932459359984000:c79e99b1354e8edd30b1cf3abe4fbe83ae10e868609813610ce07f8436c1299f,km_tgp_notice_detail:1787932463493233000:bff78f95343e67eb95094173bb77a78809216d3fe31e6cfdd23115f63e89ee3e
402329,402258,monthly,2026-06-25,2026-06-25 15:53:57-04:00,2026-07-27,2026-08-02,Station 860 (segment 548 BH),548,BH,1593000,1460000,-133000,133000,"MLV 557-3 to MLV 559-3: Pig Runs - Cal / IMU & MFL-A 6/4/26 (7/16/2026) MLV 557-3 to MLV 559-3: Pig Runs - Cleaning / Gauge 6/2/26 (7/14/2026) Sta 555: Scrubber/Filter/Separator Clean, Inspect & Filter Change (7/21/2026 - 7/22/2026) Sta 555: Unit 1B - Hot Gas Path (7/6/2026 - 8/14/2026)",km_tgp_notice_detail:1787932459359984000:c79e99b1354e8edd30b1cf3abe4fbe83ae10e868609813610ce07f8436c1299f,km_tgp_notice_detail:1787932463493233000:bff78f95343e67eb95094173bb77a78809216d3fe31e6cfdd23115f63e89ee3e
402329,402258,monthly,2026-06-25,2026-06-25 15:53:57-04:00,2026-08-03,2026-08-09,Station 17 (segment 117 FH),117,FH,1100000,1000000,-100000,122000,MLV 19-1 TO MLV 20-1A: Pipe Replacement (M) (8/6/2026 - 9/15/2026) MLV 19-3 TO MLV 20-3A: Pipe Replacement (M) (7/6/2026 - 8/3/2026),km_tgp_notice_detail:1787932459359984000:c79e99b1354e8edd30b1cf3abe4fbe83ae10e868609813610ce07f8436c1299f,km_tgp_notice_detail:1787932463493233000:bff78f95343e67eb95094173bb77a78809216d3fe31e6cfdd23115f63e89ee3e
402329,402258,monthly,2026-06-25,2026-06-25 15:53:57-04:00,2026-08-03,2026-08-09,Station 47 (segment 143 FH),143,FH,1255000,1343000,88000,0,MLV 40-3D to MLV 47-3S: Pig Run - Maintenance Cleaning (8/11/2026) MLV 40-4D to MLV 47-4S: Pig Run - Maintenance (8/13/2026),km_tgp_notice_detail:1787932459359984000:c79e99b1354e8edd30b1cf3abe4fbe83ae10e868609813610ce07f8436c1299f,km_tgp_notice_detail:1787932463493233000:bff78f95343e67eb95094173bb77a78809216d3fe31e6cfdd23115f63e89ee3e
402329,402258,monthly,2026-06-25,2026-06-25 15:53:57-04:00,2026-08-24,2026-08-30,MLV 324 (segment 324 FH),324,FH,1767000,1700000,-67000,67000,MLV 324-1 to MLV 324-1A: Anomaly Remediation (8/24/2026 - 8/29/2026),km_tgp_notice_detail:1787932459359984000:c79e99b1354e8edd30b1cf3abe4fbe83ae10e868609813610ce07f8436c1299f,km_tgp_notice_detail:1787932463493233000:bff78f95343e67eb95094173bb77a78809216d3fe31e6cfdd23115f63e89ee3e
402329,402258,monthly,2026-06-25,2026-06-25 15:53:57-04:00,2026-07-13,2026-07-19,Station 47 (segment 143 FH),143,FH,1020000,960000,-60000,383000,MLV 40-1D to MLV 47-1S: Pig Run - Maintenance (7/14/2026) MLV 55-1 to MLV 56-1: PHMSA Immediate (5/11/2026 - 7/31/2026) Sta 47: Station Transformer Maintenance (7/13/2026 - 7/14/2026),km_tgp_notice_detail:1787932459359984000:c79e99b1354e8edd30b1cf3abe4fbe83ae10e868609813610ce07f8436c1299f,km_tgp_notice_detail:1787932463493233000:bff78f95343e67eb95094173bb77a78809216d3fe31e6cfdd23115f63e89ee3e
402329,402258,monthly,2026-06-25,2026-06-25 15:53:57-04:00,2026-09-14,2026-09-20,Station 47 (segment 143 FH),143,FH,1285000,1343000,58000,0,MLV 47-4D to MLV 54-4S: Pig Run - AFD Combo (M) (9/8/2026) MLV 47-4D to MLV 54-4S: Pig Run - EMAT (M) (9/10/2026) MLV 47-4D to MLV 54-4S: Pig Run - Gauge Cleaning (M) (8/31/2026) MLV 47-4D to MLV 54-4S: Pig Run - Gauge Cleaning (M) (9/1/2026) MLV 47-4D to MLV 54-4S: Pig Run - Gauge Cleaning (M) (9/2/2026),km_tgp_notice_detail:1787932459359984000:c79e99b1354e8edd30b1cf3abe4fbe83ae10e868609813610ce07f8436c1299f,km_tgp_notice_detail:1787932463493233000:bff78f95343e67eb95094173bb77a78809216d3fe31e6cfdd23115f63e89ee3e
402329,402258,monthly,2026-06-25,2026-06-25 15:53:57-04:00,2026-07-06,2026-07-12,Station 204 (Segment 204 BH),204,BH,1828000,1775000,-53000,53000,MLV 202-1 to MLV 203-1: Anomaly Remediation (7/6/2026 - 7/11/2026),km_tgp_notice_detail:1787932459359984000:c79e99b1354e8edd30b1cf3abe4fbe83ae10e868609813610ce07f8436c1299f,km_tgp_notice_detail:1787932463493233000:bff78f95343e67eb95094173bb77a78809216d3fe31e6cfdd23115f63e89ee3e
402329,402258,monthly,2026-06-25,2026-06-25 15:53:57-04:00,2026-09-14,2026-09-20,Station 17 (segment 117 FH),117,FH,1122000,1100000,-22000,22000,MLV 19-1 TO MLV 20-1A: Pipe Replacement (M) (8/6/2026 - 9/15/2026),km_tgp_notice_detail:1787932459359984000:c79e99b1354e8edd30b1cf3abe4fbe83ae10e868609813610ce07f8436c1299f,km_tgp_notice_detail:1787932463493233000:bff78f95343e67eb95094173bb77a78809216d3fe31e6cfdd23115f63e89ee3e
402329,402258,monthly,2026-06-25,2026-06-25 15:53:57-04:00,2026-08-17,2026-08-23,Station 313 Discharge (segment 399 FH),399,FH,500000,515000,15000,282000,Sta 313 Coudersport: Annual ESD Test & Maintenance (8/17/2026 - 8/20/2026),km_tgp_notice_detail:1787932459359984000:c79e99b1354e8edd30b1cf3abe4fbe83ae10e868609813610ce07f8436c1299f,km_tgp_notice_detail:1787932463493233000:bff78f95343e67eb95094173bb77a78809216d3fe31e6cfdd23115f63e89ee3e
402329,402258,monthly,2026-06-25,2026-06-25 15:53:57-04:00,2026-08-31,2026-09-06,Station 860 (segment 548 BH),548,BH,1593000,1580000,-13000,13000,MLV 546-2 to MLV 547-2: Line Recoat (9/8/2026 - 9/10/2026) Sta 546: Annual ESD Tests & Maintenance (9/7/2026 - 9/11/2026) Sta 555: Unit 4A - Engine Maintenance (8/31/2026 - 9/5/2026),km_tgp_notice_detail:1787932459359984000:c79e99b1354e8edd30b1cf3abe4fbe83ae10e868609813610ce07f8436c1299f,km_tgp_notice_detail:1787932463493233000:bff78f95343e67eb95094173bb77a78809216d3fe31e6cfdd23115f63e89ee3e
402329,402258,monthly,2026-06-25,2026-06-25 15:53:57-04:00,2026-09-14,2026-09-20,MLV 548 (segment 542 BH),542,BH,1647000,1640000,-7000,7000,Sta 542: Unit 2A - Emergent Repair (4/7/2026 - 9/30/2026) Sta 542: Unit 3A - Emergent Repair (3/26/2026 - 8/31/2026),km_tgp_notice_detail:1787932459359984000:c79e99b1354e8edd30b1cf3abe4fbe83ae10e868609813610ce07f8436c1299f,km_tgp_notice_detail:1787932463493233000:bff78f95343e67eb95094173bb77a78809216d3fe31e6cfdd23115f63e89ee3e
402329,402258,monthly,2026-06-25,2026-06-25 15:53:57-04:00,2026-09-07,2026-09-13,MLV 548 (segment 542 BH),542,BH,1647000,1640000,-7000,7000,Sta 542: Unit 2A - Emergent Repair (4/7/2026 - 9/30/2026) Sta 542: Unit 3A - Emergent Repair (3/26/2026 - 8/31/2026),km_tgp_notice_detail:1787932459359984000:c79e99b1354e8edd30b1cf3abe4fbe83ae10e868609813610ce07f8436c1299f,km_tgp_notice_detail:1787932463493233000:bff78f95343e67eb95094173bb77a78809216d3fe31e6cfdd23115f63e89ee3e
402329,402258,monthly,2026-06-25,2026-06-25 15:53:57-04:00,2026-09-21,2026-09-27,MLV 548 (segment 542 BH),542,BH,1647000,1640000,-7000,7000,Sta 542: Unit 2A - Emergent Repair (4/7/2026 - 9/30/2026) Sta 542: Unit 3A - Emergent Repair (3/26/2026 - 8/31/2026),km_tgp_notice_detail:1787932459359984000:c79e99b1354e8edd30b1cf3abe4fbe83ae10e868609813610ce07f8436c1299f,km_tgp_notice_detail:1787932463493233000:bff78f95343e67eb95094173bb77a78809216d3fe31e6cfdd23115f63e89ee3e
402329,402258,monthly,2026-06-25,2026-06-25 15:53:57-04:00,2026-08-31,2026-09-06,MLV 548 (segment 542 BH),542,BH,1640000,1635000,-5000,12000,Sta 542: Unit 2A - Emergent Repair (4/7/2026 - 9/30/2026) Sta 542: Unit 3A - Emergent Repair (3/26/2026 - 8/31/2026),km_tgp_notice_detail:1787932459359984000:c79e99b1354e8edd30b1cf3abe4fbe83ae10e868609813610ce07f8436c1299f,km_tgp_notice_detail:1787932463493233000:bff78f95343e67eb95094173bb77a78809216d3fe31e6cfdd23115f63e89ee3e
402329,402258,monthly,2026-06-25,2026-06-25 15:53:57-04:00,2026-08-24,2026-08-30,MLV 548 (segment 542 BH),542,BH,1235000,1240000,5000,407000,Sta 542 Dekalb: Annual ESD Test (8/25/2026 - 8/27/2026) Sta 542: Unit 2A - Emergent Repair (4/7/2026 - 9/30/2026) Sta 542: Unit 3A - Emergent Repair (3/26/2026 - 8/31/2026),km_tgp_notice_detail:1787932459359984000:c79e99b1354e8edd30b1cf3abe4fbe83ae10e868609813610ce07f8436c1299f,km_tgp_notice_detail:1787932463493233000:bff78f95343e67eb95094173bb77a78809216d3fe31e6cfdd23115f63e89ee3e
402329,402258,monthly,2026-06-25,2026-06-25 15:53:57-04:00,2026-08-17,2026-08-23,MLV 548 (segment 542 BH),542,BH,1640000,1635000,-5000,12000,Sta 542 Dekalb: Annual ESD Test (8/25/2026 - 8/27/2026) Sta 542: Unit 2A - Emergent Repair (4/7/2026 - 9/30/2026) Sta 542: Unit 3A - Emergent Repair (3/26/2026 - 8/31/2026),km_tgp_notice_detail:1787932459359984000:c79e99b1354e8edd30b1cf3abe4fbe83ae10e868609813610ce07f8436c1299f,km_tgp_notice_detail:1787932463493233000:bff78f95343e67eb95094173bb77a78809216d3fe31e6cfdd23115f63e89ee3e
402329,402258,monthly,2026-06-25,2026-06-25 15:53:57-04:00,2026-08-03,2026-08-09,MLV 548 (segment 542 BH),542,BH,1640000,1635000,-5000,12000,Sta 542 Dekalb: Annual ESD Test (8/25/2026 - 8/27/2026) Sta 542: Unit 2A - Emergent Repair (4/7/2026 - 9/30/2026) Sta 542: Unit 3A - Emergent Repair (3/26/2026 - 8/31/2026),km_tgp_notice_detail:1787932459359984000:c79e99b1354e8edd30b1cf3abe4fbe83ae10e868609813610ce07f8436c1299f,km_tgp_notice_detail:1787932463493233000:bff78f95343e67eb95094173bb77a78809216d3fe31e6cfdd23115f63e89ee3e
402329,402258,monthly,2026-06-25,2026-06-25 15:53:57-04:00,2026-08-10,2026-08-16,MLV 548 (segment 542 BH),542,BH,1640000,1635000,-5000,12000,Sta 542 Dekalb: Annual ESD Test (8/25/2026 - 8/27/2026) Sta 542: Unit 2A - Emergent Repair (4/7/2026 - 9/30/2026) Sta 542: Unit 3A - Emergent Repair (3/26/2026 - 8/31/2026),km_tgp_notice_detail:1787932459359984000:c79e99b1354e8edd30b1cf3abe4fbe83ae10e868609813610ce07f8436c1299f,km_tgp_notice_detail:1787932463493233000:bff78f95343e67eb95094173bb77a78809216d3fe31e6cfdd23115f63e89ee3e
402178,402010,monthly,2026-06-18,2026-06-18 16:10:53-04:00,2026-07-13,2026-07-19,Station 307 (segment 307 BH),307,BH,1153000,775000,-378000,378000,MLV 302-2 to MLV 303-2: Anomaly Remediation (7/7/2026 - 7/18/2026) Sta 219: Unit 1B - Protective Device Checks & GHG (7/20/2026 - 7/24/2026) Sta 219: Unit 1B - Save Air System (7/20/2026 - 7/31/2026) Sta 307: Unit 1A - Protective Device Checks (7/20/2026 - 7/24/2026) Sta 307: Unit 2A - Protective Device Checks (7/20/2026 - 7/24/2026) Sta 307: Unit 3A - Protective Device Checks (7/20/2026 - 7/24/2026) Sta 307: Unit 4A - Protective Device Checks (7/20/2026 - 7/24/2026),km_tgp_notice_detail:1787932467394996000:83900cffdb5d97175dcc8eb62976ef019cb8290e856cfd61c6554cc047d18ef5,km_tgp_notice_detail:1787932475857653000:2b26b2f67320296e4b33c326a7717e0707050a471432e822aa5fec309f0bee7d
402178,402010,monthly,2026-06-18,2026-06-18 16:10:53-04:00,2026-07-06,2026-07-12,Station 307 (segment 307 BH),307,BH,1153000,775000,-378000,378000,MLV 302-2 to MLV 303-2: Anomaly Remediation (7/7/2026 - 7/18/2026) Sta 219: Unit 1B - Protective Device Checks & GHG (7/20/2026 - 7/24/2026) Sta 219: Unit 1B - Save Air System (7/20/2026 - 7/31/2026) Sta 307: Unit 1A - Protective Device Checks (7/20/2026 - 7/24/2026) Sta 307: Unit 2A - Protective Device Checks (7/20/2026 - 7/24/2026) Sta 307: Unit 3A - Protective Device Checks (7/20/2026 - 7/24/2026) Sta 307: Unit 4A - Protective Device Checks (7/20/2026 - 7/24/2026),km_tgp_notice_detail:1787932467394996000:83900cffdb5d97175dcc8eb62976ef019cb8290e856cfd61c6554cc047d18ef5,km_tgp_notice_detail:1787932475857653000:2b26b2f67320296e4b33c326a7717e0707050a471432e822aa5fec309f0bee7d
402178,402010,monthly,2026-06-18,2026-06-18 16:10:53-04:00,2026-06-29,2026-07-05,Station 261 Discharge East (segment 261 FH),261,FH,888000,560000,-328000,328000,Sta 264 Charlton: Controls Upgrade (6/29/2026 - 6/30/2026),km_tgp_notice_detail:1787932467394996000:83900cffdb5d97175dcc8eb62976ef019cb8290e856cfd61c6554cc047d18ef5,km_tgp_notice_detail:1787932475857653000:2b26b2f67320296e4b33c326a7717e0707050a471432e822aa5fec309f0bee7d
402178,402010,monthly,2026-06-18,2026-06-18 16:10:53-04:00,2026-07-27,2026-08-02,MLV 324 (segment 324 FH),324,FH,1767000,1450000,-317000,317000,Sta 325: Station Outage (7/28/2026 - 7/30/2026) Sta 325: Units 4A - Water Wash & Borescope (7/6/2026 - 7/7/2026),km_tgp_notice_detail:1787932467394996000:83900cffdb5d97175dcc8eb62976ef019cb8290e856cfd61c6554cc047d18ef5,km_tgp_notice_detail:1787932475857653000:2b26b2f67320296e4b33c326a7717e0707050a471432e822aa5fec309f0bee7d
402178,402010,monthly,2026-06-18,2026-06-18 16:10:53-04:00,2026-08-03,2026-08-09,Station 261 Discharge East (segment 261 FH),261,FH,720000,888000,168000,0,,km_tgp_notice_detail:1787932467394996000:83900cffdb5d97175dcc8eb62976ef019cb8290e856cfd61c6554cc047d18ef5,km_tgp_notice_detail:1787932475857653000:2b26b2f67320296e4b33c326a7717e0707050a471432e822aa5fec309f0bee7d
402178,402010,monthly,2026-06-18,2026-06-18 16:10:53-04:00,2026-07-27,2026-08-02,Station 17 (segment 117 FH),117,FH,1100000,1000000,-100000,122000,MLV 17-3DL to MLV 18-3A: Anomaly Remediation (7/1/2026 - 7/7/2026) MLV 19-3 TO MLV 20-3A: Pipe Replacement (M) (7/1/2026 - 7/31/2026),km_tgp_notice_detail:1787932467394996000:83900cffdb5d97175dcc8eb62976ef019cb8290e856cfd61c6554cc047d18ef5,km_tgp_notice_detail:1787932475857653000:2b26b2f67320296e4b33c326a7717e0707050a471432e822aa5fec309f0bee7d
402178,402010,monthly,2026-06-18,2026-06-18 16:10:53-04:00,2026-07-06,2026-07-12,Station 110 (segment 187 BH) (south thru Kentucky),187,BH,2358000,2280000,-78000,405000,MLV 104-1 to MLV 105-1: Anomaly Remediation (7/13/2026 - 8/15/2026) MLV 107-7 to 110-7: Valve Installation & Crossover Work (7/7/2026 - 7/27/2026) MLV 109-4 to 110-4: Valve Installation & Crossover Work (7/28/2026 - 8/11/2026) MLV 109-4 to MLV 110-4: Pipe Replacement (7/28/2026 - 8/11/2026) MLV 109-7 to MLV 110-7: Pipe Replacement (7/7/2026 - 7/27/2026) MLV 54-3 to MLV 106-3: Emergent Repair - CAO (2/26/2026 - 12/31/2026) MLV 87-3 to MLV 96-3: Pig Run - EMAT (7/21/2026) MLV 87-3 to MLV 96-3: Pig Run - MDS (7/7/2026) MLV 96-3BR to MLV 96-3BL: Spike Test (7/27/2026 - 8/31/2026) Sta 106: C Building - Install Water Trech System (7/13/2026 - 7/17/2026) Sta 87: Unit 3D - Power side Overhaul (6/22/2026 - 9/30/2026) Sta 96 Campbellsville: Annual ESD Test (7/14/2026 - 7/15/2026) Sta 96 Campbellsville: Annual Substation Inspection (7/13/2026 - 7/16/2026) Sta 96: Unit 2D Replace Compressor Valves (7/5/2026 - 7/9/2026),km_tgp_notice_detail:1787932467394996000:83900cffdb5d97175dcc8eb62976ef019cb8290e856cfd61c6554cc047d18ef5,km_tgp_notice_detail:1787932475857653000:2b26b2f67320296e4b33c326a7717e0707050a471432e822aa5fec309f0bee7d
402178,402010,monthly,2026-06-18,2026-06-18 16:10:53-04:00,2026-07-13,2026-07-19,MLV 548 (segment 542 BH),542,BH,1640000,1600000,-40000,47000,MLV 539-2 to MLV 540-2: Anomaly Remediation (7/9/2026 - 7/13/2026) Sta 542: Unit 2A - Emergent Repair (4/7/2026 - 8/31/2026) Sta 542: Unit 3A - Emergent Repair (3/26/2026 - 7/31/2026) Sta 546: Unit 7A - Metal in Oil (7/14/2025 - 7/31/2026),km_tgp_notice_detail:1787932467394996000:83900cffdb5d97175dcc8eb62976ef019cb8290e856cfd61c6554cc047d18ef5,km_tgp_notice_detail:1787932475857653000:2b26b2f67320296e4b33c326a7717e0707050a471432e822aa5fec309f0bee7d
402178,402010,monthly,2026-06-18,2026-06-18 16:10:53-04:00,2026-06-29,2026-07-05,MLV 548 (segment 542 BH),542,BH,1640000,1600000,-40000,47000,MLV 539-2 to MLV 540-2: Anomaly Remediation (7/9/2026 - 7/13/2026) Sta 542: Unit 2A - Emergent Repair (4/7/2026 - 8/31/2026) Sta 542: Unit 3A - Emergent Repair (3/26/2026 - 7/31/2026) Sta 546: Unit 7A - Metal in Oil (7/14/2025 - 7/31/2026),km_tgp_notice_detail:1787932467394996000:83900cffdb5d97175dcc8eb62976ef019cb8290e856cfd61c6554cc047d18ef5,km_tgp_notice_detail:1787932475857653000:2b26b2f67320296e4b33c326a7717e0707050a471432e822aa5fec309f0bee7d
402178,402010,monthly,2026-06-18,2026-06-18 16:10:53-04:00,2026-07-20,2026-07-26,MLV 548 (segment 542 BH),542,BH,1640000,1600000,-40000,47000,MLV 539-2 to MLV 540-2: Anomaly Remediation (7/9/2026 - 7/13/2026) Sta 542: Unit 2A - Emergent Repair (4/7/2026 - 8/31/2026) Sta 542: Unit 3A - Emergent Repair (3/26/2026 - 7/31/2026) Sta 546: Unit 7A - Metal in Oil (7/14/2025 - 7/31/2026),km_tgp_notice_detail:1787932467394996000:83900cffdb5d97175dcc8eb62976ef019cb8290e856cfd61c6554cc047d18ef5,km_tgp_notice_detail:1787932475857653000:2b26b2f67320296e4b33c326a7717e0707050a471432e822aa5fec309f0bee7d
402178,402010,monthly,2026-06-18,2026-06-18 16:10:53-04:00,2026-07-27,2026-08-02,MLV 548 (segment 542 BH),542,BH,1640000,1600000,-40000,47000,MLV 539-2 to MLV 540-2: Anomaly Remediation (7/9/2026 - 7/13/2026) Sta 542: Unit 2A - Emergent Repair (4/7/2026 - 8/31/2026) Sta 542: Unit 3A - Emergent Repair (3/26/2026 - 7/31/2026) Sta 546: Unit 7A - Metal in Oil (7/14/2025 - 7/31/2026),km_tgp_notice_detail:1787932467394996000:83900cffdb5d97175dcc8eb62976ef019cb8290e856cfd61c6554cc047d18ef5,km_tgp_notice_detail:1787932475857653000:2b26b2f67320296e4b33c326a7717e0707050a471432e822aa5fec309f0bee7d
402178,402010,monthly,2026-06-18,2026-06-18 16:10:53-04:00,2026-07-06,2026-07-12,MLV 548 (segment 542 BH),542,BH,1640000,1600000,-40000,47000,MLV 539-2 to MLV 540-2: Anomaly Remediation (7/9/2026 - 7/13/2026) Sta 542: Unit 2A - Emergent Repair (4/7/2026 - 8/31/2026) Sta 542: Unit 3A - Emergent Repair (3/26/2026 - 7/31/2026) Sta 546: Unit 7A - Metal in Oil (7/14/2025 - 7/31/2026),km_tgp_notice_detail:1787932467394996000:83900cffdb5d97175dcc8eb62976ef019cb8290e856cfd61c6554cc047d18ef5,km_tgp_notice_detail:1787932475857653000:2b26b2f67320296e4b33c326a7717e0707050a471432e822aa5fec309f0bee7d
402178,402010,monthly,2026-06-18,2026-06-18 16:10:53-04:00,2026-08-17,2026-08-23,Station 313 Discharge (segment 399 FH),399,FH,515000,500000,-15000,297000,Sta 313 Coudersport: Annual ESD Test & Maintenance (8/17/2026 - 8/20/2026),km_tgp_notice_detail:1787932467394996000:83900cffdb5d97175dcc8eb62976ef019cb8290e856cfd61c6554cc047d18ef5,km_tgp_notice_detail:1787932475857653000:2b26b2f67320296e4b33c326a7717e0707050a471432e822aa5fec309f0bee7d
402178,402010,monthly,2026-06-18,2026-06-18 16:10:53-04:00,2026-08-17,2026-08-23,MLV 548 (segment 542 BH),542,BH,1647000,1640000,-7000,7000,Sta 542 Dekalb: Annual ESD Test (8/25/2026 - 8/27/2026) Sta 542: Unit 2A - Emergent Repair (4/7/2026 - 8/31/2026),km_tgp_notice_detail:1787932467394996000:83900cffdb5d97175dcc8eb62976ef019cb8290e856cfd61c6554cc047d18ef5,km_tgp_notice_detail:1787932475857653000:2b26b2f67320296e4b33c326a7717e0707050a471432e822aa5fec309f0bee7d
402010,401825,monthly,2026-06-11,2026-06-11 17:15:59-04:00,2026-06-22,2026-06-28,Station 534 South of Pool (segment 530 BH),530,BH,1528000,985000,-543000,565000,MLV 533-2 to MLV 534-2: Pipe Replacement (6/4/2026 - 6/26/2026) Sta 530: Unit 1A - Bearings (8/25/2025 - 12/31/2026) Sta 530: Unit 3A - Crankshaft Replacement (6/9/2025 - 12/31/2026) Sta 530: Unit 5A - Top-End Overhaul (6/9/2025 - 12/31/2026) Sta 534: Unit 6A - Piston Liner & Unloader Replacements (6/30/2025 - 7/10/2026),km_tgp_notice_detail:1787932475857653000:2b26b2f67320296e4b33c326a7717e0707050a471432e822aa5fec309f0bee7d,km_tgp_notice_detail:1787932495723750000:8d5a8d0c3226e64f800ea04248be927068acc0a5b86065d70ad09bce9c147913
402010,401825,monthly,2026-06-11,2026-06-11 17:15:59-04:00,2026-07-27,2026-08-02,Station 9 (segment 109 BH),109,BH,640000,1015000,375000,12000,MLV 4-1 to MLV 5-1: Emergent Repair (6/9/2026 - 7/1/2026) MLV 5-2 to MLV 1-2D: Pig Run - Cleaning Gauge (M) (7/13/2026) MLV 5-2 to MLV 1-2D: Pig Run - Cleaning Gauge (M) (7/14/2026) MLV 5-2 to MLV 1-2D: Pig Run - Cleaning Gauge (M) (7/15/2026) MLV 5-2 to MLV 1-2D: Pig Run - Cleaning Gauge (M) (7/16/2026) MLV 5-2 to MLV 1-2D: Pig Run - Cleaning Gauge (M) (7/17/2026) MLV 5-2 to MLV 1-2D: Pig Run - TDW MDS (M) (7/21/2026) MLV 9-1D to MLV 10-1: Anomaly Remediation (7/27/2026 - 8/2/2026),km_tgp_notice_detail:1787932475857653000:2b26b2f67320296e4b33c326a7717e0707050a471432e822aa5fec309f0bee7d,km_tgp_notice_detail:1787932495723750000:8d5a8d0c3226e64f800ea04248be927068acc0a5b86065d70ad09bce9c147913
402010,401825,monthly,2026-06-11,2026-06-11 17:15:59-04:00,2026-08-10,2026-08-16,Station 47 (segment 143 FH),143,FH,1343000,1105000,-238000,238000,MLV 40-1D to MLV 47-1S: Pig Run - Maintenance (8/4/2026) MLV 40-3D to MLV 47-3S: Pig Run - Maintenance Cleaning (8/11/2026) MLV 40-4D to MLV 47-4S: Pig Run - Maintenance (8/13/2026),km_tgp_notice_detail:1787932475857653000:2b26b2f67320296e4b33c326a7717e0707050a471432e822aa5fec309f0bee7d,km_tgp_notice_detail:1787932495723750000:8d5a8d0c3226e64f800ea04248be927068acc0a5b86065d70ad09bce9c147913
402010,401825,monthly,2026-06-11,2026-06-11 17:15:59-04:00,2026-08-03,2026-08-09,Station 9 (segment 109 BH),109,BH,768000,985000,217000,42000,MLV 11-1A to MLV 11-1: Anomaly Remediation (8/3/2026 - 8/9/2026) MLV 13-1 to MLV 12-1: Anomaly Remediation (8/10/2026 - 8/19/2026),km_tgp_notice_detail:1787932475857653000:2b26b2f67320296e4b33c326a7717e0707050a471432e822aa5fec309f0bee7d,km_tgp_notice_detail:1787932495723750000:8d5a8d0c3226e64f800ea04248be927068acc0a5b86065d70ad09bce9c147913
402010,401825,monthly,2026-06-11,2026-06-11 17:15:59-04:00,2026-07-06,2026-07-12,Station 47 (segment 143 FH),143,FH,1115000,1330000,215000,13000,MLV 55-1 to MLV 56-1: PHMSA Immediate (5/11/2026 - 7/31/2026) Sta. 47: Station Transformer Maintenance (7/13/2026 - 7/14/2026),km_tgp_notice_detail:1787932475857653000:2b26b2f67320296e4b33c326a7717e0707050a471432e822aa5fec309f0bee7d,km_tgp_notice_detail:1787932495723750000:8d5a8d0c3226e64f800ea04248be927068acc0a5b86065d70ad09bce9c147913
402010,401825,monthly,2026-06-11,2026-06-11 17:15:59-04:00,2026-08-10,2026-08-16,Station 9 (segment 109 BH),109,BH,768000,945000,177000,82000,MLV 11-1A to MLV 11-1: Anomaly Remediation (8/3/2026 - 8/9/2026) MLV 13-1 to MLV 12-1: Anomaly Remediation (8/10/2026 - 8/19/2026),km_tgp_notice_detail:1787932475857653000:2b26b2f67320296e4b33c326a7717e0707050a471432e822aa5fec309f0bee7d,km_tgp_notice_detail:1787932495723750000:8d5a8d0c3226e64f800ea04248be927068acc0a5b86065d70ad09bce9c147913
402010,401825,monthly,2026-06-11,2026-06-11 17:15:59-04:00,2026-08-03,2026-08-09,Station 47 (segment 143 FH),143,FH,1343000,1255000,-88000,88000,MLV 40-1D to MLV 47-1S: Pig Run - Maintenance (8/4/2026) MLV 40-3D to MLV 47-3S: Pig Run - Maintenance Cleaning (8/11/2026) MLV 40-4D to MLV 47-4S: Pig Run - Maintenance (8/13/2026),km_tgp_notice_detail:1787932475857653000:2b26b2f67320296e4b33c326a7717e0707050a471432e822aa5fec309f0bee7d,km_tgp_notice_detail:1787932495723750000:8d5a8d0c3226e64f800ea04248be927068acc0a5b86065d70ad09bce9c147913
402010,401825,monthly,2026-06-11,2026-06-11 17:15:59-04:00,2026-07-13,2026-07-19,Station 47 (segment 143 FH),143,FH,960000,1020000,60000,323000,MLV 55-1 to MLV 56-1: PHMSA Immediate (5/11/2026 - 7/31/2026) Sta. 47: Station Transformer Maintenance (7/13/2026 - 7/14/2026),km_tgp_notice_detail:1787932475857653000:2b26b2f67320296e4b33c326a7717e0707050a471432e822aa5fec309f0bee7d,km_tgp_notice_detail:1787932495723750000:8d5a8d0c3226e64f800ea04248be927068acc0a5b86065d70ad09bce9c147913
402010,401825,monthly,2026-06-11,2026-06-11 17:15:59-04:00,2026-08-17,2026-08-23,Station 204 (Segment 204 BH),204,BH,1770000,1828000,58000,0,,km_tgp_notice_detail:1787932475857653000:2b26b2f67320296e4b33c326a7717e0707050a471432e822aa5fec309f0bee7d,km_tgp_notice_detail:1787932495723750000:8d5a8d0c3226e64f800ea04248be927068acc0a5b86065d70ad09bce9c147913
402010,401825,monthly,2026-06-11,2026-06-11 17:15:59-04:00,2026-07-13,2026-07-19,Station 110 (segment 187 BH) (south thru Kentucky),187,BH,2040000,2098000,58000,587000,MLV 104-1 to MLV 105-1: Anomaly Remediation (7/13/2026 - 8/15/2026) MLV 107-7 to 110-7: Valve Installation & Crossover Work (7/7/2026 - 7/27/2026) MLV 109-4 to 110-4: Valve Installation & Crossover Work (7/28/2026 - 8/11/2026) MLV 109-4 to MLV 110-4: Pipe Replacement (7/28/2026 - 8/11/2026) MLV 109-7 to MLV 110-7: Pipe Replacement (7/7/2026 - 7/27/2026) MLV 54-3 to MLV 106-3: Emergent Repair - CAO (2/26/2026 - 12/31/2026) MLV 96-3BR to MLV 96-3BL: Spike Test (7/27/2026 - 8/31/2026) Sta 87: Unit 3D - Power side Overhaul (6/22/2026 - 9/30/2026) Sta 96 Campbellsville: Annual ESD Test (7/14/2026 - 7/15/2026) Sta 96 Campbellsville: Annual Substation Inspection (7/13/2026 - 7/16/2026) Sta 96: Unit 2D Replace Compressor Valves (7/5/2026 - 7/9/2026) Sta. 106: C Building - Install Water Trech System (7/13/2026 - 7/17/2026),km_tgp_notice_detail:1787932475857653000:2b26b2f67320296e4b33c326a7717e0707050a471432e822aa5fec309f0bee7d,km_tgp_notice_detail:1787932495723750000:8d5a8d0c3226e64f800ea04248be927068acc0a5b86065d70ad09bce9c147913
402010,401825,monthly,2026-06-11,2026-06-11 17:15:59-04:00,2026-08-24,2026-08-30,Station 204 (Segment 204 BH),204,BH,1770000,1828000,58000,0,,km_tgp_notice_detail:1787932475857653000:2b26b2f67320296e4b33c326a7717e0707050a471432e822aa5fec309f0bee7d,km_tgp_notice_detail:1787932495723750000:8d5a8d0c3226e64f800ea04248be927068acc0a5b86065d70ad09bce9c147913
402010,401825,monthly,2026-06-11,2026-06-11 17:15:59-04:00,2026-08-24,2026-08-30,Station 9 (segment 109 BH),109,BH,969000,1027000,58000,0,MLV 11-1A to MLV 11-1: Anomaly Remediation (8/3/2026 - 8/9/2026) MLV 13-1 to MLV 12-1: Anomaly Remediation (8/10/2026 - 8/19/2026),km_tgp_notice_detail:1787932475857653000:2b26b2f67320296e4b33c326a7717e0707050a471432e822aa5fec309f0bee7d,km_tgp_notice_detail:1787932495723750000:8d5a8d0c3226e64f800ea04248be927068acc0a5b86065d70ad09bce9c147913
402010,401825,monthly,2026-06-11,2026-06-11 17:15:59-04:00,2026-06-22,2026-06-28,Station 204 (Segment 204 BH),204,BH,1828000,1790000,-38000,38000,MLV 206-2 to MLV 207-2: Anomaly Remediation (6/22/2026 - 7/2/2026),km_tgp_notice_detail:1787932475857653000:2b26b2f67320296e4b33c326a7717e0707050a471432e822aa5fec309f0bee7d,km_tgp_notice_detail:1787932495723750000:8d5a8d0c3226e64f800ea04248be927068acc0a5b86065d70ad09bce9c147913
402010,401825,monthly,2026-06-11,2026-06-11 17:15:59-04:00,2026-06-29,2026-07-05,Station 204 (Segment 204 BH),204,BH,1828000,1790000,-38000,38000,MLV 206-2 to MLV 207-2: Anomaly Remediation (6/22/2026 - 7/2/2026),km_tgp_notice_detail:1787932475857653000:2b26b2f67320296e4b33c326a7717e0707050a471432e822aa5fec309f0bee7d,km_tgp_notice_detail:1787932495723750000:8d5a8d0c3226e64f800ea04248be927068acc0a5b86065d70ad09bce9c147913
402010,401825,monthly,2026-06-11,2026-06-11 17:15:59-04:00,2026-08-17,2026-08-23,Station 9 (segment 109 BH),109,BH,969000,945000,-24000,82000,MLV 11-1A to MLV 11-1: Anomaly Remediation (8/3/2026 - 8/9/2026) MLV 13-1 to MLV 12-1: Anomaly Remediation (8/10/2026 - 8/19/2026),km_tgp_notice_detail:1787932475857653000:2b26b2f67320296e4b33c326a7717e0707050a471432e822aa5fec309f0bee7d,km_tgp_notice_detail:1787932495723750000:8d5a8d0c3226e64f800ea04248be927068acc0a5b86065d70ad09bce9c147913
