alert_id,event_id,event_type,current_status,impact_channel,decision_at_utc,change_type,severity_score,score_components_json,headline,explanation,confidence,effective_start_utc,effective_end_utc,evidence_json
TGP:alert:5581de8c7285bdf1b0b02ff8,TGP:critical_notice:5581de8c7285bdf1b0b02ff8,critical_notice,initiate,operator_notice,2026-08-31T17:30:44.557819Z,new_critical_notice,75.0,"{""critical_notice"": 35, ""effective_immediacy"": 20, ""subject_materiality"": 20}",INITIATE · Notice 403884 · RESTRICTIONS FOR 08-31-2026 ID1,This is a newly observed operator notice. Its archived detail text is attached; subsequent capacity data are still required to confirm the operating effect.,1.0,2026-08-31T16:26:47.000000Z,2026-09-01T14:00:00.000000Z,"{""after"": {""effective_end"": ""2026-09-01T14:00:00+00:00"", ""effective_start"": ""2026-08-31T16:26:47+00:00"", ""notice_text"": ""Effective Intraday 1 Cycle (14:00) for the gas day of Monday,\nAugust 31, 2026 Tennessee restricted the following:\nOPERATIONAL FLOW ORDERS (OFO) AND IMBALANCE WARNINGS\nOFO DAILY CRITICAL DAY\n1 ON THE 500 lINE FROM STA 527 TO STA 542 FOR OVERTAKES from the system OR\nUNDERDELIVERieS into the system FOR ALL LMPA, SA ACTING AS BALANCING PARTIES\nAND LMMA BALANCING PARTIES\nOFO DAILY CRITICAL DAY\n1 FOR ALL AREAS EAST AND NORTH OF STA 219 FOR UNDERTAKES FROM THE SYSTEM OR\nOVERDELIVERIES INTO THE SYSTEM FOR ALL LMPA, SA ACTING AS BALANCING PARTIES AND\nLMMA BALANCING PARTIES\nMETER RESTRICTIONS\n\u00b7\nATMOS-TX/TGP Katy Exch Waller Receipt Meter (Pin 412100) -\nthrough approx 99% of SA increases due to nominations in excess of operational\ncapacity; 3,715 Dths\n\u00b7\nGULFSTH/TGP Petal Storage Field For Delivery Meter (Pin 420797) -\nthrough 100% of SIPss increases due to operational concerns; 39 Dths\n\u00b7\nTET/TGP Dry Creek Sales Casey Delivery Meter (Pin 420886) -\nthrough approx 46% of SIPps increases due to operational concerns; 8,232 Dths\nSEGMENT RESTRICTIONS\n\u00b7\nSTA 534 South Of Pool (Segment 530 BH) - through 100% of SOP\nincreases due to scheduled maintenance and nominations in excess of operational\ncapacity; 450 Dths\n\u00b7\nSTA 1 (Segment 101 BH) - through 100% of SOP increases due to\noperational concerns; 98,446 Dths\n\u00b7\nMLV 509 Muskrat Line (Segment 515 BH) - through 100% of SOP\nincreases due to nominations in excess of operational capacity; 4,494 Dths\n\u00b7\nSTA 523 West (Segment 516 FH) - through 100% of SOP increases due\nto nominations in excess of operational capacity; 19,952 Dths\n\u00b7\nSTA 114 East (Segment 114 BH) - through PIP increases due to\nforce majeure\n\u00b7\nSTA 204 (Segment 204 BH) - through 100% of SOP increases due to\nscheduled maintenance and nominations in excess of operational capacity; 155\nDths\n\u00b7\nSTA 307 (Segment 307 BH) - through 100% of SOP increases due to\nscheduled maintenance and nominations in excess of operational capacity;\n378,652 Dths\n\u00b7\nMLV 314 East (Segment 314 BH) - through approx 87% of SOP\nincreases due to nominations in excess of operational capacity; 191,664 Dths\n\u00b7\nSTA 315 (Segment 315 BH) - through 100% of SOP increases due to\nnominations in excess of operational capacity; 290,739 Dths\n\u00b7\nSTA 317 (Segment 317 BH) - through 100% of SOP increases due to\nnominations in excess of operational capacity; 44,847 Dths\n\u00b7\nSTA 321 (Segment 321 FH) - through PIP increases due to\noperational concerns\n\u00b7\nSTA 325 (Segment 324 FH) - through 100% of SOP increases due to\nscheduled maintenance and nominations in excess of operational capacity; 75,712\nDths\n\u00b7\nZ5hc North (Segment 299 FH) - through 100% of SOP increases due\nto nominations in excess of operational capacity; 193,551 Dths\n\u00b7\nSTA 245 (Segment 245 FH) - through approx 99% of SOP increases\ndue to scheduled maintenance and nominations in excess of operational capacity;\n219,175 Dths\n\u00b7\nSTA 249 (Segment 249 FH) - through 100% of SOP increases due to\nnominations in excess of operational capacity; 72,558 Dths\n\u00b7\nSTA 261 Discharge East (Segment 261 FH) - through approx 88% of\nSOP increases due to scheduled maintenance and nominations in excess of\noperational capacity; 17,563 Dths\n\u00b7\nMLV 273 (Segment 284 FH) - through 100% of SOP increases due to\nnominations in excess of operational capacity; 197,384 Dths\nLINEPACK RESTRICTIONS\nPAYBACK NOMINATIONS\nWILL BE EVALUATED AT EACH CYCLE AND SCHEDULED ONLY IF OPERATIONALLY FEASIBLE.\nSTORAGE RESTRICTIONS\nNo Authorized Overrun Injections\nServices under Rate Schedule FS-AO at the following storage fields:\no Northern MA (460018) storage field\no Portland MA (460025) storage field\n\u00b7 No Interruptible Storage Injection\nServices under Rate Schedule IS at the following storage fields:\no Northern MA (460018) storage field\n\u00b7 No Parks or Loan Paybacks under\nRate Schedule PAL utilizing the PALD service in Zones 4, 5 and 6\n\u00b7 No Parks or Loan Paybacks under\nRate Schedule PAL utilizing the PAL-AO service in Zones 4, 5 and 6\n**PLEASE\nNOTE MAXIMUM HOURLY ENTITLEMENTS (\""MHE\"") AND/OR ELAPSED PRO RATA\nSCHEDULED QUANTITIES (\""EPSQ\"") WILL BE REVIEWED AND MAY BE ENFORCED AT\nANY METER DURING INTRADAY OR HOURLY CYCLES.\n**FINAL\nVOLUMES MAY CHANGE DUE TO SYSTEM BALANCING AND/OR CONFIRMATION REDUCTIONS.\n**THE\nOUTAGE AND MAINTENANCE SCHEDULE IS AVAILABLE IN EXCEL SPREADSHEET AND ADOBE\nFORMATS WHICH MAY BE ACCESSED VIA A HYPERLINK UNDER NOTICES/PLANNED SERVICE\nOUTAGES.\nIf you\nhave any questions, please contact your Scheduler."", ""posted_at"": ""2026-08-31T12:26:47-04:00"", ""status"": ""INITIATE"", ""subject"": ""RESTRICTIONS FOR 08-31-2026 ID1""}, ""artifact_ids"": [""km_tgp_critical:1788197443049241000:735d3d34cd61d1e03bda8b09ee50bf54a21a8e3c331e2b1918038f2333defa10"", ""km_tgp_notice_detail:1788197444557819000:01ffabfb2c6c004cff2f5806e31fb057ba5f99b297de054875e59df597ea71cc""], ""before"": null, ""change_source"": ""critical_notice_index"", ""comparison_warning"": null, ""schema_version"": ""tgp_alert_evidence_v1"", ""source_url"": ""https://pipeline2.kindermorgan.com/Notices/NoticeDetail.aspx?code=TGP&notc_nbr=403884"", ""subject"": {""notice_id"": ""403884"", ""notice_type_primary"": ""PIPELINE CONDITIONS"", ""notice_type_secondary"": ""CURRENT PIPELINE CONDITIONS"", ""prior_notice_id"": null}}"
TGP:alert:4093ec251504d3ebb42178af,TGP:capacity_snapshot_change:4093ec251504d3ebb42178af,capacity_snapshot_change,changed,scheduling_pressure,2026-08-31T14:44:47.739205Z,scheduling_changed,51.0,"{""absolute_change"": 16, ""current_scheduling_pressure"": 15, ""operating_capacity_changed"": 0, ""threshold_crossing"": 20}",Segment 314 reported capacity or scheduling changed across different scheduling periods,Available capacity changed from 139k to 81k Dth/day. Snapshots use different gas days or nomination cycles; the change is descriptive and may reflect normal scheduling evolution.,0.7,2026-08-31T14:00:00.000000Z,2026-09-01T04:59:59.999999Z,"{""after"": {""available_capacity_dth_per_day"": 80547.0, ""cycle"": ""EVENING"", ""gas_day"": ""2026-08-31"", ""operating_capacity_dth_per_day"": 1793296.0, ""scheduled_pct_of_operating"": 95.5, ""scheduled_quantity_dth_per_day"": 1712749.0, ""source_posted_at"": ""2026-08-30T21:47:00-04:00""}, ""artifact_ids"": [""km_tgp_segment_capacity:1788105216817246000:a4457f5a9ca6180e2bb5e83f4fab842ac9a9ac3f88e3d9819ba77215daf9490d"", ""km_tgp_segment_capacity:1788187487739205000:d2eef3c517898b0f7e89817593d54eb118dd468faadfcbf3623b1e100402c9ce""], ""before"": {""available_capacity_dth_per_day"": 139315.0, ""cycle"": ""EVENING"", ""gas_day"": ""2026-08-30"", ""operating_capacity_dth_per_day"": 1793296.0, ""scheduled_pct_of_operating"": 92.2, ""scheduled_quantity_dth_per_day"": 1653981.0, ""source_posted_at"": ""2026-08-29T21:46:00-04:00""}, ""change_source"": ""operational_capacity_snapshot"", ""comparison_warning"": ""Snapshots use different gas days or nomination cycles; the change is descriptive and may reflect normal scheduling evolution."", ""delta"": {""available_capacity_dth_per_day"": -58768.0, ""operating_capacity_dth_per_day"": 0.0, ""scheduled_pct_of_operating"": 3.3, ""scheduled_quantity_dth_per_day"": 58768.0}, ""schema_version"": ""tgp_alert_evidence_v1"", ""source_url"": ""https://pipeline2.kindermorgan.com/Capacity/OpAvailSegment.aspx?code=TGP"", ""subject"": {""flow_direction"": ""TD2"", ""location_name"": ""MLV 314 EAST"", ""operator_segment_id"": ""314""}, ""thresholds"": {""crossed_80_pct"": false, ""crossed_95_pct"": true, ""crossed_zero_available"": false}}"
TGP:alert:a1a94d92389c38b462ce5719,TGP:capacity_snapshot_change:a1a94d92389c38b462ce5719,capacity_snapshot_change,changed,scheduling_pressure,2026-08-31T14:44:47.739205Z,scheduling_changed,51.0,"{""absolute_change"": 16, ""current_scheduling_pressure"": 15, ""operating_capacity_changed"": 0, ""threshold_crossing"": 20}",Segment 313 reported capacity or scheduling changed across different scheduling periods,Available capacity changed from 139k to 81k Dth/day. Snapshots use different gas days or nomination cycles; the change is descriptive and may reflect normal scheduling evolution.,0.7,2026-08-31T14:00:00.000000Z,2026-09-01T04:59:59.999999Z,"{""after"": {""available_capacity_dth_per_day"": 80547.0, ""cycle"": ""EVENING"", ""gas_day"": ""2026-08-31"", ""operating_capacity_dth_per_day"": 1793296.0, ""scheduled_pct_of_operating"": 95.5, ""scheduled_quantity_dth_per_day"": 1712749.0, ""source_posted_at"": ""2026-08-30T21:47:00-04:00""}, ""artifact_ids"": [""km_tgp_segment_capacity:1788105216817246000:a4457f5a9ca6180e2bb5e83f4fab842ac9a9ac3f88e3d9819ba77215daf9490d"", ""km_tgp_segment_capacity:1788187487739205000:d2eef3c517898b0f7e89817593d54eb118dd468faadfcbf3623b1e100402c9ce""], ""before"": {""available_capacity_dth_per_day"": 139315.0, ""cycle"": ""EVENING"", ""gas_day"": ""2026-08-30"", ""operating_capacity_dth_per_day"": 1793296.0, ""scheduled_pct_of_operating"": 92.2, ""scheduled_quantity_dth_per_day"": 1653981.0, ""source_posted_at"": ""2026-08-29T21:46:00-04:00""}, ""change_source"": ""operational_capacity_snapshot"", ""comparison_warning"": ""Snapshots use different gas days or nomination cycles; the change is descriptive and may reflect normal scheduling evolution."", ""delta"": {""available_capacity_dth_per_day"": -58768.0, ""operating_capacity_dth_per_day"": 0.0, ""scheduled_pct_of_operating"": 3.3, ""scheduled_quantity_dth_per_day"": 58768.0}, ""schema_version"": ""tgp_alert_evidence_v1"", ""source_url"": ""https://pipeline2.kindermorgan.com/Capacity/OpAvailSegment.aspx?code=TGP"", ""subject"": {""flow_direction"": ""TD2"", ""location_name"": ""MLV 314 WEST"", ""operator_segment_id"": ""313""}, ""thresholds"": {""crossed_80_pct"": false, ""crossed_95_pct"": true, ""crossed_zero_available"": false}}"
TGP:alert:d35faff419b6fc1cd25e85d0,TGP:capacity_snapshot_change:d35faff419b6fc1cd25e85d0,capacity_snapshot_change,changed,scheduling_pressure,2026-08-31T14:44:47.739205Z,scheduling_changed,51.0,"{""absolute_change"": 16, ""current_scheduling_pressure"": 15, ""operating_capacity_changed"": 0, ""threshold_crossing"": 20}",Segment 316 reported capacity or scheduling changed across different scheduling periods,Available capacity changed from 136k to 84k Dth/day. Snapshots use different gas days or nomination cycles; the change is descriptive and may reflect normal scheduling evolution.,0.7,2026-08-31T14:00:00.000000Z,2026-09-01T04:59:59.999999Z,"{""after"": {""available_capacity_dth_per_day"": 83972.0, ""cycle"": ""EVENING"", ""gas_day"": ""2026-08-31"", ""operating_capacity_dth_per_day"": 1773296.0, ""scheduled_pct_of_operating"": 95.3, ""scheduled_quantity_dth_per_day"": 1689324.0, ""source_posted_at"": ""2026-08-30T21:47:00-04:00""}, ""artifact_ids"": [""km_tgp_segment_capacity:1788105216817246000:a4457f5a9ca6180e2bb5e83f4fab842ac9a9ac3f88e3d9819ba77215daf9490d"", ""km_tgp_segment_capacity:1788187487739205000:d2eef3c517898b0f7e89817593d54eb118dd468faadfcbf3623b1e100402c9ce""], ""before"": {""available_capacity_dth_per_day"": 136443.0, ""cycle"": ""EVENING"", ""gas_day"": ""2026-08-30"", ""operating_capacity_dth_per_day"": 1773296.0, ""scheduled_pct_of_operating"": 92.3, ""scheduled_quantity_dth_per_day"": 1636853.0, ""source_posted_at"": ""2026-08-29T21:46:00-04:00""}, ""change_source"": ""operational_capacity_snapshot"", ""comparison_warning"": ""Snapshots use different gas days or nomination cycles; the change is descriptive and may reflect normal scheduling evolution."", ""delta"": {""available_capacity_dth_per_day"": -52471.0, ""operating_capacity_dth_per_day"": 0.0, ""scheduled_pct_of_operating"": 3.0, ""scheduled_quantity_dth_per_day"": 52471.0}, ""schema_version"": ""tgp_alert_evidence_v1"", ""source_url"": ""https://pipeline2.kindermorgan.com/Capacity/OpAvailSegment.aspx?code=TGP"", ""subject"": {""flow_direction"": ""TD2"", ""location_name"": ""MLV 316"", ""operator_segment_id"": ""316""}, ""thresholds"": {""crossed_80_pct"": false, ""crossed_95_pct"": true, ""crossed_zero_available"": false}}"
TGP:alert:5dd3b4298da14133de25a89f,TGP:capacity_snapshot_change:5dd3b4298da14133de25a89f,capacity_snapshot_change,changed,operating_capacity,2026-08-31T14:44:47.739205Z,operating_capacity_changed,42.0,"{""absolute_change"": 32, ""current_scheduling_pressure"": 0, ""operating_capacity_changed"": 10, ""threshold_crossing"": 0}",Segment 324 reported capacity or scheduling changed across different scheduling periods,Available capacity changed from 669k to 472k Dth/day. Snapshots use different gas days or nomination cycles; the change is descriptive and may reflect normal scheduling evolution.,0.7,2026-08-31T14:00:00.000000Z,2026-09-01T04:59:59.999999Z,"{""after"": {""available_capacity_dth_per_day"": 472500.0, ""cycle"": ""EVENING"", ""gas_day"": ""2026-08-31"", ""operating_capacity_dth_per_day"": 1515000.0, ""scheduled_pct_of_operating"": 68.8, ""scheduled_quantity_dth_per_day"": 1042500.0, ""source_posted_at"": ""2026-08-30T21:47:00-04:00""}, ""artifact_ids"": [""km_tgp_segment_capacity:1788105216817246000:a4457f5a9ca6180e2bb5e83f4fab842ac9a9ac3f88e3d9819ba77215daf9490d"", ""km_tgp_segment_capacity:1788187487739205000:d2eef3c517898b0f7e89817593d54eb118dd468faadfcbf3623b1e100402c9ce""], ""before"": {""available_capacity_dth_per_day"": 669200.0, ""cycle"": ""EVENING"", ""gas_day"": ""2026-08-30"", ""operating_capacity_dth_per_day"": 1767083.0, ""scheduled_pct_of_operating"": 62.1, ""scheduled_quantity_dth_per_day"": 1097883.0, ""source_posted_at"": ""2026-08-29T21:46:00-04:00""}, ""change_source"": ""operational_capacity_snapshot"", ""comparison_warning"": ""Snapshots use different gas days or nomination cycles; the change is descriptive and may reflect normal scheduling evolution."", ""delta"": {""available_capacity_dth_per_day"": -196700.0, ""operating_capacity_dth_per_day"": -252083.0, ""scheduled_pct_of_operating"": 6.7, ""scheduled_quantity_dth_per_day"": -55383.0}, ""schema_version"": ""tgp_alert_evidence_v1"", ""source_url"": ""https://pipeline2.kindermorgan.com/Capacity/OpAvailSegment.aspx?code=TGP"", ""subject"": {""flow_direction"": ""TD1"", ""location_name"": ""MLV 324"", ""operator_segment_id"": ""324""}, ""thresholds"": {""crossed_80_pct"": false, ""crossed_95_pct"": false, ""crossed_zero_available"": false}}"
TGP:alert:74c0876a143215c82a77eb0a,TGP:capacity_snapshot_change:74c0876a143215c82a77eb0a,capacity_snapshot_change,changed,operating_capacity,2026-08-31T14:44:47.739205Z,operating_capacity_changed,42.0,"{""absolute_change"": 32, ""current_scheduling_pressure"": 0, ""operating_capacity_changed"": 10, ""threshold_crossing"": 0}",Segment 143 reported capacity or scheduling changed across different scheduling periods,Available capacity changed from 776k to 452k Dth/day. Snapshots use different gas days or nomination cycles; the change is descriptive and may reflect normal scheduling evolution.,0.7,2026-08-31T14:00:00.000000Z,2026-09-01T04:59:59.999999Z,"{""after"": {""available_capacity_dth_per_day"": 452266.0, ""cycle"": ""EVENING"", ""gas_day"": ""2026-08-31"", ""operating_capacity_dth_per_day"": 1045000.0, ""scheduled_pct_of_operating"": 56.7, ""scheduled_quantity_dth_per_day"": 592734.0, ""source_posted_at"": ""2026-08-30T21:47:00-04:00""}, ""artifact_ids"": [""km_tgp_segment_capacity:1788105216817246000:a4457f5a9ca6180e2bb5e83f4fab842ac9a9ac3f88e3d9819ba77215daf9490d"", ""km_tgp_segment_capacity:1788187487739205000:d2eef3c517898b0f7e89817593d54eb118dd468faadfcbf3623b1e100402c9ce""], ""before"": {""available_capacity_dth_per_day"": 775980.0, ""cycle"": ""EVENING"", ""gas_day"": ""2026-08-30"", ""operating_capacity_dth_per_day"": 1343928.0, ""scheduled_pct_of_operating"": 42.3, ""scheduled_quantity_dth_per_day"": 567948.0, ""source_posted_at"": ""2026-08-29T21:46:00-04:00""}, ""change_source"": ""operational_capacity_snapshot"", ""comparison_warning"": ""Snapshots use different gas days or nomination cycles; the change is descriptive and may reflect normal scheduling evolution."", ""delta"": {""available_capacity_dth_per_day"": -323714.0, ""operating_capacity_dth_per_day"": -298928.0, ""scheduled_pct_of_operating"": 14.4, ""scheduled_quantity_dth_per_day"": 24786.0}, ""schema_version"": ""tgp_alert_evidence_v1"", ""source_url"": ""https://pipeline2.kindermorgan.com/Capacity/OpAvailSegment.aspx?code=TGP"", ""subject"": {""flow_direction"": ""TD1"", ""location_name"": ""STA 47"", ""operator_segment_id"": ""143""}, ""thresholds"": {""crossed_80_pct"": false, ""crossed_95_pct"": false, ""crossed_zero_available"": false}}"
TGP:alert:dc201ad1857fbfeb8ef5388d,TGP:capacity_snapshot_change:dc201ad1857fbfeb8ef5388d,capacity_snapshot_change,changed,operating_capacity,2026-08-31T14:44:47.739205Z,operating_capacity_changed,34.0,"{""absolute_change"": 24, ""current_scheduling_pressure"": 0, ""operating_capacity_changed"": 10, ""threshold_crossing"": 0}",Segment 163 reported capacity or scheduling changed across different scheduling periods,Available capacity changed from 661k to 416k Dth/day. Snapshots use different gas days or nomination cycles; the change is descriptive and may reflect normal scheduling evolution.,0.7,2026-08-31T14:00:00.000000Z,2026-09-01T04:59:59.999999Z,"{""after"": {""available_capacity_dth_per_day"": 415501.0, ""cycle"": ""EVENING"", ""gas_day"": ""2026-08-31"", ""operating_capacity_dth_per_day"": 901000.0, ""scheduled_pct_of_operating"": 53.9, ""scheduled_quantity_dth_per_day"": 485499.0, ""source_posted_at"": ""2026-08-30T21:47:00-04:00""}, ""artifact_ids"": [""km_tgp_segment_capacity:1788105216817246000:a4457f5a9ca6180e2bb5e83f4fab842ac9a9ac3f88e3d9819ba77215daf9490d"", ""km_tgp_segment_capacity:1788187487739205000:d2eef3c517898b0f7e89817593d54eb118dd468faadfcbf3623b1e100402c9ce""], ""before"": {""available_capacity_dth_per_day"": 660996.0, ""cycle"": ""EVENING"", ""gas_day"": ""2026-08-30"", ""operating_capacity_dth_per_day"": 1117000.0, ""scheduled_pct_of_operating"": 40.8, ""scheduled_quantity_dth_per_day"": 456004.0, ""source_posted_at"": ""2026-08-29T21:46:00-04:00""}, ""change_source"": ""operational_capacity_snapshot"", ""comparison_warning"": ""Snapshots use different gas days or nomination cycles; the change is descriptive and may reflect normal scheduling evolution."", ""delta"": {""available_capacity_dth_per_day"": -245495.0, ""operating_capacity_dth_per_day"": -216000.0, ""scheduled_pct_of_operating"": 13.1, ""scheduled_quantity_dth_per_day"": 29495.0}, ""schema_version"": ""tgp_alert_evidence_v1"", ""source_url"": ""https://pipeline2.kindermorgan.com/Capacity/OpAvailSegment.aspx?code=TGP"", ""subject"": {""flow_direction"": ""TD1"", ""location_name"": ""STA 63"", ""operator_segment_id"": ""163""}, ""thresholds"": {""crossed_80_pct"": false, ""crossed_95_pct"": false, ""crossed_zero_available"": false}}"
TGP:alert:187300630c1e98e487c4f0fa,TGP:capacity_snapshot_change:187300630c1e98e487c4f0fa,capacity_snapshot_change,changed,scheduling_pressure,2026-08-31T14:44:47.739205Z,scheduling_changed,28.0,"{""absolute_change"": 10, ""current_scheduling_pressure"": 8, ""operating_capacity_changed"": 0, ""threshold_crossing"": 10}",Segment 299 reported capacity or scheduling changed across different scheduling periods,Available capacity changed from 176k to 148k Dth/day. Snapshots use different gas days or nomination cycles; the change is descriptive and may reflect normal scheduling evolution.,0.7,2026-08-31T14:00:00.000000Z,2026-09-01T04:59:59.999999Z,"{""after"": {""available_capacity_dth_per_day"": 147851.0, ""cycle"": ""EVENING"", ""gas_day"": ""2026-08-31"", ""operating_capacity_dth_per_day"": 794220.0, ""scheduled_pct_of_operating"": 81.4, ""scheduled_quantity_dth_per_day"": 646369.0, ""source_posted_at"": ""2026-08-30T21:47:00-04:00""}, ""artifact_ids"": [""km_tgp_segment_capacity:1788105216817246000:a4457f5a9ca6180e2bb5e83f4fab842ac9a9ac3f88e3d9819ba77215daf9490d"", ""km_tgp_segment_capacity:1788187487739205000:d2eef3c517898b0f7e89817593d54eb118dd468faadfcbf3623b1e100402c9ce""], ""before"": {""available_capacity_dth_per_day"": 175789.0, ""cycle"": ""EVENING"", ""gas_day"": ""2026-08-30"", ""operating_capacity_dth_per_day"": 794220.0, ""scheduled_pct_of_operating"": 77.9, ""scheduled_quantity_dth_per_day"": 618431.0, ""source_posted_at"": ""2026-08-29T21:46:00-04:00""}, ""change_source"": ""operational_capacity_snapshot"", ""comparison_warning"": ""Snapshots use different gas days or nomination cycles; the change is descriptive and may reflect normal scheduling evolution."", ""delta"": {""available_capacity_dth_per_day"": -27938.0, ""operating_capacity_dth_per_day"": 0.0, ""scheduled_pct_of_operating"": 3.5, ""scheduled_quantity_dth_per_day"": 27938.0}, ""schema_version"": ""tgp_alert_evidence_v1"", ""source_url"": ""https://pipeline2.kindermorgan.com/Capacity/OpAvailSegment.aspx?code=TGP"", ""subject"": {""flow_direction"": ""TD1"", ""location_name"": ""STA 237 HC LINE"", ""operator_segment_id"": ""299""}, ""thresholds"": {""crossed_80_pct"": true, ""crossed_95_pct"": false, ""crossed_zero_available"": false}}"
TGP:alert:ff7ee0ac98b2f72d9d5eb9ce,TGP:capacity_snapshot_change:ff7ee0ac98b2f72d9d5eb9ce,capacity_snapshot_change,changed,operating_capacity,2026-08-31T14:44:47.739205Z,operating_capacity_changed,26.0,"{""absolute_change"": 16, ""current_scheduling_pressure"": 0, ""operating_capacity_changed"": 10, ""threshold_crossing"": 0}",Segment 834 reported capacity or scheduling changed across different scheduling periods,Available capacity changed from 274k to 180k Dth/day. Snapshots use different gas days or nomination cycles; the change is descriptive and may reflect normal scheduling evolution.,0.7,2026-08-31T14:00:00.000000Z,2026-09-01T04:59:59.999999Z,"{""after"": {""available_capacity_dth_per_day"": 180318.0, ""cycle"": ""EVENING"", ""gas_day"": ""2026-08-31"", ""operating_capacity_dth_per_day"": 590000.0, ""scheduled_pct_of_operating"": 69.4, ""scheduled_quantity_dth_per_day"": 409682.0, ""source_posted_at"": ""2026-08-30T21:47:00-04:00""}, ""artifact_ids"": [""km_tgp_segment_capacity:1788105216817246000:a4457f5a9ca6180e2bb5e83f4fab842ac9a9ac3f88e3d9819ba77215daf9490d"", ""km_tgp_segment_capacity:1788187487739205000:d2eef3c517898b0f7e89817593d54eb118dd468faadfcbf3623b1e100402c9ce""], ""before"": {""available_capacity_dth_per_day"": 274166.0, ""cycle"": ""EVENING"", ""gas_day"": ""2026-08-30"", ""operating_capacity_dth_per_day"": 683848.0, ""scheduled_pct_of_operating"": 59.9, ""scheduled_quantity_dth_per_day"": 409682.0, ""source_posted_at"": ""2026-08-29T21:46:00-04:00""}, ""change_source"": ""operational_capacity_snapshot"", ""comparison_warning"": ""Snapshots use different gas days or nomination cycles; the change is descriptive and may reflect normal scheduling evolution."", ""delta"": {""available_capacity_dth_per_day"": -93848.0, ""operating_capacity_dth_per_day"": -93848.0, ""scheduled_pct_of_operating"": 9.5, ""scheduled_quantity_dth_per_day"": 0.0}, ""schema_version"": ""tgp_alert_evidence_v1"", ""source_url"": ""https://pipeline2.kindermorgan.com/Capacity/OpAvailSegment.aspx?code=TGP"", ""subject"": {""flow_direction"": ""TD2"", ""location_name"": ""STA 834"", ""operator_segment_id"": ""834""}, ""thresholds"": {""crossed_80_pct"": false, ""crossed_95_pct"": false, ""crossed_zero_available"": false}}"
TGP:alert:7838ea7f4c969ac67fa0a187,TGP:capacity_snapshot_change:7838ea7f4c969ac67fa0a187,capacity_snapshot_change,changed,scheduling_pressure,2026-08-31T14:44:47.739205Z,scheduling_changed,23.0,"{""absolute_change"": 5, ""current_scheduling_pressure"": 8, ""operating_capacity_changed"": 0, ""threshold_crossing"": 10}",Segment 296 reported capacity or scheduling changed across different scheduling periods,Available capacity changed from 161k to 136k Dth/day. Snapshots use different gas days or nomination cycles; the change is descriptive and may reflect normal scheduling evolution.,0.7,2026-08-31T14:00:00.000000Z,2026-09-01T04:59:59.999999Z,"{""after"": {""available_capacity_dth_per_day"": 135791.0, ""cycle"": ""EVENING"", ""gas_day"": ""2026-08-31"", ""operating_capacity_dth_per_day"": 743348.0, ""scheduled_pct_of_operating"": 81.7, ""scheduled_quantity_dth_per_day"": 607557.0, ""source_posted_at"": ""2026-08-30T21:47:00-04:00""}, ""artifact_ids"": [""km_tgp_segment_capacity:1788105216817246000:a4457f5a9ca6180e2bb5e83f4fab842ac9a9ac3f88e3d9819ba77215daf9490d"", ""km_tgp_segment_capacity:1788187487739205000:d2eef3c517898b0f7e89817593d54eb118dd468faadfcbf3623b1e100402c9ce""], ""before"": {""available_capacity_dth_per_day"": 160786.0, ""cycle"": ""EVENING"", ""gas_day"": ""2026-08-30"", ""operating_capacity_dth_per_day"": 743348.0, ""scheduled_pct_of_operating"": 78.4, ""scheduled_quantity_dth_per_day"": 582562.0, ""source_posted_at"": ""2026-08-29T21:46:00-04:00""}, ""change_source"": ""operational_capacity_snapshot"", ""comparison_warning"": ""Snapshots use different gas days or nomination cycles; the change is descriptive and may reflect normal scheduling evolution."", ""delta"": {""available_capacity_dth_per_day"": -24995.0, ""operating_capacity_dth_per_day"": 0.0, ""scheduled_pct_of_operating"": 3.3, ""scheduled_quantity_dth_per_day"": 24995.0}, ""schema_version"": ""tgp_alert_evidence_v1"", ""source_url"": ""https://pipeline2.kindermorgan.com/Capacity/OpAvailSegment.aspx?code=TGP"", ""subject"": {""flow_direction"": ""TD1"", ""location_name"": ""STA 230C NIAGARA SPUR NORTH"", ""operator_segment_id"": ""296""}, ""thresholds"": {""crossed_80_pct"": true, ""crossed_95_pct"": false, ""crossed_zero_available"": false}}"
TGP:alert:535fac9ab431887d53176339,TGP:capacity_snapshot_change:535fac9ab431887d53176339,capacity_snapshot_change,changed,scheduling_pressure,2026-08-31T14:44:47.739205Z,scheduling_changed,15.0,"{""absolute_change"": 5, ""current_scheduling_pressure"": 0, ""operating_capacity_changed"": 0, ""threshold_crossing"": 10}",Segment 5360 reported capacity or scheduling changed across different scheduling periods,Available capacity changed from 219k to 243k Dth/day. Snapshots use different gas days or nomination cycles; the change is descriptive and may reflect normal scheduling evolution.,0.7,2026-08-31T14:00:00.000000Z,2026-09-01T04:59:59.999999Z,"{""after"": {""available_capacity_dth_per_day"": 243071.0, ""cycle"": ""EVENING"", ""gas_day"": ""2026-08-31"", ""operating_capacity_dth_per_day"": 1100000.0, ""scheduled_pct_of_operating"": 77.9, ""scheduled_quantity_dth_per_day"": 856929.0, ""source_posted_at"": ""2026-08-30T21:47:00-04:00""}, ""artifact_ids"": [""km_tgp_segment_capacity:1788105216817246000:a4457f5a9ca6180e2bb5e83f4fab842ac9a9ac3f88e3d9819ba77215daf9490d"", ""km_tgp_segment_capacity:1788187487739205000:d2eef3c517898b0f7e89817593d54eb118dd468faadfcbf3623b1e100402c9ce""], ""before"": {""available_capacity_dth_per_day"": 219180.0, ""cycle"": ""EVENING"", ""gas_day"": ""2026-08-30"", ""operating_capacity_dth_per_day"": 1100000.0, ""scheduled_pct_of_operating"": 80.1, ""scheduled_quantity_dth_per_day"": 880820.0, ""source_posted_at"": ""2026-08-29T21:46:00-04:00""}, ""change_source"": ""operational_capacity_snapshot"", ""comparison_warning"": ""Snapshots use different gas days or nomination cycles; the change is descriptive and may reflect normal scheduling evolution."", ""delta"": {""available_capacity_dth_per_day"": 23891.0, ""operating_capacity_dth_per_day"": 0.0, ""scheduled_pct_of_operating"": -2.2, ""scheduled_quantity_dth_per_day"": -23891.0}, ""schema_version"": ""tgp_alert_evidence_v1"", ""source_url"": ""https://pipeline2.kindermorgan.com/Capacity/OpAvailSegment.aspx?code=TGP"", ""subject"": {""flow_direction"": ""TD1"", ""location_name"": ""SOUTH LA POOL"", ""operator_segment_id"": ""5360""}, ""thresholds"": {""crossed_80_pct"": true, ""crossed_95_pct"": false, ""crossed_zero_available"": false}}"
TGP:alert:987c75e39b0e153653450902,TGP:capacity_snapshot_change:987c75e39b0e153653450902,capacity_snapshot_change,changed,scheduling_pressure,2026-08-31T14:44:47.739205Z,scheduling_changed,15.0,"{""absolute_change"": 5, ""current_scheduling_pressure"": 0, ""operating_capacity_changed"": 0, ""threshold_crossing"": 10}",Segment 237 reported capacity or scheduling changed across different scheduling periods,Available capacity changed from 190k to 196k Dth/day. Snapshots use different gas days or nomination cycles; the change is descriptive and may reflect normal scheduling evolution.,0.7,2026-08-31T14:00:00.000000Z,2026-09-01T04:59:59.999999Z,"{""after"": {""available_capacity_dth_per_day"": 196420.0, ""cycle"": ""EVENING"", ""gas_day"": ""2026-08-31"", ""operating_capacity_dth_per_day"": 976748.0, ""scheduled_pct_of_operating"": 79.9, ""scheduled_quantity_dth_per_day"": 780328.0, ""source_posted_at"": ""2026-08-30T21:47:00-04:00""}, ""artifact_ids"": [""km_tgp_segment_capacity:1788105216817246000:a4457f5a9ca6180e2bb5e83f4fab842ac9a9ac3f88e3d9819ba77215daf9490d"", ""km_tgp_segment_capacity:1788187487739205000:d2eef3c517898b0f7e89817593d54eb118dd468faadfcbf3623b1e100402c9ce""], ""before"": {""available_capacity_dth_per_day"": 189586.0, ""cycle"": ""EVENING"", ""gas_day"": ""2026-08-30"", ""operating_capacity_dth_per_day"": 976748.0, ""scheduled_pct_of_operating"": 80.6, ""scheduled_quantity_dth_per_day"": 787162.0, ""source_posted_at"": ""2026-08-29T21:46:00-04:00""}, ""change_source"": ""operational_capacity_snapshot"", ""comparison_warning"": ""Snapshots use different gas days or nomination cycles; the change is descriptive and may reflect normal scheduling evolution."", ""delta"": {""available_capacity_dth_per_day"": 6834.0, ""operating_capacity_dth_per_day"": 0.0, ""scheduled_pct_of_operating"": -0.7, ""scheduled_quantity_dth_per_day"": -6834.0}, ""schema_version"": ""tgp_alert_evidence_v1"", ""source_url"": ""https://pipeline2.kindermorgan.com/Capacity/OpAvailSegment.aspx?code=TGP"", ""subject"": {""flow_direction"": ""TD1"", ""location_name"": ""STA 237"", ""operator_segment_id"": ""237""}, ""thresholds"": {""crossed_80_pct"": true, ""crossed_95_pct"": false, ""crossed_zero_available"": false}}"
TGP:alert:d3cf8254f307523795dca2f1,TGP:capacity_snapshot_change:d3cf8254f307523795dca2f1,capacity_snapshot_change,changed,scheduling_pressure,2026-08-31T14:44:47.739205Z,scheduling_changed,15.0,"{""absolute_change"": 5, ""current_scheduling_pressure"": 0, ""operating_capacity_changed"": 0, ""threshold_crossing"": 10}",Segment 5320 reported capacity or scheduling changed across different scheduling periods,Available capacity changed from 209k to 232k Dth/day. Snapshots use different gas days or nomination cycles; the change is descriptive and may reflect normal scheduling evolution.,0.7,2026-08-31T14:00:00.000000Z,2026-09-01T04:59:59.999999Z,"{""after"": {""available_capacity_dth_per_day"": 232476.0, ""cycle"": ""EVENING"", ""gas_day"": ""2026-08-31"", ""operating_capacity_dth_per_day"": 1100000.0, ""scheduled_pct_of_operating"": 78.9, ""scheduled_quantity_dth_per_day"": 867524.0, ""source_posted_at"": ""2026-08-30T21:47:00-04:00""}, ""artifact_ids"": [""km_tgp_segment_capacity:1788105216817246000:a4457f5a9ca6180e2bb5e83f4fab842ac9a9ac3f88e3d9819ba77215daf9490d"", ""km_tgp_segment_capacity:1788187487739205000:d2eef3c517898b0f7e89817593d54eb118dd468faadfcbf3623b1e100402c9ce""], ""before"": {""available_capacity_dth_per_day"": 208585.0, ""cycle"": ""EVENING"", ""gas_day"": ""2026-08-30"", ""operating_capacity_dth_per_day"": 1100000.0, ""scheduled_pct_of_operating"": 81.0, ""scheduled_quantity_dth_per_day"": 891415.0, ""source_posted_at"": ""2026-08-29T21:46:00-04:00""}, ""change_source"": ""operational_capacity_snapshot"", ""comparison_warning"": ""Snapshots use different gas days or nomination cycles; the change is descriptive and may reflect normal scheduling evolution."", ""delta"": {""available_capacity_dth_per_day"": 23891.0, ""operating_capacity_dth_per_day"": 0.0, ""scheduled_pct_of_operating"": -2.1, ""scheduled_quantity_dth_per_day"": -23891.0}, ""schema_version"": ""tgp_alert_evidence_v1"", ""source_url"": ""https://pipeline2.kindermorgan.com/Capacity/OpAvailSegment.aspx?code=TGP"", ""subject"": {""flow_direction"": ""TD1"", ""location_name"": ""TOCA"", ""operator_segment_id"": ""5320""}, ""thresholds"": {""crossed_80_pct"": true, ""crossed_95_pct"": false, ""crossed_zero_available"": false}}"
TGP:alert:e76e6a9e2a6a1133775fa9d3,TGP:capacity_snapshot_change:e76e6a9e2a6a1133775fa9d3,capacity_snapshot_change,changed,scheduling_pressure,2026-08-31T14:44:47.739205Z,scheduling_changed,15.0,"{""absolute_change"": 5, ""current_scheduling_pressure"": 0, ""operating_capacity_changed"": 0, ""threshold_crossing"": 10}",Segment 5330 reported capacity or scheduling changed across different scheduling periods,Available capacity changed from 209k to 232k Dth/day. Snapshots use different gas days or nomination cycles; the change is descriptive and may reflect normal scheduling evolution.,0.7,2026-08-31T14:00:00.000000Z,2026-09-01T04:59:59.999999Z,"{""after"": {""available_capacity_dth_per_day"": 232476.0, ""cycle"": ""EVENING"", ""gas_day"": ""2026-08-31"", ""operating_capacity_dth_per_day"": 1100000.0, ""scheduled_pct_of_operating"": 78.9, ""scheduled_quantity_dth_per_day"": 867524.0, ""source_posted_at"": ""2026-08-30T21:47:00-04:00""}, ""artifact_ids"": [""km_tgp_segment_capacity:1788105216817246000:a4457f5a9ca6180e2bb5e83f4fab842ac9a9ac3f88e3d9819ba77215daf9490d"", ""km_tgp_segment_capacity:1788187487739205000:d2eef3c517898b0f7e89817593d54eb118dd468faadfcbf3623b1e100402c9ce""], ""before"": {""available_capacity_dth_per_day"": 208585.0, ""cycle"": ""EVENING"", ""gas_day"": ""2026-08-30"", ""operating_capacity_dth_per_day"": 1100000.0, ""scheduled_pct_of_operating"": 81.0, ""scheduled_quantity_dth_per_day"": 891415.0, ""source_posted_at"": ""2026-08-29T21:46:00-04:00""}, ""change_source"": ""operational_capacity_snapshot"", ""comparison_warning"": ""Snapshots use different gas days or nomination cycles; the change is descriptive and may reflect normal scheduling evolution."", ""delta"": {""available_capacity_dth_per_day"": 23891.0, ""operating_capacity_dth_per_day"": 0.0, ""scheduled_pct_of_operating"": -2.1, ""scheduled_quantity_dth_per_day"": -23891.0}, ""schema_version"": ""tgp_alert_evidence_v1"", ""source_url"": ""https://pipeline2.kindermorgan.com/Capacity/OpAvailSegment.aspx?code=TGP"", ""subject"": {""flow_direction"": ""TD1"", ""location_name"": ""LA EAST LEG"", ""operator_segment_id"": ""5330""}, ""thresholds"": {""crossed_80_pct"": true, ""crossed_95_pct"": false, ""crossed_zero_available"": false}}"
TGP:alert:ecc9e2e72282307735477515,TGP:capacity_snapshot_change:ecc9e2e72282307735477515,capacity_snapshot_change,changed,scheduling_pressure,2026-08-31T14:44:47.739205Z,scheduling_changed,15.0,"{""absolute_change"": 5, ""current_scheduling_pressure"": 0, ""operating_capacity_changed"": 0, ""threshold_crossing"": 10}",Segment 241 reported capacity or scheduling changed across different scheduling periods,Available capacity changed from 191k to 198k Dth/day. Snapshots use different gas days or nomination cycles; the change is descriptive and may reflect normal scheduling evolution.,0.7,2026-08-31T14:00:00.000000Z,2026-09-01T04:59:59.999999Z,"{""after"": {""available_capacity_dth_per_day"": 197569.0, ""cycle"": ""EVENING"", ""gas_day"": ""2026-08-31"", ""operating_capacity_dth_per_day"": 976748.0, ""scheduled_pct_of_operating"": 79.8, ""scheduled_quantity_dth_per_day"": 779179.0, ""source_posted_at"": ""2026-08-30T21:47:00-04:00""}, ""artifact_ids"": [""km_tgp_segment_capacity:1788105216817246000:a4457f5a9ca6180e2bb5e83f4fab842ac9a9ac3f88e3d9819ba77215daf9490d"", ""km_tgp_segment_capacity:1788187487739205000:d2eef3c517898b0f7e89817593d54eb118dd468faadfcbf3623b1e100402c9ce""], ""before"": {""available_capacity_dth_per_day"": 190738.0, ""cycle"": ""EVENING"", ""gas_day"": ""2026-08-30"", ""operating_capacity_dth_per_day"": 976748.0, ""scheduled_pct_of_operating"": 80.5, ""scheduled_quantity_dth_per_day"": 786010.0, ""source_posted_at"": ""2026-08-29T21:46:00-04:00""}, ""change_source"": ""operational_capacity_snapshot"", ""comparison_warning"": ""Snapshots use different gas days or nomination cycles; the change is descriptive and may reflect normal scheduling evolution."", ""delta"": {""available_capacity_dth_per_day"": 6831.0, ""operating_capacity_dth_per_day"": 0.0, ""scheduled_pct_of_operating"": -0.7, ""scheduled_quantity_dth_per_day"": -6831.0}, ""schema_version"": ""tgp_alert_evidence_v1"", ""source_url"": ""https://pipeline2.kindermorgan.com/Capacity/OpAvailSegment.aspx?code=TGP"", ""subject"": {""flow_direction"": ""TD1"", ""location_name"": ""STA 241"", ""operator_segment_id"": ""241""}, ""thresholds"": {""crossed_80_pct"": true, ""crossed_95_pct"": false, ""crossed_zero_available"": false}}"
TGP:alert:f034eef8e4d4cf5d4df531cb,TGP:capacity_snapshot_change:f034eef8e4d4cf5d4df531cb,capacity_snapshot_change,changed,scheduling_pressure,2026-08-31T14:44:47.739205Z,scheduling_changed,15.0,"{""absolute_change"": 5, ""current_scheduling_pressure"": 0, ""operating_capacity_changed"": 0, ""threshold_crossing"": 10}",Segment 5370 reported capacity or scheduling changed across different scheduling periods,Available capacity changed from 219k to 243k Dth/day. Snapshots use different gas days or nomination cycles; the change is descriptive and may reflect normal scheduling evolution.,0.7,2026-08-31T14:00:00.000000Z,2026-09-01T04:59:59.999999Z,"{""after"": {""available_capacity_dth_per_day"": 243071.0, ""cycle"": ""EVENING"", ""gas_day"": ""2026-08-31"", ""operating_capacity_dth_per_day"": 1100000.0, ""scheduled_pct_of_operating"": 77.9, ""scheduled_quantity_dth_per_day"": 856929.0, ""source_posted_at"": ""2026-08-30T21:47:00-04:00""}, ""artifact_ids"": [""km_tgp_segment_capacity:1788105216817246000:a4457f5a9ca6180e2bb5e83f4fab842ac9a9ac3f88e3d9819ba77215daf9490d"", ""km_tgp_segment_capacity:1788187487739205000:d2eef3c517898b0f7e89817593d54eb118dd468faadfcbf3623b1e100402c9ce""], ""before"": {""available_capacity_dth_per_day"": 219180.0, ""cycle"": ""EVENING"", ""gas_day"": ""2026-08-30"", ""operating_capacity_dth_per_day"": 1100000.0, ""scheduled_pct_of_operating"": 80.1, ""scheduled_quantity_dth_per_day"": 880820.0, ""source_posted_at"": ""2026-08-29T21:46:00-04:00""}, ""change_source"": ""operational_capacity_snapshot"", ""comparison_warning"": ""Snapshots use different gas days or nomination cycles; the change is descriptive and may reflect normal scheduling evolution."", ""delta"": {""available_capacity_dth_per_day"": 23891.0, ""operating_capacity_dth_per_day"": 0.0, ""scheduled_pct_of_operating"": -2.2, ""scheduled_quantity_dth_per_day"": -23891.0}, ""schema_version"": ""tgp_alert_evidence_v1"", ""source_url"": ""https://pipeline2.kindermorgan.com/Capacity/OpAvailSegment.aspx?code=TGP"", ""subject"": {""flow_direction"": ""TD1"", ""location_name"": ""GWINVILLE SOUTH"", ""operator_segment_id"": ""5370""}, ""thresholds"": {""crossed_80_pct"": true, ""crossed_95_pct"": false, ""crossed_zero_available"": false}}"
TGP:alert:4271a1e6366e6a9bb2479e30,TGP:critical_notice:4271a1e6366e6a9bb2479e30,critical_notice,initiate,operator_notice,2026-08-31T14:43:50.048900Z,new_critical_notice,75.0,"{""critical_notice"": 35, ""effective_immediacy"": 20, ""subject_materiality"": 20}",INITIATE · Notice 403875 · RESTRICTIONS FOR 08-31-2026 EC,This is a newly observed operator notice. Its archived detail text is attached; subsequent capacity data are still required to confirm the operating effect.,1.0,2026-08-31T00:25:16.000000Z,2026-08-31T14:00:00.000000Z,"{""after"": {""effective_end"": ""2026-08-31T14:00:00+00:00"", ""effective_start"": ""2026-08-31T00:25:16+00:00"", ""notice_text"": ""Effective Evening\nCycle (9:00) for the gas day of Monday, August 31, 2026 Tennessee restricted\nthe following:\nOPERATIONAL FLOW ORDERS (OFO) AND IMBALANCE WARNINGS\nOFO DAILY CRITICAL DAY\n1 ON THE 500 lINE FROM STA 527 TO STA 542 FOR OVERTAKES from the system OR\nUNDERDELIVERieS into the SYSTEM FOR ALL LMPA, SA ACTING AS BALANCING PARTIES\nAND LMMA BALANCING PARTIES\nMETER RESTRICTIONS\n\u00b7\nFGT/TGP Carnes Mississippi Stone Delivery Meter (Pin 420366) -\nthrough 100% of PIP due to planned and unplanned maintenance\n\u00b7\nATMOS-TX/TGP Katy Exch Waller Receipt Meter (Pin 412100) -\nthrough 100% of SA increases due to nominations in excess of operational\ncapacity; 6,491 Dths\nSEGMENT RESTRICTIONS\n\u00b7\nSTA 534 South Of Pool (Segment 530 BH) - through 100% of SOP\nincreases due to scheduled maintenance and nominations in excess of operational\ncapacity; 450 Dths\n\u00b7\nSTA 1 (Segment 101 BH) - through 100% of SOP increases due to\noperational concerns; 92,245 Dths\n\u00b7\nSTA 9 (Segment 109 BH) - through approx 7% of SOP increases due\nto scheduled maintenance and nominations in excess of operational capacity;\n6,535 Dths\n\u00b7\nMLV 509 Muskrat Line (Segment 515 BH) - through 100% of SOP\nincreases due to nominations in excess of operational capacity; 4,494 Dths\n\u00b7\nSTA 860 (Segment 860 BH) - through PIP increases due to scheduled\nmaintenance and nominations in excess of operational capacity\n\u00b7\nSTA 523 West (Segment 516 FH) - through 100% of SOP increases due\nto nominations in excess of operational capacity; 19,952 Dths\n\u00b7\nSTA 114 East (Segment 114 BH) - through PIP increases due to\nforce majeure\n\u00b7\nSTA 204 (Segment 204 BH) - through 100% of SOP increases due to\nscheduled maintenance and nominations in excess of operational capacity; 155\nDths\n\u00b7\nSTA 307 (Segment 307 BH) - through 100% of SOP increases due to\nnominations in excess of operational capacity; 378,652 Dths\n\u00b7\nMLV 314 East (Segment 314 BH) - through 100% of SOP increases due\nto nominations in excess of operational capacity; 222,816 Dths\n\u00b7\nSTA 315 (Segment 315 BH) - through 100% of SOP increases due to\nnominations in excess of operational capacity; 360,999 Dths\n\u00b7\nSTA 317 (Segment 317 BH) - through 100% of SOP increases due to\nnominations in excess of operational capacity; 119,887 Dths\n\u00b7\nSTA 321 (Segment 321 FH) - through 100% of SOP increases due to\noperational concerns; 699,085 Dths\n\u00b7\nSTA 325 (Segment 324 FH) - through 100% of SOP increases due to\nscheduled maintenance and nominations in excess of operational capacity; 75,712\nDths\n\u00b7\nZ5 HC North (Segment 299 FH) - through approx 97% of SOP\nincreases due to nominations in excess of operational capacity; 203,551 Dths\n\u00b7\nSTA 245 (Segment 245 FH) - through approx 84% of SOP increases\ndue to nominations in excess of operational capacity; 201,485 Dths\n\u00b7\nSTA 249 (Segment 249 FH) - through approx 53% of SOP increases\ndue to nominations in excess of operational capacity; 72,977 Dths\n\u00b7\nSTA 261 Discharge East (Segment 261 FH) - through approx 63% of\nSOP increases due to scheduled maintenance and nominations in excess of\noperational capacity; 26,793 Dths\n\u00b7\nMLV 273 (Segment 284 FH) - through 100% of SOP increases due to\nnominations in excess of operational capacity; 258,878 Dths\nLINEPACK RESTRICTIONS\nPAYBACK NOMINATIONS\nWILL BE EVALUATED AT EACH CYCLE AND SCHEDULED ONLY IF OPERATIONALLY FEASIBLE.\nSTORAGE RESTRICTIONS\nNo Authorized Overrun Injections\nServices under Rate Schedule FS-AO at the following storage fields:\no Northern MA (460018) storage field\no Portland MA (460025) storage field\n\u00b7 No Interruptible Storage Injection\nServices under Rate Schedule IS at the following storage fields:\no Northern MA (460018) storage field\n\u00b7 No Parks or Loan Paybacks under\nRate Schedule PAL utilizing the PALD service in Zones 4, 5 and 6\n\u00b7 No Parks or Loan Paybacks under\nRate Schedule PAL utilizing the PAL-AO service in Zones 4, 5 and 6\n**PLEASE\nNOTE MAXIMUM HOURLY ENTITLEMENTS (\""MHE\"") AND/OR ELAPSED PRO RATA\nSCHEDULED QUANTITIES (\""EPSQ\"") WILL BE REVIEWED AND MAY BE ENFORCED AT\nANY METER DURING INTRADAY OR HOURLY CYCLES.\n**FINAL\nVOLUMES MAY CHANGE DUE TO SYSTEM BALANCING AND/OR CONFIRMATION REDUCTIONS.\n**THE\nOUTAGE AND MAINTENANCE SCHEDULE IS AVAILABLE IN EXCEL SPREADSHEET AND ADOBE\nFORMATS WHICH MAY BE ACCESSED VIA A HYPERLINK UNDER NOTICES/PLANNED SERVICE\nOUTAGES.\nIf you\nhave any questions, please contact your Scheduler."", ""posted_at"": ""2026-08-30T20:25:16-04:00"", ""status"": ""INITIATE"", ""subject"": ""RESTRICTIONS FOR 08-31-2026 EC""}, ""artifact_ids"": [""km_tgp_critical:1788187420608151000:c96480f007417925f56ef4a71daf42b6d59f9b03a7d9b50c56c772a761315a43"", ""km_tgp_notice_detail:1788187430048900000:faa12d7fadd1214830234f151ae1b4c7fbcc05fd6a9f70b8d4db0faf8dffbf0b""], ""before"": null, ""change_source"": ""critical_notice_index"", ""comparison_warning"": null, ""schema_version"": ""tgp_alert_evidence_v1"", ""source_url"": ""https://pipeline2.kindermorgan.com/Notices/NoticeDetail.aspx?code=TGP&notc_nbr=403875"", ""subject"": {""notice_id"": ""403875"", ""notice_type_primary"": ""PIPELINE CONDITIONS"", ""notice_type_secondary"": ""CURRENT PIPELINE CONDITIONS"", ""prior_notice_id"": null}}"
TGP:alert:3ac47a1df92da8d6402614f4,TGP:critical_notice:3ac47a1df92da8d6402614f4,critical_notice,initiate,operator_notice,2026-08-31T14:43:46.251790Z,new_critical_notice,75.0,"{""critical_notice"": 35, ""effective_immediacy"": 20, ""subject_materiality"": 20}",INITIATE · Notice 403877 · RESTRICTIONS FOR 08-30-2026 ID3,This is a newly observed operator notice. Its archived detail text is attached; subsequent capacity data are still required to confirm the operating effect.,1.0,2026-08-31T00:58:54.000000Z,2026-08-31T14:00:00.000000Z,"{""after"": {""effective_end"": ""2026-08-31T14:00:00+00:00"", ""effective_start"": ""2026-08-31T00:58:54+00:00"", ""notice_text"": ""Effective Intraday 3 Cycle (22:00) for the gas day of Sunday,\nAugust 30, 2026 Tennessee restricted the following:\nOPERATIONAL FLOW ORDERS (OFO) AND IMBALANCE WARNINGS\nOFO DAILY CRITICAL DAY\n1 ON THE 500 lINE FROM STA 527 TO STA 542 FOR OVERTAKES from the system OR\nUNDERDELIVERieS into the system FOR ALL LMPA, SA ACTING AS BALANCING PARTIES\nAND LMMA BALANCING PARTIES\nOFO DAILY CRITICAL DAY\n1 FOR ALL AREAS EAST AND NORTH OF STA 219 FOR UNDERTAKES FROM THE SYSTEM OR\nOVERDELIVERIES INTO THE SYSTEM FOR ALL LMPA, SA ACTING AS BALANCING PARTIES AND\nLMMA BALANCING PARTIES\nMETER RESTRICTIONS\n\u00b7\nTET/TGP Dry Creek Sales Casey Delivery Meter (Pin 420886) -\nthrough 100% of SOP increases due to operational concerns; 8,000 Dths\n\u00b7\nFGT/TGP Carnes Mississippi Stone Delivery Meter (Pin 420366) -\nthrough 100% of PIP due to planned and unplanned maintenance\nSEGMENT RESTRICTIONS\n\u00b7\nMLV 509 Muskrat Line (Segment 515 BH) - through 100% of SOP\nincreases due to nominations in excess of operational capacity; 4,494 Dths\nLINEPACK RESTRICTIONS\nPAYBACK NOMINATIONS\nWILL BE EVALUATED AT EACH CYCLE AND SCHEDULED ONLY IF OPERATIONALLY FEASIBLE.\nSTORAGE RESTRICTIONS\nNo Authorized Overrun Injections\nServices under Rate Schedule FS-AO at the following storage fields:\no Northern MA (460018) storage field\no Portland MA (460025) storage field\n\u00b7 No Interruptible Storage Injection\nServices under Rate Schedule IS at the following storage fields:\no Northern MA (460018) storage field\n\u00b7 No Parks or Loan Paybacks under\nRate Schedule PAL utilizing the PALD service in Zones 4, 5 and 6\n\u00b7 No Parks or Loan Paybacks under\nRate Schedule PAL utilizing the PAL-AO service in Zones 4, 5 and 6\n**PLEASE\nNOTE MAXIMUM HOURLY ENTITLEMENTS (\""MHE\"") AND/OR ELAPSED PRO RATA\nSCHEDULED QUANTITIES (\""EPSQ\"") WILL BE REVIEWED AND MAY BE ENFORCED AT\nANY METER DURING INTRADAY OR HOURLY CYCLES.\n**FINAL\nVOLUMES MAY CHANGE DUE TO SYSTEM BALANCING AND/OR CONFIRMATION REDUCTIONS.\n**THE\nOUTAGE AND MAINTENANCE SCHEDULE IS AVAILABLE IN EXCEL SPREADSHEET AND ADOBE\nFORMATS WHICH MAY BE ACCESSED VIA A HYPERLINK UNDER NOTICES/PLANNED SERVICE\nOUTAGES.\nIf you\nhave any questions, please contact your Scheduler."", ""posted_at"": ""2026-08-30T20:58:54-04:00"", ""status"": ""INITIATE"", ""subject"": ""RESTRICTIONS FOR 08-30-2026 ID3""}, ""artifact_ids"": [""km_tgp_critical:1788187420608151000:c96480f007417925f56ef4a71daf42b6d59f9b03a7d9b50c56c772a761315a43"", ""km_tgp_notice_detail:1788187426251790000:54ca11e5e1a9df85cc1994767220b442e6752d508c9a4dedb0f76d3becf06c68""], ""before"": null, ""change_source"": ""critical_notice_index"", ""comparison_warning"": null, ""schema_version"": ""tgp_alert_evidence_v1"", ""source_url"": ""https://pipeline2.kindermorgan.com/Notices/NoticeDetail.aspx?code=TGP&notc_nbr=403877"", ""subject"": {""notice_id"": ""403877"", ""notice_type_primary"": ""PIPELINE CONDITIONS"", ""notice_type_secondary"": ""CURRENT PIPELINE CONDITIONS"", ""prior_notice_id"": null}}"
TGP:alert:9f088159900b98c940390f31,TGP:critical_notice:9f088159900b98c940390f31,critical_notice,supersede,operator_notice,2026-08-31T14:43:42.363555Z,new_critical_notice,75.0,"{""critical_notice"": 35, ""effective_immediacy"": 20, ""subject_materiality"": 20}",SUPERSEDE · Notice 403883 · MONTHLY STORAGE TRANSFER REMINDER,This is a newly observed operator notice. The operator links it to prior notice 403824. Its archived detail text is attached; subsequent capacity data are still required to confirm the operating effect.,1.0,2026-08-31T11:47:21.000000Z,2026-09-01T14:00:00.000000Z,"{""after"": {""effective_end"": ""2026-09-01T14:00:00+00:00"", ""effective_start"": ""2026-08-31T11:47:21+00:00"", ""notice_text"": ""MONTHLY STORAGE TRANSFERS FOR SEPTEMBER 1,\n2026\nDART provides the ability for storage customers to\nenter their own storage transfers online. The transfers must be confirmed\non or before the effective date. If you have a terminated or recalled\ncontract that needs the balance transferred to the base storage contract holder\nor a new contract, these transfers need to be completed on or before the\nfirst of the month.\nFor terminated storage contracts per the firm storage\nrate schedule of the Tennessee Gas Pipeline tariff on First Revised Sheet No.\n217, Section 11: \u201cShippers must withdraw or transfer its Storage Balance on\nor before the date of the expiration of its FS Service Agreement. To the\nextent that a Shipper fails to dispose of or transfer its entire Storage\nBalance, Transporter shall retain and take title to Shipper's remaining Storage\nBalance at no cost to Transporter.\u201d\nPLEASE NOTE:\nWhen the first of the month falls on a weekend or holiday, any\nsmall volume left on a terminated or recalled storage contract will be moved\nfor the customers by TGP to the new valid contract if requested by the customer\non the first business day following the weekend or holiday\nprovided that efforts have been made prior to the first and/or\nholiday to transfer allocated balances prior to the weekend and/or holiday\nbefore requesting TGP to move the remaining balance.\nTENNESSEE\nGAS PIPELINE WILL CONFISCATE ANY REMAINING BALANCE NOT TRANSFERRED OR REQUESTED\nBY THE CUSTOMER TO BE TRANSFERRED ON TERMINATED FIRM STORAGE CONTRACTS.\nPlease contact your Primary Gas Scheduler if you need\nprocedures and/or help with your storage transfer."", ""posted_at"": ""2026-08-31T07:47:21-04:00"", ""status"": ""SUPERSEDE"", ""subject"": ""MONTHLY STORAGE TRANSFER REMINDER""}, ""artifact_ids"": [""km_tgp_critical:1788187420608151000:c96480f007417925f56ef4a71daf42b6d59f9b03a7d9b50c56c772a761315a43"", ""km_tgp_notice_detail:1788187422363555000:7da9d3e04c78e0bdfb5633f21e222350add3f22f47b1169e44bad4340ffbcce9""], ""before"": null, ""change_source"": ""critical_notice_index"", ""comparison_warning"": null, ""schema_version"": ""tgp_alert_evidence_v1"", ""source_url"": ""https://pipeline2.kindermorgan.com/Notices/NoticeDetail.aspx?code=TGP&notc_nbr=403883"", ""subject"": {""notice_id"": ""403883"", ""notice_type_primary"": ""STORAGE"", ""notice_type_secondary"": ""RESTRICTIONS"", ""prior_notice_id"": ""403824""}}"
TGP:alert:1ef26828e868b48684a3773c,TGP:critical_notice:1ef26828e868b48684a3773c,critical_notice,new,operator_notice,2026-08-31T14:43:40.608151Z,new_critical_notice,75.0,"{""critical_notice"": 35, ""effective_immediacy"": 20, ""subject_materiality"": 20}",NEW · Notice 403870 · RESTRICTIONS FOR 08-30-2026,This is a newly observed operator notice. Materiality depends on the detail text and subsequent capacity confirmation.,0.85,2026-08-30T20:45:57.000000Z,2026-08-31T14:00:00.000000Z,"{""after"": {""effective_end"": ""2026-08-31T14:00:00+00:00"", ""effective_start"": ""2026-08-30T20:45:57+00:00"", ""notice_text"": null, ""posted_at"": ""2026-08-30T16:45:57-04:00"", ""status"": ""NEW"", ""subject"": ""RESTRICTIONS FOR 08-30-2026""}, ""artifact_ids"": [""km_tgp_critical:1788187420608151000:c96480f007417925f56ef4a71daf42b6d59f9b03a7d9b50c56c772a761315a43""], ""before"": null, ""change_source"": ""critical_notice_index"", ""comparison_warning"": null, ""schema_version"": ""tgp_alert_evidence_v1"", ""source_url"": ""https://pipeline2.kindermorgan.com/Notices/NoticeDetail.aspx?code=TGP&notc_nbr=403870"", ""subject"": {""notice_id"": ""403870"", ""notice_type_primary"": ""PIPELINE CONDITIONS"", ""notice_type_secondary"": ""CURRENT PIPELINE CONDITIONS"", ""prior_notice_id"": null}}"
TGP:alert:849a7c68296a34f571597fb5,TGP:critical_notice:849a7c68296a34f571597fb5,critical_notice,new,operator_notice,2026-08-31T14:43:40.608151Z,new_critical_notice,75.0,"{""critical_notice"": 35, ""effective_immediacy"": 20, ""subject_materiality"": 20}",NEW · Notice 403869 · RESTRICTIONS FOR 08-31-2026 TIMELY CYCLE,This is a newly observed operator notice. Materiality depends on the detail text and subsequent capacity confirmation.,0.85,2026-08-30T20:01:58.000000Z,2026-08-31T14:00:00.000000Z,"{""after"": {""effective_end"": ""2026-08-31T14:00:00+00:00"", ""effective_start"": ""2026-08-30T20:01:58+00:00"", ""notice_text"": null, ""posted_at"": ""2026-08-30T16:01:58-04:00"", ""status"": ""NEW"", ""subject"": ""RESTRICTIONS FOR 08-31-2026 TIMELY CYCLE""}, ""artifact_ids"": [""km_tgp_critical:1788187420608151000:c96480f007417925f56ef4a71daf42b6d59f9b03a7d9b50c56c772a761315a43""], ""before"": null, ""change_source"": ""critical_notice_index"", ""comparison_warning"": null, ""schema_version"": ""tgp_alert_evidence_v1"", ""source_url"": ""https://pipeline2.kindermorgan.com/Notices/NoticeDetail.aspx?code=TGP&notc_nbr=403869"", ""subject"": {""notice_id"": ""403869"", ""notice_type_primary"": ""PIPELINE CONDITIONS"", ""notice_type_secondary"": ""CURRENT PIPELINE CONDITIONS"", ""prior_notice_id"": null}}"
TGP:alert:c97e86ac595d18fac7acb6af,TGP:critical_notice:c97e86ac595d18fac7acb6af,critical_notice,new,operator_notice,2026-08-30T17:15:22.419257Z,new_critical_notice,85.0,"{""critical_notice"": 35, ""effective_immediacy"": 20, ""subject_materiality"": 30}",INITIATE · Notice 403838 · EMERGENT REPAIR STA 563 1A EFF 8-28-26,This is a newly observed operator notice. Its archived detail text is attached; subsequent capacity data are still required to confirm the operating effect.,1.0,2026-08-28T23:36:04.000000Z,2026-08-29T14:00:00.000000Z,"{""after"": {""effective_end"": ""2026-08-29T14:00:00+00:00"", ""effective_start"": ""2026-08-28T23:36:04+00:00"", ""notice_text"": ""EMERGENT\nREPAIR AT STA 563 UNIT 1A EFFECTIVE 8-28-2026\nPursuant\nto Article XII of the General Terms and Conditions of Tennessee's FERC Gas\nTariff, Tennessee is posting notice of an emergent repair issue at STA 563 near\nCenterville, TN (Segment 860 BH). During the scheduled annual inspection and\nsafety device check Tennessee identified an issue at Unit 1A which requires\nimmediate repairs. Personnel are onsite and evaluating the repairs.\nTennessee is estimating the impact to be up to an additional 315,000 Dth pathed\nthrough STA 860 North (Segment 860 BH). Based upon current nominations,\nrestrictions through a pro rata portion of Secondary Out of the Path\nnominations pathed through STA 860 North (Segment 860 BH) are at risk as early\nas Timely Cycle for the Gas Day of Sunday, August 30, 2026 and until further\nnotice. Previously scheduled volumes pathed through STA 860 North (Segment 860\nBH) will not be curtailed; however, all increases pathed through STA 860 North\n(Segment 860 BH) for the remainder of today's Gas Day, August 28, 2026, and Saturday's\nGas Day, August 29, 2026, are at risk.\nUpdates\nwill be posted as more information becomes available.\nPlease\ncontact your Scheduler if you have any questions."", ""posted_at"": ""2026-08-28T19:36:04-04:00"", ""status"": ""INITIATE"", ""subject"": ""EMERGENT REPAIR STA 563 1A EFF 8-28-26""}, ""artifact_ids"": [""km_tgp_critical:1788110122419257000:5c924dc6c23dab467c649f8808dc8af00af0e929cc7dc5c389521b9eec637518"", ""km_tgp_notice_detail:1788110156344773000:f6e560a11a28f7db622d566fd415c012ffc4e7a8baa3d17f365651da6e2b059d""], ""before"": null, ""change_source"": ""critical_notice_index"", ""comparison_warning"": null, ""schema_version"": ""tgp_alert_evidence_v1"", ""source_url"": ""https://pipeline2.kindermorgan.com/Notices/NoticeDetail.aspx?code=TGP&notc_nbr=403838"", ""subject"": {""notice_id"": ""403838"", ""notice_type_primary"": ""MAINTENANCE"", ""notice_type_secondary"": ""MAINTENANCE"", ""prior_notice_id"": null}}"
TGP:alert:0a9ba039a24d0b560d7d3d80,TGP:critical_notice:0a9ba039a24d0b560d7d3d80,critical_notice,new,operator_notice,2026-08-30T17:15:22.419257Z,new_critical_notice,75.0,"{""critical_notice"": 35, ""effective_immediacy"": 20, ""subject_materiality"": 20}",NEW · Notice 403833 · RESTRICTIONS FOR 08-28-2026 ID2,This is a newly observed operator notice. Materiality depends on the detail text and subsequent capacity confirmation.,0.85,2026-08-28T20:42:28.000000Z,2026-08-29T14:00:00.000000Z,"{""after"": {""effective_end"": ""2026-08-29T14:00:00+00:00"", ""effective_start"": ""2026-08-28T20:42:28+00:00"", ""notice_text"": null, ""posted_at"": ""2026-08-28T16:42:28-04:00"", ""status"": ""NEW"", ""subject"": ""RESTRICTIONS FOR 08-28-2026 ID2""}, ""artifact_ids"": [""km_tgp_critical:1788110122419257000:5c924dc6c23dab467c649f8808dc8af00af0e929cc7dc5c389521b9eec637518""], ""before"": null, ""change_source"": ""critical_notice_index"", ""comparison_warning"": null, ""schema_version"": ""tgp_alert_evidence_v1"", ""source_url"": ""https://pipeline2.kindermorgan.com/Notices/NoticeDetail.aspx?code=TGP&notc_nbr=403833"", ""subject"": {""notice_id"": ""403833"", ""notice_type_primary"": ""PIPELINE CONDITIONS"", ""notice_type_secondary"": ""CURRENT PIPELINE CONDITIONS"", ""prior_notice_id"": null}}"
TGP:alert:255991f08172c1a5e74ed418,TGP:critical_notice:255991f08172c1a5e74ed418,critical_notice,new,operator_notice,2026-08-30T17:15:22.419257Z,new_critical_notice,75.0,"{""critical_notice"": 35, ""effective_immediacy"": 20, ""subject_materiality"": 20}",NEW · Notice 403852 · RESTRICTIONS FOR 08-29-2026 ID2,This is a newly observed operator notice. Materiality depends on the detail text and subsequent capacity confirmation.,0.85,2026-08-29T20:33:47.000000Z,2026-08-30T14:00:00.000000Z,"{""after"": {""effective_end"": ""2026-08-30T14:00:00+00:00"", ""effective_start"": ""2026-08-29T20:33:47+00:00"", ""notice_text"": null, ""posted_at"": ""2026-08-29T16:33:47-04:00"", ""status"": ""NEW"", ""subject"": ""RESTRICTIONS FOR 08-29-2026 ID2""}, ""artifact_ids"": [""km_tgp_critical:1788110122419257000:5c924dc6c23dab467c649f8808dc8af00af0e929cc7dc5c389521b9eec637518""], ""before"": null, ""change_source"": ""critical_notice_index"", ""comparison_warning"": null, ""schema_version"": ""tgp_alert_evidence_v1"", ""source_url"": ""https://pipeline2.kindermorgan.com/Notices/NoticeDetail.aspx?code=TGP&notc_nbr=403852"", ""subject"": {""notice_id"": ""403852"", ""notice_type_primary"": ""PIPELINE CONDITIONS"", ""notice_type_secondary"": ""CURRENT PIPELINE CONDITIONS"", ""prior_notice_id"": null}}"
TGP:alert:35ad0be61e3c961a7295223c,TGP:critical_notice:35ad0be61e3c961a7295223c,critical_notice,initiate,operator_notice,2026-08-30T17:15:22.419257Z,new_critical_notice,75.0,"{""critical_notice"": 35, ""effective_immediacy"": 20, ""subject_materiality"": 20}",INITIATE · Notice 403857 · RESTRICTIONS FOR 08-30-2026 EC,This is a newly observed operator notice. Its archived detail text is attached; subsequent capacity data are still required to confirm the operating effect.,1.0,2026-08-30T00:21:58.000000Z,2026-08-30T14:00:00.000000Z,"{""after"": {""effective_end"": ""2026-08-30T14:00:00+00:00"", ""effective_start"": ""2026-08-30T00:21:58+00:00"", ""notice_text"": ""Effective Evening Cycle (9:00) for the gas day of Sunday,\nAugust 30, 2026 Tennessee restricted the following:\nOPERATIONAL FLOW ORDERS (OFO) AND IMBALANCE WARNINGS\nOFO DAILY CRITICAL DAY\n1 ON THE 500 lINE FROM STA 527 TO STA 542 FOR OVERTAKES from the system OR\nUNDERDELIVERieS into the system FOR ALL LMPA, SA ACTING AS BALANCING PARTIES\nAND LMMA BALANCING PARTIES\nOFO DAILY CRITICAL DAY\n1 FOR ALL AREAS EAST AND NORTH OF STA 219 FOR UNDERTAKES FROM THE SYSTEM OR\nOVERDELIVERIES INTO THE SYSTEM FOR ALL LMPA, SA ACTING AS BALANCING PARTIES AND\nLMMA BALANCING PARTIES\nMETER RESTRICTIONS\n\u00b7\nATMOS-TX/TGP Katy Exch Waller Receipt Meter (Pin 412100) -\nthrough 100% of SA increases due to nominations in excess of operational\ncapacity; 6,516 Dths\nSEGMENT RESTRICTIONS\n\u00b7\nSTA 534 South Of Pool (Segment 530 BH) - through 100% of SOP\nincreases due to scheduled maintenance and nominations in excess of operational\ncapacity; 450 Dths\n\u00b7\nSTA 1 (Segment 101 BH) - through 100% of SOP increases due to\noperational concerns; 91,243 Dths\n\u00b7\nMLV 509 Muskrat Line (Segment 515 BH) - through 100% of SOP\nincreases due to nominations in excess of operational capacity; 4,494 Dths\n\u00b7\nSTA 860 (Segment 860 BH) - through PIP increases due to scheduled\nmaintenance and nominations in excess of operational capacity\n\u00b7\nSTA 523 West (Segment 516 FH) - through approx 99% of SOP\nincreases due to nominations in excess of operational capacity; 19,932 Dths\n\u00b7\nSTA 114 East (Segment 114 BH) - through PIP increases due to\nforce majeure\n\u00b7\nSTA 204 (Segment 204 BH) - through 100% of SOP increases due to\nscheduled maintenance and nominations in excess of operational capacity; 155\nDths\n\u00b7\nSTA 307 (Segment 307 BH) - through 100% of SOP increases due to\nnominations in excess of operational capacity; 378,652 Dths\n\u00b7\nMLV 314 East (Segment 314 BH) - through approx 98% of SOP\nincreases due to nominations in excess of operational capacity; 232,499 Dths\n\u00b7\nSTA 315 (Segment 315 BH) - through approx 81% of SOP increases\ndue to nominations in excess of operational capacity; 288,779 Dths\n\u00b7\nSTA 317 (Segment 317 BH) - through 100% of SOP increases due to\nnominations in excess of operational capacity; 148,585 Dths\n\u00b7\nSTA 321 (Segment 321 FH) - through approx 75% of SOP increases\ndue to nominations in excess of operational capacity; 332,693 Dths\n\u00b7\nMLV 330 (Segment 324 FH) - through approx 68% of SOP increases\ndue to nominations in excess of operational capacity; 142,324 Dths\n\u00b7\nZ5hc North (Segment 299 FH) - through approx 96% of SOP increases\ndue to nominations in excess of operational capacity; 193,431 Dths\n\u00b7\nSTA 245 (Segment 245 FH) - through approx 82% of SOP increases\ndue to scheduled maintenance and nominations in excess of operational capacity;\n169,209 Dths\n\u00b7\nSTA 249 (Segment 249 FH) - through approx 53% of SOP increases\ndue to nominations in excess of operational capacity; 73,249 Dths\n\u00b7\nSTA 261 Discharge East (Segment 261 FH) - through approx 63% of\nSOP increases due to scheduled maintenance and nominations in excess of\noperational capacity; 27,670 Dths\n\u00b7\nMLV 273 (Segment 284 FH) - through 100% of SOP increases due to\nnominations in excess of operational capacity; 259,378 Dths\nLINEPACK RESTRICTIONS\nPAYBACK NOMINATIONS\nWILL BE EVALUATED AT EACH CYCLE AND SCHEDULED ONLY IF OPERATIONALLY FEASIBLE.\nSTORAGE RESTRICTIONS\nNo Authorized Overrun Injections\nServices under Rate Schedule FS-AO at the following storage fields:\no Northern MA (460018) storage field\no Portland MA (460025) storage field\n\u00b7 No Interruptible Storage Injection\nServices under Rate Schedule IS at the following storage fields:\no Northern MA (460018) storage field\n\u00b7 No Parks or Loan Paybacks under\nRate Schedule PAL utilizing the PALD service in Zones 4, 5 and 6\n\u00b7 No Parks or Loan Paybacks under\nRate Schedule PAL utilizing the PAL-AO service in Zones 4, 5 and 6\n**PLEASE\nNOTE MAXIMUM HOURLY ENTITLEMENTS (\""MHE\"") AND/OR ELAPSED PRO RATA\nSCHEDULED QUANTITIES (\""EPSQ\"") WILL BE REVIEWED AND MAY BE ENFORCED AT\nANY METER DURING INTRADAY OR HOURLY CYCLES.\n**FINAL\nVOLUMES MAY CHANGE DUE TO SYSTEM BALANCING AND/OR CONFIRMATION REDUCTIONS.\n**THE\nOUTAGE AND MAINTENANCE SCHEDULE IS AVAILABLE IN EXCEL SPREADSHEET AND ADOBE\nFORMATS WHICH MAY BE ACCESSED VIA A HYPERLINK UNDER NOTICES/PLANNED SERVICE\nOUTAGES.\nIf you\nhave any questions, please contact your Scheduler."", ""posted_at"": ""2026-08-29T20:21:58-04:00"", ""status"": ""INITIATE"", ""subject"": ""RESTRICTIONS FOR 08-30-2026 EC""}, ""artifact_ids"": [""km_tgp_critical:1788110122419257000:5c924dc6c23dab467c649f8808dc8af00af0e929cc7dc5c389521b9eec637518"", ""km_tgp_notice_detail:1788110129332263000:562ccbf385a4895a751cd49caec7cf58657ea6f6cc7207626d7c1e9fda2093e3""], ""before"": null, ""change_source"": ""critical_notice_index"", ""comparison_warning"": null, ""schema_version"": ""tgp_alert_evidence_v1"", ""source_url"": ""https://pipeline2.kindermorgan.com/Notices/NoticeDetail.aspx?code=TGP&notc_nbr=403857"", ""subject"": {""notice_id"": ""403857"", ""notice_type_primary"": ""PIPELINE CONDITIONS"", ""notice_type_secondary"": ""CURRENT PIPELINE CONDITIONS"", ""prior_notice_id"": null}}"
TGP:alert:3b1073eef561f5fdea6c2328,TGP:critical_notice:3b1073eef561f5fdea6c2328,critical_notice,new,operator_notice,2026-08-30T17:15:22.419257Z,new_critical_notice,75.0,"{""critical_notice"": 35, ""effective_immediacy"": 20, ""subject_materiality"": 20}",NEW · Notice 403840 · RESTRICTIONS FOR 08-28-2026 ID3,This is a newly observed operator notice. Materiality depends on the detail text and subsequent capacity confirmation.,0.85,2026-08-29T00:58:52.000000Z,2026-08-29T14:00:00.000000Z,"{""after"": {""effective_end"": ""2026-08-29T14:00:00+00:00"", ""effective_start"": ""2026-08-29T00:58:52+00:00"", ""notice_text"": null, ""posted_at"": ""2026-08-28T20:58:52-04:00"", ""status"": ""NEW"", ""subject"": ""RESTRICTIONS FOR 08-28-2026 ID3""}, ""artifact_ids"": [""km_tgp_critical:1788110122419257000:5c924dc6c23dab467c649f8808dc8af00af0e929cc7dc5c389521b9eec637518""], ""before"": null, ""change_source"": ""critical_notice_index"", ""comparison_warning"": null, ""schema_version"": ""tgp_alert_evidence_v1"", ""source_url"": ""https://pipeline2.kindermorgan.com/Notices/NoticeDetail.aspx?code=TGP&notc_nbr=403840"", ""subject"": {""notice_id"": ""403840"", ""notice_type_primary"": ""PIPELINE CONDITIONS"", ""notice_type_secondary"": ""CURRENT PIPELINE CONDITIONS"", ""prior_notice_id"": null}}"
TGP:alert:421bc13ebca6b06cfe618628,TGP:critical_notice:421bc13ebca6b06cfe618628,critical_notice,new,operator_notice,2026-08-30T17:15:22.419257Z,new_critical_notice,75.0,"{""critical_notice"": 35, ""effective_immediacy"": 20, ""subject_materiality"": 20}",NEW · Notice 403850 · RESTRICTIONS FOR 08-30-2026 TIMELY CYCLE,This is a newly observed operator notice. Materiality depends on the detail text and subsequent capacity confirmation.,0.85,2026-08-29T19:17:07.000000Z,2026-08-30T14:00:00.000000Z,"{""after"": {""effective_end"": ""2026-08-30T14:00:00+00:00"", ""effective_start"": ""2026-08-29T19:17:07+00:00"", ""notice_text"": null, ""posted_at"": ""2026-08-29T15:17:07-04:00"", ""status"": ""NEW"", ""subject"": ""RESTRICTIONS FOR 08-30-2026 TIMELY CYCLE""}, ""artifact_ids"": [""km_tgp_critical:1788110122419257000:5c924dc6c23dab467c649f8808dc8af00af0e929cc7dc5c389521b9eec637518""], ""before"": null, ""change_source"": ""critical_notice_index"", ""comparison_warning"": null, ""schema_version"": ""tgp_alert_evidence_v1"", ""source_url"": ""https://pipeline2.kindermorgan.com/Notices/NoticeDetail.aspx?code=TGP&notc_nbr=403850"", ""subject"": {""notice_id"": ""403850"", ""notice_type_primary"": ""PIPELINE CONDITIONS"", ""notice_type_secondary"": ""CURRENT PIPELINE CONDITIONS"", ""prior_notice_id"": null}}"
TGP:alert:4af9f07422915922bb5f1d9d,TGP:critical_notice:4af9f07422915922bb5f1d9d,critical_notice,new,operator_notice,2026-08-30T17:15:22.419257Z,new_critical_notice,75.0,"{""critical_notice"": 35, ""effective_immediacy"": 20, ""subject_materiality"": 20}",NEW · Notice 403825 · RESTRICTIONS FOR 08-28-2026 ID1,This is a newly observed operator notice. Materiality depends on the detail text and subsequent capacity confirmation.,0.85,2026-08-28T16:37:30.000000Z,2026-08-29T14:00:00.000000Z,"{""after"": {""effective_end"": ""2026-08-29T14:00:00+00:00"", ""effective_start"": ""2026-08-28T16:37:30+00:00"", ""notice_text"": null, ""posted_at"": ""2026-08-28T12:37:30-04:00"", ""status"": ""NEW"", ""subject"": ""RESTRICTIONS FOR 08-28-2026 ID1""}, ""artifact_ids"": [""km_tgp_critical:1788110122419257000:5c924dc6c23dab467c649f8808dc8af00af0e929cc7dc5c389521b9eec637518""], ""before"": null, ""change_source"": ""critical_notice_index"", ""comparison_warning"": null, ""schema_version"": ""tgp_alert_evidence_v1"", ""source_url"": ""https://pipeline2.kindermorgan.com/Notices/NoticeDetail.aspx?code=TGP&notc_nbr=403825"", ""subject"": {""notice_id"": ""403825"", ""notice_type_primary"": ""PIPELINE CONDITIONS"", ""notice_type_secondary"": ""CURRENT PIPELINE CONDITIONS"", ""prior_notice_id"": null}}"
TGP:alert:5a96dcf149a3d3745db5a4ae,TGP:critical_notice:5a96dcf149a3d3745db5a4ae,critical_notice,new,operator_notice,2026-08-30T17:15:22.419257Z,new_critical_notice,75.0,"{""critical_notice"": 35, ""effective_immediacy"": 20, ""subject_materiality"": 20}",NEW · Notice 403845 · RESTRICTIONS FOR 08-29-2026 ID1,This is a newly observed operator notice. Materiality depends on the detail text and subsequent capacity confirmation.,0.85,2026-08-29T16:40:19.000000Z,2026-08-30T14:00:00.000000Z,"{""after"": {""effective_end"": ""2026-08-30T14:00:00+00:00"", ""effective_start"": ""2026-08-29T16:40:19+00:00"", ""notice_text"": null, ""posted_at"": ""2026-08-29T12:40:19-04:00"", ""status"": ""NEW"", ""subject"": ""RESTRICTIONS FOR 08-29-2026 ID1""}, ""artifact_ids"": [""km_tgp_critical:1788110122419257000:5c924dc6c23dab467c649f8808dc8af00af0e929cc7dc5c389521b9eec637518""], ""before"": null, ""change_source"": ""critical_notice_index"", ""comparison_warning"": null, ""schema_version"": ""tgp_alert_evidence_v1"", ""source_url"": ""https://pipeline2.kindermorgan.com/Notices/NoticeDetail.aspx?code=TGP&notc_nbr=403845"", ""subject"": {""notice_id"": ""403845"", ""notice_type_primary"": ""PIPELINE CONDITIONS"", ""notice_type_secondary"": ""CURRENT PIPELINE CONDITIONS"", ""prior_notice_id"": null}}"
TGP:alert:6ff110b021a949e0b3942526,TGP:critical_notice:6ff110b021a949e0b3942526,critical_notice,initiate,operator_notice,2026-08-30T17:15:22.419257Z,new_critical_notice,75.0,"{""critical_notice"": 35, ""effective_immediacy"": 20, ""subject_materiality"": 20}",INITIATE · Notice 403864 · RESTRICTIONS FOR 08-30-2026 ID1,This is a newly observed operator notice. Its archived detail text is attached; subsequent capacity data are still required to confirm the operating effect.,1.0,2026-08-30T16:20:05.000000Z,2026-08-31T14:00:00.000000Z,"{""after"": {""effective_end"": ""2026-08-31T14:00:00+00:00"", ""effective_start"": ""2026-08-30T16:20:05+00:00"", ""notice_text"": ""Effective Intraday 1 Cycle (14:00) for the gas day of Sunday,\nAugust 30, 2026 Tennessee restricted the following:\nOPERATIONAL FLOW ORDERS (OFO) AND IMBALANCE WARNINGS\nOFO DAILY CRITICAL DAY\n1 ON THE 500 lINE FROM STA 527 TO STA 542 FOR OVERTAKES from the system OR\nUNDERDELIVERieS into the system FOR ALL LMPA, SA ACTING AS BALANCING PARTIES\nAND LMMA BALANCING PARTIES\nOFO DAILY CRITICAL DAY\n1 FOR ALL AREAS EAST AND NORTH OF STA 219 FOR UNDERTAKES FROM THE SYSTEM OR\nOVERDELIVERIES INTO THE SYSTEM FOR ALL LMPA, SA ACTING AS BALANCING PARTIES AND\nLMMA BALANCING PARTIES\nMETER RESTRICTIONS\n\u00b7\nATMOS-TX/TGP Katy Exch Waller Receipt Meter (Pin 412100) -\nthrough approx 11% of SA increases due to nominations in excess of operational\ncapacity; 375 Dths\nSEGMENT RESTRICTIONS\n\u00b7\nSTA 534 South Of Pool (Segment 530 BH) - through 100% of SOP\nincreases due to scheduled maintenance and nominations in excess of operational\ncapacity; 450 Dths\n\u00b7\nSTA 1 (Segment 101 BH) - through 100% of SOP increases due to\noperational concerns; 86,267 Dths\n\u00b7\nMLV 509 Muskrat Line (Segment 515 BH) - through 100% of SOP\nincreases due to nominations in excess of operational capacity; 4,494 Dths\n\u00b7\nSTA 860 (Segment 860 BH) - through PIP increases due to scheduled\nmaintenance and nominations in excess of operational capacity\n\u00b7\nSTA 523 West (Segment 516 FH) - through 100% of SOP increases due\nto nominations in excess of operational capacity; 19,952 Dths\n\u00b7\nSTA 204 (Segment 204 BH) - through 100% of SOP increases due to\nscheduled maintenance and nominations in excess of operational capacity; 155\nDths\n\u00b7\nSTA 307 (Segment 307 BH) - through 100% of SOP increases due to\nnominations in excess of operational capacity; 378,652 Dths\n\u00b7\nMLV 314 East (Segment 314 BH) - through 100% of SOP increases due\nto nominations in excess of operational capacity; 216,863 Dths\n\u00b7\nSTA 315 (Segment 315 BH) - through 100% of SOP increases due to\nnominations in excess of operational capacity; 285,073 Dths\n\u00b7\nSTA 317 (Segment 317 BH) - through 100% of SOP increases due to\nnominations in excess of operational capacity; 99,753 Dths\n\u00b7\nSTA 321 (Segment 321 FH) - through 100% of SOP increases due to\nnominations in excess of operational capacity; 124,215 Dths\n\u00b7\nMLV 330 (Segment 324 FH) - through approx 42% of SOP increases\ndue to nominations in excess of operational capacity; 17,098 Dths\n\u00b7\nZ5hc North (Segment 299 FH) - through 100% of SOP increases due\nto nominations in excess of operational capacity; 193,431 Dths\n\u00b7\nSTA 245 (Segment 245 FH) - through 100% of SOP increases due to\nscheduled maintenance and nominations in excess of operational capacity;\n170,079 Dths\n\u00b7\nSTA 249 (Segment 249 FH) - through 100% of SOP increases due to\nnominations in excess of operational capacity; 72,379 Dths\n\u00b7\nSTA 261 Discharge East (Segment 261 FH) - through approx 90% of\nSOP increases due to scheduled maintenance and nominations in excess of\noperational capacity; 18,389 Dths\n\u00b7\nMLV 273 (Segment 284 FH) - through 100% of SOP increases due to\nnominations in excess of operational capacity; 197,765 Dths\nLINEPACK RESTRICTIONS\nPAYBACK NOMINATIONS\nWILL BE EVALUATED AT EACH CYCLE AND SCHEDULED ONLY IF OPERATIONALLY FEASIBLE.\nSTORAGE RESTRICTIONS\nNo Authorized Overrun Injections\nServices under Rate Schedule FS-AO at the following storage fields:\no Northern MA (460018) storage field\no Portland MA (460025) storage field\n\u00b7 No Interruptible Storage Injection\nServices under Rate Schedule IS at the following storage fields:\no Northern MA (460018) storage field\n\u00b7 No Parks or Loan Paybacks under\nRate Schedule PAL utilizing the PALD service in Zones 4, 5 and 6\n\u00b7 No Parks or Loan Paybacks under\nRate Schedule PAL utilizing the PAL-AO service in Zones 4, 5 and 6\n**PLEASE\nNOTE MAXIMUM HOURLY ENTITLEMENTS (\""MHE\"") AND/OR ELAPSED PRO RATA\nSCHEDULED QUANTITIES (\""EPSQ\"") WILL BE REVIEWED AND MAY BE ENFORCED AT\nANY METER DURING INTRADAY OR HOURLY CYCLES.\n**FINAL\nVOLUMES MAY CHANGE DUE TO SYSTEM BALANCING AND/OR CONFIRMATION REDUCTIONS.\n**THE\nOUTAGE AND MAINTENANCE SCHEDULE IS AVAILABLE IN EXCEL SPREADSHEET AND ADOBE\nFORMATS WHICH MAY BE ACCESSED VIA A HYPERLINK UNDER NOTICES/PLANNED SERVICE\nOUTAGES.\nIf you\nhave any questions, please contact your Scheduler."", ""posted_at"": ""2026-08-30T12:20:05-04:00"", ""status"": ""INITIATE"", ""subject"": ""RESTRICTIONS FOR 08-30-2026 ID1""}, ""artifact_ids"": [""km_tgp_critical:1788110122419257000:5c924dc6c23dab467c649f8808dc8af00af0e929cc7dc5c389521b9eec637518"", ""km_tgp_notice_detail:1788110123511600000:89485dcbd7f7b005fbfec328058f3d7749c1dd60986643a5d2348298779f9c6a""], ""before"": null, ""change_source"": ""critical_notice_index"", ""comparison_warning"": null, ""schema_version"": ""tgp_alert_evidence_v1"", ""source_url"": ""https://pipeline2.kindermorgan.com/Notices/NoticeDetail.aspx?code=TGP&notc_nbr=403864"", ""subject"": {""notice_id"": ""403864"", ""notice_type_primary"": ""PIPELINE CONDITIONS"", ""notice_type_secondary"": ""CURRENT PIPELINE CONDITIONS"", ""prior_notice_id"": null}}"
TGP:alert:799346b7ca437c0136c8b653,TGP:critical_notice:799346b7ca437c0136c8b653,critical_notice,new,operator_notice,2026-08-30T17:15:22.419257Z,new_critical_notice,75.0,"{""critical_notice"": 35, ""effective_immediacy"": 20, ""subject_materiality"": 20}",NEW · Notice 403832 · RESTRICTIONS FOR 08-29-2026 TIMELY CYCLE,This is a newly observed operator notice. Materiality depends on the detail text and subsequent capacity confirmation.,0.85,2026-08-28T20:28:46.000000Z,2026-08-29T14:00:00.000000Z,"{""after"": {""effective_end"": ""2026-08-29T14:00:00+00:00"", ""effective_start"": ""2026-08-28T20:28:46+00:00"", ""notice_text"": null, ""posted_at"": ""2026-08-28T16:28:46-04:00"", ""status"": ""NEW"", ""subject"": ""RESTRICTIONS FOR 08-29-2026 TIMELY CYCLE""}, ""artifact_ids"": [""km_tgp_critical:1788110122419257000:5c924dc6c23dab467c649f8808dc8af00af0e929cc7dc5c389521b9eec637518""], ""before"": null, ""change_source"": ""critical_notice_index"", ""comparison_warning"": null, ""schema_version"": ""tgp_alert_evidence_v1"", ""source_url"": ""https://pipeline2.kindermorgan.com/Notices/NoticeDetail.aspx?code=TGP&notc_nbr=403832"", ""subject"": {""notice_id"": ""403832"", ""notice_type_primary"": ""PIPELINE CONDITIONS"", ""notice_type_secondary"": ""CURRENT PIPELINE CONDITIONS"", ""prior_notice_id"": null}}"
TGP:alert:d093b624902cbf7a2bc71f22,TGP:critical_notice:d093b624902cbf7a2bc71f22,critical_notice,new,operator_notice,2026-08-30T17:15:22.419257Z,new_critical_notice,75.0,"{""critical_notice"": 35, ""effective_immediacy"": 20, ""subject_materiality"": 20}",NEW · Notice 403839 · RESTRICTIONS FOR 08-29-2026 EC,This is a newly observed operator notice. Materiality depends on the detail text and subsequent capacity confirmation.,0.85,2026-08-29T00:34:50.000000Z,2026-08-29T14:00:00.000000Z,"{""after"": {""effective_end"": ""2026-08-29T14:00:00+00:00"", ""effective_start"": ""2026-08-29T00:34:50+00:00"", ""notice_text"": null, ""posted_at"": ""2026-08-28T20:34:50-04:00"", ""status"": ""NEW"", ""subject"": ""RESTRICTIONS FOR 08-29-2026 EC""}, ""artifact_ids"": [""km_tgp_critical:1788110122419257000:5c924dc6c23dab467c649f8808dc8af00af0e929cc7dc5c389521b9eec637518""], ""before"": null, ""change_source"": ""critical_notice_index"", ""comparison_warning"": null, ""schema_version"": ""tgp_alert_evidence_v1"", ""source_url"": ""https://pipeline2.kindermorgan.com/Notices/NoticeDetail.aspx?code=TGP&notc_nbr=403839"", ""subject"": {""notice_id"": ""403839"", ""notice_type_primary"": ""PIPELINE CONDITIONS"", ""notice_type_secondary"": ""CURRENT PIPELINE CONDITIONS"", ""prior_notice_id"": null}}"
TGP:alert:fd8ef987c3cd9199bb1404f8,TGP:critical_notice:fd8ef987c3cd9199bb1404f8,critical_notice,initiate,operator_notice,2026-08-30T17:15:22.419257Z,new_critical_notice,75.0,"{""critical_notice"": 35, ""effective_immediacy"": 20, ""subject_materiality"": 20}",INITIATE · Notice 403858 · RESTRICTIONS FOR 08-29-26 ID3,This is a newly observed operator notice. Its archived detail text is attached; subsequent capacity data are still required to confirm the operating effect.,1.0,2026-08-30T01:02:43.000000Z,2026-08-30T14:00:00.000000Z,"{""after"": {""effective_end"": ""2026-08-30T14:00:00+00:00"", ""effective_start"": ""2026-08-30T01:02:43+00:00"", ""notice_text"": ""Effective Intraday 3 Cycle (22:00) for the gas day of Saturday,\nAugust 29, 2026 Tennessee restricted the following:\nOPERATIONAL FLOW ORDERS (OFO) AND IMBALANCE WARNINGS\nOFO DAILY CRITICAL DAY\n1 ON THE 500 lINE FROM STA 527 TO STA 542 FOR OVERTAKES from the system OR\nUNDERDELIVERieS into the SYSTEM FOR ALL LMPA, SA ACTING AS BALANCING PARTIES\nAND LMMA BALANCING PARTIES\nOFO DAILY CRITICAL DAY\n1 FOR ALL AREAS EAST AND NORTH OF STA 219 FOR UNDERTAKES FROM THE SYSTEM OR\nOVERDELIVERIES INTO THE SYSTEM FOR ALL LMPA, SA ACTING AS BALANCING PARTIES AND\nLMMA BALANCING PARTIES\nMETER RESTRICTIONS\n\u00b7\nNONE\nSEGMENT RESTRICTIONS\n\u00b7\nSTA 534 South Of Pool (Segment 530 BH) - through 100% of SOP\nincreases due to scheduled maintenance and nominations in excess of operational\ncapacity; 450 Dths\n\u00b7\nMLV 509 Muskrat Line (Segment 515 BH) - through 100% of SOP\nincreases due to nominations in excess of operational capacity; 4,494 Dths\nLINEPACK RESTRICTIONS\nPAYBACK NOMINATIONS\nWILL BE EVALUATED AT EACH CYCLE AND SCHEDULED ONLY IF OPERATIONALLY FEASIBLE.\nSTORAGE RESTRICTIONS\nNo Authorized Overrun Injections\nServices under Rate Schedule FS-AO at the following storage fields:\no Northern MA (460018) storage field\no Portland MA (460025) storage field\n\u00b7 No Interruptible Storage Injection\nServices under Rate Schedule IS at the following storage fields:\no Northern MA (460018) storage field\n\u00b7 No Parks or Loan Paybacks under\nRate Schedule PAL utilizing the PALD service in Zones 4, 5 and 6\n\u00b7 No Parks or Loan Paybacks under\nRate Schedule PAL utilizing the PAL-AO service in Zones 4, 5 and 6\n**PLEASE\nNOTE MAXIMUM HOURLY ENTITLEMENTS (\""MHE\"") AND/OR ELAPSED PRO RATA\nSCHEDULED QUANTITIES (\""EPSQ\"") WILL BE REVIEWED AND MAY BE ENFORCED AT\nANY METER DURING INTRADAY OR HOURLY CYCLES.\n**FINAL\nVOLUMES MAY CHANGE DUE TO SYSTEM BALANCING AND/OR CONFIRMATION REDUCTIONS.\n**THE\nOUTAGE AND MAINTENANCE SCHEDULE IS AVAILABLE IN EXCEL SPREADSHEET AND ADOBE\nFORMATS WHICH MAY BE ACCESSED VIA A HYPERLINK UNDER NOTICES/PLANNED SERVICE\nOUTAGES.\nIf you\nhave any questions, please contact your Scheduler."", ""posted_at"": ""2026-08-29T21:02:43-04:00"", ""status"": ""INITIATE"", ""subject"": ""RESTRICTIONS FOR 08-29-26 ID3""}, ""artifact_ids"": [""km_tgp_critical:1788110122419257000:5c924dc6c23dab467c649f8808dc8af00af0e929cc7dc5c389521b9eec637518"", ""km_tgp_notice_detail:1788110126389916000:1341e6b30aaa48accdfd197aec172eef49ee01076fc2b13e0a5eaeb1351d4929""], ""before"": null, ""change_source"": ""critical_notice_index"", ""comparison_warning"": null, ""schema_version"": ""tgp_alert_evidence_v1"", ""source_url"": ""https://pipeline2.kindermorgan.com/Notices/NoticeDetail.aspx?code=TGP&notc_nbr=403858"", ""subject"": {""notice_id"": ""403858"", ""notice_type_primary"": ""PIPELINE CONDITIONS"", ""notice_type_secondary"": ""CURRENT PIPELINE CONDITIONS"", ""prior_notice_id"": null}}"
TGP:alert:3e88ee17d2259f12e442391c,TGP:capacity_snapshot_change:3e88ee17d2259f12e442391c,capacity_snapshot_change,changed,operating_capacity,2026-08-30T15:53:36.817246Z,operating_capacity_changed,67.0,"{""absolute_change"": 24, ""current_scheduling_pressure"": 8, ""operating_capacity_changed"": 10, ""threshold_crossing"": 25}",Segment 307 reported capacity or scheduling changed across different scheduling periods,Available capacity changed from 0k to 134k Dth/day. Snapshots use different gas days or nomination cycles; the change is descriptive and may reflect normal scheduling evolution.,0.7,2026-08-30T14:00:00.000000Z,2026-08-31T04:59:59.999999Z,"{""after"": {""available_capacity_dth_per_day"": 134435.0, ""cycle"": ""EVENING"", ""gas_day"": ""2026-08-30"", ""operating_capacity_dth_per_day"": 1153418.0, ""scheduled_pct_of_operating"": 88.3, ""scheduled_quantity_dth_per_day"": 1018983.0, ""source_posted_at"": ""2026-08-29T21:46:00-04:00""}, ""artifact_ids"": [""km_tgp_segment_capacity:1787941582228921000:9656fa2a506c07d456fb97da8f0437185501849c2416052b63936f2819e69acc"", ""km_tgp_segment_capacity:1788105216817246000:a4457f5a9ca6180e2bb5e83f4fab842ac9a9ac3f88e3d9819ba77215daf9490d""], ""before"": {""available_capacity_dth_per_day"": 0.0, ""cycle"": ""INTRADAY 1"", ""gas_day"": ""2026-08-28"", ""operating_capacity_dth_per_day"": 965000.0, ""scheduled_pct_of_operating"": 106.6, ""scheduled_quantity_dth_per_day"": 1028458.0, ""source_posted_at"": ""2026-08-28T13:47:00-04:00""}, ""change_source"": ""operational_capacity_snapshot"", ""comparison_warning"": ""Snapshots use different gas days or nomination cycles; the change is descriptive and may reflect normal scheduling evolution."", ""delta"": {""available_capacity_dth_per_day"": 134435.0, ""operating_capacity_dth_per_day"": 188418.0, ""scheduled_pct_of_operating"": -18.3, ""scheduled_quantity_dth_per_day"": -9475.0}, ""schema_version"": ""tgp_alert_evidence_v1"", ""source_url"": ""https://pipeline2.kindermorgan.com/Capacity/OpAvailSegment.aspx?code=TGP"", ""subject"": {""flow_direction"": ""TD2"", ""location_name"": ""STA 307"", ""operator_segment_id"": ""307""}, ""thresholds"": {""crossed_80_pct"": false, ""crossed_95_pct"": true, ""crossed_zero_available"": true}}"
TGP:alert:7251f634496df3f6ceffc404,TGP:capacity_snapshot_change:7251f634496df3f6ceffc404,capacity_snapshot_change,changed,scheduling_pressure,2026-08-30T15:53:36.817246Z,scheduling_changed,44.0,"{""absolute_change"": 16, ""current_scheduling_pressure"": 8, ""operating_capacity_changed"": 0, ""threshold_crossing"": 20}",Segment 399 reported capacity or scheduling changed across different scheduling periods,Available capacity changed from 34k to 89k Dth/day. Snapshots use different gas days or nomination cycles; the change is descriptive and may reflect normal scheduling evolution.,0.7,2026-08-30T14:00:00.000000Z,2026-08-31T04:59:59.999999Z,"{""after"": {""available_capacity_dth_per_day"": 89175.0, ""cycle"": ""EVENING"", ""gas_day"": ""2026-08-30"", ""operating_capacity_dth_per_day"": 797050.0, ""scheduled_pct_of_operating"": 88.8, ""scheduled_quantity_dth_per_day"": 707875.0, ""source_posted_at"": ""2026-08-29T21:46:00-04:00""}, ""artifact_ids"": [""km_tgp_segment_capacity:1787941582228921000:9656fa2a506c07d456fb97da8f0437185501849c2416052b63936f2819e69acc"", ""km_tgp_segment_capacity:1788105216817246000:a4457f5a9ca6180e2bb5e83f4fab842ac9a9ac3f88e3d9819ba77215daf9490d""], ""before"": {""available_capacity_dth_per_day"": 34211.0, ""cycle"": ""INTRADAY 1"", ""gas_day"": ""2026-08-28"", ""operating_capacity_dth_per_day"": 797050.0, ""scheduled_pct_of_operating"": 95.7, ""scheduled_quantity_dth_per_day"": 762839.0, ""source_posted_at"": ""2026-08-28T13:47:00-04:00""}, ""change_source"": ""operational_capacity_snapshot"", ""comparison_warning"": ""Snapshots use different gas days or nomination cycles; the change is descriptive and may reflect normal scheduling evolution."", ""delta"": {""available_capacity_dth_per_day"": 54964.0, ""operating_capacity_dth_per_day"": 0.0, ""scheduled_pct_of_operating"": -6.9, ""scheduled_quantity_dth_per_day"": -54964.0}, ""schema_version"": ""tgp_alert_evidence_v1"", ""source_url"": ""https://pipeline2.kindermorgan.com/Capacity/OpAvailSegment.aspx?code=TGP"", ""subject"": {""flow_direction"": ""TD1"", ""location_name"": ""STA 313 HC LINE Z4 END"", ""operator_segment_id"": ""399""}, ""thresholds"": {""crossed_80_pct"": false, ""crossed_95_pct"": true, ""crossed_zero_available"": false}}"
TGP:alert:550cc6cad76d03af8f16b001,TGP:capacity_snapshot_change:550cc6cad76d03af8f16b001,capacity_snapshot_change,changed,operating_capacity,2026-08-30T15:53:36.817246Z,operating_capacity_changed,42.0,"{""absolute_change"": 24, ""current_scheduling_pressure"": 8, ""operating_capacity_changed"": 10, ""threshold_crossing"": 0}",Segment 187 reported capacity or scheduling changed across different scheduling periods,Available capacity changed from 135k to 377k Dth/day. Snapshots use different gas days or nomination cycles; the change is descriptive and may reflect normal scheduling evolution.,0.7,2026-08-30T14:00:00.000000Z,2026-08-31T04:59:59.999999Z,"{""after"": {""available_capacity_dth_per_day"": 376665.0, ""cycle"": ""EVENING"", ""gas_day"": ""2026-08-30"", ""operating_capacity_dth_per_day"": 2296000.0, ""scheduled_pct_of_operating"": 83.6, ""scheduled_quantity_dth_per_day"": 1919335.0, ""source_posted_at"": ""2026-08-29T21:46:00-04:00""}, ""artifact_ids"": [""km_tgp_segment_capacity:1787941582228921000:9656fa2a506c07d456fb97da8f0437185501849c2416052b63936f2819e69acc"", ""km_tgp_segment_capacity:1788105216817246000:a4457f5a9ca6180e2bb5e83f4fab842ac9a9ac3f88e3d9819ba77215daf9490d""], ""before"": {""available_capacity_dth_per_day"": 134876.0, ""cycle"": ""INTRADAY 1"", ""gas_day"": ""2026-08-28"", ""operating_capacity_dth_per_day"": 2075000.0, ""scheduled_pct_of_operating"": 93.5, ""scheduled_quantity_dth_per_day"": 1940124.0, ""source_posted_at"": ""2026-08-28T13:47:00-04:00""}, ""change_source"": ""operational_capacity_snapshot"", ""comparison_warning"": ""Snapshots use different gas days or nomination cycles; the change is descriptive and may reflect normal scheduling evolution."", ""delta"": {""available_capacity_dth_per_day"": 241789.0, ""operating_capacity_dth_per_day"": 221000.0, ""scheduled_pct_of_operating"": -9.9, ""scheduled_quantity_dth_per_day"": -20789.0}, ""schema_version"": ""tgp_alert_evidence_v1"", ""source_url"": ""https://pipeline2.kindermorgan.com/Capacity/OpAvailSegment.aspx?code=TGP"", ""subject"": {""flow_direction"": ""TD2"", ""location_name"": ""STA 110 SOUTH"", ""operator_segment_id"": ""187""}, ""thresholds"": {""crossed_80_pct"": false, ""crossed_95_pct"": false, ""crossed_zero_available"": false}}"
TGP:alert:32de54cbc78cfa6101fc8883,TGP:capacity_snapshot_change:32de54cbc78cfa6101fc8883,capacity_snapshot_change,changed,operating_capacity,2026-08-30T15:53:36.817246Z,operating_capacity_changed,34.0,"{""absolute_change"": 24, ""current_scheduling_pressure"": 0, ""operating_capacity_changed"": 10, ""threshold_crossing"": 0}",Segment 317 reported capacity or scheduling changed across different scheduling periods,Available capacity changed from 311k to 546k Dth/day. Snapshots use different gas days or nomination cycles; the change is descriptive and may reflect normal scheduling evolution.,0.7,2026-08-30T14:00:00.000000Z,2026-08-31T04:59:59.999999Z,"{""after"": {""available_capacity_dth_per_day"": 545889.0, ""cycle"": ""EVENING"", ""gas_day"": ""2026-08-30"", ""operating_capacity_dth_per_day"": 1548296.0, ""scheduled_pct_of_operating"": 64.7, ""scheduled_quantity_dth_per_day"": 1002407.0, ""source_posted_at"": ""2026-08-29T21:46:00-04:00""}, ""artifact_ids"": [""km_tgp_segment_capacity:1787941582228921000:9656fa2a506c07d456fb97da8f0437185501849c2416052b63936f2819e69acc"", ""km_tgp_segment_capacity:1788105216817246000:a4457f5a9ca6180e2bb5e83f4fab842ac9a9ac3f88e3d9819ba77215daf9490d""], ""before"": {""available_capacity_dth_per_day"": 310594.0, ""cycle"": ""INTRADAY 1"", ""gas_day"": ""2026-08-28"", ""operating_capacity_dth_per_day"": 1345000.0, ""scheduled_pct_of_operating"": 76.9, ""scheduled_quantity_dth_per_day"": 1034406.0, ""source_posted_at"": ""2026-08-28T13:47:00-04:00""}, ""change_source"": ""operational_capacity_snapshot"", ""comparison_warning"": ""Snapshots use different gas days or nomination cycles; the change is descriptive and may reflect normal scheduling evolution."", ""delta"": {""available_capacity_dth_per_day"": 235295.0, ""operating_capacity_dth_per_day"": 203296.0, ""scheduled_pct_of_operating"": -12.2, ""scheduled_quantity_dth_per_day"": -31999.0}, ""schema_version"": ""tgp_alert_evidence_v1"", ""source_url"": ""https://pipeline2.kindermorgan.com/Capacity/OpAvailSegment.aspx?code=TGP"", ""subject"": {""flow_direction"": ""TD2"", ""location_name"": ""STA 317"", ""operator_segment_id"": ""317""}, ""thresholds"": {""crossed_80_pct"": false, ""crossed_95_pct"": false, ""crossed_zero_available"": false}}"
TGP:alert:77d636714388b6052061677e,TGP:capacity_snapshot_change:77d636714388b6052061677e,capacity_snapshot_change,changed,scheduling_pressure,2026-08-30T15:53:36.817246Z,scheduling_changed,26.0,"{""absolute_change"": 16, ""current_scheduling_pressure"": 0, ""operating_capacity_changed"": 0, ""threshold_crossing"": 10}",Segment 529 reported capacity or scheduling changed across different scheduling periods,Available capacity changed from 180k to 231k Dth/day. Snapshots use different gas days or nomination cycles; the change is descriptive and may reflect normal scheduling evolution.,0.7,2026-08-30T14:00:00.000000Z,2026-08-31T04:59:59.999999Z,"{""after"": {""available_capacity_dth_per_day"": 230576.0, ""cycle"": ""EVENING"", ""gas_day"": ""2026-08-30"", ""operating_capacity_dth_per_day"": 1100000.0, ""scheduled_pct_of_operating"": 79.0, ""scheduled_quantity_dth_per_day"": 869424.0, ""source_posted_at"": ""2026-08-29T21:46:00-04:00""}, ""artifact_ids"": [""km_tgp_segment_capacity:1787941582228921000:9656fa2a506c07d456fb97da8f0437185501849c2416052b63936f2819e69acc"", ""km_tgp_segment_capacity:1788105216817246000:a4457f5a9ca6180e2bb5e83f4fab842ac9a9ac3f88e3d9819ba77215daf9490d""], ""before"": {""available_capacity_dth_per_day"": 179814.0, ""cycle"": ""INTRADAY 1"", ""gas_day"": ""2026-08-28"", ""operating_capacity_dth_per_day"": 1100000.0, ""scheduled_pct_of_operating"": 83.7, ""scheduled_quantity_dth_per_day"": 920186.0, ""source_posted_at"": ""2026-08-28T13:47:00-04:00""}, ""change_source"": ""operational_capacity_snapshot"", ""comparison_warning"": ""Snapshots use different gas days or nomination cycles; the change is descriptive and may reflect normal scheduling evolution."", ""delta"": {""available_capacity_dth_per_day"": 50762.0, ""operating_capacity_dth_per_day"": 0.0, ""scheduled_pct_of_operating"": -4.7, ""scheduled_quantity_dth_per_day"": -50762.0}, ""schema_version"": ""tgp_alert_evidence_v1"", ""source_url"": ""https://pipeline2.kindermorgan.com/Capacity/OpAvailSegment.aspx?code=TGP"", ""subject"": {""flow_direction"": ""TD1"", ""location_name"": ""TOCA LATERAL"", ""operator_segment_id"": ""529""}, ""thresholds"": {""crossed_80_pct"": true, ""crossed_95_pct"": false, ""crossed_zero_available"": false}}"
TGP:alert:825121ae411ad886db24c509,TGP:capacity_snapshot_change:825121ae411ad886db24c509,capacity_snapshot_change,changed,scheduling_pressure,2026-08-30T15:53:36.817246Z,scheduling_changed,26.0,"{""absolute_change"": 16, ""current_scheduling_pressure"": 0, ""operating_capacity_changed"": 0, ""threshold_crossing"": 10}",Segment 299 reported capacity or scheduling changed across different scheduling periods,Available capacity changed from 112k to 176k Dth/day. Snapshots use different gas days or nomination cycles; the change is descriptive and may reflect normal scheduling evolution.,0.7,2026-08-30T14:00:00.000000Z,2026-08-31T04:59:59.999999Z,"{""after"": {""available_capacity_dth_per_day"": 175789.0, ""cycle"": ""EVENING"", ""gas_day"": ""2026-08-30"", ""operating_capacity_dth_per_day"": 794220.0, ""scheduled_pct_of_operating"": 77.9, ""scheduled_quantity_dth_per_day"": 618431.0, ""source_posted_at"": ""2026-08-29T21:46:00-04:00""}, ""artifact_ids"": [""km_tgp_segment_capacity:1787941582228921000:9656fa2a506c07d456fb97da8f0437185501849c2416052b63936f2819e69acc"", ""km_tgp_segment_capacity:1788105216817246000:a4457f5a9ca6180e2bb5e83f4fab842ac9a9ac3f88e3d9819ba77215daf9490d""], ""before"": {""available_capacity_dth_per_day"": 111552.0, ""cycle"": ""INTRADAY 1"", ""gas_day"": ""2026-08-28"", ""operating_capacity_dth_per_day"": 794220.0, ""scheduled_pct_of_operating"": 86.0, ""scheduled_quantity_dth_per_day"": 682668.0, ""source_posted_at"": ""2026-08-28T13:47:00-04:00""}, ""change_source"": ""operational_capacity_snapshot"", ""comparison_warning"": ""Snapshots use different gas days or nomination cycles; the change is descriptive and may reflect normal scheduling evolution."", ""delta"": {""available_capacity_dth_per_day"": 64237.0, ""operating_capacity_dth_per_day"": 0.0, ""scheduled_pct_of_operating"": -8.1, ""scheduled_quantity_dth_per_day"": -64237.0}, ""schema_version"": ""tgp_alert_evidence_v1"", ""source_url"": ""https://pipeline2.kindermorgan.com/Capacity/OpAvailSegment.aspx?code=TGP"", ""subject"": {""flow_direction"": ""TD1"", ""location_name"": ""STA 237 HC LINE"", ""operator_segment_id"": ""299""}, ""thresholds"": {""crossed_80_pct"": true, ""crossed_95_pct"": false, ""crossed_zero_available"": false}}"
TGP:alert:9d9bd760f2a15f4869fe0917,TGP:capacity_snapshot_change:9d9bd760f2a15f4869fe0917,capacity_snapshot_change,changed,scheduling_pressure,2026-08-30T15:53:36.817246Z,scheduling_changed,26.0,"{""absolute_change"": 16, ""current_scheduling_pressure"": 0, ""operating_capacity_changed"": 0, ""threshold_crossing"": 10}",Segment 249 reported capacity or scheduling changed across different scheduling periods,Available capacity changed from 186k to 261k Dth/day. Snapshots use different gas days or nomination cycles; the change is descriptive and may reflect normal scheduling evolution.,0.7,2026-08-30T14:00:00.000000Z,2026-08-31T04:59:59.999999Z,"{""after"": {""available_capacity_dth_per_day"": 260758.0, ""cycle"": ""EVENING"", ""gas_day"": ""2026-08-30"", ""operating_capacity_dth_per_day"": 1045732.0, ""scheduled_pct_of_operating"": 75.1, ""scheduled_quantity_dth_per_day"": 784974.0, ""source_posted_at"": ""2026-08-29T21:46:00-04:00""}, ""artifact_ids"": [""km_tgp_segment_capacity:1787941582228921000:9656fa2a506c07d456fb97da8f0437185501849c2416052b63936f2819e69acc"", ""km_tgp_segment_capacity:1788105216817246000:a4457f5a9ca6180e2bb5e83f4fab842ac9a9ac3f88e3d9819ba77215daf9490d""], ""before"": {""available_capacity_dth_per_day"": 185589.0, ""cycle"": ""INTRADAY 1"", ""gas_day"": ""2026-08-28"", ""operating_capacity_dth_per_day"": 1045732.0, ""scheduled_pct_of_operating"": 82.3, ""scheduled_quantity_dth_per_day"": 860143.0, ""source_posted_at"": ""2026-08-28T13:47:00-04:00""}, ""change_source"": ""operational_capacity_snapshot"", ""comparison_warning"": ""Snapshots use different gas days or nomination cycles; the change is descriptive and may reflect normal scheduling evolution."", ""delta"": {""available_capacity_dth_per_day"": 75169.0, ""operating_capacity_dth_per_day"": 0.0, ""scheduled_pct_of_operating"": -7.2, ""scheduled_quantity_dth_per_day"": -75169.0}, ""schema_version"": ""tgp_alert_evidence_v1"", ""source_url"": ""https://pipeline2.kindermorgan.com/Capacity/OpAvailSegment.aspx?code=TGP"", ""subject"": {""flow_direction"": ""TD1"", ""location_name"": ""STA 249"", ""operator_segment_id"": ""249""}, ""thresholds"": {""crossed_80_pct"": true, ""crossed_95_pct"": false, ""crossed_zero_available"": false}}"
TGP:alert:ac098aa18330233fa1cbbdd2,TGP:capacity_snapshot_change:ac098aa18330233fa1cbbdd2,capacity_snapshot_change,changed,scheduling_pressure,2026-08-30T15:53:36.817246Z,scheduling_changed,26.0,"{""absolute_change"": 16, ""current_scheduling_pressure"": 0, ""operating_capacity_changed"": 0, ""threshold_crossing"": 10}",Segment 237 reported capacity or scheduling changed across different scheduling periods,Available capacity changed from 159k to 219k Dth/day. Snapshots use different gas days or nomination cycles; the change is descriptive and may reflect normal scheduling evolution.,0.7,2026-08-30T14:00:00.000000Z,2026-08-31T04:59:59.999999Z,"{""after"": {""available_capacity_dth_per_day"": 219361.0, ""cycle"": ""EVENING"", ""gas_day"": ""2026-08-30"", ""operating_capacity_dth_per_day"": 1006125.0, ""scheduled_pct_of_operating"": 78.2, ""scheduled_quantity_dth_per_day"": 786764.0, ""source_posted_at"": ""2026-08-29T21:46:00-04:00""}, ""artifact_ids"": [""km_tgp_segment_capacity:1787941582228921000:9656fa2a506c07d456fb97da8f0437185501849c2416052b63936f2819e69acc"", ""km_tgp_segment_capacity:1788105216817246000:a4457f5a9ca6180e2bb5e83f4fab842ac9a9ac3f88e3d9819ba77215daf9490d""], ""before"": {""available_capacity_dth_per_day"": 158930.0, ""cycle"": ""INTRADAY 1"", ""gas_day"": ""2026-08-28"", ""operating_capacity_dth_per_day"": 1006125.0, ""scheduled_pct_of_operating"": 84.2, ""scheduled_quantity_dth_per_day"": 847195.0, ""source_posted_at"": ""2026-08-28T13:47:00-04:00""}, ""change_source"": ""operational_capacity_snapshot"", ""comparison_warning"": ""Snapshots use different gas days or nomination cycles; the change is descriptive and may reflect normal scheduling evolution."", ""delta"": {""available_capacity_dth_per_day"": 60431.0, ""operating_capacity_dth_per_day"": 0.0, ""scheduled_pct_of_operating"": -6.0, ""scheduled_quantity_dth_per_day"": -60431.0}, ""schema_version"": ""tgp_alert_evidence_v1"", ""source_url"": ""https://pipeline2.kindermorgan.com/Capacity/OpAvailSegment.aspx?code=TGP"", ""subject"": {""flow_direction"": ""TD1"", ""location_name"": ""STA 237 EAST OF Z5W POOL"", ""operator_segment_id"": ""237""}, ""thresholds"": {""crossed_80_pct"": true, ""crossed_95_pct"": false, ""crossed_zero_available"": false}}"
TGP:alert:506fd254a0c03335064237a5,TGP:capacity_snapshot_change:506fd254a0c03335064237a5,capacity_snapshot_change,changed,scheduling_pressure,2026-08-30T15:53:36.817246Z,scheduling_changed,20.0,"{""absolute_change"": 10, ""current_scheduling_pressure"": 0, ""operating_capacity_changed"": 0, ""threshold_crossing"": 10}",Segment 296 reported capacity or scheduling changed across different scheduling periods,Available capacity changed from 130k to 161k Dth/day. Snapshots use different gas days or nomination cycles; the change is descriptive and may reflect normal scheduling evolution.,0.7,2026-08-30T14:00:00.000000Z,2026-08-31T04:59:59.999999Z,"{""after"": {""available_capacity_dth_per_day"": 160786.0, ""cycle"": ""EVENING"", ""gas_day"": ""2026-08-30"", ""operating_capacity_dth_per_day"": 743348.0, ""scheduled_pct_of_operating"": 78.4, ""scheduled_quantity_dth_per_day"": 582562.0, ""source_posted_at"": ""2026-08-29T21:46:00-04:00""}, ""artifact_ids"": [""km_tgp_segment_capacity:1787941582228921000:9656fa2a506c07d456fb97da8f0437185501849c2416052b63936f2819e69acc"", ""km_tgp_segment_capacity:1788105216817246000:a4457f5a9ca6180e2bb5e83f4fab842ac9a9ac3f88e3d9819ba77215daf9490d""], ""before"": {""available_capacity_dth_per_day"": 130133.0, ""cycle"": ""INTRADAY 1"", ""gas_day"": ""2026-08-28"", ""operating_capacity_dth_per_day"": 743348.0, ""scheduled_pct_of_operating"": 82.5, ""scheduled_quantity_dth_per_day"": 613215.0, ""source_posted_at"": ""2026-08-28T13:47:00-04:00""}, ""change_source"": ""operational_capacity_snapshot"", ""comparison_warning"": ""Snapshots use different gas days or nomination cycles; the change is descriptive and may reflect normal scheduling evolution."", ""delta"": {""available_capacity_dth_per_day"": 30653.0, ""operating_capacity_dth_per_day"": 0.0, ""scheduled_pct_of_operating"": -4.1, ""scheduled_quantity_dth_per_day"": -30653.0}, ""schema_version"": ""tgp_alert_evidence_v1"", ""source_url"": ""https://pipeline2.kindermorgan.com/Capacity/OpAvailSegment.aspx?code=TGP"", ""subject"": {""flow_direction"": ""TD1"", ""location_name"": ""STA 230C NIAGARA SPUR NORTH"", ""operator_segment_id"": ""296""}, ""thresholds"": {""crossed_80_pct"": true, ""crossed_95_pct"": false, ""crossed_zero_available"": false}}"
TGP:alert:11df3109199509e59a88c442,TGP:capacity_snapshot_change:11df3109199509e59a88c442,capacity_snapshot_change,changed,scheduling_pressure,2026-08-30T15:53:36.817246Z,scheduling_changed,15.0,"{""absolute_change"": 5, ""current_scheduling_pressure"": 0, ""operating_capacity_changed"": 0, ""threshold_crossing"": 10}",Segment 406 reported capacity or scheduling changed across different scheduling periods,Available capacity changed from 85k to 103k Dth/day. Snapshots use different gas days or nomination cycles; the change is descriptive and may reflect normal scheduling evolution.,0.7,2026-08-30T14:00:00.000000Z,2026-08-31T04:59:59.999999Z,"{""after"": {""available_capacity_dth_per_day"": 102766.0, ""cycle"": ""EVENING"", ""gas_day"": ""2026-08-30"", ""operating_capacity_dth_per_day"": 456535.0, ""scheduled_pct_of_operating"": 77.5, ""scheduled_quantity_dth_per_day"": 353769.0, ""source_posted_at"": ""2026-08-29T21:46:00-04:00""}, ""artifact_ids"": [""km_tgp_segment_capacity:1787941582228921000:9656fa2a506c07d456fb97da8f0437185501849c2416052b63936f2819e69acc"", ""km_tgp_segment_capacity:1788105216817246000:a4457f5a9ca6180e2bb5e83f4fab842ac9a9ac3f88e3d9819ba77215daf9490d""], ""before"": {""available_capacity_dth_per_day"": 84878.0, ""cycle"": ""INTRADAY 1"", ""gas_day"": ""2026-08-28"", ""operating_capacity_dth_per_day"": 456535.0, ""scheduled_pct_of_operating"": 81.4, ""scheduled_quantity_dth_per_day"": 371657.0, ""source_posted_at"": ""2026-08-28T13:47:00-04:00""}, ""change_source"": ""operational_capacity_snapshot"", ""comparison_warning"": ""Snapshots use different gas days or nomination cycles; the change is descriptive and may reflect normal scheduling evolution."", ""delta"": {""available_capacity_dth_per_day"": 17888.0, ""operating_capacity_dth_per_day"": 0.0, ""scheduled_pct_of_operating"": -3.9, ""scheduled_quantity_dth_per_day"": -17888.0}, ""schema_version"": ""tgp_alert_evidence_v1"", ""source_url"": ""https://pipeline2.kindermorgan.com/Capacity/OpAvailSegment.aspx?code=TGP"", ""subject"": {""flow_direction"": ""TD2"", ""location_name"": ""MLV 406"", ""operator_segment_id"": ""406""}, ""thresholds"": {""crossed_80_pct"": true, ""crossed_95_pct"": false, ""crossed_zero_available"": false}}"
TGP:alert:139eda64b24baa9d5303cfd6,TGP:capacity_snapshot_change:139eda64b24baa9d5303cfd6,capacity_snapshot_change,changed,scheduling_pressure,2026-08-30T15:53:36.817246Z,scheduling_changed,15.0,"{""absolute_change"": 5, ""current_scheduling_pressure"": 0, ""operating_capacity_changed"": 0, ""threshold_crossing"": 10}",Segment 5390 reported capacity or scheduling changed across different scheduling periods,Available capacity changed from 206k to 224k Dth/day. Snapshots use different gas days or nomination cycles; the change is descriptive and may reflect normal scheduling evolution.,0.7,2026-08-30T14:00:00.000000Z,2026-08-31T04:59:59.999999Z,"{""after"": {""available_capacity_dth_per_day"": 224124.0, ""cycle"": ""EVENING"", ""gas_day"": ""2026-08-30"", ""operating_capacity_dth_per_day"": 1100000.0, ""scheduled_pct_of_operating"": 79.6, ""scheduled_quantity_dth_per_day"": 875876.0, ""source_posted_at"": ""2026-08-29T21:46:00-04:00""}, ""artifact_ids"": [""km_tgp_segment_capacity:1787941582228921000:9656fa2a506c07d456fb97da8f0437185501849c2416052b63936f2819e69acc"", ""km_tgp_segment_capacity:1788105216817246000:a4457f5a9ca6180e2bb5e83f4fab842ac9a9ac3f88e3d9819ba77215daf9490d""], ""before"": {""available_capacity_dth_per_day"": 205913.0, ""cycle"": ""INTRADAY 1"", ""gas_day"": ""2026-08-28"", ""operating_capacity_dth_per_day"": 1100000.0, ""scheduled_pct_of_operating"": 81.3, ""scheduled_quantity_dth_per_day"": 894087.0, ""source_posted_at"": ""2026-08-28T13:47:00-04:00""}, ""change_source"": ""operational_capacity_snapshot"", ""comparison_warning"": ""Snapshots use different gas days or nomination cycles; the change is descriptive and may reflect normal scheduling evolution."", ""delta"": {""available_capacity_dth_per_day"": 18211.0, ""operating_capacity_dth_per_day"": 0.0, ""scheduled_pct_of_operating"": -1.7, ""scheduled_quantity_dth_per_day"": -18211.0}, ""schema_version"": ""tgp_alert_evidence_v1"", ""source_url"": ""https://pipeline2.kindermorgan.com/Capacity/OpAvailSegment.aspx?code=TGP"", ""subject"": {""flow_direction"": ""TD1"", ""location_name"": ""ZONE 1 GWINVILLE POOL"", ""operator_segment_id"": ""5390""}, ""thresholds"": {""crossed_80_pct"": true, ""crossed_95_pct"": false, ""crossed_zero_available"": false}}"
TGP:alert:78f42d9e148ceee7d5993803,TGP:capacity_snapshot_change:78f42d9e148ceee7d5993803,capacity_snapshot_change,changed,scheduling_pressure,2026-08-30T15:53:36.817246Z,scheduling_changed,15.0,"{""absolute_change"": 5, ""current_scheduling_pressure"": 0, ""operating_capacity_changed"": 0, ""threshold_crossing"": 10}",Segment 5420 reported capacity or scheduling changed across different scheduling periods,Available capacity changed from 206k to 224k Dth/day. Snapshots use different gas days or nomination cycles; the change is descriptive and may reflect normal scheduling evolution.,0.7,2026-08-30T14:00:00.000000Z,2026-08-31T04:59:59.999999Z,"{""after"": {""available_capacity_dth_per_day"": 224124.0, ""cycle"": ""EVENING"", ""gas_day"": ""2026-08-30"", ""operating_capacity_dth_per_day"": 1100000.0, ""scheduled_pct_of_operating"": 79.6, ""scheduled_quantity_dth_per_day"": 875876.0, ""source_posted_at"": ""2026-08-29T21:46:00-04:00""}, ""artifact_ids"": [""km_tgp_segment_capacity:1787941582228921000:9656fa2a506c07d456fb97da8f0437185501849c2416052b63936f2819e69acc"", ""km_tgp_segment_capacity:1788105216817246000:a4457f5a9ca6180e2bb5e83f4fab842ac9a9ac3f88e3d9819ba77215daf9490d""], ""before"": {""available_capacity_dth_per_day"": 205913.0, ""cycle"": ""INTRADAY 1"", ""gas_day"": ""2026-08-28"", ""operating_capacity_dth_per_day"": 1100000.0, ""scheduled_pct_of_operating"": 81.3, ""scheduled_quantity_dth_per_day"": 894087.0, ""source_posted_at"": ""2026-08-28T13:47:00-04:00""}, ""change_source"": ""operational_capacity_snapshot"", ""comparison_warning"": ""Snapshots use different gas days or nomination cycles; the change is descriptive and may reflect normal scheduling evolution."", ""delta"": {""available_capacity_dth_per_day"": 18211.0, ""operating_capacity_dth_per_day"": 0.0, ""scheduled_pct_of_operating"": -1.7, ""scheduled_quantity_dth_per_day"": -18211.0}, ""schema_version"": ""tgp_alert_evidence_v1"", ""source_url"": ""https://pipeline2.kindermorgan.com/Capacity/OpAvailSegment.aspx?code=TGP"", ""subject"": {""flow_direction"": ""TD1"", ""location_name"": ""BAY SPRINGS"", ""operator_segment_id"": ""5420""}, ""thresholds"": {""crossed_80_pct"": true, ""crossed_95_pct"": false, ""crossed_zero_available"": false}}"
TGP:alert:84a8f40285e17531b649d25a,TGP:capacity_snapshot_change:84a8f40285e17531b649d25a,capacity_snapshot_change,changed,scheduling_pressure,2026-08-30T15:53:36.817246Z,scheduling_changed,15.0,"{""absolute_change"": 5, ""current_scheduling_pressure"": 0, ""operating_capacity_changed"": 0, ""threshold_crossing"": 10}",Segment 5410 reported capacity or scheduling changed across different scheduling periods,Available capacity changed from 206k to 224k Dth/day. Snapshots use different gas days or nomination cycles; the change is descriptive and may reflect normal scheduling evolution.,0.7,2026-08-30T14:00:00.000000Z,2026-08-31T04:59:59.999999Z,"{""after"": {""available_capacity_dth_per_day"": 224124.0, ""cycle"": ""EVENING"", ""gas_day"": ""2026-08-30"", ""operating_capacity_dth_per_day"": 1100000.0, ""scheduled_pct_of_operating"": 79.6, ""scheduled_quantity_dth_per_day"": 875876.0, ""source_posted_at"": ""2026-08-29T21:46:00-04:00""}, ""artifact_ids"": [""km_tgp_segment_capacity:1787941582228921000:9656fa2a506c07d456fb97da8f0437185501849c2416052b63936f2819e69acc"", ""km_tgp_segment_capacity:1788105216817246000:a4457f5a9ca6180e2bb5e83f4fab842ac9a9ac3f88e3d9819ba77215daf9490d""], ""before"": {""available_capacity_dth_per_day"": 205913.0, ""cycle"": ""INTRADAY 1"", ""gas_day"": ""2026-08-28"", ""operating_capacity_dth_per_day"": 1100000.0, ""scheduled_pct_of_operating"": 81.3, ""scheduled_quantity_dth_per_day"": 894087.0, ""source_posted_at"": ""2026-08-28T13:47:00-04:00""}, ""change_source"": ""operational_capacity_snapshot"", ""comparison_warning"": ""Snapshots use different gas days or nomination cycles; the change is descriptive and may reflect normal scheduling evolution."", ""delta"": {""available_capacity_dth_per_day"": 18211.0, ""operating_capacity_dth_per_day"": 0.0, ""scheduled_pct_of_operating"": -1.7, ""scheduled_quantity_dth_per_day"": -18211.0}, ""schema_version"": ""tgp_alert_evidence_v1"", ""source_url"": ""https://pipeline2.kindermorgan.com/Capacity/OpAvailSegment.aspx?code=TGP"", ""subject"": {""flow_direction"": ""TD1"", ""location_name"": ""GWINVILLE EAST"", ""operator_segment_id"": ""5410""}, ""thresholds"": {""crossed_80_pct"": true, ""crossed_95_pct"": false, ""crossed_zero_available"": false}}"
TGP:alert:07108ab3cad0019c6e00dc36,TGP:outage_capacity_revision:07108ab3cad0019c6e00dc36,outage_capacity_revision,worsened,forward_transport_capacity,2026-08-28T15:55:05.364330Z,forecast_capacity_decrease,87.0,"{""absolute_change"": 40, ""effective_immediacy"": 12, ""explicit_report_revision"": 10, ""percentage_change"": 25}",Segment 530 forecast capacity cut 645k Dth/day,"Station 534 South of Pool (segment 530 BH) changed from 1.55m to 905k Dth/day in the most material comparable forecast row. This is a report revision, not proof that physical flow changed.",0.95,2026-09-07T05:00:00.000000Z,2026-10-12T04:59:59.999999Z,"{""after"": {""changed_period_count"": 3, ""first_changed_period"": ""2026-09-07"", ""last_changed_period"": ""2026-10-11"", ""notice_id"": ""403802"", ""operating_capacity_dth_per_day"": 905000.0, ""report_updated_on"": ""2026-08-27""}, ""artifact_ids"": [""km_tgp_notice_detail:1787932512717694000:4e5308a6b60198988cebfe87c90c7936ec29248dea254a2e2949d8b71262ebc6"", ""km_tgp_notice_detail:1787932505364330000:46485bb248300193468625e90e1a0552f36c4adb8a4d2cdff1a507c289e82063""], ""before"": {""notice_id"": ""403635"", ""operating_capacity_dth_per_day"": 1550000.0}, ""change_source"": ""outage_report_revision"", ""comparison_warning"": null, ""delta"": {""operating_capacity_dth_per_day"": -645000.0, ""operating_capacity_pct"": -41.6}, ""operator_explanation"": ""Sta 529: Unit 1A - Solar Inspection (10/12/2026 - 10/15/2026) Sta. 527 Port Sulphur: Medium Voltage Electrical Testing (10/5/2026 - 10/9/2026)"", ""schema_version"": ""tgp_alert_evidence_v1"", ""source_url"": ""https://pipeline2.kindermorgan.com/Notices/NoticeDetail.aspx?code=TGP&notc_nbr=403802"", ""subject"": {""flow_direction"": ""BH"", ""operator_segment_id"": ""530"", ""station_label"": ""Station 534 South of Pool (segment 530 BH)""}}"
TGP:alert:919295ead81b2cec23854da0,TGP:outage_capacity_revision:919295ead81b2cec23854da0,outage_capacity_revision,improved,forward_transport_capacity,2026-08-28T15:55:05.364330Z,forecast_capacity_increase,79.0,"{""absolute_change"": 32, ""effective_immediacy"": 12, ""explicit_report_revision"": 10, ""percentage_change"": 25}",Segment 245 forecast capacity raised 290k Dth/day,"Station 245 (segment 245 FH) changed from 680k to 970k Dth/day in the most material comparable forecast row. This is a report revision, not proof that physical flow changed.",0.95,2026-09-21T05:00:00.000000Z,2026-09-28T04:59:59.999999Z,"{""after"": {""changed_period_count"": 1, ""first_changed_period"": ""2026-09-21"", ""last_changed_period"": ""2026-09-27"", ""notice_id"": ""403802"", ""operating_capacity_dth_per_day"": 970000.0, ""report_updated_on"": ""2026-08-27""}, ""artifact_ids"": [""km_tgp_notice_detail:1787932512717694000:4e5308a6b60198988cebfe87c90c7936ec29248dea254a2e2949d8b71262ebc6"", ""km_tgp_notice_detail:1787932505364330000:46485bb248300193468625e90e1a0552f36c4adb8a4d2cdff1a507c289e82063""], ""before"": {""notice_id"": ""403635"", ""operating_capacity_dth_per_day"": 680000.0}, ""change_source"": ""outage_report_revision"", ""comparison_warning"": null, ""delta"": {""operating_capacity_dth_per_day"": 290000.0, ""operating_capacity_pct"": 42.6}, ""operator_explanation"": ""Sta 245: Unit 1A & 2A - Exhaust System & HP Fuel (4/27/2026 - 11/1/2026)"", ""schema_version"": ""tgp_alert_evidence_v1"", ""source_url"": ""https://pipeline2.kindermorgan.com/Notices/NoticeDetail.aspx?code=TGP&notc_nbr=403802"", ""subject"": {""flow_direction"": ""FH"", ""operator_segment_id"": ""245"", ""station_label"": ""Station 245 (segment 245 FH)""}}"
TGP:alert:89ea68cc4873c09eafe877aa,TGP:outage_capacity_revision:89ea68cc4873c09eafe877aa,outage_capacity_revision,improved,forward_transport_capacity,2026-08-28T15:55:05.364330Z,forecast_capacity_increase,71.0,"{""absolute_change"": 24, ""effective_immediacy"": 12, ""explicit_report_revision"": 10, ""percentage_change"": 25}",Segment 492 forecast capacity raised 149k Dth/day,"Station 409A (Alamo) (segment 492 FH) changed from 125k to 274k Dth/day in the most material comparable forecast row. This is a report revision, not proof that physical flow changed.",0.95,2026-09-07T05:00:00.000000Z,2026-09-28T04:59:59.999999Z,"{""after"": {""changed_period_count"": 2, ""first_changed_period"": ""2026-09-07"", ""last_changed_period"": ""2026-09-27"", ""notice_id"": ""403802"", ""operating_capacity_dth_per_day"": 274000.0, ""report_updated_on"": ""2026-08-27""}, ""artifact_ids"": [""km_tgp_notice_detail:1787932512717694000:4e5308a6b60198988cebfe87c90c7936ec29248dea254a2e2949d8b71262ebc6"", ""km_tgp_notice_detail:1787932505364330000:46485bb248300193468625e90e1a0552f36c4adb8a4d2cdff1a507c289e82063""], ""before"": {""notice_id"": ""403635"", ""operating_capacity_dth_per_day"": 125000.0}, ""change_source"": ""outage_report_revision"", ""comparison_warning"": null, ""delta"": {""operating_capacity_dth_per_day"": 149000.0, ""operating_capacity_pct"": 119.2}, ""operator_explanation"": ""MLV 409-1 to MLV 406-1: Spike Test (M) (9/14/2026 - 10/31/2026) MLV 409A-101.1 to MLV 409A-103: Pig Runs - Cleaning / Gauge (M) (9/21/2026) MLV 409A-101.1 to MLV 409A-103: Pig Runs - Cleaning / Gauge (M) (9/22/2026) MLV 409A-101.1 to MLV 409A-103: Pig Runs - Cleaning / Gauge (M) (9/23/2026) MLV 409A-101.1 to MLV 409A-103: Pig Runs - EMAT (M) (9/25/2026) MLV 409A-101.1 to MLV 409A-103: Pig Runs - MFL-C (M) (9/24/2026)"", ""schema_version"": ""tgp_alert_evidence_v1"", ""source_url"": ""https://pipeline2.kindermorgan.com/Notices/NoticeDetail.aspx?code=TGP&notc_nbr=403802"", ""subject"": {""flow_direction"": ""FH"", ""operator_segment_id"": ""492"", ""station_label"": ""Station 409A (Alamo) (segment 492 FH)""}}"
TGP:alert:697e2c0d387e5d67086b33d8,TGP:outage_capacity_revision:697e2c0d387e5d67086b33d8,outage_capacity_revision,worsened,forward_transport_capacity,2026-08-28T15:55:05.364330Z,forecast_capacity_decrease,68.0,"{""absolute_change"": 32, ""effective_immediacy"": 6, ""explicit_report_revision"": 10, ""percentage_change"": 20}",Segment 860 forecast capacity cut 371k Dth/day,"Station 860 North (Segment 860 BH) changed from 1.85m to 1.48m Dth/day in the most material comparable forecast row. This is a report revision, not proof that physical flow changed.",0.95,2026-10-12T05:00:00.000000Z,2026-10-19T04:59:59.999999Z,"{""after"": {""changed_period_count"": 1, ""first_changed_period"": ""2026-10-12"", ""last_changed_period"": ""2026-10-18"", ""notice_id"": ""403802"", ""operating_capacity_dth_per_day"": 1475000.0, ""report_updated_on"": ""2026-08-27""}, ""artifact_ids"": [""km_tgp_notice_detail:1787932512717694000:4e5308a6b60198988cebfe87c90c7936ec29248dea254a2e2949d8b71262ebc6"", ""km_tgp_notice_detail:1787932505364330000:46485bb248300193468625e90e1a0552f36c4adb8a4d2cdff1a507c289e82063""], ""before"": {""notice_id"": ""403635"", ""operating_capacity_dth_per_day"": 1846000.0}, ""change_source"": ""outage_report_revision"", ""comparison_warning"": null, ""delta"": {""operating_capacity_dth_per_day"": -371000.0, ""operating_capacity_pct"": -20.1}, ""operator_explanation"": ""MLV 560-2 to MLV 563-2: Pipe Replacements (M) (10/15/2026 - 10/26/2026) Sta 860: Unit 1A - Aftercooler Jacket Water Inspection (6/17/2025 - 12/31/2026) Sta 860: Unit 1C - 4K/Turbine Waterwash/Boroscope (10/6/2026 - 10/7/2026) Sta 860: Unit 2C - 4K/Turbine Waterwash/Boroscope (10/7/2026 - 10/8/2026)"", ""schema_version"": ""tgp_alert_evidence_v1"", ""source_url"": ""https://pipeline2.kindermorgan.com/Notices/NoticeDetail.aspx?code=TGP&notc_nbr=403802"", ""subject"": {""flow_direction"": ""BH"", ""operator_segment_id"": ""860"", ""station_label"": ""Station 860 North (Segment 860 BH)""}}"
TGP:alert:055f54cb108b32d0c32debe2,TGP:outage_capacity_revision:055f54cb108b32d0c32debe2,outage_capacity_revision,worsened,forward_transport_capacity,2026-08-28T15:55:05.364330Z,forecast_capacity_decrease,63.0,"{""absolute_change"": 24, ""effective_immediacy"": 12, ""explicit_report_revision"": 10, ""percentage_change"": 17}",Segment 324 forecast capacity cut 235k Dth/day,"MLV 324 (segment 324 FH) changed from 1.35m to 1.12m Dth/day in the most material comparable forecast row. This is a report revision, not proof that physical flow changed.",0.95,2026-09-07T05:00:00.000000Z,2026-09-28T04:59:59.999999Z,"{""after"": {""changed_period_count"": 2, ""first_changed_period"": ""2026-09-07"", ""last_changed_period"": ""2026-09-27"", ""notice_id"": ""403802"", ""operating_capacity_dth_per_day"": 1120000.0, ""report_updated_on"": ""2026-08-27""}, ""artifact_ids"": [""km_tgp_notice_detail:1787932512717694000:4e5308a6b60198988cebfe87c90c7936ec29248dea254a2e2949d8b71262ebc6"", ""km_tgp_notice_detail:1787932505364330000:46485bb248300193468625e90e1a0552f36c4adb8a4d2cdff1a507c289e82063""], ""before"": {""notice_id"": ""403635"", ""operating_capacity_dth_per_day"": 1355000.0}, ""change_source"": ""outage_report_revision"", ""comparison_warning"": null, ""delta"": {""operating_capacity_dth_per_day"": -235000.0, ""operating_capacity_pct"": -17.3}, ""operator_explanation"": ""Sta 321: Unit 1C - Buffer Air Seal (9/8/2026 - 9/10/2026) Sta 323: Station Outage (9/21/2026 - 9/24/2026) Sta 325: Station Outage (9/22/2026 - 9/24/2026)"", ""schema_version"": ""tgp_alert_evidence_v1"", ""source_url"": ""https://pipeline2.kindermorgan.com/Notices/NoticeDetail.aspx?code=TGP&notc_nbr=403802"", ""subject"": {""flow_direction"": ""FH"", ""operator_segment_id"": ""324"", ""station_label"": ""MLV 324 (segment 324 FH)""}}"
TGP:alert:a52b971fe0b8006e6da37c73,TGP:outage_capacity_revision:a52b971fe0b8006e6da37c73,outage_capacity_revision,worsened,forward_transport_capacity,2026-08-28T15:55:05.364330Z,forecast_capacity_decrease,59.0,"{""absolute_change"": 24, ""effective_immediacy"": 6, ""explicit_report_revision"": 10, ""percentage_change"": 19}",Segment 261 forecast capacity cut 173k Dth/day,"Station 261 Discharge East (segment 261 FH) changed from 888k to 715k Dth/day in the most material comparable forecast row. This is a report revision, not proof that physical flow changed.",0.95,2026-10-05T05:00:00.000000Z,2026-10-12T04:59:59.999999Z,"{""after"": {""changed_period_count"": 1, ""first_changed_period"": ""2026-10-05"", ""last_changed_period"": ""2026-10-11"", ""notice_id"": ""403802"", ""operating_capacity_dth_per_day"": 715000.0, ""report_updated_on"": ""2026-08-27""}, ""artifact_ids"": [""km_tgp_notice_detail:1787932512717694000:4e5308a6b60198988cebfe87c90c7936ec29248dea254a2e2949d8b71262ebc6"", ""km_tgp_notice_detail:1787932505364330000:46485bb248300193468625e90e1a0552f36c4adb8a4d2cdff1a507c289e82063""], ""before"": {""notice_id"": ""403635"", ""operating_capacity_dth_per_day"": 888000.0}, ""change_source"": ""outage_report_revision"", ""comparison_warning"": null, ""delta"": {""operating_capacity_dth_per_day"": -173000.0, ""operating_capacity_pct"": -19.5}, ""operator_explanation"": ""Sta 261 Agawam: Annual ESD test (M) (9/28/2026 - 10/2/2026) Sta 264 Charlton: Unit 1C - Engine Maintenance (8/24/2026 - 10/16/2026) Sta 264: Oil System (10/12/2026 - 10/16/2026)"", ""schema_version"": ""tgp_alert_evidence_v1"", ""source_url"": ""https://pipeline2.kindermorgan.com/Notices/NoticeDetail.aspx?code=TGP&notc_nbr=403802"", ""subject"": {""flow_direction"": ""FH"", ""operator_segment_id"": ""261"", ""station_label"": ""Station 261 Discharge East (segment 261 FH)""}}"
TGP:alert:71832eae9a855e7555acf673,TGP:outage_capacity_revision:71832eae9a855e7555acf673,outage_capacity_revision,worsened,forward_transport_capacity,2026-08-28T15:55:05.364330Z,forecast_capacity_decrease,58.0,"{""absolute_change"": 24, ""effective_immediacy"": 12, ""explicit_report_revision"": 10, ""percentage_change"": 12}",Segment 307 forecast capacity cut 143k Dth/day,"Station 307 (segment 307 BH) changed from 1.15m to 1.01m Dth/day in the most material comparable forecast row. This is a report revision, not proof that physical flow changed.",0.95,2026-09-21T05:00:00.000000Z,2026-09-28T04:59:59.999999Z,"{""after"": {""changed_period_count"": 1, ""first_changed_period"": ""2026-09-21"", ""last_changed_period"": ""2026-09-27"", ""notice_id"": ""403802"", ""operating_capacity_dth_per_day"": 1010000.0, ""report_updated_on"": ""2026-08-27""}, ""artifact_ids"": [""km_tgp_notice_detail:1787932512717694000:4e5308a6b60198988cebfe87c90c7936ec29248dea254a2e2949d8b71262ebc6"", ""km_tgp_notice_detail:1787932505364330000:46485bb248300193468625e90e1a0552f36c4adb8a4d2cdff1a507c289e82063""], ""before"": {""notice_id"": ""403635"", ""operating_capacity_dth_per_day"": 1153000.0}, ""change_source"": ""outage_report_revision"", ""comparison_warning"": null, ""delta"": {""operating_capacity_dth_per_day"": -143000.0, ""operating_capacity_pct"": -12.4}, ""operator_explanation"": ""Sta 310: Unit 1A - Water Washes and Borescope (9/21/2026 - 9/22/2026)"", ""schema_version"": ""tgp_alert_evidence_v1"", ""source_url"": ""https://pipeline2.kindermorgan.com/Notices/NoticeDetail.aspx?code=TGP&notc_nbr=403802"", ""subject"": {""flow_direction"": ""BH"", ""operator_segment_id"": ""307"", ""station_label"": ""Station 307 (segment 307 BH)""}}"
TGP:alert:a6c10e8e094d98c49e417ebe,TGP:outage_capacity_revision:a6c10e8e094d98c49e417ebe,outage_capacity_revision,improved,forward_transport_capacity,2026-08-28T15:55:05.364330Z,forecast_capacity_increase,58.0,"{""absolute_change"": 24, ""effective_immediacy"": 0, ""explicit_report_revision"": 10, ""percentage_change"": 24}",Segment 163 forecast capacity raised 209k Dth/day,"Station 63 (segment 163 FH) changed from 858k to 1.07m Dth/day in the most material comparable forecast row. This is a report revision, not proof that physical flow changed.",0.95,2026-11-02T06:00:00.000000Z,2026-11-16T05:59:59.999999Z,"{""after"": {""changed_period_count"": 2, ""first_changed_period"": ""2026-11-02"", ""last_changed_period"": ""2026-11-15"", ""notice_id"": ""403802"", ""operating_capacity_dth_per_day"": 1067000.0, ""report_updated_on"": ""2026-08-27""}, ""artifact_ids"": [""km_tgp_notice_detail:1787932512717694000:4e5308a6b60198988cebfe87c90c7936ec29248dea254a2e2949d8b71262ebc6"", ""km_tgp_notice_detail:1787932505364330000:46485bb248300193468625e90e1a0552f36c4adb8a4d2cdff1a507c289e82063""], ""before"": {""notice_id"": ""403635"", ""operating_capacity_dth_per_day"": 858000.0}, ""change_source"": ""outage_report_revision"", ""comparison_warning"": null, ""delta"": {""operating_capacity_dth_per_day"": 209000.0, ""operating_capacity_pct"": 24.4}, ""operator_explanation"": ""MLV 54-3 to MLV 106-3: Emergent Repair - CAO (2/26/2026 - 12/31/2026) MLV 71-3D to MLV 74-3: Pig Runs - Cleaning / Gauge (11/3/2026) MLV 71-3D to MLV 74-3: Pig Runs - TDW MDS (11/5/2026)"", ""schema_version"": ""tgp_alert_evidence_v1"", ""source_url"": ""https://pipeline2.kindermorgan.com/Notices/NoticeDetail.aspx?code=TGP&notc_nbr=403802"", ""subject"": {""flow_direction"": ""FH"", ""operator_segment_id"": ""163"", ""station_label"": ""Station 63 (segment 163 FH)""}}"
TGP:alert:941b749d724a55b25705dc79,TGP:outage_capacity_revision:941b749d724a55b25705dc79,outage_capacity_revision,worsened,forward_transport_capacity,2026-08-28T15:55:05.364330Z,forecast_capacity_decrease,54.0,"{""absolute_change"": 24, ""effective_immediacy"": 12, ""explicit_report_revision"": 10, ""percentage_change"": 8}",Segment 315 forecast capacity cut 148k Dth/day,"Station 315 (segment 315 BH) changed from 1.82m to 1.68m Dth/day in the most material comparable forecast row. This is a report revision, not proof that physical flow changed.",0.95,2026-09-14T05:00:00.000000Z,2026-09-21T04:59:59.999999Z,"{""after"": {""changed_period_count"": 1, ""first_changed_period"": ""2026-09-14"", ""last_changed_period"": ""2026-09-20"", ""notice_id"": ""403802"", ""operating_capacity_dth_per_day"": 1675000.0, ""report_updated_on"": ""2026-08-27""}, ""artifact_ids"": [""km_tgp_notice_detail:1787932512717694000:4e5308a6b60198988cebfe87c90c7936ec29248dea254a2e2949d8b71262ebc6"", ""km_tgp_notice_detail:1787932505364330000:46485bb248300193468625e90e1a0552f36c4adb8a4d2cdff1a507c289e82063""], ""before"": {""notice_id"": ""403635"", ""operating_capacity_dth_per_day"": 1823000.0}, ""change_source"": ""outage_report_revision"", ""comparison_warning"": null, ""delta"": {""operating_capacity_dth_per_day"": -148000.0, ""operating_capacity_pct"": -8.1}, ""operator_explanation"": ""Sta 315: Unit 1B - Water Washes and Borescope (9/16/2026 - 9/17/2026) Sta 315: Unit 2A - Water Washes and Borescope (9/14/2026 - 9/15/2026)"", ""schema_version"": ""tgp_alert_evidence_v1"", ""source_url"": ""https://pipeline2.kindermorgan.com/Notices/NoticeDetail.aspx?code=TGP&notc_nbr=403802"", ""subject"": {""flow_direction"": ""BH"", ""operator_segment_id"": ""315"", ""station_label"": ""Station 315 (segment 315 BH)""}}"
TGP:alert:99479ea87a14d5019340d10b,TGP:outage_capacity_revision:99479ea87a14d5019340d10b,outage_capacity_revision,worsened,forward_transport_capacity,2026-08-28T15:55:05.364330Z,forecast_capacity_decrease,52.0,"{""absolute_change"": 24, ""effective_immediacy"": 6, ""explicit_report_revision"": 10, ""percentage_change"": 12}",Segment 117 forecast capacity cut 137k Dth/day,"Station 17 (segment 117 FH) changed from 1.12m to 985k Dth/day in the most material comparable forecast row. This is a report revision, not proof that physical flow changed.",0.95,2026-10-05T05:00:00.000000Z,2026-10-19T04:59:59.999999Z,"{""after"": {""changed_period_count"": 2, ""first_changed_period"": ""2026-10-05"", ""last_changed_period"": ""2026-10-18"", ""notice_id"": ""403802"", ""operating_capacity_dth_per_day"": 985000.0, ""report_updated_on"": ""2026-08-27""}, ""artifact_ids"": [""km_tgp_notice_detail:1787932512717694000:4e5308a6b60198988cebfe87c90c7936ec29248dea254a2e2949d8b71262ebc6"", ""km_tgp_notice_detail:1787932505364330000:46485bb248300193468625e90e1a0552f36c4adb8a4d2cdff1a507c289e82063""], ""before"": {""notice_id"": ""403635"", ""operating_capacity_dth_per_day"": 1122000.0}, ""change_source"": ""outage_report_revision"", ""comparison_warning"": null, ""delta"": {""operating_capacity_dth_per_day"": -137000.0, ""operating_capacity_pct"": -12.2}, ""operator_explanation"": ""MLV 17-2D to MLV 20-2A: Pig Run - Chemical Cleaning (10/19/2026 - 10/20/2026) MLV 17-2D to MLV 20-2A: Pig Run - GAUGE (10/21/2026) MLV 17-2D to MLV 20-2A: Pig Run - MFL-A (10/22/2026) MLV 32-2D TO MLV 40-2S: Pig Runs - Maintenance (10/8/2026) MLV 32-3D to MLV 40-3S: Pig Runs - Maintenance (10/13/2026) Sta 25: Annual ESD Test (10/13/2026)"", ""schema_version"": ""tgp_alert_evidence_v1"", ""source_url"": ""https://pipeline2.kindermorgan.com/Notices/NoticeDetail.aspx?code=TGP&notc_nbr=403802"", ""subject"": {""flow_direction"": ""FH"", ""operator_segment_id"": ""117"", ""station_label"": ""Station 17 (segment 117 FH)""}}"
TGP:alert:8026d9bd123033d4c7e0007c,TGP:outage_capacity_revision:8026d9bd123033d4c7e0007c,outage_capacity_revision,worsened,forward_transport_capacity,2026-08-28T15:55:05.364330Z,forecast_capacity_decrease,47.0,"{""absolute_change"": 24, ""effective_immediacy"": 6, ""explicit_report_revision"": 10, ""percentage_change"": 7}",Segment 534 forecast capacity cut 140k Dth/day,"Station 534 (segment 534 BH) changed from 1.91m to 1.77m Dth/day in the most material comparable forecast row. This is a report revision, not proof that physical flow changed.",0.95,2026-10-12T05:00:00.000000Z,2026-10-19T04:59:59.999999Z,"{""after"": {""changed_period_count"": 1, ""first_changed_period"": ""2026-10-12"", ""last_changed_period"": ""2026-10-18"", ""notice_id"": ""403802"", ""operating_capacity_dth_per_day"": 1769000.0, ""report_updated_on"": ""2026-08-27""}, ""artifact_ids"": [""km_tgp_notice_detail:1787932512717694000:4e5308a6b60198988cebfe87c90c7936ec29248dea254a2e2949d8b71262ebc6"", ""km_tgp_notice_detail:1787932505364330000:46485bb248300193468625e90e1a0552f36c4adb8a4d2cdff1a507c289e82063""], ""before"": {""notice_id"": ""403635"", ""operating_capacity_dth_per_day"": 1909000.0}, ""change_source"": ""outage_report_revision"", ""comparison_warning"": null, ""delta"": {""operating_capacity_dth_per_day"": -140000.0, ""operating_capacity_pct"": -7.3}, ""operator_explanation"": ""MLV 534-2 to MLV 535-2: Tallahala Creek HDD (9/21/2026 - 9/30/2026) Sta 538: Boost Pump Vibration Upgrade (10/12/2026 - 10/15/2026) Sta 538: Replace Suction & Discharge Unit Valves (10/12/2026 - 10/16/2026)"", ""schema_version"": ""tgp_alert_evidence_v1"", ""source_url"": ""https://pipeline2.kindermorgan.com/Notices/NoticeDetail.aspx?code=TGP&notc_nbr=403802"", ""subject"": {""flow_direction"": ""BH"", ""operator_segment_id"": ""534"", ""station_label"": ""Station 534 (segment 534 BH)""}}"
TGP:alert:f9e94b1e6d55dbb5dd77a360,TGP:outage_capacity_revision:f9e94b1e6d55dbb5dd77a360,outage_capacity_revision,worsened,forward_transport_capacity,2026-08-28T15:55:05.364330Z,forecast_capacity_decrease,43.0,"{""absolute_change"": 10, ""effective_immediacy"": 12, ""explicit_report_revision"": 10, ""percentage_change"": 11}",Segment 101 forecast capacity cut 35k Dth/day,"Station 1 (segment 101 BH) changed from 300k to 265k Dth/day in the most material comparable forecast row. This is a report revision, not proof that physical flow changed.",0.95,2026-09-21T05:00:00.000000Z,2026-09-28T04:59:59.999999Z,"{""after"": {""changed_period_count"": 1, ""first_changed_period"": ""2026-09-21"", ""last_changed_period"": ""2026-09-27"", ""notice_id"": ""403802"", ""operating_capacity_dth_per_day"": 265000.0, ""report_updated_on"": ""2026-08-27""}, ""artifact_ids"": [""km_tgp_notice_detail:1787932512717694000:4e5308a6b60198988cebfe87c90c7936ec29248dea254a2e2949d8b71262ebc6"", ""km_tgp_notice_detail:1787932505364330000:46485bb248300193468625e90e1a0552f36c4adb8a4d2cdff1a507c289e82063""], ""before"": {""notice_id"": ""403635"", ""operating_capacity_dth_per_day"": 300000.0}, ""change_source"": ""outage_report_revision"", ""comparison_warning"": null, ""delta"": {""operating_capacity_dth_per_day"": -35000.0, ""operating_capacity_pct"": -11.7}, ""operator_explanation"": ""MLV 1-1D to MLV 5-1: Spike Test (M) (9/21/2026 - 11/2/2026) Sta 1: Station Power Protection System (9/22/2026)"", ""schema_version"": ""tgp_alert_evidence_v1"", ""source_url"": ""https://pipeline2.kindermorgan.com/Notices/NoticeDetail.aspx?code=TGP&notc_nbr=403802"", ""subject"": {""flow_direction"": ""BH"", ""operator_segment_id"": ""101"", ""station_label"": ""Station 1 (segment 101 BH)""}}"
TGP:alert:b9650af77a05142d6d28399f,TGP:outage_capacity_revision:b9650af77a05142d6d28399f,outage_capacity_revision,improved,forward_transport_capacity,2026-08-28T15:55:05.364330Z,forecast_capacity_increase,42.0,"{""absolute_change"": 16, ""effective_immediacy"": 12, ""explicit_report_revision"": 10, ""percentage_change"": 4}",Segment 187 forecast capacity raised 78k Dth/day,"Station 110 (segment 187 BH) (south thru Kentucky) changed from 1.97m to 2.04m Dth/day in the most material comparable forecast row. This is a report revision, not proof that physical flow changed.",0.95,2026-09-07T05:00:00.000000Z,2026-11-02T05:59:59.999999Z,"{""after"": {""changed_period_count"": 7, ""first_changed_period"": ""2026-09-07"", ""last_changed_period"": ""2026-11-01"", ""notice_id"": ""403802"", ""operating_capacity_dth_per_day"": 2043000.0, ""report_updated_on"": ""2026-08-27""}, ""artifact_ids"": [""km_tgp_notice_detail:1787932512717694000:4e5308a6b60198988cebfe87c90c7936ec29248dea254a2e2949d8b71262ebc6"", ""km_tgp_notice_detail:1787932505364330000:46485bb248300193468625e90e1a0552f36c4adb8a4d2cdff1a507c289e82063""], ""before"": {""notice_id"": ""403635"", ""operating_capacity_dth_per_day"": 1965000.0}, ""change_source"": ""outage_report_revision"", ""comparison_warning"": null, ""delta"": {""operating_capacity_dth_per_day"": 78000.0, ""operating_capacity_pct"": 4.0}, ""operator_explanation"": ""MLV 104-3 to MLV 106-3S: HDD at Kentucky River (10/1/2026 - 10/7/2026) MLV 109-3A to MLV 110-3: Pipe Replacement (10/14/2026 - 10/30/2026) MLV 109-5 to MLV 109-5A: Pipe Replacement (9/14/2026 - 10/12/2026) MLV 109-5A to MLV 110-5: Pipe Replacement (9/14/2026 - 10/12/2026) MLV 110-2 to MLV 114-2: CAO - Force Majeure (M) (7/14/2026 - 12/31/2026) MLV 54-3 to MLV 106-3: Emergent Repair - CAO (2/26/2026 - 12/31/2026) MLV 867-2 to MLV 868-2: Anomaly Remediation (10/19/2026 - 10/24/2026) MLV 870-2 to MLV 870-2R: Anomaly Remediation (10/12/2026 - 10/17/2026) MLV 97-3 to MLV 106-3: Pig Run - Cleaning / Gauge (10/27/2026) MLV 97-3 to MLV 106-3: Pig Run - MFL-S (10/29/2026) Sta 87: Unit 3D - Power side Overhaul (6/22/2026 - 9/30/2026) Sta 875: Unit 1A- 8K Solar Turbine Inspection (10/27/2026 - 10/29/2026) Sta 96: Unit 2D Replace Compressor Valves (10/12/2026 - 10/15/2026)"", ""schema_version"": ""tgp_alert_evidence_v1"", ""source_url"": ""https://pipeline2.kindermorgan.com/Notices/NoticeDetail.aspx?code=TGP&notc_nbr=403802"", ""subject"": {""flow_direction"": ""BH"", ""operator_segment_id"": ""187"", ""station_label"": ""Station 110 (segment 187 BH) (south thru Kentucky)""}}"
TGP:alert:81c38eee9d940dad8f6ff456,TGP:outage_capacity_revision:81c38eee9d940dad8f6ff456,outage_capacity_revision,improved,forward_transport_capacity,2026-08-28T15:55:05.364330Z,forecast_capacity_decrease,35.0,"{""absolute_change"": 10, ""effective_immediacy"": 12, ""explicit_report_revision"": 10, ""percentage_change"": 3}",Segment 143 forecast capacity cut 43k Dth/day,"Station 47 (segment 143 FH) changed from 1.34m to 1.30m Dth/day in the most material comparable forecast row. This is a report revision, not proof that physical flow changed.",0.95,2026-09-14T05:00:00.000000Z,2026-10-26T04:59:59.999999Z,"{""after"": {""changed_period_count"": 4, ""first_changed_period"": ""2026-09-14"", ""last_changed_period"": ""2026-10-25"", ""notice_id"": ""403802"", ""operating_capacity_dth_per_day"": 1300000.0, ""report_updated_on"": ""2026-08-27""}, ""artifact_ids"": [""km_tgp_notice_detail:1787932512717694000:4e5308a6b60198988cebfe87c90c7936ec29248dea254a2e2949d8b71262ebc6"", ""km_tgp_notice_detail:1787932505364330000:46485bb248300193468625e90e1a0552f36c4adb8a4d2cdff1a507c289e82063""], ""before"": {""notice_id"": ""403635"", ""operating_capacity_dth_per_day"": 1343000.0}, ""change_source"": ""outage_report_revision"", ""comparison_warning"": null, ""delta"": {""operating_capacity_dth_per_day"": -43000.0, ""operating_capacity_pct"": -3.2}, ""operator_explanation"": ""MLV 58-2 to MLV 59-2: Anomaly Remediation (10/10/2026 - 10/20/2026) Sta 47: Scrubber/Filter/Separator Cleaning/Inspection/Changeout (9/28/2026 - 10/2/2026) Sta 47: Station Transformer Maintenance (10/6/2026) Sta 47: Unit 1D - 16K hour Overhaul (10/5/2026 - 10/15/2026)"", ""schema_version"": ""tgp_alert_evidence_v1"", ""source_url"": ""https://pipeline2.kindermorgan.com/Notices/NoticeDetail.aspx?code=TGP&notc_nbr=403802"", ""subject"": {""flow_direction"": ""FH"", ""operator_segment_id"": ""143"", ""station_label"": ""Station 47 (segment 143 FH)""}}"
