operator_location_id,location_name,flow_role,flow_role_label,location_type,county_name,state_abbreviation,receipt_zone,delivery_zone,operator_segment_id,interconnect_indicator,counterparty_name,counterparty_ferc_cid,latitude,longitude,coordinate_method,coordinate_precision,matched_geography_id,matched_geography_name,location_artifact_id,coordinate_artifact_id,observed_at_utc
420696,AMMID TN/TGP BARTON TRANSPORT COLBE,D,delivery,INT,COLBERT,AL,Z1,Z1,548,True,AMERICAN MIDSTREAM (TENNESSEE RIVER) LLC,,34.703112,-87.801457,census_county_internal_point,county,01033,Colbert County,km_tgp_locations:1787939514021564000:470a5ca9ff1632ccbae5df41106523761d4ea1990719dabdb968f31231c16847,census_county_gazetteer:1787939514135521000:4c90d0f805779923b5958ab13d0c1e9b99fe4932b786bfcf75dd739bb2dcb4ea,2026-08-28T17:51:54.021564Z
420307,BBT ALTN/TGP BARTON AL COLBERT,D,delivery,INT,COLBERT,AL,Z1,Z1,548,True,BBT ALATENN LLC,C001023,34.703112,-87.801457,census_county_internal_point,county,01033,Colbert County,km_tgp_locations:1787939514021564000:470a5ca9ff1632ccbae5df41106523761d4ea1990719dabdb968f31231c16847,census_county_gazetteer:1787939514135521000:4c90d0f805779923b5958ab13d0c1e9b99fe4932b786bfcf75dd739bb2dcb4ea,2026-08-28T17:51:54.021564Z
55544,BBT ALTN/TGP BARTON TVA DELIVERY CO,D,delivery,INT,COLBERT,AL,Z1,Z1,548,True,BBT ALATENN LLC,C001023,34.703112,-87.801457,census_county_internal_point,county,01033,Colbert County,km_tgp_locations:1787939514021564000:470a5ca9ff1632ccbae5df41106523761d4ea1990719dabdb968f31231c16847,census_county_gazetteer:1787939514135521000:4c90d0f805779923b5958ab13d0c1e9b99fe4932b786bfcf75dd739bb2dcb4ea,2026-08-28T17:51:54.021564Z
420942,BBT BAMA/TGP BAMAGAS COLBERT,D,delivery,EGN,COLBERT,AL,Z1,Z1,548,True,BBT BAMAGAS INTRASTATE LLC,C006560,34.703112,-87.801457,census_county_internal_point,county,01033,Colbert County,km_tgp_locations:1787939514021564000:470a5ca9ff1632ccbae5df41106523761d4ea1990719dabdb968f31231c16847,census_county_gazetteer:1787939514135521000:4c90d0f805779923b5958ab13d0c1e9b99fe4932b786bfcf75dd739bb2dcb4ea,2026-08-28T17:51:54.021564Z
420646,N ALAGAS/TGP CHEROKEE AL SALES 2 C,D,delivery,LDC,COLBERT,AL,Z1,Z1,548,True,NORTH ALABAMA GAS DISTRICT,,34.703112,-87.801457,census_county_internal_point,county,01033,Colbert County,km_tgp_locations:1787939514021564000:470a5ca9ff1632ccbae5df41106523761d4ea1990719dabdb968f31231c16847,census_county_gazetteer:1787939514135521000:4c90d0f805779923b5958ab13d0c1e9b99fe4932b786bfcf75dd739bb2dcb4ea,2026-08-28T17:51:54.021564Z
421031,SYMMETRY/TGP COLBERT COLBERT,D,delivery,LDC,COLBERT,AL,Z1,Z1,548,True,SYMMETRY ENERGY SOLUTIONS LLC,,34.703112,-87.801457,census_county_internal_point,county,01033,Colbert County,km_tgp_locations:1787939514021564000:470a5ca9ff1632ccbae5df41106523761d4ea1990719dabdb968f31231c16847,census_county_gazetteer:1787939514135521000:4c90d0f805779923b5958ab13d0c1e9b99fe4932b786bfcf75dd739bb2dcb4ea,2026-08-28T17:51:54.021564Z
420860,RUSSLVIL/TGP RUSSELLVILLE AL SALES,D,delivery,LDC,FRANKLIN,AL,Z1,Z1,548,True,THE GAS BOARD OF THE CITY OF RUSSELLVILLE,,34.441989,-87.842814,census_county_internal_point,county,01059,Franklin County,km_tgp_locations:1787939514021564000:470a5ca9ff1632ccbae5df41106523761d4ea1990719dabdb968f31231c16847,census_county_gazetteer:1787939514135521000:4c90d0f805779923b5958ab13d0c1e9b99fe4932b786bfcf75dd739bb2dcb4ea,2026-08-28T17:51:54.021564Z
420475,VINA/TGP VINA AL FRANKLIN,D,delivery,LDC,FRANKLIN,AL,Z1,Z1,548,True,VINA GAS BOARD OF THE TOWN OF,,34.441989,-87.842814,census_county_internal_point,county,01059,Franklin County,km_tgp_locations:1787939514021564000:470a5ca9ff1632ccbae5df41106523761d4ea1990719dabdb968f31231c16847,census_county_gazetteer:1787939514135521000:4c90d0f805779923b5958ab13d0c1e9b99fe4932b786bfcf75dd739bb2dcb4ea,2026-08-28T17:51:54.021564Z
48033,BBTBAMA/TGP FAYETTE VERNON LAMAR,D,delivery,INT,LAMAR,AL,Z1,Z1,548,True,BBT ALABAMA LLC,,33.787085,-88.087431,census_county_internal_point,county,01075,Lamar County,km_tgp_locations:1787939514021564000:470a5ca9ff1632ccbae5df41106523761d4ea1990719dabdb968f31231c16847,census_county_gazetteer:1787939514135521000:4c90d0f805779923b5958ab13d0c1e9b99fe4932b786bfcf75dd739bb2dcb4ea,2026-08-28T17:51:54.021564Z
420879,BBTBAMA/TGP MOUNT ZION LAMAR,D,delivery,INT,LAMAR,AL,Z1,Z1,542,True,BBT ALABAMA LLC,,33.787085,-88.087431,census_county_internal_point,county,01075,Lamar County,km_tgp_locations:1787939514021564000:470a5ca9ff1632ccbae5df41106523761d4ea1990719dabdb968f31231c16847,census_county_gazetteer:1787939514135521000:4c90d0f805779923b5958ab13d0c1e9b99fe4932b786bfcf75dd739bb2dcb4ea,2026-08-28T17:51:54.021564Z
412709,FREEBIRD/TGP FREEBIRD STORAGE LAMAR,B,bidirectional,STR,LAMAR,AL,Z1,Z1,548,True,FREEBIRD GAS STORAGE LLC,C001758,33.787085,-88.087431,census_county_internal_point,county,01075,Lamar County,km_tgp_locations:1787939514021564000:470a5ca9ff1632ccbae5df41106523761d4ea1990719dabdb968f31231c16847,census_county_gazetteer:1787939514135521000:4c90d0f805779923b5958ab13d0c1e9b99fe4932b786bfcf75dd739bb2dcb4ea,2026-08-28T17:51:54.021564Z
411418,HUGHES E/TGP MOLLY RICHARDS 1 DEHY,R,receipt,WHD,LAMAR,AL,Z1,Z1,542,True,HUGHES EASTERN CORPORATION,,33.787085,-88.087431,census_county_internal_point,county,01075,Lamar County,km_tgp_locations:1787939514021564000:470a5ca9ff1632ccbae5df41106523761d4ea1990719dabdb968f31231c16847,census_county_gazetteer:1787939514135521000:4c90d0f805779923b5958ab13d0c1e9b99fe4932b786bfcf75dd739bb2dcb4ea,2026-08-28T17:51:54.021564Z
411675,HUGHES E/TGP UDP GREENWOOD SPRINGS,R,receipt,WHD,LAMAR,AL,Z1,Z1,548,True,HUGHES EASTERN CORPORATION,,33.787085,-88.087431,census_county_internal_point,county,01075,Lamar County,km_tgp_locations:1787939514021564000:470a5ca9ff1632ccbae5df41106523761d4ea1990719dabdb968f31231c16847,census_county_gazetteer:1787939514135521000:4c90d0f805779923b5958ab13d0c1e9b99fe4932b786bfcf75dd739bb2dcb4ea,2026-08-28T17:51:54.021564Z
412527,HUGHES E/TGP YELLOW CREEK WATERS,R,receipt,WHD,LAMAR,AL,Z1,Z1,542,True,HUGHES EASTERN CORPORATION,,33.787085,-88.087431,census_county_internal_point,county,01075,Lamar County,km_tgp_locations:1787939514021564000:470a5ca9ff1632ccbae5df41106523761d4ea1990719dabdb968f31231c16847,census_county_gazetteer:1787939514135521000:4c90d0f805779923b5958ab13d0c1e9b99fe4932b786bfcf75dd739bb2dcb4ea,2026-08-28T17:51:54.021564Z
421061,MNROE GS/TGP MONROE GAS STORAGE REC,B,bidirectional,STR,LAMAR,AL,Z1,Z1,548,True,MONROE GAS STORAGE COMPANY LLC,C001591,33.787085,-88.087431,census_county_internal_point,county,01075,Lamar County,km_tgp_locations:1787939514021564000:470a5ca9ff1632ccbae5df41106523761d4ea1990719dabdb968f31231c16847,census_county_gazetteer:1787939514135521000:4c90d0f805779923b5958ab13d0c1e9b99fe4932b786bfcf75dd739bb2dcb4ea,2026-08-28T17:51:54.021564Z
412133,SOUTHXEN/TGP MILLPORT MCGEE TRANSPO,R,receipt,INT,LAMAR,AL,Z1,Z1,542,True,SOUTHCROSS ENERGY GP LLC,,33.787085,-88.087431,census_county_internal_point,county,01075,Lamar County,km_tgp_locations:1787939514021564000:470a5ca9ff1632ccbae5df41106523761d4ea1990719dabdb968f31231c16847,census_county_gazetteer:1787939514135521000:4c90d0f805779923b5958ab13d0c1e9b99fe4932b786bfcf75dd739bb2dcb4ea,2026-08-28T17:51:54.021564Z
412132,SOUTHXEN/TGP STAR TRANSPORT LAMAR,R,receipt,INT,LAMAR,AL,Z1,Z1,542,True,SOUTHCROSS ENERGY GP LLC,,33.787085,-88.087431,census_county_internal_point,county,01075,Lamar County,km_tgp_locations:1787939514021564000:470a5ca9ff1632ccbae5df41106523761d4ea1990719dabdb968f31231c16847,census_county_gazetteer:1787939514135521000:4c90d0f805779923b5958ab13d0c1e9b99fe4932b786bfcf75dd739bb2dcb4ea,2026-08-28T17:51:54.021564Z
420577,FLORENC/TGP FLORENCE AL SALES LAUDE,D,delivery,LDC,LAUDERDALE,AL,Z1,Z1,548,True,CITY OF FLORENCE GAS DEPARTMENT,,34.904168,-87.651108,census_county_internal_point,county,01077,Lauderdale County,km_tgp_locations:1787939514021564000:470a5ca9ff1632ccbae5df41106523761d4ea1990719dabdb968f31231c16847,census_county_gazetteer:1787939514135521000:4c90d0f805779923b5958ab13d0c1e9b99fe4932b786bfcf75dd739bb2dcb4ea,2026-08-28T17:51:54.021564Z
420882,FLORENC/TGP FLORENCE SALES LAUDERDA,D,delivery,LDC,LAUDERDALE,AL,Z1,Z1,548,True,CITY OF FLORENCE GAS DEPARTMENT,,34.904168,-87.651108,census_county_internal_point,county,01077,Lauderdale County,km_tgp_locations:1787939514021564000:470a5ca9ff1632ccbae5df41106523761d4ea1990719dabdb968f31231c16847,census_county_gazetteer:1787939514135521000:4c90d0f805779923b5958ab13d0c1e9b99fe4932b786bfcf75dd739bb2dcb4ea,2026-08-28T17:51:54.021564Z
420431,SYMMETRY/TGP FLORENCE AL LAUDERDALE,D,delivery,LDC,LAUDERDALE,AL,Z1,Z1,548,True,SYMMETRY ENERGY SOLUTIONS LLC,,34.904168,-87.651108,census_county_internal_point,county,01077,Lauderdale County,km_tgp_locations:1787939514021564000:470a5ca9ff1632ccbae5df41106523761d4ea1990719dabdb968f31231c16847,census_county_gazetteer:1787939514135521000:4c90d0f805779923b5958ab13d0c1e9b99fe4932b786bfcf75dd739bb2dcb4ea,2026-08-28T17:51:54.021564Z
411819,GRIFFIN/TGP BLUE GUT PILOT HILL FIE,R,receipt,WHD,MARION,AL,Z1,Z1,548,True,GRIFFIN RESOURCES INC.,,34.138219,-87.881551,census_county_internal_point,county,01093,Marion County,km_tgp_locations:1787939514021564000:470a5ca9ff1632ccbae5df41106523761d4ea1990719dabdb968f31231c16847,census_county_gazetteer:1787939514135521000:4c90d0f805779923b5958ab13d0c1e9b99fe4932b786bfcf75dd739bb2dcb4ea,2026-08-28T17:51:54.021564Z
411993,GRIFFIN/TGP WATTS CREEK DEHY MARION,R,receipt,WHD,MARION,AL,Z1,Z1,548,True,GRIFFIN RESOURCES INC.,,34.138219,-87.881551,census_county_internal_point,county,01093,Marion County,km_tgp_locations:1787939514021564000:470a5ca9ff1632ccbae5df41106523761d4ea1990719dabdb968f31231c16847,census_county_gazetteer:1787939514135521000:4c90d0f805779923b5958ab13d0c1e9b99fe4932b786bfcf75dd739bb2dcb4ea,2026-08-28T17:51:54.021564Z
411941,INTRCONN/TGP WATTS CREEK DEHY MARIO,R,receipt,WHD,MARION,AL,Z1,Z1,548,True,INTERCONN RESOURCES LLC,,34.138219,-87.881551,census_county_internal_point,county,01093,Marion County,km_tgp_locations:1787939514021564000:470a5ca9ff1632ccbae5df41106523761d4ea1990719dabdb968f31231c16847,census_county_gazetteer:1787939514135521000:4c90d0f805779923b5958ab13d0c1e9b99fe4932b786bfcf75dd739bb2dcb4ea,2026-08-28T17:51:54.021564Z
420295,SUMUTI/TGP MONTROSE AR CHICOT,D,delivery,LDC,CHICOT,AR,Z1,Z1,143,True,SUMMIT UTILITIES ARKANSAS INC.,,33.267139,-91.297158,census_county_internal_point,county,05017,Chicot County,km_tgp_locations:1787939514021564000:470a5ca9ff1632ccbae5df41106523761d4ea1990719dabdb968f31231c16847,census_county_gazetteer:1787939514135521000:4c90d0f805779923b5958ab13d0c1e9b99fe4932b786bfcf75dd739bb2dcb4ea,2026-08-28T17:51:54.021564Z
420126,CONN NG/TGP BRIDGEPORT CT FAIRFIELD,D,delivery,LDC,FAIRFIELD,CT,Z6,Z6,336,True,CONNECTICUT NATURAL GAS CORP.,,41.227413,-73.367061,census_county_internal_point,county,09001,Fairfield County,km_tgp_locations:1787939514021564000:470a5ca9ff1632ccbae5df41106523761d4ea1990719dabdb968f31231c16847,census_legacy_county_gazetteer:1787939514230542000:961838adc6fddb00f8b3f8cbe192bb9421dd2e79c99b8b8a94e7829c6fcd6c84,2026-08-28T17:51:54.021564Z
420853,CONN NG/TGP EASTON SMS FAIRFIELD,D,delivery,LDC,FAIRFIELD,CT,Z6,Z6,336,True,CONNECTICUT NATURAL GAS CORP.,,41.227413,-73.367061,census_county_internal_point,county,09001,Fairfield County,km_tgp_locations:1787939514021564000:470a5ca9ff1632ccbae5df41106523761d4ea1990719dabdb968f31231c16847,census_legacy_county_gazetteer:1787939514230542000:961838adc6fddb00f8b3f8cbe192bb9421dd2e79c99b8b8a94e7829c6fcd6c84,2026-08-28T17:51:54.021564Z
420123,CONN NG/TGP GREENWICH CT FAIRFIELD,D,delivery,LDC,FAIRFIELD,CT,Z6,Z6,336,True,CONNECTICUT NATURAL GAS CORP.,,41.227413,-73.367061,census_county_internal_point,county,09001,Fairfield County,km_tgp_locations:1787939514021564000:470a5ca9ff1632ccbae5df41106523761d4ea1990719dabdb968f31231c16847,census_legacy_county_gazetteer:1787939514230542000:961838adc6fddb00f8b3f8cbe192bb9421dd2e79c99b8b8a94e7829c6fcd6c84,2026-08-28T17:51:54.021564Z
420217,CONN NG/TGP PUTNAM LAKE CT FAIRFIEL,D,delivery,LDC,FAIRFIELD,CT,Z6,Z6,336,True,CONNECTICUT NATURAL GAS CORP.,,41.227413,-73.367061,census_county_internal_point,county,09001,Fairfield County,km_tgp_locations:1787939514021564000:470a5ca9ff1632ccbae5df41106523761d4ea1990719dabdb968f31231c16847,census_legacy_county_gazetteer:1787939514230542000:961838adc6fddb00f8b3f8cbe192bb9421dd2e79c99b8b8a94e7829c6fcd6c84,2026-08-28T17:51:54.021564Z
420313,CONN NG/TGP TRUMBULL CT FAIRFIELD,D,delivery,LDC,FAIRFIELD,CT,Z6,Z6,336,True,CONNECTICUT NATURAL GAS CORP.,,41.227413,-73.367061,census_county_internal_point,county,09001,Fairfield County,km_tgp_locations:1787939514021564000:470a5ca9ff1632ccbae5df41106523761d4ea1990719dabdb968f31231c16847,census_legacy_county_gazetteer:1787939514230542000:961838adc6fddb00f8b3f8cbe192bb9421dd2e79c99b8b8a94e7829c6fcd6c84,2026-08-28T17:51:54.021564Z
420490,CONN NG/TGP WEST PORT CT FAIRFIELD,D,delivery,LDC,FAIRFIELD,CT,Z6,Z6,336,True,CONNECTICUT NATURAL GAS CORP.,,41.227413,-73.367061,census_county_internal_point,county,09001,Fairfield County,km_tgp_locations:1787939514021564000:470a5ca9ff1632ccbae5df41106523761d4ea1990719dabdb968f31231c16847,census_legacy_county_gazetteer:1787939514230542000:961838adc6fddb00f8b3f8cbe192bb9421dd2e79c99b8b8a94e7829c6fcd6c84,2026-08-28T17:51:54.021564Z
412180,IROQUOIS/TGP SHELTON INTERCONNECT F,R,receipt,INT,FAIRFIELD,CT,Z6,Z6,345,True,IROQUOIS GAS TRANSMISSION SYSTEM L.P.,C000438,41.227413,-73.367061,census_county_internal_point,county,09001,Fairfield County,km_tgp_locations:1787939514021564000:470a5ca9ff1632ccbae5df41106523761d4ea1990719dabdb968f31231c16847,census_legacy_county_gazetteer:1787939514230542000:961838adc6fddb00f8b3f8cbe192bb9421dd2e79c99b8b8a94e7829c6fcd6c84,2026-08-28T17:51:54.021564Z
55654,PCG POOL - ZN 6 300 LEG,B,bidirectional,PPT,FAIRFIELD,CT,Z6,Z6,355,False,,,41.227413,-73.367061,census_county_internal_point,county,09001,Fairfield County,km_tgp_locations:1787939514021564000:470a5ca9ff1632ccbae5df41106523761d4ea1990719dabdb968f31231c16847,census_legacy_county_gazetteer:1787939514230542000:961838adc6fddb00f8b3f8cbe192bb9421dd2e79c99b8b8a94e7829c6fcd6c84,2026-08-28T17:51:54.021564Z
420872,POOLING PT - 300 LINE - ZONE 6,B,bidirectional,PPT,FAIRFIELD,CT,Z6,Z6,355,False,,,41.227413,-73.367061,census_county_internal_point,county,09001,Fairfield County,km_tgp_locations:1787939514021564000:470a5ca9ff1632ccbae5df41106523761d4ea1990719dabdb968f31231c16847,census_legacy_county_gazetteer:1787939514230542000:961838adc6fddb00f8b3f8cbe192bb9421dd2e79c99b8b8a94e7829c6fcd6c84,2026-08-28T17:51:54.021564Z
420286,YANK GAS/TGP DANBURY CT FAIRFIELD,D,delivery,LDC,FAIRFIELD,CT,Z6,Z6,336,True,YANKEE GAS SERVICES COMPANY DBA EVERSOURCE ENERGY,C001021,41.227413,-73.367061,census_county_internal_point,county,09001,Fairfield County,km_tgp_locations:1787939514021564000:470a5ca9ff1632ccbae5df41106523761d4ea1990719dabdb968f31231c16847,census_legacy_county_gazetteer:1787939514230542000:961838adc6fddb00f8b3f8cbe192bb9421dd2e79c99b8b8a94e7829c6fcd6c84,2026-08-28T17:51:54.021564Z
420127,YANK GAS/TGP DERBY CT FAIRFIELD,D,delivery,LDC,FAIRFIELD,CT,Z6,Z6,345,True,YANKEE GAS SERVICES COMPANY DBA EVERSOURCE ENERGY,C001021,41.227413,-73.367061,census_county_internal_point,county,09001,Fairfield County,km_tgp_locations:1787939514021564000:470a5ca9ff1632ccbae5df41106523761d4ea1990719dabdb968f31231c16847,census_legacy_county_gazetteer:1787939514230542000:961838adc6fddb00f8b3f8cbe192bb9421dd2e79c99b8b8a94e7829c6fcd6c84,2026-08-28T17:51:54.021564Z
420434,YANK GAS/TGP LONG RIDGE CT FAIRFIEL,D,delivery,LDC,FAIRFIELD,CT,Z6,Z6,336,True,YANKEE GAS SERVICES COMPANY DBA EVERSOURCE ENERGY,C001021,41.227413,-73.367061,census_county_internal_point,county,09001,Fairfield County,km_tgp_locations:1787939514021564000:470a5ca9ff1632ccbae5df41106523761d4ea1990719dabdb968f31231c16847,census_legacy_county_gazetteer:1787939514230542000:961838adc6fddb00f8b3f8cbe192bb9421dd2e79c99b8b8a94e7829c6fcd6c84,2026-08-28T17:51:54.021564Z
420125,YANK GAS/TGP NORWALK CT FAIRFIELD,D,delivery,LDC,FAIRFIELD,CT,Z6,Z6,336,True,YANKEE GAS SERVICES COMPANY DBA EVERSOURCE ENERGY,C001021,41.227413,-73.367061,census_county_internal_point,county,09001,Fairfield County,km_tgp_locations:1787939514021564000:470a5ca9ff1632ccbae5df41106523761d4ea1990719dabdb968f31231c16847,census_legacy_county_gazetteer:1787939514230542000:961838adc6fddb00f8b3f8cbe192bb9421dd2e79c99b8b8a94e7829c6fcd6c84,2026-08-28T17:51:54.021564Z
420124,YANK GAS/TGP STAMFORD CT FAIRFIELD,D,delivery,LDC,FAIRFIELD,CT,Z6,Z6,336,True,YANKEE GAS SERVICES COMPANY DBA EVERSOURCE ENERGY,C001021,41.227413,-73.367061,census_county_internal_point,county,09001,Fairfield County,km_tgp_locations:1787939514021564000:470a5ca9ff1632ccbae5df41106523761d4ea1990719dabdb968f31231c16847,census_legacy_county_gazetteer:1787939514230542000:961838adc6fddb00f8b3f8cbe192bb9421dd2e79c99b8b8a94e7829c6fcd6c84,2026-08-28T17:51:54.021564Z
420205,CONN NG/TGP BLOOMFIELD CT HARTFORD,D,delivery,LDC,HARTFORD,CT,Z6,Z6,355,True,CONNECTICUT NATURAL GAS CORP.,,41.806053,-72.732916,census_county_internal_point,county,09003,Hartford County,km_tgp_locations:1787939514021564000:470a5ca9ff1632ccbae5df41106523761d4ea1990719dabdb968f31231c16847,census_legacy_county_gazetteer:1787939514230542000:961838adc6fddb00f8b3f8cbe192bb9421dd2e79c99b8b8a94e7829c6fcd6c84,2026-08-28T17:51:54.021564Z
420487,CONN NG/TGP FARMINGTON CT HARTFORD,D,delivery,LDC,HARTFORD,CT,Z6,Z6,355,True,CONNECTICUT NATURAL GAS CORP.,,41.806053,-72.732916,census_county_internal_point,county,09003,Hartford County,km_tgp_locations:1787939514021564000:470a5ca9ff1632ccbae5df41106523761d4ea1990719dabdb968f31231c16847,census_legacy_county_gazetteer:1787939514230542000:961838adc6fddb00f8b3f8cbe192bb9421dd2e79c99b8b8a94e7829c6fcd6c84,2026-08-28T17:51:54.021564Z
420129,CONN NG/TGP NEW BRITAIN CT HARTFORD,D,delivery,LDC,HARTFORD,CT,Z6,Z6,355,True,CONNECTICUT NATURAL GAS CORP.,,41.806053,-72.732916,census_county_internal_point,county,09003,Hartford County,km_tgp_locations:1787939514021564000:470a5ca9ff1632ccbae5df41106523761d4ea1990719dabdb968f31231c16847,census_legacy_county_gazetteer:1787939514230542000:961838adc6fddb00f8b3f8cbe192bb9421dd2e79c99b8b8a94e7829c6fcd6c84,2026-08-28T17:51:54.021564Z
420453,CONN NG/TGP NORTH BLOOMFIELD CT HAR,D,delivery,LDC,HARTFORD,CT,Z6,Z6,355,True,CONNECTICUT NATURAL GAS CORP.,,41.806053,-72.732916,census_county_internal_point,county,09003,Hartford County,km_tgp_locations:1787939514021564000:470a5ca9ff1632ccbae5df41106523761d4ea1990719dabdb968f31231c16847,census_legacy_county_gazetteer:1787939514230542000:961838adc6fddb00f8b3f8cbe192bb9421dd2e79c99b8b8a94e7829c6fcd6c84,2026-08-28T17:51:54.021564Z
420637,YANK GAS/TGP EAST GRANBY SALES HART,D,delivery,LDC,HARTFORD,CT,Z6,Z6,355,True,YANKEE GAS SERVICES COMPANY DBA EVERSOURCE ENERGY,C001021,41.806053,-72.732916,census_county_internal_point,county,09003,Hartford County,km_tgp_locations:1787939514021564000:470a5ca9ff1632ccbae5df41106523761d4ea1990719dabdb968f31231c16847,census_legacy_county_gazetteer:1787939514230542000:961838adc6fddb00f8b3f8cbe192bb9421dd2e79c99b8b8a94e7829c6fcd6c84,2026-08-28T17:51:54.021564Z
420318,YANK GAS/TGP THOMPSONVILLE CT EXCH,D,delivery,LDC,HARTFORD,CT,Z6,Z6,261,True,YANKEE GAS SERVICES COMPANY DBA EVERSOURCE ENERGY,C001021,41.806053,-72.732916,census_county_internal_point,county,09003,Hartford County,km_tgp_locations:1787939514021564000:470a5ca9ff1632ccbae5df41106523761d4ea1990719dabdb968f31231c16847,census_legacy_county_gazetteer:1787939514230542000:961838adc6fddb00f8b3f8cbe192bb9421dd2e79c99b8b8a94e7829c6fcd6c84,2026-08-28T17:51:54.021564Z
421076,YANK GAS/TGP THOMPSONVILLE NO. 2 BO,D,delivery,LDC,HARTFORD,CT,Z6,Z6,261,True,YANKEE GAS SERVICES COMPANY DBA EVERSOURCE ENERGY,C001021,41.806053,-72.732916,census_county_internal_point,county,09003,Hartford County,km_tgp_locations:1787939514021564000:470a5ca9ff1632ccbae5df41106523761d4ea1990719dabdb968f31231c16847,census_legacy_county_gazetteer:1787939514230542000:961838adc6fddb00f8b3f8cbe192bb9421dd2e79c99b8b8a94e7829c6fcd6c84,2026-08-28T17:51:54.021564Z
420131,YANK GAS/TGP TORRINGTON CT LITCHFIE,D,delivery,LDC,LITCHFIELD,CT,Z6,Z6,256,True,YANKEE GAS SERVICES COMPANY DBA EVERSOURCE ENERGY,C001021,41.791883,-73.235404,census_county_internal_point,county,09005,Litchfield County,km_tgp_locations:1787939514021564000:470a5ca9ff1632ccbae5df41106523761d4ea1990719dabdb968f31231c16847,census_legacy_county_gazetteer:1787939514230542000:961838adc6fddb00f8b3f8cbe192bb9421dd2e79c99b8b8a94e7829c6fcd6c84,2026-08-28T17:51:54.021564Z
420130,YANK GAS/TGP WINSTED CT LITCHFIELD,D,delivery,LDC,LITCHFIELD,CT,Z6,Z6,256,True,YANKEE GAS SERVICES COMPANY DBA EVERSOURCE ENERGY,C001021,41.791883,-73.235404,census_county_internal_point,county,09005,Litchfield County,km_tgp_locations:1787939514021564000:470a5ca9ff1632ccbae5df41106523761d4ea1990719dabdb968f31231c16847,census_legacy_county_gazetteer:1787939514230542000:961838adc6fddb00f8b3f8cbe192bb9421dd2e79c99b8b8a94e7829c6fcd6c84,2026-08-28T17:51:54.021564Z
420425,CONN NG/TGP MILFORD CT NEW HAVEN,D,delivery,LDC,NEW HAVEN,CT,Z6,Z6,355,True,CONNECTICUT NATURAL GAS CORP.,,41.349718,-72.900203,census_county_internal_point,county,09009,New Haven County,km_tgp_locations:1787939514021564000:470a5ca9ff1632ccbae5df41106523761d4ea1990719dabdb968f31231c16847,census_legacy_county_gazetteer:1787939514230542000:961838adc6fddb00f8b3f8cbe192bb9421dd2e79c99b8b8a94e7829c6fcd6c84,2026-08-28T17:51:54.021564Z
420128,YANK GAS/TGP WALLINGFORD CT NEW HAV,D,delivery,LDC,NEW HAVEN,CT,Z6,Z6,355,True,YANKEE GAS SERVICES COMPANY DBA EVERSOURCE ENERGY,C001021,41.349718,-72.900203,census_county_internal_point,county,09009,New Haven County,km_tgp_locations:1787939514021564000:470a5ca9ff1632ccbae5df41106523761d4ea1990719dabdb968f31231c16847,census_legacy_county_gazetteer:1787939514230542000:961838adc6fddb00f8b3f8cbe192bb9421dd2e79c99b8b8a94e7829c6fcd6c84,2026-08-28T17:51:54.021564Z
420885,NATGASKY/TGP UDP ALLEN CNTY SALES A,D,delivery,LDC,ALLEN,KY,Z2,Z2,187,True,NATURAL GAS OF KENTUCKY,,36.75077,-86.192458,census_county_internal_point,county,21003,Allen County,km_tgp_locations:1787939514021564000:470a5ca9ff1632ccbae5df41106523761d4ea1990719dabdb968f31231c16847,census_county_gazetteer:1787939514135521000:4c90d0f805779923b5958ab13d0c1e9b99fe4932b786bfcf75dd739bb2dcb4ea,2026-08-28T17:51:54.021564Z
400463,SCOTTVIL/TGP SCOTTSVILLE KY ALLEN,D,delivery,LDC,ALLEN,KY,Z2,Z2,187,True,CITY OF SCOTTSVILLE,,36.75077,-86.192458,census_county_internal_point,county,21003,Allen County,km_tgp_locations:1787939514021564000:470a5ca9ff1632ccbae5df41106523761d4ea1990719dabdb968f31231c16847,census_county_gazetteer:1787939514135521000:4c90d0f805779923b5958ab13d0c1e9b99fe4932b786bfcf75dd739bb2dcb4ea,2026-08-28T17:51:54.021564Z
420760,NATGASKY/TGP BARREN CNTY SMS BARREN,D,delivery,LDC,BARREN,KY,Z2,Z2,187,True,NATURAL GAS OF KENTUCKY,,36.962805,-85.932108,census_county_internal_point,county,21009,Barren County,km_tgp_locations:1787939514021564000:470a5ca9ff1632ccbae5df41106523761d4ea1990719dabdb968f31231c16847,census_county_gazetteer:1787939514135521000:4c90d0f805779923b5958ab13d0c1e9b99fe4932b786bfcf75dd739bb2dcb4ea,2026-08-28T17:51:54.021564Z
420851,NATGASKY/TGP UDP GLASS SALES BARREN,D,delivery,LDC,BARREN,KY,Z2,Z2,187,True,NATURAL GAS OF KENTUCKY,,36.962805,-85.932108,census_county_internal_point,county,21009,Barren County,km_tgp_locations:1787939514021564000:470a5ca9ff1632ccbae5df41106523761d4ea1990719dabdb968f31231c16847,census_county_gazetteer:1787939514135521000:4c90d0f805779923b5958ab13d0c1e9b99fe4932b786bfcf75dd739bb2dcb4ea,2026-08-28T17:51:54.021564Z
420019,TEX GAS/TGP GLASGOW KY BARREN,D,delivery,INT,BARREN,KY,Z2,Z2,187,True,TEXAS GAS TRANSMISSION LLC,C000592,36.962805,-85.932108,census_county_internal_point,county,21009,Barren County,km_tgp_locations:1787939514021564000:470a5ca9ff1632ccbae5df41106523761d4ea1990719dabdb968f31231c16847,census_county_gazetteer:1787939514135521000:4c90d0f805779923b5958ab13d0c1e9b99fe4932b786bfcf75dd739bb2dcb4ea,2026-08-28T17:51:54.021564Z
420212,DELTA NG/TGP SALT LICK KY BATH,D,delivery,LDC,BATH,KY,Z2,Z2,187,True,DELTA NATURAL GAS COMPANY INC,,38.152249,-83.737641,census_county_internal_point,county,21011,Bath County,km_tgp_locations:1787939514021564000:470a5ca9ff1632ccbae5df41106523761d4ea1990719dabdb968f31231c16847,census_county_gazetteer:1787939514135521000:4c90d0f805779923b5958ab13d0c1e9b99fe4932b786bfcf75dd739bb2dcb4ea,2026-08-28T17:51:54.021564Z
420045,COL GAS/TGP MAVITY KY BOYD,D,delivery,INT,BOYD,KY,Z2,Z2,112,True,COLUMBIA GAS TRANSMISSION LLC,C000306,38.360003,-82.681406,census_county_internal_point,county,21019,Boyd County,km_tgp_locations:1787939514021564000:470a5ca9ff1632ccbae5df41106523761d4ea1990719dabdb968f31231c16847,census_county_gazetteer:1787939514135521000:4c90d0f805779923b5958ab13d0c1e9b99fe4932b786bfcf75dd739bb2dcb4ea,2026-08-28T17:51:54.021564Z
420924,RIVERSID/TGP LAWERENCE BOYD,D,delivery,EGN,BOYD,KY,Z2,Z2,111,True,RIVERSIDE GENERATING COMPANY LLC,,38.360003,-82.681406,census_county_internal_point,county,21019,Boyd County,km_tgp_locations:1787939514021564000:470a5ca9ff1632ccbae5df41106523761d4ea1990719dabdb968f31231c16847,census_county_gazetteer:1787939514135521000:4c90d0f805779923b5958ab13d0c1e9b99fe4932b786bfcf75dd739bb2dcb4ea,2026-08-28T17:51:54.021564Z
400462,ATMOS KY/TGP DANVILLE KY BOYLE,D,delivery,LDC,BOYLE,KY,Z2,Z2,187,True,ATMOS ENERGY (KY) A DIVISION OF ATMOS ENERGY CORPORATION,,37.618104,-84.868352,census_county_internal_point,county,21021,Boyle County,km_tgp_locations:1787939514021564000:470a5ca9ff1632ccbae5df41106523761d4ea1990719dabdb968f31231c16847,census_county_gazetteer:1787939514135521000:4c90d0f805779923b5958ab13d0c1e9b99fe4932b786bfcf75dd739bb2dcb4ea,2026-08-28T17:51:54.021564Z
420028,ATMOS KY/TGP HARRODSBURG KY BOYLE,D,delivery,LDC,BOYLE,KY,Z2,Z2,187,True,ATMOS ENERGY (KY) A DIVISION OF ATMOS ENERGY CORPORATION,,37.618104,-84.868352,census_county_internal_point,county,21021,Boyle County,km_tgp_locations:1787939514021564000:470a5ca9ff1632ccbae5df41106523761d4ea1990719dabdb968f31231c16847,census_county_gazetteer:1787939514135521000:4c90d0f805779923b5958ab13d0c1e9b99fe4932b786bfcf75dd739bb2dcb4ea,2026-08-28T17:51:54.021564Z
420338,ATMOS KY/TGP PERRYVILLE KY BOYLE,D,delivery,LDC,BOYLE,KY,Z2,Z2,187,True,ATMOS ENERGY (KY) A DIVISION OF ATMOS ENERGY CORPORATION,,37.618104,-84.868352,census_county_internal_point,county,21021,Boyle County,km_tgp_locations:1787939514021564000:470a5ca9ff1632ccbae5df41106523761d4ea1990719dabdb968f31231c16847,census_county_gazetteer:1787939514135521000:4c90d0f805779923b5958ab13d0c1e9b99fe4932b786bfcf75dd739bb2dcb4ea,2026-08-28T17:51:54.021564Z
412742,BIGSANDY/TGP GLANCY CARTER,R,receipt,INT,CARTER,KY,Z2,Z2,111,True,BIG SANDY PIPELINE LLC,C002443,38.314094,-83.038988,census_county_internal_point,county,21043,Carter County,km_tgp_locations:1787939514021564000:470a5ca9ff1632ccbae5df41106523761d4ea1990719dabdb968f31231c16847,census_county_gazetteer:1787939514135521000:4c90d0f805779923b5958ab13d0c1e9b99fe4932b786bfcf75dd739bb2dcb4ea,2026-08-28T17:51:54.021564Z
421053,GRAYSON/TGP GRAYSON KY 2 : DIP GRAY,D,delivery,LDC,CARTER,KY,Z2,Z2,111,True,CITY OF GRAYSON KY,,38.314094,-83.038988,census_county_internal_point,county,21043,Carter County,km_tgp_locations:1787939514021564000:470a5ca9ff1632ccbae5df41106523761d4ea1990719dabdb968f31231c16847,census_county_gazetteer:1787939514135521000:4c90d0f805779923b5958ab13d0c1e9b99fe4932b786bfcf75dd739bb2dcb4ea,2026-08-28T17:51:54.021564Z
420218,GRAYSON/TGP GRAYSON KY CARTER,D,delivery,LDC,CARTER,KY,Z2,Z2,111,True,CITY OF GRAYSON KY,,38.314094,-83.038988,census_county_internal_point,county,21043,Carter County,km_tgp_locations:1787939514021564000:470a5ca9ff1632ccbae5df41106523761d4ea1990719dabdb968f31231c16847,census_county_gazetteer:1787939514135521000:4c90d0f805779923b5958ab13d0c1e9b99fe4932b786bfcf75dd739bb2dcb4ea,2026-08-28T17:51:54.021564Z
421010,LVILBRIK/TGP GRAHN BRICKYARD CARTER,D,delivery,END,CARTER,KY,Z2,Z2,111,True,LOUISVILLE FIRE BRICK WORKS INC.,,38.314094,-83.038988,census_county_internal_point,county,21043,Carter County,km_tgp_locations:1787939514021564000:470a5ca9ff1632ccbae5df41106523761d4ea1990719dabdb968f31231c16847,census_county_gazetteer:1787939514135521000:4c90d0f805779923b5958ab13d0c1e9b99fe4932b786bfcf75dd739bb2dcb4ea,2026-08-28T17:51:54.021564Z
420290,OLIVHILL/TGP OLIVE KY CARTER,D,delivery,LDC,CARTER,KY,Z2,Z2,111,True,OLIVE HILL CITY OF,,38.314094,-83.038988,census_county_internal_point,county,21043,Carter County,km_tgp_locations:1787939514021564000:470a5ca9ff1632ccbae5df41106523761d4ea1990719dabdb968f31231c16847,census_county_gazetteer:1787939514135521000:4c90d0f805779923b5958ab13d0c1e9b99fe4932b786bfcf75dd739bb2dcb4ea,2026-08-28T17:51:54.021564Z
420771,SOMERSET/TGP SOMERSET SALES CASEY,D,delivery,INT,CASEY,KY,Z2,Z2,187,True,SOMERSET GAS SERVICE,,37.321962,-84.92822,census_county_internal_point,county,21045,Casey County,km_tgp_locations:1787939514021564000:470a5ca9ff1632ccbae5df41106523761d4ea1990719dabdb968f31231c16847,census_county_gazetteer:1787939514135521000:4c90d0f805779923b5958ab13d0c1e9b99fe4932b786bfcf75dd739bb2dcb4ea,2026-08-28T17:51:54.021564Z
420886,TET/TGP DRY CREEK SALES CASEY,D,delivery,INT,CASEY,KY,Z2,Z2,187,True,TEXAS EASTERN TRANSMISSION. LP,C000094,37.321962,-84.92822,census_county_internal_point,county,21045,Casey County,km_tgp_locations:1787939514021564000:470a5ca9ff1632ccbae5df41106523761d4ea1990719dabdb968f31231c16847,census_county_gazetteer:1787939514135521000:4c90d0f805779923b5958ab13d0c1e9b99fe4932b786bfcf75dd739bb2dcb4ea,2026-08-28T17:51:54.021564Z
420803,E KY PWR/TGP J K SMITH SALES CLARK,D,delivery,EGN,CLARK,KY,Z2,Z2,187,True,EAST KENTUCKY POWER COOPERATIVE INC.,,37.970314,-84.145115,census_county_internal_point,county,21049,Clark County,km_tgp_locations:1787939514021564000:470a5ca9ff1632ccbae5df41106523761d4ea1990719dabdb968f31231c16847,census_county_gazetteer:1787939514135521000:4c90d0f805779923b5958ab13d0c1e9b99fe4932b786bfcf75dd739bb2dcb4ea,2026-08-28T17:51:54.021564Z
420029,ATMOS KY/TGP LANCASTER KY GARRARD,D,delivery,LDC,GARRARD,KY,Z2,Z2,187,True,ATMOS ENERGY (KY) A DIVISION OF ATMOS ENERGY CORPORATION,,37.630162,-84.545856,census_county_internal_point,county,21079,Garrard County,km_tgp_locations:1787939514021564000:470a5ca9ff1632ccbae5df41106523761d4ea1990719dabdb968f31231c16847,census_county_gazetteer:1787939514135521000:4c90d0f805779923b5958ab13d0c1e9b99fe4932b786bfcf75dd739bb2dcb4ea,2026-08-28T17:51:54.021564Z
420248,DELTA NG/TGP NICHOLASVILLE KY GARRA,D,delivery,LDC,GARRARD,KY,Z2,Z2,187,True,DELTA NATURAL GAS COMPANY INC,,37.630162,-84.545856,census_county_internal_point,county,21079,Garrard County,km_tgp_locations:1787939514021564000:470a5ca9ff1632ccbae5df41106523761d4ea1990719dabdb968f31231c16847,census_county_gazetteer:1787939514135521000:4c90d0f805779923b5958ab13d0c1e9b99fe4932b786bfcf75dd739bb2dcb4ea,2026-08-28T17:51:54.021564Z
420794,KY UTIL/TGP E W BROWN GARRARD,D,delivery,EGN,GARRARD,KY,Z2,Z2,187,True,KENTUCKY UTILITIES COMPANY,,37.630162,-84.545856,census_county_internal_point,county,21079,Garrard County,km_tgp_locations:1787939514021564000:470a5ca9ff1632ccbae5df41106523761d4ea1990719dabdb968f31231c16847,census_county_gazetteer:1787939514135521000:4c90d0f805779923b5958ab13d0c1e9b99fe4932b786bfcf75dd739bb2dcb4ea,2026-08-28T17:51:54.021564Z
420009,ATMOS KY/TGP GREENSBURG KY GREEN,D,delivery,LDC,GREEN,KY,Z2,Z2,187,True,ATMOS ENERGY (KY) A DIVISION OF ATMOS ENERGY CORPORATION,,37.278065,-85.537925,census_county_internal_point,county,21087,Green County,km_tgp_locations:1787939514021564000:470a5ca9ff1632ccbae5df41106523761d4ea1990719dabdb968f31231c16847,census_county_gazetteer:1787939514135521000:4c90d0f805779923b5958ab13d0c1e9b99fe4932b786bfcf75dd739bb2dcb4ea,2026-08-28T17:51:54.021564Z
420832,MONCHEMK/TGP DOE RUN PIPELINE GREEN,D,delivery,INT,GREEN,KY,Z2,Z2,187,True,MONUMENT CHEMICAL KENTUCKY LLC,,37.278065,-85.537925,census_county_internal_point,county,21087,Green County,km_tgp_locations:1787939514021564000:470a5ca9ff1632ccbae5df41106523761d4ea1990719dabdb968f31231c16847,census_county_gazetteer:1787939514135521000:4c90d0f805779923b5958ab13d0c1e9b99fe4932b786bfcf75dd739bb2dcb4ea,2026-08-28T17:51:54.021564Z
420079,COL GAS/TGP GREENUP KY GREENUP,D,delivery,INT,GREENUP,KY,Z2,Z2,110,True,COLUMBIA GAS TRANSMISSION LLC,C000306,38.563562,-82.93382,census_county_internal_point,county,21089,Greenup County,km_tgp_locations:1787939514021564000:470a5ca9ff1632ccbae5df41106523761d4ea1990719dabdb968f31231c16847,census_county_gazetteer:1787939514135521000:4c90d0f805779923b5958ab13d0c1e9b99fe4932b786bfcf75dd739bb2dcb4ea,2026-08-28T17:51:54.021564Z
420762,MPC/TGP UDP NAPLES SALES GREENUP,D,delivery,END,GREENUP,KY,Z2,Z2,112,True,MARATHON PETROLEUM COMPANY LP,,38.563562,-82.93382,census_county_internal_point,county,21089,Greenup County,km_tgp_locations:1787939514021564000:470a5ca9ff1632ccbae5df41106523761d4ea1990719dabdb968f31231c16847,census_county_gazetteer:1787939514135521000:4c90d0f805779923b5958ab13d0c1e9b99fe4932b786bfcf75dd739bb2dcb4ea,2026-08-28T17:51:54.021564Z
55646,PCG POOL - ZN 2 100 LEG,B,bidirectional,PPT,GREENUP,KY,Z2,Z2,110,False,,,38.563562,-82.93382,census_county_internal_point,county,21089,Greenup County,km_tgp_locations:1787939514021564000:470a5ca9ff1632ccbae5df41106523761d4ea1990719dabdb968f31231c16847,census_county_gazetteer:1787939514135521000:4c90d0f805779923b5958ab13d0c1e9b99fe4932b786bfcf75dd739bb2dcb4ea,2026-08-28T17:51:54.021564Z
420865,POOLING PT - 100 LEG - ZONE 2,B,bidirectional,PPT,GREENUP,KY,Z2,Z2,110,False,,,38.563562,-82.93382,census_county_internal_point,county,21089,Greenup County,km_tgp_locations:1787939514021564000:470a5ca9ff1632ccbae5df41106523761d4ea1990719dabdb968f31231c16847,census_county_gazetteer:1787939514135521000:4c90d0f805779923b5958ab13d0c1e9b99fe4932b786bfcf75dd739bb2dcb4ea,2026-08-28T17:51:54.021564Z
420843,LGE/TGP MONROE SMS HART,D,delivery,LDC,HART,KY,Z2,Z2,187,True,LOUISVILLE GAS AND ELECTRIC COMPANY,C000554,37.305827,-85.878443,census_county_internal_point,county,21099,Hart County,km_tgp_locations:1787939514021564000:470a5ca9ff1632ccbae5df41106523761d4ea1990719dabdb968f31231c16847,census_county_gazetteer:1787939514135521000:4c90d0f805779923b5958ab13d0c1e9b99fe4932b786bfcf75dd739bb2dcb4ea,2026-08-28T17:51:54.021564Z
420445,ATMOS KY/TGP HUSTONVILLE KY LINCOLN,D,delivery,LDC,LINCOLN,KY,Z2,Z2,187,True,ATMOS ENERGY (KY) A DIVISION OF ATMOS ENERGY CORPORATION,,37.457174,-84.658335,census_county_internal_point,county,21137,Lincoln County,km_tgp_locations:1787939514021564000:470a5ca9ff1632ccbae5df41106523761d4ea1990719dabdb968f31231c16847,census_county_gazetteer:1787939514135521000:4c90d0f805779923b5958ab13d0c1e9b99fe4932b786bfcf75dd739bb2dcb4ea,2026-08-28T17:51:54.021564Z
54379,KY FRESH/TGP KENTUCKY FRESH LINCOLN,D,delivery,LDC,LINCOLN,KY,Z2,Z2,187,True,KENTUCKY FRESH HARVEST LLC,,37.457174,-84.658335,census_county_internal_point,county,21137,Lincoln County,km_tgp_locations:1787939514021564000:470a5ca9ff1632ccbae5df41106523761d4ea1990719dabdb968f31231c16847,census_county_gazetteer:1787939514135521000:4c90d0f805779923b5958ab13d0c1e9b99fe4932b786bfcf75dd739bb2dcb4ea,2026-08-28T17:51:54.021564Z
420208,DELTA NG/TGP BEREA KY MADISON,D,delivery,LDC,MADISON,KY,Z2,Z2,187,True,DELTA NATURAL GAS COMPANY INC,,37.725511,-84.278362,census_county_internal_point,county,21151,Madison County,km_tgp_locations:1787939514021564000:470a5ca9ff1632ccbae5df41106523761d4ea1990719dabdb968f31231c16847,census_county_gazetteer:1787939514135521000:4c90d0f805779923b5958ab13d0c1e9b99fe4932b786bfcf75dd739bb2dcb4ea,2026-08-28T17:51:54.021564Z
420895,DELTA NG/TGP MADISON CNTY MADISON,D,delivery,LDC,MADISON,KY,Z2,Z2,187,True,DELTA NATURAL GAS COMPANY INC,,37.725511,-84.278362,census_county_internal_point,county,21151,Madison County,km_tgp_locations:1787939514021564000:470a5ca9ff1632ccbae5df41106523761d4ea1990719dabdb968f31231c16847,census_county_gazetteer:1787939514135521000:4c90d0f805779923b5958ab13d0c1e9b99fe4932b786bfcf75dd739bb2dcb4ea,2026-08-28T17:51:54.021564Z
420030,ATMOS KY/TGP LEBANON KY MARION,D,delivery,LDC,MARION,KY,Z2,Z2,187,True,ATMOS ENERGY (KY) A DIVISION OF ATMOS ENERGY CORPORATION,,37.552604,-85.268959,census_county_internal_point,county,21155,Marion County,km_tgp_locations:1787939514021564000:470a5ca9ff1632ccbae5df41106523761d4ea1990719dabdb968f31231c16847,census_county_gazetteer:1787939514135521000:4c90d0f805779923b5958ab13d0c1e9b99fe4932b786bfcf75dd739bb2dcb4ea,2026-08-28T17:51:54.021564Z
420844,LGE/TGP CALVARY MARION,D,delivery,LDC,MARION,KY,Z2,Z2,187,True,LOUISVILLE GAS AND ELECTRIC COMPANY,C000554,37.552604,-85.268959,census_county_internal_point,county,21155,Marion County,km_tgp_locations:1787939514021564000:470a5ca9ff1632ccbae5df41106523761d4ea1990719dabdb968f31231c16847,census_county_gazetteer:1787939514135521000:4c90d0f805779923b5958ab13d0c1e9b99fe4932b786bfcf75dd739bb2dcb4ea,2026-08-28T17:51:54.021564Z
420810,NATGASKY/TGP UDP METCALFE SALES MET,D,delivery,LDC,METCALFE,KY,Z2,Z2,187,True,NATURAL GAS OF KENTUCKY,,36.99243,-85.633456,census_county_internal_point,county,21169,Metcalfe County,km_tgp_locations:1787939514021564000:470a5ca9ff1632ccbae5df41106523761d4ea1990719dabdb968f31231c16847,census_county_gazetteer:1787939514135521000:4c90d0f805779923b5958ab13d0c1e9b99fe4932b786bfcf75dd739bb2dcb4ea,2026-08-28T17:51:54.021564Z
55964,AHMLFG/TGP RUMPKE BIOGAS BUYBACK DE,D,delivery,OTH,MONTGOMERY,KY,Z2,Z2,187,True,AHMLFG LLC,,38.038109,-83.912416,census_county_internal_point,county,21173,Montgomery County,km_tgp_locations:1787939514021564000:470a5ca9ff1632ccbae5df41106523761d4ea1990719dabdb968f31231c16847,census_county_gazetteer:1787939514135521000:4c90d0f805779923b5958ab13d0c1e9b99fe4932b786bfcf75dd739bb2dcb4ea,2026-08-28T17:51:54.021564Z
55963,AHMLFG/TGP RUMPKE BIOGAS RECEIPT MO,R,receipt,RNG,MONTGOMERY,KY,Z2,Z2,187,True,AHMLFG LLC,,38.038109,-83.912416,census_county_internal_point,county,21173,Montgomery County,km_tgp_locations:1787939514021564000:470a5ca9ff1632ccbae5df41106523761d4ea1990719dabdb968f31231c16847,census_county_gazetteer:1787939514135521000:4c90d0f805779923b5958ab13d0c1e9b99fe4932b786bfcf75dd739bb2dcb4ea,2026-08-28T17:51:54.021564Z
420049,COL GAS/TGP NORTH MEANS KY MONTGOME,D,delivery,INT,MONTGOMERY,KY,Z2,Z2,187,True,COLUMBIA GAS TRANSMISSION LLC,C000306,38.038109,-83.912416,census_county_internal_point,county,21173,Montgomery County,km_tgp_locations:1787939514021564000:470a5ca9ff1632ccbae5df41106523761d4ea1990719dabdb968f31231c16847,census_county_gazetteer:1787939514135521000:4c90d0f805779923b5958ab13d0c1e9b99fe4932b786bfcf75dd739bb2dcb4ea,2026-08-28T17:51:54.021564Z
420430,DELTA NG/TGP JEFFERSONVILLE KY MONT,D,delivery,LDC,MONTGOMERY,KY,Z2,Z2,187,True,DELTA NATURAL GAS COMPANY INC,,38.038109,-83.912416,census_county_internal_point,county,21173,Montgomery County,km_tgp_locations:1787939514021564000:470a5ca9ff1632ccbae5df41106523761d4ea1990719dabdb968f31231c16847,census_county_gazetteer:1787939514135521000:4c90d0f805779923b5958ab13d0c1e9b99fe4932b786bfcf75dd739bb2dcb4ea,2026-08-28T17:51:54.021564Z
420813,DELTA NG/TGP WEST BEND POWELL,D,delivery,LDC,POWELL,KY,Z2,Z2,187,True,DELTA NATURAL GAS COMPANY INC,,37.809567,-83.831235,census_county_internal_point,county,21197,Powell County,km_tgp_locations:1787939514021564000:470a5ca9ff1632ccbae5df41106523761d4ea1990719dabdb968f31231c16847,census_county_gazetteer:1787939514135521000:4c90d0f805779923b5958ab13d0c1e9b99fe4932b786bfcf75dd739bb2dcb4ea,2026-08-28T17:51:54.021564Z
420462,DELTA NG/TGP DELTA FARMERS KY ROWAN,D,delivery,LDC,ROWAN,KY,Z2,Z2,187,True,DELTA NATURAL GAS COMPANY INC,,38.204266,-83.428079,census_county_internal_point,county,21205,Rowan County,km_tgp_locations:1787939514021564000:470a5ca9ff1632ccbae5df41106523761d4ea1990719dabdb968f31231c16847,census_county_gazetteer:1787939514135521000:4c90d0f805779923b5958ab13d0c1e9b99fe4932b786bfcf75dd739bb2dcb4ea,2026-08-28T17:51:54.021564Z
420733,DELTA NG/TGP DELTA KINDER HILDA SAL,D,delivery,LDC,ROWAN,KY,Z2,Z2,187,True,DELTA NATURAL GAS COMPANY INC,,38.204266,-83.428079,census_county_internal_point,county,21205,Rowan County,km_tgp_locations:1787939514021564000:470a5ca9ff1632ccbae5df41106523761d4ea1990719dabdb968f31231c16847,census_county_gazetteer:1787939514135521000:4c90d0f805779923b5958ab13d0c1e9b99fe4932b786bfcf75dd739bb2dcb4ea,2026-08-28T17:51:54.021564Z
420946,MOREHEAD/TGP CITY OF MOREHEAD ROWAN,D,delivery,LDC,ROWAN,KY,Z2,Z2,187,True,MOREHEAD UTILITY PLANT BOARD,,38.204266,-83.428079,census_county_internal_point,county,21205,Rowan County,km_tgp_locations:1787939514021564000:470a5ca9ff1632ccbae5df41106523761d4ea1990719dabdb968f31231c16847,census_county_gazetteer:1787939514135521000:4c90d0f805779923b5958ab13d0c1e9b99fe4932b786bfcf75dd739bb2dcb4ea,2026-08-28T17:51:54.021564Z
420038,MOREHEAD/TGP MOREHEAD KY ROWAN,D,delivery,LDC,ROWAN,KY,Z2,Z2,187,True,MOREHEAD UTILITY PLANT BOARD,,38.204266,-83.428079,census_county_internal_point,county,21205,Rowan County,km_tgp_locations:1787939514021564000:470a5ca9ff1632ccbae5df41106523761d4ea1990719dabdb968f31231c16847,census_county_gazetteer:1787939514135521000:4c90d0f805779923b5958ab13d0c1e9b99fe4932b786bfcf75dd739bb2dcb4ea,2026-08-28T17:51:54.021564Z
421000,ATMOS KY/TGP SIMPSON SIMPSON,D,delivery,LDC,SIMPSON,KY,Z2,Z2,187,True,ATMOS ENERGY (KY) A DIVISION OF ATMOS ENERGY CORPORATION,,36.740929,-86.581787,census_county_internal_point,county,21213,Simpson County,km_tgp_locations:1787939514021564000:470a5ca9ff1632ccbae5df41106523761d4ea1990719dabdb968f31231c16847,census_county_gazetteer:1787939514135521000:4c90d0f805779923b5958ab13d0c1e9b99fe4932b786bfcf75dd739bb2dcb4ea,2026-08-28T17:51:54.021564Z
420010,ATMOS KY/TGP CAMPBELLSVILLE KY TAYL,D,delivery,LDC,TAYLOR,KY,Z2,Z2,187,True,ATMOS ENERGY (KY) A DIVISION OF ATMOS ENERGY CORPORATION,,37.36621,-85.328059,census_county_internal_point,county,21217,Taylor County,km_tgp_locations:1787939514021564000:470a5ca9ff1632ccbae5df41106523761d4ea1990719dabdb968f31231c16847,census_county_gazetteer:1787939514135521000:4c90d0f805779923b5958ab13d0c1e9b99fe4932b786bfcf75dd739bb2dcb4ea,2026-08-28T17:51:54.021564Z
420396,COKINOS/TGP KLUMPP FARM LA ACADIA,D,delivery,LDC,ACADIA,LA,ZL,ZL,509,True,COKINOS NATURAL GAS COMPANY,,30.291497,-92.411037,census_county_internal_point,county,22001,Acadia Parish,km_tgp_locations:1787939514021564000:470a5ca9ff1632ccbae5df41106523761d4ea1990719dabdb968f31231c16847,census_county_gazetteer:1787939514135521000:4c90d0f805779923b5958ab13d0c1e9b99fe4932b786bfcf75dd739bb2dcb4ea,2026-08-28T17:51:54.021564Z
412617,CYPRSS-O/TGP E JEFFERS 1 WELL ACADI,R,receipt,WHD,ACADIA,LA,ZL,ZL,515,True,CYPRESS OIL COMPANY INC,,30.291497,-92.411037,census_county_internal_point,county,22001,Acadia Parish,km_tgp_locations:1787939514021564000:470a5ca9ff1632ccbae5df41106523761d4ea1990719dabdb968f31231c16847,census_county_gazetteer:1787939514135521000:4c90d0f805779923b5958ab13d0c1e9b99fe4932b786bfcf75dd739bb2dcb4ea,2026-08-28T17:51:54.021564Z
420822,EGAN HUB/TGP EGAN GAS STORAGE ACADI,B,bidirectional,STR,ACADIA,LA,ZL,ZL,509,True,EGAN HUB STORAGE LLC,C000086,30.291497,-92.411037,census_county_internal_point,county,22001,Acadia Parish,km_tgp_locations:1787939514021564000:470a5ca9ff1632ccbae5df41106523761d4ea1990719dabdb968f31231c16847,census_county_gazetteer:1787939514135521000:4c90d0f805779923b5958ab13d0c1e9b99fe4932b786bfcf75dd739bb2dcb4ea,2026-08-28T17:51:54.021564Z
421041,KINETICA/TGP ACADIAN BLUEWATER INTE,D,delivery,INT,ACADIA,LA,ZL,ZL,509,True,KINETICA ENERGY EXPRESS L.L.C.,C003552,30.291497,-92.411037,census_county_internal_point,county,22001,Acadia Parish,km_tgp_locations:1787939514021564000:470a5ca9ff1632ccbae5df41106523761d4ea1990719dabdb968f31231c16847,census_county_gazetteer:1787939514135521000:4c90d0f805779923b5958ab13d0c1e9b99fe4932b786bfcf75dd739bb2dcb4ea,2026-08-28T17:51:54.021564Z
411034,KINETICA/TGP EGAN DEHYDRATION EXCH,R,receipt,INT,ACADIA,LA,ZL,ZL,509,True,KINETICA ENERGY EXPRESS L.L.C.,C003552,30.291497,-92.411037,census_county_internal_point,county,22001,Acadia Parish,km_tgp_locations:1787939514021564000:470a5ca9ff1632ccbae5df41106523761d4ea1990719dabdb968f31231c16847,census_county_gazetteer:1787939514135521000:4c90d0f805779923b5958ab13d0c1e9b99fe4932b786bfcf75dd739bb2dcb4ea,2026-08-28T17:51:54.021564Z
412703,MAGNUS/TGP HEBERT ACADIA,R,receipt,WHD,ACADIA,LA,ZL,ZL,515,True,SHORELINE GAS LLC,,30.291497,-92.411037,census_county_internal_point,county,22001,Acadia Parish,km_tgp_locations:1787939514021564000:470a5ca9ff1632ccbae5df41106523761d4ea1990719dabdb968f31231c16847,census_county_gazetteer:1787939514135521000:4c90d0f805779923b5958ab13d0c1e9b99fe4932b786bfcf75dd739bb2dcb4ea,2026-08-28T17:51:54.021564Z
412652,ASPECT/TGP 2302 NEWMAN 1 ALLEN,R,receipt,WHD,ALLEN,LA,ZL,ZL,501,True,ASPECT ENERGY LLC,,30.652744,-92.819605,census_county_internal_point,county,22003,Allen Parish,km_tgp_locations:1787939514021564000:470a5ca9ff1632ccbae5df41106523761d4ea1990719dabdb968f31231c16847,census_county_gazetteer:1787939514135521000:4c90d0f805779923b5958ab13d0c1e9b99fe4932b786bfcf75dd739bb2dcb4ea,2026-08-28T17:51:54.021564Z
420464,COKINOS/TGP POWELL FARM LA FARM TAP,D,delivery,LDC,ALLEN,LA,ZL,ZL,501,True,COKINOS NATURAL GAS COMPANY,,30.652744,-92.819605,census_county_internal_point,county,22003,Allen Parish,km_tgp_locations:1787939514021564000:470a5ca9ff1632ccbae5df41106523761d4ea1990719dabdb968f31231c16847,census_county_gazetteer:1787939514135521000:4c90d0f805779923b5958ab13d0c1e9b99fe4932b786bfcf75dd739bb2dcb4ea,2026-08-28T17:51:54.021564Z
420687,ELIZ NG/TGP ALLEN PARISH PRISON SAL,D,delivery,LDC,ALLEN,LA,ZL,ZL,823,True,ELIZABETH NATURAL GAS INC.,,30.652744,-92.819605,census_county_internal_point,county,22003,Allen Parish,km_tgp_locations:1787939514021564000:470a5ca9ff1632ccbae5df41106523761d4ea1990719dabdb968f31231c16847,census_county_gazetteer:1787939514135521000:4c90d0f805779923b5958ab13d0c1e9b99fe4932b786bfcf75dd739bb2dcb4ea,2026-08-28T17:51:54.021564Z
420406,ELIZ NG/TGP ELIZABETH LA EMERGENCY,D,delivery,LDC,ALLEN,LA,ZL,ZL,823,True,ELIZABETH NATURAL GAS INC.,,30.652744,-92.819605,census_county_internal_point,county,22003,Allen Parish,km_tgp_locations:1787939514021564000:470a5ca9ff1632ccbae5df41106523761d4ea1990719dabdb968f31231c16847,census_county_gazetteer:1787939514135521000:4c90d0f805779923b5958ab13d0c1e9b99fe4932b786bfcf75dd739bb2dcb4ea,2026-08-28T17:51:54.021564Z
420708,ELIZ NG/TGP GRANT LA SALES ALLEN,D,delivery,LDC,ALLEN,LA,ZL,ZL,501,True,ELIZABETH NATURAL GAS INC.,,30.652744,-92.819605,census_county_internal_point,county,22003,Allen Parish,km_tgp_locations:1787939514021564000:470a5ca9ff1632ccbae5df41106523761d4ea1990719dabdb968f31231c16847,census_county_gazetteer:1787939514135521000:4c90d0f805779923b5958ab13d0c1e9b99fe4932b786bfcf75dd739bb2dcb4ea,2026-08-28T17:51:54.021564Z
420629,ELIZ NG/TGP OAKDALE DETENTION SALES,D,delivery,LDC,ALLEN,LA,ZL,ZL,823,True,ELIZABETH NATURAL GAS INC.,,30.652744,-92.819605,census_county_internal_point,county,22003,Allen Parish,km_tgp_locations:1787939514021564000:470a5ca9ff1632ccbae5df41106523761d4ea1990719dabdb968f31231c16847,census_county_gazetteer:1787939514135521000:4c90d0f805779923b5958ab13d0c1e9b99fe4932b786bfcf75dd739bb2dcb4ea,2026-08-28T17:51:54.021564Z
411817,ELYSIUM/TGP SOUTH HARMONY CHURCH TR,R,receipt,WHD,ALLEN,LA,ZL,ZL,501,True,ELYSIUM ENERGY L.L.C.,,30.652744,-92.819605,census_county_internal_point,county,22003,Allen Parish,km_tgp_locations:1787939514021564000:470a5ca9ff1632ccbae5df41106523761d4ea1990719dabdb968f31231c16847,census_county_gazetteer:1787939514135521000:4c90d0f805779923b5958ab13d0c1e9b99fe4932b786bfcf75dd739bb2dcb4ea,2026-08-28T17:51:54.021564Z
55543,ENER FS/TGP BOSS HOWARD RECEIPT ALL,R,receipt,INT,ALLEN,LA,ZL,ZL,501,True,ENERFIN FIELD SERVICES LLC,,30.652744,-92.819605,census_county_internal_point,county,22003,Allen Parish,km_tgp_locations:1787939514021564000:470a5ca9ff1632ccbae5df41106523761d4ea1990719dabdb968f31231c16847,census_county_gazetteer:1787939514135521000:4c90d0f805779923b5958ab13d0c1e9b99fe4932b786bfcf75dd739bb2dcb4ea,2026-08-28T17:51:54.021564Z
420796,KINDER/TGP LEBLANC DEHYD ALLEN,D,delivery,INT,ALLEN,LA,ZL,ZL,501,True,KINDER GAS PROCESSING CORPORATION,,30.652744,-92.819605,census_county_internal_point,county,22003,Allen Parish,km_tgp_locations:1787939514021564000:470a5ca9ff1632ccbae5df41106523761d4ea1990719dabdb968f31231c16847,census_county_gazetteer:1787939514135521000:4c90d0f805779923b5958ab13d0c1e9b99fe4932b786bfcf75dd739bb2dcb4ea,2026-08-28T17:51:54.021564Z
411815,LAGNIAP/TGP LEBLANC FIELD DEHY TRAN,R,receipt,WHD,ALLEN,LA,ZL,ZL,501,True,LAGNIAPPE INTERESTS INC.,,30.652744,-92.819605,census_county_internal_point,county,22003,Allen Parish,km_tgp_locations:1787939514021564000:470a5ca9ff1632ccbae5df41106523761d4ea1990719dabdb968f31231c16847,census_county_gazetteer:1787939514135521000:4c90d0f805779923b5958ab13d0c1e9b99fe4932b786bfcf75dd739bb2dcb4ea,2026-08-28T17:51:54.021564Z
412857,LYMAC/TGP MITTIE: RIP 504B 101.1 AL,R,receipt,WHD,ALLEN,LA,ZL,ZL,501,True,LYMAC EXPLORATION AND PRODUCTION LLC,,30.652744,-92.819605,census_county_internal_point,county,22003,Allen Parish,km_tgp_locations:1787939514021564000:470a5ca9ff1632ccbae5df41106523761d4ea1990719dabdb968f31231c16847,census_county_gazetteer:1787939514135521000:4c90d0f805779923b5958ab13d0c1e9b99fe4932b786bfcf75dd739bb2dcb4ea,2026-08-28T17:51:54.021564Z
412565,SMITH OP/TGP SOUTH HARMONY ALLEN,R,receipt,WHD,ALLEN,LA,ZL,ZL,501,True,SMITH OPERATING AND MANAGEMENT CO.,,30.652744,-92.819605,census_county_internal_point,county,22003,Allen Parish,km_tgp_locations:1787939514021564000:470a5ca9ff1632ccbae5df41106523761d4ea1990719dabdb968f31231c16847,census_county_gazetteer:1787939514135521000:4c90d0f805779923b5958ab13d0c1e9b99fe4932b786bfcf75dd739bb2dcb4ea,2026-08-28T17:51:54.021564Z
412844,TEXLA/TGP ROY MARTIN GATHERING: RIP,R,receipt,WHD,ALLEN,LA,ZL,ZL,823,True,TEXLA ENERGY MANAGEMENT INC.,,30.652744,-92.819605,census_county_internal_point,county,22003,Allen Parish,km_tgp_locations:1787939514021564000:470a5ca9ff1632ccbae5df41106523761d4ea1990719dabdb968f31231c16847,census_county_gazetteer:1787939514135521000:4c90d0f805779923b5958ab13d0c1e9b99fe4932b786bfcf75dd739bb2dcb4ea,2026-08-28T17:51:54.021564Z
420373,TRNSCO/TGP KINDER LA EXCH (BI 1,D,delivery,INT,ALLEN,LA,ZL,ZL,501,True,TRANSCONTINENTAL GAS PIPELINE COMPANY LLC,C000654,30.652744,-92.819605,census_county_internal_point,county,22003,Allen Parish,km_tgp_locations:1787939514021564000:470a5ca9ff1632ccbae5df41106523761d4ea1990719dabdb968f31231c16847,census_county_gazetteer:1787939514135521000:4c90d0f805779923b5958ab13d0c1e9b99fe4932b786bfcf75dd739bb2dcb4ea,2026-08-28T17:51:54.021564Z
412777,UES/TGP CROSBY NO 1: RIP 505E-1 3.0,R,receipt,WHD,ALLEN,LA,ZL,ZL,501,True,UPSTREAM ENERGY SERVICES LLC,,30.652744,-92.819605,census_county_internal_point,county,22003,Allen Parish,km_tgp_locations:1787939514021564000:470a5ca9ff1632ccbae5df41106523761d4ea1990719dabdb968f31231c16847,census_county_gazetteer:1787939514135521000:4c90d0f805779923b5958ab13d0c1e9b99fe4932b786bfcf75dd739bb2dcb4ea,2026-08-28T17:51:54.021564Z
412776,UES/TGP FEAGIN NO 1: RIP 505F-101.1,R,receipt,WHD,ALLEN,LA,ZL,ZL,501,True,UPSTREAM ENERGY SERVICES LLC,,30.652744,-92.819605,census_county_internal_point,county,22003,Allen Parish,km_tgp_locations:1787939514021564000:470a5ca9ff1632ccbae5df41106523761d4ea1990719dabdb968f31231c16847,census_county_gazetteer:1787939514135521000:4c90d0f805779923b5958ab13d0c1e9b99fe4932b786bfcf75dd739bb2dcb4ea,2026-08-28T17:51:54.021564Z
412634,UNIT PET/TGP UDP NORTH OBERLINE REC,R,receipt,WHD,ALLEN,LA,ZL,ZL,823,True,UNIT PETROLEUM COMPANY,,30.652744,-92.819605,census_county_internal_point,county,22003,Allen Parish,km_tgp_locations:1787939514021564000:470a5ca9ff1632ccbae5df41106523761d4ea1990719dabdb968f31231c16847,census_county_gazetteer:1787939514135521000:4c90d0f805779923b5958ab13d0c1e9b99fe4932b786bfcf75dd739bb2dcb4ea,2026-08-28T17:51:54.021564Z
412824,VENTEX/TGP GUM BRANCH: RIP 824B 101,R,receipt,WHD,ALLEN,LA,ZL,ZL,823,True,VENTEX OPERATING CORP.,,30.652744,-92.819605,census_county_internal_point,county,22003,Allen Parish,km_tgp_locations:1787939514021564000:470a5ca9ff1632ccbae5df41106523761d4ea1990719dabdb968f31231c16847,census_county_gazetteer:1787939514135521000:4c90d0f805779923b5958ab13d0c1e9b99fe4932b786bfcf75dd739bb2dcb4ea,2026-08-28T17:51:54.021564Z
412752,WILL DRI/TGP MARCANTEL FARMS: RIP 5,R,receipt,WHD,ALLEN,LA,ZL,ZL,501,True,WILL DRILL PRODUCTION COMPANY INC.,,30.652744,-92.819605,census_county_internal_point,county,22003,Allen Parish,km_tgp_locations:1787939514021564000:470a5ca9ff1632ccbae5df41106523761d4ea1990719dabdb968f31231c16847,census_county_gazetteer:1787939514135521000:4c90d0f805779923b5958ab13d0c1e9b99fe4932b786bfcf75dd739bb2dcb4ea,2026-08-28T17:51:54.021564Z
412297,XTO OFSH/TGP BUNCHY DEHYDRATION ALL,R,receipt,WHD,ALLEN,LA,ZL,ZL,501,True,XTO OFFSHORE INC.,,30.652744,-92.819605,census_county_internal_point,county,22003,Allen Parish,km_tgp_locations:1787939514021564000:470a5ca9ff1632ccbae5df41106523761d4ea1990719dabdb968f31231c16847,census_county_gazetteer:1787939514135521000:4c90d0f805779923b5958ab13d0c1e9b99fe4932b786bfcf75dd739bb2dcb4ea,2026-08-28T17:51:54.021564Z
412035,PELICO/TGP LIBERTY HILL BIENVILLE,R,receipt,GTH,BIENVILLE,LA,Z1,Z1,141,True,PELICO PIPELINE LLC,C000109,32.340952,-93.041151,census_county_internal_point,county,22013,Bienville Parish,km_tgp_locations:1787939514021564000:470a5ca9ff1632ccbae5df41106523761d4ea1990719dabdb968f31231c16847,census_county_gazetteer:1787939514135521000:4c90d0f805779923b5958ab13d0c1e9b99fe4932b786bfcf75dd739bb2dcb4ea,2026-08-28T17:51:54.021564Z
412036,REGENCY/TGP BEAR CREEK TRANSPORT BI,B,bidirectional,INT,BIENVILLE,LA,Z1,Z1,141,True,REGENCY INTRASTATE GAS LP,C000370,32.340952,-93.041151,census_county_internal_point,county,22013,Bienville Parish,km_tgp_locations:1787939514021564000:470a5ca9ff1632ccbae5df41106523761d4ea1990719dabdb968f31231c16847,census_county_gazetteer:1787939514135521000:4c90d0f805779923b5958ab13d0c1e9b99fe4932b786bfcf75dd739bb2dcb4ea,2026-08-28T17:51:54.021564Z
420917,REGENCY/TGP PANDA POWER BIENVILLE,D,delivery,EGN,BIENVILLE,LA,Z1,Z1,141,True,REGENCY INTRASTATE GAS LP,C000370,32.340952,-93.041151,census_county_internal_point,county,22013,Bienville Parish,km_tgp_locations:1787939514021564000:470a5ca9ff1632ccbae5df41106523761d4ea1990719dabdb968f31231c16847,census_county_gazetteer:1787939514135521000:4c90d0f805779923b5958ab13d0c1e9b99fe4932b786bfcf75dd739bb2dcb4ea,2026-08-28T17:51:54.021564Z
460014,SNG/TGP BEAR CREEK 12 STORAGE INJEC,B,bidirectional,INT,BIENVILLE,LA,Z1,Z1,141,True,SOUTHERN NATURAL GAS COMPANY L.L.C.,C000021,32.340952,-93.041151,census_county_internal_point,county,22013,Bienville Parish,km_tgp_locations:1787939514021564000:470a5ca9ff1632ccbae5df41106523761d4ea1990719dabdb968f31231c16847,census_county_gazetteer:1787939514135521000:4c90d0f805779923b5958ab13d0c1e9b99fe4932b786bfcf75dd739bb2dcb4ea,2026-08-28T17:51:54.021564Z
460015,SNG/TGP BEAR CREEK 12 STORAGE INJEC,B,bidirectional,INT,BIENVILLE,LA,Z1,Z1,141,True,SOUTHERN NATURAL GAS COMPANY L.L.C.,C000021,32.340952,-93.041151,census_county_internal_point,county,22013,Bienville Parish,km_tgp_locations:1787939514021564000:470a5ca9ff1632ccbae5df41106523761d4ea1990719dabdb968f31231c16847,census_county_gazetteer:1787939514135521000:4c90d0f805779923b5958ab13d0c1e9b99fe4932b786bfcf75dd739bb2dcb4ea,2026-08-28T17:51:54.021564Z
460016,SNG/TGP BEAR CREEK STORAGE INJ 3 BI,B,bidirectional,INT,BIENVILLE,LA,Z1,Z1,141,True,SOUTHERN NATURAL GAS COMPANY L.L.C.,C000021,32.340952,-93.041151,census_county_internal_point,county,22013,Bienville Parish,km_tgp_locations:1787939514021564000:470a5ca9ff1632ccbae5df41106523761d4ea1990719dabdb968f31231c16847,census_county_gazetteer:1787939514135521000:4c90d0f805779923b5958ab13d0c1e9b99fe4932b786bfcf75dd739bb2dcb4ea,2026-08-28T17:51:54.021564Z
405367,TGP/SNG BEAR CREEK INJECTION BIENVI,B,bidirectional,INT,BIENVILLE,LA,Z1,Z1,141,True,TENNESSEE GAS PIPELINE COMPANY L.L.C.,C000020,32.340952,-93.041151,census_county_internal_point,county,22013,Bienville Parish,km_tgp_locations:1787939514021564000:470a5ca9ff1632ccbae5df41106523761d4ea1990719dabdb968f31231c16847,census_county_gazetteer:1787939514135521000:4c90d0f805779923b5958ab13d0c1e9b99fe4932b786bfcf75dd739bb2dcb4ea,2026-08-28T17:51:54.021564Z
412431,TGP/SNG BEAR CREEK INJECTION BIENVI,B,bidirectional,INT,BIENVILLE,LA,Z1,Z1,141,True,TENNESSEE GAS PIPELINE COMPANY L.L.C.,C000020,32.340952,-93.041151,census_county_internal_point,county,22013,Bienville Parish,km_tgp_locations:1787939514021564000:470a5ca9ff1632ccbae5df41106523761d4ea1990719dabdb968f31231c16847,census_county_gazetteer:1787939514135521000:4c90d0f805779923b5958ab13d0c1e9b99fe4932b786bfcf75dd739bb2dcb4ea,2026-08-28T17:51:54.021564Z
420581,BDWKLAGT/TGP BECKWITH CREEK CALCASI,D,delivery,INT,CALCASIEU,LA,ZL,ZL,820,True,BOARDWALK LOUISIANA GAS TRANSMISSION LLC,,30.229559,-93.358015,census_county_internal_point,county,22019,Calcasieu Parish,km_tgp_locations:1787939514021564000:470a5ca9ff1632ccbae5df41106523761d4ea1990719dabdb968f31231c16847,census_county_gazetteer:1787939514135521000:4c90d0f805779923b5958ab13d0c1e9b99fe4932b786bfcf75dd739bb2dcb4ea,2026-08-28T17:51:54.021564Z
49446,CAM IPL/TGP BANKEN RD AT HWY 27 DE,D,delivery,INT,CALCASIEU,LA,ZL,ZL,820,True,CAMERON INTERSTATE PIPELINE LLC,C001157,30.229559,-93.358015,census_county_internal_point,county,22019,Calcasieu Parish,km_tgp_locations:1787939514021564000:470a5ca9ff1632ccbae5df41106523761d4ea1990719dabdb968f31231c16847,census_county_gazetteer:1787939514135521000:4c90d0f805779923b5958ab13d0c1e9b99fe4932b786bfcf75dd739bb2dcb4ea,2026-08-28T17:51:54.021564Z
412737,CAM IPL/TGP DE QUINCY GAS STORAGE C,B,bidirectional,INT,CALCASIEU,LA,ZL,ZL,820,True,CAMERON INTERSTATE PIPELINE LLC,C001157,30.229559,-93.358015,census_county_internal_point,county,22019,Calcasieu Parish,km_tgp_locations:1787939514021564000:470a5ca9ff1632ccbae5df41106523761d4ea1990719dabdb968f31231c16847,census_county_gazetteer:1787939514135521000:4c90d0f805779923b5958ab13d0c1e9b99fe4932b786bfcf75dd739bb2dcb4ea,2026-08-28T17:51:54.021564Z
412588,CSVHOLDG/TGP STARKS CALCASIEU,R,receipt,WHD,CALCASIEU,LA,ZL,ZL,820,True,CSV HOLDINGS INC.,,30.229559,-93.358015,census_county_internal_point,county,22019,Calcasieu Parish,km_tgp_locations:1787939514021564000:470a5ca9ff1632ccbae5df41106523761d4ea1990719dabdb968f31231c16847,census_county_gazetteer:1787939514135521000:4c90d0f805779923b5958ab13d0c1e9b99fe4932b786bfcf75dd739bb2dcb4ea,2026-08-28T17:51:54.021564Z
412839,DUNCAN/TGP LABOKAY NO. 1: RIP 820P,R,receipt,WHD,CALCASIEU,LA,ZL,ZL,820,True,DUNCAN OIL INC.,,30.229559,-93.358015,census_county_internal_point,county,22019,Calcasieu Parish,km_tgp_locations:1787939514021564000:470a5ca9ff1632ccbae5df41106523761d4ea1990719dabdb968f31231c16847,census_county_gazetteer:1787939514135521000:4c90d0f805779923b5958ab13d0c1e9b99fe4932b786bfcf75dd739bb2dcb4ea,2026-08-28T17:51:54.021564Z
400580,FGT/TGP SABINE EXCH CALCASIEU,D,delivery,INT,CALCASIEU,LA,ZL,ZL,820,True,FLORIDA GAS TRANSMISSION COMPANY LLC,C000255,30.229559,-93.358015,census_county_internal_point,county,22019,Calcasieu Parish,km_tgp_locations:1787939514021564000:470a5ca9ff1632ccbae5df41106523761d4ea1990719dabdb968f31231c16847,census_county_gazetteer:1787939514135521000:4c90d0f805779923b5958ab13d0c1e9b99fe4932b786bfcf75dd739bb2dcb4ea,2026-08-28T17:51:54.021564Z
412768,GLDNPASS/TGP STARKS LNG: RIP 820 10,R,receipt,INT,CALCASIEU,LA,ZL,ZL,820,True,GOLDEN PASS PIPELINE LLC,C001447,30.229559,-93.358015,census_county_internal_point,county,22019,Calcasieu Parish,km_tgp_locations:1787939514021564000:470a5ca9ff1632ccbae5df41106523761d4ea1990719dabdb968f31231c16847,census_county_gazetteer:1787939514135521000:4c90d0f805779923b5958ab13d0c1e9b99fe4932b786bfcf75dd739bb2dcb4ea,2026-08-28T17:51:54.021564Z
412015,HEC/TGP STARKS HANKAMER 1 CALCASIE,R,receipt,WHD,CALCASIEU,LA,ZL,ZL,820,True,HILCORP ENERGY COMPANY,,30.229559,-93.358015,census_county_internal_point,county,22019,Calcasieu Parish,km_tgp_locations:1787939514021564000:470a5ca9ff1632ccbae5df41106523761d4ea1990719dabdb968f31231c16847,census_county_gazetteer:1787939514135521000:4c90d0f805779923b5958ab13d0c1e9b99fe4932b786bfcf75dd739bb2dcb4ea,2026-08-28T17:51:54.021564Z
412717,MAYNE/TGP BURLINGTON CALCASIEU,R,receipt,WHD,CALCASIEU,LA,ZL,ZL,820,True,MAYNE & MERTZ INC.,,30.229559,-93.358015,census_county_internal_point,county,22019,Calcasieu Parish,km_tgp_locations:1787939514021564000:470a5ca9ff1632ccbae5df41106523761d4ea1990719dabdb968f31231c16847,census_county_gazetteer:1787939514135521000:4c90d0f805779923b5958ab13d0c1e9b99fe4932b786bfcf75dd739bb2dcb4ea,2026-08-28T17:51:54.021564Z
412461,OLIPDPII/TGP DEHYDRATION CALCASIEU,R,receipt,WHD,CALCASIEU,LA,ZL,ZL,820,True,OLIPDP II LLC,,30.229559,-93.358015,census_county_internal_point,county,22019,Calcasieu Parish,km_tgp_locations:1787939514021564000:470a5ca9ff1632ccbae5df41106523761d4ea1990719dabdb968f31231c16847,census_county_gazetteer:1787939514135521000:4c90d0f805779923b5958ab13d0c1e9b99fe4932b786bfcf75dd739bb2dcb4ea,2026-08-28T17:51:54.021564Z
411586,TRNSCO/TGP STARKS LA TRANSPORT CALC,R,receipt,INT,CALCASIEU,LA,ZL,ZL,820,True,TRANSCONTINENTAL GAS PIPELINE COMPANY LLC,C000654,30.229559,-93.358015,census_county_internal_point,county,22019,Calcasieu Parish,km_tgp_locations:1787939514021564000:470a5ca9ff1632ccbae5df41106523761d4ea1990719dabdb968f31231c16847,census_county_gazetteer:1787939514135521000:4c90d0f805779923b5958ab13d0c1e9b99fe4932b786bfcf75dd739bb2dcb4ea,2026-08-28T17:51:54.021564Z
412192,HEC/TGP UDP CHALKLEY GARRISON 1 C,R,receipt,WHD,CAMERON,LA,ZL,ZL,905,True,HILCORP ENERGY COMPANY,,29.871812,-93.164948,census_county_internal_point,county,22023,Cameron Parish,km_tgp_locations:1787939514021564000:470a5ca9ff1632ccbae5df41106523761d4ea1990719dabdb968f31231c16847,census_county_gazetteer:1787939514135521000:4c90d0f805779923b5958ab13d0c1e9b99fe4932b786bfcf75dd739bb2dcb4ea,2026-08-28T17:51:54.021564Z
412884,KINETICA/TGP GRAND CHENIER PLANT I,R,receipt,INT,CAMERON,LA,ZL,ZL,905,True,KINETICA ENERGY EXPRESS L.L.C.,C003552,29.871812,-93.164948,census_county_internal_point,county,22023,Cameron Parish,km_tgp_locations:1787939514021564000:470a5ca9ff1632ccbae5df41106523761d4ea1990719dabdb968f31231c16847,census_county_gazetteer:1787939514135521000:4c90d0f805779923b5958ab13d0c1e9b99fe4932b786bfcf75dd739bb2dcb4ea,2026-08-28T17:51:54.021564Z
420983,PLAINSGS/TGP GRAND CHENIER PTR CAME,R,receipt,VIR,CAMERON,LA,ZL,ZL,905,True,PLAINS GAS SOLUTIONS LLC,,29.871812,-93.164948,census_county_internal_point,county,22023,Cameron Parish,km_tgp_locations:1787939514021564000:470a5ca9ff1632ccbae5df41106523761d4ea1990719dabdb968f31231c16847,census_county_gazetteer:1787939514135521000:4c90d0f805779923b5958ab13d0c1e9b99fe4932b786bfcf75dd739bb2dcb4ea,2026-08-28T17:51:54.021564Z
410671,TARGA/TGP UDP LOWRY PLANT DEHY CAME,R,receipt,PLT,CAMERON,LA,ZL,ZL,905,True,TARGA MIDSTREAM SERVICES LLC,,29.871812,-93.164948,census_county_internal_point,county,22023,Cameron Parish,km_tgp_locations:1787939514021564000:470a5ca9ff1632ccbae5df41106523761d4ea1990719dabdb968f31231c16847,census_county_gazetteer:1787939514135521000:4c90d0f805779923b5958ab13d0c1e9b99fe4932b786bfcf75dd739bb2dcb4ea,2026-08-28T17:51:54.021564Z
900553,TGP/NGPL CHALKLEY CAMERON,R,receipt,INT,CAMERON,LA,ZL,ZL,905,True,TENNESSEE GAS PIPELINE COMPANY L.L.C.,C000020,29.871812,-93.164948,census_county_internal_point,county,22023,Cameron Parish,km_tgp_locations:1787939514021564000:470a5ca9ff1632ccbae5df41106523761d4ea1990719dabdb968f31231c16847,census_county_gazetteer:1787939514135521000:4c90d0f805779923b5958ab13d0c1e9b99fe4932b786bfcf75dd739bb2dcb4ea,2026-08-28T17:51:54.021564Z
421049,TGP/TGP GRAND CHENIER PLANT CAMERON,D,delivery,INT,CAMERON,LA,ZL,ZL,905,False,,,29.871812,-93.164948,census_county_internal_point,county,22023,Cameron Parish,km_tgp_locations:1787939514021564000:470a5ca9ff1632ccbae5df41106523761d4ea1990719dabdb968f31231c16847,census_county_gazetteer:1787939514135521000:4c90d0f805779923b5958ab13d0c1e9b99fe4932b786bfcf75dd739bb2dcb4ea,2026-08-28T17:51:54.021564Z
450303,TGP/TGP GRAND CHENIER STRADDLE PLAN,R,receipt,INT,CAMERON,LA,ZL,ZL,905,False,,,29.871812,-93.164948,census_county_internal_point,county,22023,Cameron Parish,km_tgp_locations:1787939514021564000:470a5ca9ff1632ccbae5df41106523761d4ea1990719dabdb968f31231c16847,census_county_gazetteer:1787939514135521000:4c90d0f805779923b5958ab13d0c1e9b99fe4932b786bfcf75dd739bb2dcb4ea,2026-08-28T17:51:54.021564Z
420988,TGP/TGP SABINE PASS PLANT STRANGERS,D,delivery,INT,CAMERON,LA,ZL,ZL,820,False,,,29.871812,-93.164948,census_county_internal_point,county,22023,Cameron Parish,km_tgp_locations:1787939514021564000:470a5ca9ff1632ccbae5df41106523761d4ea1990719dabdb968f31231c16847,census_county_gazetteer:1787939514135521000:4c90d0f805779923b5958ab13d0c1e9b99fe4932b786bfcf75dd739bb2dcb4ea,2026-08-28T17:51:54.021564Z
401366,TRNSCO/TGP UTOS EXCH,R,receipt,VIR,CAMERON,LA,ZL,ZL,820,False,,,29.871812,-93.164948,census_county_internal_point,county,22023,Cameron Parish,km_tgp_locations:1787939514021564000:470a5ca9ff1632ccbae5df41106523761d4ea1990719dabdb968f31231c16847,census_county_gazetteer:1787939514135521000:4c90d0f805779923b5958ab13d0c1e9b99fe4932b786bfcf75dd739bb2dcb4ea,2026-08-28T17:51:54.021564Z
420447,PELICANG/TGP HARRISONBURG LA CATAHO,D,delivery,LDC,CATAHOULA,LA,ZL,ZL,823,True,PELICAN GAS MANAGEMENT INC.,,31.666517,-91.846703,census_county_internal_point,county,22025,Catahoula Parish,km_tgp_locations:1787939514021564000:470a5ca9ff1632ccbae5df41106523761d4ea1990719dabdb968f31231c16847,census_county_gazetteer:1787939514135521000:4c90d0f805779923b5958ab13d0c1e9b99fe4932b786bfcf75dd739bb2dcb4ea,2026-08-28T17:51:54.021564Z
412026,BEUSA/TGP GRAND CANE DE SOTO,R,receipt,WHD,DE SOTO,LA,Z0,Z0,700,True,BEUSA ENERGY INC.,,32.059248,-93.740797,census_county_internal_point,county,22031,De Soto Parish,km_tgp_locations:1787939514021564000:470a5ca9ff1632ccbae5df41106523761d4ea1990719dabdb968f31231c16847,census_county_gazetteer:1787939514135521000:4c90d0f805779923b5958ab13d0c1e9b99fe4932b786bfcf75dd739bb2dcb4ea,2026-08-28T17:51:54.021564Z
412775,COMOG-LA/TGP TRENTON SALES: RIP 703,R,receipt,WHD,DE SOTO,LA,Z0,Z0,700,True,COMSTOCK OIL & GAS-LOUISIANA LLC,,32.059248,-93.740797,census_county_internal_point,county,22031,De Soto Parish,km_tgp_locations:1787939514021564000:470a5ca9ff1632ccbae5df41106523761d4ea1990719dabdb968f31231c16847,census_county_gazetteer:1787939514135521000:4c90d0f805779923b5958ab13d0c1e9b99fe4932b786bfcf75dd739bb2dcb4ea,2026-08-28T17:51:54.021564Z
412607,COVEY/TGP HOLLY FIELD DE SOTO,R,receipt,WHD,DE SOTO,LA,Z0,Z0,700,True,COVEY PARK GAS LLC,,32.059248,-93.740797,census_county_internal_point,county,22031,De Soto Parish,km_tgp_locations:1787939514021564000:470a5ca9ff1632ccbae5df41106523761d4ea1990719dabdb968f31231c16847,census_county_gazetteer:1787939514135521000:4c90d0f805779923b5958ab13d0c1e9b99fe4932b786bfcf75dd739bb2dcb4ea,2026-08-28T17:51:54.021564Z
412759,DIV PROD/TGP BURFORD GATHERING: RIP,R,receipt,WHD,DE SOTO,LA,Z0,Z0,700,True,DIVERSIFIED PRODUCTION LLC,,32.059248,-93.740797,census_county_internal_point,county,22031,De Soto Parish,km_tgp_locations:1787939514021564000:470a5ca9ff1632ccbae5df41106523761d4ea1990719dabdb968f31231c16847,census_county_gazetteer:1787939514135521000:4c90d0f805779923b5958ab13d0c1e9b99fe4932b786bfcf75dd739bb2dcb4ea,2026-08-28T17:51:54.021564Z
412764,ENT GATH/TGP UDP STATE LINE PROCESS,R,receipt,GTH,DE SOTO,LA,Z0,Z0,700,True,ENTERPRISE GATHERING LLC,,32.059248,-93.740797,census_county_internal_point,county,22031,De Soto Parish,km_tgp_locations:1787939514021564000:470a5ca9ff1632ccbae5df41106523761d4ea1990719dabdb968f31231c16847,census_county_gazetteer:1787939514135521000:4c90d0f805779923b5958ab13d0c1e9b99fe4932b786bfcf75dd739bb2dcb4ea,2026-08-28T17:51:54.021564Z
412081,EPE/TGP UDP BETHANY LONGSTREET FIEL,R,receipt,WHD,DE SOTO,LA,Z0,Z0,700,True,EP ENERGY E&P COMPANY LLC,,32.059248,-93.740797,census_county_internal_point,county,22031,De Soto Parish,km_tgp_locations:1787939514021564000:470a5ca9ff1632ccbae5df41106523761d4ea1990719dabdb968f31231c16847,census_county_gazetteer:1787939514135521000:4c90d0f805779923b5958ab13d0c1e9b99fe4932b786bfcf75dd739bb2dcb4ea,2026-08-28T17:51:54.021564Z
412725,ET G&P/TGP DE SO,R,receipt,WHD,DE SOTO,LA,Z0,Z0,700,True,ET GATHERING & PROCESSING LLC,C012199,32.059248,-93.740797,census_county_internal_point,county,22031,De Soto Parish,km_tgp_locations:1787939514021564000:470a5ca9ff1632ccbae5df41106523761d4ea1990719dabdb968f31231c16847,census_county_gazetteer:1787939514135521000:4c90d0f805779923b5958ab13d0c1e9b99fe4932b786bfcf75dd739bb2dcb4ea,2026-08-28T17:51:54.021564Z
412807,ET G&P/TGP LOGANSPORT B: RIP 704H 1,R,receipt,WHD,DE SOTO,LA,Z0,Z0,700,True,ET GATHERING & PROCESSING LLC,C012199,32.059248,-93.740797,census_county_internal_point,county,22031,De Soto Parish,km_tgp_locations:1787939514021564000:470a5ca9ff1632ccbae5df41106523761d4ea1990719dabdb968f31231c16847,census_county_gazetteer:1787939514135521000:4c90d0f805779923b5958ab13d0c1e9b99fe4932b786bfcf75dd739bb2dcb4ea,2026-08-28T17:51:54.021564Z
412706,ETC FS/TGP LOGANSPORT DE SOTO,R,receipt,WHD,DE SOTO,LA,Z0,Z0,700,True,ETC FIELD SERVICES LLC,,32.059248,-93.740797,census_county_internal_point,county,22031,De Soto Parish,km_tgp_locations:1787939514021564000:470a5ca9ff1632ccbae5df41106523761d4ea1990719dabdb968f31231c16847,census_county_gazetteer:1787939514135521000:4c90d0f805779923b5958ab13d0c1e9b99fe4932b786bfcf75dd739bb2dcb4ea,2026-08-28T17:51:54.021564Z
412786,ETGPLLC/TGP BLACKSTONE IVORY: RIP 7,R,receipt,INT,DE SOTO,LA,Z0,Z0,700,True,ET G,C004423,32.059248,-93.740797,census_county_internal_point,county,22031,De Soto Parish,km_tgp_locations:1787939514021564000:470a5ca9ff1632ccbae5df41106523761d4ea1990719dabdb968f31231c16847,census_county_gazetteer:1787939514135521000:4c90d0f805779923b5958ab13d0c1e9b99fe4932b786bfcf75dd739bb2dcb4ea,2026-08-28T17:51:54.021564Z
412814,ETGPLLC/TGP BLACKSTONE NO 1: RIP 70,R,receipt,INT,DE SOTO,LA,Z0,Z0,700,True,ET G,C004423,32.059248,-93.740797,census_county_internal_point,county,22031,De Soto Parish,km_tgp_locations:1787939514021564000:470a5ca9ff1632ccbae5df41106523761d4ea1990719dabdb968f31231c16847,census_county_gazetteer:1787939514135521000:4c90d0f805779923b5958ab13d0c1e9b99fe4932b786bfcf75dd739bb2dcb4ea,2026-08-28T17:51:54.021564Z
412765,ETGPLLC/TGP HARRIS 19.1: RIP 703G 1,R,receipt,INT,DE SOTO,LA,Z0,Z0,700,True,ET G,C004423,32.059248,-93.740797,census_county_internal_point,county,22031,De Soto Parish,km_tgp_locations:1787939514021564000:470a5ca9ff1632ccbae5df41106523761d4ea1990719dabdb968f31231c16847,census_county_gazetteer:1787939514135521000:4c90d0f805779923b5958ab13d0c1e9b99fe4932b786bfcf75dd739bb2dcb4ea,2026-08-28T17:51:54.021564Z
412583,GCENGY/TGP BENSON AND CONVERSE DE S,R,receipt,WHD,DE SOTO,LA,Z0,Z0,700,True,GULF COAST ENERGY INC.,,32.059248,-93.740797,census_county_internal_point,county,22031,De Soto Parish,km_tgp_locations:1787939514021564000:470a5ca9ff1632ccbae5df41106523761d4ea1990719dabdb968f31231c16847,census_county_gazetteer:1787939514135521000:4c90d0f805779923b5958ab13d0c1e9b99fe4932b786bfcf75dd739bb2dcb4ea,2026-08-28T17:51:54.021564Z
411755,IND MKTG/TGP GROGAN FIELD DE SOTO,R,receipt,WHD,DE SOTO,LA,Z0,Z0,700,True,INDEPENDENT ENERGY MARKETING AND TRADING LLC,,32.059248,-93.740797,census_county_internal_point,county,22031,De Soto Parish,km_tgp_locations:1787939514021564000:470a5ca9ff1632ccbae5df41106523761d4ea1990719dabdb968f31231c16847,census_county_gazetteer:1787939514135521000:4c90d0f805779923b5958ab13d0c1e9b99fe4932b786bfcf75dd739bb2dcb4ea,2026-08-28T17:51:54.021564Z
55661,KHFS/TGP SOUTH COUCHATTA RECEIPT DE,R,receipt,GTH,DE SOTO,LA,Z0,Z0,700,True,KINDERHAWK FIELD SERVICES LLC,,32.059248,-93.740797,census_county_internal_point,county,22031,De Soto Parish,km_tgp_locations:1787939514021564000:470a5ca9ff1632ccbae5df41106523761d4ea1990719dabdb968f31231c16847,census_county_gazetteer:1787939514135521000:4c90d0f805779923b5958ab13d0c1e9b99fe4932b786bfcf75dd739bb2dcb4ea,2026-08-28T17:51:54.021564Z
412819,LOUISMID/TGP CONVERSE CENTRAL: RIP,R,receipt,WHD,DE SOTO,LA,Z0,Z0,700,True,LOUISIANA MIDSTREAM GAS SERVICES LLC,,32.059248,-93.740797,census_county_internal_point,county,22031,De Soto Parish,km_tgp_locations:1787939514021564000:470a5ca9ff1632ccbae5df41106523761d4ea1990719dabdb968f31231c16847,census_county_gazetteer:1787939514135521000:4c90d0f805779923b5958ab13d0c1e9b99fe4932b786bfcf75dd739bb2dcb4ea,2026-08-28T17:51:54.021564Z
412610,MAGNUMPL/TGP WEST MANSFIELD DE SOTO,R,receipt,WHD,DE SOTO,LA,Z0,Z0,700,True,MAGNUM GAS PIPELINE INC.,,32.059248,-93.740797,census_county_internal_point,county,22031,De Soto Parish,km_tgp_locations:1787939514021564000:470a5ca9ff1632ccbae5df41106523761d4ea1990719dabdb968f31231c16847,census_county_gazetteer:1787939514135521000:4c90d0f805779923b5958ab13d0c1e9b99fe4932b786bfcf75dd739bb2dcb4ea,2026-08-28T17:51:54.021564Z
411442,SHOALMIR/TGP NABORTON DEHYD D N BEL,R,receipt,WHD,DE SOTO,LA,Z0,Z0,700,True,J. L. SHOALMIRE OPERATING COMPANY INC.,,32.059248,-93.740797,census_county_internal_point,county,22031,De Soto Parish,km_tgp_locations:1787939514021564000:470a5ca9ff1632ccbae5df41106523761d4ea1990719dabdb968f31231c16847,census_county_gazetteer:1787939514135521000:4c90d0f805779923b5958ab13d0c1e9b99fe4932b786bfcf75dd739bb2dcb4ea,2026-08-28T17:51:54.021564Z
411330,TEXLA/TGP CHEMARD LAKE DEHY DE SOTO,R,receipt,WHD,DE SOTO,LA,Z0,Z0,700,True,TEXLA ENERGY MANAGEMENT INC.,,32.059248,-93.740797,census_county_internal_point,county,22031,De Soto Parish,km_tgp_locations:1787939514021564000:470a5ca9ff1632ccbae5df41106523761d4ea1990719dabdb968f31231c16847,census_county_gazetteer:1787939514135521000:4c90d0f805779923b5958ab13d0c1e9b99fe4932b786bfcf75dd739bb2dcb4ea,2026-08-28T17:51:54.021564Z
420441,ATMOS TL/TGP TRANSYLVANIA LA EAST C,D,delivery,LDC,EAST CARROLL,LA,Z1,Z1,834,True,ATMOS ENERGY CORPORATION,,32.73017,-91.234141,census_county_internal_point,county,22035,East Carroll Parish,km_tgp_locations:1787939514021564000:470a5ca9ff1632ccbae5df41106523761d4ea1990719dabdb968f31231c16847,census_county_gazetteer:1787939514135521000:4c90d0f805779923b5958ab13d0c1e9b99fe4932b786bfcf75dd739bb2dcb4ea,2026-08-28T17:51:54.021564Z
53486,AIRLIQAT/TGP TIMBERLANE BIOGAS BUYB,D,delivery,OTH,EVANGELINE,LA,ZL,ZL,823,True,AIR LIQUIDE ADVANCED TECHNOLOGIES US LLC,,30.720693,-92.404086,census_county_internal_point,county,22039,Evangeline Parish,km_tgp_locations:1787939514021564000:470a5ca9ff1632ccbae5df41106523761d4ea1990719dabdb968f31231c16847,census_county_gazetteer:1787939514135521000:4c90d0f805779923b5958ab13d0c1e9b99fe4932b786bfcf75dd739bb2dcb4ea,2026-08-28T17:51:54.021564Z
53483,AIRLIQAT/TGP TIMBERLANE BIOGAS REC,R,receipt,RNG,EVANGELINE,LA,ZL,ZL,823,True,AIR LIQUIDE ADVANCED TECHNOLOGIES US LLC,,30.720693,-92.404086,census_county_internal_point,county,22039,Evangeline Parish,km_tgp_locations:1787939514021564000:470a5ca9ff1632ccbae5df41106523761d4ea1990719dabdb968f31231c16847,census_county_gazetteer:1787939514135521000:4c90d0f805779923b5958ab13d0c1e9b99fe4932b786bfcf75dd739bb2dcb4ea,2026-08-28T17:51:54.021564Z
421042,ELIZ NG/TGP EVANGELINE SALES EVANGE,D,delivery,LDC,EVANGELINE,LA,ZL,ZL,823,True,ELIZABETH NATURAL GAS INC.,,30.720693,-92.404086,census_county_internal_point,county,22039,Evangeline Parish,km_tgp_locations:1787939514021564000:470a5ca9ff1632ccbae5df41106523761d4ea1990719dabdb968f31231c16847,census_county_gazetteer:1787939514135521000:4c90d0f805779923b5958ab13d0c1e9b99fe4932b786bfcf75dd739bb2dcb4ea,2026-08-28T17:51:54.021564Z
412713,HUGHES E/TGP BLACK STONE13 EVANGELI,R,receipt,WHD,EVANGELINE,LA,ZL,ZL,823,True,HUGHES EASTERN CORPORATION,,30.720693,-92.404086,census_county_internal_point,county,22039,Evangeline Parish,km_tgp_locations:1787939514021564000:470a5ca9ff1632ccbae5df41106523761d4ea1990719dabdb968f31231c16847,census_county_gazetteer:1787939514135521000:4c90d0f805779923b5958ab13d0c1e9b99fe4932b786bfcf75dd739bb2dcb4ea,2026-08-28T17:51:54.021564Z
412393,MARKWEST/TGP HICKMAN 1 EVANGELINE,R,receipt,WHD,EVANGELINE,LA,ZL,ZL,823,True,MARKWEST PINNACLE L.L.C.,,30.720693,-92.404086,census_county_internal_point,county,22039,Evangeline Parish,km_tgp_locations:1787939514021564000:470a5ca9ff1632ccbae5df41106523761d4ea1990719dabdb968f31231c16847,census_county_gazetteer:1787939514135521000:4c90d0f805779923b5958ab13d0c1e9b99fe4932b786bfcf75dd739bb2dcb4ea,2026-08-28T17:51:54.021564Z
412514,MARKWEST/TGP SOUTH GLENMORA ROY O,R,receipt,WHD,EVANGELINE,LA,ZL,ZL,823,True,MARKWEST PINNACLE L.L.C.,,30.720693,-92.404086,census_county_internal_point,county,22039,Evangeline Parish,km_tgp_locations:1787939514021564000:470a5ca9ff1632ccbae5df41106523761d4ea1990719dabdb968f31231c16847,census_county_gazetteer:1787939514135521000:4c90d0f805779923b5958ab13d0c1e9b99fe4932b786bfcf75dd739bb2dcb4ea,2026-08-28T17:51:54.021564Z
420279,ATMOS TL/TGP CROWVILLE LA FRANKLIN,D,delivery,LDC,FRANKLIN,LA,Z1,Z1,834,True,ATMOS ENERGY CORPORATION,,32.139076,-91.672371,census_county_internal_point,county,22041,Franklin Parish,km_tgp_locations:1787939514021564000:470a5ca9ff1632ccbae5df41106523761d4ea1990719dabdb968f31231c16847,census_county_gazetteer:1787939514135521000:4c90d0f805779923b5958ab13d0c1e9b99fe4932b786bfcf75dd739bb2dcb4ea,2026-08-28T17:51:54.021564Z
49554,BBTMIDLA/TGP NORTH PEOPLES RD FRANK,D,delivery,INT,FRANKLIN,LA,Z1,Z1,834,True,BBT MIDLA LLC,C001024,32.139076,-91.672371,census_county_internal_point,county,22041,Franklin Parish,km_tgp_locations:1787939514021564000:470a5ca9ff1632ccbae5df41106523761d4ea1990719dabdb968f31231c16847,census_county_gazetteer:1787939514135521000:4c90d0f805779923b5958ab13d0c1e9b99fe4932b786bfcf75dd739bb2dcb4ea,2026-08-28T17:51:54.021564Z
49589,ETC TIG/TGP URSUS FRANKLIN,R,receipt,INT,FRANKLIN,LA,Z1,Z1,834,True,ETC TIGER PIPELINE LLC,C001013,32.139076,-91.672371,census_county_internal_point,county,22041,Franklin Parish,km_tgp_locations:1787939514021564000:470a5ca9ff1632ccbae5df41106523761d4ea1990719dabdb968f31231c16847,census_county_gazetteer:1787939514135521000:4c90d0f805779923b5958ab13d0c1e9b99fe4932b786bfcf75dd739bb2dcb4ea,2026-08-28T17:51:54.021564Z
49587,GULFSTH/TGP LUPE FRANKLIN,R,receipt,INT,FRANKLIN,LA,Z1,Z1,834,True,GULF SOUTH PIPELINE COMPANY LLC,C000591,32.139076,-91.672371,census_county_internal_point,county,22041,Franklin Parish,km_tgp_locations:1787939514021564000:470a5ca9ff1632ccbae5df41106523761d4ea1990719dabdb968f31231c16847,census_county_gazetteer:1787939514135521000:4c90d0f805779923b5958ab13d0c1e9b99fe4932b786bfcf75dd739bb2dcb4ea,2026-08-28T17:51:54.021564Z
55644,PCG POOL - ZN L 800 LEG,B,bidirectional,PPT,FRANKLIN,LA,ZL,ZL,823,False,,,32.139076,-91.672371,census_county_internal_point,county,22041,Franklin Parish,km_tgp_locations:1787939514021564000:470a5ca9ff1632ccbae5df41106523761d4ea1990719dabdb968f31231c16847,census_county_gazetteer:1787939514135521000:4c90d0f805779923b5958ab13d0c1e9b99fe4932b786bfcf75dd739bb2dcb4ea,2026-08-28T17:51:54.021564Z
420998,POOLING PT - 800 LEG - ZONE L,B,bidirectional,PPT,FRANKLIN,LA,ZL,ZL,823,False,,,32.139076,-91.672371,census_county_internal_point,county,22041,Franklin Parish,km_tgp_locations:1787939514021564000:470a5ca9ff1632ccbae5df41106523761d4ea1990719dabdb968f31231c16847,census_county_gazetteer:1787939514135521000:4c90d0f805779923b5958ab13d0c1e9b99fe4932b786bfcf75dd739bb2dcb4ea,2026-08-28T17:51:54.021564Z
412691,REGENCY/TGP PEOPLES ROAD FRANKLIN,R,receipt,INT,FRANKLIN,LA,Z1,Z1,834,True,REGENCY INTRASTATE GAS LP,C000370,32.139076,-91.672371,census_county_internal_point,county,22041,Franklin Parish,km_tgp_locations:1787939514021564000:470a5ca9ff1632ccbae5df41106523761d4ea1990719dabdb968f31231c16847,census_county_gazetteer:1787939514135521000:4c90d0f805779923b5958ab13d0c1e9b99fe4932b786bfcf75dd739bb2dcb4ea,2026-08-28T17:51:54.021564Z
412398,JEFFSTOR/TGP JEFFERSON ISLAND IBERI,B,bidirectional,INT,IBERIA,LA,ZL,ZL,515,True,JEFFERSON ISLAND STORAGE & HUB L.L.C.,C001773,29.606013,-91.842706,census_county_internal_point,county,22045,Iberia Parish,km_tgp_locations:1787939514021564000:470a5ca9ff1632ccbae5df41106523761d4ea1990719dabdb968f31231c16847,census_county_gazetteer:1787939514135521000:4c90d0f805779923b5958ab13d0c1e9b99fe4932b786bfcf75dd739bb2dcb4ea,2026-08-28T17:51:54.021564Z
54402,SYMMETRY/TGP ADOLPH ROAD IBERIA,D,delivery,LDC,IBERIA,LA,ZL,ZL,515,True,SYMMETRY ENERGY SOLUTIONS LLC,,29.606013,-91.842706,census_county_internal_point,county,22045,Iberia Parish,km_tgp_locations:1787939514021564000:470a5ca9ff1632ccbae5df41106523761d4ea1990719dabdb968f31231c16847,census_county_gazetteer:1787939514135521000:4c90d0f805779923b5958ab13d0c1e9b99fe4932b786bfcf75dd739bb2dcb4ea,2026-08-28T17:51:54.021564Z
420915,SYMMETRY/TGP PORT IBERIA SALES IBER,D,delivery,LDC,IBERIA,LA,ZL,ZL,515,True,SYMMETRY ENERGY SOLUTIONS LLC,,29.606013,-91.842706,census_county_internal_point,county,22045,Iberia Parish,km_tgp_locations:1787939514021564000:470a5ca9ff1632ccbae5df41106523761d4ea1990719dabdb968f31231c16847,census_county_gazetteer:1787939514135521000:4c90d0f805779923b5958ab13d0c1e9b99fe4932b786bfcf75dd739bb2dcb4ea,2026-08-28T17:51:54.021564Z
412830,ETC TIG/TGP CHATHAM JACKSON,R,receipt,INT,JACKSON,LA,Z1,Z1,143,True,ETC TIGER PIPELINE LLC,C001013,32.30429,-92.5617,census_county_internal_point,county,22049,Jackson Parish,km_tgp_locations:1787939514021564000:470a5ca9ff1632ccbae5df41106523761d4ea1990719dabdb968f31231c16847,census_county_gazetteer:1787939514135521000:4c90d0f805779923b5958ab13d0c1e9b99fe4932b786bfcf75dd739bb2dcb4ea,2026-08-28T17:51:54.021564Z
412621,EXCOPTNR/TGP CHATHAM RECEIPT JACKSO,R,receipt,WHD,JACKSON,LA,Z1,Z1,143,True,EXCO PARTNERS OPERATING PARTNERSHIP LP,,32.30429,-92.5617,census_county_internal_point,county,22049,Jackson Parish,km_tgp_locations:1787939514021564000:470a5ca9ff1632ccbae5df41106523761d4ea1990719dabdb968f31231c16847,census_county_gazetteer:1787939514135521000:4c90d0f805779923b5958ab13d0c1e9b99fe4932b786bfcf75dd739bb2dcb4ea,2026-08-28T17:51:54.021564Z
412672,TGP/TGP QUEEN BESS JEFFERSON,R,receipt,INT,JEFFERSON,LA,ZL,ZL,524,False,,,29.5033,-90.036231,census_county_internal_point,county,22051,Jefferson Parish,km_tgp_locations:1787939514021564000:470a5ca9ff1632ccbae5df41106523761d4ea1990719dabdb968f31231c16847,census_county_gazetteer:1787939514135521000:4c90d0f805779923b5958ab13d0c1e9b99fe4932b786bfcf75dd739bb2dcb4ea,2026-08-28T17:51:54.021564Z
412002,ANR/TGP CHALKLEY TRANSPORT JEFFERSO,B,bidirectional,INT,JEFFERSON DAVIS,LA,ZL,ZL,905,True,ANR PIPELINE COMPANY,C000623,30.269529,-92.816221,census_county_internal_point,county,22053,Jefferson Davis Parish,km_tgp_locations:1787939514021564000:470a5ca9ff1632ccbae5df41106523761d4ea1990719dabdb968f31231c16847,census_county_gazetteer:1787939514135521000:4c90d0f805779923b5958ab13d0c1e9b99fe4932b786bfcf75dd739bb2dcb4ea,2026-08-28T17:51:54.021564Z
420346,COKINOS/TGP HEBERT FARM LA JEFFERSO,D,delivery,LDC,JEFFERSON DAVIS,LA,ZL,ZL,509,True,COKINOS NATURAL GAS COMPANY,,30.269529,-92.816221,census_county_internal_point,county,22053,Jefferson Davis Parish,km_tgp_locations:1787939514021564000:470a5ca9ff1632ccbae5df41106523761d4ea1990719dabdb968f31231c16847,census_county_gazetteer:1787939514135521000:4c90d0f805779923b5958ab13d0c1e9b99fe4932b786bfcf75dd739bb2dcb4ea,2026-08-28T17:51:54.021564Z
420329,COKINOS/TGP HOLLINS FARM LA JEFFERS,D,delivery,LDC,JEFFERSON DAVIS,LA,ZL,ZL,509,True,COKINOS NATURAL GAS COMPANY,,30.269529,-92.816221,census_county_internal_point,county,22053,Jefferson Davis Parish,km_tgp_locations:1787939514021564000:470a5ca9ff1632ccbae5df41106523761d4ea1990719dabdb968f31231c16847,census_county_gazetteer:1787939514135521000:4c90d0f805779923b5958ab13d0c1e9b99fe4932b786bfcf75dd739bb2dcb4ea,2026-08-28T17:51:54.021564Z
420227,COKINOS/TGP KING FARM LA JEFFERSON,D,delivery,LDC,JEFFERSON DAVIS,LA,ZL,ZL,822,True,COKINOS NATURAL GAS COMPANY,,30.269529,-92.816221,census_county_internal_point,county,22053,Jefferson Davis Parish,km_tgp_locations:1787939514021564000:470a5ca9ff1632ccbae5df41106523761d4ea1990719dabdb968f31231c16847,census_county_gazetteer:1787939514135521000:4c90d0f805779923b5958ab13d0c1e9b99fe4932b786bfcf75dd739bb2dcb4ea,2026-08-28T17:51:54.021564Z
420493,COKINOS/TGP MALLETT FARM LA JEFFERS,D,delivery,LDC,JEFFERSON DAVIS,LA,ZL,ZL,910,True,COKINOS NATURAL GAS COMPANY,,30.269529,-92.816221,census_county_internal_point,county,22053,Jefferson Davis Parish,km_tgp_locations:1787939514021564000:470a5ca9ff1632ccbae5df41106523761d4ea1990719dabdb968f31231c16847,census_county_gazetteer:1787939514135521000:4c90d0f805779923b5958ab13d0c1e9b99fe4932b786bfcf75dd739bb2dcb4ea,2026-08-28T17:51:54.021564Z
420419,ELIZ NG/TGP HEBERT FARM LA JEFFERSO,D,delivery,LDC,JEFFERSON DAVIS,LA,ZL,ZL,509,True,ELIZABETH NATURAL GAS INC.,,30.269529,-92.816221,census_county_internal_point,county,22053,Jefferson Davis Parish,km_tgp_locations:1787939514021564000:470a5ca9ff1632ccbae5df41106523761d4ea1990719dabdb968f31231c16847,census_county_gazetteer:1787939514135521000:4c90d0f805779923b5958ab13d0c1e9b99fe4932b786bfcf75dd739bb2dcb4ea,2026-08-28T17:51:54.021564Z
49038,MARQUIS/TGP GRAYS BLUFF JEFFERSON D,R,receipt,WHD,JEFFERSON DAVIS,LA,ZL,ZL,822,True,MARQUIS RESOURCES LLC,,30.269529,-92.816221,census_county_internal_point,county,22053,Jefferson Davis Parish,km_tgp_locations:1787939514021564000:470a5ca9ff1632ccbae5df41106523761d4ea1990719dabdb968f31231c16847,census_county_gazetteer:1787939514135521000:4c90d0f805779923b5958ab13d0c1e9b99fe4932b786bfcf75dd739bb2dcb4ea,2026-08-28T17:51:54.021564Z
412653,PAR MINL/TGP INDIAN VILLAGE JEFFERS,R,receipt,WHD,JEFFERSON DAVIS,LA,ZL,ZL,822,True,PAR MINERALS CORP,,30.269529,-92.816221,census_county_internal_point,county,22053,Jefferson Davis Parish,km_tgp_locations:1787939514021564000:470a5ca9ff1632ccbae5df41106523761d4ea1990719dabdb968f31231c16847,census_county_gazetteer:1787939514135521000:4c90d0f805779923b5958ab13d0c1e9b99fe4932b786bfcf75dd739bb2dcb4ea,2026-08-28T17:51:54.021564Z
420473,TRUNKLNE/TGP KINDER LA EXCH JEFFERS,D,delivery,INT,JEFFERSON DAVIS,LA,ZL,ZL,822,True,TRUNKLINE GAS COMPANY LLC,C000251,30.269529,-92.816221,census_county_internal_point,county,22053,Jefferson Davis Parish,km_tgp_locations:1787939514021564000:470a5ca9ff1632ccbae5df41106523761d4ea1990719dabdb968f31231c16847,census_county_gazetteer:1787939514135521000:4c90d0f805779923b5958ab13d0c1e9b99fe4932b786bfcf75dd739bb2dcb4ea,2026-08-28T17:51:54.021564Z
412680,TRUNKLNE/TGP LACASSINE JEFFERSON DA,R,receipt,INT,JEFFERSON DAVIS,LA,ZL,ZL,910,True,TRUNKLINE GAS COMPANY LLC,C000251,30.269529,-92.816221,census_county_internal_point,county,22053,Jefferson Davis Parish,km_tgp_locations:1787939514021564000:470a5ca9ff1632ccbae5df41106523761d4ea1990719dabdb968f31231c16847,census_county_gazetteer:1787939514135521000:4c90d0f805779923b5958ab13d0c1e9b99fe4932b786bfcf75dd739bb2dcb4ea,2026-08-28T17:51:54.021564Z
420755,ATMOS TL/TGP LASALLE PARISH NEBO SA,D,delivery,LDC,LA SALLE,LA,ZL,ZL,823,True,ATMOS ENERGY CORPORATION,,31.680083,-92.161596,census_county_internal_point,county,22059,LaSalle Parish,km_tgp_locations:1787939514021564000:470a5ca9ff1632ccbae5df41106523761d4ea1990719dabdb968f31231c16847,census_county_gazetteer:1787939514135521000:4c90d0f805779923b5958ab13d0c1e9b99fe4932b786bfcf75dd739bb2dcb4ea,2026-08-28T17:51:54.021564Z
420920,XH/TGP NEBO HEMPHILL GAS PLANT LA S,D,delivery,PLT,LA SALLE,LA,ZL,ZL,823,True,XH LLC,,31.680083,-92.161596,census_county_internal_point,county,22059,LaSalle Parish,km_tgp_locations:1787939514021564000:470a5ca9ff1632ccbae5df41106523761d4ea1990719dabdb968f31231c16847,census_county_gazetteer:1787939514135521000:4c90d0f805779923b5958ab13d0c1e9b99fe4932b786bfcf75dd739bb2dcb4ea,2026-08-28T17:51:54.021564Z
49643,GULFSTH/TGP SKIPPER MADISON,R,receipt,INT,MADISON,LA,Z1,Z1,834,True,GULF SOUTH PIPELINE COMPANY LLC,C000591,32.346878,-91.231932,census_county_internal_point,county,22065,Madison Parish,km_tgp_locations:1787939514021564000:470a5ca9ff1632ccbae5df41106523761d4ea1990719dabdb968f31231c16847,census_county_gazetteer:1787939514135521000:4c90d0f805779923b5958ab13d0c1e9b99fe4932b786bfcf75dd739bb2dcb4ea,2026-08-28T17:51:54.021564Z
49583,MEP/TGP PILLAR MADISON,R,receipt,INT,MADISON,LA,Z1,Z1,834,True,MIDCONTINENT EXPRESS PIPELINE LLC,C000235,32.346878,-91.231932,census_county_internal_point,county,22065,Madison Parish,km_tgp_locations:1787939514021564000:470a5ca9ff1632ccbae5df41106523761d4ea1990719dabdb968f31231c16847,census_county_gazetteer:1787939514135521000:4c90d0f805779923b5958ab13d0c1e9b99fe4932b786bfcf75dd739bb2dcb4ea,2026-08-28T17:51:54.021564Z
55643,PCG POOL - ZN 1 800 LEG,B,bidirectional,PPT,MADISON,LA,Z1,Z1,834,False,,,32.346878,-91.231932,census_county_internal_point,county,22065,Madison Parish,km_tgp_locations:1787939514021564000:470a5ca9ff1632ccbae5df41106523761d4ea1990719dabdb968f31231c16847,census_county_gazetteer:1787939514135521000:4c90d0f805779923b5958ab13d0c1e9b99fe4932b786bfcf75dd739bb2dcb4ea,2026-08-28T17:51:54.021564Z
420829,POOLING PT - 800 LEG - ZONE 1,B,bidirectional,PPT,MADISON,LA,Z1,Z1,834,False,,,32.346878,-91.231932,census_county_internal_point,county,22065,Madison Parish,km_tgp_locations:1787939514021564000:470a5ca9ff1632ccbae5df41106523761d4ea1990719dabdb968f31231c16847,census_county_gazetteer:1787939514135521000:4c90d0f805779923b5958ab13d0c1e9b99fe4932b786bfcf75dd739bb2dcb4ea,2026-08-28T17:51:54.021564Z
420150,ATMOS TL/TGP ROBLINE LA NATCHITOCHE,D,delivery,LDC,NATCHITOCHES,LA,Z0,Z0,132,True,ATMOS ENERGY CORPORATION,,31.732509,-93.082546,census_county_internal_point,county,22069,Natchitoches Parish,km_tgp_locations:1787939514021564000:470a5ca9ff1632ccbae5df41106523761d4ea1990719dabdb968f31231c16847,census_county_gazetteer:1787939514135521000:4c90d0f805779923b5958ab13d0c1e9b99fe4932b786bfcf75dd739bb2dcb4ea,2026-08-28T17:51:54.021564Z
412809,CRTXLIG/TGP CLEAR LAKE NO. 1: RIP 4,R,receipt,INT,NATCHITOCHES,LA,Z1,Z1,140,True,ENLINK LIG LLC,C001142,31.732509,-93.082546,census_county_internal_point,county,22069,Natchitoches Parish,km_tgp_locations:1787939514021564000:470a5ca9ff1632ccbae5df41106523761d4ea1990719dabdb968f31231c16847,census_county_gazetteer:1787939514135521000:4c90d0f805779923b5958ab13d0c1e9b99fe4932b786bfcf75dd739bb2dcb4ea,2026-08-28T17:51:54.021564Z
412829,ET G&P/TGP ROBELINE: RIP 38B 101.1,R,receipt,INT,NATCHITOCHES,LA,Z0,Z0,132,True,ET GATHERING & PROCESSING LLC,C012199,31.732509,-93.082546,census_county_internal_point,county,22069,Natchitoches Parish,km_tgp_locations:1787939514021564000:470a5ca9ff1632ccbae5df41106523761d4ea1990719dabdb968f31231c16847,census_county_gazetteer:1787939514135521000:4c90d0f805779923b5958ab13d0c1e9b99fe4932b786bfcf75dd739bb2dcb4ea,2026-08-28T17:51:54.021564Z
411787,EXCO/TGP BLACK LAKE DEHY NATCHITOCH,R,receipt,WHD,NATCHITOCHES,LA,Z1,Z1,140,True,EXCO RESOURCES INC.,,31.732509,-93.082546,census_county_internal_point,county,22069,Natchitoches Parish,km_tgp_locations:1787939514021564000:470a5ca9ff1632ccbae5df41106523761d4ea1990719dabdb968f31231c16847,census_county_gazetteer:1787939514135521000:4c90d0f805779923b5958ab13d0c1e9b99fe4932b786bfcf75dd739bb2dcb4ea,2026-08-28T17:51:54.021564Z
55579,PCG POOL - STA. 87 - ZONE 1,B,bidirectional,PPT,NATCHITOCHES,LA,Z1,Z1,860,False,,,31.732509,-93.082546,census_county_internal_point,county,22069,Natchitoches Parish,km_tgp_locations:1787939514021564000:470a5ca9ff1632ccbae5df41106523761d4ea1990719dabdb968f31231c16847,census_county_gazetteer:1787939514135521000:4c90d0f805779923b5958ab13d0c1e9b99fe4932b786bfcf75dd739bb2dcb4ea,2026-08-28T17:51:54.021564Z
55578,PCG POOL -100 LEG -ZN 0 NORTH,B,bidirectional,PPT,NATCHITOCHES,LA,Z0,Z0,139,False,,,31.732509,-93.082546,census_county_internal_point,county,22069,Natchitoches Parish,km_tgp_locations:1787939514021564000:470a5ca9ff1632ccbae5df41106523761d4ea1990719dabdb968f31231c16847,census_county_gazetteer:1787939514135521000:4c90d0f805779923b5958ab13d0c1e9b99fe4932b786bfcf75dd739bb2dcb4ea,2026-08-28T17:51:54.021564Z
411143,PG&E/TGP GROGAN DEHYN TRANSPORT NAT,R,receipt,WHD,NATCHITOCHES,LA,Z0,Z0,700,True,NEGT ENERGY TRADING-GAS CORPORATION,,31.732509,-93.082546,census_county_internal_point,county,22069,Natchitoches Parish,km_tgp_locations:1787939514021564000:470a5ca9ff1632ccbae5df41106523761d4ea1990719dabdb968f31231c16847,census_county_gazetteer:1787939514135521000:4c90d0f805779923b5958ab13d0c1e9b99fe4932b786bfcf75dd739bb2dcb4ea,2026-08-28T17:51:54.021564Z
420826,POOLING PT-100 LEG-ZN 0-NORTH,B,bidirectional,PPT,NATCHITOCHES,LA,Z0,Z0,139,False,,,31.732509,-93.082546,census_county_internal_point,county,22069,Natchitoches Parish,km_tgp_locations:1787939514021564000:470a5ca9ff1632ccbae5df41106523761d4ea1990719dabdb968f31231c16847,census_county_gazetteer:1787939514135521000:4c90d0f805779923b5958ab13d0c1e9b99fe4932b786bfcf75dd739bb2dcb4ea,2026-08-28T17:51:54.021564Z
420388,PROVNCAL/TGP PROVENCAL LA NATCHITOC,D,delivery,LDC,NATCHITOCHES,LA,ZL,ZL,501,True,PROVENCAL VILLAGE OF,,31.732509,-93.082546,census_county_internal_point,county,22069,Natchitoches Parish,km_tgp_locations:1787939514021564000:470a5ca9ff1632ccbae5df41106523761d4ea1990719dabdb968f31231c16847,census_county_gazetteer:1787939514135521000:4c90d0f805779923b5958ab13d0c1e9b99fe4932b786bfcf75dd739bb2dcb4ea,2026-08-28T17:51:54.021564Z
411598,SHUFFLIN/TGP SAN MIGUEL CREEK FIELD,R,receipt,WHD,NATCHITOCHES,LA,Z0,Z0,700,True,SHUFFLIN ENERGY COMPANY,,31.732509,-93.082546,census_county_internal_point,county,22069,Natchitoches Parish,km_tgp_locations:1787939514021564000:470a5ca9ff1632ccbae5df41106523761d4ea1990719dabdb968f31231c16847,census_county_gazetteer:1787939514135521000:4c90d0f805779923b5958ab13d0c1e9b99fe4932b786bfcf75dd739bb2dcb4ea,2026-08-28T17:51:54.021564Z
460017,STORAGE - BEAR CREEK,B,bidirectional,STR,NATCHITOCHES,LA,Z1,Z1,141,True,BEAR CREEK STORAGE COMPANY L.L.C.,C003234,31.732509,-93.082546,census_county_internal_point,county,22069,Natchitoches Parish,km_tgp_locations:1787939514021564000:470a5ca9ff1632ccbae5df41106523761d4ea1990719dabdb968f31231c16847,census_county_gazetteer:1787939514135521000:4c90d0f805779923b5958ab13d0c1e9b99fe4932b786bfcf75dd739bb2dcb4ea,2026-08-28T17:51:54.021564Z
47872,ATMOS TL/TGP CHAUVIN OUACHITA,D,delivery,LDC,OUACHITA,LA,Z1,Z1,143,True,ATMOS ENERGY CORPORATION,,32.480932,-92.151581,census_county_internal_point,county,22073,Ouachita Parish,km_tgp_locations:1787939514021564000:470a5ca9ff1632ccbae5df41106523761d4ea1990719dabdb968f31231c16847,census_county_gazetteer:1787939514135521000:4c90d0f805779923b5958ab13d0c1e9b99fe4932b786bfcf75dd739bb2dcb4ea,2026-08-28T17:51:54.021564Z
48813,ATMOS TL/TGP GOODHOPE OUACHITA,D,delivery,LDC,OUACHITA,LA,Z1,Z1,143,True,ATMOS ENERGY CORPORATION,,32.480932,-92.151581,census_county_internal_point,county,22073,Ouachita Parish,km_tgp_locations:1787939514021564000:470a5ca9ff1632ccbae5df41106523761d4ea1990719dabdb968f31231c16847,census_county_gazetteer:1787939514135521000:4c90d0f805779923b5958ab13d0c1e9b99fe4932b786bfcf75dd739bb2dcb4ea,2026-08-28T17:51:54.021564Z
421013,BBTMIDLA/TGP FAIRBANKS OUACHITA,D,delivery,EGN,OUACHITA,LA,Z1,Z1,143,True,BBT MIDLA LLC,C001024,32.480932,-92.151581,census_county_internal_point,county,22073,Ouachita Parish,km_tgp_locations:1787939514021564000:470a5ca9ff1632ccbae5df41106523761d4ea1990719dabdb968f31231c16847,census_county_gazetteer:1787939514135521000:4c90d0f805779923b5958ab13d0c1e9b99fe4932b786bfcf75dd739bb2dcb4ea,2026-08-28T17:51:54.021564Z
412105,COMSTRES/TGP UDP CADEVILLE LA OUA,R,receipt,WHD,OUACHITA,LA,Z1,Z1,143,True,COMSTOCK RESOURCES INC.,,32.480932,-92.151581,census_county_internal_point,county,22073,Ouachita Parish,km_tgp_locations:1787939514021564000:470a5ca9ff1632ccbae5df41106523761d4ea1990719dabdb968f31231c16847,census_county_gazetteer:1787939514135521000:4c90d0f805779923b5958ab13d0c1e9b99fe4932b786bfcf75dd739bb2dcb4ea,2026-08-28T17:51:54.021564Z
412352,EGT/TGP GUTHRIE EXCHANGE OUACHITA,B,bidirectional,INT,OUACHITA,LA,Z1,Z1,143,True,ENABLE GAS TRANSMISSION LLC,C000544,32.480932,-92.151581,census_county_internal_point,county,22073,Ouachita Parish,km_tgp_locations:1787939514021564000:470a5ca9ff1632ccbae5df41106523761d4ea1990719dabdb968f31231c16847,census_county_gazetteer:1787939514135521000:4c90d0f805779923b5958ab13d0c1e9b99fe4932b786bfcf75dd739bb2dcb4ea,2026-08-28T17:51:54.021564Z
421062,ENTRGYLA/TGP PERRYVILLE POWER OUACH,D,delivery,EGN,OUACHITA,LA,Z1,Z1,143,True,ENTERGY LOUISIANA LLC,,32.480932,-92.151581,census_county_internal_point,county,22073,Ouachita Parish,km_tgp_locations:1787939514021564000:470a5ca9ff1632ccbae5df41106523761d4ea1990719dabdb968f31231c16847,census_county_gazetteer:1787939514135521000:4c90d0f805779923b5958ab13d0c1e9b99fe4932b786bfcf75dd739bb2dcb4ea,2026-08-28T17:51:54.021564Z
49780,GULFSTH/TGP WORTHY ROAD SOUTH OUACH,D,delivery,INT,OUACHITA,LA,Z1,Z1,143,True,GULF SOUTH PIPELINE COMPANY LLC,C000591,32.480932,-92.151581,census_county_internal_point,county,22073,Ouachita Parish,km_tgp_locations:1787939514021564000:470a5ca9ff1632ccbae5df41106523761d4ea1990719dabdb968f31231c16847,census_county_gazetteer:1787939514135521000:4c90d0f805779923b5958ab13d0c1e9b99fe4932b786bfcf75dd739bb2dcb4ea,2026-08-28T17:51:54.021564Z
55642,PCG POOL - ZN 1 100 LEG,B,bidirectional,PPT,OUACHITA,LA,Z1,Z1,143,False,,,32.480932,-92.151581,census_county_internal_point,county,22073,Ouachita Parish,km_tgp_locations:1787939514021564000:470a5ca9ff1632ccbae5df41106523761d4ea1990719dabdb968f31231c16847,census_county_gazetteer:1787939514135521000:4c90d0f805779923b5958ab13d0c1e9b99fe4932b786bfcf75dd739bb2dcb4ea,2026-08-28T17:51:54.021564Z
420827,POOLING PT - 100 LEG - ZN 1,B,bidirectional,PPT,OUACHITA,LA,Z1,Z1,143,False,,,32.480932,-92.151581,census_county_internal_point,county,22073,Ouachita Parish,km_tgp_locations:1787939514021564000:470a5ca9ff1632ccbae5df41106523761d4ea1990719dabdb968f31231c16847,census_county_gazetteer:1787939514135521000:4c90d0f805779923b5958ab13d0c1e9b99fe4932b786bfcf75dd739bb2dcb4ea,2026-08-28T17:51:54.021564Z
412714,CRESOP/TGP LAKE WASHINGTON SL 212 P,R,receipt,WHD,PLAQUEMINES,LA,ZL,ZL,526,True,CRESCENT ENERGY OPERATING LLC,,29.282447,-89.576068,census_county_internal_point,county,22075,Plaquemines Parish,km_tgp_locations:1787939514021564000:470a5ca9ff1632ccbae5df41106523761d4ea1990719dabdb968f31231c16847,census_county_gazetteer:1787939514135521000:4c90d0f805779923b5958ab13d0c1e9b99fe4932b786bfcf75dd739bb2dcb4ea,2026-08-28T17:51:54.021564Z
412654,ELYSIUM/TGP POTASH PLAQUEMINES,R,receipt,WHD,PLAQUEMINES,LA,ZL,ZL,527,True,ELYSIUM ENERGY L.L.C.,,29.282447,-89.576068,census_county_internal_point,county,22075,Plaquemines Parish,km_tgp_locations:1787939514021564000:470a5ca9ff1632ccbae5df41106523761d4ea1990719dabdb968f31231c16847,census_county_gazetteer:1787939514135521000:4c90d0f805779923b5958ab13d0c1e9b99fe4932b786bfcf75dd739bb2dcb4ea,2026-08-28T17:51:54.021564Z
421077,ELYSIUM/TGP POTASH: DIP 528 2 PLAQU,D,delivery,INT,PLAQUEMINES,LA,ZL,ZL,527,True,ELYSIUM ENERGY L.L.C.,,29.282447,-89.576068,census_county_internal_point,county,22075,Plaquemines Parish,km_tgp_locations:1787939514021564000:470a5ca9ff1632ccbae5df41106523761d4ea1990719dabdb968f31231c16847,census_county_gazetteer:1787939514135521000:4c90d0f805779923b5958ab13d0c1e9b99fe4932b786bfcf75dd739bb2dcb4ea,2026-08-28T17:51:54.021564Z
412658,EXTEX/TGP FLEUR PLAQUEMINES,R,receipt,WHD,PLAQUEMINES,LA,ZL,ZL,524,True,EXTEX OPERATING COMPANY,,29.282447,-89.576068,census_county_internal_point,county,22075,Plaquemines Parish,km_tgp_locations:1787939514021564000:470a5ca9ff1632ccbae5df41106523761d4ea1990719dabdb968f31231c16847,census_county_gazetteer:1787939514135521000:4c90d0f805779923b5958ab13d0c1e9b99fe4932b786bfcf75dd739bb2dcb4ea,2026-08-28T17:51:54.021564Z
412573,HARVSTOG/TGP DELACROIX PLAQUEMINES,R,receipt,WHD,PLAQUEMINES,LA,ZL,ZL,527,True,HARVEST OIL & GAS LLC,,29.282447,-89.576068,census_county_internal_point,county,22075,Plaquemines Parish,km_tgp_locations:1787939514021564000:470a5ca9ff1632ccbae5df41106523761d4ea1990719dabdb968f31231c16847,census_county_gazetteer:1787939514135521000:4c90d0f805779923b5958ab13d0c1e9b99fe4932b786bfcf75dd739bb2dcb4ea,2026-08-28T17:51:54.021564Z
411995,HEC/TGP BAY BATISTE DEHYDRATION PLA,R,receipt,WHD,PLAQUEMINES,LA,ZL,ZL,524,True,HILCORP ENERGY COMPANY,,29.282447,-89.576068,census_county_internal_point,county,22075,Plaquemines Parish,km_tgp_locations:1787939514021564000:470a5ca9ff1632ccbae5df41106523761d4ea1990719dabdb968f31231c16847,census_county_gazetteer:1787939514135521000:4c90d0f805779923b5958ab13d0c1e9b99fe4932b786bfcf75dd739bb2dcb4ea,2026-08-28T17:51:54.021564Z
412882,KINETICA/TGP PORT SULPHUR PLAQUEMIN,B,bidirectional,INT,PLAQUEMINES,LA,ZL,ZL,526,True,KINETICA ENERGY EXPRESS L.L.C.,C003552,29.282447,-89.576068,census_county_internal_point,county,22075,Plaquemines Parish,km_tgp_locations:1787939514021564000:470a5ca9ff1632ccbae5df41106523761d4ea1990719dabdb968f31231c16847,census_county_gazetteer:1787939514135521000:4c90d0f805779923b5958ab13d0c1e9b99fe4932b786bfcf75dd739bb2dcb4ea,2026-08-28T17:51:54.021564Z
450257,KINETICA/TGP STA 527 FLASH GAS & V.,R,receipt,INT,PLAQUEMINES,LA,ZL,ZL,527,True,KINETICA ENERGY EXPRESS L.L.C.,C003552,29.282447,-89.576068,census_county_internal_point,county,22075,Plaquemines Parish,km_tgp_locations:1787939514021564000:470a5ca9ff1632ccbae5df41106523761d4ea1990719dabdb968f31231c16847,census_county_gazetteer:1787939514135521000:4c90d0f805779923b5958ab13d0c1e9b99fe4932b786bfcf75dd739bb2dcb4ea,2026-08-28T17:51:54.021564Z
411145,OGS/TGP BAY BATISTE TRANSPORT PLAQU,R,receipt,INT,PLAQUEMINES,LA,ZL,ZL,524,True,OGS PIPELINE LLC,,29.282447,-89.576068,census_county_internal_point,county,22075,Plaquemines Parish,km_tgp_locations:1787939514021564000:470a5ca9ff1632ccbae5df41106523761d4ea1990719dabdb968f31231c16847,census_county_gazetteer:1787939514135521000:4c90d0f805779923b5958ab13d0c1e9b99fe4932b786bfcf75dd739bb2dcb4ea,2026-08-28T17:51:54.021564Z
421051,TGP/TGP PORT SULPHUR LIQUIDS: DIP 5,D,delivery,INT,PLAQUEMINES,LA,ZL,ZL,527,False,,,29.282447,-89.576068,census_county_internal_point,county,22075,Plaquemines Parish,km_tgp_locations:1787939514021564000:470a5ca9ff1632ccbae5df41106523761d4ea1990719dabdb968f31231c16847,census_county_gazetteer:1787939514135521000:4c90d0f805779923b5958ab13d0c1e9b99fe4932b786bfcf75dd739bb2dcb4ea,2026-08-28T17:51:54.021564Z
55833,VG GATOR/TGP EVANGELINE PASS DELIVE,D,delivery,INT,PLAQUEMINES,LA,ZL,ZL,524,True,VENTURE GLOBAL GATOR EXPRESS LLC,CO11982,29.282447,-89.576068,census_county_internal_point,county,22075,Plaquemines Parish,km_tgp_locations:1787939514021564000:470a5ca9ff1632ccbae5df41106523761d4ea1990719dabdb968f31231c16847,census_county_gazetteer:1787939514135521000:4c90d0f805779923b5958ab13d0c1e9b99fe4932b786bfcf75dd739bb2dcb4ea,2026-08-28T17:51:54.021564Z
412847,ACADIAN/TGP CHENEYVILLE RAPIDES,R,receipt,INT,RAPIDES,LA,ZL,ZL,823,True,ACADIAN GAS PIPELINE SYSTEM,C000932,31.193204,-92.535953,census_county_internal_point,county,22079,Rapides Parish,km_tgp_locations:1787939514021564000:470a5ca9ff1632ccbae5df41106523761d4ea1990719dabdb968f31231c16847,census_county_gazetteer:1787939514135521000:4c90d0f805779923b5958ab13d0c1e9b99fe4932b786bfcf75dd739bb2dcb4ea,2026-08-28T17:51:54.021564Z
421034,ANR/TGP RAPIDES RAPIDES,B,bidirectional,INT,RAPIDES,LA,ZL,ZL,823,True,ANR PIPELINE COMPANY,C000623,31.193204,-92.535953,census_county_internal_point,county,22079,Rapides Parish,km_tgp_locations:1787939514021564000:470a5ca9ff1632ccbae5df41106523761d4ea1990719dabdb968f31231c16847,census_county_gazetteer:1787939514135521000:4c90d0f805779923b5958ab13d0c1e9b99fe4932b786bfcf75dd739bb2dcb4ea,2026-08-28T17:51:54.021564Z
420530,DELTA LA/TGP GLENMORA LA EXCH RAPID,D,delivery,LDC,RAPIDES,LA,ZL,ZL,823,True,DELTA SOUTH LOUISIANA GAS COMPANY LLC,,31.193204,-92.535953,census_county_internal_point,county,22079,Rapides Parish,km_tgp_locations:1787939514021564000:470a5ca9ff1632ccbae5df41106523761d4ea1990719dabdb968f31231c16847,census_county_gazetteer:1787939514135521000:4c90d0f805779923b5958ab13d0c1e9b99fe4932b786bfcf75dd739bb2dcb4ea,2026-08-28T17:51:54.021564Z
420296,FORSTHIL/TGP FOREST HILL LA RAPIDES,D,delivery,LDC,RAPIDES,LA,ZL,ZL,823,True,FOREST HILL VILLAGE OF,,31.193204,-92.535953,census_county_internal_point,county,22079,Rapides Parish,km_tgp_locations:1787939514021564000:470a5ca9ff1632ccbae5df41106523761d4ea1990719dabdb968f31231c16847,census_county_gazetteer:1787939514135521000:4c90d0f805779923b5958ab13d0c1e9b99fe4932b786bfcf75dd739bb2dcb4ea,2026-08-28T17:51:54.021564Z
412498,ONYXX/TGP HOGAN GLENMORA RAPIDES,R,receipt,WHD,RAPIDES,LA,ZL,ZL,823,True,ONYXX ENERGY LLC,,31.193204,-92.535953,census_county_internal_point,county,22079,Rapides Parish,km_tgp_locations:1787939514021564000:470a5ca9ff1632ccbae5df41106523761d4ea1990719dabdb968f31231c16847,census_county_gazetteer:1787939514135521000:4c90d0f805779923b5958ab13d0c1e9b99fe4932b786bfcf75dd739bb2dcb4ea,2026-08-28T17:51:54.021564Z
421043,PINE PRA/TGP PINE PRAIRIE NORTH RAP,B,bidirectional,STR,RAPIDES,LA,ZL,ZL,823,True,PINE PRAIRIE ENERGY CENTER LLC,C001058,31.193204,-92.535953,census_county_internal_point,county,22079,Rapides Parish,km_tgp_locations:1787939514021564000:470a5ca9ff1632ccbae5df41106523761d4ea1990719dabdb968f31231c16847,census_county_gazetteer:1787939514135521000:4c90d0f805779923b5958ab13d0c1e9b99fe4932b786bfcf75dd739bb2dcb4ea,2026-08-28T17:51:54.021564Z
54628,STORAGE - PINE PRAIRIE,B,bidirectional,STR,RAPIDES,LA,ZL,ZL,823,False,,,31.193204,-92.535953,census_county_internal_point,county,22079,Rapides Parish,km_tgp_locations:1787939514021564000:470a5ca9ff1632ccbae5df41106523761d4ea1990719dabdb968f31231c16847,census_county_gazetteer:1787939514135521000:4c90d0f805779923b5958ab13d0c1e9b99fe4932b786bfcf75dd739bb2dcb4ea,2026-08-28T17:51:54.021564Z
49585,GULFRUN/TGP BEARFOOT RICHLAND,R,receipt,INT,RICHLAND,LA,Z1,Z1,834,True,GULF RUN TRANSMISSION LLC,C011606,32.413158,-91.748353,census_county_internal_point,county,22083,Richland Parish,km_tgp_locations:1787939514021564000:470a5ca9ff1632ccbae5df41106523761d4ea1990719dabdb968f31231c16847,census_county_gazetteer:1787939514135521000:4c90d0f805779923b5958ab13d0c1e9b99fe4932b786bfcf75dd739bb2dcb4ea,2026-08-28T17:51:54.021564Z
420817,ATMOS TL/TGP SABINE SALES SABINE,D,delivery,LDC,SABINE,LA,Z0,Z0,132,True,ATMOS ENERGY CORPORATION,,31.560402,-93.559579,census_county_internal_point,county,22085,Sabine Parish,km_tgp_locations:1787939514021564000:470a5ca9ff1632ccbae5df41106523761d4ea1990719dabdb968f31231c16847,census_county_gazetteer:1787939514135521000:4c90d0f805779923b5958ab13d0c1e9b99fe4932b786bfcf75dd739bb2dcb4ea,2026-08-28T17:51:54.021564Z
412831,DTM LAGA/TGP SABINE MANY: RIP 37F 1,R,receipt,GTH,SABINE,LA,Z0,Z0,132,True,DTM LOUISIANA GATHERING LLC,,31.560402,-93.559579,census_county_internal_point,county,22085,Sabine Parish,km_tgp_locations:1787939514021564000:470a5ca9ff1632ccbae5df41106523761d4ea1990719dabdb968f31231c16847,census_county_gazetteer:1787939514135521000:4c90d0f805779923b5958ab13d0c1e9b99fe4932b786bfcf75dd739bb2dcb4ea,2026-08-28T17:51:54.021564Z
412358,SP VAR/TGP S. PASS BLK 55 DEHY DUA,R,receipt,OTH,SOUTH PASS,LA,ZL,ZL,980,True,VARIOUS,,,,,,,,km_tgp_locations:1787939514021564000:470a5ca9ff1632ccbae5df41106523761d4ea1990719dabdb968f31231c16847,,2026-08-28T17:51:54.021564Z
419009,ST BLK ELK/TGP S. TIMBALIER BLK 53,R,receipt,WHD,SOUTH TIMBALIER,LA,ZL,ZL,523,True,BLACK ELK ENERGY OFFSHORE OPERATIONS LLC,,,,,,,,km_tgp_locations:1787939514021564000:470a5ca9ff1632ccbae5df41106523761d4ea1990719dabdb968f31231c16847,,2026-08-28T17:51:54.021564Z
412128,ST CHEVRON/TGP S. TIMBALIER 38,R,receipt,WHD,SOUTH TIMBALIER,LA,ZL,ZL,523,True,CHEVRON U.S.A. INC.,,,,,,,,km_tgp_locations:1787939514021564000:470a5ca9ff1632ccbae5df41106523761d4ea1990719dabdb968f31231c16847,,2026-08-28T17:51:54.021564Z
420921,ST CHEVRON/TGP S. TIMBALIER BLK 38,D,delivery,OTH,SOUTH TIMBALIER,LA,ZL,ZL,523,True,CHEVRON U.S.A. INC.,,,,,,,,km_tgp_locations:1787939514021564000:470a5ca9ff1632ccbae5df41106523761d4ea1990719dabdb968f31231c16847,,2026-08-28T17:51:54.021564Z
421015,ST ENGYXXI/TGP S. TIMBALIER BLK 22,D,delivery,OTH,SOUTH TIMBALIER,LA,ZL,ZL,523,True,ENERGY XXI GOM LLC,,,,,,,,km_tgp_locations:1787939514021564000:470a5ca9ff1632ccbae5df41106523761d4ea1990719dabdb968f31231c16847,,2026-08-28T17:51:54.021564Z
411892,ST EXXON/TGP S. TIMBALIER FIELD 54,R,receipt,WHD,SOUTH TIMBALIER,LA,ZL,ZL,523,True,EXXONMOBIL CORPORATION,,,,,,,,km_tgp_locations:1787939514021564000:470a5ca9ff1632ccbae5df41106523761d4ea1990719dabdb968f31231c16847,,2026-08-28T17:51:54.021564Z
56495,ATMOS TL/TGP YSCLOSKEY DEL ST BERNA,D,delivery,INT,ST BERNARD,LA,ZL,ZL,527,True,ATMOS ENERGY CORPORATION,,29.91811,-89.263494,census_county_internal_point,county,22087,St. Bernard Parish,km_tgp_locations:1787939514021564000:470a5ca9ff1632ccbae5df41106523761d4ea1990719dabdb968f31231c16847,census_county_gazetteer:1787939514135521000:4c90d0f805779923b5958ab13d0c1e9b99fe4932b786bfcf75dd739bb2dcb4ea,2026-08-28T17:51:54.021564Z
412589,C.W.ENER/TGP UDP LAKE BORGNE ST BER,R,receipt,WHD,ST BERNARD,LA,ZL,ZL,530,True,CLAYTON WILLIAMS ENERGY INC.,,29.91811,-89.263494,census_county_internal_point,county,22087,St. Bernard Parish,km_tgp_locations:1787939514021564000:470a5ca9ff1632ccbae5df41106523761d4ea1990719dabdb968f31231c16847,census_county_gazetteer:1787939514135521000:4c90d0f805779923b5958ab13d0c1e9b99fe4932b786bfcf75dd739bb2dcb4ea,2026-08-28T17:51:54.021564Z
420616,ENTGY-NO/TGP LAKE BORGNE TRANSPORT,D,delivery,INT,ST BERNARD,LA,ZL,ZL,530,True,ENTERGY NEW ORLEANS INC.,,29.91811,-89.263494,census_county_internal_point,county,22087,St. Bernard Parish,km_tgp_locations:1787939514021564000:470a5ca9ff1632ccbae5df41106523761d4ea1990719dabdb968f31231c16847,census_county_gazetteer:1787939514135521000:4c90d0f805779923b5958ab13d0c1e9b99fe4932b786bfcf75dd739bb2dcb4ea,2026-08-28T17:51:54.021564Z
640000,HIGH PT/SNG TOCA ST BERNARD,R,receipt,INT,ST BERNARD,LA,ZL,ZL,5320,True,HIGH POINT GAS TRANSMISSION LLC,C003189,29.91811,-89.263494,census_county_internal_point,county,22087,St. Bernard Parish,km_tgp_locations:1787939514021564000:470a5ca9ff1632ccbae5df41106523761d4ea1990719dabdb968f31231c16847,census_county_gazetteer:1787939514135521000:4c90d0f805779923b5958ab13d0c1e9b99fe4932b786bfcf75dd739bb2dcb4ea,2026-08-28T17:51:54.021564Z
412614,INTEGREP/TGP BILOXI MARSH ST BERNAR,R,receipt,WHD,ST BERNARD,LA,ZL,ZL,530,True,INTEGRATED EXPLORATION & PRODUCTION LLC,,29.91811,-89.263494,census_county_internal_point,county,22087,St. Bernard Parish,km_tgp_locations:1787939514021564000:470a5ca9ff1632ccbae5df41106523761d4ea1990719dabdb968f31231c16847,census_county_gazetteer:1787939514135521000:4c90d0f805779923b5958ab13d0c1e9b99fe4932b786bfcf75dd739bb2dcb4ea,2026-08-28T17:51:54.021564Z
412604,MAGNUS/TGP UDP EAST JAMBALAYA ST BE,R,receipt,WHD,ST BERNARD,LA,ZL,ZL,530,True,SHORELINE GAS LLC,,29.91811,-89.263494,census_county_internal_point,county,22087,St. Bernard Parish,km_tgp_locations:1787939514021564000:470a5ca9ff1632ccbae5df41106523761d4ea1990719dabdb968f31231c16847,census_county_gazetteer:1787939514135521000:4c90d0f805779923b5958ab13d0c1e9b99fe4932b786bfcf75dd739bb2dcb4ea,2026-08-28T17:51:54.021564Z
412646,MERDIAN/TGP BML EROS 12 ST BERNARD,R,receipt,WHD,ST BERNARD,LA,ZL,ZL,530,True,MERIDIAN RESOURCE & EXPLORATION L.L.C. THE,,29.91811,-89.263494,census_county_internal_point,county,22087,St. Bernard Parish,km_tgp_locations:1787939514021564000:470a5ca9ff1632ccbae5df41106523761d4ea1990719dabdb968f31231c16847,census_county_gazetteer:1787939514135521000:4c90d0f805779923b5958ab13d0c1e9b99fe4932b786bfcf75dd739bb2dcb4ea,2026-08-28T17:51:54.021564Z
412629,MERDIAN/TGP UDP BAYOU BILOXI ST BER,R,receipt,WHD,ST BERNARD,LA,ZL,ZL,530,True,MERIDIAN RESOURCE & EXPLORATION L.L.C. THE,,29.91811,-89.263494,census_county_internal_point,county,22087,St. Bernard Parish,km_tgp_locations:1787939514021564000:470a5ca9ff1632ccbae5df41106523761d4ea1990719dabdb968f31231c16847,census_county_gazetteer:1787939514135521000:4c90d0f805779923b5958ab13d0c1e9b99fe4932b786bfcf75dd739bb2dcb4ea,2026-08-28T17:51:54.021564Z
420361,PELICAN/TGP YSCLOSKEY LA ST BERNARD,D,delivery,INT,ST BERNARD,LA,ZL,ZL,530,True,PELICAN MIDSTREAM CORP,,29.91811,-89.263494,census_county_internal_point,county,22087,St. Bernard Parish,km_tgp_locations:1787939514021564000:470a5ca9ff1632ccbae5df41106523761d4ea1990719dabdb968f31231c16847,census_county_gazetteer:1787939514135521000:4c90d0f805779923b5958ab13d0c1e9b99fe4932b786bfcf75dd739bb2dcb4ea,2026-08-28T17:51:54.021564Z
420961,TARGA/TGP YSCLOSKEY STRANGERS GAS,D,delivery,INT,ST BERNARD,LA,ZL,ZL,527,True,TARGA MIDSTREAM SERVICES LLC,,29.91811,-89.263494,census_county_internal_point,county,22087,St. Bernard Parish,km_tgp_locations:1787939514021564000:470a5ca9ff1632ccbae5df41106523761d4ea1990719dabdb968f31231c16847,census_county_gazetteer:1787939514135521000:4c90d0f805779923b5958ab13d0c1e9b99fe4932b786bfcf75dd739bb2dcb4ea,2026-08-28T17:51:54.021564Z
56571,TGP/SNG TOCA #2 - SNG TO TGP ST BER,R,receipt,INT,ST BERNARD,LA,ZL,ZL,529,True,TENNESSEE GAS PIPELINE COMPANY L.L.C.,C000020,29.91811,-89.263494,census_county_internal_point,county,22087,St. Bernard Parish,km_tgp_locations:1787939514021564000:470a5ca9ff1632ccbae5df41106523761d4ea1990719dabdb968f31231c16847,census_county_gazetteer:1787939514135521000:4c90d0f805779923b5958ab13d0c1e9b99fe4932b786bfcf75dd739bb2dcb4ea,2026-08-28T17:51:54.021564Z
420556,TGP/SNG TOCA EXCHANGE ST BERNARD,B,bidirectional,INT,ST BERNARD,LA,ZL,ZL,529,True,TENNESSEE GAS PIPELINE COMPANY L.L.C.,C000020,29.91811,-89.263494,census_county_internal_point,county,22087,St. Bernard Parish,km_tgp_locations:1787939514021564000:470a5ca9ff1632ccbae5df41106523761d4ea1990719dabdb968f31231c16847,census_county_gazetteer:1787939514135521000:4c90d0f805779923b5958ab13d0c1e9b99fe4932b786bfcf75dd739bb2dcb4ea,2026-08-28T17:51:54.021564Z
420979,TGP/TGP YSCLOSKY OWNERS GAS ST BERN,D,delivery,INT,ST BERNARD,LA,ZL,ZL,527,False,,,29.91811,-89.263494,census_county_internal_point,county,22087,St. Bernard Parish,km_tgp_locations:1787939514021564000:470a5ca9ff1632ccbae5df41106523761d4ea1990719dabdb968f31231c16847,census_county_gazetteer:1787939514135521000:4c90d0f805779923b5958ab13d0c1e9b99fe4932b786bfcf75dd739bb2dcb4ea,2026-08-28T17:51:54.021564Z
412828,00 APACHE/TGP UDP POTOMAC: RIP 519,R,receipt,WHD,ST MARY,LA,ZL,ZL,516,True,APACHE CORPORATION,,29.629349,-91.463804,census_county_internal_point,county,22101,St. Mary Parish,km_tgp_locations:1787939514021564000:470a5ca9ff1632ccbae5df41106523761d4ea1990719dabdb968f31231c16847,census_county_gazetteer:1787939514135521000:4c90d0f805779923b5958ab13d0c1e9b99fe4932b786bfcf75dd739bb2dcb4ea,2026-08-28T17:51:54.021564Z
450105,AMMID SC/TGP QUIVIRA ST MARY,R,receipt,GTH,ST MARY,LA,ZL,ZL,515,True,AMERICAN MIDSTREAM OFFSHORE (SEACREST) L.P.,,29.629349,-91.463804,census_county_internal_point,county,22101,St. Mary Parish,km_tgp_locations:1787939514021564000:470a5ca9ff1632ccbae5df41106523761d4ea1990719dabdb968f31231c16847,census_county_gazetteer:1787939514135521000:4c90d0f805779923b5958ab13d0c1e9b99fe4932b786bfcf75dd739bb2dcb4ea,2026-08-28T17:51:54.021564Z
412684,ANR/TGP SHADYSIDE ST MARY,B,bidirectional,INT,ST MARY,LA,ZL,ZL,516,True,ANR PIPELINE COMPANY,C000623,29.629349,-91.463804,census_county_internal_point,county,22101,St. Mary Parish,km_tgp_locations:1787939514021564000:470a5ca9ff1632ccbae5df41106523761d4ea1990719dabdb968f31231c16847,census_county_gazetteer:1787939514135521000:4c90d0f805779923b5958ab13d0c1e9b99fe4932b786bfcf75dd739bb2dcb4ea,2026-08-28T17:51:54.021564Z
421080,CABOT/TGP ST MARY CARBON BLACK: DIP,D,delivery,END,ST MARY,LA,ZL,ZL,515,True,CABOT CORP,,29.629349,-91.463804,census_county_internal_point,county,22101,St. Mary Parish,km_tgp_locations:1787939514021564000:470a5ca9ff1632ccbae5df41106523761d4ea1990719dabdb968f31231c16847,census_county_gazetteer:1787939514135521000:4c90d0f805779923b5958ab13d0c1e9b99fe4932b786bfcf75dd739bb2dcb4ea,2026-08-28T17:51:54.021564Z
420790,HEC/TGP FRANKLIN GAS LIFT ST MARY,D,delivery,WHD,ST MARY,LA,ZL,ZL,515,True,HILCORP ENERGY COMPANY,,29.629349,-91.463804,census_county_internal_point,county,22101,St. Mary Parish,km_tgp_locations:1787939514021564000:470a5ca9ff1632ccbae5df41106523761d4ea1990719dabdb968f31231c16847,census_county_gazetteer:1787939514135521000:4c90d0f805779923b5958ab13d0c1e9b99fe4932b786bfcf75dd739bb2dcb4ea,2026-08-28T17:51:54.021564Z
412497,HEC/TGP UDP GARDEN CITY W C KEMPER,R,receipt,WHD,ST MARY,LA,ZL,ZL,515,True,HILCORP ENERGY COMPANY,,29.629349,-91.463804,census_county_internal_point,county,22101,St. Mary Parish,km_tgp_locations:1787939514021564000:470a5ca9ff1632ccbae5df41106523761d4ea1990719dabdb968f31231c16847,census_county_gazetteer:1787939514135521000:4c90d0f805779923b5958ab13d0c1e9b99fe4932b786bfcf75dd739bb2dcb4ea,2026-08-28T17:51:54.021564Z
412705,MTBB/TGP MARTIN WELL 1 ST MARY,R,receipt,WHD,ST MARY,LA,ZL,ZL,516,True,M T B B ACQUISITION COMPANY LLC,,29.629349,-91.463804,census_county_internal_point,county,22101,St. Mary Parish,km_tgp_locations:1787939514021564000:470a5ca9ff1632ccbae5df41106523761d4ea1990719dabdb968f31231c16847,census_county_gazetteer:1787939514135521000:4c90d0f805779923b5958ab13d0c1e9b99fe4932b786bfcf75dd739bb2dcb4ea,2026-08-28T17:51:54.021564Z
412594,NAUTILUS/TGP GARDEN CITY ST MARY,R,receipt,INT,ST MARY,LA,ZL,ZL,515,True,NAUTILUS PIPELINE COMPANY L.L.C.,C000512,29.629349,-91.463804,census_county_internal_point,county,22101,St. Mary Parish,km_tgp_locations:1787939514021564000:470a5ca9ff1632ccbae5df41106523761d4ea1990719dabdb968f31231c16847,census_county_gazetteer:1787939514135521000:4c90d0f805779923b5958ab13d0c1e9b99fe4932b786bfcf75dd739bb2dcb4ea,2026-08-28T17:51:54.021564Z
410907,TRUNKLNE/TGP CENTERVILLE DEHY TRANS,R,receipt,INT,ST MARY,LA,ZL,ZL,515,True,TRUNKLINE GAS COMPANY LLC,C000251,29.629349,-91.463804,census_county_internal_point,county,22101,St. Mary Parish,km_tgp_locations:1787939514021564000:470a5ca9ff1632ccbae5df41106523761d4ea1990719dabdb968f31231c16847,census_county_gazetteer:1787939514135521000:4c90d0f805779923b5958ab13d0c1e9b99fe4932b786bfcf75dd739bb2dcb4ea,2026-08-28T17:51:54.021564Z
412843,CAB OIL/TGP PENCHANT CLF 34 1: RIP,R,receipt,WHD,TERREBONNE,LA,ZL,ZL,516,True,CABOT OIL & GAS MARKETING CORPORATION,,29.33413,-90.843674,census_county_internal_point,county,22109,Terrebonne Parish,km_tgp_locations:1787939514021564000:470a5ca9ff1632ccbae5df41106523761d4ea1990719dabdb968f31231c16847,census_county_gazetteer:1787939514135521000:4c90d0f805779923b5958ab13d0c1e9b99fe4932b786bfcf75dd739bb2dcb4ea,2026-08-28T17:51:54.021564Z
412364,GULFPORT/TGP DEER ISLAND DEHYD TERR,R,receipt,WHD,TERREBONNE,LA,ZL,ZL,516,True,GULFPORT ENERGY OPERATING CORPORATION,,29.33413,-90.843674,census_county_internal_point,county,22109,Terrebonne Parish,km_tgp_locations:1787939514021564000:470a5ca9ff1632ccbae5df41106523761d4ea1990719dabdb968f31231c16847,census_county_gazetteer:1787939514135521000:4c90d0f805779923b5958ab13d0c1e9b99fe4932b786bfcf75dd739bb2dcb4ea,2026-08-28T17:51:54.021564Z
410408,HEC/TGP UDP FOUR ISLE BAY DEHY TERR,R,receipt,WHD,TERREBONNE,LA,ZL,ZL,516,True,HILCORP ENERGY COMPANY,,29.33413,-90.843674,census_county_internal_point,county,22109,Terrebonne Parish,km_tgp_locations:1787939514021564000:470a5ca9ff1632ccbae5df41106523761d4ea1990719dabdb968f31231c16847,census_county_gazetteer:1787939514135521000:4c90d0f805779923b5958ab13d0c1e9b99fe4932b786bfcf75dd739bb2dcb4ea,2026-08-28T17:51:54.021564Z
412883,KINETICA/TGP COCODRIE 523 BLUEWATER,R,receipt,INT,TERREBONNE,LA,ZL,ZL,959,True,KINETICA ENERGY EXPRESS L.L.C.,C003552,29.33413,-90.843674,census_county_internal_point,county,22109,Terrebonne Parish,km_tgp_locations:1787939514021564000:470a5ca9ff1632ccbae5df41106523761d4ea1990719dabdb968f31231c16847,census_county_gazetteer:1787939514135521000:4c90d0f805779923b5958ab13d0c1e9b99fe4932b786bfcf75dd739bb2dcb4ea,2026-08-28T17:51:54.021564Z
412427,PETSEC/TGP BAYOU PETIT CAILLU TERRE,R,receipt,WHD,TERREBONNE,LA,ZL,ZL,523,True,PETSEC ENERGY INC.,,29.33413,-90.843674,census_county_internal_point,county,22109,Terrebonne Parish,km_tgp_locations:1787939514021564000:470a5ca9ff1632ccbae5df41106523761d4ea1990719dabdb968f31231c16847,census_county_gazetteer:1787939514135521000:4c90d0f805779923b5958ab13d0c1e9b99fe4932b786bfcf75dd739bb2dcb4ea,2026-08-28T17:51:54.021564Z
412233,WHTOKOG/TGP UDP BAYOU PENCHANT DEHY,R,receipt,WHD,TERREBONNE,LA,ZL,ZL,516,True,WHITE OAK OIL & GAS PARTNERS LP,,29.33413,-90.843674,census_county_internal_point,county,22109,Terrebonne Parish,km_tgp_locations:1787939514021564000:470a5ca9ff1632ccbae5df41106523761d4ea1990719dabdb968f31231c16847,census_county_gazetteer:1787939514135521000:4c90d0f805779923b5958ab13d0c1e9b99fe4932b786bfcf75dd739bb2dcb4ea,2026-08-28T17:51:54.021564Z
421056,ACADIAN/TGP INDIAN BAYOU: DIP 510B-,D,delivery,INT,VERMILION,LA,ZL,ZL,515,True,ACADIAN GAS PIPELINE SYSTEM,C000932,29.806638,-92.321394,census_county_internal_point,county,22113,Vermilion Parish,km_tgp_locations:1787939514021564000:470a5ca9ff1632ccbae5df41106523761d4ea1990719dabdb968f31231c16847,census_county_gazetteer:1787939514135521000:4c90d0f805779923b5958ab13d0c1e9b99fe4932b786bfcf75dd739bb2dcb4ea,2026-08-28T17:51:54.021564Z
412889,CONTLRES/TGP LOPEZ ROAD VERMILION,R,receipt,WHD,VERMILION,LA,ZL,ZL,515,True,CONTINENTAL RESOURCES INC.,,29.806638,-92.321394,census_county_internal_point,county,22113,Vermilion Parish,km_tgp_locations:1787939514021564000:470a5ca9ff1632ccbae5df41106523761d4ea1990719dabdb968f31231c16847,census_county_gazetteer:1787939514135521000:4c90d0f805779923b5958ab13d0c1e9b99fe4932b786bfcf75dd739bb2dcb4ea,2026-08-28T17:51:54.021564Z
412075,CUATRO/TGP TIGRE LAGOON VERMILION,R,receipt,WHD,VERMILION,LA,ZL,ZL,515,True,CUATRO PETRO CORP.,,29.806638,-92.321394,census_county_internal_point,county,22113,Vermilion Parish,km_tgp_locations:1787939514021564000:470a5ca9ff1632ccbae5df41106523761d4ea1990719dabdb968f31231c16847,census_county_gazetteer:1787939514135521000:4c90d0f805779923b5958ab13d0c1e9b99fe4932b786bfcf75dd739bb2dcb4ea,2026-08-28T17:51:54.021564Z
418048,VR BURLGTON/TGP VERMILION 237B,R,receipt,OTH,VERMILLION,LA,ZL,ZL,949,True,BURLINGTON RESOURCES TRADING INC.,,29.806638,-92.321394,census_county_internal_point,county,22113,Vermilion Parish,km_tgp_locations:1787939514021564000:470a5ca9ff1632ccbae5df41106523761d4ea1990719dabdb968f31231c16847,census_county_gazetteer:1787939514135521000:4c90d0f805779923b5958ab13d0c1e9b99fe4932b786bfcf75dd739bb2dcb4ea,2026-08-28T17:51:54.021564Z
420793,ELIZ NG/TGP J R FRANKS 1 VERNON,D,delivery,LDC,VERNON,LA,ZL,ZL,501,True,ELIZABETH NATURAL GAS INC.,,31.102841,-93.18833,census_county_internal_point,county,22115,Vernon Parish,km_tgp_locations:1787939514021564000:470a5ca9ff1632ccbae5df41106523761d4ea1990719dabdb968f31231c16847,census_county_gazetteer:1787939514135521000:4c90d0f805779923b5958ab13d0c1e9b99fe4932b786bfcf75dd739bb2dcb4ea,2026-08-28T17:51:54.021564Z
420436,VERNON/TGP PITKIN LA VERNON,D,delivery,LDC,VERNON,LA,ZL,ZL,501,True,VERNON PARISH GAS UTILITY,,31.102841,-93.18833,census_county_internal_point,county,22115,Vernon Parish,km_tgp_locations:1787939514021564000:470a5ca9ff1632ccbae5df41106523761d4ea1990719dabdb968f31231c16847,census_county_gazetteer:1787939514135521000:4c90d0f805779923b5958ab13d0c1e9b99fe4932b786bfcf75dd739bb2dcb4ea,2026-08-28T17:51:54.021564Z
601000,FGT/SNG FRANKLINTON WASHINGTON,D,delivery,INT,WASHINGTON,LA,ZL,ZL,5330,True,FLORIDA GAS TRANSMISSION COMPANY LLC,C000255,30.852144,-90.046253,census_county_internal_point,county,22117,Washington Parish,km_tgp_locations:1787939514021564000:470a5ca9ff1632ccbae5df41106523761d4ea1990719dabdb968f31231c16847,census_county_gazetteer:1787939514135521000:4c90d0f805779923b5958ab13d0c1e9b99fe4932b786bfcf75dd739bb2dcb4ea,2026-08-28T17:51:54.021564Z
411927,WC BLK ELK/TGP W. CAMERON BLK 178,R,receipt,OTH,WEST CAMERON,LA,ZL,ZL,920,True,BLACK ELK ENERGY OFFSHORE OPERATIONS LLC,,,,,,,,km_tgp_locations:1787939514021564000:470a5ca9ff1632ccbae5df41106523761d4ea1990719dabdb968f31231c16847,,2026-08-28T17:51:54.021564Z
420747,BERKSHR/TGP BOUSQUET SMS BERKSHIRE,D,delivery,EGN,BERKSHIRE,MA,Z6,Z6,256,True,THE BERKSHIRE GAS COMPANY,,42.371493,-73.217928,census_county_internal_point,county,25003,Berkshire County,km_tgp_locations:1787939514021564000:470a5ca9ff1632ccbae5df41106523761d4ea1990719dabdb968f31231c16847,census_county_gazetteer:1787939514135521000:4c90d0f805779923b5958ab13d0c1e9b99fe4932b786bfcf75dd739bb2dcb4ea,2026-08-28T17:51:54.021564Z
420103,BERKSHR/TGP NORTH ADAMS MA BERKSHIR,D,delivery,LDC,BERKSHIRE,MA,Z6,Z6,256,True,THE BERKSHIRE GAS COMPANY,,42.371493,-73.217928,census_county_internal_point,county,25003,Berkshire County,km_tgp_locations:1787939514021564000:470a5ca9ff1632ccbae5df41106523761d4ea1990719dabdb968f31231c16847,census_county_gazetteer:1787939514135521000:4c90d0f805779923b5958ab13d0c1e9b99fe4932b786bfcf75dd739bb2dcb4ea,2026-08-28T17:51:54.021564Z
420102,BERKSHR/TGP PITTSFIELD MA BERKSHIRE,D,delivery,LDC,BERKSHIRE,MA,Z6,Z6,256,True,THE BERKSHIRE GAS COMPANY,,42.371493,-73.217928,census_county_internal_point,county,25003,Berkshire County,km_tgp_locations:1787939514021564000:470a5ca9ff1632ccbae5df41106523761d4ea1990719dabdb968f31231c16847,census_county_gazetteer:1787939514135521000:4c90d0f805779923b5958ab13d0c1e9b99fe4932b786bfcf75dd739bb2dcb4ea,2026-08-28T17:51:54.021564Z
420278,BERKSHR/TGP STOCKBRIDGE SALES BERKS,D,delivery,LDC,BERKSHIRE,MA,Z6,Z6,256,True,THE BERKSHIRE GAS COMPANY,,42.371493,-73.217928,census_county_internal_point,county,25003,Berkshire County,km_tgp_locations:1787939514021564000:470a5ca9ff1632ccbae5df41106523761d4ea1990719dabdb968f31231c16847,census_county_gazetteer:1787939514135521000:4c90d0f805779923b5958ab13d0c1e9b99fe4932b786bfcf75dd739bb2dcb4ea,2026-08-28T17:51:54.021564Z
420638,BERKSHR/TGP WEST PITTSFIELD SALES B,D,delivery,LDC,BERKSHIRE,MA,Z6,Z6,256,True,THE BERKSHIRE GAS COMPANY,,42.371493,-73.217928,census_county_internal_point,county,25003,Berkshire County,km_tgp_locations:1787939514021564000:470a5ca9ff1632ccbae5df41106523761d4ea1990719dabdb968f31231c16847,census_county_gazetteer:1787939514135521000:4c90d0f805779923b5958ab13d0c1e9b99fe4932b786bfcf75dd739bb2dcb4ea,2026-08-28T17:51:54.021564Z
420871,POOLING PT - 200 LINE - ZONE 6,B,bidirectional,PPT,BERKSHIRE,MA,Z6,Z6,268,False,,,42.371493,-73.217928,census_county_internal_point,county,25003,Berkshire County,km_tgp_locations:1787939514021564000:470a5ca9ff1632ccbae5df41106523761d4ea1990719dabdb968f31231c16847,census_county_gazetteer:1787939514135521000:4c90d0f805779923b5958ab13d0c1e9b99fe4932b786bfcf75dd739bb2dcb4ea,2026-08-28T17:51:54.021564Z
420118,BOSTN/TGP BEVERLY SALEM MA ESSEX,D,delivery,LDC,ESSEX,MA,Z6,Z6,268,True,BOSTON GAS COMPANY D/B/A NATIONAL GRID,C001659,42.642708,-70.864909,census_county_internal_point,county,25009,Essex County,km_tgp_locations:1787939514021564000:470a5ca9ff1632ccbae5df41106523761d4ea1990719dabdb968f31231c16847,census_county_gazetteer:1787939514135521000:4c90d0f805779923b5958ab13d0c1e9b99fe4932b786bfcf75dd739bb2dcb4ea,2026-08-28T17:51:54.021564Z
420808,BOSTN/TGP CAMP CURTIS ESSEX,D,delivery,LDC,ESSEX,MA,Z6,Z6,268,True,BOSTON GAS COMPANY D/B/A NATIONAL GRID,C001659,42.642708,-70.864909,census_county_internal_point,county,25009,Essex County,km_tgp_locations:1787939514021564000:470a5ca9ff1632ccbae5df41106523761d4ea1990719dabdb968f31231c16847,census_county_gazetteer:1787939514135521000:4c90d0f805779923b5958ab13d0c1e9b99fe4932b786bfcf75dd739bb2dcb4ea,2026-08-28T17:51:54.021564Z
420935,BOSTN/TGP DANVERS ESSEX,D,delivery,LDC,ESSEX,MA,Z6,Z6,268,True,BOSTON GAS COMPANY D/B/A NATIONAL GRID,C001659,42.642708,-70.864909,census_county_internal_point,county,25009,Essex County,km_tgp_locations:1787939514021564000:470a5ca9ff1632ccbae5df41106523761d4ea1990719dabdb968f31231c16847,census_county_gazetteer:1787939514135521000:4c90d0f805779923b5958ab13d0c1e9b99fe4932b786bfcf75dd739bb2dcb4ea,2026-08-28T17:51:54.021564Z
420323,BOSTN/TGP ESSEX MA ESSEX,D,delivery,LDC,ESSEX,MA,Z6,Z6,268,True,BOSTON GAS COMPANY D/B/A NATIONAL GRID,C001659,42.642708,-70.864909,census_county_internal_point,county,25009,Essex County,km_tgp_locations:1787939514021564000:470a5ca9ff1632ccbae5df41106523761d4ea1990719dabdb968f31231c16847,census_county_gazetteer:1787939514135521000:4c90d0f805779923b5958ab13d0c1e9b99fe4932b786bfcf75dd739bb2dcb4ea,2026-08-28T17:51:54.021564Z
420119,BOSTN/TGP GLOUCESTER MA ESSEX,D,delivery,LDC,ESSEX,MA,Z6,Z6,268,True,BOSTON GAS COMPANY D/B/A NATIONAL GRID,C001659,42.642708,-70.864909,census_county_internal_point,county,25009,Essex County,km_tgp_locations:1787939514021564000:470a5ca9ff1632ccbae5df41106523761d4ea1990719dabdb968f31231c16847,census_county_gazetteer:1787939514135521000:4c90d0f805779923b5958ab13d0c1e9b99fe4932b786bfcf75dd739bb2dcb4ea,2026-08-28T17:51:54.021564Z
420122,BOSTN/TGP HAVERHILL MA ESSEX,D,delivery,LDC,ESSEX,MA,Z6,Z6,284,True,BOSTON GAS COMPANY D/B/A NATIONAL GRID,C001659,42.642708,-70.864909,census_county_internal_point,county,25009,Essex County,km_tgp_locations:1787939514021564000:470a5ca9ff1632ccbae5df41106523761d4ea1990719dabdb968f31231c16847,census_county_gazetteer:1787939514135521000:4c90d0f805779923b5958ab13d0c1e9b99fe4932b786bfcf75dd739bb2dcb4ea,2026-08-28T17:51:54.021564Z
420343,BOSTN/TGP LYNN FIELD MA ESSEX,D,delivery,LDC,ESSEX,MA,Z6,Z6,268,True,BOSTON GAS COMPANY D/B/A NATIONAL GRID,C001659,42.642708,-70.864909,census_county_internal_point,county,25009,Essex County,km_tgp_locations:1787939514021564000:470a5ca9ff1632ccbae5df41106523761d4ea1990719dabdb968f31231c16847,census_county_gazetteer:1787939514135521000:4c90d0f805779923b5958ab13d0c1e9b99fe4932b786bfcf75dd739bb2dcb4ea,2026-08-28T17:51:54.021564Z
420117,BOSTN/TGP LYNN MA ESSEX,D,delivery,LDC,ESSEX,MA,Z6,Z6,268,True,BOSTON GAS COMPANY D/B/A NATIONAL GRID,C001659,42.642708,-70.864909,census_county_internal_point,county,25009,Essex County,km_tgp_locations:1787939514021564000:470a5ca9ff1632ccbae5df41106523761d4ea1990719dabdb968f31231c16847,census_county_gazetteer:1787939514135521000:4c90d0f805779923b5958ab13d0c1e9b99fe4932b786bfcf75dd739bb2dcb4ea,2026-08-28T17:51:54.021564Z
420138,BOSTN/TGP WENHAM MA ESSEX,D,delivery,LDC,ESSEX,MA,Z6,Z6,268,True,BOSTON GAS COMPANY D/B/A NATIONAL GRID,C001659,42.642708,-70.864909,census_county_internal_point,county,25009,Essex County,km_tgp_locations:1787939514021564000:470a5ca9ff1632ccbae5df41106523761d4ea1990719dabdb968f31231c16847,census_county_gazetteer:1787939514135521000:4c90d0f805779923b5958ab13d0c1e9b99fe4932b786bfcf75dd739bb2dcb4ea,2026-08-28T17:51:54.021564Z
420389,BOSTN/TGP WEST PEABODY MA ESSEX,D,delivery,LDC,ESSEX,MA,Z6,Z6,268,True,BOSTON GAS COMPANY D/B/A NATIONAL GRID,C001659,42.642708,-70.864909,census_county_internal_point,county,25009,Essex County,km_tgp_locations:1787939514021564000:470a5ca9ff1632ccbae5df41106523761d4ea1990719dabdb968f31231c16847,census_county_gazetteer:1787939514135521000:4c90d0f805779923b5958ab13d0c1e9b99fe4932b786bfcf75dd739bb2dcb4ea,2026-08-28T17:51:54.021564Z
420121,EVRSRC/TGP LAWRENCE MA ESSEX,D,delivery,LDC,ESSEX,MA,Z6,Z6,284,True,EVERSOURCE GAS COMPANY OF MASSACHUSETTS DBA EVERSOURCE ENERG,,42.642708,-70.864909,census_county_internal_point,county,25009,Essex County,km_tgp_locations:1787939514021564000:470a5ca9ff1632ccbae5df41106523761d4ea1990719dabdb968f31231c16847,census_county_gazetteer:1787939514135521000:4c90d0f805779923b5958ab13d0c1e9b99fe4932b786bfcf75dd739bb2dcb4ea,2026-08-28T17:51:54.021564Z
421025,EVRSRC/TGP WYETH GII ESSEX,D,delivery,LDC,ESSEX,MA,Z6,Z6,285,True,EVERSOURCE GAS COMPANY OF MASSACHUSETTS DBA EVERSOURCE ENERG,,42.642708,-70.864909,census_county_internal_point,county,25009,Essex County,km_tgp_locations:1787939514021564000:470a5ca9ff1632ccbae5df41106523761d4ea1990719dabdb968f31231c16847,census_county_gazetteer:1787939514135521000:4c90d0f805779923b5958ab13d0c1e9b99fe4932b786bfcf75dd739bb2dcb4ea,2026-08-28T17:51:54.021564Z
420206,GRANSTGT/TGP GRANITE MA ESSEX,D,delivery,INT,ESSEX,MA,Z6,Z6,284,True,GRANITE STATE GAS TRANSMISSION INC,C001244,42.642708,-70.864909,census_county_internal_point,county,25009,Essex County,km_tgp_locations:1787939514021564000:470a5ca9ff1632ccbae5df41106523761d4ea1990719dabdb968f31231c16847,census_county_gazetteer:1787939514135521000:4c90d0f805779923b5958ab13d0c1e9b99fe4932b786bfcf75dd739bb2dcb4ea,2026-08-28T17:51:54.021564Z
412510,MARITIME/TGP HAVERHILL PORTLAND ESS,R,receipt,INT,ESSEX,MA,Z6,Z6,284,True,MARITIMES & NORTHEAST PIPELINE LLC,C000088,42.642708,-70.864909,census_county_internal_point,county,25009,Essex County,km_tgp_locations:1787939514021564000:470a5ca9ff1632ccbae5df41106523761d4ea1990719dabdb968f31231c16847,census_county_gazetteer:1787939514135521000:4c90d0f805779923b5958ab13d0c1e9b99fe4932b786bfcf75dd739bb2dcb4ea,2026-08-28T17:51:54.021564Z
420658,MMWEC/TGP PEABODY SALES ESSEX,D,delivery,LDC,ESSEX,MA,Z6,Z6,268,True,MASSACHUSETTS MUNICIPAL WHOLESALE ELECTRIC COMPANY,,42.642708,-70.864909,census_county_internal_point,county,25009,Essex County,km_tgp_locations:1787939514021564000:470a5ca9ff1632ccbae5df41106523761d4ea1990719dabdb968f31231c16847,census_county_gazetteer:1787939514135521000:4c90d0f805779923b5958ab13d0c1e9b99fe4932b786bfcf75dd739bb2dcb4ea,2026-08-28T17:51:54.021564Z
420848,WAKEFLD/TGP WAKEFIELD SALES ESSEX,D,delivery,LDC,ESSEX,MA,Z6,Z6,268,True,WAKEFIELD MUNICIPAL GAS & LIGHT DEPT.,,42.642708,-70.864909,census_county_internal_point,county,25009,Essex County,km_tgp_locations:1787939514021564000:470a5ca9ff1632ccbae5df41106523761d4ea1990719dabdb968f31231c16847,census_county_gazetteer:1787939514135521000:4c90d0f805779923b5958ab13d0c1e9b99fe4932b786bfcf75dd739bb2dcb4ea,2026-08-28T17:51:54.021564Z
420901,BERKPWR/TGP BERKSHIRE POWER SALES H,D,delivery,EGN,HAMPDEN,MA,Z6,Z6,261,True,BERKSHIRE POWER COMPANY LLC,,42.136198,-72.635647,census_county_internal_point,county,25013,Hampden County,km_tgp_locations:1787939514021564000:470a5ca9ff1632ccbae5df41106523761d4ea1990719dabdb968f31231c16847,census_county_gazetteer:1787939514135521000:4c90d0f805779923b5958ab13d0c1e9b99fe4932b786bfcf75dd739bb2dcb4ea,2026-08-28T17:51:54.021564Z
47859,BOSTN/TGP 261 CDP - BOSTON,D,delivery,LDC,HAMPDEN,MA,Z6,Z6,261,True,BOSTON GAS COMPANY D/B/A NATIONAL GRID,C001659,42.136198,-72.635647,census_county_internal_point,county,25013,Hampden County,km_tgp_locations:1787939514021564000:470a5ca9ff1632ccbae5df41106523761d4ea1990719dabdb968f31231c16847,census_county_gazetteer:1787939514135521000:4c90d0f805779923b5958ab13d0c1e9b99fe4932b786bfcf75dd739bb2dcb4ea,2026-08-28T17:51:54.021564Z
400484,EVRSRC/TGP AGAWAM MASS HAMPDEN,D,delivery,LDC,HAMPDEN,MA,Z6,Z6,261,True,EVERSOURCE GAS COMPANY OF MASSACHUSETTS DBA EVERSOURCE ENERG,,42.136198,-72.635647,census_county_internal_point,county,25013,Hampden County,km_tgp_locations:1787939514021564000:470a5ca9ff1632ccbae5df41106523761d4ea1990719dabdb968f31231c16847,census_county_gazetteer:1787939514135521000:4c90d0f805779923b5958ab13d0c1e9b99fe4932b786bfcf75dd739bb2dcb4ea,2026-08-28T17:51:54.021564Z
420193,EVRSRC/TGP EAST LONGMEADOW MA HAMPD,D,delivery,LDC,HAMPDEN,MA,Z6,Z6,261,True,EVERSOURCE GAS COMPANY OF MASSACHUSETTS DBA EVERSOURCE ENERG,,42.136198,-72.635647,census_county_internal_point,county,25013,Hampden County,km_tgp_locations:1787939514021564000:470a5ca9ff1632ccbae5df41106523761d4ea1990719dabdb968f31231c16847,census_county_gazetteer:1787939514135521000:4c90d0f805779923b5958ab13d0c1e9b99fe4932b786bfcf75dd739bb2dcb4ea,2026-08-28T17:51:54.021564Z
420751,EVRSRC/TGP MONSON SALES HAMPDEN,D,delivery,EGN,HAMPDEN,MA,Z6,Z6,261,True,EVERSOURCE GAS COMPANY OF MASSACHUSETTS DBA EVERSOURCE ENERG,,42.136198,-72.635647,census_county_internal_point,county,25013,Hampden County,km_tgp_locations:1787939514021564000:470a5ca9ff1632ccbae5df41106523761d4ea1990719dabdb968f31231c16847,census_county_gazetteer:1787939514135521000:4c90d0f805779923b5958ab13d0c1e9b99fe4932b786bfcf75dd739bb2dcb4ea,2026-08-28T17:51:54.021564Z
420401,HOLYOKE/TGP HOLYOKE MA 2 HAMPDEN,D,delivery,LDC,HAMPDEN,MA,Z6,Z6,280,True,HOLYOKE GAS & ELEC DEPT CITY OF,,42.136198,-72.635647,census_county_internal_point,county,25013,Hampden County,km_tgp_locations:1787939514021564000:470a5ca9ff1632ccbae5df41106523761d4ea1990719dabdb968f31231c16847,census_county_gazetteer:1787939514135521000:4c90d0f805779923b5958ab13d0c1e9b99fe4932b786bfcf75dd739bb2dcb4ea,2026-08-28T17:51:54.021564Z
55652,PCG POOL - ZN 6 200 LEG SOUTH,B,bidirectional,PPT,HAMPDEN,MA,Z6,Z6,261,False,,,42.136198,-72.635647,census_county_internal_point,county,25013,Hampden County,km_tgp_locations:1787939514021564000:470a5ca9ff1632ccbae5df41106523761d4ea1990719dabdb968f31231c16847,census_county_gazetteer:1787939514135521000:4c90d0f805779923b5958ab13d0c1e9b99fe4932b786bfcf75dd739bb2dcb4ea,2026-08-28T17:51:54.021564Z
50764,POOLING PT- 200 LEG SOUTH-ZN 6,B,bidirectional,PPT,HAMPDEN,MA,Z6,Z6,261,False,,,42.136198,-72.635647,census_county_internal_point,county,25013,Hampden County,km_tgp_locations:1787939514021564000:470a5ca9ff1632ccbae5df41106523761d4ea1990719dabdb968f31231c16847,census_county_gazetteer:1787939514135521000:4c90d0f805779923b5958ab13d0c1e9b99fe4932b786bfcf75dd739bb2dcb4ea,2026-08-28T17:51:54.021564Z
421058,WESTFLD/TGP SOUTHWICK : DIP 259C H,D,delivery,LDC,HAMPDEN,MA,Z6,Z6,256,True,WESTFIELD CITY OF GAS & ELECTRIC LIGHT,,42.136198,-72.635647,census_county_internal_point,county,25013,Hampden County,km_tgp_locations:1787939514021564000:470a5ca9ff1632ccbae5df41106523761d4ea1990719dabdb968f31231c16847,census_county_gazetteer:1787939514135521000:4c90d0f805779923b5958ab13d0c1e9b99fe4932b786bfcf75dd739bb2dcb4ea,2026-08-28T17:51:54.021564Z
420104,WESTFLD/TGP WESTFIELD MA HAMPDEN,D,delivery,LDC,HAMPDEN,MA,Z6,Z6,280,True,WESTFIELD CITY OF GAS & ELECTRIC LIGHT,,42.136198,-72.635647,census_county_internal_point,county,25013,Hampden County,km_tgp_locations:1787939514021564000:470a5ca9ff1632ccbae5df41106523761d4ea1990719dabdb968f31231c16847,census_county_gazetteer:1787939514135521000:4c90d0f805779923b5958ab13d0c1e9b99fe4932b786bfcf75dd739bb2dcb4ea,2026-08-28T17:51:54.021564Z
420292,BERKSHR/TGP GREENFIELD MA HAMPSHIRE,D,delivery,LDC,HAMPSHIRE,MA,Z6,Z6,280,True,THE BERKSHIRE GAS COMPANY,,42.33946,-72.663692,census_county_internal_point,county,25015,Hampshire County,km_tgp_locations:1787939514021564000:470a5ca9ff1632ccbae5df41106523761d4ea1990719dabdb968f31231c16847,census_county_gazetteer:1787939514135521000:4c90d0f805779923b5958ab13d0c1e9b99fe4932b786bfcf75dd739bb2dcb4ea,2026-08-28T17:51:54.021564Z
420106,EVRSRC/TGP GRANITE NORTHAMPTON MA H,D,delivery,LDC,HAMPSHIRE,MA,Z6,Z6,280,True,EVERSOURCE GAS COMPANY OF MASSACHUSETTS DBA EVERSOURCE ENERG,,42.33946,-72.663692,census_county_internal_point,county,25015,Hampshire County,km_tgp_locations:1787939514021564000:470a5ca9ff1632ccbae5df41106523761d4ea1990719dabdb968f31231c16847,census_county_gazetteer:1787939514135521000:4c90d0f805779923b5958ab13d0c1e9b99fe4932b786bfcf75dd739bb2dcb4ea,2026-08-28T17:51:54.021564Z
48150,66TH/TGP HANSCOM AIR FORCE BASE MID,D,delivery,END,MIDDLESEX,MA,Z6,Z6,268,True,66TH AIR BASE GROUP HANSCOM AIR FORCE BASE,,42.481721,-71.394916,census_county_internal_point,county,25017,Middlesex County,km_tgp_locations:1787939514021564000:470a5ca9ff1632ccbae5df41106523761d4ea1990719dabdb968f31231c16847,census_county_gazetteer:1787939514135521000:4c90d0f805779923b5958ab13d0c1e9b99fe4932b786bfcf75dd739bb2dcb4ea,2026-08-28T17:51:54.021564Z
47860,BOSTN/TGP 267 CDP - BOSTON GAS,D,delivery,LDC,MIDDLESEX,MA,Z6,Z6,266,True,BOSTON GAS COMPANY D/B/A NATIONAL GRID,C001659,42.481721,-71.394916,census_county_internal_point,county,25017,Middlesex County,km_tgp_locations:1787939514021564000:470a5ca9ff1632ccbae5df41106523761d4ea1990719dabdb968f31231c16847,census_county_gazetteer:1787939514135521000:4c90d0f805779923b5958ab13d0c1e9b99fe4932b786bfcf75dd739bb2dcb4ea,2026-08-28T17:51:54.021564Z
47861,BOSTN/TGP 268 CDP - BOSTON GAS,D,delivery,LDC,MIDDLESEX,MA,Z6,Z6,268,True,BOSTON GAS COMPANY D/B/A NATIONAL GRID,C001659,42.481721,-71.394916,census_county_internal_point,county,25017,Middlesex County,km_tgp_locations:1787939514021564000:470a5ca9ff1632ccbae5df41106523761d4ea1990719dabdb968f31231c16847,census_county_gazetteer:1787939514135521000:4c90d0f805779923b5958ab13d0c1e9b99fe4932b786bfcf75dd739bb2dcb4ea,2026-08-28T17:51:54.021564Z
420611,BOSTN/TGP ACTON SALES MIDDLESEX,D,delivery,LDC,MIDDLESEX,MA,Z6,Z6,267,True,BOSTON GAS COMPANY D/B/A NATIONAL GRID,C001659,42.481721,-71.394916,census_county_internal_point,county,25017,Middlesex County,km_tgp_locations:1787939514021564000:470a5ca9ff1632ccbae5df41106523761d4ea1990719dabdb968f31231c16847,census_county_gazetteer:1787939514135521000:4c90d0f805779923b5958ab13d0c1e9b99fe4932b786bfcf75dd739bb2dcb4ea,2026-08-28T17:51:54.021564Z
420115,BOSTN/TGP ARLINGTON MA MIDDLESEX,D,delivery,LDC,MIDDLESEX,MA,Z6,Z6,268,True,BOSTON GAS COMPANY D/B/A NATIONAL GRID,C001659,42.481721,-71.394916,census_county_internal_point,county,25017,Middlesex County,km_tgp_locations:1787939514021564000:470a5ca9ff1632ccbae5df41106523761d4ea1990719dabdb968f31231c16847,census_county_gazetteer:1787939514135521000:4c90d0f805779923b5958ab13d0c1e9b99fe4932b786bfcf75dd739bb2dcb4ea,2026-08-28T17:51:54.021564Z
420341,BOSTN/TGP BURLINGTON MA MIDDLESEX,D,delivery,LDC,MIDDLESEX,MA,Z6,Z6,268,True,BOSTON GAS COMPANY D/B/A NATIONAL GRID,C001659,42.481721,-71.394916,census_county_internal_point,county,25017,Middlesex County,km_tgp_locations:1787939514021564000:470a5ca9ff1632ccbae5df41106523761d4ea1990719dabdb968f31231c16847,census_county_gazetteer:1787939514135521000:4c90d0f805779923b5958ab13d0c1e9b99fe4932b786bfcf75dd739bb2dcb4ea,2026-08-28T17:51:54.021564Z
420572,BOSTN/TGP DRACUT MA MIDDLESEX,D,delivery,LDC,MIDDLESEX,MA,Z6,Z6,284,True,BOSTON GAS COMPANY D/B/A NATIONAL GRID,C001659,42.481721,-71.394916,census_county_internal_point,county,25017,Middlesex County,km_tgp_locations:1787939514021564000:470a5ca9ff1632ccbae5df41106523761d4ea1990719dabdb968f31231c16847,census_county_gazetteer:1787939514135521000:4c90d0f805779923b5958ab13d0c1e9b99fe4932b786bfcf75dd739bb2dcb4ea,2026-08-28T17:51:54.021564Z
420192,BOSTN/TGP LEXINGTON MA MIDDLESEX,D,delivery,LDC,MIDDLESEX,MA,Z6,Z6,268,True,BOSTON GAS COMPANY D/B/A NATIONAL GRID,C001659,42.481721,-71.394916,census_county_internal_point,county,25017,Middlesex County,km_tgp_locations:1787939514021564000:470a5ca9ff1632ccbae5df41106523761d4ea1990719dabdb968f31231c16847,census_county_gazetteer:1787939514135521000:4c90d0f805779923b5958ab13d0c1e9b99fe4932b786bfcf75dd739bb2dcb4ea,2026-08-28T17:51:54.021564Z
420136,BOSTN/TGP READING MA MIDDLESEX,D,delivery,LDC,MIDDLESEX,MA,Z6,Z6,268,True,BOSTON GAS COMPANY D/B/A NATIONAL GRID,C001659,42.481721,-71.394916,census_county_internal_point,county,25017,Middlesex County,km_tgp_locations:1787939514021564000:470a5ca9ff1632ccbae5df41106523761d4ea1990719dabdb968f31231c16847,census_county_gazetteer:1787939514135521000:4c90d0f805779923b5958ab13d0c1e9b99fe4932b786bfcf75dd739bb2dcb4ea,2026-08-28T17:51:54.021564Z
420116,BOSTN/TGP REVERE MA MIDDLESEX,D,delivery,LDC,MIDDLESEX,MA,Z6,Z6,268,True,BOSTON GAS COMPANY D/B/A NATIONAL GRID,C001659,42.481721,-71.394916,census_county_internal_point,county,25017,Middlesex County,km_tgp_locations:1787939514021564000:470a5ca9ff1632ccbae5df41106523761d4ea1990719dabdb968f31231c16847,census_county_gazetteer:1787939514135521000:4c90d0f805779923b5958ab13d0c1e9b99fe4932b786bfcf75dd739bb2dcb4ea,2026-08-28T17:51:54.021564Z
420139,BOSTN/TGP TEWKSBURY MA MIDDLESEX,D,delivery,LDC,MIDDLESEX,MA,Z6,Z6,286,True,BOSTON GAS COMPANY D/B/A NATIONAL GRID,C001659,42.481721,-71.394916,census_county_internal_point,county,25017,Middlesex County,km_tgp_locations:1787939514021564000:470a5ca9ff1632ccbae5df41106523761d4ea1990719dabdb968f31231c16847,census_county_gazetteer:1787939514135521000:4c90d0f805779923b5958ab13d0c1e9b99fe4932b786bfcf75dd739bb2dcb4ea,2026-08-28T17:51:54.021564Z
420532,BOSTN/TGP WILMINGTON MA MIDDLESEX,D,delivery,LDC,MIDDLESEX,MA,Z6,Z6,268,True,BOSTON GAS COMPANY D/B/A NATIONAL GRID,C001659,42.481721,-71.394916,census_county_internal_point,county,25017,Middlesex County,km_tgp_locations:1787939514021564000:470a5ca9ff1632ccbae5df41106523761d4ea1990719dabdb968f31231c16847,census_county_gazetteer:1787939514135521000:4c90d0f805779923b5958ab13d0c1e9b99fe4932b786bfcf75dd739bb2dcb4ea,2026-08-28T17:51:54.021564Z
412513,CONSTGEN/TGP DISTRIGAS RECEIPT MIDD,R,receipt,LNG,MIDDLESEX,MA,Z6,Z6,268,True,CONSTELLATION ENERGY GENERATION LLC,,42.481721,-71.394916,census_county_internal_point,county,25017,Middlesex County,km_tgp_locations:1787939514021564000:470a5ca9ff1632ccbae5df41106523761d4ea1990719dabdb968f31231c16847,census_county_gazetteer:1787939514135521000:4c90d0f805779923b5958ab13d0c1e9b99fe4932b786bfcf75dd739bb2dcb4ea,2026-08-28T17:51:54.021564Z
412538,MARITIME/TGP DRACUT MIDDLESEX,B,bidirectional,INT,MIDDLESEX,MA,Z6,Z6,284,True,MARITIMES & NORTHEAST PIPELINE LLC,C000088,42.481721,-71.394916,census_county_internal_point,county,25017,Middlesex County,km_tgp_locations:1787939514021564000:470a5ca9ff1632ccbae5df41106523761d4ea1990719dabdb968f31231c16847,census_county_gazetteer:1787939514135521000:4c90d0f805779923b5958ab13d0c1e9b99fe4932b786bfcf75dd739bb2dcb4ea,2026-08-28T17:51:54.021564Z
411023,NSTAR/TGP HOPKINTON DEHY MIDDLESEX,R,receipt,LDC,MIDDLESEX,MA,Z6,Z6,266,True,NSTAR GAS COMPANY DBA EVERSOURCE ENERGY,,42.481721,-71.394916,census_county_internal_point,county,25017,Middlesex County,km_tgp_locations:1787939514021564000:470a5ca9ff1632ccbae5df41106523761d4ea1990719dabdb968f31231c16847,census_county_gazetteer:1787939514135521000:4c90d0f805779923b5958ab13d0c1e9b99fe4932b786bfcf75dd739bb2dcb4ea,2026-08-28T17:51:54.021564Z
420509,NSTAR/TGP HOPKINTON MIDDLESEX,D,delivery,LDC,MIDDLESEX,MA,Z6,Z6,266,True,NSTAR GAS COMPANY DBA EVERSOURCE ENERGY,,42.481721,-71.394916,census_county_internal_point,county,25017,Middlesex County,km_tgp_locations:1787939514021564000:470a5ca9ff1632ccbae5df41106523761d4ea1990719dabdb968f31231c16847,census_county_gazetteer:1787939514135521000:4c90d0f805779923b5958ab13d0c1e9b99fe4932b786bfcf75dd739bb2dcb4ea,2026-08-28T17:51:54.021564Z
420204,NSTAR/TGP HUDSON MA MIDDLESEX,D,delivery,LDC,MIDDLESEX,MA,Z6,Z6,283,True,NSTAR GAS COMPANY DBA EVERSOURCE ENERGY,,42.481721,-71.394916,census_county_internal_point,county,25017,Middlesex County,km_tgp_locations:1787939514021564000:470a5ca9ff1632ccbae5df41106523761d4ea1990719dabdb968f31231c16847,census_county_gazetteer:1787939514135521000:4c90d0f805779923b5958ab13d0c1e9b99fe4932b786bfcf75dd739bb2dcb4ea,2026-08-28T17:51:54.021564Z
421007,NSTAR/TGP MARLBOROUGH MIDDLESEX,D,delivery,LDC,MIDDLESEX,MA,Z6,Z6,283,True,NSTAR GAS COMPANY DBA EVERSOURCE ENERGY,,42.481721,-71.394916,census_county_internal_point,county,25017,Middlesex County,km_tgp_locations:1787939514021564000:470a5ca9ff1632ccbae5df41106523761d4ea1990719dabdb968f31231c16847,census_county_gazetteer:1787939514135521000:4c90d0f805779923b5958ab13d0c1e9b99fe4932b786bfcf75dd739bb2dcb4ea,2026-08-28T17:51:54.021564Z
421035,NSTAR/TGP ROUTE 9 FRAMINGHAM MIDDLE,D,delivery,LDC,MIDDLESEX,MA,Z6,Z6,268,True,NSTAR GAS COMPANY DBA EVERSOURCE ENERGY,,42.481721,-71.394916,census_county_internal_point,county,25017,Middlesex County,km_tgp_locations:1787939514021564000:470a5ca9ff1632ccbae5df41106523761d4ea1990719dabdb968f31231c16847,census_county_gazetteer:1787939514135521000:4c90d0f805779923b5958ab13d0c1e9b99fe4932b786bfcf75dd739bb2dcb4ea,2026-08-28T17:51:54.021564Z
55653,PCG POOL - ZN 6 200 LEG NORTH,B,bidirectional,PPT,MIDDLESEX,MA,Z6,Z6,267,False,,,42.481721,-71.394916,census_county_internal_point,county,25017,Middlesex County,km_tgp_locations:1787939514021564000:470a5ca9ff1632ccbae5df41106523761d4ea1990719dabdb968f31231c16847,census_county_gazetteer:1787939514135521000:4c90d0f805779923b5958ab13d0c1e9b99fe4932b786bfcf75dd739bb2dcb4ea,2026-08-28T17:51:54.021564Z
50680,POOLING PT-200 LEG NORTH- ZN 6,B,bidirectional,PPT,MIDDLESEX,MA,Z6,Z6,267,False,,,42.481721,-71.394916,census_county_internal_point,county,25017,Middlesex County,km_tgp_locations:1787939514021564000:470a5ca9ff1632ccbae5df41106523761d4ea1990719dabdb968f31231c16847,census_county_gazetteer:1787939514135521000:4c90d0f805779923b5958ab13d0c1e9b99fe4932b786bfcf75dd739bb2dcb4ea,2026-08-28T17:51:54.021564Z
405276,TGP/TGP TEWKSBURY-ANDOVER LATERAL M,B,bidirectional,INT,MIDDLESEX,MA,Z6,Z6,267,False,,,42.481721,-71.394916,census_county_internal_point,county,25017,Middlesex County,km_tgp_locations:1787939514021564000:470a5ca9ff1632ccbae5df41106523761d4ea1990719dabdb968f31231c16847,census_county_gazetteer:1787939514135521000:4c90d0f805779923b5958ab13d0c1e9b99fe4932b786bfcf75dd739bb2dcb4ea,2026-08-28T17:51:54.021564Z
420424,HESS/TGP BELLINGHAM MA NORFOLK,D,delivery,INT,NORFOLK,MA,Z6,Z6,282,True,HESS CORPORATION,,42.171741,-71.181111,census_county_internal_point,county,25021,Norfolk County,km_tgp_locations:1787939514021564000:470a5ca9ff1632ccbae5df41106523761d4ea1990719dabdb968f31231c16847,census_county_gazetteer:1787939514135521000:4c90d0f805779923b5958ab13d0c1e9b99fe4932b786bfcf75dd739bb2dcb4ea,2026-08-28T17:51:54.021564Z
420350,AGT/TGP LINCOLN MA TIE OVER WORCHES,D,delivery,INT,WORCHESTER,MA,Z6,Z6,268,True,ALGONQUIN GAS TRANSMISSION LLC,C000084,42.311693,-71.940282,census_county_internal_point,county,25027,Worcester County,km_tgp_locations:1787939514021564000:470a5ca9ff1632ccbae5df41106523761d4ea1990719dabdb968f31231c16847,census_county_gazetteer:1787939514135521000:4c90d0f805779923b5958ab13d0c1e9b99fe4932b786bfcf75dd739bb2dcb4ea,2026-08-28T17:51:54.021564Z
420285,AGT/TGP MENDON MASS TIE OVER WORCHE,D,delivery,INT,WORCHESTER,MA,Z6,Z6,282,True,ALGONQUIN GAS TRANSMISSION LLC,C000084,42.311693,-71.940282,census_county_internal_point,county,25027,Worcester County,km_tgp_locations:1787939514021564000:470a5ca9ff1632ccbae5df41106523761d4ea1990719dabdb968f31231c16847,census_county_gazetteer:1787939514135521000:4c90d0f805779923b5958ab13d0c1e9b99fe4932b786bfcf75dd739bb2dcb4ea,2026-08-28T17:51:54.021564Z
420110,BOSTN/TGP CLINTON MA WORCHESTER,D,delivery,LDC,WORCHESTER,MA,Z6,Z6,283,True,BOSTON GAS COMPANY D/B/A NATIONAL GRID,C001659,42.311693,-71.940282,census_county_internal_point,county,25027,Worcester County,km_tgp_locations:1787939514021564000:470a5ca9ff1632ccbae5df41106523761d4ea1990719dabdb968f31231c16847,census_county_gazetteer:1787939514135521000:4c90d0f805779923b5958ab13d0c1e9b99fe4932b786bfcf75dd739bb2dcb4ea,2026-08-28T17:51:54.021564Z
420111,BOSTN/TGP LEOMINSTER MA WORCHESTER,D,delivery,LDC,WORCHESTER,MA,Z6,Z6,283,True,BOSTON GAS COMPANY D/B/A NATIONAL GRID,C001659,42.311693,-71.940282,census_county_internal_point,county,25027,Worcester County,km_tgp_locations:1787939514021564000:470a5ca9ff1632ccbae5df41106523761d4ea1990719dabdb968f31231c16847,census_county_gazetteer:1787939514135521000:4c90d0f805779923b5958ab13d0c1e9b99fe4932b786bfcf75dd739bb2dcb4ea,2026-08-28T17:51:54.021564Z
420949,BOSTN/TGP LUNENBERG WORCHESTER,D,delivery,LDC,WORCHESTER,MA,Z6,Z6,283,True,BOSTON GAS COMPANY D/B/A NATIONAL GRID,C001659,42.311693,-71.940282,census_county_internal_point,county,25027,Worcester County,km_tgp_locations:1787939514021564000:470a5ca9ff1632ccbae5df41106523761d4ea1990719dabdb968f31231c16847,census_county_gazetteer:1787939514135521000:4c90d0f805779923b5958ab13d0c1e9b99fe4932b786bfcf75dd739bb2dcb4ea,2026-08-28T17:51:54.021564Z
421023,BOSTN/TGP OXFORD SALES WORCHESTER,D,delivery,LDC,WORCHESTER,MA,Z6,Z6,261,True,BOSTON GAS COMPANY D/B/A NATIONAL GRID,C001659,42.311693,-71.940282,census_county_internal_point,county,25027,Worcester County,km_tgp_locations:1787939514021564000:470a5ca9ff1632ccbae5df41106523761d4ea1990719dabdb968f31231c16847,census_county_gazetteer:1787939514135521000:4c90d0f805779923b5958ab13d0c1e9b99fe4932b786bfcf75dd739bb2dcb4ea,2026-08-28T17:51:54.021564Z
420108,BOSTN/TGP SOUTHBRIDGE MA WORCHESTER,D,delivery,LDC,WORCHESTER,MA,Z6,Z6,261,True,BOSTON GAS COMPANY D/B/A NATIONAL GRID,C001659,42.311693,-71.940282,census_county_internal_point,county,25027,Worcester County,km_tgp_locations:1787939514021564000:470a5ca9ff1632ccbae5df41106523761d4ea1990719dabdb968f31231c16847,census_county_gazetteer:1787939514135521000:4c90d0f805779923b5958ab13d0c1e9b99fe4932b786bfcf75dd739bb2dcb4ea,2026-08-28T17:51:54.021564Z
420191,BOSTN/TGP SPENCER MA WORCHESTER,D,delivery,LDC,WORCHESTER,MA,Z6,Z6,261,True,BOSTON GAS COMPANY D/B/A NATIONAL GRID,C001659,42.311693,-71.940282,census_county_internal_point,county,25027,Worcester County,km_tgp_locations:1787939514021564000:470a5ca9ff1632ccbae5df41106523761d4ea1990719dabdb968f31231c16847,census_county_gazetteer:1787939514135521000:4c90d0f805779923b5958ab13d0c1e9b99fe4932b786bfcf75dd739bb2dcb4ea,2026-08-28T17:51:54.021564Z
420894,DYNEGY/TGP BLACKSTONE WORCHESTER,D,delivery,EGN,WORCHESTER,MA,Z6,Z6,282,True,DYNEGY MARKETING AND TRADE LLC,,42.311693,-71.940282,census_county_internal_point,county,25027,Worcester County,km_tgp_locations:1787939514021564000:470a5ca9ff1632ccbae5df41106523761d4ea1990719dabdb968f31231c16847,census_county_gazetteer:1787939514135521000:4c90d0f805779923b5958ab13d0c1e9b99fe4932b786bfcf75dd739bb2dcb4ea,2026-08-28T17:51:54.021564Z
420631,EVRSRC/TGP BROCKTON SALES WORCHESTE,D,delivery,LDC,WORCHESTER,MA,Z6,Z6,282,True,EVERSOURCE GAS COMPANY OF MASSACHUSETTS DBA EVERSOURCE ENERG,,42.311693,-71.940282,census_county_internal_point,county,25027,Worcester County,km_tgp_locations:1787939514021564000:470a5ca9ff1632ccbae5df41106523761d4ea1990719dabdb968f31231c16847,census_county_gazetteer:1787939514135521000:4c90d0f805779923b5958ab13d0c1e9b99fe4932b786bfcf75dd739bb2dcb4ea,2026-08-28T17:51:54.021564Z
420112,FITCHBRG/TGP FITCHBURG MA WORCHESTE,D,delivery,LDC,WORCHESTER,MA,Z6,Z6,283,True,FITCHBURG GAS AND ELECTRIC LIGHT CO,,42.311693,-71.940282,census_county_internal_point,county,25027,Worcester County,km_tgp_locations:1787939514021564000:470a5ca9ff1632ccbae5df41106523761d4ea1990719dabdb968f31231c16847,census_county_gazetteer:1787939514135521000:4c90d0f805779923b5958ab13d0c1e9b99fe4932b786bfcf75dd739bb2dcb4ea,2026-08-28T17:51:54.021564Z
420884,MILL POW/TGP MILLENNIUM POWER COGEN,D,delivery,EGN,WORCHESTER,MA,Z6,Z6,261,True,MILLENNIUM POWER COMPANY LLC,,42.311693,-71.940282,census_county_internal_point,county,25027,Worcester County,km_tgp_locations:1787939514021564000:470a5ca9ff1632ccbae5df41106523761d4ea1990719dabdb968f31231c16847,census_county_gazetteer:1787939514135521000:4c90d0f805779923b5958ab13d0c1e9b99fe4932b786bfcf75dd739bb2dcb4ea,2026-08-28T17:51:54.021564Z
55669,NEENERGY/TGP CADY BROOK STATION WOR,D,delivery,LNG,WORCHESTER,MA,Z6,Z6,261,True,NORTHEAST ENERGY CENTER LLC,,42.311693,-71.940282,census_county_internal_point,county,25027,Worcester County,km_tgp_locations:1787939514021564000:470a5ca9ff1632ccbae5df41106523761d4ea1990719dabdb968f31231c16847,census_county_gazetteer:1787939514135521000:4c90d0f805779923b5958ab13d0c1e9b99fe4932b786bfcf75dd739bb2dcb4ea,2026-08-28T17:51:54.021564Z
420259,NSTAR/TGP FARNUMSVILLE MA WORCHESTE,D,delivery,LDC,WORCHESTER,MA,Z6,Z6,265,True,NSTAR GAS COMPANY DBA EVERSOURCE ENERGY,,42.311693,-71.940282,census_county_internal_point,county,25027,Worcester County,km_tgp_locations:1787939514021564000:470a5ca9ff1632ccbae5df41106523761d4ea1990719dabdb968f31231c16847,census_county_gazetteer:1787939514135521000:4c90d0f805779923b5958ab13d0c1e9b99fe4932b786bfcf75dd739bb2dcb4ea,2026-08-28T17:51:54.021564Z
55258,NSTAR/TGP SUTTON DELIVERY WORCHESTE,D,delivery,LDC,WORCHESTER,MA,Z6,Z6,281,True,NSTAR GAS COMPANY DBA EVERSOURCE ENERGY,,42.311693,-71.940282,census_county_internal_point,county,25027,Worcester County,km_tgp_locations:1787939514021564000:470a5ca9ff1632ccbae5df41106523761d4ea1990719dabdb968f31231c16847,census_county_gazetteer:1787939514135521000:4c90d0f805779923b5958ab13d0c1e9b99fe4932b786bfcf75dd739bb2dcb4ea,2026-08-28T17:51:54.021564Z
420109,NSTAR/TGP WORCESTER MA WORCHESTER,D,delivery,LDC,WORCHESTER,MA,Z6,Z6,261,True,NSTAR GAS COMPANY DBA EVERSOURCE ENERGY,,42.311693,-71.940282,census_county_internal_point,county,25027,Worcester County,km_tgp_locations:1787939514021564000:470a5ca9ff1632ccbae5df41106523761d4ea1990719dabdb968f31231c16847,census_county_gazetteer:1787939514135521000:4c90d0f805779923b5958ab13d0c1e9b99fe4932b786bfcf75dd739bb2dcb4ea,2026-08-28T17:51:54.021564Z
420058,BBT ALTN/TGP CORINTH MS ALCORN,D,delivery,INT,ALCORN,MS,Z1,Z1,847,True,BBT ALATENN LLC,C001023,34.886569,-88.581109,census_county_internal_point,county,28003,Alcorn County,km_tgp_locations:1787939514021564000:470a5ca9ff1632ccbae5df41106523761d4ea1990719dabdb968f31231c16847,census_county_gazetteer:1787939514135521000:4c90d0f805779923b5958ab13d0c1e9b99fe4932b786bfcf75dd739bb2dcb4ea,2026-08-28T17:51:54.021564Z
420855,CORINTH/TGP CORINTH 3 ALCORN,D,delivery,LDC,ALCORN,MS,Z1,Z1,847,True,CORINTH PUBLIC UTILITIES COMMISSION,,34.886569,-88.581109,census_county_internal_point,county,28003,Alcorn County,km_tgp_locations:1787939514021564000:470a5ca9ff1632ccbae5df41106523761d4ea1990719dabdb968f31231c16847,census_county_gazetteer:1787939514135521000:4c90d0f805779923b5958ab13d0c1e9b99fe4932b786bfcf75dd739bb2dcb4ea,2026-08-28T17:51:54.021564Z
420483,CORINTH/TGP CORINTH MS 2 ALCORN,D,delivery,LDC,ALCORN,MS,Z1,Z1,847,True,CORINTH PUBLIC UTILITIES COMMISSION,,34.886569,-88.581109,census_county_internal_point,county,28003,Alcorn County,km_tgp_locations:1787939514021564000:470a5ca9ff1632ccbae5df41106523761d4ea1990719dabdb968f31231c16847,census_county_gazetteer:1787939514135521000:4c90d0f805779923b5958ab13d0c1e9b99fe4932b786bfcf75dd739bb2dcb4ea,2026-08-28T17:51:54.021564Z
420705,CORINTH/TGP NORTH CORINTH MS ALCORN,D,delivery,LDC,ALCORN,MS,Z1,Z1,847,True,CORINTH PUBLIC UTILITIES COMMISSION,,34.886569,-88.581109,census_county_internal_point,county,28003,Alcorn County,km_tgp_locations:1787939514021564000:470a5ca9ff1632ccbae5df41106523761d4ea1990719dabdb968f31231c16847,census_county_gazetteer:1787939514135521000:4c90d0f805779923b5958ab13d0c1e9b99fe4932b786bfcf75dd739bb2dcb4ea,2026-08-28T17:51:54.021564Z
420802,KIMBERLY/TGP KIMBERLY CLARK SMS ALC,D,delivery,END,ALCORN,MS,Z1,Z1,847,True,KIMBERLY CLARKE CORP,,34.886569,-88.581109,census_county_internal_point,county,28003,Alcorn County,km_tgp_locations:1787939514021564000:470a5ca9ff1632ccbae5df41106523761d4ea1990719dabdb968f31231c16847,census_county_gazetteer:1787939514135521000:4c90d0f805779923b5958ab13d0c1e9b99fe4932b786bfcf75dd739bb2dcb4ea,2026-08-28T17:51:54.021564Z
420152,ASHLNDMS/TGP ASHLAND MS BENTON,D,delivery,LDC,BENTON,MS,Z1,Z1,163,True,TOWN OF ASHLAND MISSISSIPPI,,34.809593,-89.200213,census_county_internal_point,county,28009,Benton County,km_tgp_locations:1787939514021564000:470a5ca9ff1632ccbae5df41106523761d4ea1990719dabdb968f31231c16847,census_county_gazetteer:1787939514135521000:4c90d0f805779923b5958ab13d0c1e9b99fe4932b786bfcf75dd739bb2dcb4ea,2026-08-28T17:51:54.021564Z
420948,TVA/TGP MAGNOLIA BENTON,D,delivery,EGN,BENTON,MS,Z1,Z1,163,True,TENNESSEE VALLEY AUTHORITY,,34.809593,-89.200213,census_county_internal_point,county,28009,Benton County,km_tgp_locations:1787939514021564000:470a5ca9ff1632ccbae5df41106523761d4ea1990719dabdb968f31231c16847,census_county_gazetteer:1787939514135521000:4c90d0f805779923b5958ab13d0c1e9b99fe4932b786bfcf75dd739bb2dcb4ea,2026-08-28T17:51:54.021564Z
412520,DESTIN/TGP ROSE HILL INTERCONNECT C,R,receipt,INT,CLARKE,MS,Z1,Z1,539,True,DESTIN PIPELINE COMPANY LLC,C000055,32.045374,-88.687976,census_county_internal_point,county,28023,Clarke County,km_tgp_locations:1787939514021564000:470a5ca9ff1632ccbae5df41106523761d4ea1990719dabdb968f31231c16847,census_county_gazetteer:1787939514135521000:4c90d0f805779923b5958ab13d0c1e9b99fe4932b786bfcf75dd739bb2dcb4ea,2026-08-28T17:51:54.021564Z
421004,DUKE ENT/TGP CLARK ENTERPRISE POWER,D,delivery,LDC,CLARKE,MS,Z1,Z1,534,True,DUKE ENERGY ENTERPRISE LLC,,32.045374,-88.687976,census_county_internal_point,county,28023,Clarke County,km_tgp_locations:1787939514021564000:470a5ca9ff1632ccbae5df41106523761d4ea1990719dabdb968f31231c16847,census_county_gazetteer:1787939514135521000:4c90d0f805779923b5958ab13d0c1e9b99fe4932b786bfcf75dd739bb2dcb4ea,2026-08-28T17:51:54.021564Z
420546,TGP/SNG ROSE HILL MISS CLARKE,B,bidirectional,INT,CLARKE,MS,Z1,Z1,539,True,TENNESSEE GAS PIPELINE COMPANY L.L.C.,C000020,32.045374,-88.687976,census_county_internal_point,county,28023,Clarke County,km_tgp_locations:1787939514021564000:470a5ca9ff1632ccbae5df41106523761d4ea1990719dabdb968f31231c16847,census_county_gazetteer:1787939514135521000:4c90d0f805779923b5958ab13d0c1e9b99fe4932b786bfcf75dd739bb2dcb4ea,2026-08-28T17:51:54.021564Z
56573,TGP/SNG TGP-ROSE HILL #2 TO SNG CLA,D,delivery,INT,CLARKE,MS,Z1,Z1,539,True,TENNESSEE GAS PIPELINE COMPANY L.L.C.,C000020,32.045374,-88.687976,census_county_internal_point,county,28023,Clarke County,km_tgp_locations:1787939514021564000:470a5ca9ff1632ccbae5df41106523761d4ea1990719dabdb968f31231c16847,census_county_gazetteer:1787939514135521000:4c90d0f805779923b5958ab13d0c1e9b99fe4932b786bfcf75dd739bb2dcb4ea,2026-08-28T17:51:54.021564Z
420641,BBTMISS/TGP ENDEVCO SUNRISE SALES F,D,delivery,INT,FORREST,MS,Z1,Z1,534,True,BBT MISSISSIPPI LLC,,31.18858,-89.259447,census_county_internal_point,county,28035,Forrest County,km_tgp_locations:1787939514021564000:470a5ca9ff1632ccbae5df41106523761d4ea1990719dabdb968f31231c16847,census_county_gazetteer:1787939514135521000:4c90d0f805779923b5958ab13d0c1e9b99fe4932b786bfcf75dd739bb2dcb4ea,2026-08-28T17:51:54.021564Z
420797,GULFSTH/TGP PETAL STORAGE FIELD FOR,B,bidirectional,INT,FORREST,MS,Z1,Z1,534,True,GULF SOUTH PIPELINE COMPANY LLC,C000591,31.18858,-89.259447,census_county_internal_point,county,28035,Forrest County,km_tgp_locations:1787939514021564000:470a5ca9ff1632ccbae5df41106523761d4ea1990719dabdb968f31231c16847,census_county_gazetteer:1787939514135521000:4c90d0f805779923b5958ab13d0c1e9b99fe4932b786bfcf75dd739bb2dcb4ea,2026-08-28T17:51:54.021564Z
420702,HATBG GS/TGP PETAL MISS STG TRANS F,B,bidirectional,STR,FORREST,MS,Z1,Z1,534,True,HATTIESBURG GAS STORAGE COMPANY,,31.18858,-89.259447,census_county_internal_point,county,28035,Forrest County,km_tgp_locations:1787939514021564000:470a5ca9ff1632ccbae5df41106523761d4ea1990719dabdb968f31231c16847,census_county_gazetteer:1787939514135521000:4c90d0f805779923b5958ab13d0c1e9b99fe4932b786bfcf75dd739bb2dcb4ea,2026-08-28T17:51:54.021564Z
411354,KR MCGEE/TGP TATUM DEHY FORREST,R,receipt,WHD,FORREST,MS,Z1,Z1,534,True,KERR-MCGEE CORPORATION,,31.18858,-89.259447,census_county_internal_point,county,28035,Forrest County,km_tgp_locations:1787939514021564000:470a5ca9ff1632ccbae5df41106523761d4ea1990719dabdb968f31231c16847,census_county_gazetteer:1787939514135521000:4c90d0f805779923b5958ab13d0c1e9b99fe4932b786bfcf75dd739bb2dcb4ea,2026-08-28T17:51:54.021564Z
55645,PCG POOL - ZN L 500 LEG,B,bidirectional,PPT,FORREST,MS,ZL,ZL,530,False,,,31.18858,-89.259447,census_county_internal_point,county,28035,Forrest County,km_tgp_locations:1787939514021564000:470a5ca9ff1632ccbae5df41106523761d4ea1990719dabdb968f31231c16847,census_county_gazetteer:1787939514135521000:4c90d0f805779923b5958ab13d0c1e9b99fe4932b786bfcf75dd739bb2dcb4ea,2026-08-28T17:51:54.021564Z
412758,PETROHRV/TGP HIGHWAY 13 : RIP 533D-,R,receipt,WHD,FORREST,MS,ZL,ZL,530,True,PETRO HARVESTER OPERATING COMPANY LLC,,31.18858,-89.259447,census_county_internal_point,county,28035,Forrest County,km_tgp_locations:1787939514021564000:470a5ca9ff1632ccbae5df41106523761d4ea1990719dabdb968f31231c16847,census_county_gazetteer:1787939514135521000:4c90d0f805779923b5958ab13d0c1e9b99fe4932b786bfcf75dd739bb2dcb4ea,2026-08-28T17:51:54.021564Z
420999,POOLING PT - 500 LEG - ZONE L,B,bidirectional,PPT,FORREST,MS,ZL,ZL,530,False,,,31.18858,-89.259447,census_county_internal_point,county,28035,Forrest County,km_tgp_locations:1787939514021564000:470a5ca9ff1632ccbae5df41106523761d4ea1990719dabdb968f31231c16847,census_county_gazetteer:1787939514135521000:4c90d0f805779923b5958ab13d0c1e9b99fe4932b786bfcf75dd739bb2dcb4ea,2026-08-28T17:51:54.021564Z
412750,PRP INC/TGP PISTOL RIDGE: RIP 533B-,R,receipt,WHD,FORREST,MS,ZL,ZL,530,True,P.R.P. INC.,,31.18858,-89.259447,census_county_internal_point,county,28035,Forrest County,km_tgp_locations:1787939514021564000:470a5ca9ff1632ccbae5df41106523761d4ea1990719dabdb968f31231c16847,census_county_gazetteer:1787939514135521000:4c90d0f805779923b5958ab13d0c1e9b99fe4932b786bfcf75dd739bb2dcb4ea,2026-08-28T17:51:54.021564Z
421059,SESH/TGP PETAL INTERCONNECT: RIP 53,B,bidirectional,INT,FORREST,MS,Z1,Z1,534,True,SOUTHEAST SUPPLY HEADER L.L.C.,C001203,31.18858,-89.259447,census_county_internal_point,county,28035,Forrest County,km_tgp_locations:1787939514021564000:470a5ca9ff1632ccbae5df41106523761d4ea1990719dabdb968f31231c16847,census_county_gazetteer:1787939514135521000:4c90d0f805779923b5958ab13d0c1e9b99fe4932b786bfcf75dd739bb2dcb4ea,2026-08-28T17:51:54.021564Z
412753,SKYEMS/TGP PISTOL RIDGE: RIP 533C-1,R,receipt,WHD,FORREST,MS,ZL,ZL,530,True,SKYE MS LLC,C012645,31.18858,-89.259447,census_county_internal_point,county,28035,Forrest County,km_tgp_locations:1787939514021564000:470a5ca9ff1632ccbae5df41106523761d4ea1990719dabdb968f31231c16847,census_county_gazetteer:1787939514135521000:4c90d0f805779923b5958ab13d0c1e9b99fe4932b786bfcf75dd739bb2dcb4ea,2026-08-28T17:51:54.021564Z
420719,SPIREMS/TGP CAMP SHELBY FORREST,D,delivery,LDC,FORREST,MS,Z1,Z1,534,True,SPIRE MISSISSIPPI INC.,,31.18858,-89.259447,census_county_internal_point,county,28035,Forrest County,km_tgp_locations:1787939514021564000:470a5ca9ff1632ccbae5df41106523761d4ea1990719dabdb968f31231c16847,census_county_gazetteer:1787939514135521000:4c90d0f805779923b5958ab13d0c1e9b99fe4932b786bfcf75dd739bb2dcb4ea,2026-08-28T17:51:54.021564Z
420693,SPIREMS/TGP HATTIESBURG SALES FORRE,D,delivery,LDC,FORREST,MS,Z1,Z1,534,True,SPIRE MISSISSIPPI INC.,,31.18858,-89.259447,census_county_internal_point,county,28035,Forrest County,km_tgp_locations:1787939514021564000:470a5ca9ff1632ccbae5df41106523761d4ea1990719dabdb968f31231c16847,census_county_gazetteer:1787939514135521000:4c90d0f805779923b5958ab13d0c1e9b99fe4932b786bfcf75dd739bb2dcb4ea,2026-08-28T17:51:54.021564Z
412416,TX PETR/TGP ALLAR CO 1 FORREST,R,receipt,WHD,FORREST,MS,Z1,Z1,534,True,TEXAS PETROLEUM INVESTMENT COMPANY,,31.18858,-89.259447,census_county_internal_point,county,28035,Forrest County,km_tgp_locations:1787939514021564000:470a5ca9ff1632ccbae5df41106523761d4ea1990719dabdb968f31231c16847,census_county_gazetteer:1787939514135521000:4c90d0f805779923b5958ab13d0c1e9b99fe4932b786bfcf75dd739bb2dcb4ea,2026-08-28T17:51:54.021564Z
420328,ATMOS-MS/TGP HARDY STA MS GRENADA,D,delivery,LDC,GRENADA,MS,Z1,Z1,834,True,ATMOS ENERGY CORPORATION - MISS DIVISION,,33.770031,-89.80274,census_county_internal_point,county,28043,Grenada County,km_tgp_locations:1787939514021564000:470a5ca9ff1632ccbae5df41106523761d4ea1990719dabdb968f31231c16847,census_county_gazetteer:1787939514135521000:4c90d0f805779923b5958ab13d0c1e9b99fe4932b786bfcf75dd739bb2dcb4ea,2026-08-28T17:51:54.021564Z
420506,ATMOS-MS/TGP HOLCOMB MS GRENADA,D,delivery,LDC,GRENADA,MS,Z1,Z1,834,True,ATMOS ENERGY CORPORATION - MISS DIVISION,,33.770031,-89.80274,census_county_internal_point,county,28043,Grenada County,km_tgp_locations:1787939514021564000:470a5ca9ff1632ccbae5df41106523761d4ea1990719dabdb968f31231c16847,census_county_gazetteer:1787939514135521000:4c90d0f805779923b5958ab13d0c1e9b99fe4932b786bfcf75dd739bb2dcb4ea,2026-08-28T17:51:54.021564Z
420736,CALGON/TGP PEARL RIVER PLANT HANCOC,D,delivery,END,HANCOCK,MS,ZL,ZL,530,True,CALGON CARBON CORP,,30.391641,-89.482791,census_county_internal_point,county,28045,Hancock County,km_tgp_locations:1787939514021564000:470a5ca9ff1632ccbae5df41106523761d4ea1990719dabdb968f31231c16847,census_county_gazetteer:1787939514135521000:4c90d0f805779923b5958ab13d0c1e9b99fe4932b786bfcf75dd739bb2dcb4ea,2026-08-28T17:51:54.021564Z
420883,DELTAMS/TGP PORT BIENVILLE HANCOCK,D,delivery,LDC,HANCOCK,MS,ZL,ZL,530,True,DELTA MISSISSIPPI GAS COMPANY LLC,,30.391641,-89.482791,census_county_internal_point,county,28045,Hancock County,km_tgp_locations:1787939514021564000:470a5ca9ff1632ccbae5df41106523761d4ea1990719dabdb968f31231c16847,census_county_gazetteer:1787939514135521000:4c90d0f805779923b5958ab13d0c1e9b99fe4932b786bfcf75dd739bb2dcb4ea,2026-08-28T17:51:54.021564Z
420713,DELTAMS/TGP STENNIS SALES HANCOCK,D,delivery,LDC,HANCOCK,MS,ZL,ZL,530,True,DELTA MISSISSIPPI GAS COMPANY LLC,,30.391641,-89.482791,census_county_internal_point,county,28045,Hancock County,km_tgp_locations:1787939514021564000:470a5ca9ff1632ccbae5df41106523761d4ea1990719dabdb968f31231c16847,census_county_gazetteer:1787939514135521000:4c90d0f805779923b5958ab13d0c1e9b99fe4932b786bfcf75dd739bb2dcb4ea,2026-08-28T17:51:54.021564Z
420383,GULFSTH/TGP KILN MISS EXCHANGE HANC,B,bidirectional,INT,HANCOCK,MS,ZL,ZL,530,True,GULF SOUTH PIPELINE COMPANY LLC,C000591,30.391641,-89.482791,census_county_internal_point,county,28045,Hancock County,km_tgp_locations:1787939514021564000:470a5ca9ff1632ccbae5df41106523761d4ea1990719dabdb968f31231c16847,census_county_gazetteer:1787939514135521000:4c90d0f805779923b5958ab13d0c1e9b99fe4932b786bfcf75dd739bb2dcb4ea,2026-08-28T17:51:54.021564Z
412735,KELLYOIL/TGP RHODA BROWN 1 CATAHOUL,R,receipt,WHD,HANCOCK,MS,ZL,ZL,530,True,KELLY OIL COMPANY,,30.391641,-89.482791,census_county_internal_point,county,28045,Hancock County,km_tgp_locations:1787939514021564000:470a5ca9ff1632ccbae5df41106523761d4ea1990719dabdb968f31231c16847,census_county_gazetteer:1787939514135521000:4c90d0f805779923b5958ab13d0c1e9b99fe4932b786bfcf75dd739bb2dcb4ea,2026-08-28T17:51:54.021564Z
412762,TEX GAS/TGP ISOLA ROAD RIP 843B 101,R,receipt,INT,HUMPHREYS,MS,Z1,Z1,834,True,TEXAS GAS TRANSMISSION LLC,C000592,33.130996,-90.523421,census_county_internal_point,county,28053,Humphreys County,km_tgp_locations:1787939514021564000:470a5ca9ff1632ccbae5df41106523761d4ea1990719dabdb968f31231c16847,census_county_gazetteer:1787939514135521000:4c90d0f805779923b5958ab13d0c1e9b99fe4932b786bfcf75dd739bb2dcb4ea,2026-08-28T17:51:54.021564Z
412060,/TGP HEIDELBURG TRANSPORT JASPER,R,receipt,INT,JASPER,MS,Z1,Z1,534,True,PETROLEUM FUELS COMPANY,,32.016748,-89.119176,census_county_internal_point,county,28061,Jasper County,km_tgp_locations:1787939514021564000:470a5ca9ff1632ccbae5df41106523761d4ea1990719dabdb968f31231c16847,census_county_gazetteer:1787939514135521000:4c90d0f805779923b5958ab13d0c1e9b99fe4932b786bfcf75dd739bb2dcb4ea,2026-08-28T17:51:54.021564Z
412754,GULFSTH/TGP HEIDELBERG GUM AVE: RIP,R,receipt,INT,JASPER,MS,Z1,Z1,534,True,GULF SOUTH PIPELINE COMPANY LLC,C000591,32.016748,-89.119176,census_county_internal_point,county,28061,Jasper County,km_tgp_locations:1787939514021564000:470a5ca9ff1632ccbae5df41106523761d4ea1990719dabdb968f31231c16847,census_county_gazetteer:1787939514135521000:4c90d0f805779923b5958ab13d0c1e9b99fe4932b786bfcf75dd739bb2dcb4ea,2026-08-28T17:51:54.021564Z
608500,LEAF/SNG JASPER,B,bidirectional,STR,JASPER,MS,Z1,Z1,5420,True,LEAF RIVER ENERGY CENTER LLC,C002311,32.016748,-89.119176,census_county_internal_point,county,28061,Jasper County,km_tgp_locations:1787939514021564000:470a5ca9ff1632ccbae5df41106523761d4ea1990719dabdb968f31231c16847,census_county_gazetteer:1787939514135521000:4c90d0f805779923b5958ab13d0c1e9b99fe4932b786bfcf75dd739bb2dcb4ea,2026-08-28T17:51:54.021564Z
412789,LEAF/TGP JASPER COUNTY: RIP 538 2 5,B,bidirectional,STR,JASPER,MS,Z1,Z1,534,True,LEAF RIVER ENERGY CENTER LLC,C002311,32.016748,-89.119176,census_county_internal_point,county,28061,Jasper County,km_tgp_locations:1787939514021564000:470a5ca9ff1632ccbae5df41106523761d4ea1990719dabdb968f31231c16847,census_county_gazetteer:1787939514135521000:4c90d0f805779923b5958ab13d0c1e9b99fe4932b786bfcf75dd739bb2dcb4ea,2026-08-28T17:51:54.021564Z
44577,TGP/MEP JASPER,R,receipt,INT,JASPER,MS,Z1,Z1,534,True,TENNESSEE GAS PIPELINE COMPANY L.L.C.,C000020,32.016748,-89.119176,census_county_internal_point,county,28061,Jasper County,km_tgp_locations:1787939514021564000:470a5ca9ff1632ccbae5df41106523761d4ea1990719dabdb968f31231c16847,census_county_gazetteer:1787939514135521000:4c90d0f805779923b5958ab13d0c1e9b99fe4932b786bfcf75dd739bb2dcb4ea,2026-08-28T17:51:54.021564Z
420291,TRNSCO/TGP HEIDELBERG MISSISIPPI JA,B,bidirectional,INT,JASPER,MS,Z1,Z1,534,True,TRANSCONTINENTAL GAS PIPELINE COMPANY LLC,C000654,32.016748,-89.119176,census_county_internal_point,county,28061,Jasper County,km_tgp_locations:1787939514021564000:470a5ca9ff1632ccbae5df41106523761d4ea1990719dabdb968f31231c16847,census_county_gazetteer:1787939514135521000:4c90d0f805779923b5958ab13d0c1e9b99fe4932b786bfcf75dd739bb2dcb4ea,2026-08-28T17:51:54.021564Z
605150,BBTMISS/SNG SILVER CREEK JEFFERSON,D,delivery,INT,JEFFERSON DAVIS,MS,Z1,Z1,5370,True,BBT MISSISSIPPI LLC,,31.564808,-89.827086,census_county_internal_point,county,28065,Jefferson Davis County,km_tgp_locations:1787939514021564000:470a5ca9ff1632ccbae5df41106523761d4ea1990719dabdb968f31231c16847,census_county_gazetteer:1787939514135521000:4c90d0f805779923b5958ab13d0c1e9b99fe4932b786bfcf75dd739bb2dcb4ea,2026-08-28T17:51:54.021564Z
606610,SESH/SNG JEFFERS,B,bidirectional,INT,JEFFERSON DAVIS,MS,Z1,Z1,5390,True,SOUTHEAST SUPPLY HEADER L.L.C.,C001203,31.564808,-89.827086,census_county_internal_point,county,28065,Jefferson Davis County,km_tgp_locations:1787939514021564000:470a5ca9ff1632ccbae5df41106523761d4ea1990719dabdb968f31231c16847,census_county_gazetteer:1787939514135521000:4c90d0f805779923b5958ab13d0c1e9b99fe4932b786bfcf75dd739bb2dcb4ea,2026-08-28T17:51:54.021564Z
420726,DELTAMS/TGP LAUREL SALES 2 JONES,D,delivery,LDC,JONES,MS,Z1,Z1,534,True,DELTA MISSISSIPPI GAS COMPANY LLC,,31.616601,-89.168532,census_county_internal_point,county,28067,Jones County,km_tgp_locations:1787939514021564000:470a5ca9ff1632ccbae5df41106523761d4ea1990719dabdb968f31231c16847,census_county_gazetteer:1787939514135521000:4c90d0f805779923b5958ab13d0c1e9b99fe4932b786bfcf75dd739bb2dcb4ea,2026-08-28T17:51:54.021564Z
420714,DELTAMS/TGP LAUREL SALES JONES,D,delivery,LDC,JONES,MS,Z1,Z1,534,True,DELTA MISSISSIPPI GAS COMPANY LLC,,31.616601,-89.168532,census_county_internal_point,county,28067,Jones County,km_tgp_locations:1787939514021564000:470a5ca9ff1632ccbae5df41106523761d4ea1990719dabdb968f31231c16847,census_county_gazetteer:1787939514135521000:4c90d0f805779923b5958ab13d0c1e9b99fe4932b786bfcf75dd739bb2dcb4ea,2026-08-28T17:51:54.021564Z
412612,VNTUREOG/TGP BEI WALKER 1-8 JONES,R,receipt,WHD,JONES,MS,Z1,Z1,534,True,VENTURE OIL AND GAS INC.,,31.616601,-89.168532,census_county_internal_point,county,28067,Jones County,km_tgp_locations:1787939514021564000:470a5ca9ff1632ccbae5df41106523761d4ea1990719dabdb968f31231c16847,census_county_gazetteer:1787939514135521000:4c90d0f805779923b5958ab13d0c1e9b99fe4932b786bfcf75dd739bb2dcb4ea,2026-08-28T17:51:54.021564Z
412460,VNTUREOG/TGP UDP A FOOTE ESTATE,R,receipt,WHD,JONES,MS,Z1,Z1,534,True,VENTURE OIL AND GAS INC.,,31.616601,-89.168532,census_county_internal_point,county,28067,Jones County,km_tgp_locations:1787939514021564000:470a5ca9ff1632ccbae5df41106523761d4ea1990719dabdb968f31231c16847,census_county_gazetteer:1787939514135521000:4c90d0f805779923b5958ab13d0c1e9b99fe4932b786bfcf75dd739bb2dcb4ea,2026-08-28T17:51:54.021564Z
421078,HESS/TGP RATCLIFFE: DIP 542B 101.1,D,delivery,EGN,KEMPER,MS,Z1,Z1,542,True,HESS CORPORATION,,32.750136,-88.625631,census_county_internal_point,county,28069,Kemper County,km_tgp_locations:1787939514021564000:470a5ca9ff1632ccbae5df41106523761d4ea1990719dabdb968f31231c16847,census_county_gazetteer:1787939514135521000:4c90d0f805779923b5958ab13d0c1e9b99fe4932b786bfcf75dd739bb2dcb4ea,2026-08-28T17:51:54.021564Z
420937,TVA/TGP KEMPER,D,delivery,EGN,KEMPER,MS,Z1,Z1,542,True,TENNESSEE VALLEY AUTHORITY,,32.750136,-88.625631,census_county_internal_point,county,28069,Kemper County,km_tgp_locations:1787939514021564000:470a5ca9ff1632ccbae5df41106523761d4ea1990719dabdb968f31231c16847,census_county_gazetteer:1787939514135521000:4c90d0f805779923b5958ab13d0c1e9b99fe4932b786bfcf75dd739bb2dcb4ea,2026-08-28T17:51:54.021564Z
48923,DELTAMS/TGP EAST OXFORD CITY GATE L,D,delivery,LDC,LAFAYETTE,MS,Z1,Z1,847,True,DELTA MISSISSIPPI GAS COMPANY LLC,,34.353078,-89.485385,census_county_internal_point,county,28071,Lafayette County,km_tgp_locations:1787939514021564000:470a5ca9ff1632ccbae5df41106523761d4ea1990719dabdb968f31231c16847,census_county_gazetteer:1787939514135521000:4c90d0f805779923b5958ab13d0c1e9b99fe4932b786bfcf75dd739bb2dcb4ea,2026-08-28T17:51:54.021564Z
420025,DELTAMS/TGP OXFORD MS LAFAYETTE,D,delivery,LDC,LAFAYETTE,MS,Z1,Z1,163,True,DELTA MISSISSIPPI GAS COMPANY LLC,,34.353078,-89.485385,census_county_internal_point,county,28071,Lafayette County,km_tgp_locations:1787939514021564000:470a5ca9ff1632ccbae5df41106523761d4ea1990719dabdb968f31231c16847,census_county_gazetteer:1787939514135521000:4c90d0f805779923b5958ab13d0c1e9b99fe4932b786bfcf75dd739bb2dcb4ea,2026-08-28T17:51:54.021564Z
420021,DELTAMS/TGP SUMNER MS TALLAHATCHIE,D,delivery,LDC,LAFAYETTE,MS,Z1,Z1,143,True,DELTA MISSISSIPPI GAS COMPANY LLC,,34.353078,-89.485385,census_county_internal_point,county,28071,Lafayette County,km_tgp_locations:1787939514021564000:470a5ca9ff1632ccbae5df41106523761d4ea1990719dabdb968f31231c16847,census_county_gazetteer:1787939514135521000:4c90d0f805779923b5958ab13d0c1e9b99fe4932b786bfcf75dd739bb2dcb4ea,2026-08-28T17:51:54.021564Z
420662,UTILMGMT/TGP PONTOTOC MS SALES 2 L,D,delivery,LDC,LAFAYETTE,MS,Z1,Z1,847,True,UTILITY MANAGEMENT CORPORATION,,34.353078,-89.485385,census_county_internal_point,county,28071,Lafayette County,km_tgp_locations:1787939514021564000:470a5ca9ff1632ccbae5df41106523761d4ea1990719dabdb968f31231c16847,census_county_gazetteer:1787939514135521000:4c90d0f805779923b5958ab13d0c1e9b99fe4932b786bfcf75dd739bb2dcb4ea,2026-08-28T17:51:54.021564Z
401464,CPTENTEX/TGP BALLARD LAWRENCE,D,delivery,LDC,LAWRENCE,MS,Z1,Z1,534,True,CENTERPOINT ENERGY ENTEX,,31.550009,-90.10753,census_county_internal_point,county,28077,Lawrence County,km_tgp_locations:1787939514021564000:470a5ca9ff1632ccbae5df41106523761d4ea1990719dabdb968f31231c16847,census_county_gazetteer:1787939514135521000:4c90d0f805779923b5958ab13d0c1e9b99fe4932b786bfcf75dd739bb2dcb4ea,2026-08-28T17:51:54.021564Z
401482,CPTENTEX/TGP HUDSON CHICKEN FARM LA,D,delivery,LDC,LAWRENCE,MS,Z1,Z1,534,True,CENTERPOINT ENERGY ENTEX,,31.550009,-90.10753,census_county_internal_point,county,28077,Lawrence County,km_tgp_locations:1787939514021564000:470a5ca9ff1632ccbae5df41106523761d4ea1990719dabdb968f31231c16847,census_county_gazetteer:1787939514135521000:4c90d0f805779923b5958ab13d0c1e9b99fe4932b786bfcf75dd739bb2dcb4ea,2026-08-28T17:51:54.021564Z
405212,GULFSTH/TGP BALLARD HUDSON CHICKEN,R,receipt,INT,LAWRENCE,MS,Z1,Z1,534,True,GULF SOUTH PIPELINE COMPANY LLC,C000591,31.550009,-90.10753,census_county_internal_point,county,28077,Lawrence County,km_tgp_locations:1787939514021564000:470a5ca9ff1632ccbae5df41106523761d4ea1990719dabdb968f31231c16847,census_county_gazetteer:1787939514135521000:4c90d0f805779923b5958ab13d0c1e9b99fe4932b786bfcf75dd739bb2dcb4ea,2026-08-28T17:51:54.021564Z
420807,ATMOS-MS/TGP PINE SPRINGS ROAD LEAK,D,delivery,LDC,LEAKE,MS,Z1,Z1,539,True,ATMOS ENERGY CORPORATION - MISS DIVISION,,32.76063,-89.52225,census_county_internal_point,county,28079,Leake County,km_tgp_locations:1787939514021564000:470a5ca9ff1632ccbae5df41106523761d4ea1990719dabdb968f31231c16847,census_county_gazetteer:1787939514135521000:4c90d0f805779923b5958ab13d0c1e9b99fe4932b786bfcf75dd739bb2dcb4ea,2026-08-28T17:51:54.021564Z
420211,ATMOS-MS/TGP GREENWOOD MS LEFLORE,D,delivery,LDC,LEFLORE,MS,Z1,Z1,834,True,ATMOS ENERGY CORPORATION - MISS DIVISION,,33.54979,-90.294934,census_county_internal_point,county,28083,Leflore County,km_tgp_locations:1787939514021564000:470a5ca9ff1632ccbae5df41106523761d4ea1990719dabdb968f31231c16847,census_county_gazetteer:1787939514135521000:4c90d0f805779923b5958ab13d0c1e9b99fe4932b786bfcf75dd739bb2dcb4ea,2026-08-28T17:51:54.021564Z
49054,ATMOS-MS/TGP CARSON ROAD LOWNDES,D,delivery,LDC,LOWNDES,MS,Z1,Z1,542,True,ATMOS ENERGY CORPORATION - MISS DIVISION,,33.471424,-88.439723,census_county_internal_point,county,28087,Lowndes County,km_tgp_locations:1787939514021564000:470a5ca9ff1632ccbae5df41106523761d4ea1990719dabdb968f31231c16847,census_county_gazetteer:1787939514135521000:4c90d0f805779923b5958ab13d0c1e9b99fe4932b786bfcf75dd739bb2dcb4ea,2026-08-28T17:51:54.021564Z
420820,ATMOS-MS/TGP COLUMBUS AFB EXCH LOWN,D,delivery,LDC,LOWNDES,MS,Z1,Z1,542,True,ATMOS ENERGY CORPORATION - MISS DIVISION,,33.471424,-88.439723,census_county_internal_point,county,28087,Lowndes County,km_tgp_locations:1787939514021564000:470a5ca9ff1632ccbae5df41106523761d4ea1990719dabdb968f31231c16847,census_county_gazetteer:1787939514135521000:4c90d0f805779923b5958ab13d0c1e9b99fe4932b786bfcf75dd739bb2dcb4ea,2026-08-28T17:51:54.021564Z
420411,ATMOS-MS/TGP HAMILTON MS LOWNDES,D,delivery,LDC,LOWNDES,MS,Z1,Z1,542,True,ATMOS ENERGY CORPORATION - MISS DIVISION,,33.471424,-88.439723,census_county_internal_point,county,28087,Lowndes County,km_tgp_locations:1787939514021564000:470a5ca9ff1632ccbae5df41106523761d4ea1990719dabdb968f31231c16847,census_county_gazetteer:1787939514135521000:4c90d0f805779923b5958ab13d0c1e9b99fe4932b786bfcf75dd739bb2dcb4ea,2026-08-28T17:51:54.021564Z
420766,ATMOS-MS/TGP NEW HOPE SALES LOWNDES,D,delivery,LDC,LOWNDES,MS,Z1,Z1,542,True,ATMOS ENERGY CORPORATION - MISS DIVISION,,33.471424,-88.439723,census_county_internal_point,county,28087,Lowndes County,km_tgp_locations:1787939514021564000:470a5ca9ff1632ccbae5df41106523761d4ea1990719dabdb968f31231c16847,census_county_gazetteer:1787939514135521000:4c90d0f805779923b5958ab13d0c1e9b99fe4932b786bfcf75dd739bb2dcb4ea,2026-08-28T17:51:54.021564Z
421003,CAL GEN/TGP LOWN,D,delivery,EGN,LOWNDES,MS,Z1,Z1,542,True,CALEDONIA GENERATING LLC,,33.471424,-88.439723,census_county_internal_point,county,28087,Lowndes County,km_tgp_locations:1787939514021564000:470a5ca9ff1632ccbae5df41106523761d4ea1990719dabdb968f31231c16847,census_county_gazetteer:1787939514135521000:4c90d0f805779923b5958ab13d0c1e9b99fe4932b786bfcf75dd739bb2dcb4ea,2026-08-28T17:51:54.021564Z
412734,CALDONIA/TGP CALEDONIA STORAGE LOWN,B,bidirectional,INT,LOWNDES,MS,Z1,Z1,542,True,CALEDONIA ENERGY PARTNERS LLC,C001759,33.471424,-88.439723,census_county_internal_point,county,28087,Lowndes County,km_tgp_locations:1787939514021564000:470a5ca9ff1632ccbae5df41106523761d4ea1990719dabdb968f31231c16847,census_county_gazetteer:1787939514135521000:4c90d0f805779923b5958ab13d0c1e9b99fe4932b786bfcf75dd739bb2dcb4ea,2026-08-28T17:51:54.021564Z
420704,CLDNIA N/TGP CALEDONIA MS LOWNDES,D,delivery,LDC,LOWNDES,MS,Z1,Z1,542,True,CALEDONIA NATURAL GAS DISTRICT,,33.471424,-88.439723,census_county_internal_point,county,28087,Lowndes County,km_tgp_locations:1787939514021564000:470a5ca9ff1632ccbae5df41106523761d4ea1990719dabdb968f31231c16847,census_county_gazetteer:1787939514135521000:4c90d0f805779923b5958ab13d0c1e9b99fe4932b786bfcf75dd739bb2dcb4ea,2026-08-28T17:51:54.021564Z
411842,GIBRALTR/TGP COUNTY LINE GRANT 22 1,R,receipt,WHD,LOWNDES,MS,Z1,Z1,542,True,GIBRALTAR ENERGY COMPANY,,33.471424,-88.439723,census_county_internal_point,county,28087,Lowndes County,km_tgp_locations:1787939514021564000:470a5ca9ff1632ccbae5df41106523761d4ea1990719dabdb968f31231c16847,census_county_gazetteer:1787939514135521000:4c90d0f805779923b5958ab13d0c1e9b99fe4932b786bfcf75dd739bb2dcb4ea,2026-08-28T17:51:54.021564Z
411658,GIBRALTR/TGP S. MAPLE BRANCH HOLLIM,R,receipt,WHD,LOWNDES,MS,Z1,Z1,542,True,GIBRALTAR ENERGY COMPANY,,33.471424,-88.439723,census_county_internal_point,county,28087,Lowndes County,km_tgp_locations:1787939514021564000:470a5ca9ff1632ccbae5df41106523761d4ea1990719dabdb968f31231c16847,census_county_gazetteer:1787939514135521000:4c90d0f805779923b5958ab13d0c1e9b99fe4932b786bfcf75dd739bb2dcb4ea,2026-08-28T17:51:54.021564Z
400455,GIBRALTR/TGP S. MAPLE BRANCH LOWNDE,R,receipt,WHD,LOWNDES,MS,Z1,Z1,542,True,GIBRALTAR ENERGY COMPANY,,33.471424,-88.439723,census_county_internal_point,county,28087,Lowndes County,km_tgp_locations:1787939514021564000:470a5ca9ff1632ccbae5df41106523761d4ea1990719dabdb968f31231c16847,census_county_gazetteer:1787939514135521000:4c90d0f805779923b5958ab13d0c1e9b99fe4932b786bfcf75dd739bb2dcb4ea,2026-08-28T17:51:54.021564Z
411758,RNDTREE/TGP STEENS EXCHANGE LOWNDES,R,receipt,WHD,LOWNDES,MS,Z1,Z1,542,True,ROUNDTREE & ASSOCIATES INC.,,33.471424,-88.439723,census_county_internal_point,county,28087,Lowndes County,km_tgp_locations:1787939514021564000:470a5ca9ff1632ccbae5df41106523761d4ea1990719dabdb968f31231c16847,census_county_gazetteer:1787939514135521000:4c90d0f805779923b5958ab13d0c1e9b99fe4932b786bfcf75dd739bb2dcb4ea,2026-08-28T17:51:54.021564Z
420294,TGP/SNG PUGH MISSISSIPPI EXCH LOWND,B,bidirectional,INT,LOWNDES,MS,Z1,Z1,542,True,TENNESSEE GAS PIPELINE COMPANY L.L.C.,C000020,33.471424,-88.439723,census_county_internal_point,county,28087,Lowndes County,km_tgp_locations:1787939514021564000:470a5ca9ff1632ccbae5df41106523761d4ea1990719dabdb968f31231c16847,census_county_gazetteer:1787939514135521000:4c90d0f805779923b5958ab13d0c1e9b99fe4932b786bfcf75dd739bb2dcb4ea,2026-08-28T17:51:54.021564Z
420026,HOLYSPRG/TGP HOLLY SPRINGS MS MARSH,D,delivery,LDC,MARSHALL,MS,Z1,Z1,163,True,HOLLY SPRINGS CITY OF,,34.76619,-89.504231,census_county_internal_point,county,28093,Marshall County,km_tgp_locations:1787939514021564000:470a5ca9ff1632ccbae5df41106523761d4ea1990719dabdb968f31231c16847,census_county_gazetteer:1787939514135521000:4c90d0f805779923b5958ab13d0c1e9b99fe4932b786bfcf75dd739bb2dcb4ea,2026-08-28T17:51:54.021564Z
53956,NEWALBNY/TGP CITY OF NEW ALBANY MAR,D,delivery,LDC,MARSHALL,MS,Z1,Z1,163,True,NEW ALBANY CITY OF,,34.76619,-89.504231,census_county_internal_point,county,28093,Marshall County,km_tgp_locations:1787939514021564000:470a5ca9ff1632ccbae5df41106523761d4ea1990719dabdb968f31231c16847,census_county_gazetteer:1787939514135521000:4c90d0f805779923b5958ab13d0c1e9b99fe4932b786bfcf75dd739bb2dcb4ea,2026-08-28T17:51:54.021564Z
420765,ATMOS-MS/TGP ABERDEEN SALES MONROE,D,delivery,LDC,MONROE,MS,Z1,Z1,542,True,ATMOS ENERGY CORPORATION - MISS DIVISION,,33.89003,-88.485038,census_county_internal_point,county,28095,Monroe County,km_tgp_locations:1787939514021564000:470a5ca9ff1632ccbae5df41106523761d4ea1990719dabdb968f31231c16847,census_county_gazetteer:1787939514135521000:4c90d0f805779923b5958ab13d0c1e9b99fe4932b786bfcf75dd739bb2dcb4ea,2026-08-28T17:51:54.021564Z
420861,COKINOS/TGP PEARSON METHANOL PLAN,D,delivery,LDC,MONROE,MS,Z1,Z1,542,True,COKINOS NATURAL GAS COMPANY,,33.89003,-88.485038,census_county_internal_point,county,28095,Monroe County,km_tgp_locations:1787939514021564000:470a5ca9ff1632ccbae5df41106523761d4ea1990719dabdb968f31231c16847,census_county_gazetteer:1787939514135521000:4c90d0f805779923b5958ab13d0c1e9b99fe4932b786bfcf75dd739bb2dcb4ea,2026-08-28T17:51:54.021564Z
411841,MUNOCO/TGP WISE GAP TENN RIVER 30 1,R,receipt,WHD,MONROE,MS,Z1,Z1,542,True,MUNOCO COMPANY,,33.89003,-88.485038,census_county_internal_point,county,28095,Monroe County,km_tgp_locations:1787939514021564000:470a5ca9ff1632ccbae5df41106523761d4ea1990719dabdb968f31231c16847,census_county_gazetteer:1787939514135521000:4c90d0f805779923b5958ab13d0c1e9b99fe4932b786bfcf75dd739bb2dcb4ea,2026-08-28T17:51:54.021564Z
411246,PRUET/TGP MAPLE BRANCH DEHY MONROE,R,receipt,WHD,MONROE,MS,Z1,Z1,542,True,PRUET PRODUCTION COMPANY,,33.89003,-88.485038,census_county_internal_point,county,28095,Monroe County,km_tgp_locations:1787939514021564000:470a5ca9ff1632ccbae5df41106523761d4ea1990719dabdb968f31231c16847,census_county_gazetteer:1787939514135521000:4c90d0f805779923b5958ab13d0c1e9b99fe4932b786bfcf75dd739bb2dcb4ea,2026-08-28T17:51:54.021564Z
411225,TEXLA/TGP UDP BUTTAHATCHIE DEHY MON,R,receipt,WHD,MONROE,MS,Z1,Z1,542,True,TEXLA ENERGY MANAGEMENT INC.,,33.89003,-88.485038,census_county_internal_point,county,28095,Monroe County,km_tgp_locations:1787939514021564000:470a5ca9ff1632ccbae5df41106523761d4ea1990719dabdb968f31231c16847,census_county_gazetteer:1787939514135521000:4c90d0f805779923b5958ab13d0c1e9b99fe4932b786bfcf75dd739bb2dcb4ea,2026-08-28T17:51:54.021564Z
412322,TEXLA/TGP UDP MCKINLEY CREEK TRANSP,R,receipt,WHD,MONROE,MS,Z1,Z1,542,True,TEXLA ENERGY MANAGEMENT INC.,,33.89003,-88.485038,census_county_internal_point,county,28095,Monroe County,km_tgp_locations:1787939514021564000:470a5ca9ff1632ccbae5df41106523761d4ea1990719dabdb968f31231c16847,census_county_gazetteer:1787939514135521000:4c90d0f805779923b5958ab13d0c1e9b99fe4932b786bfcf75dd739bb2dcb4ea,2026-08-28T17:51:54.021564Z
420694,WESTL CE/TGP MISSISSIPPI TRANSPORT,D,delivery,END,MONROE,MS,Z1,Z1,542,True,WESTLAKE CHEMICAL ENERGY LLC,,33.89003,-88.485038,census_county_internal_point,county,28095,Monroe County,km_tgp_locations:1787939514021564000:470a5ca9ff1632ccbae5df41106523761d4ea1990719dabdb968f31231c16847,census_county_gazetteer:1787939514135521000:4c90d0f805779923b5958ab13d0c1e9b99fe4932b786bfcf75dd739bb2dcb4ea,2026-08-28T17:51:54.021564Z
420320,ATMOS-MS/TGP SHUQUALAK MS NOXUBEE,D,delivery,LDC,NOXUBEE,MS,Z1,Z1,542,True,ATMOS ENERGY CORPORATION - MISS DIVISION,,33.106606,-88.566152,census_county_internal_point,county,28103,Noxubee County,km_tgp_locations:1787939514021564000:470a5ca9ff1632ccbae5df41106523761d4ea1990719dabdb968f31231c16847,census_county_gazetteer:1787939514135521000:4c90d0f805779923b5958ab13d0c1e9b99fe4932b786bfcf75dd739bb2dcb4ea,2026-08-28T17:51:54.021564Z
420900,COOPERAT/TGP BATESVILLE PANOLA,D,delivery,EGN,PANOLA,MS,Z1,Z1,163,True,COOPERATIVE ENERGY A MISSISSIPPI ELECTRIC COOPERATIVE,,34.365205,-89.963065,census_county_internal_point,county,28107,Panola County,km_tgp_locations:1787939514021564000:470a5ca9ff1632ccbae5df41106523761d4ea1990719dabdb968f31231c16847,census_county_gazetteer:1787939514135521000:4c90d0f805779923b5958ab13d0c1e9b99fe4932b786bfcf75dd739bb2dcb4ea,2026-08-28T17:51:54.021564Z
420145,UTILMGMT/TGP BATESVILLE MS PANOLA,D,delivery,LDC,PANOLA,MS,Z1,Z1,163,True,UTILITY MANAGEMENT CORPORATION,,34.365205,-89.963065,census_county_internal_point,county,28107,Panola County,km_tgp_locations:1787939514021564000:470a5ca9ff1632ccbae5df41106523761d4ea1990719dabdb968f31231c16847,census_county_gazetteer:1787939514135521000:4c90d0f805779923b5958ab13d0c1e9b99fe4932b786bfcf75dd739bb2dcb4ea,2026-08-28T17:51:54.021564Z
420024,UTILMGMT/TGP SENATOBIA MS PANOLA,D,delivery,LDC,PANOLA,MS,Z1,Z1,163,True,UTILITY MANAGEMENT CORPORATION,,34.365205,-89.963065,census_county_internal_point,county,28107,Panola County,km_tgp_locations:1787939514021564000:470a5ca9ff1632ccbae5df41106523761d4ea1990719dabdb968f31231c16847,census_county_gazetteer:1787939514135521000:4c90d0f805779923b5958ab13d0c1e9b99fe4932b786bfcf75dd739bb2dcb4ea,2026-08-28T17:51:54.021564Z
420023,DELTAMS/TGP CROWDER MS QUITMAN,D,delivery,LDC,QUITMAN,MS,Z1,Z1,143,True,DELTA MISSISSIPPI GAS COMPANY LLC,,34.252833,-90.290171,census_county_internal_point,county,28119,Quitman County,km_tgp_locations:1787939514021564000:470a5ca9ff1632ccbae5df41106523761d4ea1990719dabdb968f31231c16847,census_county_gazetteer:1787939514135521000:4c90d0f805779923b5958ab13d0c1e9b99fe4932b786bfcf75dd739bb2dcb4ea,2026-08-28T17:51:54.021564Z
420022,DELTAMS/TGP LAMBERT MS QUITMAN,D,delivery,LDC,QUITMAN,MS,Z1,Z1,143,True,DELTA MISSISSIPPI GAS COMPANY LLC,,34.252833,-90.290171,census_county_internal_point,county,28119,Quitman County,km_tgp_locations:1787939514021564000:470a5ca9ff1632ccbae5df41106523761d4ea1990719dabdb968f31231c16847,census_county_gazetteer:1787939514135521000:4c90d0f805779923b5958ab13d0c1e9b99fe4932b786bfcf75dd739bb2dcb4ea,2026-08-28T17:51:54.021564Z
609400,MSHUB/SNG SIMPSO,B,bidirectional,STR,SIMPSON,MS,Z1,Z1,5410,True,MISSISSIPPI HUB LLC,C001199,31.902505,-89.917709,census_county_internal_point,county,28127,Simpson County,km_tgp_locations:1787939514021564000:470a5ca9ff1632ccbae5df41106523761d4ea1990719dabdb968f31231c16847,census_county_gazetteer:1787939514135521000:4c90d0f805779923b5958ab13d0c1e9b99fe4932b786bfcf75dd739bb2dcb4ea,2026-08-28T17:51:54.021564Z
608100,GULFSTH/SNG SMIT,R,receipt,INT,SMITH,MS,Z1,Z1,5410,True,GULF SOUTH PIPELINE COMPANY LLC,C000591,32.019029,-89.494876,census_county_internal_point,county,28129,Smith County,km_tgp_locations:1787939514021564000:470a5ca9ff1632ccbae5df41106523761d4ea1990719dabdb968f31231c16847,census_county_gazetteer:1787939514135521000:4c90d0f805779923b5958ab13d0c1e9b99fe4932b786bfcf75dd739bb2dcb4ea,2026-08-28T17:51:54.021564Z
44449,SNG/MEP SMITH,R,receipt,INT,SMITH,MS,Z1,Z1,5410,True,SOUTHERN NATURAL GAS COMPANY L.L.C.,C000021,32.019029,-89.494876,census_county_internal_point,county,28129,Smith County,km_tgp_locations:1787939514021564000:470a5ca9ff1632ccbae5df41106523761d4ea1990719dabdb968f31231c16847,census_county_gazetteer:1787939514135521000:4c90d0f805779923b5958ab13d0c1e9b99fe4932b786bfcf75dd739bb2dcb4ea,2026-08-28T17:51:54.021564Z
420930,FGT/TGP CARNES COMPRESSOR STONE,D,delivery,INT,STONE,MS,ZL,ZL,530,True,FLORIDA GAS TRANSMISSION COMPANY LLC,C000255,30.790184,-89.112297,census_county_internal_point,county,28131,Stone County,km_tgp_locations:1787939514021564000:470a5ca9ff1632ccbae5df41106523761d4ea1990719dabdb968f31231c16847,census_county_gazetteer:1787939514135521000:4c90d0f805779923b5958ab13d0c1e9b99fe4932b786bfcf75dd739bb2dcb4ea,2026-08-28T17:51:54.021564Z
420366,FGT/TGP CARNES MISSISSIPPI STONE,B,bidirectional,INT,STONE,MS,ZL,ZL,530,True,FLORIDA GAS TRANSMISSION COMPANY LLC,C000255,30.790184,-89.112297,census_county_internal_point,county,28131,Stone County,km_tgp_locations:1787939514021564000:470a5ca9ff1632ccbae5df41106523761d4ea1990719dabdb968f31231c16847,census_county_gazetteer:1787939514135521000:4c90d0f805779923b5958ab13d0c1e9b99fe4932b786bfcf75dd739bb2dcb4ea,2026-08-28T17:51:54.021564Z
440259,TGP/TGP CARNES COMPRESSOR FUEL STON,D,delivery,INT,STONE,MS,ZL,ZL,530,False,,,30.790184,-89.112297,census_county_internal_point,county,28131,Stone County,km_tgp_locations:1787939514021564000:470a5ca9ff1632ccbae5df41106523761d4ea1990719dabdb968f31231c16847,census_county_gazetteer:1787939514135521000:4c90d0f805779923b5958ab13d0c1e9b99fe4932b786bfcf75dd739bb2dcb4ea,2026-08-28T17:51:54.021564Z
420143,DELTAMS/TGP DREW MS SUNFLOWER,D,delivery,LDC,SUNFLOWER,MS,Z1,Z1,143,True,DELTA MISSISSIPPI GAS COMPANY LLC,,33.605529,-90.59509,census_county_internal_point,county,28133,Sunflower County,km_tgp_locations:1787939514021564000:470a5ca9ff1632ccbae5df41106523761d4ea1990719dabdb968f31231c16847,census_county_gazetteer:1787939514135521000:4c90d0f805779923b5958ab13d0c1e9b99fe4932b786bfcf75dd739bb2dcb4ea,2026-08-28T17:51:54.021564Z
420142,DELTAMS/TGP RULEVILLE MS SUNFLOWER,D,delivery,LDC,SUNFLOWER,MS,Z1,Z1,143,True,DELTA MISSISSIPPI GAS COMPANY LLC,,33.605529,-90.59509,census_county_internal_point,county,28133,Sunflower County,km_tgp_locations:1787939514021564000:470a5ca9ff1632ccbae5df41106523761d4ea1990719dabdb968f31231c16847,census_county_gazetteer:1787939514135521000:4c90d0f805779923b5958ab13d0c1e9b99fe4932b786bfcf75dd739bb2dcb4ea,2026-08-28T17:51:54.021564Z
420141,DELTAMS/TGP SHAW MS SUNFLOWER,D,delivery,LDC,SUNFLOWER,MS,Z1,Z1,143,True,DELTA MISSISSIPPI GAS COMPANY LLC,,33.605529,-90.59509,census_county_internal_point,county,28133,Sunflower County,km_tgp_locations:1787939514021564000:470a5ca9ff1632ccbae5df41106523761d4ea1990719dabdb968f31231c16847,census_county_gazetteer:1787939514135521000:4c90d0f805779923b5958ab13d0c1e9b99fe4932b786bfcf75dd739bb2dcb4ea,2026-08-28T17:51:54.021564Z
49494,AIRLIQAT/TGP WALNUT LANDFILL RECEIP,R,receipt,RNG,TIPPAH,MS,Z1,Z1,163,True,AIR LIQUIDE ADVANCED TECHNOLOGIES US LLC,,34.763618,-88.918819,census_county_internal_point,county,28139,Tippah County,km_tgp_locations:1787939514021564000:470a5ca9ff1632ccbae5df41106523761d4ea1990719dabdb968f31231c16847,census_county_gazetteer:1787939514135521000:4c90d0f805779923b5958ab13d0c1e9b99fe4932b786bfcf75dd739bb2dcb4ea,2026-08-28T17:51:54.021564Z
420276,BLDWYN/TGP BALDWYN MS TIPPAH,D,delivery,LDC,TIPPAH,MS,Z1,Z1,847,True,BALDWYN CITY OF,,34.763618,-88.918819,census_county_internal_point,county,28139,Tippah County,km_tgp_locations:1787939514021564000:470a5ca9ff1632ccbae5df41106523761d4ea1990719dabdb968f31231c16847,census_county_gazetteer:1787939514135521000:4c90d0f805779923b5958ab13d0c1e9b99fe4932b786bfcf75dd739bb2dcb4ea,2026-08-28T17:51:54.021564Z
420429,BOONEVIL/TGP BOONEVILLE MS TIPPAH,D,delivery,LDC,TIPPAH,MS,Z1,Z1,847,True,BOONEVILLE MUNICIPAL GAS SYSTEM,,34.763618,-88.918819,census_county_internal_point,county,28139,Tippah County,km_tgp_locations:1787939514021564000:470a5ca9ff1632ccbae5df41106523761d4ea1990719dabdb968f31231c16847,census_county_gazetteer:1787939514135521000:4c90d0f805779923b5958ab13d0c1e9b99fe4932b786bfcf75dd739bb2dcb4ea,2026-08-28T17:51:54.021564Z
420046,SYMMETRY/TGP RIPLEY MS TIPPAH,D,delivery,LDC,TIPPAH,MS,Z1,Z1,847,True,SYMMETRY ENERGY SOLUTIONS LLC,,34.763618,-88.918819,census_county_internal_point,county,28139,Tippah County,km_tgp_locations:1787939514021564000:470a5ca9ff1632ccbae5df41106523761d4ea1990719dabdb968f31231c16847,census_county_gazetteer:1787939514135521000:4c90d0f805779923b5958ab13d0c1e9b99fe4932b786bfcf75dd739bb2dcb4ea,2026-08-28T17:51:54.021564Z
420282,NEWALBNY/TGP COTTON PLANT MS UNION,D,delivery,LDC,UNION,MS,Z1,Z1,847,True,NEW ALBANY CITY OF,,34.489533,-89.002339,census_county_internal_point,county,28145,Union County,km_tgp_locations:1787939514021564000:470a5ca9ff1632ccbae5df41106523761d4ea1990719dabdb968f31231c16847,census_county_gazetteer:1787939514135521000:4c90d0f805779923b5958ab13d0c1e9b99fe4932b786bfcf75dd739bb2dcb4ea,2026-08-28T17:51:54.021564Z
420047,NEWALBNY/TGP NEW ALBANY MS UNION,D,delivery,LDC,UNION,MS,Z1,Z1,847,True,NEW ALBANY CITY OF,,34.489533,-89.002339,census_county_internal_point,county,28145,Union County,km_tgp_locations:1787939514021564000:470a5ca9ff1632ccbae5df41106523761d4ea1990719dabdb968f31231c16847,census_county_gazetteer:1787939514135521000:4c90d0f805779923b5958ab13d0c1e9b99fe4932b786bfcf75dd739bb2dcb4ea,2026-08-28T17:51:54.021564Z
420362,UTILMGMT/TGP PONTOTOC MS UNION,D,delivery,LDC,UNION,MS,Z1,Z1,847,True,UTILITY MANAGEMENT CORPORATION,,34.489533,-89.002339,census_county_internal_point,county,28145,Union County,km_tgp_locations:1787939514021564000:470a5ca9ff1632ccbae5df41106523761d4ea1990719dabdb968f31231c16847,census_county_gazetteer:1787939514135521000:4c90d0f805779923b5958ab13d0c1e9b99fe4932b786bfcf75dd739bb2dcb4ea,2026-08-28T17:51:54.021564Z
648500,CHISOS/SNG UDP DEXTER FIELD WALTHAL,R,receipt,GTH,WALTHALL,MS,Z1,Z1,5370,True,CHISOS PIPELINE COMPANY LLC,,31.164492,-90.103431,census_county_internal_point,county,28147,Walthall County,km_tgp_locations:1787939514021564000:470a5ca9ff1632ccbae5df41106523761d4ea1990719dabdb968f31231c16847,census_county_gazetteer:1787939514135521000:4c90d0f805779923b5958ab13d0c1e9b99fe4932b786bfcf75dd739bb2dcb4ea,2026-08-28T17:51:54.021564Z
647800,PUNDS JR/SNG UDP KNOXO FIELD WALTHA,R,receipt,GTH,WALTHALL,MS,Z1,Z1,5370,True,POUNDS J R INC.,,31.164492,-90.103431,census_county_internal_point,county,28147,Walthall County,km_tgp_locations:1787939514021564000:470a5ca9ff1632ccbae5df41106523761d4ea1990719dabdb968f31231c16847,census_county_gazetteer:1787939514135521000:4c90d0f805779923b5958ab13d0c1e9b99fe4932b786bfcf75dd739bb2dcb4ea,2026-08-28T17:51:54.021564Z
421012,ANR/TGP GREENVILLE SOUTH RECEIPT WA,B,bidirectional,INT,WASHINGTON,MS,Z1,Z1,143,True,ANR PIPELINE COMPANY,C000623,33.273174,-90.944446,census_county_internal_point,county,28151,Washington County,km_tgp_locations:1787939514021564000:470a5ca9ff1632ccbae5df41106523761d4ea1990719dabdb968f31231c16847,census_county_gazetteer:1787939514135521000:4c90d0f805779923b5958ab13d0c1e9b99fe4932b786bfcf75dd739bb2dcb4ea,2026-08-28T17:51:54.021564Z
420941,ANR/TGP TGP ANR GREENVILLE INTERCON,B,bidirectional,INT,WASHINGTON,MS,Z1,Z1,143,True,ANR PIPELINE COMPANY,C000623,33.273174,-90.944446,census_county_internal_point,county,28151,Washington County,km_tgp_locations:1787939514021564000:470a5ca9ff1632ccbae5df41106523761d4ea1990719dabdb968f31231c16847,census_county_gazetteer:1787939514135521000:4c90d0f805779923b5958ab13d0c1e9b99fe4932b786bfcf75dd739bb2dcb4ea,2026-08-28T17:51:54.021564Z
420911,ATMOS-MS/TGP GREENVILLE DELIVERY WA,D,delivery,LDC,WASHINGTON,MS,Z1,Z1,143,True,ATMOS ENERGY CORPORATION - MISS DIVISION,,33.273174,-90.944446,census_county_internal_point,county,28151,Washington County,km_tgp_locations:1787939514021564000:470a5ca9ff1632ccbae5df41106523761d4ea1990719dabdb968f31231c16847,census_county_gazetteer:1787939514135521000:4c90d0f805779923b5958ab13d0c1e9b99fe4932b786bfcf75dd739bb2dcb4ea,2026-08-28T17:51:54.021564Z
420712,ENT MS/TGP POWER RIVERS SALES WASHI,D,delivery,EGN,WASHINGTON,MS,Z1,Z1,143,True,ENTERGY MISSISSIPPI INC.,,33.273174,-90.944446,census_county_internal_point,county,28151,Washington County,km_tgp_locations:1787939514021564000:470a5ca9ff1632ccbae5df41106523761d4ea1990719dabdb968f31231c16847,census_county_gazetteer:1787939514135521000:4c90d0f805779923b5958ab13d0c1e9b99fe4932b786bfcf75dd739bb2dcb4ea,2026-08-28T17:51:54.021564Z
412763,TEX GAS/TGP EAST REED ROAD RIP 54E,R,receipt,INT,WASHINGTON,MS,Z1,Z1,143,True,TEXAS GAS TRANSMISSION LLC,C000592,33.273174,-90.944446,census_county_internal_point,county,28151,Washington County,km_tgp_locations:1787939514021564000:470a5ca9ff1632ccbae5df41106523761d4ea1990719dabdb968f31231c16847,census_county_gazetteer:1787939514135521000:4c90d0f805779923b5958ab13d0c1e9b99fe4932b786bfcf75dd739bb2dcb4ea,2026-08-28T17:51:54.021564Z
420215,DELTAMS/TGP COFFEEVILLE MS YALOBUSH,D,delivery,LDC,YALOBUSHA,MS,Z1,Z1,847,True,DELTA MISSISSIPPI GAS COMPANY LLC,,34.030666,-89.703807,census_county_internal_point,county,28161,Yalobusha County,km_tgp_locations:1787939514021564000:470a5ca9ff1632ccbae5df41106523761d4ea1990719dabdb968f31231c16847,census_county_gazetteer:1787939514135521000:4c90d0f805779923b5958ab13d0c1e9b99fe4932b786bfcf75dd739bb2dcb4ea,2026-08-28T17:51:54.021564Z
421026,OAKLAND/TGP YALOBUSHA SALES YALOBUS,D,delivery,LDC,YALOBUSHA,MS,Z1,Z1,847,True,OAKLAND YALOBUSHA NATURAL GAS DISTRICT,,34.030666,-89.703807,census_county_internal_point,county,28161,Yalobusha County,km_tgp_locations:1787939514021564000:470a5ca9ff1632ccbae5df41106523761d4ea1990719dabdb968f31231c16847,census_county_gazetteer:1787939514135521000:4c90d0f805779923b5958ab13d0c1e9b99fe4932b786bfcf75dd739bb2dcb4ea,2026-08-28T17:51:54.021564Z
420133,LIBERTYU/TGP MANCHESTER NH HILLSBOR,D,delivery,LDC,HILLSBOROUGH,NH,Z6,Z6,284,True,LIBERTY UTILITIES (ENERGYNORTH NATURAL GAS) CORP.,,42.911532,-71.723055,census_county_internal_point,county,33011,Hillsborough County,km_tgp_locations:1787939514021564000:470a5ca9ff1632ccbae5df41106523761d4ea1990719dabdb968f31231c16847,census_county_gazetteer:1787939514135521000:4c90d0f805779923b5958ab13d0c1e9b99fe4932b786bfcf75dd739bb2dcb4ea,2026-08-28T17:51:54.021564Z
420132,LIBERTYU/TGP NASHUA NH HILLSBOROUGH,D,delivery,LDC,HILLSBOROUGH,NH,Z6,Z6,284,True,LIBERTY UTILITIES (ENERGYNORTH NATURAL GAS) CORP.,,42.911532,-71.723055,census_county_internal_point,county,33011,Hillsborough County,km_tgp_locations:1787939514021564000:470a5ca9ff1632ccbae5df41106523761d4ea1990719dabdb968f31231c16847,census_county_gazetteer:1787939514135521000:4c90d0f805779923b5958ab13d0c1e9b99fe4932b786bfcf75dd739bb2dcb4ea,2026-08-28T17:51:54.021564Z
49858,LIBERTYU/TGP PELHAM SALES HILLSBORO,D,delivery,LDC,HILLSBOROUGH,NH,Z6,Z6,284,True,LIBERTY UTILITIES (ENERGYNORTH NATURAL GAS) CORP.,,42.911532,-71.723055,census_county_internal_point,county,33011,Hillsborough County,km_tgp_locations:1787939514021564000:470a5ca9ff1632ccbae5df41106523761d4ea1990719dabdb968f31231c16847,census_county_gazetteer:1787939514135521000:4c90d0f805779923b5958ab13d0c1e9b99fe4932b786bfcf75dd739bb2dcb4ea,2026-08-28T17:51:54.021564Z
420254,LIBERTYU/TGP HOOKSETT NH MERRIMACK,D,delivery,LDC,MERRIMACK,NH,Z6,Z6,284,True,LIBERTY UTILITIES (ENERGYNORTH NATURAL GAS) CORP.,,43.299579,-71.680041,census_county_internal_point,county,33013,Merrimack County,km_tgp_locations:1787939514021564000:470a5ca9ff1632ccbae5df41106523761d4ea1990719dabdb968f31231c16847,census_county_gazetteer:1787939514135521000:4c90d0f805779923b5958ab13d0c1e9b99fe4932b786bfcf75dd739bb2dcb4ea,2026-08-28T17:51:54.021564Z
420426,LIBERTYU/TGP LACONIA NH MERRIMACK,D,delivery,LDC,MERRIMACK,NH,Z6,Z6,284,True,LIBERTY UTILITIES (ENERGYNORTH NATURAL GAS) CORP.,,43.299579,-71.680041,census_county_internal_point,county,33013,Merrimack County,km_tgp_locations:1787939514021564000:470a5ca9ff1632ccbae5df41106523761d4ea1990719dabdb968f31231c16847,census_county_gazetteer:1787939514135521000:4c90d0f805779923b5958ab13d0c1e9b99fe4932b786bfcf75dd739bb2dcb4ea,2026-08-28T17:51:54.021564Z
420451,LIBERTYU/TGP SUNCOOK NH MERRIMACK,D,delivery,LDC,MERRIMACK,NH,Z6,Z6,284,True,LIBERTY UTILITIES (ENERGYNORTH NATURAL GAS) CORP.,,43.299579,-71.680041,census_county_internal_point,county,33013,Merrimack County,km_tgp_locations:1787939514021564000:470a5ca9ff1632ccbae5df41106523761d4ea1990719dabdb968f31231c16847,census_county_gazetteer:1787939514135521000:4c90d0f805779923b5958ab13d0c1e9b99fe4932b786bfcf75dd739bb2dcb4ea,2026-08-28T17:51:54.021564Z
49831,NG ADVAN/TGP CNG PEMBROKE RECEIPT M,R,receipt,INT,MERRIMACK,NH,Z6,Z6,284,True,NG ADVANTAGE LLC,,43.299579,-71.680041,census_county_internal_point,county,33013,Merrimack County,km_tgp_locations:1787939514021564000:470a5ca9ff1632ccbae5df41106523761d4ea1990719dabdb968f31231c16847,census_county_gazetteer:1787939514135521000:4c90d0f805779923b5958ab13d0c1e9b99fe4932b786bfcf75dd739bb2dcb4ea,2026-08-28T17:51:54.021564Z
47591,NG ADVAN/TGP TOWN OF PEMBROKE MERRI,D,delivery,LDC,MERRIMACK,NH,Z6,Z6,284,True,NG ADVANTAGE LLC,,43.299579,-71.680041,census_county_internal_point,county,33013,Merrimack County,km_tgp_locations:1787939514021564000:470a5ca9ff1632ccbae5df41106523761d4ea1990719dabdb968f31231c16847,census_county_gazetteer:1787939514135521000:4c90d0f805779923b5958ab13d0c1e9b99fe4932b786bfcf75dd739bb2dcb4ea,2026-08-28T17:51:54.021564Z
420722,GRANSTGT/TGP SALEM SALES ROCKINGHAM,D,delivery,INT,ROCKINGHAM,NH,Z6,Z6,284,True,GRANITE STATE GAS TRANSMISSION INC,C001244,42.988664,-71.09908,census_county_internal_point,county,33015,Rockingham County,km_tgp_locations:1787939514021564000:470a5ca9ff1632ccbae5df41106523761d4ea1990719dabdb968f31231c16847,census_county_gazetteer:1787939514135521000:4c90d0f805779923b5958ab13d0c1e9b99fe4932b786bfcf75dd739bb2dcb4ea,2026-08-28T17:51:54.021564Z
420931,LIBERTYU/TGP GRANITE RIDGE ROCKINGH,D,delivery,EGN,ROCKINGHAM,NH,Z6,Z6,284,True,LIBERTY UTILITIES (ENERGYNORTH NATURAL GAS) CORP.,,42.988664,-71.09908,census_county_internal_point,county,33015,Rockingham County,km_tgp_locations:1787939514021564000:470a5ca9ff1632ccbae5df41106523761d4ea1990719dabdb968f31231c16847,census_county_gazetteer:1787939514135521000:4c90d0f805779923b5958ab13d0c1e9b99fe4932b786bfcf75dd739bb2dcb4ea,2026-08-28T17:51:54.021564Z
420632,LIBERTYU/TGP LONDONDERRY SALES ROCK,D,delivery,LDC,ROCKINGHAM,NH,Z6,Z6,284,True,LIBERTY UTILITIES (ENERGYNORTH NATURAL GAS) CORP.,,42.988664,-71.09908,census_county_internal_point,county,33015,Rockingham County,km_tgp_locations:1787939514021564000:470a5ca9ff1632ccbae5df41106523761d4ea1990719dabdb968f31231c16847,census_county_gazetteer:1787939514135521000:4c90d0f805779923b5958ab13d0c1e9b99fe4932b786bfcf75dd739bb2dcb4ea,2026-08-28T17:51:54.021564Z
420207,AGT/TGP MAHWAH NEW JERSEY BERGEN,B,bidirectional,INT,BERGEN,NJ,Z5,Z5,324,True,ALGONQUIN GAS TRANSMISSION LLC,C000084,40.959698,-74.074727,census_county_internal_point,county,34003,Bergen County,km_tgp_locations:1787939514021564000:470a5ca9ff1632ccbae5df41106523761d4ea1990719dabdb968f31231c16847,census_county_gazetteer:1787939514135521000:4c90d0f805779923b5958ab13d0c1e9b99fe4932b786bfcf75dd739bb2dcb4ea,2026-08-28T17:51:54.021564Z
420608,NJ NATGS/TGP NEW CLINTON ROAD NJ BE,D,delivery,LDC,BERGEN,NJ,Z5,Z5,324,True,NEW JERSEY NATURAL GAS COMPANY,,40.959698,-74.074727,census_county_internal_point,county,34003,Bergen County,km_tgp_locations:1787939514021564000:470a5ca9ff1632ccbae5df41106523761d4ea1990719dabdb968f31231c16847,census_county_gazetteer:1787939514135521000:4c90d0f805779923b5958ab13d0c1e9b99fe4932b786bfcf75dd739bb2dcb4ea,2026-08-28T17:51:54.021564Z
420226,PSEG/TGP RAMSEY NJ BERGEN,D,delivery,LDC,BERGEN,NJ,Z5,Z5,324,True,PUBLIC SERVICE ELECTRIC & GAS COMPANY,,40.959698,-74.074727,census_county_internal_point,county,34003,Bergen County,km_tgp_locations:1787939514021564000:470a5ca9ff1632ccbae5df41106523761d4ea1990719dabdb968f31231c16847,census_county_gazetteer:1787939514135521000:4c90d0f805779923b5958ab13d0c1e9b99fe4932b786bfcf75dd739bb2dcb4ea,2026-08-28T17:51:54.021564Z
420101,TRNSCO/TGP RIVERVALE NEW JERSEY BER,B,bidirectional,INT,BERGEN,NJ,Z5,Z5,324,True,TRANSCONTINENTAL GAS PIPELINE COMPANY LLC,C000654,40.959698,-74.074727,census_county_internal_point,county,34003,Bergen County,km_tgp_locations:1787939514021564000:470a5ca9ff1632ccbae5df41106523761d4ea1990719dabdb968f31231c16847,census_county_gazetteer:1787939514135521000:4c90d0f805779923b5958ab13d0c1e9b99fe4932b786bfcf75dd739bb2dcb4ea,2026-08-28T17:51:54.021564Z
420516,PSEG/TGP RINGWOOD NJ PASSAIC,D,delivery,LDC,PASSAIC,NJ,Z5,Z5,324,True,PUBLIC SERVICE ELECTRIC & GAS COMPANY,,41.036655,-74.299408,census_county_internal_point,county,34031,Passaic County,km_tgp_locations:1787939514021564000:470a5ca9ff1632ccbae5df41106523761d4ea1990719dabdb968f31231c16847,census_county_gazetteer:1787939514135521000:4c90d0f805779923b5958ab13d0c1e9b99fe4932b786bfcf75dd739bb2dcb4ea,2026-08-28T17:51:54.021564Z
420339,PSEG/TGP WEST MILFORD NJ PASSAIC,D,delivery,LDC,PASSAIC,NJ,Z5,Z5,324,True,PUBLIC SERVICE ELECTRIC & GAS COMPANY,,41.036655,-74.299408,census_county_internal_point,county,34031,Passaic County,km_tgp_locations:1787939514021564000:470a5ca9ff1632ccbae5df41106523761d4ea1990719dabdb968f31231c16847,census_county_gazetteer:1787939514135521000:4c90d0f805779923b5958ab13d0c1e9b99fe4932b786bfcf75dd739bb2dcb4ea,2026-08-28T17:51:54.021564Z
420410,ELIZTOWN/TGP SUSSEX NJ SUSSEX,D,delivery,LDC,SUSSEX,NJ,Z5,Z5,324,True,ELIZABETHTOWN GAS COMPANY,,41.137461,-74.691914,census_county_internal_point,county,34037,Sussex County,km_tgp_locations:1787939514021564000:470a5ca9ff1632ccbae5df41106523761d4ea1990719dabdb968f31231c16847,census_county_gazetteer:1787939514135521000:4c90d0f805779923b5958ab13d0c1e9b99fe4932b786bfcf75dd739bb2dcb4ea,2026-08-28T17:51:54.021564Z
420450,ELIZTOWN/TGP VERNON NJ SUSSEX,D,delivery,LDC,SUSSEX,NJ,Z5,Z5,324,True,ELIZABETHTOWN GAS COMPANY,,41.137461,-74.691914,census_county_internal_point,county,34037,Sussex County,km_tgp_locations:1787939514021564000:470a5ca9ff1632ccbae5df41106523761d4ea1990719dabdb968f31231c16847,census_county_gazetteer:1787939514135521000:4c90d0f805779923b5958ab13d0c1e9b99fe4932b786bfcf75dd739bb2dcb4ea,2026-08-28T17:51:54.021564Z
421022,GB II NY/TGP GLENMONT SALES ALBANY,D,delivery,EGN,ALBANY,NY,Z5,Z5,249,True,GB II NEW YORK LLC,,42.58824,-73.97401,census_county_internal_point,county,36001,Albany County,km_tgp_locations:1787939514021564000:470a5ca9ff1632ccbae5df41106523761d4ea1990719dabdb968f31231c16847,census_county_gazetteer:1787939514135521000:4c90d0f805779923b5958ab13d0c1e9b99fe4932b786bfcf75dd739bb2dcb4ea,2026-08-28T17:51:54.021564Z
420275,HUDSON/TGP CEDAR HILL NY ALBANY,D,delivery,LDC,ALBANY,NY,Z5,Z5,249,True,CENTRAL HUDSON GAS & ELECTRIC CORPORATION,,42.58824,-73.97401,census_county_internal_point,county,36001,Albany County,km_tgp_locations:1787939514021564000:470a5ca9ff1632ccbae5df41106523761d4ea1990719dabdb968f31231c16847,census_county_gazetteer:1787939514135521000:4c90d0f805779923b5958ab13d0c1e9b99fe4932b786bfcf75dd739bb2dcb4ea,2026-08-28T17:51:54.021564Z
420918,NIAGMOH/TGP SOUTH ALBANY ALBANY,D,delivery,LDC,ALBANY,NY,Z5,Z5,249,True,NIAGARA MOHAWK POWER CORPORATION D/B/A/ NATIONAL GRID,,42.58824,-73.97401,census_county_internal_point,county,36001,Albany County,km_tgp_locations:1787939514021564000:470a5ca9ff1632ccbae5df41106523761d4ea1990719dabdb968f31231c16847,census_county_gazetteer:1787939514135521000:4c90d0f805779923b5958ab13d0c1e9b99fe4932b786bfcf75dd739bb2dcb4ea,2026-08-28T17:51:54.021564Z
420816,NRGBM/TGP BETHLEHEM SALES ALBANY,D,delivery,LDC,ALBANY,NY,Z5,Z5,249,True,NRG BUSINESS MARKETING LLC,,42.58824,-73.97401,census_county_internal_point,county,36001,Albany County,km_tgp_locations:1787939514021564000:470a5ca9ff1632ccbae5df41106523761d4ea1990719dabdb968f31231c16847,census_county_gazetteer:1787939514135521000:4c90d0f805779923b5958ab13d0c1e9b99fe4932b786bfcf75dd739bb2dcb4ea,2026-08-28T17:51:54.021564Z
420731,SELKIRK/TGP SELKIRK SMS ALBANY,D,delivery,EGN,ALBANY,NY,Z5,Z5,249,True,SELKIRK COGEN PARTNERS L. P.,,42.58824,-73.97401,census_county_internal_point,county,36001,Albany County,km_tgp_locations:1787939514021564000:470a5ca9ff1632ccbae5df41106523761d4ea1990719dabdb968f31231c16847,census_county_gazetteer:1787939514135521000:4c90d0f805779923b5958ab13d0c1e9b99fe4932b786bfcf75dd739bb2dcb4ea,2026-08-28T17:51:54.021564Z
411976,BURLGTON/TGP FOSTERVILLE DEHY CAYUG,R,receipt,WHD,CAYUGA,NY,Z5,Z5,237,True,BURLINGTON RESOURCES TRADING INC.,,43.008546,-76.574587,census_county_internal_point,county,36011,Cayuga County,km_tgp_locations:1787939514021564000:470a5ca9ff1632ccbae5df41106523761d4ea1990719dabdb968f31231c16847,census_county_gazetteer:1787939514135521000:4c90d0f805779923b5958ab13d0c1e9b99fe4932b786bfcf75dd739bb2dcb4ea,2026-08-28T17:51:54.021564Z
420943,JAMESTWN/TGP NORNEW ENERGY SUPPLY C,D,delivery,LDC,CHAUTAUQUA,NY,Z5,Z5,224,True,JAMESTOWN BOARD OF PUBLIC UTILITIES,,42.304216,-79.407595,census_county_internal_point,county,36013,Chautauqua County,km_tgp_locations:1787939514021564000:470a5ca9ff1632ccbae5df41106523761d4ea1990719dabdb968f31231c16847,census_county_gazetteer:1787939514135521000:4c90d0f805779923b5958ab13d0c1e9b99fe4932b786bfcf75dd739bb2dcb4ea,2026-08-28T17:51:54.021564Z
411800,LENAPE/TGP BEAR LAKE DEHY CHAUTAUQU,R,receipt,WHD,CHAUTAUQUA,NY,Z5,Z5,224,True,LENAPE RESOURCES INC.,,42.304216,-79.407595,census_county_internal_point,county,36013,Chautauqua County,km_tgp_locations:1787939514021564000:470a5ca9ff1632ccbae5df41106523761d4ea1990719dabdb968f31231c16847,census_county_gazetteer:1787939514135521000:4c90d0f805779923b5958ab13d0c1e9b99fe4932b786bfcf75dd739bb2dcb4ea,2026-08-28T17:51:54.021564Z
411388,MKEYGATH/TGP MAYVILLE DEHY CHAUTAUQ,R,receipt,GTH,CHAUTAUQUA,NY,Z5,Z5,224,True,EMKEY GATHERING LLC,,42.304216,-79.407595,census_county_internal_point,county,36013,Chautauqua County,km_tgp_locations:1787939514021564000:470a5ca9ff1632ccbae5df41106523761d4ea1990719dabdb968f31231c16847,census_county_gazetteer:1787939514135521000:4c90d0f805779923b5958ab13d0c1e9b99fe4932b786bfcf75dd739bb2dcb4ea,2026-08-28T17:51:54.021564Z
420088,NFG/TGP MAYVILLE NEW YORK CHAUTAUQU,D,delivery,INT,CHAUTAUQUA,NY,Z5,Z5,224,True,NATIONAL FUEL GAS SUPPLY CORP,C000046,42.304216,-79.407595,census_county_internal_point,county,36013,Chautauqua County,km_tgp_locations:1787939514021564000:470a5ca9ff1632ccbae5df41106523761d4ea1990719dabdb968f31231c16847,census_county_gazetteer:1787939514135521000:4c90d0f805779923b5958ab13d0c1e9b99fe4932b786bfcf75dd739bb2dcb4ea,2026-08-28T17:51:54.021564Z
420243,NFG/TGP NASHVILLE STORAGE NEW YORK,D,delivery,INT,CHAUTAUQUA,NY,Z5,Z5,224,True,NATIONAL FUEL GAS SUPPLY CORP,C000046,42.304216,-79.407595,census_county_internal_point,county,36013,Chautauqua County,km_tgp_locations:1787939514021564000:470a5ca9ff1632ccbae5df41106523761d4ea1990719dabdb968f31231c16847,census_county_gazetteer:1787939514135521000:4c90d0f805779923b5958ab13d0c1e9b99fe4932b786bfcf75dd739bb2dcb4ea,2026-08-28T17:51:54.021564Z
420428,NFG/TGP SHERMAN NEW YORK CHAUTAUQUA,D,delivery,INT,CHAUTAUQUA,NY,Z5,Z5,224,True,NATIONAL FUEL GAS SUPPLY CORP,C000046,42.304216,-79.407595,census_county_internal_point,county,36013,Chautauqua County,km_tgp_locations:1787939514021564000:470a5ca9ff1632ccbae5df41106523761d4ea1990719dabdb968f31231c16847,census_county_gazetteer:1787939514135521000:4c90d0f805779923b5958ab13d0c1e9b99fe4932b786bfcf75dd739bb2dcb4ea,2026-08-28T17:51:54.021564Z
411928,RANGEAPP/TGP SUMMER DALE DEHY CHAUT,R,receipt,GTH,CHAUTAUQUA,NY,Z5,Z5,224,True,RANGE RESOURCES - APPALACHIA LLC,,42.304216,-79.407595,census_county_internal_point,county,36013,Chautauqua County,km_tgp_locations:1787939514021564000:470a5ca9ff1632ccbae5df41106523761d4ea1990719dabdb968f31231c16847,census_county_gazetteer:1787939514135521000:4c90d0f805779923b5958ab13d0c1e9b99fe4932b786bfcf75dd739bb2dcb4ea,2026-08-28T17:51:54.021564Z
411781,SOJERSEY/TGP LAKE SHORE DEHY CHAUTA,R,receipt,WHD,CHAUTAUQUA,NY,Z5,Z5,224,True,SOUTH JERSEY RESOURCES GROUP LLC,,42.304216,-79.407595,census_county_internal_point,county,36013,Chautauqua County,km_tgp_locations:1787939514021564000:470a5ca9ff1632ccbae5df41106523761d4ea1990719dabdb968f31231c16847,census_county_gazetteer:1787939514135521000:4c90d0f805779923b5958ab13d0c1e9b99fe4932b786bfcf75dd739bb2dcb4ea,2026-08-28T17:51:54.021564Z
420814,NYSEG/TGP CANAAN SALES COLUMBIA,D,delivery,LDC,COLUMBIA,NY,Z5,Z5,249,True,NEW YORK STATE ELECTRIC AND GAS CORPORATION,C000621,42.247696,-73.626718,census_county_internal_point,county,36021,Columbia County,km_tgp_locations:1787939514021564000:470a5ca9ff1632ccbae5df41106523761d4ea1990719dabdb968f31231c16847,census_county_gazetteer:1787939514135521000:4c90d0f805779923b5958ab13d0c1e9b99fe4932b786bfcf75dd739bb2dcb4ea,2026-08-28T17:51:54.021564Z
55650,PCG POOL - ZN 5 200 LEG EAST,B,bidirectional,PPT,COLUMBIA,NY,Z5,Z5,249,False,,,42.247696,-73.626718,census_county_internal_point,county,36021,Columbia County,km_tgp_locations:1787939514021564000:470a5ca9ff1632ccbae5df41106523761d4ea1990719dabdb968f31231c16847,census_county_gazetteer:1787939514135521000:4c90d0f805779923b5958ab13d0c1e9b99fe4932b786bfcf75dd739bb2dcb4ea,2026-08-28T17:51:54.021564Z
420868,POOLING PT - 200 LEG - ZONE 5,B,bidirectional,PPT,COLUMBIA,NY,Z5,Z5,249,False,,,42.247696,-73.626718,census_county_internal_point,county,36021,Columbia County,km_tgp_locations:1787939514021564000:470a5ca9ff1632ccbae5df41106523761d4ea1990719dabdb968f31231c16847,census_county_gazetteer:1787939514135521000:4c90d0f805779923b5958ab13d0c1e9b99fe4932b786bfcf75dd739bb2dcb4ea,2026-08-28T17:51:54.021564Z
50679,POOLING PT-200 LEG EAST- ZN 5,B,bidirectional,PPT,COLUMBIA,NY,Z5,Z5,249,False,,,42.247696,-73.626718,census_county_internal_point,county,36021,Columbia County,km_tgp_locations:1787939514021564000:470a5ca9ff1632ccbae5df41106523761d4ea1990719dabdb968f31231c16847,census_county_gazetteer:1787939514135521000:4c90d0f805779923b5958ab13d0c1e9b99fe4932b786bfcf75dd739bb2dcb4ea,2026-08-28T17:51:54.021564Z
420502,EGTS/TGP MARILLA NY ERIE,D,delivery,INT,ERIE,NY,Z5,Z5,295,True,EASTERN GAS TRANSMISSION AND STORAGE INC.,C000160,42.752759,-78.778192,census_county_internal_point,county,36029,Erie County,km_tgp_locations:1787939514021564000:470a5ca9ff1632ccbae5df41106523761d4ea1990719dabdb968f31231c16847,census_county_gazetteer:1787939514135521000:4c90d0f805779923b5958ab13d0c1e9b99fe4932b786bfcf75dd739bb2dcb4ea,2026-08-28T17:51:54.021564Z
420497,NFG/TGP CLARENCE NY ERIE,D,delivery,INT,ERIE,NY,Z5,Z5,295,True,NATIONAL FUEL GAS SUPPLY CORP,C000046,42.752759,-78.778192,census_county_internal_point,county,36029,Erie County,km_tgp_locations:1787939514021564000:470a5ca9ff1632ccbae5df41106523761d4ea1990719dabdb968f31231c16847,census_county_gazetteer:1787939514135521000:4c90d0f805779923b5958ab13d0c1e9b99fe4932b786bfcf75dd739bb2dcb4ea,2026-08-28T17:51:54.021564Z
49756,NFG/TGP COLDEN INTERCONNECT ERIE,B,bidirectional,INT,ERIE,NY,Z5,Z5,224,True,NATIONAL FUEL GAS SUPPLY CORP,C000046,42.752759,-78.778192,census_county_internal_point,county,36029,Erie County,km_tgp_locations:1787939514021564000:470a5ca9ff1632ccbae5df41106523761d4ea1990719dabdb968f31231c16847,census_county_gazetteer:1787939514135521000:4c90d0f805779923b5958ab13d0c1e9b99fe4932b786bfcf75dd739bb2dcb4ea,2026-08-28T17:51:54.021564Z
412865,NFG/TGP EAST AURORA NEW YORK ERIE,B,bidirectional,INT,ERIE,NY,Z5,Z5,295,True,NATIONAL FUEL GAS SUPPLY CORP,C000046,42.752759,-78.778192,census_county_internal_point,county,36029,Erie County,km_tgp_locations:1787939514021564000:470a5ca9ff1632ccbae5df41106523761d4ea1990719dabdb968f31231c16847,census_county_gazetteer:1787939514135521000:4c90d0f805779923b5958ab13d0c1e9b99fe4932b786bfcf75dd739bb2dcb4ea,2026-08-28T17:51:54.021564Z
460003,NFG/TGP HAMBURG COLDEN INJECTION ER,B,bidirectional,INT,ERIE,NY,Z5,Z5,224,True,NATIONAL FUEL GAS SUPPLY CORP,C000046,42.752759,-78.778192,census_county_internal_point,county,36029,Erie County,km_tgp_locations:1787939514021564000:470a5ca9ff1632ccbae5df41106523761d4ea1990719dabdb968f31231c16847,census_county_gazetteer:1787939514135521000:4c90d0f805779923b5958ab13d0c1e9b99fe4932b786bfcf75dd739bb2dcb4ea,2026-08-28T17:51:54.021564Z
420076,NFG/TGP HAMBURG NY ERIE,B,bidirectional,INT,ERIE,NY,Z5,Z5,224,True,NATIONAL FUEL GAS SUPPLY CORP,C000046,42.752759,-78.778192,census_county_internal_point,county,36029,Erie County,km_tgp_locations:1787939514021564000:470a5ca9ff1632ccbae5df41106523761d4ea1990719dabdb968f31231c16847,census_county_gazetteer:1787939514135521000:4c90d0f805779923b5958ab13d0c1e9b99fe4932b786bfcf75dd739bb2dcb4ea,2026-08-28T17:51:54.021564Z
55648,PCG POOL - ZN 5 NIAGARA,B,bidirectional,PPT,ERIE,NY,Z5,Z5,295,False,,,42.752759,-78.778192,census_county_internal_point,county,36029,Erie County,km_tgp_locations:1787939514021564000:470a5ca9ff1632ccbae5df41106523761d4ea1990719dabdb968f31231c16847,census_county_gazetteer:1787939514135521000:4c90d0f805779923b5958ab13d0c1e9b99fe4932b786bfcf75dd739bb2dcb4ea,2026-08-28T17:51:54.021564Z
420870,POOLING PT - NIAGARA SPUR - ZO,B,bidirectional,PPT,ERIE,NY,Z5,Z5,295,False,,,42.752759,-78.778192,census_county_internal_point,county,36029,Erie County,km_tgp_locations:1787939514021564000:470a5ca9ff1632ccbae5df41106523761d4ea1990719dabdb968f31231c16847,census_county_gazetteer:1787939514135521000:4c90d0f805779923b5958ab13d0c1e9b99fe4932b786bfcf75dd739bb2dcb4ea,2026-08-28T17:51:54.021564Z
420854,TGP/TGP EAST AURORA NY LOGICAL,B,bidirectional,VIR,ERIE,NY,Z5,Z5,230,False,,,42.752759,-78.778192,census_county_internal_point,county,36029,Erie County,km_tgp_locations:1787939514021564000:470a5ca9ff1632ccbae5df41106523761d4ea1990719dabdb968f31231c16847,census_county_gazetteer:1787939514135521000:4c90d0f805779923b5958ab13d0c1e9b99fe4932b786bfcf75dd739bb2dcb4ea,2026-08-28T17:51:54.021564Z
420897,NYSEG/TGP RICHFIELD SPRINGS HERKIME,D,delivery,LDC,HERKIMER,NY,Z5,Z5,245,True,NEW YORK STATE ELECTRIC AND GAS CORPORATION,C000621,43.571009,-74.841097,census_county_internal_point,county,36043,Herkimer County,km_tgp_locations:1787939514021564000:470a5ca9ff1632ccbae5df41106523761d4ea1990719dabdb968f31231c16847,census_county_gazetteer:1787939514135521000:4c90d0f805779923b5958ab13d0c1e9b99fe4932b786bfcf75dd739bb2dcb4ea,2026-08-28T17:51:54.021564Z
412870,EGTS/TGP CRAIGS: RIP 232G 101.1 LIV,R,receipt,INT,LIVINGSTON,NY,Z5,Z5,230,True,EASTERN GAS TRANSMISSION AND STORAGE INC.,C000160,42.729042,-77.778463,census_county_internal_point,county,36051,Livingston County,km_tgp_locations:1787939514021564000:470a5ca9ff1632ccbae5df41106523761d4ea1990719dabdb968f31231c16847,census_county_gazetteer:1787939514135521000:4c90d0f805779923b5958ab13d0c1e9b99fe4932b786bfcf75dd739bb2dcb4ea,2026-08-28T17:51:54.021564Z
420688,EGTS/TGP LAKEVILLE SALES LIVINGSTON,D,delivery,INT,LIVINGSTON,NY,Z5,Z5,233,True,EASTERN GAS TRANSMISSION AND STORAGE INC.,C000160,42.729042,-77.778463,census_county_internal_point,county,36051,Livingston County,km_tgp_locations:1787939514021564000:470a5ca9ff1632ccbae5df41106523761d4ea1990719dabdb968f31231c16847,census_county_gazetteer:1787939514135521000:4c90d0f805779923b5958ab13d0c1e9b99fe4932b786bfcf75dd739bb2dcb4ea,2026-08-28T17:51:54.021564Z
412065,EGTS/TGP MORRISVILLE TRANSPORT MADI,R,receipt,INT,MADISON,NY,Z5,Z5,241,True,EASTERN GAS TRANSMISSION AND STORAGE INC.,C000160,42.910026,-75.663575,census_county_internal_point,county,36053,Madison County,km_tgp_locations:1787939514021564000:470a5ca9ff1632ccbae5df41106523761d4ea1990719dabdb968f31231c16847,census_county_gazetteer:1787939514135521000:4c90d0f805779923b5958ab13d0c1e9b99fe4932b786bfcf75dd739bb2dcb4ea,2026-08-28T17:51:54.021564Z
47592,HAMVIL/TGP VILLAGE OF HAMILTON NY M,D,delivery,LDC,MADISON,NY,Z5,Z5,241,True,VILLAGE OF HAMILTON,,42.910026,-75.663575,census_county_internal_point,county,36053,Madison County,km_tgp_locations:1787939514021564000:470a5ca9ff1632ccbae5df41106523761d4ea1990719dabdb968f31231c16847,census_county_gazetteer:1787939514135521000:4c90d0f805779923b5958ab13d0c1e9b99fe4932b786bfcf75dd739bb2dcb4ea,2026-08-28T17:51:54.021564Z
54378,CAMBRIAA/TGP SHELBY CRUSHED STONE N,D,delivery,END,NIAGARA,NY,Z5,Z5,295,True,CAMBRIA ASPHALT PRODUCTS INC.,,43.272672,-78.812943,census_county_internal_point,county,36063,Niagara County,km_tgp_locations:1787939514021564000:470a5ca9ff1632ccbae5df41106523761d4ea1990719dabdb968f31231c16847,census_county_gazetteer:1787939514135521000:4c90d0f805779923b5958ab13d0c1e9b99fe4932b786bfcf75dd739bb2dcb4ea,2026-08-28T17:51:54.021564Z
420092,NFG/TGP LEWISTON NY NIAGARA,D,delivery,INT,NIAGARA,NY,Z5,Z5,296,True,NATIONAL FUEL GAS SUPPLY CORP,C000046,43.272672,-78.812943,census_county_internal_point,county,36063,Niagara County,km_tgp_locations:1787939514021564000:470a5ca9ff1632ccbae5df41106523761d4ea1990719dabdb968f31231c16847,census_county_gazetteer:1787939514135521000:4c90d0f805779923b5958ab13d0c1e9b99fe4932b786bfcf75dd739bb2dcb4ea,2026-08-28T17:51:54.021564Z
420326,NFG/TGP PEKIN NEW YORK NIAGARA,D,delivery,INT,NIAGARA,NY,Z5,Z5,296,True,NATIONAL FUEL GAS SUPPLY CORP,C000046,43.272672,-78.812943,census_county_internal_point,county,36063,Niagara County,km_tgp_locations:1787939514021564000:470a5ca9ff1632ccbae5df41106523761d4ea1990719dabdb968f31231c16847,census_county_gazetteer:1787939514135521000:4c90d0f805779923b5958ab13d0c1e9b99fe4932b786bfcf75dd739bb2dcb4ea,2026-08-28T17:51:54.021564Z
420221,NYSEG/TGP LOCKPORT NY NIAGARA,D,delivery,LDC,NIAGARA,NY,Z5,Z5,295,True,NEW YORK STATE ELECTRIC AND GAS CORPORATION,C000621,43.272672,-78.812943,census_county_internal_point,county,36063,Niagara County,km_tgp_locations:1787939514021564000:470a5ca9ff1632ccbae5df41106523761d4ea1990719dabdb968f31231c16847,census_county_gazetteer:1787939514135521000:4c90d0f805779923b5958ab13d0c1e9b99fe4932b786bfcf75dd739bb2dcb4ea,2026-08-28T17:51:54.021564Z
420739,SHELL/TGP HARRISON CO GEN SALES NIA,D,delivery,EGN,NIAGARA,NY,Z5,Z5,295,True,SHELL ENERGY NORTH AMERICA (US) L.P.,,43.272672,-78.812943,census_county_internal_point,county,36063,Niagara County,km_tgp_locations:1787939514021564000:470a5ca9ff1632ccbae5df41106523761d4ea1990719dabdb968f31231c16847,census_county_gazetteer:1787939514135521000:4c90d0f805779923b5958ab13d0c1e9b99fe4932b786bfcf75dd739bb2dcb4ea,2026-08-28T17:51:54.021564Z
420772,TGP/TGP NIAGARA CNTY TRANSPORT NIAG,B,bidirectional,INT,NIAGARA,NY,Z5,Z5,296,False,,,43.272672,-78.812943,census_county_internal_point,county,36063,Niagara County,km_tgp_locations:1787939514021564000:470a5ca9ff1632ccbae5df41106523761d4ea1990719dabdb968f31231c16847,census_county_gazetteer:1787939514135521000:4c90d0f805779923b5958ab13d0c1e9b99fe4932b786bfcf75dd739bb2dcb4ea,2026-08-28T17:51:54.021564Z
421079,TRANSCAN/TGP UDP NIAGARA RIVER DELI,D,delivery,INT,NIAGARA,NY,Z5,Z5,296,True,TRANSCANADA PIPELINES LIMITED,,43.272672,-78.812943,census_county_internal_point,county,36063,Niagara County,km_tgp_locations:1787939514021564000:470a5ca9ff1632ccbae5df41106523761d4ea1990719dabdb968f31231c16847,census_county_gazetteer:1787939514135521000:4c90d0f805779923b5958ab13d0c1e9b99fe4932b786bfcf75dd739bb2dcb4ea,2026-08-28T17:51:54.021564Z
410902,TRANSCAN/TGP UDP NIAGARA RIVER NIAG,B,bidirectional,INT,NIAGARA,NY,Z5,Z5,296,True,TRANSCANADA PIPELINES LIMITED,,43.272672,-78.812943,census_county_internal_point,county,36063,Niagara County,km_tgp_locations:1787939514021564000:470a5ca9ff1632ccbae5df41106523761d4ea1990719dabdb968f31231c16847,census_county_gazetteer:1787939514135521000:4c90d0f805779923b5958ab13d0c1e9b99fe4932b786bfcf75dd739bb2dcb4ea,2026-08-28T17:51:54.021564Z
420732,POA/TGP SYRACUSE COGEN SALES ONONDA,D,delivery,END,ONONDAGA,NY,Z5,Z5,241,True,PROJECT ORANGE ASSOCIATES LLC,,43.006516,-76.196134,census_county_internal_point,county,36067,Onondaga County,km_tgp_locations:1787939514021564000:470a5ca9ff1632ccbae5df41106523761d4ea1990719dabdb968f31231c16847,census_county_gazetteer:1787939514135521000:4c90d0f805779923b5958ab13d0c1e9b99fe4932b786bfcf75dd739bb2dcb4ea,2026-08-28T17:51:54.021564Z
420617,EGTS/TGP HOPEWELL SALES ONTARIO,D,delivery,INT,ONTARIO,NY,Z5,Z5,233,True,EASTERN GAS TRANSMISSION AND STORAGE INC.,C000160,42.856357,-77.303497,census_county_internal_point,county,36069,Ontario County,km_tgp_locations:1787939514021564000:470a5ca9ff1632ccbae5df41106523761d4ea1990719dabdb968f31231c16847,census_county_gazetteer:1787939514135521000:4c90d0f805779923b5958ab13d0c1e9b99fe4932b786bfcf75dd739bb2dcb4ea,2026-08-28T17:51:54.021564Z
420086,EGTS/TGP PHELPS NY ONTARIO,D,delivery,INT,ONTARIO,NY,Z5,Z5,237,True,EASTERN GAS TRANSMISSION AND STORAGE INC.,C000160,42.856357,-77.303497,census_county_internal_point,county,36069,Ontario County,km_tgp_locations:1787939514021564000:470a5ca9ff1632ccbae5df41106523761d4ea1990719dabdb968f31231c16847,census_county_gazetteer:1787939514135521000:4c90d0f805779923b5958ab13d0c1e9b99fe4932b786bfcf75dd739bb2dcb4ea,2026-08-28T17:51:54.021564Z
412856,EMPIREPL/TGP CANANDAIGUA ONTARIO,R,receipt,INT,ONTARIO,NY,Z5,Z5,233,True,EMPIRE PIPELINE CORP.,C000047,42.856357,-77.303497,census_county_internal_point,county,36069,Ontario County,km_tgp_locations:1787939514021564000:470a5ca9ff1632ccbae5df41106523761d4ea1990719dabdb968f31231c16847,census_county_gazetteer:1787939514135521000:4c90d0f805779923b5958ab13d0c1e9b99fe4932b786bfcf75dd739bb2dcb4ea,2026-08-28T17:51:54.021564Z
420526,HONEOYE/TGP UDP HONEOYE NEW YORK ON,B,bidirectional,STR,ONTARIO,NY,Z5,Z5,233,True,HONEOYE STORAGE CORPORATION,C001932,42.856357,-77.303497,census_county_internal_point,county,36069,Ontario County,km_tgp_locations:1787939514021564000:470a5ca9ff1632ccbae5df41106523761d4ea1990719dabdb968f31231c16847,census_county_gazetteer:1787939514135521000:4c90d0f805779923b5958ab13d0c1e9b99fe4932b786bfcf75dd739bb2dcb4ea,2026-08-28T17:51:54.021564Z
55649,PCG POOL - ZN 5 200 LEG WEST,B,bidirectional,PPT,ONTARIO,NY,Z5,Z5,237,False,,,42.856357,-77.303497,census_county_internal_point,county,36069,Ontario County,km_tgp_locations:1787939514021564000:470a5ca9ff1632ccbae5df41106523761d4ea1990719dabdb968f31231c16847,census_county_gazetteer:1787939514135521000:4c90d0f805779923b5958ab13d0c1e9b99fe4932b786bfcf75dd739bb2dcb4ea,2026-08-28T17:51:54.021564Z
50763,POOLING PT- 200 LEG WEST- ZN 5,B,bidirectional,PPT,ONTARIO,NY,Z5,Z5,237,False,,,42.856357,-77.303497,census_county_internal_point,county,36069,Ontario County,km_tgp_locations:1787939514021564000:470a5ca9ff1632ccbae5df41106523761d4ea1990719dabdb968f31231c16847,census_county_gazetteer:1787939514135521000:4c90d0f805779923b5958ab13d0c1e9b99fe4932b786bfcf75dd739bb2dcb4ea,2026-08-28T17:51:54.021564Z
405413,TGP/TGP CANANDAIGUA LOGICAL,B,bidirectional,VIR,ONTARIO,NY,Z5,Z5,233,False,,,42.856357,-77.303497,census_county_internal_point,county,36069,Ontario County,km_tgp_locations:1787939514021564000:470a5ca9ff1632ccbae5df41106523761d4ea1990719dabdb968f31231c16847,census_county_gazetteer:1787939514135521000:4c90d0f805779923b5958ab13d0c1e9b99fe4932b786bfcf75dd739bb2dcb4ea,2026-08-28T17:51:54.021564Z
420214,EGTS/TGP BROOKVIEW NY RENSSELAER,D,delivery,INT,RENSSELAER,NY,Z5,Z5,249,True,EASTERN GAS TRANSMISSION AND STORAGE INC.,C000160,42.710421,-73.513845,census_county_internal_point,county,36083,Rensselaer County,km_tgp_locations:1787939514021564000:470a5ca9ff1632ccbae5df41106523761d4ea1990719dabdb968f31231c16847,census_county_gazetteer:1787939514135521000:4c90d0f805779923b5958ab13d0c1e9b99fe4932b786bfcf75dd739bb2dcb4ea,2026-08-28T17:51:54.021564Z
421070,EMPIREGN/TGP SCHODACK RENSSELAER,D,delivery,EGN,RENSSELAER,NY,Z5,Z5,249,True,EMPIRE GENERATING CO LLC,,42.710421,-73.513845,census_county_internal_point,county,36083,Rensselaer County,km_tgp_locations:1787939514021564000:470a5ca9ff1632ccbae5df41106523761d4ea1990719dabdb968f31231c16847,census_county_gazetteer:1787939514135521000:4c90d0f805779923b5958ab13d0c1e9b99fe4932b786bfcf75dd739bb2dcb4ea,2026-08-28T17:51:54.021564Z
420293,CON ED/TGP PEARL RIVER NY ROCKLAND,D,delivery,LDC,ROCKLAND,NY,Z5,Z5,324,True,CONSOLIDATED EDISON CO OF NEW YORK INC,,41.154628,-74.024662,census_county_internal_point,county,36087,Rockland County,km_tgp_locations:1787939514021564000:470a5ca9ff1632ccbae5df41106523761d4ea1990719dabdb968f31231c16847,census_county_gazetteer:1787939514135521000:4c90d0f805779923b5958ab13d0c1e9b99fe4932b786bfcf75dd739bb2dcb4ea,2026-08-28T17:51:54.021564Z
420201,CON ED/TGP TAPPAN NY ROCKLAND,D,delivery,LDC,ROCKLAND,NY,Z5,Z5,324,True,CONSOLIDATED EDISON CO OF NEW YORK INC,,41.154628,-74.024662,census_county_internal_point,county,36087,Rockland County,km_tgp_locations:1787939514021564000:470a5ca9ff1632ccbae5df41106523761d4ea1990719dabdb968f31231c16847,census_county_gazetteer:1787939514135521000:4c90d0f805779923b5958ab13d0c1e9b99fe4932b786bfcf75dd739bb2dcb4ea,2026-08-28T17:51:54.021564Z
412181,IROQUOIS/TGP WRIGHT SMS SCHOHARIE,R,receipt,INT,SCHOHARIE,NY,Z5,Z5,249,True,IROQUOIS GAS TRANSMISSION SYSTEM L.P.,C000438,42.591294,-74.438172,census_county_internal_point,county,36095,Schoharie County,km_tgp_locations:1787939514021564000:470a5ca9ff1632ccbae5df41106523761d4ea1990719dabdb968f31231c16847,census_county_gazetteer:1787939514135521000:4c90d0f805779923b5958ab13d0c1e9b99fe4932b786bfcf75dd739bb2dcb4ea,2026-08-28T17:51:54.021564Z
420857,NYSEG/TGP CARLISLE SALES SCHOHARIE,D,delivery,LDC,SCHOHARIE,NY,Z5,Z5,245,True,NEW YORK STATE ELECTRIC AND GAS CORPORATION,C000621,42.591294,-74.438172,census_county_internal_point,county,36095,Schoharie County,km_tgp_locations:1787939514021564000:470a5ca9ff1632ccbae5df41106523761d4ea1990719dabdb968f31231c16847,census_county_gazetteer:1787939514135521000:4c90d0f805779923b5958ab13d0c1e9b99fe4932b786bfcf75dd739bb2dcb4ea,2026-08-28T17:51:54.021564Z
412037,MERDIANX/TGP SENECA COUNTY DEHY SEN,R,receipt,WHD,SENECA,NY,Z5,Z5,237,True,MERIDIAN EXPLORATION CORPORATION,,42.782294,-76.827088,census_county_internal_point,county,36099,Seneca County,km_tgp_locations:1787939514021564000:470a5ca9ff1632ccbae5df41106523761d4ea1990719dabdb968f31231c16847,census_county_gazetteer:1787939514135521000:4c90d0f805779923b5958ab13d0c1e9b99fe4932b786bfcf75dd739bb2dcb4ea,2026-08-28T17:51:54.021564Z
412803,ARLSTOR/TGP GRAVEL RUN ARLINGTON ST,B,bidirectional,STR,STEUBEN,NY,Z5,Z5,299,True,ARLINGTON STORAGE COMPANY LLC,C001685,42.266725,-77.385525,census_county_internal_point,county,36101,Steuben County,km_tgp_locations:1787939514021564000:470a5ca9ff1632ccbae5df41106523761d4ea1990719dabdb968f31231c16847,census_county_gazetteer:1787939514135521000:4c90d0f805779923b5958ab13d0c1e9b99fe4932b786bfcf75dd739bb2dcb4ea,2026-08-28T17:51:54.021564Z
412479,CEM/TGP COOK SCHOOL ROAD REC STA ST,R,receipt,WHD,STEUBEN,NY,Z5,Z5,299,True,CHESAPEAKE ENERGY MARKETING L.L.C.,,42.266725,-77.385525,census_county_internal_point,county,36101,Steuben County,km_tgp_locations:1787939514021564000:470a5ca9ff1632ccbae5df41106523761d4ea1990719dabdb968f31231c16847,census_county_gazetteer:1787939514135521000:4c90d0f805779923b5958ab13d0c1e9b99fe4932b786bfcf75dd739bb2dcb4ea,2026-08-28T17:51:54.021564Z
421068,KAISER/TGP WYCKOFF STORAGE STEUBEN,B,bidirectional,STR,STEUBEN,NY,Z5,Z5,299,True,KAISER-FRANCIS OIL COMPANY,,42.266725,-77.385525,census_county_internal_point,county,36101,Steuben County,km_tgp_locations:1787939514021564000:470a5ca9ff1632ccbae5df41106523761d4ea1990719dabdb968f31231c16847,census_county_gazetteer:1787939514135521000:4c90d0f805779923b5958ab13d0c1e9b99fe4932b786bfcf75dd739bb2dcb4ea,2026-08-28T17:51:54.021564Z
420801,MILL PL/TGP GREENWOOD STEUBEN,B,bidirectional,INT,STEUBEN,NY,Z5,Z5,299,True,MILLENNIUM PIPELINE COMPANY L.L.C.,C000311,42.266725,-77.385525,census_county_internal_point,county,36101,Steuben County,km_tgp_locations:1787939514021564000:470a5ca9ff1632ccbae5df41106523761d4ea1990719dabdb968f31231c16847,census_county_gazetteer:1787939514135521000:4c90d0f805779923b5958ab13d0c1e9b99fe4932b786bfcf75dd739bb2dcb4ea,2026-08-28T17:51:54.021564Z
420644,NYSEG/TGP PRATTSBURG SALES STEUBEN,D,delivery,LDC,STEUBEN,NY,Z5,Z5,299,True,NEW YORK STATE ELECTRIC AND GAS CORPORATION,C000621,42.266725,-77.385525,census_county_internal_point,county,36101,Steuben County,km_tgp_locations:1787939514021564000:470a5ca9ff1632ccbae5df41106523761d4ea1990719dabdb968f31231c16847,census_county_gazetteer:1787939514135521000:4c90d0f805779923b5958ab13d0c1e9b99fe4932b786bfcf75dd739bb2dcb4ea,2026-08-28T17:51:54.021564Z
420746,NYSEG/TGP WALLACE SALES STEUBEN,D,delivery,LDC,STEUBEN,NY,Z5,Z5,299,True,NEW YORK STATE ELECTRIC AND GAS CORPORATION,C000621,42.266725,-77.385525,census_county_internal_point,county,36101,Steuben County,km_tgp_locations:1787939514021564000:470a5ca9ff1632ccbae5df41106523761d4ea1990719dabdb968f31231c16847,census_county_gazetteer:1787939514135521000:4c90d0f805779923b5958ab13d0c1e9b99fe4932b786bfcf75dd739bb2dcb4ea,2026-08-28T17:51:54.021564Z
412211,UNIVRES/TGP STUEBEN COUNTY DEHY STE,R,receipt,WHD,STEUBEN,NY,Z5,Z5,299,True,UNIVERSAL RESOURCES HOLDINGS INC,,42.266725,-77.385525,census_county_internal_point,county,36101,Steuben County,km_tgp_locations:1787939514021564000:470a5ca9ff1632ccbae5df41106523761d4ea1990719dabdb968f31231c16847,census_county_gazetteer:1787939514135521000:4c90d0f805779923b5958ab13d0c1e9b99fe4932b786bfcf75dd739bb2dcb4ea,2026-08-28T17:51:54.021564Z
55651,PCG POOL - ZN 5 300 LEG,B,bidirectional,PPT,SUFFOLK,NY,Z5,Z5,324,False,,,40.943554,-72.692218,census_county_internal_point,county,36103,Suffolk County,km_tgp_locations:1787939514021564000:470a5ca9ff1632ccbae5df41106523761d4ea1990719dabdb968f31231c16847,census_county_gazetteer:1787939514135521000:4c90d0f805779923b5958ab13d0c1e9b99fe4932b786bfcf75dd739bb2dcb4ea,2026-08-28T17:51:54.021564Z
420869,POOLING PT - 300 LEG - ZONE 5,B,bidirectional,PPT,SUFFOLK,NY,Z5,Z5,324,False,,,40.943554,-72.692218,census_county_internal_point,county,36103,Suffolk County,km_tgp_locations:1787939514021564000:470a5ca9ff1632ccbae5df41106523761d4ea1990719dabdb968f31231c16847,census_county_gazetteer:1787939514135521000:4c90d0f805779923b5958ab13d0c1e9b99fe4932b786bfcf75dd739bb2dcb4ea,2026-08-28T17:51:54.021564Z
420477,CON ED/TGP KNOLLWOOD NY WESTCHESTER,D,delivery,LDC,WESTCHESTER,NY,Z5,Z5,324,True,CONSOLIDATED EDISON CO OF NEW YORK INC,,41.152686,-73.745753,census_county_internal_point,county,36119,Westchester County,km_tgp_locations:1787939514021564000:470a5ca9ff1632ccbae5df41106523761d4ea1990719dabdb968f31231c16847,census_county_gazetteer:1787939514135521000:4c90d0f805779923b5958ab13d0c1e9b99fe4932b786bfcf75dd739bb2dcb4ea,2026-08-28T17:51:54.021564Z
420344,CON ED/TGP RYE NY WESTCHESTER,D,delivery,LDC,WESTCHESTER,NY,Z5,Z5,324,True,CONSOLIDATED EDISON CO OF NEW YORK INC,,41.152686,-73.745753,census_county_internal_point,county,36119,Westchester County,km_tgp_locations:1787939514021564000:470a5ca9ff1632ccbae5df41106523761d4ea1990719dabdb968f31231c16847,census_county_gazetteer:1787939514135521000:4c90d0f805779923b5958ab13d0c1e9b99fe4932b786bfcf75dd739bb2dcb4ea,2026-08-28T17:51:54.021564Z
49779,CON ED/TGP RYE TEMP BY-PASS WESTCHE,D,delivery,LDC,WESTCHESTER,NY,Z5,Z5,324,True,CONSOLIDATED EDISON CO OF NEW YORK INC,,41.152686,-73.745753,census_county_internal_point,county,36119,Westchester County,km_tgp_locations:1787939514021564000:470a5ca9ff1632ccbae5df41106523761d4ea1990719dabdb968f31231c16847,census_county_gazetteer:1787939514135521000:4c90d0f805779923b5958ab13d0c1e9b99fe4932b786bfcf75dd739bb2dcb4ea,2026-08-28T17:51:54.021564Z
420093,CON ED/TGP WHITE PLAINS NY WESTCHES,D,delivery,LDC,WESTCHESTER,NY,Z5,Z5,324,True,CONSOLIDATED EDISON CO OF NEW YORK INC,,41.152686,-73.745753,census_county_internal_point,county,36119,Westchester County,km_tgp_locations:1787939514021564000:470a5ca9ff1632ccbae5df41106523761d4ea1990719dabdb968f31231c16847,census_county_gazetteer:1787939514135521000:4c90d0f805779923b5958ab13d0c1e9b99fe4932b786bfcf75dd739bb2dcb4ea,2026-08-28T17:51:54.021564Z
420690,EGTS/TGP NORTH SHELDON SALES WYOMIN,D,delivery,INT,WYOMING,NY,Z5,Z5,230,True,EASTERN GAS TRANSMISSION AND STORAGE INC.,C000160,42.701365,-78.228576,census_county_internal_point,county,36121,Wyoming County,km_tgp_locations:1787939514021564000:470a5ca9ff1632ccbae5df41106523761d4ea1990719dabdb968f31231c16847,census_county_gazetteer:1787939514135521000:4c90d0f805779923b5958ab13d0c1e9b99fe4932b786bfcf75dd739bb2dcb4ea,2026-08-28T17:51:54.021564Z
420642,NYSEG/TGP RUSHVILLE SALES YATES,D,delivery,LDC,YATES,NY,Z5,Z5,299,True,NEW YORK STATE ELECTRIC AND GAS CORPORATION,C000621,42.638237,-77.104324,census_county_internal_point,county,36123,Yates County,km_tgp_locations:1787939514021564000:470a5ca9ff1632ccbae5df41106523761d4ea1990719dabdb968f31231c16847,census_county_gazetteer:1787939514135521000:4c90d0f805779923b5958ab13d0c1e9b99fe4932b786bfcf75dd739bb2dcb4ea,2026-08-28T17:51:54.021564Z
411686,BEP1992/TGP MCARTHUR FIELD ATHENS,R,receipt,WHD,ATHENS,OH,Z4,Z4,204,True,B.E.P. PARTNERS 1992 #1,,39.332755,-82.045885,census_county_internal_point,county,39009,Athens County,km_tgp_locations:1787939514021564000:470a5ca9ff1632ccbae5df41106523761d4ea1990719dabdb968f31231c16847,census_county_gazetteer:1787939514135521000:4c90d0f805779923b5958ab13d0c1e9b99fe4932b786bfcf75dd739bb2dcb4ea,2026-08-28T17:51:54.021564Z
49198,CARROLL/TGP COUNTY HOME CARROLL,D,delivery,EGN,CARROLL,OH,Z4,Z4,212,True,CARROLL COUNTY ENERGY LLC,,40.579884,-81.090787,census_county_internal_point,county,39019,Carroll County,km_tgp_locations:1787939514021564000:470a5ca9ff1632ccbae5df41106523761d4ea1990719dabdb968f31231c16847,census_county_gazetteer:1787939514135521000:4c90d0f805779923b5958ab13d0c1e9b99fe4932b786bfcf75dd739bb2dcb4ea,2026-08-28T17:51:54.021564Z
420728,E OH GAS/TGP AUGUSTA SALES CARROLL,B,bidirectional,LDC,CARROLL,OH,Z4,Z4,214,True,THE EAST OHIO GAS COMPANY: D/B/A/ DOMINION ENERGY OHIO,C001002,40.579884,-81.090787,census_county_internal_point,county,39019,Carroll County,km_tgp_locations:1787939514021564000:470a5ca9ff1632ccbae5df41106523761d4ea1990719dabdb968f31231c16847,census_county_gazetteer:1787939514135521000:4c90d0f805779923b5958ab13d0c1e9b99fe4932b786bfcf75dd739bb2dcb4ea,2026-08-28T17:51:54.021564Z
420066,EGTS/TGP AUGUSTA OH CARROLL,D,delivery,INT,CARROLL,OH,Z4,Z4,214,True,EASTERN GAS TRANSMISSION AND STORAGE INC.,C000160,40.579884,-81.090787,census_county_internal_point,county,39019,Carroll County,km_tgp_locations:1787939514021564000:470a5ca9ff1632ccbae5df41106523761d4ea1990719dabdb968f31231c16847,census_county_gazetteer:1787939514135521000:4c90d0f805779923b5958ab13d0c1e9b99fe4932b786bfcf75dd739bb2dcb4ea,2026-08-28T17:51:54.021564Z
420065,EGTS/TGP LEESVILLE OHIO CARROLL,D,delivery,OTH,CARROLL,OH,Z4,Z4,212,False,,,40.579884,-81.090787,census_county_internal_point,county,39019,Carroll County,km_tgp_locations:1787939514021564000:470a5ca9ff1632ccbae5df41106523761d4ea1990719dabdb968f31231c16847,census_county_gazetteer:1787939514135521000:4c90d0f805779923b5958ab13d0c1e9b99fe4932b786bfcf75dd739bb2dcb4ea,2026-08-28T17:51:54.021564Z
420636,HESS/TGP BELDEN AND BLAKE SALES CAR,D,delivery,INT,CARROLL,OH,Z4,Z4,214,True,HESS CORPORATION,,40.579884,-81.090787,census_county_internal_point,county,39019,Carroll County,km_tgp_locations:1787939514021564000:470a5ca9ff1632ccbae5df41106523761d4ea1990719dabdb968f31231c16847,census_county_gazetteer:1787939514135521000:4c90d0f805779923b5958ab13d0c1e9b99fe4932b786bfcf75dd739bb2dcb4ea,2026-08-28T17:51:54.021564Z
420091,NE OH NG/TGP LEESVILLE OH CARROLL,D,delivery,LDC,CARROLL,OH,Z4,Z4,212,True,NORTHEAST OHIO NATURAL GAS CORP.,,40.579884,-81.090787,census_county_internal_point,county,39019,Carroll County,km_tgp_locations:1787939514021564000:470a5ca9ff1632ccbae5df41106523761d4ea1990719dabdb968f31231c16847,census_county_gazetteer:1787939514135521000:4c90d0f805779923b5958ab13d0c1e9b99fe4932b786bfcf75dd739bb2dcb4ea,2026-08-28T17:51:54.021564Z
47652,UTICA EO/TGP LEESVILLE PROC PLNT CA,R,receipt,PLT,CARROLL,OH,Z4,Z4,212,True,UTICA EAST OHIO MIDSTREAM LLC,,40.579884,-81.090787,census_county_internal_point,county,39019,Carroll County,km_tgp_locations:1787939514021564000:470a5ca9ff1632ccbae5df41106523761d4ea1990719dabdb968f31231c16847,census_county_gazetteer:1787939514135521000:4c90d0f805779923b5958ab13d0c1e9b99fe4932b786bfcf75dd739bb2dcb4ea,2026-08-28T17:51:54.021564Z
400480,COL GAS/TGP BRINKER OH COLUMBIANA,D,delivery,INT,COLUMBIANA,OH,Z4,Z4,214,True,COLUMBIA GAS TRANSMISSION LLC,C000306,40.770073,-80.778455,census_county_internal_point,county,39029,Columbiana County,km_tgp_locations:1787939514021564000:470a5ca9ff1632ccbae5df41106523761d4ea1990719dabdb968f31231c16847,census_county_gazetteer:1787939514135521000:4c90d0f805779923b5958ab13d0c1e9b99fe4932b786bfcf75dd739bb2dcb4ea,2026-08-28T17:51:54.021564Z
420060,COL GAS/TGP DUNGANNON OH COLUMBIANA,D,delivery,INT,COLUMBIANA,OH,Z4,Z4,214,True,COLUMBIA GAS TRANSMISSION LLC,C000306,40.770073,-80.778455,census_county_internal_point,county,39029,Columbiana County,km_tgp_locations:1787939514021564000:470a5ca9ff1632ccbae5df41106523761d4ea1990719dabdb968f31231c16847,census_county_gazetteer:1787939514135521000:4c90d0f805779923b5958ab13d0c1e9b99fe4932b786bfcf75dd739bb2dcb4ea,2026-08-28T17:51:54.021564Z
53981,COLUMBIA/TGP CAREY DELIVERY COLUMBI,D,delivery,INT,COLUMBIANA,OH,Z4,Z4,216,True,COLUMBIA GAS OF OHIO INC.,C003905,40.770073,-80.778455,census_county_internal_point,county,39029,Columbiana County,km_tgp_locations:1787939514021564000:470a5ca9ff1632ccbae5df41106523761d4ea1990719dabdb968f31231c16847,census_county_gazetteer:1787939514135521000:4c90d0f805779923b5958ab13d0c1e9b99fe4932b786bfcf75dd739bb2dcb4ea,2026-08-28T17:51:54.021564Z
47605,GEOPETRO/TGP FIRESTONE HOMESTEAD CO,R,receipt,GTH,COLUMBIANA,OH,Z4,Z4,216,True,GEOPETRO LLC,,40.770073,-80.778455,census_county_internal_point,county,39029,Columbiana County,km_tgp_locations:1787939514021564000:470a5ca9ff1632ccbae5df41106523761d4ea1990719dabdb968f31231c16847,census_county_gazetteer:1787939514135521000:4c90d0f805779923b5958ab13d0c1e9b99fe4932b786bfcf75dd739bb2dcb4ea,2026-08-28T17:51:54.021564Z
54043,NEGATRAN/TGP MCKAIG ROAD COLUMBIANA,D,delivery,INT,COLUMBIANA,OH,Z4,Z4,214,True,NEXUS GAS TRANSMISSION LLC,C008926,40.770073,-80.778455,census_county_internal_point,county,39029,Columbiana County,km_tgp_locations:1787939514021564000:470a5ca9ff1632ccbae5df41106523761d4ea1990719dabdb968f31231c16847,census_county_gazetteer:1787939514135521000:4c90d0f805779923b5958ab13d0c1e9b99fe4932b786bfcf75dd739bb2dcb4ea,2026-08-28T17:51:54.021564Z
47882,UGIAPP/TGP BRINKER NO.2 COLUMBIANA,R,receipt,WHD,COLUMBIANA,OH,Z4,Z4,214,True,UGI APPALACHIA LLC,,40.770073,-80.778455,census_county_internal_point,county,39029,Columbiana County,km_tgp_locations:1787939514021564000:470a5ca9ff1632ccbae5df41106523761d4ea1990719dabdb968f31231c16847,census_county_gazetteer:1787939514135521000:4c90d0f805779923b5958ab13d0c1e9b99fe4932b786bfcf75dd739bb2dcb4ea,2026-08-28T17:51:54.021564Z
53950,UGIAPP/TGP FARMER BROTHERS COLUMBIA,R,receipt,WHD,COLUMBIANA,OH,Z4,Z4,216,True,UGI APPALACHIA LLC,,40.770073,-80.778455,census_county_internal_point,county,39029,Columbiana County,km_tgp_locations:1787939514021564000:470a5ca9ff1632ccbae5df41106523761d4ea1990719dabdb968f31231c16847,census_county_gazetteer:1787939514135521000:4c90d0f805779923b5958ab13d0c1e9b99fe4932b786bfcf75dd739bb2dcb4ea,2026-08-28T17:51:54.021564Z
412868,UTICA EO/TGP KENSINGTON DEHY: RIP 2,R,receipt,PLT,COLUMBIANA,OH,Z4,Z4,214,True,UTICA EAST OHIO MIDSTREAM LLC,,40.770073,-80.778455,census_county_internal_point,county,39029,Columbiana County,km_tgp_locations:1787939514021564000:470a5ca9ff1632ccbae5df41106523761d4ea1990719dabdb968f31231c16847,census_county_gazetteer:1787939514135521000:4c90d0f805779923b5958ab13d0c1e9b99fe4932b786bfcf75dd739bb2dcb4ea,2026-08-28T17:51:54.021564Z
420064,COL GAS/TGP CAMBRIDGE SALES GUERNSE,D,delivery,INT,GUERNSEY,OH,Z4,Z4,209,True,COLUMBIA GAS TRANSMISSION LLC,C000306,40.056665,-81.497875,census_county_internal_point,county,39059,Guernsey County,km_tgp_locations:1787939514021564000:470a5ca9ff1632ccbae5df41106523761d4ea1990719dabdb968f31231c16847,census_county_gazetteer:1787939514135521000:4c90d0f805779923b5958ab13d0c1e9b99fe4932b786bfcf75dd739bb2dcb4ea,2026-08-28T17:51:54.021564Z
44423,REX/TGP BIG MUSKIE GUERNSEY,R,receipt,INT,GUERNSEY,OH,Z4,Z4,204,True,ROCKIES EXPRESS PIPELINE LLC,C000594,40.056665,-81.497875,census_county_internal_point,county,39059,Guernsey County,km_tgp_locations:1787939514021564000:470a5ca9ff1632ccbae5df41106523761d4ea1990719dabdb968f31231c16847,census_county_gazetteer:1787939514135521000:4c90d0f805779923b5958ab13d0c1e9b99fe4932b786bfcf75dd739bb2dcb4ea,2026-08-28T17:51:54.021564Z
56392,LESRENEW/TGP BEECH HOLLOW BIOGAS BU,D,delivery,OTH,JACKSON,OH,Z4,Z4,200,True,LES RENEWABLE NG LLC,,39.013477,-82.614142,census_county_internal_point,county,39079,Jackson County,km_tgp_locations:1787939514021564000:470a5ca9ff1632ccbae5df41106523761d4ea1990719dabdb968f31231c16847,census_county_gazetteer:1787939514135521000:4c90d0f805779923b5958ab13d0c1e9b99fe4932b786bfcf75dd739bb2dcb4ea,2026-08-28T17:51:54.021564Z
56391,LESRENEW/TGP BEECH HOLLOW BIOGAS RE,R,receipt,RNG,JACKSON,OH,Z4,Z4,200,True,LES RENEWABLE NG LLC,,39.013477,-82.614142,census_county_internal_point,county,39079,Jackson County,km_tgp_locations:1787939514021564000:470a5ca9ff1632ccbae5df41106523761d4ea1990719dabdb968f31231c16847,census_county_gazetteer:1787939514135521000:4c90d0f805779923b5958ab13d0c1e9b99fe4932b786bfcf75dd739bb2dcb4ea,2026-08-28T17:51:54.021564Z
420236,PIKE/TGP OAK HILL OH JACKSON,D,delivery,LDC,JACKSON,OH,Z4,Z4,200,True,PIKE NATURAL GAS CO,,39.013477,-82.614142,census_county_internal_point,county,39079,Jackson County,km_tgp_locations:1787939514021564000:470a5ca9ff1632ccbae5df41106523761d4ea1990719dabdb968f31231c16847,census_county_gazetteer:1787939514135521000:4c90d0f805779923b5958ab13d0c1e9b99fe4932b786bfcf75dd739bb2dcb4ea,2026-08-28T17:51:54.021564Z
420932,E OH GAS/TGP PETERSBURG MAHONING,D,delivery,LDC,MAHONING,OH,Z4,Z4,216,True,THE EAST OHIO GAS COMPANY: D/B/A/ DOMINION ENERGY OHIO,C001002,41.01088,-80.770396,census_county_internal_point,county,39099,Mahoning County,km_tgp_locations:1787939514021564000:470a5ca9ff1632ccbae5df41106523761d4ea1990719dabdb968f31231c16847,census_county_gazetteer:1787939514135521000:4c90d0f805779923b5958ab13d0c1e9b99fe4932b786bfcf75dd739bb2dcb4ea,2026-08-28T17:51:54.021564Z
55635,EGTS/TGP PETERSBURG II RECEIPT MAHO,R,receipt,INT,MAHONING,OH,Z4,Z4,216,True,EASTERN GAS TRANSMISSION AND STORAGE INC.,C000160,41.01088,-80.770396,census_county_internal_point,county,39099,Mahoning County,km_tgp_locations:1787939514021564000:470a5ca9ff1632ccbae5df41106523761d4ea1990719dabdb968f31231c16847,census_county_gazetteer:1787939514135521000:4c90d0f805779923b5958ab13d0c1e9b99fe4932b786bfcf75dd739bb2dcb4ea,2026-08-28T17:51:54.021564Z
420067,EGTS/TGP PETERSBURG OH MAHONING,D,delivery,INT,MAHONING,OH,Z4,Z4,216,True,EASTERN GAS TRANSMISSION AND STORAGE INC.,C000160,41.01088,-80.770396,census_county_internal_point,county,39099,Mahoning County,km_tgp_locations:1787939514021564000:470a5ca9ff1632ccbae5df41106523761d4ea1990719dabdb968f31231c16847,census_county_gazetteer:1787939514135521000:4c90d0f805779923b5958ab13d0c1e9b99fe4932b786bfcf75dd739bb2dcb4ea,2026-08-28T17:51:54.021564Z
412879,UGIAPP/TGP HICKORY BEND MAHONING,R,receipt,GTH,MAHONING,OH,Z4,Z4,216,True,UGI APPALACHIA LLC,,41.01088,-80.770396,census_county_internal_point,county,39099,Mahoning County,km_tgp_locations:1787939514021564000:470a5ca9ff1632ccbae5df41106523761d4ea1990719dabdb968f31231c16847,census_county_gazetteer:1787939514135521000:4c90d0f805779923b5958ab13d0c1e9b99fe4932b786bfcf75dd739bb2dcb4ea,2026-08-28T17:51:54.021564Z
420666,SE NGAS/TGP BROWN S RUN MORGAN,D,delivery,LDC,MORGAN,OH,Z4,Z4,204,True,SOUTHEASTERN NATURAL GAS COMPANY,,39.624946,-81.861697,census_county_internal_point,county,39115,Morgan County,km_tgp_locations:1787939514021564000:470a5ca9ff1632ccbae5df41106523761d4ea1990719dabdb968f31231c16847,census_county_gazetteer:1787939514135521000:4c90d0f805779923b5958ab13d0c1e9b99fe4932b786bfcf75dd739bb2dcb4ea,2026-08-28T17:51:54.021564Z
420209,NATL GAS/TGP SPRATT OH MUSKINGUM,D,delivery,LDC,MUSKINGUM,OH,Z4,Z4,204,True,NATIONAL GAS & OIL COOPERATIVE,,39.966046,-81.943506,census_county_internal_point,county,39119,Muskingum County,km_tgp_locations:1787939514021564000:470a5ca9ff1632ccbae5df41106523761d4ea1990719dabdb968f31231c16847,census_county_gazetteer:1787939514135521000:4c90d0f805779923b5958ab13d0c1e9b99fe4932b786bfcf75dd739bb2dcb4ea,2026-08-28T17:51:54.021564Z
421018,TET/TGP HANGING ROCK SCIOTO,D,delivery,EGN,SCIOTO,OH,Z4,Z4,200,True,TEXAS EASTERN TRANSMISSION. LP,C000094,38.814889,-82.998675,census_county_internal_point,county,39145,Scioto County,km_tgp_locations:1787939514021564000:470a5ca9ff1632ccbae5df41106523761d4ea1990719dabdb968f31231c16847,census_county_gazetteer:1787939514135521000:4c90d0f805779923b5958ab13d0c1e9b99fe4932b786bfcf75dd739bb2dcb4ea,2026-08-28T17:51:54.021564Z
412874,TET/TGP WHEELERSBURG: RIP 201 101.1,R,receipt,INT,SCIOTO,OH,Z4,Z4,200,True,TEXAS EASTERN TRANSMISSION. LP,C000094,38.814889,-82.998675,census_county_internal_point,county,39145,Scioto County,km_tgp_locations:1787939514021564000:470a5ca9ff1632ccbae5df41106523761d4ea1990719dabdb968f31231c16847,census_county_gazetteer:1787939514135521000:4c90d0f805779923b5958ab13d0c1e9b99fe4932b786bfcf75dd739bb2dcb4ea,2026-08-28T17:51:54.021564Z
420809,ALERIS/TGP NEWPORT SALES TUSCARAWAS,D,delivery,END,TUSCARAWAS,OH,Z4,Z4,209,True,ALERIS ROLLED PRODUCTS INC.,,40.44744,-81.471166,census_county_internal_point,county,39157,Tuscarawas County,km_tgp_locations:1787939514021564000:470a5ca9ff1632ccbae5df41106523761d4ea1990719dabdb968f31231c16847,census_county_gazetteer:1787939514135521000:4c90d0f805779923b5958ab13d0c1e9b99fe4932b786bfcf75dd739bb2dcb4ea,2026-08-28T17:51:54.021564Z
54641,E OH GAS/TGP BULLSEYE TUSCARAWAS,R,receipt,INT,TUSCARAWAS,OH,Z4,Z4,212,True,THE EAST OHIO GAS COMPANY: D/B/A/ DOMINION ENERGY OHIO,C001002,40.44744,-81.471166,census_county_internal_point,county,39157,Tuscarawas County,km_tgp_locations:1787939514021564000:470a5ca9ff1632ccbae5df41106523761d4ea1990719dabdb968f31231c16847,census_county_gazetteer:1787939514135521000:4c90d0f805779923b5958ab13d0c1e9b99fe4932b786bfcf75dd739bb2dcb4ea,2026-08-28T17:51:54.021564Z
420934,E OH GAS/TGP GILMORE SALES TUSCARAW,D,delivery,LDC,TUSCARAWAS,OH,Z4,Z4,209,True,THE EAST OHIO GAS COMPANY: D/B/A/ DOMINION ENERGY OHIO,C001002,40.44744,-81.471166,census_county_internal_point,county,39157,Tuscarawas County,km_tgp_locations:1787939514021564000:470a5ca9ff1632ccbae5df41106523761d4ea1990719dabdb968f31231c16847,census_county_gazetteer:1787939514135521000:4c90d0f805779923b5958ab13d0c1e9b99fe4932b786bfcf75dd739bb2dcb4ea,2026-08-28T17:51:54.021564Z
48850,E OH GAS/TGP HOLMES TUSCARAWAS,B,bidirectional,INT,TUSCARAWAS,OH,Z4,Z4,212,True,THE EAST OHIO GAS COMPANY: D/B/A/ DOMINION ENERGY OHIO,C001002,40.44744,-81.471166,census_county_internal_point,county,39157,Tuscarawas County,km_tgp_locations:1787939514021564000:470a5ca9ff1632ccbae5df41106523761d4ea1990719dabdb968f31231c16847,census_county_gazetteer:1787939514135521000:4c90d0f805779923b5958ab13d0c1e9b99fe4932b786bfcf75dd739bb2dcb4ea,2026-08-28T17:51:54.021564Z
421086,E OH GAS/TGP PLEASANT VALLEY TUSCAR,D,delivery,INT,TUSCARAWAS,OH,Z4,Z4,212,True,THE EAST OHIO GAS COMPANY: D/B/A/ DOMINION ENERGY OHIO,C001002,40.44744,-81.471166,census_county_internal_point,county,39157,Tuscarawas County,km_tgp_locations:1787939514021564000:470a5ca9ff1632ccbae5df41106523761d4ea1990719dabdb968f31231c16847,census_county_gazetteer:1787939514135521000:4c90d0f805779923b5958ab13d0c1e9b99fe4932b786bfcf75dd739bb2dcb4ea,2026-08-28T17:51:54.021564Z
420345,EGTS/TGP GILMORE OH TUSCARAWAS,D,delivery,INT,TUSCARAWAS,OH,Z4,Z4,209,True,EASTERN GAS TRANSMISSION AND STORAGE INC.,C000160,40.44744,-81.471166,census_county_internal_point,county,39157,Tuscarawas County,km_tgp_locations:1787939514021564000:470a5ca9ff1632ccbae5df41106523761d4ea1990719dabdb968f31231c16847,census_county_gazetteer:1787939514135521000:4c90d0f805779923b5958ab13d0c1e9b99fe4932b786bfcf75dd739bb2dcb4ea,2026-08-28T17:51:54.021564Z
50708,EGTS/TGP PORT WASHINGTON TUSCARAWAS,R,receipt,INT,TUSCARAWAS,OH,Z4,Z4,209,True,EASTERN GAS TRANSMISSION AND STORAGE INC.,C000160,40.44744,-81.471166,census_county_internal_point,county,39157,Tuscarawas County,km_tgp_locations:1787939514021564000:470a5ca9ff1632ccbae5df41106523761d4ea1990719dabdb968f31231c16847,census_county_gazetteer:1787939514135521000:4c90d0f805779923b5958ab13d0c1e9b99fe4932b786bfcf75dd739bb2dcb4ea,2026-08-28T17:51:54.021564Z
420306,COL GAS/TGP PITTSBURGH TERMINAL PA,D,delivery,INT,ALLEGHENY,PA,Z4,Z4,290,True,COLUMBIA GAS TRANSMISSION LLC,C000306,40.469757,-79.980451,census_county_internal_point,county,42003,Allegheny County,km_tgp_locations:1787939514021564000:470a5ca9ff1632ccbae5df41106523761d4ea1990719dabdb968f31231c16847,census_county_gazetteer:1787939514135521000:4c90d0f805779923b5958ab13d0c1e9b99fe4932b786bfcf75dd739bb2dcb4ea,2026-08-28T17:51:54.021564Z
420078,EQUITRNS/TGP PITTSBURGH TERMINAL PA,D,delivery,INT,ALLEGHENY,PA,Z4,Z4,290,True,EQUITRANS L.P,C000095,40.469757,-79.980451,census_county_internal_point,county,42003,Allegheny County,km_tgp_locations:1787939514021564000:470a5ca9ff1632ccbae5df41106523761d4ea1990719dabdb968f31231c16847,census_county_gazetteer:1787939514135521000:4c90d0f805779923b5958ab13d0c1e9b99fe4932b786bfcf75dd739bb2dcb4ea,2026-08-28T17:51:54.021564Z
420385,PEOPLES/TGP PITTSBURG TERMINAL PA A,D,delivery,LDC,ALLEGHENY,PA,Z4,Z4,290,True,PEOPLES NATURAL GAS COMPANY,C002105,40.469757,-79.980451,census_county_internal_point,county,42003,Allegheny County,km_tgp_locations:1787939514021564000:470a5ca9ff1632ccbae5df41106523761d4ea1990719dabdb968f31231c16847,census_county_gazetteer:1787939514135521000:4c90d0f805779923b5958ab13d0c1e9b99fe4932b786bfcf75dd739bb2dcb4ea,2026-08-28T17:51:54.021564Z
420199,PEOPLES/TGP PITTSBURGH TERMINAL PA,D,delivery,LDC,ALLEGHENY,PA,Z4,Z4,290,True,PEOPLES NATURAL GAS COMPANY,C002105,40.469757,-79.980451,census_county_internal_point,county,42003,Allegheny County,km_tgp_locations:1787939514021564000:470a5ca9ff1632ccbae5df41106523761d4ea1990719dabdb968f31231c16847,census_county_gazetteer:1787939514135521000:4c90d0f805779923b5958ab13d0c1e9b99fe4932b786bfcf75dd739bb2dcb4ea,2026-08-28T17:51:54.021564Z
420325,COL GAS/TGP KOPPEL PENNSYLVANIA BEA,D,delivery,OTH,BEAVER,PA,Z4,Z4,290,False,,,40.68414,-80.350721,census_county_internal_point,county,42007,Beaver County,km_tgp_locations:1787939514021564000:470a5ca9ff1632ccbae5df41106523761d4ea1990719dabdb968f31231c16847,census_county_gazetteer:1787939514135521000:4c90d0f805779923b5958ab13d0c1e9b99fe4932b786bfcf75dd739bb2dcb4ea,2026-08-28T17:51:54.021564Z
420063,COL GAS/TGP UNIONVILLE PA BEAVER,D,delivery,INT,BEAVER,PA,Z4,Z4,290,True,COLUMBIA GAS TRANSMISSION LLC,C000306,40.68414,-80.350721,census_county_internal_point,county,42007,Beaver County,km_tgp_locations:1787939514021564000:470a5ca9ff1632ccbae5df41106523761d4ea1990719dabdb968f31231c16847,census_county_gazetteer:1787939514135521000:4c90d0f805779923b5958ab13d0c1e9b99fe4932b786bfcf75dd739bb2dcb4ea,2026-08-28T17:51:54.021564Z
421075,LINDYPAV/TGP BIG BEAVER: DIP 217A 1,D,delivery,END,BEAVER,PA,Z4,Z4,290,True,LINDY PAVING INC.,,40.68414,-80.350721,census_county_internal_point,county,42007,Beaver County,km_tgp_locations:1787939514021564000:470a5ca9ff1632ccbae5df41106523761d4ea1990719dabdb968f31231c16847,census_county_gazetteer:1787939514135521000:4c90d0f805779923b5958ab13d0c1e9b99fe4932b786bfcf75dd739bb2dcb4ea,2026-08-28T17:51:54.021564Z
412769,APPLACHA/TGP EVANCHICK DEHY: RIP 31,R,receipt,GTH,BRADFORD,PA,Z4,Z4,318,True,APPALACHIA MIDSTREAM SERVICES LLC,,41.791504,-76.502123,census_county_internal_point,county,42015,Bradford County,km_tgp_locations:1787939514021564000:470a5ca9ff1632ccbae5df41106523761d4ea1990719dabdb968f31231c16847,census_county_gazetteer:1787939514135521000:4c90d0f805779923b5958ab13d0c1e9b99fe4932b786bfcf75dd739bb2dcb4ea,2026-08-28T17:51:54.021564Z
412832,APPLACHA/TGP LATINI DEHY: RIP 319C,R,receipt,GTH,BRADFORD,PA,Z4,Z4,318,True,APPALACHIA MIDSTREAM SERVICES LLC,,41.791504,-76.502123,census_county_internal_point,county,42015,Bradford County,km_tgp_locations:1787939514021564000:470a5ca9ff1632ccbae5df41106523761d4ea1990719dabdb968f31231c16847,census_county_gazetteer:1787939514135521000:4c90d0f805779923b5958ab13d0c1e9b99fe4932b786bfcf75dd739bb2dcb4ea,2026-08-28T17:51:54.021564Z
50765,APPLACHA/TGP LATINI STAGECOACH BRAD,R,receipt,GTH,BRADFORD,PA,Z4,Z4,318,True,APPALACHIA MIDSTREAM SERVICES LLC,,41.791504,-76.502123,census_county_internal_point,county,42015,Bradford County,km_tgp_locations:1787939514021564000:470a5ca9ff1632ccbae5df41106523761d4ea1990719dabdb968f31231c16847,census_county_gazetteer:1787939514135521000:4c90d0f805779923b5958ab13d0c1e9b99fe4932b786bfcf75dd739bb2dcb4ea,2026-08-28T17:51:54.021564Z
412834,APPLACHA/TGP UDP CALKINS DEHY: RIP,R,receipt,GTH,BRADFORD,PA,Z4,Z4,317,True,APPALACHIA MIDSTREAM SERVICES LLC,,41.791504,-76.502123,census_county_internal_point,county,42015,Bradford County,km_tgp_locations:1787939514021564000:470a5ca9ff1632ccbae5df41106523761d4ea1990719dabdb968f31231c16847,census_county_gazetteer:1787939514135521000:4c90d0f805779923b5958ab13d0c1e9b99fe4932b786bfcf75dd739bb2dcb4ea,2026-08-28T17:51:54.021564Z
412850,APPLACHA/TGP UDP LIBERTY DEHY: RIP,R,receipt,GTH,BRADFORD,PA,Z4,Z4,317,True,APPALACHIA MIDSTREAM SERVICES LLC,,41.791504,-76.502123,census_county_internal_point,county,42015,Bradford County,km_tgp_locations:1787939514021564000:470a5ca9ff1632ccbae5df41106523761d4ea1990719dabdb968f31231c16847,census_county_gazetteer:1787939514135521000:4c90d0f805779923b5958ab13d0c1e9b99fe4932b786bfcf75dd739bb2dcb4ea,2026-08-28T17:51:54.021564Z
57162,BLCKHILL/TGP PORT ROYAL REC BRADFOR,R,receipt,WHD,BRADFORD,PA,Z4,Z4,317,True,BLACKHILL ENERGY LLC,,41.791504,-76.502123,census_county_internal_point,county,42015,Bradford County,km_tgp_locations:1787939514021564000:470a5ca9ff1632ccbae5df41106523761d4ea1990719dabdb968f31231c16847,census_county_gazetteer:1787939514135521000:4c90d0f805779923b5958ab13d0c1e9b99fe4932b786bfcf75dd739bb2dcb4ea,2026-08-28T17:51:54.021564Z
412785,BLCKHILL/TGP SWAIN ROAD DEHY: RIP 3,R,receipt,INT,BRADFORD,PA,Z4,Z4,317,True,BLACKHILL ENERGY LLC,,41.791504,-76.502123,census_county_internal_point,county,42015,Bradford County,km_tgp_locations:1787939514021564000:470a5ca9ff1632ccbae5df41106523761d4ea1990719dabdb968f31231c16847,census_county_gazetteer:1787939514135521000:4c90d0f805779923b5958ab13d0c1e9b99fe4932b786bfcf75dd739bb2dcb4ea,2026-08-28T17:51:54.021564Z
412784,ETC NEPL/TGP ALLEN MEADOW DEHY:RIP,R,receipt,GTH,BRADFORD,PA,Z4,Z4,317,True,ETC NORTHEAST PIPELINE LLC,,41.791504,-76.502123,census_county_internal_point,county,42015,Bradford County,km_tgp_locations:1787939514021564000:470a5ca9ff1632ccbae5df41106523761d4ea1990719dabdb968f31231c16847,census_county_gazetteer:1787939514135521000:4c90d0f805779923b5958ab13d0c1e9b99fe4932b786bfcf75dd739bb2dcb4ea,2026-08-28T17:51:54.021564Z
420652,LSTOCKNG/TGP WYALUSING SALES BRADFO,D,delivery,LDC,BRADFORD,PA,Z4,Z4,318,True,LEATHERSTOCKING GAS COMPANY LLC,,41.791504,-76.502123,census_county_internal_point,county,42015,Bradford County,km_tgp_locations:1787939514021564000:470a5ca9ff1632ccbae5df41106523761d4ea1990719dabdb968f31231c16847,census_county_gazetteer:1787939514135521000:4c90d0f805779923b5958ab13d0c1e9b99fe4932b786bfcf75dd739bb2dcb4ea,2026-08-28T17:51:54.021564Z
48061,NRGBM/TGP BEIRNE HILL SALES BRADFOR,D,delivery,EGN,BRADFORD,PA,Z4,Z4,318,True,NRG BUSINESS MARKETING LLC,,41.791504,-76.502123,census_county_internal_point,county,42015,Bradford County,km_tgp_locations:1787939514021564000:470a5ca9ff1632ccbae5df41106523761d4ea1990719dabdb968f31231c16847,census_county_gazetteer:1787939514135521000:4c90d0f805779923b5958ab13d0c1e9b99fe4932b786bfcf75dd739bb2dcb4ea,2026-08-28T17:51:54.021564Z
55581,PCG POOL MARCELLUS - ZONE 4,B,bidirectional,PPT,BRADFORD,PA,Z4,Z4,318,False,,,41.791504,-76.502123,census_county_internal_point,county,42015,Bradford County,km_tgp_locations:1787939514021564000:470a5ca9ff1632ccbae5df41106523761d4ea1990719dabdb968f31231c16847,census_county_gazetteer:1787939514135521000:4c90d0f805779923b5958ab13d0c1e9b99fe4932b786bfcf75dd739bb2dcb4ea,2026-08-28T17:51:54.021564Z
54301,POOLING PT. MARCELLUS - ZN.4,B,bidirectional,PPT,BRADFORD,PA,Z4,Z4,318,False,,,41.791504,-76.502123,census_county_internal_point,county,42015,Bradford County,km_tgp_locations:1787939514021564000:470a5ca9ff1632ccbae5df41106523761d4ea1990719dabdb968f31231c16847,census_county_gazetteer:1787939514135521000:4c90d0f805779923b5958ab13d0c1e9b99fe4932b786bfcf75dd739bb2dcb4ea,2026-08-28T17:51:54.021564Z
412827,REPSOLOG/TGP PUTNAM DEHYD: RIP 316H,R,receipt,GTH,BRADFORD,PA,Z4,Z4,316,True,REPSOL OIL & GAS USA LLC,,41.791504,-76.502123,census_county_internal_point,county,42015,Bradford County,km_tgp_locations:1787939514021564000:470a5ca9ff1632ccbae5df41106523761d4ea1990719dabdb968f31231c16847,census_county_gazetteer:1787939514135521000:4c90d0f805779923b5958ab13d0c1e9b99fe4932b786bfcf75dd739bb2dcb4ea,2026-08-28T17:51:54.021564Z
412770,REPSOLOG/TGP SHEDDEN DEHY: RIP 316D,R,receipt,GTH,BRADFORD,PA,Z4,Z4,316,True,REPSOL OIL & GAS USA LLC,,41.791504,-76.502123,census_county_internal_point,county,42015,Bradford County,km_tgp_locations:1787939514021564000:470a5ca9ff1632ccbae5df41106523761d4ea1990719dabdb968f31231c16847,census_county_gazetteer:1787939514135521000:4c90d0f805779923b5958ab13d0c1e9b99fe4932b786bfcf75dd739bb2dcb4ea,2026-08-28T17:51:54.021564Z
412818,REPSOLOG/TGP SHEDDEN II DEHY: RIP 3,R,receipt,GTH,BRADFORD,PA,Z4,Z4,316,True,REPSOL OIL & GAS USA LLC,,41.791504,-76.502123,census_county_internal_point,county,42015,Bradford County,km_tgp_locations:1787939514021564000:470a5ca9ff1632ccbae5df41106523761d4ea1990719dabdb968f31231c16847,census_county_gazetteer:1787939514135521000:4c90d0f805779923b5958ab13d0c1e9b99fe4932b786bfcf75dd739bb2dcb4ea,2026-08-28T17:51:54.021564Z
412833,REPSOLOG/TGP SILVARA DEHY: RIP 319F,R,receipt,GTH,BRADFORD,PA,Z4,Z4,394,True,REPSOL OIL & GAS USA LLC,,41.791504,-76.502123,census_county_internal_point,county,42015,Bradford County,km_tgp_locations:1787939514021564000:470a5ca9ff1632ccbae5df41106523761d4ea1990719dabdb968f31231c16847,census_county_gazetteer:1787939514135521000:4c90d0f805779923b5958ab13d0c1e9b99fe4932b786bfcf75dd739bb2dcb4ea,2026-08-28T17:51:54.021564Z
421046,STAGEPS/TGP STA 319 OWEGO BRADFORD,B,bidirectional,INT,BRADFORD,PA,Z4,Z4,319,True,STAGECOACH PIPELINE & STORAGE COMPANY LLC,C001683,41.791504,-76.502123,census_county_internal_point,county,42015,Bradford County,km_tgp_locations:1787939514021564000:470a5ca9ff1632ccbae5df41106523761d4ea1990719dabdb968f31231c16847,census_county_gazetteer:1787939514135521000:4c90d0f805779923b5958ab13d0c1e9b99fe4932b786bfcf75dd739bb2dcb4ea,2026-08-28T17:51:54.021564Z
420444,UGI UT/TGP TROY PA BRADFORD,D,delivery,LDC,BRADFORD,PA,Z4,Z4,316,True,UGI UTILITIES INC.,C008951,41.791504,-76.502123,census_county_internal_point,county,42015,Bradford County,km_tgp_locations:1787939514021564000:470a5ca9ff1632ccbae5df41106523761d4ea1990719dabdb968f31231c16847,census_county_gazetteer:1787939514135521000:4c90d0f805779923b5958ab13d0c1e9b99fe4932b786bfcf75dd739bb2dcb4ea,2026-08-28T17:51:54.021564Z
412796,UGITX/TGP SWEENEY DEHY: RIP 316E 10,R,receipt,GTH,BRADFORD,PA,Z4,Z4,316,True,UGI TEXAS CREEK LLC,,41.791504,-76.502123,census_county_internal_point,county,42015,Bradford County,km_tgp_locations:1787939514021564000:470a5ca9ff1632ccbae5df41106523761d4ea1990719dabdb968f31231c16847,census_county_gazetteer:1787939514135521000:4c90d0f805779923b5958ab13d0c1e9b99fe4932b786bfcf75dd739bb2dcb4ea,2026-08-28T17:51:54.021564Z
420216,VALLEY/TGP TOWANDA PA BRADFORD,D,delivery,LDC,BRADFORD,PA,Z4,Z4,317,True,VALLEY ENERGY INC,,41.791504,-76.502123,census_county_internal_point,county,42015,Bradford County,km_tgp_locations:1787939514021564000:470a5ca9ff1632ccbae5df41106523761d4ea1990719dabdb968f31231c16847,census_county_gazetteer:1787939514135521000:4c90d0f805779923b5958ab13d0c1e9b99fe4932b786bfcf75dd739bb2dcb4ea,2026-08-28T17:51:54.021564Z
420087,EGTS/TGP COCHRANTON PA CRAWFORD,D,delivery,INT,CRAWFORD,PA,Z4,Z4,219,True,EASTERN GAS TRANSMISSION AND STORAGE INC.,C000160,41.687876,-80.107795,census_county_internal_point,county,42039,Crawford County,km_tgp_locations:1787939514021564000:470a5ca9ff1632ccbae5df41106523761d4ea1990719dabdb968f31231c16847,census_county_gazetteer:1787939514135521000:4c90d0f805779923b5958ab13d0c1e9b99fe4932b786bfcf75dd739bb2dcb4ea,2026-08-28T17:51:54.021564Z
411870,MKEYGATH/TGP MEADVILLE DEHY CRAWFOR,R,receipt,GTH,CRAWFORD,PA,Z4,Z4,219,True,EMKEY GATHERING LLC,,41.687876,-80.107795,census_county_internal_point,county,42039,Crawford County,km_tgp_locations:1787939514021564000:470a5ca9ff1632ccbae5df41106523761d4ea1990719dabdb968f31231c16847,census_county_gazetteer:1787939514135521000:4c90d0f805779923b5958ab13d0c1e9b99fe4932b786bfcf75dd739bb2dcb4ea,2026-08-28T17:51:54.021564Z
420314,NFG/TGP COCHRANTON PA CRAWFORD,D,delivery,INT,CRAWFORD,PA,Z4,Z4,219,True,NATIONAL FUEL GAS SUPPLY CORP,C000046,41.687876,-80.107795,census_county_internal_point,county,42039,Crawford County,km_tgp_locations:1787939514021564000:470a5ca9ff1632ccbae5df41106523761d4ea1990719dabdb968f31231c16847,census_county_gazetteer:1787939514135521000:4c90d0f805779923b5958ab13d0c1e9b99fe4932b786bfcf75dd739bb2dcb4ea,2026-08-28T17:51:54.021564Z
400483,NFG/TGP PETTIS PA CRAWFORD,D,delivery,INT,CRAWFORD,PA,Z4,Z4,219,True,NATIONAL FUEL GAS SUPPLY CORP,C000046,41.687876,-80.107795,census_county_internal_point,county,42039,Crawford County,km_tgp_locations:1787939514021564000:470a5ca9ff1632ccbae5df41106523761d4ea1990719dabdb968f31231c16847,census_county_gazetteer:1787939514135521000:4c90d0f805779923b5958ab13d0c1e9b99fe4932b786bfcf75dd739bb2dcb4ea,2026-08-28T17:51:54.021564Z
420390,NFG/TGP TOWNVILLE PA CRAWFORD,D,delivery,INT,CRAWFORD,PA,Z4,Z4,219,True,NATIONAL FUEL GAS SUPPLY CORP,C000046,41.687876,-80.107795,census_county_internal_point,county,42039,Crawford County,km_tgp_locations:1787939514021564000:470a5ca9ff1632ccbae5df41106523761d4ea1990719dabdb968f31231c16847,census_county_gazetteer:1787939514135521000:4c90d0f805779923b5958ab13d0c1e9b99fe4932b786bfcf75dd739bb2dcb4ea,2026-08-28T17:51:54.021564Z
411577,OWS ENRG/TGP BIG SANDY DEHY CRAWFOR,R,receipt,GTH,CRAWFORD,PA,Z4,Z4,219,True,OWS ENERGY LLC,,41.687876,-80.107795,census_county_internal_point,county,42039,Crawford County,km_tgp_locations:1787939514021564000:470a5ca9ff1632ccbae5df41106523761d4ea1990719dabdb968f31231c16847,census_county_gazetteer:1787939514135521000:4c90d0f805779923b5958ab13d0c1e9b99fe4932b786bfcf75dd739bb2dcb4ea,2026-08-28T17:51:54.021564Z
412692,PINOAK/TGP MAPLEWOOD DEHYD CRAWFORD,R,receipt,WHD,CRAWFORD,PA,Z4,Z4,219,True,PIN OAK ENERGY PARTNERS LLC,,41.687876,-80.107795,census_county_internal_point,county,42039,Crawford County,km_tgp_locations:1787939514021564000:470a5ca9ff1632ccbae5df41106523761d4ea1990719dabdb968f31231c16847,census_county_gazetteer:1787939514135521000:4c90d0f805779923b5958ab13d0c1e9b99fe4932b786bfcf75dd739bb2dcb4ea,2026-08-28T17:51:54.021564Z
420902,RANGEAPP/TGP CRAWFORD SALES CRAWFOR,D,delivery,LDC,CRAWFORD,PA,Z4,Z4,219,True,RANGE RESOURCES - APPALACHIA LLC,,41.687876,-80.107795,census_county_internal_point,county,42039,Crawford County,km_tgp_locations:1787939514021564000:470a5ca9ff1632ccbae5df41106523761d4ea1990719dabdb968f31231c16847,census_county_gazetteer:1787939514135521000:4c90d0f805779923b5958ab13d0c1e9b99fe4932b786bfcf75dd739bb2dcb4ea,2026-08-28T17:51:54.021564Z
54106,RH ET/TGP HARVEY ROAD CRAWFORD,D,delivery,INT,CRAWFORD,PA,Z4,Z4,219,True,RH ENERGYTRANS LLC,C010305,41.687876,-80.107795,census_county_internal_point,county,42039,Crawford County,km_tgp_locations:1787939514021564000:470a5ca9ff1632ccbae5df41106523761d4ea1990719dabdb968f31231c16847,census_county_gazetteer:1787939514135521000:4c90d0f805779923b5958ab13d0c1e9b99fe4932b786bfcf75dd739bb2dcb4ea,2026-08-28T17:51:54.021564Z
420449,COL GAS/TGP HIGHLAND PA ELK,D,delivery,INT,ELK,PA,Z4,Z4,307,True,COLUMBIA GAS TRANSMISSION LLC,C000306,41.427332,-78.653937,census_county_internal_point,county,42047,Elk County,km_tgp_locations:1787939514021564000:470a5ca9ff1632ccbae5df41106523761d4ea1990719dabdb968f31231c16847,census_county_gazetteer:1787939514135521000:4c90d0f805779923b5958ab13d0c1e9b99fe4932b786bfcf75dd739bb2dcb4ea,2026-08-28T17:51:54.021564Z
420072,NFG/TGP LAMONT PA ELK,D,delivery,INT,ELK,PA,Z4,Z4,307,True,NATIONAL FUEL GAS SUPPLY CORP,C000046,41.427332,-78.653937,census_county_internal_point,county,42047,Elk County,km_tgp_locations:1787939514021564000:470a5ca9ff1632ccbae5df41106523761d4ea1990719dabdb968f31231c16847,census_county_gazetteer:1787939514135521000:4c90d0f805779923b5958ab13d0c1e9b99fe4932b786bfcf75dd739bb2dcb4ea,2026-08-28T17:51:54.021564Z
412826,NFG/TGP LAMONT PA: RIP 308-1 ELK,R,receipt,INT,ELK,PA,Z4,Z4,307,True,NATIONAL FUEL GAS SUPPLY CORP,C000046,41.427332,-78.653937,census_county_internal_point,county,42047,Elk County,km_tgp_locations:1787939514021564000:470a5ca9ff1632ccbae5df41106523761d4ea1990719dabdb968f31231c16847,census_county_gazetteer:1787939514135521000:4c90d0f805779923b5958ab13d0c1e9b99fe4932b786bfcf75dd739bb2dcb4ea,2026-08-28T17:51:54.021564Z
412872,PINOAK/TGP MT. JEWETT: RIP 308C 101,R,receipt,GTH,ELK,PA,Z4,Z4,307,True,PIN OAK ENERGY PARTNERS LLC,,41.427332,-78.653937,census_county_internal_point,county,42047,Elk County,km_tgp_locations:1787939514021564000:470a5ca9ff1632ccbae5df41106523761d4ea1990719dabdb968f31231c16847,census_county_gazetteer:1787939514135521000:4c90d0f805779923b5958ab13d0c1e9b99fe4932b786bfcf75dd739bb2dcb4ea,2026-08-28T17:51:54.021564Z
411387,MKEYGATH/TGP UNION CITY DEHY ERIE,R,receipt,GTH,ERIE,PA,Z4,Z4,219,True,EMKEY GATHERING LLC,,42.117952,-80.096386,census_county_internal_point,county,42049,Erie County,km_tgp_locations:1787939514021564000:470a5ca9ff1632ccbae5df41106523761d4ea1990719dabdb968f31231c16847,census_county_gazetteer:1787939514135521000:4c90d0f805779923b5958ab13d0c1e9b99fe4932b786bfcf75dd739bb2dcb4ea,2026-08-28T17:51:54.021564Z
420200,NFG/TGP UNION CITY PA ERIE,D,delivery,INT,ERIE,PA,Z4,Z4,219,True,NATIONAL FUEL GAS SUPPLY CORP,C000046,42.117952,-80.096386,census_county_internal_point,county,42049,Erie County,km_tgp_locations:1787939514021564000:470a5ca9ff1632ccbae5df41106523761d4ea1990719dabdb968f31231c16847,census_county_gazetteer:1787939514135521000:4c90d0f805779923b5958ab13d0c1e9b99fe4932b786bfcf75dd739bb2dcb4ea,2026-08-28T17:51:54.021564Z
420075,NFG/TGP WATTSBURG PA ERIE,D,delivery,INT,ERIE,PA,Z4,Z4,219,True,NATIONAL FUEL GAS SUPPLY CORP,C000046,42.117952,-80.096386,census_county_internal_point,county,42049,Erie County,km_tgp_locations:1787939514021564000:470a5ca9ff1632ccbae5df41106523761d4ea1990719dabdb968f31231c16847,census_county_gazetteer:1787939514135521000:4c90d0f805779923b5958ab13d0c1e9b99fe4932b786bfcf75dd739bb2dcb4ea,2026-08-28T17:51:54.021564Z
412783,CATLYST/TGP FROST DEHY: RIP 306B FO,R,receipt,WHD,FOREST,PA,Z4,Z4,300,True,CATALYST ENERGY INC.,,41.513304,-79.249705,census_county_internal_point,county,42053,Forest County,km_tgp_locations:1787939514021564000:470a5ca9ff1632ccbae5df41106523761d4ea1990719dabdb968f31231c16847,census_county_gazetteer:1787939514135521000:4c90d0f805779923b5958ab13d0c1e9b99fe4932b786bfcf75dd739bb2dcb4ea,2026-08-28T17:51:54.021564Z
412871,PINOAK/TGP TIONESTA: RIP 304E 101.2,R,receipt,GTH,FOREST,PA,Z4,Z4,300,True,PIN OAK ENERGY PARTNERS LLC,,41.513304,-79.249705,census_county_internal_point,county,42053,Forest County,km_tgp_locations:1787939514021564000:470a5ca9ff1632ccbae5df41106523761d4ea1990719dabdb968f31231c16847,census_county_gazetteer:1787939514135521000:4c90d0f805779923b5958ab13d0c1e9b99fe4932b786bfcf75dd739bb2dcb4ea,2026-08-28T17:51:54.021564Z
420173,UGI UT/TGP MARIENVILLE PA FOREST,D,delivery,LDC,FOREST,PA,Z4,Z4,300,True,UGI UTILITIES INC.,C008951,41.513304,-79.249705,census_county_internal_point,county,42053,Forest County,km_tgp_locations:1787939514021564000:470a5ca9ff1632ccbae5df41106523761d4ea1990719dabdb968f31231c16847,census_county_gazetteer:1787939514135521000:4c90d0f805779923b5958ab13d0c1e9b99fe4932b786bfcf75dd739bb2dcb4ea,2026-08-28T17:51:54.021564Z
420062,COL GAS/TGP NEWCASTLE PA LAWRENCE,D,delivery,INT,LAWRENCE,PA,Z4,Z4,217,True,COLUMBIA GAS TRANSMISSION LLC,C000306,40.992735,-80.334446,census_county_internal_point,county,42073,Lawrence County,km_tgp_locations:1787939514021564000:470a5ca9ff1632ccbae5df41106523761d4ea1990719dabdb968f31231c16847,census_county_gazetteer:1787939514135521000:4c90d0f805779923b5958ab13d0c1e9b99fe4932b786bfcf75dd739bb2dcb4ea,2026-08-28T17:51:54.021564Z
412863,GEOPETRO/TGP LITTLE BEAVER: RIP 217,R,receipt,WHD,LAWRENCE,PA,Z4,Z4,290,True,GEOPETRO LLC,,40.992735,-80.334446,census_county_internal_point,county,42073,Lawrence County,km_tgp_locations:1787939514021564000:470a5ca9ff1632ccbae5df41106523761d4ea1990719dabdb968f31231c16847,census_county_gazetteer:1787939514135521000:4c90d0f805779923b5958ab13d0c1e9b99fe4932b786bfcf75dd739bb2dcb4ea,2026-08-28T17:51:54.021564Z
412873,HEC/TGP PULASKI: RIP 217C 101.3 LAW,R,receipt,WHD,LAWRENCE,PA,Z4,Z4,217,True,HILCORP ENERGY COMPANY,,40.992735,-80.334446,census_county_internal_point,county,42073,Lawrence County,km_tgp_locations:1787939514021564000:470a5ca9ff1632ccbae5df41106523761d4ea1990719dabdb968f31231c16847,census_county_gazetteer:1787939514135521000:4c90d0f805779923b5958ab13d0c1e9b99fe4932b786bfcf75dd739bb2dcb4ea,2026-08-28T17:51:54.021564Z
48939,HERITAGE/TGP MT JACKSON SALES LAWRE,D,delivery,EGN,LAWRENCE,PA,Z4,Z4,290,True,REORGANIZED HERITAGE TOPCO LLC,,40.992735,-80.334446,census_county_internal_point,county,42073,Lawrence County,km_tgp_locations:1787939514021564000:470a5ca9ff1632ccbae5df41106523761d4ea1990719dabdb968f31231c16847,census_county_gazetteer:1787939514135521000:4c90d0f805779923b5958ab13d0c1e9b99fe4932b786bfcf75dd739bb2dcb4ea,2026-08-28T17:51:54.021564Z
50789,HICKORYR/TGP MOHAWK ROAD POWER PLT,D,delivery,EGN,LAWRENCE,PA,Z4,Z4,217,True,HICKORY RUN ENERGY LLC,,40.992735,-80.334446,census_county_internal_point,county,42073,Lawrence County,km_tgp_locations:1787939514021564000:470a5ca9ff1632ccbae5df41106523761d4ea1990719dabdb968f31231c16847,census_county_gazetteer:1787939514135521000:4c90d0f805779923b5958ab13d0c1e9b99fe4932b786bfcf75dd739bb2dcb4ea,2026-08-28T17:51:54.021564Z
50561,UGIAPP/TGP MARTIN RECEIPT NEW CASTL,R,receipt,WHD,LAWRENCE,PA,Z4,Z4,217,True,UGI APPALACHIA LLC,,40.992735,-80.334446,census_county_internal_point,county,42073,Lawrence County,km_tgp_locations:1787939514021564000:470a5ca9ff1632ccbae5df41106523761d4ea1990719dabdb968f31231c16847,census_county_gazetteer:1787939514135521000:4c90d0f805779923b5958ab13d0c1e9b99fe4932b786bfcf75dd739bb2dcb4ea,2026-08-28T17:51:54.021564Z
48992,UGIAPP/TGP MCCLELLAND LAWRENCE,R,receipt,WHD,LAWRENCE,PA,Z4,Z4,217,True,UGI APPALACHIA LLC,,40.992735,-80.334446,census_county_internal_point,county,42073,Lawrence County,km_tgp_locations:1787939514021564000:470a5ca9ff1632ccbae5df41106523761d4ea1990719dabdb968f31231c16847,census_county_gazetteer:1787939514135521000:4c90d0f805779923b5958ab13d0c1e9b99fe4932b786bfcf75dd739bb2dcb4ea,2026-08-28T17:51:54.021564Z
420831,ARDAGHGR/TGP BALL GLASS SALES MC KE,D,delivery,END,MC KEAN,PA,Z4,Z4,307,True,ARDAGH GLASS INC.,,41.81459,-78.572463,census_county_internal_point,county,42083,McKean County,km_tgp_locations:1787939514021564000:470a5ca9ff1632ccbae5df41106523761d4ea1990719dabdb968f31231c16847,census_county_gazetteer:1787939514135521000:4c90d0f805779923b5958ab13d0c1e9b99fe4932b786bfcf75dd739bb2dcb4ea,2026-08-28T17:51:54.021564Z
412689,MM ROYAL/TGP MANTZ MC KEAN,R,receipt,WHD,MC KEAN,PA,Z4,Z4,307,True,M&M ROYALTY LTD,,41.81459,-78.572463,census_county_internal_point,county,42083,McKean County,km_tgp_locations:1787939514021564000:470a5ca9ff1632ccbae5df41106523761d4ea1990719dabdb968f31231c16847,census_county_gazetteer:1787939514135521000:4c90d0f805779923b5958ab13d0c1e9b99fe4932b786bfcf75dd739bb2dcb4ea,2026-08-28T17:51:54.021564Z
412670,MM ROYAL/TGP MCKEAN MC KEAN,R,receipt,WHD,MC KEAN,PA,Z4,Z4,307,True,M&M ROYALTY LTD,,41.81459,-78.572463,census_county_internal_point,county,42083,McKean County,km_tgp_locations:1787939514021564000:470a5ca9ff1632ccbae5df41106523761d4ea1990719dabdb968f31231c16847,census_county_gazetteer:1787939514135521000:4c90d0f805779923b5958ab13d0c1e9b99fe4932b786bfcf75dd739bb2dcb4ea,2026-08-28T17:51:54.021564Z
50512,NFG/TGP CROSBY DELIVERY MC KEAN,D,delivery,INT,MC KEAN,PA,Z4,Z4,307,True,NATIONAL FUEL GAS SUPPLY CORP,C000046,41.81459,-78.572463,census_county_internal_point,county,42083,McKean County,km_tgp_locations:1787939514021564000:470a5ca9ff1632ccbae5df41106523761d4ea1990719dabdb968f31231c16847,census_county_gazetteer:1787939514135521000:4c90d0f805779923b5958ab13d0c1e9b99fe4932b786bfcf75dd739bb2dcb4ea,2026-08-28T17:51:54.021564Z
47743,NFGMIDCL/TGP CLERMONT #2 MC KEAN,R,receipt,GTH,MC KEAN,PA,Z4,Z4,307,True,NFG MIDSTREAM CLERMONT LLC,,41.81459,-78.572463,census_county_internal_point,county,42083,McKean County,km_tgp_locations:1787939514021564000:470a5ca9ff1632ccbae5df41106523761d4ea1990719dabdb968f31231c16847,census_county_gazetteer:1787939514135521000:4c90d0f805779923b5958ab13d0c1e9b99fe4932b786bfcf75dd739bb2dcb4ea,2026-08-28T17:51:54.021564Z
412808,NFGMIDCL/TGP CLERMONT DEHY: RIP 310,R,receipt,GTH,MC KEAN,PA,Z4,Z4,307,True,NFG MIDSTREAM CLERMONT LLC,,41.81459,-78.572463,census_county_internal_point,county,42083,McKean County,km_tgp_locations:1787939514021564000:470a5ca9ff1632ccbae5df41106523761d4ea1990719dabdb968f31231c16847,census_county_gazetteer:1787939514135521000:4c90d0f805779923b5958ab13d0c1e9b99fe4932b786bfcf75dd739bb2dcb4ea,2026-08-28T17:51:54.021564Z
412805,PA GNRL/TGP WHITE HOLLOW DEHY:RIP 3,R,receipt,WHD,MC KEAN,PA,Z4,Z4,307,True,PENNSYLVANIA GENERAL ENERGY COMPANY L.L.C.,,41.81459,-78.572463,census_county_internal_point,county,42083,McKean County,km_tgp_locations:1787939514021564000:470a5ca9ff1632ccbae5df41106523761d4ea1990719dabdb968f31231c16847,census_county_gazetteer:1787939514135521000:4c90d0f805779923b5958ab13d0c1e9b99fe4932b786bfcf75dd739bb2dcb4ea,2026-08-28T17:51:54.021564Z
420717,PITTCORN/TGP PITTSBURGH CORNING SAL,D,delivery,END,MC KEAN,PA,Z4,Z4,307,True,PITTSBURGH CORNING LLC,,41.81459,-78.572463,census_county_internal_point,county,42083,McKean County,km_tgp_locations:1787939514021564000:470a5ca9ff1632ccbae5df41106523761d4ea1990719dabdb968f31231c16847,census_county_gazetteer:1787939514135521000:4c90d0f805779923b5958ab13d0c1e9b99fe4932b786bfcf75dd739bb2dcb4ea,2026-08-28T17:51:54.021564Z
412840,SMERSET/TGP UDP IRONS HOLLOW DEHY:,R,receipt,GTH,MC KEAN,PA,Z4,Z4,307,True,SOMERSET GAS GATHERING OF PENNSYLVANIA LLC,,41.81459,-78.572463,census_county_internal_point,county,42083,McKean County,km_tgp_locations:1787939514021564000:470a5ca9ff1632ccbae5df41106523761d4ea1990719dabdb968f31231c16847,census_county_gazetteer:1787939514135521000:4c90d0f805779923b5958ab13d0c1e9b99fe4932b786bfcf75dd739bb2dcb4ea,2026-08-28T17:51:54.021564Z
420315,UGI UT/TGP PORT ALLEGANY PA MC KEAN,D,delivery,LDC,MC KEAN,PA,Z4,Z4,307,True,UGI UTILITIES INC.,C008951,41.81459,-78.572463,census_county_internal_point,county,42083,McKean County,km_tgp_locations:1787939514021564000:470a5ca9ff1632ccbae5df41106523761d4ea1990719dabdb968f31231c16847,census_county_gazetteer:1787939514135521000:4c90d0f805779923b5958ab13d0c1e9b99fe4932b786bfcf75dd739bb2dcb4ea,2026-08-28T17:51:54.021564Z
412609,DIV PROD/TGP LAKE WILHELM MERCER,R,receipt,GTH,MERCER,PA,Z4,Z4,219,True,DIVERSIFIED PRODUCTION LLC,,41.300014,-80.252786,census_county_internal_point,county,42085,Mercer County,km_tgp_locations:1787939514021564000:470a5ca9ff1632ccbae5df41106523761d4ea1990719dabdb968f31231c16847,census_county_gazetteer:1787939514135521000:4c90d0f805779923b5958ab13d0c1e9b99fe4932b786bfcf75dd739bb2dcb4ea,2026-08-28T17:51:54.021564Z
420767,NFG/TGP CAMP PERRY SALES MERCER,D,delivery,INT,MERCER,PA,Z4,Z4,219,True,NATIONAL FUEL GAS SUPPLY CORP,C000046,41.300014,-80.252786,census_county_internal_point,county,42085,Mercer County,km_tgp_locations:1787939514021564000:470a5ca9ff1632ccbae5df41106523761d4ea1990719dabdb968f31231c16847,census_county_gazetteer:1787939514135521000:4c90d0f805779923b5958ab13d0c1e9b99fe4932b786bfcf75dd739bb2dcb4ea,2026-08-28T17:51:54.021564Z
420069,NFG/TGP MERCER PA MERCER,D,delivery,INT,MERCER,PA,Z4,Z4,219,True,NATIONAL FUEL GAS SUPPLY CORP,C000046,41.300014,-80.252786,census_county_internal_point,county,42085,Mercer County,km_tgp_locations:1787939514021564000:470a5ca9ff1632ccbae5df41106523761d4ea1990719dabdb968f31231c16847,census_county_gazetteer:1787939514135521000:4c90d0f805779923b5958ab13d0c1e9b99fe4932b786bfcf75dd739bb2dcb4ea,2026-08-28T17:51:54.021564Z
412888,NFG/TGP MERCER RECEIPT MERCER,R,receipt,INT,MERCER,PA,Z4,Z4,217,True,NATIONAL FUEL GAS SUPPLY CORP,C000046,41.300014,-80.252786,census_county_internal_point,county,42085,Mercer County,km_tgp_locations:1787939514021564000:470a5ca9ff1632ccbae5df41106523761d4ea1990719dabdb968f31231c16847,census_county_gazetteer:1787939514135521000:4c90d0f805779923b5958ab13d0c1e9b99fe4932b786bfcf75dd739bb2dcb4ea,2026-08-28T17:51:54.021564Z
420496,NFG/TGP SHARON PA MERCER,D,delivery,INT,MERCER,PA,Z4,Z4,217,True,NATIONAL FUEL GAS SUPPLY CORP,C000046,41.300014,-80.252786,census_county_internal_point,county,42085,Mercer County,km_tgp_locations:1787939514021564000:470a5ca9ff1632ccbae5df41106523761d4ea1990719dabdb968f31231c16847,census_county_gazetteer:1787939514135521000:4c90d0f805779923b5958ab13d0c1e9b99fe4932b786bfcf75dd739bb2dcb4ea,2026-08-28T17:51:54.021564Z
55600,PCG POOL - ZN 4 200 LEG,B,bidirectional,PPT,MERCER,PA,Z4,Z4,217,False,,,41.300014,-80.252786,census_county_internal_point,county,42085,Mercer County,km_tgp_locations:1787939514021564000:470a5ca9ff1632ccbae5df41106523761d4ea1990719dabdb968f31231c16847,census_county_gazetteer:1787939514135521000:4c90d0f805779923b5958ab13d0c1e9b99fe4932b786bfcf75dd739bb2dcb4ea,2026-08-28T17:51:54.021564Z
420542,PEOPLES/TGP PULASKI SALES MERCER,D,delivery,LDC,MERCER,PA,Z4,Z4,217,True,PEOPLES NATURAL GAS COMPANY,C002105,41.300014,-80.252786,census_county_internal_point,county,42085,Mercer County,km_tgp_locations:1787939514021564000:470a5ca9ff1632ccbae5df41106523761d4ea1990719dabdb968f31231c16847,census_county_gazetteer:1787939514135521000:4c90d0f805779923b5958ab13d0c1e9b99fe4932b786bfcf75dd739bb2dcb4ea,2026-08-28T17:51:54.021564Z
412464,PINOAK/TGP JACKSON CENTER DEHY MERC,R,receipt,WHD,MERCER,PA,Z4,Z4,219,True,PIN OAK ENERGY PARTNERS LLC,,41.300014,-80.252786,census_county_internal_point,county,42085,Mercer County,km_tgp_locations:1787939514021564000:470a5ca9ff1632ccbae5df41106523761d4ea1990719dabdb968f31231c16847,census_county_gazetteer:1787939514135521000:4c90d0f805779923b5958ab13d0c1e9b99fe4932b786bfcf75dd739bb2dcb4ea,2026-08-28T17:51:54.021564Z
412174,PINOAK/TGP MERCER COUNTY DEHYDRATIO,R,receipt,WHD,MERCER,PA,Z4,Z4,219,True,PIN OAK ENERGY PARTNERS LLC,,41.300014,-80.252786,census_county_internal_point,county,42085,Mercer County,km_tgp_locations:1787939514021564000:470a5ca9ff1632ccbae5df41106523761d4ea1990719dabdb968f31231c16847,census_county_gazetteer:1787939514135521000:4c90d0f805779923b5958ab13d0c1e9b99fe4932b786bfcf75dd739bb2dcb4ea,2026-08-28T17:51:54.021564Z
420867,POOLING PT - 200 LEG - ZONE 4,B,bidirectional,PPT,MERCER,PA,Z4,Z4,217,False,,,41.300014,-80.252786,census_county_internal_point,county,42085,Mercer County,km_tgp_locations:1787939514021564000:470a5ca9ff1632ccbae5df41106523761d4ea1990719dabdb968f31231c16847,census_county_gazetteer:1787939514135521000:4c90d0f805779923b5958ab13d0c1e9b99fe4932b786bfcf75dd739bb2dcb4ea,2026-08-28T17:51:54.021564Z
412876,TGP/TGP LACKAWANNOCK: RIP 218D 101.,R,receipt,INT,MERCER,PA,Z4,Z4,217,False,,,41.300014,-80.252786,census_county_internal_point,county,42085,Mercer County,km_tgp_locations:1787939514021564000:470a5ca9ff1632ccbae5df41106523761d4ea1990719dabdb968f31231c16847,census_county_gazetteer:1787939514135521000:4c90d0f805779923b5958ab13d0c1e9b99fe4932b786bfcf75dd739bb2dcb4ea,2026-08-28T17:51:54.021564Z
412259,VISTARES/TGP CLARKS MILLS DEHY MERC,R,receipt,WHD,MERCER,PA,Z4,Z4,219,True,VISTA RESOURCES INC,,41.300014,-80.252786,census_county_internal_point,county,42085,Mercer County,km_tgp_locations:1787939514021564000:470a5ca9ff1632ccbae5df41106523761d4ea1990719dabdb968f31231c16847,census_county_gazetteer:1787939514135521000:4c90d0f805779923b5958ab13d0c1e9b99fe4932b786bfcf75dd739bb2dcb4ea,2026-08-28T17:51:54.021564Z
412554,VISTARES/TGP DEER CREEK RECEIPT MER,R,receipt,WHD,MERCER,PA,Z4,Z4,219,True,VISTA RESOURCES INC.,,41.300014,-80.252786,census_county_internal_point,county,42085,Mercer County,km_tgp_locations:1787939514021564000:470a5ca9ff1632ccbae5df41106523761d4ea1990719dabdb968f31231c16847,census_county_gazetteer:1787939514135521000:4c90d0f805779923b5958ab13d0c1e9b99fe4932b786bfcf75dd739bb2dcb4ea,2026-08-28T17:51:54.021564Z
420811,VISTARES/TGP DEER CREEK SALES MERCE,D,delivery,LDC,MERCER,PA,Z4,Z4,219,True,VISTA RESOURCES INC.,,41.300014,-80.252786,census_county_internal_point,county,42085,Mercer County,km_tgp_locations:1787939514021564000:470a5ca9ff1632ccbae5df41106523761d4ea1990719dabdb968f31231c16847,census_county_gazetteer:1787939514135521000:4c90d0f805779923b5958ab13d0c1e9b99fe4932b786bfcf75dd739bb2dcb4ea,2026-08-28T17:51:54.021564Z
412726,VISTARES/TGP FAIRVIEW DEHY MERCER,R,receipt,WHD,MERCER,PA,Z4,Z4,219,True,VISTA RESOURCES INC.,,41.300014,-80.252786,census_county_internal_point,county,42085,Mercer County,km_tgp_locations:1787939514021564000:470a5ca9ff1632ccbae5df41106523761d4ea1990719dabdb968f31231c16847,census_county_gazetteer:1787939514135521000:4c90d0f805779923b5958ab13d0c1e9b99fe4932b786bfcf75dd739bb2dcb4ea,2026-08-28T17:51:54.021564Z
420245,COL GAS/TGP MILFORD PA BIG PIKE,D,delivery,INT,PIKE,PA,Z4,Z4,321,True,COLUMBIA GAS TRANSMISSION LLC,C000306,41.325949,-75.031514,census_county_internal_point,county,42103,Pike County,km_tgp_locations:1787939514021564000:470a5ca9ff1632ccbae5df41106523761d4ea1990719dabdb968f31231c16847,census_county_gazetteer:1787939514135521000:4c90d0f805779923b5958ab13d0c1e9b99fe4932b786bfcf75dd739bb2dcb4ea,2026-08-28T17:51:54.021564Z
420319,UGI UT/TGP MILFORD PA PIKE,D,delivery,LDC,PIKE,PA,Z4,Z4,321,True,UGI UTILITIES INC.,C008951,41.325949,-75.031514,census_county_internal_point,county,42103,Pike County,km_tgp_locations:1787939514021564000:470a5ca9ff1632ccbae5df41106523761d4ea1990719dabdb968f31231c16847,census_county_gazetteer:1787939514135521000:4c90d0f805779923b5958ab13d0c1e9b99fe4932b786bfcf75dd739bb2dcb4ea,2026-08-28T17:51:54.021564Z
421008,EGTS/TGP CAN EAST TRANSFER POTTER,D,delivery,INT,POTTER,PA,Z4,Z4,396,True,EASTERN GAS TRANSMISSION AND STORAGE INC.,C000160,41.748587,-77.894436,census_county_internal_point,county,42105,Potter County,km_tgp_locations:1787939514021564000:470a5ca9ff1632ccbae5df41106523761d4ea1990719dabdb968f31231c16847,census_county_gazetteer:1787939514135521000:4c90d0f805779923b5958ab13d0c1e9b99fe4932b786bfcf75dd739bb2dcb4ea,2026-08-28T17:51:54.021564Z
460012,EGTS/TGP ELLISBURG INJECTION POTTER,B,bidirectional,INT,POTTER,PA,Z4,Z4,395,True,EASTERN GAS TRANSMISSION AND STORAGE INC.,C000160,41.748587,-77.894436,census_county_internal_point,county,42105,Potter County,km_tgp_locations:1787939514021564000:470a5ca9ff1632ccbae5df41106523761d4ea1990719dabdb968f31231c16847,census_county_gazetteer:1787939514135521000:4c90d0f805779923b5958ab13d0c1e9b99fe4932b786bfcf75dd739bb2dcb4ea,2026-08-28T17:51:54.021564Z
460004,EGTS/TGP HARRISON INJECTION POTTER,B,bidirectional,INT,POTTER,PA,Z4,Z4,399,True,EASTERN GAS TRANSMISSION AND STORAGE INC.,C000160,41.748587,-77.894436,census_county_internal_point,county,42105,Potter County,km_tgp_locations:1787939514021564000:470a5ca9ff1632ccbae5df41106523761d4ea1990719dabdb968f31231c16847,census_county_gazetteer:1787939514135521000:4c90d0f805779923b5958ab13d0c1e9b99fe4932b786bfcf75dd739bb2dcb4ea,2026-08-28T17:51:54.021564Z
56405,GREYLOCK/TGP HERTENBERGER RD WEASLE,R,receipt,WHD,POTTER,PA,Z4,Z4,313,True,GREYLOCK PRODUCTION LLC,,41.748587,-77.894436,census_county_internal_point,county,42105,Potter County,km_tgp_locations:1787939514021564000:470a5ca9ff1632ccbae5df41106523761d4ea1990719dabdb968f31231c16847,census_county_gazetteer:1787939514135521000:4c90d0f805779923b5958ab13d0c1e9b99fe4932b786bfcf75dd739bb2dcb4ea,2026-08-28T17:51:54.021564Z
400485,HEBRON STORAGE INJECTION POTTER,D,delivery,OTH,POTTER,PA,Z4,Z4,398,False,,,41.748587,-77.894436,census_county_internal_point,county,42105,Potter County,km_tgp_locations:1787939514021564000:470a5ca9ff1632ccbae5df41106523761d4ea1990719dabdb968f31231c16847,census_county_gazetteer:1787939514135521000:4c90d0f805779923b5958ab13d0c1e9b99fe4932b786bfcf75dd739bb2dcb4ea,2026-08-28T17:51:54.021564Z
470001,HEBRON STORAGE WITHDRAWAL POTTER,R,receipt,OTH,POTTER,PA,Z4,Z4,398,False,,,41.748587,-77.894436,census_county_internal_point,county,42105,Potter County,km_tgp_locations:1787939514021564000:470a5ca9ff1632ccbae5df41106523761d4ea1990719dabdb968f31231c16847,census_county_gazetteer:1787939514135521000:4c90d0f805779923b5958ab13d0c1e9b99fe4932b786bfcf75dd739bb2dcb4ea,2026-08-28T17:51:54.021564Z
49153,JKLM/TGP VINEYARD POTTER,R,receipt,WHD,POTTER,PA,Z4,Z4,313,True,JKLM ENERGY LLC,,41.748587,-77.894436,census_county_internal_point,county,42105,Potter County,km_tgp_locations:1787939514021564000:470a5ca9ff1632ccbae5df41106523761d4ea1990719dabdb968f31231c16847,census_county_gazetteer:1787939514135521000:4c90d0f805779923b5958ab13d0c1e9b99fe4932b786bfcf75dd739bb2dcb4ea,2026-08-28T17:51:54.021564Z
420527,NFG/TGP ROSE LAKE POTTER,B,bidirectional,INT,POTTER,PA,Z4,Z4,397,True,NATIONAL FUEL GAS SUPPLY CORP,C000046,41.748587,-77.894436,census_county_internal_point,county,42105,Potter County,km_tgp_locations:1787939514021564000:470a5ca9ff1632ccbae5df41106523761d4ea1990719dabdb968f31231c16847,census_county_gazetteer:1787939514135521000:4c90d0f805779923b5958ab13d0c1e9b99fe4932b786bfcf75dd739bb2dcb4ea,2026-08-28T17:51:54.021564Z
412836,PA GNRL/TGP UDP FISK HOLLOW: RIP 31,R,receipt,WHD,POTTER,PA,Z4,Z4,307,True,PENNSYLVANIA GENERAL ENERGY COMPANY L.L.C.,,41.748587,-77.894436,census_county_internal_point,county,42105,Potter County,km_tgp_locations:1787939514021564000:470a5ca9ff1632ccbae5df41106523761d4ea1990719dabdb968f31231c16847,census_county_gazetteer:1787939514135521000:4c90d0f805779923b5958ab13d0c1e9b99fe4932b786bfcf75dd739bb2dcb4ea,2026-08-28T17:51:54.021564Z
55601,PCG POOL - ZN 4 300 LEG,B,bidirectional,PPT,POTTER,PA,Z4,Z4,313,False,,,41.748587,-77.894436,census_county_internal_point,county,42105,Potter County,km_tgp_locations:1787939514021564000:470a5ca9ff1632ccbae5df41106523761d4ea1990719dabdb968f31231c16847,census_county_gazetteer:1787939514135521000:4c90d0f805779923b5958ab13d0c1e9b99fe4932b786bfcf75dd739bb2dcb4ea,2026-08-28T17:51:54.021564Z
420891,POOLING PT - 300 LEG - ZONE 4,B,bidirectional,PPT,POTTER,PA,Z4,Z4,313,False,,,41.748587,-77.894436,census_county_internal_point,county,42105,Potter County,km_tgp_locations:1787939514021564000:470a5ca9ff1632ccbae5df41106523761d4ea1990719dabdb968f31231c16847,census_county_gazetteer:1787939514135521000:4c90d0f805779923b5958ab13d0c1e9b99fe4932b786bfcf75dd739bb2dcb4ea,2026-08-28T17:51:54.021564Z
460018,STORAGE - NORTHERN,B,bidirectional,STR,POTTER,PA,Z4,Z4,313,False,,,41.748587,-77.894436,census_county_internal_point,county,42105,Potter County,km_tgp_locations:1787939514021564000:470a5ca9ff1632ccbae5df41106523761d4ea1990719dabdb968f31231c16847,census_county_gazetteer:1787939514135521000:4c90d0f805779923b5958ab13d0c1e9b99fe4932b786bfcf75dd739bb2dcb4ea,2026-08-28T17:51:54.021564Z
460008,TGP/TGP ELLISBURG INJECTION POTTER,B,bidirectional,INT,POTTER,PA,Z4,Z4,395,False,,,41.748587,-77.894436,census_county_internal_point,county,42105,Potter County,km_tgp_locations:1787939514021564000:470a5ca9ff1632ccbae5df41106523761d4ea1990719dabdb968f31231c16847,census_county_gazetteer:1787939514135521000:4c90d0f805779923b5958ab13d0c1e9b99fe4932b786bfcf75dd739bb2dcb4ea,2026-08-28T17:51:54.021564Z
420770,TGP/TGP POTTER CNTY TRANSPORT POTTE,B,bidirectional,INT,POTTER,PA,Z4,Z4,313,False,,,41.748587,-77.894436,census_county_internal_point,county,42105,Potter County,km_tgp_locations:1787939514021564000:470a5ca9ff1632ccbae5df41106523761d4ea1990719dabdb968f31231c16847,census_county_gazetteer:1787939514135521000:4c90d0f805779923b5958ab13d0c1e9b99fe4932b786bfcf75dd739bb2dcb4ea,2026-08-28T17:51:54.021564Z
420089,UGI UT/TGP WEST BINGHAM PA POTTER,D,delivery,LDC,POTTER,PA,Z4,Z4,307,True,UGI UTILITIES INC.,C008951,41.748587,-77.894436,census_county_internal_point,county,42105,Potter County,km_tgp_locations:1787939514021564000:470a5ca9ff1632ccbae5df41106523761d4ea1990719dabdb968f31231c16847,census_county_gazetteer:1787939514135521000:4c90d0f805779923b5958ab13d0c1e9b99fe4932b786bfcf75dd739bb2dcb4ea,2026-08-28T17:51:54.021564Z
412782,APPLACHA/TGP LOTT DEHY: RIP 320D 10,R,receipt,GTH,SUSQUEHANNA,PA,Z4,Z4,320,True,APPALACHIA MIDSTREAM SERVICES LLC,,41.819665,-75.800969,census_county_internal_point,county,42115,Susquehanna County,km_tgp_locations:1787939514021564000:470a5ca9ff1632ccbae5df41106523761d4ea1990719dabdb968f31231c16847,census_county_gazetteer:1787939514135521000:4c90d0f805779923b5958ab13d0c1e9b99fe4932b786bfcf75dd739bb2dcb4ea,2026-08-28T17:51:54.021564Z
50469,APPLACHA/TGP RATTLESNAKE HILL SUSQU,R,receipt,GTH,SUSQUEHANNA,PA,Z4,Z4,394,True,APPALACHIA MIDSTREAM SERVICES LLC,,41.819665,-75.800969,census_county_internal_point,county,42115,Susquehanna County,km_tgp_locations:1787939514021564000:470a5ca9ff1632ccbae5df41106523761d4ea1990719dabdb968f31231c16847,census_county_gazetteer:1787939514135521000:4c90d0f805779923b5958ab13d0c1e9b99fe4932b786bfcf75dd739bb2dcb4ea,2026-08-28T17:51:54.021564Z
412779,APPLACHA/TGP UDP CRON DEHY: RIP 319,R,receipt,GTH,SUSQUEHANNA,PA,Z4,Z4,394,True,APPALACHIA MIDSTREAM SERVICES LLC,,41.819665,-75.800969,census_county_internal_point,county,42115,Susquehanna County,km_tgp_locations:1787939514021564000:470a5ca9ff1632ccbae5df41106523761d4ea1990719dabdb968f31231c16847,census_county_gazetteer:1787939514135521000:4c90d0f805779923b5958ab13d0c1e9b99fe4932b786bfcf75dd739bb2dcb4ea,2026-08-28T17:51:54.021564Z
412846,APPLACHA/TGP UDP SHOEMAKER DEHY: RI,R,receipt,GTH,SUSQUEHANNA,PA,Z4,Z4,394,True,APPALACHIA MIDSTREAM SERVICES LLC,,41.819665,-75.800969,census_county_internal_point,county,42115,Susquehanna County,km_tgp_locations:1787939514021564000:470a5ca9ff1632ccbae5df41106523761d4ea1990719dabdb968f31231c16847,census_county_gazetteer:1787939514135521000:4c90d0f805779923b5958ab13d0c1e9b99fe4932b786bfcf75dd739bb2dcb4ea,2026-08-28T17:51:54.021564Z
412864,BLU/TGP LAKE LOOMIS DEHY: RIP 320T,B,bidirectional,GTH,SUSQUEHANNA,PA,Z4,Z4,320,True,BLUESTONE PIPELINE COMPANY OF PENNSYLVANIA LLC,,41.819665,-75.800969,census_county_internal_point,county,42115,Susquehanna County,km_tgp_locations:1787939514021564000:470a5ca9ff1632ccbae5df41106523761d4ea1990719dabdb968f31231c16847,census_county_gazetteer:1787939514135521000:4c90d0f805779923b5958ab13d0c1e9b99fe4932b786bfcf75dd739bb2dcb4ea,2026-08-28T17:51:54.021564Z
412854,BRDWLK/TGP VALENTINE DEHY: RIP 320P,R,receipt,GTH,SUSQUEHANNA,PA,Z4,Z4,320,True,BOARDWALK FIELD SERVICES LLC,,41.819665,-75.800969,census_county_internal_point,county,42115,Susquehanna County,km_tgp_locations:1787939514021564000:470a5ca9ff1632ccbae5df41106523761d4ea1990719dabdb968f31231c16847,census_county_gazetteer:1787939514135521000:4c90d0f805779923b5958ab13d0c1e9b99fe4932b786bfcf75dd739bb2dcb4ea,2026-08-28T17:51:54.021564Z
412821,ETC NEPL/TGP DIMOCK DEHY: RIP 320J,R,receipt,GTH,SUSQUEHANNA,PA,Z4,Z4,320,True,ETC NORTHEAST PIPELINE LLC,,41.819665,-75.800969,census_county_internal_point,county,42115,Susquehanna County,km_tgp_locations:1787939514021564000:470a5ca9ff1632ccbae5df41106523761d4ea1990719dabdb968f31231c16847,census_county_gazetteer:1787939514135521000:4c90d0f805779923b5958ab13d0c1e9b99fe4932b786bfcf75dd739bb2dcb4ea,2026-08-28T17:51:54.021564Z
412845,ETC NEPL/TGP ELK LAKE SUSQUEHANNA,R,receipt,GTH,SUSQUEHANNA,PA,Z4,Z4,320,True,ETC NORTHEAST PIPELINE LLC,,41.819665,-75.800969,census_county_internal_point,county,42115,Susquehanna County,km_tgp_locations:1787939514021564000:470a5ca9ff1632ccbae5df41106523761d4ea1990719dabdb968f31231c16847,census_county_gazetteer:1787939514135521000:4c90d0f805779923b5958ab13d0c1e9b99fe4932b786bfcf75dd739bb2dcb4ea,2026-08-28T17:51:54.021564Z
412794,ETC NEPL/TGP KORBAN DEHY:RIP 320E S,R,receipt,GTH,SUSQUEHANNA,PA,Z4,Z4,320,True,ETC NORTHEAST PIPELINE LLC,,41.819665,-75.800969,census_county_internal_point,county,42115,Susquehanna County,km_tgp_locations:1787939514021564000:470a5ca9ff1632ccbae5df41106523761d4ea1990719dabdb968f31231c16847,census_county_gazetteer:1787939514135521000:4c90d0f805779923b5958ab13d0c1e9b99fe4932b786bfcf75dd739bb2dcb4ea,2026-08-28T17:51:54.021564Z
412835,SEPCO/TGP KATIE DEHY: RIP 319G 101.,R,receipt,GTH,SUSQUEHANNA,PA,Z4,Z4,394,True,SOUTHWESTERN ENERGY PRODUCTION COMPANY,,41.819665,-75.800969,census_county_internal_point,county,42115,Susquehanna County,km_tgp_locations:1787939514021564000:470a5ca9ff1632ccbae5df41106523761d4ea1990719dabdb968f31231c16847,census_county_gazetteer:1787939514135521000:4c90d0f805779923b5958ab13d0c1e9b99fe4932b786bfcf75dd739bb2dcb4ea,2026-08-28T17:51:54.021564Z
420443,UGI UT/TGP AUBURN PA SUSQUEHANNA,D,delivery,LDC,SUSQUEHANNA,PA,Z4,Z4,394,True,UGI UTILITIES INC.,C008951,41.819665,-75.800969,census_county_internal_point,county,42115,Susquehanna County,km_tgp_locations:1787939514021564000:470a5ca9ff1632ccbae5df41106523761d4ea1990719dabdb968f31231c16847,census_county_gazetteer:1787939514135521000:4c90d0f805779923b5958ab13d0c1e9b99fe4932b786bfcf75dd739bb2dcb4ea,2026-08-28T17:51:54.021564Z
420203,UGI UT/TGP UNIONDALE PA SUSQUEHANNA,D,delivery,LDC,SUSQUEHANNA,PA,Z4,Z4,321,True,UGI UTILITIES INC.,C008951,41.819665,-75.800969,census_county_internal_point,county,42115,Susquehanna County,km_tgp_locations:1787939514021564000:470a5ca9ff1632ccbae5df41106523761d4ea1990719dabdb968f31231c16847,census_county_gazetteer:1787939514135521000:4c90d0f805779923b5958ab13d0c1e9b99fe4932b786bfcf75dd739bb2dcb4ea,2026-08-28T17:51:54.021564Z
412841,UGI/TGP UDP AUBURN DEHY: RIP 320 1,R,receipt,INT,SUSQUEHANNA,PA,Z4,Z4,320,True,UGI ENERGY SERVICES LLC,,41.819665,-75.800969,census_county_internal_point,county,42115,Susquehanna County,km_tgp_locations:1787939514021564000:470a5ca9ff1632ccbae5df41106523761d4ea1990719dabdb968f31231c16847,census_county_gazetteer:1787939514135521000:4c90d0f805779923b5958ab13d0c1e9b99fe4932b786bfcf75dd739bb2dcb4ea,2026-08-28T17:51:54.021564Z
49832,WFS/TGP MACNEW METER STATION SUSQUE,R,receipt,GTH,SUSQUEHANNA,PA,Z4,Z4,320,True,WILLIAMS FIELD SERVICES COMPANY LLC,,41.819665,-75.800969,census_county_internal_point,county,42115,Susquehanna County,km_tgp_locations:1787939514021564000:470a5ca9ff1632ccbae5df41106523761d4ea1990719dabdb968f31231c16847,census_county_gazetteer:1787939514135521000:4c90d0f805779923b5958ab13d0c1e9b99fe4932b786bfcf75dd739bb2dcb4ea,2026-08-28T17:51:54.021564Z
412866,WFS/TGP SHIELDS: RIP 320 1 4.79 SUS,R,receipt,GTH,SUSQUEHANNA,PA,Z4,Z4,320,True,WILLIAMS FIELD SERVICES COMPANY LLC,,41.819665,-75.800969,census_county_internal_point,county,42115,Susquehanna County,km_tgp_locations:1787939514021564000:470a5ca9ff1632ccbae5df41106523761d4ea1990719dabdb968f31231c16847,census_county_gazetteer:1787939514135521000:4c90d0f805779923b5958ab13d0c1e9b99fe4932b786bfcf75dd739bb2dcb4ea,2026-08-28T17:51:54.021564Z
47768,WFS/TGP UDP GIBSON SUSQUEHANNA,R,receipt,GTH,SUSQUEHANNA,PA,Z4,Z4,321,True,WILLIAMS FIELD SERVICES COMPANY LLC,,41.819665,-75.800969,census_county_internal_point,county,42115,Susquehanna County,km_tgp_locations:1787939514021564000:470a5ca9ff1632ccbae5df41106523761d4ea1990719dabdb968f31231c16847,census_county_gazetteer:1787939514135521000:4c90d0f805779923b5958ab13d0c1e9b99fe4932b786bfcf75dd739bb2dcb4ea,2026-08-28T17:51:54.021564Z
412751,WFS/TGP UDP HOP BOTTOM DEHY: RIP 32,R,receipt,GTH,SUSQUEHANNA,PA,Z4,Z4,320,True,WILLIAMS FIELD SERVICES COMPANY LLC,,41.819665,-75.800969,census_county_internal_point,county,42115,Susquehanna County,km_tgp_locations:1787939514021564000:470a5ca9ff1632ccbae5df41106523761d4ea1990719dabdb968f31231c16847,census_county_gazetteer:1787939514135521000:4c90d0f805779923b5958ab13d0c1e9b99fe4932b786bfcf75dd739bb2dcb4ea,2026-08-28T17:51:54.021564Z
412793,WFS/TGP UDP SPRINGVILLE DEHY: RIP 3,R,receipt,GTH,SUSQUEHANNA,PA,Z4,Z4,320,True,WILLIAMS FIELD SERVICES COMPANY LLC,,41.819665,-75.800969,census_county_internal_point,county,42115,Susquehanna County,km_tgp_locations:1787939514021564000:470a5ca9ff1632ccbae5df41106523761d4ea1990719dabdb968f31231c16847,census_county_gazetteer:1787939514135521000:4c90d0f805779923b5958ab13d0c1e9b99fe4932b786bfcf75dd739bb2dcb4ea,2026-08-28T17:51:54.021564Z
412778,WFS/TGP UDP TEEL DEHY: RIP 320H 101,R,receipt,GTH,SUSQUEHANNA,PA,Z4,Z4,320,True,WILLIAMS FIELD SERVICES COMPANY LLC,,41.819665,-75.800969,census_county_internal_point,county,42115,Susquehanna County,km_tgp_locations:1787939514021564000:470a5ca9ff1632ccbae5df41106523761d4ea1990719dabdb968f31231c16847,census_county_gazetteer:1787939514135521000:4c90d0f805779923b5958ab13d0c1e9b99fe4932b786bfcf75dd739bb2dcb4ea,2026-08-28T17:51:54.021564Z
412855,WFS/TGP UDP ZICK DEHY: RIP 320L 101,R,receipt,GTH,SUSQUEHANNA,PA,Z4,Z4,320,True,WILLIAMS FIELD SERVICES COMPANY LLC,,41.819665,-75.800969,census_county_internal_point,county,42115,Susquehanna County,km_tgp_locations:1787939514021564000:470a5ca9ff1632ccbae5df41106523761d4ea1990719dabdb968f31231c16847,census_county_gazetteer:1787939514135521000:4c90d0f805779923b5958ab13d0c1e9b99fe4932b786bfcf75dd739bb2dcb4ea,2026-08-28T17:51:54.021564Z
412858,DIV PROD/TGP MASON DEHY: RIP 315F 1,R,receipt,GTH,TIOGA,PA,Z4,Z4,315,True,DIVERSIFIED PRODUCTION LLC,,41.766858,-77.257288,census_county_internal_point,county,42117,Tioga County,km_tgp_locations:1787939514021564000:470a5ca9ff1632ccbae5df41106523761d4ea1990719dabdb968f31231c16847,census_county_gazetteer:1787939514135521000:4c90d0f805779923b5958ab13d0c1e9b99fe4932b786bfcf75dd739bb2dcb4ea,2026-08-28T17:51:54.021564Z
420914,EGTS/TGP SABINSVILLE DELIVERY TIOGA,D,delivery,INT,TIOGA,PA,Z4,Z4,314,True,EASTERN GAS TRANSMISSION AND STORAGE INC.,C000160,41.766858,-77.257288,census_county_internal_point,county,42117,Tioga County,km_tgp_locations:1787939514021564000:470a5ca9ff1632ccbae5df41106523761d4ea1990719dabdb968f31231c16847,census_county_gazetteer:1787939514135521000:4c90d0f805779923b5958ab13d0c1e9b99fe4932b786bfcf75dd739bb2dcb4ea,2026-08-28T17:51:54.021564Z
49846,ETC NEPL/TGP DUNKLEBERGER TIOGA,R,receipt,WHD,TIOGA,PA,Z4,Z4,316,True,ETC NORTHEAST PIPELINE LLC,,41.766858,-77.257288,census_county_internal_point,county,42117,Tioga County,km_tgp_locations:1787939514021564000:470a5ca9ff1632ccbae5df41106523761d4ea1990719dabdb968f31231c16847,census_county_gazetteer:1787939514135521000:4c90d0f805779923b5958ab13d0c1e9b99fe4932b786bfcf75dd739bb2dcb4ea,2026-08-28T17:51:54.021564Z
57221,MAINESBG/TGP MONARCH HEMLOCK RD REC,R,receipt,GTH,TIOGA,PA,Z4,Z4,316,True,MAINESBURG GS LP,,41.766858,-77.257288,census_county_internal_point,county,42117,Tioga County,km_tgp_locations:1787939514021564000:470a5ca9ff1632ccbae5df41106523761d4ea1990719dabdb968f31231c16847,census_county_gazetteer:1787939514135521000:4c90d0f805779923b5958ab13d0c1e9b99fe4932b786bfcf75dd739bb2dcb4ea,2026-08-28T17:51:54.021564Z
412822,MAINESBG/TGP UDP HEMLOCK HILL II DE,R,receipt,GTH,TIOGA,PA,Z4,Z4,316,True,MAINESBURG GS LP,,41.766858,-77.257288,census_county_internal_point,county,42117,Tioga County,km_tgp_locations:1787939514021564000:470a5ca9ff1632ccbae5df41106523761d4ea1990719dabdb968f31231c16847,census_county_gazetteer:1787939514135521000:4c90d0f805779923b5958ab13d0c1e9b99fe4932b786bfcf75dd739bb2dcb4ea,2026-08-28T17:51:54.021564Z
49204,NFG/TGP BALDWIN RUN TIOGA,R,receipt,GTH,TIOGA,PA,Z4,Z4,314,True,NFG MIDSTREAM COVINGTON LLC,,41.766858,-77.257288,census_county_internal_point,county,42117,Tioga County,km_tgp_locations:1787939514021564000:470a5ca9ff1632ccbae5df41106523761d4ea1990719dabdb968f31231c16847,census_county_gazetteer:1787939514135521000:4c90d0f805779923b5958ab13d0c1e9b99fe4932b786bfcf75dd739bb2dcb4ea,2026-08-28T17:51:54.021564Z
412781,NFG/TGP HOLLOW ROAD DEHY: RIP 315B,R,receipt,GTH,TIOGA,PA,Z4,Z4,315,True,NFG MIDSTREAM COVINGTON LLC,,41.766858,-77.257288,census_county_internal_point,county,42117,Tioga County,km_tgp_locations:1787939514021564000:470a5ca9ff1632ccbae5df41106523761d4ea1990719dabdb968f31231c16847,census_county_gazetteer:1787939514135521000:4c90d0f805779923b5958ab13d0c1e9b99fe4932b786bfcf75dd739bb2dcb4ea,2026-08-28T17:51:54.021564Z
412811,NFG/TGP MAINESBURG DEHY: RIP 316G T,R,receipt,GTH,TIOGA,PA,Z4,Z4,316,True,NFG MIDSTREAM COVINGTON LLC,,41.766858,-77.257288,census_county_internal_point,county,42117,Tioga County,km_tgp_locations:1787939514021564000:470a5ca9ff1632ccbae5df41106523761d4ea1990719dabdb968f31231c16847,census_county_gazetteer:1787939514135521000:4c90d0f805779923b5958ab13d0c1e9b99fe4932b786bfcf75dd739bb2dcb4ea,2026-08-28T17:51:54.021564Z
412797,NFG/TGP UDP RICHMOND DEHY:RIP 315E,R,receipt,GTH,TIOGA,PA,Z4,Z4,315,True,NFG MIDSTREAM COVINGTON LLC,,41.766858,-77.257288,census_county_internal_point,county,42117,Tioga County,km_tgp_locations:1787939514021564000:470a5ca9ff1632ccbae5df41106523761d4ea1990719dabdb968f31231c16847,census_county_gazetteer:1787939514135521000:4c90d0f805779923b5958ab13d0c1e9b99fe4932b786bfcf75dd739bb2dcb4ea,2026-08-28T17:51:54.021564Z
412791,REPSOLOG/TGP MOUNTAIN RIDGE DEHY: R,R,receipt,GTH,TIOGA,PA,Z4,Z4,316,True,REPSOL OIL & GAS USA LLC,,41.766858,-77.257288,census_county_internal_point,county,42117,Tioga County,km_tgp_locations:1787939514021564000:470a5ca9ff1632ccbae5df41106523761d4ea1990719dabdb968f31231c16847,census_county_gazetteer:1787939514135521000:4c90d0f805779923b5958ab13d0c1e9b99fe4932b786bfcf75dd739bb2dcb4ea,2026-08-28T17:51:54.021564Z
420213,UGI/TGP MANSFIELD PA TIOGA,D,delivery,LDC,TIOGA,PA,Z4,Z4,315,True,UGI STORAGE COMPANY,C002298,41.766858,-77.257288,census_county_internal_point,county,42117,Tioga County,km_tgp_locations:1787939514021564000:470a5ca9ff1632ccbae5df41106523761d4ea1990719dabdb968f31231c16847,census_county_gazetteer:1787939514135521000:4c90d0f805779923b5958ab13d0c1e9b99fe4932b786bfcf75dd739bb2dcb4ea,2026-08-28T17:51:54.021564Z
420253,UGI/TGP WELLSBORO PA TIOGA,D,delivery,LDC,TIOGA,PA,Z4,Z4,314,True,UGI STORAGE COMPANY,C002298,41.766858,-77.257288,census_county_internal_point,county,42117,Tioga County,km_tgp_locations:1787939514021564000:470a5ca9ff1632ccbae5df41106523761d4ea1990719dabdb968f31231c16847,census_county_gazetteer:1787939514135521000:4c90d0f805779923b5958ab13d0c1e9b99fe4932b786bfcf75dd739bb2dcb4ea,2026-08-28T17:51:54.021564Z
412746,VICTORY/TGP HEMLOCK HILL DEHY :RIP,R,receipt,WHD,TIOGA,PA,Z4,Z4,316,True,VICTORY ENERGY CORPORATION,,41.766858,-77.257288,census_county_internal_point,county,42117,Tioga County,km_tgp_locations:1787939514021564000:470a5ca9ff1632ccbae5df41106523761d4ea1990719dabdb968f31231c16847,census_county_gazetteer:1787939514135521000:4c90d0f805779923b5958ab13d0c1e9b99fe4932b786bfcf75dd739bb2dcb4ea,2026-08-28T17:51:54.021564Z
48741,CONSTGEN/TGP HANDSOME LAKE DELIVERY,D,delivery,EGN,VENANGO,PA,Z4,Z4,300,True,CONSTELLATION ENERGY GENERATION LLC,,41.400714,-79.765813,census_county_internal_point,county,42121,Venango County,km_tgp_locations:1787939514021564000:470a5ca9ff1632ccbae5df41106523761d4ea1990719dabdb968f31231c16847,census_county_gazetteer:1787939514135521000:4c90d0f805779923b5958ab13d0c1e9b99fe4932b786bfcf75dd739bb2dcb4ea,2026-08-28T17:51:54.021564Z
420730,NFG/TGP CRANBERRY SMS VENANGO,D,delivery,INT,VENANGO,PA,Z4,Z4,300,True,NATIONAL FUEL GAS SUPPLY CORP,C000046,41.400714,-79.765813,census_county_internal_point,county,42121,Venango County,km_tgp_locations:1787939514021564000:470a5ca9ff1632ccbae5df41106523761d4ea1990719dabdb968f31231c16847,census_county_gazetteer:1787939514135521000:4c90d0f805779923b5958ab13d0c1e9b99fe4932b786bfcf75dd739bb2dcb4ea,2026-08-28T17:51:54.021564Z
412188,OWS ENRG/TGP VENANGO CNTY DEHY VENA,R,receipt,GTH,VENANGO,PA,Z4,Z4,300,True,OWS ENERGY LLC,,41.400714,-79.765813,census_county_internal_point,county,42121,Venango County,km_tgp_locations:1787939514021564000:470a5ca9ff1632ccbae5df41106523761d4ea1990719dabdb968f31231c16847,census_county_gazetteer:1787939514135521000:4c90d0f805779923b5958ab13d0c1e9b99fe4932b786bfcf75dd739bb2dcb4ea,2026-08-28T17:51:54.021564Z
48648,TGP/TGP HANDSOME LAKE LATERAL,B,bidirectional,INT,VENANGO,PA,Z4,Z4,300,False,,,41.400714,-79.765813,census_county_internal_point,county,42121,Venango County,km_tgp_locations:1787939514021564000:470a5ca9ff1632ccbae5df41106523761d4ea1990719dabdb968f31231c16847,census_county_gazetteer:1787939514135521000:4c90d0f805779923b5958ab13d0c1e9b99fe4932b786bfcf75dd739bb2dcb4ea,2026-08-28T17:51:54.021564Z
420335,UGI UT/TGP COAL HILL PA VENANGO,D,delivery,LDC,VENANGO,PA,Z4,Z4,300,True,UGI UTILITIES INC.,C008951,41.400714,-79.765813,census_county_internal_point,county,42121,Venango County,km_tgp_locations:1787939514021564000:470a5ca9ff1632ccbae5df41106523761d4ea1990719dabdb968f31231c16847,census_county_gazetteer:1787939514135521000:4c90d0f805779923b5958ab13d0c1e9b99fe4932b786bfcf75dd739bb2dcb4ea,2026-08-28T17:51:54.021564Z
420277,UGI UT/TGP HONESDALE PA SALES WAYNE,D,delivery,LDC,WAYNE,PA,Z4,Z4,321,True,UGI UTILITIES INC.,C008951,41.646602,-75.292493,census_county_internal_point,county,42127,Wayne County,km_tgp_locations:1787939514021564000:470a5ca9ff1632ccbae5df41106523761d4ea1990719dabdb968f31231c16847,census_county_gazetteer:1787939514135521000:4c90d0f805779923b5958ab13d0c1e9b99fe4932b786bfcf75dd739bb2dcb4ea,2026-08-28T17:51:54.021564Z
421014,UGI/TGP WAYMART WAYNE,D,delivery,LDC,WAYNE,PA,Z4,Z4,321,True,UGI ENERGY SERVICES LLC,,41.646602,-75.292493,census_county_internal_point,county,42127,Wayne County,km_tgp_locations:1787939514021564000:470a5ca9ff1632ccbae5df41106523761d4ea1990719dabdb968f31231c16847,census_county_gazetteer:1787939514135521000:4c90d0f805779923b5958ab13d0c1e9b99fe4932b786bfcf75dd739bb2dcb4ea,2026-08-28T17:51:54.021564Z
420750,NARNGST/TGP CRANSTON SALES PROVIDEN,D,delivery,LDC,PROVIDENCE,RI,Z6,Z6,281,True,THE NARRAGANSETT ELECTRIC COMPANY D/B/A RHODE ISLAND ENERGY,C001660,41.869768,-71.578625,census_county_internal_point,county,44007,Providence County,km_tgp_locations:1787939514021564000:470a5ca9ff1632ccbae5df41106523761d4ea1990719dabdb968f31231c16847,census_county_gazetteer:1787939514135521000:4c90d0f805779923b5958ab13d0c1e9b99fe4932b786bfcf75dd739bb2dcb4ea,2026-08-28T17:51:54.021564Z
420758,NARNGST/TGP LINCOLN SMS PROVIDENCE,D,delivery,LDC,PROVIDENCE,RI,Z6,Z6,281,True,THE NARRAGANSETT ELECTRIC COMPANY D/B/A RHODE ISLAND ENERGY,C001660,41.869768,-71.578625,census_county_internal_point,county,44007,Providence County,km_tgp_locations:1787939514021564000:470a5ca9ff1632ccbae5df41106523761d4ea1990719dabdb968f31231c16847,census_county_gazetteer:1787939514135521000:4c90d0f805779923b5958ab13d0c1e9b99fe4932b786bfcf75dd739bb2dcb4ea,2026-08-28T17:51:54.021564Z
420135,NARNGST/TGP PAWTUCKET RI PROVIDENCE,D,delivery,LDC,PROVIDENCE,RI,Z6,Z6,282,True,THE NARRAGANSETT ELECTRIC COMPANY D/B/A RHODE ISLAND ENERGY,C001660,41.869768,-71.578625,census_county_internal_point,county,44007,Providence County,km_tgp_locations:1787939514021564000:470a5ca9ff1632ccbae5df41106523761d4ea1990719dabdb968f31231c16847,census_county_gazetteer:1787939514135521000:4c90d0f805779923b5958ab13d0c1e9b99fe4932b786bfcf75dd739bb2dcb4ea,2026-08-28T17:51:54.021564Z
420910,NARNGST/TGP SMITHFIELD DELIVERY PRO,D,delivery,LDC,PROVIDENCE,RI,Z6,Z6,281,True,THE NARRAGANSETT ELECTRIC COMPANY D/B/A RHODE ISLAND ENERGY,C001660,41.869768,-71.578625,census_county_internal_point,county,44007,Providence County,km_tgp_locations:1787939514021564000:470a5ca9ff1632ccbae5df41106523761d4ea1990719dabdb968f31231c16847,census_county_gazetteer:1787939514135521000:4c90d0f805779923b5958ab13d0c1e9b99fe4932b786bfcf75dd739bb2dcb4ea,2026-08-28T17:51:54.021564Z
420707,OCEAN ST/TGP PRO,D,delivery,EGN,PROVIDENCE,RI,Z6,Z6,281,True,OCEAN STATE POWER,,41.869768,-71.578625,census_county_internal_point,county,44007,Providence County,km_tgp_locations:1787939514021564000:470a5ca9ff1632ccbae5df41106523761d4ea1990719dabdb968f31231c16847,census_county_gazetteer:1787939514135521000:4c90d0f805779923b5958ab13d0c1e9b99fe4932b786bfcf75dd739bb2dcb4ea,2026-08-28T17:51:54.021564Z
55785,RHOBIO/TGP SCITUATE RNG BUY BACK PR,D,delivery,OTH,PROVIDENCE,RI,Z6,Z6,281,True,RHODE ISLAND BIOENERGY FACILITY LLC,,41.869768,-71.578625,census_county_internal_point,county,44007,Providence County,km_tgp_locations:1787939514021564000:470a5ca9ff1632ccbae5df41106523761d4ea1990719dabdb968f31231c16847,census_county_gazetteer:1787939514135521000:4c90d0f805779923b5958ab13d0c1e9b99fe4932b786bfcf75dd739bb2dcb4ea,2026-08-28T17:51:54.021564Z
55784,RHOBIO/TGP SCITUATE RNG REC PROVIDE,R,receipt,RNG,PROVIDENCE,RI,Z6,Z6,281,True,RHODE ISLAND BIOENERGY FACILITY LLC,,41.869768,-71.578625,census_county_internal_point,county,44007,Providence County,km_tgp_locations:1787939514021564000:470a5ca9ff1632ccbae5df41106523761d4ea1990719dabdb968f31231c16847,census_county_gazetteer:1787939514135521000:4c90d0f805779923b5958ab13d0c1e9b99fe4932b786bfcf75dd739bb2dcb4ea,2026-08-28T17:51:54.021564Z
420926,RISEC/TGP FPLE RISE PROVIDENCE,D,delivery,EGN,PROVIDENCE,RI,Z6,Z6,281,True,RHODE ISLAND STATE ENERGY CENTER LP,,41.869768,-71.578625,census_county_internal_point,county,44007,Providence County,km_tgp_locations:1787939514021564000:470a5ca9ff1632ccbae5df41106523761d4ea1990719dabdb968f31231c16847,census_county_gazetteer:1787939514135521000:4c90d0f805779923b5958ab13d0c1e9b99fe4932b786bfcf75dd739bb2dcb4ea,2026-08-28T17:51:54.021564Z
400467,CLARKSVL/TGP CLARKSVILLE TN CHEATHA,D,delivery,LDC,CHEATHAM,TN,Z1,Z1,163,True,CITY OF CLARKSVILLE TENN GAS AND WATER DEPARTMENT,,36.255169,-87.100808,census_county_internal_point,county,47021,Cheatham County,km_tgp_locations:1787939514021564000:470a5ca9ff1632ccbae5df41106523761d4ea1990719dabdb968f31231c16847,census_county_gazetteer:1787939514135521000:4c90d0f805779923b5958ab13d0c1e9b99fe4932b786bfcf75dd739bb2dcb4ea,2026-08-28T17:51:54.021564Z
420788,DICKSON/TGP KINGSTON SPRINGS SALES,D,delivery,LDC,CHEATHAM,TN,Z1,Z1,860,True,DICKSON GAS AUTHORITY,,36.255169,-87.100808,census_county_internal_point,county,47021,Cheatham County,km_tgp_locations:1787939514021564000:470a5ca9ff1632ccbae5df41106523761d4ea1990719dabdb968f31231c16847,census_county_gazetteer:1787939514135521000:4c90d0f805779923b5958ab13d0c1e9b99fe4932b786bfcf75dd739bb2dcb4ea,2026-08-28T17:51:54.021564Z
420846,SPIR TEN/TGP ASHLAND CITY SALES 2,D,delivery,LDC,CHEATHAM,TN,Z1,Z1,860,True,SPIRE TENNESSEE INC.,,36.255169,-87.100808,census_county_internal_point,county,47021,Cheatham County,km_tgp_locations:1787939514021564000:470a5ca9ff1632ccbae5df41106523761d4ea1990719dabdb968f31231c16847,census_county_gazetteer:1787939514135521000:4c90d0f805779923b5958ab13d0c1e9b99fe4932b786bfcf75dd739bb2dcb4ea,2026-08-28T17:51:54.021564Z
420309,SPIR TEN/TGP ASHLAND TN CHEATHAM,D,delivery,LDC,CHEATHAM,TN,Z1,Z1,163,True,SPIRE TENNESSEE INC.,,36.255169,-87.100808,census_county_internal_point,county,47021,Cheatham County,km_tgp_locations:1787939514021564000:470a5ca9ff1632ccbae5df41106523761d4ea1990719dabdb968f31231c16847,census_county_gazetteer:1787939514135521000:4c90d0f805779923b5958ab13d0c1e9b99fe4932b786bfcf75dd739bb2dcb4ea,2026-08-28T17:51:54.021564Z
420007,SPIR TEN/TGP NASHVILLE TENNESSEE CH,D,delivery,LDC,CHEATHAM,TN,Z1,Z1,163,True,SPIRE TENNESSEE INC.,,36.255169,-87.100808,census_county_internal_point,county,47021,Cheatham County,km_tgp_locations:1787939514021564000:470a5ca9ff1632ccbae5df41106523761d4ea1990719dabdb968f31231c16847,census_county_gazetteer:1787939514135521000:4c90d0f805779923b5958ab13d0c1e9b99fe4932b786bfcf75dd739bb2dcb4ea,2026-08-28T17:51:54.021564Z
420364,D2ENERGY/TGP MILLEDGEVILLE TN CHEST,D,delivery,LDC,CHESTER,TN,Z1,Z1,163,True,D2 ENERGY LLC,,35.420253,-88.611353,census_county_internal_point,county,47023,Chester County,km_tgp_locations:1787939514021564000:470a5ca9ff1632ccbae5df41106523761d4ea1990719dabdb968f31231c16847,census_county_gazetteer:1787939514135521000:4c90d0f805779923b5958ab13d0c1e9b99fe4932b786bfcf75dd739bb2dcb4ea,2026-08-28T17:51:54.021564Z
420840,LEXINGTN/TGP WEST LEXINGTON SALES C,D,delivery,LDC,CHESTER,TN,Z1,Z1,163,True,LEXINGTON GAS SYSTEM,,35.420253,-88.611353,census_county_internal_point,county,47023,Chester County,km_tgp_locations:1787939514021564000:470a5ca9ff1632ccbae5df41106523761d4ea1990719dabdb968f31231c16847,census_county_gazetteer:1787939514135521000:4c90d0f805779923b5958ab13d0c1e9b99fe4932b786bfcf75dd739bb2dcb4ea,2026-08-28T17:51:54.021564Z
420056,LEXINGTN/TGP LEXINGTON TN DECATUR,D,delivery,LDC,DECATUR,TN,Z1,Z1,163,True,LEXINGTON GAS SYSTEM,,35.603136,-88.110292,census_county_internal_point,county,47039,Decatur County,km_tgp_locations:1787939514021564000:470a5ca9ff1632ccbae5df41106523761d4ea1990719dabdb968f31231c16847,census_county_gazetteer:1787939514135521000:4c90d0f805779923b5958ab13d0c1e9b99fe4932b786bfcf75dd739bb2dcb4ea,2026-08-28T17:51:54.021564Z
420055,PARSONS/TGP PARSONS TN DECATUR,D,delivery,LDC,DECATUR,TN,Z1,Z1,163,True,CITY OF PARSONS,,35.603136,-88.110292,census_county_internal_point,county,47039,Decatur County,km_tgp_locations:1787939514021564000:470a5ca9ff1632ccbae5df41106523761d4ea1990719dabdb968f31231c16847,census_county_gazetteer:1787939514135521000:4c90d0f805779923b5958ab13d0c1e9b99fe4932b786bfcf75dd739bb2dcb4ea,2026-08-28T17:51:54.021564Z
420281,CONOCOPH/TGP MCEWEN TN DICKSON,D,delivery,LDC,DICKSON,TN,Z1,Z1,163,True,CONOCOPHILLIPS COMPANY,,36.145533,-87.364155,census_county_internal_point,county,47043,Dickson County,km_tgp_locations:1787939514021564000:470a5ca9ff1632ccbae5df41106523761d4ea1990719dabdb968f31231c16847,census_county_gazetteer:1787939514135521000:4c90d0f805779923b5958ab13d0c1e9b99fe4932b786bfcf75dd739bb2dcb4ea,2026-08-28T17:51:54.021564Z
420379,DICKSON/TGP BURNS TN DICKSON,D,delivery,LDC,DICKSON,TN,Z1,Z1,163,True,DICKSON GAS AUTHORITY,,36.145533,-87.364155,census_county_internal_point,county,47043,Dickson County,km_tgp_locations:1787939514021564000:470a5ca9ff1632ccbae5df41106523761d4ea1990719dabdb968f31231c16847,census_county_gazetteer:1787939514135521000:4c90d0f805779923b5958ab13d0c1e9b99fe4932b786bfcf75dd739bb2dcb4ea,2026-08-28T17:51:54.021564Z
420892,DICKSON/TGP DICKSON CNTY DICKSON,D,delivery,LDC,DICKSON,TN,Z1,Z1,163,True,DICKSON GAS AUTHORITY,,36.145533,-87.364155,census_county_internal_point,county,47043,Dickson County,km_tgp_locations:1787939514021564000:470a5ca9ff1632ccbae5df41106523761d4ea1990719dabdb968f31231c16847,census_county_gazetteer:1787939514135521000:4c90d0f805779923b5958ab13d0c1e9b99fe4932b786bfcf75dd739bb2dcb4ea,2026-08-28T17:51:54.021564Z
420035,DICKSON/TGP DICKSON TN DICKSON,D,delivery,LDC,DICKSON,TN,Z1,Z1,163,True,DICKSON GAS AUTHORITY,,36.145533,-87.364155,census_county_internal_point,county,47043,Dickson County,km_tgp_locations:1787939514021564000:470a5ca9ff1632ccbae5df41106523761d4ea1990719dabdb968f31231c16847,census_county_gazetteer:1787939514135521000:4c90d0f805779923b5958ab13d0c1e9b99fe4932b786bfcf75dd739bb2dcb4ea,2026-08-28T17:51:54.021564Z
420610,SPIR TEN/TGP FAIRVIEW TN DICKSON,D,delivery,LDC,DICKSON,TN,Z1,Z1,860,True,SPIRE TENNESSEE INC.,,36.145533,-87.364155,census_county_internal_point,county,47043,Dickson County,km_tgp_locations:1787939514021564000:470a5ca9ff1632ccbae5df41106523761d4ea1990719dabdb968f31231c16847,census_county_gazetteer:1787939514135521000:4c90d0f805779923b5958ab13d0c1e9b99fe4932b786bfcf75dd739bb2dcb4ea,2026-08-28T17:51:54.021564Z
58181,TGP/TGP CUMBERLAND LATERAL,B,bidirectional,INT,DICKSON,TN,Z1,Z1,163,False,,,36.145533,-87.364155,census_county_internal_point,county,47043,Dickson County,km_tgp_locations:1787939514021564000:470a5ca9ff1632ccbae5df41106523761d4ea1990719dabdb968f31231c16847,census_county_gazetteer:1787939514135521000:4c90d0f805779923b5958ab13d0c1e9b99fe4932b786bfcf75dd739bb2dcb4ea,2026-08-28T17:51:54.021564Z
420054,BOLIVAR/TGP BOLIVAR TN HARDEMAN,D,delivery,LDC,HARDEMAN,TN,Z1,Z1,163,True,CITY OF BOLIVAR,,35.218785,-88.988697,census_county_internal_point,county,47069,Hardeman County,km_tgp_locations:1787939514021564000:470a5ca9ff1632ccbae5df41106523761d4ea1990719dabdb968f31231c16847,census_county_gazetteer:1787939514135521000:4c90d0f805779923b5958ab13d0c1e9b99fe4932b786bfcf75dd739bb2dcb4ea,2026-08-28T17:51:54.021564Z
420378,HRDFAYET/TGP MOSCOW TN HARDEMAN,D,delivery,LDC,HARDEMAN,TN,Z1,Z1,163,True,HARDEMAN FAYETTE UTILITY DISTRICT,,35.218785,-88.988697,census_county_internal_point,county,47069,Hardeman County,km_tgp_locations:1787939514021564000:470a5ca9ff1632ccbae5df41106523761d4ea1990719dabdb968f31231c16847,census_county_gazetteer:1787939514135521000:4c90d0f805779923b5958ab13d0c1e9b99fe4932b786bfcf75dd739bb2dcb4ea,2026-08-28T17:51:54.021564Z
421081,MIDDLETN/TGP MIDDLETON TN: DIP 71 0,D,delivery,LDC,HARDEMAN,TN,Z1,Z1,163,True,CITY OF MIDDLETON GAS SYSTEM,,35.218785,-88.988697,census_county_internal_point,county,47069,Hardeman County,km_tgp_locations:1787939514021564000:470a5ca9ff1632ccbae5df41106523761d4ea1990719dabdb968f31231c16847,census_county_gazetteer:1787939514135521000:4c90d0f805779923b5958ab13d0c1e9b99fe4932b786bfcf75dd739bb2dcb4ea,2026-08-28T17:51:54.021564Z
420219,WALNUT/TGP WALNUT MS HARDEMAN,D,delivery,LDC,HARDEMAN,TN,Z1,Z1,163,True,TOWN OF WALNUT,,35.218785,-88.988697,census_county_internal_point,county,47069,Hardeman County,km_tgp_locations:1787939514021564000:470a5ca9ff1632ccbae5df41106523761d4ea1990719dabdb968f31231c16847,census_county_gazetteer:1787939514135521000:4c90d0f805779923b5958ab13d0c1e9b99fe4932b786bfcf75dd739bb2dcb4ea,2026-08-28T17:51:54.021564Z
420223,SAVANNAH/TGP SAVANNAH TN HARDIN,D,delivery,LDC,HARDIN,TN,Z1,Z1,847,True,SAVANNAH CITY OF,,35.201893,-88.185696,census_county_internal_point,county,47071,Hardin County,km_tgp_locations:1787939514021564000:470a5ca9ff1632ccbae5df41106523761d4ea1990719dabdb968f31231c16847,census_county_gazetteer:1787939514135521000:4c90d0f805779923b5958ab13d0c1e9b99fe4932b786bfcf75dd739bb2dcb4ea,2026-08-28T17:51:54.021564Z
420703,LEXINGTN/TGP SOUTH LEXINGTON TENNES,D,delivery,LDC,HENDERSON,TN,Z1,Z1,163,True,LEXINGTON GAS SYSTEM,,35.653994,-88.387674,census_county_internal_point,county,47077,Henderson County,km_tgp_locations:1787939514021564000:470a5ca9ff1632ccbae5df41106523761d4ea1990719dabdb968f31231c16847,census_county_gazetteer:1787939514135521000:4c90d0f805779923b5958ab13d0c1e9b99fe4932b786bfcf75dd739bb2dcb4ea,2026-08-28T17:51:54.021564Z
420202,WEST TN/TGP SARDIS TN HENDERSON,D,delivery,LDC,HENDERSON,TN,Z1,Z1,163,True,WEST TENNESSEE PUBLIC UTILITY DISTRICT,,35.653994,-88.387674,census_county_internal_point,county,47077,Henderson County,km_tgp_locations:1787939514021564000:470a5ca9ff1632ccbae5df41106523761d4ea1990719dabdb968f31231c16847,census_county_gazetteer:1787939514135521000:4c90d0f805779923b5958ab13d0c1e9b99fe4932b786bfcf75dd739bb2dcb4ea,2026-08-28T17:51:54.021564Z
420643,CENTRVIL/TGP BATES CROSSING HICKMAN,D,delivery,LDC,HICKMAN,TN,Z1,Z1,860,True,CENTERVILLE TOWN OF,,35.802327,-87.467116,census_county_internal_point,county,47081,Hickman County,km_tgp_locations:1787939514021564000:470a5ca9ff1632ccbae5df41106523761d4ea1990719dabdb968f31231c16847,census_county_gazetteer:1787939514135521000:4c90d0f805779923b5958ab13d0c1e9b99fe4932b786bfcf75dd739bb2dcb4ea,2026-08-28T17:51:54.021564Z
420486,CENTRVIL/TGP CENTERVILLE ONLY TN SA,D,delivery,LDC,HICKMAN,TN,Z1,Z1,163,True,CENTERVILLE TOWN OF,,35.802327,-87.467116,census_county_internal_point,county,47081,Hickman County,km_tgp_locations:1787939514021564000:470a5ca9ff1632ccbae5df41106523761d4ea1990719dabdb968f31231c16847,census_county_gazetteer:1787939514135521000:4c90d0f805779923b5958ab13d0c1e9b99fe4932b786bfcf75dd739bb2dcb4ea,2026-08-28T17:51:54.021564Z
420222,CENTRVIL/TGP CENTERVILLE TN HICKMAN,D,delivery,LDC,HICKMAN,TN,Z1,Z1,860,True,CENTERVILLE TOWN OF,,35.802327,-87.467116,census_county_internal_point,county,47081,Hickman County,km_tgp_locations:1787939514021564000:470a5ca9ff1632ccbae5df41106523761d4ea1990719dabdb968f31231c16847,census_county_gazetteer:1787939514135521000:4c90d0f805779923b5958ab13d0c1e9b99fe4932b786bfcf75dd739bb2dcb4ea,2026-08-28T17:51:54.021564Z
420862,CENTRVIL/TGP SHIPPS BEND SALES HICK,D,delivery,LDC,HICKMAN,TN,Z1,Z1,548,True,CENTERVILLE TOWN OF,,35.802327,-87.467116,census_county_internal_point,county,47081,Hickman County,km_tgp_locations:1787939514021564000:470a5ca9ff1632ccbae5df41106523761d4ea1990719dabdb968f31231c16847,census_county_gazetteer:1787939514135521000:4c90d0f805779923b5958ab13d0c1e9b99fe4932b786bfcf75dd739bb2dcb4ea,2026-08-28T17:51:54.021564Z
421016,CENTRVIL/TGP TURNEY PRISON HICKMAN,D,delivery,LDC,HICKMAN,TN,Z1,Z1,163,True,CENTERVILLE TOWN OF,,35.802327,-87.467116,census_county_internal_point,county,47081,Hickman County,km_tgp_locations:1787939514021564000:470a5ca9ff1632ccbae5df41106523761d4ea1990719dabdb968f31231c16847,census_county_gazetteer:1787939514135521000:4c90d0f805779923b5958ab13d0c1e9b99fe4932b786bfcf75dd739bb2dcb4ea,2026-08-28T17:51:54.021564Z
420907,TVA/TGP JOHNSONVILLE HICKMAN,D,delivery,EGN,HICKMAN,TN,Z1,Z1,163,True,TENNESSEE VALLEY AUTHORITY,,35.802327,-87.467116,census_county_internal_point,county,47081,Hickman County,km_tgp_locations:1787939514021564000:470a5ca9ff1632ccbae5df41106523761d4ea1990719dabdb968f31231c16847,census_county_gazetteer:1787939514135521000:4c90d0f805779923b5958ab13d0c1e9b99fe4932b786bfcf75dd739bb2dcb4ea,2026-08-28T17:51:54.021564Z
420896,TVA/TGP TVN JOHNSONVILLE LOW FLOW,D,delivery,END,HICKMAN,TN,Z1,Z1,163,True,TENNESSEE VALLEY AUTHORITY,,35.802327,-87.467116,census_county_internal_point,county,47081,Hickman County,km_tgp_locations:1787939514021564000:470a5ca9ff1632ccbae5df41106523761d4ea1990719dabdb968f31231c16847,census_county_gazetteer:1787939514135521000:4c90d0f805779923b5958ab13d0c1e9b99fe4932b786bfcf75dd739bb2dcb4ea,2026-08-28T17:51:54.021564Z
420241,HOHENWLD/TGP HOHENWALD TN LEWIS,D,delivery,LDC,LEWIS,TN,Z1,Z1,548,True,HOHENWALD CITY OF,,35.523245,-87.496984,census_county_internal_point,county,47101,Lewis County,km_tgp_locations:1787939514021564000:470a5ca9ff1632ccbae5df41106523761d4ea1990719dabdb968f31231c16847,census_county_gazetteer:1787939514135521000:4c90d0f805779923b5958ab13d0c1e9b99fe4932b786bfcf75dd739bb2dcb4ea,2026-08-28T17:51:54.021564Z
420830,BOLIVAR/TGP BOLIVAR TN 2 MC NAIRY,D,delivery,LDC,MC NAIRY,TN,Z1,Z1,163,True,CITY OF BOLIVAR,,35.175375,-88.56374,census_county_internal_point,county,47109,McNairy County,km_tgp_locations:1787939514021564000:470a5ca9ff1632ccbae5df41106523761d4ea1990719dabdb968f31231c16847,census_county_gazetteer:1787939514135521000:4c90d0f805779923b5958ab13d0c1e9b99fe4932b786bfcf75dd739bb2dcb4ea,2026-08-28T17:51:54.021564Z
420761,D2ENERGY/TGP ADAMSVILLE TN MC NAIRY,D,delivery,LDC,MC NAIRY,TN,Z1,Z1,163,True,D2 ENERGY LLC,,35.175375,-88.56374,census_county_internal_point,county,47109,McNairy County,km_tgp_locations:1787939514021564000:470a5ca9ff1632ccbae5df41106523761d4ea1990719dabdb968f31231c16847,census_county_gazetteer:1787939514135521000:4c90d0f805779923b5958ab13d0c1e9b99fe4932b786bfcf75dd739bb2dcb4ea,2026-08-28T17:51:54.021564Z
420836,HENDERSN/TGP HENDERSON 2 MC NAIRY,D,delivery,LDC,MC NAIRY,TN,Z1,Z1,163,True,HENDERSON CITY OF,,35.175375,-88.56374,census_county_internal_point,county,47109,McNairy County,km_tgp_locations:1787939514021564000:470a5ca9ff1632ccbae5df41106523761d4ea1990719dabdb968f31231c16847,census_county_gazetteer:1787939514135521000:4c90d0f805779923b5958ab13d0c1e9b99fe4932b786bfcf75dd739bb2dcb4ea,2026-08-28T17:51:54.021564Z
420849,SELMER/TGP SELMER TN SALES MC NAIRY,D,delivery,LDC,MC NAIRY,TN,Z1,Z1,163,True,SELMER UTILITY DIVISION,,35.175375,-88.56374,census_county_internal_point,county,47109,McNairy County,km_tgp_locations:1787939514021564000:470a5ca9ff1632ccbae5df41106523761d4ea1990719dabdb968f31231c16847,census_county_gazetteer:1787939514135521000:4c90d0f805779923b5958ab13d0c1e9b99fe4932b786bfcf75dd739bb2dcb4ea,2026-08-28T17:51:54.021564Z
420454,/TGP WAVERLEY TN PERRY,D,delivery,LDC,PERRY,TN,Z1,Z1,163,True,HUMPHREYS COUNTY UTILITY DISTRICT,,35.663752,-87.869326,census_county_internal_point,county,47135,Perry County,km_tgp_locations:1787939514021564000:470a5ca9ff1632ccbae5df41106523761d4ea1990719dabdb968f31231c16847,census_county_gazetteer:1787939514135521000:4c90d0f805779923b5958ab13d0c1e9b99fe4932b786bfcf75dd739bb2dcb4ea,2026-08-28T17:51:54.021564Z
420042,ETNG/TGP EAST LOBELVILLE TN PERRY,D,delivery,INT,PERRY,TN,Z1,Z1,163,True,EAST TENNESSEE NATURAL GAS COMPANY,C000085,35.663752,-87.869326,census_county_internal_point,county,47135,Perry County,km_tgp_locations:1787939514021564000:470a5ca9ff1632ccbae5df41106523761d4ea1990719dabdb968f31231c16847,census_county_gazetteer:1787939514135521000:4c90d0f805779923b5958ab13d0c1e9b99fe4932b786bfcf75dd739bb2dcb4ea,2026-08-28T17:51:54.021564Z
420661,LINDEN/TGP LICK CREEK SALES PERRY,D,delivery,LDC,PERRY,TN,Z1,Z1,163,True,LINDEN CITY OF,,35.663752,-87.869326,census_county_internal_point,county,47135,Perry County,km_tgp_locations:1787939514021564000:470a5ca9ff1632ccbae5df41106523761d4ea1990719dabdb968f31231c16847,census_county_gazetteer:1787939514135521000:4c90d0f805779923b5958ab13d0c1e9b99fe4932b786bfcf75dd739bb2dcb4ea,2026-08-28T17:51:54.021564Z
420140,UTILMGMT/TGP LOBELVILLE TN PERRY,D,delivery,LDC,PERRY,TN,Z1,Z1,163,True,UTILITY MANAGEMENT CORPORATION,,35.663752,-87.869326,census_county_internal_point,county,47135,Perry County,km_tgp_locations:1787939514021564000:470a5ca9ff1632ccbae5df41106523761d4ea1990719dabdb968f31231c16847,census_county_gazetteer:1787939514135521000:4c90d0f805779923b5958ab13d0c1e9b99fe4932b786bfcf75dd739bb2dcb4ea,2026-08-28T17:51:54.021564Z
420289,ETNG/TGP GREENBRIER TN 2 (DUAL ROBE,D,delivery,INT,ROBERTSON,TN,Z1,Z1,860,True,EAST TENNESSEE NATURAL GAS COMPANY,C000085,36.524385,-86.872594,census_county_internal_point,county,47147,Robertson County,km_tgp_locations:1787939514021564000:470a5ca9ff1632ccbae5df41106523761d4ea1990719dabdb968f31231c16847,census_county_gazetteer:1787939514135521000:4c90d0f805779923b5958ab13d0c1e9b99fe4932b786bfcf75dd739bb2dcb4ea,2026-08-28T17:51:54.021564Z
420663,PORTLAND/TGP PORTLAND SALES 2 ROBE,D,delivery,LDC,ROBERTSON,TN,Z1,Z1,860,True,PORTLAND TENNESSEE CITY OF,,36.524385,-86.872594,census_county_internal_point,county,47147,Robertson County,km_tgp_locations:1787939514021564000:470a5ca9ff1632ccbae5df41106523761d4ea1990719dabdb968f31231c16847,census_county_gazetteer:1787939514135521000:4c90d0f805779923b5958ab13d0c1e9b99fe4932b786bfcf75dd739bb2dcb4ea,2026-08-28T17:51:54.021564Z
420448,RIDGETOP/TGP RIDGETOP TN ROBERTSON,D,delivery,LDC,ROBERTSON,TN,Z1,Z1,860,True,RIDGETOP NATURAL GAS CITY OF,,36.524385,-86.872594,census_county_internal_point,county,47147,Robertson County,km_tgp_locations:1787939514021564000:470a5ca9ff1632ccbae5df41106523761d4ea1990719dabdb968f31231c16847,census_county_gazetteer:1787939514135521000:4c90d0f805779923b5958ab13d0c1e9b99fe4932b786bfcf75dd739bb2dcb4ea,2026-08-28T17:51:54.021564Z
420753,SPIR TEN/TGP GREEN LUMBER CO. STATI,D,delivery,LDC,ROBERTSON,TN,Z1,Z1,860,True,SPIRE TENNESSEE INC.,,36.524385,-86.872594,census_county_internal_point,county,47147,Robertson County,km_tgp_locations:1787939514021564000:470a5ca9ff1632ccbae5df41106523761d4ea1990719dabdb968f31231c16847,census_county_gazetteer:1787939514135521000:4c90d0f805779923b5958ab13d0c1e9b99fe4932b786bfcf75dd739bb2dcb4ea,2026-08-28T17:51:54.021564Z
420280,SPIR TEN/TGP GREENBRIER SALES ROBER,D,delivery,LDC,ROBERTSON,TN,Z1,Z1,163,True,SPIRE TENNESSEE INC.,,36.524385,-86.872594,census_county_internal_point,county,47147,Robertson County,km_tgp_locations:1787939514021564000:470a5ca9ff1632ccbae5df41106523761d4ea1990719dabdb968f31231c16847,census_county_gazetteer:1787939514135521000:4c90d0f805779923b5958ab13d0c1e9b99fe4932b786bfcf75dd739bb2dcb4ea,2026-08-28T17:51:54.021564Z
420312,SPIR TEN/TGP NASHVILLE TN 2 ROBERT,D,delivery,LDC,ROBERTSON,TN,Z1,Z1,860,True,SPIRE TENNESSEE INC.,,36.524385,-86.872594,census_county_internal_point,county,47147,Robertson County,km_tgp_locations:1787939514021564000:470a5ca9ff1632ccbae5df41106523761d4ea1990719dabdb968f31231c16847,census_county_gazetteer:1787939514135521000:4c90d0f805779923b5958ab13d0c1e9b99fe4932b786bfcf75dd739bb2dcb4ea,2026-08-28T17:51:54.021564Z
420600,SPIR TEN/TGP WHITE HOUSE TN SALES R,D,delivery,LDC,ROBERTSON,TN,Z1,Z1,860,True,SPIRE TENNESSEE INC.,,36.524385,-86.872594,census_county_internal_point,county,47147,Robertson County,km_tgp_locations:1787939514021564000:470a5ca9ff1632ccbae5df41106523761d4ea1990719dabdb968f31231c16847,census_county_gazetteer:1787939514135521000:4c90d0f805779923b5958ab13d0c1e9b99fe4932b786bfcf75dd739bb2dcb4ea,2026-08-28T17:51:54.021564Z
420654,SPRNGFLD/TGP CROSS PLAINS SALES ROB,D,delivery,LDC,ROBERTSON,TN,Z1,Z1,163,True,SPRINGFIELD CITY OF,,36.524385,-86.872594,census_county_internal_point,county,47147,Robertson County,km_tgp_locations:1787939514021564000:470a5ca9ff1632ccbae5df41106523761d4ea1990719dabdb968f31231c16847,census_county_gazetteer:1787939514135521000:4c90d0f805779923b5958ab13d0c1e9b99fe4932b786bfcf75dd739bb2dcb4ea,2026-08-28T17:51:54.021564Z
420653,SPRNGFLD/TGP ROCK SPRINGS SALES ROB,D,delivery,LDC,ROBERTSON,TN,Z1,Z1,163,True,SPRINGFIELD CITY OF,,36.524385,-86.872594,census_county_internal_point,county,47147,Robertson County,km_tgp_locations:1787939514021564000:470a5ca9ff1632ccbae5df41106523761d4ea1990719dabdb968f31231c16847,census_county_gazetteer:1787939514135521000:4c90d0f805779923b5958ab13d0c1e9b99fe4932b786bfcf75dd739bb2dcb4ea,2026-08-28T17:51:54.021564Z
420036,SPRNGFLD/TGP SPRINGFIELD TN ROBERTS,D,delivery,LDC,ROBERTSON,TN,Z1,Z1,163,True,SPRINGFIELD CITY OF,,36.524385,-86.872594,census_county_internal_point,county,47147,Robertson County,km_tgp_locations:1787939514021564000:470a5ca9ff1632ccbae5df41106523761d4ea1990719dabdb968f31231c16847,census_county_gazetteer:1787939514135521000:4c90d0f805779923b5958ab13d0c1e9b99fe4932b786bfcf75dd739bb2dcb4ea,2026-08-28T17:51:54.021564Z
57619,TVA/TGP CUMBERLAND DELIVERY STEWART,D,delivery,EGN,STEWART,TN,Z1,Z1,163,True,TENNESSEE VALLEY AUTHORITY,,36.449545,-87.806244,census_county_internal_point,county,47161,Stewart County,km_tgp_locations:1787939514021564000:470a5ca9ff1632ccbae5df41106523761d4ea1990719dabdb968f31231c16847,census_county_gazetteer:1787939514135521000:4c90d0f805779923b5958ab13d0c1e9b99fe4932b786bfcf75dd739bb2dcb4ea,2026-08-28T17:51:54.021564Z
420852,MIDWSTRN/TGP MGT SMS SUMNER,B,bidirectional,INT,SUMNER,TN,Z1,Z1,860,True,MIDWESTERN GAS TRANSMISSION COMPANY,C000582,36.472423,-86.458405,census_county_internal_point,county,47165,Sumner County,km_tgp_locations:1787939514021564000:470a5ca9ff1632ccbae5df41106523761d4ea1990719dabdb968f31231c16847,census_county_gazetteer:1787939514135521000:4c90d0f805779923b5958ab13d0c1e9b99fe4932b786bfcf75dd739bb2dcb4ea,2026-08-28T17:51:54.021564Z
420828,POOLING PT - STA. 87 - ZONE 1,B,bidirectional,PPT,SUMNER,TN,Z1,Z1,860,False,,,36.472423,-86.458405,census_county_internal_point,county,47165,Sumner County,km_tgp_locations:1787939514021564000:470a5ca9ff1632ccbae5df41106523761d4ea1990719dabdb968f31231c16847,census_county_gazetteer:1787939514135521000:4c90d0f805779923b5958ab13d0c1e9b99fe4932b786bfcf75dd739bb2dcb4ea,2026-08-28T17:51:54.021564Z
420033,PORTLAND/TGP PORTLAND TN SUMNER,D,delivery,LDC,SUMNER,TN,Z1,Z1,860,True,PORTLAND TENNESSEE CITY OF,,36.472423,-86.458405,census_county_internal_point,county,47165,Sumner County,km_tgp_locations:1787939514021564000:470a5ca9ff1632ccbae5df41106523761d4ea1990719dabdb968f31231c16847,census_county_gazetteer:1787939514135521000:4c90d0f805779923b5958ab13d0c1e9b99fe4932b786bfcf75dd739bb2dcb4ea,2026-08-28T17:51:54.021564Z
460025,STORAGE - PORTLAND - MA,B,bidirectional,STR,SUMNER,TN,Z1,Z1,163,False,,,36.472423,-86.458405,census_county_internal_point,county,47165,Sumner County,km_tgp_locations:1787939514021564000:470a5ca9ff1632ccbae5df41106523761d4ea1990719dabdb968f31231c16847,census_county_gazetteer:1787939514135521000:4c90d0f805779923b5958ab13d0c1e9b99fe4932b786bfcf75dd739bb2dcb4ea,2026-08-28T17:51:54.021564Z
460020,STORAGE - PORTLAND - PA,B,bidirectional,STR,SUMNER,TN,Z1,Z1,163,False,,,36.472423,-86.458405,census_county_internal_point,county,47165,Sumner County,km_tgp_locations:1787939514021564000:470a5ca9ff1632ccbae5df41106523761d4ea1990719dabdb968f31231c16847,census_county_gazetteer:1787939514135521000:4c90d0f805779923b5958ab13d0c1e9b99fe4932b786bfcf75dd739bb2dcb4ea,2026-08-28T17:51:54.021564Z
400460,TEX GAS/TGP MITCHELLVILLE TN SUMNER,D,delivery,INT,SUMNER,TN,Z1,Z1,860,True,TEXAS GAS TRANSMISSION LLC,C000592,36.472423,-86.458405,census_county_internal_point,county,47165,Sumner County,km_tgp_locations:1787939514021564000:470a5ca9ff1632ccbae5df41106523761d4ea1990719dabdb968f31231c16847,census_county_gazetteer:1787939514135521000:4c90d0f805779923b5958ab13d0c1e9b99fe4932b786bfcf75dd739bb2dcb4ea,2026-08-28T17:51:54.021564Z
420485,COLLINWD/TGP COLLINWOOD TN WAYNE,D,delivery,LDC,WAYNE,TN,Z1,Z1,548,True,COLLINWOOD CITY OF,,35.242847,-87.819843,census_county_internal_point,county,47181,Wayne County,km_tgp_locations:1787939514021564000:470a5ca9ff1632ccbae5df41106523761d4ea1990719dabdb968f31231c16847,census_county_gazetteer:1787939514135521000:4c90d0f805779923b5958ab13d0c1e9b99fe4932b786bfcf75dd739bb2dcb4ea,2026-08-28T17:51:54.021564Z
420706,TEAC/TGP CLIFTON SALES WAYNE,D,delivery,LDC,WAYNE,TN,Z1,Z1,847,True,TENNESSEE ENERGY ACQUISITION CORPORATION,,35.242847,-87.819843,census_county_internal_point,county,47181,Wayne County,km_tgp_locations:1787939514021564000:470a5ca9ff1632ccbae5df41106523761d4ea1990719dabdb968f31231c16847,census_county_gazetteer:1787939514135521000:4c90d0f805779923b5958ab13d0c1e9b99fe4932b786bfcf75dd739bb2dcb4ea,2026-08-28T17:51:54.021564Z
420317,WAYNEBOR/TGP WAYNESBORO TN WAYNE,D,delivery,LDC,WAYNE,TN,Z1,Z1,548,True,WAYNESBORO TN (CITY OF),,35.242847,-87.819843,census_county_internal_point,county,47181,Wayne County,km_tgp_locations:1787939514021564000:470a5ca9ff1632ccbae5df41106523761d4ea1990719dabdb968f31231c16847,census_county_gazetteer:1787939514135521000:4c90d0f805779923b5958ab13d0c1e9b99fe4932b786bfcf75dd739bb2dcb4ea,2026-08-28T17:51:54.021564Z
412545,CONOCOPH/TGP SPRAIN #1 AUSTIN,R,receipt,INT,AUSTIN,TX,Z0,Z0,117,True,CONOCOPHILLIPS COMPANY,,29.891901,-96.27017,census_county_internal_point,county,48015,Austin County,km_tgp_locations:1787939514021564000:470a5ca9ff1632ccbae5df41106523761d4ea1990719dabdb968f31231c16847,census_county_gazetteer:1787939514135521000:4c90d0f805779923b5958ab13d0c1e9b99fe4932b786bfcf75dd739bb2dcb4ea,2026-08-28T17:51:54.021564Z
412647,F-W OIL/TGP KULHANEK AUSTIN,R,receipt,WHD,AUSTIN,TX,Z0,Z0,117,True,F-W OIL EXPLORATION L.L.C.,,29.891901,-96.27017,census_county_internal_point,county,48015,Austin County,km_tgp_locations:1787939514021564000:470a5ca9ff1632ccbae5df41106523761d4ea1990719dabdb968f31231c16847,census_county_gazetteer:1787939514135521000:4c90d0f805779923b5958ab13d0c1e9b99fe4932b786bfcf75dd739bb2dcb4ea,2026-08-28T17:51:54.021564Z
412390,ATASCA R/TGP FLACK GAS UNIT 1 BROO,R,receipt,WHD,BROOKS,TX,Z0,Z0,406,True,ATASCA RESOURCES INC.,,27.034994,-98.215276,census_county_internal_point,county,48047,Brooks County,km_tgp_locations:1787939514021564000:470a5ca9ff1632ccbae5df41106523761d4ea1990719dabdb968f31231c16847,census_county_gazetteer:1787939514135521000:4c90d0f805779923b5958ab13d0c1e9b99fe4932b786bfcf75dd739bb2dcb4ea,2026-08-28T17:51:54.021564Z
412522,BRIGHAM/TGP ALFREDO PEREZ 347 1 BRO,R,receipt,WHD,BROOKS,TX,Z0,Z0,406,True,BRIGHAM OIL & GAS COMPANY,,27.034994,-98.215276,census_county_internal_point,county,48047,Brooks County,km_tgp_locations:1787939514021564000:470a5ca9ff1632ccbae5df41106523761d4ea1990719dabdb968f31231c16847,census_county_gazetteer:1787939514135521000:4c90d0f805779923b5958ab13d0c1e9b99fe4932b786bfcf75dd739bb2dcb4ea,2026-08-28T17:51:54.021564Z
412733,LOGAS/TGP MYRICK BROOKS,R,receipt,WHD,BROOKS,TX,Z0,Z0,406,True,LOGAS ENERGY LLC,,27.034994,-98.215276,census_county_internal_point,county,48047,Brooks County,km_tgp_locations:1787939514021564000:470a5ca9ff1632ccbae5df41106523761d4ea1990719dabdb968f31231c16847,census_county_gazetteer:1787939514135521000:4c90d0f805779923b5958ab13d0c1e9b99fe4932b786bfcf75dd739bb2dcb4ea,2026-08-28T17:51:54.021564Z
412051,MAGNUS/TGP SCOTT & HOPPER DEHY BROO,R,receipt,WHD,BROOKS,TX,Z0,Z0,406,True,SHORELINE GAS LLC,,27.034994,-98.215276,census_county_internal_point,county,48047,Brooks County,km_tgp_locations:1787939514021564000:470a5ca9ff1632ccbae5df41106523761d4ea1990719dabdb968f31231c16847,census_county_gazetteer:1787939514135521000:4c90d0f805779923b5958ab13d0c1e9b99fe4932b786bfcf75dd739bb2dcb4ea,2026-08-28T17:51:54.021564Z
410147,ROCKLAND/TGP ALTA MESA DEHYDRATION,R,receipt,INT,BROOKS,TX,Z0,Z0,406,True,ROCKLAND PIPELINE COMPANY,,27.034994,-98.215276,census_county_internal_point,county,48047,Brooks County,km_tgp_locations:1787939514021564000:470a5ca9ff1632ccbae5df41106523761d4ea1990719dabdb968f31231c16847,census_county_gazetteer:1787939514135521000:4c90d0f805779923b5958ab13d0c1e9b99fe4932b786bfcf75dd739bb2dcb4ea,2026-08-28T17:51:54.021564Z
412579,TGP/TGP SANTA FE WILDCAT BROOKS,R,receipt,INT,BROOKS,TX,Z0,Z0,409,False,,,27.034994,-98.215276,census_county_internal_point,county,48047,Brooks County,km_tgp_locations:1787939514021564000:470a5ca9ff1632ccbae5df41106523761d4ea1990719dabdb968f31231c16847,census_county_gazetteer:1787939514135521000:4c90d0f805779923b5958ab13d0c1e9b99fe4932b786bfcf75dd739bb2dcb4ea,2026-08-28T17:51:54.021564Z
412171,TXINDPT/TGP GYP HILL DEHY BROOKS,R,receipt,WHD,BROOKS,TX,Z0,Z0,406,True,TEXAS INDEPENDENT EXPLORATION LIMITED,,27.034994,-98.215276,census_county_internal_point,county,48047,Brooks County,km_tgp_locations:1787939514021564000:470a5ca9ff1632ccbae5df41106523761d4ea1990719dabdb968f31231c16847,census_county_gazetteer:1787939514135521000:4c90d0f805779923b5958ab13d0c1e9b99fe4932b786bfcf75dd739bb2dcb4ea,2026-08-28T17:51:54.021564Z
412671,CIMA/TGP DROMGOOLE COLORADO,R,receipt,WHD,COLORADO,TX,Z0,Z0,109,True,CIMA ENERGY LP,,29.596262,-96.508888,census_county_internal_point,county,48089,Colorado County,km_tgp_locations:1787939514021564000:470a5ca9ff1632ccbae5df41106523761d4ea1990719dabdb968f31231c16847,census_county_gazetteer:1787939514135521000:4c90d0f805779923b5958ab13d0c1e9b99fe4932b786bfcf75dd739bb2dcb4ea,2026-08-28T17:51:54.021564Z
420172,COKINOS/TGP HUNT FARM TEXAS COLORAD,D,delivery,LDC,COLORADO,TX,Z0,Z0,109,True,COKINOS NATURAL GAS COMPANY,,29.596262,-96.508888,census_county_internal_point,county,48089,Colorado County,km_tgp_locations:1787939514021564000:470a5ca9ff1632ccbae5df41106523761d4ea1990719dabdb968f31231c16847,census_county_gazetteer:1787939514135521000:4c90d0f805779923b5958ab13d0c1e9b99fe4932b786bfcf75dd739bb2dcb4ea,2026-08-28T17:51:54.021564Z
420162,COKINOS/TGP RAUN FARM 2 TX COLORAD,D,delivery,LDC,COLORADO,TX,Z0,Z0,109,True,COKINOS NATURAL GAS COMPANY,,29.596262,-96.508888,census_county_internal_point,county,48089,Colorado County,km_tgp_locations:1787939514021564000:470a5ca9ff1632ccbae5df41106523761d4ea1990719dabdb968f31231c16847,census_county_gazetteer:1787939514135521000:4c90d0f805779923b5958ab13d0c1e9b99fe4932b786bfcf75dd739bb2dcb4ea,2026-08-28T17:51:54.021564Z
410144,CPROC/TGP HCP COLORADO,R,receipt,PLT,COLORADO,TX,Z0,Z0,109,True,COPANO PROCESSING LLC,,29.596262,-96.508888,census_county_internal_point,county,48089,Colorado County,km_tgp_locations:1787939514021564000:470a5ca9ff1632ccbae5df41106523761d4ea1990719dabdb968f31231c16847,census_county_gazetteer:1787939514135521000:4c90d0f805779923b5958ab13d0c1e9b99fe4932b786bfcf75dd739bb2dcb4ea,2026-08-28T17:51:54.021564Z
412474,HGI/TGP N W GARWOOD JOHNSON COLOR,R,receipt,WHD,COLORADO,TX,Z0,Z0,109,True,HGI CORPORATION,,29.596262,-96.508888,census_county_internal_point,county,48089,Colorado County,km_tgp_locations:1787939514021564000:470a5ca9ff1632ccbae5df41106523761d4ea1990719dabdb968f31231c16847,census_county_gazetteer:1787939514135521000:4c90d0f805779923b5958ab13d0c1e9b99fe4932b786bfcf75dd739bb2dcb4ea,2026-08-28T17:51:54.021564Z
412023,HGI/TGP UDP ENGLEHARDT COLORADO,R,receipt,WHD,COLORADO,TX,Z0,Z0,109,True,HGI CORPORATION,,29.596262,-96.508888,census_county_internal_point,county,48089,Colorado County,km_tgp_locations:1787939514021564000:470a5ca9ff1632ccbae5df41106523761d4ea1990719dabdb968f31231c16847,census_county_gazetteer:1787939514135521000:4c90d0f805779923b5958ab13d0c1e9b99fe4932b786bfcf75dd739bb2dcb4ea,2026-08-28T17:51:54.021564Z
411534,SPRAGUE/TGP HAMILTON EASTER DEHY CO,R,receipt,WHD,COLORADO,TX,Z0,Z0,109,True,SPRAGUE OPERATING RESOURCES LLC,,29.596262,-96.508888,census_county_internal_point,county,48089,Colorado County,km_tgp_locations:1787939514021564000:470a5ca9ff1632ccbae5df41106523761d4ea1990719dabdb968f31231c16847,census_county_gazetteer:1787939514135521000:4c90d0f805779923b5958ab13d0c1e9b99fe4932b786bfcf75dd739bb2dcb4ea,2026-08-28T17:51:54.021564Z
54086,TGP/PHP SHERIDAN COLORADO,R,receipt,INT,COLORADO,TX,Z0,Z0,109,True,TENNESSEE GAS PIPELINE COMPANY L.L.C.,C000020,29.596262,-96.508888,census_county_internal_point,county,48089,Colorado County,km_tgp_locations:1787939514021564000:470a5ca9ff1632ccbae5df41106523761d4ea1990719dabdb968f31231c16847,census_county_gazetteer:1787939514135521000:4c90d0f805779923b5958ab13d0c1e9b99fe4932b786bfcf75dd739bb2dcb4ea,2026-08-28T17:51:54.021564Z
412091,WAGNER/TGP GARWOOD TRANSPORT COLORA,R,receipt,WHD,COLORADO,TX,Z0,Z0,109,True,WAGNER OIL COMPANY,,29.596262,-96.508888,census_county_internal_point,county,48089,Colorado County,km_tgp_locations:1787939514021564000:470a5ca9ff1632ccbae5df41106523761d4ea1990719dabdb968f31231c16847,census_county_gazetteer:1787939514135521000:4c90d0f805779923b5958ab13d0c1e9b99fe4932b786bfcf75dd739bb2dcb4ea,2026-08-28T17:51:54.021564Z
420167,COKINOS/TGP WOODS FARM TX FORT BEND,D,delivery,LDC,FORT BEND,TX,Z0,Z0,117,True,COKINOS NATURAL GAS COMPANY,,29.526602,-95.771015,census_county_internal_point,county,48157,Fort Bend County,km_tgp_locations:1787939514021564000:470a5ca9ff1632ccbae5df41106523761d4ea1990719dabdb968f31231c16847,census_county_gazetteer:1787939514135521000:4c90d0f805779923b5958ab13d0c1e9b99fe4932b786bfcf75dd739bb2dcb4ea,2026-08-28T17:51:54.021564Z
421028,CNTRPT/TGP DOWDELL ROAD HARRIS,D,delivery,LDC,HARRIS,TX,Z0,Z0,117,True,CENTERPOINT ENERGY RESOURCES CORP.,,29.857273,-95.393037,census_county_internal_point,county,48201,Harris County,km_tgp_locations:1787939514021564000:470a5ca9ff1632ccbae5df41106523761d4ea1990719dabdb968f31231c16847,census_county_gazetteer:1787939514135521000:4c90d0f805779923b5958ab13d0c1e9b99fe4932b786bfcf75dd739bb2dcb4ea,2026-08-28T17:51:54.021564Z
421052,CNTRPT/TGP SKINNER: DIP 20M-141 HAR,D,delivery,LDC,HARRIS,TX,Z0,Z0,117,True,CENTERPOINT ENERGY RESOURCES CORP.,,29.857273,-95.393037,census_county_internal_point,county,48201,Harris County,km_tgp_locations:1787939514021564000:470a5ca9ff1632ccbae5df41106523761d4ea1990719dabdb968f31231c16847,census_county_gazetteer:1787939514135521000:4c90d0f805779923b5958ab13d0c1e9b99fe4932b786bfcf75dd739bb2dcb4ea,2026-08-28T17:51:54.021564Z
49042,CP-UGC/TGP MOSSY OAKS DELIVERY HARR,D,delivery,INT,HARRIS,TX,Z0,Z0,117,True,COPANO PIPELINES/UPPER GULF COAST LLC,C001202,29.857273,-95.393037,census_county_internal_point,county,48201,Harris County,km_tgp_locations:1787939514021564000:470a5ca9ff1632ccbae5df41106523761d4ea1990719dabdb968f31231c16847,census_county_gazetteer:1787939514135521000:4c90d0f805779923b5958ab13d0c1e9b99fe4932b786bfcf75dd739bb2dcb4ea,2026-08-28T17:51:54.021564Z
412788,CP-UGC/TGP MOSSY OAKS: RIP 22N 101.,R,receipt,INT,HARRIS,TX,Z0,Z0,117,True,COPANO PIPELINES/UPPER GULF COAST LLC,C001202,29.857273,-95.393037,census_county_internal_point,county,48201,Harris County,km_tgp_locations:1787939514021564000:470a5ca9ff1632ccbae5df41106523761d4ea1990719dabdb968f31231c16847,census_county_gazetteer:1787939514135521000:4c90d0f805779923b5958ab13d0c1e9b99fe4932b786bfcf75dd739bb2dcb4ea,2026-08-28T17:51:54.021564Z
421054,CPTENTEX/TGP BRIDGELAND: DIP 20N-10,D,delivery,LDC,HARRIS,TX,Z0,Z0,117,True,CENTERPOINT ENERGY ENTEX,,29.857273,-95.393037,census_county_internal_point,county,48201,Harris County,km_tgp_locations:1787939514021564000:470a5ca9ff1632ccbae5df41106523761d4ea1990719dabdb968f31231c16847,census_county_gazetteer:1787939514135521000:4c90d0f805779923b5958ab13d0c1e9b99fe4932b786bfcf75dd739bb2dcb4ea,2026-08-28T17:51:54.021564Z
412485,GALLO LS/TGP TOMBALL MARSHALL A &,R,receipt,WHD,HARRIS,TX,Z0,Z0,117,True,GALLOWAY LONE STAR LLC,,29.857273,-95.393037,census_county_internal_point,county,48201,Harris County,km_tgp_locations:1787939514021564000:470a5ca9ff1632ccbae5df41106523761d4ea1990719dabdb968f31231c16847,census_county_gazetteer:1787939514135521000:4c90d0f805779923b5958ab13d0c1e9b99fe4932b786bfcf75dd739bb2dcb4ea,2026-08-28T17:51:54.021564Z
411299,HAMMAN/TGP CYPRESS DEHY HARRIS,R,receipt,WHD,HARRIS,TX,Z0,Z0,117,True,HAMMAN OIL AND REFINING COMPANY,,29.857273,-95.393037,census_county_internal_point,county,48201,Harris County,km_tgp_locations:1787939514021564000:470a5ca9ff1632ccbae5df41106523761d4ea1990719dabdb968f31231c16847,census_county_gazetteer:1787939514135521000:4c90d0f805779923b5958ab13d0c1e9b99fe4932b786bfcf75dd739bb2dcb4ea,2026-08-28T17:51:54.021564Z
412539,JOY RES/TGP JOSEY RANCH HARRIS,R,receipt,WHD,HARRIS,TX,Z0,Z0,117,True,JOY RESOURCES INC,,29.857273,-95.393037,census_county_internal_point,county,48201,Harris County,km_tgp_locations:1787939514021564000:470a5ca9ff1632ccbae5df41106523761d4ea1990719dabdb968f31231c16847,census_county_gazetteer:1787939514135521000:4c90d0f805779923b5958ab13d0c1e9b99fe4932b786bfcf75dd739bb2dcb4ea,2026-08-28T17:51:54.021564Z
412722,JOY RES/TGP UDP MERI JOSEY HARRIS,R,receipt,WHD,HARRIS,TX,Z0,Z0,117,True,JOY RESOURCES INC,,29.857273,-95.393037,census_county_internal_point,county,48201,Harris County,km_tgp_locations:1787939514021564000:470a5ca9ff1632ccbae5df41106523761d4ea1990719dabdb968f31231c16847,census_county_gazetteer:1787939514135521000:4c90d0f805779923b5958ab13d0c1e9b99fe4932b786bfcf75dd739bb2dcb4ea,2026-08-28T17:51:54.021564Z
412399,MILAGRO/TGP UDP LANGHAM CREEK JOSEY,R,receipt,WHD,HARRIS,TX,Z0,Z0,117,True,MILAGRO EXPLORATION LLC,,29.857273,-95.393037,census_county_internal_point,county,48201,Harris County,km_tgp_locations:1787939514021564000:470a5ca9ff1632ccbae5df41106523761d4ea1990719dabdb968f31231c16847,census_county_gazetteer:1787939514135521000:4c90d0f805779923b5958ab13d0c1e9b99fe4932b786bfcf75dd739bb2dcb4ea,2026-08-28T17:51:54.021564Z
410306,TEXLA/TGP UDP TOMBALL DEHY HARRIS,R,receipt,WHD,HARRIS,TX,Z0,Z0,117,True,TEXLA ENERGY MANAGEMENT INC.,,29.857273,-95.393037,census_county_internal_point,county,48201,Harris County,km_tgp_locations:1787939514021564000:470a5ca9ff1632ccbae5df41106523761d4ea1990719dabdb968f31231c16847,census_county_gazetteer:1787939514135521000:4c90d0f805779923b5958ab13d0c1e9b99fe4932b786bfcf75dd739bb2dcb4ea,2026-08-28T17:51:54.021564Z
412367,WHTOKOG/TGP TOMBALL DEHY HARRIS,R,receipt,WHD,HARRIS,TX,Z0,Z0,117,True,WHITE OAK OIL & GAS PARTNERS LP,,29.857273,-95.393037,census_county_internal_point,county,48201,Harris County,km_tgp_locations:1787939514021564000:470a5ca9ff1632ccbae5df41106523761d4ea1990719dabdb968f31231c16847,census_county_gazetteer:1787939514135521000:4c90d0f805779923b5958ab13d0c1e9b99fe4932b786bfcf75dd739bb2dcb4ea,2026-08-28T17:51:54.021564Z
421067,CALPINE/TGP HIDA,D,delivery,EGN,HIDALGO,TX,Z0,Z0,490,True,CALPINE ENERGY SERVICES L.P.,,26.396384,-98.18099,census_county_internal_point,county,48215,Hidalgo County,km_tgp_locations:1787939514021564000:470a5ca9ff1632ccbae5df41106523761d4ea1990719dabdb968f31231c16847,census_county_gazetteer:1787939514135521000:4c90d0f805779923b5958ab13d0c1e9b99fe4932b786bfcf75dd739bb2dcb4ea,2026-08-28T17:51:54.021564Z
450261,CENAGAS/TGP PEMEX CHECK DELIV SOUTH,D,delivery,INT,HIDALGO,TX,Z0,Z0,492,True,CENTRO NACIONAL DE CONTROL DEL GAS NATURAL,,26.396384,-98.18099,census_county_internal_point,county,48215,Hidalgo County,km_tgp_locations:1787939514021564000:470a5ca9ff1632ccbae5df41106523761d4ea1990719dabdb968f31231c16847,census_county_gazetteer:1787939514135521000:4c90d0f805779923b5958ab13d0c1e9b99fe4932b786bfcf75dd739bb2dcb4ea,2026-08-28T17:51:54.021564Z
450262,CENAGAS/TGP REC NORTH HIDALGO,R,receipt,INT,HIDALGO,TX,Z0,Z0,492,True,CENTRO NACIONAL DE CONTROL DEL GAS NATURAL,,26.396384,-98.18099,census_county_internal_point,county,48215,Hidalgo County,km_tgp_locations:1787939514021564000:470a5ca9ff1632ccbae5df41106523761d4ea1990719dabdb968f31231c16847,census_county_gazetteer:1787939514135521000:4c90d0f805779923b5958ab13d0c1e9b99fe4932b786bfcf75dd739bb2dcb4ea,2026-08-28T17:51:54.021564Z
412666,CHESAPEA/TGP ARROWHEAD RANCH HIDALG,R,receipt,WHD,HIDALGO,TX,Z0,Z0,409,True,CHESAPEAKE OPERATING INC.,,26.396384,-98.18099,census_county_internal_point,county,48215,Hidalgo County,km_tgp_locations:1787939514021564000:470a5ca9ff1632ccbae5df41106523761d4ea1990719dabdb968f31231c16847,census_county_gazetteer:1787939514135521000:4c90d0f805779923b5958ab13d0c1e9b99fe4932b786bfcf75dd739bb2dcb4ea,2026-08-28T17:51:54.021564Z
411096,CODY/TGP UDP SAN SALVADOR DEHY HIDA,R,receipt,WHD,HIDALGO,TX,Z0,Z0,490,True,CODY ENERGY LLC,,26.396384,-98.18099,census_county_internal_point,county,48215,Hidalgo County,km_tgp_locations:1787939514021564000:470a5ca9ff1632ccbae5df41106523761d4ea1990719dabdb968f31231c16847,census_county_gazetteer:1787939514135521000:4c90d0f805779923b5958ab13d0c1e9b99fe4932b786bfcf75dd739bb2dcb4ea,2026-08-28T17:51:54.021564Z
412575,CONCHO/TGP KING MAR #1 HIDALGO,R,receipt,WHD,HIDALGO,TX,Z0,Z0,490,True,CONCHO EXPLORATION INC.,,26.396384,-98.18099,census_county_internal_point,county,48215,Hidalgo County,km_tgp_locations:1787939514021564000:470a5ca9ff1632ccbae5df41106523761d4ea1990719dabdb968f31231c16847,census_county_gazetteer:1787939514135521000:4c90d0f805779923b5958ab13d0c1e9b99fe4932b786bfcf75dd739bb2dcb4ea,2026-08-28T17:51:54.021564Z
420904,DCP HIN/TGP EDINBURG HIDALGO,D,delivery,EGN,HIDALGO,TX,Z0,Z0,490,True,DCP HINSHAW PIPELINE LLC,,26.396384,-98.18099,census_county_internal_point,county,48215,Hidalgo County,km_tgp_locations:1787939514021564000:470a5ca9ff1632ccbae5df41106523761d4ea1990719dabdb968f31231c16847,census_county_gazetteer:1787939514135521000:4c90d0f805779923b5958ab13d0c1e9b99fe4932b786bfcf75dd739bb2dcb4ea,2026-08-28T17:51:54.021564Z
412659,DEWBRE/TGP CIMMARRON HIDALGO,R,receipt,WHD,HIDALGO,TX,Z0,Z0,491,True,DEWBRE PETROLEUM CORP.,,26.396384,-98.18099,census_county_internal_point,county,48215,Hidalgo County,km_tgp_locations:1787939514021564000:470a5ca9ff1632ccbae5df41106523761d4ea1990719dabdb968f31231c16847,census_county_gazetteer:1787939514135521000:4c90d0f805779923b5958ab13d0c1e9b99fe4932b786bfcf75dd739bb2dcb4ea,2026-08-28T17:51:54.021564Z
412463,ELPOGCO/TGP MONTE CHRISTO DEHYD HID,R,receipt,WHD,HIDALGO,TX,Z0,Z0,409,True,EL PASO PRODUCTION OIL & GAS COMPANY,,26.396384,-98.18099,census_county_internal_point,county,48215,Hidalgo County,km_tgp_locations:1787939514021564000:470a5ca9ff1632ccbae5df41106523761d4ea1990719dabdb968f31231c16847,census_county_gazetteer:1787939514135521000:4c90d0f805779923b5958ab13d0c1e9b99fe4932b786bfcf75dd739bb2dcb4ea,2026-08-28T17:51:54.021564Z
412138,ENLINK/TGP TEXAS GARDENS DEHY HIDAL,R,receipt,GTH,HIDALGO,TX,Z0,Z0,409,True,ENLINK MIDSTREAM OPERATING LP,,26.396384,-98.18099,census_county_internal_point,county,48215,Hidalgo County,km_tgp_locations:1787939514021564000:470a5ca9ff1632ccbae5df41106523761d4ea1990719dabdb968f31231c16847,census_county_gazetteer:1787939514135521000:4c90d0f805779923b5958ab13d0c1e9b99fe4932b786bfcf75dd739bb2dcb4ea,2026-08-28T17:51:54.021564Z
412458,ETP/TGP GILMORE PLANT RESIDUE HIDAL,R,receipt,INT,HIDALGO,TX,Z0,Z0,410,True,ENTERPRISE TEXAS PIPELINE LLC,C000924,26.396384,-98.18099,census_county_internal_point,county,48215,Hidalgo County,km_tgp_locations:1787939514021564000:470a5ca9ff1632ccbae5df41106523761d4ea1990719dabdb968f31231c16847,census_county_gazetteer:1787939514135521000:4c90d0f805779923b5958ab13d0c1e9b99fe4932b786bfcf75dd739bb2dcb4ea,2026-08-28T17:51:54.021564Z
412088,ETP/TGP MONTE CHRISTO EXCH HIDALGO,R,receipt,INT,HIDALGO,TX,Z0,Z0,409,True,ENTERPRISE TEXAS PIPELINE LLC,C000924,26.396384,-98.18099,census_county_internal_point,county,48215,Hidalgo County,km_tgp_locations:1787939514021564000:470a5ca9ff1632ccbae5df41106523761d4ea1990719dabdb968f31231c16847,census_county_gazetteer:1787939514135521000:4c90d0f805779923b5958ab13d0c1e9b99fe4932b786bfcf75dd739bb2dcb4ea,2026-08-28T17:51:54.021564Z
411903,ETP/TGP SANTELLANA DEHY 3 HIDALGO,R,receipt,INT,HIDALGO,TX,Z0,Z0,409,True,ENTERPRISE TEXAS PIPELINE LLC,C000924,26.396384,-98.18099,census_county_internal_point,county,48215,Hidalgo County,km_tgp_locations:1787939514021564000:470a5ca9ff1632ccbae5df41106523761d4ea1990719dabdb968f31231c16847,census_county_gazetteer:1787939514135521000:4c90d0f805779923b5958ab13d0c1e9b99fe4932b786bfcf75dd739bb2dcb4ea,2026-08-28T17:51:54.021564Z
411725,EXPORT/TGP LOS INDIOS DEHY HIDALGO,R,receipt,WHD,HIDALGO,TX,Z0,Z0,409,True,EXPORT PETROLEUM,,26.396384,-98.18099,census_county_internal_point,county,48215,Hidalgo County,km_tgp_locations:1787939514021564000:470a5ca9ff1632ccbae5df41106523761d4ea1990719dabdb968f31231c16847,census_county_gazetteer:1787939514135521000:4c90d0f805779923b5958ab13d0c1e9b99fe4932b786bfcf75dd739bb2dcb4ea,2026-08-28T17:51:54.021564Z
412656,FIDELITY/TGP TABASCO WEST HIDALGO,R,receipt,WHD,HIDALGO,TX,Z0,Z0,409,True,FIDELITY EXPLORATION & PRODUCTION COMPANY,,26.396384,-98.18099,census_county_internal_point,county,48215,Hidalgo County,km_tgp_locations:1787939514021564000:470a5ca9ff1632ccbae5df41106523761d4ea1990719dabdb968f31231c16847,census_county_gazetteer:1787939514135521000:4c90d0f805779923b5958ab13d0c1e9b99fe4932b786bfcf75dd739bb2dcb4ea,2026-08-28T17:51:54.021564Z
410809,GCENGY/TGP LOS INDIOS DEHY HIDALGO,R,receipt,WHD,HIDALGO,TX,Z0,Z0,409,True,GULF COAST ENERGY INC.,,26.396384,-98.18099,census_county_internal_point,county,48215,Hidalgo County,km_tgp_locations:1787939514021564000:470a5ca9ff1632ccbae5df41106523761d4ea1990719dabdb968f31231c16847,census_county_gazetteer:1787939514135521000:4c90d0f805779923b5958ab13d0c1e9b99fe4932b786bfcf75dd739bb2dcb4ea,2026-08-28T17:51:54.021564Z
421017,GDR/TGP RIO BRAVO HIDALGO,D,delivery,INT,HIDALGO,TX,Z0,Z0,491,True,GASODUCTO DEL RIO S.A. DE C.V.,,26.396384,-98.18099,census_county_internal_point,county,48215,Hidalgo County,km_tgp_locations:1787939514021564000:470a5ca9ff1632ccbae5df41106523761d4ea1990719dabdb968f31231c16847,census_county_gazetteer:1787939514135521000:4c90d0f805779923b5958ab13d0c1e9b99fe4932b786bfcf75dd739bb2dcb4ea,2026-08-28T17:51:54.021564Z
412576,HESCO CO/TGP EDINGBURG LINE HIDALGO,R,receipt,GTH,HIDALGO,TX,Z0,Z0,490,True,HESCO GATHERING COMPANY L.L.C.,,26.396384,-98.18099,census_county_internal_point,county,48215,Hidalgo County,km_tgp_locations:1787939514021564000:470a5ca9ff1632ccbae5df41106523761d4ea1990719dabdb968f31231c16847,census_county_gazetteer:1787939514135521000:4c90d0f805779923b5958ab13d0c1e9b99fe4932b786bfcf75dd739bb2dcb4ea,2026-08-28T17:51:54.021564Z
412683,HESCO CO/TGP RAYMONDVILLE HIDALGO,R,receipt,GTH,HIDALGO,TX,Z0,Z0,409,True,HESCO GATHERING COMPANY L.L.C.,,26.396384,-98.18099,census_county_internal_point,county,48215,Hidalgo County,km_tgp_locations:1787939514021564000:470a5ca9ff1632ccbae5df41106523761d4ea1990719dabdb968f31231c16847,census_county_gazetteer:1787939514135521000:4c90d0f805779923b5958ab13d0c1e9b99fe4932b786bfcf75dd739bb2dcb4ea,2026-08-28T17:51:54.021564Z
410551,INTRCONN/TGP UDP NORTH WESLACO DEHY,R,receipt,WHD,HIDALGO,TX,Z0,Z0,490,True,INTERCONN RESOURCES LLC,,26.396384,-98.18099,census_county_internal_point,county,48215,Hidalgo County,km_tgp_locations:1787939514021564000:470a5ca9ff1632ccbae5df41106523761d4ea1990719dabdb968f31231c16847,census_county_gazetteer:1787939514135521000:4c90d0f805779923b5958ab13d0c1e9b99fe4932b786bfcf75dd739bb2dcb4ea,2026-08-28T17:51:54.021564Z
410004,MILAGRO/TGP LOS INDIOS DEHY HIDALGO,R,receipt,WHD,HIDALGO,TX,Z0,Z0,409,True,MILAGRO EXPLORATION LLC,,26.396384,-98.18099,census_county_internal_point,county,48215,Hidalgo County,km_tgp_locations:1787939514021564000:470a5ca9ff1632ccbae5df41106523761d4ea1990719dabdb968f31231c16847,census_county_gazetteer:1787939514135521000:4c90d0f805779923b5958ab13d0c1e9b99fe4932b786bfcf75dd739bb2dcb4ea,2026-08-28T17:51:54.021564Z
411950,MOBIL NG/TGP MONTE CHRISTO DEHYDRAT,R,receipt,WHD,HIDALGO,TX,Z0,Z0,409,True,MOBIL NATURAL GAS INC.,,26.396384,-98.18099,census_county_internal_point,county,48215,Hidalgo County,km_tgp_locations:1787939514021564000:470a5ca9ff1632ccbae5df41106523761d4ea1990719dabdb968f31231c16847,census_county_gazetteer:1787939514135521000:4c90d0f805779923b5958ab13d0c1e9b99fe4932b786bfcf75dd739bb2dcb4ea,2026-08-28T17:51:54.021564Z
412702,ONYXMKTG/TGP MENDOCINO HIDALGO,R,receipt,WHD,HIDALGO,TX,Z0,Z0,409,True,ONYX GAS MARKETING COMPANY L.C.,,26.396384,-98.18099,census_county_internal_point,county,48215,Hidalgo County,km_tgp_locations:1787939514021564000:470a5ca9ff1632ccbae5df41106523761d4ea1990719dabdb968f31231c16847,census_county_gazetteer:1787939514135521000:4c90d0f805779923b5958ab13d0c1e9b99fe4932b786bfcf75dd739bb2dcb4ea,2026-08-28T17:51:54.021564Z
55639,PCG POOL - ZN 0 100 LEG BORDER,B,bidirectional,PPT,HIDALGO,TX,Z0,Z0,490,False,,,26.396384,-98.18099,census_county_internal_point,county,48215,Hidalgo County,km_tgp_locations:1787939514021564000:470a5ca9ff1632ccbae5df41106523761d4ea1990719dabdb968f31231c16847,census_county_gazetteer:1787939514135521000:4c90d0f805779923b5958ab13d0c1e9b99fe4932b786bfcf75dd739bb2dcb4ea,2026-08-28T17:51:54.021564Z
54302,POOLING PT-100 LEG-BORDER-ZN 0,B,bidirectional,PPT,HIDALGO,TX,Z0,Z0,490,False,,,26.396384,-98.18099,census_county_internal_point,county,48215,Hidalgo County,km_tgp_locations:1787939514021564000:470a5ca9ff1632ccbae5df41106523761d4ea1990719dabdb968f31231c16847,census_county_gazetteer:1787939514135521000:4c90d0f805779923b5958ab13d0c1e9b99fe4932b786bfcf75dd739bb2dcb4ea,2026-08-28T17:51:54.021564Z
412628,SAMSON/TGP LOS INDIOS 3 HIDALGO,R,receipt,WHD,HIDALGO,TX,Z0,Z0,409,True,SAMSON LONE STAR LIMITED PARTNERSHIP,,26.396384,-98.18099,census_county_internal_point,county,48215,Hidalgo County,km_tgp_locations:1787939514021564000:470a5ca9ff1632ccbae5df41106523761d4ea1990719dabdb968f31231c16847,census_county_gazetteer:1787939514135521000:4c90d0f805779923b5958ab13d0c1e9b99fe4932b786bfcf75dd739bb2dcb4ea,2026-08-28T17:51:54.021564Z
412229,SIERRA/TGP LA REFORMA DEHY HIDALGO,R,receipt,WHD,HIDALGO,TX,Z0,Z0,409,True,SIERRA RESOURCES LLC,,26.396384,-98.18099,census_county_internal_point,county,48215,Hidalgo County,km_tgp_locations:1787939514021564000:470a5ca9ff1632ccbae5df41106523761d4ea1990719dabdb968f31231c16847,census_county_gazetteer:1787939514135521000:4c90d0f805779923b5958ab13d0c1e9b99fe4932b786bfcf75dd739bb2dcb4ea,2026-08-28T17:51:54.021564Z
412186,STXOPER/TGP EL STAGGS DEHY HIDALGO,R,receipt,WHD,HIDALGO,TX,Z0,Z0,409,True,SOUTH TEXAS OPERATING COMPANY,,26.396384,-98.18099,census_county_internal_point,county,48215,Hidalgo County,km_tgp_locations:1787939514021564000:470a5ca9ff1632ccbae5df41106523761d4ea1990719dabdb968f31231c16847,census_county_gazetteer:1787939514135521000:4c90d0f805779923b5958ab13d0c1e9b99fe4932b786bfcf75dd739bb2dcb4ea,2026-08-28T17:51:54.021564Z
411462,SWEPI LP/TGP MCALLEN SAN RAMON DEHY,R,receipt,WHD,HIDALGO,TX,Z0,Z0,409,True,SWEPI LP,C003034,26.396384,-98.18099,census_county_internal_point,county,48215,Hidalgo County,km_tgp_locations:1787939514021564000:470a5ca9ff1632ccbae5df41106523761d4ea1990719dabdb968f31231c16847,census_county_gazetteer:1787939514135521000:4c90d0f805779923b5958ab13d0c1e9b99fe4932b786bfcf75dd739bb2dcb4ea,2026-08-28T17:51:54.021564Z
412457,TTL GAS/TGP DONNA 3 HIDALGO,R,receipt,WHD,HIDALGO,TX,Z0,Z0,490,True,TOTALENERGIES GAS & POWER NORTH AMERICA INC.,,26.396384,-98.18099,census_county_internal_point,county,48215,Hidalgo County,km_tgp_locations:1787939514021564000:470a5ca9ff1632ccbae5df41106523761d4ea1990719dabdb968f31231c16847,census_county_gazetteer:1787939514135521000:4c90d0f805779923b5958ab13d0c1e9b99fe4932b786bfcf75dd739bb2dcb4ea,2026-08-28T17:51:54.021564Z
412220,TXINDPT/TGP SAN SALVADOR DEHY HIDAL,R,receipt,WHD,HIDALGO,TX,Z0,Z0,490,True,TEXAS INDEPENDENT EXPLORATION LIMITED,,26.396384,-98.18099,census_county_internal_point,county,48215,Hidalgo County,km_tgp_locations:1787939514021564000:470a5ca9ff1632ccbae5df41106523761d4ea1990719dabdb968f31231c16847,census_county_gazetteer:1787939514135521000:4c90d0f805779923b5958ab13d0c1e9b99fe4932b786bfcf75dd739bb2dcb4ea,2026-08-28T17:51:54.021564Z
410065,WAGNER/TGP UDP DONNA DEHY HIDALGO,R,receipt,WHD,HIDALGO,TX,Z0,Z0,490,True,WAGNER OIL COMPANY,,26.396384,-98.18099,census_county_internal_point,county,48215,Hidalgo County,km_tgp_locations:1787939514021564000:470a5ca9ff1632ccbae5df41106523761d4ea1990719dabdb968f31231c16847,census_county_gazetteer:1787939514135521000:4c90d0f805779923b5958ab13d0c1e9b99fe4932b786bfcf75dd739bb2dcb4ea,2026-08-28T17:51:54.021564Z
412878,BWALKTX/TGP FLAG CITY: RIP 11J 101.,R,receipt,GTH,JACKSON,TX,Z0,Z0,109,True,BOARDWALK TEXAS INTRASTATE LLC,C007718,28.959802,-96.58908,census_county_internal_point,county,48239,Jackson County,km_tgp_locations:1787939514021564000:470a5ca9ff1632ccbae5df41106523761d4ea1990719dabdb968f31231c16847,census_county_gazetteer:1787939514135521000:4c90d0f805779923b5958ab13d0c1e9b99fe4932b786bfcf75dd739bb2dcb4ea,2026-08-28T17:51:54.021564Z
420159,COKINOS/TGP MCCOLLOCH SPENCER FARM,D,delivery,LDC,JACKSON,TX,Z0,Z0,109,True,COKINOS NATURAL GAS COMPANY,,28.959802,-96.58908,census_county_internal_point,county,48239,Jackson County,km_tgp_locations:1787939514021564000:470a5ca9ff1632ccbae5df41106523761d4ea1990719dabdb968f31231c16847,census_county_gazetteer:1787939514135521000:4c90d0f805779923b5958ab13d0c1e9b99fe4932b786bfcf75dd739bb2dcb4ea,2026-08-28T17:51:54.021564Z
420185,COKINOS/TGP OTTIS FARM TX JACKSON,D,delivery,LDC,JACKSON,TX,Z0,Z0,109,True,COKINOS NATURAL GAS COMPANY,,28.959802,-96.58908,census_county_internal_point,county,48239,Jackson County,km_tgp_locations:1787939514021564000:470a5ca9ff1632ccbae5df41106523761d4ea1990719dabdb968f31231c16847,census_county_gazetteer:1787939514135521000:4c90d0f805779923b5958ab13d0c1e9b99fe4932b786bfcf75dd739bb2dcb4ea,2026-08-28T17:51:54.021564Z
412860,ET G&P/TGP GANADO PLANT JACKSON,R,receipt,INT,JACKSON,TX,Z0,Z0,109,True,ET GATHERING & PROCESSING LLC,C012199,28.959802,-96.58908,census_county_internal_point,county,48239,Jackson County,km_tgp_locations:1787939514021564000:470a5ca9ff1632ccbae5df41106523761d4ea1990719dabdb968f31231c16847,census_county_gazetteer:1787939514135521000:4c90d0f805779923b5958ab13d0c1e9b99fe4932b786bfcf75dd739bb2dcb4ea,2026-08-28T17:51:54.021564Z
412867,INTRCONN/TGP GANADO GATHERING: RIP,R,receipt,WHD,JACKSON,TX,Z0,Z0,109,True,INTERCONN RESOURCES LLC,,28.959802,-96.58908,census_county_internal_point,county,48239,Jackson County,km_tgp_locations:1787939514021564000:470a5ca9ff1632ccbae5df41106523761d4ea1990719dabdb968f31231c16847,census_county_gazetteer:1787939514135521000:4c90d0f805779923b5958ab13d0c1e9b99fe4932b786bfcf75dd739bb2dcb4ea,2026-08-28T17:51:54.021564Z
49803,KMTEJAS/TGP JACKSON (GANADO),D,delivery,INT,JACKSON,TX,Z0,Z0,109,True,KINDER MORGAN TEJAS PIPELINE LLC,C000434,28.959802,-96.58908,census_county_internal_point,county,48239,Jackson County,km_tgp_locations:1787939514021564000:470a5ca9ff1632ccbae5df41106523761d4ea1990719dabdb968f31231c16847,census_county_gazetteer:1787939514135521000:4c90d0f805779923b5958ab13d0c1e9b99fe4932b786bfcf75dd739bb2dcb4ea,2026-08-28T17:51:54.021564Z
412528,LASERGTH/TGP WILLBECK NO 1 JACKSON,R,receipt,WHD,JACKSON,TX,Z0,Z0,109,True,LIG GATHERING COMPANY II LLC,,28.959802,-96.58908,census_county_internal_point,county,48239,Jackson County,km_tgp_locations:1787939514021564000:470a5ca9ff1632ccbae5df41106523761d4ea1990719dabdb968f31231c16847,census_county_gazetteer:1787939514135521000:4c90d0f805779923b5958ab13d0c1e9b99fe4932b786bfcf75dd739bb2dcb4ea,2026-08-28T17:51:54.021564Z
412123,SOUTHXEN/TGP JACK STARR FIELD JACKS,R,receipt,INT,JACKSON,TX,Z0,Z0,109,True,SOUTHCROSS ENERGY GP LLC,,28.959802,-96.58908,census_county_internal_point,county,48239,Jackson County,km_tgp_locations:1787939514021564000:470a5ca9ff1632ccbae5df41106523761d4ea1990719dabdb968f31231c16847,census_county_gazetteer:1787939514135521000:4c90d0f805779923b5958ab13d0c1e9b99fe4932b786bfcf75dd739bb2dcb4ea,2026-08-28T17:51:54.021564Z
50543,TGP/TGP ARGUELLES MEXICO,B,bidirectional,VIR,JACKSON,TX,Z0,Z0,109,False,,,28.959802,-96.58908,census_county_internal_point,county,48239,Jackson County,km_tgp_locations:1787939514021564000:470a5ca9ff1632ccbae5df41106523761d4ea1990719dabdb968f31231c16847,census_county_gazetteer:1787939514135521000:4c90d0f805779923b5958ab13d0c1e9b99fe4932b786bfcf75dd739bb2dcb4ea,2026-08-28T17:51:54.021564Z
50643,TGP/TGP LOGICAL KMTEJAS GANADO,B,bidirectional,VIR,JACKSON,TX,Z0,Z0,109,False,,,28.959802,-96.58908,census_county_internal_point,county,48239,Jackson County,km_tgp_locations:1787939514021564000:470a5ca9ff1632ccbae5df41106523761d4ea1990719dabdb968f31231c16847,census_county_gazetteer:1787939514135521000:4c90d0f805779923b5958ab13d0c1e9b99fe4932b786bfcf75dd739bb2dcb4ea,2026-08-28T17:51:54.021564Z
412356,DCP OPER/TGP TIJERINA DEHY JIM WELL,R,receipt,PLT,JIM WELLS,TX,Z0,Z0,406,True,DCP OPERATING COMPANY LP,C011323,27.733516,-98.090814,census_county_internal_point,county,48249,Jim Wells County,km_tgp_locations:1787939514021564000:470a5ca9ff1632ccbae5df41106523761d4ea1990719dabdb968f31231c16847,census_county_gazetteer:1787939514135521000:4c90d0f805779923b5958ab13d0c1e9b99fe4932b786bfcf75dd739bb2dcb4ea,2026-08-28T17:51:54.021564Z
410539,GCENGY/TGP UDP LYLE WILSON DEHY JIM,R,receipt,WHD,JIM WELLS,TX,Z0,Z0,406,True,GULF COAST ENERGY INC.,,27.733516,-98.090814,census_county_internal_point,county,48249,Jim Wells County,km_tgp_locations:1787939514021564000:470a5ca9ff1632ccbae5df41106523761d4ea1990719dabdb968f31231c16847,census_county_gazetteer:1787939514135521000:4c90d0f805779923b5958ab13d0c1e9b99fe4932b786bfcf75dd739bb2dcb4ea,2026-08-28T17:51:54.021564Z
412400,LOBO/TGP KING RANCH JIM WELLS,R,receipt,INT,JIM WELLS,TX,Z0,Z0,406,True,LOBO PIPELINE COMPANY LLC,C001263,27.733516,-98.090814,census_county_internal_point,county,48249,Jim Wells County,km_tgp_locations:1787939514021564000:470a5ca9ff1632ccbae5df41106523761d4ea1990719dabdb968f31231c16847,census_county_gazetteer:1787939514135521000:4c90d0f805779923b5958ab13d0c1e9b99fe4932b786bfcf75dd739bb2dcb4ea,2026-08-28T17:51:54.021564Z
412020,TRNSCO/TGP FALFURRIAS TRANSPORT JIM,R,receipt,OTH,JIM WELLS,TX,Z0,Z0,406,True,TRANSCONTINENTAL GAS PIPELINE COMPANY LLC,C000654,27.733516,-98.090814,census_county_internal_point,county,48249,Jim Wells County,km_tgp_locations:1787939514021564000:470a5ca9ff1632ccbae5df41106523761d4ea1990719dabdb968f31231c16847,census_county_gazetteer:1787939514135521000:4c90d0f805779923b5958ab13d0c1e9b99fe4932b786bfcf75dd739bb2dcb4ea,2026-08-28T17:51:54.021564Z
412197,KMTEJAS/TGP KING RANCH KLEBERG,R,receipt,INT,KLEBERG,TX,Z0,Z0,406,True,KINDER MORGAN TEJAS PIPELINE LLC,C000434,27.438735,-97.66062,census_county_internal_point,county,48273,Kleberg County,km_tgp_locations:1787939514021564000:470a5ca9ff1632ccbae5df41106523761d4ea1990719dabdb968f31231c16847,census_county_gazetteer:1787939514135521000:4c90d0f805779923b5958ab13d0c1e9b99fe4932b786bfcf75dd739bb2dcb4ea,2026-08-28T17:51:54.021564Z
55152,TGP/KMTEJAS KING RANCH EXCH #2 ROLL,B,bidirectional,INT,KLEBERG,TX,Z0,Z0,406,True,TENNESSEE GAS PIPELINE COMPANY L.L.C.,C000020,27.438735,-97.66062,census_county_internal_point,county,48273,Kleberg County,km_tgp_locations:1787939514021564000:470a5ca9ff1632ccbae5df41106523761d4ea1990719dabdb968f31231c16847,census_county_gazetteer:1787939514135521000:4c90d0f805779923b5958ab13d0c1e9b99fe4932b786bfcf75dd739bb2dcb4ea,2026-08-28T17:51:54.021564Z
400448,CICO/TGP MERCY GU 1 LIBERTY,R,receipt,WHD,LIBERTY,TX,Z0,Z0,125,True,CICO OIL & GAS COMPANY,,30.158508,-94.844061,census_county_internal_point,county,48291,Liberty County,km_tgp_locations:1787939514021564000:470a5ca9ff1632ccbae5df41106523761d4ea1990719dabdb968f31231c16847,census_county_gazetteer:1787939514135521000:4c90d0f805779923b5958ab13d0c1e9b99fe4932b786bfcf75dd739bb2dcb4ea,2026-08-28T17:51:54.021564Z
421082,CEIP/TGP MOORHEAD ROAD: DIP 23B 101,D,delivery,LDC,MONTGOMERY,TX,Z0,Z0,117,True,CENTERPOINT ENERGY INTRASTATE PIPELINES LLC,,30.298801,-95.50295,census_county_internal_point,county,48339,Montgomery County,km_tgp_locations:1787939514021564000:470a5ca9ff1632ccbae5df41106523761d4ea1990719dabdb968f31231c16847,census_county_gazetteer:1787939514135521000:4c90d0f805779923b5958ab13d0c1e9b99fe4932b786bfcf75dd739bb2dcb4ea,2026-08-28T17:51:54.021564Z
421011,CNTRPT/TGP IMPERIAL OAKS MONTGOMERY,D,delivery,LDC,MONTGOMERY,TX,Z0,Z0,117,True,CENTERPOINT ENERGY RESOURCES CORP.,,30.298801,-95.50295,census_county_internal_point,county,48339,Montgomery County,km_tgp_locations:1787939514021564000:470a5ca9ff1632ccbae5df41106523761d4ea1990719dabdb968f31231c16847,census_county_gazetteer:1787939514135521000:4c90d0f805779923b5958ab13d0c1e9b99fe4932b786bfcf75dd739bb2dcb4ea,2026-08-28T17:51:54.021564Z
420513,COASTENG/TGP BENDER TEXAS GAS LIFT,D,delivery,OTH,MONTGOMERY,TX,Z0,Z0,117,True,COAST ENERGY GROUP,,30.298801,-95.50295,census_county_internal_point,county,48339,Montgomery County,km_tgp_locations:1787939514021564000:470a5ca9ff1632ccbae5df41106523761d4ea1990719dabdb968f31231c16847,census_county_gazetteer:1787939514135521000:4c90d0f805779923b5958ab13d0c1e9b99fe4932b786bfcf75dd739bb2dcb4ea,2026-08-28T17:51:54.021564Z
412327,FAMCORO/TGP SABINE WELL 5 DEHY MON,R,receipt,WHD,MONTGOMERY,TX,Z0,Z0,117,True,FAMCOR OIL INC,,30.298801,-95.50295,census_county_internal_point,county,48339,Montgomery County,km_tgp_locations:1787939514021564000:470a5ca9ff1632ccbae5df41106523761d4ea1990719dabdb968f31231c16847,census_county_gazetteer:1787939514135521000:4c90d0f805779923b5958ab13d0c1e9b99fe4932b786bfcf75dd739bb2dcb4ea,2026-08-28T17:51:54.021564Z
55540,HOOKSGAS/TGP PINEWOOD DELIVERY MONT,D,delivery,LDC,MONTGOMERY,TX,Z0,Z0,117,True,HOOKS GAS PIPELINE LLC,C002788,30.298801,-95.50295,census_county_internal_point,county,48339,Montgomery County,km_tgp_locations:1787939514021564000:470a5ca9ff1632ccbae5df41106523761d4ea1990719dabdb968f31231c16847,census_county_gazetteer:1787939514135521000:4c90d0f805779923b5958ab13d0c1e9b99fe4932b786bfcf75dd739bb2dcb4ea,2026-08-28T17:51:54.021564Z
412156,KAISER/TGP FRIENDSWOOD 1 DEHY MONT,R,receipt,WHD,MONTGOMERY,TX,Z0,Z0,117,True,KAISER-FRANCIS OIL COMPANY,,30.298801,-95.50295,census_county_internal_point,county,48339,Montgomery County,km_tgp_locations:1787939514021564000:470a5ca9ff1632ccbae5df41106523761d4ea1990719dabdb968f31231c16847,census_county_gazetteer:1787939514135521000:4c90d0f805779923b5958ab13d0c1e9b99fe4932b786bfcf75dd739bb2dcb4ea,2026-08-28T17:51:54.021564Z
412361,LOCIN/TGP FAULCONER TAP MONTGOMERY,R,receipt,WHD,MONTGOMERY,TX,Z0,Z0,117,True,LOCIN OIL CORPORATION,,30.298801,-95.50295,census_county_internal_point,county,48339,Montgomery County,km_tgp_locations:1787939514021564000:470a5ca9ff1632ccbae5df41106523761d4ea1990719dabdb968f31231c16847,census_county_gazetteer:1787939514135521000:4c90d0f805779923b5958ab13d0c1e9b99fe4932b786bfcf75dd739bb2dcb4ea,2026-08-28T17:51:54.021564Z
420898,SYMMETRY/TGP TOMBALL SALES NORTH MO,D,delivery,INT,MONTGOMERY,TX,Z0,Z0,117,True,SYMMETRY ENERGY SOLUTIONS LLC,,30.298801,-95.50295,census_county_internal_point,county,48339,Montgomery County,km_tgp_locations:1787939514021564000:470a5ca9ff1632ccbae5df41106523761d4ea1990719dabdb968f31231c16847,census_county_gazetteer:1787939514135521000:4c90d0f805779923b5958ab13d0c1e9b99fe4932b786bfcf75dd739bb2dcb4ea,2026-08-28T17:51:54.021564Z
412223,MU BURLGTON/TGP MUSTANG ISLAND BLO,R,receipt,OTH,MUSTANG ISLAND - LARGE BLOCK,TX,Z0,Z0,101,True,BURLINGTON RESOURCES TRADING INC.,,,,,,,,km_tgp_locations:1787939514021564000:470a5ca9ff1632ccbae5df41106523761d4ea1990719dabdb968f31231c16847,,2026-08-28T17:51:54.021564Z
412013,ENTRPRSE/TGP SABINE RIVER TRANS NEW,B,bidirectional,INT,NEWTON,TX,ZL,ZL,820,True,ENTERPRISE INTRASTATE LLC,C000925,30.786718,-93.73925,census_county_internal_point,county,48351,Newton County,km_tgp_locations:1787939514021564000:470a5ca9ff1632ccbae5df41106523761d4ea1990719dabdb968f31231c16847,census_county_gazetteer:1787939514135521000:4c90d0f805779923b5958ab13d0c1e9b99fe4932b786bfcf75dd739bb2dcb4ea,2026-08-28T17:51:54.021564Z
412690,HPL/TGP SABINE NEWTON,R,receipt,INT,NEWTON,TX,ZL,ZL,820,True,HOUSTON PIPE LINE COMPANY LP,C001003,30.786718,-93.73925,census_county_internal_point,county,48351,Newton County,km_tgp_locations:1787939514021564000:470a5ca9ff1632ccbae5df41106523761d4ea1990719dabdb968f31231c16847,census_county_gazetteer:1787939514135521000:4c90d0f805779923b5958ab13d0c1e9b99fe4932b786bfcf75dd739bb2dcb4ea,2026-08-28T17:51:54.021564Z
412521,ATAPCO/TGP UDP EAST RIVERSIDE NUECE,R,receipt,WHD,NUECES,TX,Z0,Z0,101,True,AMERICAN TRADING AND PRODUCTION CORPORATION,,27.739975,-97.516301,census_county_internal_point,county,48355,Nueces County,km_tgp_locations:1787939514021564000:470a5ca9ff1632ccbae5df41106523761d4ea1990719dabdb968f31231c16847,census_county_gazetteer:1787939514135521000:4c90d0f805779923b5958ab13d0c1e9b99fe4932b786bfcf75dd739bb2dcb4ea,2026-08-28T17:51:54.021564Z
412062,BANHUB/TGP BANQUETE TRANSPORT NUECE,B,bidirectional,INT,NUECES,TX,Z0,Z0,101,True,BANQUETE HUB LLC,C010083,27.739975,-97.516301,census_county_internal_point,county,48355,Nueces County,km_tgp_locations:1787939514021564000:470a5ca9ff1632ccbae5df41106523761d4ea1990719dabdb968f31231c16847,census_county_gazetteer:1787939514135521000:4c90d0f805779923b5958ab13d0c1e9b99fe4932b786bfcf75dd739bb2dcb4ea,2026-08-28T17:51:54.021564Z
420821,CPTENTEX/TGP BANQUETTE SALES NUECES,D,delivery,LDC,NUECES,TX,Z0,Z0,101,True,CENTERPOINT ENERGY ENTEX,,27.739975,-97.516301,census_county_internal_point,county,48355,Nueces County,km_tgp_locations:1787939514021564000:470a5ca9ff1632ccbae5df41106523761d4ea1990719dabdb968f31231c16847,census_county_gazetteer:1787939514135521000:4c90d0f805779923b5958ab13d0c1e9b99fe4932b786bfcf75dd739bb2dcb4ea,2026-08-28T17:51:54.021564Z
412494,DCP OPER/TGP WARDER COASTAL PLANT D,R,receipt,PLT,NUECES,TX,Z0,Z0,406,True,DCP OPERATING COMPANY LP,C011323,27.739975,-97.516301,census_county_internal_point,county,48355,Nueces County,km_tgp_locations:1787939514021564000:470a5ca9ff1632ccbae5df41106523761d4ea1990719dabdb968f31231c16847,census_county_gazetteer:1787939514135521000:4c90d0f805779923b5958ab13d0c1e9b99fe4932b786bfcf75dd739bb2dcb4ea,2026-08-28T17:51:54.021564Z
411265,ECCO/TGP RIVERSIDE DEHY NUECES,R,receipt,WHD,NUECES,TX,Z0,Z0,101,True,ECCO ENERGY CORP.,,27.739975,-97.516301,census_county_internal_point,county,48355,Nueces County,km_tgp_locations:1787939514021564000:470a5ca9ff1632ccbae5df41106523761d4ea1990719dabdb968f31231c16847,census_county_gazetteer:1787939514135521000:4c90d0f805779923b5958ab13d0c1e9b99fe4932b786bfcf75dd739bb2dcb4ea,2026-08-28T17:51:54.021564Z
412877,EFMIDS/TGP BANQUETE PLANT: RIP 1T 1,R,receipt,INT,NUECES,TX,Z0,Z0,101,True,EAGLE FORD MIDSTREAM LLC,C002792,27.739975,-97.516301,census_county_internal_point,county,48355,Nueces County,km_tgp_locations:1787939514021564000:470a5ca9ff1632ccbae5df41106523761d4ea1990719dabdb968f31231c16847,census_county_gazetteer:1787939514135521000:4c90d0f805779923b5958ab13d0c1e9b99fe4932b786bfcf75dd739bb2dcb4ea,2026-08-28T17:51:54.021564Z
412196,ENLINK/TGP NORTH BRAYTON DEHY NUECE,R,receipt,GTH,NUECES,TX,Z0,Z0,101,True,ENLINK MIDSTREAM OPERATING LP,,27.739975,-97.516301,census_county_internal_point,county,48355,Nueces County,km_tgp_locations:1787939514021564000:470a5ca9ff1632ccbae5df41106523761d4ea1990719dabdb968f31231c16847,census_county_gazetteer:1787939514135521000:4c90d0f805779923b5958ab13d0c1e9b99fe4932b786bfcf75dd739bb2dcb4ea,2026-08-28T17:51:54.021564Z
411884,ENRONCTR/TGP MAGNOLIA PLANT PTR MAK,R,receipt,INT,NUECES,TX,Z0,Z0,406,True,ENRON NORTH AMERICA CORP.,,27.739975,-97.516301,census_county_internal_point,county,48355,Nueces County,km_tgp_locations:1787939514021564000:470a5ca9ff1632ccbae5df41106523761d4ea1990719dabdb968f31231c16847,census_county_gazetteer:1787939514135521000:4c90d0f805779923b5958ab13d0c1e9b99fe4932b786bfcf75dd739bb2dcb4ea,2026-08-28T17:51:54.021564Z
411306,ENTRPRSE/TGP AGUA DULCE NUECES,B,bidirectional,INT,NUECES,TX,Z0,Z0,101,True,ENTERPRISE INTRASTATE LLC,C000925,27.739975,-97.516301,census_county_internal_point,county,48355,Nueces County,km_tgp_locations:1787939514021564000:470a5ca9ff1632ccbae5df41106523761d4ea1990719dabdb968f31231c16847,census_county_gazetteer:1787939514135521000:4c90d0f805779923b5958ab13d0c1e9b99fe4932b786bfcf75dd739bb2dcb4ea,2026-08-28T17:51:54.021564Z
412669,ETP/TGP SHOUP NUECES,R,receipt,INT,NUECES,TX,Z0,Z0,101,True,ENTERPRISE TEXAS PIPELINE LLC,C000924,27.739975,-97.516301,census_county_internal_point,county,48355,Nueces County,km_tgp_locations:1787939514021564000:470a5ca9ff1632ccbae5df41106523761d4ea1990719dabdb968f31231c16847,census_county_gazetteer:1787939514135521000:4c90d0f805779923b5958ab13d0c1e9b99fe4932b786bfcf75dd739bb2dcb4ea,2026-08-28T17:51:54.021564Z
411364,GCENGY/TGP EAST RIVERSIDE DEHYDRAT,R,receipt,WHD,NUECES,TX,Z0,Z0,101,True,GULF COAST ENERGY INC.,,27.739975,-97.516301,census_county_internal_point,county,48355,Nueces County,km_tgp_locations:1787939514021564000:470a5ca9ff1632ccbae5df41106523761d4ea1990719dabdb968f31231c16847,census_county_gazetteer:1787939514135521000:4c90d0f805779923b5958ab13d0c1e9b99fe4932b786bfcf75dd739bb2dcb4ea,2026-08-28T17:51:54.021564Z
57687,GCX/TGP AGUA DULCE GCXE RECEIPT NUE,R,receipt,INT,NUECES,TX,Z0,Z0,101,True,GULF COAST EXPRESS PIPELINE LLC,C010084,27.739975,-97.516301,census_county_internal_point,county,48355,Nueces County,km_tgp_locations:1787939514021564000:470a5ca9ff1632ccbae5df41106523761d4ea1990719dabdb968f31231c16847,census_county_gazetteer:1787939514135521000:4c90d0f805779923b5958ab13d0c1e9b99fe4932b786bfcf75dd739bb2dcb4ea,2026-08-28T17:51:54.021564Z
412124,LASERGTH/TGP RIVERSIDE WILSON 1 NU,R,receipt,WHD,NUECES,TX,Z0,Z0,101,True,LIG GATHERING COMPANY II LLC,,27.739975,-97.516301,census_county_internal_point,county,48355,Nueces County,km_tgp_locations:1787939514021564000:470a5ca9ff1632ccbae5df41106523761d4ea1990719dabdb968f31231c16847,census_county_gazetteer:1787939514135521000:4c90d0f805779923b5958ab13d0c1e9b99fe4932b786bfcf75dd739bb2dcb4ea,2026-08-28T17:51:54.021564Z
412270,LOBO/TGP UDP TRANSAMERICAN INTERCON,R,receipt,INT,NUECES,TX,Z0,Z0,101,True,LOBO PIPELINE COMPANY LLC,C001263,27.739975,-97.516301,census_county_internal_point,county,48355,Nueces County,km_tgp_locations:1787939514021564000:470a5ca9ff1632ccbae5df41106523761d4ea1990719dabdb968f31231c16847,census_county_gazetteer:1787939514135521000:4c90d0f805779923b5958ab13d0c1e9b99fe4932b786bfcf75dd739bb2dcb4ea,2026-08-28T17:51:54.021564Z
47799,NMP/TGP GILLRINA ROAD NUECES,B,bidirectional,INT,NUECES,TX,Z0,Z0,101,True,NET MEXICO PIPELINE PARTNERS LLC,C004698,27.739975,-97.516301,census_county_internal_point,county,48355,Nueces County,km_tgp_locations:1787939514021564000:470a5ca9ff1632ccbae5df41106523761d4ea1990719dabdb968f31231c16847,census_county_gazetteer:1787939514135521000:4c90d0f805779923b5958ab13d0c1e9b99fe4932b786bfcf75dd739bb2dcb4ea,2026-08-28T17:51:54.021564Z
411289,PRODGG/TGP UDP RIVERSIDE DEHY NUECE,R,receipt,GTH,NUECES,TX,Z0,Z0,101,True,PRODUCERS GAS GATHERING COMPANY JOINT VENTURE II,,27.739975,-97.516301,census_county_internal_point,county,48355,Nueces County,km_tgp_locations:1787939514021564000:470a5ca9ff1632ccbae5df41106523761d4ea1990719dabdb968f31231c16847,census_county_gazetteer:1787939514135521000:4c90d0f805779923b5958ab13d0c1e9b99fe4932b786bfcf75dd739bb2dcb4ea,2026-08-28T17:51:54.021564Z
53608,VCP/TGP VALLEY CROSSING ALLOCATION,B,bidirectional,INT,NUECES,TX,Z0,Z0,101,True,VALLEY CROSSING PIPELINE LLC,C008927,27.739975,-97.516301,census_county_internal_point,county,48355,Nueces County,km_tgp_locations:1787939514021564000:470a5ca9ff1632ccbae5df41106523761d4ea1990719dabdb968f31231c16847,census_county_gazetteer:1787939514135521000:4c90d0f805779923b5958ab13d0c1e9b99fe4932b786bfcf75dd739bb2dcb4ea,2026-08-28T17:51:54.021564Z
54847,WHISTLEP/TGP WHISTLE RECEIPT NUECES,R,receipt,INT,NUECES,TX,Z0,Z0,101,True,WHISTLER PIPELINE LLC,C011042,27.739975,-97.516301,census_county_internal_point,county,48355,Nueces County,km_tgp_locations:1787939514021564000:470a5ca9ff1632ccbae5df41106523761d4ea1990719dabdb968f31231c16847,census_county_gazetteer:1787939514135521000:4c90d0f805779923b5958ab13d0c1e9b99fe4932b786bfcf75dd739bb2dcb4ea,2026-08-28T17:51:54.021564Z
410031,EASTRANS/TGP EAST TX PLANT DEHY PAN,R,receipt,WHD,PANOLA,TX,Z0,Z0,700,True,EASTRANS LLC,C000105,32.163978,-94.305156,census_county_internal_point,county,48365,Panola County,km_tgp_locations:1787939514021564000:470a5ca9ff1632ccbae5df41106523761d4ea1990719dabdb968f31231c16847,census_county_gazetteer:1787939514135521000:4c90d0f805779923b5958ab13d0c1e9b99fe4932b786bfcf75dd739bb2dcb4ea,2026-08-28T17:51:54.021564Z
420723,ETP/TGP CARTHAGE GAS UNIT 13 PANOLA,B,bidirectional,INT,PANOLA,TX,Z0,Z0,700,True,ENTERPRISE TEXAS PIPELINE LLC,C000924,32.163978,-94.305156,census_county_internal_point,county,48365,Panola County,km_tgp_locations:1787939514021564000:470a5ca9ff1632ccbae5df41106523761d4ea1990719dabdb968f31231c16847,census_county_gazetteer:1787939514135521000:4c90d0f805779923b5958ab13d0c1e9b99fe4932b786bfcf75dd739bb2dcb4ea,2026-08-28T17:51:54.021564Z
412033,MARLIN/TGP CARTHAGE TRANSPORT PANOL,R,receipt,GTH,PANOLA,TX,Z0,Z0,700,True,MARLIN MIDSTREAM. LLC,,32.163978,-94.305156,census_county_internal_point,county,48365,Panola County,km_tgp_locations:1787939514021564000:470a5ca9ff1632ccbae5df41106523761d4ea1990719dabdb968f31231c16847,census_county_gazetteer:1787939514135521000:4c90d0f805779923b5958ab13d0c1e9b99fe4932b786bfcf75dd739bb2dcb4ea,2026-08-28T17:51:54.021564Z
412688,MIDCOAST/TGP PANOLA TRANSPORT 2 PAN,R,receipt,INT,PANOLA,TX,Z0,Z0,700,True,MIDCOAST PIPELINES (EAST TEXAS) L.P.,C001125,32.163978,-94.305156,census_county_internal_point,county,48365,Panola County,km_tgp_locations:1787939514021564000:470a5ca9ff1632ccbae5df41106523761d4ea1990719dabdb968f31231c16847,census_county_gazetteer:1787939514135521000:4c90d0f805779923b5958ab13d0c1e9b99fe4932b786bfcf75dd739bb2dcb4ea,2026-08-28T17:51:54.021564Z
411525,PETROQUE/TGP BELLE BOWER DEHY PANOL,R,receipt,WHD,PANOLA,TX,Z0,Z0,700,True,PETROQUEST ENERGY LLC,,32.163978,-94.305156,census_county_internal_point,county,48365,Panola County,km_tgp_locations:1787939514021564000:470a5ca9ff1632ccbae5df41106523761d4ea1990719dabdb968f31231c16847,census_county_gazetteer:1787939514135521000:4c90d0f805779923b5958ab13d0c1e9b99fe4932b786bfcf75dd739bb2dcb4ea,2026-08-28T17:51:54.021564Z
411200,TGP/TGP ENTEX PANOLA TRANSPORT PANO,R,receipt,INT,PANOLA,TX,Z0,Z0,700,False,,,32.163978,-94.305156,census_county_internal_point,county,48365,Panola County,km_tgp_locations:1787939514021564000:470a5ca9ff1632ccbae5df41106523761d4ea1990719dabdb968f31231c16847,census_county_gazetteer:1787939514135521000:4c90d0f805779923b5958ab13d0c1e9b99fe4932b786bfcf75dd739bb2dcb4ea,2026-08-28T17:51:54.021564Z
411374,EQVOPERA/TGP NEW ACE DEHY POLK,R,receipt,WHD,POLK,TX,Z0,Z0,125,True,EQV OPERATING LLC,,30.784553,-94.837338,census_county_internal_point,county,48373,Polk County,km_tgp_locations:1787939514021564000:470a5ca9ff1632ccbae5df41106523761d4ea1990719dabdb968f31231c16847,census_county_gazetteer:1787939514135521000:4c90d0f805779923b5958ab13d0c1e9b99fe4932b786bfcf75dd739bb2dcb4ea,2026-08-28T17:51:54.021564Z
412453,GEOPETRA/TGP WEST LUMBER #2 POLK,R,receipt,WHD,POLK,TX,Z0,Z0,125,True,GEOPETRA PARTNERS LLC,,30.784553,-94.837338,census_county_internal_point,county,48373,Polk County,km_tgp_locations:1787939514021564000:470a5ca9ff1632ccbae5df41106523761d4ea1990719dabdb968f31231c16847,census_county_gazetteer:1787939514135521000:4c90d0f805779923b5958ab13d0c1e9b99fe4932b786bfcf75dd739bb2dcb4ea,2026-08-28T17:51:54.021564Z
412738,TECOGATH/TGP TECO INDIAN SPRINGS PO,R,receipt,GTH,POLK,TX,Z0,Z0,125,True,TECO GAS GATHERING LLC,,30.784553,-94.837338,census_county_internal_point,county,48373,Polk County,km_tgp_locations:1787939514021564000:470a5ca9ff1632ccbae5df41106523761d4ea1990719dabdb968f31231c16847,census_county_gazetteer:1787939514135521000:4c90d0f805779923b5958ab13d0c1e9b99fe4932b786bfcf75dd739bb2dcb4ea,2026-08-28T17:51:54.021564Z
412626,38OIL/TGP REFUGIO RECEIPT REFUGIO,R,receipt,WHD,REFUGIO,TX,Z0,Z0,101,True,38 OIL & GAS L.L.C.,,28.322116,-97.162472,census_county_internal_point,county,48391,Refugio County,km_tgp_locations:1787939514021564000:470a5ca9ff1632ccbae5df41106523761d4ea1990719dabdb968f31231c16847,census_county_gazetteer:1787939514135521000:4c90d0f805779923b5958ab13d0c1e9b99fe4932b786bfcf75dd739bb2dcb4ea,2026-08-28T17:51:54.021564Z
412580,BISH PET/TGP OCONNOR F 1 REFUGIO,R,receipt,WHD,REFUGIO,TX,Z0,Z0,101,True,BISHOP PETROLEUM INC.,,28.322116,-97.162472,census_county_internal_point,county,48391,Refugio County,km_tgp_locations:1787939514021564000:470a5ca9ff1632ccbae5df41106523761d4ea1990719dabdb968f31231c16847,census_county_gazetteer:1787939514135521000:4c90d0f805779923b5958ab13d0c1e9b99fe4932b786bfcf75dd739bb2dcb4ea,2026-08-28T17:51:54.021564Z
412567,C&E OPER/TGP WOODSBORO ROOKE RANCH,R,receipt,WHD,REFUGIO,TX,Z0,Z0,101,True,C & E OPERATING INC.,,28.322116,-97.162472,census_county_internal_point,county,48391,Refugio County,km_tgp_locations:1787939514021564000:470a5ca9ff1632ccbae5df41106523761d4ea1990719dabdb968f31231c16847,census_county_gazetteer:1787939514135521000:4c90d0f805779923b5958ab13d0c1e9b99fe4932b786bfcf75dd739bb2dcb4ea,2026-08-28T17:51:54.021564Z
412530,FIVEJAB/TGP WISER DEHYD REFUGIO,R,receipt,WHD,REFUGIO,TX,Z0,Z0,101,True,FIVE - JAB INC.,,28.322116,-97.162472,census_county_internal_point,county,48391,Refugio County,km_tgp_locations:1787939514021564000:470a5ca9ff1632ccbae5df41106523761d4ea1990719dabdb968f31231c16847,census_county_gazetteer:1787939514135521000:4c90d0f805779923b5958ab13d0c1e9b99fe4932b786bfcf75dd739bb2dcb4ea,2026-08-28T17:51:54.021564Z
410063,GCENGY/TGP UDP ROCHE DEHY REFUGIO,R,receipt,WHD,REFUGIO,TX,Z0,Z0,101,True,GULF COAST ENERGY INC.,,28.322116,-97.162472,census_county_internal_point,county,48391,Refugio County,km_tgp_locations:1787939514021564000:470a5ca9ff1632ccbae5df41106523761d4ea1990719dabdb968f31231c16847,census_county_gazetteer:1787939514135521000:4c90d0f805779923b5958ab13d0c1e9b99fe4932b786bfcf75dd739bb2dcb4ea,2026-08-28T17:51:54.021564Z
412473,HEC/TGP SOUTH PHIL TOWER REFUGIO,R,receipt,WHD,REFUGIO,TX,Z0,Z0,101,True,HILCORP ENERGY COMPANY,,28.322116,-97.162472,census_county_internal_point,county,48391,Refugio County,km_tgp_locations:1787939514021564000:470a5ca9ff1632ccbae5df41106523761d4ea1990719dabdb968f31231c16847,census_county_gazetteer:1787939514135521000:4c90d0f805779923b5958ab13d0c1e9b99fe4932b786bfcf75dd739bb2dcb4ea,2026-08-28T17:51:54.021564Z
412242,INTRCONN/TGP UDP LAMBERT DEHY REFUG,R,receipt,WHD,REFUGIO,TX,Z0,Z0,101,True,INTERCONN RESOURCES LLC,,28.322116,-97.162472,census_county_internal_point,county,48391,Refugio County,km_tgp_locations:1787939514021564000:470a5ca9ff1632ccbae5df41106523761d4ea1990719dabdb968f31231c16847,census_county_gazetteer:1787939514135521000:4c90d0f805779923b5958ab13d0c1e9b99fe4932b786bfcf75dd739bb2dcb4ea,2026-08-28T17:51:54.021564Z
412210,INTRCONN/TGP UDP STATE TRACT 72 1,R,receipt,WHD,REFUGIO,TX,Z0,Z0,101,True,INTERCONN RESOURCES LLC,,28.322116,-97.162472,census_county_internal_point,county,48391,Refugio County,km_tgp_locations:1787939514021564000:470a5ca9ff1632ccbae5df41106523761d4ea1990719dabdb968f31231c16847,census_county_gazetteer:1787939514135521000:4c90d0f805779923b5958ab13d0c1e9b99fe4932b786bfcf75dd739bb2dcb4ea,2026-08-28T17:51:54.021564Z
412861,KMTEJAS/TGP ROCHE LA ROSA: RIP 5A 1,R,receipt,INT,REFUGIO,TX,Z0,Z0,101,True,KINDER MORGAN TEJAS PIPELINE LLC,C000434,28.322116,-97.162472,census_county_internal_point,county,48391,Refugio County,km_tgp_locations:1787939514021564000:470a5ca9ff1632ccbae5df41106523761d4ea1990719dabdb968f31231c16847,census_county_gazetteer:1787939514135521000:4c90d0f805779923b5958ab13d0c1e9b99fe4932b786bfcf75dd739bb2dcb4ea,2026-08-28T17:51:54.021564Z
412869,T2 GAS/TGP UDP KELLEY ROAD: RIP 5R,R,receipt,WHD,REFUGIO,TX,Z0,Z0,101,True,T2 GAS UTILITY LLC,,28.322116,-97.162472,census_county_internal_point,county,48391,Refugio County,km_tgp_locations:1787939514021564000:470a5ca9ff1632ccbae5df41106523761d4ea1990719dabdb968f31231c16847,census_county_gazetteer:1787939514135521000:4c90d0f805779923b5958ab13d0c1e9b99fe4932b786bfcf75dd739bb2dcb4ea,2026-08-28T17:51:54.021564Z
412392,BEXCO/TGP BROOKELAND FIELD DEHYDRAT,R,receipt,WHD,SABINE,TX,Z0,Z0,132,True,BEXCO OPERATING INC.,,31.3433,-93.851913,census_county_internal_point,county,48403,Sabine County,km_tgp_locations:1787939514021564000:470a5ca9ff1632ccbae5df41106523761d4ea1990719dabdb968f31231c16847,census_county_gazetteer:1787939514135521000:4c90d0f805779923b5958ab13d0c1e9b99fe4932b786bfcf75dd739bb2dcb4ea,2026-08-28T17:51:54.021564Z
412277,ET G&P/TGP BROOKELAND FIELD DEHY SA,R,receipt,WHD,SABINE,TX,Z0,Z0,132,True,ET GATHERING & PROCESSING LLC,C012199,31.3433,-93.851913,census_county_internal_point,county,48403,Sabine County,km_tgp_locations:1787939514021564000:470a5ca9ff1632ccbae5df41106523761d4ea1990719dabdb968f31231c16847,census_county_gazetteer:1787939514135521000:4c90d0f805779923b5958ab13d0c1e9b99fe4932b786bfcf75dd739bb2dcb4ea,2026-08-28T17:51:54.021564Z
420146,FOURSQGS/TGP HEMPHILL TX SABINE,D,delivery,LDC,SABINE,TX,Z0,Z0,132,True,FOUR SQUARE GAS COMPANY INC.,,31.3433,-93.851913,census_county_internal_point,county,48403,Sabine County,km_tgp_locations:1787939514021564000:470a5ca9ff1632ccbae5df41106523761d4ea1990719dabdb968f31231c16847,census_county_gazetteer:1787939514135521000:4c90d0f805779923b5958ab13d0c1e9b99fe4932b786bfcf75dd739bb2dcb4ea,2026-08-28T17:51:54.021564Z
412862,BULLOPER/TGP COLDSPRING LATERAL: RI,R,receipt,WHD,SAN JACINTO,TX,Z0,Z0,125,True,BULL OPERATING LLC,,30.574388,-95.163136,census_county_internal_point,county,48407,San Jacinto County,km_tgp_locations:1787939514021564000:470a5ca9ff1632ccbae5df41106523761d4ea1990719dabdb968f31231c16847,census_county_gazetteer:1787939514135521000:4c90d0f805779923b5958ab13d0c1e9b99fe4932b786bfcf75dd739bb2dcb4ea,2026-08-28T17:51:54.021564Z
421064,E TX ELE/TGP SAN JACINTO,D,delivery,EGN,SAN JACINTO,TX,Z0,Z0,125,True,EAST TEXAS ELECTRIC COOPERATIVE INC.,,30.574388,-95.163136,census_county_internal_point,county,48407,San Jacinto County,km_tgp_locations:1787939514021564000:470a5ca9ff1632ccbae5df41106523761d4ea1990719dabdb968f31231c16847,census_county_gazetteer:1787939514135521000:4c90d0f805779923b5958ab13d0c1e9b99fe4932b786bfcf75dd739bb2dcb4ea,2026-08-28T17:51:54.021564Z
410612,FAMCORO/TGP COLD SPRING DEHY SAN JA,R,receipt,OTH,SAN JACINTO,TX,Z0,Z0,125,True,FAMCOR OIL INC,,30.574388,-95.163136,census_county_internal_point,county,48407,San Jacinto County,km_tgp_locations:1787939514021564000:470a5ca9ff1632ccbae5df41106523761d4ea1990719dabdb968f31231c16847,census_county_gazetteer:1787939514135521000:4c90d0f805779923b5958ab13d0c1e9b99fe4932b786bfcf75dd739bb2dcb4ea,2026-08-28T17:51:54.021564Z
412747,GEOPETRA/TGP DREWS LANDING NO 2: RI,R,receipt,WHD,SAN JACINTO,TX,Z0,Z0,125,True,GEOPETRA PARTNERS LLC,,30.574388,-95.163136,census_county_internal_point,county,48407,San Jacinto County,km_tgp_locations:1787939514021564000:470a5ca9ff1632ccbae5df41106523761d4ea1990719dabdb968f31231c16847,census_county_gazetteer:1787939514135521000:4c90d0f805779923b5958ab13d0c1e9b99fe4932b786bfcf75dd739bb2dcb4ea,2026-08-28T17:51:54.021564Z
411559,HEC/TGP UDP 1 CENTRAL COAL & COKE D,R,receipt,WHD,SAN JACINTO,TX,Z0,Z0,125,True,HILCORP ENERGY COMPANY,,30.574388,-95.163136,census_county_internal_point,county,48407,San Jacinto County,km_tgp_locations:1787939514021564000:470a5ca9ff1632ccbae5df41106523761d4ea1990719dabdb968f31231c16847,census_county_gazetteer:1787939514135521000:4c90d0f805779923b5958ab13d0c1e9b99fe4932b786bfcf75dd739bb2dcb4ea,2026-08-28T17:51:54.021564Z
412500,SANDHAWK/TGP DREW S LANDING SAN JAC,R,receipt,WHD,SAN JACINTO,TX,Z0,Z0,125,True,SANDHAWK ENERGY LLC,,30.574388,-95.163136,census_county_internal_point,county,48407,San Jacinto County,km_tgp_locations:1787939514021564000:470a5ca9ff1632ccbae5df41106523761d4ea1990719dabdb968f31231c16847,census_county_gazetteer:1787939514135521000:4c90d0f805779923b5958ab13d0c1e9b99fe4932b786bfcf75dd739bb2dcb4ea,2026-08-28T17:51:54.021564Z
56076,STORAGE - CLEVELAND,B,bidirectional,STR,SAN JACINTO,TX,Z0,Z0,125,False,,,30.574388,-95.163136,census_county_internal_point,county,48407,San Jacinto County,km_tgp_locations:1787939514021564000:470a5ca9ff1632ccbae5df41106523761d4ea1990719dabdb968f31231c16847,census_county_gazetteer:1787939514135521000:4c90d0f805779923b5958ab13d0c1e9b99fe4932b786bfcf75dd739bb2dcb4ea,2026-08-28T17:51:54.021564Z
44521,TGP/KMTP SHEPHERD SAN JACINTO,B,bidirectional,INT,SAN JACINTO,TX,Z0,Z0,125,True,TENNESSEE GAS PIPELINE COMPANY L.L.C.,C000020,30.574388,-95.163136,census_county_internal_point,county,48407,San Jacinto County,km_tgp_locations:1787939514021564000:470a5ca9ff1632ccbae5df41106523761d4ea1990719dabdb968f31231c16847,census_county_gazetteer:1787939514135521000:4c90d0f805779923b5958ab13d0c1e9b99fe4932b786bfcf75dd739bb2dcb4ea,2026-08-28T17:51:54.021564Z
412221,84ENERGY/TGP ODEM DEHYDRATION SAN P,R,receipt,WHD,SAN PATRICIO,TX,Z0,Z0,101,True,84 ENERGY LLC,,28.011794,-97.517157,census_county_internal_point,county,48409,San Patricio County,km_tgp_locations:1787939514021564000:470a5ca9ff1632ccbae5df41106523761d4ea1990719dabdb968f31231c16847,census_county_gazetteer:1787939514135521000:4c90d0f805779923b5958ab13d0c1e9b99fe4932b786bfcf75dd739bb2dcb4ea,2026-08-28T17:51:54.021564Z
49861,CCCPL/TGP SINTON SAN PATRICIO,B,bidirectional,INT,SAN PATRICIO,TX,Z0,Z0,101,True,CHENIERE CORPUS CHRISTI PIPELINE L.P.,C007688,28.011794,-97.517157,census_county_internal_point,county,48409,San Patricio County,km_tgp_locations:1787939514021564000:470a5ca9ff1632ccbae5df41106523761d4ea1990719dabdb968f31231c16847,census_county_gazetteer:1787939514135521000:4c90d0f805779923b5958ab13d0c1e9b99fe4932b786bfcf75dd739bb2dcb4ea,2026-08-28T17:51:54.021564Z
412693,GCENGY/TGP MORGAN SAN PATRICIO,R,receipt,WHD,SAN PATRICIO,TX,Z0,Z0,101,True,GULF COAST ENERGY INC.,,28.011794,-97.517157,census_county_internal_point,county,48409,San Patricio County,km_tgp_locations:1787939514021564000:470a5ca9ff1632ccbae5df41106523761d4ea1990719dabdb968f31231c16847,census_county_gazetteer:1787939514135521000:4c90d0f805779923b5958ab13d0c1e9b99fe4932b786bfcf75dd739bb2dcb4ea,2026-08-28T17:51:54.021564Z
412232,IND MKTG/TGP LOVETT 1 GAS UNIT SAN,R,receipt,WHD,SAN PATRICIO,TX,Z0,Z0,101,True,INDEPENDENT ENERGY MARKETING AND TRADING LLC,,28.011794,-97.517157,census_county_internal_point,county,48409,San Patricio County,km_tgp_locations:1787939514021564000:470a5ca9ff1632ccbae5df41106523761d4ea1990719dabdb968f31231c16847,census_county_gazetteer:1787939514135521000:4c90d0f805779923b5958ab13d0c1e9b99fe4932b786bfcf75dd739bb2dcb4ea,2026-08-28T17:51:54.021564Z
412603,MAGNUS/TGP WILDCAT WELDER HEIRS 5 S,R,receipt,WHD,SAN PATRICIO,TX,Z0,Z0,101,True,SHORELINE GAS LLC,,28.011794,-97.517157,census_county_internal_point,county,48409,San Patricio County,km_tgp_locations:1787939514021564000:470a5ca9ff1632ccbae5df41106523761d4ea1990719dabdb968f31231c16847,census_county_gazetteer:1787939514135521000:4c90d0f805779923b5958ab13d0c1e9b99fe4932b786bfcf75dd739bb2dcb4ea,2026-08-28T17:51:54.021564Z
412664,MUSTNGMK/TGP WHATLEY SAN PATRICIO,R,receipt,WHD,SAN PATRICIO,TX,Z0,Z0,101,True,MUSTANG FUEL MARKETING COMPANY,,28.011794,-97.517157,census_county_internal_point,county,48409,San Patricio County,km_tgp_locations:1787939514021564000:470a5ca9ff1632ccbae5df41106523761d4ea1990719dabdb968f31231c16847,census_county_gazetteer:1787939514135521000:4c90d0f805779923b5958ab13d0c1e9b99fe4932b786bfcf75dd739bb2dcb4ea,2026-08-28T17:51:54.021564Z
412425,ONYXMKTG/TGP RIVERSIDE DEHYD SAN PA,R,receipt,WHD,SAN PATRICIO,TX,Z0,Z0,101,True,ONYX GAS MARKETING COMPANY L.C.,,28.011794,-97.517157,census_county_internal_point,county,48409,San Patricio County,km_tgp_locations:1787939514021564000:470a5ca9ff1632ccbae5df41106523761d4ea1990719dabdb968f31231c16847,census_county_gazetteer:1787939514135521000:4c90d0f805779923b5958ab13d0c1e9b99fe4932b786bfcf75dd739bb2dcb4ea,2026-08-28T17:51:54.021564Z
411190,COTERRA/TGP BEAURLINE DEHY STARR,R,receipt,WHD,STARR,TX,Z0,Z0,409,True,COTERRA ENERGY INC.,,26.530903,-98.740235,census_county_internal_point,county,48427,Starr County,km_tgp_locations:1787939514021564000:470a5ca9ff1632ccbae5df41106523761d4ea1990719dabdb968f31231c16847,census_county_gazetteer:1787939514135521000:4c90d0f805779923b5958ab13d0c1e9b99fe4932b786bfcf75dd739bb2dcb4ea,2026-08-28T17:51:54.021564Z
412150,ENLINK/TGP WEST JAVALINA FIELD DEHY,R,receipt,GTH,STARR,TX,Z0,Z0,409,True,ENLINK MIDSTREAM OPERATING LP,,26.530903,-98.740235,census_county_internal_point,county,48427,Starr County,km_tgp_locations:1787939514021564000:470a5ca9ff1632ccbae5df41106523761d4ea1990719dabdb968f31231c16847,census_county_gazetteer:1787939514135521000:4c90d0f805779923b5958ab13d0c1e9b99fe4932b786bfcf75dd739bb2dcb4ea,2026-08-28T17:51:54.021564Z
410173,ETP/TGP SUN PLANT DEHYDRATION STARR,R,receipt,INT,STARR,TX,Z0,Z0,409,True,ENTERPRISE TEXAS PIPELINE LLC,C000924,26.530903,-98.740235,census_county_internal_point,county,48427,Starr County,km_tgp_locations:1787939514021564000:470a5ca9ff1632ccbae5df41106523761d4ea1990719dabdb968f31231c16847,census_county_gazetteer:1787939514135521000:4c90d0f805779923b5958ab13d0c1e9b99fe4932b786bfcf75dd739bb2dcb4ea,2026-08-28T17:51:54.021564Z
410633,GCENGY/TGP EL EBANITO DEHY STARR,R,receipt,WHD,STARR,TX,Z0,Z0,409,True,GULF COAST ENERGY INC.,,26.530903,-98.740235,census_county_internal_point,county,48427,Starr County,km_tgp_locations:1787939514021564000:470a5ca9ff1632ccbae5df41106523761d4ea1990719dabdb968f31231c16847,census_county_gazetteer:1787939514135521000:4c90d0f805779923b5958ab13d0c1e9b99fe4932b786bfcf75dd739bb2dcb4ea,2026-08-28T17:51:54.021564Z
420878,GGUC/TGP RINCON DEHYD STARR,D,delivery,GTH,STARR,TX,Z0,Z0,409,True,GULF GAS UTILITIES COMPANY,,26.530903,-98.740235,census_county_internal_point,county,48427,Starr County,km_tgp_locations:1787939514021564000:470a5ca9ff1632ccbae5df41106523761d4ea1990719dabdb968f31231c16847,census_county_gazetteer:1787939514135521000:4c90d0f805779923b5958ab13d0c1e9b99fe4932b786bfcf75dd739bb2dcb4ea,2026-08-28T17:51:54.021564Z
410729,KMTEJAS/TGP ZIM DEHYDRATION STARR,R,receipt,INT,STARR,TX,Z0,Z0,409,True,KINDER MORGAN TEJAS PIPELINE LLC,C000434,26.530903,-98.740235,census_county_internal_point,county,48427,Starr County,km_tgp_locations:1787939514021564000:470a5ca9ff1632ccbae5df41106523761d4ea1990719dabdb968f31231c16847,census_county_gazetteer:1787939514135521000:4c90d0f805779923b5958ab13d0c1e9b99fe4932b786bfcf75dd739bb2dcb4ea,2026-08-28T17:51:54.021564Z
412456,MAGNUS/TGP LA BRISA STARR,R,receipt,WHD,STARR,TX,Z0,Z0,409,True,SHORELINE GAS LLC,,26.530903,-98.740235,census_county_internal_point,county,48427,Starr County,km_tgp_locations:1787939514021564000:470a5ca9ff1632ccbae5df41106523761d4ea1990719dabdb968f31231c16847,census_county_gazetteer:1787939514135521000:4c90d0f805779923b5958ab13d0c1e9b99fe4932b786bfcf75dd739bb2dcb4ea,2026-08-28T17:51:54.021564Z
411990,MSGM/TGP FROST FIELD DEHY STARR,R,receipt,WHD,STARR,TX,Z0,Z0,409,True,MILLER & SMITH GAS MARKETING INC.,,26.530903,-98.740235,census_county_internal_point,county,48427,Starr County,km_tgp_locations:1787939514021564000:470a5ca9ff1632ccbae5df41106523761d4ea1990719dabdb968f31231c16847,census_county_gazetteer:1787939514135521000:4c90d0f805779923b5958ab13d0c1e9b99fe4932b786bfcf75dd739bb2dcb4ea,2026-08-28T17:51:54.021564Z
411194,SAMSON/TGP NORTH RINCON DEHY STARR,R,receipt,WHD,STARR,TX,Z0,Z0,409,True,SAMSON LONE STAR LIMITED PARTNERSHIP,,26.530903,-98.740235,census_county_internal_point,county,48427,Starr County,km_tgp_locations:1787939514021564000:470a5ca9ff1632ccbae5df41106523761d4ea1990719dabdb968f31231c16847,census_county_gazetteer:1787939514135521000:4c90d0f805779923b5958ab13d0c1e9b99fe4932b786bfcf75dd739bb2dcb4ea,2026-08-28T17:51:54.021564Z
411043,SAMSON/TGP RINCON DEHY STARR,R,receipt,WHD,STARR,TX,Z0,Z0,409,True,SAMSON LONE STAR LIMITED PARTNERSHIP,,26.530903,-98.740235,census_county_internal_point,county,48427,Starr County,km_tgp_locations:1787939514021564000:470a5ca9ff1632ccbae5df41106523761d4ea1990719dabdb968f31231c16847,census_county_gazetteer:1787939514135521000:4c90d0f805779923b5958ab13d0c1e9b99fe4932b786bfcf75dd739bb2dcb4ea,2026-08-28T17:51:54.021564Z
412071,UES/TGP GREINER SLICK A WELL RINCON,R,receipt,WHD,STARR,TX,Z0,Z0,409,True,UPSTREAM ENERGY SERVICES LLC,,26.530903,-98.740235,census_county_internal_point,county,48427,Starr County,km_tgp_locations:1787939514021564000:470a5ca9ff1632ccbae5df41106523761d4ea1990719dabdb968f31231c16847,census_county_gazetteer:1787939514135521000:4c90d0f805779923b5958ab13d0c1e9b99fe4932b786bfcf75dd739bb2dcb4ea,2026-08-28T17:51:54.021564Z
412465,WESTPORT/TGP LA BRISA RANCH 1WELL,R,receipt,WHD,STARR,TX,Z0,Z0,409,True,WESTPORT OIL AND GAS COMPANY L.P.,,26.530903,-98.740235,census_county_internal_point,county,48427,Starr County,km_tgp_locations:1787939514021564000:470a5ca9ff1632ccbae5df41106523761d4ea1990719dabdb968f31231c16847,census_county_gazetteer:1787939514135521000:4c90d0f805779923b5958ab13d0c1e9b99fe4932b786bfcf75dd739bb2dcb4ea,2026-08-28T17:51:54.021564Z
412632,ANADARKO/TGP WOODVILLE DEHYD TYLER,R,receipt,WHD,TYLER,TX,Z0,Z0,125,True,ANADARKO PETROLEUM CORPORATION,,30.769295,-94.375656,census_county_internal_point,county,48457,Tyler County,km_tgp_locations:1787939514021564000:470a5ca9ff1632ccbae5df41106523761d4ea1990719dabdb968f31231c16847,census_county_gazetteer:1787939514135521000:4c90d0f805779923b5958ab13d0c1e9b99fe4932b786bfcf75dd739bb2dcb4ea,2026-08-28T17:51:54.021564Z
412561,EAGLROCK/TGP WOODVILLE TYLER,R,receipt,WHD,TYLER,TX,Z0,Z0,125,True,EAGLE ROCK OPERATING L.P.,,30.769295,-94.375656,census_county_internal_point,county,48457,Tyler County,km_tgp_locations:1787939514021564000:470a5ca9ff1632ccbae5df41106523761d4ea1990719dabdb968f31231c16847,census_county_gazetteer:1787939514135521000:4c90d0f805779923b5958ab13d0c1e9b99fe4932b786bfcf75dd739bb2dcb4ea,2026-08-28T17:51:54.021564Z
420147,SYMMETRY/TGP WOODVILLE TX TYLER,D,delivery,LDC,TYLER,TX,Z0,Z0,125,True,SYMMETRY ENERGY SOLUTIONS LLC,,30.769295,-94.375656,census_county_internal_point,county,48457,Tyler County,km_tgp_locations:1787939514021564000:470a5ca9ff1632ccbae5df41106523761d4ea1990719dabdb968f31231c16847,census_county_gazetteer:1787939514135521000:4c90d0f805779923b5958ab13d0c1e9b99fe4932b786bfcf75dd739bb2dcb4ea,2026-08-28T17:51:54.021564Z
411471,COKINOS/TGP BATTLE FIELD DEHYDRATIO,R,receipt,LDC,VICTORIA,TX,Z0,Z0,101,True,COKINOS NATURAL GAS COMPANY,,28.79637,-96.971198,census_county_internal_point,county,48469,Victoria County,km_tgp_locations:1787939514021564000:470a5ca9ff1632ccbae5df41106523761d4ea1990719dabdb968f31231c16847,census_county_gazetteer:1787939514135521000:4c90d0f805779923b5958ab13d0c1e9b99fe4932b786bfcf75dd739bb2dcb4ea,2026-08-28T17:51:54.021564Z
412556,COKINOS/TGP WILDCAT - CELESTE BROWN,R,receipt,LDC,VICTORIA,TX,Z0,Z0,109,True,COKINOS NATURAL GAS COMPANY,,28.79637,-96.971198,census_county_internal_point,county,48469,Victoria County,km_tgp_locations:1787939514021564000:470a5ca9ff1632ccbae5df41106523761d4ea1990719dabdb968f31231c16847,census_county_gazetteer:1787939514135521000:4c90d0f805779923b5958ab13d0c1e9b99fe4932b786bfcf75dd739bb2dcb4ea,2026-08-28T17:51:54.021564Z
412104,CUMMINS/TGP EDWARDS RANCH DEHY VICT,R,receipt,WHD,VICTORIA,TX,Z0,Z0,101,True,CUMMINS & WALKER OIL CO. INC.,,28.79637,-96.971198,census_county_internal_point,county,48469,Victoria County,km_tgp_locations:1787939514021564000:470a5ca9ff1632ccbae5df41106523761d4ea1990719dabdb968f31231c16847,census_county_gazetteer:1787939514135521000:4c90d0f805779923b5958ab13d0c1e9b99fe4932b786bfcf75dd739bb2dcb4ea,2026-08-28T17:51:54.021564Z
412066,DCP OPER/TGP INEZ INTERCONNECT DEHY,R,receipt,GTH,VICTORIA,TX,Z0,Z0,109,True,DCP OPERATING COMPANY LP,C011323,28.79637,-96.971198,census_county_internal_point,county,48469,Victoria County,km_tgp_locations:1787939514021564000:470a5ca9ff1632ccbae5df41106523761d4ea1990719dabdb968f31231c16847,census_county_gazetteer:1787939514135521000:4c90d0f805779923b5958ab13d0c1e9b99fe4932b786bfcf75dd739bb2dcb4ea,2026-08-28T17:51:54.021564Z
421083,ENLINK/TGP PORT OF VICTORIA: DIP 8H,D,delivery,LDC,VICTORIA,TX,Z0,Z0,101,True,ENLINK MIDSTREAM OPERATING LP,,28.79637,-96.971198,census_county_internal_point,county,48469,Victoria County,km_tgp_locations:1787939514021564000:470a5ca9ff1632ccbae5df41106523761d4ea1990719dabdb968f31231c16847,census_county_gazetteer:1787939514135521000:4c90d0f805779923b5958ab13d0c1e9b99fe4932b786bfcf75dd739bb2dcb4ea,2026-08-28T17:51:54.021564Z
412755,GCENGY/TGP COLETO CREEK VICTORIA,R,receipt,WHD,VICTORIA,TX,Z0,Z0,101,True,GULF COAST ENERGY INC.,,28.79637,-96.971198,census_county_internal_point,county,48469,Victoria County,km_tgp_locations:1787939514021564000:470a5ca9ff1632ccbae5df41106523761d4ea1990719dabdb968f31231c16847,census_county_gazetteer:1787939514135521000:4c90d0f805779923b5958ab13d0c1e9b99fe4932b786bfcf75dd739bb2dcb4ea,2026-08-28T17:51:54.021564Z
411831,GCENGY/TGP WOOD - HI DEHY VICTORIA,R,receipt,WHD,VICTORIA,TX,Z0,Z0,109,True,GULF COAST ENERGY INC.,,28.79637,-96.971198,census_county_internal_point,county,48469,Victoria County,km_tgp_locations:1787939514021564000:470a5ca9ff1632ccbae5df41106523761d4ea1990719dabdb968f31231c16847,census_county_gazetteer:1787939514135521000:4c90d0f805779923b5958ab13d0c1e9b99fe4932b786bfcf75dd739bb2dcb4ea,2026-08-28T17:51:54.021564Z
412574,H-M RES/TGP WILDCAT VICTORIA,R,receipt,WHD,VICTORIA,TX,Z0,Z0,109,True,H-M RESOURCE MANAGEMENT INC.,,28.79637,-96.971198,census_county_internal_point,county,48469,Victoria County,km_tgp_locations:1787939514021564000:470a5ca9ff1632ccbae5df41106523761d4ea1990719dabdb968f31231c16847,census_county_gazetteer:1787939514135521000:4c90d0f805779923b5958ab13d0c1e9b99fe4932b786bfcf75dd739bb2dcb4ea,2026-08-28T17:51:54.021564Z
412111,INTRCONN/TGP UDP EAST PLACIDO DEHY,R,receipt,WHD,VICTORIA,TX,Z0,Z0,109,True,INTERCONN RESOURCES LLC,,28.79637,-96.971198,census_county_internal_point,county,48469,Victoria County,km_tgp_locations:1787939514021564000:470a5ca9ff1632ccbae5df41106523761d4ea1990719dabdb968f31231c16847,census_county_gazetteer:1787939514135521000:4c90d0f805779923b5958ab13d0c1e9b99fe4932b786bfcf75dd739bb2dcb4ea,2026-08-28T17:51:54.021564Z
410454,INTRCONN/TGP UDP NORTH KEERAN WELL,R,receipt,WHD,VICTORIA,TX,Z0,Z0,109,True,INTERCONN RESOURCES LLC,,28.79637,-96.971198,census_county_internal_point,county,48469,Victoria County,km_tgp_locations:1787939514021564000:470a5ca9ff1632ccbae5df41106523761d4ea1990719dabdb968f31231c16847,census_county_gazetteer:1787939514135521000:4c90d0f805779923b5958ab13d0c1e9b99fe4932b786bfcf75dd739bb2dcb4ea,2026-08-28T17:51:54.021564Z
56830,INVNYLON/TGP GREENFIELD DELIVERY VI,D,delivery,END,VICTORIA,TX,Z0,Z0,101,True,INV NYLON CHEMICALS AMERICAS LLC,,28.79637,-96.971198,census_county_internal_point,county,48469,Victoria County,km_tgp_locations:1787939514021564000:470a5ca9ff1632ccbae5df41106523761d4ea1990719dabdb968f31231c16847,census_county_gazetteer:1787939514135521000:4c90d0f805779923b5958ab13d0c1e9b99fe4932b786bfcf75dd739bb2dcb4ea,2026-08-28T17:51:54.021564Z
411836,MSKE/TGP UDP FIDELITY DEHYDRATION T,R,receipt,WHD,VICTORIA,TX,Z0,Z0,101,True,M.S. KLOTZMAN EXPLORATION CO.,,28.79637,-96.971198,census_county_internal_point,county,48469,Victoria County,km_tgp_locations:1787939514021564000:470a5ca9ff1632ccbae5df41106523761d4ea1990719dabdb968f31231c16847,census_county_gazetteer:1787939514135521000:4c90d0f805779923b5958ab13d0c1e9b99fe4932b786bfcf75dd739bb2dcb4ea,2026-08-28T17:51:54.021564Z
412483,OXY EMKT/TGP N. GAFFNEY JOHNSTONE G,R,receipt,WHD,VICTORIA,TX,Z0,Z0,101,True,OCCIDENTAL ENERGY MARKETING INC.,,28.79637,-96.971198,census_county_internal_point,county,48469,Victoria County,km_tgp_locations:1787939514021564000:470a5ca9ff1632ccbae5df41106523761d4ea1990719dabdb968f31231c16847,census_county_gazetteer:1787939514135521000:4c90d0f805779923b5958ab13d0c1e9b99fe4932b786bfcf75dd739bb2dcb4ea,2026-08-28T17:51:54.021564Z
53654,TRESPORT/TGP OLD BLOOMINGTON POWER,D,delivery,EGN,VICTORIA,TX,Z0,Z0,101,True,TRES PORT POWER LLC,,28.79637,-96.971198,census_county_internal_point,county,48469,Victoria County,km_tgp_locations:1787939514021564000:470a5ca9ff1632ccbae5df41106523761d4ea1990719dabdb968f31231c16847,census_county_gazetteer:1787939514135521000:4c90d0f805779923b5958ab13d0c1e9b99fe4932b786bfcf75dd739bb2dcb4ea,2026-08-28T17:51:54.021564Z
412637,UES/TGP RAISIN DEHY VICTORIA,R,receipt,WHD,VICTORIA,TX,Z0,Z0,101,True,UPSTREAM ENERGY SERVICES LLC,,28.79637,-96.971198,census_county_internal_point,county,48469,Victoria County,km_tgp_locations:1787939514021564000:470a5ca9ff1632ccbae5df41106523761d4ea1990719dabdb968f31231c16847,census_county_gazetteer:1787939514135521000:4c90d0f805779923b5958ab13d0c1e9b99fe4932b786bfcf75dd739bb2dcb4ea,2026-08-28T17:51:54.021564Z
412490,UES/TGP RENEWAL CENTER DEHY VICTORI,R,receipt,WHD,VICTORIA,TX,Z0,Z0,101,True,UPSTREAM ENERGY SERVICES LLC,,28.79637,-96.971198,census_county_internal_point,county,48469,Victoria County,km_tgp_locations:1787939514021564000:470a5ca9ff1632ccbae5df41106523761d4ea1990719dabdb968f31231c16847,census_county_gazetteer:1787939514135521000:4c90d0f805779923b5958ab13d0c1e9b99fe4932b786bfcf75dd739bb2dcb4ea,2026-08-28T17:51:54.021564Z
53655,VPP II/TGP OLD BLOOMINGTON POWER 2,D,delivery,EGN,VICTORIA,TX,Z0,Z0,101,True,VICTORIA PORT POWER II LLC,,28.79637,-96.971198,census_county_internal_point,county,48469,Victoria County,km_tgp_locations:1787939514021564000:470a5ca9ff1632ccbae5df41106523761d4ea1990719dabdb968f31231c16847,census_county_gazetteer:1787939514135521000:4c90d0f805779923b5958ab13d0c1e9b99fe4932b786bfcf75dd739bb2dcb4ea,2026-08-28T17:51:54.021564Z
412100,ATMOS-TX/TGP KATY EXCH WALLER,R,receipt,INT,WALLER,TX,Z0,Z0,117,True,ATMOS PIPELINE-TEXAS A DIVISION OF ATMOS ENERGY CORPORATION,C001019,30.01359,-95.982149,census_county_internal_point,county,48473,Waller County,km_tgp_locations:1787939514021564000:470a5ca9ff1632ccbae5df41106523761d4ea1990719dabdb968f31231c16847,census_county_gazetteer:1787939514135521000:4c90d0f805779923b5958ab13d0c1e9b99fe4932b786bfcf75dd739bb2dcb4ea,2026-08-28T17:51:54.021564Z
411788,DCP GLP/TGP KATY TRANSPORT WALLER,R,receipt,INT,WALLER,TX,Z0,Z0,117,True,DCP GUADALUPE PIPELINE LLC,C000106,30.01359,-95.982149,census_county_internal_point,county,48473,Waller County,km_tgp_locations:1787939514021564000:470a5ca9ff1632ccbae5df41106523761d4ea1990719dabdb968f31231c16847,census_county_gazetteer:1787939514135521000:4c90d0f805779923b5958ab13d0c1e9b99fe4932b786bfcf75dd739bb2dcb4ea,2026-08-28T17:51:54.021564Z
411159,ENTRPRSE/TGP KATY DEHY TRANS WALLER,B,bidirectional,INT,WALLER,TX,Z0,Z0,117,True,ENTERPRISE INTRASTATE LLC,C000925,30.01359,-95.982149,census_county_internal_point,county,48473,Waller County,km_tgp_locations:1787939514021564000:470a5ca9ff1632ccbae5df41106523761d4ea1990719dabdb968f31231c16847,census_county_gazetteer:1787939514135521000:4c90d0f805779923b5958ab13d0c1e9b99fe4932b786bfcf75dd739bb2dcb4ea,2026-08-28T17:51:54.021564Z
412271,KTY STTR/TGP KATY INTERCONNECT WALL,B,bidirectional,INT,WALLER,TX,Z0,Z0,117,True,KATY STORAGE AND TRANSPORTATION LP,,30.01359,-95.982149,census_county_internal_point,county,48473,Waller County,km_tgp_locations:1787939514021564000:470a5ca9ff1632ccbae5df41106523761d4ea1990719dabdb968f31231c16847,census_county_gazetteer:1787939514135521000:4c90d0f805779923b5958ab13d0c1e9b99fe4932b786bfcf75dd739bb2dcb4ea,2026-08-28T17:51:54.021564Z
421085,SYMMETRY/TGP PEDERSON ROAD WALLER,D,delivery,LDC,WALLER,TX,Z0,Z0,117,True,SYMMETRY ENERGY SOLUTIONS LLC,,30.01359,-95.982149,census_county_internal_point,county,48473,Waller County,km_tgp_locations:1787939514021564000:470a5ca9ff1632ccbae5df41106523761d4ea1990719dabdb968f31231c16847,census_county_gazetteer:1787939514135521000:4c90d0f805779923b5958ab13d0c1e9b99fe4932b786bfcf75dd739bb2dcb4ea,2026-08-28T17:51:54.021564Z
410199,BNP PAR/TGP NORTH LOUISE DEHY WHART,R,receipt,WHD,WHARTON,TX,Z0,Z0,109,True,BNP PARIBAS ENERGY TRADING GP,,29.27848,-96.229674,census_county_internal_point,county,48481,Wharton County,km_tgp_locations:1787939514021564000:470a5ca9ff1632ccbae5df41106523761d4ea1990719dabdb968f31231c16847,census_county_gazetteer:1787939514135521000:4c90d0f805779923b5958ab13d0c1e9b99fe4932b786bfcf75dd739bb2dcb4ea,2026-08-28T17:51:54.021564Z
412622,BRAYTON/TGP SWANSON WHARTON,R,receipt,WHD,WHARTON,TX,Z0,Z0,109,True,BRAYTON OPERATING CORP.,,29.27848,-96.229674,census_county_internal_point,county,48481,Wharton County,km_tgp_locations:1787939514021564000:470a5ca9ff1632ccbae5df41106523761d4ea1990719dabdb968f31231c16847,census_county_gazetteer:1787939514135521000:4c90d0f805779923b5958ab13d0c1e9b99fe4932b786bfcf75dd739bb2dcb4ea,2026-08-28T17:51:54.021564Z
412046,BURLGTON/TGP MCFARLAND DEHY WHARTON,R,receipt,WHD,WHARTON,TX,Z0,Z0,109,True,BURLINGTON RESOURCES TRADING INC.,,29.27848,-96.229674,census_county_internal_point,county,48481,Wharton County,km_tgp_locations:1787939514021564000:470a5ca9ff1632ccbae5df41106523761d4ea1990719dabdb968f31231c16847,census_county_gazetteer:1787939514135521000:4c90d0f805779923b5958ab13d0c1e9b99fe4932b786bfcf75dd739bb2dcb4ea,2026-08-28T17:51:54.021564Z
420183,COKENRG/TGP KRENEK FARM TX WHARTON,D,delivery,LDC,WHARTON,TX,Z0,Z0,109,True,COKINOS ENERGY CORPORATION,,29.27848,-96.229674,census_county_internal_point,county,48481,Wharton County,km_tgp_locations:1787939514021564000:470a5ca9ff1632ccbae5df41106523761d4ea1990719dabdb968f31231c16847,census_county_gazetteer:1787939514135521000:4c90d0f805779923b5958ab13d0c1e9b99fe4932b786bfcf75dd739bb2dcb4ea,2026-08-28T17:51:54.021564Z
56972,COKENRG/TGP SANDIES CRK FARM DEL WH,D,delivery,END,WHARTON,TX,Z0,Z0,109,True,COKINOS ENERGY CORPORATION,,29.27848,-96.229674,census_county_internal_point,county,48481,Wharton County,km_tgp_locations:1787939514021564000:470a5ca9ff1632ccbae5df41106523761d4ea1990719dabdb968f31231c16847,census_county_gazetteer:1787939514135521000:4c90d0f805779923b5958ab13d0c1e9b99fe4932b786bfcf75dd739bb2dcb4ea,2026-08-28T17:51:54.021564Z
420149,COKINOS/TGP BECK FARM TEXAS WHARTON,D,delivery,LDC,WHARTON,TX,Z0,Z0,109,True,COKINOS NATURAL GAS COMPANY,,29.27848,-96.229674,census_county_internal_point,county,48481,Wharton County,km_tgp_locations:1787939514021564000:470a5ca9ff1632ccbae5df41106523761d4ea1990719dabdb968f31231c16847,census_county_gazetteer:1787939514135521000:4c90d0f805779923b5958ab13d0c1e9b99fe4932b786bfcf75dd739bb2dcb4ea,2026-08-28T17:51:54.021564Z
420160,COKINOS/TGP CARRIERE FARM TEXAS WHA,D,delivery,LDC,WHARTON,TX,Z0,Z0,109,True,COKINOS NATURAL GAS COMPANY,,29.27848,-96.229674,census_county_internal_point,county,48481,Wharton County,km_tgp_locations:1787939514021564000:470a5ca9ff1632ccbae5df41106523761d4ea1990719dabdb968f31231c16847,census_county_gazetteer:1787939514135521000:4c90d0f805779923b5958ab13d0c1e9b99fe4932b786bfcf75dd739bb2dcb4ea,2026-08-28T17:51:54.021564Z
420479,COKINOS/TGP CATTLE TX FARM WHARTON,D,delivery,LDC,WHARTON,TX,Z0,Z0,109,True,COKINOS NATURAL GAS COMPANY,,29.27848,-96.229674,census_county_internal_point,county,48481,Wharton County,km_tgp_locations:1787939514021564000:470a5ca9ff1632ccbae5df41106523761d4ea1990719dabdb968f31231c16847,census_county_gazetteer:1787939514135521000:4c90d0f805779923b5958ab13d0c1e9b99fe4932b786bfcf75dd739bb2dcb4ea,2026-08-28T17:51:54.021564Z
420437,COKINOS/TGP HERMANN TEXAS FARM WHAR,D,delivery,LDC,WHARTON,TX,Z0,Z0,109,True,COKINOS NATURAL GAS COMPANY,,29.27848,-96.229674,census_county_internal_point,county,48481,Wharton County,km_tgp_locations:1787939514021564000:470a5ca9ff1632ccbae5df41106523761d4ea1990719dabdb968f31231c16847,census_county_gazetteer:1787939514135521000:4c90d0f805779923b5958ab13d0c1e9b99fe4932b786bfcf75dd739bb2dcb4ea,2026-08-28T17:51:54.021564Z
420466,COKINOS/TGP HOLT FARM TX WHARTON,D,delivery,LDC,WHARTON,TX,Z0,Z0,109,True,COKINOS NATURAL GAS COMPANY,,29.27848,-96.229674,census_county_internal_point,county,48481,Wharton County,km_tgp_locations:1787939514021564000:470a5ca9ff1632ccbae5df41106523761d4ea1990719dabdb968f31231c16847,census_county_gazetteer:1787939514135521000:4c90d0f805779923b5958ab13d0c1e9b99fe4932b786bfcf75dd739bb2dcb4ea,2026-08-28T17:51:54.021564Z
420467,COKINOS/TGP HOLUB FARM TEXAS WHARTO,D,delivery,LDC,WHARTON,TX,Z0,Z0,109,True,COKINOS NATURAL GAS COMPANY,,29.27848,-96.229674,census_county_internal_point,county,48481,Wharton County,km_tgp_locations:1787939514021564000:470a5ca9ff1632ccbae5df41106523761d4ea1990719dabdb968f31231c16847,census_county_gazetteer:1787939514135521000:4c90d0f805779923b5958ab13d0c1e9b99fe4932b786bfcf75dd739bb2dcb4ea,2026-08-28T17:51:54.021564Z
420334,COKINOS/TGP MILLER FARM TEXAS WHART,D,delivery,LDC,WHARTON,TX,Z0,Z0,109,True,COKINOS NATURAL GAS COMPANY,,29.27848,-96.229674,census_county_internal_point,county,48481,Wharton County,km_tgp_locations:1787939514021564000:470a5ca9ff1632ccbae5df41106523761d4ea1990719dabdb968f31231c16847,census_county_gazetteer:1787939514135521000:4c90d0f805779923b5958ab13d0c1e9b99fe4932b786bfcf75dd739bb2dcb4ea,2026-08-28T17:51:54.021564Z
420332,COKINOS/TGP NITSCH FARM TX WHARTON,D,delivery,LDC,WHARTON,TX,Z0,Z0,109,True,COKINOS NATURAL GAS COMPANY,,29.27848,-96.229674,census_county_internal_point,county,48481,Wharton County,km_tgp_locations:1787939514021564000:470a5ca9ff1632ccbae5df41106523761d4ea1990719dabdb968f31231c16847,census_county_gazetteer:1787939514135521000:4c90d0f805779923b5958ab13d0c1e9b99fe4932b786bfcf75dd739bb2dcb4ea,2026-08-28T17:51:54.021564Z
420470,COKINOS/TGP RAS FARM TEXAS WHARTON,D,delivery,LDC,WHARTON,TX,Z0,Z0,109,True,COKINOS NATURAL GAS COMPANY,,29.27848,-96.229674,census_county_internal_point,county,48481,Wharton County,km_tgp_locations:1787939514021564000:470a5ca9ff1632ccbae5df41106523761d4ea1990719dabdb968f31231c16847,census_county_gazetteer:1787939514135521000:4c90d0f805779923b5958ab13d0c1e9b99fe4932b786bfcf75dd739bb2dcb4ea,2026-08-28T17:51:54.021564Z
420442,COKINOS/TGP RASMUSSEN FARM TX WHART,D,delivery,LDC,WHARTON,TX,Z0,Z0,109,True,COKINOS NATURAL GAS COMPANY,,29.27848,-96.229674,census_county_internal_point,county,48481,Wharton County,km_tgp_locations:1787939514021564000:470a5ca9ff1632ccbae5df41106523761d4ea1990719dabdb968f31231c16847,census_county_gazetteer:1787939514135521000:4c90d0f805779923b5958ab13d0c1e9b99fe4932b786bfcf75dd739bb2dcb4ea,2026-08-28T17:51:54.021564Z
420158,COKINOS/TGP RAUN FARM TX WHARTON,D,delivery,LDC,WHARTON,TX,Z0,Z0,109,True,COKINOS NATURAL GAS COMPANY,,29.27848,-96.229674,census_county_internal_point,county,48481,Wharton County,km_tgp_locations:1787939514021564000:470a5ca9ff1632ccbae5df41106523761d4ea1990719dabdb968f31231c16847,census_county_gazetteer:1787939514135521000:4c90d0f805779923b5958ab13d0c1e9b99fe4932b786bfcf75dd739bb2dcb4ea,2026-08-28T17:51:54.021564Z
412433,COKINOS/TGP STOVALL 1 BRAVENEC P,R,receipt,LDC,WHARTON,TX,Z0,Z0,109,True,COKINOS NATURAL GAS COMPANY,,29.27848,-96.229674,census_county_internal_point,county,48481,Wharton County,km_tgp_locations:1787939514021564000:470a5ca9ff1632ccbae5df41106523761d4ea1990719dabdb968f31231c16847,census_county_gazetteer:1787939514135521000:4c90d0f805779923b5958ab13d0c1e9b99fe4932b786bfcf75dd739bb2dcb4ea,2026-08-28T17:51:54.021564Z
420190,COKINOS/TGP SULAK FARM TX WHARTON,D,delivery,LDC,WHARTON,TX,Z0,Z0,109,True,COKINOS NATURAL GAS COMPANY,,29.27848,-96.229674,census_county_internal_point,county,48481,Wharton County,km_tgp_locations:1787939514021564000:470a5ca9ff1632ccbae5df41106523761d4ea1990719dabdb968f31231c16847,census_county_gazetteer:1787939514135521000:4c90d0f805779923b5958ab13d0c1e9b99fe4932b786bfcf75dd739bb2dcb4ea,2026-08-28T17:51:54.021564Z
420154,COKINOS/TGP SWANSON FARM TEXAS WHAR,D,delivery,LDC,WHARTON,TX,Z0,Z0,109,True,COKINOS NATURAL GAS COMPANY,,29.27848,-96.229674,census_county_internal_point,county,48481,Wharton County,km_tgp_locations:1787939514021564000:470a5ca9ff1632ccbae5df41106523761d4ea1990719dabdb968f31231c16847,census_county_gazetteer:1787939514135521000:4c90d0f805779923b5958ab13d0c1e9b99fe4932b786bfcf75dd739bb2dcb4ea,2026-08-28T17:51:54.021564Z
420369,COKINOS/TGP WIGGINTON FARM TX WHART,D,delivery,LDC,WHARTON,TX,Z0,Z0,109,True,COKINOS NATURAL GAS COMPANY,,29.27848,-96.229674,census_county_internal_point,county,48481,Wharton County,km_tgp_locations:1787939514021564000:470a5ca9ff1632ccbae5df41106523761d4ea1990719dabdb968f31231c16847,census_county_gazetteer:1787939514135521000:4c90d0f805779923b5958ab13d0c1e9b99fe4932b786bfcf75dd739bb2dcb4ea,2026-08-28T17:51:54.021564Z
412261,CRIMEXPL/TGP RASMUSSEN 1 DEHY WHAR,R,receipt,WHD,WHARTON,TX,Z0,Z0,109,True,CRIMSON EXPLORATION INC.,,29.27848,-96.229674,census_county_internal_point,county,48481,Wharton County,km_tgp_locations:1787939514021564000:470a5ca9ff1632ccbae5df41106523761d4ea1990719dabdb968f31231c16847,census_county_gazetteer:1787939514135521000:4c90d0f805779923b5958ab13d0c1e9b99fe4932b786bfcf75dd739bb2dcb4ea,2026-08-28T17:51:54.021564Z
412533,CRIMEXPL/TGP RAUN NO 1 WHARTON,R,receipt,WHD,WHARTON,TX,Z0,Z0,109,True,CRIMSON EXPLORATION INC.,,29.27848,-96.229674,census_county_internal_point,county,48481,Wharton County,km_tgp_locations:1787939514021564000:470a5ca9ff1632ccbae5df41106523761d4ea1990719dabdb968f31231c16847,census_county_gazetteer:1787939514135521000:4c90d0f805779923b5958ab13d0c1e9b99fe4932b786bfcf75dd739bb2dcb4ea,2026-08-28T17:51:54.021564Z
412357,EAGLEDEV/TGP NORTH LOUISE DEHY WHAR,R,receipt,WHD,WHARTON,TX,Z0,Z0,109,True,EAGLE ENERGY DEVELOPMENT COMPANY,,29.27848,-96.229674,census_county_internal_point,county,48481,Wharton County,km_tgp_locations:1787939514021564000:470a5ca9ff1632ccbae5df41106523761d4ea1990719dabdb968f31231c16847,census_county_gazetteer:1787939514135521000:4c90d0f805779923b5958ab13d0c1e9b99fe4932b786bfcf75dd739bb2dcb4ea,2026-08-28T17:51:54.021564Z
412166,ENLINK/TGP WILSON 1 WHARTON,R,receipt,GTH,WHARTON,TX,Z0,Z0,109,True,ENLINK MIDSTREAM OPERATING LP,,29.27848,-96.229674,census_county_internal_point,county,48481,Wharton County,km_tgp_locations:1787939514021564000:470a5ca9ff1632ccbae5df41106523761d4ea1990719dabdb968f31231c16847,census_county_gazetteer:1787939514135521000:4c90d0f805779923b5958ab13d0c1e9b99fe4932b786bfcf75dd739bb2dcb4ea,2026-08-28T17:51:54.021564Z
412551,EPFS/TGP STAT 17 INTERCONNECT WHART,R,receipt,INT,WHARTON,TX,Z0,Z0,109,True,EL PASO FIELD SERVICES L.P.,,29.27848,-96.229674,census_county_internal_point,county,48481,Wharton County,km_tgp_locations:1787939514021564000:470a5ca9ff1632ccbae5df41106523761d4ea1990719dabdb968f31231c16847,census_county_gazetteer:1787939514135521000:4c90d0f805779923b5958ab13d0c1e9b99fe4932b786bfcf75dd739bb2dcb4ea,2026-08-28T17:51:54.021564Z
411911,ETP/TGP WHARTON COUNTY TRANSPORT EX,R,receipt,INT,WHARTON,TX,Z0,Z0,109,True,ENTERPRISE TEXAS PIPELINE LLC,C000924,29.27848,-96.229674,census_county_internal_point,county,48481,Wharton County,km_tgp_locations:1787939514021564000:470a5ca9ff1632ccbae5df41106523761d4ea1990719dabdb968f31231c16847,census_county_gazetteer:1787939514135521000:4c90d0f805779923b5958ab13d0c1e9b99fe4932b786bfcf75dd739bb2dcb4ea,2026-08-28T17:51:54.021564Z
412546,GCENGY/TGP BARTA #1 WHARTON,R,receipt,WHD,WHARTON,TX,Z0,Z0,109,True,GULF COAST ENERGY INC.,,29.27848,-96.229674,census_county_internal_point,county,48481,Wharton County,km_tgp_locations:1787939514021564000:470a5ca9ff1632ccbae5df41106523761d4ea1990719dabdb968f31231c16847,census_county_gazetteer:1787939514135521000:4c90d0f805779923b5958ab13d0c1e9b99fe4932b786bfcf75dd739bb2dcb4ea,2026-08-28T17:51:54.021564Z
412655,GCENGY/TGP MUELLER WHARTON,R,receipt,WHD,WHARTON,TX,Z0,Z0,109,True,GULF COAST ENERGY INC.,,29.27848,-96.229674,census_county_internal_point,county,48481,Wharton County,km_tgp_locations:1787939514021564000:470a5ca9ff1632ccbae5df41106523761d4ea1990719dabdb968f31231c16847,census_county_gazetteer:1787939514135521000:4c90d0f805779923b5958ab13d0c1e9b99fe4932b786bfcf75dd739bb2dcb4ea,2026-08-28T17:51:54.021564Z
412502,GCENGY/TGP TWIN BASIN WHARTON,R,receipt,WHD,WHARTON,TX,Z0,Z0,109,True,GULF COAST ENERGY INC.,,29.27848,-96.229674,census_county_internal_point,county,48481,Wharton County,km_tgp_locations:1787939514021564000:470a5ca9ff1632ccbae5df41106523761d4ea1990719dabdb968f31231c16847,census_county_gazetteer:1787939514135521000:4c90d0f805779923b5958ab13d0c1e9b99fe4932b786bfcf75dd739bb2dcb4ea,2026-08-28T17:51:54.021564Z
411125,GCENGY/TGP UDP NORTHINGTON DEHY WHA,R,receipt,WHD,WHARTON,TX,Z0,Z0,109,True,GULF COAST ENERGY INC.,,29.27848,-96.229674,census_county_internal_point,county,48481,Wharton County,km_tgp_locations:1787939514021564000:470a5ca9ff1632ccbae5df41106523761d4ea1990719dabdb968f31231c16847,census_county_gazetteer:1787939514135521000:4c90d0f805779923b5958ab13d0c1e9b99fe4932b786bfcf75dd739bb2dcb4ea,2026-08-28T17:51:54.021564Z
412052,GULFCST/TGP LOOKOUT CREEK DEHY WHAR,R,receipt,INT,WHARTON,TX,Z0,Z0,109,True,GULF COAST PIPELINE COMPANY,,29.27848,-96.229674,census_county_internal_point,county,48481,Wharton County,km_tgp_locations:1787939514021564000:470a5ca9ff1632ccbae5df41106523761d4ea1990719dabdb968f31231c16847,census_county_gazetteer:1787939514135521000:4c90d0f805779923b5958ab13d0c1e9b99fe4932b786bfcf75dd739bb2dcb4ea,2026-08-28T17:51:54.021564Z
49524,GULFSTH/TGP COASTAL BEND LNG WHARTO,B,bidirectional,LNG,WHARTON,TX,Z0,Z0,109,True,GULF SOUTH PIPELINE COMPANY LLC,C000591,29.27848,-96.229674,census_county_internal_point,county,48481,Wharton County,km_tgp_locations:1787939514021564000:470a5ca9ff1632ccbae5df41106523761d4ea1990719dabdb968f31231c16847,census_county_gazetteer:1787939514135521000:4c90d0f805779923b5958ab13d0c1e9b99fe4932b786bfcf75dd739bb2dcb4ea,2026-08-28T17:51:54.021564Z
412329,HESCO CO/TGP NAISER DEHYDRATION R,R,receipt,GTH,WHARTON,TX,Z0,Z0,109,True,HESCO GATHERING COMPANY L.L.C.,,29.27848,-96.229674,census_county_internal_point,county,48481,Wharton County,km_tgp_locations:1787939514021564000:470a5ca9ff1632ccbae5df41106523761d4ea1990719dabdb968f31231c16847,census_county_gazetteer:1787939514135521000:4c90d0f805779923b5958ab13d0c1e9b99fe4932b786bfcf75dd739bb2dcb4ea,2026-08-28T17:51:54.021564Z
411876,INTRCONN/TGP UDP BONUS DEHY TRANSPO,R,receipt,WHD,WHARTON,TX,Z0,Z0,109,True,INTERCONN RESOURCES LLC,,29.27848,-96.229674,census_county_internal_point,county,48481,Wharton County,km_tgp_locations:1787939514021564000:470a5ca9ff1632ccbae5df41106523761d4ea1990719dabdb968f31231c16847,census_county_gazetteer:1787939514135521000:4c90d0f805779923b5958ab13d0c1e9b99fe4932b786bfcf75dd739bb2dcb4ea,2026-08-28T17:51:54.021564Z
400454,KEM ENER/TGP EGYPT NORTH WEST DEHY,R,receipt,WHD,WHARTON,TX,Z0,Z0,109,True,KEM ENERGY INC.,,29.27848,-96.229674,census_county_internal_point,county,48481,Wharton County,km_tgp_locations:1787939514021564000:470a5ca9ff1632ccbae5df41106523761d4ea1990719dabdb968f31231c16847,census_county_gazetteer:1787939514135521000:4c90d0f805779923b5958ab13d0c1e9b99fe4932b786bfcf75dd739bb2dcb4ea,2026-08-28T17:51:54.021564Z
56689,KMTEJAS/TGP EGYPT PHPE RB WHARTON,R,receipt,INT,WHARTON,TX,Z0,Z0,109,True,KINDER MORGAN TEJAS PIPELINE LLC,C000434,29.27848,-96.229674,census_county_internal_point,county,48481,Wharton County,km_tgp_locations:1787939514021564000:470a5ca9ff1632ccbae5df41106523761d4ea1990719dabdb968f31231c16847,census_county_gazetteer:1787939514135521000:4c90d0f805779923b5958ab13d0c1e9b99fe4932b786bfcf75dd739bb2dcb4ea,2026-08-28T17:51:54.021564Z
412099,LASERGTH/TGP UDP JONES CREEK OTELL,R,receipt,WHD,WHARTON,TX,Z0,Z0,109,True,LIG GATHERING COMPANY II LLC,,29.27848,-96.229674,census_county_internal_point,county,48481,Wharton County,km_tgp_locations:1787939514021564000:470a5ca9ff1632ccbae5df41106523761d4ea1990719dabdb968f31231c16847,census_county_gazetteer:1787939514135521000:4c90d0f805779923b5958ab13d0c1e9b99fe4932b786bfcf75dd739bb2dcb4ea,2026-08-28T17:51:54.021564Z
411938,LASERGTH/TGP UDP NORTH LOUISE DEHY,R,receipt,WHD,WHARTON,TX,Z0,Z0,109,True,LIG GATHERING COMPANY II LLC,,29.27848,-96.229674,census_county_internal_point,county,48481,Wharton County,km_tgp_locations:1787939514021564000:470a5ca9ff1632ccbae5df41106523761d4ea1990719dabdb968f31231c16847,census_county_gazetteer:1787939514135521000:4c90d0f805779923b5958ab13d0c1e9b99fe4932b786bfcf75dd739bb2dcb4ea,2026-08-28T17:51:54.021564Z
412675,LASERGTH/TGP WILSON WHARTON,R,receipt,WHD,WHARTON,TX,Z0,Z0,109,True,LIG GATHERING COMPANY II LLC,,29.27848,-96.229674,census_county_internal_point,county,48481,Wharton County,km_tgp_locations:1787939514021564000:470a5ca9ff1632ccbae5df41106523761d4ea1990719dabdb968f31231c16847,census_county_gazetteer:1787939514135521000:4c90d0f805779923b5958ab13d0c1e9b99fe4932b786bfcf75dd739bb2dcb4ea,2026-08-28T17:51:54.021564Z
411975,MARWELL/TGP UDP RASMUSSEN 4 DEHY W,R,receipt,WHD,WHARTON,TX,Z0,Z0,109,True,MARWELL PETROLEUM INC.,,29.27848,-96.229674,census_county_internal_point,county,48481,Wharton County,km_tgp_locations:1787939514021564000:470a5ca9ff1632ccbae5df41106523761d4ea1990719dabdb968f31231c16847,census_county_gazetteer:1787939514135521000:4c90d0f805779923b5958ab13d0c1e9b99fe4932b786bfcf75dd739bb2dcb4ea,2026-08-28T17:51:54.021564Z
56009,MATTEXPR/TGP BERNARD CREEK RECEIPT,R,receipt,INT,WHARTON,TX,Z0,Z0,109,True,MATTERHORN EXPRESS PIPELINE LLC,C012377,29.27848,-96.229674,census_county_internal_point,county,48481,Wharton County,km_tgp_locations:1787939514021564000:470a5ca9ff1632ccbae5df41106523761d4ea1990719dabdb968f31231c16847,census_county_gazetteer:1787939514135521000:4c90d0f805779923b5958ab13d0c1e9b99fe4932b786bfcf75dd739bb2dcb4ea,2026-08-28T17:51:54.021564Z
412723,PATTERSN/TGP HILL WHARTON,R,receipt,WHD,WHARTON,TX,Z0,Z0,109,True,PATTERSON PETROLEUM LP A LIMITED PARTNERSHIP,,29.27848,-96.229674,census_county_internal_point,county,48481,Wharton County,km_tgp_locations:1787939514021564000:470a5ca9ff1632ccbae5df41106523761d4ea1990719dabdb968f31231c16847,census_county_gazetteer:1787939514135521000:4c90d0f805779923b5958ab13d0c1e9b99fe4932b786bfcf75dd739bb2dcb4ea,2026-08-28T17:51:54.021564Z
55640,PCG POOL - ZN 0 100 LEG SOUTH,B,bidirectional,PPT,WHARTON,TX,Z0,Z0,109,False,,,29.27848,-96.229674,census_county_internal_point,county,48481,Wharton County,km_tgp_locations:1787939514021564000:470a5ca9ff1632ccbae5df41106523761d4ea1990719dabdb968f31231c16847,census_county_gazetteer:1787939514135521000:4c90d0f805779923b5958ab13d0c1e9b99fe4932b786bfcf75dd739bb2dcb4ea,2026-08-28T17:51:54.021564Z
405345,POOLING PT-100 LEG-ZN 0-SOUTH,B,bidirectional,PPT,WHARTON,TX,Z0,Z0,109,False,,,29.27848,-96.229674,census_county_internal_point,county,48481,Wharton County,km_tgp_locations:1787939514021564000:470a5ca9ff1632ccbae5df41106523761d4ea1990719dabdb968f31231c16847,census_county_gazetteer:1787939514135521000:4c90d0f805779923b5958ab13d0c1e9b99fe4932b786bfcf75dd739bb2dcb4ea,2026-08-28T17:51:54.021564Z
420689,SIPCO/TGP WHARTON REDELIVERY WHARTO,D,delivery,INT,WHARTON,TX,Z0,Z0,109,True,SIPCO GAS TRANSMISSION CORPORATION,C002816,29.27848,-96.229674,census_county_internal_point,county,48481,Wharton County,km_tgp_locations:1787939514021564000:470a5ca9ff1632ccbae5df41106523761d4ea1990719dabdb968f31231c16847,census_county_gazetteer:1787939514135521000:4c90d0f805779923b5958ab13d0c1e9b99fe4932b786bfcf75dd739bb2dcb4ea,2026-08-28T17:51:54.021564Z
410158,STINGER/TGP DUFFY WELL WHARTON,R,receipt,WHD,WHARTON,TX,Z0,Z0,109,True,STINGER OIL & GAS INC.,,29.27848,-96.229674,census_county_internal_point,county,48481,Wharton County,km_tgp_locations:1787939514021564000:470a5ca9ff1632ccbae5df41106523761d4ea1990719dabdb968f31231c16847,census_county_gazetteer:1787939514135521000:4c90d0f805779923b5958ab13d0c1e9b99fe4932b786bfcf75dd739bb2dcb4ea,2026-08-28T17:51:54.021564Z
412355,TRANS-TX/TGP BACA 1 DEHYD WHARTON,R,receipt,WHD,WHARTON,TX,Z0,Z0,109,True,TRANSTEXAS GAS CORPORATION,,29.27848,-96.229674,census_county_internal_point,county,48481,Wharton County,km_tgp_locations:1787939514021564000:470a5ca9ff1632ccbae5df41106523761d4ea1990719dabdb968f31231c16847,census_county_gazetteer:1787939514135521000:4c90d0f805779923b5958ab13d0c1e9b99fe4932b786bfcf75dd739bb2dcb4ea,2026-08-28T17:51:54.021564Z
412555,TRANS-TX/TGP MONAHAN WHARTON,R,receipt,WHD,WHARTON,TX,Z0,Z0,109,True,TRANSTEXAS GAS CORPORATION,,29.27848,-96.229674,census_county_internal_point,county,48481,Wharton County,km_tgp_locations:1787939514021564000:470a5ca9ff1632ccbae5df41106523761d4ea1990719dabdb968f31231c16847,census_county_gazetteer:1787939514135521000:4c90d0f805779923b5958ab13d0c1e9b99fe4932b786bfcf75dd739bb2dcb4ea,2026-08-28T17:51:54.021564Z
421055,TRES PAL/TGP TRES PALACIOS STORAGE:,B,bidirectional,STR,WHARTON,TX,Z0,Z0,109,True,TRES PALACIOS GAS STORAGE LLC,C001337,29.27848,-96.229674,census_county_internal_point,county,48481,Wharton County,km_tgp_locations:1787939514021564000:470a5ca9ff1632ccbae5df41106523761d4ea1990719dabdb968f31231c16847,census_county_gazetteer:1787939514135521000:4c90d0f805779923b5958ab13d0c1e9b99fe4932b786bfcf75dd739bb2dcb4ea,2026-08-28T17:51:54.021564Z
411929,TRNSCO/TGP WHARTON COUNTY TIE IN W,R,receipt,INT,WHARTON,TX,Z0,Z0,109,True,TRANSCONTINENTAL GAS PIPELINE COMPANY LLC,C000654,29.27848,-96.229674,census_county_internal_point,county,48481,Wharton County,km_tgp_locations:1787939514021564000:470a5ca9ff1632ccbae5df41106523761d4ea1990719dabdb968f31231c16847,census_county_gazetteer:1787939514135521000:4c90d0f805779923b5958ab13d0c1e9b99fe4932b786bfcf75dd739bb2dcb4ea,2026-08-28T17:51:54.021564Z
412001,UES/TGP EL CAMPO DEHY WHARTON,R,receipt,WHD,WHARTON,TX,Z0,Z0,109,True,UPSTREAM ENERGY SERVICES LLC,,29.27848,-96.229674,census_county_internal_point,county,48481,Wharton County,km_tgp_locations:1787939514021564000:470a5ca9ff1632ccbae5df41106523761d4ea1990719dabdb968f31231c16847,census_county_gazetteer:1787939514135521000:4c90d0f805779923b5958ab13d0c1e9b99fe4932b786bfcf75dd739bb2dcb4ea,2026-08-28T17:51:54.021564Z
412089,UES/TGP NORTH LOUISE STOCKTON 1,R,receipt,WHD,WHARTON,TX,Z0,Z0,109,True,UPSTREAM ENERGY SERVICES LLC,,29.27848,-96.229674,census_county_internal_point,county,48481,Wharton County,km_tgp_locations:1787939514021564000:470a5ca9ff1632ccbae5df41106523761d4ea1990719dabdb968f31231c16847,census_county_gazetteer:1787939514135521000:4c90d0f805779923b5958ab13d0c1e9b99fe4932b786bfcf75dd739bb2dcb4ea,2026-08-28T17:51:54.021564Z
412523,UES/TGP WILDCAT RASMUSSEN 1 R,R,receipt,WHD,WHARTON,TX,Z0,Z0,109,True,UPSTREAM ENERGY SERVICES LLC,,29.27848,-96.229674,census_county_internal_point,county,48481,Wharton County,km_tgp_locations:1787939514021564000:470a5ca9ff1632ccbae5df41106523761d4ea1990719dabdb968f31231c16847,census_county_gazetteer:1787939514135521000:4c90d0f805779923b5958ab13d0c1e9b99fe4932b786bfcf75dd739bb2dcb4ea,2026-08-28T17:51:54.021564Z
420627,MTNEER/TGP CABELL TRANSPORT CABELL,D,delivery,LDC,CABELL,WV,Z3,Z3,114,True,MOUNTAINEER GAS COMPANY,,38.419578,-82.243397,census_county_internal_point,county,54011,Cabell County,km_tgp_locations:1787939514021564000:470a5ca9ff1632ccbae5df41106523761d4ea1990719dabdb968f31231c16847,census_county_gazetteer:1787939514135521000:4c90d0f805779923b5958ab13d0c1e9b99fe4932b786bfcf75dd739bb2dcb4ea,2026-08-28T17:51:54.021564Z
55647,PCG POOL - ZN 3,B,bidirectional,PPT,CLAY,WV,Z3,Z3,114,False,,,38.459826,-81.081866,census_county_internal_point,county,54015,Clay County,km_tgp_locations:1787939514021564000:470a5ca9ff1632ccbae5df41106523761d4ea1990719dabdb968f31231c16847,census_county_gazetteer:1787939514135521000:4c90d0f805779923b5958ab13d0c1e9b99fe4932b786bfcf75dd739bb2dcb4ea,2026-08-28T17:51:54.021564Z
420866,POOLING PT - BROAD RUN SPUR -,B,bidirectional,PPT,CLAY,WV,Z3,Z3,114,False,,,38.459826,-81.081866,census_county_internal_point,county,54015,Clay County,km_tgp_locations:1787939514021564000:470a5ca9ff1632ccbae5df41106523761d4ea1990719dabdb968f31231c16847,census_county_gazetteer:1787939514135521000:4c90d0f805779923b5958ab13d0c1e9b99fe4932b786bfcf75dd739bb2dcb4ea,2026-08-28T17:51:54.021564Z
54003,BP ENERG/TGP US METHANOL KANAWHA,D,delivery,LDC,KANAWHA,WV,Z3,Z3,114,True,BP ENERGY COMPANY,,38.328068,-81.523516,census_county_internal_point,county,54039,Kanawha County,km_tgp_locations:1787939514021564000:470a5ca9ff1632ccbae5df41106523761d4ea1990719dabdb968f31231c16847,census_county_gazetteer:1787939514135521000:4c90d0f805779923b5958ab13d0c1e9b99fe4932b786bfcf75dd739bb2dcb4ea,2026-08-28T17:51:54.021564Z
400459,COL GAS/TGP BROAD RUN COBB WV KANAW,B,bidirectional,INT,KANAWHA,WV,Z3,Z3,114,True,COLUMBIA GAS TRANSMISSION LLC,C000306,38.328068,-81.523516,census_county_internal_point,county,54039,Kanawha County,km_tgp_locations:1787939514021564000:470a5ca9ff1632ccbae5df41106523761d4ea1990719dabdb968f31231c16847,census_county_gazetteer:1787939514135521000:4c90d0f805779923b5958ab13d0c1e9b99fe4932b786bfcf75dd739bb2dcb4ea,2026-08-28T17:51:54.021564Z
420749,CRANBERY/TGP CRANBERRY SALES KANAWH,D,delivery,INT,KANAWHA,WV,Z3,Z3,114,True,CRANBERRY PIPELINE CORP,C000941,38.328068,-81.523516,census_county_internal_point,county,54039,Kanawha County,km_tgp_locations:1787939514021564000:470a5ca9ff1632ccbae5df41106523761d4ea1990719dabdb968f31231c16847,census_county_gazetteer:1787939514135521000:4c90d0f805779923b5958ab13d0c1e9b99fe4932b786bfcf75dd739bb2dcb4ea,2026-08-28T17:51:54.021564Z
420409,CRANBERY/TGP INSTITUTE WV KANAWHA,D,delivery,INT,KANAWHA,WV,Z3,Z3,114,True,CRANBERRY PIPELINE CORP,C000941,38.328068,-81.523516,census_county_internal_point,county,54039,Kanawha County,km_tgp_locations:1787939514021564000:470a5ca9ff1632ccbae5df41106523761d4ea1990719dabdb968f31231c16847,census_county_gazetteer:1787939514135521000:4c90d0f805779923b5958ab13d0c1e9b99fe4932b786bfcf75dd739bb2dcb4ea,2026-08-28T17:51:54.021564Z
420037,CRANBERY/TGP LANE BRANCH WV KANAWHA,D,delivery,INT,KANAWHA,WV,Z3,Z3,114,True,CRANBERRY PIPELINE CORP,C000941,38.328068,-81.523516,census_county_internal_point,county,54039,Kanawha County,km_tgp_locations:1787939514021564000:470a5ca9ff1632ccbae5df41106523761d4ea1990719dabdb968f31231c16847,census_county_gazetteer:1787939514135521000:4c90d0f805779923b5958ab13d0c1e9b99fe4932b786bfcf75dd739bb2dcb4ea,2026-08-28T17:51:54.021564Z
420044,EGTS/TGP BROAD RUN CORNWELL KANAWHA,B,bidirectional,INT,KANAWHA,WV,Z3,Z3,114,True,EASTERN GAS TRANSMISSION AND STORAGE INC.,C000160,38.328068,-81.523516,census_county_internal_point,county,54039,Kanawha County,km_tgp_locations:1787939514021564000:470a5ca9ff1632ccbae5df41106523761d4ea1990719dabdb968f31231c16847,census_county_gazetteer:1787939514135521000:4c90d0f805779923b5958ab13d0c1e9b99fe4932b786bfcf75dd739bb2dcb4ea,2026-08-28T17:51:54.021564Z
420615,MTNEER/TGP ST ALBAN SALES KANAWHA,D,delivery,LDC,KANAWHA,WV,Z3,Z3,114,True,MOUNTAINEER GAS COMPANY,,38.328068,-81.523516,census_county_internal_point,county,54039,Kanawha County,km_tgp_locations:1787939514021564000:470a5ca9ff1632ccbae5df41106523761d4ea1990719dabdb968f31231c16847,census_county_gazetteer:1787939514135521000:4c90d0f805779923b5958ab13d0c1e9b99fe4932b786bfcf75dd739bb2dcb4ea,2026-08-28T17:51:54.021564Z
420792,UNION OG/TGP HURRICANE SALES PUTNAM,D,delivery,LDC,PUTNAM,WV,Z3,Z3,114,True,UNION OIL & GAS INC.,,38.510518,-81.906109,census_county_internal_point,county,54079,Putnam County,km_tgp_locations:1787939514021564000:470a5ca9ff1632ccbae5df41106523761d4ea1990719dabdb968f31231c16847,census_county_gazetteer:1787939514135521000:4c90d0f805779923b5958ab13d0c1e9b99fe4932b786bfcf75dd739bb2dcb4ea,2026-08-28T17:51:54.021564Z
411347,CRANBERY/TGP BEECH FORK DEHYDRATION,R,receipt,INT,WAYNE,WV,Z3,Z3,114,True,CRANBERRY PIPELINE CORP,C000941,38.143642,-82.422666,census_county_internal_point,county,54099,Wayne County,km_tgp_locations:1787939514021564000:470a5ca9ff1632ccbae5df41106523761d4ea1990719dabdb968f31231c16847,census_county_gazetteer:1787939514135521000:4c90d0f805779923b5958ab13d0c1e9b99fe4932b786bfcf75dd739bb2dcb4ea,2026-08-28T17:51:54.021564Z
49274,CRANBERY/TGP BEECHFORK DELIVERY WAY,D,delivery,INT,WAYNE,WV,Z3,Z3,114,True,CRANBERRY PIPELINE CORP,C000941,38.143642,-82.422666,census_county_internal_point,county,54099,Wayne County,km_tgp_locations:1787939514021564000:470a5ca9ff1632ccbae5df41106523761d4ea1990719dabdb968f31231c16847,census_county_gazetteer:1787939514135521000:4c90d0f805779923b5958ab13d0c1e9b99fe4932b786bfcf75dd739bb2dcb4ea,2026-08-28T17:51:54.021564Z
