pipeline_id,notice_id,version_sha256,prior_version_sha256,is_first_observation,is_revision_observation,available_at_utc,notice_type_primary,notice_type_secondary,status_description,prior_notice_id,subject,notice_text,posted_at_utc,effective_start_utc,effective_end_utc,required_response,response_at_utc,raw_content_sha256,canonical_url,raw_path,artifact_id
TGP,403824,aa948c8c23a18f8c63ee5a1041e4f2a0fdadae5c3cb2e829db4c940e5602eefb,,True,False,2026-08-28T15:45:21.056291Z,STORAGE,RESTRICTIONS,INITIATE,,MONTHLY STORAGE TRANSFER REMINDER,"MONTHLY STORAGE TRANSFERS FOR SEPTEMBER 1,
2026
DART provides the ability for storage customers to
enter their own storage transfers online. The transfers must be confirmed
on or before the effective date. If you have a terminated or recalled
contract that needs the balance transferred to the base storage contract holder
or a new contract, these transfers need to be completed on or before the
first of the month.
For terminated storage contracts per the firm storage
rate schedule of the Tennessee Gas Pipeline tariff on First Revised Sheet No.
217, Section 11: “Shippers must withdraw or transfer its Storage Balance on
or before the date of the expiration of its FS Service Agreement. To the
extent that a Shipper fails to dispose of or transfer its entire Storage
Balance, Transporter shall retain and take title to Shipper's remaining Storage
Balance at no cost to Transporter.”
PLEASE NOTE:
When the first of the month falls on a weekend or holiday, any
small volume left on a terminated or recalled storage contract will be moved
for the customers by TGP to the new valid contract if requested by the customer
on the first business day following the weekend or holiday
provided that efforts have been made prior to the first and/or
holiday to transfer allocated balances prior to the weekend and/or holiday
before requesting TGP to move the remaining balance.
TENNESSEE
GAS PIPELINE WILL CONFISCATE ANY REMAINING BALANCE NOT TRANSFERRED OR REQUESTED
BY THE CUSTOMER TO BE TRANSFERRED ON TERMINATED FIRM STORAGE CONTRACTS.
Please contact your Primary Gas Scheduler if you need
procedures and/or help with your storage transfer.",2026-08-28T14:27:08.000000Z,2026-08-28T14:27:08.000000Z,2026-08-29T14:00:00.000000Z,1,2026-08-28T05:00:00.000000Z,aa948c8c23a18f8c63ee5a1041e4f2a0fdadae5c3cb2e829db4c940e5602eefb,https://pipeline2.kindermorgan.com/Notices/NoticeDetail.aspx?code=TGP&notc_nbr=403824,data/raw/km_tgp_notice_detail/2026/08/28/aa948c8c23a18f8c63ee5a1041e4f2a0fdadae5c3cb2e829db4c940e5602eefb.html,km_tgp_notice_detail:1787931921056291000:aa948c8c23a18f8c63ee5a1041e4f2a0fdadae5c3cb2e829db4c940e5602eefb
TGP,403823,1ce9d164340cd15e9f3a0ecb3b2f988a1499f135dc6c96a629d15d089b7bd090,,True,False,2026-08-28T15:45:24.685035Z,OPERATIONAL FLOW ORDER,OFO,INITIATE,,OFO DAILY CD1 DS219 EFF 8-29 LIFTED 8-31,"OFO DAILY CRITICAL DAY 1 EFFECTIVE 8-29-2026
Due to forecasted milder weather with associated lesser demand
moving into the Northeast areas of its system, in order to protect the
operational integrity of its system, effective for the Gas Day (“GD”)
of Saturday, August 29, 2026 Tennessee Gas Pipeline Company, L.L.C. (“Tennessee”)
is implementing an OFO Daily Critical Day (“CD”) 1 for all areas East
of STA 219 for over-deliveries into the system or under-takes out of the system
pursuant to Article X of the General Terms and Conditions of Tennessee's
FERC NGA Gas Tariff. Tennessee is lifting the OFO Daily Critical Day 1 for
all areas East of STA 219 effective for the Gas Day of Monday, August 31, 2026
and until further notice.
This OFO will be effective for LMS-PA, SA contracts
acting as balancing parties and LMS-MA Balancing Parties only.
Please refer to the table below for the affected areas
and dates, and the actions required:
Zone
GD 8-28-26
GD 8-29-26 – 8-30-2026
GD 8-31-26 and until further notice
Zone 0
No OFO
No OFO
No OFO
Zone L
Critical Day 1
500 Line Only
(Includes Segments 527, 529, 530 Only)
·
Receipts do not underdeliver
·
Deliveries do not overtake
Critical Day 1
500 Line Only
(Includes Segments 527, 529, 530 Only)
·
Receipts do not underdeliver
·
Deliveries do not overtake
Critical Day 1
500 Line Only
(Includes Segments 527, 529, 530 Only)
·
Receipts do not underdeliver
·
Deliveries do not overtake
Zone 1
Critical Day 1
500 Line Only
(Includes Segments 534, 539 Only)
·
Receipts do not underdeliver
·
Deliveries do not overtake
Critical Day 1
500 Line Only
(Includes Segments 534, 539 Only)
·
Receipts do not underdeliver
·
Deliveries do not overtake
Critical Day 1
500 Line Only
(Includes Segments 534, 539 Only)
·
Receipts do not underdeliver
·
Deliveries do not overtake
Zone 2
No OFO
No OFO
No OFO
Zone 3
No OFO
No OFO
No OFO
Zone 4
No OFO
Critical Day 1
All Areas East and North of STA 219 Only
·
Receipts do not overdeliver
·
Deliveries do not undertake
No OFO
Zone 5
No OFO
Critical Day 1
All Areas
·
Receipts do not overdeliver
·
Deliveries do not undertake
No OFO
Zone 6
No OFO
Critical Day 1
All Areas
·
Receipts do not overdeliver
·
Deliveries do not undertake
No OFO
CD 1 PENALTY: $5.00
+ applicable Regional Daily Spot Price per Dth for quantities in excess of the
tolerance
CD 1 TOLERANCE: Greater of 2% of scheduled quantities or 500 Dth
Balancing between OBA points in separate pipeline
regions or across meters not located in the OFO area will not be permitted.
In the event this OFO is not sufficient to maintain
the operational integrity of its system, Tennessee may escalate to calling a
Critical Day II, a Balancing Alert, Meter Specific OFO(s) or Hourly OFO(s), or
taking any other actions that may be permitted or required by Tennessee's
Tariff.
Please contact your Scheduling Representative if you
have any questions.",2026-08-28T11:48:40.000000Z,2026-08-28T11:48:40.000000Z,2026-08-29T14:00:00.000000Z,1,2026-08-28T05:00:00.000000Z,1ce9d164340cd15e9f3a0ecb3b2f988a1499f135dc6c96a629d15d089b7bd090,https://pipeline2.kindermorgan.com/Notices/NoticeDetail.aspx?code=TGP&notc_nbr=403823,data/raw/km_tgp_notice_detail/2026/08/28/1ce9d164340cd15e9f3a0ecb3b2f988a1499f135dc6c96a629d15d089b7bd090.html,km_tgp_notice_detail:1787931924685035000:1ce9d164340cd15e9f3a0ecb3b2f988a1499f135dc6c96a629d15d089b7bd090
TGP,403816,ea79cd60081c144544ef997f2a7c7fd228a831fccba87ebea45ac0f2706471dd,,True,False,2026-08-28T15:45:27.859447Z,PIPELINE CONDITIONS,CURRENT PIPELINE CONDITIONS,INITIATE,,RESTRICTIONS FOR 08-27-2026 ID3,"Effective Intraday 3 Cycle (22:00) for the gas day of Thursday,
August 27, 2026 Tennessee restricted the following:
OPERATIONAL FLOW ORDERS (OFO) AND IMBALANCE WARNINGS
OFO DAILY CRITICAL DAY
1 ON THE 500 lINE FROM STA 527 TO STA 542 FOR OVERTAKES from the system OR
UNDERDELIVERieS into the system FOR ALL LMPA, SA ACTING AS BALANCING PARTIES
AND LMMA BALANCING PARTIES
SEGMENT RESTRICTIONS
·
STA 534 South Of Pool (Segment 530 BH) - through 100% of SOP
increases due to scheduled maintenance and nominations in excess of operational
capacity; 450 Dths
·
MLV 509 Muskrat Line (Segment 515 BH) - through 100% of SOP
increases due to nominations in excess of operational capacity; 4,494 Dths
·
Z5 HC North (Segment 299 FH) - through approx 24% of SOP
increases due to nominations in excess of operational capacity; 13,614 Dths
·
MLV 273 (Segment 284 FH) - through 100% of IT increases due to
nominations in excess of operational capacity; 5,156 Dths
LINEPACK RESTRICTIONS
Payback nominations
will be evaluated at each cycle and scheduled only if operationally feasible.
STORAGE RESTRICTIONS
NONE
**PLEASE
NOTE MAXIMUM HOURLY ENTITLEMENTS (""MHE"") AND/OR ELAPSED PRO RATA
SCHEDULED QUANTITIES (""EPSQ"") WILL BE REVIEWED AND MAY BE ENFORCED AT
ANY METER DURING INTRADAY OR HOURLY CYCLES.
**FINAL
VOLUMES MAY CHANGE DUE TO SYSTEM BALANCING AND/OR CONFIRMATION REDUCTIONS.
**THE
OUTAGE AND MAINTENANCE SCHEDULE IS AVAILABLE IN EXCEL SPREADSHEET AND ADOBE
FORMATS WHICH MAY BE ACCESSED VIA A HYPERLINK UNDER NOTICES/PLANNED SERVICE
OUTAGES.
If you
have any questions, please contact your Scheduler.",2026-08-28T00:52:25.000000Z,2026-08-28T00:52:25.000000Z,2026-08-28T14:00:00.000000Z,1,2026-08-27T05:00:00.000000Z,ea79cd60081c144544ef997f2a7c7fd228a831fccba87ebea45ac0f2706471dd,https://pipeline2.kindermorgan.com/Notices/NoticeDetail.aspx?code=TGP&notc_nbr=403816,data/raw/km_tgp_notice_detail/2026/08/28/ea79cd60081c144544ef997f2a7c7fd228a831fccba87ebea45ac0f2706471dd.html,km_tgp_notice_detail:1787931927859447000:ea79cd60081c144544ef997f2a7c7fd228a831fccba87ebea45ac0f2706471dd
TGP,403395,7f78a647cb9687f2a924c79874ee1f8b501a84721ef188f8d327289c82d246f2,,True,False,2026-08-28T15:52:29.702590Z,MAINTENANCE,MAINTENANCE,TERMINATE,403173,EMERGENT REPAIR AT STA 264 RESOLVED,"EMERGENT
REPAIR BETWEEN STA 264 EFFECTIVE 7-31-2026 RESOLVED
Pursuant
to Article XII of the General Terms and Conditions of Tennessee's FERC Gas
Tariff, Tennessee posted notice of an emergent repair at Station 264 Unit 1C
near Charlton City, Massachusetts on July 31, 2026 (Notice Identifier #403173).
Tennessee discovered an issue with one of the units that required immediate
repairs. The issue has now been resolved and the unit is returning to normal
operations. As such, nomination increases pathed through STA 261 Discharge
East (Segment 261 FH) will be accepted effective Timely Cycle for the Gas Day
of Tuesday, August 11, 2026 up to segment capacity as posted on TGP's EBB.
This
will be the final notice for this emergent repair.
Please
contact your Scheduler if you have any questions.",2026-08-10T15:46:58.000000Z,2026-08-10T15:46:58.000000Z,2026-08-11T14:00:00.000000Z,1,2026-08-10T05:00:00.000000Z,7f78a647cb9687f2a924c79874ee1f8b501a84721ef188f8d327289c82d246f2,https://pipeline2.kindermorgan.com/Notices/NoticeDetail.aspx?code=TGP&notc_nbr=403395,data/raw/km_tgp_notice_detail/2026/08/28/7f78a647cb9687f2a924c79874ee1f8b501a84721ef188f8d327289c82d246f2.html,km_tgp_notice_detail:1787932349702590000:7f78a647cb9687f2a924c79874ee1f8b501a84721ef188f8d327289c82d246f2
TGP,403394,edc33a27d7cbfc81e7d9783417f68671c554b4020877eb2f6dac0a986e5e7473,,True,False,2026-08-28T15:52:32.776663Z,MAINTENANCE,MAINTENANCE,INITIATE,,TGP SUMMER MAINTENANCE UPDATE MTG 8-18,"TGP's 2026 SUMMER MAINTENANCE TEAMS
MEETING 8-18-2026
Tennessee Gas Pipeline Company, LLC (“Tennessee”) will
be hosting its next 2026 TEAMS Summer Maintenance meeting to provide customers
and other interested parties an overview of Tennessee's upcoming Summer Scheduled
Maintenance for the remaining days of August and all of September and October 2026
on Tuesday, August 18, 2026, from 1:30 PM CST to 2:30 PM CST via TEAMS only. Additionally,
there will be a review of upcoming scheduled maintenance on the Stagecoach,
Arlington and Twin Tier systems. There will be a question and answer segment
immediately following.
Please see TEAMS info below:
TGP Summer Maintenance
and Outages TEAMS Meeting
Join on your computer, mobile
app or room device
________________________________________________________________________________
Microsoft Teams meeting
Join: https://teams.microsoft.com/meet/23579493131869?p=w4N7s4IHBI1GQNbITK
Meeting ID: 235 794 931 318 69
Passcode: Vg6AB2AN
Need help | System reference
Dial in by phone
+1
346-410-0970,,694003306# United States, Houston
Find a local number
Phone conference ID: 694 003 306#
For organizers: Meeting options | Reset dial-in PIN
________________________________________________________________________________",2026-08-10T12:21:21.000000Z,2026-08-10T12:21:21.000000Z,2026-08-11T14:00:00.000000Z,1,2026-08-10T05:00:00.000000Z,edc33a27d7cbfc81e7d9783417f68671c554b4020877eb2f6dac0a986e5e7473,https://pipeline2.kindermorgan.com/Notices/NoticeDetail.aspx?code=TGP&notc_nbr=403394,data/raw/km_tgp_notice_detail/2026/08/28/edc33a27d7cbfc81e7d9783417f68671c554b4020877eb2f6dac0a986e5e7473.html,km_tgp_notice_detail:1787932352776663000:edc33a27d7cbfc81e7d9783417f68671c554b4020877eb2f6dac0a986e5e7473
TGP,403321,a45d8a8743bfa23ad8736d661a3824697a54515dfb0438b0c2094a2c6efc8c1d,,True,False,2026-08-28T15:52:37.163476Z,MAINTENANCE,MAINTENANCE,INITIATE,,TGP Outage Impact Report,"-Primary
impact restrictions may be necessary
TGP - Outage
Impact Report
-Major
impact restrictions may be
necessary
Seven Day Forecast (updated 08/06/26)
-Minor impact restrictions may be necessary depending on flow conditions
-Little to no impact, though
minor outages may cause incremental reductions
Station / Seg
Est Nominal
Operating Capacity (Thousand Dth)
Monday
(8/10)
Tuesday
(8/11)
Wednesday
(8/12)
Thursday
(8/13)
Friday
(8/14)
Saturday
(8/15)
Sunday
(8/16)
Primary Outage(s) that
may Impact Throughput
Est. Operational Capacity
(Operational Impact) - Thousand
Dth
Station 409
(Donna Line)
(segment 490 FH)
564
564
564
564
564
564
564
564
Station 1
(segment 101 BH)
399
399
399
399
399
399
399
399
Station 9
(segment 109 BH)
1,027
1,027
1,027
1,027
640
(387)
640
(387)
640
(387)
640
(387)
MLV 5-2
to MLV 1-2D:
Pig Run - Cleaning Gauge
(M) (8/13/2026) MLV 5-2 to MLV 1-2D:
Pig Run - Cleaning Gauge
(M) (8/14/2026) MLV 5-2 to MLV 1-2D:
Pig Run - Cleaning Gauge
(M) (8/15/2026)
MLV 5-2 to MLV 1-2D: Pig Run - Cleaning Gauge
(M) (8/16/2026)
Station 17
(segment 117 FH)
1,122
900
(222)
900
(222)
900
(222)
900
(222)
900
(222)
900
(222)
900
(222)
MLV 19-1
TO MLV 20-1A:
Pipe Replacement (M) (8/6/2026 - 9/15/2026) MLV 26-3 Relocation: Highway 59 Widening (M) (8/4/2026 - 8/20/2026)
Station 25
(segment 125 FH)
1,078
1,078
1,078
1,078
1,078
1,078
1,078
1,078
Station 47
(segment 143 FH)
1,343
1,343
1105
(238)
1,343
1105
(238)
1,343
1,343
1,343
MLV 40-3D
to MLV 47-3S:
Pig Run - Maintenance Cleaning (8/11/2026) MLV
40-4D to MLV 47-4S: Pig Run - Maintenance (8/13/2026)
Station 63
(segment 163 FH)
1,242
1117
(125)
901
(341)
901
(341)
901
(341)
901
(341)
901
(341)
901
(341)
MLV 54-3
to MLV 106-3:
Emergent Repair - CAO (2/26/2026 - 12/31/2026) MLV 77-3 to MLV 77-3A: Pipe Replacements (8/11/2026 - 8/21/2026)
Station 823
(segment 823 BH)
734
734
734
734
734
734
734
734
Station 534 South
of Pool (segment 530
BH)
1,550
985
(565)
985
(565)
985
(565)
985
(565)
985
(565)
985
(565)
985
(565)
MLV 533-2 to MLV 534-2:
Pipe Replacement (M) (6/4/2026 - 9/4/2026) Sta 534: Unit
6A - Piston Liner &
Unloader Replacements (6/30/2025 - 8/14/2026)
Station 860
(segment 548 BH)
1,593
1390
(203)
1390
(203)
1390
(203)
1390
(203)
1390
(203)
1390
(203)
1390
(203)
MLV 539-2
to MLV 540-2:
Anomaly Remediation (8/13/2026 - 8/22/2026) Sta 542: Unit 2A - Emergent Repair (4/7/2026 - 9/30/2026)
Sta 542:
Unit 3A - Emergent Repair
(3/26/2026 - 8/31/2026) Sta 546: Unit 6A - Turbo Replacment (7/8/2026 - 8/14/2026) Sta 546: Unit 7A - Metal in Oil (7/14/2025 - 8/31/2026)
Sta 555: Unit 1B - Hot Gas Path
(8/10/2026 - 9/18/2026)
Station 860 North (Segment 860
BH)
1,874
1846
(28)
1846
(28)
1846
(28)
1846
(28)
1846
(28)
1846
(28)
1846
(28)
Sta 860: Unit 1A - Aftercooler Jacket Water Inspection (6/17/2025 - 12/31/2026)
Station 110
(segment 187 BH)
(south thru Kentucky)
2,685
2150
(535)
2150
(535)
2150
(535)
2150
(535)
2150
(535)
2150
(535)
2150
(535)
MLV 102-1
to MLV 103-1:
Anomaly Remediation (7/29/2026 - 8/10/2026) MLV 104-1 to MLV 105-1: Anomaly Remediation (8/6/2026 - 9/12/2026) MLV
109-4 to 110-4: Valve Installation & Crossover Work (8/10/2026 - 8/24/2026)
MLV 109-4 to MLV 110-4:
Pipe Replacement (8/10/2026 -
8/31/2026) MLV 110-2
to MLV 114-2:
CAO - Force Majeure (M)
(7/14/2026 - 12/31/2026)
MLV 54-3
to MLV 106-3:
Emergent Repair - CAO (2/26/2026 - 12/31/2026) MLV 96-3BR to MLV 96-3BL: Spike Test (7/27/2026 - 8/31/2026)
Sta 87:
Unit 1E - Scrubber/Filter/Separator Clean,
Inspect & Filter
Change (8/12/2026)
Sta 87: Unit 2E - Exhaust Bellows
(8/10/2026 - 8/13/2026)
Sta 87:
Unit 2E - Scrubber/Filter/Separator Clean,
Inspect & Filter
Change (8/13/2026)
Sta 87: Unit 3D - Power
side Overhaul (6/22/2026 - 9/30/2026) Sta 871: Unit 1A - Emergent Repair (7/10/2026 - 8/15/2026)
Station 114
(segment 114 BH)
907
907
907
907
907
907
907
907
Station 204
(Segment 204 BH)
1,828
1,828
1735
(93)
1735
(93)
1,828
1,828
1,828
1,828
Sta 200 Greenup: B Building - Divider Blocks
(8/11/2026 - 8/12/2026)
Station 245
(segment 245 FH)
986
970
(16)
970
(16)
970
(16)
970
(16)
970
(16)
970
(16)
970
(16)
Sta 245: Unit
1A & 2A - Exhaust
System & HP Fuel (4/27/2026 - 11/1/2026)
Station 261 Discharge East (segment 261
FH)
888
888
888
888
888
888
888
888
Station 307
(segment 307 BH)
1,153
1,153
1,153
1,153
1,153
1,153
1,153
1,153
Station 315
(segment 315 BH)
1,823
1,823
1,823
1,823
1,823
1,823
1,823
1,823
MLV 324
(segment 324 FH)
1,767
1,767
1,767
1,767
1,767
1,767
1,767
1,767
Station 405 HC Line
(segment 299
FH)
794
794
794
794
794
794
794
794
This
document is updated
on a weekly basis and outage schedules/impacts are subject to change as the week progresses.
Dates
posted on DART should be deemed correct
in the event
of conflicts between DART posted dates
and dates on this report.
The
impacts sheet are based on steady-state hydraulic models assuming recent
operating flows, conditions, and various unit
outages.
-Primary
impact restrictions may be necessary
TGP - Outage
Impact Report
-Major impact restrictions may be necessary
August
2026 (updated 08/06/26)
-Minor impact
restrictions may be necessary depending on flow conditions
-Little to no impact, though minor outages
may cause incremental reductions
Station # / Lateral
Est Nominal Operating Capacity (Thousand Dth)
Week 1
(8/3 - 8/9)
Week 2
(8/10 - 8/16)
Week 3
(8/17 - 8/23)
Week 4
(8/24 - 8/30)
Primary Outage(s)
Est. Operational Capacity (Operational Impact) - Thousand Dth
Station 409 (Donna Line) (segment 490
FH)
564
564
564
Station 1
(segment 101 BH)
399
399
399
Station 9
(segment 109 BH)
1,027
640
(387)
970
(57)
MLV 4-2 to
MLV 5-2: Anomaly Remediation (8/24/2026
- 9/1/2026) MLV 5-2 to MLV 1-2D:
Pig Run - Cleaning Gauge (M) (8/17/2026) MLV
5-2 to MLV 1-2D: Pig Run - Cleaning Gauge (M) (8/18/2026) MLV 5-2 to MLV 1-2D: Pig Run - Cleaning
Gauge (M) (8/19/2026)
MLV 5-2 to MLV 1-2D: Pig Run - TDW MDS (M) (8/20/2026)
Station 17
(segment 117 FH)
1,122
900
(222)
1100
(22)
MLV 19-1 TO MLV 20-1A:
Pipe Replacement (M) (8/6/2026 - 9/15/2026)
MLV 26-3 Relocation: Highway 59 Widening (M) (8/4/2026 - 8/20/2026)
Station 25
(segment 125 FH)
1,078
1,078
1,078
Station 47
(segment 143 FH)
1,343
1,343
1,343
Station 63
(segment 163 FH)
1,242
901
(341)
1117
(125)
MLV 54-3 to MLV 106-3:
Emergent Repair - CAO (2/26/2026 -
12/31/2026) MLV 77-3 to MLV 77-3A:
Pipe Replacements (8/11/2026 -
8/21/2026)
Station 823
(segment 823 BH)
734
734
734
Station 834
(segment 834 BH)
683
683
600
(83)
Sta 834: Station
Outage (8/26/2026 - 8/28/2026)
Station 534 South of Pool (segment 530
BH)
1,550
985
(565)
985
(565)
MLV 533-2 to MLV 534-2: Pipe Replacement (M) (6/4/2026 - 9/4/2026)
Station 860
(segment 548 BH)
1,593
1390
(203)
1190
(403)
MLV 539-2 to
MLV 540-2: Anomaly Remediation (8/13/2026
- 8/22/2026) Sta 542 Dekalb: Annual
ESD Test (8/25/2026 - 8/27/2026)
Sta 542: Unit 2A - Emergent Repair (4/7/2026
- 9/30/2026) Sta 542: Unit 3A -
Emergent Repair (3/26/2026 -
8/31/2026) Sta 546: Unit 2A -
Engine PM (8/19/2026 - 8/20/2026)
Sta 546: Unit 7A - Metal in Oil (7/14/2025 - 8/31/2026)
Sta 555: Unit 1B - Hot Gas Path (8/10/2026 - 9/18/2026)
Station 860 North (Segment 860 BH)
1,874
1846
(28)
1530
(344)
Sta 563:
Unit 1A - Annual Inspection & Safety Device Check (8/24/2026 - 8/26/2026)
Sta 563: Unit 2A - Annual Inspection/CAV (8/26/2026 - 8/28/2026)
Sta 860: Unit 1A - Aftercooler Jacket Water Inspection (6/17/2025 - 12/31/2026)
Station 110
(segment 187 BH)
(south thru Kentucky)
2,685
2150
(535)
1882
(803)
MLV 104-1 to
MLV 105-1: Anomaly Remediation (8/6/2026
- 9/12/2026) MLV 109-4 to 110-4:
Valve Installation & Crossover Work (8/10/2026
- 8/24/2026)
MLV 109-4 to MLV 110-4:
Pipe Replacement (8/10/2026 -
8/31/2026) MLV 110-2 to MLV 114-2:
CAO - Force Majeure (M) (7/14/2026 - 12/31/2026)
MLV 54-3 to
MLV 106-3: Emergent Repair - CAO (2/26/2026
- 12/31/2026) MLV 87-3 to MLV 96-3:
Pig Run - Cleaning / Gauge (8/25/2026)
MLV 87-3 to MLV 96-3: Pig Run - EMAT
(8/27/2026)
MLV 96-3BR to MLV 96-3BL:
Spike Test (7/27/2026 - 8/31/2026)
Sta 106: Unit 1D - 4K Solar
Turbine Inspection (8/18/2026 -
8/20/2026) Sta 110: Install ESD
Silence Covers (8/24/2026 -
8/28/2026)
Sta 87: Unit 3D - Power side Overhaul (6/22/2026 - 9/30/2026) Sta 871: Unit 3A - Engine Maintenance (8/24/2026 - 9/11/2026) Sta 87 Portland: Annual ESD Test (8/18/2026 - 8/19/2026)
Station 114
(segment 114 BH)
907
393
(514)
393
(514)
MLV 117-3 to
MLV 118-3: Special Permit Pipe Replacement
(8/18/2026 - 9/6/2026)
MLV 119-2 to MLV 119-2A:
Special Permit Pipe Replacement (8/18/2026 -
9/6/2026)
Station 204
(Segment 204 BH)
1,828
1,828
1,828
Station 245
(segment 245 FH)
986
970
(16)
765
(221)
Sta 245:
Unit 1A & 2A - Exhaust System & HP Fuel (4/27/2026 - 11/1/2026) Sta
245-1 to MLV 249-1: Pig Re-Run - Cal/IMU (8/26/2026)
-Primary
impact restrictions may be necessary
TGP - Outage
Impact Report
-Major impact restrictions may be necessary
August
2026 (updated 08/06/26)
-Minor impact
restrictions may be necessary depending on flow conditions
-Little to no impact, though
minor outages may cause incremental reductions
Station # / Lateral
Est Nominal Operating Capacity (Thousand Dth)
Week 1
(8/3 - 8/9)
Week 2
(8/10 - 8/16)
Week 3
(8/17 - 8/23)
Week 4
(8/24 - 8/30)
Primary Outage(s)
Est. Operational Capacity (Operational Impact) - Thousand Dth
Station 261 Discharge East (segment
261
FH)
888
888
888
Station 307
(segment 307 BH)
1,153
1,153
965
(188)
Sta 307
(Pigeon): MLV Operators / Air Comp Install / Fuel Skid (8/24/2026 - 8/28/2026)
Station 313 Discharge (segment 399
FH)
797
515
(282)
797
Sta 313 Coudersport: Annual ESD Test & Maintenance (8/17/2026 - 8/20/2026)
Station 315
(segment 315 BH)
1,823
1,823
1,823
Station 317
(segment 317 BH)
1,548
1,548
1345
(203)
Sta 317: Annual
ESD Test & Maintenance (8/24/2026 - 8/28/2026)
MLV 324
(segment 324 FH)
1,767
1,767
1355
(412)
MLV 324-1 to MLV 324-1A:
Anomaly Remediation (8/24/2026 -
8/29/2026) Sta 325: Station Outage (8/26/2026 - 8/28/2026)
Station 405 HC Line (segment 299
FH)
794
794
794
Station 224
(segment 224 FH)
388
388
280
(108)
Station 224: Scrubber
Inspections & Filter
Change (8/25/2026 - 8/26/2026)
This document is updated on a weekly
basis and outage
schedules/impacts are subject
to change as the week progresses.
Dates
posted on DART should be deemed correct
in the event of conflicts between DART posted
dates and dates on this report.
The impacts sheet are based on steady-state hydraulic models assuming recent operating flows, conditions, and various unit outages.
-Primary impact restrictions may be necessary
TGP - Outage
Impact Report
-Major impact restrictions may be necessary
September 2026 (updated 08/06/26)
-Minor impact
restrictions may be necessary depending on flow conditions
-Little to no impact, though
minor outages may cause incremental reductions
Station # / Lateral
Est Nominal Operating Capacity (Thousand Dth)
Week 1
(8/31 - 9/6)
Week 2
(9/7 - 9/13)
Week 3
(9/14 - 9/20)
Week 4
(9/21 - 9/27)
Primary Outage(s)
Est. Operational Capacity (Operational Impact) - Thousand Dth
Station 409A (Alamo)
(segment 492 FH)
274
215
(59)
125
(149)
215
(59)
215
(59)
MLV 409-1 to MLV 406-1: Spike Test (M) (9/1/2026 - 10/31/2026)
MLV
409A-101.1 to MLV 409A-103: Pig Runs - Cleaning / Gauge (M) (9/7/2026) MLV 409A-101.1 to MLV 409A-103: Pig Runs
- Cleaning / Gauge (M) (9/8/2026) MLV
409A-101.1 to MLV 409A-103: Pig Runs - Cleaning / Gauge (M) (9/9/2026) MLV 409A-101.1 to MLV 409A-103: Pig Runs
- EMAT (M) (9/11/2026)
MLV 409A-101.1 to MLV 409A-103: Pig Runs - MFL-C (M) (9/10/2026)
Station 409 (Donna Line) (segment 490
FH)
564
564
564
564
564
Station 1
(segment 101 BH)
399
399
399
399
300
(99)
MLV 1-1D to MLV 5-1: Spike Test (M) (9/21/2026 - 11/2/2026)
Station 9
(segment 109 BH)
1,027
835
(192)
835
(192)
1,027
1,027
MLV 2-2 to MLV 3-2: Anomaly
Remediation (9/2/2026 - 9/11/2026) MLV 4-2 to MLV 5-2: Anomaly Remediation (8/24/2026 - 9/1/2026)
Station 17
(segment 117 FH)
1,122
1100
(22)
1100
(22)
1100
(22)
1085
(37)
MLV 17-1D to
MLV 20-1A: Pig Run - Chemical Cleaning (9/21/2026) MLV 17-1D to MLV 20-1A: Pig Run - EMAT (9/24/2026)
MLV 17-1D to
MLV 20-1A: Pig Run - GAUGE PLATE (9/22/2026) MLV 17-1D to MLV 20-1A: Pig Run - MFL-C (9/23/2026)
MLV 19-1 TO MLV 20-1A: Pipe Replacement (M) (8/6/2026 - 9/15/2026)
Station 25
(segment 125 FH)
1,078
1,078
1,078
1,078
1,078
Station 47
(segment 143 FH)
1,343
1045
(298)
1045
(298)
1300
(43)
1300
(43)
MLV 47-4D to
MLV 54-4S: Pig Run - AFD Combo (M) (9/8/2026) MLV 47-4D to MLV 54-4S: Pig Run - EMAT (M) (9/10/2026)
MLV 47-4D to
MLV 54-4S: Pig Run - Gauge Cleaning (M) (8/31/2026) MLV 47-4D to MLV 54-4S: Pig Run - Gauge Cleaning (M)
(9/1/2026) MLV 47-4D to MLV 54-4S:
Pig Run - Gauge Cleaning (M) (9/2/2026)
MLV 58-2 to MLV 59-2: Anomaly
Remediation (9/20/2026 - 10/1/2026)
Station 63
(segment 163 FH)
1,242
1117
(125)
1117
(125)
1117
(125)
1117
(125)
MLV 54-3 to MLV 106-3:
Emergent Repair - CAO (2/26/2026 -
12/31/2026) MLV 82-2C to MLV 83-2:
Anomaly Remediation (9/21/2026 -
9/26/2026)
Station 823
(segment 823 BH)
734
734
734
734
734
Station 834
(segment 834 BH)
683
683
670
(13)
670
(13)
670
(13)
Sta 834: Unit 1A -
Replace Insulation Blanket (9/14/2026
- 9/15/2026) Sta 834: Unit 2A -
Replace Insulation Blanket (9/16/2026
- 9/17/2026) Sta 834: Unit 3A -
Replace Insulation Blanket (9/18/2026
- 9/19/2026) Sta 834: Unit 4A - Replace
Insulation Blanket (9/21/2026 - 9/22/2026)
Sta 834: Unit 4A - Replace
Lubrication System (9/7/2026 - 9/11/2026)
Station 534 South of Pool (segment 530
BH)
1,550
985
(565)
1,550
1,550
1,550
MLV 533-2 to MLV 534-2:
Pipe Replacement (M) (6/4/2026 - 9/4/2026)
Station 534
(segment 534 BH)
1,909
1,909
1,909
1440
(469)
1440
(469)
MLV 534-2 to MLV 535-2: Tallahala Creek HDD (9/14/2026 - 9/23/2026)
Station 860
(segment 548 BH)
1,593
1390
(203)
1390
(203)
725
(868)
1586
(7)
MLV 546-2 to MLV 547-2: Line Recoat (9/14/2026 - 9/18/2026)
Sta 542: Unit 2A - Emergent Repair (4/7/2026 - 9/30/2026) Sta 542: Unit 3A - Emergent Repair
(3/26/2026 - 8/31/2026)
Sta 546: Annual ESD Tests & Maintenance (9/14/2026 - 9/18/2026) Sta
546: Unit 7A - Metal in Oil (7/14/2025
- 8/31/2026)
Sta
555: Scrubber/Filter/Separator Clean, Inspect & Filter Change (9/14/2026) Sta 555: Unit 1B - Hot Gas Path (8/10/2026 - 9/18/2026)
Sta 555: Unit 4A - Engine Maintenance (9/21/2026 - 9/24/2026)
Station 860 North (Segment 860
BH)
1,874
1846
(28)
1846
(28)
1846
(28)
1846
(28)
Sta 860:
Unit 1A - Aftercooler Jacket Water Inspection (6/17/2025 - 12/31/2026) Sta
860: Unit 1B - Replace Turbocharger (8/31/2026
- 9/4/2026)
-Primary
impact restrictions may be necessary
TGP - Outage
Impact Report
-Major impact restrictions may be necessary
September 2026 (updated 08/06/26)
-Minor impact restrictions may be necessary depending on flow
conditions
-Little to no impact, though
minor outages may cause incremental reductions
Station # / Lateral
Est Nominal Operating Capacity (Thousand Dth)
Week 1
(8/31 - 9/6)
Week
2
(9/7 - 9/13)
Week 3
(9/14 - 9/20)
Week 4
(9/21 - 9/27)
Primary Outage(s)
Est. Operational Capacity (Operational Impact) - Thousand Dth
Station 110
(segment 187 BH)
(south thru Kentucky)
2,685
2113
(572)
2355
(330)
2173
(512)
2175
(510)
MLV 104-1 to MLV 105-1: Anomaly
Remediation (8/6/2026 - 9/12/2026)
MLV 105-1 to MLV 105-1A: Anomaly Remediation (9/14/2026 - 9/25/2026) MLV
109-3A to MLV 110-3: Pipe Replacement (9/16/2026
- 9/30/2026) MLV 109-4
to MLV 110-4:
Pipe Replacement (8/10/2026 - 8/31/2026) MLV 109-5 to MLV 109-5A:
Pipe Replacement (9/1/2026 - 9/15/2026) MLV 109-5A to MLV 110-5: Pipe
Replacement (9/1/2026 - 9/15/2026)
MLV 110-2 to MLV 114-2:
CAO - Force Majeure (M) (7/14/2026 - 12/31/2026)
MLV 54-3 to MLV 106-3: Emergent Repair - CAO (2/26/2026 - 12/31/2026) MLV
93-4 to MLV 94-4: Anomaly Remediation (M) (9/14/2026 - 9/21/2026) MLV 96-3BR to MLV 96-3BL: Spike Test (7/27/2026 - 8/31/2026)
Sta 106: Unit 2D - 4K Solar
Turbine Inspection (9/16/2026 -
9/18/2026) Sta 87: Unit 3D - Power
side Overhaul (6/22/2026 -
9/30/2026)
Sta 871 Campbellsville: Annual ESD Test (9/1/2026)
Sta 871: Unit 3A - Engine Maintenance (8/24/2026 - 9/11/2026)
Station 114
(segment 114 BH)
907
393
(514)
907
812
(95)
907
MLV 117-3 to
MLV 118-3: Special Permit Pipe Replacement
(8/18/2026 - 9/6/2026)
MLV 119-2 to
MLV 119-2A: Special Permit Pipe Replacement
(8/18/2026 - 9/6/2026)
Sta 119A: Unit 1A - Solar Turbine Inspection (9/14/2026 - 9/16/2026)
Station 204
(Segment 204 BH)
1,828
1,828
1760
(68)
1,828
1375
(453)
MLV 214-3 to MLV 219-3: Pig Run - Cal/IMU/MFL-A Combo (M) (9/10/2026)
MLV 214-3 to MLV 219-3: Pig Run - Gauge/Cleaning (M) (9/8/2026) Sta 204: Scrubber Filter Change (9/24/2026 - 9/26/2026)
Sta 209 Cambridge: Scrubber Filter (9/21/2026 - 9/23/2026)
Station 230C (segment 296
FH)
743
743
370
(373)
743
743
Sta 230C: Scrubber
/ Filter Inspection (M) (9/9/2026 - 9/10/2026)
Station 245
(segment 245 FH)
986
970
(16)
970
(16)
970
(16)
680
(306)
Sta 245: Bldg A & B - Remove Unit Valves
(9/21/2026 - 9/25/2026)
Sta 245: Unit 1A & 2A - Exhaust System
& HP Fuel (4/27/2026 - 11/1/2026)
Station 261 Discharge East (segment
261
FH)
888
888
715
(173)
715
(173)
555
(333)
Sta 264 Charlton: Annual
ESD Test (9/23/2026 - 9/24/2026)
Sta 264 Charlton: Unit 1C - Engine Maintenance (9/8/2026 - 10/9/2026)
Station 307
(segment 307 BH)
1,153
1,153
1,153
1,153
1,153
Station 313 Discharge (segment 399 FH)
797
797
220
(577)
220
(577)
797
MLV
313A-101A to MLV 313A-401: Anomaly Remediation (M) (9/7/2026 - 9/19/2026)
MLV
313A-101L to MLV 313A-101A: Anomaly Remediation (M) (9/7/2026 - 9/19/2026)
MLV 313A-403
to MLV 313A-404: Anomaly Remediation (M) (9/7/2026 - 9/19/2026)
MLV 313A-405A to MLV 313A-406: Anomaly Remediation (M) (9/7/2026 -
9/19/2026)
Station 315
(segment 315 BH)
1,823
1,823
1,823
1,823
1,823
MLV 324
(segment 324 FH)
1,767
1515
(252)
1,767
1,767
1495
(272)
MLV 321-1L to MLV 322-1:
Anomaly Remediation (8/31/2026 -
9/5/2026) Sta 323: Station Outage (9/21/2026 - 9/24/2026)
MLV 329
(segment 324 FH)
846
846
830
(16)
830
(16)
830
(16)
MLV 329AS-1
to MLV 329AD-1: Valve Replacement - MLV 329-1 (M) (9/9/2026 - 10/9/2026)
Station 405 HC Line (segment 299
FH)
794
794
794
794
794
This
document is updated
on a weekly basis and outage schedules/impacts are subject to change as the week progresses.
Dates
posted on DART should be deemed correct
in the event of conflicts between DART posted
dates and dates on this report.
The impacts sheet are based on steady-state hydraulic models assuming recent operating flows, conditions, and various unit outages.
-Primary impact restrictions may be necessary
TGP - Outage
Impact Report
-Major impact restrictions may be necessary
October 2026 (updated 08/06/26)
-Minor impact restrictions may be necessary depending on flow
conditions
-Little to no impact,
though minor outages may cause incremental reductions
Station # / Lateral
Est Nominal Operating Capacity (Thousand Dth)
Week 1
(9/28 - 10/4)
Week 2
(10/5 - 10/11)
Week 3
(10/12 - 10/18)
Week 4
(10/19 - 10/25)
Week 5
(10/26 - 11/1)
Primary
Outage(s)
Est. Operational Capacity (Operational Impact) - Thousand Dth
Station 409A
(Alamo) (segment 492
FH)
274
215
(59)
215
(59)
215
(59)
215
(59)
215
(59)
MLV 409-1 to MLV 406-1: Spike Test (M) (9/1/2026 - 10/31/2026)
Station 409 (Donna
Line) (segment 490
FH)
564
564
564
564
564
564
Station 1
(segment 101 BH)
399
300
(99)
300
(99)
300
(99)
300
(99)
300
(99)
MLV 1-1D to MLV 5-1: Spike Test (M) (9/21/2026 - 11/2/2026)
Station 9
(segment 109 BH)
1,027
1,027
1,027
1,027
640
(387)
1,027
MLV 9-2S to
MLV 1-2: Pig Runs - Cleaning / Maintenance (M) (10/22/2026) MLV 9-3 to MLV 5-3: Pig Run -
Maintenance (M) (10/21/2026)
Station 17
(segment 117 FH)
1,122
1,122
1,122
1014
(108)
1100
(22)
1,122
MLV 17-2D to
MLV 20-2A: Pig Run - Chemical Cleaning (10/19/2026 - 10/20/2026)
MLV 17-2D to
MLV 20-2A: Pig Run - GAUGE (10/21/2026) MLV 17-2D to MLV 20-2A: Pig Run - MFL-A (10/22/2026)
Sta 25: Annual ESD Test (10/13/2026)
Station 25
(segment 125 FH)
1,078
1,078
1,078
1,078
1,078
1,078
Station 47
(segment 143 FH)
1,343
1025
(318)
1025
(318)
1295
(48)
1,343
1,343
MLV 58-2 to MLV 59-2: Anomaly
Remediation (9/20/2026 - 10/1/2026) Sta 47: Scrubber/Filter/Separator
Cleaning/Inspection/Changeout (9/28/2026
-
10/2/2026)
Sta 47: Station
Transformer Maintenance (10/6/2026)
Sta 47: Unit 1D - 16K hour Overhaul (10/5/2026 - 10/15/2026)
Station 63
(segment 163 FH)
1,242
1117
(125)
1117
(125)
1117
(125)
1117
(125)
1117
(125)
MLV 54-3 to
MLV 106-3: Emergent Repair - CAO (2/26/2026
- 12/31/2026) MLV 82-1 to MLV 87-1:
Pig Run - AFD/Cal/IMU (10/8/2026)
MLV 82-1 to MLV 87-1: Pig Run - Cleaning / Gauge (10/6/2026)
MLV 82-1 to MLV 87-1: Pig Run - EMAT (10/13/2026)
Station 823
(segment 823 BH)
734
734
734
734
734
734
Station 534 South of Pool (segment 530
BH)
1,550
1,550
1,550
1175
(375)
1,550
1,550
Sta 529: Unit 1A - Solar Inspection (10/12/2026 - 10/15/2026)
Station 860
(segment 548 BH)
1,593
1586
(7)
1375
(218)
1,593
1,593
1,593
Sta 542:
Unit 2A - Emergent Repair (4/7/2026
- 9/30/2026) Sta 550 Hamilton:
Annual ESD Test (10/5/2026 -
10/9/2026)
Sta 550: Unit 1B - Juction Box Rewire & Unit Valves
(9/28/2026 - 10/9/2026)
Station 860 North (Segment 860 BH)
1,874
1846
(28)
1846
(28)
1846
(28)
1475
(399)
1475
(399)
MLV 560-2 to MLV 563-2:
Pipe Replacements (M) (10/19/2026 - 10/26/2026) Sta 860: Unit 1A - Aftercooler Jacket
Water Inspection (6/17/2025 -
12/31/2026) Sta 860: Unit 1C -
4K/Turbine Waterwash/Boroscope (10/6/2026
- 10/7/2026) Sta 860: Unit 2C -
4K/Turbine Waterwash/Boroscope (10/7/2026
- 10/8/2026)
Station 110
(segment 187 BH)
(south thru Kentucky)
2,685
1965
(720)
1965
(720)
2447
(238)
2447
(238)
1802
(883)
MLV 104-3 to
MLV 106-3S: HDD at Kentucky River (10/1/2026
- 10/5/2026) MLV 109-3A to MLV
110-3: Pipe Replacement (9/16/2026
- 9/30/2026)
MLV 110-2 to MLV 114-2:
CAO - Force Majeure (M) (7/14/2026 - 12/31/2026)
MLV
54-3 to MLV 106-3: Emergent Repair - CAO (2/26/2026
- 12/31/2026) MLV 97-3 to MLV
106-3: Pig Run - Cleaning / Gauge (10/27/2026)
MLV 97-3 to MLV 106-3:
Pig Run - MFL-S (10/29/2026)
Sta 87: Unit 3D - Power side Overhaul (6/22/2026 - 9/30/2026)
Sta
875: Unit 1A- 8K Solar Turbine
Inspection (10/27/2026 -
10/29/2026) Sta 96: Unit 2D Replace
Compressor Valves (10/12/2026 -
10/15/2026)
Station 114
(segment 114 BH)
907
907
853
(54)
907
907
907
Sta 118A Tyler Mountain: Annual ESD Test (10/5/2026 - 10/6/2026)
Station 204
(Segment 204 BH)
1,828
1,828
1,828
1755
(73)
1755
(73)
1710
(118)
MLV 209-2 to
MLV 214-2: Pig Run - Chem Cleaning (10/26/2026) MLV 209-2 to MLV 214-2: Pig Run - Chem
Cleaning (10/27/2026) MLV 209-2 to MLV 214-2: Pig Run - Chem
Cleaning (10/28/2026) MLV 209-2 to MLV 214-2: Pig Run - Chem
Cleaning (10/29/2026) MLV 209-2 to MLV 214-2: Pig Run - Chem
Cleaning (10/30/2026) MLV 214-1 to MLV 219-1: Pig Run -
Cal/IMU (10/20/2026)
MLV 214-1 to MLV 219-1:
Pig Run - Gauge/Cleaning (10/15/2026)
MLV 214-1 to MLV 219-1: Pig Run - MFL-C (10/22/2026)
Station 233
(segment 233 FH)
459
459
355
(104)
459
459
459
MLV 233-2 to MLV 235-2: Pig Run (10/6/2026)
Station 245
(segment 245 FH)
986
970
(16)
970
(16)
970
(16)
970
(16)
765
(221)
Sta 245: Unit 1A &
2A - Exhaust System & HP Fuel (4/27/2026
- 11/1/2026) Sta 245-1 to MLV
249-1: Pig Run - EMAT (10/28/2026)
Station 261 Discharge East (segment 261
FH)
888
500
(388)
715
(173)
555
(333)
888
888
Sta 261 Agawam: Annual ESD test (M) (9/28/2026 - 10/2/2026)
Sta
264 Charlton: Unit 1C - Engine Maintenance
(9/8/2026 - 10/9/2026) Sta
264: Oil System (10/12/2026 -
10/16/2026)
-Primary impact restrictions may be necessary
TGP - Outage
Impact Report
-Major impact restrictions may be necessary
October 2026 (updated 08/06/26)
-Minor impact restrictions may be necessary depending on flow
conditions
-Little to no impact, though
minor outages may cause incremental reductions
Station # / Lateral
Est Nominal Operating Capacity (Thousand Dth)
Week 1
(9/28 - 10/4)
Week 2
(10/5 - 10/11)
Week 3
(10/12 - 10/18)
Week 4
(10/19 - 10/25)
Week 5
(10/26 - 11/1)
Primary
Outage(s)
Est. Operational Capacity (Operational Impact) - Thousand Dth
Station 307
(segment 307 BH)
1,153
775
(378)
695
(458)
765
(388)
1,153
1,153
MLV 302-2 to MLV 303-2: Anomaly
Remediation (9/28/2026 - 10/10/2026)
Sta
219: Annual ESD Test & Scrubber Maintenance (10/12/2026 - 10/16/2026) Sta
303A: Unit 1A - Water Wash (10/6/2026
- 10/7/2026)
Sta 307: Unit 4A - Trabon (9/29/2026 - 10/2/2026)
Station 315
(segment 315 BH)
1,823
1,823
1,823
1,823
1,823
1,823
MLV 324
(segment 324 FH)
1,767
1,767
1,767
1,767
1,767
1,767
MLV 329
(segment 324 FH)
846
830
(16)
830
(16)
846
630
(216)
846
MLV 325-1 to
MLV 329-1: Pig runs - Cleaning/Gauge (M) (10/19/2026) MLV 325-1 to MLV 329-1: Pig runs - EMAT (M) (10/20/2026)
MLV 329AS-1 to MLV 329AD-1: Valve Replacement - MLV 329-1 (M) (9/9/2026 -
10/9/2026)
Cranston Lateral
South
(segment 281
FH)
187
187
187
125
(62)
187
187
Sta 265: Unit 1A - Replace Lube Oil Fan
(10/12/2026)
Station 405 HC Line (segment 299
FH)
794
794
794
670
(124)
794
794
Sta 405A:
Unit 1A - 4k Waterwash (10/13/2026)
; Sta 405A: Unit 1A - 8K Solar Turbine
Inspection (10/14/2026)
Station 224
(segment 224 FH)
388
388
200
(188)
388
388
388
MLV 229-2 to MLV 232-2:
Pig runs - Maintenance (M) (10/6/2026)
This document is updated
on a weekly basis and outage schedules/impacts are subject to change as the week progresses. Dates posted on DART should be deemed
correct in the event of conflicts between DART posted dates and dates on this
report.
The impacts sheet are based on steady-state hydraulic models assuming
recent operating flows,
conditions, and various
unit outages.",2026-08-06T19:57:49.000000Z,2026-08-06T19:57:49.000000Z,2026-08-07T14:00:00.000000Z,1,2026-08-06T05:00:00.000000Z,a45d8a8743bfa23ad8736d661a3824697a54515dfb0438b0c2094a2c6efc8c1d,https://pipeline2.kindermorgan.com/Notices/NoticeDetail.aspx?code=TGP&notc_nbr=403321,data/raw/km_tgp_notice_detail/2026/08/28/a45d8a8743bfa23ad8736d661a3824697a54515dfb0438b0c2094a2c6efc8c1d.html,km_tgp_notice_detail:1787932357163476000:a45d8a8743bfa23ad8736d661a3824697a54515dfb0438b0c2094a2c6efc8c1d
TGP,403182,331b186e680f823a4f29c92d64ddce5b1e86366b0e14d7611e3212104bbb921e,,True,False,2026-08-28T15:52:41.464709Z,MAINTENANCE,MAINTENANCE,INITIATE,,TGP Outage Impact Report,"TGP - Outage Impact Report Seven Day Forecast (updated 07/30/26)
-Primary impact restrictions may be necessary
-Major
impact restrictions may be
necessary
-Minor impact restrictions may be necessary depending on flow conditions
-Little to no impact, though
minor outages may cause incremental reductions
Station / Seg
Est Nominal
Operating Capacity (Thousand Dth)
Monday
(8/3)
Tuesday
(8/4)
Wednesday
(8/5)
Thursday
(8/6)
Friday
(8/7)
Saturday
(8/8)
Sunday
(8/9)
Primary Outage(s) that
may Impact Throughput
Est. Operational Capacity (Operational Impact)
- Thousand Dth
Station 409 (Donna Line)
(segment 490 FH)
564
564
564
564
564
564
564
564
Station 1
(segment 101 BH)
399
399
399
399
399
399
399
399
Station 9
(segment 109 BH)
1,027
1,027
1,027
1,027
1,027
1,027
1,027
1,027
Station 17
(segment 117 FH)
1,122
1000
(122)
969
(153)
969
(153)
900
(222)
900
(222)
900
(222)
900
(222)
MLV 19-1
TO MLV 20-1A:
Pipe Replacement (M) (8/6/2026 - 9/15/2026) MLV 19-3 TO MLV 20-3A: Pipe Replacement
(M) (7/6/2026 - 8/3/2026) MLV 25-2
to MLV 26-2: Pipe Replacement (M) (7/15/2026 - 8/3/2026) MLV 26-2
Relocation: Highway 59 Widening (M) (7/15/2026 - 8/3/2026) MLV 26-3
Relocation: Highway 59 Widening (M) (8/4/2026 - 8/20/2026)
Station 25
(segment 125 FH)
1,078
1,078
1,078
1,078
1,078
1,078
1,078
1,078
Station 40 KN South (segment 501 FH)
267
267
200
(67)
200
(67)
267
267
267
267
Sta 500C1: Unit 1A - Engine Inspection (8/4/2026 - 8/5/2026)
Station 47
(segment 143 FH)
1,343
1,343
1,343
1,343
1,343
1,343
1,343
1,343
Station 63
(segment 163 FH)
1,242
1117
(125)
1117
(125)
1117
(125)
901
(341)
901
(341)
901
(341)
901
(341)
MLV 54-3
to MLV 106-3:
Emergent Repair - CAO (2/26/2026 - 12/31/2026) MLV 77-3 to MLV 77-3A: Pipe Replacements (8/6/2026 - 8/17/2026) MLV 82-2C to MLV 83-2: Anomaly
Remediation (8/3/2026 - 8/7/2026)
Station 823
(segment 823 BH)
734
734
734
734
734
734
734
734
Station 534 South
of Pool (segment 530 BH)
1,550
985
(565)
985
(565)
985
(565)
985
(565)
985
(565)
985
(565)
985
(565)
MLV 533-2 to MLV 534-2:
Pipe Replacement (M) (6/4/2026 - 9/4/2026)
Station 860
(segment 548 BH)
1,593
1511
(82)
1511
(82)
1511
(82)
1511
(82)
1511
(82)
1511
(82)
1511
(82)
Sta 542: Unit 2A - Emergent Repair (4/7/2026
- 9/30/2026) Sta 542:
Unit 3A - Emergent Repair
(3/26/2026 - 8/31/2026) Sta 546: Unit 6A - Turbo Replacment (7/8/2026 - 8/14/2026) Sta 546: Unit 7A - Metal in Oil (7/14/2025 - 8/31/2026)
Station 860 North (Segment 860 BH)
1,874
1846
(28)
1846
(28)
1846
(28)
1846
(28)
1846
(28)
1846
(28)
1846
(28)
Sta 860:
Unit 1A - Aftercooler Jacket
Water Inspection (6/17/2025 - 12/31/2026)
Station 110
(segment 187 BH)
(south thru Kentucky)
2,685
2150
(535)
2150
(535)
2150
(535)
2150
(535)
2150
(535)
2150
(535)
2150
(535)
MLV 102-1
to MLV 103-1:
Anomaly Remediation (7/29/2026 - 8/10/2026) MLV 109-7 to MLV 110-7: Pipe Replacement (7/7/2026 - 8/8/2026)
MLV 110-2 to MLV 114-2:
CAO - Force Majeure (M)
(7/14/2026 - 12/31/2026)
MLV 54-3
to MLV 106-3:
Emergent Repair - CAO (2/26/2026 - 12/31/2026) MLV 96-3BR to MLV 96-3BL: Spike Test (7/27/2026 - 8/31/2026)
Sta 87: Unit 3D - Power
side Overhaul (6/22/2026 - 9/30/2026) Sta 871: Unit 1A - Emergent Repair (7/10/2026 - 8/7/2026) Sta 96: Unit
2D - Install Ball Grove
Valve (8/3/2026 - 8/7/2026)
Station 114
(segment 114 BH)
907
907
907
907
907
907
907
907
Station 204
(Segment 204 BH)
1,828
1,828
1,828
1,828
1,828
1,828
1,828
1,828
Station 237
(segment 237 FH)
1,006
1,006
1,006
1,006
780
(226)
1,006
1,006
1,006
MLV 237-1 to MLV 245-1:
Pig Run - MFL-C (8/6/2026)
Station 245
(segment 245 FH)
986
970
(16)
970
(16)
970
(16)
970
(16)
970
(16)
970
(16)
970
(16)
Sta 245: Unit
1A & 2A - Exhaust
System & HP Fuel (4/27/2026 - 11/1/2026)
Station 261 Discharge East (segment 261 FH)
888
888
888
888
888
888
888
888
Station 307
(segment 307 BH)
1,153
965
(188)
965
(188)
965
(188)
965
(188)
965
(188)
1,153
1,153
Sta 307
(Pigeon): Annual ESD
Test & Maintenance (8/3/2026 - 8/7/2026) Sta 307: Unit 5A - Pre-Chamber / Pre-Combustion (7/25/2026 - 8/7/2026)
-Primary impact restrictions may be necessary
TGP - Outage
Impact Report
-Major
impact restrictions may be
necessary
Seven Day Forecast (updated 07/30/26)
-Minor impact restrictions may be necessary depending on flow conditions
-Little to no impact, though
minor outages may cause incremental reductions
Station / Seg
Est Nominal
Operating Capacity (Thousand Dth)
Monday
(8/3)
Tuesday
(8/4)
Wednesday
(8/5)
Thursday
(8/6)
Friday
(8/7)
Saturday
(8/8)
Sunday
(8/9)
Primary Outage(s) that
may Impact Throughput
Est. Operational Capacity (Operational Impact)
- Thousand Dth
Station 315
(segment 315 BH)
1,823
1,823
1,823
1,823
1,823
1,823
1,823
1,823
MLV
324
(segment 324 FH)
1,767
1,767
1,767
1,767
1,767
1,767
1,767
1,767
Station 405 HC Line
(segment 299 FH)
794
794
794
794
794
794
794
794
This
document is updated
on a weekly basis and outage schedules/impacts are subject to change as the week progresses.
Dates
posted on DART should be deemed correct
in the event
of conflicts between DART posted dates
and dates on this report.
The
impacts sheet are based on steady-state hydraulic models assuming recent
operating flows, conditions, and various unit
outages.
-Primary impact restrictions may be necessary
TGP - Outage
Impact Report
-Major impact restrictions may be necessary
August
2026 (updated 07/30/26)
-Minor impact
restrictions may be necessary depending on flow conditions
-Little to no impact, though
minor outages may cause incremental reductions
Station # / Lateral
Est Nominal
Operating Capacity (Thousand Dth)
Week 1
(8/3 - 8/9)
Week 2
(8/10 - 8/16)
Week 3
(8/17 - 8/23)
Week 4
(8/24 - 8/30)
Primary Outage(s)
Est. Operational Capacity (Operational Impact) - Thousand Dth
Station
409 (Donna Line) (segment 490 FH)
564
564
564
564
Station 1
(segment 101 BH)
399
399
399
399
Station 9
(segment 109 BH)
1,027
640
(387)
640
(387)
1,027
MLV 5-2 to MLV 1-2D: Pig Run - Cleaning Gauge (M) (8/13/2026) MLV 5-2 to MLV 1-2D: Pig Run - Cleaning
Gauge (M) (8/14/2026) MLV 5-2 to
MLV 1-2D: Pig Run - Cleaning Gauge (M) (8/15/2026) MLV 5-2 to MLV 1-2D: Pig Run - Cleaning Gauge (M) (8/16/2026) MLV 5-2 to MLV 1-2D: Pig Run - Cleaning
Gauge (M) (8/17/2026) MLV 5-2 to
MLV 1-2D: Pig Run - Cleaning Gauge (M) (8/18/2026) MLV 5-2 to MLV 1-2D: Pig Run - Cleaning Gauge (M) (8/19/2026) MLV 5-2 to MLV 1-2D: Pig Run - TDW MDS
(M) (8/20/2026)
Station 17
(segment 117 FH)
1,122
900
(222)
900
(222)
1100
(22)
MLV 19-1 TO MLV 20-1A:
Pipe Replacement (M) (8/6/2026 - 9/15/2026)
MLV 26-3 Relocation: Highway 59 Widening (M) (8/4/2026 - 8/20/2026)
Station 25
(segment 125 FH)
1,078
1,078
1,078
1,078
Station 47
(segment 143 FH)
1,343
1105
(238)
1,343
1,343
MLV 40-3D to
MLV 47-3S: Pig Run - Maintenance Cleaning (8/11/2026) MLV 40-4D to MLV 47-4S: Pig Run -
Maintenance (8/13/2026)
Station 63
(segment 163 FH)
1,242
901
(341)
901
(341)
1117
(125)
MLV 54-3 to MLV 106-3:
Emergent Repair - CAO (2/26/2026 -
12/31/2026) MLV 77-3 to MLV 77-3A:
Pipe Replacements (8/6/2026 -
8/17/2026)
Station 823
(segment 823 BH)
734
734
734
734
Station 834
(segment 834 BH)
683
683
683
600
(83)
Sta 834: Station
Outage (8/26/2026 - 8/28/2026)
Station
534 South of Pool (segment 530 BH)
1,550
985
(565)
985
(565)
985
(565)
MLV 533-2 to MLV 534-2:
Pipe Replacement (M) (6/4/2026 - 9/4/2026)
Station 860
(segment 548 BH)
1,593
1390
(203)
1390
(203)
1190
(403)
MLV 539-2 to
MLV 540-2: Anomaly Remediation (8/13/2026
- 8/22/2026) Sta 542 Dekalb: Annual
ESD Test (8/25/2026 - 8/27/2026)
Sta 542: Unit 2A - Emergent Repair (4/7/2026
- 9/30/2026) Sta 542: Unit 3A -
Emergent Repair (3/26/2026 -
8/31/2026) Sta 546: Unit 6A - Turbo
Replacment (7/8/2026 - 8/14/2026) Sta 546: Unit 7A - Metal in Oil (7/14/2025 - 8/31/2026)
Sta 555: Unit 1B - Hot Gas Path (8/10/2026 - 9/18/2026)
Station 860 North (Segment 860 BH)
1,874
1846
(28)
1846
(28)
1846
(28)
Sta 860: Unit 1A - Aftercooler Jacket Water Inspection (6/17/2025 - 12/31/2026)
-Primary
impact restrictions may be necessary
TGP - Outage
Impact Report
-Major impact restrictions may be necessary
August
2026 (updated 07/30/26)
-Minor impact
restrictions may be necessary depending on flow conditions
-Little to no impact, though
minor outages may cause incremental reductions
Station # / Lateral
Est Nominal
Operating Capacity (Thousand Dth)
Week 1
(8/3 - 8/9)
Week 2
(8/10 - 8/16)
Week 3
(8/17 - 8/23)
Week 4
(8/24 - 8/30)
Primary
Outage(s)
Est. Operational Capacity (Operational Impact) - Thousand Dth
Station 110
(segment 187 BH)
(south thru Kentucky)
2,685
2246
(439)
2246
(439)
1882
(803)
MLV 102-1 to MLV 103-1: Anomaly
Remediation (7/29/2026 - 8/10/2026)
MLV 104-1 to MLV 105-1: Anomaly Remediation (8/12/2026 - 9/12/2026) MLV
109-4 to 110-4: Valve Installation & Crossover Work (8/10/2026 - 8/24/2026)
MLV 109-4 to MLV 110-4:
Pipe Replacement (8/10/2026 -
8/31/2026) MLV 110-2 to MLV 114-2:
CAO - Force Majeure (M) (7/14/2026 - 12/31/2026)
MLV 54-3 to
MLV 106-3: Emergent Repair - CAO (2/26/2026
- 12/31/2026) MLV 87-3 to MLV 96-3:
Pig Run - Cleaning / Gauge (8/25/2026)
MLV 87-3 to MLV 96-3: Pig Run - EMAT (8/27/2026)
MLV 96-3BR to MLV 96-3BL: Spike
Test (7/27/2026 - 8/31/2026)
Sta 106: Unit 1D - 4K Solar
Turbine Inspection (8/18/2026 -
8/20/2026) Sta 110: Install ESD
Silence Covers (8/24/2026 -
8/28/2026)
Sta 87: Unit 3D - Power side Overhaul (6/22/2026 - 9/30/2026) Sta 871: Unit 3A - Engine Maintenance (8/24/2026 - 9/11/2026)
Sta 875: Unit 1A- 8K Solar Turbine Inspection (8/17/2026 - 8/21/2026)
Station 114
(segment 114 BH)
907
393
(514)
393
(514)
393
(514)
MLV 117-3 to
MLV 118-3: Special Permit Pipe Replacement
(8/10/2026 - 8/30/2026)
MLV 119-2 to
MLV 119-2A: Special Permit Pipe Replacement
(8/10/2026 - 8/30/2026)
Station 204
(Segment 204 BH)
1,828
1735
(93)
1,828
1,828
Sta 200 Greenup: B Building - Divider Blocks
(8/11/2026 - 8/12/2026)
Station 245
(segment 245 FH)
986
970
(16)
970
(16)
765
(221)
Sta 245:
Unit 1A & 2A - Exhaust System & HP Fuel (4/27/2026 - 11/1/2026) Sta
245-1 to MLV 249-1: Pig Re-Run - Cal/IMU (8/26/2026)
Station 261 Discharge East (segment
261 FH)
888
888
888
888
Station 307
(segment 307 BH)
1,153
1,153
1,153
965
(188)
Sta 307
(Pigeon): MLV Operators / Air Comp Install / Fuel Skid (8/24/2026 - 8/28/2026)
Station
313 Discharge (segment 399 FH)
797
797
515
(282)
797
Sta 313 Coudersport: Annual ESD Test & Maintenance (8/17/2026 - 8/20/2026)
Station 315
(segment 315 BH)
1,823
1,823
1,823
1,823
Station 317
(segment 317 BH)
1,548
1,548
1,548
1345
(203)
Sta 317: Annual
ESD Test & Maintenance (8/24/2026 - 8/28/2026)
MLV 324
(segment 324 FH)
1,767
1,767
1,767
1355
(412)
MLV 324-1 to MLV 324-1A:
Anomaly Remediation (8/24/2026 -
8/29/2026) Sta 325: Station Outage (8/26/2026 - 8/28/2026)
Station
405 HC Line (segment 299 FH)
794
794
794
794
Station 224
(segment 224 FH)
388
388
388
280
(108)
Station 224: Scrubber
Inspections & Filter
Change (8/25/2026 - 8/26/2026)
This document is updated on a weekly
basis and outage
schedules/impacts are subject
to change as the week progresses.
Dates
posted on DART should be deemed correct
in the event of conflicts between DART posted
dates and dates on this report.
The impacts sheet are based on steady-state hydraulic models assuming recent operating flows,
conditions, and various
unit outages.
-Primary impact restrictions may be necessary
TGP - Outage
Impact Report
-Major impact restrictions may be necessary
September 2026 (updated 07/30/26)
-Minor impact
restrictions may be necessary depending on flow conditions
-Little to no impact, though
minor outages may cause incremental reductions
Station # / Lateral
Est Nominal
Operating Capacity (Thousand Dth)
Week 1
(8/31 - 9/6)
Week 2
(9/7 - 9/13)
Week 3
(9/14 - 9/20)
Week 4
(9/21 - 9/27)
Primary Outage(s)
Est. Operational Capacity (Operational Impact) - Thousand Dth
Station 409A (Alamo)
(segment 492 FH)
274
215
(59)
125
(149)
215
(59)
215
(59)
MLV 409-1 to MLV 406-1: Spike Test (M) (9/1/2026 - 10/31/2026)
MLV
409A-101.1 to MLV 409A-103: Pig Runs - Cleaning / Gauge (M) (9/7/2026) MLV 409A-101.1 to MLV 409A-103: Pig Runs
- Cleaning / Gauge (M) (9/8/2026) MLV
409A-101.1 to MLV 409A-103: Pig Runs - Cleaning / Gauge (M) (9/9/2026) MLV 409A-101.1 to MLV 409A-103: Pig Runs
- EMAT (M) (9/11/2026)
MLV 409A-101.1 to MLV 409A-103: Pig Runs - MFL-C (M) (9/10/2026)
Station
409 (Donna Line) (segment 490 FH)
564
564
564
564
564
Station 1
(segment 101 BH)
399
399
399
399
300
(99)
MLV 1-1D to MLV 5-1: Spike Test (M) (9/21/2026 - 11/2/2026)
Station 9
(segment 109 BH)
1,027
1,027
1,027
1,027
1,027
Station 17
(segment 117 FH)
1,122
1100
(22)
1100
(22)
1100
(22)
1085
(37)
MLV 17-1D to
MLV 20-1A: Pig Run - CLEANING (9/21/2026) MLV 17-1D to MLV 20-1A: Pig Run - EMAT (9/24/2026)
MLV 17-1D to
MLV 20-1A: Pig Run - GAUGE PLATE (9/22/2026) MLV 17-1D to MLV 20-1A: Pig Run - MFL-C (9/23/2026)
MLV 19-1 TO MLV 20-1A:
Pipe Replacement (M) (8/6/2026 - 9/15/2026)
Station 25
(segment 125 FH)
1,078
1,078
1,078
1,078
1,078
Station 47
(segment 143 FH)
1,343
1045
(298)
1045
(298)
1300
(43)
1300
(43)
MLV 47-4D to
MLV 54-4S: Pig Run - AFD Combo (M) (9/8/2026) MLV 47-4D to MLV 54-4S: Pig Run - EMAT (M) (9/10/2026)
MLV 47-4D to MLV 54-4S: Pig Run - Gauge Cleaning (M) (8/31/2026) MLV 47-4D to MLV 54-4S: Pig Run - Gauge
Cleaning (M) (9/1/2026) MLV 47-4D
to MLV 54-4S: Pig Run - Gauge Cleaning (M) (9/2/2026) MLV 58-2 to MLV 59-2: Anomaly Remediation (9/20/2026 - 10/1/2026)
Station 63
(segment 163 FH)
1,242
1117
(125)
1117
(125)
1117
(125)
1117
(125)
MLV 54-3 to MLV 106-3:
Emergent Repair - CAO (2/26/2026 - 12/31/2026)
Station 823
(segment 823 BH)
734
734
734
734
734
Station 834
(segment 834 BH)
683
683
670
(13)
670
(13)
670
(13)
Sta
834: Unit 1A - Replace Insulation Blanket (9/14/2026
- 9/15/2026) Sta 834: Unit 2A -
Replace Insulation Blanket (9/16/2026
- 9/17/2026) Sta 834: Unit 3A -
Replace Insulation Blanket (9/18/2026
- 9/19/2026) Sta 834: Unit 4A -
Replace Insulation Blanket (9/21/2026
- 9/22/2026) Sta 834: Unit 4A - Replace
Lubrication System (9/7/2026 - 9/11/2026)
Station
534 South of Pool (segment 530 BH)
1,550
985
(565)
1,550
1,550
1,550
MLV 533-2 to MLV 534-2:
Pipe Replacement (M) (6/4/2026 - 9/4/2026)
Station 534
(segment 534 BH)
1,909
1,909
1,909
1440
(469)
1440
(469)
MLV 534-2 to MLV 535-2: Tallahala Creek HDD (9/14/2026 - 9/23/2026)
Station 860
(segment 548 BH)
1,593
1390
(203)
725
(868)
1390
(203)
1586
(7)
MLV 546-2 to MLV 547-2: Line Recoat (9/8/2026 - 9/10/2026)
Sta 542: Unit 2A - Emergent Repair (4/7/2026 - 9/30/2026) Sta 542: Unit 3A - Emergent Repair
(3/26/2026 - 8/31/2026)
Sta 546: Annual ESD Tests & Maintenance (9/7/2026 - 9/11/2026) Sta
546: Unit 7A - Metal in Oil (7/14/2025
- 8/31/2026)
Sta
555: Scrubber/Filter/Separator Clean, Inspect & Filter Change (9/14/2026) Sta 555: Unit 1B - Hot Gas Path (8/10/2026 - 9/18/2026)
TGP - Outage Impact Report September 2026 (updated 07/30/26)
-Primary
impact restrictions may be necessary
-Major
impact restrictions may
be necessary
-Minor impact
restrictions may be necessary depending on flow conditions
-Little to no impact, though
minor outages may cause incremental reductions
Station # / Lateral
Est Nominal
Operating Capacity (Thousand Dth)
Week 1
(8/31 - 9/6)
Week 2
(9/7 - 9/13)
Week 3
(9/14 - 9/20)
Week 4
(9/21 - 9/27)
Primary
Outage(s)
Est. Operational Capacity (Operational Impact) - Thousand Dth
Station 860 North (Segment 860 BH)
1,874
1846
(28)
1846
(28)
1530
(344)
1846
(28)
Sta 563: Unit 1A - Annual
Inspection & Safety
Device Check (9/14/2026 -
9/16/2026)
Sta 563: Unit 2A - Annual Inspection/CAV (9/16/2026 - 9/18/2026)
Sta
860: Unit 1A - Aftercooler Jacket Water Inspection (6/17/2025 - 12/31/2026) Sta
860: Unit 1B - Replace Turbocharger (8/31/2026
- 9/4/2026)
Station 110
(segment 187 BH)
(south thru Kentucky)
2,685
2113
(572)
2355
(330)
2405
(280)
2422
(263)
MLV 104-1 to MLV 105-1: Anomaly Remediation (8/12/2026 - 9/12/2026) MLV
105-1 to MLV 105-1A: Anomaly Remediation (9/14/2026
- 9/25/2026) MLV 109-3A to MLV
110-3: Pipe Replacement (9/16/2026
- 9/30/2026) MLV 109-4
to MLV 110-4:
Pipe Replacement (8/10/2026 - 8/31/2026) MLV 109-5 to MLV 109-5A:
Pipe Replacement (9/1/2026 - 9/15/2026) MLV 109-5A to MLV 110-5: Pipe
Replacement (9/1/2026 - 9/15/2026)
MLV 110-2 to MLV 114-2:
CAO - Force Majeure (M) (7/14/2026 - 12/31/2026)
MLV
54-3 to MLV 106-3: Emergent Repair - CAO (2/26/2026
- 12/31/2026) MLV 96-3BR to MLV
96-3BL: Spike Test (7/27/2026 -
8/31/2026)
Sta 106: Unit 2D - 4K Solar
Turbine Inspection (9/16/2026 -
9/18/2026) Sta 87: Unit 3D - Power
side Overhaul (6/22/2026 -
9/30/2026)
Sta 871 Campbellsville: Annual
ESD Test (9/1/2026)
Sta 871: Unit 3A - Engine Maintenance (8/24/2026 - 9/11/2026)
Station 114
(segment 114 BH)
907
907
907
812
(95)
907
Sta 119A: Unit 1A - Solar Turbine
Inspection (9/14/2026 - 9/16/2026)
Station 204
(Segment 204 BH)
1,828
1,828
1760
(68)
1,828
1375
(453)
MLV 214-3 to MLV 219-3: Pig Run - Cal/IMU/MFL-A Combo (M) (9/10/2026)
MLV 214-3 to MLV 219-3: Pig Run - Gauge/Cleaning (M) (9/8/2026) Sta 204: Scrubber Filter Change (9/24/2026 - 9/26/2026)
Sta 209 Cambridge: Scrubber Filter (9/21/2026 - 9/23/2026)
Station 230C (segment 296 FH)
743
743
370
(373)
743
743
Sta 230C: Scrubber
/ Filter Inspection (M) (9/9/2026 - 9/10/2026)
Station 245
(segment 245 FH)
986
970
(16)
970
(16)
970
(16)
680
(306)
Sta 245: Bldg A & B - Remove Unit Valves
(9/21/2026 - 9/25/2026)
Sta 245: Unit 1A & 2A - Exhaust System
& HP Fuel (4/27/2026 - 11/1/2026)
Station 261 Discharge East (segment
261 FH)
888
888
888
888
555
(333)
Sta 264 Charlton: Annual ESD Test
(9/23/2026 - 9/24/2026)
Station 307
(segment 307 BH)
1,153
1,153
1,153
1,153
765
(388)
Sta 219: Annual
ESD Test & Scrubber Maintenance (9/21/2026 - 9/26/2026)
Station 313 Discharge (segment 399 FH)
797
797
220
(577)
220
(577)
797
MLV
313A-101A to MLV 313A-401: Anomaly Remediation (M) (9/7/2026 - 9/19/2026)
MLV
313A-101L to MLV 313A-101A: Anomaly Remediation (M) (9/7/2026 - 9/19/2026)
MLV 313A-403
to MLV 313A-404: Anomaly Remediation (M) (9/7/2026 - 9/19/2026)
MLV
313A-405A to MLV 313A-406: Anomaly Remediation (M) (9/7/2026 - 9/19/2026)
Station 315
(segment 315 BH)
1,823
1,823
1,823
1,823
1,823
MLV 324
(segment 324 FH)
1,767
1515
(252)
1,767
1,767
1495
(272)
MLV 321-1L to MLV 322-1:
Anomaly Remediation (8/31/2026 -
9/5/2026) Sta 323: Station Outage (9/21/2026 - 9/24/2026)
MLV 329
(segment 324 FH)
846
846
830
(16)
830
(16)
830
(16)
MLV 329AS-1
to MLV 329AD-1: Valve Replacement - MLV 329-1 (M) (9/9/2026 - 10/9/2026)
TGP - Outage Impact Report September 2026 (updated 07/30/26)
-Primary
impact restrictions may be necessary
-Major
impact restrictions may
be necessary
-Minor impact restrictions may be necessary depending on flow
conditions
-Little to no impact, though
minor outages may cause incremental reductions
Station # / Lateral
Est Nominal
Operating Capacity (Thousand Dth)
Week 1
(8/31 - 9/6)
Week 2
(9/7 - 9/13)
Week 3
(9/14 - 9/20)
Week 4
(9/21 - 9/27)
Primary
Outage(s)
Est. Operational Capacity (Operational Impact) - Thousand Dth
Station
405 HC Line (segment 299 FH)
794
794
794
794
794
This document is updated on a weekly
basis and outage
schedules/impacts are subject
to change as the week progresses.
Dates
posted on DART should be deemed correct
in the event of conflicts between DART posted
dates and dates on this report.
The impacts sheet are based on steady-state hydraulic models assuming recent operating flows, conditions, and various unit outages.
-Primary impact restrictions may be necessary
TGP - Outage
Impact Report
-Major impact restrictions may be necessary
October 2026 (updated 07/30/26)
-Minor impact restrictions may be necessary depending on flow
conditions
-Little to no impact,
though minor outages may cause incremental reductions
Station # / Lateral
Est Nominal
Operating Capacity (Thousand Dth)
Week 1
(9/28 - 10/4)
Week 2
(10/5 - 10/11)
Week 3
(10/12 - 10/18)
Week 4
(10/19 - 10/25)
Week 5
(10/26 - 11/1)
Primary
Outage(s)
Est. Operational Capacity (Operational Impact) - Thousand Dth
Station 409A
(Alamo) (segment 492 FH)
274
215
(59)
215
(59)
215
(59)
215
(59)
215
(59)
MLV 409-1 to MLV 406-1: Spike Test (M) (9/1/2026 - 10/31/2026)
Station 409 (Donna
Line) (segment 490 FH)
564
564
564
564
564
564
Station 1
(segment 101 BH)
399
300
(99)
300
(99)
300
(99)
300
(99)
300
(99)
MLV 1-1D to MLV 5-1: Spike Test (M) (9/21/2026 - 11/2/2026)
Station 9
(segment 109 BH)
1,027
1,027
1,027
1,027
640
(387)
1,027
MLV 9-2S to
MLV 1-2: Pig Runs - Cleaning / Maintenance (M) (10/22/2026) MLV 9-3 to MLV 5-3: Pig Run -
Maintenance (M) (10/21/2026)
Station 17
(segment 117 FH)
1,122
1,122
1,122
1014
(108)
1100
(22)
1,122
MLV 17-2D to
MLV 20-2A: Pig Run - Cleaning (10/19/2026
- 10/20/2026) MLV 17-2D to MLV
20-2A: Pig Run - GAUGE (10/21/2026)
MLV 17-2D to MLV 20-2A:
Pig Run - MFL-A (10/22/2026)
Sta 25: Annual
ESD Test (10/13/2026)
Station 25
(segment 125 FH)
1,078
1,078
1,078
1,078
1,078
1,078
Station 47
(segment 143 FH)
1,343
1025
(318)
1025
(318)
1295
(48)
1,343
1,343
MLV 58-2 to MLV 59-2: Anomaly
Remediation (9/20/2026 - 10/1/2026) Sta 47: Scrubber/Filter/Separator
Cleaning/Inspection/Changeout (9/28/2026
-
10/2/2026)
Sta 47: Station
Transformer Maintenance (10/6/2026)
Sta 47: Unit 1D - 16K hour Overhaul (10/5/2026 - 10/15/2026)
Station 63
(segment 163 FH)
1,242
1117
(125)
1117
(125)
1117
(125)
1117
(125)
1117
(125)
MLV 54-3 to
MLV 106-3: Emergent Repair - CAO (2/26/2026
- 12/31/2026) MLV 82-1 to MLV 87-1:
Pig Run - AFD/Cal/IMU (10/8/2026)
MLV 82-1 to
MLV 87-1: Pig Run - Cleaning / Gauge (10/6/2026) MLV 82-1 to MLV 87-1: Pig Run - EMAT (10/13/2026)
Station 823
(segment 823 BH)
734
734
734
734
734
734
Station 534 South of Pool (segment 530 BH)
1,550
1,550
1,550
1175
(375)
1,550
1,550
Sta 529: Unit 1A - Solar Inspection (10/12/2026 - 10/15/2026)
Station 860
(segment 548 BH)
1,593
1586
(7)
1375
(218)
1,593
1,593
1,593
Sta 542:
Unit 2A - Emergent Repair (4/7/2026
- 9/30/2026) Sta 550 Hamilton:
Annual ESD Test (10/5/2026 -
10/9/2026)
Sta 550: Unit 1B - Juction Box Rewire & Unit Valves
(9/28/2026 - 10/9/2026)
Station 860 North (Segment 860 BH)
1,874
1846
(28)
1846
(28)
1846
(28)
1475
(399)
1475
(399)
MLV 560-2 to MLV 563-2:
Pipe Replacements (M) (10/19/2026 - 10/26/2026) Sta 860: Unit 1A - Aftercooler Jacket
Water Inspection (6/17/2025 -
12/31/2026) Sta 860: Unit 1C -
4K/Turbine Waterwash/Boroscope (10/6/2026
- 10/7/2026) Sta 860: Unit 2C -
4K/Turbine Waterwash/Boroscope (10/7/2026
- 10/8/2026)
Station 110
(segment 187 BH)
(south thru Kentucky)
2,685
1965
(720)
1965
(720)
2447
(238)
1932
(753)
2067
(618)
MLV 104-3 to
MLV 106-3S: HDD at Kentucky River (10/1/2026
- 10/5/2026) MLV 109-3A to MLV
110-3: Pipe Replacement (9/16/2026
- 9/30/2026)
MLV 110-2 to MLV 114-2:
CAO - Force Majeure (M) (7/14/2026 - 12/31/2026)
MLV
54-3 to MLV 106-3: Emergent Repair - CAO (2/26/2026
- 12/31/2026) MLV 97-3 to MLV
106-3: Pig Run - Cleaning / Gauge (10/27/2026)
MLV 97-3 to MLV 106-3:
Pig Run - MFL-S (10/29/2026)
Sta 87 Portland: Annual ESD Test
(10/21/2026 - 10/22/2026)
Sta
87: Unit 1E - Scrubber/Filter/Separator Clean, Inspect & Filter Change (10/20/2026 - 10/21/2026)
Sta
87: Unit 2E - Scrubber/Filter/Separator Clean, Inspect & Filter Change (10/22/2026 - 10/23/2026)
Sta 87: Unit 3D - Power side Overhaul (6/22/2026 - 9/30/2026)
Sta 96: Unit 2D Replace
Compressor Valves (10/12/2026 - 10/15/2026)
Station 114
(segment 114 BH)
907
907
853
(54)
907
907
907
Sta 118A Tyler Mountain: Annual ESD Test (10/5/2026 - 10/6/2026)
-Primary impact restrictions may be necessary
TGP - Outage
Impact Report
-Major impact restrictions may be necessary
October 2026 (updated 07/30/26)
-Minor impact restrictions may be necessary depending on flow
conditions
-Little to no impact, though
minor outages may cause incremental reductions
Station # / Lateral
Est Nominal
Operating Capacity (Thousand Dth)
Week 1
(9/28 - 10/4)
Week 2
(10/5 - 10/11)
Week 3
(10/12 - 10/18)
Week 4
(10/19 - 10/25)
Week 5
(10/26 - 11/1)
Primary
Outage(s)
Est. Operational Capacity (Operational Impact) - Thousand Dth
Station 204
(Segment 204 BH)
1,828
1,828
1,828
1755
(73)
1755
(73)
1710
(118)
MLV 209-2 to MLV 214-2: Pig Run - Chem Cleaning
(10/26/2026)
MLV 209-2 to MLV 214-2: Pig Run - Chem Cleaning (10/27/2026) MLV
209-2 to MLV 214-2: Pig Run - Chem Cleaning
(10/28/2026) MLV 209-2 to
MLV 214-2: Pig Run - Chem Cleaning (10/29/2026) MLV 209-2 to MLV 214-2: Pig Run - Chem
Cleaning (10/30/2026) MLV 214-1 to MLV 219-1: Pig Run -
Cal/IMU (10/20/2026)
MLV 214-1 to MLV 219-1: Pig Run - Gauge/Cleaning (10/15/2026) MLV
214-1 to MLV 219-1: Pig Run - MFL-C (10/22/2026)
Station 233
(segment 233 FH)
459
459
355
(104)
459
459
459
MLV 233-2 to MLV 235-2: Pig Run (10/6/2026)
Station 245
(segment 245 FH)
986
970
(16)
970
(16)
970
(16)
970
(16)
765
(221)
Sta 245:
Unit 1A & 2A - Exhaust System & HP Fuel (4/27/2026 - 11/1/2026) Sta
245-1 to MLV 249-1: Pig Run - EMAT (10/28/2026)
Station 261 Discharge East (segment 261 FH)
888
495
(393)
888
555
(333)
888
888
Sta 261
Agawam: Annual ESD test (M) (9/28/2026 - 10/2/2026) Sta 264: Oil System (10/12/2026
- 10/16/2026)
Station 307
(segment 307 BH)
1,153
775
(378)
695
(458)
1,153
1,153
1,153
MLV 302-2 to
MLV 303-2: Anomaly Remediation (9/28/2026
- 10/10/2026) Sta 303A: Unit 1A -
Water Wash (10/6/2026 - 10/7/2026)
Sta 307: Unit 4A - Trabon (9/29/2026 - 10/2/2026)
Station 315
(segment 315 BH)
1,823
1,823
1,823
1,823
1,823
1,823
MLV 324
(segment 324 FH)
1,767
1,767
1,767
1,767
1,767
1,767
MLV 329
(segment 324 FH)
846
830
(16)
830
(16)
846
630
(216)
846
MLV 325-1 to
MLV 329-1: Pig runs - Cleaning/Gauge (M) (10/19/2026) MLV 325-1 to MLV 329-1: Pig runs - EMAT (M) (10/20/2026)
MLV 329AS-1
to MLV 329AD-1: Valve Replacement - MLV 329-1 (M) (9/9/2026 - 10/9/2026)
Cranston Lateral
South
(segment 281 FH)
187
187
125
(62)
187
187
187
Sta 265: Unit 1A - Replace Lube Oil Fan
(10/7/2026)
Station 405 HC Line (segment 299 FH)
794
794
794
670
(124)
794
794
Sta 405A:
Unit 1A - 4k Waterwash (10/13/2026)
; Sta 405A: Unit 1A - 8K Solar Turbine
Inspection (10/14/2026)
Station 224
(segment 224 FH)
388
388
200
(188)
388
388
388
MLV 229-2 to MLV 232-2:
Pig runs - Maintenance (M) (10/6/2026)
This document is updated
on a weekly basis and outage schedules/impacts are subject to change as the week progresses. Dates posted on DART should be deemed
correct in the event of conflicts between DART posted dates and dates on this
report.
The impacts sheet are based on steady-state hydraulic models assuming
recent operating flows,
conditions, and various
unit outages.",2026-07-31T19:43:25.000000Z,2026-07-31T19:43:25.000000Z,2026-08-01T14:00:00.000000Z,1,2026-07-31T05:00:00.000000Z,331b186e680f823a4f29c92d64ddce5b1e86366b0e14d7611e3212104bbb921e,https://pipeline2.kindermorgan.com/Notices/NoticeDetail.aspx?code=TGP&notc_nbr=403182,data/raw/km_tgp_notice_detail/2026/08/28/331b186e680f823a4f29c92d64ddce5b1e86366b0e14d7611e3212104bbb921e.html,km_tgp_notice_detail:1787932361464709000:331b186e680f823a4f29c92d64ddce5b1e86366b0e14d7611e3212104bbb921e
TGP,403173,d97b4b50ceb99dd6fd6349b36ea973836faf66ccd0ee38d591096af24cdce94b,,True,False,2026-08-28T15:52:44.064775Z,MAINTENANCE,MAINTENANCE,INITIATE,,EMERGENT REPAIR AT STA 264 EFF 7-31-26,"EMERGENT
REPAIR BETWEEN STA 264 EFFECTIVE 7-31-2026
Pursuant
to Article XII of the General Terms and Conditions of Tennessee's FERC Gas
Tariff, Tennessee is posting notice of an emergent repair at Station 264 Unit
1C near Charlton City, Massachusetts. Tennessee has discovered an issue
with the unit that requires immediate repairs. Tennessee has personnel on site
and a repair plan is being developed. Tennessee is estimating the current
impact to be up to 150,000 Dths. Based upon current nominations in the area, Secondary
Out of the Path nominations pathed through STA 261 Discharge East (Segment 261
FH) are at risk effective Timely Cycle for the Gas Day of August 1, 2026 and
until further notice. Previously scheduled nominations will not be curtailed
for the remainder of the July 31, 2026 Gas Day. However, all increases pathed
through STA 261 Discharge East (Segment 261 FH) are at risk.
Updates
will be posted as more information becomes available.
Please
contact your Scheduler if you have any questions.",2026-07-31T13:37:30.000000Z,2026-07-31T13:37:30.000000Z,2026-08-01T14:00:00.000000Z,1,2026-07-31T05:00:00.000000Z,d97b4b50ceb99dd6fd6349b36ea973836faf66ccd0ee38d591096af24cdce94b,https://pipeline2.kindermorgan.com/Notices/NoticeDetail.aspx?code=TGP&notc_nbr=403173,data/raw/km_tgp_notice_detail/2026/08/28/d97b4b50ceb99dd6fd6349b36ea973836faf66ccd0ee38d591096af24cdce94b.html,km_tgp_notice_detail:1787932364064775000:d97b4b50ceb99dd6fd6349b36ea973836faf66ccd0ee38d591096af24cdce94b
TGP,403010,d798995fdaef81c9aa0c9c331f154f3b8e39e54bc7b1b8d8865c6c446a375b47,,True,False,2026-08-28T15:52:46.590152Z,MAINTENANCE,MAINTENANCE,INITIATE,,Station Outage 325 and 834,"Project
Updates
“***Sta
325: Station Outage
--8/26/26
through 8/28/26: This project will require a station outage, which will limit
throughput through the station and result in restrictions based on customer
nominations.
***
Date
Change, Previously scheduled 7/28/26 to 7/30/26.
………………………………
***Sta
834: Station Outage
--8/26/26
through 8/28/26: This project will require a station outage, which will limit
throughput through the station and result in restrictions based on customer
nominations.
***
Date
Change, Previously scheduled 7/29/26 to 7/31/26.
………………………………”
If
you have any questions, please contact your Scheduler.",2026-07-24T16:28:10.000000Z,2026-07-24T16:28:10.000000Z,2026-07-25T14:00:00.000000Z,1,2026-07-24T05:00:00.000000Z,d798995fdaef81c9aa0c9c331f154f3b8e39e54bc7b1b8d8865c6c446a375b47,https://pipeline2.kindermorgan.com/Notices/NoticeDetail.aspx?code=TGP&notc_nbr=403010,data/raw/km_tgp_notice_detail/2026/08/28/d798995fdaef81c9aa0c9c331f154f3b8e39e54bc7b1b8d8865c6c446a375b47.html,km_tgp_notice_detail:1787932366590152000:d798995fdaef81c9aa0c9c331f154f3b8e39e54bc7b1b8d8865c6c446a375b47
TGP,402992,4e77d98a0e2e98af313f56eb80b85994d001475a2e85e6cbe14568f0d0d96487,,True,False,2026-08-28T15:52:50.736954Z,MAINTENANCE,MAINTENANCE,INITIATE,,TGP Outage Impact Report,"-Primary
impact restrictions may be necessary
TGP - Outage
Impact Report
-Major
impact restrictions may be
necessary
Seven Day Forecast (updated 07/23/26)
-Minor impact restrictions may be necessary depending on flow conditions
-Little to no impact,
though minor outages
may cause incremental reductions
Station / Seg
Est Nominal
Operating Capacity (Thousand Dth)
Monday
(7/27)
Tuesday
(7/28)
Wednesday
(7/29)
Thursday
(7/30)
Friday
(7/31)
Saturday
(8/1)
Sunday
(8/2)
Primary Outage(s) that
may Impact Throughput
Est. Operational Capacity
(Operational Impact) - Thousand
Dth
Station 409
(Donna Line)
(segment 490 FH)
564
564
564
564
564
564
564
564
Station 1
(segment 101 BH)
399
399
399
399
399
399
399
399
Station 9
(segment 109 BH)
1,027
890
(137)
885
(142)
885
(142)
885
(142)
885
(142)
885
(142)
885
(142)
MLV 11-1A
to MLV 11-1:
Anomaly Remediation (7/15/2026 - 7/27/2026) MLV 12-1 to MLV 11-1A: PHMSA Immediate (7/15/2026 - 7/27/2026)
MLV 13-1
to MLV 12-1:
Anomaly Remediation (7/15/2026 - 7/27/2026) MLV 16-1 to MLV 15-1: PHMSA Immediate (7/28/2026 - 8/3/2026)
MLV 16-1R to MLV 16-1: PHMSA
Immediate (7/28/2026 - 8/3/2026)
Station 17
(segment 117 FH)
1,122
1000
(122)
1000
(122)
1000
(122)
1000
(122)
1000
(122)
1000
(122)
1000
(122)
MLV 17-3DL
to MLV 18-3A:
Anomaly Remediation (7/27/2026 - 8/2/2026) MLV 19-3 TO MLV 20-3A: Pipe Replacement
(M) (7/6/2026 - 8/3/2026) MLV 25-2
to MLV 26-2: Pipe Replacement (M) (7/15/2026 - 7/29/2026)
MLV 26-2 Relocation: Highway 59 Widening (M) (7/15/2026 - 7/29/2026)
Station 25
(segment 125 FH)
1,078
1,078
1,078
1,078
1,078
1,078
1,078
1,078
Station 47
(segment 143 FH)
1,343
1,343
1,343
1,343
1,343
1,343
1,343
1,343
Station 63
(segment 163 FH)
1,242
1117
(125)
1117
(125)
1117
(125)
1117
(125)
1117
(125)
1117
(125)
1117
(125)
MLV 54-3
to MLV 106-3:
Emergent Repair - CAO (2/26/2026 - 12/31/2026)
Station 823
(segment 823 BH)
734
734
734
734
734
734
734
734
Station 834
(segment 834 BH)
683
683
683
600
(83)
600
(83)
600
(83)
683
683
Sta 834: Station
Outage (7/29/2026 - 7/31/2026)
Station 534 South
of Pool (segment 530
BH)
1,550
985
(565)
985
(565)
985
(565)
985
(565)
985
(565)
985
(565)
985
(565)
MLV 533-2 to MLV 534-2:
Pipe Replacement (M) (6/4/2026 - 9/4/2026) Sta 534: Unit
6A - Piston Liner &
Unloader Replacements (6/30/2025 - 7/29/2026)
MLV 548
(segment 542 BH)
1,647
1,647
1,647
1,647
1,647
1,647
1,647
1,647
Sta 546: Unit 6A - Turbo Replacment (7/8/2026 - 8/14/2026)
Station 860
(segment 548 BH)
1,593
1540
(53)
1540
(53)
1540
(53)
1540
(53)
1540
(53)
1575
(18)
1581
(12)
MLV 539-2
to MLV 540-2:
Anomaly Remediation (7/27/2026 - 7/31/2026) Sta 542: Unit 2A - Emergent Repair (4/7/2026 - 9/30/2026)
Sta 542: Unit 3A - Emergent Repair (3/26/2026 - 8/31/2026) Sta 546: Unit 7A - Metal in Oil (7/14/2025 - 7/31/2026)
Sta 555: Unit 4A - Engine Maintenance (7/27/2026 - 8/1/2026)
Sta 555: Unit 5A - Foundation Regrout (1/20/2026 - 7/31/2026)
Station 860 North (Segment 860
BH)
1,874
1846
(28)
1846
(28)
1846
(28)
1846
(28)
1846
(28)
1846
(28)
1846
(28)
Sta 860: Unit 1A - Aftercooler Jacket Water Inspection (6/17/2025 - 12/31/2026)
Station 110
(segment 187 BH)
(south thru Kentucky)
2,685
2150
(535)
2150
(535)
2150
(535)
2150
(535)
2150
(535)
2150
(535)
2150
(535)
MLV 102-1
to MLV 103-1:
Anomaly Remediation (7/26/2026 - 7/30/2026) MLV 107-7 to 110-7: Valve Installation
& Crossover Work (7/7/2026 - 7/27/2026)
MLV 109-7 to MLV 110-7:
Pipe Replacement (7/7/2026 -
8/3/2026) MLV 110-2
to MLV 114-2:
CAO - Force Majeure (M)
(7/14/2026 - 12/31/2026)
MLV 54-3
to MLV 106-3:
Emergent Repair - CAO (2/26/2026 - 12/31/2026) MLV 96-3BR to MLV 96-3BL: Spike Test (7/27/2026 - 8/31/2026)
Sta 87: Unit 3D - Power
side Overhaul (6/22/2026 - 9/30/2026) Sta 871: Unit 1A - Emergent Repair (7/10/2026 - 8/7/2026)
Station 114
(segment 114 BH)
907
703
(204)
907
703
(204)
907
703
(204)
907
907
MLV 110-2 to MLV 114-2S: Pig Run - AFD (7/29/2026)
MLV 110-2 to MLV 114-2S: Pig Run - Cleaning/Gauge (7/27/2026) MLV 110-2 to MLV 114-2S: Pig Run - EMAT (7/31/2026)
Station 204
(Segment 204 BH)
1,828
1,828
1,828
1,828
1,828
1,828
1,828
1,828
Station 237
(segment 237 FH)
1,006
780
(226)
1,006
780
(226)
1,006
1,006
1,006
1,006
MLV 237-1
to MLV 245-1:
Pig Run - Cleaning/Gauge (7/27/2026) MLV 237-1 to MLV 245-1: Pig Run - MFL-C (7/29/2026)
Station 245
(segment 245 FH)
986
830
(156)
830
(156)
830
(156)
830
(156)
830
(156)
830
(156)
970
(16)
Sta 245:
Unit 1A &
2A - Exhaust System &
HP Fuel (4/27/2026 - 11/1/2026) MLV 253-1 to MLV 253-1R: Anomaly Remediation (7/27/2026
- 8/1/2026)
MLV 256 West
(segment 249 FH)
1,203
1,203
1,203
1,203
1,203
1,203
1,203
1,203
Station 261 Discharge East (segment 261
FH)
888
715
(173)
715
(173)
715
(173)
888
888
888
888
Sta 264 Charlton: Unit 1C - Borescope (7/28/2026) Sta 264
Charlton: Unit 2C - Borescope (7/29/2026) Sta 264 Charlton: Unit 2C - Water Wash
(7/27/2026)
Station 307
(segment 307 BH)
1,153
1115
(38)
1115
(38)
1115
(38)
1115
(38)
1115
(38)
1,153
1,153
Sta 219: Unit 1B - Save Air System
(7/20/2026 - 7/31/2026)
Sta 307: Unit 1A - Protective Device Checks (7/27/2026 - 7/31/2026) Sta 307: Unit
2A - Protective Device Checks
(7/27/2026 - 7/31/2026) Sta 307: Unit
3A - Protective Device Checks
(7/27/2026 - 7/31/2026) Sta 307: Unit
4A - Protective Device Checks
(7/27/2026 - 7/31/2026)
Station 313 Discharge (segment 399
FH)
797
797
797
797
720
(77)
720
(77)
797
797
Sta 313: Unit
1C - Substation Inspection (7/30/2026 - 7/31/2026)
Station 315
(segment 315 BH)
1,823
1,823
1,823
1,823
1,823
1,823
1,823
1,823
MLV 324
(segment 324 FH)
1,767
1,767
1450
(317)
1450
(317)
1450
(317)
1,767
1,767
1,767
Sta 325: Station
Outage (7/28/2026 - 7/30/2026)
Station 405 HC Line
(segment 299
FH)
794
794
794
794
794
794
794
794
-Primary impact restrictions may be necessary
TGP - Outage
Impact Report
-Major
impact restrictions may be
necessary
Seven Day Forecast (updated 07/23/26)
-Minor impact restrictions may be necessary depending on flow conditions
-Little to no impact, though
minor outages may cause incremental reductions
Station / Seg
Est Nominal
Operating Capacity (Thousand Dth)
Monday
(7/27)
Tuesday
(7/28)
Wednesday
(7/29)
Thursday
(7/30)
Friday
(7/31)
Saturday
(8/1)
Sunday
(8/2)
Primary Outage(s) that
may Impact Throughput
Est. Operational Capacity
(Operational Impact) - Thousand
Dth
This
document is updated
on a weekly basis and outage schedules/impacts are subject to change as the week progresses.
Dates
posted on DART should be deemed correct
in the event
of conflicts between DART posted dates
and dates on this report.
The
impacts sheet are based on steady-state hydraulic models assuming recent
operating flows, conditions, and various unit
outages.
-Primary
impact restrictions may be necessary
TGP - Outage
Impact Report
-Major impact restrictions may be necessary
August
2026 (updated 07/23/26)
-Minor impact
restrictions may be necessary depending on flow conditions
-Little to no impact, though
minor outages may cause incremental reductions
Station # / Lateral
Est Nominal Operating Capacity (Thousand Dth)
Week 1
(8/3 - 8/9)
Week 2
(8/10 - 8/16)
Week 3
(8/17 - 8/23)
Week 4
(8/24 - 8/30)
Primary Outage(s)
Est. Operational Capacity (Operational Impact) - Thousand Dth
Station 409 (Donna Line) (segment 490
FH)
564
564
564
564
564
Station 1
(segment 101 BH)
399
399
399
399
399
Station 9
(segment 109 BH)
1,027
885
(142)
640
(387)
640
(387)
1,027
MLV
16-1 to MLV 15-1: PHMSA Immediate (7/28/2026
- 8/3/2026) MLV 16-1R to MLV 16-1: PHMSA Immediate (7/28/2026 - 8/3/2026)
MLV 5-2 to MLV 1-2D: Pig
Run - Cleaning Gauge (M) (8/13/2026) MLV
5-2 to MLV 1-2D: Pig Run - Cleaning Gauge (M) (8/14/2026) MLV 5-2 to MLV 1-2D: Pig Run - Cleaning
Gauge (M) (8/15/2026) MLV 5-2 to
MLV 1-2D: Pig Run - Cleaning Gauge (M) (8/16/2026) MLV 5-2 to MLV 1-2D: Pig Run - Cleaning Gauge (M) (8/17/2026) MLV 5-2 to MLV 1-2D: Pig Run - Cleaning
Gauge (M) (8/18/2026) MLV 5-2 to MLV 1-2D: Pig Run - Cleaning Gauge (M) (8/19/2026)
MLV 5-2 to MLV 1-2D:
Pig Run - TDW MDS (M) (8/20/2026)
Station 17
(segment 117 FH)
1,122
969
(153)
969
(153)
969
(153)
1100
(22)
MLV 19-1 TO MLV 20-1A:
Pipe Replacement (M) (8/6/2026 - 9/15/2026)
MLV 19-3 TO MLV 20-3A:
Pipe Replacement (M) (7/6/2026 - 8/3/2026)
MLV 26-3 Relocation: Highway 59 Widening (M) (8/3/2026 - 8/20/2026)
Station 25
(segment 125 FH)
1,078
1,078
1,078
1,078
1,078
Station 47
(segment 143 FH)
1,343
1,343
1105
(238)
1,343
1,343
MLV 40-3D to
MLV 47-3S: Pig Run - Maintenance Cleaning (8/11/2026) MLV 40-4D to MLV 47-4S: Pig Run -
Maintenance (8/13/2026)
Station 63
(segment 163 FH)
1,242
901
(341)
901
(341)
1117
(125)
1117
(125)
MLV 54-3 to
MLV 106-3: Emergent Repair - CAO (2/26/2026
- 12/31/2026) MLV 77-3 to MLV
77-3A: Pipe Replacements (8/3/2026
- 8/13/2026)
MLV 82-2C to MLV 83-2: Anomaly
Remediation (8/3/2026 - 8/7/2026)
Station 823
(segment 823 BH)
734
734
734
734
734
Station 534 South of Pool (segment 530
BH)
1,550
985
(565)
985
(565)
985
(565)
985
(565)
MLV 533-2 to MLV 534-2:
Pipe Replacement (M) (6/4/2026 - 9/4/2026)
MLV 548
(segment 542 BH)
1,647
1,647
1,647
1,647
1,647
Station 860
(segment 548 BH)
1,593
1581
(12)
1375
(218)
1375
(218)
1185
(408)
Sta 542 Dekalb: Annual ESD Test (8/25/2026
- 8/27/2026) Sta 542: Unit 2A -
Emergent Repair (4/7/2026 -
9/30/2026) Sta 542: Unit 3A -
Emergent Repair (3/26/2026 -
8/31/2026) Sta 555: Unit 1B - Hot
Gas Path (8/10/2026 - 9/18/2026)
Sta 546: Unit 6A - Turbo Replacment (7/8/2026 - 8/14/2026)
Station 860 North (Segment 860
BH)
1,874
1846
(28)
1846
(28)
1846
(28)
1846
(28)
Sta 860: Unit 1A - Aftercooler Jacket Water Inspection (6/17/2025 - 12/31/2026)
Station 110
(segment 187 BH)
(south thru Kentucky)
2,685
2150
(535)
2246
(439)
2246
(439)
1887
(798)
MLV 104-1
to MLV 105-1:
Anomaly Remediation (8/6/2026 - 9/6/2026) MLV 109-4 to 110-4: Valve Installation
& Crossover Work (8/4/2026 -
8/18/2026)
MLV 109-4 to MLV 110-4: Pipe Replacement (8/4/2026 - 8/25/2026) MLV
109-5 to MLV 109-5A: Pipe Replacement (8/26/2026
- 9/9/2026) MLV 109-5A to MLV
110-5: Pipe Replacement (8/26/2026
- 9/9/2026) MLV 109-7 to MLV 110-7:
Pipe Replacement (7/7/2026 -
8/3/2026)
MLV 110-2 to MLV 114-2:
CAO - Force Majeure (M) (7/14/2026 - 12/31/2026)
MLV
54-3 to MLV 106-3: Emergent Repair - CAO (2/26/2026
- 12/31/2026) MLV 87-3 to MLV 96-3:
Pig Run - Cleaning / Gauge (8/25/2026)
MLV 87-3 to MLV 96-3: Pig Run - EMAT
(8/27/2026)
MLV 96-3BR to MLV 96-3BL:
Spike Test (7/27/2026 - 8/31/2026)
Sta 106: Unit 1D - 4K Solar
Turbine Inspection (8/18/2026 -
8/20/2026) Sta 110: Install ESD
Silence Covers (8/24/2026 -
8/28/2026)
Sta 87: Unit 3D - Power side Overhaul
(6/22/2026 - 9/30/2026) Sta
871: Unit 1A - Emergent Repair (7/10/2026
- 8/7/2026)
Sta 871:
Unit 3A - Engine Maintenance (8/24/2026 - 9/11/2026) Sta 875: Unit 1A- 8K
Solar Turbine Inspection (8/17/2026
- 8/21/2026)
Sta 96: Unit 2D - Install
Ball Grove Valve (8/3/2026 - 8/7/2026)
Station 114
(segment 114 BH)
907
907
393
(514)
393
(514)
393
(514)
MLV 117-3 to
MLV 118-3: Special Permit Pipe Replacement
(8/10/2026 - 8/30/2026)
MLV 119-2 to MLV 119-2A:
Special Permit Pipe Replacement (8/10/2026 -
8/30/2026)
-Primary impact restrictions may be necessary
TGP - Outage
Impact Report
-Major impact restrictions may be necessary
August
2026 (updated 07/23/26)
-Minor impact
restrictions may be necessary depending on flow conditions
-Little to no impact, though
minor outages may cause incremental reductions
Station # / Lateral
Est Nominal Operating Capacity (Thousand Dth)
Week 1
(8/3 - 8/9)
Week 2
(8/10 - 8/16)
Week 3
(8/17 - 8/23)
Week 4
(8/24 - 8/30)
Primary
Outage(s)
Est. Operational Capacity (Operational Impact) - Thousand Dth
Station 204
(Segment 204 BH)
1,828
1,828
1735
(93)
1,828
1,828
Sta 200 Greenup: B Building - Divider Blocks
(8/11/2026 - 8/12/2026)
Station 245
(segment 245 FH)
986
970
(16)
970
(16)
970
(16)
970
(16)
Sta 245: Unit 1A & 2A - Exhaust System
& HP Fuel (4/27/2026 - 11/1/2026)
Station 261 Discharge East (segment
261
FH)
888
888
888
888
888
Station 307
(segment 307 BH)
1,153
965
(188)
1,153
765
(388)
965
(188)
Sta 219:
Annual ESD Test & Scrubber Maintenance
(8/17/2026 - 8/21/2026) Sta 307 (Pigeon): Annual
ESD Test &
Maintenance (8/3/2026 - 8/7/2026) Sta 307 (Pigeon): MLV Operators / Air
Comp Install / Fuel Skid (8/24/2026
- 8/28/2026)
Station 313 Discharge (segment 399
FH)
797
797
797
515
(282)
797
Sta 313 Coudersport: Annual ESD Test & Maintenance (8/17/2026 - 8/20/2026)
Station 315
(segment 315 BH)
1,823
1,823
1,823
1,823
1,823
Station 317
(segment 317 BH)
1,548
1,548
1,548
1,548
1345
(203)
Sta 317: Annual
ESD Test & Maintenance (8/24/2026 - 8/28/2026)
MLV 324
(segment 324 FH)
1,767
1,767
1,767
1,767
1700
(67)
MLV 324-1 to MLV 324-1A:
Anomaly Remediation (8/24/2026 - 8/29/2026)
Station 405 HC Line (segment 299
FH)
794
794
794
794
794
Station 224
(segment 224 FH)
388
388
388
388
280
(108)
Station 224: Scrubber
Inspections & Filter
Change (8/25/2026 - 8/26/2026)
This document is updated on a weekly
basis and outage
schedules/impacts are subject
to change as the week progresses.
Dates
posted on DART should be deemed correct
in the event of conflicts between DART posted
dates and dates on this report.
The impacts sheet are based on steady-state hydraulic models assuming recent operating flows, conditions, and various unit outages.
-Primary
impact restrictions may be necessary
TGP - Outage
Impact Report
-Major impact restrictions may be necessary
September 2026 (updated 07/23/26)
-Minor impact
restrictions may be necessary depending on flow conditions
-Little to no impact, though
minor outages may cause incremental reductions
Station # / Lateral
Est Nominal Operating Capacity (Thousand Dth)
Week 1
(8/31 - 9/6)
Week 2
(9/7 - 9/13)
Week 3
(9/14 - 9/20)
Week 4
(9/21 - 9/27)
Primary Outage(s)
Est. Operational Capacity (Operational Impact) - Thousand Dth
Station 409A (Alamo)
(segment 492 FH)
274
215
(59)
125
(149)
215
(59)
215
(59)
MLV 409-1 to MLV 406-1: Spike Test (M) (9/1/2026 - 10/31/2026)
MLV
409A-101.1 to MLV 409A-103: Pig Runs - Cleaning / Gauge (M) (9/7/2026) MLV 409A-101.1 to MLV 409A-103: Pig Runs
- Cleaning / Gauge (M) (9/8/2026) MLV
409A-101.1 to MLV 409A-103: Pig Runs - Cleaning / Gauge (M) (9/9/2026) MLV 409A-101.1 to MLV 409A-103: Pig Runs
- EMAT (M) (9/11/2026)
MLV 409A-101.1 to MLV 409A-103: Pig Runs - MFL-C (M) (9/10/2026)
Station 409 (Donna Line) (segment 490
FH)
564
564
564
564
564
Station 1
(segment 101 BH)
399
300
(99)
300
(99)
300
(99)
300
(99)
MLV 1-1D to MLV 5-1: Spike Test (M) (9/1/2026 - 11/2/2026)
Station 9
(segment 109 BH)
1,027
1,027
1,027
1,027
1,027
Station 17
(segment 117 FH)
1,122
1100
(22)
1100
(22)
1100
(22)
1085
(37)
MLV 17-1D to
MLV 20-1A: Pig Run - CLEANING (9/21/2026) MLV 17-1D to MLV 20-1A: Pig Run - EMAT (9/24/2026)
MLV 17-1D to
MLV 20-1A: Pig Run - GAUGE PLATE (9/22/2026) MLV 17-1D to MLV 20-1A: Pig Run - MFL-C (9/23/2026)
MLV 19-1 TO MLV 20-1A:
Pipe Replacement (M) (8/6/2026 - 9/15/2026)
Station 25
(segment 125 FH)
1,078
1,078
1,078
1,078
1,078
Station 47
(segment 143 FH)
1,343
1045
(298)
1045
(298)
1300
(43)
1300
(43)
MLV 47-4D to
MLV 54-4S: Pig Run - AFD Combo (M) (9/8/2026) MLV 47-4D to MLV 54-4S: Pig Run - EMAT (M) (9/10/2026)
MLV 47-4D to
MLV 54-4S: Pig Run - Gauge Cleaning (M) (8/31/2026) MLV 47-4D to MLV 54-4S: Pig Run - Gauge Cleaning (M)
(9/1/2026) MLV 47-4D to MLV 54-4S:
Pig Run - Gauge Cleaning (M) (9/2/2026)
MLV 58-2 to MLV 59-2: Anomaly
Remediation (9/20/2026 - 10/1/2026)
Station 63
(segment 163 FH)
1,242
1117
(125)
1117
(125)
1117
(125)
1117
(125)
MLV 54-3 to MLV 106-3:
Emergent Repair - CAO (2/26/2026 - 12/31/2026)
Station 823
(segment 823 BH)
734
734
734
734
734
Station 834
(segment 834 BH)
683
683
670
(13)
670
(13)
670
(13)
Sta 834: Unit 1A -
Replace Insulation Blanket (9/14/2026
- 9/15/2026) Sta 834: Unit 2A -
Replace Insulation Blanket (9/16/2026
- 9/17/2026) Sta 834: Unit 3A -
Replace Insulation Blanket (9/18/2026
- 9/19/2026) Sta 834: Unit 4A - Replace
Insulation Blanket (9/21/2026 - 9/22/2026)
Sta 834: Unit 4A - Replace
Lubrication System (9/7/2026 - 9/11/2026)
Station 534 South of Pool (segment 530
BH)
1,550
985
(565)
1,550
1,550
1,550
MLV 533-2 to MLV 534-2:
Pipe Replacement (M) (6/4/2026 - 9/4/2026)
Station 534
(segment 534 BH)
1,909
1,909
1,909
1440
(469)
1440
(469)
MLV 534-2 to MLV 535-2: Tallahala Creek HDD (9/14/2026 - 9/23/2026)
MLV 548
(segment 542 BH)
1,647
1,647
1,647
1,647
1,647
Station 860
(segment 548 BH)
1,593
1375
(218)
725
(868)
1390
(203)
1586
(7)
MLV 546-2 to MLV 547-2: Line Recoat (9/8/2026 - 9/10/2026)
Sta 542: Unit 2A - Emergent Repair (4/7/2026 - 9/30/2026) Sta 542: Unit 3A - Emergent Repair
(3/26/2026 - 8/31/2026)
Sta 546: Annual
ESD Tests & Maintenance (9/7/2026 - 9/11/2026)
Sta
555: Scrubber/Filter/Separator Clean, Inspect & Filter Change (9/14/2026) Sta 555: Unit 1B - Hot Gas Path (8/10/2026 - 9/18/2026)
Station 860 North (Segment 860 BH)
1,874
1846
(28)
1846
(28)
1530
(344)
1846
(28)
Sta 563:
Unit 1A - Annual Inspection & Safety Device Check (9/14/2026 - 9/16/2026)
Sta 563: Unit 2A - Annual Inspection/CAV (9/16/2026 - 9/18/2026)
Sta
860: Unit 1A - Aftercooler Jacket Water Inspection (6/17/2025 - 12/31/2026) Sta
860: Unit 1B - Replace Turbocharger (8/31/2026
- 9/4/2026)
-Primary impact restrictions may be necessary
TGP - Outage
Impact Report
-Major impact restrictions may be necessary
September 2026 (updated 07/23/26)
-Minor impact
restrictions may be necessary depending on flow conditions
-Little to no impact, though minor outages
may cause incremental reductions
Station # / Lateral
Est Nominal Operating Capacity (Thousand Dth)
Week 1
(8/31 - 9/6)
Week
2
(9/7 - 9/13)
Week 3
(9/14 - 9/20)
Week 4
(9/21 - 9/27)
Primary
Outage(s)
Est. Operational Capacity (Operational Impact) - Thousand Dth
Station 110
(segment 187 BH)
(south thru Kentucky)
2,685
2112
(573)
2355
(330)
2408
(277)
2425
(260)
MLV 104-1 to MLV 105-1: Anomaly
Remediation (8/6/2026 - 9/6/2026)
MLV
105-1 to MLV 105-1A: Anomaly Remediation (9/7/2026
- 9/12/2026) MLV 109-3A to MLV
110-3: Pipe Replacement (9/10/2026
- 9/24/2026) MLV 109-5 to MLV
109-5A: Pipe Replacement (8/26/2026
- 9/9/2026) MLV 109-5A to MLV
110-5: Pipe Replacement (8/26/2026
- 9/9/2026)
MLV 110-2 to MLV 114-2:
CAO - Force Majeure (M) (7/14/2026 - 12/31/2026)
MLV
54-3 to MLV 106-3: Emergent Repair - CAO (2/26/2026
- 12/31/2026) MLV 96-3BR to MLV
96-3BL: Spike Test (7/27/2026 -
8/31/2026)
Sta 106: Unit 2D - 4K Solar
Turbine Inspection (9/16/2026 -
9/18/2026) Sta 87: Unit 3D - Power
side Overhaul (6/22/2026 -
9/30/2026)
Sta 871 Campbellsville: Annual ESD Test (9/1/2026)
Sta 871: Unit 3A - Engine Maintenance (8/24/2026 - 9/11/2026)
Station 114
(segment 114 BH)
907
907
907
812
(95)
907
Sta 119A: Unit 1A - Solar Turbine Inspection (9/14/2026 - 9/16/2026)
Station 204
(Segment 204 BH)
1,828
1,828
1760
(68)
1,828
1375
(453)
MLV 214-3 to MLV 219-3: Pig Run - Cal/IMU/MFL-A Combo (M) (9/10/2026)
MLV 214-3 to MLV 219-3: Pig Run - Gauge/Cleaning (M) (9/8/2026) Sta 204: Scrubber Filter Change (9/24/2026 - 9/26/2026)
Sta 209 Cambridge: Scrubber Filter (9/21/2026 - 9/23/2026)
Station 230C (segment 296
FH)
743
743
370
(373)
743
743
Sta 230C: Scrubber
/ Filter Inspection (M) (9/9/2026 - 9/10/2026)
Station 245
(segment 245 FH)
986
970
(16)
970
(16)
970
(16)
680
(306)
Sta 245: Bldg A & B - Remove Unit Valves
(9/21/2026 - 9/25/2026)
Sta 245: Unit 1A & 2A - Exhaust System
& HP Fuel (4/27/2026 - 11/1/2026)
Station 261 Discharge East (segment
261
FH)
888
888
888
888
555
(333)
Sta 264 Charlton: Annual ESD Test
(9/23/2026 - 9/24/2026)
Station 307
(segment 307 BH)
1,153
1,153
1,153
1,153
1,153
Station 313 Discharge (segment 399 FH)
797
797
220
(577)
220
(577)
797
MLV
313A-101A to MLV 313A-401: Anomaly Remediation (M) (9/7/2026 - 9/19/2026)
MLV
313A-101L to MLV 313A-101A: Anomaly Remediation (M) (9/7/2026 - 9/19/2026)
MLV 313A-403
to MLV 313A-404: Anomaly Remediation (M) (9/7/2026 - 9/19/2026)
MLV 313A-405A to MLV 313A-406: Anomaly Remediation (M) (9/7/2026 -
9/19/2026)
Station 315
(segment 315 BH)
1,823
1,823
1,823
1,823
1,823
MLV 324
(segment 324 FH)
1,767
1515
(252)
1,767
1,767
1495
(272)
MLV 321-1L to MLV 322-1:
Anomaly Remediation (8/31/2026 -
9/5/2026) Sta 323: Station Outage (9/21/2026 - 9/24/2026)
MLV 329
(segment 324 FH)
846
846
830
(16)
830
(16)
830
(16)
MLV 329AS-1
to MLV 329AD-1: Valve Replacement - MLV 329-1 (M) (9/9/2026 - 10/9/2026)
Station 405 HC Line (segment 299
FH)
794
794
794
794
794
This
document is updated
on a weekly basis and outage schedules/impacts are subject to change as the week progresses.
Dates
posted on DART should be deemed correct
in the event of conflicts between DART posted
dates and dates on this report.
The impacts sheet are based on steady-state hydraulic models assuming recent operating flows, conditions, and various unit outages.
-Primary impact restrictions may be necessary
TGP - Outage
Impact Report
-Major impact restrictions may be necessary
October 2026 (updated 07/23/26)
-Minor impact restrictions may be necessary depending on flow
conditions
-Little to no impact,
though minor outages may cause incremental reductions
Station # / Lateral
Est Nominal Operating Capacity (Thousand Dth)
Week 1
(9/28 - 10/4)
Week 2
(10/5 - 10/11)
Week 3
(10/12 - 10/18)
Week 4
(10/19 - 10/25)
Week 5
(10/26 - 11/1)
Primary
Outage(s)
Est. Operational Capacity (Operational Impact) - Thousand Dth
Station 409A
(Alamo) (segment 492
FH)
274
215
(59)
215
(59)
215
(59)
215
(59)
215
(59)
MLV 409-1 to MLV 406-1: Spike Test (M) (9/1/2026 - 10/31/2026)
Station 409 (Donna
Line) (segment 490
FH)
564
564
564
564
564
564
Station 1
(segment 101 BH)
399
300
(99)
300
(99)
300
(99)
300
(99)
300
(99)
MLV 1-1D to MLV 5-1: Spike Test (M) (9/1/2026 - 11/2/2026)
Station 9
(segment 109 BH)
1,027
1,027
1,027
1,027
640
(387)
1,027
MLV 9-2S to
MLV 1-2: Pig Runs - Cleaning / Maintenance (M) (10/22/2026) MLV 9-3 to MLV 5-3: Pig Run -
Maintenance (M) (10/21/2026)
Station 17
(segment 117 FH)
1,122
1,122
1,122
1014
(108)
1100
(22)
1,122
MLV 17-2D to
MLV 20-2A: Pig Run - Cleaning (10/19/2026
- 10/20/2026) MLV 17-2D to MLV
20-2A: Pig Run - GAUGE (10/21/2026)
MLV 17-2D to MLV 20-2A:
Pig Run - MFL-A (10/22/2026)
Sta 25: Annual ESD Test (10/13/2026)
Station 25
(segment 125 FH)
1,078
1,078
1,078
1,078
1,078
1,078
Station 47
(segment 143 FH)
1,343
1025
(318)
1025
(318)
1295
(48)
1,343
1,343
MLV 58-2 to MLV 59-2: Anomaly
Remediation (9/20/2026 - 10/1/2026) Sta 47: Scrubber/Filter/Separator
Cleaning/Inspection/Changeout (9/28/2026
-
10/2/2026)
Sta 47: Station
Transformer Maintenance (10/6/2026)
Sta 47: Unit 1D - 16K hour Overhaul (10/5/2026 - 10/15/2026)
Station 63
(segment 163 FH)
1,242
1117
(125)
1117
(125)
1117
(125)
1117
(125)
1117
(125)
MLV 54-3 to
MLV 106-3: Emergent Repair - CAO (2/26/2026
- 12/31/2026) MLV 82-1 to MLV 87-1:
Pig Run - AFD/Cal/IMU (10/8/2026)
MLV 82-1 to MLV 87-1: Pig Run - Cleaning / Gauge (10/6/2026)
MLV 82-1 to MLV 87-1: Pig Run - EMAT (10/13/2026)
Station 823
(segment 823 BH)
734
734
734
734
734
734
Station 534 South of Pool (segment 530
BH)
1,550
1,550
1175
(375)
1,550
1,550
1,550
Sta 529: Unit 1A - Solar Inspection (10/5/2026 - 10/8/2026)
MLV 548
(segment 542 BH)
1,647
1,647
1,647
1,647
1,647
1,647
Station 860
(segment 548 BH)
1,593
1586
(7)
1375
(218)
1,593
1,593
1,593
Sta 542:
Unit 2A - Emergent Repair (4/7/2026
- 9/30/2026) Sta 550 Hamilton:
Annual ESD Test (10/5/2026 -
10/9/2026)
Sta 550: Unit 1B - Juction Box Rewire & Unit Valves
(9/28/2026 - 10/9/2026)
Station 860 North (Segment 860 BH)
1,874
1846
(28)
1846
(28)
1846
(28)
1475
(399)
1475
(399)
MLV 560-2 to MLV 563-2:
Pipe Replacements (M) (10/19/2026 - 10/26/2026) Sta 860: Unit 1A - Aftercooler Jacket
Water Inspection (6/17/2025 -
12/31/2026) Sta 860: Unit 1C -
4K/Turbine Waterwash/Boroscope (10/6/2026
- 10/7/2026) Sta 860: Unit 2C -
4K/Turbine Waterwash/Boroscope (10/7/2026
- 10/8/2026)
Station 110
(segment 187 BH)
(south thru Kentucky)
2,685
1965
(720)
1965
(720)
2447
(238)
1932
(753)
2067
(618)
MLV 104-3 to MLV 106-3S: HDD at Kentucky River (10/1/2026 - 10/5/2026) MLV 110-2
to MLV 114-2:
CAO - Force Majeure (M) (7/14/2026 - 12/31/2026)
MLV 54-3 to
MLV 106-3: Emergent Repair - CAO (2/26/2026
- 12/31/2026) MLV 97-3 to MLV
106-3: Pig Run - Cleaning / Gauge (10/27/2026)
MLV 97-3 to MLV 106-3:
Pig Run - MFL-S (10/29/2026)
Sta 87 Portland: Annual ESD Test
(10/21/2026 - 10/22/2026)
Sta
87: Unit 1E - Scrubber/Filter/Separator Clean, Inspect & Filter Change (10/20/2026 - 10/21/2026)
Sta 87: Unit
2E - Scrubber/Filter/Separator Clean, Inspect & Filter Change (10/22/2026 - 10/23/2026)
Sta 87: Unit 3D - Power side Overhaul (6/22/2026 - 9/30/2026)
Sta 96: Unit 2D Replace
Compressor Valves (10/12/2026 - 10/15/2026)
Station 114
(segment 114 BH)
907
907
853
(54)
907
907
907
Sta 118A Tyler Mountain: Annual ESD Test (10/5/2026 - 10/6/2026)
Station 204
(Segment 204 BH)
1,828
1,828
1,828
1755
(73)
1755
(73)
1710
(118)
MLV 209-2 to
MLV 214-2: Pig Run - Chem Cleaning (10/26/2026) MLV 209-2 to MLV 214-2: Pig Run - Chem
Cleaning (10/27/2026) MLV 209-2 to MLV 214-2: Pig Run - Chem
Cleaning (10/28/2026) MLV 209-2 to MLV 214-2: Pig Run - Chem
Cleaning (10/29/2026) MLV 209-2 to MLV 214-2: Pig Run - Chem
Cleaning (10/30/2026) MLV 214-1 to MLV 219-1: Pig Run -
Cal/IMU (10/20/2026)
MLV 214-1 to MLV 219-1:
Pig Run - Gauge/Cleaning (10/15/2026)
MLV 214-1 to MLV 219-1: Pig Run - MFL-C (10/22/2026)
Station 233
(segment 233 FH)
459
459
355
(104)
459
459
459
MLV 233-2 to MLV 235-2: Pig Run (10/6/2026)
-Primary impact restrictions may be necessary
TGP - Outage
Impact Report
-Major impact restrictions may be necessary
October 2026 (updated 07/23/26)
-Minor impact restrictions may be necessary depending on flow
conditions
-Little to no impact, though
minor outages may cause incremental reductions
Station # / Lateral
Est Nominal Operating Capacity (Thousand Dth)
Week 1
(9/28 - 10/4)
Week 2
(10/5 - 10/11)
Week 3
(10/12 - 10/18)
Week 4
(10/19 - 10/25)
Week 5
(10/26 - 11/1)
Primary
Outage(s)
Est. Operational Capacity (Operational Impact) - Thousand Dth
Station 245
(segment 245 FH)
986
970
(16)
970
(16)
970
(16)
970
(16)
470
(516)
Sta 245: Unit 1A & 2A - Exhaust
System & HP Fuel (4/27/2026 - 11/1/2026)
Sta 245-1 to MLV 249-1:
Pig Run - EMAT (10/27/2026)
Station 261 Discharge East (segment 261
FH)
888
495
(393)
888
555
(333)
888
888
Sta 261
Agawam: Annual ESD test (M) (9/28/2026 - 10/2/2026) Sta 264: Oil System (10/12/2026
- 10/16/2026)
Station 307
(segment 307 BH)
1,153
775
(378)
695
(458)
1,153
1,153
1,153
MLV 302-2 to
MLV 303-2: Anomaly Remediation (9/28/2026
- 10/10/2026) Sta 303A: Unit 1A -
Water Wash (10/6/2026 - 10/7/2026)
Sta 307: Unit 4A - Trabon
(9/29/2026 - 10/2/2026)
Station 315
(segment 315 BH)
1,823
1,823
1,823
1,823
1,823
1,823
MLV 324
(segment 324 FH)
1,767
1,767
1,767
1,767
1,767
1,767
MLV 329
(segment 324 FH)
846
830
(16)
830
(16)
846
630
(216)
846
MLV 325-1 to
MLV 329-1: Pig runs - Cleaning/Gauge (M) (10/19/2026) MLV 325-1 to MLV 329-1: Pig runs - EMAT (M) (10/20/2026)
MLV 329AS-1 to MLV 329AD-1: Valve Replacement - MLV 329-1 (M) (9/9/2026 -
10/9/2026)
Station 405 HC Line (segment 299
FH)
794
794
794
670
(124)
794
794
Sta 405A:
Unit 1A - 4k Waterwash (10/13/2026)
; Sta 405A: Unit 1A - 8K Solar Turbine
Inspection (10/14/2026)
Station 224
(segment 224 FH)
388
388
200
(188)
388
388
388
MLV 229-2 to MLV 232-2:
Pig runs - Maintenance (M) (10/6/2026)
This document is updated
on a weekly basis and outage schedules/impacts are subject to change as the week progresses. Dates posted on DART should be deemed
correct in the event of conflicts between DART posted dates and dates on this
report.
The impacts sheet are based on steady-state hydraulic models assuming
recent operating flows,
conditions, and various
unit outages.",2026-07-23T19:42:45.000000Z,2026-07-23T19:42:45.000000Z,2026-07-24T14:00:00.000000Z,1,2026-07-23T05:00:00.000000Z,4e77d98a0e2e98af313f56eb80b85994d001475a2e85e6cbe14568f0d0d96487,https://pipeline2.kindermorgan.com/Notices/NoticeDetail.aspx?code=TGP&notc_nbr=402992,data/raw/km_tgp_notice_detail/2026/08/28/4e77d98a0e2e98af313f56eb80b85994d001475a2e85e6cbe14568f0d0d96487.html,km_tgp_notice_detail:1787932370736954000:4e77d98a0e2e98af313f56eb80b85994d001475a2e85e6cbe14568f0d0d96487
TGP,402938,31e6ba018b081c8e7c691f6260c78c5e3b02011e7a6fad7eb4ae0e13992bf9c6,,True,False,2026-08-28T15:52:53.460065Z,MAINTENANCE,MAINTENANCE,SUPERSEDE,402615,TGP SUMMER MAINTENANCE UPDATE MTG TODAY,"TGP's 2026 SUMMER MAINTENANCE TEAMS
MEETING 7-21-2026 TODAY
As a reminder, Tennessee Gas Pipeline Company, LLC (“Tennessee”)
will be hosting its next 2026 TEAMS Summer Maintenance meeting to provide
customers and other interested parties an overview of Tennessee's upcoming Summer
Scheduled Maintenance for the remaining days of July and all of August and
September 2026 today, Tuesday, July, 21, 2026, from 1:30 PM CST to 2:30 PM CST
via TEAMS only. Additionally, there will be a review of upcoming scheduled
maintenance on the Stagecoach, Arlington and Twin Tier systems. There will be
a question and answer segment immediately following.
The presentation will be posted to the EBB no later
than 12:00 PM CST today.
Please see TEAMS info below:
TGP Summer Maintenance
and Outages TEAMS Meeting
Join on your computer, mobile
app or room device
________________________________________________________________________________
Microsoft Teams meeting
Join: https://teams.microsoft.com/meet/23579493131869?p=w4N7s4IHBI1GQNbITK
Meeting ID: 235 794 931 318 69
Passcode: Vg6AB2AN
Need help | System reference
Dial in by phone
+1
346-410-0970,,694003306# United States, Houston
Find a local number
Phone conference ID: 694 003 306#
For organizers: Meeting options | Reset dial-in PIN
________________________________________________________________________________",2026-07-21T11:52:57.000000Z,2026-07-21T11:52:57.000000Z,2026-07-22T14:00:00.000000Z,1,2026-07-21T05:00:00.000000Z,31e6ba018b081c8e7c691f6260c78c5e3b02011e7a6fad7eb4ae0e13992bf9c6,https://pipeline2.kindermorgan.com/Notices/NoticeDetail.aspx?code=TGP&notc_nbr=402938,data/raw/km_tgp_notice_detail/2026/08/28/31e6ba018b081c8e7c691f6260c78c5e3b02011e7a6fad7eb4ae0e13992bf9c6.html,km_tgp_notice_detail:1787932373460065000:31e6ba018b081c8e7c691f6260c78c5e3b02011e7a6fad7eb4ae0e13992bf9c6
TGP,402921,b016b2e0363e8e0ed13474d9649e0b27b95ceb4bfaf1b815198978093fd16433,,True,False,2026-08-28T15:52:56.010880Z,MAINTENANCE,MAINTENANCE,SUPERSEDE,402615,TGP SUMMER MAINTENANCE UPDATE REMINDER,"TGP's 2026 SUMMER MAINTENANCE TEAMS
MEETING 7-21-2026 REMINDER
As a reminder, Tennessee Gas Pipeline Company, LLC (“Tennessee”)
will be hosting its next 2026 TEAMS Summer Maintenance meeting to provide
customers and other interested parties an overview of Tennessee's upcoming Summer
Scheduled Maintenance for the remaining days of July and all of August and
September 2026 on Tuesday, July, 21, 2026, from 1:30 PM CST to 2:30 PM CST via TEAMS
only. Additionally, there will be a review of upcoming scheduled maintenance
on the Stagecoach, Arlington and Twin Tier systems. There will be a question
and answer segment immediately following.
Please see TEAMS info below:
TGP Summer Maintenance and Outages TEAMS Meeting
Join on your computer, mobile
app or room device
________________________________________________________________________________
Microsoft Teams meeting
Join: https://teams.microsoft.com/meet/23579493131869?p=w4N7s4IHBI1GQNbITK
Meeting ID: 235 794 931 318 69
Passcode: Vg6AB2AN
Need help | System reference
Dial in by phone
+1
346-410-0970,,694003306# United States, Houston
Find a local number
Phone conference ID: 694 003 306#
For organizers: Meeting options | Reset dial-in PIN
________________________________________________________________________________",2026-07-20T11:57:07.000000Z,2026-07-20T11:57:07.000000Z,2026-07-21T14:00:00.000000Z,1,2026-07-20T05:00:00.000000Z,b016b2e0363e8e0ed13474d9649e0b27b95ceb4bfaf1b815198978093fd16433,https://pipeline2.kindermorgan.com/Notices/NoticeDetail.aspx?code=TGP&notc_nbr=402921,data/raw/km_tgp_notice_detail/2026/08/28/b016b2e0363e8e0ed13474d9649e0b27b95ceb4bfaf1b815198978093fd16433.html,km_tgp_notice_detail:1787932376010880000:b016b2e0363e8e0ed13474d9649e0b27b95ceb4bfaf1b815198978093fd16433
TGP,402843,23741b66d7407ab1b0aa02cbf87f8ad866a92ac7c4970e9018c70e03306c4863,,True,False,2026-08-28T15:52:59.861928Z,MAINTENANCE,MAINTENANCE,INITIATE,,TGP Outage Impact Report,"-Primary
impact restrictions may be necessary
TGP - Outage
Impact Report
-Major
impact restrictions may be
necessary
Seven Day Forecast (updated 07/16/26)
-Minor impact restrictions may be necessary depending on flow conditions
-Little to no impact,
though minor outages
may cause incremental reductions
Station / Seg
Est Nominal
Operating Capacity (Thousand Dth)
Monday
(7/20)
Tuesday
(7/21)
Wednesday
(7/22)
Thursday
(7/23)
Friday
(7/24)
Saturday
(7/25)
Sunday
(7/26)
Primary Outage(s) that
may Impact Throughput
Est. Operational Capacity
(Operational Impact) - Thousand
Dth
Station 409
(Donna Line)
(segment 490 FH)
564
564
564
564
564
564
564
564
Station 1
(segment 101 BH)
399
399
399
399
399
399
399
399
Station 9
(segment 109 BH)
1,027
890
(137)
890
(137)
890
(137)
890
(137)
890
(137)
890
(137)
890
(137)
MLV 11-1A
to MLV 11-1:
Anomaly Remediation (7/15/2026 - 7/27/2026) MLV 12-1 to MLV 11-1A: PHMSA Immediate (7/15/2026 - 7/27/2026)
MLV 13-1 to MLV 12-1:
Anomaly Remediation (7/15/2026 - 7/27/2026)
Station 17
(segment 117 FH)
1,122
1000
(122)
1000
(122)
1000
(122)
1000
(122)
1000
(122)
1000
(122)
1000
(122)
MLV 19-3 TO MLV 20-3A:
Pipe Replacement (M) (7/6/2026 - 8/3/2026)
Station 25
(segment 125 FH)
1,078
1070
(8)
1070
(8)
1070
(8)
1070
(8)
1070
(8)
1070
(8)
1070
(8)
MLV 25-2 to MLV 26-2:
Pipe Replacement (7/15/2026 -
7/29/2026) MLV 26-2
Relocation: Highway 59 Widening (M) (7/15/2026 - 7/29/2026)
Station 47
(segment 143 FH)
1,343
1330
(13)
1330
(13)
1330
(13)
1330
(13)
1330
(13)
1330
(13)
1330
(13)
MLV 55-1 to MLV 56-1:
PHMSA Immediate (5/11/2026 - 7/31/2026)
MLV 61-1
to MLV 62-1:
Anomaly Remediation (7/23/2026 - 7/30/2026)
Station 63
(segment 163 FH)
1,242
1117
(125)
1117
(125)
1117
(125)
1117
(125)
1117
(125)
1117
(125)
1117
(125)
MLV 54-3
to MLV 106-3:
Emergent Repair - CAO (2/26/2026 - 12/31/2026)
Station 823
(segment 823 BH)
734
734
734
734
734
734
734
734
Station 534 South
of Pool (segment 530 BH)
1,550
985
(565)
985
(565)
985
(565)
985
(565)
985
(565)
985
(565)
985
(565)
MLV 533-2
to MLV 534-2:
Pipe Replacement (M) (6/4/2026 - 9/4/2026) Sta 529: Unit 1A - Engine Inspection (7/21/2026)
Sta 530: Unit
1A - Bearings (8/25/2025 - 12/31/2026)
Sta 530: Unit 3A - Crankshaft Replacement (6/9/2025 - 12/31/2026) Sta 530: Unit 5A - Top-End Overhaul (6/9/2025 - 12/31/2026)
MLV 548
(segment 542 BH)
1,647
1600
(47)
1600
(47)
1600
(47)
1600
(47)
1600
(47)
1600
(47)
1600
(47)
Sta 542: Unit
2A - Emergent Repair (4/7/2026 - 9/30/2026)
Sta 542: Unit
3A - Emergent Repair (3/26/2026 - 8/31/2026) Sta 546: Unit 7A - Metal in Oil (7/14/2025 - 7/31/2026)
Station 860
(segment 548 BH)
1,593
1580
(13)
1580
(13)
1580
(13)
1580
(13)
1580
(13)
1,593
1,593
Sta 555: Unit 5A - Foundation Regrout
(1/20/2026 - 7/24/2026)
Station 860 North (Segment 860
BH)
1,874
1846
(28)
1846
(28)
1846
(28)
1846
(28)
1846
(28)
1846
(28)
1846
(28)
Sta 860: Unit 1A - Aftercooler Jacket Water Inspection (6/17/2025 - 12/31/2026)
Station 110
(segment 187 BH)
(south thru Kentucky)
2,685
2150
(535)
2150
(535)
2150
(535)
2150
(535)
2150
(535)
2150
(535)
2150
(535)
MLV 101-1
to MLV 102-1:
Anomaly Remediation (7/20/2026 - 7/25/2026) MLV 102-1 to MLV 103-1:
Anomaly Remediation (7/26/2026 - 7/30/2026) MLV 107-7 to 110-7: Valve Installation
& Crossover Work (7/7/2026 - 7/27/2026)
MLV 109-7 to MLV 110-7:
Pipe Replacement (7/7/2026 -
7/27/2026) MLV 54-3
to MLV 106-3:
Emergent Repair - CAO (2/26/2026 - 12/31/2026)
Sta 87: Unit
3D - Power side Overhaul (6/22/2026 - 9/30/2026)
Sta 871: Unit 1A - Emergent Repair (7/10/2026 - 8/7/2026)
Station 114
(segment 114 BH)
907
726
(181)
726
(181)
726
(181)
726
(181)
726
(181)
726
(181)
726
(181)
MLV 113-2 to MLV 114-2:
Emergent Repair (M) (7/7/2026 - 12/31/2026)
Station 204
(Segment 204 BH)
1,828
1,828
1,828
1,828
1,828
1,828
1,828
1,828
Station 245
(segment 245 FH)
986
970
(16)
970
(16)
970
(16)
970
(16)
970
(16)
970
(16)
970
(16)
Sta 245:
Unit 1A &
2A - Exhaust System &
HP Fuel (4/27/2026 - 11/1/2026)
MLV 256 West
(segment 249 FH)
1,203
535
(668)
535
(668)
1,203
535
(668)
1,203
1,203
1,203
MLV 249-2
to MLV 254-2:
Gauge/Cleaning tool (7/20/2026) MLV 249-2 to MLV 254-2: Hardspot/Geo (7/23/2026)
MLV 249-2 to MLV 254-2: MFL-A/IMU (7/21/2026)
Station 261 Discharge East (segment 261
FH)
888
888
888
888
888
888
888
888
Station 307
(segment 307 BH)
1,153
1115
(38)
1115
(38)
1115
(38)
1115
(38)
1115
(38)
1115
(38)
1115
(38)
Sta 219:
Unit 1B - Protective Device
Checks & GHG (7/20/2026 - 7/24/2026) Sta 219: Unit 1B - Save Air System (7/20/2026 - 7/31/2026)
Station 315
(segment 315 BH)
1,823
1,823
1,823
1,823
1,823
1,823
1,823
1,823
Station 321
(segment 321 FH)
2,102
2,102
1715
(387)
1715
(387)
1715
(387)
2,102
2,102
2,102
Sta 321: Station Valves for ESD System (7/21/2026 - 7/23/2026)
MLV 324
(segment 324 FH)
1,767
1,767
1,767
1,767
1,767
1,767
1,767
1,767
Station 405 HC Line
(segment 299
FH)
794
794
794
794
794
794
794
794
This
document is updated
on a weekly basis and outage schedules/impacts are subject to change as the week progresses.
Dates
posted on DART should be deemed correct
in the event
of conflicts between DART posted dates
and dates on this report.
The
impacts sheet are based on steady-state hydraulic models assuming recent
operating flows, conditions, and various unit
outages.
-Primary
impact restrictions may be necessary
TGP - Outage
Impact Report
-Major impact restrictions may be necessary
July 2026 (updated
07/16/26)
-Minor impact restrictions may be necessary depending on flow
conditions
-Little to no impact, though
minor outages may cause incremental reductions
Station # / Lateral
Est Nominal Operating Capacity (Thousand Dth)
Week 1
(6/29 - 7/5)
Week 2
(7/6 - 7/12)
Week 3
(7/13 - 7/19)
Week 4
(7/20 - 7/26)
Week 5
(7/27 - 8/2)
Primary Outage(s)
Est. Operational Capacity (Operational Impact) - Thousand Dth
Station 409 (Donna
Line) (segment 490
FH)
564
564
Station 1
(segment 101 BH)
399
399
Station 9
(segment 109 BH)
1,027
885
(142)
MLV 11-1A to
MLV 11-1: Anomaly Remediation (7/15/2026
- 7/27/2026) MLV 12-1 to MLV 11-1A:
PHMSA Immediate (7/15/2026 -
7/27/2026)
MLV 13-1 to
MLV 12-1: Anomaly Remediation (7/15/2026
- 7/27/2026) MLV 16-1 to MLV 15-1:
PHMSA Immediate (7/28/2026 -
8/3/2026)
MLV 16-1R to MLV 16-1: PHMSA
Immediate (7/28/2026 - 8/3/2026)
Station 17
(segment 117 FH)
1,122
1000
(122)
MLV 17-3DL to MLV 18-3A:
Anomaly Remediation (7/27/2026 -
8/2/2026) MLV 19-3 TO MLV 20-3A:
Pipe Replacement (M) (7/6/2026 - 8/3/2026)
Station 25
(segment 125 FH)
1,078
1070
(8)
MLV 25-2 to
MLV 26-2: Pipe Replacement (7/15/2026
- 7/29/2026) MLV 26-2 Relocation:
Highway 59 Widening (M) (7/15/2026 - 7/29/2026)
Station 47
(segment 143 FH)
1,343
1025
(318)
MLV 55-1 to MLV 56-1: PHMSA Immediate (5/11/2026 - 7/31/2026)
MLV 61-1 to MLV 62-1: Anomaly
Remediation (7/23/2026 - 7/30/2026) Sta 47: Scrubber/Filter/Separator
Cleaning/Inspection/Changeout (7/27/2026
-
7/31/2026)
Station 63
(segment 163 FH)
1,242
1117
(125)
MLV 54-3 to MLV 106-3:
Emergent Repair - CAO (2/26/2026 - 12/31/2026)
Station 823
(segment 823 BH)
734
734
Station 834
(segment 834 BH)
683
600
(83)
Sta 834: Station
Outage (7/29/2026 - 7/31/2026)
Station 534 South of Pool (segment 530
BH)
1,550
985
(565)
MLV 533-2 to
MLV 534-2: Pipe Replacement (M) (6/4/2026 - 9/4/2026) Sta 530: Unit 1A - Bearings
(8/25/2025 - 12/31/2026)
Sta 530: Unit 3A - Crankshaft Replacement (6/9/2025 - 12/31/2026)
Sta 530: Unit 5A - Top-End
Overhaul (6/9/2025 - 12/31/2026)
MLV 548
(segment 542 BH)
1,647
1600
(47)
Sta 542: Unit 2A - Emergent Repair (4/7/2026
- 9/30/2026) Sta 542: Unit 3A - Emergent
Repair (3/26/2026 - 8/31/2026)
Sta 546: Unit 7A - Metal
in Oil (7/14/2025 - 7/31/2026)
Station 860
(segment 548 BH)
1,593
1580
(13)
Sta 555: Unit 4A - Engine Maintenance (7/27/2026 - 8/1/2026)
Station 860 North (Segment 860
BH)
1,874
1846
(28)
Sta 860: Unit 1A - Aftercooler Jacket
Water Inspection (6/17/2025 - 12/31/2026)
Station 110
(segment 187 BH)
(south thru Kentucky)
2,685
2150
(535)
MLV 102-1 to
MLV 103-1: Anomaly Remediation (7/26/2026
- 7/30/2026) MLV 107-7 to 110-7:
Valve Installation & Crossover Work (7/7/2026
- 7/27/2026)
MLV 109-4 to
110-4: Valve Installation & Crossover Work (7/28/2026 - 8/11/2026)
MLV 109-4 to
MLV 110-4: Pipe Replacement (7/28/2026
- 8/11/2026) MLV 109-7 to MLV
110-7: Pipe Replacement (7/7/2026 -
7/27/2026)
MLV 54-3 to
MLV 106-3: Emergent Repair - CAO (2/26/2026
- 12/31/2026) MLV 96-3BR to MLV
96-3BL: Spike Test (7/27/2026 -
8/31/2026)
Sta 87: Unit 3D - Power side Overhaul (6/22/2026 - 9/30/2026)
Sta 871: Unit 1A - Emergent
Repair (7/10/2026 - 8/7/2026)
Station 114
(segment 114 BH)
907
726
(181)
MLV 113-2 to MLV 114-2:
Emergent Repair (M) (7/7/2026 - 12/31/2026)
Station 204
(Segment 204 BH)
1,828
1,828
Station 237
(segment 237 FH)
1,006
780
(226)
MLV 237-1 to
MLV 245-1: Pig Run - Cleaning/Gauge (7/27/2026) MLV 237-1 to MLV 245-1: Pig Run - MFL-C (7/29/2026)
Station 245
(segment 245 FH)
986
970
(16)
Sta 245: Unit 1A &
2A - Exhaust System & HP Fuel
(4/27/2026 - 11/1/2026)
MLV 256 West
(segment 249 FH)
1,203
1045
(158)
MLV 253-1 to MLV 253-1R:
Anomaly Remediation (7/27/2026 - 8/1/2026)
Station 261 Discharge East (segment 261
FH)
888
888
Station 307
(segment 307 BH)
1,153
1115
(38)
Sta 219: Unit 1B - Save Air System
(7/20/2026 - 7/31/2026)
Sta 307: Unit 1A - Protective Device
Checks (7/27/2026 - 7/31/2026) Sta 307: Unit 2A - Protective Device
Checks (7/27/2026 - 7/31/2026) Sta 307: Unit 3A - Protective Device
Checks (7/27/2026 - 7/31/2026) Sta 307: Unit 4A - Protective Device Checks (7/27/2026 - 7/31/2026)
-Primary
impact restrictions may be necessary
TGP - Outage
Impact Report
-Major impact restrictions may be necessary
July 2026 (updated
07/16/26)
-Minor impact restrictions may be necessary depending on flow
conditions
-Little to no impact, though
minor outages may cause incremental reductions
Station # / Lateral
Est Nominal Operating Capacity (Thousand Dth)
Week 1
(6/29 - 7/5)
Week 2
(7/6 - 7/12)
Week 3
(7/13 - 7/19)
Week 4
(7/20 - 7/26)
Week 5
(7/27 - 8/2)
Primary Outage(s)
Est. Operational Capacity (Operational Impact) - Thousand Dth
Station 313 Discharge (segment 399
FH)
797
720
(77)
Sta 313: Unit 1C - Substation Inspection (7/30/2026 - 7/31/2026)
Station 315
(segment 315 BH)
1,823
1,823
MLV 324
(segment 324 FH)
1,767
1450
(317)
Sta 325: Station
Outage (7/28/2026 - 7/30/2026)
Station 405 HC Line (segment 299
FH)
794
794
This document is updated
on a weekly basis and outage schedules/impacts are subject to change as the week progresses. Dates posted on DART should be deemed
correct in the event of conflicts between DART posted dates and dates on this
report.
The impacts sheet are based on steady-state hydraulic models assuming
recent operating flows,
conditions, and various
unit outages.
-Primary
impact restrictions may be necessary
TGP - Outage
Impact Report
-Major impact restrictions may be necessary
August
2026 (updated 07/16/26)
-Minor impact
restrictions may be necessary depending on flow conditions
-Little to no impact, though
minor outages may cause incremental reductions
Station # / Lateral
Est Nominal Operating Capacity (Thousand Dth)
Week 1
(8/3 - 8/9)
Week 2
(8/10 - 8/16)
Week 3
(8/17 - 8/23)
Week 4
(8/24 - 8/30)
Primary Outage(s)
Est. Operational Capacity (Operational Impact) - Thousand Dth
Station 409 (Donna Line) (segment 490
FH)
564
564
564
564
564
Station 1
(segment 101 BH)
399
399
399
399
399
Station 9
(segment 109 BH)
1,027
885
(142)
640
(387)
640
(387)
1,027
MLV
16-1 to MLV 15-1: PHMSA Immediate (7/28/2026
- 8/3/2026) MLV 16-1R to MLV 16-1: PHMSA Immediate (7/28/2026 - 8/3/2026)
MLV 5-2 to MLV 1-2D: Pig
Run - Cleaning Gauge (M) (8/13/2026) MLV
5-2 to MLV 1-2D: Pig Run - Cleaning Gauge (M) (8/14/2026) MLV 5-2 to MLV 1-2D: Pig Run - Cleaning
Gauge (M) (8/15/2026) MLV 5-2 to
MLV 1-2D: Pig Run - Cleaning Gauge (M) (8/16/2026) MLV 5-2 to MLV 1-2D: Pig Run - Cleaning Gauge (M) (8/17/2026) MLV 5-2 to MLV 1-2D: Pig Run - Cleaning
Gauge (M) (8/18/2026) MLV 5-2 to MLV 1-2D: Pig Run - Cleaning Gauge (M) (8/19/2026)
MLV 5-2 to MLV 1-2D:
Pig Run - TDW MDS (M) (8/20/2026)
Station 17
(segment 117 FH)
1,122
1000
(122)
1100
(22)
1100
(22)
1100
(22)
MLV 19-1 TO
MLV 20-1A: Pipe Replacement (M) (8/6/2026 - 9/15/2026) MLV 19-3 TO MLV 20-3A:
Pipe Replacement (M) (7/6/2026 - 8/3/2026)
Station 25
(segment 125 FH)
1,078
925
(153)
925
(153)
925
(153)
1,078
MLV 26-3 Relocation: Highway 59 Widening (M) (8/3/2026 - 8/20/2026)
Station 47
(segment 143 FH)
1,343
1,343
1105
(238)
1,343
1,343
MLV 40-3D to
MLV 47-3S: Pig Run - Maintenance Cleaning (8/11/2026) MLV 40-4D to MLV 47-4S: Pig Run -
Maintenance (8/13/2026)
Station 63
(segment 163 FH)
1,242
901
(341)
901
(341)
1117
(125)
1117
(125)
MLV 54-3 to
MLV 106-3: Emergent Repair - CAO (2/26/2026
- 12/31/2026) MLV 77-3 to MLV
77-3A: Pipe Replacements (8/3/2026
- 8/13/2026)
MLV 82-2C to MLV 83-2: Anomaly
Remediation (8/3/2026 - 8/7/2026)
Station 823
(segment 823 BH)
734
734
734
734
734
Station 534 South of Pool (segment 530
BH)
1,550
985
(565)
985
(565)
985
(565)
985
(565)
MLV 533-2 to
MLV 534-2: Pipe Replacement (M) (6/4/2026 - 9/4/2026) Sta 530: Unit 1A - Bearings
(8/25/2025 - 12/31/2026)
Sta 530: Unit 3A - Crankshaft Replacement (6/9/2025 - 12/31/2026)
Sta 530: Unit 5A - Top-End
Overhaul (6/9/2025 - 12/31/2026)
MLV 548
(segment 542 BH)
1,647
1635
(12)
1635
(12)
1635
(12)
1240
(407)
Sta 542 Dekalb: Annual
ESD Test (8/25/2026 - 8/27/2026)
Sta 542: Unit 2A - Emergent Repair (4/7/2026 - 9/30/2026) Sta 542: Unit 3A - Emergent Repair
(3/26/2026 - 8/31/2026)
Station 860
(segment 548 BH)
1,593
1,593
1460
(133)
1460
(133)
1460
(133)
Sta 555: Unit 1B - Hot Gas Path (8/10/2026 - 9/11/2026)
Station 860 North (Segment 860
BH)
1,874
1846
(28)
1846
(28)
1846
(28)
1846
(28)
Sta 860: Unit 1A - Aftercooler Jacket Water Inspection (6/17/2025 - 12/31/2026)
Station 110
(segment 187 BH)
(south thru Kentucky)
2,685
2246
(439)
2281
(404)
2070
(615)
1883
(802)
MLV 104-1 to MLV 105-1: Anomaly Remediation (8/6/2026 - 9/6/2026) MLV
109-4 to 110-4: Valve Installation & Crossover Work (7/28/2026 - 8/11/2026)
MLV
109-4 to MLV 110-4: Pipe Replacement (7/28/2026
- 8/11/2026) MLV 109-5 to MLV
109-5A: Pipe Replacement (8/18/2026
- 9/1/2026) MLV 109-5A to MLV 110-5: Pipe Replacement (8/18/2026 - 9/1/2026)
MLV
54-3 to MLV 106-3: Emergent Repair - CAO (2/26/2026
- 12/31/2026) MLV 87-3 to MLV 96-3:
Pig Run - Cleaning / Gauge (8/25/2026)
MLV 87-3 to MLV 96-3: Pig Run - EMAT
(8/27/2026)
MLV 96-3BR to MLV 96-3BL:
Spike Test (7/27/2026 - 8/31/2026)
Sta 106: Unit 1D - 4K Solar
Turbine Inspection (8/18/2026 -
8/20/2026) Sta 110: Install ESD
Silence Covers (8/24/2026 -
8/28/2026)
Sta 87: Unit 3D - Power side Overhaul
(6/22/2026 - 9/30/2026) Sta
871: Unit 1A - Emergent Repair (7/10/2026
- 8/7/2026)
Sta 871:
Unit 3A - Engine Maintenance (8/24/2026 - 9/11/2026) Sta 875: Unit 1A- 8K
Solar Turbine Inspection (8/17/2026
- 8/21/2026)
Sta 96: Unit 2D - Install Ball Grove Valve (8/3/2026 - 8/7/2026)
Station 114
(segment 114 BH)
907
726
(181)
381
(526)
381
(526)
381
(526)
MLV 113-2 to MLV 114-2: Emergent Repair (M) (7/7/2026 - 12/31/2026) MLV 117-3 to MLV 118-3: Special Permit
Pipe Replacement (8/10/2026 - 8/30/2026)
MLV 119-2 to MLV 119-2A:
Special Permit Pipe Replacement (8/10/2026 -
8/30/2026)
Station 204
(Segment 204 BH)
1,828
1,828
1,828
1,828
1,828
-Primary impact restrictions may be necessary
TGP - Outage
Impact Report
-Major impact restrictions may be necessary
August
2026 (updated 07/16/26)
-Minor impact
restrictions may be necessary depending on flow conditions
-Little to no impact, though
minor outages may cause incremental reductions
Station # / Lateral
Est Nominal Operating Capacity (Thousand Dth)
Week 1
(8/3 - 8/9)
Week 2
(8/10 - 8/16)
Week 3
(8/17 - 8/23)
Week 4
(8/24 - 8/30)
Primary
Outage(s)
Est. Operational Capacity (Operational Impact) - Thousand Dth
Station 245
(segment 245 FH)
986
970
(16)
970
(16)
970
(16)
970
(16)
Sta 245: Unit 1A & 2A - Exhaust System
& HP Fuel (4/27/2026 - 11/1/2026)
Station 261 Discharge East (segment
261
FH)
888
888
888
888
888
Station 307
(segment 307 BH)
1,153
965
(188)
1,153
765
(388)
965
(188)
Sta 219:
Annual ESD Test & Scrubber Maintenance
(8/17/2026 - 8/21/2026) Sta 307 (Pigeon): Annual
ESD Test &
Maintenance (8/3/2026 - 8/7/2026) Sta 307 (Pigeon): MLV Operators / Air
Comp Install / Fuel Skid (8/24/2026
- 8/28/2026)
Station 313 Discharge (segment 399
FH)
797
797
797
515
(282)
797
Sta 313 Coudersport: Annual ESD Test & Maintenance (8/17/2026 - 8/20/2026)
Station 315
(segment 315 BH)
1,823
1,823
1,823
1,823
1,823
Station 317
(segment 317 BH)
1,548
1,548
1,548
1,548
1345
(203)
Sta 317: Annual
ESD Test & Maintenance (8/24/2026 - 8/28/2026)
MLV 324
(segment 324 FH)
1,767
1,767
1,767
1,767
1700
(67)
MLV 324-1 to MLV 324-1A:
Anomaly Remediation (8/24/2026 - 8/29/2026)
Station 405 HC Line (segment 299
FH)
794
794
794
794
794
Station 224
(segment 224 FH)
388
388
388
388
280
(108)
Station 224: Scrubber
Inspections & Filter
Change (8/25/2026 - 8/26/2026)
This document is updated on a weekly
basis and outage
schedules/impacts are subject
to change as the week progresses.
Dates
posted on DART should be deemed correct
in the event of conflicts between DART posted
dates and dates on this report.
The impacts sheet are based on steady-state hydraulic models assuming recent operating flows, conditions, and various unit outages.
-Primary impact restrictions may be necessary
TGP - Outage
Impact Report
-Major impact restrictions may be necessary
September 2026 (updated 07/16/26)
-Minor impact
restrictions may be necessary depending on flow conditions
-Little to no impact, though
minor outages may cause incremental reductions
Station # / Lateral
Est Nominal Operating Capacity (Thousand Dth)
Week 1
(8/31 - 9/6)
Week 2
(9/7 - 9/13)
Week 3
(9/14 - 9/20)
Week 4
(9/21 - 9/27)
Primary Outage(s)
Est. Operational Capacity (Operational Impact) - Thousand Dth
Station 409A (Alamo)
(segment 492 FH)
274
274
125
(149)
274
274
MLV
409A-101.1 to MLV 409A-103: Pig Runs - Cleaning / Gauge (M) (9/7/2026) MLV 409A-101.1 to MLV 409A-103: Pig Runs
- Cleaning / Gauge (M) (9/8/2026) MLV
409A-101.1 to MLV 409A-103: Pig Runs - Cleaning / Gauge (M) (9/9/2026) MLV 409A-101.1 to MLV 409A-103: Pig Runs
- EMAT (M) (9/11/2026)
MLV 409A-101.1 to MLV 409A-103: Pig Runs - MFL-C (M) (9/10/2026)
Station 409 (Donna Line) (segment 490
FH)
564
505
(59)
505
(59)
505
(59)
505
(59)
MLV 409-1 to MLV 406-1:
Spike Test (9/1/2026 - 10/31/2026)
Station 1
(segment 101 BH)
399
300
(99)
300
(99)
300
(99)
300
(99)
MLV 1-1D to MLV 5-1: Spike Test (M) (9/1/2026 - 11/2/2026)
Station 9
(segment 109 BH)
1,027
1,027
1,027
1,027
1,027
Station 17
(segment 117 FH)
1,122
1100
(22)
1100
(22)
1100
(22)
1085
(37)
MLV 17-1D to
MLV 20-1A: Pig Run - CLEANING (9/21/2026) MLV 17-1D to MLV 20-1A: Pig Run - EMAT (9/24/2026)
MLV 17-1D to
MLV 20-1A: Pig Run - GAUGE PLATE (9/22/2026) MLV 17-1D to MLV 20-1A: Pig Run - MFL-C (9/23/2026)
MLV 19-1 TO MLV 20-1A:
Pipe Replacement (M) (8/6/2026 - 9/15/2026)
Station 25
(segment 125 FH)
1,078
1,078
1,078
1,078
1,078
Station 47
(segment 143 FH)
1,343
1045
(298)
1045
(298)
1,343
1,343
MLV 47-4D to
MLV 54-4S: Pig Run - AFD Combo (M) (9/8/2026) MLV 47-4D to MLV 54-4S: Pig Run - EMAT (M) (9/10/2026)
MLV 47-4D to
MLV 54-4S: Pig Run - Gauge Cleaning (M) (8/31/2026) MLV 47-4D to MLV 54-4S: Pig Run - Gauge Cleaning (M)
(9/1/2026)
MLV 47-4D to MLV 54-4S: Pig Run - Gauge Cleaning
(M) (9/2/2026)
Station 63
(segment 163 FH)
1,242
1117
(125)
1117
(125)
1117
(125)
1117
(125)
MLV 54-3 to MLV 106-3:
Emergent Repair - CAO (2/26/2026 - 12/31/2026)
Station 823
(segment 823 BH)
734
734
734
734
734
Station 834
(segment 834 BH)
683
683
670
(13)
670
(13)
670
(13)
Sta 834: Unit 1A -
Replace Insulation Blanket (9/14/2026
- 9/15/2026) Sta 834: Unit 2A -
Replace Insulation Blanket (9/16/2026
- 9/17/2026) Sta 834: Unit 3A -
Replace Insulation Blanket (9/18/2026
- 9/19/2026) Sta 834: Unit 4A - Replace
Insulation Blanket (9/21/2026 - 9/22/2026)
Sta 834: Unit 4A - Replace
Lubrication System (9/7/2026 - 9/11/2026)
Station 534 South of Pool (segment 530
BH)
1,550
985
(565)
1528
(22)
1528
(22)
1528
(22)
MLV 533-2 to
MLV 534-2: Pipe Replacement (M) (6/4/2026 - 9/4/2026) Sta 530: Unit 1A - Bearings
(8/25/2025 - 12/31/2026)
Sta 530: Unit 3A - Crankshaft Replacement (6/9/2025 - 12/31/2026)
Sta 530: Unit 5A - Top-End
Overhaul (6/9/2025 - 12/31/2026)
MLV 548
(segment 542 BH)
1,647
1635
(12)
1640
(7)
1640
(7)
1640
(7)
Sta 542: Unit 2A -
Emergent Repair (4/7/2026 -
9/30/2026) Sta 542: Unit 3A - Emergent
Repair (3/26/2026 - 8/31/2026)
Station 860
(segment 548 BH)
1,593
1460
(133)
790
(803)
1430
(163)
1,593
MLV 546-2 to MLV 547-2: Line Recoat (9/8/2026 - 9/10/2026)
Sta 546: Annual
ESD Tests & Maintenance (9/7/2026 - 9/11/2026)
Sta
555: Scrubber/Filter/Separator Clean, Inspect & Filter Change (9/14/2026) Sta 555: Unit 1B - Hot Gas Path (8/10/2026 - 9/11/2026)
Station 860 North (Segment 860 BH)
1,874
1846
(28)
1846
(28)
1530
(344)
1846
(28)
Sta 563:
Unit 1A - Annual Inspection & Safety Device Check (9/14/2026 - 9/16/2026)
Sta 563: Unit 2A - Annual Inspection/CAV (9/16/2026 - 9/18/2026)
Sta
860: Unit 1A - Aftercooler Jacket Water Inspection (6/17/2025 - 12/31/2026) Sta
860: Unit 1B - Replace Turbocharger (8/31/2026
- 9/4/2026)
Station 110
(segment 187 BH)
(south thru Kentucky)
2,685
1655
(1030)
2386
(299)
2534
(151)
2534
(151)
MLV 104-1 to MLV 105-1: Anomaly Remediation (8/6/2026 - 9/6/2026) MLV
104-3 to MLV 106-3S: HDD at Kentucky River
(9/2/2026 - 9/6/2026) MLV
105-1 to MLV 105-1A: Anomaly Remediation (9/7/2026
- 9/12/2026) MLV 109-3A to MLV
110-3: Pipe Replacement (9/8/2026 -
9/15/2026) MLV 109-5 to MLV 109-5A:
Pipe Replacement (8/18/2026 -
9/1/2026) MLV 109-5A to MLV 110-5:
Pipe Replacement (8/18/2026 -
9/1/2026)
MLV 54-3 to
MLV 106-3: Emergent Repair - CAO (2/26/2026
- 12/31/2026) MLV 96-3BR to MLV
96-3BL: Spike Test (7/27/2026 -
8/31/2026)
Sta 106:
Unit 2D - 4K Solar Turbine
Inspection (9/16/2026 - 9/18/2026) Sta 87: Unit 3D - Power side Overhaul (6/22/2026 - 9/30/2026)
Sta 871 Campbellsville: Annual ESD Test (9/1/2026)
Sta 871: Unit 3A - Engine Maintenance (8/24/2026 - 9/11/2026)
-Primary impact restrictions may be necessary
TGP - Outage
Impact Report
-Major impact restrictions may be necessary
September 2026 (updated 07/16/26)
-Minor impact
restrictions may be necessary depending on flow conditions
-Little to no impact, though
minor outages may cause incremental reductions
Station # / Lateral
Est Nominal Operating Capacity (Thousand Dth)
Week 1
(8/31 - 9/6)
Week
2
(9/7 - 9/13)
Week 3
(9/14 - 9/20)
Week 4
(9/21 - 9/27)
Primary
Outage(s)
Est. Operational Capacity (Operational Impact) - Thousand Dth
Station 114
(segment 114 BH)
907
726
(181)
726
(181)
721
(186)
726
(181)
MLV 113-2 to MLV 114-2:
Emergent Repair (M) (7/7/2026 - 12/31/2026)
Sta 119A: Unit 1A - Solar Turbine Inspection (9/14/2026 - 9/16/2026)
Station 204
(Segment 204 BH)
1,828
1,828
1760
(68)
1,828
1375
(453)
MLV 214-3 to MLV 219-3: Pig Run - Cal/IMU/MFL-A Combo (M) (9/10/2026)
MLV 214-3 to MLV 219-3: Pig Run - Gauge/Cleaning (M) (9/8/2026) Sta 204: Scrubber Filter Change (9/24/2026 - 9/26/2026)
Sta 209 Cambridge: Scrubber Filter (9/21/2026 - 9/23/2026)
Station 230C (segment 296
FH)
743
743
370
(373)
743
743
Sta 230C: Scrubber
/ Filter Inspection (M) (9/9/2026 - 9/10/2026)
Station 245
(segment 245 FH)
986
970
(16)
970
(16)
970
(16)
970
(16)
Sta 245: Unit 1A & 2A - Exhaust System
& HP Fuel (4/27/2026 - 11/1/2026)
Station 261 Discharge East (segment
261
FH)
888
888
888
888
560
(328)
Sta 264 Charlton: Annual ESD Test
(9/23/2026 - 9/24/2026)
Station 307
(segment 307 BH)
1,153
1,153
1,153
1,153
1,153
Station 313 Discharge (segment 399 FH)
797
797
220
(577)
220
(577)
797
MLV
313A-101A to MLV 313A-401: Anomaly Remediation (M) (9/7/2026 - 9/19/2026)
MLV
313A-101L to MLV 313A-101A: Anomaly Remediation (M) (9/7/2026 - 9/19/2026)
MLV 313A-403
to MLV 313A-404: Anomaly Remediation (M) (9/7/2026 - 9/19/2026)
MLV 313A-405A to MLV 313A-406: Anomaly Remediation (M) (9/7/2026 -
9/19/2026)
Station 315
(segment 315 BH)
1,823
1,823
1,823
1,823
1,823
Station 321
(segment 321 FH)
2,102
1850
(252)
2,102
2,102
2,102
MLV 321-1L to MLV 322-1:
Anomaly Remediation (8/31/2026 - 9/5/2026)
MLV 324
(segment 324 FH)
1,767
1,767
1,767
1,767
1,767
MLV 329
(segment 324 FH)
846
846
830
(16)
830
(16)
830
(16)
MLV 329AS-1
to MLV 329AD-1: Valve Replacement - MLV 329-1 (M) (9/9/2026 - 10/9/2026)
Station 405 HC Line (segment 299
FH)
794
794
794
794
794
This
document is updated
on a weekly basis and outage schedules/impacts are subject to change as the week progresses.
Dates
posted on DART should be deemed correct
in the event of conflicts between DART posted
dates and dates on this report.
The impacts sheet are based on steady-state hydraulic models assuming recent operating flows, conditions, and various unit outages.",2026-07-16T19:31:39.000000Z,2026-07-16T19:31:39.000000Z,2026-07-17T14:00:00.000000Z,1,2026-07-16T05:00:00.000000Z,23741b66d7407ab1b0aa02cbf87f8ad866a92ac7c4970e9018c70e03306c4863,https://pipeline2.kindermorgan.com/Notices/NoticeDetail.aspx?code=TGP&notc_nbr=402843,data/raw/km_tgp_notice_detail/2026/08/28/23741b66d7407ab1b0aa02cbf87f8ad866a92ac7c4970e9018c70e03306c4863.html,km_tgp_notice_detail:1787932379861928000:23741b66d7407ab1b0aa02cbf87f8ad866a92ac7c4970e9018c70e03306c4863
TGP,402792,d5ee579d2cd2d539e659d87206546d4be823ea76f3638d9a1659cb9bd9ad48c0,,True,False,2026-08-28T15:53:50.663065Z,MAINTENANCE,MAINTENANCE,INITIATE,,Sta 245-1 to MLV 249-1 Pig Run,"Project
Updates
“***Sta
245-1 to MLV 249-1: Pig Run - Cal/IMU
--7/16/26:
This activity will require operating at controlled flow rates. Customers may
experience pressure fluctuations; however, no other service impact is
anticipated.
***
Date
Change, Previously scheduled 7/15/26.
………………………………
***Sta
245-1 to MLV 249-1: Pig Run - MFL-C
--7/17/26:
This activity will require operating at controlled flow rates. Customers may
experience pressure fluctuations; however, no other service impact is
anticipated.
***
Date
Change, Previously scheduled 7/16/26.
………………………………”
If
you have any questions, please contact your Scheduler.",2026-07-14T19:22:07.000000Z,2026-07-14T19:22:07.000000Z,2026-07-15T14:00:00.000000Z,1,2026-07-14T05:00:00.000000Z,d5ee579d2cd2d539e659d87206546d4be823ea76f3638d9a1659cb9bd9ad48c0,https://pipeline2.kindermorgan.com/Notices/NoticeDetail.aspx?code=TGP&notc_nbr=402792,data/raw/km_tgp_notice_detail/2026/08/28/d5ee579d2cd2d539e659d87206546d4be823ea76f3638d9a1659cb9bd9ad48c0.html,km_tgp_notice_detail:1787932430663065000:d5ee579d2cd2d539e659d87206546d4be823ea76f3638d9a1659cb9bd9ad48c0
TGP,402782,362730bd883b87c020966d2f77ea79742d06f979c167a53c34a63e7d6d9425a4,,True,False,2026-08-28T15:53:53.279896Z,MAINTENANCE,MAINTENANCE,SUPERSEDE,402615,TGP SUMMER MAINTENANCE MTG REMINDER 7-21,"TGP's 2026 SUMMER MAINTENANCE TEAMS
MEETING 7-21-2026 REMINDER
As a reminder, Tennessee Gas Pipeline Company, LLC (“Tennessee”)
will be hosting its next 2026 TEAMS Summer Maintenance meeting to provide
customers and other interested parties an overview of Tennessee's upcoming Summer
Scheduled Maintenance for the remaining days of July and all of August and
September 2026 on Tuesday, July, 21, 2026, from 1:30 PM CST to 2:30 PM CST via TEAMS
only. Additionally, there will be a review of upcoming scheduled maintenance
on the Stagecoach, Arlington and Twin Tier systems. There will be a question
and answer segment immediately following.
Please see TEAMS info below:
TGP Summer Maintenance and Outages TEAMS Meeting
Join on your computer, mobile
app or room device
________________________________________________________________________________
Microsoft Teams meeting
Join: https://teams.microsoft.com/meet/23579493131869?p=w4N7s4IHBI1GQNbITK
Meeting ID: 235 794 931 318 69
Passcode: Vg6AB2AN
Need help | System reference
Dial in by phone
+1
346-410-0970,,694003306# United States, Houston
Find a local number
Phone conference ID: 694 003 306#
For organizers: Meeting options | Reset dial-in PIN
________________________________________________________________________________",2026-07-14T12:04:24.000000Z,2026-07-14T12:04:24.000000Z,2026-07-15T14:00:00.000000Z,1,2026-07-14T05:00:00.000000Z,362730bd883b87c020966d2f77ea79742d06f979c167a53c34a63e7d6d9425a4,https://pipeline2.kindermorgan.com/Notices/NoticeDetail.aspx?code=TGP&notc_nbr=402782,data/raw/km_tgp_notice_detail/2026/08/28/362730bd883b87c020966d2f77ea79742d06f979c167a53c34a63e7d6d9425a4.html,km_tgp_notice_detail:1787932433279896000:362730bd883b87c020966d2f77ea79742d06f979c167a53c34a63e7d6d9425a4
TGP,402766,6053ccbcfe6f1a2953847fb8d22ecb42228b1e71186e80d8d87d1bf6c41f98fe,,True,False,2026-08-28T15:53:55.881311Z,MAINTENANCE,MAINTENANCE,INITIATE,,MLV 253-1 to MLV 253-1R Anomaly Remediat,"Project
Updates
""***MLV
253-1 to MLV 253-1R: Anomaly Remediation
--7/27/26
through 8/1/26: This project may require taking the pipeline section out of
service which could limit throughput and result in restrictions based on
customer nominations.
***
Date
Change, Previously scheduled 7/12/26 to 7/17/26.
………………………………""
If
you have any questions, please contact your Scheduler.",2026-07-13T18:42:38.000000Z,2026-07-13T18:42:38.000000Z,2026-07-14T14:00:00.000000Z,1,2026-07-13T05:00:00.000000Z,6053ccbcfe6f1a2953847fb8d22ecb42228b1e71186e80d8d87d1bf6c41f98fe,https://pipeline2.kindermorgan.com/Notices/NoticeDetail.aspx?code=TGP&notc_nbr=402766,data/raw/km_tgp_notice_detail/2026/08/28/6053ccbcfe6f1a2953847fb8d22ecb42228b1e71186e80d8d87d1bf6c41f98fe.html,km_tgp_notice_detail:1787932435881311000:6053ccbcfe6f1a2953847fb8d22ecb42228b1e71186e80d8d87d1bf6c41f98fe
TGP,402674,fe760e2691bbc4b678db9da376209d6169743431155205cc6327667d3fd200dd,,True,False,2026-08-28T15:54:00.411970Z,MAINTENANCE,MAINTENANCE,INITIATE,,TGP Outage Impact Report,"-Primary
impact restrictions may be necessary
TGP - Outage
Impact Report
-Major
impact restrictions may be
necessary
Seven Day Forecast (updated 07/09/26)
-Minor impact restrictions may be necessary depending on flow conditions
-Little to no impact,
though minor outages
may cause incremental reductions
Station / Seg
Est Nominal
Operating Capacity (Thousand Dth)
Monday
(7/13)
Tuesday
(7/14)
Wednesday
(7/15)
Thursday
(7/16)
Friday
(7/17)
Saturday
(7/18)
Sunday
(7/19)
Primary Outage(s) that
may Impact Throughput
Est. Operational Capacity
(Operational Impact) - Thousand
Dth
Station 409 (Donna Line)
(segment 490 FH)
564
564
564
564
564
564
564
564
Station 1
(segment 101 BH)
399
399
399
399
399
399
399
399
Station 9
(segment 109 BH)
1,027
945
(82)
1015
(12)
890
(137)
890
(137)
890
(137)
890
(137)
890
(137)
MLV 11-1A
to MLV 11-1:
Anomaly Remediation (7/15/2026 - 7/27/2026) MLV 12-1 to MLV 11-1A: PHMSA Immediate (7/15/2026 - 7/27/2026)
MLV 13-1
to MLV 12-1:
Anomaly Remediation (7/15/2026 - 7/27/2026) MLV 4-1 to MLV 5-1: Emergent Repair (6/9/2026 - 7/13/2026)
MLV 9-1D to MLV 10-1:
Anomaly Remediation (7/9/2026 - 7/14/2026)
Station 17
(segment 117 FH)
1,122
1000
(122)
1000
(122)
1000
(122)
1000
(122)
1000
(122)
1000
(122)
1000
(122)
MLV 19-3 TO MLV 20-3A:
Pipe Replacement (M) (7/6/2026 - 8/3/2026)
Station 25
(segment 125 FH)
1,078
1035
(43)
1035
(43)
1035
(43)
1035
(43)
1035
(43)
1035
(43)
1035
(43)
MLV 25-2 to MLV 26-2: Pipe
Replacement (7/11/2026 - 7/29/2026) MLV 26-2 Relocation: Highway 59 Widening (7/13/2026 - 7/29/2026)
Station 47
(segment 143 FH)
1,343
1330
(13)
1240
(103)
1330
(13)
1330
(13)
1330
(13)
1330
(13)
1330
(13)
MLV 40-1D to MLV 47-1S:
Pig Run - Maintenance (7/14/2026) MLV 55-1 to MLV 56-1:
PHMSA Immediate (5/11/2026 - 7/31/2026)
Station 63
(segment 163 FH)
1,242
1117
(125)
1117
(125)
1117
(125)
1117
(125)
1117
(125)
1117
(125)
1117
(125)
MLV 54-3
to MLV 106-3:
Emergent Repair - CAO (2/26/2026 - 12/31/2026)
Station 823
(segment 823 BH)
734
734
734
734
734
734
734
734
Station 534 South
of Pool (segment 530 BH)
1,550
985
(565)
985
(565)
985
(565)
985
(565)
985
(565)
985
(565)
985
(565)
MLV 533-2
to MLV 534-2:
Pipe Replacement (M) (6/4/2026 - 9/4/2026) Sta 530: Unit 1A - Bearings (8/25/2025 - 12/31/2026)
Sta 530:
Unit 3A - Crankshaft Replacement (6/9/2025 - 12/31/2026) Sta 530: Unit 5A - Top-End Overhaul (6/9/2025 - 12/31/2026)
MLV 548
(segment 542 BH)
1,647
1565
(82)
1565
(82)
1565
(82)
1565
(82)
1565
(82)
1600
(47)
1600
(47)
MLV 539-2
to MLV 540-2:
Anomaly Remediation (7/16/2026 - 7/18/2026) Sta 542: Unit 2A - Emergent Repair (4/7/2026 - 9/30/2026)
Sta 542:
Unit 3A - Emergent Repair
(3/26/2026 - 8/31/2026) Sta 546: Unit 6A - Turbo Replacment (7/8/2026 - 7/17/2026) Sta 546: Unit 7A - Metal in Oil (7/14/2025 - 7/31/2026)
Station 860
(segment 548 BH)
1,405
1240
(165)
1195
(210)
1245
(160)
1195
(210)
1245
(160)
1272
(133)
1272
(133)
MLV 557-3 to MLV 559-3:
Pig Runs - Cal / IMU &
MFL-A 6/4/26 (7/16/2026)
MLV 557-3
to MLV 559-3:
Pig Runs - Cleaning / Gauge 6/2/26
(7/14/2026) MLV 559-2A to
MLV 560-2: PHMSA Immediate (7/6/2026
- 7/14/2026)
Sta 555:
Unit 1B - Hot Gas Path (7/13/2026 -
8/14/2026) Sta 555:
Unit 5A - Foundation Regrout
(1/20/2026 - 7/17/2026)
Station 860 North (Segment 860 BH)
1,874
1846
(28)
1846
(28)
1846
(28)
1846
(28)
1846
(28)
1846
(28)
1846
(28)
Sta 860: Unit 1A - Aftercooler Jacket Water Inspection (6/17/2025 - 12/31/2026)
Station 110
(segment 187 BH)
(south thru Kentucky)
2,685
1963
(722)
1963
(722)
1963
(722)
1963
(722)
2150
(535)
2150
(535)
2150
(535)
MLV 107-7
to 110-7: Valve
Installation & Crossover Work (7/7/2026 - 7/27/2026)
MLV 109-7 to MLV 110-7:
Pipe Replacement (7/7/2026 -
7/27/2026) MLV 54-3
to MLV 106-3:
Emergent Repair - CAO (2/26/2026 - 12/31/2026) Sta 106: C Building - Install Water
Trech System (7/13/2026 -
7/17/2026)
Sta 87: Unit 3D - Power side Overhaul (6/22/2026 - 9/30/2026) Sta 871: Unit 3A - Engine Maintenance (7/13/2026 - 7/31/2026) Sta 96 Campbellsville: Annual ESD Test (7/14/2026 - 7/15/2026)
Sta 96 Campbellsville: Annual
Substation Inspection (7/13/2026 - 7/16/2026)
Station 114
(segment 114 BH)
907
726
(181)
726
(181)
726
(181)
726
(181)
726
(181)
726
(181)
726
(181)
MLV 113-2 to MLV 114-2:
Emergent Repair (7/7/2026 - 9/27/2026)
Station 204
(Segment 204 BH)
1,828
1,828
1,828
1,828
1,828
1,828
1,828
1,828
Station 230C (segment 296 FH)
743
370
(373)
370
(373)
475
(268)
475
(268)
743
743
743
Sta 230C: Annual ESD (M) (7/13/2026 - 7/14/2026)
MLV 230B-205 to MLV 230B-206A: Pig Run - Gauge/Cleaning (7/15/2026) MLV 230B-205 to MLV 230B-206A: Pig Run - Cal/IMU/MFL-A Combo (7/16/2026)
Station 245
(segment 245 FH)
986
970
(16)
760
(226)
760
(226)
760
(226)
970
(16)
970
(16)
970
(16)
Sta 245:
Unit 1A &
2A - Exhaust System &
HP Fuel (4/27/2026 - 11/1/2026) Sta 245-1 to MLV 249-1: Pig Run -
Cal/IMU (7/15/2026)
Sta 245-1
to MLV 249-1:
Pig Run - Gauge/Cleaning tool
(7/14/2026) Sta 245-1 to MLV
249-1: Pig Run - MFL-C (7/16/2026)
MLV 256 West
(segment 249 FH)
1,203
1045
(158)
1045
(158)
1045
(158)
1045
(158)
1045
(158)
1,203
1,203
MLV 253-1
to MLV 253-1R:
Anomaly Remediation (7/12/2026 - 7/17/2026)
-Primary impact restrictions may be necessary
TGP - Outage
Impact Report
-Major
impact restrictions may be
necessary
Seven Day Forecast (updated 07/09/26)
-Minor impact restrictions may be necessary depending on flow conditions
-Little to no impact, though
minor outages may cause incremental reductions
Station / Seg
Est Nominal
Operating Capacity (Thousand Dth)
Monday
(7/13)
Tuesday
(7/14)
Wednesday
(7/15)
Thursday
(7/16)
Friday
(7/17)
Saturday
(7/18)
Sunday
(7/19)
Primary Outage(s) that
may Impact Throughput
Est. Operational Capacity (Operational Impact)
- Thousand Dth
Station 261 Discharge East (segment 261 FH)
888
888
888
888
888
888
888
888
Station 307
(segment 307 BH)
1,153
1,153
1,153
1,153
1,153
1,153
1,153
1,153
Station 315
(segment 315 BH)
1,823
1,823
1,823
1,823
1,823
1,823
1,823
1,823
MLV
324
(segment 324 FH)
1,767
1,767
1,767
1,767
1,767
1,767
1,767
1,767
Station 405 HC Line
(segment 299 FH)
794
794
794
794
794
794
794
794
This
document is updated
on a weekly basis and outage schedules/impacts are subject to change as the week progresses.
Dates
posted on DART should be deemed correct
in the event
of conflicts between DART posted dates
and dates on this report.
The
impacts sheet are based on steady-state hydraulic models assuming recent
operating flows, conditions, and various unit
outages.
-Primary impact restrictions may be necessary
TGP - Outage
Impact Report
-Major impact restrictions may be necessary
July 2026 (updated
07/09/26)
-Minor impact restrictions may be necessary depending on flow
conditions
-Little to no impact, though
minor outages may cause incremental reductions
Station # / Lateral
Est Nominal Operating Capacity (Thousand Dth)
Week 1
(6/29 - 7/5)
Week 2
(7/6 - 7/12)
Week 3
(7/13 - 7/19)
Week 4
(7/20 - 7/26)
Week 5
(7/27 - 8/2)
Primary Outage(s)
Est. Operational Capacity (Operational Impact) - Thousand Dth
Station 409 (Donna
Line) (segment 490 FH)
564
564
564
Station 1
(segment 101 BH)
399
399
399
Station 9
(segment 109 BH)
1,027
890
(137)
885
(142)
MLV 11-1A to
MLV 11-1: Anomaly Remediation (7/15/2026
- 7/27/2026) MLV 12-1 to MLV 11-1A:
PHMSA Immediate (7/15/2026 -
7/27/2026)
MLV 13-1 to
MLV 12-1: Anomaly Remediation (7/15/2026
- 7/27/2026) MLV 16-1 to MLV 15-1:
PHMSA Immediate (7/28/2026 -
8/3/2026) MLV 16-1R to MLV 16-1:
PHMSA Immediate (7/28/2026 -
8/3/2026)
Station 17
(segment 117 FH)
1,122
1000
(122)
1000
(122)
MLV 17-3DL to MLV 18-3A:
Anomaly Remediation (7/27/2026 -
8/2/2026) MLV 19-3 TO MLV 20-3A:
Pipe Replacement (M) (7/6/2026 - 8/3/2026)
Station 25
(segment 125 FH)
1,078
955
(123)
1035
(43)
MLV 25-2 to MLV 26-2: Pipe Replacement
(7/11/2026 - 7/29/2026) MLV
26-2 Relocation: Highway 59 Widening (7/13/2026
- 7/29/2026) Sta 25: Annual ESD
Test (7/21/2026)
Station 47
(segment 143 FH)
1,343
1330
(13)
1330
(13)
MLV 55-1 to MLV 56-1: PHMSA Immediate (5/11/2026 - 7/31/2026)
Station 63
(segment 163 FH)
1,242
1117
(125)
1117
(125)
MLV 54-3 to MLV 106-3:
Emergent Repair - CAO (2/26/2026 - 12/31/2026)
Station 823
(segment 823 BH)
734
734
734
Station 834
(segment 834 BH)
683
683
600
(83)
Sta 834: Station
Outage (7/29/2026 - 7/31/2026)
Station 534 South of Pool (segment 530 BH)
1,550
985
(565)
985
(565)
MLV 533-2 to
MLV 534-2: Pipe Replacement (M) (6/4/2026 - 9/4/2026) Sta 529: Unit 1A - Engine Inspection (7/21/2026)
Sta 530: Unit 1A - Bearings (8/25/2025 - 12/31/2026)
Sta
530: Unit 3A - Crankshaft Replacement (6/9/2025
- 12/31/2026) Sta 530: Unit 5A -
Top-End Overhaul (6/9/2025 -
12/31/2026)
MLV 548
(segment 542 BH)
1,647
1600
(47)
1600
(47)
Sta 542: Unit 2A - Emergent Repair (4/7/2026
- 9/30/2026) Sta 542: Unit 3A -
Emergent Repair (3/26/2026 -
8/31/2026) Sta 546: Unit 7A - Metal
in Oil (7/14/2025 - 7/31/2026)
Station 860
(segment 548 BH)
1,593
1460
(133)
1460
(133)
Sta 555: Unit 1B - Hot Gas Path (7/13/2026 - 8/14/2026)
Station 860 North (Segment 860 BH)
1,874
1846
(28)
1846
(28)
Sta 860: Unit 1A - Aftercooler Jacket
Water Inspection (6/17/2025 - 12/31/2026)
Station 110
(segment 187 BH)
(south thru Kentucky)
2,685
2150
(535)
2150
(535)
MLV 101-1 to
MLV 102-1: Anomaly Remediation (7/20/2026
- 7/25/2026) MLV 102-1 to MLV
103-1: Anomaly Remediation (7/26/2026
- 7/30/2026) MLV 107-7 to 110-7:
Valve Installation & Crossover Work (7/7/2026
- 7/27/2026)
MLV 109-4 to
110-4: Valve Installation & Crossover Work (7/28/2026 - 8/11/2026)
MLV 109-4 to
MLV 110-4: Pipe Replacement (7/28/2026
- 8/11/2026) MLV 109-7 to MLV
110-7: Pipe Replacement (7/7/2026 -
7/27/2026)
MLV 54-3 to
MLV 106-3: Emergent Repair - CAO (2/26/2026
- 12/31/2026) MLV 96-3BR to MLV
96-3BL: Spike Test (7/27/2026 -
8/31/2026)
Sta 87: Unit 3D - Power side Overhaul (6/22/2026 - 9/30/2026)
Sta 871: Unit 3A - Engine Maintenance (7/13/2026 - 7/31/2026)
Station 114
(segment 114 BH)
907
726
(181)
726
(181)
MLV 113-2 to MLV 114-2:
Emergent Repair (7/7/2026 - 9/27/2026)
-Primary
impact restrictions may be necessary
TGP - Outage
Impact Report
-Major impact restrictions may be necessary
July 2026 (updated
07/09/26)
-Minor impact restrictions may be necessary depending on flow
conditions
-Little to no impact, though
minor outages may cause incremental reductions
Station # / Lateral
Est Nominal Operating Capacity (Thousand Dth)
Week 1
(6/29 - 7/5)
Week 2
(7/6 - 7/12)
Week 3
(7/13 - 7/19)
Week 4
(7/20 - 7/26)
Week 5
(7/27 - 8/2)
Primary
Outage(s)
Est. Operational Capacity (Operational Impact) - Thousand Dth
Station 204
(Segment 204 BH)
1,828
1,828
1,828
Station 237
(segment 237 FH)
1,006
1,006
780
(226)
MLV 237-1 to
MLV 245-1: Pig Run - Cleaning/Gauge (7/27/2026) MLV 237-1 to MLV 245-1: Pig Run - MFL-C (7/29/2026)
Station 245
(segment 245 FH)
986
970
(16)
970
(16)
Sta 245: Unit 1A &
2A - Exhaust System & HP Fuel
(4/27/2026 - 11/1/2026)
MLV 256 West
(segment 249 FH)
1,203
535
(668)
1,203
MLV 249-2 to
MLV 254-2: Gauge/Cleaning tool (7/20/2026) MLV 249-2 to MLV 254-2: Hardspot/Geo (7/23/2026)
MLV 249-2 to MLV 254-2:
MFL-A/IMU (7/21/2026)
Station 261 Discharge East (segment 261 FH)
888
888
888
Station 307
(segment 307 BH)
1,153
1110
(43)
1115
(38)
Sta
219: Unit 1B - Protective Device Checks & GHG (7/20/2026 - 7/24/2026) Sta
219: Unit 1B - Save Air System (7/20/2026
- 7/31/2026)
Sta 307: Unit 1A -
Protective Device Checks (7/20/2026
- 7/24/2026) Sta 307: Unit 2A -
Protective Device Checks (7/20/2026
- 7/24/2026) Sta 307: Unit 3A -
Protective Device Checks (7/20/2026
- 7/24/2026) Sta 307: Unit 4A - Protective Device Checks (7/20/2026 - 7/24/2026)
Station 313 Discharge (segment 399 FH)
797
797
720
(77)
Sta 313: Unit 1C - Substation Inspection (7/30/2026 - 7/31/2026)
Station 315
(segment 315 BH)
1,823
1,823
1,823
Station 321
(segment 321 FH)
2,102
1715
(387)
2,102
Sta 321: Station
Valves for ESD System (7/21/2026 - 7/23/2026)
MLV 324
(segment 324 FH)
1,767
1,767
1450
(317)
Sta 325: Station
Outage (7/28/2026 - 7/30/2026)
Station 405 HC Line (segment 299 FH)
794
794
794
This document is updated
on a weekly basis and outage schedules/impacts are subject to change as the week progresses. Dates posted on DART should be deemed
correct in the event of conflicts between DART posted dates and dates on this
report.
The impacts sheet are based on steady-state hydraulic models assuming
recent operating flows,
conditions, and various
unit outages.
-Primary impact restrictions may be necessary
TGP - Outage
Impact Report
-Major impact restrictions may be necessary
August
2026 (updated 07/09/26)
-Minor impact
restrictions may be necessary depending on flow conditions
-Little to no impact, though
minor outages may cause incremental reductions
Station # / Lateral
Est Nominal Operating Capacity
(Thousand Dth)
Week 1
(8/3 - 8/9)
Week 2
(8/10 - 8/16)
Week 3
(8/17 - 8/23)
Week 4
(8/24 - 8/30)
Primary Outage(s)
Est. Operational Capacity (Operational Impact) - Thousand Dth
Station
409 (Donna Line) (segment 490 FH)
564
564
564
564
564
Station 1
(segment 101 BH)
399
399
399
399
399
Station 9
(segment 109 BH)
1,027
885
(142)
640
(387)
640
(387)
1,027
MLV 16-1 to MLV 15-1: PHMSA Immediate
(7/28/2026 - 8/3/2026) MLV
16-1R to MLV 16-1: PHMSA Immediate (7/28/2026
- 8/3/2026)
MLV 5-2 to
MLV 1-2D: Pig Run - Cleaning Gauge (M) (8/13/2026) MLV 5-2 to MLV 1-2D: Pig Run - Cleaning Gauge (M) (8/14/2026) MLV 5-2 to MLV 1-2D: Pig Run - Cleaning
Gauge (M) (8/15/2026) MLV 5-2 to
MLV 1-2D: Pig Run - Cleaning Gauge (M) (8/16/2026) MLV 5-2 to MLV 1-2D: Pig Run - Cleaning Gauge (M) (8/17/2026) MLV 5-2 to MLV 1-2D: Pig Run - Cleaning
Gauge (M) (8/18/2026) MLV 5-2 to
MLV 1-2D: Pig Run - Cleaning Gauge (M) (8/19/2026) MLV 5-2 to MLV 1-2D: Pig Run - TDW MDS (M) (8/20/2026)
Station 17
(segment 117 FH)
1,122
1000
(122)
1100
(22)
1100
(22)
1100
(22)
MLV 19-1 TO MLV 20-1A:
Pipe Replacement (M) (8/6/2026 - 9/15/2026)
MLV 19-3 TO MLV 20-3A:
Pipe Replacement (M) (7/6/2026 - 8/3/2026)
Station 25
(segment 125 FH)
1,078
925
(153)
925
(153)
925
(153)
1,078
MLV 26-3 Relocation: Highway 59 Widening (M) (8/3/2026 - 8/20/2026)
Station 47
(segment 143 FH)
1,343
1,343
1105
(238)
1,343
1,343
MLV 40-3D to
MLV 47-3S: Pig Run - Maintenance Cleaning (8/11/2026) MLV 40-4D to MLV 47-4S: Pig Run -
Maintenance (8/13/2026)
Station 63
(segment 163 FH)
1,242
901
(341)
901
(341)
1117
(125)
1117
(125)
MLV 54-3 to MLV 106-3:
Emergent Repair - CAO (2/26/2026 -
12/31/2026) MLV 77-3 to MLV 77-3A: Pipe Replacements (8/3/2026 - 8/13/2026) MLV 82-2C to MLV 83-2: Anomaly
Remediation (8/3/2026 - 8/7/2026)
Station 823
(segment 823 BH)
734
734
734
734
734
Station
534 South of Pool (segment 530 BH)
1,550
985
(565)
985
(565)
985
(565)
985
(565)
MLV 533-2 to
MLV 534-2: Pipe Replacement (M) (6/4/2026 - 9/4/2026) Sta 530: Unit 1A - Bearings
(8/25/2025 - 12/31/2026)
Sta 530:
Unit 3A - Crankshaft Replacement (6/9/2025
- 12/31/2026) Sta 530: Unit 5A -
Top-End Overhaul (6/9/2025 -
12/31/2026)
MLV 548
(segment 542 BH)
1,647
1635
(12)
1635
(12)
1635
(12)
1240
(407)
Sta 542 Dekalb: Annual ESD Test (8/25/2026
- 8/27/2026) Sta 542: Unit 2A -
Emergent Repair (4/7/2026 -
9/30/2026) Sta 542: Unit 3A - Emergent
Repair (3/26/2026 - 8/31/2026)
Station 860
(segment 548 BH)
1,593
1460
(133)
1460
(133)
1,593
1,593
Sta 555: Unit 1B - Hot Gas Path (7/13/2026 - 8/14/2026)
Station 860 North (Segment 860 BH)
1,874
1846
(28)
1846
(28)
1846
(28)
1846
(28)
Sta 860: Unit 1A - Aftercooler Jacket Water Inspection (6/17/2025 - 12/31/2026)
-Primary
impact restrictions may be necessary
TGP - Outage
Impact Report
-Major impact restrictions may be necessary
August
2026 (updated 07/09/26)
-Minor impact
restrictions may be necessary depending on flow conditions
-Little to no impact, though
minor outages may cause incremental reductions
Station # / Lateral
Est Nominal Operating Capacity
(Thousand Dth)
Week 1
(8/3 - 8/9)
Week 2
(8/10 - 8/16)
Week 3
(8/17 - 8/23)
Week 4
(8/24 - 8/30)
Primary
Outage(s)
Est. Operational Capacity (Operational Impact) - Thousand Dth
Station 110
(segment 187 BH)
(south thru Kentucky)
2,685
2281
(404)
2281
(404)
2070
(615)
1882
(803)
MLV 104-1 to MLV 105-1: Anomaly
Remediation (8/6/2026 - 9/6/2026)
MLV 109-4 to 110-4: Valve Installation & Crossover Work (7/28/2026 - 8/11/2026)
MLV 109-4 to MLV 110-4: Pipe Replacement (7/28/2026 - 8/11/2026) MLV
109-5 to MLV 109-5A: Pipe Replacement (8/18/2026
- 9/1/2026) MLV 109-5A to MLV 110-5: Pipe Replacement (8/18/2026 - 9/1/2026)
MLV
54-3 to MLV 106-3: Emergent Repair - CAO (2/26/2026
- 12/31/2026) MLV 87-3 to MLV 96-3:
Pig Run - Cleaning / Gauge (8/25/2026)
MLV 87-3 to MLV 96-3: Pig Run - EMAT
(8/27/2026)
MLV 96-3BR to MLV 96-3BL: Spike
Test (7/27/2026 - 8/31/2026)
Sta 106: Unit 1D - 4K Solar
Turbine Inspection (8/18/2026 -
8/20/2026) Sta 110: Install ESD
Silence Covers (8/24/2026 -
8/28/2026)
Sta 87: Unit 3D - Power side Overhaul
(6/22/2026 - 9/30/2026) Sta 875: Unit 1A- 8K
Solar Turbine Inspection (8/17/2026
- 8/21/2026)
Sta 96: Unit 2D - Install
Ball Grove Valve (8/3/2026 - 8/7/2026)
Station 114
(segment 114 BH)
907
726
(181)
381
(526)
381
(526)
381
(526)
MLV 113-2 to
MLV 114-2: Emergent Repair (7/7/2026
- 9/27/2026) MLV 117-3 to MLV
118-3: Special Permit Pipe Replacement (8/10/2026
-
8/30/2026)
MLV 119-2 to MLV 119-2A:
Special Permit Pipe Replacement (8/10/2026
- 8/30/2026)
Station 204
(Segment 204 BH)
1,828
1,828
1,828
1,828
1,828
Station 245
(segment 245 FH)
986
970
(16)
970
(16)
970
(16)
970
(16)
Sta 245: Unit 1A & 2A - Exhaust System
& HP Fuel (4/27/2026 - 11/1/2026)
Station 261 Discharge East (segment
261 FH)
888
888
888
888
888
Station 307
(segment 307 BH)
1,153
965
(188)
1,153
765
(388)
965
(188)
Sta 219:
Annual ESD Test & Scrubber Maintenance
(8/17/2026 - 8/21/2026) Sta 307 (Pigeon): Annual
ESD Test &
Maintenance (8/3/2026 - 8/7/2026) Sta 307 (Pigeon): MLV Operators / Air
Comp Install / Fuel Skid (8/24/2026
- 8/28/2026)
Station
313 Discharge (segment 399 FH)
797
797
797
515
(282)
797
Sta 313 Coudersport: Annual ESD Test & Maintenance (8/17/2026 - 8/20/2026)
Station 315
(segment 315 BH)
1,823
1,823
1,823
1,823
1,823
Station 317
(segment 317 BH)
1,548
1,548
1,548
1,548
1345
(203)
Sta 317: Annual
ESD Test & Maintenance (8/24/2026 - 8/28/2026)
MLV 324
(segment 324 FH)
1,767
1,767
1,767
1,767
1700
(67)
MLV 324-1 to MLV 324-1A:
Anomaly Remediation (8/24/2026 - 8/29/2026)
Station
405 HC Line (segment 299 FH)
794
794
794
794
794
Station 224
(segment 224 FH)
388
388
388
388
280
(108)
Station 224: Scrubber
Inspections & Filter
Change (8/25/2026 - 8/26/2026)
This document is updated on a weekly
basis and outage
schedules/impacts are subject
to change as the week progresses.
Dates
posted on DART should be deemed correct
in the event of conflicts between DART posted
dates and dates on this report.
The impacts sheet
are based on steady-state hydraulic models assuming recent operating flows,
conditions, and various
unit outages.
-Primary impact restrictions may be necessary
TGP - Outage
Impact Report
-Major impact restrictions may be necessary
September 2026 (updated 07/09/26)
-Minor impact
restrictions may be necessary depending on flow conditions
-Little to no impact, though
minor outages may cause incremental reductions
Station # / Lateral
Est Nominal Operating Capacity
(Thousand Dth)
Week 1
(8/31 - 9/6)
Week 2
(9/7 - 9/13)
Week 3
(9/14 - 9/20)
Week 4
(9/21 - 9/27)
Primary Outage(s)
Est. Operational Capacity (Operational Impact) - Thousand Dth
Station 409A (Alamo)
(segment 492 FH)
274
274
125
(149)
274
274
MLV
409A-101.1 to MLV 409A-103: Pig Runs - Cleaning / Gauge (M) (9/7/2026) MLV 409A-101.1 to MLV 409A-103: Pig Runs
- Cleaning / Gauge (M) (9/8/2026) MLV
409A-101.1 to MLV 409A-103: Pig Runs - Cleaning / Gauge (M) (9/9/2026) MLV 409A-101.1 to MLV 409A-103: Pig Runs
- EMAT (M) (9/11/2026)
MLV 409A-101.1 to MLV 409A-103: Pig Runs - MFL-C (M) (9/10/2026)
Station
409 (Donna Line) (segment 490 FH)
564
505
(59)
505
(59)
505
(59)
505
(59)
MLV 409-1 to MLV 406-1:
Spike Test (9/1/2026 - 10/31/2026)
Station 1
(segment 101 BH)
399
300
(99)
300
(99)
300
(99)
300
(99)
MLV 1-1D to MLV 5-1: Spike Test (M) (9/1/2026 - 11/2/2026)
Station 9
(segment 109 BH)
1,027
1,027
1,027
1,027
1,027
Station 17
(segment 117 FH)
1,122
1100
(22)
1100
(22)
1100
(22)
1085
(37)
MLV 17-1D to
MLV 20-1A: Pig Run - CLEANING (9/21/2026) MLV 17-1D to MLV 20-1A: Pig Run - EMAT (9/24/2026)
MLV 17-1D to
MLV 20-1A: Pig Run - GAUGE PLATE (9/22/2026) MLV 17-1D to MLV 20-1A: Pig Run - MFL-C (9/23/2026)
MLV 19-1 TO MLV 20-1A:
Pipe Replacement (M) (8/6/2026 - 9/15/2026)
Station 25
(segment 125 FH)
1,078
1,078
1,078
1,078
1,078
Station 47
(segment 143 FH)
1,343
1045
(298)
1045
(298)
1,343
1,343
MLV 47-4D to
MLV 54-4S: Pig Run - AFD Combo (M) (9/8/2026) MLV 47-4D to MLV 54-4S: Pig Run - EMAT (M) (9/10/2026)
MLV 47-4D to MLV 54-4S: Pig Run - Gauge Cleaning (M)
(8/31/2026) MLV 47-4D to MLV 54-4S:
Pig Run - Gauge Cleaning (M) (9/1/2026) MLV
47-4D to MLV 54-4S: Pig Run - Gauge Cleaning (M) (9/2/2026)
Station 63
(segment 163 FH)
1,242
1117
(125)
1117
(125)
1117
(125)
1117
(125)
MLV 54-3 to MLV 106-3:
Emergent Repair - CAO (2/26/2026 - 12/31/2026)
Station 823
(segment 823 BH)
734
734
734
734
734
Station 834
(segment 834 BH)
683
683
670
(13)
670
(13)
670
(13)
Sta 834: Unit 1A -
Replace Insulation Blanket (9/14/2026
- 9/15/2026) Sta 834: Unit 2A -
Replace Insulation Blanket (9/16/2026
- 9/17/2026) Sta 834: Unit 3A -
Replace Insulation Blanket (9/18/2026
- 9/19/2026) Sta 834: Unit 4A - Replace
Insulation Blanket (9/21/2026 - 9/22/2026)
Sta 834: Unit 4A - Replace
Lubrication System (9/7/2026 - 9/11/2026)
Station
534 South of Pool (segment 530 BH)
1,550
985
(565)
1528
(22)
1528
(22)
1528
(22)
MLV 533-2 to
MLV 534-2: Pipe Replacement (M) (6/4/2026 - 9/4/2026) Sta 530: Unit 1A - Bearings
(8/25/2025 - 12/31/2026)
Sta 530:
Unit 3A - Crankshaft Replacement (6/9/2025
- 12/31/2026) Sta 530: Unit 5A -
Top-End Overhaul (6/9/2025 -
12/31/2026)
MLV 548
(segment 542 BH)
1,647
1635
(12)
1640
(7)
1640
(7)
1640
(7)
Sta 542: Unit 2A -
Emergent Repair (4/7/2026 -
9/30/2026) Sta 542: Unit 3A - Emergent
Repair (3/26/2026 - 8/31/2026)
Station 860
(segment 548 BH)
1,593
1580
(13)
786
(807)
1430
(163)
1,593
MLV 546-2 to MLV 547-2: Line Recoat (9/8/2026 - 9/10/2026)
Sta 546: Annual ESD Tests & Maintenance (9/7/2026 - 9/11/2026)
Sta
555: Scrubber/Filter/Separator Clean, Inspect & Filter Change (9/14/2026) Sta 555: Unit 4A - Engine Maintenance (8/31/2026 - 9/5/2026)
Station 860 North (Segment 860 BH)
1,874
1846
(28)
1846
(28)
1530
(344)
1846
(28)
Sta 563:
Unit 1A - Annual Inspection & Safety Device Check (9/14/2026 - 9/16/2026)
Sta 563: Unit 2A - Annual Inspection/CAV (9/16/2026 - 9/18/2026)
Sta
860: Unit 1A - Aftercooler Jacket Water Inspection (6/17/2025 - 12/31/2026) Sta
860: Unit 1B - Replace Turbocharger (8/31/2026
- 9/4/2026)
-Primary impact restrictions may be necessary
TGP - Outage
Impact Report
-Major impact restrictions may be necessary
September 2026 (updated 07/09/26)
-Minor impact
restrictions may be necessary depending on flow conditions
-Little to no impact, though
minor outages may cause incremental reductions
Station # / Lateral
Est Nominal Operating Capacity
(Thousand Dth)
Week 1
(8/31 - 9/6)
Week
2
(9/7 - 9/13)
Week 3
(9/14 - 9/20)
Week 4
(9/21 - 9/27)
Primary
Outage(s)
Est. Operational Capacity (Operational Impact) - Thousand Dth
Station 110
(segment 187 BH)
(south thru Kentucky)
2,685
1899
(786)
2534
(151)
2534
(151)
2534
(151)
MLV 104-1 to MLV 105-1: Anomaly Remediation (8/6/2026 - 9/6/2026) MLV
104-3 to MLV 106-3S: HDD at Kentucky River
(9/2/2026 - 9/6/2026) MLV
105-1 to MLV 105-1A: Anomaly Remediation (9/7/2026
- 9/12/2026) MLV 109-3A to MLV
110-3: Pipe Replacement (9/8/2026 -
9/15/2026) MLV 109-5 to MLV 109-5A:
Pipe Replacement (8/18/2026 -
9/1/2026) MLV 109-5A to MLV 110-5:
Pipe Replacement (8/18/2026 -
9/1/2026)
MLV
54-3 to MLV 106-3: Emergent Repair - CAO (2/26/2026
- 12/31/2026) MLV 96-3BR to MLV
96-3BL: Spike Test (7/27/2026 -
8/31/2026)
Sta 106: Unit 2D - 4K Solar
Turbine Inspection (9/16/2026 -
9/18/2026) Sta 87: Unit 3D - Power
side Overhaul (6/22/2026 -
9/30/2026)
Sta 871 Campbellsville: Annual ESD Test (9/1/2026)
Station 114
(segment 114 BH)
907
726
(181)
726
(181)
721
(186)
726
(181)
MLV 113-2 to MLV 114-2:
Emergent Repair (7/7/2026 -
9/27/2026) Sta 119A: Unit 1A -
Solar Turbine Inspection (9/14/2026
- 9/16/2026)
Station 204
(Segment 204 BH)
1,828
1,828
1760
(68)
1,828
1375
(453)
MLV 214-3 to MLV 219-3: Pig Run - Cal/IMU/MFL-A Combo (M) (9/10/2026)
MLV 214-3 to MLV 219-3: Pig Run - Gauge/Cleaning (M) (9/8/2026) Sta 204: Scrubber Filter Change (9/24/2026 - 9/26/2026)
Sta 209 Cambridge: Scrubber Filter (9/21/2026 - 9/23/2026)
Station 230C (segment 296 FH)
743
743
370
(373)
743
743
Sta 230C: Scrubber
/ Filter Inspection (M) (9/9/2026 - 9/10/2026)
Station 245
(segment 245 FH)
986
970
(16)
970
(16)
970
(16)
970
(16)
Sta 245: Unit 1A & 2A - Exhaust System
& HP Fuel (4/27/2026 - 11/1/2026)
Station 261 Discharge East (segment
261 FH)
888
888
888
888
560
(328)
Sta 264 Charlton: Annual ESD Test
(9/23/2026 - 9/24/2026)
Station 307
(segment 307 BH)
1,153
1,153
1,153
1,153
1,153
Station 313 Discharge (segment 399 FH)
797
797
220
(577)
220
(577)
797
MLV
313A-101A to MLV 313A-401: Anomaly Remediation (M) (9/7/2026 - 9/19/2026)
MLV
313A-101L to MLV 313A-101A: Anomaly Remediation (M) (9/7/2026 - 9/19/2026)
MLV 313A-403
to MLV 313A-404: Anomaly Remediation (M) (9/7/2026 - 9/19/2026)
MLV 313A-405A to MLV 313A-406: Anomaly Remediation (M) (9/7/2026 -
9/19/2026)
Station 315
(segment 315 BH)
1,823
1,823
1,823
1,823
1,823
Station 321
(segment 321 FH)
2,102
1850
(252)
2,102
2,102
2,102
MLV 321-1L to MLV 322-1:
Anomaly Remediation (8/31/2026 - 9/5/2026)
MLV 324
(segment 324 FH)
1,767
1,767
1,767
1,767
1,767
MLV 329
(segment 324 FH)
846
846
830
(16)
830
(16)
830
(16)
MLV 329AS-1
to MLV 329AD-1: Valve Replacement - MLV 329-1 (M) (9/9/2026 - 10/9/2026)
Station
405 HC Line (segment 299 FH)
794
794
794
794
794
-Primary impact restrictions may be necessary
TGP - Outage
Impact Report
-Major impact restrictions may be necessary
September 2026 (updated 07/09/26)
-Minor impact restrictions may be necessary depending on flow
conditions
-Little to no impact, though
minor outages may cause incremental reductions
Station # / Lateral
Est Nominal Operating Capacity
(Thousand Dth)
Week 1
(8/31 - 9/6)
Week 2
(9/7 - 9/13)
Week 3
(9/14 - 9/20)
Week 4
(9/21 - 9/27)
Primary Outage(s)
Est. Operational Capacity (Operational Impact) - Thousand Dth
This document is updated on a weekly
basis and outage
schedules/impacts are subject
to change as the week progresses.
Dates
posted on DART should be deemed correct
in the event of conflicts between DART posted
dates and dates on this report.
The impacts sheet are based on steady-state hydraulic models assuming recent operating flows, conditions, and various unit outages.",2026-07-09T19:43:32.000000Z,2026-07-09T19:43:32.000000Z,2026-07-10T14:00:00.000000Z,1,2026-07-09T05:00:00.000000Z,fe760e2691bbc4b678db9da376209d6169743431155205cc6327667d3fd200dd,https://pipeline2.kindermorgan.com/Notices/NoticeDetail.aspx?code=TGP&notc_nbr=402674,data/raw/km_tgp_notice_detail/2026/08/28/fe760e2691bbc4b678db9da376209d6169743431155205cc6327667d3fd200dd.html,km_tgp_notice_detail:1787932440411970000:fe760e2691bbc4b678db9da376209d6169743431155205cc6327667d3fd200dd
TGP,402639,439110a9dc68eb06b6386632b3ed09963d995a734fce6d6c3236bae7db539f2e,,True,False,2026-08-28T15:54:03.028852Z,MAINTENANCE,MAINTENANCE,INITIATE,,EMERGENT REPAIR MLV 113-2-114-2 EFF 7-8,"EMERGENT
REPAIR BETWEEN MLV 113-2 AND MLV 114-2 (BROAD RUN LATERAL) EFFECTIVE 7-8-2026
Pursuant
to Article XII of the General Terms and Conditions of Tennessee's FERC Gas
Tariff, Tennessee is posting notice of an emergent repair between MLV 113-2 and
MLV 114-2 near Catlettsburg, KY. The line has been isolated. Tennessee
has personnel on site to investigate repairs.
Tennessee
is estimating the current impact to be up to 150,000 Dths. Based upon
current nominations and due to ongoing scheduled maintenance in the area, no additional
impact to nominations is anticipated at this time.
Updates
will be posted as more information becomes available.
Please
contact your Scheduler if you have any questions.",2026-07-08T12:59:08.000000Z,2026-07-08T12:59:08.000000Z,2026-07-09T14:00:00.000000Z,1,2026-07-08T05:00:00.000000Z,439110a9dc68eb06b6386632b3ed09963d995a734fce6d6c3236bae7db539f2e,https://pipeline2.kindermorgan.com/Notices/NoticeDetail.aspx?code=TGP&notc_nbr=402639,data/raw/km_tgp_notice_detail/2026/08/28/439110a9dc68eb06b6386632b3ed09963d995a734fce6d6c3236bae7db539f2e.html,km_tgp_notice_detail:1787932443028852000:439110a9dc68eb06b6386632b3ed09963d995a734fce6d6c3236bae7db539f2e
TGP,402616,122d162b6dfaf58c6014713c4888ded9cc066014c6f41884c16abc340a4e125d,,True,False,2026-08-28T15:54:05.606973Z,MAINTENANCE,MAINTENANCE,INITIATE,,EMERGENT REPAIR 559-2A TO 560-2 EFF 7-7,"EMERGENT
REPAIR BETWEEN MLV 559-2A TO 560-2 EFFECTIVE 7-7-2026
Pursuant
to Article XII of the General Terms and Conditions of Tennessee's FERC Gas
Tariff, Tennessee is posting notice of an emergent repair issue at MLV 559-2A
to 560-2 near Centerville, TN. Tennessee has discovered an issue that
necessitates repairs. Tennessee will need to isolate this area for pipeline
inspections. Tennessee is estimating the current impact to be up to 175,000
Dths. Based
upon current demand and nominations, Secondary Out of the Path nominations
pathed through STA 860 South 500 Line (Segment 548 BH) may be at risk as early
as Timely Cycle for the gas day of Wednesday, July 8, 2026 and until further
notice. Previously
scheduled volumes will not be curtailed for the current gas day of June 7,
2026; however, increases pathed through STA 860 South 500 Line (Segment 548 BH) for the remainder
of the gas day are at risk.
Updates
will be posted as more information becomes available.
Please
contact your Scheduler if you have any questions.",2026-07-07T14:06:03.000000Z,2026-07-07T14:06:03.000000Z,2026-07-08T14:00:00.000000Z,1,2026-07-07T05:00:00.000000Z,122d162b6dfaf58c6014713c4888ded9cc066014c6f41884c16abc340a4e125d,https://pipeline2.kindermorgan.com/Notices/NoticeDetail.aspx?code=TGP&notc_nbr=402616,data/raw/km_tgp_notice_detail/2026/08/28/122d162b6dfaf58c6014713c4888ded9cc066014c6f41884c16abc340a4e125d.html,km_tgp_notice_detail:1787932445606973000:122d162b6dfaf58c6014713c4888ded9cc066014c6f41884c16abc340a4e125d
TGP,402615,4c37e4caef5b82c81acc215f124a5b90d8aa7acdcab860af495abc3003500e42,,True,False,2026-08-28T15:54:08.213670Z,MAINTENANCE,MAINTENANCE,INITIATE,,TGP SUMMER MAINTENANCE MTG 7-21-2026,"TGP's 2026 SUMMER MAINTENANCE TEAMS
MEETING 7-21-2026
Tennessee Gas Pipeline Company, LLC (“Tennessee”) will
be hosting its next 2026 TEAMS Summer Maintenance meeting to provide customers
and other interested parties an overview of Tennessee's upcoming Summer Scheduled
Maintenance for the remaining days of July and all of August and September 2026
on Tuesday, July, 21, 2026, from 1:30 PM CST to 2:30 PM CST via TEAMS only. Additionally,
there will be a review of upcoming scheduled maintenance on the Stagecoach,
Arlington and Twin Tier systems. There will be a question and answer segment
immediately following.
Please see TEAMS info below:
TGP Summer Maintenance and Outages TEAMS Meeting
Join on your computer, mobile
app or room device
________________________________________________________________________________
Microsoft Teams meeting
Join: https://teams.microsoft.com/meet/23579493131869?p=w4N7s4IHBI1GQNbITK
Meeting ID: 235 794 931 318 69
Passcode: Vg6AB2AN
Need help | System reference
Dial in by phone
+1
346-410-0970,,694003306# United States, Houston
Find a local number
Phone conference ID: 694 003 306#
For organizers: Meeting options | Reset dial-in PIN
________________________________________________________________________________",2026-07-07T11:44:12.000000Z,2026-07-07T11:44:12.000000Z,2026-07-08T14:00:00.000000Z,1,2026-07-07T05:00:00.000000Z,4c37e4caef5b82c81acc215f124a5b90d8aa7acdcab860af495abc3003500e42,https://pipeline2.kindermorgan.com/Notices/NoticeDetail.aspx?code=TGP&notc_nbr=402615,data/raw/km_tgp_notice_detail/2026/08/28/4c37e4caef5b82c81acc215f124a5b90d8aa7acdcab860af495abc3003500e42.html,km_tgp_notice_detail:1787932448213670000:4c37e4caef5b82c81acc215f124a5b90d8aa7acdcab860af495abc3003500e42
TGP,402501,1bbf6c95d19b3eaf408117dc7d0b38ab933399e56e1dbdc08adf9784f1b2f273,,True,False,2026-08-28T15:54:12.517286Z,MAINTENANCE,MAINTENANCE,INITIATE,,TGP Outage Impact Report,"-Primary
impact restrictions may be necessary
TGP - Outage
Impact Report
-Major
impact restrictions may be
necessary
Seven Day Forecast (updated 07/02/26)
-Minor impact restrictions may be necessary depending on flow conditions
-Little to no impact,
though minor outages
may cause incremental reductions
Station / Seg
Est Nominal
Operating Capacity (Thousand Dth)
Monday
(7/6)
Tuesday
(7/7)
Wednesday
(7/8)
Thursday
(7/9)
Friday
(7/10)
Saturday
(7/11)
Sunday
(7/12)
Primary Outage(s) that
may Impact Throughput
Est. Operational Capacity
(Operational Impact) - Thousand
Dth
Station 409
(Donna Line)
(segment 490 FH)
564
564
564
564
564
564
564
564
Station 1
(segment 101 BH)
399
399
399
399
399
399
399
399
Station 9
(segment 109 BH)
1,027
1,027
1015
(12)
1015
(12)
1015
(12)
1015
(12)
1015
(12)
1015
(12)
MLV 10-1 to MLV 9-1L:
PHMSA Immediate (7/7/2026 - 7/12/2026)
MLV 9-1D
to MLV 10-1:
Anomaly Remediation (7/7/2026 - 7/12/2026)
Station 17
(segment 117 FH)
1,122
1000
(122)
1000
(122)
1000
(122)
1000
(122)
1000
(122)
1000
(122)
1000
(122)
MLV 19-3 TO MLV 20-3A:
Pipe Replacement (M) (7/6/2026 - 8/3/2026)
Station 25
(segment 125 FH)
1,078
1055
(23)
1055
(23)
1055
(23)
1055
(23)
1055
(23)
1035
(43)
1035
(43)
MLV 25-2 to MLV 26-2: Pipe
Replacement (7/11/2026 - 7/29/2026) MLV 26-1 Relocation: Highway 59 Widening (6/22/2026 - 7/10/2026)
Station 47
(segment 143 FH)
1,343
1330
(13)
1330
(13)
1330
(13)
1330
(13)
1330
(13)
1330
(13)
1330
(13)
MLV 55-1 to MLV 56-1:
PHMSA Immediate (5/11/2026 - 7/31/2026)
Station 63
(segment 163 FH)
1,242
1117
(125)
1117
(125)
1117
(125)
1117
(125)
1117
(125)
1117
(125)
1117
(125)
MLV 54-3
to MLV 106-3:
Emergent Repair - CAO (2/26/2026 - 12/31/2026)
Station 823
(segment 823 BH)
734
734
734
734
734
734
734
734
MLV 516
Muskrat Line
(segment 516 FH)
241
100
(141)
100
(141)
100
(141)
100
(141)
100
(141)
100
(141)
241
Sta 523 to MLV 516:
Pig Run - Chemical Cleaning / Gauge 7/6/26
to 7/10/26
(M) (7/6/2026 - 7/10/2026)
Sta 523 to MLV 516: Pig Run - MFL-A 7/11/26 (M) (7/11/2026)
Station 534 South
of Pool (segment 530 BH)
1,550
985
(565)
985
(565)
985
(565)
985
(565)
985
(565)
985
(565)
985
(565)
MLV 533-2 to MLV 534-2:
Pipe Replacement (M) (6/4/2026 - 9/4/2026)
Sta 529:
Unit 1A - Engine Inspection (7/7/2026) Sta 530: Unit 1A - Bearings (8/25/2025 - 12/31/2026)
Sta 530:
Unit 3A - Crankshaft Replacement (6/9/2025 - 12/31/2026) Sta 530: Unit 5A - Top-End Overhaul (6/9/2025 - 12/31/2026)
Sta 534: Unit
2A - Jacket Water (7/6/2026 - 7/9/2026)
Sta 534:
Unit 6A - Piston Liner
& Unloader Replacements (6/30/2025 - 7/10/2026)
MLV
548
(segment 542 BH)
1,647
1435
(212)
1435
(212)
1435
(212)
1435
(212)
1435
(212)
1600
(47)
1600
(47)
Sta 542: Unit 1A - Emergent Repair (1/1/2026 - 7/10/2026)
Sta 542:
Unit 2A - Emergent Repair (4/7/2026
- 9/30/2026) Sta 542: Unit 3A - Emergent Repair (3/26/2026 - 8/31/2026) Sta 546: Unit 7A - Metal in Oil (7/14/2025 - 7/31/2026)
Station 860
(segment 548 BH)
1,593
1580
(13)
1580
(13)
1580
(13)
1580
(13)
1580
(13)
1,593
1,593
Sta 555: Unit 5A - Foundation Regrout (1/20/2026 - 7/7/2026) Sta 555: Unit 6A - Oil System (6/30/2026
- 7/10/2026)
Station 860 North (Segment 860
BH)
1,874
1846
(28)
1846
(28)
1846
(28)
1846
(28)
1846
(28)
1846
(28)
1846
(28)
Sta 860: Unit 1A - Aftercooler Jacket Water Inspection (6/17/2025 - 12/31/2026)
Station 110
(segment 187 BH)
(south thru Kentucky)
2,685
2401
(284)
2150
(535)
2150
(535)
2150
(535)
2150
(535)
2150
(535)
2150
(535)
MLV 107-7
to 110-7: Valve
Installation & Crossover Work (7/7/2026 - 7/27/2026)
MLV 109-7 to MLV 110-7:
Pipe Replacement (7/7/2026 -
7/27/2026) MLV 54-3
to MLV 106-3:
Emergent Repair - CAO (2/26/2026 - 12/31/2026)
MLV 87-3 to MLV 96-3:
Pig Run - MDS (7/8/2026)
Sta 87: Unit 3D - Power side
Overhaul (6/22/2026 - 9/30/2026) Sta 871: Unit 1A - Power Cylinder (6/20/2026 - 7/10/2026)
Sta 871: Unit 3A - Engine
Maintenance (6/29/2026 - 7/17/2026)
Station 114
(segment 114 BH)
907
907
907
907
907
907
907
907
Station 204
(Segment 204 BH)
1,828
1775
(53)
1775
(53)
1775
(53)
1775
(53)
1775
(53)
1775
(53)
1,828
MLV 202-1 to MLV 203-1:
Anomaly Remediation (7/6/2026 - 7/11/2026)
Station 245
(segment 245 FH)
986
970
(16)
970
(16)
970
(16)
970
(16)
970
(16)
970
(16)
970
(16)
Sta 245:
Unit 1A &
2A - Exhaust System &
HP Fuel (4/27/2026 - 11/1/2026)
MLV 256 West
(segment 249 FH)
1,203
1155
(48)
1155
(48)
1155
(48)
1155
(48)
1155
(48)
1,203
1045
(158)
MLV 249-1A
to MLV 250-1:
Anomaly Remediation (7/6/2026 - 7/10/2026) MLV 253-1 to MLV 253-1R:
Anomaly Remediation (7/12/2026 - 7/17/2026)
Station 261 Discharge East (segment 261
FH)
888
888
888
888
888
888
888
888
Station 307
(segment 307 BH)
1,153
1,153
1,153
1,153
1,153
1,153
1,153
1,153
Station 315
(segment 315 BH)
1,823
1,823
1,823
1,823
1,823
1,823
1,823
1,823
MLV 324
(segment 324 FH)
1,767
1735
(32)
1735
(32)
1,767
1,767
1,767
1,767
1,767
Sta 325: Units
4A - Water Wash &
Borescope (7/6/2026 - 7/7/2026)
Station 405 HC Line
(segment 299
FH)
794
794
680
(114)
680
(114)
680
(114)
794
794
794
Sta 405A: Annual
ESD Test / Filter Scrubber (7/7/2026 - 7/9/2026)
This
document is updated
on a weekly basis and outage schedules/impacts are subject to change as the week progresses.
Dates
posted on DART should be deemed correct
in the event
of conflicts between DART posted dates
and dates on this report.
The
impacts sheet are based on steady-state hydraulic models assuming recent
operating flows, conditions, and various unit
outages.
-Primary
impact restrictions may be necessary
TGP - Outage
Impact Report
-Major impact restrictions may be necessary
July 2026 (updated
07/02/26)
-Minor impact restrictions may be necessary depending on flow
conditions
-Little to no impact, though
minor outages may cause incremental reductions
Station # / Lateral
Est Nominal Operating Capacity (Thousand Dth)
Week 1
(6/29 - 7/5)
Week 2
(7/6 - 7/12)
Week 3
(7/13 - 7/19)
Week 4
(7/20 - 7/26)
Week 5
(7/27 - 8/2)
Primary Outage(s)
Est. Operational Capacity (Operational Impact) - Thousand Dth
Station 409 (Donna
Line) (segment 490 FH)
564
564
564
564
Station 1
(segment 101 BH)
399
399
399
399
Station 9
(segment 109 BH)
1,027
590
(437)
660
(367)
985
(42)
MLV 11-1A to
MLV 11-1: Anomaly Remediation (7/27/2026
- 7/31/2026) MLV 12-1 to MLV 11-1A:
PHMSA Immediate (7/13/2026 -
7/16/2026) MLV 16-1 to MLV 15-1:
PHMSA Immediate (7/16/2026 - 7/23/2026) MLV
16-1R to MLV 16-1: PHMSA Immediate (7/16/2026
- 7/23/2026)
Station 17
(segment 117 FH)
1,122
1000
(122)
1000
(122)
1000
(122)
MLV 17-3DL to MLV 18-3A:
Anomaly Remediation (7/27/2026 -
8/2/2026) MLV 19-3 TO MLV 20-3A:
Pipe Replacement (M) (7/6/2026 - 8/3/2026)
Station 25
(segment 125 FH)
1,078
1035
(43)
955
(123)
1035
(43)
MLV 25-2 to MLV 26-2: Pipe Replacement
(7/11/2026 - 7/29/2026) MLV
26-2 Relocation: Highway 59 Widening (7/13/2026
- 7/29/2026) Sta 25: Annual ESD
Test (7/21/2026)
Station 47
(segment 143 FH)
1,343
960
(383)
1330
(13)
1330
(13)
MLV 40-1D to MLV 47-1S:
Pig Run - Maintenance (7/14/2026) MLV 55-1 to MLV 56-1: PHMSA Immediate (5/11/2026 - 7/31/2026)
Sta 47: Station
Transformer Maintenance (7/13/2026 - 7/14/2026)
Station 63
(segment 163 FH)
1,242
1117
(125)
1117
(125)
1117
(125)
MLV 54-3 to MLV 106-3:
Emergent Repair - CAO (2/26/2026 - 12/31/2026)
Station 823
(segment 823 BH)
734
734
734
734
Station 834
(segment 834 BH)
683
683
683
600
(83)
Sta 834: Station
Outage (7/29/2026 - 7/31/2026)
Station 534 South of Pool (segment 530 BH)
1,550
985
(565)
985
(565)
985
(565)
MLV 533-2 to
MLV 534-2: Pipe Replacement (M) (6/4/2026 - 9/4/2026) Sta 530: Unit 1A - Bearings
(8/25/2025 - 12/31/2026)
Sta 530:
Unit 3A - Crankshaft Replacement (6/9/2025
- 12/31/2026) Sta 530: Unit 5A -
Top-End Overhaul (6/9/2025 -
12/31/2026)
MLV 548
(segment 542 BH)
1,647
1600
(47)
1600
(47)
1600
(47)
MLV 539-2 to
MLV 540-2: Anomaly Remediation (7/16/2026
- 7/18/2026) Sta 542: Unit 2A -
Emergent Repair (4/7/2026 -
9/30/2026)
Sta 542:
Unit 3A - Emergent Repair (3/26/2026
- 8/31/2026) Sta 546: Unit 7A -
Metal in Oil (7/14/2025 -
7/31/2026)
Station 860
(segment 548 BH)
1,593
1390
(203)
1460
(133)
1460
(133)
MLV 557-3 to MLV 559-3:
Pig Runs - Cal / IMU & MFL-A 6/4/26
(7/16/2026)
MLV 557-3 to
MLV 559-3: Pig Runs - Cleaning / Gauge 6/2/26 (7/14/2026) Sta 555:
Unit 1B - Hot Gas Path (7/13/2026 -
8/14/2026)
Station 860 North (Segment 860 BH)
1,874
1846
(28)
1846
(28)
1846
(28)
Sta 860: Unit 1A - Aftercooler Jacket
Water Inspection (6/17/2025 - 12/31/2026)
Station 110
(segment 187 BH)
(south thru Kentucky)
2,685
2150
(535)
2150
(535)
2150
(535)
MLV 104-1 to
MLV 105-1: Anomaly Remediation (7/13/2026
- 8/15/2026) MLV 107-7 to 110-7:
Valve Installation & Crossover Work (7/7/2026
- 7/27/2026)
MLV 109-4 to
110-4: Valve Installation & Crossover Work (7/28/2026 - 8/11/2026)
MLV 109-4 to
MLV 110-4: Pipe Replacement (7/28/2026
- 8/11/2026) MLV 109-7 to MLV
110-7: Pipe Replacement (7/7/2026 -
7/27/2026)
MLV 54-3 to
MLV 106-3: Emergent Repair - CAO (2/26/2026
- 12/31/2026) MLV 87-3 to MLV 96-3:
Pig Run - EMAT (7/21/2026)
MLV 96-3BR to MLV 96-3BL:
Spike Test (7/27/2026 - 8/31/2026)
Sta
106: C Building - Install Water Trech System
(7/13/2026 - 7/17/2026) Sta
87: Unit 3D - Power side Overhaul (6/22/2026
- 9/30/2026)
Sta 871: Unit 3A - Engine Maintenance
(6/29/2026 - 7/17/2026) Sta 96 Campbellsville: Annual ESD Test (7/14/2026 - 7/15/2026)
Sta 96 Campbellsville: Annual Substation Inspection (7/13/2026 - 7/16/2026)
-Primary impact restrictions may be necessary
TGP - Outage
Impact Report
-Major impact restrictions may be necessary
July 2026 (updated
07/02/26)
-Minor impact restrictions may be necessary depending on flow
conditions
-Little to no impact, though
minor outages may cause incremental reductions
Station # / Lateral
Est Nominal Operating Capacity (Thousand Dth)
Week 1
(6/29 - 7/5)
Week 2
(7/6 - 7/12)
Week 3
(7/13 - 7/19)
Week 4
(7/20 - 7/26)
Week 5
(7/27 - 8/2)
Primary
Outage(s)
Est. Operational Capacity (Operational Impact) - Thousand Dth
Station 114
(segment 114 BH)
907
907
907
907
Station 204
(Segment 204 BH)
1,828
1,828
1,828
1,828
Station 230C (segment 296 FH)
743
370
(373)
743
743
Sta 230C: Annual
ESD (M) (7/13/2026 - 7/14/2026)
Station 237
(segment 237 FH)
1,006
1,006
1,006
780
(226)
MLV 237-1 to
MLV 245-1: Pig Run - Cleaning/Gauge (7/27/2026) MLV 237-1 to MLV 245-1: Pig Run - MFL-C (7/29/2026)
Station 245
(segment 245 FH)
986
760
(226)
970
(16)
970
(16)
Sta 245:
Unit 1A & 2A - Exhaust System & HP Fuel (4/27/2026 - 11/1/2026) Sta
245-1 to MLV 249-1: Pig Run - Cal/IMU (7/15/2026)
Sta 245-1 to
MLV 249-1: Pig Run - Gauge/Cleaning tool (7/14/2026) Sta 245-1 to MLV 249-1: Pig Run - MFL-C (7/16/2026)
MLV 256 West
(segment 249 FH)
1,203
1045
(158)
535
(668)
1,203
MLV 249-2 to
MLV 254-2: Gauge/Cleaning tool (7/20/2026) MLV 249-2 to MLV 254-2: Hardspot/Geo (7/23/2026)
MLV 249-2 to MLV 254-2:
MFL-A/IMU (7/21/2026)
MLV 253-1 to MLV 253-1R:
Anomaly Remediation (7/12/2026 - 7/17/2026)
Station 261 Discharge East (segment 261 FH)
888
888
888
888
Station 307
(segment 307 BH)
1,153
1,153
930
(223)
1115
(38)
Sta
219: Unit 1B - Protective Device Checks & GHG (7/20/2026 - 7/24/2026) Sta
219: Unit 1B - Save Air System (7/20/2026
- 7/31/2026)
Sta 307: Unit 1A -
Protective Device Checks (7/20/2026
- 7/24/2026) Sta 307: Unit 2A -
Protective Device Checks (7/20/2026
- 7/24/2026) Sta 307: Unit 3A -
Protective Device Checks (7/20/2026
- 7/24/2026) Sta 307: Unit 4A - Protective Device Checks (7/20/2026 - 7/24/2026)
Station 313 Discharge (segment 399 FH)
797
797
797
720
(77)
Sta 313: Unit 1C - Substation Inspection (7/30/2026 - 7/31/2026)
Station 315
(segment 315 BH)
1,823
1,823
1,823
1,823
Station 321
(segment 321 FH)
2,102
2,102
1715
(387)
2,102
Sta 321: Station
Valves for ESD System (7/21/2026 - 7/23/2026)
MLV 324
(segment 324 FH)
1,767
1,767
1,767
1450
(317)
Sta 325: Station
Outage (7/28/2026 - 7/30/2026)
Station 405 HC Line (segment 299 FH)
794
794
794
794
This document is updated
on a weekly basis and outage schedules/impacts are subject to change as the week progresses. Dates posted on DART should be deemed
correct in the event of conflicts between DART posted dates and dates on this
report.
The impacts sheet are based on steady-state hydraulic models assuming
recent operating flows,
conditions, and various
unit outages.
-Primary
impact restrictions may be necessary
TGP - Outage
Impact Report
-Major impact restrictions may be necessary
August
2026 (updated 07/02/26)
-Minor impact
restrictions may be necessary depending on flow conditions
-Little to no impact, though
minor outages may cause incremental reductions
Station # / Lateral
Est Nominal Operating Capacity (Thousand Dth)
Week 1
(8/3 - 8/9)
Week 2
(8/10 - 8/16)
Week 3
(8/17 - 8/23)
Week 4
(8/24 - 8/30)
Primary Outage(s)
Est. Operational Capacity (Operational Impact) - Thousand Dth
Station
409 (Donna Line) (segment 490 FH)
564
564
564
564
564
Station 1
(segment 101 BH)
399
399
399
399
399
Station 9
(segment 109 BH)
1,027
945
(82)
640
(387)
640
(387)
1,027
MLV 13-1 to
MLV 12-1: Anomaly Remediation (8/3/2026
- 8/14/2026) MLV 5-2 to MLV 1-2D:
Pig Run - Cleaning Gauge (M) (8/13/2026) MLV
5-2 to MLV 1-2D: Pig Run - Cleaning Gauge (M) (8/14/2026) MLV 5-2 to MLV 1-2D: Pig Run - Cleaning
Gauge (M) (8/15/2026) MLV 5-2 to
MLV 1-2D: Pig Run - Cleaning Gauge (M) (8/16/2026) MLV 5-2 to MLV 1-2D: Pig Run - Cleaning Gauge (M) (8/17/2026) MLV 5-2 to MLV 1-2D: Pig Run - Cleaning
Gauge (M) (8/18/2026) MLV 5-2 to
MLV 1-2D: Pig Run - Cleaning Gauge (M) (8/19/2026) MLV 5-2 to MLV 1-2D: Pig Run - TDW MDS (M) (8/20/2026)
Station 17
(segment 117 FH)
1,122
1000
(122)
1100
(22)
1100
(22)
1100
(22)
MLV 19-1 TO MLV 20-1A:
Pipe Replacement (M) (8/6/2026 - 9/15/2026)
MLV 19-3 TO MLV 20-3A:
Pipe Replacement (M) (7/6/2026 - 8/3/2026)
Station 25
(segment 125 FH)
1,078
925
(153)
925
(153)
925
(153)
1,078
MLV 26-3 Relocation: Highway 59 Widening (M) (8/3/2026 - 8/20/2026)
Station 47
(segment 143 FH)
1,343
1,343
1105
(238)
1,343
1,343
MLV 40-3D to
MLV 47-3S: Pig Run - Maintenance Cleaning (8/11/2026) MLV 40-4D to MLV 47-4S: Pig Run -
Maintenance (8/13/2026)
Station 63
(segment 163 FH)
1,242
901
(341)
901
(341)
1117
(125)
1117
(125)
MLV 54-3 to MLV 106-3:
Emergent Repair - CAO (2/26/2026 -
12/31/2026) MLV 77-3 to MLV 77-3A: Pipe Replacements (8/3/2026 - 8/13/2026) MLV 82-2C to MLV 83-2: Anomaly
Remediation (8/3/2026 - 8/7/2026)
Station 823
(segment 823 BH)
734
734
734
734
734
Station
534 South of Pool (segment 530 BH)
1,550
985
(565)
985
(565)
985
(565)
985
(565)
MLV 533-2 to
MLV 534-2: Pipe Replacement (M) (6/4/2026 - 9/4/2026) Sta 530: Unit 1A - Bearings
(8/25/2025 - 12/31/2026)
Sta 530:
Unit 3A - Crankshaft Replacement (6/9/2025
- 12/31/2026) Sta 530: Unit 5A -
Top-End Overhaul (6/9/2025 -
12/31/2026)
MLV 548
(segment 542 BH)
1,647
1635
(12)
1635
(12)
1635
(12)
1240
(407)
Sta 542 Dekalb: Annual ESD Test (8/25/2026
- 8/27/2026) Sta 542: Unit 2A -
Emergent Repair (4/7/2026 -
9/30/2026) Sta 542: Unit 3A - Emergent
Repair (3/26/2026 - 8/31/2026)
Station 860
(segment 548 BH)
1,593
1460
(133)
1460
(133)
1,593
1,593
Sta 555: Unit 1B - Hot Gas Path (7/13/2026 - 8/14/2026)
Station 860 North (Segment 860 BH)
1,874
1846
(28)
1846
(28)
1846
(28)
1846
(28)
Sta 860: Unit 1A - Aftercooler Jacket Water Inspection (6/17/2025 - 12/31/2026)
-Primary impact restrictions may be necessary
TGP - Outage
Impact Report
-Major impact restrictions may be necessary
August
2026 (updated 07/02/26)
-Minor impact
restrictions may be necessary depending on flow conditions
-Little to no impact, though
minor outages may cause incremental reductions
Station # / Lateral
Est Nominal Operating Capacity (Thousand Dth)
Week 1
(8/3 - 8/9)
Week 2
(8/10 - 8/16)
Week 3
(8/17 - 8/23)
Week 4
(8/24 - 8/30)
Primary
Outage(s)
Est. Operational Capacity (Operational Impact) - Thousand Dth
Station 110
(segment 187 BH)
(south thru Kentucky)
2,685
2281
(404)
2281
(404)
2097
(588)
1890
(795)
MLV 102-1 to MLV 103-1: Anomaly
Remediation (8/24/2026 - 8/29/2026)
MLV
104-1 to MLV 105-1: Anomaly Remediation (7/13/2026
- 8/15/2026) MLV 109-4 to 110-4:
Valve Installation & Crossover Work (7/28/2026
- 8/11/2026)
MLV
109-4 to MLV 110-4: Pipe Replacement (7/28/2026
- 8/11/2026) MLV 109-5 to MLV
109-5A: Pipe Replacement (8/18/2026
- 9/1/2026) MLV 109-5A to MLV 110-5: Pipe Replacement (8/18/2026 - 9/1/2026)
MLV
54-3 to MLV 106-3: Emergent Repair - CAO (2/26/2026
- 12/31/2026) MLV 96-3BR to MLV
96-3BL: Spike Test (7/27/2026 -
8/31/2026)
Sta 106: Unit 1D - 4K Solar
Turbine Inspection (8/18/2026 -
8/20/2026) Sta 110: Install ESD
Silence Covers (8/24/2026 -
8/28/2026)
Sta 87: Unit 3D - Power side Overhaul
(6/22/2026 - 9/30/2026) Sta 875: Unit 1A- 8K
Solar Turbine Inspection (8/17/2026
- 8/21/2026)
Sta 96: Unit 2D - Install
Ball Grove Valve (8/3/2026 - 8/7/2026)
Station 114
(segment 114 BH)
907
907
393
(514)
393
(514)
393
(514)
MLV 117-3 to
MLV 118-3: Special Permit Pipe Replacement
(8/10/2026 - 8/30/2026)
MLV 119-2 to
MLV 119-2A: Special Permit Pipe Replacement
(8/10/2026 - 8/30/2026)
Sta 119A: Unit 1A - Solar Turbine
Inspection (8/10/2026 - 8/12/2026)
Station 204
(Segment 204 BH)
1,828
1,828
1,828
1,828
1,828
Station 245
(segment 245 FH)
986
970
(16)
970
(16)
970
(16)
970
(16)
Sta 245: Unit 1A & 2A - Exhaust System
& HP Fuel (4/27/2026 - 11/1/2026)
Station 261 Discharge East (segment
261 FH)
888
888
888
888
888
Station 307
(segment 307 BH)
1,153
965
(188)
1,153
765
(388)
965
(188)
Sta 219:
Annual ESD Test & Scrubber Maintenance
(8/17/2026 - 8/21/2026) Sta 307 (Pigeon): Annual
ESD Test &
Maintenance (8/3/2026 - 8/7/2026) Sta 307 (Pigeon): MLV Operators / Air
Comp Install / Fuel Skid (8/24/2026
- 8/28/2026)
Station
313 Discharge (segment 399 FH)
797
797
797
515
(282)
797
Sta 313 Coudersport: Annual ESD Test & Maintenance (8/17/2026 - 8/20/2026)
Station 315
(segment 315 BH)
1,823
1,823
1,823
1,823
1,823
Station 317
(segment 317 BH)
1,548
1,548
1,548
1,548
1345
(203)
Sta 317: Annual
ESD Test & Maintenance (8/24/2026 - 8/28/2026)
MLV 324
(segment 324 FH)
1,767
1,767
1,767
1,767
1700
(67)
MLV 324-1 to MLV 324-1A:
Anomaly Remediation (8/24/2026 - 8/29/2026)
Station
405 HC Line (segment 299 FH)
794
794
794
794
794
Station 224
(segment 224 FH)
388
388
388
388
280
(108)
Station 224: Scrubber
Inspections & Filter
Change (8/25/2026 - 8/26/2026)
This document is updated on a weekly
basis and outage
schedules/impacts are subject
to change as the week progresses.
Dates
posted on DART should be deemed correct
in the event of conflicts between DART posted
dates and dates on this report.
The impacts sheet
are based on steady-state hydraulic models assuming recent operating flows,
conditions, and various
unit outages.
-Primary
impact restrictions may be necessary
TGP - Outage
Impact Report
-Major impact restrictions may be necessary
September 2026 (updated 07/02/26)
-Minor impact
restrictions may be necessary depending on flow conditions
-Little to no impact, though
minor outages may cause incremental reductions
Station # / Lateral
Est Nominal Operating Capacity (Thousand Dth)
Week 1
(8/31 - 9/6)
Week 2
(9/7 - 9/13)
Week 3
(9/14 - 9/20)
Week 4
(9/21 - 9/27)
Primary Outage(s)
Est. Operational Capacity (Operational Impact) - Thousand Dth
Station 409A (Alamo)
(segment 492 FH)
274
274
125
(149)
274
274
MLV
409A-101.1 to MLV 409A-103: Pig Runs - Cleaning / Gauge (M) (9/7/2026) MLV 409A-101.1 to MLV 409A-103: Pig Runs
- Cleaning / Gauge (M) (9/8/2026) MLV
409A-101.1 to MLV 409A-103: Pig Runs - Cleaning / Gauge (M) (9/9/2026) MLV 409A-101.1 to MLV 409A-103: Pig Runs
- EMAT (M) (9/11/2026)
MLV 409A-101.1 to MLV 409A-103: Pig Runs - MFL-C (M) (9/10/2026)
Station
409 (Donna Line) (segment 490 FH)
564
505
(59)
505
(59)
505
(59)
505
(59)
MLV 409-1 to MLV 406-1:
Spike Test (9/1/2026 - 10/31/2026)
Station 1
(segment 101 BH)
399
300
(99)
300
(99)
300
(99)
300
(99)
MLV 1-1D to MLV 5-1: Spike Test (M) (9/1/2026 - 11/2/2026)
Station 9
(segment 109 BH)
1,027
1,027
1,027
1,027
1,027
Station 17
(segment 117 FH)
1,122
1100
(22)
1100
(22)
1100
(22)
1085
(37)
MLV 17-1D to
MLV 20-1A: Pig Run - CLEANING (9/21/2026) MLV 17-1D to MLV 20-1A: Pig Run - EMAT (9/24/2026)
MLV 17-1D to
MLV 20-1A: Pig Run - GAUGE PLATE (9/22/2026) MLV 17-1D to MLV 20-1A: Pig Run - MFL-C (9/23/2026)
MLV 19-1 TO MLV 20-1A:
Pipe Replacement (M) (8/6/2026 - 9/15/2026)
Station 25
(segment 125 FH)
1,078
1,078
1,078
1,078
1,078
Station 47
(segment 143 FH)
1,343
1045
(298)
1045
(298)
1,343
1,343
MLV 47-4D to
MLV 54-4S: Pig Run - AFD Combo (M) (9/8/2026) MLV 47-4D to MLV 54-4S: Pig Run - EMAT (M) (9/10/2026)
MLV 47-4D to
MLV 54-4S: Pig Run - Gauge Cleaning (M) (8/31/2026) MLV 47-4D to MLV 54-4S: Pig Run - Gauge Cleaning (M)
(9/1/2026)
MLV 47-4D to MLV 54-4S: Pig Run - Gauge Cleaning
(M) (9/2/2026)
Station 63
(segment 163 FH)
1,242
1117
(125)
1117
(125)
1117
(125)
1117
(125)
MLV 54-3 to MLV 106-3:
Emergent Repair - CAO (2/26/2026 - 12/31/2026)
Station 823
(segment 823 BH)
734
734
734
734
734
Station 834
(segment 834 BH)
683
683
670
(13)
670
(13)
670
(13)
Sta 834: Unit 1A -
Replace Insulation Blanket (9/14/2026
- 9/15/2026) Sta 834: Unit 2A -
Replace Insulation Blanket (9/16/2026
- 9/17/2026) Sta 834: Unit 3A -
Replace Insulation Blanket (9/18/2026
- 9/19/2026) Sta 834: Unit 4A - Replace
Insulation Blanket (9/21/2026 - 9/22/2026)
Sta 834: Unit 4A - Replace
Lubrication System (9/7/2026 - 9/11/2026)
Station
534 South of Pool (segment 530 BH)
1,550
985
(565)
1528
(22)
1528
(22)
1528
(22)
MLV 533-2 to
MLV 534-2: Pipe Replacement (M) (6/4/2026 - 9/4/2026) Sta 530: Unit 1A - Bearings
(8/25/2025 - 12/31/2026)
Sta 530:
Unit 3A - Crankshaft Replacement (6/9/2025
- 12/31/2026) Sta 530: Unit 5A -
Top-End Overhaul (6/9/2025 -
12/31/2026)
MLV 548
(segment 542 BH)
1,647
1635
(12)
1640
(7)
1640
(7)
1640
(7)
Sta 542: Unit 2A -
Emergent Repair (4/7/2026 -
9/30/2026) Sta 542: Unit 3A - Emergent
Repair (3/26/2026 - 8/31/2026)
Station 860
(segment 548 BH)
1,593
1580
(13)
786
(807)
1430
(163)
1,593
MLV 546-2 to MLV 547-2: Line Recoat (9/8/2026 - 9/10/2026)
Sta 546: Annual
ESD Tests & Maintenance (9/7/2026 - 9/11/2026)
Sta
555: Scrubber/Filter/Separator Clean, Inspect & Filter Change (9/14/2026) Sta 555: Unit 4A - Engine Maintenance (8/31/2026 - 9/5/2026)
Station 860 North (Segment 860 BH)
1,874
1846
(28)
1846
(28)
1530
(344)
1846
(28)
Sta 563:
Unit 1A - Annual Inspection & Safety Device Check (9/14/2026 - 9/16/2026)
Sta 563: Unit 2A - Annual Inspection/CAV (9/16/2026 - 9/18/2026)
Sta
860: Unit 1A - Aftercooler Jacket Water Inspection (6/17/2025 - 12/31/2026) Sta
860: Unit 1B - Replace Turbocharger (8/31/2026
- 9/4/2026)
-Primary impact restrictions may be necessary
TGP - Outage
Impact Report
-Major impact restrictions may be necessary
September 2026 (updated 07/02/26)
-Minor impact
restrictions may be necessary depending on flow conditions
-Little to no impact, though
minor outages may cause incremental reductions
Station # / Lateral
Est Nominal Operating Capacity (Thousand Dth)
Week 1
(8/31 - 9/6)
Week
2
(9/7 - 9/13)
Week 3
(9/14 - 9/20)
Week 4
(9/21 - 9/27)
Primary
Outage(s)
Est. Operational Capacity (Operational Impact) - Thousand Dth
Station 110
(segment 187 BH)
(south thru Kentucky)
2,685
1964
(721)
2534
(151)
2534
(151)
2534
(151)
MLV 101-1 to MLV 102-1: Anomaly Remediation (8/31/2026 - 9/5/2026) MLV
104-3 to MLV 106-3S: HDD at Kentucky River
(9/2/2026 - 9/6/2026) MLV
105-1 to MLV 105-1A: Anomaly Remediation (9/7/2026
- 9/12/2026) MLV 109-3A to MLV
110-3: Pipe Replacement (9/8/2026 -
9/15/2026) MLV 109-5 to MLV 109-5A:
Pipe Replacement (8/18/2026 -
9/1/2026) MLV 109-5A to MLV 110-5:
Pipe Replacement (8/18/2026 -
9/1/2026)
MLV
54-3 to MLV 106-3: Emergent Repair - CAO (2/26/2026
- 12/31/2026) MLV 96-3BR to MLV
96-3BL: Spike Test (7/27/2026 -
8/31/2026)
Sta 106: Unit 2D - 4K Solar
Turbine Inspection (9/16/2026 -
9/18/2026) Sta 87: Unit 3D - Power
side Overhaul (6/22/2026 -
9/30/2026)
Sta 871 Campbellsville: Annual ESD Test (9/1/2026)
Station 114
(segment 114 BH)
907
907
907
772
(135)
907
Sta 118A: Solar Turbine Inspection (9/14/2026 - 9/16/2026)
Station 204
(Segment 204 BH)
1,828
1,828
1540
(288)
1760
(68)
1375
(453)
MLV 214-3 to MLV 219-3: Pig Run - Cal/IMU/MFL-A Combo (M) (9/17/2026)
MLV 214-3 to MLV 219-3: Pig Run - Gauge/Cleaning (M) (9/15/2026) Sta 200: Scrubber Filters (9/8/2026 - 9/10/2026)
Sta 204: Scrubber Filter Change (9/24/2026 - 9/26/2026)
Sta 209 Cambridge: Scrubber Filter (9/21/2026 - 9/23/2026)
Station 230C (segment 296 FH)
743
743
370
(373)
743
743
Sta 230C: Scrubber
/ Filter Inspection (M) (9/9/2026 - 9/10/2026)
Station 245
(segment 245 FH)
986
970
(16)
970
(16)
970
(16)
970
(16)
Sta 245: Unit 1A & 2A - Exhaust System
& HP Fuel (4/27/2026 - 11/1/2026)
Station 261 Discharge East (segment
261 FH)
888
888
888
888
560
(328)
Sta 264 Charlton: Annual ESD Test
(9/23/2026 - 9/24/2026)
Station 307
(segment 307 BH)
1,153
1,153
1,153
1,153
1,153
Station 313 Discharge (segment 399 FH)
797
797
220
(577)
220
(577)
797
MLV
313A-101A to MLV 313A-401: Anomaly Remediation (M) (9/7/2026 - 9/19/2026)
MLV
313A-101L to MLV 313A-101A: Anomaly Remediation (M) (9/7/2026 - 9/19/2026)
MLV 313A-403
to MLV 313A-404: Anomaly Remediation (M) (9/7/2026 - 9/19/2026)
MLV 313A-405A to MLV 313A-406: Anomaly Remediation (M) (9/7/2026 -
9/19/2026)
Station 315
(segment 315 BH)
1,823
1,823
1,823
1,823
1,823
Station 321
(segment 321 FH)
2,102
1850
(252)
2,102
2,102
2,102
MLV 321-1L to MLV 322-1:
Anomaly Remediation (8/31/2026 - 9/5/2026)
MLV 324
(segment 324 FH)
1,767
1,767
1,767
1,767
1,767
MLV 329
(segment 324 FH)
846
846
846
846
846
Station
405 HC Line (segment 299 FH)
794
794
794
794
794
-Primary impact restrictions may be necessary
TGP - Outage
Impact Report
-Major impact restrictions may be necessary
September 2026 (updated 07/02/26)
-Minor impact restrictions may be necessary depending on flow
conditions
-Little to no impact, though
minor outages may cause incremental reductions
Station # / Lateral
Est Nominal Operating Capacity (Thousand Dth)
Week 1
(8/31 - 9/6)
Week 2
(9/7 - 9/13)
Week 3
(9/14 - 9/20)
Week 4
(9/21 - 9/27)
Primary Outage(s)
Est. Operational Capacity (Operational Impact) - Thousand Dth
This document is updated on a weekly
basis and outage
schedules/impacts are subject
to change as the week progresses.
Dates
posted on DART should be deemed correct
in the event of conflicts between DART posted
dates and dates on this report.
The impacts sheet are based on steady-state hydraulic models assuming recent operating flows,
conditions, and various
unit outages.",2026-07-02T19:53:19.000000Z,2026-07-02T19:53:19.000000Z,2026-07-03T14:00:00.000000Z,1,2026-07-02T05:00:00.000000Z,1bbf6c95d19b3eaf408117dc7d0b38ab933399e56e1dbdc08adf9784f1b2f273,https://pipeline2.kindermorgan.com/Notices/NoticeDetail.aspx?code=TGP&notc_nbr=402501,data/raw/km_tgp_notice_detail/2026/08/28/1bbf6c95d19b3eaf408117dc7d0b38ab933399e56e1dbdc08adf9784f1b2f273.html,km_tgp_notice_detail:1787932452517286000:1bbf6c95d19b3eaf408117dc7d0b38ab933399e56e1dbdc08adf9784f1b2f273
TGP,402440,1bc3aab16fc0ff199ee5789d2defe3c5a6d516cbb52ad03ab9d185d0ca04adb6,,True,False,2026-08-28T15:54:15.108319Z,MAINTENANCE,MAINTENANCE,TERMINATE,401910,EMERGENT REPAIR AT STA 32 RESOLVED,"EMERGENT REPAIR AT STA 249 UNIT 1A RESOLVED EFFECTIVE 1-8-16
EMERGENT
REPAIR AT STA 32 RESOLVED
Pursuant
to Article XII of the General Terms and Conditions of Tennessee's FERC Gas
Tariff, Tennessee posted notice of an emergent repair issue at Station 32 near Jasper,
TX on June 9, 2026 (Notice Identifier #401910). Tennessee discovered an
issue at the station which necessitated repairs. The issue has now
been resolved and the unit is in the process of returning to normal
operations. As such, nomination increases pathed through STA 32 (Segment 132
FH) will be accepted effective Timely Cycle for the Gas Day of Wednesday, July
1, 2026 up to segment capacity as posted on TGP's EBB.
This
will be the final notice for this emergent repair.
Please
contact your Scheduler if you have any questions.",2026-06-30T20:20:38.000000Z,2026-06-30T20:20:38.000000Z,2026-07-01T14:00:00.000000Z,1,2026-06-30T05:00:00.000000Z,1bc3aab16fc0ff199ee5789d2defe3c5a6d516cbb52ad03ab9d185d0ca04adb6,https://pipeline2.kindermorgan.com/Notices/NoticeDetail.aspx?code=TGP&notc_nbr=402440,data/raw/km_tgp_notice_detail/2026/08/28/1bc3aab16fc0ff199ee5789d2defe3c5a6d516cbb52ad03ab9d185d0ca04adb6.html,km_tgp_notice_detail:1787932455108319000:1bc3aab16fc0ff199ee5789d2defe3c5a6d516cbb52ad03ab9d185d0ca04adb6
TGP,402329,c79e99b1354e8edd30b1cf3abe4fbe83ae10e868609813610ce07f8436c1299f,,True,False,2026-08-28T15:54:19.359984Z,MAINTENANCE,MAINTENANCE,INITIATE,,TGP Outage Impact Report,"-Primary
impact restrictions may be necessary
TGP - Outage
Impact Report
-Major
impact restrictions may be
necessary
Seven Day Forecast (updated 06/25/26)
-Minor impact restrictions may be necessary depending on flow conditions
-Little to no impact, though
minor outages may cause incremental reductions
Station / Seg
Est Nominal
Operating Capacity (Thousand Dth)
Monday
(6/29)
Tuesday
(6/30)
Wednesday
(7/1)
Thursday
(7/2)
Friday
(7/3)
Saturday
(7/4)
Sunday
(7/5)
Primary Outage(s) that
may Impact Throughput
Est. Operational Capacity
(Operational Impact) - Thousand
Dth
Station 409
(Donna Line)
(segment 490 FH)
564
564
564
564
564
564
564
564
Station 1
(segment 101 BH)
399
399
399
399
399
399
399
399
Station 9
(segment 109 BH)
1,027
945
(82)
945
(82)
945
(82)
1,027
1,027
1,027
1,027
MLV 4-1 to MLV 5-1:
Emergent Repair (6/9/2026 - 7/1/2026)
Station 17
(segment 117 FH)
1,122
1104
(18)
1104
(18)
1,122
1,122
1,122
1,122
1,122
MLV 19-2
TO MLV 20-2A:
Pipe Replacement (M) (4/28/2026 - 6/30/2026)
Station 25
(segment 125 FH)
1,078
1055
(23)
1055
(23)
1055
(23)
1055
(23)
1055
(23)
1055
(23)
1055
(23)
MLV 26-1 Relocation: Highway 59 Widening (6/22/2026 - 7/10/2026)
Station 47
(segment 143 FH)
1,343
1330
(13)
1330
(13)
1330
(13)
1330
(13)
1330
(13)
1330
(13)
1330
(13)
MLV 55-1 to MLV 56-1:
PHMSA Immediate (5/11/2026 - 7/31/2026)
Station 63
(segment 163 FH)
1,242
1117
(125)
1117
(125)
1117
(125)
1117
(125)
1117
(125)
1117
(125)
1117
(125)
MLV 54-3
to MLV 106-3:
Emergent Repair - CAO (2/26/2026 - 12/31/2026)
Station 823
(segment 823 BH)
734
734
734
734
734
734
734
734
Station 823 Muskrat
Line (segment 509
BH)
231
231
130
(101)
231
231
231
231
231
Sta 823 to MLV 516:
Pig Run - Maintenance (M) (6/30/2026)
Station 534 South
of Pool (segment 530 BH)
1,550
985
(565)
985
(565)
985
(565)
985
(565)
985
(565)
985
(565)
985
(565)
Sta 530: Unit 1A - Bearings (8/25/2025 - 12/31/2026)
MLV 533-2 to MLV 534-2:
Pipe Replacement (M) (6/4/2026 - 7/5/2026) Sta 530: Unit 3A - Crankshaft
Replacement (6/9/2025 - 12/31/2026) Sta 530: Unit 5A - Top-End Overhaul (6/9/2025 - 12/31/2026)
Sta 534: Unit 6A - Piston
Liner & Unloader Replacements (6/30/2025 -
7/10/2026)
MLV
548
(segment 542 BH)
1,647
1435
(212)
1435
(212)
1435
(212)
1435
(212)
1600
(47)
1600
(47)
1600
(47)
Sta 542:
Unit 1A - Emergent Repair (1/1/2026
- 7/2/2026) Sta 542: Unit 2A -
Emergent Repair (4/7/2026 -
9/30/2026) Sta 542: Unit 3A - Emergent Repair (3/26/2026 - 8/31/2026)
Sta 546: Unit 7A - Metal
in Oil (7/14/2025 - 7/31/2026)
Station 860
(segment 548 BH)
1,593
1580
(13)
1580
(13)
1580
(13)
1580
(13)
1,593
1,593
1,593
Sta 555: Unit 5A - Foundation Regrout
(1/20/2026 - 7/2/2026)
Station 860 North (Segment 860
BH)
1,874
1846
(28)
1846
(28)
1846
(28)
1846
(28)
1846
(28)
1846
(28)
1846
(28)
Sta 860: Unit 1A - Aftercooler Jacket Water Inspection (6/17/2025 - 12/31/2026)
Station 110
(segment 187 BH)
(south thru
Kentucky)
2,685
2401
(284)
2401
(284)
2401
(284)
2401
(284)
2401
(284)
2401
(284)
2401
(284)
MLV 54-3
to MLV 106-3:
Emergent Repair - CAO (2/26/2026 - 12/31/2026) Sta 87: Unit 3D - Power side Overhaul (6/22/2026 - 9/30/2026)
Sta 871:
Unit 1A - Power Cylinder (6/20/2026
- 7/10/2026) Sta 871: Unit 3A - Engine
Maintenance (6/29/2026 - 7/17/2026)
Station 114
(segment 114 BH)
907
533
(374)
600
(307)
600
(307)
907
907
907
907
Sta 114: Station Software Upgrade (6/29/2026)
Sta 114: Unit 1D - Solar
Turbine Inspection (6/29/2026 - 7/1/2026)
Station 204
(Segment 204 BH)
1,828
1790
(38)
1790
(38)
1790
(38)
1790
(38)
1,828
1,828
1,828
MLV 206-2 to MLV 207-2:
Anomaly Remediation (6/22/2026 - 7/2/2026)
Station 245
(segment 245 FH)
986
970
(16)
970
(16)
970
(16)
970
(16)
970
(16)
970
(16)
970
(16)
Sta 245:
Unit 1A &
2A - Exhaust System &
HP Fuel (4/27/2026 - 11/1/2026)
MLV 256 West
(segment 249 FH)
1,203
1155
(48)
1155
(48)
1155
(48)
1155
(48)
1,203
1,203
1,203
MLV 249-1A
to MLV 250-1:
Anomaly Remediation (6/24/2026 - 7/2/2026)
Station 261 Discharge East (segment 261
FH)
888
560
(328)
560
(328)
888
888
888
888
888
Sta 264 Charlton: Controls Upgrade (6/29/2026 - 6/30/2026)
Station 307
(segment 307 BH)
1,153
1,153
1,153
1,153
1,153
1,153
1,153
1,153
Station 313 Discharge (segment 399
FH)
797
797
720
(77)
720
(77)
797
797
797
797
Sta 313: Unit
1C - Substation Inspection (6/30/2026 - 7/1/2026)
Station 315
(segment 315 BH)
1,823
1,823
1,823
1,823
1,823
1,823
1,823
1,823
MLV 324
(segment 324 FH)
1,767
1,767
1,767
1,767
1,767
1,767
1,767
1,767
Station 405 HC Line
(segment 299
FH)
794
794
794
794
794
794
794
794
This
document is updated
on a weekly basis and outage schedules/impacts are subject to change as the week progresses.
Dates
posted on DART should be deemed correct
in the event
of conflicts between DART posted dates
and dates on this report.
The
impacts sheet are based on steady-state hydraulic models assuming recent
operating flows, conditions, and various unit
outages.
-Primary
impact restrictions may be necessary
TGP - Outage
Impact Report
-Major impact restrictions may be necessary
July 2026 (updated
06/25/26)
-Minor impact restrictions may be necessary depending on flow
conditions
-Little to no impact, though
minor outages may cause incremental reductions
Station # / Lateral
Est Nominal Operating Capacity (Thousand Dth)
Week 1
(6/29 - 7/5)
Week 2
(7/6 - 7/12)
Week 3
(7/13 - 7/19)
Week 4
(7/20 - 7/26)
Week 5
(7/27 - 8/2)
Primary
Outage(s)
Est. Operational Capacity (Operational Impact) - Thousand Dth
Station 409 (Donna
Line) (segment 490
FH)
564
564
564
564
564
Station 1
(segment 101 BH)
399
399
399
399
399
Station 9
(segment 109 BH)
1,027
1,027
640
(387)
640
(387)
1015
(12)
MLV 5-2 to
MLV 1-2D: Pig Run - Cleaning Gauge (M) (7/13/2026) MLV 5-2 to MLV 1-2D: Pig Run - Cleaning Gauge (M) (7/14/2026) MLV 5-2 to MLV 1-2D: Pig Run - Cleaning
Gauge (M) (7/15/2026) MLV 5-2 to
MLV 1-2D: Pig Run - Cleaning Gauge (M) (7/16/2026) MLV 5-2 to MLV 1-2D: Pig Run - Cleaning Gauge (M) (7/17/2026) MLV 5-2 to MLV 1-2D: Pig Run - TDW MDS
(M) (7/21/2026)
MLV 9-1D to MLV 10-1: Anomaly
Remediation (7/27/2026 - 8/2/2026)
Station 17
(segment 117 FH)
1,122
1000
(122)
1000
(122)
1000
(122)
1000
(122)
MLV 17-3DL to MLV 18-3A:
Anomaly Remediation (7/27/2026 -
8/2/2026) MLV 19-3 TO MLV 20-3A:
Pipe Replacement (M) (7/6/2026 - 8/3/2026)
Station 25
(segment 125 FH)
1,078
1055
(23)
1070
(8)
955
(123)
1070
(8)
MLV 25-2 to MLV 26-2: Pipe Replacement
(7/11/2026 - 7/29/2026) MLV
26-1 Relocation: Highway 59 Widening (6/22/2026
- 7/10/2026) MLV 26-2 Relocation: Highway
59 Widening (7/11/2026 - 7/29/2026)
Sta 25: Annual ESD Test (7/21/2026)
Station 47
(segment 143 FH)
1,343
1330
(13)
960
(383)
1330
(13)
1330
(13)
MLV 40-1D to MLV 47-1S:
Pig Run - Maintenance (7/14/2026) MLV 55-1 to MLV 56-1: PHMSA Immediate (5/11/2026 - 7/31/2026)
Sta 47: Station
Transformer Maintenance (7/13/2026 - 7/14/2026)
Station 63
(segment 163 FH)
1,242
1117
(125)
1117
(125)
901
(341)
901
(341)
MLV 54-3 to
MLV 106-3: Emergent Repair - CAO (2/26/2026
- 12/31/2026) MLV 77-3 to MLV
77-3A: Pipe Replacements (7/20/2026
- 7/27/2026)
Station 823
(segment 823 BH)
734
734
734
734
734
Station 834
(segment 834 BH)
683
683
683
683
600
(83)
Sta 834: Station
Outage (7/29/2026 - 7/31/2026)
MLV 516
Muskrat Line
(segment 516 FH)
241
100
(141)
241
241
241
Sta
523 to MLV 516: Pig Run - Chemical Cleaning / Gauge 7/6/26 to 7/10/26 (M) (7/6/2026 - 7/10/2026)
Sta 523 to MLV 516: Pig Run - MFL-A 7/11/26 (M) (7/11/2026)
Station 534 South of Pool (segment 530 BH)
1,550
1175
(375)
1528
(22)
1528
(22)
1528
(22)
Sta 529:
Unit 1A - Engine Inspection (7/7/2026) Sta 530: Unit 1A - Bearings (8/25/2025 - 12/31/2026)
Sta 530:
Unit 3A - Crankshaft Replacement (6/9/2025
- 12/31/2026) Sta 530: Unit 5A -
Top-End Overhaul (6/9/2025 -
12/31/2026)
Sta 534: Unit 6A - Piston Liner & Unloader Replacements (6/30/2025 -
7/10/2026)
MLV 548
(segment 542 BH)
1,647
1600
(47)
1600
(47)
1600
(47)
1600
(47)
MLV 539-2 to
MLV 540-2: Anomaly Remediation (7/9/2026
- 7/13/2026) Sta 542: Unit 2A -
Emergent Repair (4/7/2026 -
9/30/2026)
Sta 542: Unit 3A - Emergent Repair
(3/26/2026 - 8/31/2026)
Sta 546: Unit 7A - Metal
in Oil (7/14/2025 - 7/31/2026)
Station 860
(segment 548 BH)
1,593
1460
(133)
1390
(203)
1430
(163)
1460
(133)
MLV 557-3 to MLV 559-3:
Pig Runs - Cal / IMU & MFL-A 6/4/26
(7/16/2026)
MLV 557-3 to
MLV 559-3: Pig Runs - Cleaning / Gauge 6/2/26 (7/14/2026) Sta 555:
Scrubber/Filter/Separator Clean, Inspect & Filter Change (7/21/2026 -
7/22/2026)
Sta 555: Unit 1B - Hot Gas Path (7/6/2026 - 8/14/2026)
Station 860 North (Segment 860
BH)
1,874
1846
(28)
1846
(28)
1846
(28)
1846
(28)
Sta 860: Unit 1A - Aftercooler Jacket
Water Inspection (6/17/2025 - 12/31/2026)
Station 110
(segment 187 BH)
(south thru Kentucky)
2,685
1890
(795)
1930
(755)
2150
(535)
2150
(535)
MLV 104-1 to
MLV 105-1: Anomaly Remediation (7/13/2026
- 8/15/2026) MLV 107-7 to 110-7:
Valve Installation & Crossover Work (7/7/2026
- 7/27/2026)
MLV 109-4 to
110-4: Valve Installation & Crossover Work (7/28/2026 - 8/11/2026)
MLV 109-4 to
MLV 110-4: Pipe Replacement (7/28/2026
- 8/11/2026) MLV 109-7 to MLV
110-7: Pipe Replacement (7/7/2026 -
7/27/2026)
MLV 54-3 to
MLV 106-3: Emergent Repair - CAO (2/26/2026
- 12/31/2026) MLV 87-3 to MLV 96-3:
Pig Run - EMAT (7/21/2026)
MLV 87-3 to MLV 96-3: Pig Run - MDS (7/7/2026)
MLV 96-3BR to MLV 96-3BL: Spike Test (7/27/2026 - 8/31/2026)
Sta 106: C Building - Install Water Trech System (7/13/2026 - 7/17/2026) Sta
87: Unit 3D - Power side Overhaul (6/22/2026
- 9/30/2026)
Sta 871: Unit 1A - Power Cylinder (6/20/2026 - 7/10/2026) Sta 871: Unit 3A - Engine Maintenance (6/29/2026 - 7/17/2026) Sta
96 Campbellsville: Annual ESD Test (7/14/2026
- 7/15/2026)
Sta 96 Campbellsville: Annual
Substation Inspection (7/13/2026 - 7/16/2026)
Station 114
(segment 114 BH)
907
907
907
907
907
Station 204
(Segment 204 BH)
1,828
1775
(53)
1,828
1,828
1,828
MLV 202-1 to MLV 203-1: Anomaly Remediation (7/6/2026 - 7/11/2026)
-Primary
impact restrictions may be necessary
TGP - Outage
Impact Report
-Major impact restrictions may be necessary
July 2026 (updated
06/25/26)
-Minor impact restrictions may be necessary depending on flow
conditions
-Little to no impact, though
minor outages may cause incremental reductions
Station # / Lateral
Est Nominal Operating Capacity (Thousand Dth)
Week 1
(6/29 - 7/5)
Week 2
(7/6 - 7/12)
Week 3
(7/13 - 7/19)
Week 4
(7/20 - 7/26)
Week 5
(7/27 - 8/2)
Primary
Outage(s)
Est. Operational Capacity (Operational Impact) - Thousand Dth
Station 230C
(segment 296 FH)
743
743
370
(373)
743
743
Sta 230C: Annual
ESD (M) (7/13/2026 - 7/14/2026)
Station 237
(segment 237 FH)
1,006
1,006
1,006
1,006
780
(226)
MLV 237-1 to
MLV 245-1: Pig Run - Cleaning/Gauge (7/27/2026) MLV 237-1 to MLV 245-1: Pig Run - MFL-C (7/29/2026)
Station 245
(segment 245 FH)
986
970
(16)
760
(226)
970
(16)
970
(16)
Sta 245:
Unit 1A & 2A - Exhaust System & HP Fuel (4/27/2026 - 11/1/2026) Sta
245-1 to MLV 249-1: Pig Run - Cal/IMU (7/15/2026)
Sta 245-1 to
MLV 249-1: Pig Run - Gauge/Cleaning tool (7/14/2026) Sta 245-1 to MLV 249-1: Pig Run - MFL-C (7/16/2026)
MLV 256 West
(segment 249 FH)
1,203
1045
(158)
1,203
535
(668)
1,203
MLV 249-2 to
MLV 254-2: Gauge/Cleaning tool (7/20/2026) MLV 249-2 to MLV 254-2: Hardspot/Geo (7/23/2026)
MLV 249-2 to MLV 254-2:
MFL-A/IMU (7/21/2026)
MLV 253-1 to MLV 253-1R: Anomaly
Remediation (7/6/2026 - 7/10/2026)
Station 261 Discharge East (segment 261
FH)
888
888
888
888
888
Station 307
(segment 307 BH)
1,153
1,153
1,153
930
(223)
1115
(38)
Sta
219: Unit 1B - Protective Device Checks & GHG (7/20/2026 - 7/24/2026) Sta
219: Unit 1B - Save Air System (7/20/2026
- 7/31/2026)
Sta 307: Unit 1A -
Protective Device Checks (7/20/2026
- 7/24/2026) Sta 307: Unit 2A -
Protective Device Checks (7/20/2026
- 7/24/2026) Sta 307: Unit 3A -
Protective Device Checks (7/20/2026
- 7/24/2026) Sta 307: Unit 4A - Protective Device Checks (7/20/2026 - 7/24/2026)
Station 315
(segment 315 BH)
1,823
1,823
1,823
1,823
1,823
Station 321
(segment 321 FH)
2,102
2,102
2,102
1715
(387)
2,102
Sta 321: Station
Valves for ESD System (7/21/2026 - 7/23/2026)
MLV 324
(segment 324 FH)
1,767
1735
(32)
1,767
1,767
1450
(317)
Sta 325: Station Outage
(7/28/2026 - 7/30/2026)
Sta 325: Units
4A - Water Wash & Borescope (7/6/2026 - 7/7/2026)
Station 405 HC Line (segment 299
FH)
794
680
(114)
794
794
794
Sta 405A: Annual ESD Test / Filter
Scrubber (7/7/2026 - 7/9/2026)
This document is updated
on a weekly basis and outage schedules/impacts are subject to change as the week progresses. Dates posted on DART should be deemed
correct in the event of conflicts between DART posted dates and dates on this
report.
The impacts sheet are based on steady-state hydraulic models assuming
recent operating flows,
conditions, and various
unit outages.
-Primary
impact restrictions may be necessary
TGP - Outage
Impact Report
-Major impact restrictions may be necessary
August
2026 (updated 06/25/26)
-Minor impact
restrictions may be necessary depending on flow conditions
-Little to no impact, though
minor outages may cause incremental reductions
Station # / Lateral
Est Nominal Operating Capacity (Thousand Dth)
Week 1
(8/3 - 8/9)
Week 2
(8/10 - 8/16)
Week 3
(8/17 - 8/23)
Week 4
(8/24 - 8/30)
Primary Outage(s)
Est. Operational Capacity (Operational Impact) - Thousand Dth
Station 409 (Donna Line) (segment 490
FH)
564
564
564
564
564
Station 1
(segment 101 BH)
399
399
399
399
399
Station 9
(segment 109 BH)
1,027
985
(42)
945
(82)
945
(82)
1,027
MLV 11-1A to
MLV 11-1: Anomaly Remediation (8/3/2026
- 8/9/2026) MLV 13-1 to MLV 12-1: Anomaly
Remediation (8/10/2026 - 8/19/2026)
Station 17
(segment 117 FH)
1,122
1000
(122)
1100
(22)
1100
(22)
1100
(22)
MLV 19-1 TO
MLV 20-1A: Pipe Replacement (M) (8/6/2026 - 9/15/2026) MLV 19-3 TO MLV 20-3A:
Pipe Replacement (M) (7/6/2026 - 8/3/2026)
Station 25
(segment 125 FH)
1,078
925
(153)
925
(153)
925
(153)
1,078
MLV 26-3 Relocation: Highway 59 Widening (M) (8/3/2026 - 8/20/2026)
Station 47
(segment 143 FH)
1,343
1,343
1105
(238)
1,343
1,343
MLV 40-3D to
MLV 47-3S: Pig Run - Maintenance Cleaning (8/11/2026) MLV 40-4D to MLV 47-4S: Pig Run -
Maintenance (8/13/2026)
Station 63
(segment 163 FH)
1,242
1117
(125)
1117
(125)
1117
(125)
1117
(125)
MLV 54-3 to MLV 106-3:
Emergent Repair - CAO (2/26/2026 -
12/31/2026) MLV 82-2C to MLV 83-2:
Anomaly Remediation (8/3/2026 -
8/7/2026)
Station 823
(segment 823 BH)
734
734
734
734
734
Station 534 South of Pool (segment 530
BH)
1,550
1528
(22)
1528
(22)
1528
(22)
1528
(22)
Sta 530: Unit 1A - Bearings
(8/25/2025 - 12/31/2026)
Sta 530: Unit 3A - Crankshaft Replacement (6/9/2025 - 12/31/2026) Sta
530: Unit 5A - Top-End Overhaul (6/9/2025
- 12/31/2026)
MLV 548
(segment 542 BH)
1,647
1635
(12)
1635
(12)
1635
(12)
1240
(407)
Sta 542 Dekalb: Annual
ESD Test (8/25/2026 - 8/27/2026) Sta 542: Unit 2A - Emergent Repair
(4/7/2026 - 9/30/2026)
Sta 542: Unit 3A - Emergent Repair
(3/26/2026 - 8/31/2026)
Station 860
(segment 548 BH)
1,593
1460
(133)
1460
(133)
1,593
1,593
Sta 555: Unit 1B - Hot Gas Path (7/6/2026 - 8/14/2026)
Station 860 North (Segment 860
BH)
1,874
1846
(28)
1846
(28)
1846
(28)
1846
(28)
Sta 860: Unit 1A - Aftercooler Jacket Water Inspection (6/17/2025 - 12/31/2026)
Station 110
(segment 187 BH)
(south thru Kentucky)
2,685
2457
(228)
2470
(215)
2097
(588)
2050
(635)
MLV 104-1 to
MLV 105-1: Anomaly Remediation (7/13/2026
- 8/15/2026) MLV 109-4 to 110-4:
Valve Installation & Crossover Work (7/28/2026
- 8/11/2026)
MLV
109-4 to MLV 110-4: Pipe Replacement (7/28/2026
- 8/11/2026) MLV 109-5 to MLV
109-5A: Pipe Replacement (8/18/2026
- 9/1/2026) MLV 109-5A to MLV 110-5: Pipe Replacement (8/18/2026 - 9/1/2026)
MLV 54-3 to
MLV 106-3: Emergent Repair - CAO (2/26/2026
- 12/31/2026) MLV 96-3BR to MLV
96-3BL: Spike Test (7/27/2026 -
8/31/2026)
Sta 106:
Unit 1D - 4K Solar Turbine
Inspection (8/18/2026 - 8/20/2026) Sta 110: Install ESD Silence Covers (8/24/2026 - 8/28/2026)
Sta 87: Unit 3D - Power side Overhaul
(6/22/2026 - 9/30/2026) Sta 875: Unit 1A- 8K
Solar Turbine Inspection (8/17/2026
- 8/21/2026)
Sta 96: Unit 2D - Install Ball Grove Valve (8/3/2026 - 8/7/2026)
Station 114
(segment 114 BH)
907
907
393
(514)
393
(514)
393
(514)
MLV 117-3 to
MLV 118-3: Special Permit Pipe Replacement
(8/10/2026 - 8/31/2026)
MLV 119-2 to
MLV 119-2A: Special Permit Pipe Replacement
(8/10/2026 - 8/31/2026)
Sta 119A: Unit 1A - Solar Turbine Inspection (8/10/2026 - 8/12/2026)
Station 204
(Segment 204 BH)
1,828
1,828
1,828
1,828
1,828
Station 245
(segment 245 FH)
986
970
(16)
970
(16)
970
(16)
970
(16)
Sta 245: Unit 1A & 2A - Exhaust System
& HP Fuel (4/27/2026 - 11/1/2026)
Station 261 Discharge East (segment
261
FH)
888
888
888
888
888
Station 307
(segment 307 BH)
1,153
965
(188)
1,153
765
(388)
1,153
Sta 219: Annual ESD Test
& Scrubber Maintenance (8/17/2026
- 8/21/2026) Sta 307 (Pigeon):
Annual ESD Test & Maintenance (8/3/2026
- 8/7/2026)
-Primary impact restrictions may be necessary
TGP - Outage
Impact Report
-Major impact restrictions may be necessary
August
2026 (updated 06/25/26)
-Minor impact
restrictions may be necessary depending on flow conditions
-Little to no impact, though
minor outages may cause incremental reductions
Station # / Lateral
Est Nominal Operating Capacity (Thousand Dth)
Week 1
(8/3 - 8/9)
Week 2
(8/10 - 8/16)
Week 3
(8/17 - 8/23)
Week 4
(8/24 - 8/30)
Primary
Outage(s)
Est. Operational Capacity (Operational Impact) - Thousand Dth
Station 313 Discharge (segment 399
FH)
797
797
797
515
(282)
797
Sta 313 Coudersport: Annual ESD Test & Maintenance (8/17/2026 - 8/20/2026)
Station 315
(segment 315 BH)
1,823
1,823
1,823
1,823
1,823
Station 317
(segment 317 BH)
1,548
1,548
1,548
1,548
1345
(203)
Sta 317: Annual
ESD Test & Maintenance (8/24/2026 - 8/28/2026)
MLV 324
(segment 324 FH)
1,767
1,767
1,767
1,767
1700
(67)
MLV 324-1 to MLV 324-1A:
Anomaly Remediation (8/24/2026 - 8/29/2026)
Station 405 HC Line (segment 299
FH)
794
794
794
794
794
Station 224
(segment 224 FH)
388
388
388
388
280
(108)
Station 224: Scrubber
Inspections & Filter
Change (8/25/2026 - 8/26/2026)
This document is updated on a weekly
basis and outage
schedules/impacts are subject
to change as the week progresses.
Dates
posted on DART should be deemed correct
in the event of conflicts between DART posted
dates and dates on this report.
The impacts sheet are based on steady-state hydraulic models assuming recent operating flows,
conditions, and various
unit outages.
-Primary impact restrictions may be necessary
TGP - Outage
Impact Report
-Major impact restrictions may be necessary
September 2026 (updated 06/25/26)
-Minor impact
restrictions may be necessary depending on flow conditions
-Little to no impact, though
minor outages may cause incremental reductions
Station # / Lateral
Est Nominal Operating Capacity (Thousand Dth)
Week 1
(8/31 - 9/6)
Week 2
(9/7 - 9/13)
Week 3
(9/14 - 9/20)
Week 4
(9/21 - 9/27)
Primary Outage(s)
Est. Operational Capacity (Operational Impact) - Thousand Dth
Station 409A (Alamo)
(segment 492 FH)
274
274
125
(149)
274
274
MLV
409A-101.1 to MLV 409A-103: Pig Runs - Cleaning / Gauge (M) (9/7/2026) MLV 409A-101.1 to MLV 409A-103: Pig Runs
- Cleaning / Gauge (M) (9/8/2026) MLV
409A-101.1 to MLV 409A-103: Pig Runs - Cleaning / Gauge (M) (9/9/2026) MLV 409A-101.1 to MLV 409A-103: Pig Runs
- EMAT (M) (9/11/2026)
MLV 409A-101.1 to MLV 409A-103: Pig Runs - MFL-C (M) (9/10/2026)
Station 409 (Donna Line) (segment 490
FH)
564
505
(59)
505
(59)
505
(59)
505
(59)
MLV 409-1 to MLV 406-1:
Spike Test (9/1/2026 - 10/31/2026)
Station 1
(segment 101 BH)
399
300
(99)
300
(99)
300
(99)
300
(99)
MLV 1-1D to MLV 3-1:
Spike Test (M) (9/1/2026 - 9/21/2026) MLV 2-1 to MLV 4-1: Spike Test (M) (9/22/2026 - 10/12/2026)
Station 9
(segment 109 BH)
1,027
1,027
1,027
1,027
1,027
Station 17
(segment 117 FH)
1,122
1100
(22)
1100
(22)
1100
(22)
1,122
MLV 19-1 TO MLV 20-1A:
Pipe Replacement (M) (8/6/2026 - 9/15/2026)
Station 25
(segment 125 FH)
1,078
1,078
1,078
1,078
1,078
Station 47
(segment 143 FH)
1,343
1045
(298)
1045
(298)
1,343
1,343
MLV 47-4D to
MLV 54-4S: Pig Run - AFD Combo (M) (9/8/2026) MLV 47-4D to MLV 54-4S: Pig Run - EMAT (M) (9/10/2026)
MLV 47-4D to
MLV 54-4S: Pig Run - Gauge Cleaning (M) (8/31/2026) MLV 47-4D to MLV 54-4S: Pig Run - Gauge Cleaning (M)
(9/1/2026)
MLV 47-4D to MLV 54-4S: Pig Run - Gauge Cleaning
(M) (9/2/2026)
Station 63
(segment 163 FH)
1,242
1117
(125)
1117
(125)
1117
(125)
1117
(125)
MLV 54-3 to MLV 106-3:
Emergent Repair - CAO (2/26/2026 - 12/31/2026)
Station 823
(segment 823 BH)
734
734
734
734
734
Station 834
(segment 834 BH)
683
683
670
(13)
670
(13)
670
(13)
Sta 834: Unit 1A -
Replace Insulation Blanket (9/14/2026
- 9/15/2026) Sta 834: Unit 2A -
Replace Insulation Blanket (9/16/2026
- 9/17/2026) Sta 834: Unit 3A -
Replace Insulation Blanket (9/18/2026
- 9/19/2026) Sta 834: Unit 4A - Replace
Insulation Blanket (9/21/2026 - 9/22/2026)
Sta 834: Unit 4A - Replace
Lubrication System (9/7/2026 - 9/11/2026)
Station 534 South of Pool (segment 530
BH)
1,550
1528
(22)
1528
(22)
1528
(22)
1528
(22)
Sta 530: Unit 1A - Bearings
(8/25/2025 - 12/31/2026)
Sta 530: Unit 3A - Crankshaft Replacement (6/9/2025 - 12/31/2026) Sta
530: Unit 5A - Top-End Overhaul (6/9/2025
- 12/31/2026)
MLV 548
(segment 542 BH)
1,647
1635
(12)
1640
(7)
1640
(7)
1640
(7)
Sta 542: Unit 2A -
Emergent Repair (4/7/2026 -
9/30/2026) Sta 542: Unit 3A - Emergent
Repair (3/26/2026 - 8/31/2026)
Station 860
(segment 548 BH)
1,593
1580
(13)
786
(807)
1,593
1,593
MLV 546-2 to MLV 547-2: Line Recoat (9/8/2026 - 9/10/2026)
Sta 546: Annual ESD Tests
& Maintenance (9/7/2026 -
9/11/2026) Sta 555: Unit 4A -
Engine Maintenance (8/31/2026 -
9/5/2026)
Station 860 North (Segment 860 BH)
1,874
1846
(28)
1846
(28)
1530
(344)
1846
(28)
Sta 563:
Unit 1A - Annual Inspection & Safety Device Check (9/14/2026 - 9/16/2026)
Sta 563: Unit 2A - Annual Inspection/CAV (9/16/2026 - 9/18/2026)
Sta
860: Unit 1A - Aftercooler Jacket Water Inspection (6/17/2025 - 12/31/2026) Sta
860: Unit 1B - Replace Turbocharger (8/31/2026
- 9/4/2026)
Station 110
(segment 187 BH)
(south thru Kentucky)
2,685
2200
(485)
2534
(151)
2534
(151)
2534
(151)
MLV 104-3 to
MLV 106-3S: HDD at Kentucky River (9/2/2026
- 9/6/2026) MLV 109-3A to MLV
110-3: Pipe Replacement (9/8/2026 -
9/15/2026) MLV 109-5 to MLV 109-5A:
Pipe Replacement (8/18/2026 -
9/1/2026) MLV 109-5A to MLV 110-5:
Pipe Replacement (8/18/2026 -
9/1/2026)
MLV 54-3 to
MLV 106-3: Emergent Repair - CAO (2/26/2026
- 12/31/2026) MLV 96-3BR to MLV
96-3BL: Spike Test (7/27/2026 -
8/31/2026)
Sta 106:
Unit 2D - 4K Solar Turbine
Inspection (9/16/2026 - 9/18/2026) Sta 87: Unit 3D - Power side Overhaul (6/22/2026 - 9/30/2026)
Sta 871 Campbellsville: Annual
ESD Test (9/1/2026)
Station 114
(segment 114 BH)
907
393
(514)
907
772
(135)
907
MLV 117-3 to
MLV 118-3: Special Permit Pipe Replacement
(8/10/2026 - 8/31/2026)
MLV 119-2 to
MLV 119-2A: Special Permit Pipe Replacement
(8/10/2026 - 8/31/2026)
Sta 118A: Solar Turbine
Inspection (9/14/2026 - 9/16/2026)
-Primary impact restrictions may be necessary
TGP - Outage
Impact Report
-Major impact restrictions may be necessary
September 2026 (updated 06/25/26)
-Minor impact
restrictions may be necessary depending on flow conditions
-Little to no impact, though
minor outages may cause incremental reductions
Station # / Lateral
Est Nominal Operating Capacity (Thousand Dth)
Week 1
(8/31 - 9/6)
Week
2
(9/7 - 9/13)
Week 3
(9/14 - 9/20)
Week 4
(9/21 - 9/27)
Primary
Outage(s)
Est. Operational Capacity (Operational Impact) - Thousand Dth
Station 204
(Segment 204 BH)
1,828
1,828
1540
(288)
1760
(68)
1375
(453)
MLV 214-3 to MLV 219-3: Pig Run - Cal/IMU/MFL-A Combo (M) (9/17/2026)
MLV 214-3 to MLV 219-3: Pig Run - Gauge/Cleaning (M) (9/15/2026) Sta 200: Scrubber Filters (9/8/2026 - 9/10/2026)
Sta 204: Scrubber Filter Change (9/24/2026 - 9/26/2026)
Sta 209 Cambridge: Scrubber Filter (9/21/2026 - 9/23/2026)
Station 230C (segment 296
FH)
743
743
370
(373)
743
743
Sta 230C: Scrubber
/ Filter Inspection (M) (9/9/2026 - 9/10/2026)
Station 245
(segment 245 FH)
986
970
(16)
970
(16)
970
(16)
970
(16)
Sta 245: Unit 1A & 2A - Exhaust System
& HP Fuel (4/27/2026 - 11/1/2026)
Station 261 Discharge East (segment
261
FH)
888
888
888
888
560
(328)
Sta 264 Charlton: Annual ESD Test
(9/23/2026 - 9/24/2026)
Station 307
(segment 307 BH)
1,153
1,153
1,153
1,153
1,153
Station 313 Discharge (segment 399 FH)
797
797
220
(577)
220
(577)
797
MLV
313A-101A to MLV 313A-401: Anomaly Remediation (M) (9/7/2026 - 9/19/2026)
MLV
313A-101L to MLV 313A-101A: Anomaly Remediation (M) (9/7/2026 - 9/19/2026)
MLV 313A-403
to MLV 313A-404: Anomaly Remediation (M) (9/7/2026 - 9/19/2026)
MLV 313A-405A to MLV 313A-406: Anomaly Remediation (M) (9/7/2026 -
9/19/2026)
Station 315
(segment 315 BH)
1,823
1,823
1,823
1,823
1,823
Station 321
(segment 321 FH)
2,102
1850
(252)
2,102
2,102
2,102
MLV 321-1L to MLV 322-1:
Anomaly Remediation (8/31/2026 - 9/5/2026)
MLV 324
(segment 324 FH)
1,767
1,767
1,767
1,767
1,767
MLV 329
(segment 324 FH)
846
846
846
846
846
Station 405 HC Line (segment 299
FH)
794
794
794
794
794
This
document is updated
on a weekly basis and outage schedules/impacts are subject to change as the week progresses.
Dates
posted on DART should be deemed correct
in the event of conflicts between DART posted
dates and dates on this report.
The impacts sheet are based on steady-state hydraulic models assuming recent operating flows, conditions, and various unit outages.",2026-06-25T19:53:57.000000Z,2026-06-25T19:53:57.000000Z,2026-06-26T14:00:00.000000Z,1,2026-06-25T05:00:00.000000Z,c79e99b1354e8edd30b1cf3abe4fbe83ae10e868609813610ce07f8436c1299f,https://pipeline2.kindermorgan.com/Notices/NoticeDetail.aspx?code=TGP&notc_nbr=402329,data/raw/km_tgp_notice_detail/2026/08/28/c79e99b1354e8edd30b1cf3abe4fbe83ae10e868609813610ce07f8436c1299f.html,km_tgp_notice_detail:1787932459359984000:c79e99b1354e8edd30b1cf3abe4fbe83ae10e868609813610ce07f8436c1299f
TGP,402258,bff78f95343e67eb95094173bb77a78809216d3fe31e6cfdd23115f63e89ee3e,,True,False,2026-08-28T15:54:23.493233Z,MAINTENANCE,MAINTENANCE,INITIATE,,TGP Outage Impact Report,"-Primary
impact restrictions may be necessary
TGP - Outage
Impact Report
-Major
impact restrictions may be
necessary
Seven Day Forecast (updated 06/18/26)
-Minor impact restrictions may be necessary depending on flow conditions
-Little to no impact,
though minor outages
may cause incremental reductions
Station / Seg
Est Nominal
Operating Capacity (Thousand Dth)
Monday
(6/22)
Tuesday
(6/23)
Wednesday
(6/24)
Thursday
(6/25)
Friday
(6/26)
Saturday
(6/27)
Sunday
(6/28)
Primary Outage(s) that
may Impact Throughput
Est. Operational Capacity
(Operational Impact) - Thousand
Dth
Station 409
(Donna Line)
(segment 490 FH)
564
564
564
564
564
564
564
564
Station 1
(segment 101 BH)
399
399
399
399
399
399
399
399
Station 9
(segment 109 BH)
1,027
945
(82)
945
(82)
945
(82)
945
(82)
945
(82)
945
(82)
945
(82)
MLV 4-1 to MLV 5-1:
Emergent Repair (6/9/2026 - 7/1/2026)
Station 17
(segment 117 FH)
1,122
1104
(18)
1104
(18)
1104
(18)
1104
(18)
1104
(18)
1104
(18)
1,122
MLV 19-2
TO MLV 20-2A:
Pipe Replacement (M) (4/28/2026 - 6/27/2026)
Station 25
(segment 125 FH)
1,078
1055
(23)
1055
(23)
1055
(23)
1055
(23)
1055
(23)
1055
(23)
1055
(23)
MLV 26-1 Relocation: Highway 59 Widening (6/22/2026 - 7/10/2026)
Station 40 KN South (segment 501
FH)
267
267
267
267
200
(67)
267
267
267
Sta 500C1: Install 500 Line Indicator (6/25/2026)
Station 47
(segment 143 FH)
1,343
1330
(13)
1330
(13)
1330
(13)
1330
(13)
1330
(13)
1330
(13)
1330
(13)
MLV 55-1 to MLV 56-1:
PHMSA Immediate (5/11/2026 - 7/31/2026)
Station 63
(segment 163 FH)
1,242
1117
(125)
1117
(125)
1117
(125)
1117
(125)
1117
(125)
1117
(125)
1117
(125)
MLV 54-3
to MLV 106-3:
Emergent Repair - CAO (2/26/2026 - 12/31/2026)
Station 823
(segment 823 BH)
734
734
734
734
734
734
734
734
Station 834
(segment 834 BH)
683
683
683
590
(93)
590
(93)
590
(93)
683
683
Sta 834:
Scrubber Filter Changeout (6/24/2026 - 6/26/2026) Sta 834: Station Outage (6/24/2026
- 6/26/2026)
Station 534 South
of Pool (segment 530 BH)
1,550
985
(565)
985
(565)
985
(565)
985
(565)
985
(565)
1528
(22)
1528
(22)
MLV 533-2
to MLV 534-2:
Pipe Replacement (M) (6/4/2026 - 6/26/2026) Sta 530: Unit 1A - Bearings (8/25/2025 - 12/31/2026)
Sta 530:
Unit 3A - Crankshaft Replacement (6/9/2025 - 12/31/2026) Sta 530: Unit 5A - Top-End Overhaul (6/9/2025 - 12/31/2026)
Sta 534: Unit
6A - Piston Liner &
Unloader Replacements (6/30/2025 -
7/10/2026)
MLV 548
(segment 542 BH)
1,647
1600
(47)
1600
(47)
1600
(47)
1600
(47)
1600
(47)
1600
(47)
1600
(47)
Sta 542: Unit 2A - Emergent Repair (4/7/2026 - 8/31/2026)
Sta 542: Unit
3A - Emergent Repair (3/26/2026 - 7/31/2026) Sta 546: Unit 7A - Metal in Oil (7/14/2025 - 7/31/2026)
Station 860
(segment 548 BH)
1,593
1580
(13)
1580
(13)
1580
(13)
1580
(13)
1580
(13)
1580
(13)
1,593
Sta 555: Unit 4A - Engine Maintenance (6/22/2026 - 6/27/2026)
Station 860 North (Segment 860
BH)
1,874
1846
(28)
1846
(28)
1846
(28)
1846
(28)
1846
(28)
1846
(28)
1846
(28)
Sta 860: Unit 1A - Aftercooler Jacket Water Inspection (6/17/2025 - 12/31/2026)
Station 110
(segment 187 BH)
(south thru
Kentucky)
2,685
2415
(270)
2415
(270)
2415
(270)
2415
(270)
2415
(270)
2534
(151)
2534
(151)
MLV 54-3
to MLV 106-3:
Emergent Repair - CAO (2/26/2026 - 12/31/2026) Sta 87: Unit 3D - Power side Overhaul (6/22/2026 - 9/30/2026)
Sta 871 Campbellsville: Annual ESD Test (6/25/2026)
Sta
871: Unit 3A - Engine
Crankshaft Inspection (8/22/2025 - 6/26/2026)
Station 114
(segment 114 BH)
907
907
907
907
907
907
907
907
Station 204
(Segment 204 BH)
1,828
1790
(38)
1790
(38)
1790
(38)
1790
(38)
1790
(38)
1790
(38)
1790
(38)
MLV 206-2 to MLV 207-2:
Anomaly Remediation (6/22/2026 - 7/2/2026)
Station 219 to
Station 224
(Segment 219 FH)
539
539
140
(399)
539
539
539
539
539
MLV 219-1D to MLV 224-1:
Pig Run - Maintenance (6/23/2026)
Station 245
(segment 245 FH)
986
830
(156)
830
(156)
830
(156)
830
(156)
830
(156)
970
(16)
970
(16)
Sta 245: Unit 1A & 2A - Exhaust
System & HP Fuel (4/27/2026 - 11/1/2026)
Sta
249: Unit 2B - 25k Overhaul (6/1/2026 - 6/26/2026)
Station 261 Discharge East (segment 261
FH)
888
888
888
888
888
888
888
888
Station 307
(segment 307 BH)
1,153
1,153
1,153
1,153
1,153
1,153
1,153
1,153
Station 315
(segment 315 BH)
1,823
1,823
1,823
1,823
1,823
1,823
1,823
1,823
MLV 324
(segment 324 FH)
1,767
1,767
1,767
1,767
1,767
1,767
1,767
1,767
Cranston Lateral South
(segment 281
FH)
187
150
(37)
150
(37)
150
(37)
187
187
187
187
MLV 265E-101.1 to MLV 265E-104: PIG RUNS - Cal/IMU (M) (6/23/2026) ; MLV
265E-101.1
to MLV 265E-104: PIG RUNS - Gauge/Cleaning tool (M) (6/22/2026) ; MLV 265E-101.1 to MLV 265E-104: PIG RUNS - MFL-A (M) (6/24/2026)
Station 405 HC Line
(segment 299
FH)
794
794
794
794
794
794
794
794
This
document is updated
on a weekly basis and outage schedules/impacts are subject to change as the week progresses.
Dates
posted on DART should be deemed correct
in the event
of conflicts between DART posted dates
and dates on this report.
The
impacts sheet are based on steady-state hydraulic models assuming recent
operating flows, conditions, and various unit
outages.
-Primary
impact restrictions may be necessary
TGP - Outage
Impact Report
-Major impact restrictions may be necessary
July 2026 (updated
06/18/26)
-Minor impact restrictions may be necessary depending on flow
conditions
-Little to no impact, though
minor outages may cause incremental reductions
Station # / Lateral
Est Nominal Operating Capacity (Thousand Dth)
Week 1
(6/29 - 7/5)
Week 2
(7/6 - 7/12)
Week 3
(7/13 - 7/19)
Week 4
(7/20 - 7/26)
Week 5
(7/27 - 8/2)
Primary
Outage(s)
Est. Operational Capacity (Operational Impact) - Thousand Dth
Station 409 (Donna
Line) (segment 490
FH)
564
564
564
564
564
564
Station 1
(segment 101 BH)
399
399
399
399
399
399
Station 9
(segment 109 BH)
1,027
945
(82)
1,027
640
(387)
640
(387)
1015
(12)
MLV 4-1 to MLV 5-1: Emergent Repair
(6/9/2026 - 7/1/2026) MLV 5-2 to MLV 1-2D: Pig Run - Cleaning Gauge (M) (7/13/2026) MLV 5-2 to MLV 1-2D: Pig Run - Cleaning
Gauge (M) (7/14/2026) MLV 5-2 to
MLV 1-2D: Pig Run - Cleaning Gauge (M) (7/15/2026) MLV 5-2 to MLV 1-2D: Pig Run - Cleaning Gauge (M) (7/16/2026) MLV 5-2 to MLV 1-2D: Pig Run - Cleaning
Gauge (M) (7/17/2026) MLV 5-2 to
MLV 1-2D: Pig Run - TDW MDS (M) (7/21/2026)
MLV 9-1D to MLV 10-1: Anomaly
Remediation (7/27/2026 - 8/2/2026)
Station 17
(segment 117 FH)
1,122
1000
(122)
1000
(122)
1000
(122)
1000
(122)
1000
(122)
MLV 17-3DL to MLV 18-3A:
Anomaly Remediation (7/1/2026 -
7/7/2026) MLV 19-3 TO MLV 20-3A: Pipe Replacement (M) (7/1/2026 - 7/31/2026)
Station 25
(segment 125 FH)
1,078
1055
(23)
1055
(23)
1070
(8)
955
(123)
1070
(8)
MLV 25-2 to MLV 26-2: Pipe Replacement
(7/11/2026 - 7/29/2026) MLV
26-1 Relocation: Highway 59 Widening (6/22/2026
- 7/10/2026) MLV 26-2 Relocation: Highway
59 Widening (7/11/2026 - 7/29/2026)
Sta 25: Annual ESD Test (7/21/2026)
Station 47
(segment 143 FH)
1,343
1330
(13)
1330
(13)
1020
(323)
1330
(13)
1330
(13)
MLV 55-1 to MLV 56-1: PHMSA Immediate (5/11/2026 - 7/31/2026)
Sta 47: Station Transformer Maintenance (7/13/2026 - 7/14/2026)
Station 63
(segment 163 FH)
1,242
1117
(125)
1117
(125)
1117
(125)
901
(341)
901
(341)
MLV 54-3 to
MLV 106-3: Emergent Repair - CAO (2/26/2026
- 12/31/2026) MLV 77-3 to MLV
77-3A: Pipe Replacements (7/20/2026
- 7/27/2026)
Station 823
(segment 823 BH)
734
734
734
734
734
734
Station 823 Muskrat
Line (segment 509
BH)
231
130
(101)
231
231
231
231
Sta 823 to MLV 516: Pig Run - Maintenance (M) (6/30/2026)
MLV 516
Muskrat Line
(segment 516 FH)
241
241
100
(141)
241
241
241
Sta 523 to
MLV 516: Pig Run - Chemical Cleaning / Gauge 7/6/26 to 7/10/26 (M) (7/6/2026 - 7/10/2026)
Sta 523 to MLV 516: Pig Run - MFL-A 7/11/26 (M) (7/11/2026)
Station 534 South of Pool (segment 530 BH)
1,550
1528
(22)
1528
(22)
1528
(22)
1528
(22)
1528
(22)
Sta 530: Unit 1A - Bearings
(8/25/2025 - 12/31/2026)
Sta
530: Unit 3A - Crankshaft Replacement (6/9/2025
- 12/31/2026) Sta 530: Unit 5A -
Top-End Overhaul (6/9/2025 -
12/31/2026)
Sta 534: Unit 6A - Piston Liner & Unloader Replacements (6/30/2025 -
7/10/2026)
MLV 548
(segment 542 BH)
1,647
1600
(47)
1600
(47)
1600
(47)
1600
(47)
1600
(47)
MLV 539-2 to
MLV 540-2: Anomaly Remediation (7/9/2026
- 7/13/2026) Sta 542: Unit 2A -
Emergent Repair (4/7/2026 -
8/31/2026)
Sta 542: Unit 3A - Emergent Repair
(3/26/2026 - 7/31/2026)
Sta 546: Unit 7A - Metal
in Oil (7/14/2025 - 7/31/2026)
Station 860
(segment 548 BH)
1,593
1,593
1,593
1585
(8)
1430
(163)
1,593
MLV 557-3 to MLV 559-3:
Pig Runs - Cal / IMU & MFL-A 6/4/26
(7/16/2026)
MLV 557-3 to
MLV 559-3: Pig Runs - Cleaning / Gauge 6/2/26 (7/14/2026) Sta 555:
Scrubber/Filter/Separator Clean, Inspect & Filter Change (7/21/2026 -
7/22/2026)
Station 860 North (Segment 860
BH)
1,874
1846
(28)
1846
(28)
1846
(28)
1846
(28)
1846
(28)
Sta 860: Unit 1A - Aftercooler Jacket
Water Inspection (6/17/2025 - 12/31/2026)
Station 110
(segment 187 BH)
(south thru Kentucky)
2,685
2534
(151)
2280
(405)
2098
(587)
2150
(535)
2150
(535)
MLV 104-1 to
MLV 105-1: Anomaly Remediation (7/13/2026
- 8/15/2026) MLV 107-7 to 110-7:
Valve Installation & Crossover Work (7/7/2026
- 7/27/2026)
MLV 109-4 to
110-4: Valve Installation & Crossover Work (7/28/2026 - 8/11/2026)
MLV 109-4 to
MLV 110-4: Pipe Replacement (7/28/2026
- 8/11/2026) MLV 109-7 to MLV
110-7: Pipe Replacement (7/7/2026 -
7/27/2026)
MLV 54-3 to
MLV 106-3: Emergent Repair - CAO (2/26/2026
- 12/31/2026) MLV 87-3 to MLV 96-3:
Pig Run - EMAT (7/21/2026)
MLV 87-3 to MLV 96-3: Pig Run - MDS (7/7/2026)
MLV 96-3BR to MLV 96-3BL:
Spike Test (7/27/2026 - 8/31/2026)
Sta 106: C Building - Install Water Trech System (7/13/2026 - 7/17/2026) Sta
87: Unit 3D - Power side Overhaul (6/22/2026
- 9/30/2026)
Sta 96 Campbellsville: Annual ESD Test (7/14/2026 - 7/15/2026)
Sta
96 Campbellsville: Annual Substation Inspection (7/13/2026 - 7/16/2026) Sta
96: Unit 2D Replace Compressor Valves (7/5/2026
- 7/9/2026)
Station 114
(segment 114 BH)
907
600
(307)
907
907
907
907
Sta 114: Unit 1D - Solar Turbine
Inspection (6/29/2026 - 7/1/2026)
Station 204
(Segment 204 BH)
1,828
1790
(38)
1,828
1,828
1,828
1,828
MLV 206-2 to MLV 207-2:
Anomaly Remediation (6/22/2026 - 7/2/2026)
TGP - Outage Impact Report July
2026 (updated 06/18/26)
-Primary
impact restrictions may be necessary
-Major impact restrictions may be necessary
-Minor impact restrictions may be necessary depending on flow
conditions
-Little to no impact, though
minor outages may cause incremental reductions
Station # / Lateral
Est Nominal Operating Capacity (Thousand Dth)
Week 1
(6/29 - 7/5)
Week 2
(7/6 - 7/12)
Week 3
(7/13 - 7/19)
Week 4
(7/20 - 7/26)
Week 5
(7/27 - 8/2)
Primary
Outage(s)
Est. Operational Capacity (Operational Impact) - Thousand Dth
Station 230C
(segment 296 FH)
743
743
743
370
(373)
743
743
Sta 230C: Annual
ESD (M) (7/13/2026 - 7/14/2026)
Station 237
(segment 237 FH)
1,006
1,006
1,006
1,006
1,006
780
(226)
MLV 237-1 to
MLV 245-1: Pig Run - Cleaning/Gauge (7/27/2026) MLV 237-1 to MLV 245-1: Pig Run - MFL-C (7/29/2026)
Station 245
(segment 245 FH)
986
970
(16)
970
(16)
760
(226)
970
(16)
970
(16)
Sta 245:
Unit 1A & 2A - Exhaust System & HP Fuel (4/27/2026 - 11/1/2026) Sta
245-1 to MLV 249-1: Pig Run - Cal/IMU (7/15/2026)
Sta 245-1 to
MLV 249-1: Pig Run - Gauge/Cleaning tool (7/14/2026) Sta 245-1 to MLV 249-1: Pig Run - MFL-C (7/16/2026)
MLV 256 West
(segment 249 FH)
1,203
1,203
1,203
1,203
535
(668)
1,203
MLV 249-2 to
MLV 254-2: Gauge/Cleaning tool (7/20/2026) MLV 249-2 to MLV 254-2: Hardspot/Geo (7/23/2026)
MLV 249-2 to MLV 254-2: MFL-A/IMU (7/21/2026)
Station 261 Discharge East (segment 261
FH)
888
560
(328)
888
888
888
888
Sta 264 Charlton: Controls Upgrade (6/29/2026 - 6/30/2026)
Station 307
(segment 307 BH)
1,153
1,153
775
(378)
775
(378)
930
(223)
1115
(38)
MLV
302-2 to MLV 303-2: Anomaly Remediation (7/7/2026
- 7/18/2026) Sta 219: Unit 1B - Protective Device Checks & GHG (7/20/2026 - 7/24/2026)
Sta 219: Unit 1B - Save Air System (7/20/2026 - 7/31/2026)
Sta 307:
Unit 1A - Protective Device Checks (7/20/2026
- 7/24/2026) Sta 307: Unit 2A -
Protective Device Checks (7/20/2026
- 7/24/2026) Sta 307: Unit 3A -
Protective Device Checks (7/20/2026
- 7/24/2026) Sta 307: Unit 4A - Protective Device Checks (7/20/2026 - 7/24/2026)
Station 313 Discharge (segment 399
FH)
797
720
(77)
797
797
797
797
Sta 313: Unit 1C - Substation Inspection (6/30/2026 - 7/1/2026)
Station 315
(segment 315 BH)
1,823
1,823
1,823
1,823
1,823
1,823
Station 321
(segment 321 FH)
2,102
2,102
2,102
2,102
1715
(387)
2,102
Sta 321: Station
Valves for ESD System (7/21/2026 - 7/23/2026)
MLV 324
(segment 324 FH)
1,767
1,767
1735
(32)
1,767
1,767
1450
(317)
Sta 325: Station Outage
(7/28/2026 - 7/30/2026)
Sta 325: Units
4A - Water Wash & Borescope (7/6/2026 - 7/7/2026)
Station 405 HC Line (segment 299
FH)
794
794
680
(114)
794
794
794
Sta 405A: Annual ESD Test / Filter
Scrubber (7/7/2026 - 7/9/2026)
This document is updated
on a weekly basis and outage schedules/impacts are subject to change as the week progresses. Dates posted on DART should be deemed
correct in the event of conflicts between DART posted dates and dates on this
report.
The impacts sheet are based on steady-state hydraulic models assuming
recent operating flows,
conditions, and various
unit outages.
-Primary
impact restrictions may be necessary
TGP - Outage
Impact Report
-Major impact restrictions may be necessary
August
2026 (updated 06/18/26)
-Minor impact
restrictions may be necessary depending on flow conditions
-Little to no impact, though
minor outages may cause incremental reductions
Station # / Lateral
Est Nominal Operating Capacity (Thousand Dth)
Week 1
(8/3 - 8/9)
Week 2
(8/10 - 8/16)
Week 3
(8/17 - 8/23)
Week 4
(8/24 - 8/30)
Primary Outage(s)
Est. Operational Capacity (Operational Impact) - Thousand Dth
Station 409 (Donna Line) (segment 490
FH)
564
564
564
564
564
Station 1
(segment 101 BH)
399
399
399
399
399
Station 9
(segment 109 BH)
1,027
985
(42)
945
(82)
945
(82)
1,027
MLV 11-1A to MLV 11-1:
Anomaly Remediation (8/3/2026 -
8/9/2026) MLV 13-1 to MLV 12-1: Anomaly
Remediation (8/10/2026 - 8/19/2026)
Station 17
(segment 117 FH)
1,122
1100
(22)
1100
(22)
1100
(22)
1100
(22)
MLV 19-1 TO MLV 20-1A:
Pipe Replacement (M) (8/4/2026 - 9/12/2026)
Station 25
(segment 125 FH)
1,078
925
(153)
925
(153)
925
(153)
1,078
MLV 26-3 Relocation: Highway 59 Widening (M) (8/3/2026 - 8/20/2026)
Station 47
(segment 143 FH)
1,343
1255
(88)
1105
(238)
1,343
1,343
MLV 40-1D to MLV 47-1S: Pig Run - Maintenance (8/4/2026)
MLV 40-3D to MLV 47-3S: Pig
Run - Maintenance Cleaning (8/11/2026) MLV 40-4D to MLV 47-4S: Pig Run -
Maintenance (8/13/2026)
Station 63
(segment 163 FH)
1,242
1117
(125)
1117
(125)
1117
(125)
1117
(125)
MLV 54-3 to MLV 106-3:
Emergent Repair - CAO (2/26/2026 -
12/31/2026) MLV 82-2C to MLV 83-2:
Anomaly Remediation (8/3/2026 -
8/7/2026)
Station 823
(segment 823 BH)
734
734
734
734
734
Station 534 South of Pool (segment 530
BH)
1,550
1528
(22)
1528
(22)
1528
(22)
1528
(22)
Sta 530: Unit 1A - Bearings
(8/25/2025 - 12/31/2026)
Sta 530: Unit 3A - Crankshaft Replacement (6/9/2025 - 12/31/2026) Sta
530: Unit 5A - Top-End Overhaul (6/9/2025
- 12/31/2026)
MLV 548
(segment 542 BH)
1,647
1640
(7)
1640
(7)
1640
(7)
1235
(412)
Sta 542 Dekalb: Annual
ESD Test (8/25/2026 - 8/27/2026) Sta 542: Unit 2A - Emergent Repair
(4/7/2026 - 8/31/2026)
Station 860
(segment 548 BH)
1,593
1,593
1,593
1,593
1,593
Station 860 North (Segment 860
BH)
1,874
1846
(28)
1846
(28)
1846
(28)
1846
(28)
Sta 860: Unit 1A - Aftercooler Jacket Water Inspection (6/17/2025 - 12/31/2026)
Station 110
(segment 187 BH)
(south thru Kentucky)
2,685
2457
(228)
2470
(215)
2308
(377)
2050
(635)
MLV 104-1 to
MLV 105-1: Anomaly Remediation (7/13/2026
- 8/15/2026) MLV 109-4 to 110-4:
Valve Installation & Crossover Work (7/28/2026
- 8/11/2026)
MLV
109-4 to MLV 110-4: Pipe Replacement (7/28/2026
- 8/11/2026) MLV 109-5 to MLV
109-5A: Pipe Replacement (8/18/2026
- 9/1/2026) MLV 109-5A to MLV 110-5: Pipe Replacement (8/18/2026 - 9/1/2026)
MLV 54-3 to
MLV 106-3: Emergent Repair - CAO (2/26/2026
- 12/31/2026) MLV 96-3BR to MLV
96-3BL: Spike Test (7/27/2026 -
8/31/2026)
Sta 110: Install ESD Silence Covers (8/24/2026
- 8/28/2026) Sta 87: Unit 3D -
Power side Overhaul (6/22/2026 -
9/30/2026)
Sta 875: Unit 1A- 8K Solar Turbine
Inspection (8/17/2026 - 8/21/2026)
Sta 96: Unit 2D - Install
Ball Grove Valve (8/3/2026 - 8/7/2026)
Station 114
(segment 114 BH)
907
907
393
(514)
393
(514)
393
(514)
MLV 117-3 to
MLV 118-3: Special Permit Pipe Replacement
(8/10/2026 - 8/31/2026)
MLV 119-2 to
MLV 119-2A: Special Permit Pipe Replacement
(8/10/2026 - 8/31/2026)
Sta 119A: Unit 1A - Solar Turbine Inspection (8/10/2026 - 8/12/2026)
Station 204
(Segment 204 BH)
1,828
1,828
1,828
1,828
1,828
Station 245
(segment 245 FH)
986
970
(16)
970
(16)
970
(16)
970
(16)
Sta 245: Unit 1A & 2A - Exhaust System
& HP Fuel (4/27/2026 - 11/1/2026)
Station 261 Discharge East (segment
261
FH)
888
888
888
888
888
Station 307
(segment 307 BH)
1,153
965
(188)
1,153
765
(388)
1,153
Sta 219: Annual ESD Test
& Scrubber Maintenance (8/17/2026
- 8/21/2026) Sta 307 (Pigeon):
Annual ESD Test & Maintenance (8/3/2026
- 8/7/2026)
Station 313 Discharge (segment 399
FH)
797
797
797
500
(297)
797
Sta 313 Coudersport: Annual ESD Test & Maintenance (8/17/2026 - 8/20/2026)
-Primary impact restrictions may be necessary
TGP - Outage
Impact Report
-Major impact restrictions may be necessary
August
2026 (updated 06/18/26)
-Minor impact
restrictions may be necessary depending on flow conditions
-Little to no impact, though
minor outages may cause incremental reductions
Station # / Lateral
Est Nominal Operating Capacity (Thousand Dth)
Week 1
(8/3 - 8/9)
Week 2
(8/10 - 8/16)
Week 3
(8/17 - 8/23)
Week 4
(8/24 - 8/30)
Primary
Outage(s)
Est. Operational Capacity (Operational Impact) - Thousand Dth
Station 315
(segment 315 BH)
1,823
1,823
1,823
1,823
1,823
Station 317
(segment 317 BH)
1,548
1,548
1,548
1,548
1345
(203)
Sta 317: Annual
ESD Test & Maintenance (8/24/2026 - 8/28/2026)
MLV 324
(segment 324 FH)
1,767
1,767
1,767
1,767
1,767
Station 405 HC Line (segment 299
FH)
794
794
794
794
794
Station 224
(segment 224 FH)
388
388
388
388
280
(108)
Station 224: Scrubber
Inspections & Filter
Change (8/25/2026 - 8/26/2026)
This document is updated on a weekly
basis and outage
schedules/impacts are subject
to change as the week progresses.
Dates
posted on DART should be deemed correct
in the event of conflicts between DART posted
dates and dates on this report.
The impacts sheet are based on steady-state hydraulic models assuming recent operating flows,
conditions, and various
unit outages.
-Primary
impact restrictions may be necessary
TGP - Outage
Impact Report
-Major impact restrictions may be necessary
September 2026 (updated 06/18/26)
-Minor impact
restrictions may be necessary depending on flow conditions
-Little to no impact, though
minor outages may cause incremental reductions
Station # / Lateral
Est Nominal Operating Capacity (Thousand Dth)
Week 1
(8/31 - 9/6)
Week 2
(9/7 - 9/13)
Week 3
(9/14 - 9/20)
Week 4
(9/21 - 9/27)
Primary Outage(s)
Est. Operational Capacity (Operational Impact) - Thousand Dth
Station 409A (Alamo)
(segment 492 FH)
274
274
125
(149)
274
274
MLV
409A-101.1 to MLV 409A-103: Pig Runs - Cleaning / Gauge (M) (9/7/2026) MLV 409A-101.1 to MLV 409A-103: Pig Runs
- Cleaning / Gauge (M) (9/8/2026) MLV
409A-101.1 to MLV 409A-103: Pig Runs - Cleaning / Gauge (M) (9/9/2026) MLV 409A-101.1 to MLV 409A-103: Pig Runs
- EMAT (M) (9/11/2026)
MLV 409A-101.1 to MLV 409A-103: Pig Runs - MFL-C (M) (9/10/2026)
Station 1
(segment 101 BH)
399
300
(99)
300
(99)
300
(99)
300
(99)
MLV 1-1D to MLV 3-1:
Spike Test (M) (9/1/2026 - 9/21/2026) MLV 2-1 to MLV 4-1: Spike Test (M) (9/22/2026 - 10/12/2026)
Station 9
(segment 109 BH)
1,027
1,027
1,027
1,027
1,027
Station 17
(segment 117 FH)
1,122
1100
(22)
1100
(22)
1,122
1,122
MLV 19-1 TO MLV 20-1A:
Pipe Replacement (M) (8/4/2026 - 9/12/2026)
Station 25
(segment 125 FH)
1,078
1,078
1,078
1,078
1,078
Station 47
(segment 143 FH)
1,343
1045
(298)
1045
(298)
1285
(58)
1,343
MLV 47-4D to
MLV 54-4S: Pig Run - AFD Combo (M) (9/8/2026) MLV 47-4D to MLV 54-4S: Pig Run - EMAT (M) (9/10/2026)
MLV 47-4D to
MLV 54-4S: Pig Run - Gauge Cleaning (M) (8/31/2026) MLV 47-4D to MLV 54-4S: Pig Run - Gauge Cleaning (M)
(9/1/2026) MLV 47-4D to MLV 54-4S:
Pig Run - Gauge Cleaning (M) (9/2/2026)
Sta 47: Unit 1E - Solar Seal Gas System
Filtration Install (9/14/2026 - 9/18/2026)
Station 63
(segment 163 FH)
1,242
1117
(125)
1117
(125)
1117
(125)
1117
(125)
MLV 54-3 to MLV 106-3:
Emergent Repair - CAO (2/26/2026 - 12/31/2026)
Station 823
(segment 823 BH)
734
734
734
734
734
Station 834
(segment 834 BH)
683
683
670
(13)
670
(13)
670
(13)
Sta 834: Unit 1A -
Replace Insulation Blanket (9/14/2026
- 9/15/2026) Sta 834: Unit 2A -
Replace Insulation Blanket (9/16/2026
- 9/17/2026) Sta 834: Unit 3A -
Replace Insulation Blanket (9/18/2026
- 9/19/2026) Sta 834: Unit 4A - Replace
Insulation Blanket (9/21/2026 - 9/22/2026)
Sta 834: Unit 4A - Replace
Lubrication System (9/7/2026 - 9/11/2026)
Station 534 South of Pool (segment 530
BH)
1,550
1528
(22)
1528
(22)
1528
(22)
1528
(22)
Sta 530: Unit 1A - Bearings
(8/25/2025 - 12/31/2026)
Sta 530: Unit 3A - Crankshaft Replacement (6/9/2025 - 12/31/2026) Sta
530: Unit 5A - Top-End Overhaul (6/9/2025
- 12/31/2026)
MLV 548
(segment 542 BH)
1,647
1640
(7)
1,647
1,647
1,647
Sta 542: Unit 2A - Emergent Repair
(4/7/2026 - 8/31/2026)
Station 860
(segment 548 BH)
1,593
1,593
786
(807)
1,593
1,593
MLV 546-2 to MLV 547-2: Line Recoat (9/8/2026 - 9/10/2026)
Sta 546: Annual
ESD Tests & Maintenance (9/7/2026 - 9/11/2026)
Station 860 North (Segment 860 BH)
1,874
1846
(28)
1846
(28)
1530
(344)
1846
(28)
Sta 563:
Unit 1A - Annual Inspection & Safety Device Check (9/15/2026 - 9/16/2026)
Sta 563: Unit 2A - Annual Inspection/CAV (9/16/2026 - 9/17/2026)
Sta 860: Unit 1A - Aftercooler Jacket Water Inspection (6/17/2025 - 12/31/2026)
Station 110
(segment 187 BH)
(south thru Kentucky)
2,685
2534
(151)
2534
(151)
2534
(151)
2200
(485)
MLV 104-3 to MLV 106-3S:
HDD at Kentucky River (9/21/2026 -
9/25/2026) MLV 109-3A to MLV 110-3:
Pipe Replacement (9/8/2026 -
9/15/2026) MLV 109-5 to MLV 109-5A:
Pipe Replacement (8/18/2026 -
9/1/2026) MLV 109-5A to MLV 110-5:
Pipe Replacement (8/18/2026 -
9/1/2026)
MLV 54-3 to
MLV 106-3: Emergent Repair - CAO (2/26/2026
- 12/31/2026) MLV 96-3BR to MLV
96-3BL: Spike Test (7/27/2026 -
8/31/2026)
Sta 106: Unit 2D - 4K Solar Turbine Inspection (9/22/2026 - 9/24/2026)
Sta 87: Unit 3D - Power side Overhaul
(6/22/2026 - 9/30/2026)
Station 114
(segment 114 BH)
907
393
(514)
907
772
(135)
907
MLV 117-3 to
MLV 118-3: Special Permit Pipe Replacement
(8/10/2026 - 8/31/2026)
MLV 119-2 to
MLV 119-2A: Special Permit Pipe Replacement
(8/10/2026 - 8/31/2026)
Sta 118A: Solar Turbine
Inspection (9/14/2026 - 9/16/2026)
Station 204
(Segment 204 BH)
1,828
1,828
1540
(288)
1760
(68)
1375
(453)
MLV 214-3 to MLV 219-3: Pig Run - Cal/IMU/MFL-A Combo (M) (9/17/2026)
MLV 214-3 to MLV 219-3: Pig Run - Gauge/Cleaning (M) (9/15/2026) Sta 200: Scrubber Filters (9/8/2026 - 9/10/2026)
Sta 204: Scrubber Filter Change (9/24/2026 - 9/26/2026)
Sta 209 Cambridge: Scrubber Filter (9/21/2026 - 9/23/2026)
-Primary impact restrictions may be necessary
TGP - Outage
Impact Report
-Major impact restrictions may be necessary
September 2026 (updated 06/18/26)
-Minor impact
restrictions may be necessary depending on flow conditions
-Little to no impact, though
minor outages may cause incremental reductions
Station # / Lateral
Est Nominal Operating Capacity (Thousand Dth)
Week 1
(8/31 - 9/6)
Week
2
(9/7 - 9/13)
Week 3
(9/14 - 9/20)
Week 4
(9/21 - 9/27)
Primary
Outage(s)
Est. Operational Capacity (Operational Impact) - Thousand Dth
Station 230C (segment 296
FH)
743
743
370
(373)
743
743
Sta 230C: Scrubber
/ Filter Inspection (M) (9/9/2026 - 9/10/2026)
Station 245
(segment 245 FH)
986
970
(16)
970
(16)
970
(16)
970
(16)
Sta 245: Unit 1A & 2A - Exhaust System
& HP Fuel (4/27/2026 - 11/1/2026)
Station 261 Discharge East (segment
261
FH)
888
888
888
888
560
(328)
Sta 264 Charlton: Annual ESD Test
(9/23/2026 - 9/24/2026)
Station 307
(segment 307 BH)
1,153
1,153
1,153
1,153
1,153
Station 315
(segment 315 BH)
1,823
1,823
1,823
1,823
1,823
MLV 324
(segment 324 FH)
1,767
1,767
1,767
1,767
1,767
MLV 329
(segment 324 FH)
846
846
846
846
846
Station 405 HC Line (segment 299
FH)
794
794
794
794
794
This
document is updated
on a weekly basis and outage schedules/impacts are subject to change as the week progresses.
Dates
posted on DART should be deemed correct
in the event of conflicts between DART posted
dates and dates on this report.
The impacts sheet are based on steady-state hydraulic models assuming recent operating flows, conditions, and various unit outages.",2026-06-22T13:16:52.000000Z,2026-06-22T13:16:52.000000Z,2026-06-23T14:00:00.000000Z,1,2026-06-22T05:00:00.000000Z,bff78f95343e67eb95094173bb77a78809216d3fe31e6cfdd23115f63e89ee3e,https://pipeline2.kindermorgan.com/Notices/NoticeDetail.aspx?code=TGP&notc_nbr=402258,data/raw/km_tgp_notice_detail/2026/08/28/bff78f95343e67eb95094173bb77a78809216d3fe31e6cfdd23115f63e89ee3e.html,km_tgp_notice_detail:1787932463493233000:bff78f95343e67eb95094173bb77a78809216d3fe31e6cfdd23115f63e89ee3e
TGP,402178,83900cffdb5d97175dcc8eb62976ef019cb8290e856cfd61c6554cc047d18ef5,,True,False,2026-08-28T15:54:27.394996Z,MAINTENANCE,MAINTENANCE,INITIATE,,TGP Outage Impact Report,"-Primary
impact restrictions may be necessary
TGP - Outage
Impact Report
-Major
impact restrictions may be
necessary
Seven Day Forecast (updated 06/18/26)
-Minor impact restrictions may be necessary depending on flow conditions
-Little to no impact,
though minor outages
may cause incremental reductions
Station / Seg
Est Nominal
Operating Capacity (Thousand Dth)
Monday
(6/22)
Tuesday
(6/23)
Wednesday
(6/24)
Thursday
(6/25)
Friday
(6/26)
Saturday
(6/27)
Sunday
(6/28)
Primary Outage(s) that
may Impact Throughput
Est. Operational Capacity
(Operational Impact) - Thousand
Dth
Station 409
(Donna Line)
(segment 490 FH)
564
564
564
564
564
564
564
564
Station 1
(segment 101 BH)
399
399
399
399
399
399
399
399
Station 9
(segment 109 BH)
1,027
945
(82)
945
(82)
945
(82)
945
(82)
945
(82)
945
(82)
945
(82)
MLV 4-1 to MLV 5-1:
Emergent Repair (6/9/2026 - 7/1/2026)
Station 17
(segment 117 FH)
1,122
1104
(18)
1104
(18)
1104
(18)
1104
(18)
1104
(18)
1104
(18)
1,122
MLV 19-2
TO MLV 20-2A:
Pipe Replacement (M) (4/28/2026 - 6/27/2026)
Station 25
(segment 125 FH)
1,078
1055
(23)
1055
(23)
1055
(23)
1055
(23)
1055
(23)
1055
(23)
1055
(23)
MLV 26-1 Relocation: Highway 59 Widening (6/22/2026 - 7/10/2026)
Station 40 KN South (segment 501
FH)
267
267
267
267
200
(67)
267
267
267
Sta 500C1: Install 500 Line Indicator (6/25/2026)
Station 47
(segment 143 FH)
1,343
1330
(13)
1330
(13)
1330
(13)
1330
(13)
1330
(13)
1330
(13)
1330
(13)
MLV 55-1 to MLV 56-1:
PHMSA Immediate (5/11/2026 - 7/31/2026)
Station 63
(segment 163 FH)
1,242
1117
(125)
1117
(125)
1117
(125)
1117
(125)
1117
(125)
1117
(125)
1117
(125)
MLV 54-3
to MLV 106-3:
Emergent Repair - CAO (2/26/2026 - 12/31/2026)
Station 823
(segment 823 BH)
734
734
734
734
734
734
734
734
Station 834
(segment 834 BH)
683
683
683
590
(93)
590
(93)
590
(93)
683
683
Sta 834:
Scrubber Filter Changeout (6/24/2026 - 6/26/2026) Sta 834: Station Outage (6/24/2026
- 6/26/2026)
Station 534 South
of Pool (segment 530 BH)
1,550
985
(565)
985
(565)
985
(565)
985
(565)
985
(565)
1528
(22)
1528
(22)
MLV 533-2
to MLV 534-2:
Pipe Replacement (M) (6/4/2026 - 6/26/2026) Sta 530: Unit 1A - Bearings (8/25/2025 - 12/31/2026)
Sta 530:
Unit 3A - Crankshaft Replacement (6/9/2025 - 12/31/2026) Sta 530: Unit 5A - Top-End Overhaul (6/9/2025 - 12/31/2026)
Sta 534: Unit
6A - Piston Liner &
Unloader Replacements (6/30/2025 -
7/10/2026)
MLV 548
(segment 542 BH)
1,647
1600
(47)
1600
(47)
1600
(47)
1600
(47)
1600
(47)
1600
(47)
1600
(47)
Sta 542: Unit 2A - Emergent Repair (4/7/2026 - 8/31/2026)
Sta 542: Unit
3A - Emergent Repair (3/26/2026 - 7/31/2026) Sta 546: Unit 7A - Metal in Oil (7/14/2025 - 7/31/2026)
Station 860
(segment 548 BH)
1,593
1580
(13)
1580
(13)
1580
(13)
1580
(13)
1580
(13)
1580
(13)
1,593
Sta 555: Unit 4A - Engine Maintenance (6/22/2026 - 6/27/2026)
Station 860 North (Segment 860
BH)
1,874
1846
(28)
1846
(28)
1846
(28)
1846
(28)
1846
(28)
1846
(28)
1846
(28)
Sta 860: Unit 1A - Aftercooler Jacket Water Inspection (6/17/2025 - 12/31/2026)
Station 110
(segment 187 BH)
(south thru
Kentucky)
2,685
2415
(270)
2415
(270)
2415
(270)
2415
(270)
2415
(270)
2534
(151)
2534
(151)
MLV 54-3
to MLV 106-3:
Emergent Repair - CAO (2/26/2026 - 12/31/2026) Sta 87: Unit 3D - Power side Overhaul (6/22/2026 - 9/30/2026)
Sta 871 Campbellsville: Annual ESD Test (6/25/2026)
Sta
871: Unit 3A - Engine
Crankshaft Inspection (8/22/2025 - 6/26/2026)
Station 114
(segment 114 BH)
907
907
907
907
907
907
907
907
Station 204
(Segment 204 BH)
1,828
1790
(38)
1790
(38)
1790
(38)
1790
(38)
1790
(38)
1790
(38)
1790
(38)
MLV 206-2 to MLV 207-2:
Anomaly Remediation (6/22/2026 - 7/2/2026)
Station 219 to
Station 224
(Segment 219 FH)
539
539
140
(399)
539
539
539
539
539
MLV 219-1D to MLV 224-1:
Pig Run - Maintenance (6/23/2026)
Station 245
(segment 245 FH)
986
830
(156)
830
(156)
830
(156)
830
(156)
830
(156)
970
(16)
970
(16)
Sta 245: Unit 1A & 2A - Exhaust
System & HP Fuel (4/27/2026 - 11/1/2026)
Sta
249: Unit 2B - 25k Overhaul (6/1/2026 - 6/26/2026)
Station 261 Discharge East (segment 261
FH)
888
888
888
888
888
888
888
888
Station 307
(segment 307 BH)
1,153
1,153
1,153
1,153
1,153
1,153
1,153
1,153
Station 315
(segment 315 BH)
1,823
1,823
1,823
1,823
1,823
1,823
1,823
1,823
MLV 324
(segment 324 FH)
1,767
1,767
1,767
1,767
1,767
1,767
1,767
1,767
Cranston Lateral South
(segment 281
FH)
187
150
(37)
150
(37)
150
(37)
187
187
187
187
MLV 265E-101.1 to MLV 265E-104: PIG RUNS - Cal/IMU (M) (6/23/2026) ; MLV
265E-101.1
to MLV 265E-104: PIG RUNS - Gauge/Cleaning tool (M) (6/22/2026) ; MLV 265E-101.1 to MLV 265E-104: PIG RUNS - MFL-A (M) (6/24/2026)
Station 405 HC Line
(segment 299
FH)
794
794
794
794
794
794
794
794
This
document is updated
on a weekly basis and outage schedules/impacts are subject to change as the week progresses.
Dates
posted on DART should be deemed correct
in the event
of conflicts between DART posted dates
and dates on this report.
The
impacts sheet are based on steady-state hydraulic models assuming recent
operating flows, conditions, and various unit
outages.
-Primary
impact restrictions may be necessary
TGP - Outage
Impact Report
-Major impact restrictions may be necessary
July 2026 (updated
06/18/26)
-Minor impact restrictions may be necessary depending on flow
conditions
-Little to no impact, though
minor outages may cause incremental reductions
Station # / Lateral
Est Nominal Operating Capacity (Thousand Dth)
Week 1
(6/29 - 7/5)
Week 2
(7/6 - 7/12)
Week 3
(7/13 - 7/19)
Week 4
(7/20 - 7/26)
Week 5
(7/27 - 8/2)
Primary
Outage(s)
Est. Operational Capacity (Operational Impact) - Thousand Dth
Station 409 (Donna
Line) (segment 490
FH)
564
564
564
564
564
564
Station 1
(segment 101 BH)
399
399
399
399
399
399
Station 9
(segment 109 BH)
1,027
945
(82)
1,027
640
(387)
640
(387)
1015
(12)
MLV 4-1 to MLV 5-1: Emergent Repair
(6/9/2026 - 7/1/2026) MLV 5-2 to MLV 1-2D: Pig Run - Cleaning Gauge (M) (7/13/2026) MLV 5-2 to MLV 1-2D: Pig Run - Cleaning
Gauge (M) (7/14/2026) MLV 5-2 to
MLV 1-2D: Pig Run - Cleaning Gauge (M) (7/15/2026) MLV 5-2 to MLV 1-2D: Pig Run - Cleaning Gauge (M) (7/16/2026) MLV 5-2 to MLV 1-2D: Pig Run - Cleaning
Gauge (M) (7/17/2026) MLV 5-2 to
MLV 1-2D: Pig Run - TDW MDS (M) (7/21/2026)
MLV 9-1D to MLV 10-1: Anomaly
Remediation (7/27/2026 - 8/2/2026)
Station 17
(segment 117 FH)
1,122
1000
(122)
1000
(122)
1000
(122)
1000
(122)
1000
(122)
MLV 17-3DL to MLV 18-3A:
Anomaly Remediation (7/1/2026 -
7/7/2026) MLV 19-3 TO MLV 20-3A: Pipe Replacement (M) (7/1/2026 - 7/31/2026)
Station 25
(segment 125 FH)
1,078
1055
(23)
1055
(23)
1070
(8)
955
(123)
1070
(8)
MLV 25-2 to MLV 26-2: Pipe Replacement
(7/11/2026 - 7/29/2026) MLV
26-1 Relocation: Highway 59 Widening (6/22/2026
- 7/10/2026) MLV 26-2 Relocation: Highway
59 Widening (7/11/2026 - 7/29/2026)
Sta 25: Annual ESD Test (7/21/2026)
Station 47
(segment 143 FH)
1,343
1330
(13)
1330
(13)
1020
(323)
1330
(13)
1330
(13)
MLV 55-1 to MLV 56-1: PHMSA Immediate (5/11/2026 - 7/31/2026)
Sta 47: Station Transformer Maintenance (7/13/2026 - 7/14/2026)
Station 63
(segment 163 FH)
1,242
1117
(125)
1117
(125)
1117
(125)
901
(341)
901
(341)
MLV 54-3 to
MLV 106-3: Emergent Repair - CAO (2/26/2026
- 12/31/2026) MLV 77-3 to MLV
77-3A: Pipe Replacements (7/20/2026
- 7/27/2026)
Station 823
(segment 823 BH)
734
734
734
734
734
734
Station 823 Muskrat
Line (segment 509
BH)
231
130
(101)
231
231
231
231
Sta 823 to MLV 516: Pig Run - Maintenance (M) (6/30/2026)
MLV 516
Muskrat Line
(segment 516 FH)
241
241
100
(141)
241
241
241
Sta 523 to
MLV 516: Pig Run - Chemical Cleaning / Gauge 7/6/26 to 7/10/26 (M) (7/6/2026 - 7/10/2026)
Sta 523 to MLV 516: Pig Run - MFL-A 7/11/26 (M) (7/11/2026)
Station 534 South of Pool (segment 530 BH)
1,550
1528
(22)
1528
(22)
1528
(22)
1528
(22)
1528
(22)
Sta 530: Unit 1A - Bearings
(8/25/2025 - 12/31/2026)
Sta
530: Unit 3A - Crankshaft Replacement (6/9/2025
- 12/31/2026) Sta 530: Unit 5A -
Top-End Overhaul (6/9/2025 -
12/31/2026)
Sta 534: Unit 6A - Piston Liner & Unloader Replacements (6/30/2025 -
7/10/2026)
MLV 548
(segment 542 BH)
1,647
1600
(47)
1600
(47)
1600
(47)
1600
(47)
1600
(47)
MLV 539-2 to
MLV 540-2: Anomaly Remediation (7/9/2026
- 7/13/2026) Sta 542: Unit 2A -
Emergent Repair (4/7/2026 -
8/31/2026)
Sta 542: Unit 3A - Emergent Repair
(3/26/2026 - 7/31/2026)
Sta 546: Unit 7A - Metal
in Oil (7/14/2025 - 7/31/2026)
Station 860
(segment 548 BH)
1,593
1,593
1,593
1585
(8)
1430
(163)
1,593
MLV 557-3 to MLV 559-3:
Pig Runs - Cal / IMU & MFL-A 6/4/26
(7/16/2026)
MLV 557-3 to
MLV 559-3: Pig Runs - Cleaning / Gauge 6/2/26 (7/14/2026) Sta 555:
Scrubber/Filter/Separator Clean, Inspect & Filter Change (7/21/2026 -
7/22/2026)
Station 860 North (Segment 860
BH)
1,874
1846
(28)
1846
(28)
1846
(28)
1846
(28)
1846
(28)
Sta 860: Unit 1A - Aftercooler Jacket
Water Inspection (6/17/2025 - 12/31/2026)
Station 110
(segment 187 BH)
(south thru Kentucky)
2,685
2534
(151)
2280
(405)
2098
(587)
2150
(535)
2150
(535)
MLV 104-1 to
MLV 105-1: Anomaly Remediation (7/13/2026
- 8/15/2026) MLV 107-7 to 110-7:
Valve Installation & Crossover Work (7/7/2026
- 7/27/2026)
MLV 109-4 to
110-4: Valve Installation & Crossover Work (7/28/2026 - 8/11/2026)
MLV 109-4 to
MLV 110-4: Pipe Replacement (7/28/2026
- 8/11/2026) MLV 109-7 to MLV
110-7: Pipe Replacement (7/7/2026 -
7/27/2026)
MLV 54-3 to
MLV 106-3: Emergent Repair - CAO (2/26/2026
- 12/31/2026) MLV 87-3 to MLV 96-3:
Pig Run - EMAT (7/21/2026)
MLV 87-3 to MLV 96-3: Pig Run - MDS (7/7/2026)
MLV 96-3BR to MLV 96-3BL:
Spike Test (7/27/2026 - 8/31/2026)
Sta 106: C Building - Install Water Trech System (7/13/2026 - 7/17/2026) Sta
87: Unit 3D - Power side Overhaul (6/22/2026
- 9/30/2026)
Sta 96 Campbellsville: Annual ESD Test (7/14/2026 - 7/15/2026)
Sta
96 Campbellsville: Annual Substation Inspection (7/13/2026 - 7/16/2026) Sta
96: Unit 2D Replace Compressor Valves (7/5/2026
- 7/9/2026)
Station 114
(segment 114 BH)
907
600
(307)
907
907
907
907
Sta 114: Unit 1D - Solar Turbine
Inspection (6/29/2026 - 7/1/2026)
Station 204
(Segment 204 BH)
1,828
1790
(38)
1,828
1,828
1,828
1,828
MLV 206-2 to MLV 207-2:
Anomaly Remediation (6/22/2026 - 7/2/2026)
TGP - Outage Impact Report July
2026 (updated 06/18/26)
-Primary
impact restrictions may be necessary
-Major impact restrictions may be necessary
-Minor impact restrictions may be necessary depending on flow
conditions
-Little to no impact, though
minor outages may cause incremental reductions
Station # / Lateral
Est Nominal Operating Capacity (Thousand Dth)
Week 1
(6/29 - 7/5)
Week 2
(7/6 - 7/12)
Week 3
(7/13 - 7/19)
Week 4
(7/20 - 7/26)
Week 5
(7/27 - 8/2)
Primary
Outage(s)
Est. Operational Capacity (Operational Impact) - Thousand Dth
Station 230C
(segment 296 FH)
743
743
743
370
(373)
743
743
Sta 230C: Annual
ESD (M) (7/13/2026 - 7/14/2026)
Station 237
(segment 237 FH)
1,006
1,006
1,006
1,006
1,006
780
(226)
MLV 237-1 to
MLV 245-1: Pig Run - Cleaning/Gauge (7/27/2026) MLV 237-1 to MLV 245-1: Pig Run - MFL-C (7/29/2026)
Station 245
(segment 245 FH)
986
970
(16)
970
(16)
760
(226)
970
(16)
970
(16)
Sta 245:
Unit 1A & 2A - Exhaust System & HP Fuel (4/27/2026 - 11/1/2026) Sta
245-1 to MLV 249-1: Pig Run - Cal/IMU (7/15/2026)
Sta 245-1 to
MLV 249-1: Pig Run - Gauge/Cleaning tool (7/14/2026) Sta 245-1 to MLV 249-1: Pig Run - MFL-C (7/16/2026)
MLV 256 West
(segment 249 FH)
1,203
1,203
1,203
1,203
535
(668)
1,203
MLV 249-2 to
MLV 254-2: Gauge/Cleaning tool (7/20/2026) MLV 249-2 to MLV 254-2: Hardspot/Geo (7/23/2026)
MLV 249-2 to MLV 254-2: MFL-A/IMU (7/21/2026)
Station 261 Discharge East (segment 261
FH)
888
560
(328)
888
888
888
888
Sta 264 Charlton: Controls Upgrade (6/29/2026 - 6/30/2026)
Station 307
(segment 307 BH)
1,153
1,153
775
(378)
775
(378)
930
(223)
1115
(38)
MLV
302-2 to MLV 303-2: Anomaly Remediation (7/7/2026
- 7/18/2026) Sta 219: Unit 1B - Protective Device Checks & GHG (7/20/2026 - 7/24/2026)
Sta 219: Unit 1B - Save Air System (7/20/2026 - 7/31/2026)
Sta 307:
Unit 1A - Protective Device Checks (7/20/2026
- 7/24/2026) Sta 307: Unit 2A -
Protective Device Checks (7/20/2026
- 7/24/2026) Sta 307: Unit 3A -
Protective Device Checks (7/20/2026
- 7/24/2026) Sta 307: Unit 4A - Protective Device Checks (7/20/2026 - 7/24/2026)
Station 313 Discharge (segment 399
FH)
797
720
(77)
797
797
797
797
Sta 313: Unit 1C - Substation Inspection (6/30/2026 - 7/1/2026)
Station 315
(segment 315 BH)
1,823
1,823
1,823
1,823
1,823
1,823
Station 321
(segment 321 FH)
2,102
2,102
2,102
2,102
1715
(387)
2,102
Sta 321: Station
Valves for ESD System (7/21/2026 - 7/23/2026)
MLV 324
(segment 324 FH)
1,767
1,767
1735
(32)
1,767
1,767
1450
(317)
Sta 325: Station Outage
(7/28/2026 - 7/30/2026)
Sta 325: Units
4A - Water Wash & Borescope (7/6/2026 - 7/7/2026)
Station 405 HC Line (segment 299
FH)
794
794
680
(114)
794
794
794
Sta 405A: Annual ESD Test / Filter
Scrubber (7/7/2026 - 7/9/2026)
This document is updated
on a weekly basis and outage schedules/impacts are subject to change as the week progresses. Dates posted on DART should be deemed
correct in the event of conflicts between DART posted dates and dates on this
report.
The impacts sheet are based on steady-state hydraulic models assuming
recent operating flows,
conditions, and various
unit outages.
-Primary
impact restrictions may be necessary
TGP - Outage
Impact Report
-Major impact restrictions may be necessary
August
2026 (updated 06/18/26)
-Minor impact
restrictions may be necessary depending on flow conditions
-Little to no impact, though
minor outages may cause incremental reductions
Station # / Lateral
Est Nominal Operating Capacity (Thousand Dth)
Week 1
(8/3 - 8/9)
Week 2
(8/10 - 8/16)
Week 3
(8/17 - 8/23)
Week 4
(8/24 - 8/30)
Primary Outage(s)
Est. Operational Capacity (Operational Impact) - Thousand Dth
Station 409 (Donna Line) (segment 490
FH)
564
564
564
564
564
Station 1
(segment 101 BH)
399
399
399
399
399
Station 9
(segment 109 BH)
1,027
985
(42)
945
(82)
945
(82)
1,027
MLV 11-1A to MLV 11-1:
Anomaly Remediation (8/3/2026 -
8/9/2026) MLV 13-1 to MLV 12-1: Anomaly
Remediation (8/10/2026 - 8/19/2026)
Station 17
(segment 117 FH)
1,122
1100
(22)
1100
(22)
1100
(22)
1100
(22)
MLV 19-1 TO MLV 20-1A:
Pipe Replacement (M) (8/4/2026 - 9/12/2026)
Station 25
(segment 125 FH)
1,078
925
(153)
925
(153)
925
(153)
1,078
MLV 26-3 Relocation: Highway 59 Widening (M) (8/3/2026 - 8/20/2026)
Station 47
(segment 143 FH)
1,343
1255
(88)
1105
(238)
1,343
1,343
MLV 40-1D to MLV 47-1S: Pig Run - Maintenance (8/4/2026)
MLV 40-3D to MLV 47-3S: Pig
Run - Maintenance Cleaning (8/11/2026) MLV 40-4D to MLV 47-4S: Pig Run -
Maintenance (8/13/2026)
Station 63
(segment 163 FH)
1,242
1117
(125)
1117
(125)
1117
(125)
1117
(125)
MLV 54-3 to MLV 106-3:
Emergent Repair - CAO (2/26/2026 -
12/31/2026) MLV 82-2C to MLV 83-2:
Anomaly Remediation (8/3/2026 -
8/7/2026)
Station 823
(segment 823 BH)
734
734
734
734
734
Station 534 South of Pool (segment 530
BH)
1,550
1528
(22)
1528
(22)
1528
(22)
1528
(22)
Sta 530: Unit 1A - Bearings
(8/25/2025 - 12/31/2026)
Sta 530: Unit 3A - Crankshaft Replacement (6/9/2025 - 12/31/2026) Sta
530: Unit 5A - Top-End Overhaul (6/9/2025
- 12/31/2026)
MLV 548
(segment 542 BH)
1,647
1640
(7)
1640
(7)
1640
(7)
1235
(412)
Sta 542 Dekalb: Annual
ESD Test (8/25/2026 - 8/27/2026) Sta 542: Unit 2A - Emergent Repair
(4/7/2026 - 8/31/2026)
Station 860
(segment 548 BH)
1,593
1,593
1,593
1,593
1,593
Station 860 North (Segment 860
BH)
1,874
1846
(28)
1846
(28)
1846
(28)
1846
(28)
Sta 860: Unit 1A - Aftercooler Jacket Water Inspection (6/17/2025 - 12/31/2026)
Station 110
(segment 187 BH)
(south thru Kentucky)
2,685
2457
(228)
2470
(215)
2308
(377)
2050
(635)
MLV 104-1 to
MLV 105-1: Anomaly Remediation (7/13/2026
- 8/15/2026) MLV 109-4 to 110-4:
Valve Installation & Crossover Work (7/28/2026
- 8/11/2026)
MLV
109-4 to MLV 110-4: Pipe Replacement (7/28/2026
- 8/11/2026) MLV 109-5 to MLV
109-5A: Pipe Replacement (8/18/2026
- 9/1/2026) MLV 109-5A to MLV 110-5: Pipe Replacement (8/18/2026 - 9/1/2026)
MLV 54-3 to
MLV 106-3: Emergent Repair - CAO (2/26/2026
- 12/31/2026) MLV 96-3BR to MLV
96-3BL: Spike Test (7/27/2026 -
8/31/2026)
Sta 110: Install ESD Silence Covers (8/24/2026
- 8/28/2026) Sta 87: Unit 3D -
Power side Overhaul (6/22/2026 -
9/30/2026)
Sta 875: Unit 1A- 8K Solar Turbine
Inspection (8/17/2026 - 8/21/2026)
Sta 96: Unit 2D - Install
Ball Grove Valve (8/3/2026 - 8/7/2026)
Station 114
(segment 114 BH)
907
907
393
(514)
393
(514)
393
(514)
MLV 117-3 to
MLV 118-3: Special Permit Pipe Replacement
(8/10/2026 - 8/31/2026)
MLV 119-2 to
MLV 119-2A: Special Permit Pipe Replacement
(8/10/2026 - 8/31/2026)
Sta 119A: Unit 1A - Solar Turbine Inspection (8/10/2026 - 8/12/2026)
Station 204
(Segment 204 BH)
1,828
1,828
1,828
1,828
1,828
Station 245
(segment 245 FH)
986
970
(16)
970
(16)
970
(16)
970
(16)
Sta 245: Unit 1A & 2A - Exhaust System
& HP Fuel (4/27/2026 - 11/1/2026)
Station 261 Discharge East (segment
261
FH)
888
888
888
888
888
Station 307
(segment 307 BH)
1,153
965
(188)
1,153
765
(388)
1,153
Sta 219: Annual ESD Test
& Scrubber Maintenance (8/17/2026
- 8/21/2026) Sta 307 (Pigeon):
Annual ESD Test & Maintenance (8/3/2026
- 8/7/2026)
Station 313 Discharge (segment 399
FH)
797
797
797
500
(297)
797
Sta 313 Coudersport: Annual ESD Test & Maintenance (8/17/2026 - 8/20/2026)
-Primary impact restrictions may be necessary
TGP - Outage
Impact Report
-Major impact restrictions may be necessary
August
2026 (updated 06/18/26)
-Minor impact
restrictions may be necessary depending on flow conditions
-Little to no impact, though
minor outages may cause incremental reductions
Station # / Lateral
Est Nominal Operating Capacity (Thousand Dth)
Week 1
(8/3 - 8/9)
Week 2
(8/10 - 8/16)
Week 3
(8/17 - 8/23)
Week 4
(8/24 - 8/30)
Primary
Outage(s)
Est. Operational Capacity (Operational Impact) - Thousand Dth
Station 315
(segment 315 BH)
1,823
1,823
1,823
1,823
1,823
Station 317
(segment 317 BH)
1,548
1,548
1,548
1,548
1345
(203)
Sta 317: Annual
ESD Test & Maintenance (8/24/2026 - 8/28/2026)
MLV 324
(segment 324 FH)
1,767
1,767
1,767
1,767
1,767
Station 405 HC Line (segment 299
FH)
794
794
794
794
794
Station 224
(segment 224 FH)
388
388
388
388
280
(108)
Station 224: Scrubber
Inspections & Filter
Change (8/25/2026 - 8/26/2026)
This document is updated on a weekly
basis and outage
schedules/impacts are subject
to change as the week progresses.
Dates
posted on DART should be deemed correct
in the event of conflicts between DART posted
dates and dates on this report.
The impacts sheet are based on steady-state hydraulic models assuming recent operating flows,
conditions, and various
unit outages.
-Primary
impact restrictions may be necessary
TGP - Outage
Impact Report
-Major impact restrictions may be necessary
September 2026 (updated 06/18/26)
-Minor impact
restrictions may be necessary depending on flow conditions
-Little to no impact, though
minor outages may cause incremental reductions
Station # / Lateral
Est Nominal Operating Capacity (Thousand Dth)
Week 1
(8/31 - 9/6)
Week 2
(9/7 - 9/13)
Week 3
(9/14 - 9/20)
Week 4
(9/21 - 9/27)
Primary Outage(s)
Est. Operational Capacity (Operational Impact) - Thousand Dth
Station 409A (Alamo)
(segment 492 FH)
274
274
125
(149)
274
274
MLV
409A-101.1 to MLV 409A-103: Pig Runs - Cleaning / Gauge (M) (9/7/2026) MLV 409A-101.1 to MLV 409A-103: Pig Runs
- Cleaning / Gauge (M) (9/8/2026) MLV
409A-101.1 to MLV 409A-103: Pig Runs - Cleaning / Gauge (M) (9/9/2026) MLV 409A-101.1 to MLV 409A-103: Pig Runs
- EMAT (M) (9/11/2026)
MLV 409A-101.1 to MLV 409A-103: Pig Runs - MFL-C (M) (9/10/2026)
Station 1
(segment 101 BH)
399
300
(99)
300
(99)
300
(99)
300
(99)
MLV 1-1D to MLV 3-1:
Spike Test (M) (9/1/2026 - 9/21/2026) MLV 2-1 to MLV 4-1: Spike Test (M) (9/22/2026 - 10/12/2026)
Station 9
(segment 109 BH)
1,027
1,027
1,027
1,027
1,027
Station 17
(segment 117 FH)
1,122
1100
(22)
1100
(22)
1,122
1,122
MLV 19-1 TO MLV 20-1A:
Pipe Replacement (M) (8/4/2026 - 9/12/2026)
Station 25
(segment 125 FH)
1,078
1,078
1,078
1,078
1,078
Station 47
(segment 143 FH)
1,343
1045
(298)
1045
(298)
1285
(58)
1,343
MLV 47-4D to
MLV 54-4S: Pig Run - AFD Combo (M) (9/8/2026) MLV 47-4D to MLV 54-4S: Pig Run - EMAT (M) (9/10/2026)
MLV 47-4D to
MLV 54-4S: Pig Run - Gauge Cleaning (M) (8/31/2026) MLV 47-4D to MLV 54-4S: Pig Run - Gauge Cleaning (M)
(9/1/2026) MLV 47-4D to MLV 54-4S:
Pig Run - Gauge Cleaning (M) (9/2/2026)
Sta 47: Unit 1E - Solar Seal Gas System
Filtration Install (9/14/2026 - 9/18/2026)
Station 63
(segment 163 FH)
1,242
1117
(125)
1117
(125)
1117
(125)
1117
(125)
MLV 54-3 to MLV 106-3:
Emergent Repair - CAO (2/26/2026 - 12/31/2026)
Station 823
(segment 823 BH)
734
734
734
734
734
Station 834
(segment 834 BH)
683
683
670
(13)
670
(13)
670
(13)
Sta 834: Unit 1A -
Replace Insulation Blanket (9/14/2026
- 9/15/2026) Sta 834: Unit 2A -
Replace Insulation Blanket (9/16/2026
- 9/17/2026) Sta 834: Unit 3A -
Replace Insulation Blanket (9/18/2026
- 9/19/2026) Sta 834: Unit 4A - Replace
Insulation Blanket (9/21/2026 - 9/22/2026)
Sta 834: Unit 4A - Replace
Lubrication System (9/7/2026 - 9/11/2026)
Station 534 South of Pool (segment 530
BH)
1,550
1528
(22)
1528
(22)
1528
(22)
1528
(22)
Sta 530: Unit 1A - Bearings
(8/25/2025 - 12/31/2026)
Sta 530: Unit 3A - Crankshaft Replacement (6/9/2025 - 12/31/2026) Sta
530: Unit 5A - Top-End Overhaul (6/9/2025
- 12/31/2026)
MLV 548
(segment 542 BH)
1,647
1640
(7)
1,647
1,647
1,647
Sta 542: Unit 2A - Emergent Repair
(4/7/2026 - 8/31/2026)
Station 860
(segment 548 BH)
1,593
1,593
786
(807)
1,593
1,593
MLV 546-2 to MLV 547-2: Line Recoat (9/8/2026 - 9/10/2026)
Sta 546: Annual
ESD Tests & Maintenance (9/7/2026 - 9/11/2026)
Station 860 North (Segment 860 BH)
1,874
1846
(28)
1846
(28)
1530
(344)
1846
(28)
Sta 563:
Unit 1A - Annual Inspection & Safety Device Check (9/15/2026 - 9/16/2026)
Sta 563: Unit 2A - Annual Inspection/CAV (9/16/2026 - 9/17/2026)
Sta 860: Unit 1A - Aftercooler Jacket Water Inspection (6/17/2025 - 12/31/2026)
Station 110
(segment 187 BH)
(south thru Kentucky)
2,685
2534
(151)
2534
(151)
2534
(151)
2200
(485)
MLV 104-3 to MLV 106-3S:
HDD at Kentucky River (9/21/2026 -
9/25/2026) MLV 109-3A to MLV 110-3:
Pipe Replacement (9/8/2026 -
9/15/2026) MLV 109-5 to MLV 109-5A:
Pipe Replacement (8/18/2026 -
9/1/2026) MLV 109-5A to MLV 110-5:
Pipe Replacement (8/18/2026 -
9/1/2026)
MLV 54-3 to
MLV 106-3: Emergent Repair - CAO (2/26/2026
- 12/31/2026) MLV 96-3BR to MLV
96-3BL: Spike Test (7/27/2026 -
8/31/2026)
Sta 106: Unit 2D - 4K Solar Turbine Inspection (9/22/2026 - 9/24/2026)
Sta 87: Unit 3D - Power side Overhaul
(6/22/2026 - 9/30/2026)
Station 114
(segment 114 BH)
907
393
(514)
907
772
(135)
907
MLV 117-3 to
MLV 118-3: Special Permit Pipe Replacement
(8/10/2026 - 8/31/2026)
MLV 119-2 to
MLV 119-2A: Special Permit Pipe Replacement
(8/10/2026 - 8/31/2026)
Sta 118A: Solar Turbine
Inspection (9/14/2026 - 9/16/2026)
Station 204
(Segment 204 BH)
1,828
1,828
1540
(288)
1760
(68)
1375
(453)
MLV 214-3 to MLV 219-3: Pig Run - Cal/IMU/MFL-A Combo (M) (9/17/2026)
MLV 214-3 to MLV 219-3: Pig Run - Gauge/Cleaning (M) (9/15/2026) Sta 200: Scrubber Filters (9/8/2026 - 9/10/2026)
Sta 204: Scrubber Filter Change (9/24/2026 - 9/26/2026)
Sta 209 Cambridge: Scrubber Filter (9/21/2026 - 9/23/2026)
-Primary impact restrictions may be necessary
TGP - Outage
Impact Report
-Major impact restrictions may be necessary
September 2026 (updated 06/18/26)
-Minor impact
restrictions may be necessary depending on flow conditions
-Little to no impact, though
minor outages may cause incremental reductions
Station # / Lateral
Est Nominal Operating Capacity (Thousand Dth)
Week 1
(8/31 - 9/6)
Week
2
(9/7 - 9/13)
Week 3
(9/14 - 9/20)
Week 4
(9/21 - 9/27)
Primary
Outage(s)
Est. Operational Capacity (Operational Impact) - Thousand Dth
Station 230C (segment 296
FH)
743
743
370
(373)
743
743
Sta 230C: Scrubber
/ Filter Inspection (M) (9/9/2026 - 9/10/2026)
Station 245
(segment 245 FH)
986
970
(16)
970
(16)
970
(16)
970
(16)
Sta 245: Unit 1A & 2A - Exhaust System
& HP Fuel (4/27/2026 - 11/1/2026)
Station 261 Discharge East (segment
261
FH)
888
888
888
888
560
(328)
Sta 264 Charlton: Annual ESD Test
(9/23/2026 - 9/24/2026)
Station 307
(segment 307 BH)
1,153
1,153
1,153
1,153
1,153
Station 315
(segment 315 BH)
1,823
1,823
1,823
1,823
1,823
MLV 324
(segment 324 FH)
1,767
1,767
1,767
1,767
1,767
MLV 329
(segment 324 FH)
846
846
846
846
846
Station 405 HC Line (segment 299
FH)
794
794
794
794
794
This
document is updated
on a weekly basis and outage schedules/impacts are subject to change as the week progresses.
Dates
posted on DART should be deemed correct
in the event of conflicts between DART posted
dates and dates on this report.
The impacts sheet are based on steady-state hydraulic models assuming recent operating flows, conditions, and various unit outages.",2026-06-18T20:10:53.000000Z,2026-06-18T20:10:53.000000Z,2026-06-19T14:00:00.000000Z,1,2026-06-18T05:00:00.000000Z,83900cffdb5d97175dcc8eb62976ef019cb8290e856cfd61c6554cc047d18ef5,https://pipeline2.kindermorgan.com/Notices/NoticeDetail.aspx?code=TGP&notc_nbr=402178,data/raw/km_tgp_notice_detail/2026/08/28/83900cffdb5d97175dcc8eb62976ef019cb8290e856cfd61c6554cc047d18ef5.html,km_tgp_notice_detail:1787932467394996000:83900cffdb5d97175dcc8eb62976ef019cb8290e856cfd61c6554cc047d18ef5
TGP,402110,90c44bcfea09fcdd1bb5b908d6b86763ff912cd9bf687394e8c2277904573313,,True,False,2026-08-28T15:54:30.173399Z,MAINTENANCE,MAINTENANCE,SUPERSEDE,401794,TGP SUMMER MAINTENANCE MEETING TODAY,"TGP's 2026 SUMMER MAINTENANCE TEAMS
MEETING 6-16-2026 TODAY
As a reminder, Tennessee Gas Pipeline Company, LLC (“Tennessee”)
will be hosting its next 2026 TEAMS Summer Maintenance meeting to provide
customers and other interested parties an overview of Tennessee's upcoming Summer
Scheduled Maintenance for the remaining days of June and all of July and August
2026 today, Tuesday, June 16, 2026, from 1:30 PM CST to 2:30 PM CST via TEAMS
only. Additionally, there will be a review of upcoming scheduled maintenance
on the Stagecoach, Arlington and Twin Tier systems. There will be a question
and answer segment immediately following.
The presentation will be posted to the EBB no later
than 12:00 PM CST today.
Please see TEAMS info below:
TGP Summer Maintenance
and Outages TEAMS Meeting
Join on your computer, mobile
app or room device
________________________________________________________________________________
Microsoft Teams meeting
Join: https://teams.microsoft.com/meet/23579493131869?p=w4N7s4IHBI1GQNbITK
Meeting ID: 235 794 931 318 69
Passcode: Vg6AB2AN
Need help | System reference
Dial in by phone
+1
346-410-0970,,694003306# United States, Houston
Find a local number
Phone conference ID: 694 003 306#
For organizers: Meeting options | Reset dial-in PIN
________________________________________________________________________________",2026-06-16T11:42:04.000000Z,2026-06-16T11:42:04.000000Z,2026-06-17T14:00:00.000000Z,1,2026-06-16T05:00:00.000000Z,90c44bcfea09fcdd1bb5b908d6b86763ff912cd9bf687394e8c2277904573313,https://pipeline2.kindermorgan.com/Notices/NoticeDetail.aspx?code=TGP&notc_nbr=402110,data/raw/km_tgp_notice_detail/2026/08/28/90c44bcfea09fcdd1bb5b908d6b86763ff912cd9bf687394e8c2277904573313.html,km_tgp_notice_detail:1787932470173399000:90c44bcfea09fcdd1bb5b908d6b86763ff912cd9bf687394e8c2277904573313
TGP,402010,2b26b2f67320296e4b33c326a7717e0707050a471432e822aa5fec309f0bee7d,,True,False,2026-08-28T15:54:35.857653Z,MAINTENANCE,MAINTENANCE,INITIATE,,TGP Outage Impact Report,"-Primary
impact restrictions may be necessary
TGP - Outage
Impact Report
-Major
impact restrictions may be
necessary
Seven Day Forecast (updated 06/11/26)
-Minor impact restrictions may be necessary depending on flow conditions
-Little to no impact,
though minor outages
may cause incremental reductions
Station / Seg
Est Nominal
Operating Capacity (Thousand Dth)
Monday
(6/15)
Tuesday
(6/16)
Wednesday
(6/17)
Thursday
(6/18)
Friday
(6/19)
Saturday
(6/20)
Sunday
(6/21)
Primary Outage(s) that
may Impact Throughput
Est. Operational Capacity
(Operational Impact) - Thousand
Dth
Station 409 (Donna Line)
(segment 490 FH)
564
564
564
564
564
564
564
564
Station 1
(segment 101 BH)
399
399
399
399
399
399
399
399
Station 9
(segment 109 BH)
1,027
945
(82)
945
(82)
945
(82)
945
(82)
945
(82)
945
(82)
945
(82)
MLV 4-1 to MLV 5-1:
Emergent Repair (6/9/2026 - 7/1/2026)
Station 17
(segment 117 FH)
1,122
1080
(42)
1080
(42)
1080
(42)
1080
(42)
1080
(42)
1100
(22)
1100
(22)
MLV 17-3DL
to MLV 18-3A:
Anomaly Remediation (6/15/2026 - 6/22/2026) MLV 19-2
TO MLV 20-2A: Pipe
Replacement (M) (4/28/2026 - 6/19/2026)
Station 25
(segment 125 FH)
1,078
1,078
1,078
1,078
1,078
1,078
1,078
1,078
Station 47
(segment 143 FH)
1,343
1330
(13)
1330
(13)
1330
(13)
1330
(13)
1330
(13)
1330
(13)
1330
(13)
MLV 55-1 to MLV 56-1:
PHMSA Immediate (5/11/2026 - 7/31/2026)
Station 63
(segment 163 FH)
1,242
1117
(125)
1117
(125)
1117
(125)
1117
(125)
1117
(125)
1117
(125)
1117
(125)
MLV 54-3
to MLV 106-3:
Emergent Repair - CAO (2/26/2026 - 12/31/2026)
Station 823
(segment 823 BH)
734
734
734
734
734
734
734
734
Station 834
(segment 834 BH)
683
220
(463)
220
(463)
674
(9)
674
(9)
674
(9)
683
683
Sta 834 to Sta 827: Pig Run - BH Ultimate MFLA Combo 6/16/26
(M) (6/16/2026)
Sta 834 to Sta 827: Pig Run - Cleaning / Gauge 6/15/26
(M) (6/15/2026) Sta 834: Unit 7A - Turbocharger/Overhaul (6/15/2026 - 6/19/2026)
Station 534 South
of Pool (segment 530 BH)
1,550
985
(565)
985
(565)
985
(565)
985
(565)
985
(565)
985
(565)
985
(565)
MLV 533-2
to MLV 534-2:
Pipe Replacement (6/4/2026 - 6/26/2026) Sta 530: Unit 1A - Bearings (8/25/2025 - 12/31/2026)
Sta 530:
Unit 3A - Crankshaft Replacement (6/9/2025 - 12/31/2026) Sta 530: Unit 5A - Top-End Overhaul (6/9/2025 - 12/31/2026)
Sta 534:
Unit 6A - Piston Liner
& Unloader Replacements (6/30/2025 - 7/10/2026)
Sta 534: Unit
7A - Oil Pump (6/16/2026 - 6/17/2026)
MLV 548
(segment 542 BH)
1,647
1435
(212)
1435
(212)
1435
(212)
1215
(432)
1600
(47)
1630
(17)
1635
(12)
MLV 539-2
to MLV 540-2:
Anomaly Remediation (6/18/2026 - 6/20/2026) Sta 542: Unit 1A - Emergent Repair (1/1/2026 - 6/18/2026)
Sta 542: Unit 2A - Emergent Repair (4/7/2026
- 8/14/2026) Sta 542: Unit 3A - Emergent Repair (3/26/2026 - 6/28/2026) Sta 546: Unit 7A - Metal in Oil (7/14/2025 - 6/19/2026)
Station 860
(segment 548 BH)
1,593
1580
(13)
1580
(13)
1580
(13)
1580
(13)
1580
(13)
1,593
1,593
Sta 555:
Unit 5A - Foundation Regrout (1/20/2026 - 6/19/2026) Sta. 555: Unit 6A - Engine Maintenance (6/15/2026 - 6/18/2026)
Station 860 North (Segment 860 BH)
1,874
1530
(344)
1530
(344)
1530
(344)
1846
(28)
1846
(28)
1846
(28)
1846
(28)
Sta 563 Joelton:
Scrubber Filter Changeout (6/15/2026
- 6/17/2026) Sta 563 Joelton: Unit 2A - Solar Turbine Exchange (6/8/2026 - 6/17/2026)
Sta 860: Unit 1A - Aftercooler Jacket Water Inspection (6/17/2025 - 12/31/2026)
Station 110
(segment 187 BH)
(south thru
Kentucky)
2,685
2415
(270)
1895
(790)
2647
(38)
2647
(38)
2647
(38)
2647
(38)
2647
(38)
MLV 54-3
to MLV 106-3:
Emergent Repair - CAO (2/26/2026 - 12/31/2026) MLV 87-3 to MLV 96-3: Pig Run - EMAT (6/16/2026)
Sta 871: Unit
3A - Engine Crankshaft Inspection (8/22/2025 - 6/16/2026)
Station 114
(segment 114 BH)
907
907
907
907
907
907
907
907
Station 204
(Segment 204 BH)
1,828
1270
(558)
1270
(558)
1675
(153)
1675
(153)
1675
(153)
1,828
1,828
Sta 200: Unit 1B -
Crankcase Inspection (6/15/2026 -
6/19/2026) MLV 204-4
to MLV 209-4:
Replace MLV 208-4
(M) (5/27/2026 - 6/16/2026)
Station 219 to
Station 224
(Segment 219 FH)
539
539
140
(399)
539
539
539
539
539
MLV 219-1D to MLV 224-1:
Pig Run - Maintenance (6/16/2026)
Station 245
(segment 245 FH)
986
830
(156)
735
(251)
830
(156)
830
(156)
830
(156)
830
(156)
830
(156)
Sta 241: Annual ESD Test (6/16/2026)
Sta 245:
Unit 1A &
2A - Exhaust System &
HP Fuel (4/27/2026 - 11/1/2026) Sta 249: Unit 2B - 25k Overhaul (6/1/2026 - 6/26/2026)
Station 261 Discharge East (segment 261 FH)
888
888
888
888
888
888
888
888
-Primary impact restrictions may be necessary
TGP - Outage
Impact Report
-Major
impact restrictions may be
necessary
Seven Day Forecast (updated 06/11/26)
-Minor impact restrictions may be necessary depending on flow conditions
-Little to no impact,
though minor outages
may cause incremental reductions
Station / Seg
Est Nominal
Operating Capacity (Thousand Dth)
Monday
(6/15)
Tuesday
(6/16)
Wednesday
(6/17)
Thursday
(6/18)
Friday
(6/19)
Saturday
(6/20)
Sunday
(6/21)
Primary Outage(s) that
may Impact Throughput
Est. Operational Capacity (Operational Impact)
- Thousand Dth
Station 307
(segment 307 BH)
1,153
770
(383)
770
(383)
770
(383)
770
(383)
770
(383)
1,153
1,153
MLV 306-2
to MLV 307-2:
Anomaly Remediation (6/9/2026 - 6/19/2026)
Station 315
(segment 315 BH)
1,823
1,823
1,823
1,823
1,823
1,823
1,823
1,823
MLV
324
(segment 324 FH)
1,767
1,767
1,767
1,767
1,767
1,767
1,767
1,767
Station 405 HC Line
(segment 299 FH)
794
794
794
794
794
794
794
794
This
document is updated
on a weekly basis and outage schedules/impacts are subject to change as the week progresses.
Dates
posted on DART should be deemed correct
in the event
of conflicts between DART posted dates
and dates on this report.
The
impacts sheet are based on steady-state hydraulic models assuming recent
operating flows, conditions, and various unit
outages.
-Primary
impact restrictions may be necessary
TGP - Outage
Impact Report
-Major impact restrictions may be necessary
June 2026 (updated 06/11/26)
-Minor impact
restrictions may be necessary depending on flow conditions
-Little to no impact, though
minor outages may cause incremental reductions
Station # / Lateral
Est Nominal Operating Capacity (Thousand Dth)
Week 1
(6/1 - 6/7)
Week 2
(6/8 - 6/14)
Week 3
(6/15 - 6/21)
Week 4
(6/22 - 6/28)
Primary
Outage(s)
Est. Operational Capacity (Operational Impact) - Thousand Dth
Station
409 (Donna Line) (segment 490 FH)
564
564
Station 1
(segment 101 BH)
399
399
Station 9
(segment 109 BH)
1,027
945
(82)
MLV 4-1 to MLV 5-1: Emergent Repair
(6/9/2026 - 7/1/2026)
Station 17
(segment 117 FH)
1,122
1000
(122)
MLV 17-3DL to MLV 18-3A:
Anomaly Remediation (6/15/2026 -
6/22/2026) MLV 19-3 TO MLV 20-3A:
Pipe Replacement (M) (6/23/2026 - 7/23/2026)
Station 25
(segment 125 FH)
1,078
1055
(23)
MLV 26-1 Relocation: Highway 59 Widening
(6/22/2026 - 7/10/2026)
Station 47
(segment 143 FH)
1,343
1330
(13)
MLV 55-1 to MLV 56-1: PHMSA Immediate (5/11/2026 - 7/31/2026)
Station 63
(segment 163 FH)
1,242
1117
(125)
MLV 54-3 to MLV 106-3:
Emergent Repair - CAO (2/26/2026 - 12/31/2026)
Station 823
(segment 823 BH)
734
734
Station 834
(segment 834 BH)
683
590
(93)
Sta 834: Scrubber Filter
Changeout (6/24/2026 - 6/26/2026) Sta 834: Station Outage (6/24/2026 - 6/26/2026)
Station 534 South
of Pool (segment 530 BH)
1,550
985
(565)
MLV 533-2 to
MLV 534-2: Pipe Replacement (6/4/2026
- 6/26/2026) Sta 530: Unit 1A -
Bearings (8/25/2025 - 12/31/2026)
Sta 530:
Unit 3A - Crankshaft Replacement (6/9/2025
- 12/31/2026) Sta 530: Unit 5A -
Top-End Overhaul (6/9/2025 -
12/31/2026)
Sta 534:
Unit 6A - Piston Liner & Unloader Replacements (6/30/2025 - 7/10/2026)
MLV 548
(segment 542 BH)
1,647
1635
(12)
Sta 542: Unit 2A -
Emergent Repair (4/7/2026 -
8/14/2026) Sta 542: Unit 3A - Emergent
Repair (3/26/2026 - 6/28/2026)
Station 860
(segment 548 BH)
1,593
1580
(13)
Sta. 555: Unit 4A - Engine Maintenance (6/22/2026 - 6/27/2026)
Station 860 North (Segment 860 BH)
1,874
1846
(28)
Sta 860: Unit 1A - Aftercooler Jacket Water Inspection (6/17/2025 - 12/31/2026)
Station 110
(segment 187 BH)
(south
thru
Kentucky)
2,685
1930
(755)
MLV 54-3 to
MLV 106-3: Emergent Repair - CAO (2/26/2026
- 12/31/2026) MLV 87-3 to MLV 96-3:
Pig Run - MDS (6/23/2026)
Sta 87: Unit
3D - Power side Overhaul (6/22/2026
- 9/30/2026) Sta 871
Campbellsville: Annual ESD Test (6/23/2026)
Station 114
(segment 114 BH)
907
907
-Primary impact restrictions may be necessary
TGP - Outage
Impact Report
-Major impact restrictions may be necessary
June 2026 (updated 06/11/26)
-Minor impact
restrictions may be necessary depending on flow conditions
-Little to no impact, though
minor outages may cause incremental reductions
Station # / Lateral
Est Nominal Operating Capacity (Thousand Dth)
Week 1
(6/1 - 6/7)
Week 2
(6/8 - 6/14)
Week 3
(6/15 - 6/21)
Week 4
(6/22 - 6/28)
Primary
Outage(s)
Est. Operational Capacity (Operational Impact) - Thousand Dth
Station 204
(Segment 204 BH)
1,828
1790
(38)
MLV 206-2 to MLV 207-2:
Anomaly Remediation (6/22/2026 - 7/2/2026)
Station 245
(segment 245 FH)
986
830
(156)
Sta 245:
Unit 1A & 2A - Exhaust System & HP Fuel (4/27/2026 - 11/1/2026) Sta
249: Unit 2B - 25k Overhaul (6/1/2026
- 6/26/2026)
Station 261 Discharge East (segment
261 FH)
888
888
Station 307
(segment 307 BH)
1,153
1,153
Station 315
(segment 315 BH)
1,823
1,823
MLV 324
(segment 324 FH)
1,767
1450
(317)
Sta 325: Station
Outage (6/24/2026 - 6/25/2026)
Cranston Lateral
South
(segment 281 FH)
187
150
(37)
MLV 265E-101.1 to MLV 265E-104: PIG RUNS - Cal/IMU (M) (6/23/2026) ; MLV
265E-101.1 to MLV 265E-104: PIG RUNS - Gauge/Cleaning tool (M) (6/22/2026)
; MLV 265E-101.1 to MLV 265E-104: PIG RUNS - MFL-A (M) (6/24/2026)
Station
405 HC Line (segment 299 FH)
794
794
This document is updated on a weekly
basis and outage
schedules/impacts are subject
to change as the week progresses.
Dates
posted on DART should be deemed correct
in the event of conflicts between DART posted
dates and dates on this report.
The impacts sheet are based on steady-state hydraulic models assuming recent operating flows, conditions, and various unit outages.
-Primary
impact restrictions may be necessary
TGP - Outage
Impact Report
-Major impact restrictions may be necessary
July 2026 (updated
06/11/26)
-Minor impact restrictions may be necessary depending on flow
conditions
-Little to no impact, though
minor outages may cause incremental reductions
Station # / Lateral
Est Nominal
Operating Capacity (Thousand Dth)
Week 1
(6/29 - 7/5)
Week 2
(7/6 - 7/12)
Week 3
(7/13 - 7/19)
Week 4
(7/20 - 7/26)
Week 5
(7/27 - 8/2)
Primary
Outage(s)
Est. Operational Capacity (Operational Impact) - Thousand Dth
Station 409 (Donna
Line) (segment 490 FH)
564
564
564
564
564
564
Station 1
(segment 101 BH)
399
399
399
399
399
399
Station 9
(segment 109 BH)
1,027
945
(82)
1,027
640
(387)
640
(387)
1015
(12)
MLV 4-1 to MLV 5-1:
Emergent Repair (6/9/2026 -
7/1/2026) MLV 5-2 to MLV 1-2D: Pig
Run - Cleaning Gauge (M)
(7/13/2026) MLV 5-2 to MLV 1-2D:
Pig Run - Cleaning Gauge (M)
(7/14/2026) MLV 5-2 to MLV 1-2D:
Pig Run - Cleaning Gauge (M)
(7/15/2026) MLV 5-2 to MLV 1-2D:
Pig Run - Cleaning Gauge (M)
(7/16/2026) MLV 5-2 to MLV 1-2D:
Pig Run - Cleaning Gauge
(M) (7/17/2026)
MLV 5-2 to MLV 1-2D: Pig Run - TDW MDS (M)
(7/21/2026)
MLV 9-1D to MLV 10-1: Anomaly Remediation (7/27/2026 - 8/2/2026)
Station 17
(segment 117 FH)
1,122
1000
(122)
1000
(122)
1000
(122)
1000
(122)
1100
(22)
MLV 19-1 TO MLV 20-1A:
Pipe Replacement (M) (7/27/2026 - 9/2/2026)
MLV 19-3 TO MLV 20-3A: Pipe Replacement (M) (6/23/2026 - 7/23/2026)
Station 25
(segment 125 FH)
1,078
1055
(23)
1055
(23)
1070
(8)
955
(123)
1070
(8)
MLV 25-2 to MLV 26-2: Pipe Replacement
(7/11/2026 - 7/29/2026) MLV
26-1 Relocation: Highway 59 Widening (6/22/2026
- 7/10/2026) MLV 26-2 Relocation:
Highway 59 Widening (7/11/2026 -
7/29/2026) Sta 25: Annual ESD Test (7/21/2026)
Station 47
(segment 143 FH)
1,343
1330
(13)
1330
(13)
1020
(323)
1330
(13)
1330
(13)
MLV 55-1 to MLV 56-1: PHMSA Immediate (5/11/2026 - 7/31/2026)
Sta. 47: Station Transformer Maintenance (7/13/2026 - 7/14/2026)
Station 63
(segment 163 FH)
1,242
1117
(125)
1117
(125)
1117
(125)
901
(341)
901
(341)
MLV 54-3 to
MLV 106-3: Emergent Repair - CAO (2/26/2026
- 12/31/2026) MLV 77-3 to MLV
77-3A: Pipe Replacements (7/20/2026
- 7/27/2026)
Station 823
(segment 823 BH)
734
734
734
734
734
734
Station 823 Muskrat
Line (segment 509 BH)
231
130
(101)
231
231
231
231
Sta 823 to MLV 516: Pig Run - Maintenance (M) (6/30/2026)
MLV 516
Muskrat Line (segment 516 FH)
241
241
100
(141)
241
241
241
Sta
523 to MLV 516: Pig Run - Chemical Cleaning / Gauge 7/6/26 to 7/10/26 (M) (7/6/2026 - 7/10/2026)
Sta 523 to MLV 516: Pig Run - MFL-A 7/11/26 (M) (7/11/2026)
Station 534 South of Pool (segment 530 BH)
1,550
1528
(22)
1528
(22)
1528
(22)
1528
(22)
1528
(22)
Sta 530: Unit 1A - Bearings
(8/25/2025 - 12/31/2026)
Sta 530: Unit 3A - Crankshaft Replacement (6/9/2025 - 12/31/2026) Sta
530: Unit 5A - Top-End Overhaul (6/9/2025
- 12/31/2026)
Sta 534: Unit 6A - Piston Liner & Unloader Replacements (6/30/2025 -
7/10/2026)
MLV 548
(segment 542 BH)
1,647
1640
(7)
1640
(7)
1640
(7)
1640
(7)
1640
(7)
Sta 542: Unit 2A - Emergent Repair
(4/7/2026 - 8/14/2026)
Station 860
(segment 548 BH)
1,593
1,593
1,593
1585
(8)
1430
(163)
1,593
MLV 557-3 to MLV 559-3:
Pig Runs - Cal / IMU & MFL-A 6/4/26
(7/16/2026)
MLV 557-3 to
MLV 559-3: Pig Runs - Cleaning / Gauge 6/2/26 (7/14/2026) Sta 555:
Scrubber/Filter/Separator Clean, Inspect & Filter Change (7/21/2026 -
7/22/2026)
Station 860 North (Segment 860 BH)
1,874
1846
(28)
1846
(28)
1846
(28)
1846
(28)
1846
(28)
Sta 860: Unit 1A - Aftercooler Jacket
Water Inspection (6/17/2025 - 12/31/2026)
-Primary impact restrictions may be necessary
TGP - Outage
Impact Report
-Major impact restrictions may be necessary
July 2026 (updated
06/11/26)
-Minor impact restrictions may be necessary depending on flow
conditions
-Little to no impact, though
minor outages may cause incremental reductions
Station # / Lateral
Est Nominal
Operating Capacity (Thousand Dth)
Week 1
(6/29 - 7/5)
Week 2
(7/6 - 7/12)
Week 3
(7/13 - 7/19)
Week 4
(7/20 - 7/26)
Week 5
(7/27 - 8/2)
Primary
Outage(s)
Est. Operational Capacity (Operational Impact) - Thousand Dth
Station 110
(segment 187 BH)
(south thru Kentucky)
2,685
2534
(151)
2358
(327)
2098
(587)
2150
(535)
2150
(535)
MLV 104-1 to MLV 105-1: Anomaly
Remediation (7/13/2026 - 8/15/2026)
MLV
107-7 to 110-7: Valve Installation & Crossover Work (7/7/2026 - 7/27/2026)
MLV
109-4 to 110-4: Valve Installation & Crossover Work (7/28/2026 - 8/11/2026)
MLV 109-4 to
MLV 110-4: Pipe Replacement (7/28/2026
- 8/11/2026) MLV 109-7 to MLV
110-7: Pipe Replacement (7/7/2026 -
7/27/2026)
MLV
54-3 to MLV 106-3: Emergent Repair - CAO (2/26/2026
- 12/31/2026) MLV 96-3BR to MLV
96-3BL: Spike Test (7/27/2026 -
8/31/2026)
Sta 87: Unit 3D - Power side Overhaul
(6/22/2026 - 9/30/2026) Sta
96 Campbellsville: Annual ESD Test (7/14/2026
- 7/15/2026)
Sta
96 Campbellsville: Annual Substation Inspection (7/13/2026 - 7/16/2026) Sta
96: Unit 2D Replace Compressor Valves (7/5/2026
- 7/9/2026)
Sta. 106: C Building - Install Water
Trech System (7/13/2026 - 7/17/2026)
Station 114
(segment 114 BH)
907
600
(307)
907
907
907
907
Sta 114: Unit 1D - Solar Turbine
Inspection (6/29/2026 - 7/1/2026)
Station 204
(Segment 204 BH)
1,828
1790
(38)
1,828
1,828
1,828
1,828
MLV 206-2 to MLV 207-2:
Anomaly Remediation (6/22/2026 - 7/2/2026)
Station 230C (segment 296 FH)
743
743
743
370
(373)
743
743
Sta 230C: Annual
ESD (M) (7/13/2026 - 7/14/2026)
Station 237
(segment 237 FH)
1,006
1,006
1,006
1,006
1,006
780
(226)
MLV 237-1 to MLV 245-1:
Pig Run - Cleaning/Gauge (7/27/2026) MLV 237-1 to MLV 245-1: Pig Run - MFL-C (7/29/2026)
Station 245
(segment 245 FH)
986
970
(16)
970
(16)
760
(226)
970
(16)
970
(16)
Sta 245:
Unit 1A & 2A - Exhaust System & HP Fuel (4/27/2026 - 11/1/2026) Sta
245-1 to MLV 249-1: Pig Run - Cal/IMU (7/15/2026)
Sta 245-1 to
MLV 249-1: Pig Run - Gauge/Cleaning tool (7/14/2026) Sta 245-1 to MLV 249-1: Pig Run - MFL-C (7/16/2026)
MLV 256 West
(segment 249 FH)
1,203
1,203
1,203
1,203
535
(668)
1,203
MLV 249-2 to
MLV 254-2: Gauge/Cleaning tool (7/20/2026) MLV 249-2 to MLV 254-2: Hardspot/Geo (7/23/2026)
MLV 249-2 to MLV 254-2:
MFL-A/IMU (7/21/2026)
Station 261 Discharge East (segment 261 FH)
888
888
888
888
888
888
Station 307
(segment 307 BH)
1,153
1,153
1,153
1,153
930
(223)
1115
(38)
Sta
219: Unit 1B - Protective Device Checks & GHG (7/20/2026 - 7/24/2026) Sta
219: Unit 1B - Save Air System (7/20/2026
- 7/31/2026)
Sta 307:
Unit 1A - Protective Device Checks (7/20/2026
- 7/24/2026) Sta 307: Unit 2A -
Protective Device Checks (7/20/2026
- 7/24/2026) Sta 307: Unit 3A -
Protective Device Checks (7/20/2026
- 7/24/2026) Sta 307: Unit 4A - Protective Device Checks (7/20/2026 - 7/24/2026)
Station 313 Discharge (segment 399 FH)
797
720
(77)
797
797
797
797
Sta 313: Unit 1C - Substation Inspection (6/30/2026 - 7/1/2026)
Station 315
(segment 315 BH)
1,823
1,823
1,823
1,823
1,823
1,823
Station 321
(segment 321 FH)
2,102
2,102
2,102
2,102
1715
(387)
2,102
Sta 321: Station
Valves for ESD System (7/21/2026 - 7/23/2026)
MLV 324
(segment 324 FH)
1,767
1,767
1735
(32)
1,767
1,767
1,767
Sta 325: Units
4A - Water Wash & Borescope (7/6/2026 - 7/7/2026)
Station 405 HC Line (segment 299 FH)
794
794
680
(114)
794
794
794
Sta 405A: Annual ESD Test / Filter
Scrubber (7/7/2026 - 7/9/2026)
-Primary impact restrictions may be necessary
TGP - Outage
Impact Report
-Major impact restrictions may be necessary
July 2026 (updated
06/11/26)
-Minor impact restrictions may be necessary depending on flow
conditions
-Little to no impact, though
minor outages may cause incremental reductions
Station # / Lateral
Est Nominal
Operating Capacity (Thousand Dth)
Week 1
(6/29 - 7/5)
Week 2
(7/6 - 7/12)
Week 3
(7/13 - 7/19)
Week 4
(7/20 - 7/26)
Week 5
(7/27 - 8/2)
Primary
Outage(s)
Est. Operational Capacity (Operational Impact) - Thousand Dth
This document is updated
on a weekly basis and outage schedules/impacts are subject to change as the week progresses. Dates posted on DART should be deemed
correct in the event of conflicts between DART posted dates and dates on this
report.
The impacts sheet are based on steady-state hydraulic models assuming
recent operating flows,
conditions, and various
unit outages.
-Primary impact restrictions may be necessary
TGP - Outage
Impact Report
-Major impact restrictions may be necessary
August
2026 (updated 06/11/26)
-Minor impact
restrictions may be necessary depending on flow conditions
-Little to no impact, though
minor outages may cause incremental reductions
Station # / Lateral
Est Nominal Operating Capacity (Thousand Dth)
Week 1
(8/3 - 8/9)
Week 2
(8/10 - 8/16)
Week 3
(8/17 - 8/23)
Week 4
(8/24 - 8/30)
Primary Outage(s)
Est. Operational Capacity (Operational Impact) - Thousand Dth
Station
409 (Donna Line) (segment 490 FH)
564
564
564
564
564
Station 1
(segment 101 BH)
399
399
399
399
399
Station 9
(segment 109 BH)
1,027
985
(42)
945
(82)
945
(82)
1,027
MLV 11-1A to MLV 11-1:
Anomaly Remediation (8/3/2026 -
8/9/2026) MLV 13-1 to MLV 12-1: Anomaly
Remediation (8/10/2026 - 8/19/2026)
Station 17
(segment 117 FH)
1,122
1100
(22)
1100
(22)
1100
(22)
1100
(22)
MLV 19-1 TO MLV 20-1A:
Pipe Replacement (M) (7/27/2026 - 9/2/2026)
Station 25
(segment 125 FH)
1,078
925
(153)
925
(153)
925
(153)
1,078
MLV 26-3 Relocation: Highway 59 Widening (M) (8/3/2026 - 8/20/2026)
Station 47
(segment 143 FH)
1,343
1255
(88)
1105
(238)
1,343
1,343
MLV 40-1D to MLV 47-1S: Pig Run - Maintenance (8/4/2026)
MLV 40-3D to MLV 47-3S: Pig Run - Maintenance Cleaning (8/11/2026) MLV 40-4D to MLV 47-4S: Pig Run - Maintenance (8/13/2026)
Station 63
(segment 163 FH)
1,242
1117
(125)
1117
(125)
1117
(125)
1117
(125)
MLV 54-3 to MLV 106-3:
Emergent Repair - CAO (2/26/2026 -
12/31/2026) MLV 82-2C to MLV 83-2:
Anomaly Remediation (8/3/2026 -
8/7/2026)
Station 823
(segment 823 BH)
734
734
734
734
734
Station
534 South of Pool (segment 530 BH)
1,550
1528
(22)
1528
(22)
1528
(22)
1528
(22)
Sta 530: Unit 1A - Bearings
(8/25/2025 - 12/31/2026)
Sta 530: Unit 3A - Crankshaft Replacement (6/9/2025 - 12/31/2026) Sta
530: Unit 5A - Top-End Overhaul (6/9/2025
- 12/31/2026)
MLV 548
(segment 542 BH)
1,647
1640
(7)
1640
(7)
1,647
1235
(412)
Sta 542
Dekalb: Annual ESD Test (8/25/2026
- 8/27/2026) Sta 542: Unit 2A - Emergent
Repair (4/7/2026 - 8/14/2026)
Station 860
(segment 548 BH)
1,593
1,593
1,593
1,593
1,593
Station 860 North (Segment 860 BH)
1,874
1846
(28)
1846
(28)
1846
(28)
1846
(28)
Sta 860: Unit 1A - Aftercooler Jacket Water Inspection (6/17/2025 - 12/31/2026)
Station 110
(segment 187 BH)
(south thru Kentucky)
2,685
2457
(228)
2470
(215)
2308
(377)
2050
(635)
MLV 104-1 to
MLV 105-1: Anomaly Remediation (7/13/2026
- 8/15/2026) MLV 109-4 to 110-4:
Valve Installation & Crossover Work (7/28/2026
- 8/11/2026)
MLV 109-4 to MLV 110-4: Pipe Replacement (7/28/2026 - 8/11/2026) MLV
109-5 to MLV 109-5A: Pipe Replacement (8/18/2026
- 9/1/2026) MLV 109-5A to MLV 110-5: Pipe Replacement (8/18/2026 - 9/1/2026)
MLV 54-3 to
MLV 106-3: Emergent Repair - CAO (2/26/2026
- 12/31/2026) MLV 96-3BR to MLV
96-3BL: Spike Test (7/27/2026 -
8/31/2026)
Sta 110: Install ESD Silence Covers (8/24/2026
- 8/28/2026) Sta 87: Unit 3D -
Power side Overhaul (6/22/2026 -
9/30/2026)
Sta 875:
Unit 1A- 8K Solar Turbine
Inspection (8/17/2026 - 8/21/2026) Sta 96: Unit 2D - Install Ball Grove
Valve (8/3/2026 - 8/7/2026)
-Primary impact restrictions may be necessary
TGP - Outage
Impact Report
-Major impact restrictions may be necessary
August
2026 (updated 06/11/26)
-Minor impact
restrictions may be necessary depending on flow conditions
-Little to no impact, though
minor outages may cause incremental reductions
Station # / Lateral
Est Nominal Operating Capacity (Thousand Dth)
Week 1
(8/3 - 8/9)
Week 2
(8/10 - 8/16)
Week 3
(8/17 - 8/23)
Week 4
(8/24 - 8/30)
Primary
Outage(s)
Est. Operational Capacity (Operational Impact) - Thousand Dth
Station 114
(segment 114 BH)
907
907
393
(514)
393
(514)
393
(514)
MLV 117-3 to
MLV 118-3: Special Permit Pipe Replacement
(8/10/2026 - 8/31/2026)
MLV 119-2 to
MLV 119-2A: Special Permit Pipe Replacement
(8/10/2026 - 8/31/2026)
Sta 119A: Unit 1A - Solar Turbine Inspection (8/10/2026 - 8/12/2026)
Station 204
(Segment 204 BH)
1,828
1,828
1,828
1,828
1,828
Station 245
(segment 245 FH)
986
970
(16)
970
(16)
970
(16)
970
(16)
Sta 245: Unit 1A & 2A - Exhaust System
& HP Fuel (4/27/2026 - 11/1/2026)
Station 261 Discharge East (segment
261 FH)
888
720
(168)
888
888
888
Sta 261: Unit 2D - Engine Inspection & Borescope (8/3/2026 - 8/7/2026)
Station 307
(segment 307 BH)
1,153
965
(188)
1,153
765
(388)
1,153
Sta 219: Annual ESD Test
& Scrubber Maintenance (8/17/2026
- 8/21/2026) Sta 307 (Pigeon):
Annual ESD Test & Maintenance (8/3/2026
- 8/7/2026)
Station
313 Discharge (segment 399 FH)
797
797
797
515
(282)
797
Sta 313 Coudersport: Annual ESD Test & Maintenance (8/17/2026 - 8/20/2026)
Station 315
(segment 315 BH)
1,823
1,823
1,823
1,823
1,823
Station 317
(segment 317 BH)
1,548
1,548
1,548
1,548
1345
(203)
Sta 317: Annual
ESD Test & Maintenance (8/24/2026 - 8/28/2026)
MLV 324
(segment 324 FH)
1,767
1,767
1,767
1,767
1,767
Station
405 HC Line (segment 299 FH)
794
794
794
794
794
Station 224
(segment 224 FH)
388
388
388
388
280
(108)
Station 224: Scrubber
Inspections & Filter
Change (8/25/2026 - 8/26/2026)
This document is updated on a weekly
basis and outage
schedules/impacts are subject
to change as the week progresses.
Dates
posted on DART should be deemed correct
in the event of conflicts between DART posted
dates and dates on this report.
The impacts sheet are based on steady-state hydraulic models assuming recent operating flows, conditions, and various unit outages.",2026-06-11T21:15:59.000000Z,2026-06-11T21:15:59.000000Z,2026-06-12T14:00:00.000000Z,1,2026-06-11T05:00:00.000000Z,2b26b2f67320296e4b33c326a7717e0707050a471432e822aa5fec309f0bee7d,https://pipeline2.kindermorgan.com/Notices/NoticeDetail.aspx?code=TGP&notc_nbr=402010,data/raw/km_tgp_notice_detail/2026/08/28/2b26b2f67320296e4b33c326a7717e0707050a471432e822aa5fec309f0bee7d.html,km_tgp_notice_detail:1787932475857653000:2b26b2f67320296e4b33c326a7717e0707050a471432e822aa5fec309f0bee7d
TGP,402005,57b6bd4a97710822972ac3e8dfbed29dddff82e14f20d25af95ded3bad85ad81,,True,False,2026-08-28T15:54:38.632662Z,MAINTENANCE,MAINTENANCE,INITIATE,,Sta 261 Agawam Unit Suction Valve,"Project
Updates
""***Sta
261 Agawam: Unit Suction Valve Replacement
***Completed
The
following meters are available for nominations:
420901
SHELL/TGP BERKSHIRE POWER SALES HAM""
If
you have any questions, please contact your Scheduler.",2026-06-11T20:46:25.000000Z,2026-06-11T20:46:25.000000Z,2026-06-12T14:00:00.000000Z,1,2026-06-11T05:00:00.000000Z,57b6bd4a97710822972ac3e8dfbed29dddff82e14f20d25af95ded3bad85ad81,https://pipeline2.kindermorgan.com/Notices/NoticeDetail.aspx?code=TGP&notc_nbr=402005,data/raw/km_tgp_notice_detail/2026/08/28/57b6bd4a97710822972ac3e8dfbed29dddff82e14f20d25af95ded3bad85ad81.html,km_tgp_notice_detail:1787932478632662000:57b6bd4a97710822972ac3e8dfbed29dddff82e14f20d25af95ded3bad85ad81
TGP,402003,e0fe0e754a85e29e70a4eb88487dfcc6ab059b107688503232ff3bd2b0236299,,True,False,2026-08-28T15:54:41.362155Z,MAINTENANCE,MAINTENANCE,INITIATE,,MLV 204-4 TO MLV 209-4 PROJECT EXTENDED,"MLV 204-4 TO MLV 209-4: REPLACE MLV 208-4 MAINTENANCE
EXTENDED
Tennessee would like to inform its customers that the project
between MLV 204-4 to MLV 209-4: Replace MLV 208-4 maintenance which was
scheduled to begin on May 27,, 2026 and continue through June 12, 2026 has been
extended. Tennessee now anticipates the project to continue through June
16, 2026.
If you have any questions, please contact your Scheduler.",2026-06-11T20:27:27.000000Z,2026-06-11T20:27:27.000000Z,2026-06-12T14:00:00.000000Z,1,2026-06-11T05:00:00.000000Z,e0fe0e754a85e29e70a4eb88487dfcc6ab059b107688503232ff3bd2b0236299,https://pipeline2.kindermorgan.com/Notices/NoticeDetail.aspx?code=TGP&notc_nbr=402003,data/raw/km_tgp_notice_detail/2026/08/28/e0fe0e754a85e29e70a4eb88487dfcc6ab059b107688503232ff3bd2b0236299.html,km_tgp_notice_detail:1787932481362155000:e0fe0e754a85e29e70a4eb88487dfcc6ab059b107688503232ff3bd2b0236299
TGP,401961,351821519f640698e8d97d932f8ae4c354494640a56cb4c073d30ea705076cea,,True,False,2026-08-28T15:54:45.399054Z,MAINTENANCE,MAINTENANCE,SUPERSEDE,401794,TGP SUMMER MAINTENANCE MTG 6-16-26,"TGP's 2026 SUMMER MAINTENANCE TEAMS
MEETING 6-16-2026 REMINDER
As a reminder, Tennessee Gas Pipeline Company, LLC (“Tennessee”)
will be hosting its next 2026 TEAMS Summer Maintenance meeting to provide
customers and other interested parties an overview of Tennessee's upcoming Summer
Scheduled Maintenance for the remaining days of June and all of July and August
2026 on Tuesday, June 16, 2026, from 1:30 PM CST to 2:30 PM CST via TEAMS
only. Additionally, there will be a review of upcoming scheduled maintenance
on the Stagecoach, Arlington and Twin Tier systems. There will be a question
and answer segment immediately following.
Please see TEAMS info below:
TGP Summer Maintenance
and Outages TEAMS Meeting
Join on your computer, mobile
app or room device
________________________________________________________________________________
Microsoft Teams meeting
Join: https://teams.microsoft.com/meet/23579493131869?p=w4N7s4IHBI1GQNbITK
Meeting ID: 235 794 931 318 69
Passcode: Vg6AB2AN
Need help | System reference
Dial in by phone
+1
346-410-0970,,694003306# United States, Houston
Find a local number
Phone conference ID: 694 003 306#
For organizers: Meeting options | Reset dial-in PIN
________________________________________________________________________________",2026-06-10T12:04:24.000000Z,2026-06-10T12:04:24.000000Z,2026-06-11T14:00:00.000000Z,1,2026-06-10T05:00:00.000000Z,351821519f640698e8d97d932f8ae4c354494640a56cb4c073d30ea705076cea,https://pipeline2.kindermorgan.com/Notices/NoticeDetail.aspx?code=TGP&notc_nbr=401961,data/raw/km_tgp_notice_detail/2026/08/28/351821519f640698e8d97d932f8ae4c354494640a56cb4c073d30ea705076cea.html,km_tgp_notice_detail:1787932485399054000:351821519f640698e8d97d932f8ae4c354494640a56cb4c073d30ea705076cea
TGP,401910,b7f9ee8584d988e35a01f65f403bdcb17982295d28220b7da56b85feade0ca2a,,True,False,2026-08-28T15:54:48.343082Z,MAINTENANCE,MAINTENANCE,INITIATE,,EMERGENT REPAIR AT STA 32 EFFECTIVE 6-8,"EMERGENT REPAIR AT STA 249 UNIT 1A RESOLVED EFFECTIVE 1-8-16
EMERGENT
REPAIR AT STA 32 EFFECTIVE 6-8-2026
Pursuant
to Article XII of the General Terms and Conditions of Tennessee's FERC Gas
Tariff, Tennessee is posting notice of an emergent repair issue at Station 32
near Jasper, TX. Tennessee has discovered an issue at the station which
necessitates repairs. Tennessee estimates the current impact to be up to 350,000
Dths. Based upon current demand and nominations, Secondary Out of the Path
nominations pathed through Segment 132 FH may be at risk as early as Timely
Cycle for the gas day of Tuesday, June 9, 2026 and until further notice. Previously
scheduled volumes will not be curtailed for the current gas day of June 8, 2026;
however, increases pathed through STA 32 (Segment 132 FH) for the remainder of
the gas day are at risk.
Updates
will be posted as more information becomes available.
Please
contact your Scheduler if you have any questions.",2026-06-08T17:28:58.000000Z,2026-06-08T17:28:58.000000Z,2026-06-09T14:00:00.000000Z,1,2026-06-08T05:00:00.000000Z,b7f9ee8584d988e35a01f65f403bdcb17982295d28220b7da56b85feade0ca2a,https://pipeline2.kindermorgan.com/Notices/NoticeDetail.aspx?code=TGP&notc_nbr=401910,data/raw/km_tgp_notice_detail/2026/08/28/b7f9ee8584d988e35a01f65f403bdcb17982295d28220b7da56b85feade0ca2a.html,km_tgp_notice_detail:1787932488343082000:b7f9ee8584d988e35a01f65f403bdcb17982295d28220b7da56b85feade0ca2a
TGP,401843,091fb7e33c3f723b18ef432c5905f30bb33cd60e170d1dc875dabee0125f5db4,,True,False,2026-08-28T15:54:51.052182Z,MAINTENANCE,MAINTENANCE,INITIATE,,EMERGENT REPAIR AT MLV 533-2 - 534-2,"EMERGENT
REPAIR BETWEEN MLV 533-2 AND 534-2 EFFECTIVE 6-5-2026
Pursuant
to Article XII of the General Terms and Conditions of Tennessee's FERC Gas
Tariff, Tennessee is posting notice of an Emergent Repair between MLV 533-2 and
MLV 534-2 near Purvis, Mississippi located in Stone County. Tennessee has
identified an issue that necessitates repairs. The affected segment has been
isolated. Tennessee estimates the current impact to be up to 225,000 Dths. Based
on current nominations, Secondary Out of the Path nominations pathed through
STA 534 South of the Pool (Segment 530 BH) could be at risk as early as Timely
Cycle for the gas day of Saturday, June 6, 2026 and until further notice.
Previously scheduled nominations for the current gas day of June 5, 2026 will
not be curtailed; however, increases pathed through STA 534 South of the Pool (Segment
530 BH) for the remainder of today's gas day are at risk.
The
below meters will remain shut in during the outage:
412753
SKYEMS/TGP Pistol Ridge RIP 533 C-101.2
412758
PETROHRV/TGP Highway 13 RIP 533 D-101.2
412750
PRP INC/TGP Pistol Ridge RIP 533 B-101.2
Updates
will be provided as more information becomes available.
Please
contact your Account Representative or Scheduler if you have any questions.",2026-06-05T13:46:43.000000Z,2026-06-05T13:46:43.000000Z,2026-06-06T14:00:00.000000Z,1,2026-06-05T05:00:00.000000Z,091fb7e33c3f723b18ef432c5905f30bb33cd60e170d1dc875dabee0125f5db4,https://pipeline2.kindermorgan.com/Notices/NoticeDetail.aspx?code=TGP&notc_nbr=401843,data/raw/km_tgp_notice_detail/2026/08/28/091fb7e33c3f723b18ef432c5905f30bb33cd60e170d1dc875dabee0125f5db4.html,km_tgp_notice_detail:1787932491052182000:091fb7e33c3f723b18ef432c5905f30bb33cd60e170d1dc875dabee0125f5db4
TGP,401825,8d5a8d0c3226e64f800ea04248be927068acc0a5b86065d70ad09bce9c147913,,True,False,2026-08-28T15:54:55.723750Z,MAINTENANCE,MAINTENANCE,INITIATE,,TGP Outage Impact Report,"-Primary
impact restrictions may be necessary
TGP - Outage
Impact Report
-Major
impact restrictions may be
necessary
Seven Day Forecast (updated 06/04/26)
-Minor impact restrictions may be necessary depending on flow conditions
-Little to no impact,
though minor outages
may cause incremental reductions
Station / Seg
Est Nominal
Operating Capacity (Thousand Dth)
Monday
(6/8)
Tuesday
(6/9)
Wednesday
(6/10)
Thursday
(6/11)
Friday
(6/12)
Saturday
(6/13)
Sunday
(6/14)
Primary Outage(s) that
may Impact Throughput
Est. Operational Capacity
(Operational Impact) - Thousand
Dth
Station 409
(Donna Line)
(segment 490 FH)
564
564
564
564
564
564
564
564
Station 1
(segment 101 BH)
399
399
399
399
399
399
399
399
Station 9
(segment 109 BH)
1,027
904
(123)
904
(123)
945
(82)
945
(82)
945
(82)
945
(82)
945
(82)
MLV 4-1 to MLV 5-1: Emergent Repair (6/10/2026 - 7/1/2026) MLV 8-1BR to MLV 8-1: Emergent Repair
(6/4/2026 - 6/9/2026)
Station 17
(segment 117 FH)
1,122
1104
(18)
1104
(18)
1104
(18)
1104
(18)
1104
(18)
1104
(18)
1104
(18)
MLV 19-2
TO MLV 20-2A:
Pipe Replacement (M) (4/28/2026 - 6/19/2026)
Station 25
(segment 125 FH)
1,078
1,078
1,078
1,078
1,078
1,078
1,078
1,078
Station 47
(segment 143 FH)
1,343
1330
(13)
1300
(43)
1330
(13)
1330
(13)
1330
(13)
1330
(13)
1330
(13)
MLV 40-3D
to MLV 47-3S:
Pig Run - Maintenance Cleaning (6/9/2026) MLV 55-1
to MLV 56-1: PHMSA Immediate (5/11/2026
- 7/31/2026)
Station 63
(segment 163 FH)
1,242
1117
(125)
1117
(125)
1117
(125)
1117
(125)
1117
(125)
1117
(125)
1117
(125)
MLV 54-3
to MLV 106-3:
Emergent Repair - CAO (2/26/2026 - 12/31/2026)
Station 823
(segment 823 BH)
734
734
734
734
734
734
734
734
Station 834
(segment 834 BH)
683
220
(463)
510
(173)
220
(463)
220
(463)
220
(463)
220
(463)
220
(463)
Sta 827 (Alexandria): Annual
ESD and Maintenance (6/8/2026 - 6/11/2026) Sta 827 to Sta 823: Pig Run - Maintenance (M) (6/8/2026)
Sta 834 to Sta 827: Pig Run - Cleaning / Gauge 6/10/26
to 6/14/26 (M) (6/10/2026
- 6/14/2026)
Sta 834: Unit 7A - Turbocharger/Overhaul (6/1/2026 - 6/11/2026)
Station 527
(segment 527 BH)
2,395
2340
(55)
2340
(55)
2340
(55)
2340
(55)
2340
(55)
2340
(55)
2340
(55)
Sta 527: Unit 1C - High Vibration (2/4/2026 - 7/3/2026)
Station 534 South
of Pool (segment 530 BH)
1,550
1370
(180)
1528
(22)
1528
(22)
1528
(22)
1528
(22)
1528
(22)
1528
(22)
Sta 530: Unit 1A - Bearings (8/25/2025 - 12/31/2026)
Sta 530:
Unit 3A - Crankshaft Replacement (6/9/2025 - 12/31/2026) Sta 530: Unit 5A - Top-End Overhaul (6/9/2025 - 12/31/2026)
Sta
534: Annual ESD Test (6/8/2026)
Sta 534:
Unit 6A - Piston Liner
& Unloader Replacements (6/30/2025 - 7/10/2026)
Sta 534: Unit 7A - Oil Pump (6/9/2026 - 6/10/2026)
MLV
548
(segment 542 BH)
1,647
1435
(212)
1435
(212)
1435
(212)
1435
(212)
1435
(212)
1435
(212)
1435
(212)
Sta
542: Unit 1A - Emergent Repair (1/1/2026 - 6/18/2026) Sta 542: Unit 2A - Emergent Repair (4/7/2026 - 8/14/2026) Sta 542: Unit 3A - Emergent Repair (3/26/2026 - 6/28/2026)
Sta 546: Unit 7A - Metal
in Oil (7/14/2025 - 6/19/2026)
Station 860
(segment 548 BH)
1,593
1580
(13)
1580
(13)
1580
(13)
1580
(13)
1580
(13)
1580
(13)
1580
(13)
Sta 555: Unit 5A - Foundation Regrout
(1/20/2026 - 6/19/2026)
Station 860 North (Segment 860
BH)
1,874
1540
(334)
1540
(334)
1540
(334)
1540
(334)
1540
(334)
1540
(334)
1540
(334)
Sta 563 Joelton: Unit 2A - Solar Turbine Exchange (6/8/2026 - 6/17/2026) Sta 860: Unit 1A - Aftercooler Jacket
Water Inspection (6/17/2025 - 12/31/2026)
Station 110
(segment 187 BH)
(south thru Kentucky)
2,685
1748
(937)
1748
(937)
1748
(937)
1748
(937)
2225
(460)
2415
(270)
2415
(270)
MLV 109-3:
Crossover to Ln 5 Valve
Replacements (5/28/2026 - 6/11/2026) MLV 54-3 to MLV 106-3: Emergent Repair -
CAO (2/26/2026 - 12/31/2026) MLV 87-3 to MLV 96-3: Pig Run - Cal (6/9/2026)
Sta 110
Morehead: Annual ESD Test &
Substation Inspection (6/8/2026 - 6/12/2026)
Sta 871: Unit
3A - Engine Crankshaft Inspection (8/22/2025 - 6/16/2026)
Sta. 106:
C Building - Install Water
Trech System (6/8/2026 - 6/12/2026)
Station 114
(segment 114 BH)
907
907
907
907
812
(95)
907
907
907
Sta 119A: Unit
1A - Oil Cooler (6/11/2026)
Station 204
(Segment 204 BH)
1,828
1270
(558)
1270
(558)
1270
(558)
1270
(558)
1270
(558)
1,828
1,828
MLV 204-4
to MLV 206-4:
Replace MLV 205-4
(M) (5/27/2026 - 6/12/2026) MLV 205-4 to MLV 207-4:
Replace MLV 206-4
(M) (5/27/2026 - 6/12/2026) MLV 206-4 to MLV 208-4:
Replace MLV 207-4
(M) (5/27/2026 - 6/12/2026)
MLV 207-4 to MLV 209-4: Replace
MLV 208-4 (M) (5/27/2026 - 6/12/2026)
Station 245
(segment 245 FH)
986
830
(156)
830
(156)
830
(156)
830
(156)
830
(156)
830
(156)
830
(156)
Sta 241: Unit 2B - Oil
System (6/9/2026 - 6/11/2026)
Sta 245:
Unit 1A &
2A - Exhaust System &
HP Fuel (4/27/2026 - 11/1/2026) Sta 249: Unit 2B - 25k Overhaul (6/1/2026 - 6/26/2026)
Station 261 Discharge East (segment 261
FH)
888
500
(388)
500
(388)
500
(388)
500
(388)
500
(388)
888
888
Sta 261 Agawam: Unit
Suction Valve Replacement (M) (6/8/2026 - 6/12/2026)
Station 307
(segment 307 BH)
1,153
1,153
1,153
770
(383)
770
(383)
770
(383)
770
(383)
770
(383)
MLV 306-2
to MLV 307-2:
Anomaly Remediation (6/10/2026 - 6/15/2026) Sta 307: Unit 3A - Turbocharger swap (6/8/2026 - 6/12/2026)
Station 315
(segment 315 BH)
1,823
1,823
1,823
1,823
1,823
1,823
1,823
1,823
MLV 324
(segment 324 FH)
1,767
1,767
1,767
1,767
1,767
1,767
1,767
1,767
MLV 329
(segment 324 FH)
846
846
500
(346)
500
(346)
500
(346)
846
846
846
MLV 325-1
to MLV 329-1:
Pig runs - Cal/IMU (M) (6/10/2026)
MLV 325-1 to MLV 329-1: Pig
runs - Cleaning/Gauge (M) (6/9/2026) MLV 325-1 to MLV 329-1: Pig runs - MFL-C
(M) (6/11/2026)
Station 405 HC Line
(segment 299
FH)
794
794
794
794
794
794
794
794
This
document is updated
on a weekly basis and outage schedules/impacts are subject to change as the week progresses.
Dates
posted on DART should be deemed correct
in the event
of conflicts between DART posted dates
and dates on this report.
The
impacts sheet are based on steady-state hydraulic models assuming recent
operating flows, conditions, and various unit
outages.
-Primary
impact restrictions may be necessary
TGP - Outage
Impact Report
-Major impact restrictions may be necessary
June 2026 (updated 06/04/26)
-Minor impact
restrictions may be necessary depending on flow conditions
-Little to no impact, though
minor outages may cause incremental reductions
Station # / Lateral
Est Nominal Operating Capacity (Thousand Dth)
Week 1
(6/1 - 6/7)
Week 2
(6/8 - 6/14)
Week 3
(6/15 - 6/21)
Week 4
(6/22 - 6/28)
Primary Outage(s)
Est. Operational Capacity (Operational Impact) - Thousand Dth
Station 409A (Alamo)
(segment 492 FH)
274
274
125
(149)
MLV
409A-101.1 to MLV 409A-103: Pig Runs - Cleaning / Gauge (M) (6/23/2026) MLV 409A-101.1 to MLV 409A-103: Pig Runs
- Cleaning / Gauge (M) (6/24/2026) MLV
409A-101.1 to MLV 409A-103: Pig Runs - EMAT (M) (6/26/2026)
MLV 409A-101.1 to MLV 409A-103: Pig Runs - MFL-C (M) (6/25/2026)
Station 409 (Donna Line) (segment 490
FH)
564
564
564
Station 1
(segment 101 BH)
399
399
399
Station 9
(segment 109 BH)
1,027
945
(82)
945
(82)
MLV 4-1 to MLV 5-1: Emergent Repair
(6/10/2026 - 7/1/2026)
Station 17
(segment 117 FH)
1,122
1080
(42)
1000
(122)
MLV 17-3DL to MLV 18-3A: Anomaly
Remediation (6/15/2026 - 6/22/2026)
MLV 19-2 TO MLV 20-2A: Pipe Replacement (M)
(4/28/2026 - 6/19/2026) MLV 19-3 TO MLV 20-3A: Pipe Replacement (M) (6/22/2026 - 7/23/2026)
Station 25
(segment 125 FH)
1,078
1,078
1055
(23)
MLV 26-1 Relocation: Highway 59 Widening
(6/22/2026 - 7/10/2026)
Station 47
(segment 143 FH)
1,343
1330
(13)
1330
(13)
MLV 55-1 to MLV 56-1: PHMSA Immediate (5/11/2026 - 7/31/2026)
Station 63
(segment 163 FH)
1,242
1117
(125)
1117
(125)
MLV 54-3 to MLV 106-3:
Emergent Repair - CAO (2/26/2026 - 12/31/2026)
Station 823
(segment 823 BH)
734
734
734
Station 834
(segment 834 BH)
683
220
(463)
590
(93)
Sta
834 to Sta 827: Pig Run - BH Ultimate MFLA Combo 6/16/26 (M) (6/16/2026) Sta 834 to Sta 827: Pig Run - Cleaning /
Gauge 6/15/26 (M) (6/15/2026)
Sta 834:
Scrubber Filter Changeout (6/24/2026
- 6/26/2026) Sta 834: Station
Outage (6/24/2026 - 6/25/2026)
Station 527
(segment 527 BH)
2,395
2340
(55)
2340
(55)
Sta 527: Unit 1C - High Vibration (2/4/2026 - 7/3/2026)
Station
534 South of Pool (segment 530 BH)
1,550
1528
(22)
1528
(22)
Sta 530: Unit 1A - Bearings
(8/25/2025 - 12/31/2026)
Sta 530: Unit 3A - Crankshaft Replacement (6/9/2025 - 12/31/2026) Sta
530: Unit 5A - Top-End Overhaul (6/9/2025
- 12/31/2026)
Sta 534: Unit 6A - Piston Liner & Unloader
Replacements (6/30/2025 -
7/10/2026)
MLV 548
(segment 542 BH)
1,647
1215
(432)
1635
(12)
MLV 539-2 to
MLV 540-2: Anomaly Remediation (6/18/2026
- 6/20/2026) Sta 542: Unit 1A -
Emergent Repair (1/1/2026 -
6/18/2026)
Sta 542: Unit 2A - Emergent Repair (4/7/2026
- 8/14/2026) Sta 542: Unit 3A - Emergent
Repair (3/26/2026 - 6/28/2026)
Sta 546: Unit 7A - Metal
in Oil (7/14/2025 - 6/19/2026)
Station 860
(segment 548 BH)
1,593
1580
(13)
1580
(13)
Sta 555: Unit 5A -
Foundation Regrout (1/20/2026 -
6/19/2026) Sta. 555: Unit 4A - Engine Maintenance (6/22/2026 - 6/27/2026)
Sta. 555: Unit 6A - Engine Maintenance (6/15/2026 - 6/18/2026)
Station 860 North (Segment 860
BH)
1,874
1530
(344)
1846
(28)
Sta 563 Joelton: Scrubber Filter Changeout (6/15/2026 - 6/17/2026) Sta 563 Joelton: Unit 2A - Solar Turbine
Exchange (6/8/2026 - 6/17/2026)
Sta 860: Unit 1A - Aftercooler Jacket Water Inspection (6/17/2025 - 12/31/2026)
Station 110
(segment 187 BH)
(south thru Kentucky)
2,685
1895
(790)
1930
(755)
MLV 54-3 to
MLV 106-3: Emergent Repair - CAO (2/26/2026
- 12/31/2026) MLV 87-3 to MLV 96-3:
Pig Run - EMAT (6/16/2026)
MLV 87-3 to MLV 96-3: Pig Run - MDS (6/23/2026)
Sta 87: Unit 3D - Power side Overhaul
(6/22/2026 - 9/30/2026) Sta
871 Campbellsville: Annual ESD Test (6/23/2026)
Sta 871: Unit 3A - Engine
Crankshaft Inspection (8/22/2025 - 6/16/2026)
Station 114
(segment 114 BH)
907
907
907
Station 204
(Segment 204 BH)
1,828
1545
(283)
1,828
Sta 200 Greenup: Annual
ESD Test (6/16/2026 - 6/19/2026) Sta 200: Unit 1B - Crankcase Inspection (6/16/2026 - 6/19/2026)
Station 219 to
Station 224
(Segment 219 FH)
539
140
(399)
539
MLV 219-1D to MLV 224-1:
Pig Run - Maintenance (6/16/2026)
-Primary
impact restrictions may be necessary
TGP - Outage
Impact Report
-Major impact restrictions may be necessary
June 2026 (updated 06/04/26)
-Minor impact
restrictions may be necessary depending on flow conditions
-Little to no impact, though
minor outages may cause incremental reductions
Station # / Lateral
Est Nominal Operating Capacity (Thousand Dth)
Week 1
(6/1 - 6/7)
Week
2
(6/8 - 6/14)
Week 3
(6/15 - 6/21)
Week 4
(6/22 - 6/28)
Primary
Outage(s)
Est. Operational Capacity (Operational Impact) - Thousand Dth
Station 245
(segment 245 FH)
986
735
(251)
830
(156)
Sta 241: Annual ESD Test (6/16/2026)
Sta
245: Unit 1A & 2A - Exhaust System & HP Fuel (4/27/2026 - 11/1/2026) Sta
249: Unit 2B - 25k Overhaul (6/1/2026
- 6/26/2026)
Station 261 Discharge East (segment
261
FH)
888
888
888
Station 307
(segment 307 BH)
1,153
770
(383)
1,153
MLV 306-2 to MLV 307-2:
Anomaly Remediation (6/10/2026 - 6/15/2026)
Station 315
(segment 315 BH)
1,823
1,823
1,823
MLV 324
(segment 324 FH)
1,767
1,767
1450
(317)
Sta 325: Station
Outage (6/24/2026 - 6/25/2026)
Cranston Lateral
South
(segment 281
FH)
187
187
150
(37)
MLV 265E-101.1 to MLV 265E-104: PIG RUNS - Cal/IMU (M) (6/23/2026) ; MLV
265E-101.1 to MLV 265E-104: PIG RUNS - Gauge/Cleaning tool (M) (6/22/2026)
; MLV 265E-101.1 to MLV 265E-104: PIG RUNS - MFL-A (M) (6/24/2026)
Station 405 HC Line (segment 299
FH)
794
794
794
This
document is updated
on a weekly basis and outage schedules/impacts are subject to change as the week progresses.
Dates
posted on DART should be deemed correct
in the event of conflicts between DART posted
dates and dates on this report.
The impacts sheet are based on steady-state hydraulic models assuming recent operating flows, conditions, and various unit outages.
-Primary
impact restrictions may be necessary
TGP - Outage
Impact Report
-Major impact restrictions may be necessary
July 2026 (updated
06/04/26)
-Minor impact restrictions may be necessary depending on flow
conditions
-Little to no impact, though
minor outages may cause incremental reductions
Station # / Lateral
Est Nominal Operating Capacity (Thousand Dth)
Week 1
(6/29 - 7/5)
Week 2
(7/6 - 7/12)
Week 3
(7/13 - 7/19)
Week 4
(7/20 - 7/26)
Week 5
(7/27 - 8/2)
Primary
Outage(s)
Est. Operational Capacity (Operational Impact) - Thousand Dth
Station 409 (Donna
Line) (segment 490
FH)
564
564
564
564
564
564
Station 1
(segment 101 BH)
399
399
399
399
399
399
Station 9
(segment 109 BH)
1,027
945
(82)
1,027
640
(387)
640
(387)
640
(387)
MLV 11-1A to
MLV 11-1: Anomaly Remediation (7/27/2026
- 8/14/2026) MLV 1-2D to MLV 5-2: Pig Run - Cleaning Gauge
(7/13/2026) MLV 1-2D to MLV 5-2: Pig Run - Cleaning Gauge
(7/14/2026) MLV 1-2D to MLV 5-2: Pig Run - Cleaning Gauge
(7/15/2026) MLV 1-2D to MLV 5-2: Pig Run - Cleaning Gauge
(7/16/2026) MLV 1-2D to MLV
5-2: Pig Run - Cleaning Gauge (7/17/2026)
MLV 1-2D to MLV 5-2: Pig Run - TDW MDS (7/21/2026)
MLV 13-1 to
MLV 12-1: Anomaly Remediation (7/27/2026
- 8/13/2026) MLV 4-1 to MLV 5-1:
Emergent Repair (6/10/2026 -
7/1/2026)
MLV 9-1D to MLV 10-1: Anomaly
Remediation (7/27/2026 - 8/14/2026)
Station 17
(segment 117 FH)
1,122
1000
(122)
1000
(122)
1000
(122)
1000
(122)
1100
(22)
MLV 19-1 TO
MLV 20-1A: Pipe Replacement (M) (7/25/2026 - 9/2/2026) MLV 19-3 TO MLV 20-3A: Pipe Replacement (M) (6/22/2026 - 7/23/2026)
Station 25
(segment 125 FH)
1,078
1055
(23)
1055
(23)
1070
(8)
955
(123)
1070
(8)
MLV 25-2 to MLV 26-2: Pipe Replacement
(7/11/2026 - 7/29/2026) MLV
26-1 Relocation: Highway 59 Widening (6/22/2026
- 7/10/2026) MLV 26-2 Relocation: Highway
59 Widening (7/11/2026 - 7/29/2026)
Sta 25: Annual ESD Test (7/21/2026)
Station 47
(segment 143 FH)
1,343
1330
(13)
1115
(228)
960
(383)
1330
(13)
1330
(13)
MLV 40-1D to
MLV 47-1S: Pig Run - Maintenance (7/14/2026) MLV 40-4D to MLV 47-4S: Pig Run -
Maintenance (7/9/2026)
MLV 55-1 to MLV 56-1: PHMSA Immediate (5/11/2026 - 7/31/2026)
Sta. 47: Station Transformer Maintenance (7/13/2026 - 7/14/2026)
Station 63
(segment 163 FH)
1,242
1117
(125)
1117
(125)
1117
(125)
901
(341)
901
(341)
MLV 54-3 to
MLV 106-3: Emergent Repair - CAO (2/26/2026
- 12/31/2026) MLV 77-3 to MLV
77-3A: Pipe Replacements (7/20/2026
- 7/27/2026)
Station 823
(segment 823 BH)
734
734
734
734
734
734
Station 823 Muskrat
Line (segment 509
BH)
231
130
(101)
231
231
231
231
Sta 823 to MLV 516: Pig Run - Maintenance (M) (6/30/2026)
MLV 516
Muskrat Line
(segment 516 FH)
241
241
100
(141)
241
241
241
Sta 523 to
MLV 516: Pig Run - Chemical Cleaning / Gauge 7/6/26 to 7/10/26 (M) (7/6/2026 - 7/10/2026)
Sta 523 to MLV 516: Pig Run - MFL-A 7/11/26 (M) (7/11/2026)
Station 527
(segment 527 BH)
2,395
2340
(55)
2,395
2,395
2,395
2,395
Sta 527: Unit 1C - High Vibration (2/4/2026 - 7/3/2026)
Station 534 South of Pool (segment 530 BH)
1,550
1528
(22)
1528
(22)
1528
(22)
1528
(22)
1528
(22)
Sta 530: Unit 1A - Bearings
(8/25/2025 - 12/31/2026)
Sta
530: Unit 3A - Crankshaft Replacement (6/9/2025
- 12/31/2026) Sta 530: Unit 5A -
Top-End Overhaul (6/9/2025 -
12/31/2026)
Sta 534: Unit 6A - Piston Liner & Unloader Replacements (6/30/2025 -
7/10/2026)
MLV 548
(segment 542 BH)
1,647
1640
(7)
1640
(7)
1640
(7)
1640
(7)
1640
(7)
Sta 542: Unit 2A - Emergent Repair
(4/7/2026 - 8/14/2026)
Station 860
(segment 548 BH)
1,593
1,593
1,593
1585
(8)
1430
(163)
1,593
MLV 557-3 to MLV 559-3:
Pig Runs - Cal / IMU & MFL-A 6/4/26
(7/16/2026)
MLV 557-3 to
MLV 559-3: Pig Runs - Cleaning / Gauge 6/2/26 (7/14/2026) Sta 555:
Scrubber/Filter/Separator Clean, Inspect & Filter Change (7/21/2026 -
7/22/2026)
Station 860 North (Segment 860
BH)
1,874
1846
(28)
1846
(28)
1846
(28)
1846
(28)
1846
(28)
Sta 860: Unit 1A - Aftercooler Jacket
Water Inspection (6/17/2025 - 12/31/2026)
Station 110
(segment 187 BH)
(south thru Kentucky)
2,685
2534
(151)
2358
(327)
2040
(645)
2150
(535)
2150
(535)
MLV 104-1 to
MLV 105-1: Anomaly Remediation (7/13/2026
- 8/15/2026) MLV 107-7 to 110-7:
Valve Installation & Crossover Work (7/7/2026
- 7/27/2026)
MLV 109-4 to
110-4: Valve Installation & Crossover Work (7/28/2026 - 8/11/2026)
MLV 109-4 to
MLV 110-4: Pipe Replacement (7/28/2026
- 8/11/2026) MLV 109-7 to MLV
110-7: Pipe Replacement (7/7/2026 -
7/27/2026)
MLV 54-3 to
MLV 106-3: Emergent Repair - CAO (2/26/2026
- 12/31/2026) MLV 96-3BR to MLV
96-3BL: Spike Test (7/27/2026 -
8/31/2026)
Sta 87: Unit 3D - Power side Overhaul
(6/22/2026 - 9/30/2026) Sta
96 Campbellsville: Annual ESD Test (7/14/2026
- 7/15/2026)
Sta 96
Campbellsville: Annual Substation Inspection
(7/13/2026 - 7/16/2026) Sta
96: Unit 2D Replace Compressor Valves (7/5/2026
- 7/9/2026)
Station 114
(segment 114 BH)
907
600
(307)
907
907
907
907
Sta 114: Unit 1D - Solar Turbine
Inspection (6/29/2026 - 7/1/2026)
-Primary impact restrictions may be necessary
TGP - Outage
Impact Report
-Major impact restrictions may be necessary
July 2026 (updated
06/04/26)
-Minor impact restrictions may be necessary depending on flow
conditions
-Little to no impact, though
minor outages may cause incremental reductions
Station # / Lateral
Est Nominal Operating Capacity (Thousand Dth)
Week 1
(6/29 - 7/5)
Week 2
(7/6 - 7/12)
Week 3
(7/13 - 7/19)
Week 4
(7/20 - 7/26)
Week 5
(7/27 - 8/2)
Primary
Outage(s)
Est. Operational Capacity (Operational Impact) - Thousand Dth
Station 204
(Segment 204 BH)
1,828
1,828
1,828
1,828
1,828
1,828
Station 230C
(segment 296 FH)
743
743
743
370
(373)
743
743
Sta 230C: Annual
ESD (M) (7/13/2026 - 7/14/2026)
Station 237
(segment 237 FH)
1,006
1,006
1,006
1,006
1,006
780
(226)
MLV 237-1 to
MLV 245-1: Pig Run - Cleaning/Gauge (7/27/2026) MLV 237-1 to MLV 245-1: Pig Run - MFL-C (7/29/2026)
Station 245
(segment 245 FH)
986
970
(16)
970
(16)
760
(226)
970
(16)
970
(16)
Sta 245:
Unit 1A & 2A - Exhaust System & HP Fuel (4/27/2026 - 11/1/2026) Sta
245-1 to MLV 249-1: Pig Run - Cal/IMU (7/15/2026)
Sta 245-1 to
MLV 249-1: Pig Run - Gauge/Cleaning tool (7/14/2026) Sta 245-1 to MLV 249-1: Pig Run - MFL-C (7/16/2026)
MLV 256 West
(segment 249 FH)
1,203
1,203
1,203
1,203
535
(668)
1,203
MLV 249-2 to
MLV 254-2: Gauge/Cleaning tool (7/20/2026) MLV 249-2 to MLV 254-2: Hardspot/Geo (7/23/2026)
MLV 249-2 to MLV 254-2: MFL-A/IMU (7/21/2026)
Station 261 Discharge East (segment 261
FH)
888
888
888
888
888
888
Station 307
(segment 307 BH)
1,153
1,153
1,153
1,153
930
(223)
1115
(38)
Sta
219: Unit 1B - Protective Device Checks & GHG (7/20/2026 - 7/24/2026) Sta
219: Unit 1B - Save Air System (7/20/2026
- 7/31/2026)
Sta 307: Unit 1A -
Protective Device Checks (7/20/2026
- 7/24/2026) Sta 307: Unit 2A -
Protective Device Checks (7/20/2026
- 7/24/2026) Sta 307: Unit 3A -
Protective Device Checks (7/20/2026
- 7/24/2026) Sta 307: Unit 4A - Protective Device Checks (7/20/2026 - 7/24/2026)
Station 313 Discharge (segment 399
FH)
797
720
(77)
797
797
797
797
Sta 313: Unit 1C - Substation Inspection (6/30/2026 - 7/1/2026)
Station 315
(segment 315 BH)
1,823
1,823
1,823
1,823
1,823
1,823
Station 321
(segment 321 FH)
2,102
2,102
2,102
2,102
1715
(387)
2,102
Sta 321: Station
Valves for ESD System (7/21/2026 - 7/23/2026)
MLV 324
(segment 324 FH)
1,767
1,767
1735
(32)
1,767
1,767
1,767
Sta 325: Units
4A - Water Wash & Borescope (7/6/2026 - 7/7/2026)
Station 405 HC Line (segment 299
FH)
794
794
680
(114)
794
794
794
Sta 405A: Annual ESD Test / Filter
Scrubber (7/7/2026 - 7/9/2026)
This document is updated
on a weekly basis and outage schedules/impacts are subject to change as the week progresses. Dates posted on DART should be deemed
correct in the event of conflicts between DART posted dates and dates on this
report.
The impacts sheet are based on steady-state hydraulic models assuming
recent operating flows,
conditions, and various
unit outages.
-Primary impact restrictions may be necessary
TGP - Outage
Impact Report
-Major impact restrictions may be necessary
August
2026 (updated 06/04/26)
-Minor impact
restrictions may be necessary depending on flow conditions
-Little to no impact, though
minor outages may cause incremental reductions
Station # / Lateral
Est Nominal Operating Capacity (Thousand Dth)
Week 1
(8/3 - 8/9)
Week 2
(8/10 - 8/16)
Week 3
(8/17 - 8/23)
Week 4
(8/24 - 8/30)
Primary Outage(s)
Est. Operational Capacity (Operational Impact) - Thousand Dth
Station 409 (Donna Line) (segment 490
FH)
564
564
564
564
564
Station 1
(segment 101 BH)
399
399
399
399
399
Station 9
(segment 109 BH)
1,027
768
(259)
768
(259)
969
969
MLV 11-1A to MLV 11-1:
Anomaly Remediation (7/27/2026 -
8/14/2026) MLV 13-1 to MLV 12-1:
Anomaly Remediation (7/27/2026 -
8/13/2026)
MLV 9-1D to MLV 10-1: Anomaly Remediation (7/27/2026 - 8/14/2026)
Station 17
(segment 117 FH)
1,122
1100
(22)
1100
(22)
1100
(22)
1100
(22)
MLV 19-1 TO MLV 20-1A:
Pipe Replacement (M) (7/25/2026 - 9/2/2026)
Station 25
(segment 125 FH)
1,078
925
(153)
925
(153)
925
(153)
1,078
MLV 26-3 Relocation: Highway 59 Widening (M) (8/3/2026 - 8/20/2026)
Station 47
(segment 143 FH)
1,343
1,343
1,343
1,343
1,343
Station 63
(segment 163 FH)
1,242
1117
(125)
1117
(125)
1117
(125)
1117
(125)
MLV 54-3 to MLV 106-3:
Emergent Repair - CAO (2/26/2026 -
12/31/2026) MLV 82-2C to MLV 83-2:
Anomaly Remediation (8/3/2026 -
8/7/2026)
Station 823
(segment 823 BH)
734
734
734
734
734
Station 534 South of Pool (segment 530
BH)
1,550
1528
(22)
1528
(22)
1528
(22)
1528
(22)
Sta 530: Unit 1A - Bearings
(8/25/2025 - 12/31/2026)
Sta 530: Unit 3A - Crankshaft Replacement (6/9/2025 - 12/31/2026) Sta
530: Unit 5A - Top-End Overhaul (6/9/2025
- 12/31/2026)
MLV 548
(segment 542 BH)
1,647
1640
(7)
1640
(7)
1,647
1235
(412)
Sta 542 Dekalb: Annual
ESD Test (8/25/2026 - 8/27/2026) Sta 542: Unit 2A - Emergent Repair
(4/7/2026 - 8/14/2026)
Station 860
(segment 548 BH)
1,593
1,593
1,593
1,593
1,593
Station 860 North (Segment 860
BH)
1,874
1846
(28)
1846
(28)
1846
(28)
1846
(28)
Sta 860: Unit 1A - Aftercooler Jacket Water Inspection (6/17/2025 - 12/31/2026)
Station 110
(segment 187 BH)
(south thru Kentucky)
2,685
2457
(228)
2470
(215)
2308
(377)
2050
(635)
MLV 104-1 to
MLV 105-1: Anomaly Remediation (7/13/2026
- 8/15/2026) MLV 109-4 to 110-4:
Valve Installation & Crossover Work (7/28/2026
- 8/11/2026)
MLV
109-4 to MLV 110-4: Pipe Replacement (7/28/2026
- 8/11/2026) MLV 109-5 to MLV
109-5A: Pipe Replacement (8/18/2026
- 9/1/2026) MLV 109-5A to MLV 110-5: Pipe Replacement (8/18/2026 - 9/1/2026)
MLV 54-3 to
MLV 106-3: Emergent Repair - CAO (2/26/2026
- 12/31/2026) MLV 96-3BR to MLV
96-3BL: Spike Test (7/27/2026 -
8/31/2026)
Sta 110: Install ESD Silence Covers (8/24/2026
- 8/28/2026) Sta 87: Unit 3D -
Power side Overhaul (6/22/2026 -
9/30/2026)
Sta 875: Unit 1A- 8K Solar Turbine
Inspection (8/17/2026 - 8/21/2026)
Sta 96: Unit 2D - Install
Ball Grove Valve (8/3/2026 - 8/7/2026)
Station 114
(segment 114 BH)
907
907
393
(514)
393
(514)
393
(514)
MLV 117-3 to
MLV 118-3: Special Permit Pipe Replacement
(8/10/2026 - 8/31/2026)
MLV 119-2 to
MLV 119-2A: Special Permit Pipe Replacement
(8/10/2026 - 8/31/2026)
Sta 119A: Unit 1A - Solar Turbine Inspection (8/10/2026 - 8/12/2026)
Station 204
(Segment 204 BH)
1,828
1,828
1,828
1770
(58)
1770
(58)
MLV 202-2 to
MLV 203-2: CLASS CHANGE REPLACEMENT TGP 202-2 (8/17/2026 - 9/26/2026)
Station 245
(segment 245 FH)
986
970
(16)
970
(16)
970
(16)
970
(16)
Sta 245: Unit 1A & 2A - Exhaust System
& HP Fuel (4/27/2026 - 11/1/2026)
Station 261 Discharge East (segment
261
FH)
888
720
(168)
888
888
888
Sta 261: Unit 2D - Engine Inspection & Borescope (8/3/2026 - 8/7/2026)
Station 307
(segment 307 BH)
1,153
965
(188)
1,153
765
(388)
1,153
Sta 219: Annual ESD Test
& Scrubber Maintenance (8/17/2026
- 8/21/2026) Sta 307 (Pigeon):
Annual ESD Test & Maintenance (8/3/2026
- 8/7/2026)
Station 313 Discharge (segment 399
FH)
797
797
797
515
(282)
797
Sta 313 Coudersport: Annual ESD Test & Maintenance (8/17/2026 - 8/20/2026)
-Primary impact restrictions may be necessary
TGP - Outage
Impact Report
-Major impact restrictions may be necessary
August
2026 (updated 06/04/26)
-Minor impact
restrictions may be necessary depending on flow conditions
-Little to no impact, though
minor outages may cause incremental reductions
Station # / Lateral
Est Nominal Operating Capacity (Thousand Dth)
Week 1
(8/3 - 8/9)
Week 2
(8/10 - 8/16)
Week 3
(8/17 - 8/23)
Week 4
(8/24 - 8/30)
Primary
Outage(s)
Est. Operational Capacity (Operational Impact) - Thousand Dth
Station 315
(segment 315 BH)
1,823
1,823
1,823
1,823
1,823
Station 317
(segment 317 BH)
1,548
1,548
1,548
1,548
1345
(203)
Sta 317: Annual
ESD Test & Maintenance (8/24/2026 - 8/28/2026)
MLV 324
(segment 324 FH)
1,767
1,767
1,767
1,767
1,767
Station 405 HC Line (segment 299
FH)
794
794
794
794
794
Station 224
(segment 224 FH)
388
388
388
388
280
(108)
Station 224: Scrubber
Inspections & Filter
Change (8/25/2026 - 8/26/2026)
This document is updated on a weekly
basis and outage
schedules/impacts are subject
to change as the week progresses.
Dates
posted on DART should be deemed correct
in the event of conflicts between DART posted
dates and dates on this report.
The impacts sheet are based on steady-state hydraulic models assuming recent operating flows,
conditions, and various
unit outages.",2026-06-04T19:32:43.000000Z,2026-06-04T19:32:43.000000Z,2026-06-05T14:00:00.000000Z,1,2026-06-04T05:00:00.000000Z,8d5a8d0c3226e64f800ea04248be927068acc0a5b86065d70ad09bce9c147913,https://pipeline2.kindermorgan.com/Notices/NoticeDetail.aspx?code=TGP&notc_nbr=401825,data/raw/km_tgp_notice_detail/2026/08/28/8d5a8d0c3226e64f800ea04248be927068acc0a5b86065d70ad09bce9c147913.html,km_tgp_notice_detail:1787932495723750000:8d5a8d0c3226e64f800ea04248be927068acc0a5b86065d70ad09bce9c147913
TGP,401794,71d43b95711c13c5bf1b7a1842bfc34ad354e2f7e9944d7908d8fa7c77f62937,,True,False,2026-08-28T15:54:58.414938Z,MAINTENANCE,MAINTENANCE,INITIATE,,TGP SUMMER MAINTENANCE MTG 5-16-2026,"TGP's 2026 SUMMER MAINTENANCE TEAMS
MEETING 6-16-2026
Tennessee Gas Pipeline Company, LLC (“Tennessee”) will
be hosting its next 2026 TEAMS Summer Maintenance meeting to provide customers
and other interested parties an overview of Tennessee's upcoming Summer Scheduled
Maintenance for the remaining days of June and all of July and August 2026 on
Tuesday, June 16, 2026, from 1:30 PM CST to 2:30 PM CST via TEAMS only. Additionally,
there will be a review of upcoming scheduled maintenance on the Stagecoach,
Arlington and Twin Tier systems. There will be a question and answer segment
immediately following.
Please see TEAMS info below:
TGP Summer Maintenance and Outages TEAMS Meeting
Join on your computer, mobile
app or room device
________________________________________________________________________________
Microsoft Teams meeting
Join: https://teams.microsoft.com/meet/23579493131869?p=w4N7s4IHBI1GQNbITK
Meeting ID: 235 794 931 318 69
Passcode: Vg6AB2AN
Need help | System reference
Dial in by phone
+1
346-410-0970,,694003306# United States, Houston
Find a local number
Phone conference ID: 694 003 306#
For organizers: Meeting options | Reset dial-in PIN
________________________________________________________________________________",2026-06-03T14:53:03.000000Z,2026-06-03T14:53:03.000000Z,2026-06-04T14:00:00.000000Z,1,2026-06-03T05:00:00.000000Z,71d43b95711c13c5bf1b7a1842bfc34ad354e2f7e9944d7908d8fa7c77f62937,https://pipeline2.kindermorgan.com/Notices/NoticeDetail.aspx?code=TGP&notc_nbr=401794,data/raw/km_tgp_notice_detail/2026/08/28/71d43b95711c13c5bf1b7a1842bfc34ad354e2f7e9944d7908d8fa7c77f62937.html,km_tgp_notice_detail:1787932498414938000:71d43b95711c13c5bf1b7a1842bfc34ad354e2f7e9944d7908d8fa7c77f62937
TGP,401751,3d1afa2f242fdb09dcf2dff22cb8c8e8a697e339d4d966de1c6c03f51c07a793,,True,False,2026-08-28T15:55:01.139512Z,MAINTENANCE,MAINTENANCE,INITIATE,,EMERGENT REPAIR MLV 4-1 TO 8-1 EFF 6-2,"EMERGENT
REPAIR BETWEEN MLV 4-1 AND MLV 8-1 EFFECTIVE 6-2-2026
Pursuant
to Article XII of the General Terms and Conditions of Tennessee's FERC Gas
Tariff, Tennessee is posting notice of an Emergent Repair between MLV 4-1 and
MLV 8-1 near Victoria, Texas located in Victoria County. Tennessee has
identified an issue that necessitates repairs. Tennessee is currently evaluating
the impacts of the issue. The affected segment has been isolated. Based on
current nominations, Secondary Out of the Path nominations pathed through STA 9
(Segment 109 BH) could be at risk as early as Timely Cycle for the gas day of
Tuesday, June 2, 2026 and until further notice. Previously scheduled
nominations for the current gas day of June 1, 2026 will not be curtailed;
however, increases pathed through STA 9 (Segment 109 BH) for the remainder of
today's gas day are at risk.
Updates
will be provided as more information becomes available.
Please
contact your Account Representative or Scheduler if you have any questions.",2026-06-01T20:56:06.000000Z,2026-06-01T20:56:06.000000Z,2026-06-02T14:00:00.000000Z,1,2026-06-01T05:00:00.000000Z,3d1afa2f242fdb09dcf2dff22cb8c8e8a697e339d4d966de1c6c03f51c07a793,https://pipeline2.kindermorgan.com/Notices/NoticeDetail.aspx?code=TGP&notc_nbr=401751,data/raw/km_tgp_notice_detail/2026/08/28/3d1afa2f242fdb09dcf2dff22cb8c8e8a697e339d4d966de1c6c03f51c07a793.html,km_tgp_notice_detail:1787932501139512000:3d1afa2f242fdb09dcf2dff22cb8c8e8a697e339d4d966de1c6c03f51c07a793
TGP,403802,46485bb248300193468625e90e1a0552f36c4adb8a4d2cdff1a507c289e82063,,True,False,2026-08-28T15:55:05.364330Z,MAINTENANCE,MAINTENANCE,INITIATE,,TGP Outage Impact Report,"-Primary
impact restrictions may be necessary
TGP - Outage
Impact Report
-Major
impact restrictions may be
necessary
Seven Day Forecast (updated 08/27/26)
-Minor impact restrictions may be necessary depending on flow conditions
-Little to no impact, though
minor outages may cause incremental reductions
Station / Seg
Est Nominal
Operating Capacity (Thousand Dth)
Monday
(8/31)
Tuesday
(9/1)
Wednesday
(9/2)
Thursday
(9/3)
Friday
(9/4)
Saturday
(9/5)
Sunday
(9/6)
Primary Outage(s) that
may Impact Throughput
Est. Operational Capacity
(Operational Impact) - Thousand
Dth
Station 409
(Donna Line)
(segment 490 FH)
564
564
564
564
564
564
564
564
Station 1
(segment 101 BH)
399
399
399
399
399
399
399
399
Station 9
(segment 109 BH)
1,027
970
(57)
970
(57)
970
(57)
970
(57)
970
(57)
1,027
1,027
MLV 4-2 to MLV 5-2: Anomaly Remediation (8/27/2026 - 9/4/2026)
Station 17
(segment 117 FH)
1,122
1100
(22)
1100
(22)
1100
(22)
1100
(22)
1100
(22)
1100
(22)
1100
(22)
MLV 19-1 TO MLV 20-1A:
Pipe Replacement (M) (8/6/2026 - 9/18/2026)
Station 25
(segment 125 FH)
1,078
1,078
1,078
1,078
1,078
1,078
1,078
1,078
Station 47
(segment 143 FH)
1,343
1045
(298)
1045
(298)
1045
(298)
1,343
1,343
1,343
1,343
MLV 47-4D to MLV 54-4S: Pig Run - Gauge Cleaning (M) (8/31/2026)
MLV 47-4D to MLV 54-4S:
Pig Run - Gauge Cleaning (M) (9/1/2026) MLV 47-4D to MLV 54-4S:
Pig Run - Gauge Cleaning (M) (9/2/2026)
Station 63
(segment 163 FH)
1,242
901
(341)
1117
(125)
1117
(125)
1117
(125)
1117
(125)
1117
(125)
1117
(125)
MLV 54-3
to MLV 106-3:
Emergent Repair - CAO (2/26/2026 - 12/31/2026) MLV 77-3 to MLV 77-3A: Pipe Replacements (8/17/2026 - 8/31/2026)
Station 823
(segment 823 BH)
734
734
734
734
734
734
734
734
Station 834
(segment 834 BH)
683
590
(93)
590
(93)
590
(93)
590
(93)
590
(93)
683
683
Sta 834: Catalyst Cleaning (8/31/2026 - 9/4/2026) Sta 834: Station Outage (8/31/2026
- 9/2/2026)
Station 534 South
of Pool (segment 530
BH)
1,550
985
(565)
905
(645)
985
(565)
985
(565)
985
(565)
985
(565)
985
(565)
MLV 533-2
to MLV 534-2:
Pipe Replacement (M) (6/4/2026 - 9/17/2026) Sta 530: Update Safety PLC (9/1/2026)
Station 534
(segment 534 BH)
1,909
1,909
1645
(264)
1645
(264)
1,909
1,909
1,909
1,909
Sta 538: Unit 1C - Preventive Maintenance (9/1/2026 - 9/2/2026)
Station 860
(segment 548 BH)
1,593
1390
(203)
1390
(203)
1390
(203)
1390
(203)
1390
(203)
1390
(203)
1390
(203)
Sta 542: Unit 2A - Emergent Repair (4/7/2026
- 9/30/2026) Sta 542: Unit 3A - Emergent Repair (3/26/2026 - 8/31/2026) Sta 546: Unit 7A - Metal in Oil (7/14/2025 - 8/31/2026)
Sta 555: Unit 1B - Hot Gas Path
(8/10/2026 - 9/18/2026)
Station 860 North (Segment 860
BH)
1,874
1846
(28)
1846
(28)
1846
(28)
1846
(28)
1846
(28)
1846
(28)
1846
(28)
Sta 860: Unit 1A - Aftercooler Jacket Water Inspection (6/17/2025 - 12/31/2026)
Station 110
(segment 187 BH)
(south thru Kentucky)
2,685
2278
(407)
2294
(391)
2414
(271)
2414
(271)
2414
(271)
2424
(261)
2424
(261)
MLV 104-1
to MLV 105-1:
Anomaly Remediation (8/6/2026 - 9/12/2026) MLV 109-4 to MLV 110-4: Pipe Replacement (8/10/2026 - 9/11/2026)
MLV 110-2 to MLV 114-2:
CAO - Force Majeure (M)
(7/14/2026 - 12/31/2026)
MLV 54-3
to MLV 106-3:
Emergent Repair - CAO (2/26/2026 - 12/31/2026) MLV 96-3 to MLV 97-3: Anomaly
Remediation (8/24/2026 - 9/4/2026)
MLV 96-3BR to MLV 96-3BL: Spike Test (7/27/2026 - 8/31/2026)
Sta 106: Unit 1C - Engine Maintenance (8/26/2026 - 9/10/2026) Sta 87: Unit 3D - Power side Overhaul (6/22/2026 - 9/30/2026) Sta
871 Campbellsville: Annual ESD Test (9/1/2026)
Station 114
(segment 114 BH)
907
393
(514)
393
(514)
393
(514)
393
(514)
393
(514)
393
(514)
393
(514)
MLV 117-3
to MLV 118-3:
Special Permit Pipe Replacement (8/18/2026 - 9/6/2026)
MLV 119-2 to MLV 119-2A:
Special Permit Pipe
Replacement (8/18/2026 -
9/6/2026)
Station 204
(Segment 204 BH)
1,828
1795
(33)
1795
(33)
1795
(33)
1795
(33)
1795
(33)
1,828
1,828
Sta 204: Unit 12A - Engine Maintenace (8/24/2026 - 9/4/2026)
Station 245
(segment 245 FH)
986
970
(16)
970
(16)
970
(16)
970
(16)
970
(16)
970
(16)
970
(16)
Sta 245:
Unit 1A &
2A - Exhaust System &
HP Fuel (4/27/2026 - 11/1/2026)
Station 261 Discharge East (segment 261
FH)
888
715
(173)
715
(173)
715
(173)
715
(173)
715
(173)
715
(173)
715
(173)
Sta 264
Charlton: Unit 1C - Engine
Maintenance (8/24/2026 - 10/16/2026)
Station 307
(segment 307 BH)
1,153
1,153
1,153
1,153
1,153
1,153
1,153
1,153
Station 315
(segment 315 BH)
1,823
1,823
1,823
1,823
1,823
1,823
1,823
1,823
MLV 324
(segment 324 FH)
1,767
1515
(252)
1515
(252)
1515
(252)
1515
(252)
1515
(252)
1515
(252)
1,767
MLV 321-1L
to MLV 322-1:
Anomaly Remediation (8/31/2026 - 9/5/2026)
Station 405 HC Line
(segment 299
FH)
794
794
794
794
794
794
794
794
This
document is updated
on a weekly basis and outage schedules/impacts are subject to change as the week progresses.
Dates
posted on DART should be deemed correct
in the event
of conflicts between DART posted dates
and dates on this report.
The
impacts sheet are based on steady-state hydraulic models assuming recent
operating flows, conditions, and various unit
outages.
-Primary
impact restrictions may be necessary
TGP - Outage
Impact Report
-Major impact restrictions may be necessary
September 2026 (updated 08/27/26)
-Minor impact
restrictions may be necessary depending on flow conditions
-Little to no impact, though
minor outages may cause incremental reductions
Station # / Lateral
Est Nominal Operating Capacity (Thousand Dth)
Week 1
(8/31 - 9/6)
Week 2
(9/7 - 9/13)
Week 3
(9/14 - 9/20)
Week 4
(9/21 - 9/27)
Primary Outage(s)
Est. Operational Capacity (Operational Impact) - Thousand Dth
Station 409A (Alamo)
(segment 492 FH)
274
274
215
(59)
125
(149)
MLV 409-1 to MLV 406-1: Spike Test (M) (9/14/2026 - 10/31/2026)
MLV 409A-101.1 to MLV 409A-103: Pig Runs - Cleaning / Gauge
(M) (9/21/2026) MLV 409A-101.1 to
MLV 409A-103: Pig Runs - Cleaning / Gauge (M) (9/22/2026) MLV 409A-101.1 to MLV 409A-103: Pig Runs
- Cleaning / Gauge (M) (9/23/2026) MLV
409A-101.1 to MLV 409A-103: Pig Runs - EMAT (M) (9/25/2026)
MLV 409A-101.1 to MLV 409A-103: Pig Runs - MFL-C (M) (9/24/2026)
Station 409 (Donna Line) (segment 490
FH)
564
564
564
564
Station 1
(segment 101 BH)
399
399
399
265
(134)
MLV 1-1D to MLV 5-1: Spike
Test (M) (9/21/2026 - 11/2/2026)
Sta 1: Station
Power Protection System
(9/22/2026)
Station 9
(segment 109 BH)
1,027
835
(192)
835
(192)
1,027
MLV 2-2 to MLV 3-2: Anomaly Remediation (9/8/2026 - 9/18/2026)
Station 17
(segment 117 FH)
1,122
1100
(22)
1100
(22)
1085
(37)
MLV 17-1D to
MLV 20-1A: Pig Run - Chemical Cleaning (9/21/2026) MLV 17-1D to MLV 20-1A: Pig Run - EMAT (9/24/2026)
MLV 17-1D to
MLV 20-1A: Pig Run - GAUGE PLATE (9/22/2026) MLV 17-1D to MLV 20-1A: Pig Run - MFL-C (9/23/2026)
MLV 19-1 TO MLV 20-1A: Pipe Replacement (M) (8/6/2026 - 9/18/2026)
Station 25
(segment 125 FH)
1,078
1,078
1,078
1,078
Station 47
(segment 143 FH)
1,343
1045
(298)
1,343
1,343
MLV 47-4D to
MLV 54-4S: Pig Run - AFD Combo (M) (9/8/2026) MLV 47-4D to MLV 54-4S: Pig Run - EMAT (M) (9/10/2026)
Station 63
(segment 163 FH)
1,242
1117
(125)
1117
(125)
1117
(125)
MLV 54-3 to MLV 106-3:
Emergent Repair - CAO (2/26/2026 -
12/31/2026) MLV 82-2C to MLV 83-2:
Anomaly Remediation (9/21/2026 -
9/26/2026) MLV 83-1A to MLV 83-1:
Anomaly Remediation (9/14/2026 -
9/19/2026)
MLV 84-3 to MLV 85-3: Anomaly Remedition (9/22/2026 - 9/27/2026)
Station 823
(segment 823 BH)
734
734
734
734
Station 834
(segment 834 BH)
683
670
(13)
670
(13)
670
(13)
Sta 834: Unit 1A -
Replace Insulation Blanket (9/14/2026
- 9/15/2026) Sta 834: Unit 2A -
Replace Insulation Blanket (9/16/2026
- 9/17/2026) Sta 834: Unit 3A -
Replace Insulation Blanket (9/18/2026
- 9/19/2026) Sta 834: Unit 4A - Replace
Insulation Blanket (9/21/2026 - 9/22/2026)
Sta 834: Unit 4A - Replace
Lubrication System (9/7/2026 - 9/11/2026)
Station 534 South of Pool (segment 530
BH)
1,550
985
(565)
985
(565)
1,550
MLV 533-2 to MLV 534-2:
Pipe Replacement (M) (6/4/2026 - 9/17/2026)
Station 534
(segment 534 BH)
1,909
1,909
1,909
1440
(469)
MLV 534-2 to MLV 535-2: Tallahala Creek HDD (9/21/2026 - 9/30/2026)
Station 860
(segment 548 BH)
1,593
1390
(203)
725
(868)
1586
(7)
MLV 546-2 to MLV 547-2: Line Recoat (9/14/2026 - 9/18/2026)
Sta 542: Unit 2A - Emergent Repair
(4/7/2026 - 9/30/2026)
Sta 546: Annual
ESD Tests &
Maintenance (9/14/2026 - 9/18/2026)
Sta
555: Scrubber/Filter/Separator Clean, Inspect & Filter Change (9/14/2026) Sta 555: Unit 1B - Hot Gas Path (8/10/2026 - 9/18/2026)
Sta 555: Unit 4A - Engine Maintenance (9/21/2026 - 9/24/2026)
Station 860 North (Segment 860
BH)
1,874
1846
(28)
1846
(28)
1846
(28)
Sta 860:
Unit 1A - Aftercooler Jacket Water Inspection (6/17/2025 - 12/31/2026) Sta
860: Unit 1B - Replace Turbocharger (9/21/2026
- 9/25/2026)
Station 110
(segment 187 BH)
(south thru Kentucky)
2,685
2424
(261)
2400
(285)
2405
(280)
MLV 104-1 to MLV 105-1: Anomaly Remediation (8/6/2026 - 9/12/2026) MLV
105-1 to MLV 105-1A: Anomaly Remediation (9/14/2026
- 9/25/2026) MLV 109-4
to MLV 110-4:
Pipe Replacement (8/10/2026 - 9/11/2026) MLV 109-5 to MLV 109-5A: Pipe
Replacement (9/14/2026 -
10/12/2026) MLV 109-5A to MLV
110-5: Pipe Replacement (9/14/2026
- 10/12/2026)
MLV 110-2 to MLV 114-2:
CAO - Force Majeure (M) (7/14/2026 - 12/31/2026)
MLV
54-3 to MLV 106-3: Emergent Repair - CAO (2/26/2026
- 12/31/2026) MLV 93-4 to MLV 94-4:
Anomaly Remediation (M) (9/14/2026 - 9/21/2026) Sta 106: Unit 1C - Engine
Maintenance (8/26/2026 - 9/10/2026)
Sta
106: Unit 2D - 4K Solar Turbine
Inspection (9/16/2026 - 9/18/2026) Sta 87: Unit 3D - Power side Overhaul (6/22/2026 - 9/30/2026)
-Primary
impact restrictions may be necessary
TGP - Outage
Impact Report
-Major impact restrictions may be necessary
September 2026 (updated 08/27/26)
-Minor impact
restrictions may be necessary depending on flow conditions
-Little to no impact, though
minor outages may cause incremental reductions
Station # / Lateral
Est Nominal Operating Capacity (Thousand Dth)
Week 1
(8/31 - 9/6)
Week
2
(9/7 - 9/13)
Week 3
(9/14 - 9/20)
Week 4
(9/21 - 9/27)
Primary
Outage(s)
Est. Operational Capacity (Operational Impact) - Thousand Dth
Station 114
(segment 114 BH)
907
907
812
(95)
907
Sta 119A: Unit 1A - Solar Turbine
Inspection (9/14/2026 - 9/16/2026)
Station 204
(Segment 204 BH)
1,828
1760
(68)
1,828
1,828
MLV 214-3 to MLV 219-3: Pig Run - Cal/IMU/MFL-A Combo (M) (9/10/2026)
MLV 214-3 to MLV 219-3:
Pig Run - Gauge/Cleaning (M) (9/8/2026)
Station 230C (segment 296
FH)
743
370
(373)
743
743
Sta 230C: Scrubber
/ Filter Inspection (M) (9/9/2026 - 9/10/2026)
Station 245
(segment 245 FH)
986
970
(16)
970
(16)
970
(16)
Sta 245: Unit 1A & 2A - Exhaust System
& HP Fuel (4/27/2026 - 11/1/2026)
Station 261 Discharge East (segment
261
FH)
888
715
(173)
715
(173)
555
(333)
Sta 264 Charlton: Annual
ESD Test (9/23/2026 - 9/24/2026)
Sta 264 Charlton: Unit 1C - Engine Maintenance (8/24/2026 - 10/16/2026)
Station 307
(segment 307 BH)
1,153
1,153
1,153
1010
(143)
Sta 310: Unit 1A - Water Washes
and Borescope (9/21/2026 - 9/22/2026)
Station 313 Discharge (segment 399 FH)
797
220
(577)
220
(577)
797
MLV
313A-101A to MLV 313A-401: Anomaly Remediation (M) (9/7/2026 - 9/19/2026)
MLV
313A-101L to MLV 313A-101A: Anomaly Remediation (M) (9/7/2026 - 9/19/2026)
MLV 313A-403
to MLV 313A-404: Anomaly Remediation (M) (9/7/2026 - 9/19/2026)
MLV 313A-405A to MLV 313A-406: Anomaly Remediation (M) (9/7/2026 -
9/19/2026)
Station 315
(segment 315 BH)
1,823
1,823
1675
(148)
1,823
Sta 315: Unit 1B - Water Washes and
Borescope (9/16/2026 - 9/17/2026) Sta 315: Unit 2A - Water Washes
and Borescope (9/14/2026 - 9/15/2026)
MLV 324
(segment 324 FH)
1,767
1585
(182)
1,767
1120
(647)
Sta 321:
Unit 1C - Buffer Air Seal (9/8/2026
- 9/10/2026) Sta 323: Station
Outage (9/21/2026 - 9/24/2026)
Sta 325: Station Outage
(9/22/2026 - 9/24/2026)
MLV 329
(segment 324 FH)
846
830
(16)
830
(16)
830
(16)
MLV 329AS-1
to MLV 329AD-1: Valve Replacement - MLV 329-1 (M) (9/9/2026 - 10/9/2026)
Station 405 HC Line (segment 299
FH)
794
794
794
794
This
document is updated
on a weekly basis and outage schedules/impacts are subject to change as the week progresses.
Dates
posted on DART should be deemed correct
in the event of conflicts between DART posted
dates and dates on this report.
The impacts sheet are based on steady-state hydraulic models assuming recent operating flows, conditions, and various unit outages.
-Primary
impact restrictions may be necessary
TGP - Outage
Impact Report
-Major impact restrictions may be necessary
October 2026 (updated 08/27/26)
-Minor impact restrictions may be necessary depending on flow
conditions
-Little to no impact, though
minor outages may cause incremental reductions
Station # / Lateral
Est Nominal Operating Capacity (Thousand Dth)
Week 1
(9/28 - 10/4)
Week 2
(10/5 - 10/11)
Week 3
(10/12 - 10/18)
Week 4
(10/19 - 10/25)
Week 5
(10/26 - 11/1)
Primary
Outage(s)
Est. Operational Capacity (Operational Impact) - Thousand Dth
Station 409A
(Alamo) (segment 492
FH)
274
215
(59)
215
(59)
215
(59)
215
(59)
215
(59)
MLV 409-1 to MLV 406-1:
Spike Test (M) (9/14/2026 - 10/31/2026)
Station 409 (Donna
Line) (segment 490
FH)
564
564
564
564
564
564
Station 1
(segment 101 BH)
399
300
(99)
300
(99)
300
(99)
300
(99)
300
(99)
MLV 1-1D to MLV 5-1: Spike Test (M) (9/21/2026 - 11/2/2026)
Station 9
(segment 109 BH)
1,027
1,027
1,027
1,027
640
(387)
1,027
MLV 9-2S to
MLV 1-2: Pig Runs - Cleaning / Maintenance (M) (10/22/2026) MLV 9-3 to MLV 5-3: Pig Run -
Maintenance (M) (10/21/2026)
Station 17
(segment 117 FH)
1,122
1,122
985
(137)
980
(142)
1100
(22)
1,122
MLV 17-2D to
MLV 20-2A: Pig Run - Chemical Cleaning (10/19/2026 - 10/20/2026)
MLV 17-2D to
MLV 20-2A: Pig Run - GAUGE (10/21/2026) MLV 17-2D to MLV 20-2A: Pig Run - MFL-A (10/22/2026)
MLV 32-2D TO MLV 40-2S: Pig Runs - Maintenance (10/8/2026) MLV 32-3D to MLV 40-3S: Pig Runs - Maintenance (10/13/2026)
Sta 25: Annual ESD Test (10/13/2026)
Station 25
(segment 125 FH)
1,078
1,078
1,078
1,078
1,078
1,078
Station 47
(segment 143 FH)
1,343
1025
(318)
1025
(318)
1290
(53)
1300
(43)
1,343
MLV 58-2 to MLV 59-2:
Anomaly Remediation (10/10/2026 -
10/20/2026) Sta 47:
Scrubber/Filter/Separator Cleaning/Inspection/Changeout (9/28/2026 -
10/2/2026)
Sta 47: Station
Transformer Maintenance (10/6/2026)
Sta 47: Unit 1D - 16K hour Overhaul (10/5/2026 - 10/15/2026)
Station 63
(segment 163 FH)
1,242
1117
(125)
1117
(125)
1117
(125)
1117
(125)
1117
(125)
MLV 54-3 to
MLV 106-3: Emergent Repair - CAO (2/26/2026
- 12/31/2026) MLV 82-1 to MLV 87-1:
Pig Run - AFD/Cal/IMU (10/8/2026)
MLV 82-1 to MLV 87-1: Pig Run - Cleaning / Gauge (10/6/2026)
MLV 82-1 to MLV 87-1: Pig Run - EMAT (10/13/2026)
Station 823
(segment 823 BH)
734
734
734
734
734
734
Station 534 South of Pool (segment 530
BH)
1,550
1,550
905
(645)
1175
(375)
1,550
1,550
Sta 529: Unit 1A - Solar
Inspection (10/12/2026 - 10/15/2026) Sta. 527 Port Sulphur: Medium Voltage
Electrical Testing (10/5/2026 -
10/9/2026)
Station 534
(segment 534 BH)
1,909
1440
(469)
1,909
1769
(140)
1,909
1,909
MLV 534-2 to
MLV 535-2: Tallahala Creek HDD (9/21/2026
- 9/30/2026) Sta 538: Boost Pump
Vibration Upgrade (10/12/2026 -
10/15/2026)
Sta 538: Replace
Suction & Discharge Unit Valves (10/12/2026 - 10/16/2026)
Station 860
(segment 548 BH)
1,593
1586
(7)
1375
(218)
1,593
1175
(418)
1,593
Sta 542
Dekalb: Annual ESD Test (10/20/2026
- 10/22/2026) Sta 542: Unit 2A -
Emergent Repair (4/7/2026 -
9/30/2026) Sta 550 Hamilton: Annual
ESD Test (10/5/2026 - 10/9/2026)
Sta 550: Unit 1B - Juction Box Rewire & Unit Valves
(9/28/2026 - 10/9/2026)
Station 860 North (Segment 860 BH)
1,874
1846
(28)
1846
(28)
1475
(399)
1475
(399)
1475
(399)
MLV 560-2 to MLV 563-2:
Pipe Replacements (M) (10/15/2026 - 10/26/2026) Sta 860: Unit 1A - Aftercooler Jacket
Water Inspection (6/17/2025 -
12/31/2026) Sta 860: Unit 1C -
4K/Turbine Waterwash/Boroscope (10/6/2026
- 10/7/2026) Sta 860: Unit 2C -
4K/Turbine Waterwash/Boroscope (10/7/2026
- 10/8/2026)
Station 110
(segment 187 BH)
(south thru Kentucky)
2,685
2043
(642)
2043
(642)
2400
(285)
2428
(257)
1822
(863)
MLV 104-3 to MLV 106-3S: HDD at Kentucky River (10/1/2026 - 10/7/2026) MLV
109-3A to MLV 110-3: Pipe Replacement (10/14/2026
- 10/30/2026) MLV 109-5 to MLV 109-5A: Pipe Replacement (9/14/2026 - 10/12/2026) MLV 109-5A to MLV 110-5:
Pipe Replacement (9/14/2026 - 10/12/2026) MLV 110-2 to MLV 114-2: CAO - Force
Majeure (M) (7/14/2026 - 12/31/2026)
MLV 54-3 to MLV 106-3: Emergent Repair - CAO (2/26/2026 - 12/31/2026) MLV
867-2 to MLV 868-2: Anomaly Remediation (10/19/2026
- 10/24/2026) MLV 870-2 to MLV
870-2R: Anomaly Remediation (10/12/2026
- 10/17/2026) MLV 97-3 to MLV
106-3: Pig Run - Cleaning / Gauge (10/27/2026)
MLV 97-3 to MLV 106-3:
Pig Run - MFL-S (10/29/2026)
Sta 87: Unit 3D - Power side Overhaul (6/22/2026 - 9/30/2026)
Sta
875: Unit 1A- 8K Solar Turbine
Inspection (10/27/2026 -
10/29/2026) Sta 96: Unit 2D Replace
Compressor Valves (10/12/2026 -
10/15/2026)
Station 114
(segment 114 BH)
907
907
853
(54)
907
907
907
Sta 118A Tyler Mountain: Annual ESD Test (10/5/2026 - 10/6/2026)
-Primary impact restrictions may be necessary
TGP - Outage
Impact Report
-Major impact restrictions may be necessary
October 2026 (updated 08/27/26)
-Minor impact restrictions may be necessary depending on flow
conditions
-Little to no impact, though
minor outages may cause incremental reductions
Station # / Lateral
Est Nominal Operating Capacity (Thousand Dth)
Week 1
(9/28 - 10/4)
Week 2
(10/5 - 10/11)
Week 3
(10/12 - 10/18)
Week 4
(10/19 - 10/25)
Week 5
(10/26 - 11/1)
Primary
Outage(s)
Est. Operational Capacity (Operational Impact) - Thousand Dth
Station 204
(Segment 204 BH)
1,828
1375
(453)
1,828
1755
(73)
1755
(73)
1710
(118)
MLV 209-2 to MLV 214-2: Pig Run - Chem Cleaning
(10/26/2026)
MLV
209-2 to MLV 214-2: Pig Run - Chem Cleaning
(10/27/2026) MLV 209-2 to
MLV 214-2: Pig Run - Chem Cleaning (10/28/2026) MLV 209-2 to MLV 214-2: Pig Run - Chem
Cleaning (10/29/2026) MLV 209-2 to MLV 214-2: Pig Run - Chem
Cleaning (10/30/2026) MLV 214-1 to MLV 219-1: Pig Run -
Cal/IMU (10/20/2026)
MLV 214-1 to MLV 219-1: Pig Run - Gauge/Cleaning (10/15/2026) MLV
214-1 to MLV 219-1: Pig Run - MFL-C (10/22/2026)
Sta 204: Scrubber Filter Change (10/1/2026 - 10/3/2026)
Sta 209 Cambridge: Scrubber Filter (9/28/2026 - 9/30/2026)
Station 233
(segment 233 FH)
459
355
(104)
459
459
459
459
MLV 233-2 to MLV 235-2: Pig Run (9/30/2026)
Station 245
(segment 245 FH)
986
970
(16)
970
(16)
970
(16)
970
(16)
765
(221)
Sta 245:
Unit 1A & 2A - Exhaust System & HP Fuel (4/27/2026 - 11/1/2026) Sta
245-1 to MLV 249-1: Pig Run - EMAT (10/28/2026)
Station 261 Discharge East (segment 261
FH)
888
500
(388)
715
(173)
555
(333)
888
888
Sta 261 Agawam: Annual ESD test (M) (9/28/2026 - 10/2/2026)
Sta
264 Charlton: Unit 1C - Engine Maintenance
(8/24/2026 - 10/16/2026) Sta
264: Oil System (10/12/2026 -
10/16/2026)
Station 307
(segment 307 BH)
1,153
775
(378)
695
(458)
765
(388)
1,153
1,153
MLV 302-2 to MLV 303-2:
Anomaly Remediation (9/28/2026 -
10/10/2026) Sta 219: Annual ESD
Test & Scrubber Maintenance (10/12/2026
- 10/16/2026)
Sta 303A: Unit 1A -
Water Wash (10/6/2026 - 10/7/2026) Sta 307: Unit 4A - Trabon (9/29/2026 - 10/2/2026)
Station 315
(segment 315 BH)
1,823
1,823
1,823
1,823
1,823
1,823
MLV 324
(segment 324 FH)
1,767
1,767
1,767
1,767
1,767
1,767
MLV 329
(segment 324 FH)
846
830
(16)
830
(16)
846
630
(216)
846
MLV 325-1 to
MLV 329-1: Pig runs - Cleaning/Gauge (M) (10/19/2026) MLV 325-1 to MLV 329-1: Pig runs - EMAT (M) (10/20/2026)
MLV 329AS-1 to MLV 329AD-1: Valve Replacement - MLV 329-1 (M) (9/9/2026 -
10/9/2026)
Cranston Lateral
South
(segment 281
FH)
187
187
187
125
(62)
187
187
Sta 265: Unit 1A - Replace Lube Oil Fan
(10/12/2026)
Station 405 HC Line (segment 299
FH)
794
794
794
670
(124)
794
794
Sta 405A:
Unit 1A - 4k Waterwash (10/13/2026)
; Sta 405A: Unit 1A - 8K Solar Turbine
Inspection (10/14/2026)
Station 224
(segment 224 FH)
388
388
200
(188)
388
388
388
MLV 229-2 to MLV 232-2:
Pig runs - Maintenance (M) (10/6/2026)
This document is updated
on a weekly basis and outage schedules/impacts are subject to change as the week progresses. Dates posted on DART should be deemed
correct in the event of conflicts between DART posted dates and dates on this
report.
The impacts sheet are based on steady-state hydraulic models assuming
recent operating flows,
conditions, and various
unit outages.
-Primary impact restrictions may be necessary
TGP - Outage
Impact Report
-Major impact restrictions may be necessary
November
2026 (updated 08/27/26)
-Minor impact
restrictions may be necessary depending on flow conditions
-Little to no impact, though
minor outages may cause incremental reductions
Station # / Lateral
Est Nominal Operating Capacity (Thousand Dth)
Week 1
(11/2 - 11/8)
Week 2
(11/9 - 11/15)
Week 3
(11/16 - 11/22)
Week 4
(11/23 - 11/29)
Primary Outage(s)
Est. Operational Capacity (Operational Impact) - Thousand Dth
Station 409 (Donna Line) (segment 490
FH)
587
587
587
375
(212)
587
MLV 400-2 to MLV 409-2:
Pig Run - Maintenance Cleaning
(M) (11/17/2026)
MLV 406
(segment 406 BH)
479
479
440
(39)
479
479
MLV 400-1 to MLV 409-1:
Pig Run - Maintenance Cleaning
(M) (11/10/2026)
Station 1
(segment 101 BH)
438
375
(63)
438
438
438
MLV 1-1D to MLV 5-1: Spike Test (M) (9/21/2026 - 11/2/2026)
Station 9
(segment 109 BH)
1,066
1,066
880
(186)
1,066
1,066
MLV 1-1D to MLV 9-1S: Pig Run - Maintenance / Cleaning (M) (11/10/2026)
Station 17
(segment 117 FH)
1,138
1,138
1,138
1,138
1,138
Station 25
(segment 125 FH)
1,095
1,095
1,095
1,095
1,095
Station 40 South
(segment 132 FH)
1,294
1,294
1,294
915
(379)
1,294
Sta 32: Annual ESD Test
(11/17/2026 - 11/18/2026)
Station 47
(segment 143 FH)
1,428
1350
(78)
1350
(78)
1,428
1,428
MLV 61-3 to MLV 62-3: Pipe Replacements (11/2/2026 - 11/13/2026)
Station 63
(segment 163 FH)
1,192
871
(321)
1067
(125)
1067
(125)
1067
(125)
MLV 54-3 to
MLV 106-3: Emergent Repair - CAO (2/26/2026
- 12/31/2026) MLV 71-3D to MLV
74-3: Pig Runs - Cleaning / Gauge (11/3/2026)
MLV 71-3D to MLV 74-3: Pig Runs - TDW MDS (11/5/2026)
Station 823
(segment 823 BH)
758
210
(548)
758
758
758
Sta 827 to
Sta 823: Pig Run - Maintenance (M) (11/5/2026) Sta 834 to Sta 827: Maintenance Pig (M) (11/5/2026)
Station 860
(segment 548 BH)
1,665
1,665
1,665
1,665
1,665
Station 860 North (Segment 860
BH)
2,059
2031
(28)
2031
(28)
2031
(28)
2031
(28)
Sta 860: Unit 1A - Aftercooler Jacket Water Inspection (6/17/2025 - 12/31/2026)
Station 110
(segment 187 BH)
(south
thru
Kentucky)
2,594
1951
(643)
2327
(267)
2327
(267)
2327
(267)
MLV 110-2 to MLV 114-2: CAO - Force Majeure (M) (7/14/2026 - 12/31/2026)
MLV
54-3 to MLV 106-3: Emergent Repair - CAO (2/26/2026
- 12/31/2026) MLV 97-3 to MLV
106-3: Pig Run - EMAT (11/5/2026)
MLV 97-3 to MLV 106-3:
Pig Run - MFL-C (11/3/2026)
Station 114
(segment 114 BH)
946
858
(88)
946
946
946
Sta 118A: Solar Turbine Inspection (11/2/2026 - 11/4/2026)
Station 204
(Segment 204 BH)
1,888
1765
(123)
1425
(463)
1425
(463)
1,888
MLV 204-4 to
MLV 209-4: Pig Run - Cal/IMU (11/12/2026) MLV 204-4 to MLV 209-4: Pig Run - EMAT (11/19/2026) MLV 204-4 to MLV 209-4: Pig Run - Gauge (11/10/2026) MLV
204-4 to MLV 209-4: Pig Run - MFL-C (11/17/2026) MLV 209-2 to MLV 214-2:
Pig Run - CAL/IMU (11/3/2026)
MLV 209-2 to MLV 214-2: Pig Run - EMAT (11/5/2026)
Station 245
(segment 245 FH)
1,043
1,043
1,043
1,043
1,043
Station 261 Discharge East (segment
261
FH)
1,034
1,034
1,034
1,034
1,034
Station 307
(segment 307 BH)
1,203
1,203
1,203
1,203
1,203
Station 315
(segment 315 BH)
1,885
1,885
1,885
1,885
1,885
MLV 324
(segment 324 FH)
1,883
1,883
1,883
1,883
1,883
Station 405 HC Line (segment 299
FH)
808
808
808
808
808
-Primary impact restrictions may be necessary
TGP - Outage
Impact Report
-Major impact restrictions may be necessary
November
2026 (updated 08/27/26)
-Minor impact restrictions may be necessary depending on flow
conditions
-Little to no impact, though
minor outages may cause incremental reductions
Station # / Lateral
Est Nominal Operating Capacity (Thousand Dth)
Week 1
(11/2 - 11/8)
Week 2
(11/9 - 11/15)
Week 3
(11/16 - 11/22)
Week 4
(11/23 - 11/29)
Primary Outage(s)
Est. Operational Capacity (Operational Impact) - Thousand Dth
This document is updated on a weekly
basis and outage
schedules/impacts are subject
to change as the week progresses.
Dates
posted on DART should be deemed correct
in the event of conflicts between DART posted
dates and dates on this report.
The impacts sheet are based on steady-state hydraulic models assuming recent operating flows,
conditions, and various
unit outages.",2026-08-27T19:41:15.000000Z,2026-08-27T19:41:15.000000Z,2026-08-28T14:00:00.000000Z,1,2026-08-27T05:00:00.000000Z,46485bb248300193468625e90e1a0552f36c4adb8a4d2cdff1a507c289e82063,https://pipeline2.kindermorgan.com/Notices/NoticeDetail.aspx?code=TGP&notc_nbr=403802,data/raw/km_tgp_notice_detail/2026/08/28/46485bb248300193468625e90e1a0552f36c4adb8a4d2cdff1a507c289e82063.html,km_tgp_notice_detail:1787932505364330000:46485bb248300193468625e90e1a0552f36c4adb8a4d2cdff1a507c289e82063
TGP,403653,6c85a95e56eca392929aa7977d736c9c33394145eab62af7aa4360f0b083527f,,True,False,2026-08-28T15:55:08.149421Z,MAINTENANCE,MAINTENANCE,INITIATE,,MLV 5-2 to 1-2 Pig Sta 313 Maint,"Project
Updates
“***Sta 313
Coudersport: Annual ESD Test & Maintenance
--8/17/26 through 8/24/26: This project will require a station outage, which
will limit throughput through the station and result in restrictions based on
customer nominations.
***
Date Change, Previously scheduled 8/17/26 to 8/20/26.
………………………………
***MLV 5-2 to MLV
1-2D: Pig Run - Cleaning Gauge
--8/21/26: This project will require taking the pipeline section out of
service. The meters listed may be constrained or shut in during the project.
47799 NMP/TGP GILLRINA ROAD NUECES
49861 CCCPL/TGP SINTON SAN PATRICIO
53608 VCP/TGP VALLEY CROSSING ALLOCATION
53654 TRESPORT/TGP OLD BLOOMINGTON POWER
53655 VPP II/TGP OLD BLOOMINGTON POWER 2
54847 WHISTLEP/TGP WHISTLE RECEIPT NUECES
56830 INVNYLON/TGP GREENFIELD DELIVERY VI
57687 GCX/TGP AGUA DULCE GCXE RECEIPT NUE
411289 PRODGG/TGP UDP RIVERSIDE DEHY NUECE
411306 ENTRPRSE/TGP AGUA DULCE NUECES
411836 MSKE/TGP UDP FIDELITY DEHYDRATION T
412062 BANHUB/TGP BANQUETE TRANSPORT NUECE
412124 LASERGTH/TGP RIVERSIDE WILSON 1 NU
412221 84ENERGY/TGP ODEM DEHYDRATION SAN P
412669 ETP/TGP SHOUP NUECES
412693 GCENGY/TGP MORGAN SAN PATRICIO
412755 GCENGY/TGP COLETO CREEK VICTORIA
412861 KMTEJAS/TGP ROCHE LA ROSA: RIP 5A 1
412869 T2 GAS/TGP UDP KELLEY ROAD: RIP 5R
412877 EFMIDS/TGP BANQUETE PLANT: RIP 1T 1
421083 ENLINK/TGP PORT OF VICTORIA: DIP 8H
***Added
………………………………
***MLV 5-2 to MLV
1-2D: Pig Run - TDW MDS
--8/22/26: This activity will require operating at controlled flow rates.
Customers may experience pressure fluctuations. The meters listed may be
constrained or shut in during the project.
47799 NMP/TGP GILLRINA ROAD NUECES
49861 CCCPL/TGP SINTON SAN PATRICIO
53608 VCP/TGP VALLEY CROSSING ALLOCATION
53654 TRESPORT/TGP OLD BLOOMINGTON POWER
53655 VPP II/TGP OLD BLOOMINGTON POWER 2
54847 WHISTLEP/TGP WHISTLE RECEIPT NUECES
56830 INVNYLON/TGP GREENFIELD DELIVERY VI
57687 GCX/TGP AGUA DULCE GCXE RECEIPT NUE
411289 PRODGG/TGP UDP RIVERSIDE DEHY NUECE
411306 ENTRPRSE/TGP AGUA DULCE NUECES
411836 MSKE/TGP UDP FIDELITY DEHYDRATION T
412062 BANHUB/TGP BANQUETE TRANSPORT NUECE
412124 LASERGTH/TGP RIVERSIDE WILSON 1 NU
412221 84ENERGY/TGP ODEM DEHYDRATION SAN P
412669 ETP/TGP SHOUP NUECES
412693 GCENGY/TGP MORGAN SAN PATRICIO
412755 GCENGY/TGP COLETO CREEK VICTORIA
412861 KMTEJAS/TGP ROCHE LA ROSA: RIP 5A 1
412869 T2 GAS/TGP UDP KELLEY ROAD: RIP 5R
412877 EFMIDS/TGP BANQUETE PLANT: RIP 1T 1
421083 ENLINK/TGP PORT OF VICTORIA: DIP 8H
***
Date Change, Previously scheduled 8/21/26.
………………………………”
If
you have any questions, please contact your Scheduler.",2026-08-21T14:59:23.000000Z,2026-08-21T14:59:23.000000Z,2026-08-22T14:00:00.000000Z,1,2026-08-21T05:00:00.000000Z,6c85a95e56eca392929aa7977d736c9c33394145eab62af7aa4360f0b083527f,https://pipeline2.kindermorgan.com/Notices/NoticeDetail.aspx?code=TGP&notc_nbr=403653,data/raw/km_tgp_notice_detail/2026/08/28/6c85a95e56eca392929aa7977d736c9c33394145eab62af7aa4360f0b083527f.html,km_tgp_notice_detail:1787932508149421000:6c85a95e56eca392929aa7977d736c9c33394145eab62af7aa4360f0b083527f
TGP,403635,4e5308a6b60198988cebfe87c90c7936ec29248dea254a2e2949d8b71262ebc6,,True,False,2026-08-28T15:55:12.717694Z,MAINTENANCE,MAINTENANCE,INITIATE,,TGP Outage Impact Report,"-Primary
impact restrictions may be necessary
TGP - Outage
Impact Report
-Major
impact restrictions may be
necessary
Seven Day Forecast (updated 08/20/26)
-Minor impact restrictions may be necessary depending on flow conditions
-Little to no impact,
though minor outages
may cause incremental reductions
Station / Seg
Est Nominal
Operating Capacity (Thousand Dth)
Monday
(8/24)
Tuesday
(8/25)
Wednesday
(8/26)
Thursday
(8/27)
Friday
(8/28)
Saturday
(8/29)
Sunday
(8/30)
Primary Outage(s) that
may Impact Throughput
Est. Operational Capacity
(Operational Impact) - Thousand
Dth
Station 409
(Donna Line)
(segment 490 FH)
564
564
564
564
564
564
564
564
Station 1
(segment 101 BH)
399
399
399
399
399
399
399
399
Station 9
(segment 109 BH)
1,027
1,027
1,027
1,027
970
(57)
970
(57)
970
(57)
970
(57)
MLV 4-2 to MLV 5-2: Anomaly Remediation (8/27/2026 - 9/4/2026)
Station 17
(segment 117 FH)
1,122
1100
(22)
1100
(22)
1100
(22)
1100
(22)
1100
(22)
1100
(22)
1100
(22)
MLV 19-1 TO MLV 20-1A:
Pipe Replacement (M) (8/6/2026 - 9/18/2026)
Station 25
(segment 125 FH)
1,078
1,078
1,078
1,078
1,078
1,078
1,078
1,078
Station 47
(segment 143 FH)
1,343
1,343
1,343
1,343
1,343
1,343
1,343
1,343
Station 63
(segment 163 FH)
1,242
901
(341)
901
(341)
901
(341)
901
(341)
1117
(125)
1117
(125)
1117
(125)
MLV 54-3
to MLV 106-3:
Emergent Repair - CAO (2/26/2026 - 12/31/2026) MLV 77-3 to MLV 77-3A: Pipe Replacements (8/17/2026 - 8/27/2026)
Station 823
(segment 823 BH)
734
734
734
734
734
734
734
734
Station 534 South
of Pool (segment 530
BH)
1,550
985
(565)
985
(565)
985
(565)
985
(565)
985
(565)
985
(565)
985
(565)
MLV 533-2 to MLV 534-2:
Pipe Replacement (M) (6/4/2026 - 9/4/2026) Sta 534: Unit
6A - Piston Liner &
Unloader Replacements (6/30/2025 - 8/24/2026)
Station 860
(segment 548 BH)
1,593
1390
(203)
1390
(203)
1390
(203)
1390
(203)
1390
(203)
1390
(203)
1390
(203)
Sta 542: Unit 2A - Emergent Repair (4/7/2026
- 9/30/2026) Sta 542: Unit 3A - Emergent Repair (3/26/2026 - 8/31/2026) Sta 546: Unit 7A - Metal in Oil (7/14/2025 - 8/31/2026)
Sta 555: Unit 1B - Hot Gas Path
(8/10/2026 - 9/18/2026)
Station 860 North (Segment 860 BH)
1,874
1530
(344)
1530
(344)
1530
(344)
1530
(344)
1530
(344)
1846
(28)
1846
(28)
Sta 563:
Unit 1A - Annual Inspection & Safety Device
Check (8/24/2026 - 8/26/2026)
Sta 563: Unit
2A - Annual Inspection/CAV (8/26/2026 - 8/28/2026) Sta 860: Unit 1A - Aftercooler Jacket
Water Inspection (6/17/2025 -
12/31/2026)
Station 110
(segment 187 BH)
(south thru Kentucky)
2,685
2075
(610)
2026
(659)
2075
(610)
2026
(659)
2075
(610)
2296
(389)
2296
(389)
MLV 104-1
to MLV 105-1:
Anomaly Remediation (8/6/2026 - 9/12/2026) MLV 109-4 to 110-4: Valve Installation
& Crossover Work (8/10/2026 - 8/24/2026)
MLV 109-4 to MLV 110-4:
Pipe Replacement (8/10/2026 -
8/31/2026) MLV 110-2
to MLV 114-2:
CAO - Force Majeure (M) (7/14/2026 - 12/31/2026)
MLV 54-3
to MLV 106-3:
Emergent Repair - CAO (2/26/2026 - 12/31/2026) MLV 87-3 to MLV 96-3: Pig Run - Cleaning
/ Gauge (8/25/2026)
MLV 87-3 to MLV 96-3:
Pig Run - EMAT (8/27/2026)
MLV 96-3BR to MLV 96-3BL: Spike Test (7/27/2026 - 8/31/2026)
Sta 110: Install ESD Silence Covers (8/24/2026
- 8/28/2026) Sta 87: Unit 3D
- Power side Overhaul (6/22/2026
- 9/30/2026) Sta 871: Unit 1A - Emergent Repair (7/10/2026 - 8/25/2026) Sta 871: Unit 3A - Engine Maintenance (8/24/2026 - 9/11/2026) Sta. 87: Unit
1E - Change Water Pump
(8/24/2026 - 8/27/2026)
Station 114
(segment 114 BH)
907
393
(514)
393
(514)
393
(514)
393
(514)
393
(514)
393
(514)
393
(514)
MLV 117-3
to MLV 118-3:
Special Permit Pipe Replacement (8/18/2026 - 9/6/2026)
MLV 119-2 to MLV 119-2A:
Special Permit Pipe
Replacement (8/18/2026 -
9/6/2026)
Station 204
(Segment 204 BH)
1,828
1795
(33)
1795
(33)
1795
(33)
1795
(33)
1,828
1,828
1,828
Sta 204: Unit 12A - Engine Maintenace (8/24/2026 - 8/27/2026)
Station 245
(segment 245 FH)
986
970
(16)
970
(16)
765
(221)
970
(16)
970
(16)
970
(16)
970
(16)
Sta 245:
Unit 1A &
2A - Exhaust System &
HP Fuel (4/27/2026 - 11/1/2026) Sta 245-1 to MLV 249-1: Pig Re-Run -
Cal/IMU (8/26/2026)
Station 261 Discharge East (segment 261
FH)
888
715
(173)
715
(173)
715
(173)
715
(173)
715
(173)
715
(173)
715
(173)
Sta 264 Charlton: Unit 1C - Engine Maintenance (8/24/2026 - 10/2/2026)
Station 307
(segment 307 BH)
1,153
965
(188)
965
(188)
965
(188)
965
(188)
965
(188)
1,153
1,153
Sta 307 (Pigeon): MLV Operators / Air Comp
Install / Fuel Skid (8/24/2026 - 8/28/2026)
Station 315
(segment 315 BH)
1,823
1,823
1,823
1,823
1,823
1,823
1,823
1,823
Station 317
(segment 317 BH)
1,548
1345
(203)
1345
(203)
1345
(203)
1345
(203)
1345
(203)
1,548
1,548
Sta 317: Annual
ESD Test &
Maintenance (8/24/2026 - 8/28/2026)
Station 405 HC Line
(segment 299
FH)
794
794
794
794
794
794
794
794
Station 224
(segment 224 FH)
388
388
280
(108)
280
(108)
388
388
388
388
Station 224:
Scrubber Inspections &
Filter Change (8/25/2026 - 8/26/2026)
This
document is updated
on a weekly basis and outage schedules/impacts are subject to change as the week progresses.
Dates
posted on DART should be deemed correct
in the event
of conflicts between DART posted dates
and dates on this report.
The
impacts sheet are based on steady-state hydraulic models assuming recent
operating flows, conditions, and various unit
outages.
-Primary
impact restrictions may be necessary
TGP - Outage
Impact Report
-Major impact restrictions may be necessary
September 2026 (updated 08/20/26)
-Minor impact
restrictions may be necessary depending on flow conditions
-Little to no impact, though minor outages
may cause incremental reductions
Station # / Lateral
Est Nominal Operating Capacity (Thousand Dth)
Week 1
(8/31 - 9/6)
Week 2
(9/7 - 9/13)
Week 3
(9/14 - 9/20)
Week 4
(9/21 - 9/27)
Primary Outage(s)
Est. Operational Capacity (Operational Impact) - Thousand Dth
Station 409A (Alamo)
(segment 492 FH)
274
215
(59)
125
(149)
215
(59)
215
(59)
MLV 409-1 to MLV 406-1: Spike Test (M) (9/1/2026 - 10/31/2026)
MLV
409A-101.1 to MLV 409A-103: Pig Runs - Cleaning / Gauge (M) (9/7/2026) MLV 409A-101.1 to MLV 409A-103: Pig Runs
- Cleaning / Gauge (M) (9/8/2026) MLV
409A-101.1 to MLV 409A-103: Pig Runs - Cleaning / Gauge (M) (9/9/2026) MLV 409A-101.1 to MLV 409A-103: Pig Runs
- EMAT (M) (9/11/2026)
MLV 409A-101.1 to MLV 409A-103: Pig Runs - MFL-C (M) (9/10/2026)
Station 409 (Donna Line) (segment 490
FH)
564
564
564
564
564
Station 1
(segment 101 BH)
399
399
399
399
300
(99)
MLV 1-1D to MLV 5-1: Spike Test (M) (9/21/2026 - 11/2/2026)
Station 9
(segment 109 BH)
1,027
970
(57)
835
(192)
835
(192)
1,027
MLV 2-2 to MLV 3-2: Anomaly
Remediation (9/8/2026 - 9/18/2026) MLV 4-2 to MLV 5-2: Anomaly Remediation (8/27/2026 - 9/4/2026)
Station 17
(segment 117 FH)
1,122
1100
(22)
1100
(22)
1100
(22)
1085
(37)
MLV 17-1D to
MLV 20-1A: Pig Run - Chemical Cleaning (9/21/2026) MLV 17-1D to MLV 20-1A: Pig Run - EMAT (9/24/2026)
MLV 17-1D to
MLV 20-1A: Pig Run - GAUGE PLATE (9/22/2026) MLV 17-1D to MLV 20-1A: Pig Run - MFL-C (9/23/2026)
MLV 19-1 TO MLV 20-1A: Pipe Replacement (M) (8/6/2026 - 9/18/2026)
Station 25
(segment 125 FH)
1,078
1,078
1,078
1,078
1,078
Station 47
(segment 143 FH)
1,343
1045
(298)
1045
(298)
1300
(43)
1300
(43)
MLV 47-4D to
MLV 54-4S: Pig Run - AFD Combo (M) (9/8/2026) MLV 47-4D to MLV 54-4S: Pig Run - EMAT (M) (9/10/2026)
MLV 47-4D to
MLV 54-4S: Pig Run - Gauge Cleaning (M) (8/31/2026) MLV 47-4D to MLV 54-4S: Pig Run - Gauge Cleaning (M)
(9/1/2026) MLV 47-4D to MLV 54-4S:
Pig Run - Gauge Cleaning (M) (9/2/2026)
MLV 58-2 to MLV 59-2: Anomaly
Remediation (9/20/2026 - 10/1/2026)
Station 63
(segment 163 FH)
1,242
1117
(125)
1117
(125)
1117
(125)
1117
(125)
MLV 54-3 to MLV 106-3:
Emergent Repair - CAO (2/26/2026 -
12/31/2026) MLV 82-2C to MLV 83-2:
Anomaly Remediation (9/21/2026 -
9/26/2026)
Station 823
(segment 823 BH)
734
734
734
734
734
Station 834
(segment 834 BH)
683
590
(93)
670
(13)
670
(13)
670
(13)
Sta 834: Catalyst Cleaning (8/31/2026
- 9/4/2026) Sta 834: Station Outage (8/31/2026 - 9/2/2026)
Sta 834: Unit 1A -
Replace Insulation Blanket (9/14/2026
- 9/15/2026) Sta 834: Unit 2A -
Replace Insulation Blanket (9/16/2026
- 9/17/2026) Sta 834: Unit 3A -
Replace Insulation Blanket (9/18/2026
- 9/19/2026) Sta 834: Unit 4A - Replace
Insulation Blanket (9/21/2026 - 9/22/2026)
Sta 834: Unit 4A - Replace
Lubrication System (9/7/2026 - 9/11/2026)
Station 534 South of Pool (segment 530
BH)
1,550
985
(565)
1,550
1,550
1,550
MLV 533-2 to MLV 534-2: Pipe Replacement (M) (6/4/2026 - 9/4/2026)
Station 534
(segment 534 BH)
1,909
1645
(264)
1,909
1,909
1440
(469)
MLV 534-2 to
MLV 535-2: Tallahala Creek HDD (9/21/2026
- 9/30/2026) Sta 538: Unit 1C -
Preventive Maintenance (9/1/2026 -
9/2/2026)
Station 860
(segment 548 BH)
1,593
1390
(203)
1390
(203)
725
(868)
1586
(7)
MLV 546-2 to MLV 547-2: Line Recoat (9/14/2026 - 9/18/2026)
Sta 542: Unit 2A - Emergent Repair (4/7/2026 - 9/30/2026) Sta 542: Unit 3A - Emergent Repair
(3/26/2026 - 8/31/2026)
Sta
546: Annual ESD Tests & Maintenance (9/14/2026
- 9/18/2026) Sta 546: Unit 7A -
Metal in Oil (7/14/2025 -
8/31/2026)
Sta
555: Scrubber/Filter/Separator Clean, Inspect & Filter Change (9/14/2026) Sta 555: Unit 1B - Hot Gas Path (8/10/2026 - 9/18/2026)
Sta 555: Unit 4A - Engine Maintenance (9/21/2026 - 9/24/2026)
Station 860 North (Segment 860
BH)
1,874
1846
(28)
1846
(28)
1846
(28)
1846
(28)
Sta 860:
Unit 1A - Aftercooler Jacket Water Inspection (6/17/2025 - 12/31/2026) Sta
860: Unit 1B - Replace Turbocharger (9/21/2026
- 9/25/2026)
-Primary impact restrictions may be necessary
TGP - Outage
Impact Report
-Major impact restrictions may be necessary
September 2026 (updated 08/20/26)
-Minor impact restrictions may be necessary depending on flow
conditions
-Little to no impact, though
minor outages may cause incremental reductions
Station # / Lateral
Est Nominal Operating Capacity (Thousand Dth)
Week 1
(8/31 - 9/6)
Week
2
(9/7 - 9/13)
Week 3
(9/14 - 9/20)
Week 4
(9/21 - 9/27)
Primary Outage(s)
Est. Operational Capacity (Operational Impact) - Thousand Dth
Station 110
(segment 187 BH)
(south thru Kentucky)
2,685
2296
(389)
2355
(330)
2435
(250)
2435
(250)
MLV 104-1 to MLV 105-1: Anomaly
Remediation (8/6/2026 - 9/12/2026)
MLV 105-1 to MLV 105-1A: Anomaly Remediation (9/14/2026 - 9/25/2026) MLV
109-3A to MLV 110-3: Pipe Replacement (9/16/2026
- 9/30/2026) MLV 109-4
to MLV 110-4:
Pipe Replacement (8/10/2026 - 8/31/2026) MLV 109-5 to MLV 109-5A:
Pipe Replacement (9/1/2026 - 9/15/2026) MLV 109-5A to MLV 110-5: Pipe
Replacement (9/1/2026 - 9/15/2026)
MLV 110-2 to MLV 114-2:
CAO - Force Majeure (M) (7/14/2026 - 12/31/2026)
MLV 54-3 to MLV 106-3: Emergent Repair - CAO (2/26/2026 - 12/31/2026) MLV
93-4 to MLV 94-4: Anomaly Remediation (M) (9/14/2026 - 9/21/2026) MLV 96-3BR to MLV 96-3BL: Spike Test (7/27/2026 - 8/31/2026)
Sta 106: Unit 2D - 4K Solar
Turbine Inspection (9/16/2026 -
9/18/2026) Sta 87: Unit 3D - Power
side Overhaul (6/22/2026 -
9/30/2026)
Sta 871 Campbellsville: Annual ESD Test (9/1/2026)
Sta 871: Unit 3A - Engine Maintenance (8/24/2026 - 9/11/2026)
Station 114
(segment 114 BH)
907
393
(514)
907
812
(95)
907
MLV 117-3 to
MLV 118-3: Special Permit Pipe Replacement
(8/18/2026 - 9/6/2026)
MLV 119-2 to
MLV 119-2A: Special Permit Pipe Replacement
(8/18/2026 - 9/6/2026)
Sta 119A: Unit 1A - Solar Turbine Inspection (9/14/2026 - 9/16/2026)
Station 204
(Segment 204 BH)
1,828
1,828
1760
(68)
1,828
1,828
MLV 214-3 to MLV 219-3: Pig Run - Cal/IMU/MFL-A Combo (M) (9/10/2026)
MLV 214-3 to MLV 219-3:
Pig Run - Gauge/Cleaning (M) (9/8/2026)
Station 230C
(segment 296 FH)
743
743
370
(373)
743
743
Sta 230C: Scrubber
/ Filter Inspection (M) (9/9/2026 - 9/10/2026)
Station 245
(segment 245 FH)
986
970
(16)
970
(16)
970
(16)
680
(306)
Sta 245: Bldg A & B - Remove Unit Valves
(9/21/2026 - 9/25/2026)
Sta 245: Unit 1A & 2A - Exhaust System
& HP Fuel (4/27/2026 - 11/1/2026)
Station 261 Discharge East (segment
261
FH)
888
715
(173)
715
(173)
715
(173)
555
(333)
Sta 264 Charlton: Annual
ESD Test (9/23/2026 - 9/24/2026)
Sta 264 Charlton: Unit 1C - Engine Maintenance (8/24/2026 - 10/2/2026)
Station 307
(segment 307 BH)
1,153
1,153
1,153
1,153
1,153
Station 313 Discharge (segment 399 FH)
797
797
220
(577)
220
(577)
797
MLV
313A-101A to MLV 313A-401: Anomaly Remediation (M) (9/7/2026 - 9/19/2026)
MLV
313A-101L to MLV 313A-101A: Anomaly Remediation (M) (9/7/2026 - 9/19/2026)
MLV 313A-403
to MLV 313A-404: Anomaly Remediation (M) (9/7/2026 - 9/19/2026)
MLV 313A-405A to MLV 313A-406: Anomaly Remediation (M) (9/7/2026 -
9/19/2026)
Station 315
(segment 315 BH)
1,823
1,823
1,823
1,823
1,823
MLV 324
(segment 324 FH)
1,767
1515
(252)
1,767
1,767
1355
(412)
MLV 321-1L
to MLV 322-1: Anomaly Remediation (8/31/2026
- 9/5/2026) Sta 323: Station Outage (9/21/2026 - 9/24/2026)
Sta 325: Station Outage
(9/22/2026 - 9/24/2026)
MLV 329
(segment 324 FH)
846
846
830
(16)
830
(16)
830
(16)
MLV 329AS-1
to MLV 329AD-1: Valve Replacement - MLV 329-1 (M) (9/9/2026 - 10/9/2026)
Station 405 HC Line (segment 299
FH)
794
794
794
794
794
This
document is updated
on a weekly basis and outage schedules/impacts are subject to change as the week progresses.
Dates
posted on DART should be deemed correct
in the event of conflicts between DART posted
dates and dates on this report.
The impacts sheet are based on steady-state hydraulic models assuming recent operating flows, conditions, and various unit outages.
-Primary
impact restrictions may be necessary
TGP - Outage
Impact Report
-Major impact restrictions may be necessary
October 2026 (updated 08/20/26)
-Minor impact restrictions may be necessary depending on flow
conditions
-Little to no impact, though
minor outages may cause incremental reductions
Station # / Lateral
Est Nominal Operating Capacity (Thousand Dth)
Week 1
(9/28 - 10/4)
Week 2
(10/5 - 10/11)
Week 3
(10/12 - 10/18)
Week 4
(10/19 - 10/25)
Week 5
(10/26 - 11/1)
Primary
Outage(s)
Est. Operational Capacity (Operational Impact) - Thousand Dth
Station 409A
(Alamo) (segment 492
FH)
274
215
(59)
215
(59)
215
(59)
215
(59)
215
(59)
MLV 409-1 to MLV 406-1: Spike Test (M) (9/1/2026 - 10/31/2026)
Station 409 (Donna
Line) (segment 490
FH)
564
564
564
564
564
564
Station 1
(segment 101 BH)
399
300
(99)
300
(99)
300
(99)
300
(99)
300
(99)
MLV 1-1D to MLV 5-1: Spike Test (M) (9/21/2026 - 11/2/2026)
Station 9
(segment 109 BH)
1,027
1,027
1,027
1,027
640
(387)
1,027
MLV 9-2S to
MLV 1-2: Pig Runs - Cleaning / Maintenance (M) (10/22/2026) MLV 9-3 to MLV 5-3: Pig Run -
Maintenance (M) (10/21/2026)
Station 17
(segment 117 FH)
1,122
1,122
1,122
1014
(108)
1100
(22)
1,122
MLV 17-2D to
MLV 20-2A: Pig Run - Chemical Cleaning (10/19/2026 - 10/20/2026)
MLV 17-2D to
MLV 20-2A: Pig Run - GAUGE (10/21/2026) MLV 17-2D to MLV 20-2A: Pig Run - MFL-A (10/22/2026)
Sta 25: Annual ESD Test (10/13/2026)
Station 25
(segment 125 FH)
1,078
1,078
1,078
1,078
1,078
1,078
Station 47
(segment 143 FH)
1,343
1025
(318)
1025
(318)
1295
(48)
1,343
1,343
MLV 58-2 to MLV 59-2: Anomaly
Remediation (9/20/2026 - 10/1/2026) Sta 47: Scrubber/Filter/Separator
Cleaning/Inspection/Changeout (9/28/2026
-
10/2/2026)
Sta 47: Station
Transformer Maintenance (10/6/2026)
Sta 47: Unit 1D - 16K hour Overhaul (10/5/2026 - 10/15/2026)
Station 63
(segment 163 FH)
1,242
1117
(125)
1117
(125)
1117
(125)
1117
(125)
1117
(125)
MLV 54-3 to
MLV 106-3: Emergent Repair - CAO (2/26/2026
- 12/31/2026) MLV 82-1 to MLV 87-1:
Pig Run - AFD/Cal/IMU (10/8/2026)
MLV 82-1 to MLV 87-1: Pig Run - Cleaning / Gauge (10/6/2026)
MLV 82-1 to MLV 87-1: Pig Run - EMAT (10/13/2026)
Station 823
(segment 823 BH)
734
734
734
734
734
734
Station 534 South of Pool (segment 530
BH)
1,550
1,550
1,550
1175
(375)
1,550
1,550
Sta 529: Unit 1A - Solar Inspection (10/12/2026 - 10/15/2026)
Station 534
(segment 534 BH)
1,909
1440
(469)
1,909
1,909
1,909
1,909
MLV 534-2 to MLV 535-2:
Tallahala Creek HDD (9/21/2026 - 9/30/2026)
Station 860
(segment 548 BH)
1,593
1586
(7)
1375
(218)
1,593
1181
(412)
1,593
Sta 542
Dekalb: Annual ESD Test (10/20/2026
- 10/22/2026) Sta 542: Unit 2A -
Emergent Repair (4/7/2026 -
9/30/2026) Sta 550 Hamilton: Annual
ESD Test (10/5/2026 - 10/9/2026)
Sta 550: Unit 1B - Juction Box Rewire & Unit Valves
(9/28/2026 - 10/9/2026)
Station 860 North (Segment 860 BH)
1,874
1846
(28)
1846
(28)
1846
(28)
1475
(399)
1475
(399)
MLV 560-2 to MLV 563-2:
Pipe Replacements (M) (10/19/2026 - 10/26/2026) Sta 860: Unit 1A - Aftercooler Jacket
Water Inspection (6/17/2025 -
12/31/2026) Sta 860: Unit 1C -
4K/Turbine Waterwash/Boroscope (10/6/2026
- 10/7/2026) Sta 860: Unit 2C -
4K/Turbine Waterwash/Boroscope (10/7/2026
- 10/8/2026)
Station 110
(segment 187 BH)
(south thru Kentucky)
2,685
1965
(720)
1965
(720)
2400
(285)
2447
(238)
1823
(862)
MLV 104-3 to
MLV 106-3S: HDD at Kentucky River (10/1/2026
- 10/5/2026) MLV 109-3A to MLV
110-3: Pipe Replacement (9/16/2026
- 9/30/2026)
MLV 110-2 to MLV 114-2:
CAO - Force Majeure (M) (7/14/2026 - 12/31/2026)
MLV 54-3 to MLV 106-3: Emergent Repair - CAO (2/26/2026 - 12/31/2026) MLV 867-2 to MLV 868-2: Anomaly
Remediation (10/20/2026 -
10/24/2026) MLV 870-2 to MLV
870-2R: Anomaly Remediation (10/13/2026
- 10/17/2026) MLV 97-3 to MLV
106-3: Pig Run - Cleaning / Gauge (10/27/2026)
MLV 97-3 to MLV 106-3:
Pig Run - MFL-S (10/29/2026)
Sta 87: Unit 3D - Power side Overhaul (6/22/2026 - 9/30/2026)
Sta
875: Unit 1A- 8K Solar Turbine
Inspection (10/27/2026 -
10/29/2026) Sta 96: Unit 2D Replace
Compressor Valves (10/12/2026 -
10/15/2026)
Station 114
(segment 114 BH)
907
907
853
(54)
907
907
907
Sta 118A Tyler Mountain: Annual ESD Test (10/5/2026 - 10/6/2026)
Station 204
(Segment 204 BH)
1,828
1375
(453)
1,828
1755
(73)
1755
(73)
1710
(118)
MLV 209-2 to
MLV 214-2: Pig Run - Chem Cleaning (10/26/2026) MLV 209-2 to MLV 214-2: Pig Run - Chem
Cleaning (10/27/2026) MLV 209-2 to MLV 214-2: Pig Run - Chem
Cleaning (10/28/2026) MLV 209-2 to MLV 214-2: Pig Run - Chem
Cleaning (10/29/2026) MLV 209-2 to MLV 214-2: Pig Run - Chem
Cleaning (10/30/2026) MLV 214-1 to MLV 219-1: Pig Run -
Cal/IMU (10/20/2026)
MLV 214-1 to
MLV 219-1: Pig Run - Gauge/Cleaning (10/15/2026) MLV 214-1 to MLV 219-1: Pig Run - MFL-C (10/22/2026)
Sta 204: Scrubber Filter Change (10/1/2026 - 10/3/2026)
Sta 209 Cambridge: Scrubber Filter (9/28/2026 - 9/30/2026)
-Primary
impact restrictions may be necessary
TGP - Outage
Impact Report
-Major impact restrictions may be necessary
October 2026 (updated 08/20/26)
-Minor impact restrictions may be necessary depending on flow
conditions
-Little to no impact, though
minor outages may cause incremental reductions
Station # / Lateral
Est Nominal Operating Capacity (Thousand Dth)
Week 1
(9/28 - 10/4)
Week 2
(10/5 - 10/11)
Week 3
(10/12 - 10/18)
Week 4
(10/19 - 10/25)
Week 5
(10/26 - 11/1)
Primary
Outage(s)
Est. Operational Capacity (Operational Impact) - Thousand Dth
Station 233
(segment 233 FH)
459
355
(104)
459
459
459
459
MLV 233-2 to MLV 235-2: Pig Run (9/30/2026)
Station 245
(segment 245 FH)
986
970
(16)
970
(16)
970
(16)
970
(16)
765
(221)
Sta 245:
Unit 1A & 2A - Exhaust System & HP Fuel (4/27/2026 - 11/1/2026) Sta
245-1 to MLV 249-1: Pig Run - EMAT (10/28/2026)
Station 261 Discharge East (segment 261
FH)
888
500
(388)
888
555
(333)
888
888
Sta 261 Agawam: Annual ESD test (M) (9/28/2026 - 10/2/2026)
Sta 264 Charlton: Unit 1C - Engine Maintenance (8/24/2026 - 10/2/2026) Sta
264: Oil System (10/12/2026 -
10/16/2026)
Station 307
(segment 307 BH)
1,153
775
(378)
695
(458)
765
(388)
1,153
1,153
MLV 302-2 to MLV 303-2:
Anomaly Remediation (9/28/2026 -
10/10/2026) Sta 219: Annual ESD
Test & Scrubber Maintenance (10/12/2026
- 10/16/2026)
Sta 303A: Unit 1A -
Water Wash (10/6/2026 - 10/7/2026) Sta 307: Unit 4A - Trabon (9/29/2026 - 10/2/2026)
Station 315
(segment 315 BH)
1,823
1,823
1,823
1,823
1,823
1,823
MLV 324
(segment 324 FH)
1,767
1,767
1,767
1,767
1,767
1,767
MLV 329
(segment 324 FH)
846
830
(16)
830
(16)
846
630
(216)
846
MLV 325-1 to
MLV 329-1: Pig runs - Cleaning/Gauge (M) (10/19/2026) MLV 325-1 to MLV 329-1: Pig runs - EMAT (M) (10/20/2026)
MLV 329AS-1 to MLV 329AD-1: Valve Replacement - MLV 329-1 (M) (9/9/2026 -
10/9/2026)
Cranston Lateral
South
(segment 281
FH)
187
187
187
125
(62)
187
187
Sta 265: Unit 1A - Replace Lube Oil Fan
(10/12/2026)
Station 405 HC Line (segment 299
FH)
794
794
794
670
(124)
794
794
Sta 405A:
Unit 1A - 4k Waterwash (10/13/2026)
; Sta 405A: Unit 1A - 8K Solar Turbine
Inspection (10/14/2026)
Station 224
(segment 224 FH)
388
388
200
(188)
388
388
388
MLV 229-2 to MLV 232-2:
Pig runs - Maintenance (M) (10/6/2026)
This document is updated
on a weekly basis and outage schedules/impacts are subject to change as the week progresses. Dates posted on DART should be deemed
correct in the event of conflicts between DART posted dates and dates on this
report.
The impacts sheet are based on steady-state hydraulic models assuming
recent operating flows,
conditions, and various
unit outages.
-Primary impact restrictions may be necessary
TGP - Outage
Impact Report
-Major impact restrictions may be necessary
November
2026 (updated 08/20/26)
-Minor impact
restrictions may be necessary depending on flow conditions
-Little to no impact, though
minor outages may cause incremental reductions
Station # / Lateral
Est Nominal Operating Capacity (Thousand Dth)
Week 1
(11/2 - 11/8)
Week 2
(11/9 - 11/15)
Week 3
(11/16 - 11/22)
Week 4
(11/23 - 11/29)
Primary Outage(s)
Est. Operational Capacity (Operational Impact) - Thousand Dth
Station 409 (Donna Line) (segment 490
FH)
587
587
587
375
(212)
587
MLV 400-2 to MLV 409-2:
Pig Run - Maintenance Cleaning
(M) (11/17/2026)
MLV 406
(segment 406 BH)
479
479
440
(39)
479
479
MLV 400-1 to MLV 409-1:
Pig Run - Maintenance Cleaning
(M) (11/10/2026)
Station 1
(segment 101 BH)
438
375
(63)
438
438
438
MLV 1-1D to MLV 5-1: Spike Test (M) (9/21/2026 - 11/2/2026)
Station 9
(segment 109 BH)
1,066
1,066
880
(186)
1,066
1,066
MLV 1-1D to MLV 9-1S: Pig Run - Maintenance / Cleaning (M) (11/10/2026)
Station 25
(segment 125 FH)
1,095
1,095
1,095
1,095
1,095
Station 40 South
(segment 132 FH)
1,294
1,294
1,294
915
(379)
1,294
Sta 32: Annual ESD Test
(11/17/2026 - 11/18/2026)
Station 47
(segment 143 FH)
1,428
1350
(78)
1350
(78)
1,428
1,428
MLV 61-3 to MLV 62-3: Pipe Replacements (11/2/2026 - 11/13/2026)
Station 63
(segment 163 FH)
1,192
858
(334)
858
(334)
1067
(125)
1067
(125)
MLV 54-3 to
MLV 106-3: Emergent Repair - CAO (2/26/2026
- 12/31/2026) MLV 71-3D to MLV
74-3: Pig Runs - Cleaning / Gauge (11/3/2026)
MLV 71-3D to MLV 74-3: Pig Runs - TDW MDS (11/5/2026)
MLV 83-1A to MLV 83-1: Anomaly
Remediation (11/2/2026 - 11/13/2026)
Station 823
(segment 823 BH)
758
210
(548)
758
758
758
Sta 827 to
Sta 823: Pig Run - Maintenance (M) (11/5/2026) Sta 834 to Sta 827: Maintenance Pig (M) (11/5/2026)
Station 860
(segment 548 BH)
1,665
1,665
1,665
1,665
1,665
Station 860 North (Segment 860
BH)
2,059
2031
(28)
2031
(28)
2031
(28)
2031
(28)
Sta 860: Unit 1A - Aftercooler Jacket Water Inspection (6/17/2025 - 12/31/2026)
Station 110
(segment 187 BH)
(south
thru
Kentucky)
2,594
1951
(643)
2327
(267)
2327
(267)
2327
(267)
MLV 110-2 to MLV 114-2: CAO - Force Majeure (M) (7/14/2026 - 12/31/2026)
MLV
54-3 to MLV 106-3: Emergent Repair - CAO (2/26/2026
- 12/31/2026) MLV 97-3 to MLV
106-3: Pig Run - EMAT (11/5/2026)
MLV 97-3 to MLV 106-3:
Pig Run - MFL-C (11/3/2026)
Station 114
(segment 114 BH)
946
858
(88)
946
946
946
Sta 118A: Solar Turbine Inspection (11/2/2026 - 11/4/2026)
Station 204
(Segment 204 BH)
1,888
1765
(123)
1425
(463)
1425
(463)
1,888
MLV 204-4 to
MLV 209-4: Pig Run - Cal/IMU (11/12/2026) MLV 204-4 to MLV 209-4: Pig Run - EMAT (11/19/2026) MLV 204-4 to MLV 209-4: Pig Run - Gauge (11/10/2026) MLV
204-4 to MLV 209-4: Pig Run - MFL-C (11/17/2026) MLV 209-2 to MLV 214-2:
Pig Run - CAL/IMU (11/3/2026)
MLV 209-2
to MLV 214-2: Pig Run - EMAT (11/5/2026)
Station 245
(segment 245 FH)
1,043
1,043
1,043
1,043
1,043
Station 261 Discharge East (segment
261
FH)
1,034
1,034
1,034
1,034
1,034
Station 307
(segment 307 BH)
1,203
1,203
1,203
1,203
1,203
Station 315
(segment 315 BH)
1,885
1,885
1,885
1,885
1,885
MLV 324
(segment 324 FH)
1,883
1,883
1,883
1,883
1,883
Station 405 HC Line (segment 299
FH)
808
808
808
808
808
-Primary impact restrictions may be necessary
TGP - Outage
Impact Report
-Major impact restrictions may be necessary
November
2026 (updated 08/20/26)
-Minor impact restrictions may be necessary depending on flow
conditions
-Little to no impact, though
minor outages may cause incremental reductions
Station # / Lateral
Est Nominal Operating Capacity (Thousand Dth)
Week 1
(11/2 - 11/8)
Week 2
(11/9 - 11/15)
Week 3
(11/16 - 11/22)
Week 4
(11/23 - 11/29)
Primary Outage(s)
Est. Operational Capacity (Operational Impact) - Thousand Dth
This document is updated on a weekly
basis and outage
schedules/impacts are subject
to change as the week progresses.
Dates
posted on DART should be deemed correct
in the event of conflicts between DART posted
dates and dates on this report.
The impacts sheet are based on steady-state hydraulic models assuming recent operating flows,
conditions, and various
unit outages.",2026-08-20T19:53:52.000000Z,2026-08-20T19:53:52.000000Z,2026-08-21T14:00:00.000000Z,1,2026-08-20T05:00:00.000000Z,4e5308a6b60198988cebfe87c90c7936ec29248dea254a2e2949d8b71262ebc6,https://pipeline2.kindermorgan.com/Notices/NoticeDetail.aspx?code=TGP&notc_nbr=403635,data/raw/km_tgp_notice_detail/2026/08/28/4e5308a6b60198988cebfe87c90c7936ec29248dea254a2e2949d8b71262ebc6.html,km_tgp_notice_detail:1787932512717694000:4e5308a6b60198988cebfe87c90c7936ec29248dea254a2e2949d8b71262ebc6
TGP,403605,bf13ee16404de0ea5c472d80b1cdfa3946658aa09f8a6545b76c08066e554178,,True,False,2026-08-28T15:55:15.386229Z,MAINTENANCE,MAINTENANCE,INITIATE,,MLV 5-2 to MLV 1-2D Pig Run,"Project
Updates
“***MLV 5-2 to MLV
1-2D: Pig Run - Cleaning Gauge
--8/20/26: This activity will require operating at controlled flow rates.
Customers may experience pressure fluctuations. The meters listed may be
constrained or shut in during the project.
47799 NMP/TGP GILLRINA ROAD NUECES
49861 CCCPL/TGP SINTON SAN PATRICIO
53608 VCP/TGP VALLEY CROSSING ALLOCATION
53654 TRESPORT/TGP OLD BLOOMINGTON POWER
53655 VPP II/TGP OLD BLOOMINGTON POWER 2
54847 WHISTLEP/TGP WHISTLE RECEIPT NUECES
56830 INVNYLON/TGP GREENFIELD DELIVERY VI
57687 GCX/TGP AGUA DULCE GCXE RECEIPT NUE
411289 PRODGG/TGP UDP RIVERSIDE DEHY NUECE
411306 ENTRPRSE/TGP AGUA DULCE NUECES
411836 MSKE/TGP UDP FIDELITY DEHYDRATION T
412062 BANHUB/TGP BANQUETE TRANSPORT NUECE
412124 LASERGTH/TGP RIVERSIDE WILSON 1 NU
412221 84ENERGY/TGP ODEM DEHYDRATION SAN P
412669 ETP/TGP SHOUP NUECES
412693 GCENGY/TGP MORGAN SAN PATRICIO
412755 GCENGY/TGP COLETO CREEK VICTORIA
412861 KMTEJAS/TGP ROCHE LA ROSA: RIP 5A 1
412869 T2 GAS/TGP UDP KELLEY ROAD: RIP 5R
412877 EFMIDS/TGP BANQUETE PLANT: RIP 1T 1
421083 ENLINK/TGP PORT OF VICTORIA: DIP 8H
***Added
………………………………
***MLV 5-2 to MLV
1-2D: Pig Run - TDW MDS
--8/21/26: This activity will require operating at controlled flow rates.
Customers may experience pressure fluctuations. The meters listed may be
constrained or shut in during the project.
47799 NMP/TGP GILLRINA ROAD NUECES
49861 CCCPL/TGP SINTON SAN PATRICIO
53608 VCP/TGP VALLEY CROSSING ALLOCATION
53654 TRESPORT/TGP OLD BLOOMINGTON POWER
53655 VPP II/TGP OLD BLOOMINGTON POWER 2
54847 WHISTLEP/TGP WHISTLE RECEIPT NUECES
56830 INVNYLON/TGP GREENFIELD DELIVERY VI
57687 GCX/TGP AGUA DULCE GCXE RECEIPT NUE
411289 PRODGG/TGP UDP RIVERSIDE DEHY NUECE
411306 ENTRPRSE/TGP AGUA DULCE NUECES
411836 MSKE/TGP UDP FIDELITY DEHYDRATION T
412062 BANHUB/TGP BANQUETE TRANSPORT NUECE
412124 LASERGTH/TGP RIVERSIDE WILSON 1 NU
412221 84ENERGY/TGP ODEM DEHYDRATION SAN P
412669 ETP/TGP SHOUP NUECES
412693 GCENGY/TGP MORGAN SAN PATRICIO
412755 GCENGY/TGP COLETO CREEK VICTORIA
412861 KMTEJAS/TGP ROCHE LA ROSA: RIP 5A 1
412869 T2 GAS/TGP UDP KELLEY ROAD: RIP 5R
412877 EFMIDS/TGP BANQUETE PLANT: RIP 1T 1
421083 ENLINK/TGP PORT OF VICTORIA: DIP 8H
***
Date Change, Previously scheduled 8/20/26.
………………………………”
If
you have any questions, please contact your Scheduler.",2026-08-19T16:49:54.000000Z,2026-08-19T16:49:54.000000Z,2026-08-20T14:00:00.000000Z,1,2026-08-19T05:00:00.000000Z,bf13ee16404de0ea5c472d80b1cdfa3946658aa09f8a6545b76c08066e554178,https://pipeline2.kindermorgan.com/Notices/NoticeDetail.aspx?code=TGP&notc_nbr=403605,data/raw/km_tgp_notice_detail/2026/08/28/bf13ee16404de0ea5c472d80b1cdfa3946658aa09f8a6545b76c08066e554178.html,km_tgp_notice_detail:1787932515386229000:bf13ee16404de0ea5c472d80b1cdfa3946658aa09f8a6545b76c08066e554178
TGP,403585,3ed7208ffd5ba9c063f281f4443d34398b651c2713f46256e9328f7b049122da,,True,False,2026-08-28T15:55:17.975508Z,MAINTENANCE,MAINTENANCE,SUPERSEDE,403394,TGP SUMMER MAINTENANCE MTG UPDATE 8-18,"TGP's 2026 SUMMER MAINTENANCE TEAMS
MEETING 8-18-2026 TODAY
As a reminder, Tennessee Gas Pipeline Company, LLC (“Tennessee”)
will be hosting its next 2026 TEAMS Summer Maintenance meeting to provide
customers and other interested parties an overview of Tennessee's upcoming Summer
Scheduled Maintenance for the remaining days of August and all of September and
October 2026 today, Tuesday, August 18, 2026, from 1:30 PM CST to 2:30 PM CST
via TEAMS only. Additionally, there will be a review of upcoming scheduled
maintenance on the Stagecoach, Arlington and Twin Tier systems. There will be
a question and answer segment immediately following.
The presentation will be posted to the EBB no later
than 12:00 PM CST today.
Please see TEAMS info below:
TGP Summer Maintenance and Outages TEAMS Meeting
Join on your computer, mobile
app or room device
________________________________________________________________________________
Microsoft Teams meeting
Join: https://teams.microsoft.com/meet/23579493131869?p=w4N7s4IHBI1GQNbITK
Meeting ID: 235 794 931 318 69
Passcode: Vg6AB2AN
Need help | System reference
Dial in by phone
+1
346-410-0970,,694003306# United States, Houston
Find a local number
Phone conference ID: 694 003 306#
For organizers: Meeting options | Reset dial-in PIN
________________________________________________________________________________",2026-08-18T11:40:33.000000Z,2026-08-18T11:40:33.000000Z,2026-08-19T14:00:00.000000Z,1,2026-08-18T05:00:00.000000Z,3ed7208ffd5ba9c063f281f4443d34398b651c2713f46256e9328f7b049122da,https://pipeline2.kindermorgan.com/Notices/NoticeDetail.aspx?code=TGP&notc_nbr=403585,data/raw/km_tgp_notice_detail/2026/08/28/3ed7208ffd5ba9c063f281f4443d34398b651c2713f46256e9328f7b049122da.html,km_tgp_notice_detail:1787932517975508000:3ed7208ffd5ba9c063f281f4443d34398b651c2713f46256e9328f7b049122da
TGP,403561,95bb5cf849bae9d2e4da26961319db8defe141a609f778d782d9afb806b66f97,,True,False,2026-08-28T15:55:20.582526Z,MAINTENANCE,MAINTENANCE,SUPERSEDE,403394,TGP SUMMER MAINTENANCE MTG REMINDER,"TGP's 2026 SUMMER MAINTENANCE TEAMS
MEETING 8-18-2026 REMINDER
As a reminder, Tennessee Gas Pipeline Company, LLC (“Tennessee”)
will be hosting its next 2026 TEAMS Summer Maintenance meeting to provide
customers and other interested parties an overview of Tennessee's upcoming Summer
Scheduled Maintenance for the remaining days of August and all of September and
October 2026 on Tuesday, August 18, 2026, from 1:30 PM CST to 2:30 PM CST via TEAMS
only. Additionally, there will be a review of upcoming scheduled maintenance
on the Stagecoach, Arlington and Twin Tier systems. There will be a question
and answer segment immediately following.
Please see TEAMS info below:
TGP Summer Maintenance
and Outages TEAMS Meeting
Join on your computer, mobile
app or room device
________________________________________________________________________________
Microsoft Teams meeting
Join: https://teams.microsoft.com/meet/23579493131869?p=w4N7s4IHBI1GQNbITK
Meeting ID: 235 794 931 318 69
Passcode: Vg6AB2AN
Need help | System reference
Dial in by phone
+1
346-410-0970,,694003306# United States, Houston
Find a local number
Phone conference ID: 694 003 306#
For organizers: Meeting options | Reset dial-in PIN
________________________________________________________________________________",2026-08-17T12:01:28.000000Z,2026-08-17T12:01:28.000000Z,2026-08-18T14:00:00.000000Z,1,2026-08-17T05:00:00.000000Z,95bb5cf849bae9d2e4da26961319db8defe141a609f778d782d9afb806b66f97,https://pipeline2.kindermorgan.com/Notices/NoticeDetail.aspx?code=TGP&notc_nbr=403561,data/raw/km_tgp_notice_detail/2026/08/28/95bb5cf849bae9d2e4da26961319db8defe141a609f778d782d9afb806b66f97.html,km_tgp_notice_detail:1787932520582526000:95bb5cf849bae9d2e4da26961319db8defe141a609f778d782d9afb806b66f97
TGP,403497,4eee644b9a73e2d29296826918c17f5bb3276f338fcd44517c67dca7bed33e5c,,True,False,2026-08-28T15:55:24.832370Z,MAINTENANCE,MAINTENANCE,INITIATE,,TGP Outage Impact Report,"-Primary
impact restrictions may be necessary
TGP - Outage
Impact Report
-Major
impact restrictions may be
necessary
Seven Day Forecast (updated 08/13/26)
-Minor impact restrictions may be necessary depending on flow conditions
-Little to no impact, though
minor outages may cause incremental reductions
Station / Seg
Est Nominal
Operating Capacity (Thousand Dth)
Monday
(8/17)
Tuesday
(8/18)
Wednesday
(8/19)
Thursday
(8/20)
Friday
(8/21)
Saturday
(8/22)
Sunday
(8/23)
Primary Outage(s) that
may Impact Throughput
Est. Operational Capacity
(Operational Impact) - Thousand
Dth
Station 409
(Donna Line)
(segment 490 FH)
564
564
564
564
564
564
564
564
Station 1
(segment 101 BH)
399
399
399
399
399
399
399
399
Station 9
(segment 109 BH)
1,027
640
(387)
640
(387)
640
(387)
640
(387)
1,027
1,027
1,027
MLV 5-2
to MLV 1-2D:
Pig Run - Cleaning Gauge
(M) (8/17/2026) MLV 5-2 to MLV 1-2D:
Pig Run - Cleaning Gauge
(M) (8/18/2026) MLV 5-2 to MLV 1-2D:
Pig Run - Cleaning Gauge
(M) (8/19/2026)
MLV 5-2 to MLV 1-2D:
Pig Run - TDW MDS (M) (8/20/2026)
Station 17
(segment 117 FH)
1,122
900
(222)
900
(222)
900
(222)
900
(222)
1100
(22)
1100
(22)
1100
(22)
MLV 19-1
TO MLV 20-1A:
Pipe Replacement (M) (8/6/2026 - 9/18/2026) MLV 26-3 Relocation: Highway 59 Widening (M) (8/4/2026 - 8/20/2026)
Station 25
(segment 125 FH)
1,078
1,078
1,078
1,078
1,078
1,078
1,078
1,078
Station 47
(segment 143 FH)
1,343
1,343
1,343
1,343
1,343
1,343
1,343
1,343
Station 63
(segment 163 FH)
1,242
901
(341)
901
(341)
901
(341)
901
(341)
901
(341)
1117
(125)
1117
(125)
MLV 54-3
to MLV 106-3:
Emergent Repair - CAO (2/26/2026 - 12/31/2026) MLV 77-3 to MLV 77-3A: Pipe Replacements (8/11/2026 - 8/21/2026)
Station 823
(segment 823 BH)
734
734
734
734
734
734
734
734
Station 534 South
of Pool (segment 530
BH)
1,550
985
(565)
985
(565)
985
(565)
985
(565)
985
(565)
985
(565)
985
(565)
MLV 533-2 to MLV 534-2:
Pipe Replacement (M) (6/4/2026 - 9/4/2026)
Station 860
(segment 548 BH)
1,593
1343
(250)
1343
(250)
1343
(250)
1343
(250)
1343
(250)
1343
(250)
1343
(250)
Sta 542: Unit 2A - Emergent Repair (4/7/2026
- 9/30/2026) Sta 542: Unit 3A - Emergent Repair (3/26/2026 - 8/31/2026) Sta 546: Unit 2A - Engine PM (8/19/2026 - 8/20/2026)
Sta 546: Unit 6A - Turbo
Replacment (7/8/2026 - 8/21/2026) Sta 546: Unit 7A - Metal in Oil (7/14/2025 - 8/31/2026)
Sta 555: Unit 1B - Hot Gas Path
(8/10/2026 - 9/18/2026)
Station 860 North (Segment 860
BH)
1,874
1846
(28)
1846
(28)
1846
(28)
1846
(28)
1846
(28)
1846
(28)
1846
(28)
Sta 860: Unit 1A - Aftercooler Jacket Water Inspection (6/17/2025 - 12/31/2026)
Station 110
(segment 187 BH)
(south thru Kentucky)
2,685
2150
(535)
1900
(785)
1900
(785)
2404
(281)
2406
(279)
2406
(279)
2406
(279)
MLV 104-1
to MLV 105-1:
Anomaly Remediation (8/6/2026 - 9/12/2026) MLV 109-4 to 110-4: Valve Installation
& Crossover Work (8/10/2026 - 8/24/2026)
MLV 109-4 to MLV 110-4:
Pipe Replacement (8/10/2026 -
8/31/2026) MLV 110-2
to MLV 114-2:
CAO - Force Majeure (M)
(7/14/2026 - 12/31/2026)
MLV 54-3
to MLV 106-3:
Emergent Repair - CAO (2/26/2026 - 12/31/2026) MLV 96-3BR to MLV 96-3BL: Spike Test (7/27/2026 - 8/31/2026)
Sta 106: Unit 1D - 4K Solar Turbine Inspection (8/18/2026 - 8/20/2026) Sta 87 Portland: Annual ESD Test (8/18/2026 - 8/19/2026)
Sta 87:
Unit 1E - Scrubber/Filter/Separator Clean,
Inspect & Filter
Change (8/18/2026)
Sta 87:
Unit 2E - Scrubber/Filter/Separator Clean,
Inspect & Filter
Change (8/19/2026)
Sta 87: Unit 3D
- Power side Overhaul (6/22/2026
- 9/30/2026) Sta 871: Unit 1A - Emergent Repair (7/10/2026 - 8/25/2026) Sta.
87: Unit 1E - Change
Water Pump (8/17/2026 - 8/20/2026)
Station 114
(segment 114 BH)
907
907
393
(514)
393
(514)
393
(514)
393
(514)
393
(514)
393
(514)
MLV 117-3
to MLV 118-3:
Special Permit Pipe Replacement (8/18/2026 - 9/6/2026)
MLV 119-2 to MLV 119-2A:
Special Permit Pipe
Replacement (8/18/2026 -
9/6/2026)
Station 204
(Segment 204 BH)
1,828
1,828
1,828
1,828
1,828
1,828
1,828
1,828
Station 245
(segment 245 FH)
986
970
(16)
970
(16)
970
(16)
970
(16)
970
(16)
970
(16)
970
(16)
Sta 245: Unit
1A & 2A - Exhaust
System & HP Fuel (4/27/2026 - 11/1/2026)
Station 261 Discharge East (segment 261
FH)
888
888
888
888
888
888
888
888
Station 307
(segment 307 BH)
1,153
1,153
1,153
1,153
1,153
1,153
1,153
1,153
Station 313 Discharge (segment 399
FH)
797
515
(282)
515
(282)
515
(282)
515
(282)
797
797
797
Sta 313 Coudersport: Annual ESD Test
& Maintenance (8/17/2026 - 8/20/2026)
Station 315
(segment 315 BH)
1,823
1,823
1,823
1,823
1,823
1,823
1,823
1,823
MLV 324
(segment 324 FH)
1,767
1,767
1,767
1,767
1,767
1,767
1,767
1,767
Station 405 HC Line
(segment 299
FH)
794
794
794
794
794
794
794
794
This
document is updated
on a weekly basis and outage schedules/impacts are subject to change as the week progresses.
Dates
posted on DART should be deemed correct
in the event
of conflicts between DART posted dates
and dates on this report.
The
impacts sheet are based on steady-state hydraulic models assuming recent
operating flows, conditions, and various unit
outages.
-Primary
impact restrictions may be necessary
TGP - Outage
Impact Report
-Major impact restrictions may be necessary
August
2026 (updated 08/13/26)
-Minor impact
restrictions may be necessary depending on flow conditions
-Little to no impact, though
minor outages may cause incremental reductions
Station # / Lateral
Est Nominal Operating Capacity (Thousand Dth)
Week 1
(8/3 - 8/9)
Week 2
(8/10 - 8/16)
Week 3
(8/17 - 8/23)
Week 4
(8/24 - 8/30)
Primary Outage(s)
Est. Operational Capacity (Operational Impact) - Thousand Dth
Station 409 (Donna Line) (segment 490
FH)
564
564
Station 1
(segment 101 BH)
399
399
Station 9
(segment 109 BH)
1,027
970
(57)
MLV 4-2 to MLV 5-2: Anomaly Remediation (8/27/2026 - 9/4/2026)
Station 17
(segment 117 FH)
1,122
1100
(22)
MLV 19-1 TO MLV 20-1A:
Pipe Replacement (M) (8/6/2026 - 9/18/2026)
Station 25
(segment 125 FH)
1,078
1,078
Station 47
(segment 143 FH)
1,343
1,343
Station 63
(segment 163 FH)
1,242
1117
(125)
MLV 54-3 to MLV 106-3:
Emergent Repair - CAO (2/26/2026 - 12/31/2026)
Station 823
(segment 823 BH)
734
734
Station 534 South of Pool (segment 530
BH)
1,550
985
(565)
MLV 533-2 to MLV 534-2:
Pipe Replacement (M) (6/4/2026 - 9/4/2026)
Station 860
(segment 548 BH)
1,593
1343
(250)
Sta 542: Unit 2A - Emergent Repair (4/7/2026
- 9/30/2026) Sta 542: Unit 3A -
Emergent Repair (3/26/2026 -
8/31/2026) Sta 546: Unit 7A - Metal
in Oil (7/14/2025 - 8/31/2026)
Sta 555: Unit 1B - Hot Gas Path (8/10/2026 - 9/18/2026)
Station 860 North (Segment 860 BH)
1,874
1530
(344)
Sta 563:
Unit 1A - Annual Inspection & Safety Device Check (8/24/2026 - 8/26/2026)
Sta 563: Unit 2A - Annual Inspection/CAV (8/26/2026 - 8/28/2026)
Sta 860: Unit 1A - Aftercooler Jacket Water Inspection (6/17/2025 - 12/31/2026)
Station 110
(segment 187 BH)
(south thru Kentucky)
2,685
1882
(659)
MLV 104-1 to
MLV 105-1: Anomaly Remediation (8/6/2026
- 9/12/2026) MLV 109-4 to 110-4:
Valve Installation & Crossover Work (8/10/2026
- 8/24/2026)
MLV 109-4 to MLV 110-4:
Pipe Replacement (8/10/2026 -
8/31/2026) MLV 110-2 to MLV 114-2:
CAO - Force Majeure (M) (7/14/2026 - 12/31/2026)
MLV 54-3 to
MLV 106-3: Emergent Repair - CAO (2/26/2026
- 12/31/2026) MLV 87-3 to MLV 96-3:
Pig Run - Cleaning / Gauge (8/25/2026)
MLV 87-3 to MLV 96-3: Pig Run - EMAT
(8/27/2026)
MLV 96-3BR to MLV 96-3BL:
Spike Test (7/27/2026 - 8/31/2026)
Sta 110: Install ESD Silence Covers
(8/24/2026 - 8/28/2026) Sta 87: Unit 3D - Power side Overhaul (6/22/2026 - 9/30/2026) Sta 871: Unit 1A - Emergent Repair (7/10/2026 - 8/25/2026) Sta 871: Unit 3A - Engine Maintenance (8/24/2026 - 9/11/2026)
Station 114
(segment 114 BH)
907
393
(514)
MLV 117-3 to
MLV 118-3: Special Permit Pipe Replacement
(8/18/2026 - 9/6/2026)
MLV 119-2 to MLV 119-2A:
Special Permit Pipe Replacement (8/18/2026 -
9/6/2026)
Station 204
(Segment 204 BH)
1,828
1,828
Station 245
(segment 245 FH)
986
765
(221)
Sta 245:
Unit 1A & 2A - Exhaust System & HP Fuel (4/27/2026 - 11/1/2026) Sta
245-1 to MLV 249-1: Pig Re-Run - Cal/IMU (8/26/2026)
Station 261 Discharge East (segment
261
FH)
888
888
Station 307
(segment 307 BH)
1,153
965
(188)
Sta 307
(Pigeon): MLV Operators / Air Comp Install / Fuel Skid (8/24/2026 - 8/28/2026)
Station 315
(segment 315 BH)
1,823
1,823
-Primary
impact restrictions may be necessary
TGP - Outage
Impact Report
-Major impact restrictions may be necessary
August
2026 (updated 08/13/26)
-Minor impact
restrictions may be necessary depending on flow conditions
-Little to no impact, though
minor outages may cause incremental reductions
Station # / Lateral
Est Nominal Operating Capacity (Thousand Dth)
Week 1
(8/3 - 8/9)
Week 2
(8/10 - 8/16)
Week 3
(8/17 - 8/23)
Week 4
(8/24 - 8/30)
Primary Outage(s)
Est. Operational Capacity (Operational Impact) - Thousand Dth
Station 317
(segment 317 BH)
1,548
1345
(203)
Sta 317: Annual
ESD Test & Maintenance (8/24/2026 - 8/28/2026)
MLV 324
(segment 324 FH)
1,767
1355
(412)
MLV 324-1 to MLV 324-1A:
Anomaly Remediation (8/24/2026 -
8/29/2026) Sta 325: Station Outage (8/26/2026 - 8/28/2026)
Station 405 HC Line (segment 299
FH)
794
794
Station 224
(segment 224 FH)
388
280
(108)
Station 224: Scrubber
Inspections & Filter
Change (8/25/2026 - 8/26/2026)
This document is updated on a weekly
basis and outage
schedules/impacts are subject
to change as the week progresses.
Dates
posted on DART should be deemed correct
in the event of conflicts between DART posted
dates and dates on this report.
The impacts sheet are based on steady-state hydraulic models assuming recent operating flows, conditions, and various unit outages.
-Primary impact restrictions may be necessary
TGP - Outage
Impact Report
-Major impact restrictions may be necessary
September 2026 (updated 08/13/26)
-Minor impact
restrictions may be necessary depending on flow conditions
-Little to no impact, though
minor outages may cause incremental reductions
Station # / Lateral
Est Nominal Operating Capacity (Thousand Dth)
Week 1
(8/31 - 9/6)
Week 2
(9/7 - 9/13)
Week 3
(9/14 - 9/20)
Week 4
(9/21 - 9/27)
Primary Outage(s)
Est. Operational Capacity (Operational Impact) - Thousand Dth
Station 409A (Alamo)
(segment 492 FH)
274
215
(59)
125
(149)
215
(59)
215
(59)
MLV 409-1 to MLV 406-1: Spike Test (M) (9/1/2026 - 10/31/2026)
MLV
409A-101.1 to MLV 409A-103: Pig Runs - Cleaning / Gauge (M) (9/7/2026) MLV 409A-101.1 to MLV 409A-103: Pig Runs
- Cleaning / Gauge (M) (9/8/2026) MLV
409A-101.1 to MLV 409A-103: Pig Runs - Cleaning / Gauge (M) (9/9/2026) MLV 409A-101.1 to MLV 409A-103: Pig Runs
- EMAT (M) (9/11/2026)
MLV 409A-101.1 to MLV 409A-103: Pig Runs - MFL-C (M) (9/10/2026)
Station 409 (Donna Line) (segment 490
FH)
564
564
564
564
564
Station 1
(segment 101 BH)
399
399
399
399
300
(99)
MLV 1-1D to MLV 5-1: Spike Test (M) (9/21/2026 - 11/2/2026)
Station 9
(segment 109 BH)
1,027
970
(57)
835
(192)
835
(192)
1,027
MLV 2-2 to MLV 3-2: Anomaly
Remediation (9/8/2026 - 9/18/2026) MLV 4-2 to MLV 5-2: Anomaly Remediation (8/27/2026 - 9/4/2026)
Station 17
(segment 117 FH)
1,122
1100
(22)
1100
(22)
1100
(22)
1085
(37)
MLV 17-1D to
MLV 20-1A: Pig Run - Chemical Cleaning (9/21/2026) MLV 17-1D to MLV 20-1A: Pig Run - EMAT (9/24/2026)
MLV 17-1D to
MLV 20-1A: Pig Run - GAUGE PLATE (9/22/2026) MLV 17-1D to MLV 20-1A: Pig Run - MFL-C (9/23/2026)
MLV 19-1 TO MLV 20-1A: Pipe Replacement (M) (8/6/2026 - 9/18/2026)
Station 25
(segment 125 FH)
1,078
1,078
1,078
1,078
1,078
Station 47
(segment 143 FH)
1,343
1045
(298)
1045
(298)
1300
(43)
1300
(43)
MLV 47-4D to
MLV 54-4S: Pig Run - AFD Combo (M) (9/8/2026) MLV 47-4D to MLV 54-4S: Pig Run - EMAT (M) (9/10/2026)
MLV 47-4D to
MLV 54-4S: Pig Run - Gauge Cleaning (M) (8/31/2026) MLV 47-4D to MLV 54-4S: Pig Run - Gauge Cleaning (M)
(9/1/2026) MLV 47-4D to MLV 54-4S:
Pig Run - Gauge Cleaning (M) (9/2/2026)
MLV 58-2 to MLV 59-2: Anomaly
Remediation (9/20/2026 - 10/1/2026)
Station 63
(segment 163 FH)
1,242
1117
(125)
1117
(125)
1117
(125)
1117
(125)
MLV 54-3 to MLV 106-3:
Emergent Repair - CAO (2/26/2026 -
12/31/2026) MLV 82-2C to MLV 83-2:
Anomaly Remediation (9/21/2026 -
9/26/2026)
Station 823
(segment 823 BH)
734
734
734
734
734
Station 834
(segment 834 BH)
683
590
(93)
670
(13)
670
(13)
670
(13)
Sta 834: Catalyst Cleaning (8/31/2026
- 9/4/2026) Sta 834: Station Outage (8/31/2026 - 9/2/2026)
Sta 834: Unit 1A -
Replace Insulation Blanket (9/14/2026
- 9/15/2026) Sta 834: Unit 2A -
Replace Insulation Blanket (9/16/2026
- 9/17/2026) Sta 834: Unit 3A -
Replace Insulation Blanket (9/18/2026
- 9/19/2026) Sta 834: Unit 4A - Replace
Insulation Blanket (9/21/2026 - 9/22/2026)
Sta 834: Unit 4A - Replace
Lubrication System (9/7/2026 - 9/11/2026)
Station 534 South of Pool (segment 530
BH)
1,550
985
(565)
1,550
1,550
1,550
MLV 533-2 to MLV 534-2:
Pipe Replacement (M) (6/4/2026 - 9/4/2026)
Station 534
(segment 534 BH)
1,909
1,909
1,909
1,909
1440
(469)
MLV 534-2 to MLV 535-2: Tallahala Creek HDD (9/21/2026 - 9/30/2026)
Station 860
(segment 548 BH)
1,593
1343
(250)
1390
(203)
725
(868)
1586
(7)
MLV 546-2 to MLV 547-2: Line Recoat (9/14/2026 - 9/18/2026)
Sta 542: Unit 2A - Emergent Repair (4/7/2026 - 9/30/2026) Sta 542: Unit 3A - Emergent Repair
(3/26/2026 - 8/31/2026)
Sta
546: Annual ESD Tests & Maintenance (9/14/2026
- 9/18/2026) Sta 546: Unit 7A -
Metal in Oil (7/14/2025 -
8/31/2026)
Sta
555: Scrubber/Filter/Separator Clean, Inspect & Filter Change (9/14/2026) Sta 555: Unit 1B - Hot Gas Path (8/10/2026 - 9/18/2026)
Sta 555: Unit 4A - Engine Maintenance (9/21/2026 - 9/24/2026)
Station 860 North (Segment 860
BH)
1,874
1846
(28)
1846
(28)
1846
(28)
1846
(28)
Sta 860:
Unit 1A - Aftercooler Jacket Water Inspection (6/17/2025 - 12/31/2026) Sta
860: Unit 1B - Replace Turbocharger (8/31/2026
- 9/4/2026)
-Primary
impact restrictions may be necessary
TGP - Outage
Impact Report
-Major impact restrictions may be necessary
September 2026 (updated 08/13/26)
-Minor impact restrictions may be necessary depending on flow
conditions
-Little to no impact, though
minor outages may cause incremental reductions
Station # / Lateral
Est Nominal Operating Capacity (Thousand Dth)
Week 1
(8/31 - 9/6)
Week
2
(9/7 - 9/13)
Week 3
(9/14 - 9/20)
Week 4
(9/21 - 9/27)
Primary Outage(s)
Est. Operational Capacity (Operational Impact) - Thousand Dth
Station 110
(segment 187 BH)
(south thru Kentucky)
2,685
2296
(389)
2355
(330)
2435
(250)
2435
(250)
MLV 104-1 to MLV 105-1: Anomaly
Remediation (8/6/2026 - 9/12/2026)
MLV 105-1 to MLV 105-1A: Anomaly Remediation (9/14/2026 - 9/25/2026) MLV
109-3A to MLV 110-3: Pipe Replacement (9/16/2026
- 9/30/2026) MLV 109-4
to MLV 110-4:
Pipe Replacement (8/10/2026 - 8/31/2026) MLV 109-5 to MLV 109-5A:
Pipe Replacement (9/1/2026 - 9/15/2026) MLV 109-5A to MLV 110-5: Pipe
Replacement (9/1/2026 - 9/15/2026)
MLV 110-2 to MLV 114-2:
CAO - Force Majeure (M) (7/14/2026 - 12/31/2026)
MLV 54-3 to MLV 106-3: Emergent Repair - CAO (2/26/2026 - 12/31/2026) MLV
93-4 to MLV 94-4: Anomaly Remediation (M) (9/14/2026 - 9/21/2026) MLV 96-3BR to MLV 96-3BL: Spike Test (7/27/2026 - 8/31/2026)
Sta 106: Unit 2D - 4K Solar
Turbine Inspection (9/16/2026 -
9/18/2026) Sta 87: Unit 3D - Power
side Overhaul (6/22/2026 -
9/30/2026)
Sta 871 Campbellsville: Annual ESD Test (9/1/2026)
Sta 871: Unit 3A - Engine Maintenance (8/24/2026 - 9/11/2026)
Station 114
(segment 114 BH)
907
393
(514)
907
812
(95)
907
MLV 117-3 to
MLV 118-3: Special Permit Pipe Replacement
(8/18/2026 - 9/6/2026)
MLV 119-2 to
MLV 119-2A: Special Permit Pipe Replacement
(8/18/2026 - 9/6/2026)
Sta 119A: Unit 1A - Solar Turbine Inspection (9/14/2026 - 9/16/2026)
Station 204
(Segment 204 BH)
1,828
1,828
1760
(68)
1,828
1,828
MLV 214-3 to MLV 219-3: Pig Run - Cal/IMU/MFL-A Combo (M) (9/10/2026)
MLV 214-3 to MLV 219-3:
Pig Run - Gauge/Cleaning (M) (9/8/2026)
Station 230C
(segment 296 FH)
743
743
370
(373)
743
743
Sta 230C: Scrubber
/ Filter Inspection (M) (9/9/2026 - 9/10/2026)
Station 245
(segment 245 FH)
986
970
(16)
970
(16)
970
(16)
680
(306)
Sta 245: Bldg A & B - Remove Unit Valves
(9/21/2026 - 9/25/2026)
Sta 245: Unit 1A & 2A - Exhaust System
& HP Fuel (4/27/2026 - 11/1/2026)
Station 261 Discharge East (segment
261
FH)
888
888
715
(173)
715
(173)
555
(333)
Sta 264 Charlton: Annual
ESD Test (9/23/2026 - 9/24/2026)
Sta 264 Charlton: Unit 1C - Engine Maintenance (9/8/2026 - 10/9/2026)
Station 307
(segment 307 BH)
1,153
1,153
1,153
1,153
1,153
Station 313 Discharge (segment 399 FH)
797
797
220
(577)
220
(577)
797
MLV
313A-101A to MLV 313A-401: Anomaly Remediation (M) (9/7/2026 - 9/19/2026)
MLV
313A-101L to MLV 313A-101A: Anomaly Remediation (M) (9/7/2026 - 9/19/2026)
MLV 313A-403
to MLV 313A-404: Anomaly Remediation (M) (9/7/2026 - 9/19/2026)
MLV 313A-405A to MLV 313A-406: Anomaly Remediation (M) (9/7/2026 -
9/19/2026)
Station 315
(segment 315 BH)
1,823
1,823
1,823
1,823
1,823
MLV 324
(segment 324 FH)
1,767
1515
(252)
1,767
1,767
1495
(272)
MLV 321-1L to MLV 322-1:
Anomaly Remediation (8/31/2026 -
9/5/2026) Sta 323: Station Outage (9/21/2026 - 9/24/2026)
MLV 329
(segment 324 FH)
846
846
830
(16)
830
(16)
830
(16)
MLV 329AS-1
to MLV 329AD-1: Valve Replacement - MLV 329-1 (M) (9/9/2026 - 10/9/2026)
Station 405 HC Line (segment 299
FH)
794
794
794
794
794
This
document is updated
on a weekly basis and outage schedules/impacts are subject to change as the week progresses.
Dates
posted on DART should be deemed correct
in the event of conflicts between DART posted
dates and dates on this report.
The impacts sheet are based on steady-state hydraulic models assuming recent operating flows, conditions, and various unit outages.
-Primary impact restrictions may be necessary
TGP - Outage
Impact Report
-Major impact restrictions may be necessary
October 2026 (updated 08/13/26)
-Minor impact restrictions may be necessary depending on flow
conditions
-Little to no impact, though
minor outages may cause incremental reductions
Station # / Lateral
Est Nominal Operating Capacity (Thousand Dth)
Week 1
(9/28 - 10/4)
Week 2
(10/5 - 10/11)
Week 3
(10/12 - 10/18)
Week 4
(10/19 - 10/25)
Week 5
(10/26 - 11/1)
Primary
Outage(s)
Est. Operational Capacity (Operational Impact) - Thousand Dth
Station 409A
(Alamo) (segment 492
FH)
274
215
(59)
215
(59)
215
(59)
215
(59)
215
(59)
MLV 409-1 to MLV 406-1: Spike Test (M) (9/1/2026 - 10/31/2026)
Station 409 (Donna
Line) (segment 490
FH)
564
564
564
564
564
564
Station 1
(segment 101 BH)
399
300
(99)
300
(99)
300
(99)
300
(99)
300
(99)
MLV 1-1D to MLV 5-1: Spike Test (M) (9/21/2026 - 11/2/2026)
Station 9
(segment 109 BH)
1,027
1,027
1,027
1,027
640
(387)
1,027
MLV 9-2S to
MLV 1-2: Pig Runs - Cleaning / Maintenance (M) (10/22/2026) MLV 9-3 to MLV 5-3: Pig Run -
Maintenance (M) (10/21/2026)
Station 17
(segment 117 FH)
1,122
1,122
1,122
1014
(108)
1100
(22)
1,122
MLV 17-2D to
MLV 20-2A: Pig Run - Chemical Cleaning (10/19/2026 - 10/20/2026)
MLV 17-2D to
MLV 20-2A: Pig Run - GAUGE (10/21/2026) MLV 17-2D to MLV 20-2A: Pig Run - MFL-A (10/22/2026)
Sta 25: Annual ESD Test (10/13/2026)
Station 25
(segment 125 FH)
1,078
1,078
1,078
1,078
1,078
1,078
Station 47
(segment 143 FH)
1,343
1025
(318)
1025
(318)
1295
(48)
1,343
1,343
MLV 58-2 to MLV 59-2: Anomaly
Remediation (9/20/2026 - 10/1/2026) Sta 47: Scrubber/Filter/Separator
Cleaning/Inspection/Changeout (9/28/2026
-
10/2/2026)
Sta 47: Station
Transformer Maintenance (10/6/2026)
Sta 47: Unit 1D - 16K hour Overhaul (10/5/2026 - 10/15/2026)
Station 63
(segment 163 FH)
1,242
1117
(125)
1117
(125)
1117
(125)
1117
(125)
1117
(125)
MLV 54-3 to
MLV 106-3: Emergent Repair - CAO (2/26/2026
- 12/31/2026) MLV 82-1 to MLV 87-1:
Pig Run - AFD/Cal/IMU (10/8/2026)
MLV 82-1 to MLV 87-1: Pig Run - Cleaning / Gauge (10/6/2026)
MLV 82-1 to MLV 87-1: Pig Run - EMAT (10/13/2026)
Station 823
(segment 823 BH)
734
734
734
734
734
734
Station 534 South of Pool (segment 530
BH)
1,550
1,550
1,550
1175
(375)
1,550
1,550
Sta 529: Unit 1A - Solar Inspection (10/12/2026 - 10/15/2026)
Station 534
(segment 534 BH)
1,909
1440
(469)
1,909
1,909
1,909
1,909
MLV 534-2 to MLV 535-2:
Tallahala Creek HDD (9/21/2026 - 9/30/2026)
MLV 548
(segment 542 BH)
1,647
1,647
1,647
1,647
1,647
1,647
Station 860
(segment 548 BH)
1,593
1586
(7)
1375
(218)
1,593
1181
(412)
1,593
Sta 542
Dekalb: Annual ESD Test (10/20/2026
- 10/22/2026) Sta 542: Unit 2A -
Emergent Repair (4/7/2026 -
9/30/2026) Sta 550 Hamilton: Annual
ESD Test (10/5/2026 - 10/9/2026)
Sta 550: Unit 1B - Juction Box Rewire & Unit Valves
(9/28/2026 - 10/9/2026)
Station 860 North (Segment 860 BH)
1,874
1846
(28)
1846
(28)
1846
(28)
1475
(399)
1475
(399)
MLV 560-2 to MLV 563-2:
Pipe Replacements (M) (10/19/2026 - 10/26/2026) Sta 860: Unit 1A - Aftercooler Jacket
Water Inspection (6/17/2025 -
12/31/2026) Sta 860: Unit 1C -
4K/Turbine Waterwash/Boroscope (10/6/2026
- 10/7/2026) Sta 860: Unit 2C -
4K/Turbine Waterwash/Boroscope (10/7/2026
- 10/8/2026)
Station 110
(segment 187 BH)
(south thru Kentucky)
2,685
1965
(720)
1965
(720)
2400
(285)
2447
(238)
1802
(862)
MLV 104-3 to
MLV 106-3S: HDD at Kentucky River (10/1/2026
- 10/5/2026) MLV 109-3A to MLV
110-3: Pipe Replacement (9/16/2026
- 9/30/2026)
MLV 110-2 to MLV 114-2:
CAO - Force Majeure (M) (7/14/2026 - 12/31/2026)
MLV 54-3 to MLV 106-3: Emergent Repair - CAO (2/26/2026 - 12/31/2026) MLV 867-2 to MLV 868-2: Anomaly
Remediation (10/20/2026 -
10/24/2026) MLV 870-2 to MLV
870-2R: Anomaly Remediation (10/13/2026
- 10/17/2026) MLV 97-3 to MLV
106-3: Pig Run - Cleaning / Gauge (10/27/2026)
MLV 97-3 to MLV 106-3:
Pig Run - MFL-S (10/29/2026)
Sta 87: Unit 3D - Power side Overhaul (6/22/2026 - 9/30/2026)
Sta
875: Unit 1A- 8K Solar Turbine
Inspection (10/27/2026 -
10/29/2026) Sta 96: Unit 2D Replace
Compressor Valves (10/12/2026 -
10/15/2026)
Station 114
(segment 114 BH)
907
907
853
(54)
907
907
907
Sta 118A Tyler Mountain: Annual ESD Test (10/5/2026 - 10/6/2026)
-Primary impact restrictions may be necessary
TGP - Outage
Impact Report
-Major impact restrictions may be necessary
October 2026 (updated 08/13/26)
-Minor impact restrictions may be necessary depending on flow
conditions
-Little to no impact, though
minor outages may cause incremental reductions
Station # / Lateral
Est Nominal Operating Capacity (Thousand Dth)
Week 1
(9/28 - 10/4)
Week 2
(10/5 - 10/11)
Week 3
(10/12 - 10/18)
Week 4
(10/19 - 10/25)
Week 5
(10/26 - 11/1)
Primary
Outage(s)
Est. Operational Capacity (Operational Impact) - Thousand Dth
Station 204
(Segment 204 BH)
1,828
1375
(453)
1,828
1755
(73)
1755
(73)
1710
(118)
MLV 209-2 to MLV 214-2: Pig Run - Chem Cleaning
(10/26/2026)
MLV
209-2 to MLV 214-2: Pig Run - Chem Cleaning
(10/27/2026) MLV 209-2 to
MLV 214-2: Pig Run - Chem Cleaning (10/28/2026) MLV 209-2 to MLV 214-2: Pig Run - Chem
Cleaning (10/29/2026) MLV 209-2 to MLV 214-2: Pig Run - Chem
Cleaning (10/30/2026) MLV 214-1 to MLV 219-1: Pig Run -
Cal/IMU (10/20/2026)
MLV 214-1 to MLV 219-1: Pig Run - Gauge/Cleaning (10/15/2026) MLV
214-1 to MLV 219-1: Pig Run - MFL-C (10/22/2026)
Sta 204: Scrubber Filter Change (10/1/2026 - 10/3/2026)
Sta 209 Cambridge: Scrubber Filter (9/28/2026 - 9/30/2026)
Station 233
(segment 233 FH)
459
355
(104)
459
459
459
459
MLV 233-2 to MLV 235-2: Pig Run (9/30/2026)
Station 245
(segment 245 FH)
986
970
(16)
970
(16)
970
(16)
970
(16)
765
(221)
Sta 245:
Unit 1A & 2A - Exhaust System & HP Fuel (4/27/2026 - 11/1/2026) Sta
245-1 to MLV 249-1: Pig Run - EMAT (10/28/2026)
Station 261 Discharge East (segment 261
FH)
888
500
(388)
715
(173)
555
(333)
888
888
Sta 261 Agawam: Annual ESD test (M) (9/28/2026 - 10/2/2026)
Sta 264 Charlton: Unit 1C - Engine Maintenance (9/8/2026 - 10/9/2026) Sta
264: Oil System (10/12/2026 -
10/16/2026)
Station 307
(segment 307 BH)
1,153
775
(378)
695
(458)
765
(388)
1,153
1,153
MLV 302-2 to MLV 303-2:
Anomaly Remediation (9/28/2026 -
10/10/2026) Sta 219: Annual ESD
Test & Scrubber Maintenance (10/12/2026
- 10/16/2026)
Sta 303A: Unit 1A -
Water Wash (10/6/2026 - 10/7/2026) Sta 307: Unit 4A - Trabon (9/29/2026 - 10/2/2026)
Station 315
(segment 315 BH)
1,823
1,823
1,823
1,823
1,823
1,823
MLV 324
(segment 324 FH)
1,767
1,767
1,767
1,767
1,767
1,767
MLV 329
(segment 324 FH)
846
830
(16)
830
(16)
846
630
(216)
846
MLV 325-1 to
MLV 329-1: Pig runs - Cleaning/Gauge (M) (10/19/2026) MLV 325-1 to MLV 329-1: Pig runs - EMAT (M) (10/20/2026)
MLV 329AS-1 to MLV 329AD-1: Valve Replacement - MLV 329-1 (M) (9/9/2026 -
10/9/2026)
Cranston Lateral
South
(segment 281
FH)
187
187
187
125
(62)
187
187
Sta 265: Unit 1A - Replace Lube Oil Fan
(10/12/2026)
Station 405 HC Line (segment 299
FH)
794
794
794
670
(124)
794
794
Sta 405A:
Unit 1A - 4k Waterwash (10/13/2026)
; Sta 405A: Unit 1A - 8K Solar Turbine
Inspection (10/14/2026)
Station 224
(segment 224 FH)
388
388
200
(188)
388
388
388
MLV 229-2 to MLV 232-2:
Pig runs - Maintenance (M) (10/6/2026)
This document is updated
on a weekly basis and outage schedules/impacts are subject to change as the week progresses. Dates posted on DART should be deemed
correct in the event of conflicts between DART posted dates and dates on this
report.
The impacts sheet are based on steady-state hydraulic models assuming
recent operating flows,
conditions, and various
unit outages.",2026-08-14T12:57:39.000000Z,2026-08-14T12:57:39.000000Z,2026-08-15T14:00:00.000000Z,1,2026-08-14T05:00:00.000000Z,4eee644b9a73e2d29296826918c17f5bb3276f338fcd44517c67dca7bed33e5c,https://pipeline2.kindermorgan.com/Notices/NoticeDetail.aspx?code=TGP&notc_nbr=403497,data/raw/km_tgp_notice_detail/2026/08/28/4eee644b9a73e2d29296826918c17f5bb3276f338fcd44517c67dca7bed33e5c.html,km_tgp_notice_detail:1787932524832370000:4eee644b9a73e2d29296826918c17f5bb3276f338fcd44517c67dca7bed33e5c
TGP,403482,678d69626094a0599a74f57a5771456aa63c15ca0c63d83faae8701364bfb278,,True,False,2026-08-28T15:55:28.819854Z,MAINTENANCE,MAINTENANCE,INITIATE,,TGP Outage Impact Report,"-Primary
impact restrictions may be necessary
TGP - Outage
Impact Report
-Major
impact restrictions may be
necessary
Seven Day Forecast (updated 08/13/26)
-Minor impact restrictions may be necessary depending on flow conditions
-Little to no impact, though
minor outages may cause incremental reductions
Station / Seg
Est Nominal
Operating Capacity (Thousand Dth)
Monday
(8/17)
Tuesday
(8/18)
Wednesday
(8/19)
Thursday
(8/20)
Friday
(8/21)
Saturday
(8/22)
Sunday
(8/23)
Primary Outage(s) that
may Impact Throughput
Est. Operational Capacity
(Operational Impact) - Thousand
Dth
Station 409
(Donna Line)
(segment 490 FH)
564
564
564
564
564
564
564
564
Station 1
(segment 101 BH)
399
399
399
399
399
399
399
399
Station 9
(segment 109 BH)
1,027
640
(387)
640
(387)
640
(387)
640
(387)
1,027
1,027
1,027
MLV 5-2
to MLV 1-2D:
Pig Run - Cleaning Gauge
(M) (8/17/2026) MLV 5-2 to MLV 1-2D:
Pig Run - Cleaning Gauge
(M) (8/18/2026) MLV 5-2 to MLV 1-2D:
Pig Run - Cleaning Gauge
(M) (8/19/2026)
MLV 5-2 to MLV 1-2D:
Pig Run - TDW MDS (M) (8/20/2026)
Station 17
(segment 117 FH)
1,122
900
(222)
900
(222)
900
(222)
900
(222)
1100
(22)
1100
(22)
1100
(22)
MLV 19-1
TO MLV 20-1A:
Pipe Replacement (M) (8/6/2026 - 9/18/2026) MLV 26-3 Relocation: Highway 59 Widening (M) (8/4/2026 - 8/20/2026)
Station 25
(segment 125 FH)
1,078
1,078
1,078
1,078
1,078
1,078
1,078
1,078
Station 47
(segment 143 FH)
1,343
1,343
1,343
1,343
1,343
1,343
1,343
1,343
Station 63
(segment 163 FH)
1,242
901
(341)
901
(341)
901
(341)
901
(341)
901
(341)
1117
(125)
1117
(125)
MLV 54-3
to MLV 106-3:
Emergent Repair - CAO (2/26/2026 - 12/31/2026) MLV 77-3 to MLV 77-3A: Pipe Replacements (8/11/2026 - 8/21/2026)
Station 823
(segment 823 BH)
734
734
734
734
734
734
734
734
Station 534 South
of Pool (segment 530
BH)
1,550
985
(565)
985
(565)
985
(565)
985
(565)
985
(565)
985
(565)
985
(565)
MLV 533-2 to MLV 534-2:
Pipe Replacement (M) (6/4/2026 - 9/4/2026)
Station 860
(segment 548 BH)
1,593
1343
(250)
1343
(250)
1343
(250)
1343
(250)
1343
(250)
1343
(250)
1343
(250)
Sta 542: Unit 2A - Emergent Repair (4/7/2026
- 9/30/2026) Sta 542: Unit 3A - Emergent Repair (3/26/2026 - 8/31/2026) Sta 546: Unit 2A - Engine PM (8/19/2026 - 8/20/2026)
Sta 546: Unit 6A - Turbo
Replacment (7/8/2026 - 8/21/2026) Sta 546: Unit 7A - Metal in Oil (7/14/2025 - 8/31/2026)
Sta 555: Unit 1B - Hot Gas Path
(8/10/2026 - 9/18/2026)
Station 860 North (Segment 860
BH)
1,874
1846
(28)
1846
(28)
1846
(28)
1846
(28)
1846
(28)
1846
(28)
1846
(28)
Sta 860: Unit 1A - Aftercooler Jacket Water Inspection (6/17/2025 - 12/31/2026)
Station 110
(segment 187 BH)
(south thru Kentucky)
2,685
2406
(279)
1900
(785)
1900
(785)
2404
(281)
2406
(279)
2406
(279)
2406
(279)
MLV 104-1
to MLV 105-1:
Anomaly Remediation (8/6/2026 - 9/12/2026) MLV 109-4 to 110-4: Valve Installation
& Crossover Work (8/10/2026 - 8/24/2026)
MLV 109-4 to MLV 110-4:
Pipe Replacement (8/10/2026 -
8/31/2026) MLV 110-2
to MLV 114-2:
CAO - Force Majeure (M)
(7/14/2026 - 12/31/2026)
MLV 54-3
to MLV 106-3:
Emergent Repair - CAO (2/26/2026 - 12/31/2026) MLV 96-3BR to MLV 96-3BL: Spike Test (7/27/2026 - 8/31/2026)
Sta 106: Unit 1D - 4K Solar Turbine Inspection (8/18/2026 - 8/20/2026) Sta 87 Portland: Annual ESD Test (8/18/2026 - 8/19/2026)
Sta 87:
Unit 1E - Scrubber/Filter/Separator Clean,
Inspect & Filter
Change (8/18/2026)
Sta 87:
Unit 2E - Scrubber/Filter/Separator Clean,
Inspect & Filter
Change (8/19/2026)
Sta 87: Unit 3D
- Power side Overhaul (6/22/2026
- 9/30/2026) Sta 871: Unit 1A - Emergent Repair (7/10/2026 - 8/25/2026) Sta.
87: Unit 1E - Change
Water Pump (8/17/2026 - 8/20/2026)
Station 114
(segment 114 BH)
907
907
393
(514)
393
(514)
393
(514)
393
(514)
393
(514)
393
(514)
MLV 117-3
to MLV 118-3:
Special Permit Pipe Replacement (8/18/2026 - 9/6/2026)
MLV 119-2 to MLV 119-2A:
Special Permit Pipe
Replacement (8/18/2026 -
9/6/2026)
Station 204
(Segment 204 BH)
1,828
1,828
1,828
1,828
1,828
1,828
1,828
1,828
Station 245
(segment 245 FH)
986
970
(16)
970
(16)
970
(16)
970
(16)
970
(16)
970
(16)
970
(16)
Sta 245: Unit
1A & 2A - Exhaust
System & HP Fuel (4/27/2026 - 11/1/2026)
Station 261 Discharge East (segment 261
FH)
888
888
888
888
888
888
888
888
Station 307
(segment 307 BH)
1,153
1,153
1,153
1,153
1,153
1,153
1,153
1,153
Station 313 Discharge (segment 399
FH)
797
515
(282)
515
(282)
515
(282)
515
(282)
797
797
797
Sta 313 Coudersport: Annual ESD Test
& Maintenance (8/17/2026 - 8/20/2026)
Station 315
(segment 315 BH)
1,823
1,823
1,823
1,823
1,823
1,823
1,823
1,823
MLV 324
(segment 324 FH)
1,767
1,767
1,767
1,767
1,767
1,767
1,767
1,767
Station 405 HC Line
(segment 299
FH)
794
794
794
794
794
794
794
794
This
document is updated
on a weekly basis and outage schedules/impacts are subject to change as the week progresses.
Dates
posted on DART should be deemed correct
in the event
of conflicts between DART posted dates
and dates on this report.
The
impacts sheet are based on steady-state hydraulic models assuming recent
operating flows, conditions, and various unit
outages.
-Primary
impact restrictions may be necessary
TGP - Outage
Impact Report
-Major impact restrictions may be necessary
August
2026 (updated 08/13/26)
-Minor impact
restrictions may be necessary depending on flow conditions
-Little to no impact, though
minor outages may cause incremental reductions
Station # / Lateral
Est Nominal Operating Capacity (Thousand Dth)
Week 1
(8/3 - 8/9)
Week 2
(8/10 - 8/16)
Week 3
(8/17 - 8/23)
Week 4
(8/24 - 8/30)
Primary Outage(s)
Est. Operational Capacity (Operational Impact) - Thousand Dth
Station 409 (Donna Line) (segment 490
FH)
564
564
Station 1
(segment 101 BH)
399
399
Station 9
(segment 109 BH)
1,027
970
(57)
MLV 4-2 to MLV 5-2: Anomaly Remediation (8/27/2026 - 9/4/2026)
Station 17
(segment 117 FH)
1,122
1100
(22)
MLV 19-1 TO MLV 20-1A:
Pipe Replacement (M) (8/6/2026 - 9/18/2026)
Station 25
(segment 125 FH)
1,078
1,078
Station 47
(segment 143 FH)
1,343
1,343
Station 63
(segment 163 FH)
1,242
1117
(125)
MLV 54-3 to MLV 106-3:
Emergent Repair - CAO (2/26/2026 - 12/31/2026)
Station 823
(segment 823 BH)
734
734
Station 534 South of Pool (segment 530
BH)
1,550
985
(565)
MLV 533-2 to MLV 534-2:
Pipe Replacement (M) (6/4/2026 - 9/4/2026)
Station 860
(segment 548 BH)
1,593
1343
(250)
Sta 542: Unit 2A - Emergent Repair (4/7/2026
- 9/30/2026) Sta 542: Unit 3A -
Emergent Repair (3/26/2026 -
8/31/2026) Sta 546: Unit 7A - Metal
in Oil (7/14/2025 - 8/31/2026)
Sta 555: Unit 1B - Hot Gas Path (8/10/2026 - 9/18/2026)
Station 860 North (Segment 860 BH)
1,874
1530
(344)
Sta 563:
Unit 1A - Annual Inspection & Safety Device Check (8/24/2026 - 8/26/2026)
Sta 563: Unit 2A - Annual Inspection/CAV (8/26/2026 - 8/28/2026)
Sta 860: Unit 1A - Aftercooler Jacket Water Inspection (6/17/2025 - 12/31/2026)
Station 110
(segment 187 BH)
(south thru Kentucky)
2,685
1882
(659)
MLV 104-1 to
MLV 105-1: Anomaly Remediation (8/6/2026
- 9/12/2026) MLV 109-4 to 110-4:
Valve Installation & Crossover Work (8/10/2026
- 8/24/2026)
MLV 109-4 to MLV 110-4:
Pipe Replacement (8/10/2026 -
8/31/2026) MLV 110-2 to MLV 114-2:
CAO - Force Majeure (M) (7/14/2026 - 12/31/2026)
MLV 54-3 to
MLV 106-3: Emergent Repair - CAO (2/26/2026
- 12/31/2026) MLV 87-3 to MLV 96-3:
Pig Run - Cleaning / Gauge (8/25/2026)
MLV 87-3 to MLV 96-3: Pig Run - EMAT
(8/27/2026)
MLV 96-3BR to MLV 96-3BL:
Spike Test (7/27/2026 - 8/31/2026)
Sta 110: Install ESD Silence Covers
(8/24/2026 - 8/28/2026) Sta 87: Unit 3D - Power side Overhaul (6/22/2026 - 9/30/2026) Sta 871: Unit 1A - Emergent Repair (7/10/2026 - 8/25/2026) Sta 871: Unit 3A - Engine Maintenance (8/24/2026 - 9/11/2026)
Station 114
(segment 114 BH)
907
393
(514)
MLV 117-3 to
MLV 118-3: Special Permit Pipe Replacement
(8/18/2026 - 9/6/2026)
MLV 119-2 to MLV 119-2A:
Special Permit Pipe Replacement (8/18/2026 -
9/6/2026)
Station 204
(Segment 204 BH)
1,828
1,828
Station 245
(segment 245 FH)
986
765
(221)
Sta 245:
Unit 1A & 2A - Exhaust System & HP Fuel (4/27/2026 - 11/1/2026) Sta
245-1 to MLV 249-1: Pig Re-Run - Cal/IMU (8/26/2026)
Station 261 Discharge East (segment
261
FH)
888
888
Station 307
(segment 307 BH)
1,153
965
(188)
Sta 307
(Pigeon): MLV Operators / Air Comp Install / Fuel Skid (8/24/2026 - 8/28/2026)
Station 315
(segment 315 BH)
1,823
1,823
-Primary
impact restrictions may be necessary
TGP - Outage
Impact Report
-Major impact restrictions may be necessary
August
2026 (updated 08/13/26)
-Minor impact
restrictions may be necessary depending on flow conditions
-Little to no impact, though
minor outages may cause incremental reductions
Station # / Lateral
Est Nominal Operating Capacity (Thousand Dth)
Week 1
(8/3 - 8/9)
Week 2
(8/10 - 8/16)
Week 3
(8/17 - 8/23)
Week 4
(8/24 - 8/30)
Primary Outage(s)
Est. Operational Capacity (Operational Impact) - Thousand Dth
Station 317
(segment 317 BH)
1,548
1345
(203)
Sta 317: Annual
ESD Test & Maintenance (8/24/2026 - 8/28/2026)
MLV 324
(segment 324 FH)
1,767
1355
(412)
MLV 324-1 to MLV 324-1A:
Anomaly Remediation (8/24/2026 -
8/29/2026) Sta 325: Station Outage (8/26/2026 - 8/28/2026)
Station 405 HC Line (segment 299
FH)
794
794
Station 224
(segment 224 FH)
388
280
(108)
Station 224: Scrubber
Inspections & Filter
Change (8/25/2026 - 8/26/2026)
This document is updated on a weekly
basis and outage
schedules/impacts are subject
to change as the week progresses.
Dates
posted on DART should be deemed correct
in the event of conflicts between DART posted
dates and dates on this report.
The impacts sheet are based on steady-state hydraulic models assuming recent operating flows, conditions, and various unit outages.
-Primary impact restrictions may be necessary
TGP - Outage
Impact Report
-Major impact restrictions may be necessary
September 2026 (updated 08/13/26)
-Minor impact
restrictions may be necessary depending on flow conditions
-Little to no impact, though
minor outages may cause incremental reductions
Station # / Lateral
Est Nominal Operating Capacity (Thousand Dth)
Week 1
(8/31 - 9/6)
Week 2
(9/7 - 9/13)
Week 3
(9/14 - 9/20)
Week 4
(9/21 - 9/27)
Primary Outage(s)
Est. Operational Capacity (Operational Impact) - Thousand Dth
Station 409A (Alamo)
(segment 492 FH)
274
215
(59)
125
(149)
215
(59)
215
(59)
MLV 409-1 to MLV 406-1: Spike Test (M) (9/1/2026 - 10/31/2026)
MLV
409A-101.1 to MLV 409A-103: Pig Runs - Cleaning / Gauge (M) (9/7/2026) MLV 409A-101.1 to MLV 409A-103: Pig Runs
- Cleaning / Gauge (M) (9/8/2026) MLV
409A-101.1 to MLV 409A-103: Pig Runs - Cleaning / Gauge (M) (9/9/2026) MLV 409A-101.1 to MLV 409A-103: Pig Runs
- EMAT (M) (9/11/2026)
MLV 409A-101.1 to MLV 409A-103: Pig Runs - MFL-C (M) (9/10/2026)
Station 409 (Donna Line) (segment 490
FH)
564
564
564
564
564
Station 1
(segment 101 BH)
399
399
399
399
300
(99)
MLV 1-1D to MLV 5-1: Spike Test (M) (9/21/2026 - 11/2/2026)
Station 9
(segment 109 BH)
1,027
970
(57)
835
(192)
835
(192)
1,027
MLV 2-2 to MLV 3-2: Anomaly
Remediation (9/8/2026 - 9/18/2026) MLV 4-2 to MLV 5-2: Anomaly Remediation (8/27/2026 - 9/4/2026)
Station 17
(segment 117 FH)
1,122
1100
(22)
1100
(22)
1100
(22)
1085
(37)
MLV 17-1D to
MLV 20-1A: Pig Run - Chemical Cleaning (9/21/2026) MLV 17-1D to MLV 20-1A: Pig Run - EMAT (9/24/2026)
MLV 17-1D to
MLV 20-1A: Pig Run - GAUGE PLATE (9/22/2026) MLV 17-1D to MLV 20-1A: Pig Run - MFL-C (9/23/2026)
MLV 19-1 TO MLV 20-1A: Pipe Replacement (M) (8/6/2026 - 9/18/2026)
Station 25
(segment 125 FH)
1,078
1,078
1,078
1,078
1,078
Station 47
(segment 143 FH)
1,343
1045
(298)
1045
(298)
1300
(43)
1300
(43)
MLV 47-4D to
MLV 54-4S: Pig Run - AFD Combo (M) (9/8/2026) MLV 47-4D to MLV 54-4S: Pig Run - EMAT (M) (9/10/2026)
MLV 47-4D to
MLV 54-4S: Pig Run - Gauge Cleaning (M) (8/31/2026) MLV 47-4D to MLV 54-4S: Pig Run - Gauge Cleaning (M)
(9/1/2026) MLV 47-4D to MLV 54-4S:
Pig Run - Gauge Cleaning (M) (9/2/2026)
MLV 58-2 to MLV 59-2: Anomaly
Remediation (9/20/2026 - 10/1/2026)
Station 63
(segment 163 FH)
1,242
1117
(125)
1117
(125)
1117
(125)
1117
(125)
MLV 54-3 to MLV 106-3:
Emergent Repair - CAO (2/26/2026 -
12/31/2026) MLV 82-2C to MLV 83-2:
Anomaly Remediation (9/21/2026 -
9/26/2026)
Station 823
(segment 823 BH)
734
734
734
734
734
Station 834
(segment 834 BH)
683
590
(93)
670
(13)
670
(13)
670
(13)
Sta 834: Catalyst Cleaning (8/31/2026
- 9/4/2026) Sta 834: Station Outage (8/31/2026 - 9/2/2026)
Sta 834: Unit 1A -
Replace Insulation Blanket (9/14/2026
- 9/15/2026) Sta 834: Unit 2A -
Replace Insulation Blanket (9/16/2026
- 9/17/2026) Sta 834: Unit 3A -
Replace Insulation Blanket (9/18/2026
- 9/19/2026) Sta 834: Unit 4A - Replace
Insulation Blanket (9/21/2026 - 9/22/2026)
Sta 834: Unit 4A - Replace
Lubrication System (9/7/2026 - 9/11/2026)
Station 534 South of Pool (segment 530
BH)
1,550
985
(565)
1,550
1,550
1,550
MLV 533-2 to MLV 534-2:
Pipe Replacement (M) (6/4/2026 - 9/4/2026)
Station 534
(segment 534 BH)
1,909
1,909
1,909
1,909
1440
(469)
MLV 534-2 to MLV 535-2: Tallahala Creek HDD (9/21/2026 - 9/30/2026)
Station 860
(segment 548 BH)
1,593
1343
(250)
1390
(203)
725
(868)
1586
(7)
MLV 546-2 to MLV 547-2: Line Recoat (9/14/2026 - 9/18/2026)
Sta 542: Unit 2A - Emergent Repair (4/7/2026 - 9/30/2026) Sta 542: Unit 3A - Emergent Repair
(3/26/2026 - 8/31/2026)
Sta
546: Annual ESD Tests & Maintenance (9/14/2026
- 9/18/2026) Sta 546: Unit 7A -
Metal in Oil (7/14/2025 -
8/31/2026)
Sta
555: Scrubber/Filter/Separator Clean, Inspect & Filter Change (9/14/2026) Sta 555: Unit 1B - Hot Gas Path (8/10/2026 - 9/18/2026)
Sta 555: Unit 4A - Engine Maintenance (9/21/2026 - 9/24/2026)
Station 860 North (Segment 860
BH)
1,874
1846
(28)
1846
(28)
1846
(28)
1846
(28)
Sta 860:
Unit 1A - Aftercooler Jacket Water Inspection (6/17/2025 - 12/31/2026) Sta
860: Unit 1B - Replace Turbocharger (8/31/2026
- 9/4/2026)
-Primary
impact restrictions may be necessary
TGP - Outage
Impact Report
-Major impact restrictions may be necessary
September 2026 (updated 08/13/26)
-Minor impact restrictions may be necessary depending on flow
conditions
-Little to no impact, though
minor outages may cause incremental reductions
Station # / Lateral
Est Nominal Operating Capacity (Thousand Dth)
Week 1
(8/31 - 9/6)
Week
2
(9/7 - 9/13)
Week 3
(9/14 - 9/20)
Week 4
(9/21 - 9/27)
Primary Outage(s)
Est. Operational Capacity (Operational Impact) - Thousand Dth
Station 110
(segment 187 BH)
(south thru Kentucky)
2,685
2296
(389)
2355
(330)
2435
(250)
2435
(250)
MLV 104-1 to MLV 105-1: Anomaly
Remediation (8/6/2026 - 9/12/2026)
MLV 105-1 to MLV 105-1A: Anomaly Remediation (9/14/2026 - 9/25/2026) MLV
109-3A to MLV 110-3: Pipe Replacement (9/16/2026
- 9/30/2026) MLV 109-4
to MLV 110-4:
Pipe Replacement (8/10/2026 - 8/31/2026) MLV 109-5 to MLV 109-5A:
Pipe Replacement (9/1/2026 - 9/15/2026) MLV 109-5A to MLV 110-5: Pipe
Replacement (9/1/2026 - 9/15/2026)
MLV 110-2 to MLV 114-2:
CAO - Force Majeure (M) (7/14/2026 - 12/31/2026)
MLV 54-3 to MLV 106-3: Emergent Repair - CAO (2/26/2026 - 12/31/2026) MLV
93-4 to MLV 94-4: Anomaly Remediation (M) (9/14/2026 - 9/21/2026) MLV 96-3BR to MLV 96-3BL: Spike Test (7/27/2026 - 8/31/2026)
Sta 106: Unit 2D - 4K Solar
Turbine Inspection (9/16/2026 -
9/18/2026) Sta 87: Unit 3D - Power
side Overhaul (6/22/2026 -
9/30/2026)
Sta 871 Campbellsville: Annual ESD Test (9/1/2026)
Sta 871: Unit 3A - Engine Maintenance (8/24/2026 - 9/11/2026)
Station 114
(segment 114 BH)
907
393
(514)
907
812
(95)
907
MLV 117-3 to
MLV 118-3: Special Permit Pipe Replacement
(8/18/2026 - 9/6/2026)
MLV 119-2 to
MLV 119-2A: Special Permit Pipe Replacement
(8/18/2026 - 9/6/2026)
Sta 119A: Unit 1A - Solar Turbine Inspection (9/14/2026 - 9/16/2026)
Station 204
(Segment 204 BH)
1,828
1,828
1760
(68)
1,828
1,828
MLV 214-3 to MLV 219-3: Pig Run - Cal/IMU/MFL-A Combo (M) (9/10/2026)
MLV 214-3 to MLV 219-3:
Pig Run - Gauge/Cleaning (M) (9/8/2026)
Station 230C
(segment 296 FH)
743
743
370
(373)
743
743
Sta 230C: Scrubber
/ Filter Inspection (M) (9/9/2026 - 9/10/2026)
Station 245
(segment 245 FH)
986
970
(16)
970
(16)
970
(16)
680
(306)
Sta 245: Bldg A & B - Remove Unit Valves
(9/21/2026 - 9/25/2026)
Sta 245: Unit 1A & 2A - Exhaust System
& HP Fuel (4/27/2026 - 11/1/2026)
Station 261 Discharge East (segment
261
FH)
888
888
715
(173)
715
(173)
555
(333)
Sta 264 Charlton: Annual
ESD Test (9/23/2026 - 9/24/2026)
Sta 264 Charlton: Unit 1C - Engine Maintenance (9/8/2026 - 10/9/2026)
Station 307
(segment 307 BH)
1,153
1,153
1,153
1,153
1,153
Station 313 Discharge (segment 399 FH)
797
797
220
(577)
220
(577)
797
MLV
313A-101A to MLV 313A-401: Anomaly Remediation (M) (9/7/2026 - 9/19/2026)
MLV
313A-101L to MLV 313A-101A: Anomaly Remediation (M) (9/7/2026 - 9/19/2026)
MLV 313A-403
to MLV 313A-404: Anomaly Remediation (M) (9/7/2026 - 9/19/2026)
MLV 313A-405A to MLV 313A-406: Anomaly Remediation (M) (9/7/2026 -
9/19/2026)
Station 315
(segment 315 BH)
1,823
1,823
1,823
1,823
1,823
MLV 324
(segment 324 FH)
1,767
1515
(252)
1,767
1,767
1495
(272)
MLV 321-1L to MLV 322-1:
Anomaly Remediation (8/31/2026 -
9/5/2026) Sta 323: Station Outage (9/21/2026 - 9/24/2026)
MLV 329
(segment 324 FH)
846
846
830
(16)
830
(16)
830
(16)
MLV 329AS-1
to MLV 329AD-1: Valve Replacement - MLV 329-1 (M) (9/9/2026 - 10/9/2026)
Station 405 HC Line (segment 299
FH)
794
794
794
794
794
This
document is updated
on a weekly basis and outage schedules/impacts are subject to change as the week progresses.
Dates
posted on DART should be deemed correct
in the event of conflicts between DART posted
dates and dates on this report.
The impacts sheet are based on steady-state hydraulic models assuming recent operating flows, conditions, and various unit outages.
-Primary impact restrictions may be necessary
TGP - Outage
Impact Report
-Major impact restrictions may be necessary
October 2026 (updated 08/13/26)
-Minor impact restrictions may be necessary depending on flow
conditions
-Little to no impact, though
minor outages may cause incremental reductions
Station # / Lateral
Est Nominal Operating Capacity (Thousand Dth)
Week 1
(9/28 - 10/4)
Week 2
(10/5 - 10/11)
Week 3
(10/12 - 10/18)
Week 4
(10/19 - 10/25)
Week 5
(10/26 - 11/1)
Primary
Outage(s)
Est. Operational Capacity (Operational Impact) - Thousand Dth
Station 409A
(Alamo) (segment 492
FH)
274
215
(59)
215
(59)
215
(59)
215
(59)
215
(59)
MLV 409-1 to MLV 406-1: Spike Test (M) (9/1/2026 - 10/31/2026)
Station 409 (Donna
Line) (segment 490
FH)
564
564
564
564
564
564
Station 1
(segment 101 BH)
399
300
(99)
300
(99)
300
(99)
300
(99)
300
(99)
MLV 1-1D to MLV 5-1: Spike Test (M) (9/21/2026 - 11/2/2026)
Station 9
(segment 109 BH)
1,027
1,027
1,027
1,027
640
(387)
1,027
MLV 9-2S to
MLV 1-2: Pig Runs - Cleaning / Maintenance (M) (10/22/2026) MLV 9-3 to MLV 5-3: Pig Run -
Maintenance (M) (10/21/2026)
Station 17
(segment 117 FH)
1,122
1,122
1,122
1014
(108)
1100
(22)
1,122
MLV 17-2D to
MLV 20-2A: Pig Run - Chemical Cleaning (10/19/2026 - 10/20/2026)
MLV 17-2D to
MLV 20-2A: Pig Run - GAUGE (10/21/2026) MLV 17-2D to MLV 20-2A: Pig Run - MFL-A (10/22/2026)
Sta 25: Annual ESD Test (10/13/2026)
Station 25
(segment 125 FH)
1,078
1,078
1,078
1,078
1,078
1,078
Station 47
(segment 143 FH)
1,343
1025
(318)
1025
(318)
1295
(48)
1,343
1,343
MLV 58-2 to MLV 59-2: Anomaly
Remediation (9/20/2026 - 10/1/2026) Sta 47: Scrubber/Filter/Separator
Cleaning/Inspection/Changeout (9/28/2026
-
10/2/2026)
Sta 47: Station
Transformer Maintenance (10/6/2026)
Sta 47: Unit 1D - 16K hour Overhaul (10/5/2026 - 10/15/2026)
Station 63
(segment 163 FH)
1,242
1117
(125)
1117
(125)
1117
(125)
1117
(125)
1117
(125)
MLV 54-3 to
MLV 106-3: Emergent Repair - CAO (2/26/2026
- 12/31/2026) MLV 82-1 to MLV 87-1:
Pig Run - AFD/Cal/IMU (10/8/2026)
MLV 82-1 to MLV 87-1: Pig Run - Cleaning / Gauge (10/6/2026)
MLV 82-1 to MLV 87-1: Pig Run - EMAT (10/13/2026)
Station 823
(segment 823 BH)
734
734
734
734
734
734
Station 534 South of Pool (segment 530
BH)
1,550
1,550
1,550
1175
(375)
1,550
1,550
Sta 529: Unit 1A - Solar Inspection (10/12/2026 - 10/15/2026)
Station 534
(segment 534 BH)
1,909
1440
(469)
1,909
1,909
1,909
1,909
MLV 534-2 to MLV 535-2:
Tallahala Creek HDD (9/21/2026 - 9/30/2026)
MLV 548
(segment 542 BH)
1,647
1,647
1,647
1,647
1,647
1,647
Station 860
(segment 548 BH)
1,593
1586
(7)
1375
(218)
1,593
1181
(412)
1,593
Sta 542
Dekalb: Annual ESD Test (10/20/2026
- 10/22/2026) Sta 542: Unit 2A -
Emergent Repair (4/7/2026 -
9/30/2026) Sta 550 Hamilton: Annual
ESD Test (10/5/2026 - 10/9/2026)
Sta 550: Unit 1B - Juction Box Rewire & Unit Valves
(9/28/2026 - 10/9/2026)
Station 860 North (Segment 860 BH)
1,874
1846
(28)
1846
(28)
1846
(28)
1475
(399)
1475
(399)
MLV 560-2 to MLV 563-2:
Pipe Replacements (M) (10/19/2026 - 10/26/2026) Sta 860: Unit 1A - Aftercooler Jacket
Water Inspection (6/17/2025 -
12/31/2026) Sta 860: Unit 1C -
4K/Turbine Waterwash/Boroscope (10/6/2026
- 10/7/2026) Sta 860: Unit 2C -
4K/Turbine Waterwash/Boroscope (10/7/2026
- 10/8/2026)
Station 110
(segment 187 BH)
(south thru Kentucky)
2,685
1965
(720)
1965
(720)
2400
(285)
2447
(238)
1802
(862)
MLV 104-3 to
MLV 106-3S: HDD at Kentucky River (10/1/2026
- 10/5/2026) MLV 109-3A to MLV
110-3: Pipe Replacement (9/16/2026
- 9/30/2026)
MLV 110-2 to MLV 114-2:
CAO - Force Majeure (M) (7/14/2026 - 12/31/2026)
MLV 54-3 to MLV 106-3: Emergent Repair - CAO (2/26/2026 - 12/31/2026) MLV 867-2 to MLV 868-2: Anomaly
Remediation (10/20/2026 -
10/24/2026) MLV 870-2 to MLV
870-2R: Anomaly Remediation (10/13/2026
- 10/17/2026) MLV 97-3 to MLV
106-3: Pig Run - Cleaning / Gauge (10/27/2026)
MLV 97-3 to MLV 106-3:
Pig Run - MFL-S (10/29/2026)
Sta 87: Unit 3D - Power side Overhaul (6/22/2026 - 9/30/2026)
Sta
875: Unit 1A- 8K Solar Turbine
Inspection (10/27/2026 -
10/29/2026) Sta 96: Unit 2D Replace
Compressor Valves (10/12/2026 -
10/15/2026)
Station 114
(segment 114 BH)
907
907
853
(54)
907
907
907
Sta 118A Tyler Mountain: Annual ESD Test (10/5/2026 - 10/6/2026)
-Primary impact restrictions may be necessary
TGP - Outage
Impact Report
-Major impact restrictions may be necessary
October 2026 (updated 08/13/26)
-Minor impact restrictions may be necessary depending on flow
conditions
-Little to no impact, though
minor outages may cause incremental reductions
Station # / Lateral
Est Nominal Operating Capacity (Thousand Dth)
Week 1
(9/28 - 10/4)
Week 2
(10/5 - 10/11)
Week 3
(10/12 - 10/18)
Week 4
(10/19 - 10/25)
Week 5
(10/26 - 11/1)
Primary
Outage(s)
Est. Operational Capacity (Operational Impact) - Thousand Dth
Station 204
(Segment 204 BH)
1,828
1375
(453)
1,828
1755
(73)
1755
(73)
1710
(118)
MLV 209-2 to MLV 214-2: Pig Run - Chem Cleaning
(10/26/2026)
MLV
209-2 to MLV 214-2: Pig Run - Chem Cleaning
(10/27/2026) MLV 209-2 to
MLV 214-2: Pig Run - Chem Cleaning (10/28/2026) MLV 209-2 to MLV 214-2: Pig Run - Chem
Cleaning (10/29/2026) MLV 209-2 to MLV 214-2: Pig Run - Chem
Cleaning (10/30/2026) MLV 214-1 to MLV 219-1: Pig Run -
Cal/IMU (10/20/2026)
MLV 214-1 to MLV 219-1: Pig Run - Gauge/Cleaning (10/15/2026) MLV
214-1 to MLV 219-1: Pig Run - MFL-C (10/22/2026)
Sta 204: Scrubber Filter Change (10/1/2026 - 10/3/2026)
Sta 209 Cambridge: Scrubber Filter (9/28/2026 - 9/30/2026)
Station 233
(segment 233 FH)
459
355
(104)
459
459
459
459
MLV 233-2 to MLV 235-2: Pig Run (9/30/2026)
Station 245
(segment 245 FH)
986
970
(16)
970
(16)
970
(16)
970
(16)
765
(221)
Sta 245:
Unit 1A & 2A - Exhaust System & HP Fuel (4/27/2026 - 11/1/2026) Sta
245-1 to MLV 249-1: Pig Run - EMAT (10/28/2026)
Station 261 Discharge East (segment 261
FH)
888
500
(388)
715
(173)
555
(333)
888
888
Sta 261 Agawam: Annual ESD test (M) (9/28/2026 - 10/2/2026)
Sta 264 Charlton: Unit 1C - Engine Maintenance (9/8/2026 - 10/9/2026) Sta
264: Oil System (10/12/2026 -
10/16/2026)
Station 307
(segment 307 BH)
1,153
775
(378)
695
(458)
765
(388)
1,153
1,153
MLV 302-2 to MLV 303-2:
Anomaly Remediation (9/28/2026 -
10/10/2026) Sta 219: Annual ESD
Test & Scrubber Maintenance (10/12/2026
- 10/16/2026)
Sta 303A: Unit 1A -
Water Wash (10/6/2026 - 10/7/2026) Sta 307: Unit 4A - Trabon (9/29/2026 - 10/2/2026)
Station 315
(segment 315 BH)
1,823
1,823
1,823
1,823
1,823
1,823
MLV 324
(segment 324 FH)
1,767
1,767
1,767
1,767
1,767
1,767
MLV 329
(segment 324 FH)
846
830
(16)
830
(16)
846
630
(216)
846
MLV 325-1 to
MLV 329-1: Pig runs - Cleaning/Gauge (M) (10/19/2026) MLV 325-1 to MLV 329-1: Pig runs - EMAT (M) (10/20/2026)
MLV 329AS-1 to MLV 329AD-1: Valve Replacement - MLV 329-1 (M) (9/9/2026 -
10/9/2026)
Cranston Lateral
South
(segment 281
FH)
187
187
187
125
(62)
187
187
Sta 265: Unit 1A - Replace Lube Oil Fan
(10/12/2026)
Station 405 HC Line (segment 299
FH)
794
794
794
670
(124)
794
794
Sta 405A:
Unit 1A - 4k Waterwash (10/13/2026)
; Sta 405A: Unit 1A - 8K Solar Turbine
Inspection (10/14/2026)
Station 224
(segment 224 FH)
388
388
200
(188)
388
388
388
MLV 229-2 to MLV 232-2:
Pig runs - Maintenance (M) (10/6/2026)
This document is updated
on a weekly basis and outage schedules/impacts are subject to change as the week progresses. Dates posted on DART should be deemed
correct in the event of conflicts between DART posted dates and dates on this
report.
The impacts sheet are based on steady-state hydraulic models assuming
recent operating flows,
conditions, and various
unit outages.",2026-08-13T19:31:24.000000Z,2026-08-13T19:31:24.000000Z,2026-08-14T14:00:00.000000Z,1,2026-08-13T05:00:00.000000Z,678d69626094a0599a74f57a5771456aa63c15ca0c63d83faae8701364bfb278,https://pipeline2.kindermorgan.com/Notices/NoticeDetail.aspx?code=TGP&notc_nbr=403482,data/raw/km_tgp_notice_detail/2026/08/28/678d69626094a0599a74f57a5771456aa63c15ca0c63d83faae8701364bfb278.html,km_tgp_notice_detail:1787932528819854000:678d69626094a0599a74f57a5771456aa63c15ca0c63d83faae8701364bfb278
TGP,403473,ebf257647f3f62fbd42506de871a0d8e1168510b2c12881c5cc851d3f6e8286b,,True,False,2026-08-28T15:55:31.448495Z,MAINTENANCE,MAINTENANCE,SUPERSEDE,403394,TGP SUMMER MAINTENANCE MTG 8-13-26,"TGP's 2026 SUMMER MAINTENANCE TEAMS
MEETING 8-18-2026 REMINDER
As a reminder, Tennessee Gas Pipeline Company, LLC (“Tennessee”)
will be hosting its next 2026 TEAMS Summer Maintenance meeting to provide
customers and other interested parties an overview of Tennessee's upcoming Summer
Scheduled Maintenance for the remaining days of August and all of September and
October 2026 on Tuesday, August 18, 2026, from 1:30 PM CST to 2:30 PM CST via TEAMS
only. Additionally, there will be a review of upcoming scheduled maintenance
on the Stagecoach, Arlington and Twin Tier systems. There will be a question
and answer segment immediately following.
Please see TEAMS info below:
TGP Summer Maintenance and Outages TEAMS Meeting
Join on your computer, mobile
app or room device
________________________________________________________________________________
Microsoft Teams meeting
Join: https://teams.microsoft.com/meet/23579493131869?p=w4N7s4IHBI1GQNbITK
Meeting ID: 235 794 931 318 69
Passcode: Vg6AB2AN
Need help | System reference
Dial in by phone
+1
346-410-0970,,694003306# United States, Houston
Find a local number
Phone conference ID: 694 003 306#
For organizers: Meeting options | Reset dial-in PIN
________________________________________________________________________________",2026-08-13T12:09:30.000000Z,2026-08-13T12:09:30.000000Z,2026-08-14T14:00:00.000000Z,1,2026-08-13T05:00:00.000000Z,ebf257647f3f62fbd42506de871a0d8e1168510b2c12881c5cc851d3f6e8286b,https://pipeline2.kindermorgan.com/Notices/NoticeDetail.aspx?code=TGP&notc_nbr=403473,data/raw/km_tgp_notice_detail/2026/08/28/ebf257647f3f62fbd42506de871a0d8e1168510b2c12881c5cc851d3f6e8286b.html,km_tgp_notice_detail:1787932531448495000:ebf257647f3f62fbd42506de871a0d8e1168510b2c12881c5cc851d3f6e8286b
TGP,403450,30744c4f76f324d0cc35f401b9ceb381bca80c6db417fd4714814b02c23063eb,,True,False,2026-08-28T15:55:34.258785Z,MAINTENANCE,MAINTENANCE,INITIATE,,MLV 539-2 TO MLV 540-2 PROJECT COMPLETED,"MLV 539-2 TO
MLV 540-2 – ANOMALY REMEDIATION COMPLETED
Tennessee would
like to inform its customers that the anomaly remediation project between MLV 539-2
to MLV 540-2 which was scheduled to begin on Thursday, August 13, 2026 and
continue through August 22, 2026 has been completed. Inspections revealed no
additional work in this segment is needed. Tennessee will update the Impact
Report and Maintenance Spreadsheet to reflect this project completion in its
weekly posting on Thursday, August 13, 2026.
If you have any
questions, please contact your Scheduler.",2026-08-12T15:54:08.000000Z,2026-08-12T15:54:08.000000Z,2026-08-13T14:00:00.000000Z,1,2026-08-12T05:00:00.000000Z,30744c4f76f324d0cc35f401b9ceb381bca80c6db417fd4714814b02c23063eb,https://pipeline2.kindermorgan.com/Notices/NoticeDetail.aspx?code=TGP&notc_nbr=403450,data/raw/km_tgp_notice_detail/2026/08/28/30744c4f76f324d0cc35f401b9ceb381bca80c6db417fd4714814b02c23063eb.html,km_tgp_notice_detail:1787932534258785000:30744c4f76f324d0cc35f401b9ceb381bca80c6db417fd4714814b02c23063eb
TGP,403864,89485dcbd7f7b005fbfec328058f3d7749c1dd60986643a5d2348298779f9c6a,,True,False,2026-08-30T17:15:23.511600Z,PIPELINE CONDITIONS,CURRENT PIPELINE CONDITIONS,INITIATE,,RESTRICTIONS FOR 08-30-2026 ID1,"Effective Intraday 1 Cycle (14:00) for the gas day of Sunday,
August 30, 2026 Tennessee restricted the following:
OPERATIONAL FLOW ORDERS (OFO) AND IMBALANCE WARNINGS
OFO DAILY CRITICAL DAY
1 ON THE 500 lINE FROM STA 527 TO STA 542 FOR OVERTAKES from the system OR
UNDERDELIVERieS into the system FOR ALL LMPA, SA ACTING AS BALANCING PARTIES
AND LMMA BALANCING PARTIES
OFO DAILY CRITICAL DAY
1 FOR ALL AREAS EAST AND NORTH OF STA 219 FOR UNDERTAKES FROM THE SYSTEM OR
OVERDELIVERIES INTO THE SYSTEM FOR ALL LMPA, SA ACTING AS BALANCING PARTIES AND
LMMA BALANCING PARTIES
METER RESTRICTIONS
·
ATMOS-TX/TGP Katy Exch Waller Receipt Meter (Pin 412100) -
through approx 11% of SA increases due to nominations in excess of operational
capacity; 375 Dths
SEGMENT RESTRICTIONS
·
STA 534 South Of Pool (Segment 530 BH) - through 100% of SOP
increases due to scheduled maintenance and nominations in excess of operational
capacity; 450 Dths
·
STA 1 (Segment 101 BH) - through 100% of SOP increases due to
operational concerns; 86,267 Dths
·
MLV 509 Muskrat Line (Segment 515 BH) - through 100% of SOP
increases due to nominations in excess of operational capacity; 4,494 Dths
·
STA 860 (Segment 860 BH) - through PIP increases due to scheduled
maintenance and nominations in excess of operational capacity
·
STA 523 West (Segment 516 FH) - through 100% of SOP increases due
to nominations in excess of operational capacity; 19,952 Dths
·
STA 204 (Segment 204 BH) - through 100% of SOP increases due to
scheduled maintenance and nominations in excess of operational capacity; 155
Dths
·
STA 307 (Segment 307 BH) - through 100% of SOP increases due to
nominations in excess of operational capacity; 378,652 Dths
·
MLV 314 East (Segment 314 BH) - through 100% of SOP increases due
to nominations in excess of operational capacity; 216,863 Dths
·
STA 315 (Segment 315 BH) - through 100% of SOP increases due to
nominations in excess of operational capacity; 285,073 Dths
·
STA 317 (Segment 317 BH) - through 100% of SOP increases due to
nominations in excess of operational capacity; 99,753 Dths
·
STA 321 (Segment 321 FH) - through 100% of SOP increases due to
nominations in excess of operational capacity; 124,215 Dths
·
MLV 330 (Segment 324 FH) - through approx 42% of SOP increases
due to nominations in excess of operational capacity; 17,098 Dths
·
Z5hc North (Segment 299 FH) - through 100% of SOP increases due
to nominations in excess of operational capacity; 193,431 Dths
·
STA 245 (Segment 245 FH) - through 100% of SOP increases due to
scheduled maintenance and nominations in excess of operational capacity;
170,079 Dths
·
STA 249 (Segment 249 FH) - through 100% of SOP increases due to
nominations in excess of operational capacity; 72,379 Dths
·
STA 261 Discharge East (Segment 261 FH) - through approx 90% of
SOP increases due to scheduled maintenance and nominations in excess of
operational capacity; 18,389 Dths
·
MLV 273 (Segment 284 FH) - through 100% of SOP increases due to
nominations in excess of operational capacity; 197,765 Dths
LINEPACK RESTRICTIONS
PAYBACK NOMINATIONS
WILL BE EVALUATED AT EACH CYCLE AND SCHEDULED ONLY IF OPERATIONALLY FEASIBLE.
STORAGE RESTRICTIONS
No Authorized Overrun Injections
Services under Rate Schedule FS-AO at the following storage fields:
o Northern MA (460018) storage field
o Portland MA (460025) storage field
· No Interruptible Storage Injection
Services under Rate Schedule IS at the following storage fields:
o Northern MA (460018) storage field
· No Parks or Loan Paybacks under
Rate Schedule PAL utilizing the PALD service in Zones 4, 5 and 6
· No Parks or Loan Paybacks under
Rate Schedule PAL utilizing the PAL-AO service in Zones 4, 5 and 6
**PLEASE
NOTE MAXIMUM HOURLY ENTITLEMENTS (""MHE"") AND/OR ELAPSED PRO RATA
SCHEDULED QUANTITIES (""EPSQ"") WILL BE REVIEWED AND MAY BE ENFORCED AT
ANY METER DURING INTRADAY OR HOURLY CYCLES.
**FINAL
VOLUMES MAY CHANGE DUE TO SYSTEM BALANCING AND/OR CONFIRMATION REDUCTIONS.
**THE
OUTAGE AND MAINTENANCE SCHEDULE IS AVAILABLE IN EXCEL SPREADSHEET AND ADOBE
FORMATS WHICH MAY BE ACCESSED VIA A HYPERLINK UNDER NOTICES/PLANNED SERVICE
OUTAGES.
If you
have any questions, please contact your Scheduler.",2026-08-30T16:20:05.000000Z,2026-08-30T16:20:05.000000Z,2026-08-31T14:00:00.000000Z,1,2026-08-30T05:00:00.000000Z,89485dcbd7f7b005fbfec328058f3d7749c1dd60986643a5d2348298779f9c6a,https://pipeline2.kindermorgan.com/Notices/NoticeDetail.aspx?code=TGP&notc_nbr=403864,data/raw/km_tgp_notice_detail/2026/08/30/89485dcbd7f7b005fbfec328058f3d7749c1dd60986643a5d2348298779f9c6a.html,km_tgp_notice_detail:1788110123511600000:89485dcbd7f7b005fbfec328058f3d7749c1dd60986643a5d2348298779f9c6a
TGP,403858,1341e6b30aaa48accdfd197aec172eef49ee01076fc2b13e0a5eaeb1351d4929,,True,False,2026-08-30T17:15:26.389916Z,PIPELINE CONDITIONS,CURRENT PIPELINE CONDITIONS,INITIATE,,RESTRICTIONS FOR 08-29-26 ID3,"Effective Intraday 3 Cycle (22:00) for the gas day of Saturday,
August 29, 2026 Tennessee restricted the following:
OPERATIONAL FLOW ORDERS (OFO) AND IMBALANCE WARNINGS
OFO DAILY CRITICAL DAY
1 ON THE 500 lINE FROM STA 527 TO STA 542 FOR OVERTAKES from the system OR
UNDERDELIVERieS into the SYSTEM FOR ALL LMPA, SA ACTING AS BALANCING PARTIES
AND LMMA BALANCING PARTIES
OFO DAILY CRITICAL DAY
1 FOR ALL AREAS EAST AND NORTH OF STA 219 FOR UNDERTAKES FROM THE SYSTEM OR
OVERDELIVERIES INTO THE SYSTEM FOR ALL LMPA, SA ACTING AS BALANCING PARTIES AND
LMMA BALANCING PARTIES
METER RESTRICTIONS
·
NONE
SEGMENT RESTRICTIONS
·
STA 534 South Of Pool (Segment 530 BH) - through 100% of SOP
increases due to scheduled maintenance and nominations in excess of operational
capacity; 450 Dths
·
MLV 509 Muskrat Line (Segment 515 BH) - through 100% of SOP
increases due to nominations in excess of operational capacity; 4,494 Dths
LINEPACK RESTRICTIONS
PAYBACK NOMINATIONS
WILL BE EVALUATED AT EACH CYCLE AND SCHEDULED ONLY IF OPERATIONALLY FEASIBLE.
STORAGE RESTRICTIONS
No Authorized Overrun Injections
Services under Rate Schedule FS-AO at the following storage fields:
o Northern MA (460018) storage field
o Portland MA (460025) storage field
· No Interruptible Storage Injection
Services under Rate Schedule IS at the following storage fields:
o Northern MA (460018) storage field
· No Parks or Loan Paybacks under
Rate Schedule PAL utilizing the PALD service in Zones 4, 5 and 6
· No Parks or Loan Paybacks under
Rate Schedule PAL utilizing the PAL-AO service in Zones 4, 5 and 6
**PLEASE
NOTE MAXIMUM HOURLY ENTITLEMENTS (""MHE"") AND/OR ELAPSED PRO RATA
SCHEDULED QUANTITIES (""EPSQ"") WILL BE REVIEWED AND MAY BE ENFORCED AT
ANY METER DURING INTRADAY OR HOURLY CYCLES.
**FINAL
VOLUMES MAY CHANGE DUE TO SYSTEM BALANCING AND/OR CONFIRMATION REDUCTIONS.
**THE
OUTAGE AND MAINTENANCE SCHEDULE IS AVAILABLE IN EXCEL SPREADSHEET AND ADOBE
FORMATS WHICH MAY BE ACCESSED VIA A HYPERLINK UNDER NOTICES/PLANNED SERVICE
OUTAGES.
If you
have any questions, please contact your Scheduler.",2026-08-30T01:02:43.000000Z,2026-08-30T01:02:43.000000Z,2026-08-30T14:00:00.000000Z,1,2026-08-29T05:00:00.000000Z,1341e6b30aaa48accdfd197aec172eef49ee01076fc2b13e0a5eaeb1351d4929,https://pipeline2.kindermorgan.com/Notices/NoticeDetail.aspx?code=TGP&notc_nbr=403858,data/raw/km_tgp_notice_detail/2026/08/30/1341e6b30aaa48accdfd197aec172eef49ee01076fc2b13e0a5eaeb1351d4929.html,km_tgp_notice_detail:1788110126389916000:1341e6b30aaa48accdfd197aec172eef49ee01076fc2b13e0a5eaeb1351d4929
TGP,403857,562ccbf385a4895a751cd49caec7cf58657ea6f6cc7207626d7c1e9fda2093e3,,True,False,2026-08-30T17:15:29.332263Z,PIPELINE CONDITIONS,CURRENT PIPELINE CONDITIONS,INITIATE,,RESTRICTIONS FOR 08-30-2026 EC,"Effective Evening Cycle (9:00) for the gas day of Sunday,
August 30, 2026 Tennessee restricted the following:
OPERATIONAL FLOW ORDERS (OFO) AND IMBALANCE WARNINGS
OFO DAILY CRITICAL DAY
1 ON THE 500 lINE FROM STA 527 TO STA 542 FOR OVERTAKES from the system OR
UNDERDELIVERieS into the system FOR ALL LMPA, SA ACTING AS BALANCING PARTIES
AND LMMA BALANCING PARTIES
OFO DAILY CRITICAL DAY
1 FOR ALL AREAS EAST AND NORTH OF STA 219 FOR UNDERTAKES FROM THE SYSTEM OR
OVERDELIVERIES INTO THE SYSTEM FOR ALL LMPA, SA ACTING AS BALANCING PARTIES AND
LMMA BALANCING PARTIES
METER RESTRICTIONS
·
ATMOS-TX/TGP Katy Exch Waller Receipt Meter (Pin 412100) -
through 100% of SA increases due to nominations in excess of operational
capacity; 6,516 Dths
SEGMENT RESTRICTIONS
·
STA 534 South Of Pool (Segment 530 BH) - through 100% of SOP
increases due to scheduled maintenance and nominations in excess of operational
capacity; 450 Dths
·
STA 1 (Segment 101 BH) - through 100% of SOP increases due to
operational concerns; 91,243 Dths
·
MLV 509 Muskrat Line (Segment 515 BH) - through 100% of SOP
increases due to nominations in excess of operational capacity; 4,494 Dths
·
STA 860 (Segment 860 BH) - through PIP increases due to scheduled
maintenance and nominations in excess of operational capacity
·
STA 523 West (Segment 516 FH) - through approx 99% of SOP
increases due to nominations in excess of operational capacity; 19,932 Dths
·
STA 114 East (Segment 114 BH) - through PIP increases due to
force majeure
·
STA 204 (Segment 204 BH) - through 100% of SOP increases due to
scheduled maintenance and nominations in excess of operational capacity; 155
Dths
·
STA 307 (Segment 307 BH) - through 100% of SOP increases due to
nominations in excess of operational capacity; 378,652 Dths
·
MLV 314 East (Segment 314 BH) - through approx 98% of SOP
increases due to nominations in excess of operational capacity; 232,499 Dths
·
STA 315 (Segment 315 BH) - through approx 81% of SOP increases
due to nominations in excess of operational capacity; 288,779 Dths
·
STA 317 (Segment 317 BH) - through 100% of SOP increases due to
nominations in excess of operational capacity; 148,585 Dths
·
STA 321 (Segment 321 FH) - through approx 75% of SOP increases
due to nominations in excess of operational capacity; 332,693 Dths
·
MLV 330 (Segment 324 FH) - through approx 68% of SOP increases
due to nominations in excess of operational capacity; 142,324 Dths
·
Z5hc North (Segment 299 FH) - through approx 96% of SOP increases
due to nominations in excess of operational capacity; 193,431 Dths
·
STA 245 (Segment 245 FH) - through approx 82% of SOP increases
due to scheduled maintenance and nominations in excess of operational capacity;
169,209 Dths
·
STA 249 (Segment 249 FH) - through approx 53% of SOP increases
due to nominations in excess of operational capacity; 73,249 Dths
·
STA 261 Discharge East (Segment 261 FH) - through approx 63% of
SOP increases due to scheduled maintenance and nominations in excess of
operational capacity; 27,670 Dths
·
MLV 273 (Segment 284 FH) - through 100% of SOP increases due to
nominations in excess of operational capacity; 259,378 Dths
LINEPACK RESTRICTIONS
PAYBACK NOMINATIONS
WILL BE EVALUATED AT EACH CYCLE AND SCHEDULED ONLY IF OPERATIONALLY FEASIBLE.
STORAGE RESTRICTIONS
No Authorized Overrun Injections
Services under Rate Schedule FS-AO at the following storage fields:
o Northern MA (460018) storage field
o Portland MA (460025) storage field
· No Interruptible Storage Injection
Services under Rate Schedule IS at the following storage fields:
o Northern MA (460018) storage field
· No Parks or Loan Paybacks under
Rate Schedule PAL utilizing the PALD service in Zones 4, 5 and 6
· No Parks or Loan Paybacks under
Rate Schedule PAL utilizing the PAL-AO service in Zones 4, 5 and 6
**PLEASE
NOTE MAXIMUM HOURLY ENTITLEMENTS (""MHE"") AND/OR ELAPSED PRO RATA
SCHEDULED QUANTITIES (""EPSQ"") WILL BE REVIEWED AND MAY BE ENFORCED AT
ANY METER DURING INTRADAY OR HOURLY CYCLES.
**FINAL
VOLUMES MAY CHANGE DUE TO SYSTEM BALANCING AND/OR CONFIRMATION REDUCTIONS.
**THE
OUTAGE AND MAINTENANCE SCHEDULE IS AVAILABLE IN EXCEL SPREADSHEET AND ADOBE
FORMATS WHICH MAY BE ACCESSED VIA A HYPERLINK UNDER NOTICES/PLANNED SERVICE
OUTAGES.
If you
have any questions, please contact your Scheduler.",2026-08-30T00:21:58.000000Z,2026-08-30T00:21:58.000000Z,2026-08-30T14:00:00.000000Z,1,2026-08-29T05:00:00.000000Z,562ccbf385a4895a751cd49caec7cf58657ea6f6cc7207626d7c1e9fda2093e3,https://pipeline2.kindermorgan.com/Notices/NoticeDetail.aspx?code=TGP&notc_nbr=403857,data/raw/km_tgp_notice_detail/2026/08/30/562ccbf385a4895a751cd49caec7cf58657ea6f6cc7207626d7c1e9fda2093e3.html,km_tgp_notice_detail:1788110129332263000:562ccbf385a4895a751cd49caec7cf58657ea6f6cc7207626d7c1e9fda2093e3
TGP,403838,f6e560a11a28f7db622d566fd415c012ffc4e7a8baa3d17f365651da6e2b059d,,True,False,2026-08-30T17:15:56.344773Z,MAINTENANCE,MAINTENANCE,INITIATE,,EMERGENT REPAIR STA 563 1A EFF 8-28-26,"EMERGENT
REPAIR AT STA 563 UNIT 1A EFFECTIVE 8-28-2026
Pursuant
to Article XII of the General Terms and Conditions of Tennessee's FERC Gas
Tariff, Tennessee is posting notice of an emergent repair issue at STA 563 near
Centerville, TN (Segment 860 BH). During the scheduled annual inspection and
safety device check Tennessee identified an issue at Unit 1A which requires
immediate repairs. Personnel are onsite and evaluating the repairs.
Tennessee is estimating the impact to be up to an additional 315,000 Dth pathed
through STA 860 North (Segment 860 BH). Based upon current nominations,
restrictions through a pro rata portion of Secondary Out of the Path
nominations pathed through STA 860 North (Segment 860 BH) are at risk as early
as Timely Cycle for the Gas Day of Sunday, August 30, 2026 and until further
notice. Previously scheduled volumes pathed through STA 860 North (Segment 860
BH) will not be curtailed; however, all increases pathed through STA 860 North
(Segment 860 BH) for the remainder of today's Gas Day, August 28, 2026, and Saturday's
Gas Day, August 29, 2026, are at risk.
Updates
will be posted as more information becomes available.
Please
contact your Scheduler if you have any questions.",2026-08-28T23:36:04.000000Z,2026-08-28T23:36:04.000000Z,2026-08-29T14:00:00.000000Z,1,2026-08-28T05:00:00.000000Z,f6e560a11a28f7db622d566fd415c012ffc4e7a8baa3d17f365651da6e2b059d,https://pipeline2.kindermorgan.com/Notices/NoticeDetail.aspx?code=TGP&notc_nbr=403838,data/raw/km_tgp_notice_detail/2026/08/30/f6e560a11a28f7db622d566fd415c012ffc4e7a8baa3d17f365651da6e2b059d.html,km_tgp_notice_detail:1788110156344773000:f6e560a11a28f7db622d566fd415c012ffc4e7a8baa3d17f365651da6e2b059d
TGP,403395,7f78a647cb9687f2a924c79874ee1f8b501a84721ef188f8d327289c82d246f2,7f78a647cb9687f2a924c79874ee1f8b501a84721ef188f8d327289c82d246f2,False,False,2026-08-31T14:08:51.905920Z,MAINTENANCE,MAINTENANCE,TERMINATE,403173,EMERGENT REPAIR AT STA 264 RESOLVED,"EMERGENT
REPAIR BETWEEN STA 264 EFFECTIVE 7-31-2026 RESOLVED
Pursuant
to Article XII of the General Terms and Conditions of Tennessee's FERC Gas
Tariff, Tennessee posted notice of an emergent repair at Station 264 Unit 1C
near Charlton City, Massachusetts on July 31, 2026 (Notice Identifier #403173).
Tennessee discovered an issue with one of the units that required immediate
repairs. The issue has now been resolved and the unit is returning to normal
operations. As such, nomination increases pathed through STA 261 Discharge
East (Segment 261 FH) will be accepted effective Timely Cycle for the Gas Day
of Tuesday, August 11, 2026 up to segment capacity as posted on TGP's EBB.
This
will be the final notice for this emergent repair.
Please
contact your Scheduler if you have any questions.",2026-08-10T15:46:58.000000Z,2026-08-10T15:46:58.000000Z,2026-08-11T14:00:00.000000Z,1,2026-08-10T05:00:00.000000Z,9ce24a5eee4acc59337dbd23da76eeac50c469c6941578e5e7000f9f0e968ef3,https://pipeline2.kindermorgan.com/Notices/NoticeDetail.aspx?code=TGP&notc_nbr=403395,data/raw/km_tgp_notice_detail/2026/08/31/9ce24a5eee4acc59337dbd23da76eeac50c469c6941578e5e7000f9f0e968ef3.html,km_tgp_notice_detail:1788185331905920000:9ce24a5eee4acc59337dbd23da76eeac50c469c6941578e5e7000f9f0e968ef3
TGP,403394,edc33a27d7cbfc81e7d9783417f68671c554b4020877eb2f6dac0a986e5e7473,edc33a27d7cbfc81e7d9783417f68671c554b4020877eb2f6dac0a986e5e7473,False,False,2026-08-31T14:08:55.726885Z,MAINTENANCE,MAINTENANCE,INITIATE,,TGP SUMMER MAINTENANCE UPDATE MTG 8-18,"TGP's 2026 SUMMER MAINTENANCE TEAMS
MEETING 8-18-2026
Tennessee Gas Pipeline Company, LLC (“Tennessee”) will
be hosting its next 2026 TEAMS Summer Maintenance meeting to provide customers
and other interested parties an overview of Tennessee's upcoming Summer Scheduled
Maintenance for the remaining days of August and all of September and October 2026
on Tuesday, August 18, 2026, from 1:30 PM CST to 2:30 PM CST via TEAMS only. Additionally,
there will be a review of upcoming scheduled maintenance on the Stagecoach,
Arlington and Twin Tier systems. There will be a question and answer segment
immediately following.
Please see TEAMS info below:
TGP Summer Maintenance
and Outages TEAMS Meeting
Join on your computer, mobile
app or room device
________________________________________________________________________________
Microsoft Teams meeting
Join: https://teams.microsoft.com/meet/23579493131869?p=w4N7s4IHBI1GQNbITK
Meeting ID: 235 794 931 318 69
Passcode: Vg6AB2AN
Need help | System reference
Dial in by phone
+1
346-410-0970,,694003306# United States, Houston
Find a local number
Phone conference ID: 694 003 306#
For organizers: Meeting options | Reset dial-in PIN
________________________________________________________________________________",2026-08-10T12:21:21.000000Z,2026-08-10T12:21:21.000000Z,2026-08-11T14:00:00.000000Z,1,2026-08-10T05:00:00.000000Z,613bee41af85175a6f552e50976ca9c8fcf7f122c2cedb1a331844ebfc77e4c7,https://pipeline2.kindermorgan.com/Notices/NoticeDetail.aspx?code=TGP&notc_nbr=403394,data/raw/km_tgp_notice_detail/2026/08/31/613bee41af85175a6f552e50976ca9c8fcf7f122c2cedb1a331844ebfc77e4c7.html,km_tgp_notice_detail:1788185335726885000:613bee41af85175a6f552e50976ca9c8fcf7f122c2cedb1a331844ebfc77e4c7
TGP,403321,a45d8a8743bfa23ad8736d661a3824697a54515dfb0438b0c2094a2c6efc8c1d,a45d8a8743bfa23ad8736d661a3824697a54515dfb0438b0c2094a2c6efc8c1d,False,False,2026-08-31T14:09:09.328713Z,MAINTENANCE,MAINTENANCE,INITIATE,,TGP Outage Impact Report,"-Primary
impact restrictions may be necessary
TGP - Outage
Impact Report
-Major
impact restrictions may be
necessary
Seven Day Forecast (updated 08/06/26)
-Minor impact restrictions may be necessary depending on flow conditions
-Little to no impact, though
minor outages may cause incremental reductions
Station / Seg
Est Nominal
Operating Capacity (Thousand Dth)
Monday
(8/10)
Tuesday
(8/11)
Wednesday
(8/12)
Thursday
(8/13)
Friday
(8/14)
Saturday
(8/15)
Sunday
(8/16)
Primary Outage(s) that
may Impact Throughput
Est. Operational Capacity
(Operational Impact) - Thousand
Dth
Station 409
(Donna Line)
(segment 490 FH)
564
564
564
564
564
564
564
564
Station 1
(segment 101 BH)
399
399
399
399
399
399
399
399
Station 9
(segment 109 BH)
1,027
1,027
1,027
1,027
640
(387)
640
(387)
640
(387)
640
(387)
MLV 5-2
to MLV 1-2D:
Pig Run - Cleaning Gauge
(M) (8/13/2026) MLV 5-2 to MLV 1-2D:
Pig Run - Cleaning Gauge
(M) (8/14/2026) MLV 5-2 to MLV 1-2D:
Pig Run - Cleaning Gauge
(M) (8/15/2026)
MLV 5-2 to MLV 1-2D: Pig Run - Cleaning Gauge
(M) (8/16/2026)
Station 17
(segment 117 FH)
1,122
900
(222)
900
(222)
900
(222)
900
(222)
900
(222)
900
(222)
900
(222)
MLV 19-1
TO MLV 20-1A:
Pipe Replacement (M) (8/6/2026 - 9/15/2026) MLV 26-3 Relocation: Highway 59 Widening (M) (8/4/2026 - 8/20/2026)
Station 25
(segment 125 FH)
1,078
1,078
1,078
1,078
1,078
1,078
1,078
1,078
Station 47
(segment 143 FH)
1,343
1,343
1105
(238)
1,343
1105
(238)
1,343
1,343
1,343
MLV 40-3D
to MLV 47-3S:
Pig Run - Maintenance Cleaning (8/11/2026) MLV
40-4D to MLV 47-4S: Pig Run - Maintenance (8/13/2026)
Station 63
(segment 163 FH)
1,242
1117
(125)
901
(341)
901
(341)
901
(341)
901
(341)
901
(341)
901
(341)
MLV 54-3
to MLV 106-3:
Emergent Repair - CAO (2/26/2026 - 12/31/2026) MLV 77-3 to MLV 77-3A: Pipe Replacements (8/11/2026 - 8/21/2026)
Station 823
(segment 823 BH)
734
734
734
734
734
734
734
734
Station 534 South
of Pool (segment 530
BH)
1,550
985
(565)
985
(565)
985
(565)
985
(565)
985
(565)
985
(565)
985
(565)
MLV 533-2 to MLV 534-2:
Pipe Replacement (M) (6/4/2026 - 9/4/2026) Sta 534: Unit
6A - Piston Liner &
Unloader Replacements (6/30/2025 - 8/14/2026)
Station 860
(segment 548 BH)
1,593
1390
(203)
1390
(203)
1390
(203)
1390
(203)
1390
(203)
1390
(203)
1390
(203)
MLV 539-2
to MLV 540-2:
Anomaly Remediation (8/13/2026 - 8/22/2026) Sta 542: Unit 2A - Emergent Repair (4/7/2026 - 9/30/2026)
Sta 542:
Unit 3A - Emergent Repair
(3/26/2026 - 8/31/2026) Sta 546: Unit 6A - Turbo Replacment (7/8/2026 - 8/14/2026) Sta 546: Unit 7A - Metal in Oil (7/14/2025 - 8/31/2026)
Sta 555: Unit 1B - Hot Gas Path
(8/10/2026 - 9/18/2026)
Station 860 North (Segment 860
BH)
1,874
1846
(28)
1846
(28)
1846
(28)
1846
(28)
1846
(28)
1846
(28)
1846
(28)
Sta 860: Unit 1A - Aftercooler Jacket Water Inspection (6/17/2025 - 12/31/2026)
Station 110
(segment 187 BH)
(south thru Kentucky)
2,685
2150
(535)
2150
(535)
2150
(535)
2150
(535)
2150
(535)
2150
(535)
2150
(535)
MLV 102-1
to MLV 103-1:
Anomaly Remediation (7/29/2026 - 8/10/2026) MLV 104-1 to MLV 105-1: Anomaly Remediation (8/6/2026 - 9/12/2026) MLV
109-4 to 110-4: Valve Installation & Crossover Work (8/10/2026 - 8/24/2026)
MLV 109-4 to MLV 110-4:
Pipe Replacement (8/10/2026 -
8/31/2026) MLV 110-2
to MLV 114-2:
CAO - Force Majeure (M)
(7/14/2026 - 12/31/2026)
MLV 54-3
to MLV 106-3:
Emergent Repair - CAO (2/26/2026 - 12/31/2026) MLV 96-3BR to MLV 96-3BL: Spike Test (7/27/2026 - 8/31/2026)
Sta 87:
Unit 1E - Scrubber/Filter/Separator Clean,
Inspect & Filter
Change (8/12/2026)
Sta 87: Unit 2E - Exhaust Bellows
(8/10/2026 - 8/13/2026)
Sta 87:
Unit 2E - Scrubber/Filter/Separator Clean,
Inspect & Filter
Change (8/13/2026)
Sta 87: Unit 3D - Power
side Overhaul (6/22/2026 - 9/30/2026) Sta 871: Unit 1A - Emergent Repair (7/10/2026 - 8/15/2026)
Station 114
(segment 114 BH)
907
907
907
907
907
907
907
907
Station 204
(Segment 204 BH)
1,828
1,828
1735
(93)
1735
(93)
1,828
1,828
1,828
1,828
Sta 200 Greenup: B Building - Divider Blocks
(8/11/2026 - 8/12/2026)
Station 245
(segment 245 FH)
986
970
(16)
970
(16)
970
(16)
970
(16)
970
(16)
970
(16)
970
(16)
Sta 245: Unit
1A & 2A - Exhaust
System & HP Fuel (4/27/2026 - 11/1/2026)
Station 261 Discharge East (segment 261
FH)
888
888
888
888
888
888
888
888
Station 307
(segment 307 BH)
1,153
1,153
1,153
1,153
1,153
1,153
1,153
1,153
Station 315
(segment 315 BH)
1,823
1,823
1,823
1,823
1,823
1,823
1,823
1,823
MLV 324
(segment 324 FH)
1,767
1,767
1,767
1,767
1,767
1,767
1,767
1,767
Station 405 HC Line
(segment 299
FH)
794
794
794
794
794
794
794
794
This
document is updated
on a weekly basis and outage schedules/impacts are subject to change as the week progresses.
Dates
posted on DART should be deemed correct
in the event
of conflicts between DART posted dates
and dates on this report.
The
impacts sheet are based on steady-state hydraulic models assuming recent
operating flows, conditions, and various unit
outages.
-Primary
impact restrictions may be necessary
TGP - Outage
Impact Report
-Major impact restrictions may be necessary
August
2026 (updated 08/06/26)
-Minor impact
restrictions may be necessary depending on flow conditions
-Little to no impact, though minor outages
may cause incremental reductions
Station # / Lateral
Est Nominal Operating Capacity (Thousand Dth)
Week 1
(8/3 - 8/9)
Week 2
(8/10 - 8/16)
Week 3
(8/17 - 8/23)
Week 4
(8/24 - 8/30)
Primary Outage(s)
Est. Operational Capacity (Operational Impact) - Thousand Dth
Station 409 (Donna Line) (segment 490
FH)
564
564
564
Station 1
(segment 101 BH)
399
399
399
Station 9
(segment 109 BH)
1,027
640
(387)
970
(57)
MLV 4-2 to
MLV 5-2: Anomaly Remediation (8/24/2026
- 9/1/2026) MLV 5-2 to MLV 1-2D:
Pig Run - Cleaning Gauge (M) (8/17/2026) MLV
5-2 to MLV 1-2D: Pig Run - Cleaning Gauge (M) (8/18/2026) MLV 5-2 to MLV 1-2D: Pig Run - Cleaning
Gauge (M) (8/19/2026)
MLV 5-2 to MLV 1-2D: Pig Run - TDW MDS (M) (8/20/2026)
Station 17
(segment 117 FH)
1,122
900
(222)
1100
(22)
MLV 19-1 TO MLV 20-1A:
Pipe Replacement (M) (8/6/2026 - 9/15/2026)
MLV 26-3 Relocation: Highway 59 Widening (M) (8/4/2026 - 8/20/2026)
Station 25
(segment 125 FH)
1,078
1,078
1,078
Station 47
(segment 143 FH)
1,343
1,343
1,343
Station 63
(segment 163 FH)
1,242
901
(341)
1117
(125)
MLV 54-3 to MLV 106-3:
Emergent Repair - CAO (2/26/2026 -
12/31/2026) MLV 77-3 to MLV 77-3A:
Pipe Replacements (8/11/2026 -
8/21/2026)
Station 823
(segment 823 BH)
734
734
734
Station 834
(segment 834 BH)
683
683
600
(83)
Sta 834: Station
Outage (8/26/2026 - 8/28/2026)
Station 534 South of Pool (segment 530
BH)
1,550
985
(565)
985
(565)
MLV 533-2 to MLV 534-2: Pipe Replacement (M) (6/4/2026 - 9/4/2026)
Station 860
(segment 548 BH)
1,593
1390
(203)
1190
(403)
MLV 539-2 to
MLV 540-2: Anomaly Remediation (8/13/2026
- 8/22/2026) Sta 542 Dekalb: Annual
ESD Test (8/25/2026 - 8/27/2026)
Sta 542: Unit 2A - Emergent Repair (4/7/2026
- 9/30/2026) Sta 542: Unit 3A -
Emergent Repair (3/26/2026 -
8/31/2026) Sta 546: Unit 2A -
Engine PM (8/19/2026 - 8/20/2026)
Sta 546: Unit 7A - Metal in Oil (7/14/2025 - 8/31/2026)
Sta 555: Unit 1B - Hot Gas Path (8/10/2026 - 9/18/2026)
Station 860 North (Segment 860 BH)
1,874
1846
(28)
1530
(344)
Sta 563:
Unit 1A - Annual Inspection & Safety Device Check (8/24/2026 - 8/26/2026)
Sta 563: Unit 2A - Annual Inspection/CAV (8/26/2026 - 8/28/2026)
Sta 860: Unit 1A - Aftercooler Jacket Water Inspection (6/17/2025 - 12/31/2026)
Station 110
(segment 187 BH)
(south thru Kentucky)
2,685
2150
(535)
1882
(803)
MLV 104-1 to
MLV 105-1: Anomaly Remediation (8/6/2026
- 9/12/2026) MLV 109-4 to 110-4:
Valve Installation & Crossover Work (8/10/2026
- 8/24/2026)
MLV 109-4 to MLV 110-4:
Pipe Replacement (8/10/2026 -
8/31/2026) MLV 110-2 to MLV 114-2:
CAO - Force Majeure (M) (7/14/2026 - 12/31/2026)
MLV 54-3 to
MLV 106-3: Emergent Repair - CAO (2/26/2026
- 12/31/2026) MLV 87-3 to MLV 96-3:
Pig Run - Cleaning / Gauge (8/25/2026)
MLV 87-3 to MLV 96-3: Pig Run - EMAT
(8/27/2026)
MLV 96-3BR to MLV 96-3BL:
Spike Test (7/27/2026 - 8/31/2026)
Sta 106: Unit 1D - 4K Solar
Turbine Inspection (8/18/2026 -
8/20/2026) Sta 110: Install ESD
Silence Covers (8/24/2026 -
8/28/2026)
Sta 87: Unit 3D - Power side Overhaul (6/22/2026 - 9/30/2026) Sta 871: Unit 3A - Engine Maintenance (8/24/2026 - 9/11/2026) Sta 87 Portland: Annual ESD Test (8/18/2026 - 8/19/2026)
Station 114
(segment 114 BH)
907
393
(514)
393
(514)
MLV 117-3 to
MLV 118-3: Special Permit Pipe Replacement
(8/18/2026 - 9/6/2026)
MLV 119-2 to MLV 119-2A:
Special Permit Pipe Replacement (8/18/2026 -
9/6/2026)
Station 204
(Segment 204 BH)
1,828
1,828
1,828
Station 245
(segment 245 FH)
986
970
(16)
765
(221)
Sta 245:
Unit 1A & 2A - Exhaust System & HP Fuel (4/27/2026 - 11/1/2026) Sta
245-1 to MLV 249-1: Pig Re-Run - Cal/IMU (8/26/2026)
-Primary
impact restrictions may be necessary
TGP - Outage
Impact Report
-Major impact restrictions may be necessary
August
2026 (updated 08/06/26)
-Minor impact
restrictions may be necessary depending on flow conditions
-Little to no impact, though
minor outages may cause incremental reductions
Station # / Lateral
Est Nominal Operating Capacity (Thousand Dth)
Week 1
(8/3 - 8/9)
Week 2
(8/10 - 8/16)
Week 3
(8/17 - 8/23)
Week 4
(8/24 - 8/30)
Primary Outage(s)
Est. Operational Capacity (Operational Impact) - Thousand Dth
Station 261 Discharge East (segment
261
FH)
888
888
888
Station 307
(segment 307 BH)
1,153
1,153
965
(188)
Sta 307
(Pigeon): MLV Operators / Air Comp Install / Fuel Skid (8/24/2026 - 8/28/2026)
Station 313 Discharge (segment 399
FH)
797
515
(282)
797
Sta 313 Coudersport: Annual ESD Test & Maintenance (8/17/2026 - 8/20/2026)
Station 315
(segment 315 BH)
1,823
1,823
1,823
Station 317
(segment 317 BH)
1,548
1,548
1345
(203)
Sta 317: Annual
ESD Test & Maintenance (8/24/2026 - 8/28/2026)
MLV 324
(segment 324 FH)
1,767
1,767
1355
(412)
MLV 324-1 to MLV 324-1A:
Anomaly Remediation (8/24/2026 -
8/29/2026) Sta 325: Station Outage (8/26/2026 - 8/28/2026)
Station 405 HC Line (segment 299
FH)
794
794
794
Station 224
(segment 224 FH)
388
388
280
(108)
Station 224: Scrubber
Inspections & Filter
Change (8/25/2026 - 8/26/2026)
This document is updated on a weekly
basis and outage
schedules/impacts are subject
to change as the week progresses.
Dates
posted on DART should be deemed correct
in the event of conflicts between DART posted
dates and dates on this report.
The impacts sheet are based on steady-state hydraulic models assuming recent operating flows, conditions, and various unit outages.
-Primary impact restrictions may be necessary
TGP - Outage
Impact Report
-Major impact restrictions may be necessary
September 2026 (updated 08/06/26)
-Minor impact
restrictions may be necessary depending on flow conditions
-Little to no impact, though
minor outages may cause incremental reductions
Station # / Lateral
Est Nominal Operating Capacity (Thousand Dth)
Week 1
(8/31 - 9/6)
Week 2
(9/7 - 9/13)
Week 3
(9/14 - 9/20)
Week 4
(9/21 - 9/27)
Primary Outage(s)
Est. Operational Capacity (Operational Impact) - Thousand Dth
Station 409A (Alamo)
(segment 492 FH)
274
215
(59)
125
(149)
215
(59)
215
(59)
MLV 409-1 to MLV 406-1: Spike Test (M) (9/1/2026 - 10/31/2026)
MLV
409A-101.1 to MLV 409A-103: Pig Runs - Cleaning / Gauge (M) (9/7/2026) MLV 409A-101.1 to MLV 409A-103: Pig Runs
- Cleaning / Gauge (M) (9/8/2026) MLV
409A-101.1 to MLV 409A-103: Pig Runs - Cleaning / Gauge (M) (9/9/2026) MLV 409A-101.1 to MLV 409A-103: Pig Runs
- EMAT (M) (9/11/2026)
MLV 409A-101.1 to MLV 409A-103: Pig Runs - MFL-C (M) (9/10/2026)
Station 409 (Donna Line) (segment 490
FH)
564
564
564
564
564
Station 1
(segment 101 BH)
399
399
399
399
300
(99)
MLV 1-1D to MLV 5-1: Spike Test (M) (9/21/2026 - 11/2/2026)
Station 9
(segment 109 BH)
1,027
835
(192)
835
(192)
1,027
1,027
MLV 2-2 to MLV 3-2: Anomaly
Remediation (9/2/2026 - 9/11/2026) MLV 4-2 to MLV 5-2: Anomaly Remediation (8/24/2026 - 9/1/2026)
Station 17
(segment 117 FH)
1,122
1100
(22)
1100
(22)
1100
(22)
1085
(37)
MLV 17-1D to
MLV 20-1A: Pig Run - Chemical Cleaning (9/21/2026) MLV 17-1D to MLV 20-1A: Pig Run - EMAT (9/24/2026)
MLV 17-1D to
MLV 20-1A: Pig Run - GAUGE PLATE (9/22/2026) MLV 17-1D to MLV 20-1A: Pig Run - MFL-C (9/23/2026)
MLV 19-1 TO MLV 20-1A: Pipe Replacement (M) (8/6/2026 - 9/15/2026)
Station 25
(segment 125 FH)
1,078
1,078
1,078
1,078
1,078
Station 47
(segment 143 FH)
1,343
1045
(298)
1045
(298)
1300
(43)
1300
(43)
MLV 47-4D to
MLV 54-4S: Pig Run - AFD Combo (M) (9/8/2026) MLV 47-4D to MLV 54-4S: Pig Run - EMAT (M) (9/10/2026)
MLV 47-4D to
MLV 54-4S: Pig Run - Gauge Cleaning (M) (8/31/2026) MLV 47-4D to MLV 54-4S: Pig Run - Gauge Cleaning (M)
(9/1/2026) MLV 47-4D to MLV 54-4S:
Pig Run - Gauge Cleaning (M) (9/2/2026)
MLV 58-2 to MLV 59-2: Anomaly
Remediation (9/20/2026 - 10/1/2026)
Station 63
(segment 163 FH)
1,242
1117
(125)
1117
(125)
1117
(125)
1117
(125)
MLV 54-3 to MLV 106-3:
Emergent Repair - CAO (2/26/2026 -
12/31/2026) MLV 82-2C to MLV 83-2:
Anomaly Remediation (9/21/2026 -
9/26/2026)
Station 823
(segment 823 BH)
734
734
734
734
734
Station 834
(segment 834 BH)
683
683
670
(13)
670
(13)
670
(13)
Sta 834: Unit 1A -
Replace Insulation Blanket (9/14/2026
- 9/15/2026) Sta 834: Unit 2A -
Replace Insulation Blanket (9/16/2026
- 9/17/2026) Sta 834: Unit 3A -
Replace Insulation Blanket (9/18/2026
- 9/19/2026) Sta 834: Unit 4A - Replace
Insulation Blanket (9/21/2026 - 9/22/2026)
Sta 834: Unit 4A - Replace
Lubrication System (9/7/2026 - 9/11/2026)
Station 534 South of Pool (segment 530
BH)
1,550
985
(565)
1,550
1,550
1,550
MLV 533-2 to MLV 534-2:
Pipe Replacement (M) (6/4/2026 - 9/4/2026)
Station 534
(segment 534 BH)
1,909
1,909
1,909
1440
(469)
1440
(469)
MLV 534-2 to MLV 535-2: Tallahala Creek HDD (9/14/2026 - 9/23/2026)
Station 860
(segment 548 BH)
1,593
1390
(203)
1390
(203)
725
(868)
1586
(7)
MLV 546-2 to MLV 547-2: Line Recoat (9/14/2026 - 9/18/2026)
Sta 542: Unit 2A - Emergent Repair (4/7/2026 - 9/30/2026) Sta 542: Unit 3A - Emergent Repair
(3/26/2026 - 8/31/2026)
Sta 546: Annual ESD Tests & Maintenance (9/14/2026 - 9/18/2026) Sta
546: Unit 7A - Metal in Oil (7/14/2025
- 8/31/2026)
Sta
555: Scrubber/Filter/Separator Clean, Inspect & Filter Change (9/14/2026) Sta 555: Unit 1B - Hot Gas Path (8/10/2026 - 9/18/2026)
Sta 555: Unit 4A - Engine Maintenance (9/21/2026 - 9/24/2026)
Station 860 North (Segment 860
BH)
1,874
1846
(28)
1846
(28)
1846
(28)
1846
(28)
Sta 860:
Unit 1A - Aftercooler Jacket Water Inspection (6/17/2025 - 12/31/2026) Sta
860: Unit 1B - Replace Turbocharger (8/31/2026
- 9/4/2026)
-Primary
impact restrictions may be necessary
TGP - Outage
Impact Report
-Major impact restrictions may be necessary
September 2026 (updated 08/06/26)
-Minor impact restrictions may be necessary depending on flow
conditions
-Little to no impact, though
minor outages may cause incremental reductions
Station # / Lateral
Est Nominal Operating Capacity (Thousand Dth)
Week 1
(8/31 - 9/6)
Week
2
(9/7 - 9/13)
Week 3
(9/14 - 9/20)
Week 4
(9/21 - 9/27)
Primary Outage(s)
Est. Operational Capacity (Operational Impact) - Thousand Dth
Station 110
(segment 187 BH)
(south thru Kentucky)
2,685
2113
(572)
2355
(330)
2173
(512)
2175
(510)
MLV 104-1 to MLV 105-1: Anomaly
Remediation (8/6/2026 - 9/12/2026)
MLV 105-1 to MLV 105-1A: Anomaly Remediation (9/14/2026 - 9/25/2026) MLV
109-3A to MLV 110-3: Pipe Replacement (9/16/2026
- 9/30/2026) MLV 109-4
to MLV 110-4:
Pipe Replacement (8/10/2026 - 8/31/2026) MLV 109-5 to MLV 109-5A:
Pipe Replacement (9/1/2026 - 9/15/2026) MLV 109-5A to MLV 110-5: Pipe
Replacement (9/1/2026 - 9/15/2026)
MLV 110-2 to MLV 114-2:
CAO - Force Majeure (M) (7/14/2026 - 12/31/2026)
MLV 54-3 to MLV 106-3: Emergent Repair - CAO (2/26/2026 - 12/31/2026) MLV
93-4 to MLV 94-4: Anomaly Remediation (M) (9/14/2026 - 9/21/2026) MLV 96-3BR to MLV 96-3BL: Spike Test (7/27/2026 - 8/31/2026)
Sta 106: Unit 2D - 4K Solar
Turbine Inspection (9/16/2026 -
9/18/2026) Sta 87: Unit 3D - Power
side Overhaul (6/22/2026 -
9/30/2026)
Sta 871 Campbellsville: Annual ESD Test (9/1/2026)
Sta 871: Unit 3A - Engine Maintenance (8/24/2026 - 9/11/2026)
Station 114
(segment 114 BH)
907
393
(514)
907
812
(95)
907
MLV 117-3 to
MLV 118-3: Special Permit Pipe Replacement
(8/18/2026 - 9/6/2026)
MLV 119-2 to
MLV 119-2A: Special Permit Pipe Replacement
(8/18/2026 - 9/6/2026)
Sta 119A: Unit 1A - Solar Turbine Inspection (9/14/2026 - 9/16/2026)
Station 204
(Segment 204 BH)
1,828
1,828
1760
(68)
1,828
1375
(453)
MLV 214-3 to MLV 219-3: Pig Run - Cal/IMU/MFL-A Combo (M) (9/10/2026)
MLV 214-3 to MLV 219-3: Pig Run - Gauge/Cleaning (M) (9/8/2026) Sta 204: Scrubber Filter Change (9/24/2026 - 9/26/2026)
Sta 209 Cambridge: Scrubber Filter (9/21/2026 - 9/23/2026)
Station 230C (segment 296
FH)
743
743
370
(373)
743
743
Sta 230C: Scrubber
/ Filter Inspection (M) (9/9/2026 - 9/10/2026)
Station 245
(segment 245 FH)
986
970
(16)
970
(16)
970
(16)
680
(306)
Sta 245: Bldg A & B - Remove Unit Valves
(9/21/2026 - 9/25/2026)
Sta 245: Unit 1A & 2A - Exhaust System
& HP Fuel (4/27/2026 - 11/1/2026)
Station 261 Discharge East (segment
261
FH)
888
888
715
(173)
715
(173)
555
(333)
Sta 264 Charlton: Annual
ESD Test (9/23/2026 - 9/24/2026)
Sta 264 Charlton: Unit 1C - Engine Maintenance (9/8/2026 - 10/9/2026)
Station 307
(segment 307 BH)
1,153
1,153
1,153
1,153
1,153
Station 313 Discharge (segment 399 FH)
797
797
220
(577)
220
(577)
797
MLV
313A-101A to MLV 313A-401: Anomaly Remediation (M) (9/7/2026 - 9/19/2026)
MLV
313A-101L to MLV 313A-101A: Anomaly Remediation (M) (9/7/2026 - 9/19/2026)
MLV 313A-403
to MLV 313A-404: Anomaly Remediation (M) (9/7/2026 - 9/19/2026)
MLV 313A-405A to MLV 313A-406: Anomaly Remediation (M) (9/7/2026 -
9/19/2026)
Station 315
(segment 315 BH)
1,823
1,823
1,823
1,823
1,823
MLV 324
(segment 324 FH)
1,767
1515
(252)
1,767
1,767
1495
(272)
MLV 321-1L to MLV 322-1:
Anomaly Remediation (8/31/2026 -
9/5/2026) Sta 323: Station Outage (9/21/2026 - 9/24/2026)
MLV 329
(segment 324 FH)
846
846
830
(16)
830
(16)
830
(16)
MLV 329AS-1
to MLV 329AD-1: Valve Replacement - MLV 329-1 (M) (9/9/2026 - 10/9/2026)
Station 405 HC Line (segment 299
FH)
794
794
794
794
794
This
document is updated
on a weekly basis and outage schedules/impacts are subject to change as the week progresses.
Dates
posted on DART should be deemed correct
in the event of conflicts between DART posted
dates and dates on this report.
The impacts sheet are based on steady-state hydraulic models assuming recent operating flows, conditions, and various unit outages.
-Primary impact restrictions may be necessary
TGP - Outage
Impact Report
-Major impact restrictions may be necessary
October 2026 (updated 08/06/26)
-Minor impact restrictions may be necessary depending on flow
conditions
-Little to no impact,
though minor outages may cause incremental reductions
Station # / Lateral
Est Nominal Operating Capacity (Thousand Dth)
Week 1
(9/28 - 10/4)
Week 2
(10/5 - 10/11)
Week 3
(10/12 - 10/18)
Week 4
(10/19 - 10/25)
Week 5
(10/26 - 11/1)
Primary
Outage(s)
Est. Operational Capacity (Operational Impact) - Thousand Dth
Station 409A
(Alamo) (segment 492
FH)
274
215
(59)
215
(59)
215
(59)
215
(59)
215
(59)
MLV 409-1 to MLV 406-1: Spike Test (M) (9/1/2026 - 10/31/2026)
Station 409 (Donna
Line) (segment 490
FH)
564
564
564
564
564
564
Station 1
(segment 101 BH)
399
300
(99)
300
(99)
300
(99)
300
(99)
300
(99)
MLV 1-1D to MLV 5-1: Spike Test (M) (9/21/2026 - 11/2/2026)
Station 9
(segment 109 BH)
1,027
1,027
1,027
1,027
640
(387)
1,027
MLV 9-2S to
MLV 1-2: Pig Runs - Cleaning / Maintenance (M) (10/22/2026) MLV 9-3 to MLV 5-3: Pig Run -
Maintenance (M) (10/21/2026)
Station 17
(segment 117 FH)
1,122
1,122
1,122
1014
(108)
1100
(22)
1,122
MLV 17-2D to
MLV 20-2A: Pig Run - Chemical Cleaning (10/19/2026 - 10/20/2026)
MLV 17-2D to
MLV 20-2A: Pig Run - GAUGE (10/21/2026) MLV 17-2D to MLV 20-2A: Pig Run - MFL-A (10/22/2026)
Sta 25: Annual ESD Test (10/13/2026)
Station 25
(segment 125 FH)
1,078
1,078
1,078
1,078
1,078
1,078
Station 47
(segment 143 FH)
1,343
1025
(318)
1025
(318)
1295
(48)
1,343
1,343
MLV 58-2 to MLV 59-2: Anomaly
Remediation (9/20/2026 - 10/1/2026) Sta 47: Scrubber/Filter/Separator
Cleaning/Inspection/Changeout (9/28/2026
-
10/2/2026)
Sta 47: Station
Transformer Maintenance (10/6/2026)
Sta 47: Unit 1D - 16K hour Overhaul (10/5/2026 - 10/15/2026)
Station 63
(segment 163 FH)
1,242
1117
(125)
1117
(125)
1117
(125)
1117
(125)
1117
(125)
MLV 54-3 to
MLV 106-3: Emergent Repair - CAO (2/26/2026
- 12/31/2026) MLV 82-1 to MLV 87-1:
Pig Run - AFD/Cal/IMU (10/8/2026)
MLV 82-1 to MLV 87-1: Pig Run - Cleaning / Gauge (10/6/2026)
MLV 82-1 to MLV 87-1: Pig Run - EMAT (10/13/2026)
Station 823
(segment 823 BH)
734
734
734
734
734
734
Station 534 South of Pool (segment 530
BH)
1,550
1,550
1,550
1175
(375)
1,550
1,550
Sta 529: Unit 1A - Solar Inspection (10/12/2026 - 10/15/2026)
Station 860
(segment 548 BH)
1,593
1586
(7)
1375
(218)
1,593
1,593
1,593
Sta 542:
Unit 2A - Emergent Repair (4/7/2026
- 9/30/2026) Sta 550 Hamilton:
Annual ESD Test (10/5/2026 -
10/9/2026)
Sta 550: Unit 1B - Juction Box Rewire & Unit Valves
(9/28/2026 - 10/9/2026)
Station 860 North (Segment 860 BH)
1,874
1846
(28)
1846
(28)
1846
(28)
1475
(399)
1475
(399)
MLV 560-2 to MLV 563-2:
Pipe Replacements (M) (10/19/2026 - 10/26/2026) Sta 860: Unit 1A - Aftercooler Jacket
Water Inspection (6/17/2025 -
12/31/2026) Sta 860: Unit 1C -
4K/Turbine Waterwash/Boroscope (10/6/2026
- 10/7/2026) Sta 860: Unit 2C -
4K/Turbine Waterwash/Boroscope (10/7/2026
- 10/8/2026)
Station 110
(segment 187 BH)
(south thru Kentucky)
2,685
1965
(720)
1965
(720)
2447
(238)
2447
(238)
1802
(883)
MLV 104-3 to
MLV 106-3S: HDD at Kentucky River (10/1/2026
- 10/5/2026) MLV 109-3A to MLV
110-3: Pipe Replacement (9/16/2026
- 9/30/2026)
MLV 110-2 to MLV 114-2:
CAO - Force Majeure (M) (7/14/2026 - 12/31/2026)
MLV
54-3 to MLV 106-3: Emergent Repair - CAO (2/26/2026
- 12/31/2026) MLV 97-3 to MLV
106-3: Pig Run - Cleaning / Gauge (10/27/2026)
MLV 97-3 to MLV 106-3:
Pig Run - MFL-S (10/29/2026)
Sta 87: Unit 3D - Power side Overhaul (6/22/2026 - 9/30/2026)
Sta
875: Unit 1A- 8K Solar Turbine
Inspection (10/27/2026 -
10/29/2026) Sta 96: Unit 2D Replace
Compressor Valves (10/12/2026 -
10/15/2026)
Station 114
(segment 114 BH)
907
907
853
(54)
907
907
907
Sta 118A Tyler Mountain: Annual ESD Test (10/5/2026 - 10/6/2026)
Station 204
(Segment 204 BH)
1,828
1,828
1,828
1755
(73)
1755
(73)
1710
(118)
MLV 209-2 to
MLV 214-2: Pig Run - Chem Cleaning (10/26/2026) MLV 209-2 to MLV 214-2: Pig Run - Chem
Cleaning (10/27/2026) MLV 209-2 to MLV 214-2: Pig Run - Chem
Cleaning (10/28/2026) MLV 209-2 to MLV 214-2: Pig Run - Chem
Cleaning (10/29/2026) MLV 209-2 to MLV 214-2: Pig Run - Chem
Cleaning (10/30/2026) MLV 214-1 to MLV 219-1: Pig Run -
Cal/IMU (10/20/2026)
MLV 214-1 to MLV 219-1:
Pig Run - Gauge/Cleaning (10/15/2026)
MLV 214-1 to MLV 219-1: Pig Run - MFL-C (10/22/2026)
Station 233
(segment 233 FH)
459
459
355
(104)
459
459
459
MLV 233-2 to MLV 235-2: Pig Run (10/6/2026)
Station 245
(segment 245 FH)
986
970
(16)
970
(16)
970
(16)
970
(16)
765
(221)
Sta 245: Unit 1A &
2A - Exhaust System & HP Fuel (4/27/2026
- 11/1/2026) Sta 245-1 to MLV
249-1: Pig Run - EMAT (10/28/2026)
Station 261 Discharge East (segment 261
FH)
888
500
(388)
715
(173)
555
(333)
888
888
Sta 261 Agawam: Annual ESD test (M) (9/28/2026 - 10/2/2026)
Sta
264 Charlton: Unit 1C - Engine Maintenance
(9/8/2026 - 10/9/2026) Sta
264: Oil System (10/12/2026 -
10/16/2026)
-Primary impact restrictions may be necessary
TGP - Outage
Impact Report
-Major impact restrictions may be necessary
October 2026 (updated 08/06/26)
-Minor impact restrictions may be necessary depending on flow
conditions
-Little to no impact, though
minor outages may cause incremental reductions
Station # / Lateral
Est Nominal Operating Capacity (Thousand Dth)
Week 1
(9/28 - 10/4)
Week 2
(10/5 - 10/11)
Week 3
(10/12 - 10/18)
Week 4
(10/19 - 10/25)
Week 5
(10/26 - 11/1)
Primary
Outage(s)
Est. Operational Capacity (Operational Impact) - Thousand Dth
Station 307
(segment 307 BH)
1,153
775
(378)
695
(458)
765
(388)
1,153
1,153
MLV 302-2 to MLV 303-2: Anomaly
Remediation (9/28/2026 - 10/10/2026)
Sta
219: Annual ESD Test & Scrubber Maintenance (10/12/2026 - 10/16/2026) Sta
303A: Unit 1A - Water Wash (10/6/2026
- 10/7/2026)
Sta 307: Unit 4A - Trabon (9/29/2026 - 10/2/2026)
Station 315
(segment 315 BH)
1,823
1,823
1,823
1,823
1,823
1,823
MLV 324
(segment 324 FH)
1,767
1,767
1,767
1,767
1,767
1,767
MLV 329
(segment 324 FH)
846
830
(16)
830
(16)
846
630
(216)
846
MLV 325-1 to
MLV 329-1: Pig runs - Cleaning/Gauge (M) (10/19/2026) MLV 325-1 to MLV 329-1: Pig runs - EMAT (M) (10/20/2026)
MLV 329AS-1 to MLV 329AD-1: Valve Replacement - MLV 329-1 (M) (9/9/2026 -
10/9/2026)
Cranston Lateral
South
(segment 281
FH)
187
187
187
125
(62)
187
187
Sta 265: Unit 1A - Replace Lube Oil Fan
(10/12/2026)
Station 405 HC Line (segment 299
FH)
794
794
794
670
(124)
794
794
Sta 405A:
Unit 1A - 4k Waterwash (10/13/2026)
; Sta 405A: Unit 1A - 8K Solar Turbine
Inspection (10/14/2026)
Station 224
(segment 224 FH)
388
388
200
(188)
388
388
388
MLV 229-2 to MLV 232-2:
Pig runs - Maintenance (M) (10/6/2026)
This document is updated
on a weekly basis and outage schedules/impacts are subject to change as the week progresses. Dates posted on DART should be deemed
correct in the event of conflicts between DART posted dates and dates on this
report.
The impacts sheet are based on steady-state hydraulic models assuming
recent operating flows,
conditions, and various
unit outages.",2026-08-06T19:57:49.000000Z,2026-08-06T19:57:49.000000Z,2026-08-07T14:00:00.000000Z,1,2026-08-06T05:00:00.000000Z,9e8be2d17442b5006a97718c5f0cdd0b26223c39fa7bf4ee8410708d8f2e7a81,https://pipeline2.kindermorgan.com/Notices/NoticeDetail.aspx?code=TGP&notc_nbr=403321,data/raw/km_tgp_notice_detail/2026/08/31/9e8be2d17442b5006a97718c5f0cdd0b26223c39fa7bf4ee8410708d8f2e7a81.html,km_tgp_notice_detail:1788185349328713000:9e8be2d17442b5006a97718c5f0cdd0b26223c39fa7bf4ee8410708d8f2e7a81
TGP,403883,8a00fb106eb509f74ad4588588989d5ee560ab20c109f7b4615f48b7910e5e13,,True,False,2026-08-31T14:43:42.363555Z,STORAGE,RESTRICTIONS,SUPERSEDE,403824,MONTHLY STORAGE TRANSFER REMINDER,"MONTHLY STORAGE TRANSFERS FOR SEPTEMBER 1,
2026
DART provides the ability for storage customers to
enter their own storage transfers online. The transfers must be confirmed
on or before the effective date. If you have a terminated or recalled
contract that needs the balance transferred to the base storage contract holder
or a new contract, these transfers need to be completed on or before the
first of the month.
For terminated storage contracts per the firm storage
rate schedule of the Tennessee Gas Pipeline tariff on First Revised Sheet No.
217, Section 11: “Shippers must withdraw or transfer its Storage Balance on
or before the date of the expiration of its FS Service Agreement. To the
extent that a Shipper fails to dispose of or transfer its entire Storage
Balance, Transporter shall retain and take title to Shipper's remaining Storage
Balance at no cost to Transporter.”
PLEASE NOTE:
When the first of the month falls on a weekend or holiday, any
small volume left on a terminated or recalled storage contract will be moved
for the customers by TGP to the new valid contract if requested by the customer
on the first business day following the weekend or holiday
provided that efforts have been made prior to the first and/or
holiday to transfer allocated balances prior to the weekend and/or holiday
before requesting TGP to move the remaining balance.
TENNESSEE
GAS PIPELINE WILL CONFISCATE ANY REMAINING BALANCE NOT TRANSFERRED OR REQUESTED
BY THE CUSTOMER TO BE TRANSFERRED ON TERMINATED FIRM STORAGE CONTRACTS.
Please contact your Primary Gas Scheduler if you need
procedures and/or help with your storage transfer.",2026-08-31T11:47:21.000000Z,2026-08-31T11:47:21.000000Z,2026-09-01T14:00:00.000000Z,1,2026-08-31T05:00:00.000000Z,7da9d3e04c78e0bdfb5633f21e222350add3f22f47b1169e44bad4340ffbcce9,https://pipeline2.kindermorgan.com/Notices/NoticeDetail.aspx?code=TGP&notc_nbr=403883,data/raw/km_tgp_notice_detail/2026/08/31/7da9d3e04c78e0bdfb5633f21e222350add3f22f47b1169e44bad4340ffbcce9.html,km_tgp_notice_detail:1788187422363555000:7da9d3e04c78e0bdfb5633f21e222350add3f22f47b1169e44bad4340ffbcce9
TGP,403877,1c98dea52d46306f8ccd4457280f1377ff195410ac4e81fa44b1ebb634a2c1a3,,True,False,2026-08-31T14:43:46.251790Z,PIPELINE CONDITIONS,CURRENT PIPELINE CONDITIONS,INITIATE,,RESTRICTIONS FOR 08-30-2026 ID3,"Effective Intraday 3 Cycle (22:00) for the gas day of Sunday,
August 30, 2026 Tennessee restricted the following:
OPERATIONAL FLOW ORDERS (OFO) AND IMBALANCE WARNINGS
OFO DAILY CRITICAL DAY
1 ON THE 500 lINE FROM STA 527 TO STA 542 FOR OVERTAKES from the system OR
UNDERDELIVERieS into the system FOR ALL LMPA, SA ACTING AS BALANCING PARTIES
AND LMMA BALANCING PARTIES
OFO DAILY CRITICAL DAY
1 FOR ALL AREAS EAST AND NORTH OF STA 219 FOR UNDERTAKES FROM THE SYSTEM OR
OVERDELIVERIES INTO THE SYSTEM FOR ALL LMPA, SA ACTING AS BALANCING PARTIES AND
LMMA BALANCING PARTIES
METER RESTRICTIONS
·
TET/TGP Dry Creek Sales Casey Delivery Meter (Pin 420886) -
through 100% of SOP increases due to operational concerns; 8,000 Dths
·
FGT/TGP Carnes Mississippi Stone Delivery Meter (Pin 420366) -
through 100% of PIP due to planned and unplanned maintenance
SEGMENT RESTRICTIONS
·
MLV 509 Muskrat Line (Segment 515 BH) - through 100% of SOP
increases due to nominations in excess of operational capacity; 4,494 Dths
LINEPACK RESTRICTIONS
PAYBACK NOMINATIONS
WILL BE EVALUATED AT EACH CYCLE AND SCHEDULED ONLY IF OPERATIONALLY FEASIBLE.
STORAGE RESTRICTIONS
No Authorized Overrun Injections
Services under Rate Schedule FS-AO at the following storage fields:
o Northern MA (460018) storage field
o Portland MA (460025) storage field
· No Interruptible Storage Injection
Services under Rate Schedule IS at the following storage fields:
o Northern MA (460018) storage field
· No Parks or Loan Paybacks under
Rate Schedule PAL utilizing the PALD service in Zones 4, 5 and 6
· No Parks or Loan Paybacks under
Rate Schedule PAL utilizing the PAL-AO service in Zones 4, 5 and 6
**PLEASE
NOTE MAXIMUM HOURLY ENTITLEMENTS (""MHE"") AND/OR ELAPSED PRO RATA
SCHEDULED QUANTITIES (""EPSQ"") WILL BE REVIEWED AND MAY BE ENFORCED AT
ANY METER DURING INTRADAY OR HOURLY CYCLES.
**FINAL
VOLUMES MAY CHANGE DUE TO SYSTEM BALANCING AND/OR CONFIRMATION REDUCTIONS.
**THE
OUTAGE AND MAINTENANCE SCHEDULE IS AVAILABLE IN EXCEL SPREADSHEET AND ADOBE
FORMATS WHICH MAY BE ACCESSED VIA A HYPERLINK UNDER NOTICES/PLANNED SERVICE
OUTAGES.
If you
have any questions, please contact your Scheduler.",2026-08-31T00:58:54.000000Z,2026-08-31T00:58:54.000000Z,2026-08-31T14:00:00.000000Z,1,2026-08-30T05:00:00.000000Z,54ca11e5e1a9df85cc1994767220b442e6752d508c9a4dedb0f76d3becf06c68,https://pipeline2.kindermorgan.com/Notices/NoticeDetail.aspx?code=TGP&notc_nbr=403877,data/raw/km_tgp_notice_detail/2026/08/31/54ca11e5e1a9df85cc1994767220b442e6752d508c9a4dedb0f76d3becf06c68.html,km_tgp_notice_detail:1788187426251790000:54ca11e5e1a9df85cc1994767220b442e6752d508c9a4dedb0f76d3becf06c68
TGP,403875,2db1a398b93ba2e7afa300a84ded10a44e4881a90f84d724d96f00389ea9199b,,True,False,2026-08-31T14:43:50.048900Z,PIPELINE CONDITIONS,CURRENT PIPELINE CONDITIONS,INITIATE,,RESTRICTIONS FOR 08-31-2026 EC,"Effective Evening
Cycle (9:00) for the gas day of Monday, August 31, 2026 Tennessee restricted
the following:
OPERATIONAL FLOW ORDERS (OFO) AND IMBALANCE WARNINGS
OFO DAILY CRITICAL DAY
1 ON THE 500 lINE FROM STA 527 TO STA 542 FOR OVERTAKES from the system OR
UNDERDELIVERieS into the SYSTEM FOR ALL LMPA, SA ACTING AS BALANCING PARTIES
AND LMMA BALANCING PARTIES
METER RESTRICTIONS
·
FGT/TGP Carnes Mississippi Stone Delivery Meter (Pin 420366) -
through 100% of PIP due to planned and unplanned maintenance
·
ATMOS-TX/TGP Katy Exch Waller Receipt Meter (Pin 412100) -
through 100% of SA increases due to nominations in excess of operational
capacity; 6,491 Dths
SEGMENT RESTRICTIONS
·
STA 534 South Of Pool (Segment 530 BH) - through 100% of SOP
increases due to scheduled maintenance and nominations in excess of operational
capacity; 450 Dths
·
STA 1 (Segment 101 BH) - through 100% of SOP increases due to
operational concerns; 92,245 Dths
·
STA 9 (Segment 109 BH) - through approx 7% of SOP increases due
to scheduled maintenance and nominations in excess of operational capacity;
6,535 Dths
·
MLV 509 Muskrat Line (Segment 515 BH) - through 100% of SOP
increases due to nominations in excess of operational capacity; 4,494 Dths
·
STA 860 (Segment 860 BH) - through PIP increases due to scheduled
maintenance and nominations in excess of operational capacity
·
STA 523 West (Segment 516 FH) - through 100% of SOP increases due
to nominations in excess of operational capacity; 19,952 Dths
·
STA 114 East (Segment 114 BH) - through PIP increases due to
force majeure
·
STA 204 (Segment 204 BH) - through 100% of SOP increases due to
scheduled maintenance and nominations in excess of operational capacity; 155
Dths
·
STA 307 (Segment 307 BH) - through 100% of SOP increases due to
nominations in excess of operational capacity; 378,652 Dths
·
MLV 314 East (Segment 314 BH) - through 100% of SOP increases due
to nominations in excess of operational capacity; 222,816 Dths
·
STA 315 (Segment 315 BH) - through 100% of SOP increases due to
nominations in excess of operational capacity; 360,999 Dths
·
STA 317 (Segment 317 BH) - through 100% of SOP increases due to
nominations in excess of operational capacity; 119,887 Dths
·
STA 321 (Segment 321 FH) - through 100% of SOP increases due to
operational concerns; 699,085 Dths
·
STA 325 (Segment 324 FH) - through 100% of SOP increases due to
scheduled maintenance and nominations in excess of operational capacity; 75,712
Dths
·
Z5 HC North (Segment 299 FH) - through approx 97% of SOP
increases due to nominations in excess of operational capacity; 203,551 Dths
·
STA 245 (Segment 245 FH) - through approx 84% of SOP increases
due to nominations in excess of operational capacity; 201,485 Dths
·
STA 249 (Segment 249 FH) - through approx 53% of SOP increases
due to nominations in excess of operational capacity; 72,977 Dths
·
STA 261 Discharge East (Segment 261 FH) - through approx 63% of
SOP increases due to scheduled maintenance and nominations in excess of
operational capacity; 26,793 Dths
·
MLV 273 (Segment 284 FH) - through 100% of SOP increases due to
nominations in excess of operational capacity; 258,878 Dths
LINEPACK RESTRICTIONS
PAYBACK NOMINATIONS
WILL BE EVALUATED AT EACH CYCLE AND SCHEDULED ONLY IF OPERATIONALLY FEASIBLE.
STORAGE RESTRICTIONS
No Authorized Overrun Injections
Services under Rate Schedule FS-AO at the following storage fields:
o Northern MA (460018) storage field
o Portland MA (460025) storage field
· No Interruptible Storage Injection
Services under Rate Schedule IS at the following storage fields:
o Northern MA (460018) storage field
· No Parks or Loan Paybacks under
Rate Schedule PAL utilizing the PALD service in Zones 4, 5 and 6
· No Parks or Loan Paybacks under
Rate Schedule PAL utilizing the PAL-AO service in Zones 4, 5 and 6
**PLEASE
NOTE MAXIMUM HOURLY ENTITLEMENTS (""MHE"") AND/OR ELAPSED PRO RATA
SCHEDULED QUANTITIES (""EPSQ"") WILL BE REVIEWED AND MAY BE ENFORCED AT
ANY METER DURING INTRADAY OR HOURLY CYCLES.
**FINAL
VOLUMES MAY CHANGE DUE TO SYSTEM BALANCING AND/OR CONFIRMATION REDUCTIONS.
**THE
OUTAGE AND MAINTENANCE SCHEDULE IS AVAILABLE IN EXCEL SPREADSHEET AND ADOBE
FORMATS WHICH MAY BE ACCESSED VIA A HYPERLINK UNDER NOTICES/PLANNED SERVICE
OUTAGES.
If you
have any questions, please contact your Scheduler.",2026-08-31T00:25:16.000000Z,2026-08-31T00:25:16.000000Z,2026-08-31T14:00:00.000000Z,1,2026-08-30T05:00:00.000000Z,faa12d7fadd1214830234f151ae1b4c7fbcc05fd6a9f70b8d4db0faf8dffbf0b,https://pipeline2.kindermorgan.com/Notices/NoticeDetail.aspx?code=TGP&notc_nbr=403875,data/raw/km_tgp_notice_detail/2026/08/31/faa12d7fadd1214830234f151ae1b4c7fbcc05fd6a9f70b8d4db0faf8dffbf0b.html,km_tgp_notice_detail:1788187430048900000:faa12d7fadd1214830234f151ae1b4c7fbcc05fd6a9f70b8d4db0faf8dffbf0b
TGP,403824,aa948c8c23a18f8c63ee5a1041e4f2a0fdadae5c3cb2e829db4c940e5602eefb,aa948c8c23a18f8c63ee5a1041e4f2a0fdadae5c3cb2e829db4c940e5602eefb,False,False,2026-08-31T14:43:53.898508Z,STORAGE,RESTRICTIONS,INITIATE,,MONTHLY STORAGE TRANSFER REMINDER,"MONTHLY STORAGE TRANSFERS FOR SEPTEMBER 1,
2026
DART provides the ability for storage customers to
enter their own storage transfers online. The transfers must be confirmed
on or before the effective date. If you have a terminated or recalled
contract that needs the balance transferred to the base storage contract holder
or a new contract, these transfers need to be completed on or before the
first of the month.
For terminated storage contracts per the firm storage
rate schedule of the Tennessee Gas Pipeline tariff on First Revised Sheet No.
217, Section 11: “Shippers must withdraw or transfer its Storage Balance on
or before the date of the expiration of its FS Service Agreement. To the
extent that a Shipper fails to dispose of or transfer its entire Storage
Balance, Transporter shall retain and take title to Shipper's remaining Storage
Balance at no cost to Transporter.”
PLEASE NOTE:
When the first of the month falls on a weekend or holiday, any
small volume left on a terminated or recalled storage contract will be moved
for the customers by TGP to the new valid contract if requested by the customer
on the first business day following the weekend or holiday
provided that efforts have been made prior to the first and/or
holiday to transfer allocated balances prior to the weekend and/or holiday
before requesting TGP to move the remaining balance.
TENNESSEE
GAS PIPELINE WILL CONFISCATE ANY REMAINING BALANCE NOT TRANSFERRED OR REQUESTED
BY THE CUSTOMER TO BE TRANSFERRED ON TERMINATED FIRM STORAGE CONTRACTS.
Please contact your Primary Gas Scheduler if you need
procedures and/or help with your storage transfer.",2026-08-28T14:27:08.000000Z,2026-08-28T14:27:08.000000Z,2026-08-29T14:00:00.000000Z,1,2026-08-28T05:00:00.000000Z,4444b8622a8d42f8bfa6aeed76fd93dc8d977d584dacf69bc7d02e72102f07bd,https://pipeline2.kindermorgan.com/Notices/NoticeDetail.aspx?code=TGP&notc_nbr=403824,data/raw/km_tgp_notice_detail/2026/08/31/4444b8622a8d42f8bfa6aeed76fd93dc8d977d584dacf69bc7d02e72102f07bd.html,km_tgp_notice_detail:1788187433898508000:4444b8622a8d42f8bfa6aeed76fd93dc8d977d584dacf69bc7d02e72102f07bd
TGP,403823,1ce9d164340cd15e9f3a0ecb3b2f988a1499f135dc6c96a629d15d089b7bd090,1ce9d164340cd15e9f3a0ecb3b2f988a1499f135dc6c96a629d15d089b7bd090,False,False,2026-08-31T14:43:57.990680Z,OPERATIONAL FLOW ORDER,OFO,INITIATE,,OFO DAILY CD1 DS219 EFF 8-29 LIFTED 8-31,"OFO DAILY CRITICAL DAY 1 EFFECTIVE 8-29-2026
Due to forecasted milder weather with associated lesser demand
moving into the Northeast areas of its system, in order to protect the
operational integrity of its system, effective for the Gas Day (“GD”)
of Saturday, August 29, 2026 Tennessee Gas Pipeline Company, L.L.C. (“Tennessee”)
is implementing an OFO Daily Critical Day (“CD”) 1 for all areas East
of STA 219 for over-deliveries into the system or under-takes out of the system
pursuant to Article X of the General Terms and Conditions of Tennessee's
FERC NGA Gas Tariff. Tennessee is lifting the OFO Daily Critical Day 1 for
all areas East of STA 219 effective for the Gas Day of Monday, August 31, 2026
and until further notice.
This OFO will be effective for LMS-PA, SA contracts
acting as balancing parties and LMS-MA Balancing Parties only.
Please refer to the table below for the affected areas
and dates, and the actions required:
Zone
GD 8-28-26
GD 8-29-26 – 8-30-2026
GD 8-31-26 and until further notice
Zone 0
No OFO
No OFO
No OFO
Zone L
Critical Day 1
500 Line Only
(Includes Segments 527, 529, 530 Only)
·
Receipts do not underdeliver
·
Deliveries do not overtake
Critical Day 1
500 Line Only
(Includes Segments 527, 529, 530 Only)
·
Receipts do not underdeliver
·
Deliveries do not overtake
Critical Day 1
500 Line Only
(Includes Segments 527, 529, 530 Only)
·
Receipts do not underdeliver
·
Deliveries do not overtake
Zone 1
Critical Day 1
500 Line Only
(Includes Segments 534, 539 Only)
·
Receipts do not underdeliver
·
Deliveries do not overtake
Critical Day 1
500 Line Only
(Includes Segments 534, 539 Only)
·
Receipts do not underdeliver
·
Deliveries do not overtake
Critical Day 1
500 Line Only
(Includes Segments 534, 539 Only)
·
Receipts do not underdeliver
·
Deliveries do not overtake
Zone 2
No OFO
No OFO
No OFO
Zone 3
No OFO
No OFO
No OFO
Zone 4
No OFO
Critical Day 1
All Areas East and North of STA 219 Only
·
Receipts do not overdeliver
·
Deliveries do not undertake
No OFO
Zone 5
No OFO
Critical Day 1
All Areas
·
Receipts do not overdeliver
·
Deliveries do not undertake
No OFO
Zone 6
No OFO
Critical Day 1
All Areas
·
Receipts do not overdeliver
·
Deliveries do not undertake
No OFO
CD 1 PENALTY: $5.00
+ applicable Regional Daily Spot Price per Dth for quantities in excess of the
tolerance
CD 1 TOLERANCE: Greater of 2% of scheduled quantities or 500 Dth
Balancing between OBA points in separate pipeline
regions or across meters not located in the OFO area will not be permitted.
In the event this OFO is not sufficient to maintain
the operational integrity of its system, Tennessee may escalate to calling a
Critical Day II, a Balancing Alert, Meter Specific OFO(s) or Hourly OFO(s), or
taking any other actions that may be permitted or required by Tennessee's
Tariff.
Please contact your Scheduling Representative if you
have any questions.",2026-08-28T11:48:40.000000Z,2026-08-28T11:48:40.000000Z,2026-08-29T14:00:00.000000Z,1,2026-08-28T05:00:00.000000Z,0be7addbb40962138240d3793f2c799d96e781f57d97bc0d304f3ba624e60fcd,https://pipeline2.kindermorgan.com/Notices/NoticeDetail.aspx?code=TGP&notc_nbr=403823,data/raw/km_tgp_notice_detail/2026/08/31/0be7addbb40962138240d3793f2c799d96e781f57d97bc0d304f3ba624e60fcd.html,km_tgp_notice_detail:1788187437990680000:0be7addbb40962138240d3793f2c799d96e781f57d97bc0d304f3ba624e60fcd
TGP,403816,ea79cd60081c144544ef997f2a7c7fd228a831fccba87ebea45ac0f2706471dd,ea79cd60081c144544ef997f2a7c7fd228a831fccba87ebea45ac0f2706471dd,False,False,2026-08-31T14:44:02.203178Z,PIPELINE CONDITIONS,CURRENT PIPELINE CONDITIONS,INITIATE,,RESTRICTIONS FOR 08-27-2026 ID3,"Effective Intraday 3 Cycle (22:00) for the gas day of Thursday,
August 27, 2026 Tennessee restricted the following:
OPERATIONAL FLOW ORDERS (OFO) AND IMBALANCE WARNINGS
OFO DAILY CRITICAL DAY
1 ON THE 500 lINE FROM STA 527 TO STA 542 FOR OVERTAKES from the system OR
UNDERDELIVERieS into the system FOR ALL LMPA, SA ACTING AS BALANCING PARTIES
AND LMMA BALANCING PARTIES
SEGMENT RESTRICTIONS
·
STA 534 South Of Pool (Segment 530 BH) - through 100% of SOP
increases due to scheduled maintenance and nominations in excess of operational
capacity; 450 Dths
·
MLV 509 Muskrat Line (Segment 515 BH) - through 100% of SOP
increases due to nominations in excess of operational capacity; 4,494 Dths
·
Z5 HC North (Segment 299 FH) - through approx 24% of SOP
increases due to nominations in excess of operational capacity; 13,614 Dths
·
MLV 273 (Segment 284 FH) - through 100% of IT increases due to
nominations in excess of operational capacity; 5,156 Dths
LINEPACK RESTRICTIONS
Payback nominations
will be evaluated at each cycle and scheduled only if operationally feasible.
STORAGE RESTRICTIONS
NONE
**PLEASE
NOTE MAXIMUM HOURLY ENTITLEMENTS (""MHE"") AND/OR ELAPSED PRO RATA
SCHEDULED QUANTITIES (""EPSQ"") WILL BE REVIEWED AND MAY BE ENFORCED AT
ANY METER DURING INTRADAY OR HOURLY CYCLES.
**FINAL
VOLUMES MAY CHANGE DUE TO SYSTEM BALANCING AND/OR CONFIRMATION REDUCTIONS.
**THE
OUTAGE AND MAINTENANCE SCHEDULE IS AVAILABLE IN EXCEL SPREADSHEET AND ADOBE
FORMATS WHICH MAY BE ACCESSED VIA A HYPERLINK UNDER NOTICES/PLANNED SERVICE
OUTAGES.
If you
have any questions, please contact your Scheduler.",2026-08-28T00:52:25.000000Z,2026-08-28T00:52:25.000000Z,2026-08-28T14:00:00.000000Z,1,2026-08-27T05:00:00.000000Z,63dae7ab77a0d7f6d64ecde812e3f9caff7e1506aee001b42d86eb888a76bb1c,https://pipeline2.kindermorgan.com/Notices/NoticeDetail.aspx?code=TGP&notc_nbr=403816,data/raw/km_tgp_notice_detail/2026/08/31/63dae7ab77a0d7f6d64ecde812e3f9caff7e1506aee001b42d86eb888a76bb1c.html,km_tgp_notice_detail:1788187442203178000:63dae7ab77a0d7f6d64ecde812e3f9caff7e1506aee001b42d86eb888a76bb1c
