assessment_id,report_notice_id,report_updated_on,period_start,period_end,station_label,operator_segment_id,outage_flow_direction,capacity_flow_direction,tgp_zone,capacity_location_name,baseline_gas_day,baseline_cycle,baseline_operating_capacity_dth_per_day,baseline_scheduled_quantity_dth_per_day,baseline_available_capacity_dth_per_day,forecast_nominal_capacity_dth_per_day,forecast_operating_capacity_dth_per_day,gross_reduction_dth_per_day,conditional_scheduled_shortfall_dth_per_day,forecast_headroom_vs_baseline_schedule_dth_per_day,baseline_timing,match_method,research_status,price_mapping_status,price_mapping_reason,benchmark_reference_url,unresolved_reasons_json,evidence_json,calculated_at_utc,report_artifact_id,capacity_artifact_id
tgp-impact:3a5887893a559a42ae4dabb0d220eabdefb94b8f0de7a03b51ba388ee21a0bd3,403802,2026-08-27,2026-09-14,2026-09-20,Station 860 (segment 548 BH),548,BH,TD2,Z1,STA 860 SOUTH 500 LINE,2026-08-31,EVENING,1390000,1412867,0,1593000,725000,868000,687867,0,pre_event,normalized_name,research_scenario,unresolved,"No licensed regional basis observations or exact TGP leg-to-contract mapping are loaded. Henry Hub NG is a national benchmark, not direct evidence of this TGP event's price exposure.",https://www.cmegroup.com/markets/energy/natural-gas/natural-gas.html,"[""Future nominations and rerouting are not observed; the shortfall assumes the captured schedule is unchanged.""]","{""calculation"": ""max(0, baseline scheduled quantity - forecast operating capacity)"", ""capacity_artifact_id"": ""km_tgp_segment_capacity:1788198122755547000:8fdc5140c4927947e235a62aa64289aad62f3fa51c867ee8ed2458e198852ac1"", ""capacity_run_id"": ""d79f586d-160a-47d8-9546-69b566a24dbc"", ""capacity_source_age_hours_at_calculation"": 15.92, ""direction_mapping"": {""capacity"": ""TD2"", ""forecast"": ""BH"", ""method"": ""FH=operator default direction=TD1; BH=opposite direction=TD2"", ""operator_direction_notice_url"": ""https://pipeline2.kindermorgan.com/Notices/NoticeDetail.aspx?code=TGP&notc_nbr=363144"", ""operator_segment_map_url"": ""https://pipeline2.kindermorgan.com/Documents/TGP/TGP_Segment_-_Pin_Map-20260721125239.pdf""}, ""interpretation"": ""Conditional scheduled shortfall if the captured net schedule holds; not physical flow, curtailment, or a price prediction."", ""operator_capacity_caveat"": ""Flow Indicator (Flow Ind)\n\nTD1 - Flow in the direction as shown on the pipeline segment map.\n\nTD2 - Flow in the opposite direction shown on the pipeline segment map.\n\n1) Design Capacity generally reflects the physical capacity of a segment as determined by a capacity model utilizing current contractual receipt/delivery quantities and a reasonable set of engineering assumptions and parameters.\n2) Design Capacity may be updated periodically to reflect changes in contractual receipt/delivery patterns, paths that do not utilize the entire segment and/or capacity modeling parameters.\n3) Operationally Available Capacity may be updated throughout the day to account for changes including, but not limited to: netting of bidirectional nominations, partial segment path nominations, storage swing services, exchanges, facility outages, and imbalance management.\n4) Total Scheduled Quantity is the resulting scheduled volume after netting scheduled volumes in both flow directions.\u00a0 This quantity for each segment is displayed only in the resulting net physical flow direction of the segment.\u00a0 Opposite of the physical flow direction will display a quantity of zero although there could be volumes scheduled. For further explanation, contact your Scheduling Representative. \u00a0\u00a0\n5) The net Total Scheduled Quantity may result in a quantity different than Operating Capacity due to the confirmation process after scheduling.\n6) Operating Capacity may be different than Design Capacity based on the periodic, non-permanent anticipated or observed operational pipeline conditions including, but not limited to: higher or lower average thermal content of the gas, higher or lower pressure from interconnecting pipelines, on-going maintenance, etc.\n7) Operating Capacity may be greater than the Design Capacity of the segment to accommodate scheduling of services that contain rights to multiple, redundant firm transportation paths which can be served entirely or in part through an alternate physical path.\n8) The IT Indicator shows whether gas has been scheduled under any interruptible service."", ""report_artifact_id"": ""km_tgp_notice_detail:1788197456279496000:cc4e15187816ef531b2c0d32f54f0c4fc2731bd4f14670beb540a5551574d909""}",2026-08-31T17:42:15.945168Z,km_tgp_notice_detail:1788197456279496000:cc4e15187816ef531b2c0d32f54f0c4fc2731bd4f14670beb540a5551574d909,km_tgp_segment_capacity:1788198122755547000:8fdc5140c4927947e235a62aa64289aad62f3fa51c867ee8ed2458e198852ac1
tgp-impact:ef276ef0f7cc3903001956a32a9467d235ccc2b325287ae27b737754149a4b75,403802,2026-08-27,2026-09-07,2026-09-13,Station 313 Discharge (segment 399 FH),399,FH,TD1,Z4,STA 313 HC LINE Z4 END,2026-08-31,EVENING,797050,734703,62347,797000,220000,577000,514703,0,pre_event,station_number,research_scenario,unresolved,"No licensed regional basis observations or exact TGP leg-to-contract mapping are loaded. Henry Hub NG is a national benchmark, not direct evidence of this TGP event's price exposure.",https://www.cmegroup.com/markets/energy/natural-gas/natural-gas.html,"[""Future nominations and rerouting are not observed; the shortfall assumes the captured schedule is unchanged.""]","{""calculation"": ""max(0, baseline scheduled quantity - forecast operating capacity)"", ""capacity_artifact_id"": ""km_tgp_segment_capacity:1788198122755547000:8fdc5140c4927947e235a62aa64289aad62f3fa51c867ee8ed2458e198852ac1"", ""capacity_run_id"": ""d79f586d-160a-47d8-9546-69b566a24dbc"", ""capacity_source_age_hours_at_calculation"": 15.92, ""direction_mapping"": {""capacity"": ""TD1"", ""forecast"": ""FH"", ""method"": ""FH=operator default direction=TD1; BH=opposite direction=TD2"", ""operator_direction_notice_url"": ""https://pipeline2.kindermorgan.com/Notices/NoticeDetail.aspx?code=TGP&notc_nbr=363144"", ""operator_segment_map_url"": ""https://pipeline2.kindermorgan.com/Documents/TGP/TGP_Segment_-_Pin_Map-20260721125239.pdf""}, ""interpretation"": ""Conditional scheduled shortfall if the captured net schedule holds; not physical flow, curtailment, or a price prediction."", ""operator_capacity_caveat"": ""Flow Indicator (Flow Ind)\n\nTD1 - Flow in the direction as shown on the pipeline segment map.\n\nTD2 - Flow in the opposite direction shown on the pipeline segment map.\n\n1) Design Capacity generally reflects the physical capacity of a segment as determined by a capacity model utilizing current contractual receipt/delivery quantities and a reasonable set of engineering assumptions and parameters.\n2) Design Capacity may be updated periodically to reflect changes in contractual receipt/delivery patterns, paths that do not utilize the entire segment and/or capacity modeling parameters.\n3) Operationally Available Capacity may be updated throughout the day to account for changes including, but not limited to: netting of bidirectional nominations, partial segment path nominations, storage swing services, exchanges, facility outages, and imbalance management.\n4) Total Scheduled Quantity is the resulting scheduled volume after netting scheduled volumes in both flow directions.\u00a0 This quantity for each segment is displayed only in the resulting net physical flow direction of the segment.\u00a0 Opposite of the physical flow direction will display a quantity of zero although there could be volumes scheduled. For further explanation, contact your Scheduling Representative. \u00a0\u00a0\n5) The net Total Scheduled Quantity may result in a quantity different than Operating Capacity due to the confirmation process after scheduling.\n6) Operating Capacity may be different than Design Capacity based on the periodic, non-permanent anticipated or observed operational pipeline conditions including, but not limited to: higher or lower average thermal content of the gas, higher or lower pressure from interconnecting pipelines, on-going maintenance, etc.\n7) Operating Capacity may be greater than the Design Capacity of the segment to accommodate scheduling of services that contain rights to multiple, redundant firm transportation paths which can be served entirely or in part through an alternate physical path.\n8) The IT Indicator shows whether gas has been scheduled under any interruptible service."", ""report_artifact_id"": ""km_tgp_notice_detail:1788197456279496000:cc4e15187816ef531b2c0d32f54f0c4fc2731bd4f14670beb540a5551574d909""}",2026-08-31T17:42:15.945168Z,km_tgp_notice_detail:1788197456279496000:cc4e15187816ef531b2c0d32f54f0c4fc2731bd4f14670beb540a5551574d909,km_tgp_segment_capacity:1788198122755547000:8fdc5140c4927947e235a62aa64289aad62f3fa51c867ee8ed2458e198852ac1
tgp-impact:260e004d22198371cae4f85675defe344bd7e587b8b636ae33fff3295598f586,403802,2026-08-27,2026-09-14,2026-09-20,Station 313 Discharge (segment 399 FH),399,FH,TD1,Z4,STA 313 HC LINE Z4 END,2026-08-31,EVENING,797050,734703,62347,797000,220000,577000,514703,0,pre_event,station_number,research_scenario,unresolved,"No licensed regional basis observations or exact TGP leg-to-contract mapping are loaded. Henry Hub NG is a national benchmark, not direct evidence of this TGP event's price exposure.",https://www.cmegroup.com/markets/energy/natural-gas/natural-gas.html,"[""Future nominations and rerouting are not observed; the shortfall assumes the captured schedule is unchanged.""]","{""calculation"": ""max(0, baseline scheduled quantity - forecast operating capacity)"", ""capacity_artifact_id"": ""km_tgp_segment_capacity:1788198122755547000:8fdc5140c4927947e235a62aa64289aad62f3fa51c867ee8ed2458e198852ac1"", ""capacity_run_id"": ""d79f586d-160a-47d8-9546-69b566a24dbc"", ""capacity_source_age_hours_at_calculation"": 15.92, ""direction_mapping"": {""capacity"": ""TD1"", ""forecast"": ""FH"", ""method"": ""FH=operator default direction=TD1; BH=opposite direction=TD2"", ""operator_direction_notice_url"": ""https://pipeline2.kindermorgan.com/Notices/NoticeDetail.aspx?code=TGP&notc_nbr=363144"", ""operator_segment_map_url"": ""https://pipeline2.kindermorgan.com/Documents/TGP/TGP_Segment_-_Pin_Map-20260721125239.pdf""}, ""interpretation"": ""Conditional scheduled shortfall if the captured net schedule holds; not physical flow, curtailment, or a price prediction."", ""operator_capacity_caveat"": ""Flow Indicator (Flow Ind)\n\nTD1 - Flow in the direction as shown on the pipeline segment map.\n\nTD2 - Flow in the opposite direction shown on the pipeline segment map.\n\n1) Design Capacity generally reflects the physical capacity of a segment as determined by a capacity model utilizing current contractual receipt/delivery quantities and a reasonable set of engineering assumptions and parameters.\n2) Design Capacity may be updated periodically to reflect changes in contractual receipt/delivery patterns, paths that do not utilize the entire segment and/or capacity modeling parameters.\n3) Operationally Available Capacity may be updated throughout the day to account for changes including, but not limited to: netting of bidirectional nominations, partial segment path nominations, storage swing services, exchanges, facility outages, and imbalance management.\n4) Total Scheduled Quantity is the resulting scheduled volume after netting scheduled volumes in both flow directions.\u00a0 This quantity for each segment is displayed only in the resulting net physical flow direction of the segment.\u00a0 Opposite of the physical flow direction will display a quantity of zero although there could be volumes scheduled. For further explanation, contact your Scheduling Representative. \u00a0\u00a0\n5) The net Total Scheduled Quantity may result in a quantity different than Operating Capacity due to the confirmation process after scheduling.\n6) Operating Capacity may be different than Design Capacity based on the periodic, non-permanent anticipated or observed operational pipeline conditions including, but not limited to: higher or lower average thermal content of the gas, higher or lower pressure from interconnecting pipelines, on-going maintenance, etc.\n7) Operating Capacity may be greater than the Design Capacity of the segment to accommodate scheduling of services that contain rights to multiple, redundant firm transportation paths which can be served entirely or in part through an alternate physical path.\n8) The IT Indicator shows whether gas has been scheduled under any interruptible service."", ""report_artifact_id"": ""km_tgp_notice_detail:1788197456279496000:cc4e15187816ef531b2c0d32f54f0c4fc2731bd4f14670beb540a5551574d909""}",2026-08-31T17:42:15.945168Z,km_tgp_notice_detail:1788197456279496000:cc4e15187816ef531b2c0d32f54f0c4fc2731bd4f14670beb540a5551574d909,km_tgp_segment_capacity:1788198122755547000:8fdc5140c4927947e235a62aa64289aad62f3fa51c867ee8ed2458e198852ac1
tgp-impact:97e6e3dd5ddfdcac0cf064fd4d94d2527358f1f0cfd0a05ad02f2438c5443fe2,403802,2026-08-27,2026-09-28,2026-10-04,Station 204 (Segment 204 BH),204,BH,TD2,Z4,STA 204,2026-08-31,EVENING,1795000,1755372,39628,1828000,1375000,453000,380372,0,pre_event,normalized_name,research_scenario,unresolved,"No licensed regional basis observations or exact TGP leg-to-contract mapping are loaded. Henry Hub NG is a national benchmark, not direct evidence of this TGP event's price exposure.",https://www.cmegroup.com/markets/energy/natural-gas/natural-gas.html,"[""Future nominations and rerouting are not observed; the shortfall assumes the captured schedule is unchanged.""]","{""calculation"": ""max(0, baseline scheduled quantity - forecast operating capacity)"", ""capacity_artifact_id"": ""km_tgp_segment_capacity:1788198122755547000:8fdc5140c4927947e235a62aa64289aad62f3fa51c867ee8ed2458e198852ac1"", ""capacity_run_id"": ""d79f586d-160a-47d8-9546-69b566a24dbc"", ""capacity_source_age_hours_at_calculation"": 15.92, ""direction_mapping"": {""capacity"": ""TD2"", ""forecast"": ""BH"", ""method"": ""FH=operator default direction=TD1; BH=opposite direction=TD2"", ""operator_direction_notice_url"": ""https://pipeline2.kindermorgan.com/Notices/NoticeDetail.aspx?code=TGP&notc_nbr=363144"", ""operator_segment_map_url"": ""https://pipeline2.kindermorgan.com/Documents/TGP/TGP_Segment_-_Pin_Map-20260721125239.pdf""}, ""interpretation"": ""Conditional scheduled shortfall if the captured net schedule holds; not physical flow, curtailment, or a price prediction."", ""operator_capacity_caveat"": ""Flow Indicator (Flow Ind)\n\nTD1 - Flow in the direction as shown on the pipeline segment map.\n\nTD2 - Flow in the opposite direction shown on the pipeline segment map.\n\n1) Design Capacity generally reflects the physical capacity of a segment as determined by a capacity model utilizing current contractual receipt/delivery quantities and a reasonable set of engineering assumptions and parameters.\n2) Design Capacity may be updated periodically to reflect changes in contractual receipt/delivery patterns, paths that do not utilize the entire segment and/or capacity modeling parameters.\n3) Operationally Available Capacity may be updated throughout the day to account for changes including, but not limited to: netting of bidirectional nominations, partial segment path nominations, storage swing services, exchanges, facility outages, and imbalance management.\n4) Total Scheduled Quantity is the resulting scheduled volume after netting scheduled volumes in both flow directions.\u00a0 This quantity for each segment is displayed only in the resulting net physical flow direction of the segment.\u00a0 Opposite of the physical flow direction will display a quantity of zero although there could be volumes scheduled. For further explanation, contact your Scheduling Representative. \u00a0\u00a0\n5) The net Total Scheduled Quantity may result in a quantity different than Operating Capacity due to the confirmation process after scheduling.\n6) Operating Capacity may be different than Design Capacity based on the periodic, non-permanent anticipated or observed operational pipeline conditions including, but not limited to: higher or lower average thermal content of the gas, higher or lower pressure from interconnecting pipelines, on-going maintenance, etc.\n7) Operating Capacity may be greater than the Design Capacity of the segment to accommodate scheduling of services that contain rights to multiple, redundant firm transportation paths which can be served entirely or in part through an alternate physical path.\n8) The IT Indicator shows whether gas has been scheduled under any interruptible service."", ""report_artifact_id"": ""km_tgp_notice_detail:1788197456279496000:cc4e15187816ef531b2c0d32f54f0c4fc2731bd4f14670beb540a5551574d909""}",2026-08-31T17:42:15.945168Z,km_tgp_notice_detail:1788197456279496000:cc4e15187816ef531b2c0d32f54f0c4fc2731bd4f14670beb540a5551574d909,km_tgp_segment_capacity:1788198122755547000:8fdc5140c4927947e235a62aa64289aad62f3fa51c867ee8ed2458e198852ac1
tgp-impact:a60ffe66dc878b9f989692e5dee558be8acb07321fe09288390d75a9f21836a9,403802,2026-08-27,2026-10-05,2026-10-11,Station 307 (segment 307 BH),307,BH,TD2,Z4,STA 307,2026-08-31,EVENING,1153418,1041527,111891,1153000,695000,458000,346527,0,pre_event,normalized_name,research_scenario,unresolved,"No licensed regional basis observations or exact TGP leg-to-contract mapping are loaded. Henry Hub NG is a national benchmark, not direct evidence of this TGP event's price exposure.",https://www.cmegroup.com/markets/energy/natural-gas/natural-gas.html,"[""Future nominations and rerouting are not observed; the shortfall assumes the captured schedule is unchanged.""]","{""calculation"": ""max(0, baseline scheduled quantity - forecast operating capacity)"", ""capacity_artifact_id"": ""km_tgp_segment_capacity:1788198122755547000:8fdc5140c4927947e235a62aa64289aad62f3fa51c867ee8ed2458e198852ac1"", ""capacity_run_id"": ""d79f586d-160a-47d8-9546-69b566a24dbc"", ""capacity_source_age_hours_at_calculation"": 15.92, ""direction_mapping"": {""capacity"": ""TD2"", ""forecast"": ""BH"", ""method"": ""FH=operator default direction=TD1; BH=opposite direction=TD2"", ""operator_direction_notice_url"": ""https://pipeline2.kindermorgan.com/Notices/NoticeDetail.aspx?code=TGP&notc_nbr=363144"", ""operator_segment_map_url"": ""https://pipeline2.kindermorgan.com/Documents/TGP/TGP_Segment_-_Pin_Map-20260721125239.pdf""}, ""interpretation"": ""Conditional scheduled shortfall if the captured net schedule holds; not physical flow, curtailment, or a price prediction."", ""operator_capacity_caveat"": ""Flow Indicator (Flow Ind)\n\nTD1 - Flow in the direction as shown on the pipeline segment map.\n\nTD2 - Flow in the opposite direction shown on the pipeline segment map.\n\n1) Design Capacity generally reflects the physical capacity of a segment as determined by a capacity model utilizing current contractual receipt/delivery quantities and a reasonable set of engineering assumptions and parameters.\n2) Design Capacity may be updated periodically to reflect changes in contractual receipt/delivery patterns, paths that do not utilize the entire segment and/or capacity modeling parameters.\n3) Operationally Available Capacity may be updated throughout the day to account for changes including, but not limited to: netting of bidirectional nominations, partial segment path nominations, storage swing services, exchanges, facility outages, and imbalance management.\n4) Total Scheduled Quantity is the resulting scheduled volume after netting scheduled volumes in both flow directions.\u00a0 This quantity for each segment is displayed only in the resulting net physical flow direction of the segment.\u00a0 Opposite of the physical flow direction will display a quantity of zero although there could be volumes scheduled. For further explanation, contact your Scheduling Representative. \u00a0\u00a0\n5) The net Total Scheduled Quantity may result in a quantity different than Operating Capacity due to the confirmation process after scheduling.\n6) Operating Capacity may be different than Design Capacity based on the periodic, non-permanent anticipated or observed operational pipeline conditions including, but not limited to: higher or lower average thermal content of the gas, higher or lower pressure from interconnecting pipelines, on-going maintenance, etc.\n7) Operating Capacity may be greater than the Design Capacity of the segment to accommodate scheduling of services that contain rights to multiple, redundant firm transportation paths which can be served entirely or in part through an alternate physical path.\n8) The IT Indicator shows whether gas has been scheduled under any interruptible service."", ""report_artifact_id"": ""km_tgp_notice_detail:1788197456279496000:cc4e15187816ef531b2c0d32f54f0c4fc2731bd4f14670beb540a5551574d909""}",2026-08-31T17:42:15.945168Z,km_tgp_notice_detail:1788197456279496000:cc4e15187816ef531b2c0d32f54f0c4fc2731bd4f14670beb540a5551574d909,km_tgp_segment_capacity:1788198122755547000:8fdc5140c4927947e235a62aa64289aad62f3fa51c867ee8ed2458e198852ac1
tgp-impact:3533066cca02118eacf66a706b2d67c3d89b8419604e37238fae1d21c9645348,403802,2026-08-27,2026-11-09,2026-11-15,Station 204 (Segment 204 BH),204,BH,TD2,Z4,STA 204,2026-08-31,EVENING,1795000,1755372,39628,1888000,1425000,463000,330372,0,pre_event,normalized_name,research_scenario,unresolved,"No licensed regional basis observations or exact TGP leg-to-contract mapping are loaded. Henry Hub NG is a national benchmark, not direct evidence of this TGP event's price exposure.",https://www.cmegroup.com/markets/energy/natural-gas/natural-gas.html,"[""Future nominations and rerouting are not observed; the shortfall assumes the captured schedule is unchanged.""]","{""calculation"": ""max(0, baseline scheduled quantity - forecast operating capacity)"", ""capacity_artifact_id"": ""km_tgp_segment_capacity:1788198122755547000:8fdc5140c4927947e235a62aa64289aad62f3fa51c867ee8ed2458e198852ac1"", ""capacity_run_id"": ""d79f586d-160a-47d8-9546-69b566a24dbc"", ""capacity_source_age_hours_at_calculation"": 15.92, ""direction_mapping"": {""capacity"": ""TD2"", ""forecast"": ""BH"", ""method"": ""FH=operator default direction=TD1; BH=opposite direction=TD2"", ""operator_direction_notice_url"": ""https://pipeline2.kindermorgan.com/Notices/NoticeDetail.aspx?code=TGP&notc_nbr=363144"", ""operator_segment_map_url"": ""https://pipeline2.kindermorgan.com/Documents/TGP/TGP_Segment_-_Pin_Map-20260721125239.pdf""}, ""interpretation"": ""Conditional scheduled shortfall if the captured net schedule holds; not physical flow, curtailment, or a price prediction."", ""operator_capacity_caveat"": ""Flow Indicator (Flow Ind)\n\nTD1 - Flow in the direction as shown on the pipeline segment map.\n\nTD2 - Flow in the opposite direction shown on the pipeline segment map.\n\n1) Design Capacity generally reflects the physical capacity of a segment as determined by a capacity model utilizing current contractual receipt/delivery quantities and a reasonable set of engineering assumptions and parameters.\n2) Design Capacity may be updated periodically to reflect changes in contractual receipt/delivery patterns, paths that do not utilize the entire segment and/or capacity modeling parameters.\n3) Operationally Available Capacity may be updated throughout the day to account for changes including, but not limited to: netting of bidirectional nominations, partial segment path nominations, storage swing services, exchanges, facility outages, and imbalance management.\n4) Total Scheduled Quantity is the resulting scheduled volume after netting scheduled volumes in both flow directions.\u00a0 This quantity for each segment is displayed only in the resulting net physical flow direction of the segment.\u00a0 Opposite of the physical flow direction will display a quantity of zero although there could be volumes scheduled. For further explanation, contact your Scheduling Representative. \u00a0\u00a0\n5) The net Total Scheduled Quantity may result in a quantity different than Operating Capacity due to the confirmation process after scheduling.\n6) Operating Capacity may be different than Design Capacity based on the periodic, non-permanent anticipated or observed operational pipeline conditions including, but not limited to: higher or lower average thermal content of the gas, higher or lower pressure from interconnecting pipelines, on-going maintenance, etc.\n7) Operating Capacity may be greater than the Design Capacity of the segment to accommodate scheduling of services that contain rights to multiple, redundant firm transportation paths which can be served entirely or in part through an alternate physical path.\n8) The IT Indicator shows whether gas has been scheduled under any interruptible service."", ""report_artifact_id"": ""km_tgp_notice_detail:1788197456279496000:cc4e15187816ef531b2c0d32f54f0c4fc2731bd4f14670beb540a5551574d909""}",2026-08-31T17:42:15.945168Z,km_tgp_notice_detail:1788197456279496000:cc4e15187816ef531b2c0d32f54f0c4fc2731bd4f14670beb540a5551574d909,km_tgp_segment_capacity:1788198122755547000:8fdc5140c4927947e235a62aa64289aad62f3fa51c867ee8ed2458e198852ac1
tgp-impact:ac324d14eb04bd5ba7178eccc5382cd52b12e318c120db706ca62ee384a854d3,403802,2026-08-27,2026-11-16,2026-11-22,Station 204 (Segment 204 BH),204,BH,TD2,Z4,STA 204,2026-08-31,EVENING,1795000,1755372,39628,1888000,1425000,463000,330372,0,pre_event,normalized_name,research_scenario,unresolved,"No licensed regional basis observations or exact TGP leg-to-contract mapping are loaded. Henry Hub NG is a national benchmark, not direct evidence of this TGP event's price exposure.",https://www.cmegroup.com/markets/energy/natural-gas/natural-gas.html,"[""Future nominations and rerouting are not observed; the shortfall assumes the captured schedule is unchanged.""]","{""calculation"": ""max(0, baseline scheduled quantity - forecast operating capacity)"", ""capacity_artifact_id"": ""km_tgp_segment_capacity:1788198122755547000:8fdc5140c4927947e235a62aa64289aad62f3fa51c867ee8ed2458e198852ac1"", ""capacity_run_id"": ""d79f586d-160a-47d8-9546-69b566a24dbc"", ""capacity_source_age_hours_at_calculation"": 15.92, ""direction_mapping"": {""capacity"": ""TD2"", ""forecast"": ""BH"", ""method"": ""FH=operator default direction=TD1; BH=opposite direction=TD2"", ""operator_direction_notice_url"": ""https://pipeline2.kindermorgan.com/Notices/NoticeDetail.aspx?code=TGP&notc_nbr=363144"", ""operator_segment_map_url"": ""https://pipeline2.kindermorgan.com/Documents/TGP/TGP_Segment_-_Pin_Map-20260721125239.pdf""}, ""interpretation"": ""Conditional scheduled shortfall if the captured net schedule holds; not physical flow, curtailment, or a price prediction."", ""operator_capacity_caveat"": ""Flow Indicator (Flow Ind)\n\nTD1 - Flow in the direction as shown on the pipeline segment map.\n\nTD2 - Flow in the opposite direction shown on the pipeline segment map.\n\n1) Design Capacity generally reflects the physical capacity of a segment as determined by a capacity model utilizing current contractual receipt/delivery quantities and a reasonable set of engineering assumptions and parameters.\n2) Design Capacity may be updated periodically to reflect changes in contractual receipt/delivery patterns, paths that do not utilize the entire segment and/or capacity modeling parameters.\n3) Operationally Available Capacity may be updated throughout the day to account for changes including, but not limited to: netting of bidirectional nominations, partial segment path nominations, storage swing services, exchanges, facility outages, and imbalance management.\n4) Total Scheduled Quantity is the resulting scheduled volume after netting scheduled volumes in both flow directions.\u00a0 This quantity for each segment is displayed only in the resulting net physical flow direction of the segment.\u00a0 Opposite of the physical flow direction will display a quantity of zero although there could be volumes scheduled. For further explanation, contact your Scheduling Representative. \u00a0\u00a0\n5) The net Total Scheduled Quantity may result in a quantity different than Operating Capacity due to the confirmation process after scheduling.\n6) Operating Capacity may be different than Design Capacity based on the periodic, non-permanent anticipated or observed operational pipeline conditions including, but not limited to: higher or lower average thermal content of the gas, higher or lower pressure from interconnecting pipelines, on-going maintenance, etc.\n7) Operating Capacity may be greater than the Design Capacity of the segment to accommodate scheduling of services that contain rights to multiple, redundant firm transportation paths which can be served entirely or in part through an alternate physical path.\n8) The IT Indicator shows whether gas has been scheduled under any interruptible service."", ""report_artifact_id"": ""km_tgp_notice_detail:1788197456279496000:cc4e15187816ef531b2c0d32f54f0c4fc2731bd4f14670beb540a5551574d909""}",2026-08-31T17:42:15.945168Z,km_tgp_notice_detail:1788197456279496000:cc4e15187816ef531b2c0d32f54f0c4fc2731bd4f14670beb540a5551574d909,km_tgp_segment_capacity:1788198122755547000:8fdc5140c4927947e235a62aa64289aad62f3fa51c867ee8ed2458e198852ac1
tgp-impact:c912cef4d25fa03d6faaa7b342ece380d5f6b9fb95ed167ba3d09f8d8165015e,403802,2026-08-27,2026-10-12,2026-10-18,Station 307 (segment 307 BH),307,BH,TD2,Z4,STA 307,2026-08-31,EVENING,1153418,1041527,111891,1153000,765000,388000,276527,0,pre_event,normalized_name,research_scenario,unresolved,"No licensed regional basis observations or exact TGP leg-to-contract mapping are loaded. Henry Hub NG is a national benchmark, not direct evidence of this TGP event's price exposure.",https://www.cmegroup.com/markets/energy/natural-gas/natural-gas.html,"[""Future nominations and rerouting are not observed; the shortfall assumes the captured schedule is unchanged.""]","{""calculation"": ""max(0, baseline scheduled quantity - forecast operating capacity)"", ""capacity_artifact_id"": ""km_tgp_segment_capacity:1788198122755547000:8fdc5140c4927947e235a62aa64289aad62f3fa51c867ee8ed2458e198852ac1"", ""capacity_run_id"": ""d79f586d-160a-47d8-9546-69b566a24dbc"", ""capacity_source_age_hours_at_calculation"": 15.92, ""direction_mapping"": {""capacity"": ""TD2"", ""forecast"": ""BH"", ""method"": ""FH=operator default direction=TD1; BH=opposite direction=TD2"", ""operator_direction_notice_url"": ""https://pipeline2.kindermorgan.com/Notices/NoticeDetail.aspx?code=TGP&notc_nbr=363144"", ""operator_segment_map_url"": ""https://pipeline2.kindermorgan.com/Documents/TGP/TGP_Segment_-_Pin_Map-20260721125239.pdf""}, ""interpretation"": ""Conditional scheduled shortfall if the captured net schedule holds; not physical flow, curtailment, or a price prediction."", ""operator_capacity_caveat"": ""Flow Indicator (Flow Ind)\n\nTD1 - Flow in the direction as shown on the pipeline segment map.\n\nTD2 - Flow in the opposite direction shown on the pipeline segment map.\n\n1) Design Capacity generally reflects the physical capacity of a segment as determined by a capacity model utilizing current contractual receipt/delivery quantities and a reasonable set of engineering assumptions and parameters.\n2) Design Capacity may be updated periodically to reflect changes in contractual receipt/delivery patterns, paths that do not utilize the entire segment and/or capacity modeling parameters.\n3) Operationally Available Capacity may be updated throughout the day to account for changes including, but not limited to: netting of bidirectional nominations, partial segment path nominations, storage swing services, exchanges, facility outages, and imbalance management.\n4) Total Scheduled Quantity is the resulting scheduled volume after netting scheduled volumes in both flow directions.\u00a0 This quantity for each segment is displayed only in the resulting net physical flow direction of the segment.\u00a0 Opposite of the physical flow direction will display a quantity of zero although there could be volumes scheduled. For further explanation, contact your Scheduling Representative. \u00a0\u00a0\n5) The net Total Scheduled Quantity may result in a quantity different than Operating Capacity due to the confirmation process after scheduling.\n6) Operating Capacity may be different than Design Capacity based on the periodic, non-permanent anticipated or observed operational pipeline conditions including, but not limited to: higher or lower average thermal content of the gas, higher or lower pressure from interconnecting pipelines, on-going maintenance, etc.\n7) Operating Capacity may be greater than the Design Capacity of the segment to accommodate scheduling of services that contain rights to multiple, redundant firm transportation paths which can be served entirely or in part through an alternate physical path.\n8) The IT Indicator shows whether gas has been scheduled under any interruptible service."", ""report_artifact_id"": ""km_tgp_notice_detail:1788197456279496000:cc4e15187816ef531b2c0d32f54f0c4fc2731bd4f14670beb540a5551574d909""}",2026-08-31T17:42:15.945168Z,km_tgp_notice_detail:1788197456279496000:cc4e15187816ef531b2c0d32f54f0c4fc2731bd4f14670beb540a5551574d909,km_tgp_segment_capacity:1788198122755547000:8fdc5140c4927947e235a62aa64289aad62f3fa51c867ee8ed2458e198852ac1
tgp-impact:64d6367ae473f6530f2f6aa94021695b08330c912f987d20f08cc9c30706d576,403802,2026-08-27,2026-09-28,2026-10-04,Station 307 (segment 307 BH),307,BH,TD2,Z4,STA 307,2026-08-31,EVENING,1153418,1041527,111891,1153000,775000,378000,266527,0,pre_event,normalized_name,research_scenario,unresolved,"No licensed regional basis observations or exact TGP leg-to-contract mapping are loaded. Henry Hub NG is a national benchmark, not direct evidence of this TGP event's price exposure.",https://www.cmegroup.com/markets/energy/natural-gas/natural-gas.html,"[""Future nominations and rerouting are not observed; the shortfall assumes the captured schedule is unchanged.""]","{""calculation"": ""max(0, baseline scheduled quantity - forecast operating capacity)"", ""capacity_artifact_id"": ""km_tgp_segment_capacity:1788198122755547000:8fdc5140c4927947e235a62aa64289aad62f3fa51c867ee8ed2458e198852ac1"", ""capacity_run_id"": ""d79f586d-160a-47d8-9546-69b566a24dbc"", ""capacity_source_age_hours_at_calculation"": 15.92, ""direction_mapping"": {""capacity"": ""TD2"", ""forecast"": ""BH"", ""method"": ""FH=operator default direction=TD1; BH=opposite direction=TD2"", ""operator_direction_notice_url"": ""https://pipeline2.kindermorgan.com/Notices/NoticeDetail.aspx?code=TGP&notc_nbr=363144"", ""operator_segment_map_url"": ""https://pipeline2.kindermorgan.com/Documents/TGP/TGP_Segment_-_Pin_Map-20260721125239.pdf""}, ""interpretation"": ""Conditional scheduled shortfall if the captured net schedule holds; not physical flow, curtailment, or a price prediction."", ""operator_capacity_caveat"": ""Flow Indicator (Flow Ind)\n\nTD1 - Flow in the direction as shown on the pipeline segment map.\n\nTD2 - Flow in the opposite direction shown on the pipeline segment map.\n\n1) Design Capacity generally reflects the physical capacity of a segment as determined by a capacity model utilizing current contractual receipt/delivery quantities and a reasonable set of engineering assumptions and parameters.\n2) Design Capacity may be updated periodically to reflect changes in contractual receipt/delivery patterns, paths that do not utilize the entire segment and/or capacity modeling parameters.\n3) Operationally Available Capacity may be updated throughout the day to account for changes including, but not limited to: netting of bidirectional nominations, partial segment path nominations, storage swing services, exchanges, facility outages, and imbalance management.\n4) Total Scheduled Quantity is the resulting scheduled volume after netting scheduled volumes in both flow directions.\u00a0 This quantity for each segment is displayed only in the resulting net physical flow direction of the segment.\u00a0 Opposite of the physical flow direction will display a quantity of zero although there could be volumes scheduled. For further explanation, contact your Scheduling Representative. \u00a0\u00a0\n5) The net Total Scheduled Quantity may result in a quantity different than Operating Capacity due to the confirmation process after scheduling.\n6) Operating Capacity may be different than Design Capacity based on the periodic, non-permanent anticipated or observed operational pipeline conditions including, but not limited to: higher or lower average thermal content of the gas, higher or lower pressure from interconnecting pipelines, on-going maintenance, etc.\n7) Operating Capacity may be greater than the Design Capacity of the segment to accommodate scheduling of services that contain rights to multiple, redundant firm transportation paths which can be served entirely or in part through an alternate physical path.\n8) The IT Indicator shows whether gas has been scheduled under any interruptible service."", ""report_artifact_id"": ""km_tgp_notice_detail:1788197456279496000:cc4e15187816ef531b2c0d32f54f0c4fc2731bd4f14670beb540a5551574d909""}",2026-08-31T17:42:15.945168Z,km_tgp_notice_detail:1788197456279496000:cc4e15187816ef531b2c0d32f54f0c4fc2731bd4f14670beb540a5551574d909,km_tgp_segment_capacity:1788198122755547000:8fdc5140c4927947e235a62aa64289aad62f3fa51c867ee8ed2458e198852ac1
tgp-impact:554e02466b35be07d58f412b04e2ab369e08c5a832814ac8b72eb29ce58724b3,403802,2026-08-27,2026-10-19,2026-10-25,Station 860 (segment 548 BH),548,BH,TD2,Z1,STA 860 SOUTH 500 LINE,2026-08-31,EVENING,1390000,1412867,0,1593000,1175000,418000,237867,0,pre_event,normalized_name,research_scenario,unresolved,"No licensed regional basis observations or exact TGP leg-to-contract mapping are loaded. Henry Hub NG is a national benchmark, not direct evidence of this TGP event's price exposure.",https://www.cmegroup.com/markets/energy/natural-gas/natural-gas.html,"[""Future nominations and rerouting are not observed; the shortfall assumes the captured schedule is unchanged.""]","{""calculation"": ""max(0, baseline scheduled quantity - forecast operating capacity)"", ""capacity_artifact_id"": ""km_tgp_segment_capacity:1788198122755547000:8fdc5140c4927947e235a62aa64289aad62f3fa51c867ee8ed2458e198852ac1"", ""capacity_run_id"": ""d79f586d-160a-47d8-9546-69b566a24dbc"", ""capacity_source_age_hours_at_calculation"": 15.92, ""direction_mapping"": {""capacity"": ""TD2"", ""forecast"": ""BH"", ""method"": ""FH=operator default direction=TD1; BH=opposite direction=TD2"", ""operator_direction_notice_url"": ""https://pipeline2.kindermorgan.com/Notices/NoticeDetail.aspx?code=TGP&notc_nbr=363144"", ""operator_segment_map_url"": ""https://pipeline2.kindermorgan.com/Documents/TGP/TGP_Segment_-_Pin_Map-20260721125239.pdf""}, ""interpretation"": ""Conditional scheduled shortfall if the captured net schedule holds; not physical flow, curtailment, or a price prediction."", ""operator_capacity_caveat"": ""Flow Indicator (Flow Ind)\n\nTD1 - Flow in the direction as shown on the pipeline segment map.\n\nTD2 - Flow in the opposite direction shown on the pipeline segment map.\n\n1) Design Capacity generally reflects the physical capacity of a segment as determined by a capacity model utilizing current contractual receipt/delivery quantities and a reasonable set of engineering assumptions and parameters.\n2) Design Capacity may be updated periodically to reflect changes in contractual receipt/delivery patterns, paths that do not utilize the entire segment and/or capacity modeling parameters.\n3) Operationally Available Capacity may be updated throughout the day to account for changes including, but not limited to: netting of bidirectional nominations, partial segment path nominations, storage swing services, exchanges, facility outages, and imbalance management.\n4) Total Scheduled Quantity is the resulting scheduled volume after netting scheduled volumes in both flow directions.\u00a0 This quantity for each segment is displayed only in the resulting net physical flow direction of the segment.\u00a0 Opposite of the physical flow direction will display a quantity of zero although there could be volumes scheduled. For further explanation, contact your Scheduling Representative. \u00a0\u00a0\n5) The net Total Scheduled Quantity may result in a quantity different than Operating Capacity due to the confirmation process after scheduling.\n6) Operating Capacity may be different than Design Capacity based on the periodic, non-permanent anticipated or observed operational pipeline conditions including, but not limited to: higher or lower average thermal content of the gas, higher or lower pressure from interconnecting pipelines, on-going maintenance, etc.\n7) Operating Capacity may be greater than the Design Capacity of the segment to accommodate scheduling of services that contain rights to multiple, redundant firm transportation paths which can be served entirely or in part through an alternate physical path.\n8) The IT Indicator shows whether gas has been scheduled under any interruptible service."", ""report_artifact_id"": ""km_tgp_notice_detail:1788197456279496000:cc4e15187816ef531b2c0d32f54f0c4fc2731bd4f14670beb540a5551574d909""}",2026-08-31T17:42:15.945168Z,km_tgp_notice_detail:1788197456279496000:cc4e15187816ef531b2c0d32f54f0c4fc2731bd4f14670beb540a5551574d909,km_tgp_segment_capacity:1788198122755547000:8fdc5140c4927947e235a62aa64289aad62f3fa51c867ee8ed2458e198852ac1
tgp-impact:5f2aa4a306bff88c482b3ff2ec6c59e976d8ed3806aa8c41281a5796a656a6ae,403802,2026-08-27,2026-09-07,2026-09-13,Station 230C (segment 296 FH),296,FH,TD1,Z5,STA 230C NIAGARA SPUR NORTH,2026-08-31,EVENING,743348,607557,135791,743000,370000,373000,237557,0,pre_event,normalized_name,research_scenario,unresolved,"No licensed regional basis observations or exact TGP leg-to-contract mapping are loaded. Henry Hub NG is a national benchmark, not direct evidence of this TGP event's price exposure.",https://www.cmegroup.com/markets/energy/natural-gas/natural-gas.html,"[""Future nominations and rerouting are not observed; the shortfall assumes the captured schedule is unchanged.""]","{""calculation"": ""max(0, baseline scheduled quantity - forecast operating capacity)"", ""capacity_artifact_id"": ""km_tgp_segment_capacity:1788198122755547000:8fdc5140c4927947e235a62aa64289aad62f3fa51c867ee8ed2458e198852ac1"", ""capacity_run_id"": ""d79f586d-160a-47d8-9546-69b566a24dbc"", ""capacity_source_age_hours_at_calculation"": 15.92, ""direction_mapping"": {""capacity"": ""TD1"", ""forecast"": ""FH"", ""method"": ""FH=operator default direction=TD1; BH=opposite direction=TD2"", ""operator_direction_notice_url"": ""https://pipeline2.kindermorgan.com/Notices/NoticeDetail.aspx?code=TGP&notc_nbr=363144"", ""operator_segment_map_url"": ""https://pipeline2.kindermorgan.com/Documents/TGP/TGP_Segment_-_Pin_Map-20260721125239.pdf""}, ""interpretation"": ""Conditional scheduled shortfall if the captured net schedule holds; not physical flow, curtailment, or a price prediction."", ""operator_capacity_caveat"": ""Flow Indicator (Flow Ind)\n\nTD1 - Flow in the direction as shown on the pipeline segment map.\n\nTD2 - Flow in the opposite direction shown on the pipeline segment map.\n\n1) Design Capacity generally reflects the physical capacity of a segment as determined by a capacity model utilizing current contractual receipt/delivery quantities and a reasonable set of engineering assumptions and parameters.\n2) Design Capacity may be updated periodically to reflect changes in contractual receipt/delivery patterns, paths that do not utilize the entire segment and/or capacity modeling parameters.\n3) Operationally Available Capacity may be updated throughout the day to account for changes including, but not limited to: netting of bidirectional nominations, partial segment path nominations, storage swing services, exchanges, facility outages, and imbalance management.\n4) Total Scheduled Quantity is the resulting scheduled volume after netting scheduled volumes in both flow directions.\u00a0 This quantity for each segment is displayed only in the resulting net physical flow direction of the segment.\u00a0 Opposite of the physical flow direction will display a quantity of zero although there could be volumes scheduled. For further explanation, contact your Scheduling Representative. \u00a0\u00a0\n5) The net Total Scheduled Quantity may result in a quantity different than Operating Capacity due to the confirmation process after scheduling.\n6) Operating Capacity may be different than Design Capacity based on the periodic, non-permanent anticipated or observed operational pipeline conditions including, but not limited to: higher or lower average thermal content of the gas, higher or lower pressure from interconnecting pipelines, on-going maintenance, etc.\n7) Operating Capacity may be greater than the Design Capacity of the segment to accommodate scheduling of services that contain rights to multiple, redundant firm transportation paths which can be served entirely or in part through an alternate physical path.\n8) The IT Indicator shows whether gas has been scheduled under any interruptible service."", ""report_artifact_id"": ""km_tgp_notice_detail:1788197456279496000:cc4e15187816ef531b2c0d32f54f0c4fc2731bd4f14670beb540a5551574d909""}",2026-08-31T17:42:15.945168Z,km_tgp_notice_detail:1788197456279496000:cc4e15187816ef531b2c0d32f54f0c4fc2731bd4f14670beb540a5551574d909,km_tgp_segment_capacity:1788198122755547000:8fdc5140c4927947e235a62aa64289aad62f3fa51c867ee8ed2458e198852ac1
tgp-impact:6382943562b18923f84635159b87e336eb8621c7cbf01669e5d7d537ec7af3a2,403802,2026-08-27,2026-11-02,2026-11-08,Station 823 (segment 823 BH),823,BH,TD2,ZL,STA 823,2026-08-31,EVENING,734430,430959,303471,758000,210000,548000,220959,0,pre_event,normalized_name,research_scenario,unresolved,"No licensed regional basis observations or exact TGP leg-to-contract mapping are loaded. Henry Hub NG is a national benchmark, not direct evidence of this TGP event's price exposure.",https://www.cmegroup.com/markets/energy/natural-gas/natural-gas.html,"[""Future nominations and rerouting are not observed; the shortfall assumes the captured schedule is unchanged.""]","{""calculation"": ""max(0, baseline scheduled quantity - forecast operating capacity)"", ""capacity_artifact_id"": ""km_tgp_segment_capacity:1788198122755547000:8fdc5140c4927947e235a62aa64289aad62f3fa51c867ee8ed2458e198852ac1"", ""capacity_run_id"": ""d79f586d-160a-47d8-9546-69b566a24dbc"", ""capacity_source_age_hours_at_calculation"": 15.92, ""direction_mapping"": {""capacity"": ""TD2"", ""forecast"": ""BH"", ""method"": ""FH=operator default direction=TD1; BH=opposite direction=TD2"", ""operator_direction_notice_url"": ""https://pipeline2.kindermorgan.com/Notices/NoticeDetail.aspx?code=TGP&notc_nbr=363144"", ""operator_segment_map_url"": ""https://pipeline2.kindermorgan.com/Documents/TGP/TGP_Segment_-_Pin_Map-20260721125239.pdf""}, ""interpretation"": ""Conditional scheduled shortfall if the captured net schedule holds; not physical flow, curtailment, or a price prediction."", ""operator_capacity_caveat"": ""Flow Indicator (Flow Ind)\n\nTD1 - Flow in the direction as shown on the pipeline segment map.\n\nTD2 - Flow in the opposite direction shown on the pipeline segment map.\n\n1) Design Capacity generally reflects the physical capacity of a segment as determined by a capacity model utilizing current contractual receipt/delivery quantities and a reasonable set of engineering assumptions and parameters.\n2) Design Capacity may be updated periodically to reflect changes in contractual receipt/delivery patterns, paths that do not utilize the entire segment and/or capacity modeling parameters.\n3) Operationally Available Capacity may be updated throughout the day to account for changes including, but not limited to: netting of bidirectional nominations, partial segment path nominations, storage swing services, exchanges, facility outages, and imbalance management.\n4) Total Scheduled Quantity is the resulting scheduled volume after netting scheduled volumes in both flow directions.\u00a0 This quantity for each segment is displayed only in the resulting net physical flow direction of the segment.\u00a0 Opposite of the physical flow direction will display a quantity of zero although there could be volumes scheduled. For further explanation, contact your Scheduling Representative. \u00a0\u00a0\n5) The net Total Scheduled Quantity may result in a quantity different than Operating Capacity due to the confirmation process after scheduling.\n6) Operating Capacity may be different than Design Capacity based on the periodic, non-permanent anticipated or observed operational pipeline conditions including, but not limited to: higher or lower average thermal content of the gas, higher or lower pressure from interconnecting pipelines, on-going maintenance, etc.\n7) Operating Capacity may be greater than the Design Capacity of the segment to accommodate scheduling of services that contain rights to multiple, redundant firm transportation paths which can be served entirely or in part through an alternate physical path.\n8) The IT Indicator shows whether gas has been scheduled under any interruptible service."", ""report_artifact_id"": ""km_tgp_notice_detail:1788197456279496000:cc4e15187816ef531b2c0d32f54f0c4fc2731bd4f14670beb540a5551574d909""}",2026-08-31T17:42:15.945168Z,km_tgp_notice_detail:1788197456279496000:cc4e15187816ef531b2c0d32f54f0c4fc2731bd4f14670beb540a5551574d909,km_tgp_segment_capacity:1788198122755547000:8fdc5140c4927947e235a62aa64289aad62f3fa51c867ee8ed2458e198852ac1
tgp-impact:d4357a26e7b59143ab537dafdab33c67f440864164f50e70adcf87f7f179eed8,403802,2026-08-27,2026-11-16,2026-11-22,Station 409 (Donna Line) (segment 490 FH),490,FH,TD1,Z0,BORDER POOL SOUTH,2026-08-31,EVENING,564735,432536,132199,587000,375000,212000,57536,0,pre_event,unique_segment_direction,research_scenario,unresolved,"No licensed regional basis observations or exact TGP leg-to-contract mapping are loaded. Henry Hub NG is a national benchmark, not direct evidence of this TGP event's price exposure.",https://www.cmegroup.com/markets/energy/natural-gas/natural-gas.html,"[""Future nominations and rerouting are not observed; the shortfall assumes the captured schedule is unchanged.""]","{""calculation"": ""max(0, baseline scheduled quantity - forecast operating capacity)"", ""capacity_artifact_id"": ""km_tgp_segment_capacity:1788198122755547000:8fdc5140c4927947e235a62aa64289aad62f3fa51c867ee8ed2458e198852ac1"", ""capacity_run_id"": ""d79f586d-160a-47d8-9546-69b566a24dbc"", ""capacity_source_age_hours_at_calculation"": 15.92, ""direction_mapping"": {""capacity"": ""TD1"", ""forecast"": ""FH"", ""method"": ""FH=operator default direction=TD1; BH=opposite direction=TD2"", ""operator_direction_notice_url"": ""https://pipeline2.kindermorgan.com/Notices/NoticeDetail.aspx?code=TGP&notc_nbr=363144"", ""operator_segment_map_url"": ""https://pipeline2.kindermorgan.com/Documents/TGP/TGP_Segment_-_Pin_Map-20260721125239.pdf""}, ""interpretation"": ""Conditional scheduled shortfall if the captured net schedule holds; not physical flow, curtailment, or a price prediction."", ""operator_capacity_caveat"": ""Flow Indicator (Flow Ind)\n\nTD1 - Flow in the direction as shown on the pipeline segment map.\n\nTD2 - Flow in the opposite direction shown on the pipeline segment map.\n\n1) Design Capacity generally reflects the physical capacity of a segment as determined by a capacity model utilizing current contractual receipt/delivery quantities and a reasonable set of engineering assumptions and parameters.\n2) Design Capacity may be updated periodically to reflect changes in contractual receipt/delivery patterns, paths that do not utilize the entire segment and/or capacity modeling parameters.\n3) Operationally Available Capacity may be updated throughout the day to account for changes including, but not limited to: netting of bidirectional nominations, partial segment path nominations, storage swing services, exchanges, facility outages, and imbalance management.\n4) Total Scheduled Quantity is the resulting scheduled volume after netting scheduled volumes in both flow directions.\u00a0 This quantity for each segment is displayed only in the resulting net physical flow direction of the segment.\u00a0 Opposite of the physical flow direction will display a quantity of zero although there could be volumes scheduled. For further explanation, contact your Scheduling Representative. \u00a0\u00a0\n5) The net Total Scheduled Quantity may result in a quantity different than Operating Capacity due to the confirmation process after scheduling.\n6) Operating Capacity may be different than Design Capacity based on the periodic, non-permanent anticipated or observed operational pipeline conditions including, but not limited to: higher or lower average thermal content of the gas, higher or lower pressure from interconnecting pipelines, on-going maintenance, etc.\n7) Operating Capacity may be greater than the Design Capacity of the segment to accommodate scheduling of services that contain rights to multiple, redundant firm transportation paths which can be served entirely or in part through an alternate physical path.\n8) The IT Indicator shows whether gas has been scheduled under any interruptible service."", ""report_artifact_id"": ""km_tgp_notice_detail:1788197456279496000:cc4e15187816ef531b2c0d32f54f0c4fc2731bd4f14670beb540a5551574d909""}",2026-08-31T17:42:15.945168Z,km_tgp_notice_detail:1788197456279496000:cc4e15187816ef531b2c0d32f54f0c4fc2731bd4f14670beb540a5551574d909,km_tgp_segment_capacity:1788198122755547000:8fdc5140c4927947e235a62aa64289aad62f3fa51c867ee8ed2458e198852ac1
tgp-impact:402e71e2c074c44040d482b9469487081138731127183c7ce5ad577dcaca1e6e,403802,2026-08-27,2026-09-21,2026-09-27,Station 409A (Alamo) (segment 492 FH),492,FH,TD1,Z0,STA 409A PEMEX LATERAL,2026-08-31,EVENING,274735,177823,96912,274000,125000,149000,52823,0,pre_event,unique_segment_direction,research_scenario,unresolved,"No licensed regional basis observations or exact TGP leg-to-contract mapping are loaded. Henry Hub NG is a national benchmark, not direct evidence of this TGP event's price exposure.",https://www.cmegroup.com/markets/energy/natural-gas/natural-gas.html,"[""Future nominations and rerouting are not observed; the shortfall assumes the captured schedule is unchanged.""]","{""calculation"": ""max(0, baseline scheduled quantity - forecast operating capacity)"", ""capacity_artifact_id"": ""km_tgp_segment_capacity:1788198122755547000:8fdc5140c4927947e235a62aa64289aad62f3fa51c867ee8ed2458e198852ac1"", ""capacity_run_id"": ""d79f586d-160a-47d8-9546-69b566a24dbc"", ""capacity_source_age_hours_at_calculation"": 15.92, ""direction_mapping"": {""capacity"": ""TD1"", ""forecast"": ""FH"", ""method"": ""FH=operator default direction=TD1; BH=opposite direction=TD2"", ""operator_direction_notice_url"": ""https://pipeline2.kindermorgan.com/Notices/NoticeDetail.aspx?code=TGP&notc_nbr=363144"", ""operator_segment_map_url"": ""https://pipeline2.kindermorgan.com/Documents/TGP/TGP_Segment_-_Pin_Map-20260721125239.pdf""}, ""interpretation"": ""Conditional scheduled shortfall if the captured net schedule holds; not physical flow, curtailment, or a price prediction."", ""operator_capacity_caveat"": ""Flow Indicator (Flow Ind)\n\nTD1 - Flow in the direction as shown on the pipeline segment map.\n\nTD2 - Flow in the opposite direction shown on the pipeline segment map.\n\n1) Design Capacity generally reflects the physical capacity of a segment as determined by a capacity model utilizing current contractual receipt/delivery quantities and a reasonable set of engineering assumptions and parameters.\n2) Design Capacity may be updated periodically to reflect changes in contractual receipt/delivery patterns, paths that do not utilize the entire segment and/or capacity modeling parameters.\n3) Operationally Available Capacity may be updated throughout the day to account for changes including, but not limited to: netting of bidirectional nominations, partial segment path nominations, storage swing services, exchanges, facility outages, and imbalance management.\n4) Total Scheduled Quantity is the resulting scheduled volume after netting scheduled volumes in both flow directions.\u00a0 This quantity for each segment is displayed only in the resulting net physical flow direction of the segment.\u00a0 Opposite of the physical flow direction will display a quantity of zero although there could be volumes scheduled. For further explanation, contact your Scheduling Representative. \u00a0\u00a0\n5) The net Total Scheduled Quantity may result in a quantity different than Operating Capacity due to the confirmation process after scheduling.\n6) Operating Capacity may be different than Design Capacity based on the periodic, non-permanent anticipated or observed operational pipeline conditions including, but not limited to: higher or lower average thermal content of the gas, higher or lower pressure from interconnecting pipelines, on-going maintenance, etc.\n7) Operating Capacity may be greater than the Design Capacity of the segment to accommodate scheduling of services that contain rights to multiple, redundant firm transportation paths which can be served entirely or in part through an alternate physical path.\n8) The IT Indicator shows whether gas has been scheduled under any interruptible service."", ""report_artifact_id"": ""km_tgp_notice_detail:1788197456279496000:cc4e15187816ef531b2c0d32f54f0c4fc2731bd4f14670beb540a5551574d909""}",2026-08-31T17:42:15.945168Z,km_tgp_notice_detail:1788197456279496000:cc4e15187816ef531b2c0d32f54f0c4fc2731bd4f14670beb540a5551574d909,km_tgp_segment_capacity:1788198122755547000:8fdc5140c4927947e235a62aa64289aad62f3fa51c867ee8ed2458e198852ac1
tgp-impact:057461108657bee405951c401ebd22041938171624acb40ec122ea2118b81c64,403802,2026-08-27,2026-10-26,2026-11-01,Station 204 (Segment 204 BH),204,BH,TD2,Z4,STA 204,2026-08-31,EVENING,1795000,1755372,39628,1828000,1710000,118000,45372,0,pre_event,normalized_name,research_scenario,unresolved,"No licensed regional basis observations or exact TGP leg-to-contract mapping are loaded. Henry Hub NG is a national benchmark, not direct evidence of this TGP event's price exposure.",https://www.cmegroup.com/markets/energy/natural-gas/natural-gas.html,"[""Future nominations and rerouting are not observed; the shortfall assumes the captured schedule is unchanged.""]","{""calculation"": ""max(0, baseline scheduled quantity - forecast operating capacity)"", ""capacity_artifact_id"": ""km_tgp_segment_capacity:1788198122755547000:8fdc5140c4927947e235a62aa64289aad62f3fa51c867ee8ed2458e198852ac1"", ""capacity_run_id"": ""d79f586d-160a-47d8-9546-69b566a24dbc"", ""capacity_source_age_hours_at_calculation"": 15.92, ""direction_mapping"": {""capacity"": ""TD2"", ""forecast"": ""BH"", ""method"": ""FH=operator default direction=TD1; BH=opposite direction=TD2"", ""operator_direction_notice_url"": ""https://pipeline2.kindermorgan.com/Notices/NoticeDetail.aspx?code=TGP&notc_nbr=363144"", ""operator_segment_map_url"": ""https://pipeline2.kindermorgan.com/Documents/TGP/TGP_Segment_-_Pin_Map-20260721125239.pdf""}, ""interpretation"": ""Conditional scheduled shortfall if the captured net schedule holds; not physical flow, curtailment, or a price prediction."", ""operator_capacity_caveat"": ""Flow Indicator (Flow Ind)\n\nTD1 - Flow in the direction as shown on the pipeline segment map.\n\nTD2 - Flow in the opposite direction shown on the pipeline segment map.\n\n1) Design Capacity generally reflects the physical capacity of a segment as determined by a capacity model utilizing current contractual receipt/delivery quantities and a reasonable set of engineering assumptions and parameters.\n2) Design Capacity may be updated periodically to reflect changes in contractual receipt/delivery patterns, paths that do not utilize the entire segment and/or capacity modeling parameters.\n3) Operationally Available Capacity may be updated throughout the day to account for changes including, but not limited to: netting of bidirectional nominations, partial segment path nominations, storage swing services, exchanges, facility outages, and imbalance management.\n4) Total Scheduled Quantity is the resulting scheduled volume after netting scheduled volumes in both flow directions.\u00a0 This quantity for each segment is displayed only in the resulting net physical flow direction of the segment.\u00a0 Opposite of the physical flow direction will display a quantity of zero although there could be volumes scheduled. For further explanation, contact your Scheduling Representative. \u00a0\u00a0\n5) The net Total Scheduled Quantity may result in a quantity different than Operating Capacity due to the confirmation process after scheduling.\n6) Operating Capacity may be different than Design Capacity based on the periodic, non-permanent anticipated or observed operational pipeline conditions including, but not limited to: higher or lower average thermal content of the gas, higher or lower pressure from interconnecting pipelines, on-going maintenance, etc.\n7) Operating Capacity may be greater than the Design Capacity of the segment to accommodate scheduling of services that contain rights to multiple, redundant firm transportation paths which can be served entirely or in part through an alternate physical path.\n8) The IT Indicator shows whether gas has been scheduled under any interruptible service."", ""report_artifact_id"": ""km_tgp_notice_detail:1788197456279496000:cc4e15187816ef531b2c0d32f54f0c4fc2731bd4f14670beb540a5551574d909""}",2026-08-31T17:42:15.945168Z,km_tgp_notice_detail:1788197456279496000:cc4e15187816ef531b2c0d32f54f0c4fc2731bd4f14670beb540a5551574d909,km_tgp_segment_capacity:1788198122755547000:8fdc5140c4927947e235a62aa64289aad62f3fa51c867ee8ed2458e198852ac1
tgp-impact:a917f2caee8270e55f0eddfae9727743d8baad5fd54159845e3f9cafa6eb986c,403802,2026-08-27,2026-10-05,2026-10-11,Station 860 (segment 548 BH),548,BH,TD2,Z1,STA 860 SOUTH 500 LINE,2026-08-31,EVENING,1390000,1412867,0,1593000,1375000,218000,37867,0,pre_event,normalized_name,research_scenario,unresolved,"No licensed regional basis observations or exact TGP leg-to-contract mapping are loaded. Henry Hub NG is a national benchmark, not direct evidence of this TGP event's price exposure.",https://www.cmegroup.com/markets/energy/natural-gas/natural-gas.html,"[""Future nominations and rerouting are not observed; the shortfall assumes the captured schedule is unchanged.""]","{""calculation"": ""max(0, baseline scheduled quantity - forecast operating capacity)"", ""capacity_artifact_id"": ""km_tgp_segment_capacity:1788198122755547000:8fdc5140c4927947e235a62aa64289aad62f3fa51c867ee8ed2458e198852ac1"", ""capacity_run_id"": ""d79f586d-160a-47d8-9546-69b566a24dbc"", ""capacity_source_age_hours_at_calculation"": 15.92, ""direction_mapping"": {""capacity"": ""TD2"", ""forecast"": ""BH"", ""method"": ""FH=operator default direction=TD1; BH=opposite direction=TD2"", ""operator_direction_notice_url"": ""https://pipeline2.kindermorgan.com/Notices/NoticeDetail.aspx?code=TGP&notc_nbr=363144"", ""operator_segment_map_url"": ""https://pipeline2.kindermorgan.com/Documents/TGP/TGP_Segment_-_Pin_Map-20260721125239.pdf""}, ""interpretation"": ""Conditional scheduled shortfall if the captured net schedule holds; not physical flow, curtailment, or a price prediction."", ""operator_capacity_caveat"": ""Flow Indicator (Flow Ind)\n\nTD1 - Flow in the direction as shown on the pipeline segment map.\n\nTD2 - Flow in the opposite direction shown on the pipeline segment map.\n\n1) Design Capacity generally reflects the physical capacity of a segment as determined by a capacity model utilizing current contractual receipt/delivery quantities and a reasonable set of engineering assumptions and parameters.\n2) Design Capacity may be updated periodically to reflect changes in contractual receipt/delivery patterns, paths that do not utilize the entire segment and/or capacity modeling parameters.\n3) Operationally Available Capacity may be updated throughout the day to account for changes including, but not limited to: netting of bidirectional nominations, partial segment path nominations, storage swing services, exchanges, facility outages, and imbalance management.\n4) Total Scheduled Quantity is the resulting scheduled volume after netting scheduled volumes in both flow directions.\u00a0 This quantity for each segment is displayed only in the resulting net physical flow direction of the segment.\u00a0 Opposite of the physical flow direction will display a quantity of zero although there could be volumes scheduled. For further explanation, contact your Scheduling Representative. \u00a0\u00a0\n5) The net Total Scheduled Quantity may result in a quantity different than Operating Capacity due to the confirmation process after scheduling.\n6) Operating Capacity may be different than Design Capacity based on the periodic, non-permanent anticipated or observed operational pipeline conditions including, but not limited to: higher or lower average thermal content of the gas, higher or lower pressure from interconnecting pipelines, on-going maintenance, etc.\n7) Operating Capacity may be greater than the Design Capacity of the segment to accommodate scheduling of services that contain rights to multiple, redundant firm transportation paths which can be served entirely or in part through an alternate physical path.\n8) The IT Indicator shows whether gas has been scheduled under any interruptible service."", ""report_artifact_id"": ""km_tgp_notice_detail:1788197456279496000:cc4e15187816ef531b2c0d32f54f0c4fc2731bd4f14670beb540a5551574d909""}",2026-08-31T17:42:15.945168Z,km_tgp_notice_detail:1788197456279496000:cc4e15187816ef531b2c0d32f54f0c4fc2731bd4f14670beb540a5551574d909,km_tgp_segment_capacity:1788198122755547000:8fdc5140c4927947e235a62aa64289aad62f3fa51c867ee8ed2458e198852ac1
tgp-impact:4131b2bf243ce009b386acc62c70a99b3eaf18280723ad84dd2b7fcddc4b98d3,403802,2026-08-27,2026-09-21,2026-09-27,Station 307 (segment 307 BH),307,BH,TD2,Z4,STA 307,2026-08-31,EVENING,1153418,1041527,111891,1153000,1010000,143000,31527,0,pre_event,normalized_name,research_scenario,unresolved,"No licensed regional basis observations or exact TGP leg-to-contract mapping are loaded. Henry Hub NG is a national benchmark, not direct evidence of this TGP event's price exposure.",https://www.cmegroup.com/markets/energy/natural-gas/natural-gas.html,"[""Future nominations and rerouting are not observed; the shortfall assumes the captured schedule is unchanged.""]","{""calculation"": ""max(0, baseline scheduled quantity - forecast operating capacity)"", ""capacity_artifact_id"": ""km_tgp_segment_capacity:1788198122755547000:8fdc5140c4927947e235a62aa64289aad62f3fa51c867ee8ed2458e198852ac1"", ""capacity_run_id"": ""d79f586d-160a-47d8-9546-69b566a24dbc"", ""capacity_source_age_hours_at_calculation"": 15.92, ""direction_mapping"": {""capacity"": ""TD2"", ""forecast"": ""BH"", ""method"": ""FH=operator default direction=TD1; BH=opposite direction=TD2"", ""operator_direction_notice_url"": ""https://pipeline2.kindermorgan.com/Notices/NoticeDetail.aspx?code=TGP&notc_nbr=363144"", ""operator_segment_map_url"": ""https://pipeline2.kindermorgan.com/Documents/TGP/TGP_Segment_-_Pin_Map-20260721125239.pdf""}, ""interpretation"": ""Conditional scheduled shortfall if the captured net schedule holds; not physical flow, curtailment, or a price prediction."", ""operator_capacity_caveat"": ""Flow Indicator (Flow Ind)\n\nTD1 - Flow in the direction as shown on the pipeline segment map.\n\nTD2 - Flow in the opposite direction shown on the pipeline segment map.\n\n1) Design Capacity generally reflects the physical capacity of a segment as determined by a capacity model utilizing current contractual receipt/delivery quantities and a reasonable set of engineering assumptions and parameters.\n2) Design Capacity may be updated periodically to reflect changes in contractual receipt/delivery patterns, paths that do not utilize the entire segment and/or capacity modeling parameters.\n3) Operationally Available Capacity may be updated throughout the day to account for changes including, but not limited to: netting of bidirectional nominations, partial segment path nominations, storage swing services, exchanges, facility outages, and imbalance management.\n4) Total Scheduled Quantity is the resulting scheduled volume after netting scheduled volumes in both flow directions.\u00a0 This quantity for each segment is displayed only in the resulting net physical flow direction of the segment.\u00a0 Opposite of the physical flow direction will display a quantity of zero although there could be volumes scheduled. For further explanation, contact your Scheduling Representative. \u00a0\u00a0\n5) The net Total Scheduled Quantity may result in a quantity different than Operating Capacity due to the confirmation process after scheduling.\n6) Operating Capacity may be different than Design Capacity based on the periodic, non-permanent anticipated or observed operational pipeline conditions including, but not limited to: higher or lower average thermal content of the gas, higher or lower pressure from interconnecting pipelines, on-going maintenance, etc.\n7) Operating Capacity may be greater than the Design Capacity of the segment to accommodate scheduling of services that contain rights to multiple, redundant firm transportation paths which can be served entirely or in part through an alternate physical path.\n8) The IT Indicator shows whether gas has been scheduled under any interruptible service."", ""report_artifact_id"": ""km_tgp_notice_detail:1788197456279496000:cc4e15187816ef531b2c0d32f54f0c4fc2731bd4f14670beb540a5551574d909""}",2026-08-31T17:42:15.945168Z,km_tgp_notice_detail:1788197456279496000:cc4e15187816ef531b2c0d32f54f0c4fc2731bd4f14670beb540a5551574d909,km_tgp_segment_capacity:1788198122755547000:8fdc5140c4927947e235a62aa64289aad62f3fa51c867ee8ed2458e198852ac1
tgp-impact:338b7d63c6e0123272f29b38c008da4681446bf35db3937537ddfab5373f4b11,403802,2026-08-27,2026-10-26,2026-11-01,Station 110 (segment 187 BH) (south thru Kentucky),187,BH,TD2,Z2,STA 110 SOUTH,2026-08-31,EVENING,2278000,1851449,426551,2685000,1822000,863000,29449,0,pre_event,normalized_name,research_scenario,unresolved,"No licensed regional basis observations or exact TGP leg-to-contract mapping are loaded. Henry Hub NG is a national benchmark, not direct evidence of this TGP event's price exposure.",https://www.cmegroup.com/markets/energy/natural-gas/natural-gas.html,"[""Future nominations and rerouting are not observed; the shortfall assumes the captured schedule is unchanged.""]","{""calculation"": ""max(0, baseline scheduled quantity - forecast operating capacity)"", ""capacity_artifact_id"": ""km_tgp_segment_capacity:1788198122755547000:8fdc5140c4927947e235a62aa64289aad62f3fa51c867ee8ed2458e198852ac1"", ""capacity_run_id"": ""d79f586d-160a-47d8-9546-69b566a24dbc"", ""capacity_source_age_hours_at_calculation"": 15.92, ""direction_mapping"": {""capacity"": ""TD2"", ""forecast"": ""BH"", ""method"": ""FH=operator default direction=TD1; BH=opposite direction=TD2"", ""operator_direction_notice_url"": ""https://pipeline2.kindermorgan.com/Notices/NoticeDetail.aspx?code=TGP&notc_nbr=363144"", ""operator_segment_map_url"": ""https://pipeline2.kindermorgan.com/Documents/TGP/TGP_Segment_-_Pin_Map-20260721125239.pdf""}, ""interpretation"": ""Conditional scheduled shortfall if the captured net schedule holds; not physical flow, curtailment, or a price prediction."", ""operator_capacity_caveat"": ""Flow Indicator (Flow Ind)\n\nTD1 - Flow in the direction as shown on the pipeline segment map.\n\nTD2 - Flow in the opposite direction shown on the pipeline segment map.\n\n1) Design Capacity generally reflects the physical capacity of a segment as determined by a capacity model utilizing current contractual receipt/delivery quantities and a reasonable set of engineering assumptions and parameters.\n2) Design Capacity may be updated periodically to reflect changes in contractual receipt/delivery patterns, paths that do not utilize the entire segment and/or capacity modeling parameters.\n3) Operationally Available Capacity may be updated throughout the day to account for changes including, but not limited to: netting of bidirectional nominations, partial segment path nominations, storage swing services, exchanges, facility outages, and imbalance management.\n4) Total Scheduled Quantity is the resulting scheduled volume after netting scheduled volumes in both flow directions.\u00a0 This quantity for each segment is displayed only in the resulting net physical flow direction of the segment.\u00a0 Opposite of the physical flow direction will display a quantity of zero although there could be volumes scheduled. For further explanation, contact your Scheduling Representative. \u00a0\u00a0\n5) The net Total Scheduled Quantity may result in a quantity different than Operating Capacity due to the confirmation process after scheduling.\n6) Operating Capacity may be different than Design Capacity based on the periodic, non-permanent anticipated or observed operational pipeline conditions including, but not limited to: higher or lower average thermal content of the gas, higher or lower pressure from interconnecting pipelines, on-going maintenance, etc.\n7) Operating Capacity may be greater than the Design Capacity of the segment to accommodate scheduling of services that contain rights to multiple, redundant firm transportation paths which can be served entirely or in part through an alternate physical path.\n8) The IT Indicator shows whether gas has been scheduled under any interruptible service."", ""report_artifact_id"": ""km_tgp_notice_detail:1788197456279496000:cc4e15187816ef531b2c0d32f54f0c4fc2731bd4f14670beb540a5551574d909""}",2026-08-31T17:42:15.945168Z,km_tgp_notice_detail:1788197456279496000:cc4e15187816ef531b2c0d32f54f0c4fc2731bd4f14670beb540a5551574d909,km_tgp_segment_capacity:1788198122755547000:8fdc5140c4927947e235a62aa64289aad62f3fa51c867ee8ed2458e198852ac1
tgp-impact:15b45d1a9c1d49e1a526677776cb7e90c744bff95ed749b1bbf85c6f889479cd,403802,2026-08-27,2026-08-31,2026-08-31,Station 860 (segment 548 BH),548,BH,TD2,Z1,STA 860 SOUTH 500 LINE,2026-08-31,EVENING,1390000,1412867,0,1593000,1390000,203000,22867,0,same_day,normalized_name,research_scenario,unresolved,"No licensed regional basis observations or exact TGP leg-to-contract mapping are loaded. Henry Hub NG is a national benchmark, not direct evidence of this TGP event's price exposure.",https://www.cmegroup.com/markets/energy/natural-gas/natural-gas.html,"[""Future nominations and rerouting are not observed; the shortfall assumes the captured schedule is unchanged.""]","{""calculation"": ""max(0, baseline scheduled quantity - forecast operating capacity)"", ""capacity_artifact_id"": ""km_tgp_segment_capacity:1788198122755547000:8fdc5140c4927947e235a62aa64289aad62f3fa51c867ee8ed2458e198852ac1"", ""capacity_run_id"": ""d79f586d-160a-47d8-9546-69b566a24dbc"", ""capacity_source_age_hours_at_calculation"": 15.92, ""direction_mapping"": {""capacity"": ""TD2"", ""forecast"": ""BH"", ""method"": ""FH=operator default direction=TD1; BH=opposite direction=TD2"", ""operator_direction_notice_url"": ""https://pipeline2.kindermorgan.com/Notices/NoticeDetail.aspx?code=TGP&notc_nbr=363144"", ""operator_segment_map_url"": ""https://pipeline2.kindermorgan.com/Documents/TGP/TGP_Segment_-_Pin_Map-20260721125239.pdf""}, ""interpretation"": ""Conditional scheduled shortfall if the captured net schedule holds; not physical flow, curtailment, or a price prediction."", ""operator_capacity_caveat"": ""Flow Indicator (Flow Ind)\n\nTD1 - Flow in the direction as shown on the pipeline segment map.\n\nTD2 - Flow in the opposite direction shown on the pipeline segment map.\n\n1) Design Capacity generally reflects the physical capacity of a segment as determined by a capacity model utilizing current contractual receipt/delivery quantities and a reasonable set of engineering assumptions and parameters.\n2) Design Capacity may be updated periodically to reflect changes in contractual receipt/delivery patterns, paths that do not utilize the entire segment and/or capacity modeling parameters.\n3) Operationally Available Capacity may be updated throughout the day to account for changes including, but not limited to: netting of bidirectional nominations, partial segment path nominations, storage swing services, exchanges, facility outages, and imbalance management.\n4) Total Scheduled Quantity is the resulting scheduled volume after netting scheduled volumes in both flow directions.\u00a0 This quantity for each segment is displayed only in the resulting net physical flow direction of the segment.\u00a0 Opposite of the physical flow direction will display a quantity of zero although there could be volumes scheduled. For further explanation, contact your Scheduling Representative. \u00a0\u00a0\n5) The net Total Scheduled Quantity may result in a quantity different than Operating Capacity due to the confirmation process after scheduling.\n6) Operating Capacity may be different than Design Capacity based on the periodic, non-permanent anticipated or observed operational pipeline conditions including, but not limited to: higher or lower average thermal content of the gas, higher or lower pressure from interconnecting pipelines, on-going maintenance, etc.\n7) Operating Capacity may be greater than the Design Capacity of the segment to accommodate scheduling of services that contain rights to multiple, redundant firm transportation paths which can be served entirely or in part through an alternate physical path.\n8) The IT Indicator shows whether gas has been scheduled under any interruptible service."", ""report_artifact_id"": ""km_tgp_notice_detail:1788197456279496000:cc4e15187816ef531b2c0d32f54f0c4fc2731bd4f14670beb540a5551574d909""}",2026-08-31T17:42:15.945168Z,km_tgp_notice_detail:1788197456279496000:cc4e15187816ef531b2c0d32f54f0c4fc2731bd4f14670beb540a5551574d909,km_tgp_segment_capacity:1788198122755547000:8fdc5140c4927947e235a62aa64289aad62f3fa51c867ee8ed2458e198852ac1
tgp-impact:b55d9f04651f2117787ba1dd8a0faa2395dcd51bff01901c14de19185643c930,403802,2026-08-27,2026-09-01,2026-09-01,Station 860 (segment 548 BH),548,BH,TD2,Z1,STA 860 SOUTH 500 LINE,2026-08-31,EVENING,1390000,1412867,0,1593000,1390000,203000,22867,0,pre_event,normalized_name,research_scenario,unresolved,"No licensed regional basis observations or exact TGP leg-to-contract mapping are loaded. Henry Hub NG is a national benchmark, not direct evidence of this TGP event's price exposure.",https://www.cmegroup.com/markets/energy/natural-gas/natural-gas.html,"[""Future nominations and rerouting are not observed; the shortfall assumes the captured schedule is unchanged.""]","{""calculation"": ""max(0, baseline scheduled quantity - forecast operating capacity)"", ""capacity_artifact_id"": ""km_tgp_segment_capacity:1788198122755547000:8fdc5140c4927947e235a62aa64289aad62f3fa51c867ee8ed2458e198852ac1"", ""capacity_run_id"": ""d79f586d-160a-47d8-9546-69b566a24dbc"", ""capacity_source_age_hours_at_calculation"": 15.92, ""direction_mapping"": {""capacity"": ""TD2"", ""forecast"": ""BH"", ""method"": ""FH=operator default direction=TD1; BH=opposite direction=TD2"", ""operator_direction_notice_url"": ""https://pipeline2.kindermorgan.com/Notices/NoticeDetail.aspx?code=TGP&notc_nbr=363144"", ""operator_segment_map_url"": ""https://pipeline2.kindermorgan.com/Documents/TGP/TGP_Segment_-_Pin_Map-20260721125239.pdf""}, ""interpretation"": ""Conditional scheduled shortfall if the captured net schedule holds; not physical flow, curtailment, or a price prediction."", ""operator_capacity_caveat"": ""Flow Indicator (Flow Ind)\n\nTD1 - Flow in the direction as shown on the pipeline segment map.\n\nTD2 - Flow in the opposite direction shown on the pipeline segment map.\n\n1) Design Capacity generally reflects the physical capacity of a segment as determined by a capacity model utilizing current contractual receipt/delivery quantities and a reasonable set of engineering assumptions and parameters.\n2) Design Capacity may be updated periodically to reflect changes in contractual receipt/delivery patterns, paths that do not utilize the entire segment and/or capacity modeling parameters.\n3) Operationally Available Capacity may be updated throughout the day to account for changes including, but not limited to: netting of bidirectional nominations, partial segment path nominations, storage swing services, exchanges, facility outages, and imbalance management.\n4) Total Scheduled Quantity is the resulting scheduled volume after netting scheduled volumes in both flow directions.\u00a0 This quantity for each segment is displayed only in the resulting net physical flow direction of the segment.\u00a0 Opposite of the physical flow direction will display a quantity of zero although there could be volumes scheduled. For further explanation, contact your Scheduling Representative. \u00a0\u00a0\n5) The net Total Scheduled Quantity may result in a quantity different than Operating Capacity due to the confirmation process after scheduling.\n6) Operating Capacity may be different than Design Capacity based on the periodic, non-permanent anticipated or observed operational pipeline conditions including, but not limited to: higher or lower average thermal content of the gas, higher or lower pressure from interconnecting pipelines, on-going maintenance, etc.\n7) Operating Capacity may be greater than the Design Capacity of the segment to accommodate scheduling of services that contain rights to multiple, redundant firm transportation paths which can be served entirely or in part through an alternate physical path.\n8) The IT Indicator shows whether gas has been scheduled under any interruptible service."", ""report_artifact_id"": ""km_tgp_notice_detail:1788197456279496000:cc4e15187816ef531b2c0d32f54f0c4fc2731bd4f14670beb540a5551574d909""}",2026-08-31T17:42:15.945168Z,km_tgp_notice_detail:1788197456279496000:cc4e15187816ef531b2c0d32f54f0c4fc2731bd4f14670beb540a5551574d909,km_tgp_segment_capacity:1788198122755547000:8fdc5140c4927947e235a62aa64289aad62f3fa51c867ee8ed2458e198852ac1
tgp-impact:c27a3b66b4de325473e976bef38924edd2936d44bf4f491021fd5f0456b97031,403802,2026-08-27,2026-09-02,2026-09-02,Station 860 (segment 548 BH),548,BH,TD2,Z1,STA 860 SOUTH 500 LINE,2026-08-31,EVENING,1390000,1412867,0,1593000,1390000,203000,22867,0,pre_event,normalized_name,research_scenario,unresolved,"No licensed regional basis observations or exact TGP leg-to-contract mapping are loaded. Henry Hub NG is a national benchmark, not direct evidence of this TGP event's price exposure.",https://www.cmegroup.com/markets/energy/natural-gas/natural-gas.html,"[""Future nominations and rerouting are not observed; the shortfall assumes the captured schedule is unchanged.""]","{""calculation"": ""max(0, baseline scheduled quantity - forecast operating capacity)"", ""capacity_artifact_id"": ""km_tgp_segment_capacity:1788198122755547000:8fdc5140c4927947e235a62aa64289aad62f3fa51c867ee8ed2458e198852ac1"", ""capacity_run_id"": ""d79f586d-160a-47d8-9546-69b566a24dbc"", ""capacity_source_age_hours_at_calculation"": 15.92, ""direction_mapping"": {""capacity"": ""TD2"", ""forecast"": ""BH"", ""method"": ""FH=operator default direction=TD1; BH=opposite direction=TD2"", ""operator_direction_notice_url"": ""https://pipeline2.kindermorgan.com/Notices/NoticeDetail.aspx?code=TGP&notc_nbr=363144"", ""operator_segment_map_url"": ""https://pipeline2.kindermorgan.com/Documents/TGP/TGP_Segment_-_Pin_Map-20260721125239.pdf""}, ""interpretation"": ""Conditional scheduled shortfall if the captured net schedule holds; not physical flow, curtailment, or a price prediction."", ""operator_capacity_caveat"": ""Flow Indicator (Flow Ind)\n\nTD1 - Flow in the direction as shown on the pipeline segment map.\n\nTD2 - Flow in the opposite direction shown on the pipeline segment map.\n\n1) Design Capacity generally reflects the physical capacity of a segment as determined by a capacity model utilizing current contractual receipt/delivery quantities and a reasonable set of engineering assumptions and parameters.\n2) Design Capacity may be updated periodically to reflect changes in contractual receipt/delivery patterns, paths that do not utilize the entire segment and/or capacity modeling parameters.\n3) Operationally Available Capacity may be updated throughout the day to account for changes including, but not limited to: netting of bidirectional nominations, partial segment path nominations, storage swing services, exchanges, facility outages, and imbalance management.\n4) Total Scheduled Quantity is the resulting scheduled volume after netting scheduled volumes in both flow directions.\u00a0 This quantity for each segment is displayed only in the resulting net physical flow direction of the segment.\u00a0 Opposite of the physical flow direction will display a quantity of zero although there could be volumes scheduled. For further explanation, contact your Scheduling Representative. \u00a0\u00a0\n5) The net Total Scheduled Quantity may result in a quantity different than Operating Capacity due to the confirmation process after scheduling.\n6) Operating Capacity may be different than Design Capacity based on the periodic, non-permanent anticipated or observed operational pipeline conditions including, but not limited to: higher or lower average thermal content of the gas, higher or lower pressure from interconnecting pipelines, on-going maintenance, etc.\n7) Operating Capacity may be greater than the Design Capacity of the segment to accommodate scheduling of services that contain rights to multiple, redundant firm transportation paths which can be served entirely or in part through an alternate physical path.\n8) The IT Indicator shows whether gas has been scheduled under any interruptible service."", ""report_artifact_id"": ""km_tgp_notice_detail:1788197456279496000:cc4e15187816ef531b2c0d32f54f0c4fc2731bd4f14670beb540a5551574d909""}",2026-08-31T17:42:15.945168Z,km_tgp_notice_detail:1788197456279496000:cc4e15187816ef531b2c0d32f54f0c4fc2731bd4f14670beb540a5551574d909,km_tgp_segment_capacity:1788198122755547000:8fdc5140c4927947e235a62aa64289aad62f3fa51c867ee8ed2458e198852ac1
tgp-impact:5e21ab2f33730beef5bc5a03d444f1f7cf267c3f4f22dbabda8f2410f459bdab,403802,2026-08-27,2026-09-03,2026-09-03,Station 860 (segment 548 BH),548,BH,TD2,Z1,STA 860 SOUTH 500 LINE,2026-08-31,EVENING,1390000,1412867,0,1593000,1390000,203000,22867,0,pre_event,normalized_name,research_scenario,unresolved,"No licensed regional basis observations or exact TGP leg-to-contract mapping are loaded. Henry Hub NG is a national benchmark, not direct evidence of this TGP event's price exposure.",https://www.cmegroup.com/markets/energy/natural-gas/natural-gas.html,"[""Future nominations and rerouting are not observed; the shortfall assumes the captured schedule is unchanged.""]","{""calculation"": ""max(0, baseline scheduled quantity - forecast operating capacity)"", ""capacity_artifact_id"": ""km_tgp_segment_capacity:1788198122755547000:8fdc5140c4927947e235a62aa64289aad62f3fa51c867ee8ed2458e198852ac1"", ""capacity_run_id"": ""d79f586d-160a-47d8-9546-69b566a24dbc"", ""capacity_source_age_hours_at_calculation"": 15.92, ""direction_mapping"": {""capacity"": ""TD2"", ""forecast"": ""BH"", ""method"": ""FH=operator default direction=TD1; BH=opposite direction=TD2"", ""operator_direction_notice_url"": ""https://pipeline2.kindermorgan.com/Notices/NoticeDetail.aspx?code=TGP&notc_nbr=363144"", ""operator_segment_map_url"": ""https://pipeline2.kindermorgan.com/Documents/TGP/TGP_Segment_-_Pin_Map-20260721125239.pdf""}, ""interpretation"": ""Conditional scheduled shortfall if the captured net schedule holds; not physical flow, curtailment, or a price prediction."", ""operator_capacity_caveat"": ""Flow Indicator (Flow Ind)\n\nTD1 - Flow in the direction as shown on the pipeline segment map.\n\nTD2 - Flow in the opposite direction shown on the pipeline segment map.\n\n1) Design Capacity generally reflects the physical capacity of a segment as determined by a capacity model utilizing current contractual receipt/delivery quantities and a reasonable set of engineering assumptions and parameters.\n2) Design Capacity may be updated periodically to reflect changes in contractual receipt/delivery patterns, paths that do not utilize the entire segment and/or capacity modeling parameters.\n3) Operationally Available Capacity may be updated throughout the day to account for changes including, but not limited to: netting of bidirectional nominations, partial segment path nominations, storage swing services, exchanges, facility outages, and imbalance management.\n4) Total Scheduled Quantity is the resulting scheduled volume after netting scheduled volumes in both flow directions.\u00a0 This quantity for each segment is displayed only in the resulting net physical flow direction of the segment.\u00a0 Opposite of the physical flow direction will display a quantity of zero although there could be volumes scheduled. For further explanation, contact your Scheduling Representative. \u00a0\u00a0\n5) The net Total Scheduled Quantity may result in a quantity different than Operating Capacity due to the confirmation process after scheduling.\n6) Operating Capacity may be different than Design Capacity based on the periodic, non-permanent anticipated or observed operational pipeline conditions including, but not limited to: higher or lower average thermal content of the gas, higher or lower pressure from interconnecting pipelines, on-going maintenance, etc.\n7) Operating Capacity may be greater than the Design Capacity of the segment to accommodate scheduling of services that contain rights to multiple, redundant firm transportation paths which can be served entirely or in part through an alternate physical path.\n8) The IT Indicator shows whether gas has been scheduled under any interruptible service."", ""report_artifact_id"": ""km_tgp_notice_detail:1788197456279496000:cc4e15187816ef531b2c0d32f54f0c4fc2731bd4f14670beb540a5551574d909""}",2026-08-31T17:42:15.945168Z,km_tgp_notice_detail:1788197456279496000:cc4e15187816ef531b2c0d32f54f0c4fc2731bd4f14670beb540a5551574d909,km_tgp_segment_capacity:1788198122755547000:8fdc5140c4927947e235a62aa64289aad62f3fa51c867ee8ed2458e198852ac1
tgp-impact:24b5580f6b1b64240946fb2923f3fc94a23dd2b7ee2cb92ac3ebde5e9870e8de,403802,2026-08-27,2026-09-04,2026-09-04,Station 860 (segment 548 BH),548,BH,TD2,Z1,STA 860 SOUTH 500 LINE,2026-08-31,EVENING,1390000,1412867,0,1593000,1390000,203000,22867,0,pre_event,normalized_name,research_scenario,unresolved,"No licensed regional basis observations or exact TGP leg-to-contract mapping are loaded. Henry Hub NG is a national benchmark, not direct evidence of this TGP event's price exposure.",https://www.cmegroup.com/markets/energy/natural-gas/natural-gas.html,"[""Future nominations and rerouting are not observed; the shortfall assumes the captured schedule is unchanged.""]","{""calculation"": ""max(0, baseline scheduled quantity - forecast operating capacity)"", ""capacity_artifact_id"": ""km_tgp_segment_capacity:1788198122755547000:8fdc5140c4927947e235a62aa64289aad62f3fa51c867ee8ed2458e198852ac1"", ""capacity_run_id"": ""d79f586d-160a-47d8-9546-69b566a24dbc"", ""capacity_source_age_hours_at_calculation"": 15.92, ""direction_mapping"": {""capacity"": ""TD2"", ""forecast"": ""BH"", ""method"": ""FH=operator default direction=TD1; BH=opposite direction=TD2"", ""operator_direction_notice_url"": ""https://pipeline2.kindermorgan.com/Notices/NoticeDetail.aspx?code=TGP&notc_nbr=363144"", ""operator_segment_map_url"": ""https://pipeline2.kindermorgan.com/Documents/TGP/TGP_Segment_-_Pin_Map-20260721125239.pdf""}, ""interpretation"": ""Conditional scheduled shortfall if the captured net schedule holds; not physical flow, curtailment, or a price prediction."", ""operator_capacity_caveat"": ""Flow Indicator (Flow Ind)\n\nTD1 - Flow in the direction as shown on the pipeline segment map.\n\nTD2 - Flow in the opposite direction shown on the pipeline segment map.\n\n1) Design Capacity generally reflects the physical capacity of a segment as determined by a capacity model utilizing current contractual receipt/delivery quantities and a reasonable set of engineering assumptions and parameters.\n2) Design Capacity may be updated periodically to reflect changes in contractual receipt/delivery patterns, paths that do not utilize the entire segment and/or capacity modeling parameters.\n3) Operationally Available Capacity may be updated throughout the day to account for changes including, but not limited to: netting of bidirectional nominations, partial segment path nominations, storage swing services, exchanges, facility outages, and imbalance management.\n4) Total Scheduled Quantity is the resulting scheduled volume after netting scheduled volumes in both flow directions.\u00a0 This quantity for each segment is displayed only in the resulting net physical flow direction of the segment.\u00a0 Opposite of the physical flow direction will display a quantity of zero although there could be volumes scheduled. For further explanation, contact your Scheduling Representative. \u00a0\u00a0\n5) The net Total Scheduled Quantity may result in a quantity different than Operating Capacity due to the confirmation process after scheduling.\n6) Operating Capacity may be different than Design Capacity based on the periodic, non-permanent anticipated or observed operational pipeline conditions including, but not limited to: higher or lower average thermal content of the gas, higher or lower pressure from interconnecting pipelines, on-going maintenance, etc.\n7) Operating Capacity may be greater than the Design Capacity of the segment to accommodate scheduling of services that contain rights to multiple, redundant firm transportation paths which can be served entirely or in part through an alternate physical path.\n8) The IT Indicator shows whether gas has been scheduled under any interruptible service."", ""report_artifact_id"": ""km_tgp_notice_detail:1788197456279496000:cc4e15187816ef531b2c0d32f54f0c4fc2731bd4f14670beb540a5551574d909""}",2026-08-31T17:42:15.945168Z,km_tgp_notice_detail:1788197456279496000:cc4e15187816ef531b2c0d32f54f0c4fc2731bd4f14670beb540a5551574d909,km_tgp_segment_capacity:1788198122755547000:8fdc5140c4927947e235a62aa64289aad62f3fa51c867ee8ed2458e198852ac1
tgp-impact:c7e4b77deb1d1f951e010b3b0607e0c017b3a85b4a2c4548003e79a7fd77d9de,403802,2026-08-27,2026-09-05,2026-09-05,Station 860 (segment 548 BH),548,BH,TD2,Z1,STA 860 SOUTH 500 LINE,2026-08-31,EVENING,1390000,1412867,0,1593000,1390000,203000,22867,0,pre_event,normalized_name,research_scenario,unresolved,"No licensed regional basis observations or exact TGP leg-to-contract mapping are loaded. Henry Hub NG is a national benchmark, not direct evidence of this TGP event's price exposure.",https://www.cmegroup.com/markets/energy/natural-gas/natural-gas.html,"[""Future nominations and rerouting are not observed; the shortfall assumes the captured schedule is unchanged.""]","{""calculation"": ""max(0, baseline scheduled quantity - forecast operating capacity)"", ""capacity_artifact_id"": ""km_tgp_segment_capacity:1788198122755547000:8fdc5140c4927947e235a62aa64289aad62f3fa51c867ee8ed2458e198852ac1"", ""capacity_run_id"": ""d79f586d-160a-47d8-9546-69b566a24dbc"", ""capacity_source_age_hours_at_calculation"": 15.92, ""direction_mapping"": {""capacity"": ""TD2"", ""forecast"": ""BH"", ""method"": ""FH=operator default direction=TD1; BH=opposite direction=TD2"", ""operator_direction_notice_url"": ""https://pipeline2.kindermorgan.com/Notices/NoticeDetail.aspx?code=TGP&notc_nbr=363144"", ""operator_segment_map_url"": ""https://pipeline2.kindermorgan.com/Documents/TGP/TGP_Segment_-_Pin_Map-20260721125239.pdf""}, ""interpretation"": ""Conditional scheduled shortfall if the captured net schedule holds; not physical flow, curtailment, or a price prediction."", ""operator_capacity_caveat"": ""Flow Indicator (Flow Ind)\n\nTD1 - Flow in the direction as shown on the pipeline segment map.\n\nTD2 - Flow in the opposite direction shown on the pipeline segment map.\n\n1) Design Capacity generally reflects the physical capacity of a segment as determined by a capacity model utilizing current contractual receipt/delivery quantities and a reasonable set of engineering assumptions and parameters.\n2) Design Capacity may be updated periodically to reflect changes in contractual receipt/delivery patterns, paths that do not utilize the entire segment and/or capacity modeling parameters.\n3) Operationally Available Capacity may be updated throughout the day to account for changes including, but not limited to: netting of bidirectional nominations, partial segment path nominations, storage swing services, exchanges, facility outages, and imbalance management.\n4) Total Scheduled Quantity is the resulting scheduled volume after netting scheduled volumes in both flow directions.\u00a0 This quantity for each segment is displayed only in the resulting net physical flow direction of the segment.\u00a0 Opposite of the physical flow direction will display a quantity of zero although there could be volumes scheduled. For further explanation, contact your Scheduling Representative. \u00a0\u00a0\n5) The net Total Scheduled Quantity may result in a quantity different than Operating Capacity due to the confirmation process after scheduling.\n6) Operating Capacity may be different than Design Capacity based on the periodic, non-permanent anticipated or observed operational pipeline conditions including, but not limited to: higher or lower average thermal content of the gas, higher or lower pressure from interconnecting pipelines, on-going maintenance, etc.\n7) Operating Capacity may be greater than the Design Capacity of the segment to accommodate scheduling of services that contain rights to multiple, redundant firm transportation paths which can be served entirely or in part through an alternate physical path.\n8) The IT Indicator shows whether gas has been scheduled under any interruptible service."", ""report_artifact_id"": ""km_tgp_notice_detail:1788197456279496000:cc4e15187816ef531b2c0d32f54f0c4fc2731bd4f14670beb540a5551574d909""}",2026-08-31T17:42:15.945168Z,km_tgp_notice_detail:1788197456279496000:cc4e15187816ef531b2c0d32f54f0c4fc2731bd4f14670beb540a5551574d909,km_tgp_segment_capacity:1788198122755547000:8fdc5140c4927947e235a62aa64289aad62f3fa51c867ee8ed2458e198852ac1
tgp-impact:f7e81ff487b2704064cf282145dd303f5fddb116a17217a0fe26c64e1a4d9e84,403802,2026-08-27,2026-09-06,2026-09-06,Station 860 (segment 548 BH),548,BH,TD2,Z1,STA 860 SOUTH 500 LINE,2026-08-31,EVENING,1390000,1412867,0,1593000,1390000,203000,22867,0,pre_event,normalized_name,research_scenario,unresolved,"No licensed regional basis observations or exact TGP leg-to-contract mapping are loaded. Henry Hub NG is a national benchmark, not direct evidence of this TGP event's price exposure.",https://www.cmegroup.com/markets/energy/natural-gas/natural-gas.html,"[""Future nominations and rerouting are not observed; the shortfall assumes the captured schedule is unchanged.""]","{""calculation"": ""max(0, baseline scheduled quantity - forecast operating capacity)"", ""capacity_artifact_id"": ""km_tgp_segment_capacity:1788198122755547000:8fdc5140c4927947e235a62aa64289aad62f3fa51c867ee8ed2458e198852ac1"", ""capacity_run_id"": ""d79f586d-160a-47d8-9546-69b566a24dbc"", ""capacity_source_age_hours_at_calculation"": 15.92, ""direction_mapping"": {""capacity"": ""TD2"", ""forecast"": ""BH"", ""method"": ""FH=operator default direction=TD1; BH=opposite direction=TD2"", ""operator_direction_notice_url"": ""https://pipeline2.kindermorgan.com/Notices/NoticeDetail.aspx?code=TGP&notc_nbr=363144"", ""operator_segment_map_url"": ""https://pipeline2.kindermorgan.com/Documents/TGP/TGP_Segment_-_Pin_Map-20260721125239.pdf""}, ""interpretation"": ""Conditional scheduled shortfall if the captured net schedule holds; not physical flow, curtailment, or a price prediction."", ""operator_capacity_caveat"": ""Flow Indicator (Flow Ind)\n\nTD1 - Flow in the direction as shown on the pipeline segment map.\n\nTD2 - Flow in the opposite direction shown on the pipeline segment map.\n\n1) Design Capacity generally reflects the physical capacity of a segment as determined by a capacity model utilizing current contractual receipt/delivery quantities and a reasonable set of engineering assumptions and parameters.\n2) Design Capacity may be updated periodically to reflect changes in contractual receipt/delivery patterns, paths that do not utilize the entire segment and/or capacity modeling parameters.\n3) Operationally Available Capacity may be updated throughout the day to account for changes including, but not limited to: netting of bidirectional nominations, partial segment path nominations, storage swing services, exchanges, facility outages, and imbalance management.\n4) Total Scheduled Quantity is the resulting scheduled volume after netting scheduled volumes in both flow directions.\u00a0 This quantity for each segment is displayed only in the resulting net physical flow direction of the segment.\u00a0 Opposite of the physical flow direction will display a quantity of zero although there could be volumes scheduled. For further explanation, contact your Scheduling Representative. \u00a0\u00a0\n5) The net Total Scheduled Quantity may result in a quantity different than Operating Capacity due to the confirmation process after scheduling.\n6) Operating Capacity may be different than Design Capacity based on the periodic, non-permanent anticipated or observed operational pipeline conditions including, but not limited to: higher or lower average thermal content of the gas, higher or lower pressure from interconnecting pipelines, on-going maintenance, etc.\n7) Operating Capacity may be greater than the Design Capacity of the segment to accommodate scheduling of services that contain rights to multiple, redundant firm transportation paths which can be served entirely or in part through an alternate physical path.\n8) The IT Indicator shows whether gas has been scheduled under any interruptible service."", ""report_artifact_id"": ""km_tgp_notice_detail:1788197456279496000:cc4e15187816ef531b2c0d32f54f0c4fc2731bd4f14670beb540a5551574d909""}",2026-08-31T17:42:15.945168Z,km_tgp_notice_detail:1788197456279496000:cc4e15187816ef531b2c0d32f54f0c4fc2731bd4f14670beb540a5551574d909,km_tgp_segment_capacity:1788198122755547000:8fdc5140c4927947e235a62aa64289aad62f3fa51c867ee8ed2458e198852ac1
tgp-impact:c44df3d0f6a4fe24fa15b2ba12e01b8c63759b060cc0bcf835f76f08efd73509,403802,2026-08-27,2026-09-07,2026-09-13,Station 860 (segment 548 BH),548,BH,TD2,Z1,STA 860 SOUTH 500 LINE,2026-08-31,EVENING,1390000,1412867,0,1593000,1390000,203000,22867,0,pre_event,normalized_name,research_scenario,unresolved,"No licensed regional basis observations or exact TGP leg-to-contract mapping are loaded. Henry Hub NG is a national benchmark, not direct evidence of this TGP event's price exposure.",https://www.cmegroup.com/markets/energy/natural-gas/natural-gas.html,"[""Future nominations and rerouting are not observed; the shortfall assumes the captured schedule is unchanged.""]","{""calculation"": ""max(0, baseline scheduled quantity - forecast operating capacity)"", ""capacity_artifact_id"": ""km_tgp_segment_capacity:1788198122755547000:8fdc5140c4927947e235a62aa64289aad62f3fa51c867ee8ed2458e198852ac1"", ""capacity_run_id"": ""d79f586d-160a-47d8-9546-69b566a24dbc"", ""capacity_source_age_hours_at_calculation"": 15.92, ""direction_mapping"": {""capacity"": ""TD2"", ""forecast"": ""BH"", ""method"": ""FH=operator default direction=TD1; BH=opposite direction=TD2"", ""operator_direction_notice_url"": ""https://pipeline2.kindermorgan.com/Notices/NoticeDetail.aspx?code=TGP&notc_nbr=363144"", ""operator_segment_map_url"": ""https://pipeline2.kindermorgan.com/Documents/TGP/TGP_Segment_-_Pin_Map-20260721125239.pdf""}, ""interpretation"": ""Conditional scheduled shortfall if the captured net schedule holds; not physical flow, curtailment, or a price prediction."", ""operator_capacity_caveat"": ""Flow Indicator (Flow Ind)\n\nTD1 - Flow in the direction as shown on the pipeline segment map.\n\nTD2 - Flow in the opposite direction shown on the pipeline segment map.\n\n1) Design Capacity generally reflects the physical capacity of a segment as determined by a capacity model utilizing current contractual receipt/delivery quantities and a reasonable set of engineering assumptions and parameters.\n2) Design Capacity may be updated periodically to reflect changes in contractual receipt/delivery patterns, paths that do not utilize the entire segment and/or capacity modeling parameters.\n3) Operationally Available Capacity may be updated throughout the day to account for changes including, but not limited to: netting of bidirectional nominations, partial segment path nominations, storage swing services, exchanges, facility outages, and imbalance management.\n4) Total Scheduled Quantity is the resulting scheduled volume after netting scheduled volumes in both flow directions.\u00a0 This quantity for each segment is displayed only in the resulting net physical flow direction of the segment.\u00a0 Opposite of the physical flow direction will display a quantity of zero although there could be volumes scheduled. For further explanation, contact your Scheduling Representative. \u00a0\u00a0\n5) The net Total Scheduled Quantity may result in a quantity different than Operating Capacity due to the confirmation process after scheduling.\n6) Operating Capacity may be different than Design Capacity based on the periodic, non-permanent anticipated or observed operational pipeline conditions including, but not limited to: higher or lower average thermal content of the gas, higher or lower pressure from interconnecting pipelines, on-going maintenance, etc.\n7) Operating Capacity may be greater than the Design Capacity of the segment to accommodate scheduling of services that contain rights to multiple, redundant firm transportation paths which can be served entirely or in part through an alternate physical path.\n8) The IT Indicator shows whether gas has been scheduled under any interruptible service."", ""report_artifact_id"": ""km_tgp_notice_detail:1788197456279496000:cc4e15187816ef531b2c0d32f54f0c4fc2731bd4f14670beb540a5551574d909""}",2026-08-31T17:42:15.945168Z,km_tgp_notice_detail:1788197456279496000:cc4e15187816ef531b2c0d32f54f0c4fc2731bd4f14670beb540a5551574d909,km_tgp_segment_capacity:1788198122755547000:8fdc5140c4927947e235a62aa64289aad62f3fa51c867ee8ed2458e198852ac1
tgp-impact:accb39ab8a3151c07eb0f4ff84d100046068080191d7168f62d3fdf377e55fd6,403802,2026-08-27,2026-10-26,2026-11-01,Station 245 (segment 245 FH),245,FH,TD1,Z5,STA 245,2026-08-31,EVENING,970000,785990,184010,986000,765000,221000,20990,0,pre_event,normalized_name,research_scenario,unresolved,"No licensed regional basis observations or exact TGP leg-to-contract mapping are loaded. Henry Hub NG is a national benchmark, not direct evidence of this TGP event's price exposure.",https://www.cmegroup.com/markets/energy/natural-gas/natural-gas.html,"[""Future nominations and rerouting are not observed; the shortfall assumes the captured schedule is unchanged.""]","{""calculation"": ""max(0, baseline scheduled quantity - forecast operating capacity)"", ""capacity_artifact_id"": ""km_tgp_segment_capacity:1788198122755547000:8fdc5140c4927947e235a62aa64289aad62f3fa51c867ee8ed2458e198852ac1"", ""capacity_run_id"": ""d79f586d-160a-47d8-9546-69b566a24dbc"", ""capacity_source_age_hours_at_calculation"": 15.92, ""direction_mapping"": {""capacity"": ""TD1"", ""forecast"": ""FH"", ""method"": ""FH=operator default direction=TD1; BH=opposite direction=TD2"", ""operator_direction_notice_url"": ""https://pipeline2.kindermorgan.com/Notices/NoticeDetail.aspx?code=TGP&notc_nbr=363144"", ""operator_segment_map_url"": ""https://pipeline2.kindermorgan.com/Documents/TGP/TGP_Segment_-_Pin_Map-20260721125239.pdf""}, ""interpretation"": ""Conditional scheduled shortfall if the captured net schedule holds; not physical flow, curtailment, or a price prediction."", ""operator_capacity_caveat"": ""Flow Indicator (Flow Ind)\n\nTD1 - Flow in the direction as shown on the pipeline segment map.\n\nTD2 - Flow in the opposite direction shown on the pipeline segment map.\n\n1) Design Capacity generally reflects the physical capacity of a segment as determined by a capacity model utilizing current contractual receipt/delivery quantities and a reasonable set of engineering assumptions and parameters.\n2) Design Capacity may be updated periodically to reflect changes in contractual receipt/delivery patterns, paths that do not utilize the entire segment and/or capacity modeling parameters.\n3) Operationally Available Capacity may be updated throughout the day to account for changes including, but not limited to: netting of bidirectional nominations, partial segment path nominations, storage swing services, exchanges, facility outages, and imbalance management.\n4) Total Scheduled Quantity is the resulting scheduled volume after netting scheduled volumes in both flow directions.\u00a0 This quantity for each segment is displayed only in the resulting net physical flow direction of the segment.\u00a0 Opposite of the physical flow direction will display a quantity of zero although there could be volumes scheduled. For further explanation, contact your Scheduling Representative. \u00a0\u00a0\n5) The net Total Scheduled Quantity may result in a quantity different than Operating Capacity due to the confirmation process after scheduling.\n6) Operating Capacity may be different than Design Capacity based on the periodic, non-permanent anticipated or observed operational pipeline conditions including, but not limited to: higher or lower average thermal content of the gas, higher or lower pressure from interconnecting pipelines, on-going maintenance, etc.\n7) Operating Capacity may be greater than the Design Capacity of the segment to accommodate scheduling of services that contain rights to multiple, redundant firm transportation paths which can be served entirely or in part through an alternate physical path.\n8) The IT Indicator shows whether gas has been scheduled under any interruptible service."", ""report_artifact_id"": ""km_tgp_notice_detail:1788197456279496000:cc4e15187816ef531b2c0d32f54f0c4fc2731bd4f14670beb540a5551574d909""}",2026-08-31T17:42:15.945168Z,km_tgp_notice_detail:1788197456279496000:cc4e15187816ef531b2c0d32f54f0c4fc2731bd4f14670beb540a5551574d909,km_tgp_segment_capacity:1788198122755547000:8fdc5140c4927947e235a62aa64289aad62f3fa51c867ee8ed2458e198852ac1
tgp-impact:ecd864bdc81b2e18d4f7bcce5a1c375f18cd860e72e48d0ad55878d12e06dfbf,403802,2026-08-27,2026-09-14,2026-09-20,Station 315 (segment 315 BH),315,BH,TD2,Z4,STA 315,2026-08-31,EVENING,1823296,1689233,134063,1823000,1675000,148000,14233,0,pre_event,normalized_name,research_scenario,unresolved,"No licensed regional basis observations or exact TGP leg-to-contract mapping are loaded. Henry Hub NG is a national benchmark, not direct evidence of this TGP event's price exposure.",https://www.cmegroup.com/markets/energy/natural-gas/natural-gas.html,"[""Future nominations and rerouting are not observed; the shortfall assumes the captured schedule is unchanged.""]","{""calculation"": ""max(0, baseline scheduled quantity - forecast operating capacity)"", ""capacity_artifact_id"": ""km_tgp_segment_capacity:1788198122755547000:8fdc5140c4927947e235a62aa64289aad62f3fa51c867ee8ed2458e198852ac1"", ""capacity_run_id"": ""d79f586d-160a-47d8-9546-69b566a24dbc"", ""capacity_source_age_hours_at_calculation"": 15.92, ""direction_mapping"": {""capacity"": ""TD2"", ""forecast"": ""BH"", ""method"": ""FH=operator default direction=TD1; BH=opposite direction=TD2"", ""operator_direction_notice_url"": ""https://pipeline2.kindermorgan.com/Notices/NoticeDetail.aspx?code=TGP&notc_nbr=363144"", ""operator_segment_map_url"": ""https://pipeline2.kindermorgan.com/Documents/TGP/TGP_Segment_-_Pin_Map-20260721125239.pdf""}, ""interpretation"": ""Conditional scheduled shortfall if the captured net schedule holds; not physical flow, curtailment, or a price prediction."", ""operator_capacity_caveat"": ""Flow Indicator (Flow Ind)\n\nTD1 - Flow in the direction as shown on the pipeline segment map.\n\nTD2 - Flow in the opposite direction shown on the pipeline segment map.\n\n1) Design Capacity generally reflects the physical capacity of a segment as determined by a capacity model utilizing current contractual receipt/delivery quantities and a reasonable set of engineering assumptions and parameters.\n2) Design Capacity may be updated periodically to reflect changes in contractual receipt/delivery patterns, paths that do not utilize the entire segment and/or capacity modeling parameters.\n3) Operationally Available Capacity may be updated throughout the day to account for changes including, but not limited to: netting of bidirectional nominations, partial segment path nominations, storage swing services, exchanges, facility outages, and imbalance management.\n4) Total Scheduled Quantity is the resulting scheduled volume after netting scheduled volumes in both flow directions.\u00a0 This quantity for each segment is displayed only in the resulting net physical flow direction of the segment.\u00a0 Opposite of the physical flow direction will display a quantity of zero although there could be volumes scheduled. For further explanation, contact your Scheduling Representative. \u00a0\u00a0\n5) The net Total Scheduled Quantity may result in a quantity different than Operating Capacity due to the confirmation process after scheduling.\n6) Operating Capacity may be different than Design Capacity based on the periodic, non-permanent anticipated or observed operational pipeline conditions including, but not limited to: higher or lower average thermal content of the gas, higher or lower pressure from interconnecting pipelines, on-going maintenance, etc.\n7) Operating Capacity may be greater than the Design Capacity of the segment to accommodate scheduling of services that contain rights to multiple, redundant firm transportation paths which can be served entirely or in part through an alternate physical path.\n8) The IT Indicator shows whether gas has been scheduled under any interruptible service."", ""report_artifact_id"": ""km_tgp_notice_detail:1788197456279496000:cc4e15187816ef531b2c0d32f54f0c4fc2731bd4f14670beb540a5551574d909""}",2026-08-31T17:42:15.945168Z,km_tgp_notice_detail:1788197456279496000:cc4e15187816ef531b2c0d32f54f0c4fc2731bd4f14670beb540a5551574d909,km_tgp_segment_capacity:1788198122755547000:8fdc5140c4927947e235a62aa64289aad62f3fa51c867ee8ed2458e198852ac1
tgp-impact:f7b7bf7cd1adf4d44f670d405ac8784f7d04af9dff38b1e3653bea50cc32e3f1,403802,2026-08-27,2026-10-12,2026-10-18,Station 860 North (Segment 860 BH),860,BH,TD2,Z1,STA 860 NORTH,2026-08-31,EVENING,1530000,1483793,46207,1874000,1475000,399000,8793,0,pre_event,normalized_name,research_scenario,unresolved,"No licensed regional basis observations or exact TGP leg-to-contract mapping are loaded. Henry Hub NG is a national benchmark, not direct evidence of this TGP event's price exposure.",https://www.cmegroup.com/markets/energy/natural-gas/natural-gas.html,"[""Future nominations and rerouting are not observed; the shortfall assumes the captured schedule is unchanged.""]","{""calculation"": ""max(0, baseline scheduled quantity - forecast operating capacity)"", ""capacity_artifact_id"": ""km_tgp_segment_capacity:1788198122755547000:8fdc5140c4927947e235a62aa64289aad62f3fa51c867ee8ed2458e198852ac1"", ""capacity_run_id"": ""d79f586d-160a-47d8-9546-69b566a24dbc"", ""capacity_source_age_hours_at_calculation"": 15.92, ""direction_mapping"": {""capacity"": ""TD2"", ""forecast"": ""BH"", ""method"": ""FH=operator default direction=TD1; BH=opposite direction=TD2"", ""operator_direction_notice_url"": ""https://pipeline2.kindermorgan.com/Notices/NoticeDetail.aspx?code=TGP&notc_nbr=363144"", ""operator_segment_map_url"": ""https://pipeline2.kindermorgan.com/Documents/TGP/TGP_Segment_-_Pin_Map-20260721125239.pdf""}, ""interpretation"": ""Conditional scheduled shortfall if the captured net schedule holds; not physical flow, curtailment, or a price prediction."", ""operator_capacity_caveat"": ""Flow Indicator (Flow Ind)\n\nTD1 - Flow in the direction as shown on the pipeline segment map.\n\nTD2 - Flow in the opposite direction shown on the pipeline segment map.\n\n1) Design Capacity generally reflects the physical capacity of a segment as determined by a capacity model utilizing current contractual receipt/delivery quantities and a reasonable set of engineering assumptions and parameters.\n2) Design Capacity may be updated periodically to reflect changes in contractual receipt/delivery patterns, paths that do not utilize the entire segment and/or capacity modeling parameters.\n3) Operationally Available Capacity may be updated throughout the day to account for changes including, but not limited to: netting of bidirectional nominations, partial segment path nominations, storage swing services, exchanges, facility outages, and imbalance management.\n4) Total Scheduled Quantity is the resulting scheduled volume after netting scheduled volumes in both flow directions.\u00a0 This quantity for each segment is displayed only in the resulting net physical flow direction of the segment.\u00a0 Opposite of the physical flow direction will display a quantity of zero although there could be volumes scheduled. For further explanation, contact your Scheduling Representative. \u00a0\u00a0\n5) The net Total Scheduled Quantity may result in a quantity different than Operating Capacity due to the confirmation process after scheduling.\n6) Operating Capacity may be different than Design Capacity based on the periodic, non-permanent anticipated or observed operational pipeline conditions including, but not limited to: higher or lower average thermal content of the gas, higher or lower pressure from interconnecting pipelines, on-going maintenance, etc.\n7) Operating Capacity may be greater than the Design Capacity of the segment to accommodate scheduling of services that contain rights to multiple, redundant firm transportation paths which can be served entirely or in part through an alternate physical path.\n8) The IT Indicator shows whether gas has been scheduled under any interruptible service."", ""report_artifact_id"": ""km_tgp_notice_detail:1788197456279496000:cc4e15187816ef531b2c0d32f54f0c4fc2731bd4f14670beb540a5551574d909""}",2026-08-31T17:42:15.945168Z,km_tgp_notice_detail:1788197456279496000:cc4e15187816ef531b2c0d32f54f0c4fc2731bd4f14670beb540a5551574d909,km_tgp_segment_capacity:1788198122755547000:8fdc5140c4927947e235a62aa64289aad62f3fa51c867ee8ed2458e198852ac1
tgp-impact:757d7ee7dcd9809642c166b2f8ff1eaa3d4fc8f3b343f8a16200ab0811f9d001,403802,2026-08-27,2026-10-19,2026-10-25,Station 860 North (Segment 860 BH),860,BH,TD2,Z1,STA 860 NORTH,2026-08-31,EVENING,1530000,1483793,46207,1874000,1475000,399000,8793,0,pre_event,normalized_name,research_scenario,unresolved,"No licensed regional basis observations or exact TGP leg-to-contract mapping are loaded. Henry Hub NG is a national benchmark, not direct evidence of this TGP event's price exposure.",https://www.cmegroup.com/markets/energy/natural-gas/natural-gas.html,"[""Future nominations and rerouting are not observed; the shortfall assumes the captured schedule is unchanged.""]","{""calculation"": ""max(0, baseline scheduled quantity - forecast operating capacity)"", ""capacity_artifact_id"": ""km_tgp_segment_capacity:1788198122755547000:8fdc5140c4927947e235a62aa64289aad62f3fa51c867ee8ed2458e198852ac1"", ""capacity_run_id"": ""d79f586d-160a-47d8-9546-69b566a24dbc"", ""capacity_source_age_hours_at_calculation"": 15.92, ""direction_mapping"": {""capacity"": ""TD2"", ""forecast"": ""BH"", ""method"": ""FH=operator default direction=TD1; BH=opposite direction=TD2"", ""operator_direction_notice_url"": ""https://pipeline2.kindermorgan.com/Notices/NoticeDetail.aspx?code=TGP&notc_nbr=363144"", ""operator_segment_map_url"": ""https://pipeline2.kindermorgan.com/Documents/TGP/TGP_Segment_-_Pin_Map-20260721125239.pdf""}, ""interpretation"": ""Conditional scheduled shortfall if the captured net schedule holds; not physical flow, curtailment, or a price prediction."", ""operator_capacity_caveat"": ""Flow Indicator (Flow Ind)\n\nTD1 - Flow in the direction as shown on the pipeline segment map.\n\nTD2 - Flow in the opposite direction shown on the pipeline segment map.\n\n1) Design Capacity generally reflects the physical capacity of a segment as determined by a capacity model utilizing current contractual receipt/delivery quantities and a reasonable set of engineering assumptions and parameters.\n2) Design Capacity may be updated periodically to reflect changes in contractual receipt/delivery patterns, paths that do not utilize the entire segment and/or capacity modeling parameters.\n3) Operationally Available Capacity may be updated throughout the day to account for changes including, but not limited to: netting of bidirectional nominations, partial segment path nominations, storage swing services, exchanges, facility outages, and imbalance management.\n4) Total Scheduled Quantity is the resulting scheduled volume after netting scheduled volumes in both flow directions.\u00a0 This quantity for each segment is displayed only in the resulting net physical flow direction of the segment.\u00a0 Opposite of the physical flow direction will display a quantity of zero although there could be volumes scheduled. For further explanation, contact your Scheduling Representative. \u00a0\u00a0\n5) The net Total Scheduled Quantity may result in a quantity different than Operating Capacity due to the confirmation process after scheduling.\n6) Operating Capacity may be different than Design Capacity based on the periodic, non-permanent anticipated or observed operational pipeline conditions including, but not limited to: higher or lower average thermal content of the gas, higher or lower pressure from interconnecting pipelines, on-going maintenance, etc.\n7) Operating Capacity may be greater than the Design Capacity of the segment to accommodate scheduling of services that contain rights to multiple, redundant firm transportation paths which can be served entirely or in part through an alternate physical path.\n8) The IT Indicator shows whether gas has been scheduled under any interruptible service."", ""report_artifact_id"": ""km_tgp_notice_detail:1788197456279496000:cc4e15187816ef531b2c0d32f54f0c4fc2731bd4f14670beb540a5551574d909""}",2026-08-31T17:42:15.945168Z,km_tgp_notice_detail:1788197456279496000:cc4e15187816ef531b2c0d32f54f0c4fc2731bd4f14670beb540a5551574d909,km_tgp_segment_capacity:1788198122755547000:8fdc5140c4927947e235a62aa64289aad62f3fa51c867ee8ed2458e198852ac1
tgp-impact:3bca6fecb9f254d3c48b612052060caa809473a98f9d8b5a747b311676166134,403802,2026-08-27,2026-10-26,2026-11-01,Station 860 North (Segment 860 BH),860,BH,TD2,Z1,STA 860 NORTH,2026-08-31,EVENING,1530000,1483793,46207,1874000,1475000,399000,8793,0,pre_event,normalized_name,research_scenario,unresolved,"No licensed regional basis observations or exact TGP leg-to-contract mapping are loaded. Henry Hub NG is a national benchmark, not direct evidence of this TGP event's price exposure.",https://www.cmegroup.com/markets/energy/natural-gas/natural-gas.html,"[""Future nominations and rerouting are not observed; the shortfall assumes the captured schedule is unchanged.""]","{""calculation"": ""max(0, baseline scheduled quantity - forecast operating capacity)"", ""capacity_artifact_id"": ""km_tgp_segment_capacity:1788198122755547000:8fdc5140c4927947e235a62aa64289aad62f3fa51c867ee8ed2458e198852ac1"", ""capacity_run_id"": ""d79f586d-160a-47d8-9546-69b566a24dbc"", ""capacity_source_age_hours_at_calculation"": 15.92, ""direction_mapping"": {""capacity"": ""TD2"", ""forecast"": ""BH"", ""method"": ""FH=operator default direction=TD1; BH=opposite direction=TD2"", ""operator_direction_notice_url"": ""https://pipeline2.kindermorgan.com/Notices/NoticeDetail.aspx?code=TGP&notc_nbr=363144"", ""operator_segment_map_url"": ""https://pipeline2.kindermorgan.com/Documents/TGP/TGP_Segment_-_Pin_Map-20260721125239.pdf""}, ""interpretation"": ""Conditional scheduled shortfall if the captured net schedule holds; not physical flow, curtailment, or a price prediction."", ""operator_capacity_caveat"": ""Flow Indicator (Flow Ind)\n\nTD1 - Flow in the direction as shown on the pipeline segment map.\n\nTD2 - Flow in the opposite direction shown on the pipeline segment map.\n\n1) Design Capacity generally reflects the physical capacity of a segment as determined by a capacity model utilizing current contractual receipt/delivery quantities and a reasonable set of engineering assumptions and parameters.\n2) Design Capacity may be updated periodically to reflect changes in contractual receipt/delivery patterns, paths that do not utilize the entire segment and/or capacity modeling parameters.\n3) Operationally Available Capacity may be updated throughout the day to account for changes including, but not limited to: netting of bidirectional nominations, partial segment path nominations, storage swing services, exchanges, facility outages, and imbalance management.\n4) Total Scheduled Quantity is the resulting scheduled volume after netting scheduled volumes in both flow directions.\u00a0 This quantity for each segment is displayed only in the resulting net physical flow direction of the segment.\u00a0 Opposite of the physical flow direction will display a quantity of zero although there could be volumes scheduled. For further explanation, contact your Scheduling Representative. \u00a0\u00a0\n5) The net Total Scheduled Quantity may result in a quantity different than Operating Capacity due to the confirmation process after scheduling.\n6) Operating Capacity may be different than Design Capacity based on the periodic, non-permanent anticipated or observed operational pipeline conditions including, but not limited to: higher or lower average thermal content of the gas, higher or lower pressure from interconnecting pipelines, on-going maintenance, etc.\n7) Operating Capacity may be greater than the Design Capacity of the segment to accommodate scheduling of services that contain rights to multiple, redundant firm transportation paths which can be served entirely or in part through an alternate physical path.\n8) The IT Indicator shows whether gas has been scheduled under any interruptible service."", ""report_artifact_id"": ""km_tgp_notice_detail:1788197456279496000:cc4e15187816ef531b2c0d32f54f0c4fc2731bd4f14670beb540a5551574d909""}",2026-08-31T17:42:15.945168Z,km_tgp_notice_detail:1788197456279496000:cc4e15187816ef531b2c0d32f54f0c4fc2731bd4f14670beb540a5551574d909,km_tgp_segment_capacity:1788198122755547000:8fdc5140c4927947e235a62aa64289aad62f3fa51c867ee8ed2458e198852ac1
tgp-impact:88f75bd2eaa5827d23063e2253dad070e782bd0854fb172b353065f504b70366,403802,2026-08-27,2026-10-12,2026-10-18,Station 204 (Segment 204 BH),204,BH,TD2,Z4,STA 204,2026-08-31,EVENING,1795000,1755372,39628,1828000,1755000,73000,372,0,pre_event,normalized_name,research_scenario,unresolved,"No licensed regional basis observations or exact TGP leg-to-contract mapping are loaded. Henry Hub NG is a national benchmark, not direct evidence of this TGP event's price exposure.",https://www.cmegroup.com/markets/energy/natural-gas/natural-gas.html,"[""Future nominations and rerouting are not observed; the shortfall assumes the captured schedule is unchanged.""]","{""calculation"": ""max(0, baseline scheduled quantity - forecast operating capacity)"", ""capacity_artifact_id"": ""km_tgp_segment_capacity:1788198122755547000:8fdc5140c4927947e235a62aa64289aad62f3fa51c867ee8ed2458e198852ac1"", ""capacity_run_id"": ""d79f586d-160a-47d8-9546-69b566a24dbc"", ""capacity_source_age_hours_at_calculation"": 15.92, ""direction_mapping"": {""capacity"": ""TD2"", ""forecast"": ""BH"", ""method"": ""FH=operator default direction=TD1; BH=opposite direction=TD2"", ""operator_direction_notice_url"": ""https://pipeline2.kindermorgan.com/Notices/NoticeDetail.aspx?code=TGP&notc_nbr=363144"", ""operator_segment_map_url"": ""https://pipeline2.kindermorgan.com/Documents/TGP/TGP_Segment_-_Pin_Map-20260721125239.pdf""}, ""interpretation"": ""Conditional scheduled shortfall if the captured net schedule holds; not physical flow, curtailment, or a price prediction."", ""operator_capacity_caveat"": ""Flow Indicator (Flow Ind)\n\nTD1 - Flow in the direction as shown on the pipeline segment map.\n\nTD2 - Flow in the opposite direction shown on the pipeline segment map.\n\n1) Design Capacity generally reflects the physical capacity of a segment as determined by a capacity model utilizing current contractual receipt/delivery quantities and a reasonable set of engineering assumptions and parameters.\n2) Design Capacity may be updated periodically to reflect changes in contractual receipt/delivery patterns, paths that do not utilize the entire segment and/or capacity modeling parameters.\n3) Operationally Available Capacity may be updated throughout the day to account for changes including, but not limited to: netting of bidirectional nominations, partial segment path nominations, storage swing services, exchanges, facility outages, and imbalance management.\n4) Total Scheduled Quantity is the resulting scheduled volume after netting scheduled volumes in both flow directions.\u00a0 This quantity for each segment is displayed only in the resulting net physical flow direction of the segment.\u00a0 Opposite of the physical flow direction will display a quantity of zero although there could be volumes scheduled. For further explanation, contact your Scheduling Representative. \u00a0\u00a0\n5) The net Total Scheduled Quantity may result in a quantity different than Operating Capacity due to the confirmation process after scheduling.\n6) Operating Capacity may be different than Design Capacity based on the periodic, non-permanent anticipated or observed operational pipeline conditions including, but not limited to: higher or lower average thermal content of the gas, higher or lower pressure from interconnecting pipelines, on-going maintenance, etc.\n7) Operating Capacity may be greater than the Design Capacity of the segment to accommodate scheduling of services that contain rights to multiple, redundant firm transportation paths which can be served entirely or in part through an alternate physical path.\n8) The IT Indicator shows whether gas has been scheduled under any interruptible service."", ""report_artifact_id"": ""km_tgp_notice_detail:1788197456279496000:cc4e15187816ef531b2c0d32f54f0c4fc2731bd4f14670beb540a5551574d909""}",2026-08-31T17:42:15.945168Z,km_tgp_notice_detail:1788197456279496000:cc4e15187816ef531b2c0d32f54f0c4fc2731bd4f14670beb540a5551574d909,km_tgp_segment_capacity:1788198122755547000:8fdc5140c4927947e235a62aa64289aad62f3fa51c867ee8ed2458e198852ac1
tgp-impact:3cadcd3eb868f0cb2454f2dd2eb18ee4f9de195634ea7031828630e375692daa,403802,2026-08-27,2026-10-19,2026-10-25,Station 204 (Segment 204 BH),204,BH,TD2,Z4,STA 204,2026-08-31,EVENING,1795000,1755372,39628,1828000,1755000,73000,372,0,pre_event,normalized_name,research_scenario,unresolved,"No licensed regional basis observations or exact TGP leg-to-contract mapping are loaded. Henry Hub NG is a national benchmark, not direct evidence of this TGP event's price exposure.",https://www.cmegroup.com/markets/energy/natural-gas/natural-gas.html,"[""Future nominations and rerouting are not observed; the shortfall assumes the captured schedule is unchanged.""]","{""calculation"": ""max(0, baseline scheduled quantity - forecast operating capacity)"", ""capacity_artifact_id"": ""km_tgp_segment_capacity:1788198122755547000:8fdc5140c4927947e235a62aa64289aad62f3fa51c867ee8ed2458e198852ac1"", ""capacity_run_id"": ""d79f586d-160a-47d8-9546-69b566a24dbc"", ""capacity_source_age_hours_at_calculation"": 15.92, ""direction_mapping"": {""capacity"": ""TD2"", ""forecast"": ""BH"", ""method"": ""FH=operator default direction=TD1; BH=opposite direction=TD2"", ""operator_direction_notice_url"": ""https://pipeline2.kindermorgan.com/Notices/NoticeDetail.aspx?code=TGP&notc_nbr=363144"", ""operator_segment_map_url"": ""https://pipeline2.kindermorgan.com/Documents/TGP/TGP_Segment_-_Pin_Map-20260721125239.pdf""}, ""interpretation"": ""Conditional scheduled shortfall if the captured net schedule holds; not physical flow, curtailment, or a price prediction."", ""operator_capacity_caveat"": ""Flow Indicator (Flow Ind)\n\nTD1 - Flow in the direction as shown on the pipeline segment map.\n\nTD2 - Flow in the opposite direction shown on the pipeline segment map.\n\n1) Design Capacity generally reflects the physical capacity of a segment as determined by a capacity model utilizing current contractual receipt/delivery quantities and a reasonable set of engineering assumptions and parameters.\n2) Design Capacity may be updated periodically to reflect changes in contractual receipt/delivery patterns, paths that do not utilize the entire segment and/or capacity modeling parameters.\n3) Operationally Available Capacity may be updated throughout the day to account for changes including, but not limited to: netting of bidirectional nominations, partial segment path nominations, storage swing services, exchanges, facility outages, and imbalance management.\n4) Total Scheduled Quantity is the resulting scheduled volume after netting scheduled volumes in both flow directions.\u00a0 This quantity for each segment is displayed only in the resulting net physical flow direction of the segment.\u00a0 Opposite of the physical flow direction will display a quantity of zero although there could be volumes scheduled. For further explanation, contact your Scheduling Representative. \u00a0\u00a0\n5) The net Total Scheduled Quantity may result in a quantity different than Operating Capacity due to the confirmation process after scheduling.\n6) Operating Capacity may be different than Design Capacity based on the periodic, non-permanent anticipated or observed operational pipeline conditions including, but not limited to: higher or lower average thermal content of the gas, higher or lower pressure from interconnecting pipelines, on-going maintenance, etc.\n7) Operating Capacity may be greater than the Design Capacity of the segment to accommodate scheduling of services that contain rights to multiple, redundant firm transportation paths which can be served entirely or in part through an alternate physical path.\n8) The IT Indicator shows whether gas has been scheduled under any interruptible service."", ""report_artifact_id"": ""km_tgp_notice_detail:1788197456279496000:cc4e15187816ef531b2c0d32f54f0c4fc2731bd4f14670beb540a5551574d909""}",2026-08-31T17:42:15.945168Z,km_tgp_notice_detail:1788197456279496000:cc4e15187816ef531b2c0d32f54f0c4fc2731bd4f14670beb540a5551574d909,km_tgp_segment_capacity:1788198122755547000:8fdc5140c4927947e235a62aa64289aad62f3fa51c867ee8ed2458e198852ac1
tgp-impact:8bd2e16bbc62c09aeb6c8bd96365d7548152dc320f4f4bbfd82271c252c8a138,403802,2026-08-27,2026-09-21,2026-09-27,MLV 324 (segment 324 FH),324,FH,TD1,Z5,MLV 324,2026-08-31,EVENING,1515000,1042500,472500,1767000,1120000,647000,0,77500,pre_event,normalized_name,monitor,unresolved,"No licensed regional basis observations or exact TGP leg-to-contract mapping are loaded. Henry Hub NG is a national benchmark, not direct evidence of this TGP event's price exposure.",https://www.cmegroup.com/markets/energy/natural-gas/natural-gas.html,"[""Future nominations and rerouting are not observed; the shortfall assumes the captured schedule is unchanged.""]","{""calculation"": ""max(0, baseline scheduled quantity - forecast operating capacity)"", ""capacity_artifact_id"": ""km_tgp_segment_capacity:1788198122755547000:8fdc5140c4927947e235a62aa64289aad62f3fa51c867ee8ed2458e198852ac1"", ""capacity_run_id"": ""d79f586d-160a-47d8-9546-69b566a24dbc"", ""capacity_source_age_hours_at_calculation"": 15.92, ""direction_mapping"": {""capacity"": ""TD1"", ""forecast"": ""FH"", ""method"": ""FH=operator default direction=TD1; BH=opposite direction=TD2"", ""operator_direction_notice_url"": ""https://pipeline2.kindermorgan.com/Notices/NoticeDetail.aspx?code=TGP&notc_nbr=363144"", ""operator_segment_map_url"": ""https://pipeline2.kindermorgan.com/Documents/TGP/TGP_Segment_-_Pin_Map-20260721125239.pdf""}, ""interpretation"": ""Conditional scheduled shortfall if the captured net schedule holds; not physical flow, curtailment, or a price prediction."", ""operator_capacity_caveat"": ""Flow Indicator (Flow Ind)\n\nTD1 - Flow in the direction as shown on the pipeline segment map.\n\nTD2 - Flow in the opposite direction shown on the pipeline segment map.\n\n1) Design Capacity generally reflects the physical capacity of a segment as determined by a capacity model utilizing current contractual receipt/delivery quantities and a reasonable set of engineering assumptions and parameters.\n2) Design Capacity may be updated periodically to reflect changes in contractual receipt/delivery patterns, paths that do not utilize the entire segment and/or capacity modeling parameters.\n3) Operationally Available Capacity may be updated throughout the day to account for changes including, but not limited to: netting of bidirectional nominations, partial segment path nominations, storage swing services, exchanges, facility outages, and imbalance management.\n4) Total Scheduled Quantity is the resulting scheduled volume after netting scheduled volumes in both flow directions.\u00a0 This quantity for each segment is displayed only in the resulting net physical flow direction of the segment.\u00a0 Opposite of the physical flow direction will display a quantity of zero although there could be volumes scheduled. For further explanation, contact your Scheduling Representative. \u00a0\u00a0\n5) The net Total Scheduled Quantity may result in a quantity different than Operating Capacity due to the confirmation process after scheduling.\n6) Operating Capacity may be different than Design Capacity based on the periodic, non-permanent anticipated or observed operational pipeline conditions including, but not limited to: higher or lower average thermal content of the gas, higher or lower pressure from interconnecting pipelines, on-going maintenance, etc.\n7) Operating Capacity may be greater than the Design Capacity of the segment to accommodate scheduling of services that contain rights to multiple, redundant firm transportation paths which can be served entirely or in part through an alternate physical path.\n8) The IT Indicator shows whether gas has been scheduled under any interruptible service."", ""report_artifact_id"": ""km_tgp_notice_detail:1788197456279496000:cc4e15187816ef531b2c0d32f54f0c4fc2731bd4f14670beb540a5551574d909""}",2026-08-31T17:42:15.945168Z,km_tgp_notice_detail:1788197456279496000:cc4e15187816ef531b2c0d32f54f0c4fc2731bd4f14670beb540a5551574d909,km_tgp_segment_capacity:1788198122755547000:8fdc5140c4927947e235a62aa64289aad62f3fa51c867ee8ed2458e198852ac1
tgp-impact:bfb29569f4e88625e19ca4dea70e2c0adbb9ad7250c7c7420f90bef73f6bcd34,403802,2026-08-27,2026-09-01,2026-09-01,Station 534 South of Pool (segment 530 BH),530,BH,TD2,ZL,STA 534 SOUTH OF POOL,2026-08-31,EVENING,985000,904395,80605,1550000,905000,645000,0,605,pre_event,normalized_name,monitor,unresolved,"No licensed regional basis observations or exact TGP leg-to-contract mapping are loaded. Henry Hub NG is a national benchmark, not direct evidence of this TGP event's price exposure.",https://www.cmegroup.com/markets/energy/natural-gas/natural-gas.html,"[""Future nominations and rerouting are not observed; the shortfall assumes the captured schedule is unchanged.""]","{""calculation"": ""max(0, baseline scheduled quantity - forecast operating capacity)"", ""capacity_artifact_id"": ""km_tgp_segment_capacity:1788198122755547000:8fdc5140c4927947e235a62aa64289aad62f3fa51c867ee8ed2458e198852ac1"", ""capacity_run_id"": ""d79f586d-160a-47d8-9546-69b566a24dbc"", ""capacity_source_age_hours_at_calculation"": 15.92, ""direction_mapping"": {""capacity"": ""TD2"", ""forecast"": ""BH"", ""method"": ""FH=operator default direction=TD1; BH=opposite direction=TD2"", ""operator_direction_notice_url"": ""https://pipeline2.kindermorgan.com/Notices/NoticeDetail.aspx?code=TGP&notc_nbr=363144"", ""operator_segment_map_url"": ""https://pipeline2.kindermorgan.com/Documents/TGP/TGP_Segment_-_Pin_Map-20260721125239.pdf""}, ""interpretation"": ""Conditional scheduled shortfall if the captured net schedule holds; not physical flow, curtailment, or a price prediction."", ""operator_capacity_caveat"": ""Flow Indicator (Flow Ind)\n\nTD1 - Flow in the direction as shown on the pipeline segment map.\n\nTD2 - Flow in the opposite direction shown on the pipeline segment map.\n\n1) Design Capacity generally reflects the physical capacity of a segment as determined by a capacity model utilizing current contractual receipt/delivery quantities and a reasonable set of engineering assumptions and parameters.\n2) Design Capacity may be updated periodically to reflect changes in contractual receipt/delivery patterns, paths that do not utilize the entire segment and/or capacity modeling parameters.\n3) Operationally Available Capacity may be updated throughout the day to account for changes including, but not limited to: netting of bidirectional nominations, partial segment path nominations, storage swing services, exchanges, facility outages, and imbalance management.\n4) Total Scheduled Quantity is the resulting scheduled volume after netting scheduled volumes in both flow directions.\u00a0 This quantity for each segment is displayed only in the resulting net physical flow direction of the segment.\u00a0 Opposite of the physical flow direction will display a quantity of zero although there could be volumes scheduled. For further explanation, contact your Scheduling Representative. \u00a0\u00a0\n5) The net Total Scheduled Quantity may result in a quantity different than Operating Capacity due to the confirmation process after scheduling.\n6) Operating Capacity may be different than Design Capacity based on the periodic, non-permanent anticipated or observed operational pipeline conditions including, but not limited to: higher or lower average thermal content of the gas, higher or lower pressure from interconnecting pipelines, on-going maintenance, etc.\n7) Operating Capacity may be greater than the Design Capacity of the segment to accommodate scheduling of services that contain rights to multiple, redundant firm transportation paths which can be served entirely or in part through an alternate physical path.\n8) The IT Indicator shows whether gas has been scheduled under any interruptible service."", ""report_artifact_id"": ""km_tgp_notice_detail:1788197456279496000:cc4e15187816ef531b2c0d32f54f0c4fc2731bd4f14670beb540a5551574d909""}",2026-08-31T17:42:15.945168Z,km_tgp_notice_detail:1788197456279496000:cc4e15187816ef531b2c0d32f54f0c4fc2731bd4f14670beb540a5551574d909,km_tgp_segment_capacity:1788198122755547000:8fdc5140c4927947e235a62aa64289aad62f3fa51c867ee8ed2458e198852ac1
tgp-impact:e5d92f9dada2170f6b443d04ddf23553e57e90935511635ba05fae04ab884265,403802,2026-08-27,2026-10-05,2026-10-11,Station 534 South of Pool (segment 530 BH),530,BH,TD2,ZL,STA 534 SOUTH OF POOL,2026-08-31,EVENING,985000,904395,80605,1550000,905000,645000,0,605,pre_event,normalized_name,monitor,unresolved,"No licensed regional basis observations or exact TGP leg-to-contract mapping are loaded. Henry Hub NG is a national benchmark, not direct evidence of this TGP event's price exposure.",https://www.cmegroup.com/markets/energy/natural-gas/natural-gas.html,"[""Future nominations and rerouting are not observed; the shortfall assumes the captured schedule is unchanged.""]","{""calculation"": ""max(0, baseline scheduled quantity - forecast operating capacity)"", ""capacity_artifact_id"": ""km_tgp_segment_capacity:1788198122755547000:8fdc5140c4927947e235a62aa64289aad62f3fa51c867ee8ed2458e198852ac1"", ""capacity_run_id"": ""d79f586d-160a-47d8-9546-69b566a24dbc"", ""capacity_source_age_hours_at_calculation"": 15.92, ""direction_mapping"": {""capacity"": ""TD2"", ""forecast"": ""BH"", ""method"": ""FH=operator default direction=TD1; BH=opposite direction=TD2"", ""operator_direction_notice_url"": ""https://pipeline2.kindermorgan.com/Notices/NoticeDetail.aspx?code=TGP&notc_nbr=363144"", ""operator_segment_map_url"": ""https://pipeline2.kindermorgan.com/Documents/TGP/TGP_Segment_-_Pin_Map-20260721125239.pdf""}, ""interpretation"": ""Conditional scheduled shortfall if the captured net schedule holds; not physical flow, curtailment, or a price prediction."", ""operator_capacity_caveat"": ""Flow Indicator (Flow Ind)\n\nTD1 - Flow in the direction as shown on the pipeline segment map.\n\nTD2 - Flow in the opposite direction shown on the pipeline segment map.\n\n1) Design Capacity generally reflects the physical capacity of a segment as determined by a capacity model utilizing current contractual receipt/delivery quantities and a reasonable set of engineering assumptions and parameters.\n2) Design Capacity may be updated periodically to reflect changes in contractual receipt/delivery patterns, paths that do not utilize the entire segment and/or capacity modeling parameters.\n3) Operationally Available Capacity may be updated throughout the day to account for changes including, but not limited to: netting of bidirectional nominations, partial segment path nominations, storage swing services, exchanges, facility outages, and imbalance management.\n4) Total Scheduled Quantity is the resulting scheduled volume after netting scheduled volumes in both flow directions.\u00a0 This quantity for each segment is displayed only in the resulting net physical flow direction of the segment.\u00a0 Opposite of the physical flow direction will display a quantity of zero although there could be volumes scheduled. For further explanation, contact your Scheduling Representative. \u00a0\u00a0\n5) The net Total Scheduled Quantity may result in a quantity different than Operating Capacity due to the confirmation process after scheduling.\n6) Operating Capacity may be different than Design Capacity based on the periodic, non-permanent anticipated or observed operational pipeline conditions including, but not limited to: higher or lower average thermal content of the gas, higher or lower pressure from interconnecting pipelines, on-going maintenance, etc.\n7) Operating Capacity may be greater than the Design Capacity of the segment to accommodate scheduling of services that contain rights to multiple, redundant firm transportation paths which can be served entirely or in part through an alternate physical path.\n8) The IT Indicator shows whether gas has been scheduled under any interruptible service."", ""report_artifact_id"": ""km_tgp_notice_detail:1788197456279496000:cc4e15187816ef531b2c0d32f54f0c4fc2731bd4f14670beb540a5551574d909""}",2026-08-31T17:42:15.945168Z,km_tgp_notice_detail:1788197456279496000:cc4e15187816ef531b2c0d32f54f0c4fc2731bd4f14670beb540a5551574d909,km_tgp_segment_capacity:1788198122755547000:8fdc5140c4927947e235a62aa64289aad62f3fa51c867ee8ed2458e198852ac1
tgp-impact:fde9fcbaf5a7223446bdf1c9acd8dbba06d6a760ed669b2dcdd9fee0c33cc3f2,403802,2026-08-27,2026-11-02,2026-11-08,Station 110 (segment 187 BH) (south thru Kentucky),187,BH,TD2,Z2,STA 110 SOUTH,2026-08-31,EVENING,2278000,1851449,426551,2594000,1951000,643000,0,99551,pre_event,normalized_name,monitor,unresolved,"No licensed regional basis observations or exact TGP leg-to-contract mapping are loaded. Henry Hub NG is a national benchmark, not direct evidence of this TGP event's price exposure.",https://www.cmegroup.com/markets/energy/natural-gas/natural-gas.html,"[""Future nominations and rerouting are not observed; the shortfall assumes the captured schedule is unchanged.""]","{""calculation"": ""max(0, baseline scheduled quantity - forecast operating capacity)"", ""capacity_artifact_id"": ""km_tgp_segment_capacity:1788198122755547000:8fdc5140c4927947e235a62aa64289aad62f3fa51c867ee8ed2458e198852ac1"", ""capacity_run_id"": ""d79f586d-160a-47d8-9546-69b566a24dbc"", ""capacity_source_age_hours_at_calculation"": 15.92, ""direction_mapping"": {""capacity"": ""TD2"", ""forecast"": ""BH"", ""method"": ""FH=operator default direction=TD1; BH=opposite direction=TD2"", ""operator_direction_notice_url"": ""https://pipeline2.kindermorgan.com/Notices/NoticeDetail.aspx?code=TGP&notc_nbr=363144"", ""operator_segment_map_url"": ""https://pipeline2.kindermorgan.com/Documents/TGP/TGP_Segment_-_Pin_Map-20260721125239.pdf""}, ""interpretation"": ""Conditional scheduled shortfall if the captured net schedule holds; not physical flow, curtailment, or a price prediction."", ""operator_capacity_caveat"": ""Flow Indicator (Flow Ind)\n\nTD1 - Flow in the direction as shown on the pipeline segment map.\n\nTD2 - Flow in the opposite direction shown on the pipeline segment map.\n\n1) Design Capacity generally reflects the physical capacity of a segment as determined by a capacity model utilizing current contractual receipt/delivery quantities and a reasonable set of engineering assumptions and parameters.\n2) Design Capacity may be updated periodically to reflect changes in contractual receipt/delivery patterns, paths that do not utilize the entire segment and/or capacity modeling parameters.\n3) Operationally Available Capacity may be updated throughout the day to account for changes including, but not limited to: netting of bidirectional nominations, partial segment path nominations, storage swing services, exchanges, facility outages, and imbalance management.\n4) Total Scheduled Quantity is the resulting scheduled volume after netting scheduled volumes in both flow directions.\u00a0 This quantity for each segment is displayed only in the resulting net physical flow direction of the segment.\u00a0 Opposite of the physical flow direction will display a quantity of zero although there could be volumes scheduled. For further explanation, contact your Scheduling Representative. \u00a0\u00a0\n5) The net Total Scheduled Quantity may result in a quantity different than Operating Capacity due to the confirmation process after scheduling.\n6) Operating Capacity may be different than Design Capacity based on the periodic, non-permanent anticipated or observed operational pipeline conditions including, but not limited to: higher or lower average thermal content of the gas, higher or lower pressure from interconnecting pipelines, on-going maintenance, etc.\n7) Operating Capacity may be greater than the Design Capacity of the segment to accommodate scheduling of services that contain rights to multiple, redundant firm transportation paths which can be served entirely or in part through an alternate physical path.\n8) The IT Indicator shows whether gas has been scheduled under any interruptible service."", ""report_artifact_id"": ""km_tgp_notice_detail:1788197456279496000:cc4e15187816ef531b2c0d32f54f0c4fc2731bd4f14670beb540a5551574d909""}",2026-08-31T17:42:15.945168Z,km_tgp_notice_detail:1788197456279496000:cc4e15187816ef531b2c0d32f54f0c4fc2731bd4f14670beb540a5551574d909,km_tgp_segment_capacity:1788198122755547000:8fdc5140c4927947e235a62aa64289aad62f3fa51c867ee8ed2458e198852ac1
tgp-impact:3683b0a793790f1d41b6e10a801fe0f93b708bcc4f20244c6346b0d7491513b1,403802,2026-08-27,2026-09-28,2026-10-04,Station 110 (segment 187 BH) (south thru Kentucky),187,BH,TD2,Z2,STA 110 SOUTH,2026-08-31,EVENING,2278000,1851449,426551,2685000,2043000,642000,0,191551,pre_event,normalized_name,monitor,unresolved,"No licensed regional basis observations or exact TGP leg-to-contract mapping are loaded. Henry Hub NG is a national benchmark, not direct evidence of this TGP event's price exposure.",https://www.cmegroup.com/markets/energy/natural-gas/natural-gas.html,"[""Future nominations and rerouting are not observed; the shortfall assumes the captured schedule is unchanged.""]","{""calculation"": ""max(0, baseline scheduled quantity - forecast operating capacity)"", ""capacity_artifact_id"": ""km_tgp_segment_capacity:1788198122755547000:8fdc5140c4927947e235a62aa64289aad62f3fa51c867ee8ed2458e198852ac1"", ""capacity_run_id"": ""d79f586d-160a-47d8-9546-69b566a24dbc"", ""capacity_source_age_hours_at_calculation"": 15.92, ""direction_mapping"": {""capacity"": ""TD2"", ""forecast"": ""BH"", ""method"": ""FH=operator default direction=TD1; BH=opposite direction=TD2"", ""operator_direction_notice_url"": ""https://pipeline2.kindermorgan.com/Notices/NoticeDetail.aspx?code=TGP&notc_nbr=363144"", ""operator_segment_map_url"": ""https://pipeline2.kindermorgan.com/Documents/TGP/TGP_Segment_-_Pin_Map-20260721125239.pdf""}, ""interpretation"": ""Conditional scheduled shortfall if the captured net schedule holds; not physical flow, curtailment, or a price prediction."", ""operator_capacity_caveat"": ""Flow Indicator (Flow Ind)\n\nTD1 - Flow in the direction as shown on the pipeline segment map.\n\nTD2 - Flow in the opposite direction shown on the pipeline segment map.\n\n1) Design Capacity generally reflects the physical capacity of a segment as determined by a capacity model utilizing current contractual receipt/delivery quantities and a reasonable set of engineering assumptions and parameters.\n2) Design Capacity may be updated periodically to reflect changes in contractual receipt/delivery patterns, paths that do not utilize the entire segment and/or capacity modeling parameters.\n3) Operationally Available Capacity may be updated throughout the day to account for changes including, but not limited to: netting of bidirectional nominations, partial segment path nominations, storage swing services, exchanges, facility outages, and imbalance management.\n4) Total Scheduled Quantity is the resulting scheduled volume after netting scheduled volumes in both flow directions.\u00a0 This quantity for each segment is displayed only in the resulting net physical flow direction of the segment.\u00a0 Opposite of the physical flow direction will display a quantity of zero although there could be volumes scheduled. For further explanation, contact your Scheduling Representative. \u00a0\u00a0\n5) The net Total Scheduled Quantity may result in a quantity different than Operating Capacity due to the confirmation process after scheduling.\n6) Operating Capacity may be different than Design Capacity based on the periodic, non-permanent anticipated or observed operational pipeline conditions including, but not limited to: higher or lower average thermal content of the gas, higher or lower pressure from interconnecting pipelines, on-going maintenance, etc.\n7) Operating Capacity may be greater than the Design Capacity of the segment to accommodate scheduling of services that contain rights to multiple, redundant firm transportation paths which can be served entirely or in part through an alternate physical path.\n8) The IT Indicator shows whether gas has been scheduled under any interruptible service."", ""report_artifact_id"": ""km_tgp_notice_detail:1788197456279496000:cc4e15187816ef531b2c0d32f54f0c4fc2731bd4f14670beb540a5551574d909""}",2026-08-31T17:42:15.945168Z,km_tgp_notice_detail:1788197456279496000:cc4e15187816ef531b2c0d32f54f0c4fc2731bd4f14670beb540a5551574d909,km_tgp_segment_capacity:1788198122755547000:8fdc5140c4927947e235a62aa64289aad62f3fa51c867ee8ed2458e198852ac1
tgp-impact:157eeb7f4d119a207d671ca114d66a7451770a53bc101ace8f5df764f805e6ac,403802,2026-08-27,2026-10-05,2026-10-11,Station 110 (segment 187 BH) (south thru Kentucky),187,BH,TD2,Z2,STA 110 SOUTH,2026-08-31,EVENING,2278000,1851449,426551,2685000,2043000,642000,0,191551,pre_event,normalized_name,monitor,unresolved,"No licensed regional basis observations or exact TGP leg-to-contract mapping are loaded. Henry Hub NG is a national benchmark, not direct evidence of this TGP event's price exposure.",https://www.cmegroup.com/markets/energy/natural-gas/natural-gas.html,"[""Future nominations and rerouting are not observed; the shortfall assumes the captured schedule is unchanged.""]","{""calculation"": ""max(0, baseline scheduled quantity - forecast operating capacity)"", ""capacity_artifact_id"": ""km_tgp_segment_capacity:1788198122755547000:8fdc5140c4927947e235a62aa64289aad62f3fa51c867ee8ed2458e198852ac1"", ""capacity_run_id"": ""d79f586d-160a-47d8-9546-69b566a24dbc"", ""capacity_source_age_hours_at_calculation"": 15.92, ""direction_mapping"": {""capacity"": ""TD2"", ""forecast"": ""BH"", ""method"": ""FH=operator default direction=TD1; BH=opposite direction=TD2"", ""operator_direction_notice_url"": ""https://pipeline2.kindermorgan.com/Notices/NoticeDetail.aspx?code=TGP&notc_nbr=363144"", ""operator_segment_map_url"": ""https://pipeline2.kindermorgan.com/Documents/TGP/TGP_Segment_-_Pin_Map-20260721125239.pdf""}, ""interpretation"": ""Conditional scheduled shortfall if the captured net schedule holds; not physical flow, curtailment, or a price prediction."", ""operator_capacity_caveat"": ""Flow Indicator (Flow Ind)\n\nTD1 - Flow in the direction as shown on the pipeline segment map.\n\nTD2 - Flow in the opposite direction shown on the pipeline segment map.\n\n1) Design Capacity generally reflects the physical capacity of a segment as determined by a capacity model utilizing current contractual receipt/delivery quantities and a reasonable set of engineering assumptions and parameters.\n2) Design Capacity may be updated periodically to reflect changes in contractual receipt/delivery patterns, paths that do not utilize the entire segment and/or capacity modeling parameters.\n3) Operationally Available Capacity may be updated throughout the day to account for changes including, but not limited to: netting of bidirectional nominations, partial segment path nominations, storage swing services, exchanges, facility outages, and imbalance management.\n4) Total Scheduled Quantity is the resulting scheduled volume after netting scheduled volumes in both flow directions.\u00a0 This quantity for each segment is displayed only in the resulting net physical flow direction of the segment.\u00a0 Opposite of the physical flow direction will display a quantity of zero although there could be volumes scheduled. For further explanation, contact your Scheduling Representative. \u00a0\u00a0\n5) The net Total Scheduled Quantity may result in a quantity different than Operating Capacity due to the confirmation process after scheduling.\n6) Operating Capacity may be different than Design Capacity based on the periodic, non-permanent anticipated or observed operational pipeline conditions including, but not limited to: higher or lower average thermal content of the gas, higher or lower pressure from interconnecting pipelines, on-going maintenance, etc.\n7) Operating Capacity may be greater than the Design Capacity of the segment to accommodate scheduling of services that contain rights to multiple, redundant firm transportation paths which can be served entirely or in part through an alternate physical path.\n8) The IT Indicator shows whether gas has been scheduled under any interruptible service."", ""report_artifact_id"": ""km_tgp_notice_detail:1788197456279496000:cc4e15187816ef531b2c0d32f54f0c4fc2731bd4f14670beb540a5551574d909""}",2026-08-31T17:42:15.945168Z,km_tgp_notice_detail:1788197456279496000:cc4e15187816ef531b2c0d32f54f0c4fc2731bd4f14670beb540a5551574d909,km_tgp_segment_capacity:1788198122755547000:8fdc5140c4927947e235a62aa64289aad62f3fa51c867ee8ed2458e198852ac1
tgp-impact:e2989c0dfd80b36706fb789e93b2753db4818ace9af6a3b025dee444eb9b1c61,403802,2026-08-27,2026-08-31,2026-08-31,Station 534 South of Pool (segment 530 BH),530,BH,TD2,ZL,STA 534 SOUTH OF POOL,2026-08-31,EVENING,985000,904395,80605,1550000,985000,565000,0,80605,same_day,normalized_name,monitor,unresolved,"No licensed regional basis observations or exact TGP leg-to-contract mapping are loaded. Henry Hub NG is a national benchmark, not direct evidence of this TGP event's price exposure.",https://www.cmegroup.com/markets/energy/natural-gas/natural-gas.html,"[""Future nominations and rerouting are not observed; the shortfall assumes the captured schedule is unchanged.""]","{""calculation"": ""max(0, baseline scheduled quantity - forecast operating capacity)"", ""capacity_artifact_id"": ""km_tgp_segment_capacity:1788198122755547000:8fdc5140c4927947e235a62aa64289aad62f3fa51c867ee8ed2458e198852ac1"", ""capacity_run_id"": ""d79f586d-160a-47d8-9546-69b566a24dbc"", ""capacity_source_age_hours_at_calculation"": 15.92, ""direction_mapping"": {""capacity"": ""TD2"", ""forecast"": ""BH"", ""method"": ""FH=operator default direction=TD1; BH=opposite direction=TD2"", ""operator_direction_notice_url"": ""https://pipeline2.kindermorgan.com/Notices/NoticeDetail.aspx?code=TGP&notc_nbr=363144"", ""operator_segment_map_url"": ""https://pipeline2.kindermorgan.com/Documents/TGP/TGP_Segment_-_Pin_Map-20260721125239.pdf""}, ""interpretation"": ""Conditional scheduled shortfall if the captured net schedule holds; not physical flow, curtailment, or a price prediction."", ""operator_capacity_caveat"": ""Flow Indicator (Flow Ind)\n\nTD1 - Flow in the direction as shown on the pipeline segment map.\n\nTD2 - Flow in the opposite direction shown on the pipeline segment map.\n\n1) Design Capacity generally reflects the physical capacity of a segment as determined by a capacity model utilizing current contractual receipt/delivery quantities and a reasonable set of engineering assumptions and parameters.\n2) Design Capacity may be updated periodically to reflect changes in contractual receipt/delivery patterns, paths that do not utilize the entire segment and/or capacity modeling parameters.\n3) Operationally Available Capacity may be updated throughout the day to account for changes including, but not limited to: netting of bidirectional nominations, partial segment path nominations, storage swing services, exchanges, facility outages, and imbalance management.\n4) Total Scheduled Quantity is the resulting scheduled volume after netting scheduled volumes in both flow directions.\u00a0 This quantity for each segment is displayed only in the resulting net physical flow direction of the segment.\u00a0 Opposite of the physical flow direction will display a quantity of zero although there could be volumes scheduled. For further explanation, contact your Scheduling Representative. \u00a0\u00a0\n5) The net Total Scheduled Quantity may result in a quantity different than Operating Capacity due to the confirmation process after scheduling.\n6) Operating Capacity may be different than Design Capacity based on the periodic, non-permanent anticipated or observed operational pipeline conditions including, but not limited to: higher or lower average thermal content of the gas, higher or lower pressure from interconnecting pipelines, on-going maintenance, etc.\n7) Operating Capacity may be greater than the Design Capacity of the segment to accommodate scheduling of services that contain rights to multiple, redundant firm transportation paths which can be served entirely or in part through an alternate physical path.\n8) The IT Indicator shows whether gas has been scheduled under any interruptible service."", ""report_artifact_id"": ""km_tgp_notice_detail:1788197456279496000:cc4e15187816ef531b2c0d32f54f0c4fc2731bd4f14670beb540a5551574d909""}",2026-08-31T17:42:15.945168Z,km_tgp_notice_detail:1788197456279496000:cc4e15187816ef531b2c0d32f54f0c4fc2731bd4f14670beb540a5551574d909,km_tgp_segment_capacity:1788198122755547000:8fdc5140c4927947e235a62aa64289aad62f3fa51c867ee8ed2458e198852ac1
tgp-impact:0c256c1fe91c3eea9c61a91d0660de2274538826f864a5070e753547d3e6f597,403802,2026-08-27,2026-09-02,2026-09-02,Station 534 South of Pool (segment 530 BH),530,BH,TD2,ZL,STA 534 SOUTH OF POOL,2026-08-31,EVENING,985000,904395,80605,1550000,985000,565000,0,80605,pre_event,normalized_name,monitor,unresolved,"No licensed regional basis observations or exact TGP leg-to-contract mapping are loaded. Henry Hub NG is a national benchmark, not direct evidence of this TGP event's price exposure.",https://www.cmegroup.com/markets/energy/natural-gas/natural-gas.html,"[""Future nominations and rerouting are not observed; the shortfall assumes the captured schedule is unchanged.""]","{""calculation"": ""max(0, baseline scheduled quantity - forecast operating capacity)"", ""capacity_artifact_id"": ""km_tgp_segment_capacity:1788198122755547000:8fdc5140c4927947e235a62aa64289aad62f3fa51c867ee8ed2458e198852ac1"", ""capacity_run_id"": ""d79f586d-160a-47d8-9546-69b566a24dbc"", ""capacity_source_age_hours_at_calculation"": 15.92, ""direction_mapping"": {""capacity"": ""TD2"", ""forecast"": ""BH"", ""method"": ""FH=operator default direction=TD1; BH=opposite direction=TD2"", ""operator_direction_notice_url"": ""https://pipeline2.kindermorgan.com/Notices/NoticeDetail.aspx?code=TGP&notc_nbr=363144"", ""operator_segment_map_url"": ""https://pipeline2.kindermorgan.com/Documents/TGP/TGP_Segment_-_Pin_Map-20260721125239.pdf""}, ""interpretation"": ""Conditional scheduled shortfall if the captured net schedule holds; not physical flow, curtailment, or a price prediction."", ""operator_capacity_caveat"": ""Flow Indicator (Flow Ind)\n\nTD1 - Flow in the direction as shown on the pipeline segment map.\n\nTD2 - Flow in the opposite direction shown on the pipeline segment map.\n\n1) Design Capacity generally reflects the physical capacity of a segment as determined by a capacity model utilizing current contractual receipt/delivery quantities and a reasonable set of engineering assumptions and parameters.\n2) Design Capacity may be updated periodically to reflect changes in contractual receipt/delivery patterns, paths that do not utilize the entire segment and/or capacity modeling parameters.\n3) Operationally Available Capacity may be updated throughout the day to account for changes including, but not limited to: netting of bidirectional nominations, partial segment path nominations, storage swing services, exchanges, facility outages, and imbalance management.\n4) Total Scheduled Quantity is the resulting scheduled volume after netting scheduled volumes in both flow directions.\u00a0 This quantity for each segment is displayed only in the resulting net physical flow direction of the segment.\u00a0 Opposite of the physical flow direction will display a quantity of zero although there could be volumes scheduled. For further explanation, contact your Scheduling Representative. \u00a0\u00a0\n5) The net Total Scheduled Quantity may result in a quantity different than Operating Capacity due to the confirmation process after scheduling.\n6) Operating Capacity may be different than Design Capacity based on the periodic, non-permanent anticipated or observed operational pipeline conditions including, but not limited to: higher or lower average thermal content of the gas, higher or lower pressure from interconnecting pipelines, on-going maintenance, etc.\n7) Operating Capacity may be greater than the Design Capacity of the segment to accommodate scheduling of services that contain rights to multiple, redundant firm transportation paths which can be served entirely or in part through an alternate physical path.\n8) The IT Indicator shows whether gas has been scheduled under any interruptible service."", ""report_artifact_id"": ""km_tgp_notice_detail:1788197456279496000:cc4e15187816ef531b2c0d32f54f0c4fc2731bd4f14670beb540a5551574d909""}",2026-08-31T17:42:15.945168Z,km_tgp_notice_detail:1788197456279496000:cc4e15187816ef531b2c0d32f54f0c4fc2731bd4f14670beb540a5551574d909,km_tgp_segment_capacity:1788198122755547000:8fdc5140c4927947e235a62aa64289aad62f3fa51c867ee8ed2458e198852ac1
tgp-impact:9a9efe2c5403318f219f2c991ae5fbbab096593f8fba0878050c20e64fd80295,403802,2026-08-27,2026-09-03,2026-09-03,Station 534 South of Pool (segment 530 BH),530,BH,TD2,ZL,STA 534 SOUTH OF POOL,2026-08-31,EVENING,985000,904395,80605,1550000,985000,565000,0,80605,pre_event,normalized_name,monitor,unresolved,"No licensed regional basis observations or exact TGP leg-to-contract mapping are loaded. Henry Hub NG is a national benchmark, not direct evidence of this TGP event's price exposure.",https://www.cmegroup.com/markets/energy/natural-gas/natural-gas.html,"[""Future nominations and rerouting are not observed; the shortfall assumes the captured schedule is unchanged.""]","{""calculation"": ""max(0, baseline scheduled quantity - forecast operating capacity)"", ""capacity_artifact_id"": ""km_tgp_segment_capacity:1788198122755547000:8fdc5140c4927947e235a62aa64289aad62f3fa51c867ee8ed2458e198852ac1"", ""capacity_run_id"": ""d79f586d-160a-47d8-9546-69b566a24dbc"", ""capacity_source_age_hours_at_calculation"": 15.92, ""direction_mapping"": {""capacity"": ""TD2"", ""forecast"": ""BH"", ""method"": ""FH=operator default direction=TD1; BH=opposite direction=TD2"", ""operator_direction_notice_url"": ""https://pipeline2.kindermorgan.com/Notices/NoticeDetail.aspx?code=TGP&notc_nbr=363144"", ""operator_segment_map_url"": ""https://pipeline2.kindermorgan.com/Documents/TGP/TGP_Segment_-_Pin_Map-20260721125239.pdf""}, ""interpretation"": ""Conditional scheduled shortfall if the captured net schedule holds; not physical flow, curtailment, or a price prediction."", ""operator_capacity_caveat"": ""Flow Indicator (Flow Ind)\n\nTD1 - Flow in the direction as shown on the pipeline segment map.\n\nTD2 - Flow in the opposite direction shown on the pipeline segment map.\n\n1) Design Capacity generally reflects the physical capacity of a segment as determined by a capacity model utilizing current contractual receipt/delivery quantities and a reasonable set of engineering assumptions and parameters.\n2) Design Capacity may be updated periodically to reflect changes in contractual receipt/delivery patterns, paths that do not utilize the entire segment and/or capacity modeling parameters.\n3) Operationally Available Capacity may be updated throughout the day to account for changes including, but not limited to: netting of bidirectional nominations, partial segment path nominations, storage swing services, exchanges, facility outages, and imbalance management.\n4) Total Scheduled Quantity is the resulting scheduled volume after netting scheduled volumes in both flow directions.\u00a0 This quantity for each segment is displayed only in the resulting net physical flow direction of the segment.\u00a0 Opposite of the physical flow direction will display a quantity of zero although there could be volumes scheduled. For further explanation, contact your Scheduling Representative. \u00a0\u00a0\n5) The net Total Scheduled Quantity may result in a quantity different than Operating Capacity due to the confirmation process after scheduling.\n6) Operating Capacity may be different than Design Capacity based on the periodic, non-permanent anticipated or observed operational pipeline conditions including, but not limited to: higher or lower average thermal content of the gas, higher or lower pressure from interconnecting pipelines, on-going maintenance, etc.\n7) Operating Capacity may be greater than the Design Capacity of the segment to accommodate scheduling of services that contain rights to multiple, redundant firm transportation paths which can be served entirely or in part through an alternate physical path.\n8) The IT Indicator shows whether gas has been scheduled under any interruptible service."", ""report_artifact_id"": ""km_tgp_notice_detail:1788197456279496000:cc4e15187816ef531b2c0d32f54f0c4fc2731bd4f14670beb540a5551574d909""}",2026-08-31T17:42:15.945168Z,km_tgp_notice_detail:1788197456279496000:cc4e15187816ef531b2c0d32f54f0c4fc2731bd4f14670beb540a5551574d909,km_tgp_segment_capacity:1788198122755547000:8fdc5140c4927947e235a62aa64289aad62f3fa51c867ee8ed2458e198852ac1
tgp-impact:31c773bfed7a46e22d2640fc3635cdb4947e5c23d4f6fd01e3dcbb751b016af0,403802,2026-08-27,2026-09-04,2026-09-04,Station 534 South of Pool (segment 530 BH),530,BH,TD2,ZL,STA 534 SOUTH OF POOL,2026-08-31,EVENING,985000,904395,80605,1550000,985000,565000,0,80605,pre_event,normalized_name,monitor,unresolved,"No licensed regional basis observations or exact TGP leg-to-contract mapping are loaded. Henry Hub NG is a national benchmark, not direct evidence of this TGP event's price exposure.",https://www.cmegroup.com/markets/energy/natural-gas/natural-gas.html,"[""Future nominations and rerouting are not observed; the shortfall assumes the captured schedule is unchanged.""]","{""calculation"": ""max(0, baseline scheduled quantity - forecast operating capacity)"", ""capacity_artifact_id"": ""km_tgp_segment_capacity:1788198122755547000:8fdc5140c4927947e235a62aa64289aad62f3fa51c867ee8ed2458e198852ac1"", ""capacity_run_id"": ""d79f586d-160a-47d8-9546-69b566a24dbc"", ""capacity_source_age_hours_at_calculation"": 15.92, ""direction_mapping"": {""capacity"": ""TD2"", ""forecast"": ""BH"", ""method"": ""FH=operator default direction=TD1; BH=opposite direction=TD2"", ""operator_direction_notice_url"": ""https://pipeline2.kindermorgan.com/Notices/NoticeDetail.aspx?code=TGP&notc_nbr=363144"", ""operator_segment_map_url"": ""https://pipeline2.kindermorgan.com/Documents/TGP/TGP_Segment_-_Pin_Map-20260721125239.pdf""}, ""interpretation"": ""Conditional scheduled shortfall if the captured net schedule holds; not physical flow, curtailment, or a price prediction."", ""operator_capacity_caveat"": ""Flow Indicator (Flow Ind)\n\nTD1 - Flow in the direction as shown on the pipeline segment map.\n\nTD2 - Flow in the opposite direction shown on the pipeline segment map.\n\n1) Design Capacity generally reflects the physical capacity of a segment as determined by a capacity model utilizing current contractual receipt/delivery quantities and a reasonable set of engineering assumptions and parameters.\n2) Design Capacity may be updated periodically to reflect changes in contractual receipt/delivery patterns, paths that do not utilize the entire segment and/or capacity modeling parameters.\n3) Operationally Available Capacity may be updated throughout the day to account for changes including, but not limited to: netting of bidirectional nominations, partial segment path nominations, storage swing services, exchanges, facility outages, and imbalance management.\n4) Total Scheduled Quantity is the resulting scheduled volume after netting scheduled volumes in both flow directions.\u00a0 This quantity for each segment is displayed only in the resulting net physical flow direction of the segment.\u00a0 Opposite of the physical flow direction will display a quantity of zero although there could be volumes scheduled. For further explanation, contact your Scheduling Representative. \u00a0\u00a0\n5) The net Total Scheduled Quantity may result in a quantity different than Operating Capacity due to the confirmation process after scheduling.\n6) Operating Capacity may be different than Design Capacity based on the periodic, non-permanent anticipated or observed operational pipeline conditions including, but not limited to: higher or lower average thermal content of the gas, higher or lower pressure from interconnecting pipelines, on-going maintenance, etc.\n7) Operating Capacity may be greater than the Design Capacity of the segment to accommodate scheduling of services that contain rights to multiple, redundant firm transportation paths which can be served entirely or in part through an alternate physical path.\n8) The IT Indicator shows whether gas has been scheduled under any interruptible service."", ""report_artifact_id"": ""km_tgp_notice_detail:1788197456279496000:cc4e15187816ef531b2c0d32f54f0c4fc2731bd4f14670beb540a5551574d909""}",2026-08-31T17:42:15.945168Z,km_tgp_notice_detail:1788197456279496000:cc4e15187816ef531b2c0d32f54f0c4fc2731bd4f14670beb540a5551574d909,km_tgp_segment_capacity:1788198122755547000:8fdc5140c4927947e235a62aa64289aad62f3fa51c867ee8ed2458e198852ac1
tgp-impact:d62aa8077f71b741bb1ae37ba8a5cfd04f19bf34294dc126f31ecc7ff953814f,403802,2026-08-27,2026-09-05,2026-09-05,Station 534 South of Pool (segment 530 BH),530,BH,TD2,ZL,STA 534 SOUTH OF POOL,2026-08-31,EVENING,985000,904395,80605,1550000,985000,565000,0,80605,pre_event,normalized_name,monitor,unresolved,"No licensed regional basis observations or exact TGP leg-to-contract mapping are loaded. Henry Hub NG is a national benchmark, not direct evidence of this TGP event's price exposure.",https://www.cmegroup.com/markets/energy/natural-gas/natural-gas.html,"[""Future nominations and rerouting are not observed; the shortfall assumes the captured schedule is unchanged.""]","{""calculation"": ""max(0, baseline scheduled quantity - forecast operating capacity)"", ""capacity_artifact_id"": ""km_tgp_segment_capacity:1788198122755547000:8fdc5140c4927947e235a62aa64289aad62f3fa51c867ee8ed2458e198852ac1"", ""capacity_run_id"": ""d79f586d-160a-47d8-9546-69b566a24dbc"", ""capacity_source_age_hours_at_calculation"": 15.92, ""direction_mapping"": {""capacity"": ""TD2"", ""forecast"": ""BH"", ""method"": ""FH=operator default direction=TD1; BH=opposite direction=TD2"", ""operator_direction_notice_url"": ""https://pipeline2.kindermorgan.com/Notices/NoticeDetail.aspx?code=TGP&notc_nbr=363144"", ""operator_segment_map_url"": ""https://pipeline2.kindermorgan.com/Documents/TGP/TGP_Segment_-_Pin_Map-20260721125239.pdf""}, ""interpretation"": ""Conditional scheduled shortfall if the captured net schedule holds; not physical flow, curtailment, or a price prediction."", ""operator_capacity_caveat"": ""Flow Indicator (Flow Ind)\n\nTD1 - Flow in the direction as shown on the pipeline segment map.\n\nTD2 - Flow in the opposite direction shown on the pipeline segment map.\n\n1) Design Capacity generally reflects the physical capacity of a segment as determined by a capacity model utilizing current contractual receipt/delivery quantities and a reasonable set of engineering assumptions and parameters.\n2) Design Capacity may be updated periodically to reflect changes in contractual receipt/delivery patterns, paths that do not utilize the entire segment and/or capacity modeling parameters.\n3) Operationally Available Capacity may be updated throughout the day to account for changes including, but not limited to: netting of bidirectional nominations, partial segment path nominations, storage swing services, exchanges, facility outages, and imbalance management.\n4) Total Scheduled Quantity is the resulting scheduled volume after netting scheduled volumes in both flow directions.\u00a0 This quantity for each segment is displayed only in the resulting net physical flow direction of the segment.\u00a0 Opposite of the physical flow direction will display a quantity of zero although there could be volumes scheduled. For further explanation, contact your Scheduling Representative. \u00a0\u00a0\n5) The net Total Scheduled Quantity may result in a quantity different than Operating Capacity due to the confirmation process after scheduling.\n6) Operating Capacity may be different than Design Capacity based on the periodic, non-permanent anticipated or observed operational pipeline conditions including, but not limited to: higher or lower average thermal content of the gas, higher or lower pressure from interconnecting pipelines, on-going maintenance, etc.\n7) Operating Capacity may be greater than the Design Capacity of the segment to accommodate scheduling of services that contain rights to multiple, redundant firm transportation paths which can be served entirely or in part through an alternate physical path.\n8) The IT Indicator shows whether gas has been scheduled under any interruptible service."", ""report_artifact_id"": ""km_tgp_notice_detail:1788197456279496000:cc4e15187816ef531b2c0d32f54f0c4fc2731bd4f14670beb540a5551574d909""}",2026-08-31T17:42:15.945168Z,km_tgp_notice_detail:1788197456279496000:cc4e15187816ef531b2c0d32f54f0c4fc2731bd4f14670beb540a5551574d909,km_tgp_segment_capacity:1788198122755547000:8fdc5140c4927947e235a62aa64289aad62f3fa51c867ee8ed2458e198852ac1
tgp-impact:27b42a581c20fcecffde1548831d12e92369373e119095a73602daa40560e76a,403802,2026-08-27,2026-09-06,2026-09-06,Station 534 South of Pool (segment 530 BH),530,BH,TD2,ZL,STA 534 SOUTH OF POOL,2026-08-31,EVENING,985000,904395,80605,1550000,985000,565000,0,80605,pre_event,normalized_name,monitor,unresolved,"No licensed regional basis observations or exact TGP leg-to-contract mapping are loaded. Henry Hub NG is a national benchmark, not direct evidence of this TGP event's price exposure.",https://www.cmegroup.com/markets/energy/natural-gas/natural-gas.html,"[""Future nominations and rerouting are not observed; the shortfall assumes the captured schedule is unchanged.""]","{""calculation"": ""max(0, baseline scheduled quantity - forecast operating capacity)"", ""capacity_artifact_id"": ""km_tgp_segment_capacity:1788198122755547000:8fdc5140c4927947e235a62aa64289aad62f3fa51c867ee8ed2458e198852ac1"", ""capacity_run_id"": ""d79f586d-160a-47d8-9546-69b566a24dbc"", ""capacity_source_age_hours_at_calculation"": 15.92, ""direction_mapping"": {""capacity"": ""TD2"", ""forecast"": ""BH"", ""method"": ""FH=operator default direction=TD1; BH=opposite direction=TD2"", ""operator_direction_notice_url"": ""https://pipeline2.kindermorgan.com/Notices/NoticeDetail.aspx?code=TGP&notc_nbr=363144"", ""operator_segment_map_url"": ""https://pipeline2.kindermorgan.com/Documents/TGP/TGP_Segment_-_Pin_Map-20260721125239.pdf""}, ""interpretation"": ""Conditional scheduled shortfall if the captured net schedule holds; not physical flow, curtailment, or a price prediction."", ""operator_capacity_caveat"": ""Flow Indicator (Flow Ind)\n\nTD1 - Flow in the direction as shown on the pipeline segment map.\n\nTD2 - Flow in the opposite direction shown on the pipeline segment map.\n\n1) Design Capacity generally reflects the physical capacity of a segment as determined by a capacity model utilizing current contractual receipt/delivery quantities and a reasonable set of engineering assumptions and parameters.\n2) Design Capacity may be updated periodically to reflect changes in contractual receipt/delivery patterns, paths that do not utilize the entire segment and/or capacity modeling parameters.\n3) Operationally Available Capacity may be updated throughout the day to account for changes including, but not limited to: netting of bidirectional nominations, partial segment path nominations, storage swing services, exchanges, facility outages, and imbalance management.\n4) Total Scheduled Quantity is the resulting scheduled volume after netting scheduled volumes in both flow directions.\u00a0 This quantity for each segment is displayed only in the resulting net physical flow direction of the segment.\u00a0 Opposite of the physical flow direction will display a quantity of zero although there could be volumes scheduled. For further explanation, contact your Scheduling Representative. \u00a0\u00a0\n5) The net Total Scheduled Quantity may result in a quantity different than Operating Capacity due to the confirmation process after scheduling.\n6) Operating Capacity may be different than Design Capacity based on the periodic, non-permanent anticipated or observed operational pipeline conditions including, but not limited to: higher or lower average thermal content of the gas, higher or lower pressure from interconnecting pipelines, on-going maintenance, etc.\n7) Operating Capacity may be greater than the Design Capacity of the segment to accommodate scheduling of services that contain rights to multiple, redundant firm transportation paths which can be served entirely or in part through an alternate physical path.\n8) The IT Indicator shows whether gas has been scheduled under any interruptible service."", ""report_artifact_id"": ""km_tgp_notice_detail:1788197456279496000:cc4e15187816ef531b2c0d32f54f0c4fc2731bd4f14670beb540a5551574d909""}",2026-08-31T17:42:15.945168Z,km_tgp_notice_detail:1788197456279496000:cc4e15187816ef531b2c0d32f54f0c4fc2731bd4f14670beb540a5551574d909,km_tgp_segment_capacity:1788198122755547000:8fdc5140c4927947e235a62aa64289aad62f3fa51c867ee8ed2458e198852ac1
tgp-impact:6d67a09f28a127be0612b878d40690c0ecaaaf6cefd5a923679f844d63601a93,403802,2026-08-27,2026-09-07,2026-09-13,Station 534 South of Pool (segment 530 BH),530,BH,TD2,ZL,STA 534 SOUTH OF POOL,2026-08-31,EVENING,985000,904395,80605,1550000,985000,565000,0,80605,pre_event,normalized_name,monitor,unresolved,"No licensed regional basis observations or exact TGP leg-to-contract mapping are loaded. Henry Hub NG is a national benchmark, not direct evidence of this TGP event's price exposure.",https://www.cmegroup.com/markets/energy/natural-gas/natural-gas.html,"[""Future nominations and rerouting are not observed; the shortfall assumes the captured schedule is unchanged.""]","{""calculation"": ""max(0, baseline scheduled quantity - forecast operating capacity)"", ""capacity_artifact_id"": ""km_tgp_segment_capacity:1788198122755547000:8fdc5140c4927947e235a62aa64289aad62f3fa51c867ee8ed2458e198852ac1"", ""capacity_run_id"": ""d79f586d-160a-47d8-9546-69b566a24dbc"", ""capacity_source_age_hours_at_calculation"": 15.92, ""direction_mapping"": {""capacity"": ""TD2"", ""forecast"": ""BH"", ""method"": ""FH=operator default direction=TD1; BH=opposite direction=TD2"", ""operator_direction_notice_url"": ""https://pipeline2.kindermorgan.com/Notices/NoticeDetail.aspx?code=TGP&notc_nbr=363144"", ""operator_segment_map_url"": ""https://pipeline2.kindermorgan.com/Documents/TGP/TGP_Segment_-_Pin_Map-20260721125239.pdf""}, ""interpretation"": ""Conditional scheduled shortfall if the captured net schedule holds; not physical flow, curtailment, or a price prediction."", ""operator_capacity_caveat"": ""Flow Indicator (Flow Ind)\n\nTD1 - Flow in the direction as shown on the pipeline segment map.\n\nTD2 - Flow in the opposite direction shown on the pipeline segment map.\n\n1) Design Capacity generally reflects the physical capacity of a segment as determined by a capacity model utilizing current contractual receipt/delivery quantities and a reasonable set of engineering assumptions and parameters.\n2) Design Capacity may be updated periodically to reflect changes in contractual receipt/delivery patterns, paths that do not utilize the entire segment and/or capacity modeling parameters.\n3) Operationally Available Capacity may be updated throughout the day to account for changes including, but not limited to: netting of bidirectional nominations, partial segment path nominations, storage swing services, exchanges, facility outages, and imbalance management.\n4) Total Scheduled Quantity is the resulting scheduled volume after netting scheduled volumes in both flow directions.\u00a0 This quantity for each segment is displayed only in the resulting net physical flow direction of the segment.\u00a0 Opposite of the physical flow direction will display a quantity of zero although there could be volumes scheduled. For further explanation, contact your Scheduling Representative. \u00a0\u00a0\n5) The net Total Scheduled Quantity may result in a quantity different than Operating Capacity due to the confirmation process after scheduling.\n6) Operating Capacity may be different than Design Capacity based on the periodic, non-permanent anticipated or observed operational pipeline conditions including, but not limited to: higher or lower average thermal content of the gas, higher or lower pressure from interconnecting pipelines, on-going maintenance, etc.\n7) Operating Capacity may be greater than the Design Capacity of the segment to accommodate scheduling of services that contain rights to multiple, redundant firm transportation paths which can be served entirely or in part through an alternate physical path.\n8) The IT Indicator shows whether gas has been scheduled under any interruptible service."", ""report_artifact_id"": ""km_tgp_notice_detail:1788197456279496000:cc4e15187816ef531b2c0d32f54f0c4fc2731bd4f14670beb540a5551574d909""}",2026-08-31T17:42:15.945168Z,km_tgp_notice_detail:1788197456279496000:cc4e15187816ef531b2c0d32f54f0c4fc2731bd4f14670beb540a5551574d909,km_tgp_segment_capacity:1788198122755547000:8fdc5140c4927947e235a62aa64289aad62f3fa51c867ee8ed2458e198852ac1
tgp-impact:fba68e03d81026be7d5f42c9b1e96403c753892d0eca43c70197efced37dfb81,403802,2026-08-27,2026-09-14,2026-09-20,Station 534 South of Pool (segment 530 BH),530,BH,TD2,ZL,STA 534 SOUTH OF POOL,2026-08-31,EVENING,985000,904395,80605,1550000,985000,565000,0,80605,pre_event,normalized_name,monitor,unresolved,"No licensed regional basis observations or exact TGP leg-to-contract mapping are loaded. Henry Hub NG is a national benchmark, not direct evidence of this TGP event's price exposure.",https://www.cmegroup.com/markets/energy/natural-gas/natural-gas.html,"[""Future nominations and rerouting are not observed; the shortfall assumes the captured schedule is unchanged.""]","{""calculation"": ""max(0, baseline scheduled quantity - forecast operating capacity)"", ""capacity_artifact_id"": ""km_tgp_segment_capacity:1788198122755547000:8fdc5140c4927947e235a62aa64289aad62f3fa51c867ee8ed2458e198852ac1"", ""capacity_run_id"": ""d79f586d-160a-47d8-9546-69b566a24dbc"", ""capacity_source_age_hours_at_calculation"": 15.92, ""direction_mapping"": {""capacity"": ""TD2"", ""forecast"": ""BH"", ""method"": ""FH=operator default direction=TD1; BH=opposite direction=TD2"", ""operator_direction_notice_url"": ""https://pipeline2.kindermorgan.com/Notices/NoticeDetail.aspx?code=TGP&notc_nbr=363144"", ""operator_segment_map_url"": ""https://pipeline2.kindermorgan.com/Documents/TGP/TGP_Segment_-_Pin_Map-20260721125239.pdf""}, ""interpretation"": ""Conditional scheduled shortfall if the captured net schedule holds; not physical flow, curtailment, or a price prediction."", ""operator_capacity_caveat"": ""Flow Indicator (Flow Ind)\n\nTD1 - Flow in the direction as shown on the pipeline segment map.\n\nTD2 - Flow in the opposite direction shown on the pipeline segment map.\n\n1) Design Capacity generally reflects the physical capacity of a segment as determined by a capacity model utilizing current contractual receipt/delivery quantities and a reasonable set of engineering assumptions and parameters.\n2) Design Capacity may be updated periodically to reflect changes in contractual receipt/delivery patterns, paths that do not utilize the entire segment and/or capacity modeling parameters.\n3) Operationally Available Capacity may be updated throughout the day to account for changes including, but not limited to: netting of bidirectional nominations, partial segment path nominations, storage swing services, exchanges, facility outages, and imbalance management.\n4) Total Scheduled Quantity is the resulting scheduled volume after netting scheduled volumes in both flow directions.\u00a0 This quantity for each segment is displayed only in the resulting net physical flow direction of the segment.\u00a0 Opposite of the physical flow direction will display a quantity of zero although there could be volumes scheduled. For further explanation, contact your Scheduling Representative. \u00a0\u00a0\n5) The net Total Scheduled Quantity may result in a quantity different than Operating Capacity due to the confirmation process after scheduling.\n6) Operating Capacity may be different than Design Capacity based on the periodic, non-permanent anticipated or observed operational pipeline conditions including, but not limited to: higher or lower average thermal content of the gas, higher or lower pressure from interconnecting pipelines, on-going maintenance, etc.\n7) Operating Capacity may be greater than the Design Capacity of the segment to accommodate scheduling of services that contain rights to multiple, redundant firm transportation paths which can be served entirely or in part through an alternate physical path.\n8) The IT Indicator shows whether gas has been scheduled under any interruptible service."", ""report_artifact_id"": ""km_tgp_notice_detail:1788197456279496000:cc4e15187816ef531b2c0d32f54f0c4fc2731bd4f14670beb540a5551574d909""}",2026-08-31T17:42:15.945168Z,km_tgp_notice_detail:1788197456279496000:cc4e15187816ef531b2c0d32f54f0c4fc2731bd4f14670beb540a5551574d909,km_tgp_segment_capacity:1788198122755547000:8fdc5140c4927947e235a62aa64289aad62f3fa51c867ee8ed2458e198852ac1
tgp-impact:361a45399006bf3b68e1b3196911712927f3e40eab0d3014a8bd419a37073c64,403802,2026-08-27,2026-08-31,2026-08-31,Station 114 (segment 114 BH),114,BH,TD2,Z3,STA 114 EAST,2026-08-31,EVENING,393000,349971,43029,907000,393000,514000,0,43029,same_day,normalized_name,monitor,unresolved,"No licensed regional basis observations or exact TGP leg-to-contract mapping are loaded. Henry Hub NG is a national benchmark, not direct evidence of this TGP event's price exposure.",https://www.cmegroup.com/markets/energy/natural-gas/natural-gas.html,"[""Future nominations and rerouting are not observed; the shortfall assumes the captured schedule is unchanged.""]","{""calculation"": ""max(0, baseline scheduled quantity - forecast operating capacity)"", ""capacity_artifact_id"": ""km_tgp_segment_capacity:1788198122755547000:8fdc5140c4927947e235a62aa64289aad62f3fa51c867ee8ed2458e198852ac1"", ""capacity_run_id"": ""d79f586d-160a-47d8-9546-69b566a24dbc"", ""capacity_source_age_hours_at_calculation"": 15.92, ""direction_mapping"": {""capacity"": ""TD2"", ""forecast"": ""BH"", ""method"": ""FH=operator default direction=TD1; BH=opposite direction=TD2"", ""operator_direction_notice_url"": ""https://pipeline2.kindermorgan.com/Notices/NoticeDetail.aspx?code=TGP&notc_nbr=363144"", ""operator_segment_map_url"": ""https://pipeline2.kindermorgan.com/Documents/TGP/TGP_Segment_-_Pin_Map-20260721125239.pdf""}, ""interpretation"": ""Conditional scheduled shortfall if the captured net schedule holds; not physical flow, curtailment, or a price prediction."", ""operator_capacity_caveat"": ""Flow Indicator (Flow Ind)\n\nTD1 - Flow in the direction as shown on the pipeline segment map.\n\nTD2 - Flow in the opposite direction shown on the pipeline segment map.\n\n1) Design Capacity generally reflects the physical capacity of a segment as determined by a capacity model utilizing current contractual receipt/delivery quantities and a reasonable set of engineering assumptions and parameters.\n2) Design Capacity may be updated periodically to reflect changes in contractual receipt/delivery patterns, paths that do not utilize the entire segment and/or capacity modeling parameters.\n3) Operationally Available Capacity may be updated throughout the day to account for changes including, but not limited to: netting of bidirectional nominations, partial segment path nominations, storage swing services, exchanges, facility outages, and imbalance management.\n4) Total Scheduled Quantity is the resulting scheduled volume after netting scheduled volumes in both flow directions.\u00a0 This quantity for each segment is displayed only in the resulting net physical flow direction of the segment.\u00a0 Opposite of the physical flow direction will display a quantity of zero although there could be volumes scheduled. For further explanation, contact your Scheduling Representative. \u00a0\u00a0\n5) The net Total Scheduled Quantity may result in a quantity different than Operating Capacity due to the confirmation process after scheduling.\n6) Operating Capacity may be different than Design Capacity based on the periodic, non-permanent anticipated or observed operational pipeline conditions including, but not limited to: higher or lower average thermal content of the gas, higher or lower pressure from interconnecting pipelines, on-going maintenance, etc.\n7) Operating Capacity may be greater than the Design Capacity of the segment to accommodate scheduling of services that contain rights to multiple, redundant firm transportation paths which can be served entirely or in part through an alternate physical path.\n8) The IT Indicator shows whether gas has been scheduled under any interruptible service."", ""report_artifact_id"": ""km_tgp_notice_detail:1788197456279496000:cc4e15187816ef531b2c0d32f54f0c4fc2731bd4f14670beb540a5551574d909""}",2026-08-31T17:42:15.945168Z,km_tgp_notice_detail:1788197456279496000:cc4e15187816ef531b2c0d32f54f0c4fc2731bd4f14670beb540a5551574d909,km_tgp_segment_capacity:1788198122755547000:8fdc5140c4927947e235a62aa64289aad62f3fa51c867ee8ed2458e198852ac1
tgp-impact:162280c53a6c50a03f201063d3378ddd032092c31ee389d135c042dea5e9d23f,403802,2026-08-27,2026-09-01,2026-09-01,Station 114 (segment 114 BH),114,BH,TD2,Z3,STA 114 EAST,2026-08-31,EVENING,393000,349971,43029,907000,393000,514000,0,43029,pre_event,normalized_name,monitor,unresolved,"No licensed regional basis observations or exact TGP leg-to-contract mapping are loaded. Henry Hub NG is a national benchmark, not direct evidence of this TGP event's price exposure.",https://www.cmegroup.com/markets/energy/natural-gas/natural-gas.html,"[""Future nominations and rerouting are not observed; the shortfall assumes the captured schedule is unchanged.""]","{""calculation"": ""max(0, baseline scheduled quantity - forecast operating capacity)"", ""capacity_artifact_id"": ""km_tgp_segment_capacity:1788198122755547000:8fdc5140c4927947e235a62aa64289aad62f3fa51c867ee8ed2458e198852ac1"", ""capacity_run_id"": ""d79f586d-160a-47d8-9546-69b566a24dbc"", ""capacity_source_age_hours_at_calculation"": 15.92, ""direction_mapping"": {""capacity"": ""TD2"", ""forecast"": ""BH"", ""method"": ""FH=operator default direction=TD1; BH=opposite direction=TD2"", ""operator_direction_notice_url"": ""https://pipeline2.kindermorgan.com/Notices/NoticeDetail.aspx?code=TGP&notc_nbr=363144"", ""operator_segment_map_url"": ""https://pipeline2.kindermorgan.com/Documents/TGP/TGP_Segment_-_Pin_Map-20260721125239.pdf""}, ""interpretation"": ""Conditional scheduled shortfall if the captured net schedule holds; not physical flow, curtailment, or a price prediction."", ""operator_capacity_caveat"": ""Flow Indicator (Flow Ind)\n\nTD1 - Flow in the direction as shown on the pipeline segment map.\n\nTD2 - Flow in the opposite direction shown on the pipeline segment map.\n\n1) Design Capacity generally reflects the physical capacity of a segment as determined by a capacity model utilizing current contractual receipt/delivery quantities and a reasonable set of engineering assumptions and parameters.\n2) Design Capacity may be updated periodically to reflect changes in contractual receipt/delivery patterns, paths that do not utilize the entire segment and/or capacity modeling parameters.\n3) Operationally Available Capacity may be updated throughout the day to account for changes including, but not limited to: netting of bidirectional nominations, partial segment path nominations, storage swing services, exchanges, facility outages, and imbalance management.\n4) Total Scheduled Quantity is the resulting scheduled volume after netting scheduled volumes in both flow directions.\u00a0 This quantity for each segment is displayed only in the resulting net physical flow direction of the segment.\u00a0 Opposite of the physical flow direction will display a quantity of zero although there could be volumes scheduled. For further explanation, contact your Scheduling Representative. \u00a0\u00a0\n5) The net Total Scheduled Quantity may result in a quantity different than Operating Capacity due to the confirmation process after scheduling.\n6) Operating Capacity may be different than Design Capacity based on the periodic, non-permanent anticipated or observed operational pipeline conditions including, but not limited to: higher or lower average thermal content of the gas, higher or lower pressure from interconnecting pipelines, on-going maintenance, etc.\n7) Operating Capacity may be greater than the Design Capacity of the segment to accommodate scheduling of services that contain rights to multiple, redundant firm transportation paths which can be served entirely or in part through an alternate physical path.\n8) The IT Indicator shows whether gas has been scheduled under any interruptible service."", ""report_artifact_id"": ""km_tgp_notice_detail:1788197456279496000:cc4e15187816ef531b2c0d32f54f0c4fc2731bd4f14670beb540a5551574d909""}",2026-08-31T17:42:15.945168Z,km_tgp_notice_detail:1788197456279496000:cc4e15187816ef531b2c0d32f54f0c4fc2731bd4f14670beb540a5551574d909,km_tgp_segment_capacity:1788198122755547000:8fdc5140c4927947e235a62aa64289aad62f3fa51c867ee8ed2458e198852ac1
tgp-impact:e71e0f0cd4efdf980c5ba58043bd00d6bba9cca29d88ea3b8e69490f42067d06,403802,2026-08-27,2026-09-02,2026-09-02,Station 114 (segment 114 BH),114,BH,TD2,Z3,STA 114 EAST,2026-08-31,EVENING,393000,349971,43029,907000,393000,514000,0,43029,pre_event,normalized_name,monitor,unresolved,"No licensed regional basis observations or exact TGP leg-to-contract mapping are loaded. Henry Hub NG is a national benchmark, not direct evidence of this TGP event's price exposure.",https://www.cmegroup.com/markets/energy/natural-gas/natural-gas.html,"[""Future nominations and rerouting are not observed; the shortfall assumes the captured schedule is unchanged.""]","{""calculation"": ""max(0, baseline scheduled quantity - forecast operating capacity)"", ""capacity_artifact_id"": ""km_tgp_segment_capacity:1788198122755547000:8fdc5140c4927947e235a62aa64289aad62f3fa51c867ee8ed2458e198852ac1"", ""capacity_run_id"": ""d79f586d-160a-47d8-9546-69b566a24dbc"", ""capacity_source_age_hours_at_calculation"": 15.92, ""direction_mapping"": {""capacity"": ""TD2"", ""forecast"": ""BH"", ""method"": ""FH=operator default direction=TD1; BH=opposite direction=TD2"", ""operator_direction_notice_url"": ""https://pipeline2.kindermorgan.com/Notices/NoticeDetail.aspx?code=TGP&notc_nbr=363144"", ""operator_segment_map_url"": ""https://pipeline2.kindermorgan.com/Documents/TGP/TGP_Segment_-_Pin_Map-20260721125239.pdf""}, ""interpretation"": ""Conditional scheduled shortfall if the captured net schedule holds; not physical flow, curtailment, or a price prediction."", ""operator_capacity_caveat"": ""Flow Indicator (Flow Ind)\n\nTD1 - Flow in the direction as shown on the pipeline segment map.\n\nTD2 - Flow in the opposite direction shown on the pipeline segment map.\n\n1) Design Capacity generally reflects the physical capacity of a segment as determined by a capacity model utilizing current contractual receipt/delivery quantities and a reasonable set of engineering assumptions and parameters.\n2) Design Capacity may be updated periodically to reflect changes in contractual receipt/delivery patterns, paths that do not utilize the entire segment and/or capacity modeling parameters.\n3) Operationally Available Capacity may be updated throughout the day to account for changes including, but not limited to: netting of bidirectional nominations, partial segment path nominations, storage swing services, exchanges, facility outages, and imbalance management.\n4) Total Scheduled Quantity is the resulting scheduled volume after netting scheduled volumes in both flow directions.\u00a0 This quantity for each segment is displayed only in the resulting net physical flow direction of the segment.\u00a0 Opposite of the physical flow direction will display a quantity of zero although there could be volumes scheduled. For further explanation, contact your Scheduling Representative. \u00a0\u00a0\n5) The net Total Scheduled Quantity may result in a quantity different than Operating Capacity due to the confirmation process after scheduling.\n6) Operating Capacity may be different than Design Capacity based on the periodic, non-permanent anticipated or observed operational pipeline conditions including, but not limited to: higher or lower average thermal content of the gas, higher or lower pressure from interconnecting pipelines, on-going maintenance, etc.\n7) Operating Capacity may be greater than the Design Capacity of the segment to accommodate scheduling of services that contain rights to multiple, redundant firm transportation paths which can be served entirely or in part through an alternate physical path.\n8) The IT Indicator shows whether gas has been scheduled under any interruptible service."", ""report_artifact_id"": ""km_tgp_notice_detail:1788197456279496000:cc4e15187816ef531b2c0d32f54f0c4fc2731bd4f14670beb540a5551574d909""}",2026-08-31T17:42:15.945168Z,km_tgp_notice_detail:1788197456279496000:cc4e15187816ef531b2c0d32f54f0c4fc2731bd4f14670beb540a5551574d909,km_tgp_segment_capacity:1788198122755547000:8fdc5140c4927947e235a62aa64289aad62f3fa51c867ee8ed2458e198852ac1
tgp-impact:3f90f434d3bc6887fa7fe9159e777a7ad03edd12e19b513fae294fa88709a2c2,403802,2026-08-27,2026-09-03,2026-09-03,Station 114 (segment 114 BH),114,BH,TD2,Z3,STA 114 EAST,2026-08-31,EVENING,393000,349971,43029,907000,393000,514000,0,43029,pre_event,normalized_name,monitor,unresolved,"No licensed regional basis observations or exact TGP leg-to-contract mapping are loaded. Henry Hub NG is a national benchmark, not direct evidence of this TGP event's price exposure.",https://www.cmegroup.com/markets/energy/natural-gas/natural-gas.html,"[""Future nominations and rerouting are not observed; the shortfall assumes the captured schedule is unchanged.""]","{""calculation"": ""max(0, baseline scheduled quantity - forecast operating capacity)"", ""capacity_artifact_id"": ""km_tgp_segment_capacity:1788198122755547000:8fdc5140c4927947e235a62aa64289aad62f3fa51c867ee8ed2458e198852ac1"", ""capacity_run_id"": ""d79f586d-160a-47d8-9546-69b566a24dbc"", ""capacity_source_age_hours_at_calculation"": 15.92, ""direction_mapping"": {""capacity"": ""TD2"", ""forecast"": ""BH"", ""method"": ""FH=operator default direction=TD1; BH=opposite direction=TD2"", ""operator_direction_notice_url"": ""https://pipeline2.kindermorgan.com/Notices/NoticeDetail.aspx?code=TGP&notc_nbr=363144"", ""operator_segment_map_url"": ""https://pipeline2.kindermorgan.com/Documents/TGP/TGP_Segment_-_Pin_Map-20260721125239.pdf""}, ""interpretation"": ""Conditional scheduled shortfall if the captured net schedule holds; not physical flow, curtailment, or a price prediction."", ""operator_capacity_caveat"": ""Flow Indicator (Flow Ind)\n\nTD1 - Flow in the direction as shown on the pipeline segment map.\n\nTD2 - Flow in the opposite direction shown on the pipeline segment map.\n\n1) Design Capacity generally reflects the physical capacity of a segment as determined by a capacity model utilizing current contractual receipt/delivery quantities and a reasonable set of engineering assumptions and parameters.\n2) Design Capacity may be updated periodically to reflect changes in contractual receipt/delivery patterns, paths that do not utilize the entire segment and/or capacity modeling parameters.\n3) Operationally Available Capacity may be updated throughout the day to account for changes including, but not limited to: netting of bidirectional nominations, partial segment path nominations, storage swing services, exchanges, facility outages, and imbalance management.\n4) Total Scheduled Quantity is the resulting scheduled volume after netting scheduled volumes in both flow directions.\u00a0 This quantity for each segment is displayed only in the resulting net physical flow direction of the segment.\u00a0 Opposite of the physical flow direction will display a quantity of zero although there could be volumes scheduled. For further explanation, contact your Scheduling Representative. \u00a0\u00a0\n5) The net Total Scheduled Quantity may result in a quantity different than Operating Capacity due to the confirmation process after scheduling.\n6) Operating Capacity may be different than Design Capacity based on the periodic, non-permanent anticipated or observed operational pipeline conditions including, but not limited to: higher or lower average thermal content of the gas, higher or lower pressure from interconnecting pipelines, on-going maintenance, etc.\n7) Operating Capacity may be greater than the Design Capacity of the segment to accommodate scheduling of services that contain rights to multiple, redundant firm transportation paths which can be served entirely or in part through an alternate physical path.\n8) The IT Indicator shows whether gas has been scheduled under any interruptible service."", ""report_artifact_id"": ""km_tgp_notice_detail:1788197456279496000:cc4e15187816ef531b2c0d32f54f0c4fc2731bd4f14670beb540a5551574d909""}",2026-08-31T17:42:15.945168Z,km_tgp_notice_detail:1788197456279496000:cc4e15187816ef531b2c0d32f54f0c4fc2731bd4f14670beb540a5551574d909,km_tgp_segment_capacity:1788198122755547000:8fdc5140c4927947e235a62aa64289aad62f3fa51c867ee8ed2458e198852ac1
tgp-impact:d7ee878d85faf57f8ebbb7c770b032c8cf89aab083d4e71305aab30c54c93f5f,403802,2026-08-27,2026-09-04,2026-09-04,Station 114 (segment 114 BH),114,BH,TD2,Z3,STA 114 EAST,2026-08-31,EVENING,393000,349971,43029,907000,393000,514000,0,43029,pre_event,normalized_name,monitor,unresolved,"No licensed regional basis observations or exact TGP leg-to-contract mapping are loaded. Henry Hub NG is a national benchmark, not direct evidence of this TGP event's price exposure.",https://www.cmegroup.com/markets/energy/natural-gas/natural-gas.html,"[""Future nominations and rerouting are not observed; the shortfall assumes the captured schedule is unchanged.""]","{""calculation"": ""max(0, baseline scheduled quantity - forecast operating capacity)"", ""capacity_artifact_id"": ""km_tgp_segment_capacity:1788198122755547000:8fdc5140c4927947e235a62aa64289aad62f3fa51c867ee8ed2458e198852ac1"", ""capacity_run_id"": ""d79f586d-160a-47d8-9546-69b566a24dbc"", ""capacity_source_age_hours_at_calculation"": 15.92, ""direction_mapping"": {""capacity"": ""TD2"", ""forecast"": ""BH"", ""method"": ""FH=operator default direction=TD1; BH=opposite direction=TD2"", ""operator_direction_notice_url"": ""https://pipeline2.kindermorgan.com/Notices/NoticeDetail.aspx?code=TGP&notc_nbr=363144"", ""operator_segment_map_url"": ""https://pipeline2.kindermorgan.com/Documents/TGP/TGP_Segment_-_Pin_Map-20260721125239.pdf""}, ""interpretation"": ""Conditional scheduled shortfall if the captured net schedule holds; not physical flow, curtailment, or a price prediction."", ""operator_capacity_caveat"": ""Flow Indicator (Flow Ind)\n\nTD1 - Flow in the direction as shown on the pipeline segment map.\n\nTD2 - Flow in the opposite direction shown on the pipeline segment map.\n\n1) Design Capacity generally reflects the physical capacity of a segment as determined by a capacity model utilizing current contractual receipt/delivery quantities and a reasonable set of engineering assumptions and parameters.\n2) Design Capacity may be updated periodically to reflect changes in contractual receipt/delivery patterns, paths that do not utilize the entire segment and/or capacity modeling parameters.\n3) Operationally Available Capacity may be updated throughout the day to account for changes including, but not limited to: netting of bidirectional nominations, partial segment path nominations, storage swing services, exchanges, facility outages, and imbalance management.\n4) Total Scheduled Quantity is the resulting scheduled volume after netting scheduled volumes in both flow directions.\u00a0 This quantity for each segment is displayed only in the resulting net physical flow direction of the segment.\u00a0 Opposite of the physical flow direction will display a quantity of zero although there could be volumes scheduled. For further explanation, contact your Scheduling Representative. \u00a0\u00a0\n5) The net Total Scheduled Quantity may result in a quantity different than Operating Capacity due to the confirmation process after scheduling.\n6) Operating Capacity may be different than Design Capacity based on the periodic, non-permanent anticipated or observed operational pipeline conditions including, but not limited to: higher or lower average thermal content of the gas, higher or lower pressure from interconnecting pipelines, on-going maintenance, etc.\n7) Operating Capacity may be greater than the Design Capacity of the segment to accommodate scheduling of services that contain rights to multiple, redundant firm transportation paths which can be served entirely or in part through an alternate physical path.\n8) The IT Indicator shows whether gas has been scheduled under any interruptible service."", ""report_artifact_id"": ""km_tgp_notice_detail:1788197456279496000:cc4e15187816ef531b2c0d32f54f0c4fc2731bd4f14670beb540a5551574d909""}",2026-08-31T17:42:15.945168Z,km_tgp_notice_detail:1788197456279496000:cc4e15187816ef531b2c0d32f54f0c4fc2731bd4f14670beb540a5551574d909,km_tgp_segment_capacity:1788198122755547000:8fdc5140c4927947e235a62aa64289aad62f3fa51c867ee8ed2458e198852ac1
tgp-impact:781bab549ac119f47a3047733a86cdf1a015be87047c78e1cf60d5bb5d45e157,403802,2026-08-27,2026-09-05,2026-09-05,Station 114 (segment 114 BH),114,BH,TD2,Z3,STA 114 EAST,2026-08-31,EVENING,393000,349971,43029,907000,393000,514000,0,43029,pre_event,normalized_name,monitor,unresolved,"No licensed regional basis observations or exact TGP leg-to-contract mapping are loaded. Henry Hub NG is a national benchmark, not direct evidence of this TGP event's price exposure.",https://www.cmegroup.com/markets/energy/natural-gas/natural-gas.html,"[""Future nominations and rerouting are not observed; the shortfall assumes the captured schedule is unchanged.""]","{""calculation"": ""max(0, baseline scheduled quantity - forecast operating capacity)"", ""capacity_artifact_id"": ""km_tgp_segment_capacity:1788198122755547000:8fdc5140c4927947e235a62aa64289aad62f3fa51c867ee8ed2458e198852ac1"", ""capacity_run_id"": ""d79f586d-160a-47d8-9546-69b566a24dbc"", ""capacity_source_age_hours_at_calculation"": 15.92, ""direction_mapping"": {""capacity"": ""TD2"", ""forecast"": ""BH"", ""method"": ""FH=operator default direction=TD1; BH=opposite direction=TD2"", ""operator_direction_notice_url"": ""https://pipeline2.kindermorgan.com/Notices/NoticeDetail.aspx?code=TGP&notc_nbr=363144"", ""operator_segment_map_url"": ""https://pipeline2.kindermorgan.com/Documents/TGP/TGP_Segment_-_Pin_Map-20260721125239.pdf""}, ""interpretation"": ""Conditional scheduled shortfall if the captured net schedule holds; not physical flow, curtailment, or a price prediction."", ""operator_capacity_caveat"": ""Flow Indicator (Flow Ind)\n\nTD1 - Flow in the direction as shown on the pipeline segment map.\n\nTD2 - Flow in the opposite direction shown on the pipeline segment map.\n\n1) Design Capacity generally reflects the physical capacity of a segment as determined by a capacity model utilizing current contractual receipt/delivery quantities and a reasonable set of engineering assumptions and parameters.\n2) Design Capacity may be updated periodically to reflect changes in contractual receipt/delivery patterns, paths that do not utilize the entire segment and/or capacity modeling parameters.\n3) Operationally Available Capacity may be updated throughout the day to account for changes including, but not limited to: netting of bidirectional nominations, partial segment path nominations, storage swing services, exchanges, facility outages, and imbalance management.\n4) Total Scheduled Quantity is the resulting scheduled volume after netting scheduled volumes in both flow directions.\u00a0 This quantity for each segment is displayed only in the resulting net physical flow direction of the segment.\u00a0 Opposite of the physical flow direction will display a quantity of zero although there could be volumes scheduled. For further explanation, contact your Scheduling Representative. \u00a0\u00a0\n5) The net Total Scheduled Quantity may result in a quantity different than Operating Capacity due to the confirmation process after scheduling.\n6) Operating Capacity may be different than Design Capacity based on the periodic, non-permanent anticipated or observed operational pipeline conditions including, but not limited to: higher or lower average thermal content of the gas, higher or lower pressure from interconnecting pipelines, on-going maintenance, etc.\n7) Operating Capacity may be greater than the Design Capacity of the segment to accommodate scheduling of services that contain rights to multiple, redundant firm transportation paths which can be served entirely or in part through an alternate physical path.\n8) The IT Indicator shows whether gas has been scheduled under any interruptible service."", ""report_artifact_id"": ""km_tgp_notice_detail:1788197456279496000:cc4e15187816ef531b2c0d32f54f0c4fc2731bd4f14670beb540a5551574d909""}",2026-08-31T17:42:15.945168Z,km_tgp_notice_detail:1788197456279496000:cc4e15187816ef531b2c0d32f54f0c4fc2731bd4f14670beb540a5551574d909,km_tgp_segment_capacity:1788198122755547000:8fdc5140c4927947e235a62aa64289aad62f3fa51c867ee8ed2458e198852ac1
tgp-impact:f291e8a3dd8b059f82bd9c242b4a6d8c36924e4216cb1feac8a8857de9d09c18,403802,2026-08-27,2026-09-06,2026-09-06,Station 114 (segment 114 BH),114,BH,TD2,Z3,STA 114 EAST,2026-08-31,EVENING,393000,349971,43029,907000,393000,514000,0,43029,pre_event,normalized_name,monitor,unresolved,"No licensed regional basis observations or exact TGP leg-to-contract mapping are loaded. Henry Hub NG is a national benchmark, not direct evidence of this TGP event's price exposure.",https://www.cmegroup.com/markets/energy/natural-gas/natural-gas.html,"[""Future nominations and rerouting are not observed; the shortfall assumes the captured schedule is unchanged.""]","{""calculation"": ""max(0, baseline scheduled quantity - forecast operating capacity)"", ""capacity_artifact_id"": ""km_tgp_segment_capacity:1788198122755547000:8fdc5140c4927947e235a62aa64289aad62f3fa51c867ee8ed2458e198852ac1"", ""capacity_run_id"": ""d79f586d-160a-47d8-9546-69b566a24dbc"", ""capacity_source_age_hours_at_calculation"": 15.92, ""direction_mapping"": {""capacity"": ""TD2"", ""forecast"": ""BH"", ""method"": ""FH=operator default direction=TD1; BH=opposite direction=TD2"", ""operator_direction_notice_url"": ""https://pipeline2.kindermorgan.com/Notices/NoticeDetail.aspx?code=TGP&notc_nbr=363144"", ""operator_segment_map_url"": ""https://pipeline2.kindermorgan.com/Documents/TGP/TGP_Segment_-_Pin_Map-20260721125239.pdf""}, ""interpretation"": ""Conditional scheduled shortfall if the captured net schedule holds; not physical flow, curtailment, or a price prediction."", ""operator_capacity_caveat"": ""Flow Indicator (Flow Ind)\n\nTD1 - Flow in the direction as shown on the pipeline segment map.\n\nTD2 - Flow in the opposite direction shown on the pipeline segment map.\n\n1) Design Capacity generally reflects the physical capacity of a segment as determined by a capacity model utilizing current contractual receipt/delivery quantities and a reasonable set of engineering assumptions and parameters.\n2) Design Capacity may be updated periodically to reflect changes in contractual receipt/delivery patterns, paths that do not utilize the entire segment and/or capacity modeling parameters.\n3) Operationally Available Capacity may be updated throughout the day to account for changes including, but not limited to: netting of bidirectional nominations, partial segment path nominations, storage swing services, exchanges, facility outages, and imbalance management.\n4) Total Scheduled Quantity is the resulting scheduled volume after netting scheduled volumes in both flow directions.\u00a0 This quantity for each segment is displayed only in the resulting net physical flow direction of the segment.\u00a0 Opposite of the physical flow direction will display a quantity of zero although there could be volumes scheduled. For further explanation, contact your Scheduling Representative. \u00a0\u00a0\n5) The net Total Scheduled Quantity may result in a quantity different than Operating Capacity due to the confirmation process after scheduling.\n6) Operating Capacity may be different than Design Capacity based on the periodic, non-permanent anticipated or observed operational pipeline conditions including, but not limited to: higher or lower average thermal content of the gas, higher or lower pressure from interconnecting pipelines, on-going maintenance, etc.\n7) Operating Capacity may be greater than the Design Capacity of the segment to accommodate scheduling of services that contain rights to multiple, redundant firm transportation paths which can be served entirely or in part through an alternate physical path.\n8) The IT Indicator shows whether gas has been scheduled under any interruptible service."", ""report_artifact_id"": ""km_tgp_notice_detail:1788197456279496000:cc4e15187816ef531b2c0d32f54f0c4fc2731bd4f14670beb540a5551574d909""}",2026-08-31T17:42:15.945168Z,km_tgp_notice_detail:1788197456279496000:cc4e15187816ef531b2c0d32f54f0c4fc2731bd4f14670beb540a5551574d909,km_tgp_segment_capacity:1788198122755547000:8fdc5140c4927947e235a62aa64289aad62f3fa51c867ee8ed2458e198852ac1
tgp-impact:b66d7ba8231d4dfa6582107146132610ab82066a58107b9087dedc49a4a193ac,403802,2026-08-27,2026-09-21,2026-09-27,Station 534 (segment 534 BH),534,BH,TD2,Z1,STA 534,2026-08-31,EVENING,1909661,921721,987940,1909000,1440000,469000,0,518279,pre_event,normalized_name,monitor,unresolved,"No licensed regional basis observations or exact TGP leg-to-contract mapping are loaded. Henry Hub NG is a national benchmark, not direct evidence of this TGP event's price exposure.",https://www.cmegroup.com/markets/energy/natural-gas/natural-gas.html,"[""Future nominations and rerouting are not observed; the shortfall assumes the captured schedule is unchanged.""]","{""calculation"": ""max(0, baseline scheduled quantity - forecast operating capacity)"", ""capacity_artifact_id"": ""km_tgp_segment_capacity:1788198122755547000:8fdc5140c4927947e235a62aa64289aad62f3fa51c867ee8ed2458e198852ac1"", ""capacity_run_id"": ""d79f586d-160a-47d8-9546-69b566a24dbc"", ""capacity_source_age_hours_at_calculation"": 15.92, ""direction_mapping"": {""capacity"": ""TD2"", ""forecast"": ""BH"", ""method"": ""FH=operator default direction=TD1; BH=opposite direction=TD2"", ""operator_direction_notice_url"": ""https://pipeline2.kindermorgan.com/Notices/NoticeDetail.aspx?code=TGP&notc_nbr=363144"", ""operator_segment_map_url"": ""https://pipeline2.kindermorgan.com/Documents/TGP/TGP_Segment_-_Pin_Map-20260721125239.pdf""}, ""interpretation"": ""Conditional scheduled shortfall if the captured net schedule holds; not physical flow, curtailment, or a price prediction."", ""operator_capacity_caveat"": ""Flow Indicator (Flow Ind)\n\nTD1 - Flow in the direction as shown on the pipeline segment map.\n\nTD2 - Flow in the opposite direction shown on the pipeline segment map.\n\n1) Design Capacity generally reflects the physical capacity of a segment as determined by a capacity model utilizing current contractual receipt/delivery quantities and a reasonable set of engineering assumptions and parameters.\n2) Design Capacity may be updated periodically to reflect changes in contractual receipt/delivery patterns, paths that do not utilize the entire segment and/or capacity modeling parameters.\n3) Operationally Available Capacity may be updated throughout the day to account for changes including, but not limited to: netting of bidirectional nominations, partial segment path nominations, storage swing services, exchanges, facility outages, and imbalance management.\n4) Total Scheduled Quantity is the resulting scheduled volume after netting scheduled volumes in both flow directions.\u00a0 This quantity for each segment is displayed only in the resulting net physical flow direction of the segment.\u00a0 Opposite of the physical flow direction will display a quantity of zero although there could be volumes scheduled. For further explanation, contact your Scheduling Representative. \u00a0\u00a0\n5) The net Total Scheduled Quantity may result in a quantity different than Operating Capacity due to the confirmation process after scheduling.\n6) Operating Capacity may be different than Design Capacity based on the periodic, non-permanent anticipated or observed operational pipeline conditions including, but not limited to: higher or lower average thermal content of the gas, higher or lower pressure from interconnecting pipelines, on-going maintenance, etc.\n7) Operating Capacity may be greater than the Design Capacity of the segment to accommodate scheduling of services that contain rights to multiple, redundant firm transportation paths which can be served entirely or in part through an alternate physical path.\n8) The IT Indicator shows whether gas has been scheduled under any interruptible service."", ""report_artifact_id"": ""km_tgp_notice_detail:1788197456279496000:cc4e15187816ef531b2c0d32f54f0c4fc2731bd4f14670beb540a5551574d909""}",2026-08-31T17:42:15.945168Z,km_tgp_notice_detail:1788197456279496000:cc4e15187816ef531b2c0d32f54f0c4fc2731bd4f14670beb540a5551574d909,km_tgp_segment_capacity:1788198122755547000:8fdc5140c4927947e235a62aa64289aad62f3fa51c867ee8ed2458e198852ac1
tgp-impact:746e76d5e160613a5c7ae965f08be66a7b77a8a61354fc376ee78307205cd0c9,403802,2026-08-27,2026-09-28,2026-10-04,Station 534 (segment 534 BH),534,BH,TD2,Z1,STA 534,2026-08-31,EVENING,1909661,921721,987940,1909000,1440000,469000,0,518279,pre_event,normalized_name,monitor,unresolved,"No licensed regional basis observations or exact TGP leg-to-contract mapping are loaded. Henry Hub NG is a national benchmark, not direct evidence of this TGP event's price exposure.",https://www.cmegroup.com/markets/energy/natural-gas/natural-gas.html,"[""Future nominations and rerouting are not observed; the shortfall assumes the captured schedule is unchanged.""]","{""calculation"": ""max(0, baseline scheduled quantity - forecast operating capacity)"", ""capacity_artifact_id"": ""km_tgp_segment_capacity:1788198122755547000:8fdc5140c4927947e235a62aa64289aad62f3fa51c867ee8ed2458e198852ac1"", ""capacity_run_id"": ""d79f586d-160a-47d8-9546-69b566a24dbc"", ""capacity_source_age_hours_at_calculation"": 15.92, ""direction_mapping"": {""capacity"": ""TD2"", ""forecast"": ""BH"", ""method"": ""FH=operator default direction=TD1; BH=opposite direction=TD2"", ""operator_direction_notice_url"": ""https://pipeline2.kindermorgan.com/Notices/NoticeDetail.aspx?code=TGP&notc_nbr=363144"", ""operator_segment_map_url"": ""https://pipeline2.kindermorgan.com/Documents/TGP/TGP_Segment_-_Pin_Map-20260721125239.pdf""}, ""interpretation"": ""Conditional scheduled shortfall if the captured net schedule holds; not physical flow, curtailment, or a price prediction."", ""operator_capacity_caveat"": ""Flow Indicator (Flow Ind)\n\nTD1 - Flow in the direction as shown on the pipeline segment map.\n\nTD2 - Flow in the opposite direction shown on the pipeline segment map.\n\n1) Design Capacity generally reflects the physical capacity of a segment as determined by a capacity model utilizing current contractual receipt/delivery quantities and a reasonable set of engineering assumptions and parameters.\n2) Design Capacity may be updated periodically to reflect changes in contractual receipt/delivery patterns, paths that do not utilize the entire segment and/or capacity modeling parameters.\n3) Operationally Available Capacity may be updated throughout the day to account for changes including, but not limited to: netting of bidirectional nominations, partial segment path nominations, storage swing services, exchanges, facility outages, and imbalance management.\n4) Total Scheduled Quantity is the resulting scheduled volume after netting scheduled volumes in both flow directions.\u00a0 This quantity for each segment is displayed only in the resulting net physical flow direction of the segment.\u00a0 Opposite of the physical flow direction will display a quantity of zero although there could be volumes scheduled. For further explanation, contact your Scheduling Representative. \u00a0\u00a0\n5) The net Total Scheduled Quantity may result in a quantity different than Operating Capacity due to the confirmation process after scheduling.\n6) Operating Capacity may be different than Design Capacity based on the periodic, non-permanent anticipated or observed operational pipeline conditions including, but not limited to: higher or lower average thermal content of the gas, higher or lower pressure from interconnecting pipelines, on-going maintenance, etc.\n7) Operating Capacity may be greater than the Design Capacity of the segment to accommodate scheduling of services that contain rights to multiple, redundant firm transportation paths which can be served entirely or in part through an alternate physical path.\n8) The IT Indicator shows whether gas has been scheduled under any interruptible service."", ""report_artifact_id"": ""km_tgp_notice_detail:1788197456279496000:cc4e15187816ef531b2c0d32f54f0c4fc2731bd4f14670beb540a5551574d909""}",2026-08-31T17:42:15.945168Z,km_tgp_notice_detail:1788197456279496000:cc4e15187816ef531b2c0d32f54f0c4fc2731bd4f14670beb540a5551574d909,km_tgp_segment_capacity:1788198122755547000:8fdc5140c4927947e235a62aa64289aad62f3fa51c867ee8ed2458e198852ac1
tgp-impact:7444d2430e5853b073f182d0ababd3e0c5d0355dc349cd6dfbf47d6c72bdbc30,403802,2026-08-27,2026-08-31,2026-08-31,Station 110 (segment 187 BH) (south thru Kentucky),187,BH,TD2,Z2,STA 110 SOUTH,2026-08-31,EVENING,2278000,1851449,426551,2685000,2278000,407000,0,426551,same_day,normalized_name,monitor,unresolved,"No licensed regional basis observations or exact TGP leg-to-contract mapping are loaded. Henry Hub NG is a national benchmark, not direct evidence of this TGP event's price exposure.",https://www.cmegroup.com/markets/energy/natural-gas/natural-gas.html,"[""Future nominations and rerouting are not observed; the shortfall assumes the captured schedule is unchanged.""]","{""calculation"": ""max(0, baseline scheduled quantity - forecast operating capacity)"", ""capacity_artifact_id"": ""km_tgp_segment_capacity:1788198122755547000:8fdc5140c4927947e235a62aa64289aad62f3fa51c867ee8ed2458e198852ac1"", ""capacity_run_id"": ""d79f586d-160a-47d8-9546-69b566a24dbc"", ""capacity_source_age_hours_at_calculation"": 15.92, ""direction_mapping"": {""capacity"": ""TD2"", ""forecast"": ""BH"", ""method"": ""FH=operator default direction=TD1; BH=opposite direction=TD2"", ""operator_direction_notice_url"": ""https://pipeline2.kindermorgan.com/Notices/NoticeDetail.aspx?code=TGP&notc_nbr=363144"", ""operator_segment_map_url"": ""https://pipeline2.kindermorgan.com/Documents/TGP/TGP_Segment_-_Pin_Map-20260721125239.pdf""}, ""interpretation"": ""Conditional scheduled shortfall if the captured net schedule holds; not physical flow, curtailment, or a price prediction."", ""operator_capacity_caveat"": ""Flow Indicator (Flow Ind)\n\nTD1 - Flow in the direction as shown on the pipeline segment map.\n\nTD2 - Flow in the opposite direction shown on the pipeline segment map.\n\n1) Design Capacity generally reflects the physical capacity of a segment as determined by a capacity model utilizing current contractual receipt/delivery quantities and a reasonable set of engineering assumptions and parameters.\n2) Design Capacity may be updated periodically to reflect changes in contractual receipt/delivery patterns, paths that do not utilize the entire segment and/or capacity modeling parameters.\n3) Operationally Available Capacity may be updated throughout the day to account for changes including, but not limited to: netting of bidirectional nominations, partial segment path nominations, storage swing services, exchanges, facility outages, and imbalance management.\n4) Total Scheduled Quantity is the resulting scheduled volume after netting scheduled volumes in both flow directions.\u00a0 This quantity for each segment is displayed only in the resulting net physical flow direction of the segment.\u00a0 Opposite of the physical flow direction will display a quantity of zero although there could be volumes scheduled. For further explanation, contact your Scheduling Representative. \u00a0\u00a0\n5) The net Total Scheduled Quantity may result in a quantity different than Operating Capacity due to the confirmation process after scheduling.\n6) Operating Capacity may be different than Design Capacity based on the periodic, non-permanent anticipated or observed operational pipeline conditions including, but not limited to: higher or lower average thermal content of the gas, higher or lower pressure from interconnecting pipelines, on-going maintenance, etc.\n7) Operating Capacity may be greater than the Design Capacity of the segment to accommodate scheduling of services that contain rights to multiple, redundant firm transportation paths which can be served entirely or in part through an alternate physical path.\n8) The IT Indicator shows whether gas has been scheduled under any interruptible service."", ""report_artifact_id"": ""km_tgp_notice_detail:1788197456279496000:cc4e15187816ef531b2c0d32f54f0c4fc2731bd4f14670beb540a5551574d909""}",2026-08-31T17:42:15.945168Z,km_tgp_notice_detail:1788197456279496000:cc4e15187816ef531b2c0d32f54f0c4fc2731bd4f14670beb540a5551574d909,km_tgp_segment_capacity:1788198122755547000:8fdc5140c4927947e235a62aa64289aad62f3fa51c867ee8ed2458e198852ac1
tgp-impact:41abd1e6fc14c607b9878c1608794e178c2b01eaafce07f068ad43e8cef8520d,403802,2026-08-27,2026-09-01,2026-09-01,Station 110 (segment 187 BH) (south thru Kentucky),187,BH,TD2,Z2,STA 110 SOUTH,2026-08-31,EVENING,2278000,1851449,426551,2685000,2294000,391000,0,442551,pre_event,normalized_name,monitor,unresolved,"No licensed regional basis observations or exact TGP leg-to-contract mapping are loaded. Henry Hub NG is a national benchmark, not direct evidence of this TGP event's price exposure.",https://www.cmegroup.com/markets/energy/natural-gas/natural-gas.html,"[""Future nominations and rerouting are not observed; the shortfall assumes the captured schedule is unchanged.""]","{""calculation"": ""max(0, baseline scheduled quantity - forecast operating capacity)"", ""capacity_artifact_id"": ""km_tgp_segment_capacity:1788198122755547000:8fdc5140c4927947e235a62aa64289aad62f3fa51c867ee8ed2458e198852ac1"", ""capacity_run_id"": ""d79f586d-160a-47d8-9546-69b566a24dbc"", ""capacity_source_age_hours_at_calculation"": 15.92, ""direction_mapping"": {""capacity"": ""TD2"", ""forecast"": ""BH"", ""method"": ""FH=operator default direction=TD1; BH=opposite direction=TD2"", ""operator_direction_notice_url"": ""https://pipeline2.kindermorgan.com/Notices/NoticeDetail.aspx?code=TGP&notc_nbr=363144"", ""operator_segment_map_url"": ""https://pipeline2.kindermorgan.com/Documents/TGP/TGP_Segment_-_Pin_Map-20260721125239.pdf""}, ""interpretation"": ""Conditional scheduled shortfall if the captured net schedule holds; not physical flow, curtailment, or a price prediction."", ""operator_capacity_caveat"": ""Flow Indicator (Flow Ind)\n\nTD1 - Flow in the direction as shown on the pipeline segment map.\n\nTD2 - Flow in the opposite direction shown on the pipeline segment map.\n\n1) Design Capacity generally reflects the physical capacity of a segment as determined by a capacity model utilizing current contractual receipt/delivery quantities and a reasonable set of engineering assumptions and parameters.\n2) Design Capacity may be updated periodically to reflect changes in contractual receipt/delivery patterns, paths that do not utilize the entire segment and/or capacity modeling parameters.\n3) Operationally Available Capacity may be updated throughout the day to account for changes including, but not limited to: netting of bidirectional nominations, partial segment path nominations, storage swing services, exchanges, facility outages, and imbalance management.\n4) Total Scheduled Quantity is the resulting scheduled volume after netting scheduled volumes in both flow directions.\u00a0 This quantity for each segment is displayed only in the resulting net physical flow direction of the segment.\u00a0 Opposite of the physical flow direction will display a quantity of zero although there could be volumes scheduled. For further explanation, contact your Scheduling Representative. \u00a0\u00a0\n5) The net Total Scheduled Quantity may result in a quantity different than Operating Capacity due to the confirmation process after scheduling.\n6) Operating Capacity may be different than Design Capacity based on the periodic, non-permanent anticipated or observed operational pipeline conditions including, but not limited to: higher or lower average thermal content of the gas, higher or lower pressure from interconnecting pipelines, on-going maintenance, etc.\n7) Operating Capacity may be greater than the Design Capacity of the segment to accommodate scheduling of services that contain rights to multiple, redundant firm transportation paths which can be served entirely or in part through an alternate physical path.\n8) The IT Indicator shows whether gas has been scheduled under any interruptible service."", ""report_artifact_id"": ""km_tgp_notice_detail:1788197456279496000:cc4e15187816ef531b2c0d32f54f0c4fc2731bd4f14670beb540a5551574d909""}",2026-08-31T17:42:15.945168Z,km_tgp_notice_detail:1788197456279496000:cc4e15187816ef531b2c0d32f54f0c4fc2731bd4f14670beb540a5551574d909,km_tgp_segment_capacity:1788198122755547000:8fdc5140c4927947e235a62aa64289aad62f3fa51c867ee8ed2458e198852ac1
tgp-impact:270efe7bb9020b1230da751a3cdb2e2dc588ca4cba194ba3fb0e0ad79ee76316,403802,2026-08-27,2026-09-28,2026-10-04,Station 261 Discharge East (segment 261 FH),261,FH,TD1,Z6,STA 261 DISCHARGE EAST,2026-08-31,EVENING,715000,439855,275145,888000,500000,388000,0,60145,pre_event,normalized_name,monitor,unresolved,"No licensed regional basis observations or exact TGP leg-to-contract mapping are loaded. Henry Hub NG is a national benchmark, not direct evidence of this TGP event's price exposure.",https://www.cmegroup.com/markets/energy/natural-gas/natural-gas.html,"[""Future nominations and rerouting are not observed; the shortfall assumes the captured schedule is unchanged.""]","{""calculation"": ""max(0, baseline scheduled quantity - forecast operating capacity)"", ""capacity_artifact_id"": ""km_tgp_segment_capacity:1788198122755547000:8fdc5140c4927947e235a62aa64289aad62f3fa51c867ee8ed2458e198852ac1"", ""capacity_run_id"": ""d79f586d-160a-47d8-9546-69b566a24dbc"", ""capacity_source_age_hours_at_calculation"": 15.92, ""direction_mapping"": {""capacity"": ""TD1"", ""forecast"": ""FH"", ""method"": ""FH=operator default direction=TD1; BH=opposite direction=TD2"", ""operator_direction_notice_url"": ""https://pipeline2.kindermorgan.com/Notices/NoticeDetail.aspx?code=TGP&notc_nbr=363144"", ""operator_segment_map_url"": ""https://pipeline2.kindermorgan.com/Documents/TGP/TGP_Segment_-_Pin_Map-20260721125239.pdf""}, ""interpretation"": ""Conditional scheduled shortfall if the captured net schedule holds; not physical flow, curtailment, or a price prediction."", ""operator_capacity_caveat"": ""Flow Indicator (Flow Ind)\n\nTD1 - Flow in the direction as shown on the pipeline segment map.\n\nTD2 - Flow in the opposite direction shown on the pipeline segment map.\n\n1) Design Capacity generally reflects the physical capacity of a segment as determined by a capacity model utilizing current contractual receipt/delivery quantities and a reasonable set of engineering assumptions and parameters.\n2) Design Capacity may be updated periodically to reflect changes in contractual receipt/delivery patterns, paths that do not utilize the entire segment and/or capacity modeling parameters.\n3) Operationally Available Capacity may be updated throughout the day to account for changes including, but not limited to: netting of bidirectional nominations, partial segment path nominations, storage swing services, exchanges, facility outages, and imbalance management.\n4) Total Scheduled Quantity is the resulting scheduled volume after netting scheduled volumes in both flow directions.\u00a0 This quantity for each segment is displayed only in the resulting net physical flow direction of the segment.\u00a0 Opposite of the physical flow direction will display a quantity of zero although there could be volumes scheduled. For further explanation, contact your Scheduling Representative. \u00a0\u00a0\n5) The net Total Scheduled Quantity may result in a quantity different than Operating Capacity due to the confirmation process after scheduling.\n6) Operating Capacity may be different than Design Capacity based on the periodic, non-permanent anticipated or observed operational pipeline conditions including, but not limited to: higher or lower average thermal content of the gas, higher or lower pressure from interconnecting pipelines, on-going maintenance, etc.\n7) Operating Capacity may be greater than the Design Capacity of the segment to accommodate scheduling of services that contain rights to multiple, redundant firm transportation paths which can be served entirely or in part through an alternate physical path.\n8) The IT Indicator shows whether gas has been scheduled under any interruptible service."", ""report_artifact_id"": ""km_tgp_notice_detail:1788197456279496000:cc4e15187816ef531b2c0d32f54f0c4fc2731bd4f14670beb540a5551574d909""}",2026-08-31T17:42:15.945168Z,km_tgp_notice_detail:1788197456279496000:cc4e15187816ef531b2c0d32f54f0c4fc2731bd4f14670beb540a5551574d909,km_tgp_segment_capacity:1788198122755547000:8fdc5140c4927947e235a62aa64289aad62f3fa51c867ee8ed2458e198852ac1
tgp-impact:0129b7b3ae4cbee871b149b0bd9934f28b2ab2bda5338c6091ed41735904d3ed,403802,2026-08-27,2026-10-19,2026-10-25,Station 9 (segment 109 BH),109,BH,TD2,Z0,STA 9,2026-08-31,EVENING,970000,515828,454172,1027000,640000,387000,0,124172,pre_event,normalized_name,monitor,unresolved,"No licensed regional basis observations or exact TGP leg-to-contract mapping are loaded. Henry Hub NG is a national benchmark, not direct evidence of this TGP event's price exposure.",https://www.cmegroup.com/markets/energy/natural-gas/natural-gas.html,"[""Future nominations and rerouting are not observed; the shortfall assumes the captured schedule is unchanged.""]","{""calculation"": ""max(0, baseline scheduled quantity - forecast operating capacity)"", ""capacity_artifact_id"": ""km_tgp_segment_capacity:1788198122755547000:8fdc5140c4927947e235a62aa64289aad62f3fa51c867ee8ed2458e198852ac1"", ""capacity_run_id"": ""d79f586d-160a-47d8-9546-69b566a24dbc"", ""capacity_source_age_hours_at_calculation"": 15.92, ""direction_mapping"": {""capacity"": ""TD2"", ""forecast"": ""BH"", ""method"": ""FH=operator default direction=TD1; BH=opposite direction=TD2"", ""operator_direction_notice_url"": ""https://pipeline2.kindermorgan.com/Notices/NoticeDetail.aspx?code=TGP&notc_nbr=363144"", ""operator_segment_map_url"": ""https://pipeline2.kindermorgan.com/Documents/TGP/TGP_Segment_-_Pin_Map-20260721125239.pdf""}, ""interpretation"": ""Conditional scheduled shortfall if the captured net schedule holds; not physical flow, curtailment, or a price prediction."", ""operator_capacity_caveat"": ""Flow Indicator (Flow Ind)\n\nTD1 - Flow in the direction as shown on the pipeline segment map.\n\nTD2 - Flow in the opposite direction shown on the pipeline segment map.\n\n1) Design Capacity generally reflects the physical capacity of a segment as determined by a capacity model utilizing current contractual receipt/delivery quantities and a reasonable set of engineering assumptions and parameters.\n2) Design Capacity may be updated periodically to reflect changes in contractual receipt/delivery patterns, paths that do not utilize the entire segment and/or capacity modeling parameters.\n3) Operationally Available Capacity may be updated throughout the day to account for changes including, but not limited to: netting of bidirectional nominations, partial segment path nominations, storage swing services, exchanges, facility outages, and imbalance management.\n4) Total Scheduled Quantity is the resulting scheduled volume after netting scheduled volumes in both flow directions.\u00a0 This quantity for each segment is displayed only in the resulting net physical flow direction of the segment.\u00a0 Opposite of the physical flow direction will display a quantity of zero although there could be volumes scheduled. For further explanation, contact your Scheduling Representative. \u00a0\u00a0\n5) The net Total Scheduled Quantity may result in a quantity different than Operating Capacity due to the confirmation process after scheduling.\n6) Operating Capacity may be different than Design Capacity based on the periodic, non-permanent anticipated or observed operational pipeline conditions including, but not limited to: higher or lower average thermal content of the gas, higher or lower pressure from interconnecting pipelines, on-going maintenance, etc.\n7) Operating Capacity may be greater than the Design Capacity of the segment to accommodate scheduling of services that contain rights to multiple, redundant firm transportation paths which can be served entirely or in part through an alternate physical path.\n8) The IT Indicator shows whether gas has been scheduled under any interruptible service."", ""report_artifact_id"": ""km_tgp_notice_detail:1788197456279496000:cc4e15187816ef531b2c0d32f54f0c4fc2731bd4f14670beb540a5551574d909""}",2026-08-31T17:42:15.945168Z,km_tgp_notice_detail:1788197456279496000:cc4e15187816ef531b2c0d32f54f0c4fc2731bd4f14670beb540a5551574d909,km_tgp_segment_capacity:1788198122755547000:8fdc5140c4927947e235a62aa64289aad62f3fa51c867ee8ed2458e198852ac1
tgp-impact:cb4426f01e1a24e24cf803a868fd0a3e656e9e48f226d034334ce610ade92045,403802,2026-08-27,2026-11-16,2026-11-22,Station 40 South (segment 132 FH),132,FH,TD1,Z0,STA 40 SOUTH OF CARTHAGE,2026-08-31,EVENING,1277082,749865,527217,1294000,915000,379000,0,165135,pre_event,normalized_name,monitor,unresolved,"No licensed regional basis observations or exact TGP leg-to-contract mapping are loaded. Henry Hub NG is a national benchmark, not direct evidence of this TGP event's price exposure.",https://www.cmegroup.com/markets/energy/natural-gas/natural-gas.html,"[""Future nominations and rerouting are not observed; the shortfall assumes the captured schedule is unchanged.""]","{""calculation"": ""max(0, baseline scheduled quantity - forecast operating capacity)"", ""capacity_artifact_id"": ""km_tgp_segment_capacity:1788198122755547000:8fdc5140c4927947e235a62aa64289aad62f3fa51c867ee8ed2458e198852ac1"", ""capacity_run_id"": ""d79f586d-160a-47d8-9546-69b566a24dbc"", ""capacity_source_age_hours_at_calculation"": 15.92, ""direction_mapping"": {""capacity"": ""TD1"", ""forecast"": ""FH"", ""method"": ""FH=operator default direction=TD1; BH=opposite direction=TD2"", ""operator_direction_notice_url"": ""https://pipeline2.kindermorgan.com/Notices/NoticeDetail.aspx?code=TGP&notc_nbr=363144"", ""operator_segment_map_url"": ""https://pipeline2.kindermorgan.com/Documents/TGP/TGP_Segment_-_Pin_Map-20260721125239.pdf""}, ""interpretation"": ""Conditional scheduled shortfall if the captured net schedule holds; not physical flow, curtailment, or a price prediction."", ""operator_capacity_caveat"": ""Flow Indicator (Flow Ind)\n\nTD1 - Flow in the direction as shown on the pipeline segment map.\n\nTD2 - Flow in the opposite direction shown on the pipeline segment map.\n\n1) Design Capacity generally reflects the physical capacity of a segment as determined by a capacity model utilizing current contractual receipt/delivery quantities and a reasonable set of engineering assumptions and parameters.\n2) Design Capacity may be updated periodically to reflect changes in contractual receipt/delivery patterns, paths that do not utilize the entire segment and/or capacity modeling parameters.\n3) Operationally Available Capacity may be updated throughout the day to account for changes including, but not limited to: netting of bidirectional nominations, partial segment path nominations, storage swing services, exchanges, facility outages, and imbalance management.\n4) Total Scheduled Quantity is the resulting scheduled volume after netting scheduled volumes in both flow directions.\u00a0 This quantity for each segment is displayed only in the resulting net physical flow direction of the segment.\u00a0 Opposite of the physical flow direction will display a quantity of zero although there could be volumes scheduled. For further explanation, contact your Scheduling Representative. \u00a0\u00a0\n5) The net Total Scheduled Quantity may result in a quantity different than Operating Capacity due to the confirmation process after scheduling.\n6) Operating Capacity may be different than Design Capacity based on the periodic, non-permanent anticipated or observed operational pipeline conditions including, but not limited to: higher or lower average thermal content of the gas, higher or lower pressure from interconnecting pipelines, on-going maintenance, etc.\n7) Operating Capacity may be greater than the Design Capacity of the segment to accommodate scheduling of services that contain rights to multiple, redundant firm transportation paths which can be served entirely or in part through an alternate physical path.\n8) The IT Indicator shows whether gas has been scheduled under any interruptible service."", ""report_artifact_id"": ""km_tgp_notice_detail:1788197456279496000:cc4e15187816ef531b2c0d32f54f0c4fc2731bd4f14670beb540a5551574d909""}",2026-08-31T17:42:15.945168Z,km_tgp_notice_detail:1788197456279496000:cc4e15187816ef531b2c0d32f54f0c4fc2731bd4f14670beb540a5551574d909,km_tgp_segment_capacity:1788198122755547000:8fdc5140c4927947e235a62aa64289aad62f3fa51c867ee8ed2458e198852ac1
tgp-impact:015c93dcb3e5f8a82124525515f276d2710331c30715745cb5a50a25436f083f,403802,2026-08-27,2026-10-12,2026-10-18,Station 534 South of Pool (segment 530 BH),530,BH,TD2,ZL,STA 534 SOUTH OF POOL,2026-08-31,EVENING,985000,904395,80605,1550000,1175000,375000,0,270605,pre_event,normalized_name,monitor,unresolved,"No licensed regional basis observations or exact TGP leg-to-contract mapping are loaded. Henry Hub NG is a national benchmark, not direct evidence of this TGP event's price exposure.",https://www.cmegroup.com/markets/energy/natural-gas/natural-gas.html,"[""Future nominations and rerouting are not observed; the shortfall assumes the captured schedule is unchanged.""]","{""calculation"": ""max(0, baseline scheduled quantity - forecast operating capacity)"", ""capacity_artifact_id"": ""km_tgp_segment_capacity:1788198122755547000:8fdc5140c4927947e235a62aa64289aad62f3fa51c867ee8ed2458e198852ac1"", ""capacity_run_id"": ""d79f586d-160a-47d8-9546-69b566a24dbc"", ""capacity_source_age_hours_at_calculation"": 15.92, ""direction_mapping"": {""capacity"": ""TD2"", ""forecast"": ""BH"", ""method"": ""FH=operator default direction=TD1; BH=opposite direction=TD2"", ""operator_direction_notice_url"": ""https://pipeline2.kindermorgan.com/Notices/NoticeDetail.aspx?code=TGP&notc_nbr=363144"", ""operator_segment_map_url"": ""https://pipeline2.kindermorgan.com/Documents/TGP/TGP_Segment_-_Pin_Map-20260721125239.pdf""}, ""interpretation"": ""Conditional scheduled shortfall if the captured net schedule holds; not physical flow, curtailment, or a price prediction."", ""operator_capacity_caveat"": ""Flow Indicator (Flow Ind)\n\nTD1 - Flow in the direction as shown on the pipeline segment map.\n\nTD2 - Flow in the opposite direction shown on the pipeline segment map.\n\n1) Design Capacity generally reflects the physical capacity of a segment as determined by a capacity model utilizing current contractual receipt/delivery quantities and a reasonable set of engineering assumptions and parameters.\n2) Design Capacity may be updated periodically to reflect changes in contractual receipt/delivery patterns, paths that do not utilize the entire segment and/or capacity modeling parameters.\n3) Operationally Available Capacity may be updated throughout the day to account for changes including, but not limited to: netting of bidirectional nominations, partial segment path nominations, storage swing services, exchanges, facility outages, and imbalance management.\n4) Total Scheduled Quantity is the resulting scheduled volume after netting scheduled volumes in both flow directions.\u00a0 This quantity for each segment is displayed only in the resulting net physical flow direction of the segment.\u00a0 Opposite of the physical flow direction will display a quantity of zero although there could be volumes scheduled. For further explanation, contact your Scheduling Representative. \u00a0\u00a0\n5) The net Total Scheduled Quantity may result in a quantity different than Operating Capacity due to the confirmation process after scheduling.\n6) Operating Capacity may be different than Design Capacity based on the periodic, non-permanent anticipated or observed operational pipeline conditions including, but not limited to: higher or lower average thermal content of the gas, higher or lower pressure from interconnecting pipelines, on-going maintenance, etc.\n7) Operating Capacity may be greater than the Design Capacity of the segment to accommodate scheduling of services that contain rights to multiple, redundant firm transportation paths which can be served entirely or in part through an alternate physical path.\n8) The IT Indicator shows whether gas has been scheduled under any interruptible service."", ""report_artifact_id"": ""km_tgp_notice_detail:1788197456279496000:cc4e15187816ef531b2c0d32f54f0c4fc2731bd4f14670beb540a5551574d909""}",2026-08-31T17:42:15.945168Z,km_tgp_notice_detail:1788197456279496000:cc4e15187816ef531b2c0d32f54f0c4fc2731bd4f14670beb540a5551574d909,km_tgp_segment_capacity:1788198122755547000:8fdc5140c4927947e235a62aa64289aad62f3fa51c867ee8ed2458e198852ac1
tgp-impact:92f0f268dcb3849842d85f161d0714c0c73a47a5d600c486392e6b45fb9b78f7,403802,2026-08-27,2026-08-31,2026-08-31,Station 63 (segment 163 FH),163,FH,TD1,Z1,STA 63,2026-08-31,EVENING,901000,485499,415501,1242000,901000,341000,0,415501,same_day,normalized_name,monitor,unresolved,"No licensed regional basis observations or exact TGP leg-to-contract mapping are loaded. Henry Hub NG is a national benchmark, not direct evidence of this TGP event's price exposure.",https://www.cmegroup.com/markets/energy/natural-gas/natural-gas.html,"[""Future nominations and rerouting are not observed; the shortfall assumes the captured schedule is unchanged.""]","{""calculation"": ""max(0, baseline scheduled quantity - forecast operating capacity)"", ""capacity_artifact_id"": ""km_tgp_segment_capacity:1788198122755547000:8fdc5140c4927947e235a62aa64289aad62f3fa51c867ee8ed2458e198852ac1"", ""capacity_run_id"": ""d79f586d-160a-47d8-9546-69b566a24dbc"", ""capacity_source_age_hours_at_calculation"": 15.92, ""direction_mapping"": {""capacity"": ""TD1"", ""forecast"": ""FH"", ""method"": ""FH=operator default direction=TD1; BH=opposite direction=TD2"", ""operator_direction_notice_url"": ""https://pipeline2.kindermorgan.com/Notices/NoticeDetail.aspx?code=TGP&notc_nbr=363144"", ""operator_segment_map_url"": ""https://pipeline2.kindermorgan.com/Documents/TGP/TGP_Segment_-_Pin_Map-20260721125239.pdf""}, ""interpretation"": ""Conditional scheduled shortfall if the captured net schedule holds; not physical flow, curtailment, or a price prediction."", ""operator_capacity_caveat"": ""Flow Indicator (Flow Ind)\n\nTD1 - Flow in the direction as shown on the pipeline segment map.\n\nTD2 - Flow in the opposite direction shown on the pipeline segment map.\n\n1) Design Capacity generally reflects the physical capacity of a segment as determined by a capacity model utilizing current contractual receipt/delivery quantities and a reasonable set of engineering assumptions and parameters.\n2) Design Capacity may be updated periodically to reflect changes in contractual receipt/delivery patterns, paths that do not utilize the entire segment and/or capacity modeling parameters.\n3) Operationally Available Capacity may be updated throughout the day to account for changes including, but not limited to: netting of bidirectional nominations, partial segment path nominations, storage swing services, exchanges, facility outages, and imbalance management.\n4) Total Scheduled Quantity is the resulting scheduled volume after netting scheduled volumes in both flow directions.\u00a0 This quantity for each segment is displayed only in the resulting net physical flow direction of the segment.\u00a0 Opposite of the physical flow direction will display a quantity of zero although there could be volumes scheduled. For further explanation, contact your Scheduling Representative. \u00a0\u00a0\n5) The net Total Scheduled Quantity may result in a quantity different than Operating Capacity due to the confirmation process after scheduling.\n6) Operating Capacity may be different than Design Capacity based on the periodic, non-permanent anticipated or observed operational pipeline conditions including, but not limited to: higher or lower average thermal content of the gas, higher or lower pressure from interconnecting pipelines, on-going maintenance, etc.\n7) Operating Capacity may be greater than the Design Capacity of the segment to accommodate scheduling of services that contain rights to multiple, redundant firm transportation paths which can be served entirely or in part through an alternate physical path.\n8) The IT Indicator shows whether gas has been scheduled under any interruptible service."", ""report_artifact_id"": ""km_tgp_notice_detail:1788197456279496000:cc4e15187816ef531b2c0d32f54f0c4fc2731bd4f14670beb540a5551574d909""}",2026-08-31T17:42:15.945168Z,km_tgp_notice_detail:1788197456279496000:cc4e15187816ef531b2c0d32f54f0c4fc2731bd4f14670beb540a5551574d909,km_tgp_segment_capacity:1788198122755547000:8fdc5140c4927947e235a62aa64289aad62f3fa51c867ee8ed2458e198852ac1
tgp-impact:08836f507512a86e5e7fec43e09275ce00ad79ac32b1d2079de35cd8e6ec15a8,403802,2026-08-27,2026-09-21,2026-09-27,Station 261 Discharge East (segment 261 FH),261,FH,TD1,Z6,STA 261 DISCHARGE EAST,2026-08-31,EVENING,715000,439855,275145,888000,555000,333000,0,115145,pre_event,normalized_name,monitor,unresolved,"No licensed regional basis observations or exact TGP leg-to-contract mapping are loaded. Henry Hub NG is a national benchmark, not direct evidence of this TGP event's price exposure.",https://www.cmegroup.com/markets/energy/natural-gas/natural-gas.html,"[""Future nominations and rerouting are not observed; the shortfall assumes the captured schedule is unchanged.""]","{""calculation"": ""max(0, baseline scheduled quantity - forecast operating capacity)"", ""capacity_artifact_id"": ""km_tgp_segment_capacity:1788198122755547000:8fdc5140c4927947e235a62aa64289aad62f3fa51c867ee8ed2458e198852ac1"", ""capacity_run_id"": ""d79f586d-160a-47d8-9546-69b566a24dbc"", ""capacity_source_age_hours_at_calculation"": 15.92, ""direction_mapping"": {""capacity"": ""TD1"", ""forecast"": ""FH"", ""method"": ""FH=operator default direction=TD1; BH=opposite direction=TD2"", ""operator_direction_notice_url"": ""https://pipeline2.kindermorgan.com/Notices/NoticeDetail.aspx?code=TGP&notc_nbr=363144"", ""operator_segment_map_url"": ""https://pipeline2.kindermorgan.com/Documents/TGP/TGP_Segment_-_Pin_Map-20260721125239.pdf""}, ""interpretation"": ""Conditional scheduled shortfall if the captured net schedule holds; not physical flow, curtailment, or a price prediction."", ""operator_capacity_caveat"": ""Flow Indicator (Flow Ind)\n\nTD1 - Flow in the direction as shown on the pipeline segment map.\n\nTD2 - Flow in the opposite direction shown on the pipeline segment map.\n\n1) Design Capacity generally reflects the physical capacity of a segment as determined by a capacity model utilizing current contractual receipt/delivery quantities and a reasonable set of engineering assumptions and parameters.\n2) Design Capacity may be updated periodically to reflect changes in contractual receipt/delivery patterns, paths that do not utilize the entire segment and/or capacity modeling parameters.\n3) Operationally Available Capacity may be updated throughout the day to account for changes including, but not limited to: netting of bidirectional nominations, partial segment path nominations, storage swing services, exchanges, facility outages, and imbalance management.\n4) Total Scheduled Quantity is the resulting scheduled volume after netting scheduled volumes in both flow directions.\u00a0 This quantity for each segment is displayed only in the resulting net physical flow direction of the segment.\u00a0 Opposite of the physical flow direction will display a quantity of zero although there could be volumes scheduled. For further explanation, contact your Scheduling Representative. \u00a0\u00a0\n5) The net Total Scheduled Quantity may result in a quantity different than Operating Capacity due to the confirmation process after scheduling.\n6) Operating Capacity may be different than Design Capacity based on the periodic, non-permanent anticipated or observed operational pipeline conditions including, but not limited to: higher or lower average thermal content of the gas, higher or lower pressure from interconnecting pipelines, on-going maintenance, etc.\n7) Operating Capacity may be greater than the Design Capacity of the segment to accommodate scheduling of services that contain rights to multiple, redundant firm transportation paths which can be served entirely or in part through an alternate physical path.\n8) The IT Indicator shows whether gas has been scheduled under any interruptible service."", ""report_artifact_id"": ""km_tgp_notice_detail:1788197456279496000:cc4e15187816ef531b2c0d32f54f0c4fc2731bd4f14670beb540a5551574d909""}",2026-08-31T17:42:15.945168Z,km_tgp_notice_detail:1788197456279496000:cc4e15187816ef531b2c0d32f54f0c4fc2731bd4f14670beb540a5551574d909,km_tgp_segment_capacity:1788198122755547000:8fdc5140c4927947e235a62aa64289aad62f3fa51c867ee8ed2458e198852ac1
tgp-impact:25a754e04483534372f8d5d6d54a72c74d21affded3549550db7096913900e84,403802,2026-08-27,2026-10-12,2026-10-18,Station 261 Discharge East (segment 261 FH),261,FH,TD1,Z6,STA 261 DISCHARGE EAST,2026-08-31,EVENING,715000,439855,275145,888000,555000,333000,0,115145,pre_event,normalized_name,monitor,unresolved,"No licensed regional basis observations or exact TGP leg-to-contract mapping are loaded. Henry Hub NG is a national benchmark, not direct evidence of this TGP event's price exposure.",https://www.cmegroup.com/markets/energy/natural-gas/natural-gas.html,"[""Future nominations and rerouting are not observed; the shortfall assumes the captured schedule is unchanged.""]","{""calculation"": ""max(0, baseline scheduled quantity - forecast operating capacity)"", ""capacity_artifact_id"": ""km_tgp_segment_capacity:1788198122755547000:8fdc5140c4927947e235a62aa64289aad62f3fa51c867ee8ed2458e198852ac1"", ""capacity_run_id"": ""d79f586d-160a-47d8-9546-69b566a24dbc"", ""capacity_source_age_hours_at_calculation"": 15.92, ""direction_mapping"": {""capacity"": ""TD1"", ""forecast"": ""FH"", ""method"": ""FH=operator default direction=TD1; BH=opposite direction=TD2"", ""operator_direction_notice_url"": ""https://pipeline2.kindermorgan.com/Notices/NoticeDetail.aspx?code=TGP&notc_nbr=363144"", ""operator_segment_map_url"": ""https://pipeline2.kindermorgan.com/Documents/TGP/TGP_Segment_-_Pin_Map-20260721125239.pdf""}, ""interpretation"": ""Conditional scheduled shortfall if the captured net schedule holds; not physical flow, curtailment, or a price prediction."", ""operator_capacity_caveat"": ""Flow Indicator (Flow Ind)\n\nTD1 - Flow in the direction as shown on the pipeline segment map.\n\nTD2 - Flow in the opposite direction shown on the pipeline segment map.\n\n1) Design Capacity generally reflects the physical capacity of a segment as determined by a capacity model utilizing current contractual receipt/delivery quantities and a reasonable set of engineering assumptions and parameters.\n2) Design Capacity may be updated periodically to reflect changes in contractual receipt/delivery patterns, paths that do not utilize the entire segment and/or capacity modeling parameters.\n3) Operationally Available Capacity may be updated throughout the day to account for changes including, but not limited to: netting of bidirectional nominations, partial segment path nominations, storage swing services, exchanges, facility outages, and imbalance management.\n4) Total Scheduled Quantity is the resulting scheduled volume after netting scheduled volumes in both flow directions.\u00a0 This quantity for each segment is displayed only in the resulting net physical flow direction of the segment.\u00a0 Opposite of the physical flow direction will display a quantity of zero although there could be volumes scheduled. For further explanation, contact your Scheduling Representative. \u00a0\u00a0\n5) The net Total Scheduled Quantity may result in a quantity different than Operating Capacity due to the confirmation process after scheduling.\n6) Operating Capacity may be different than Design Capacity based on the periodic, non-permanent anticipated or observed operational pipeline conditions including, but not limited to: higher or lower average thermal content of the gas, higher or lower pressure from interconnecting pipelines, on-going maintenance, etc.\n7) Operating Capacity may be greater than the Design Capacity of the segment to accommodate scheduling of services that contain rights to multiple, redundant firm transportation paths which can be served entirely or in part through an alternate physical path.\n8) The IT Indicator shows whether gas has been scheduled under any interruptible service."", ""report_artifact_id"": ""km_tgp_notice_detail:1788197456279496000:cc4e15187816ef531b2c0d32f54f0c4fc2731bd4f14670beb540a5551574d909""}",2026-08-31T17:42:15.945168Z,km_tgp_notice_detail:1788197456279496000:cc4e15187816ef531b2c0d32f54f0c4fc2731bd4f14670beb540a5551574d909,km_tgp_segment_capacity:1788198122755547000:8fdc5140c4927947e235a62aa64289aad62f3fa51c867ee8ed2458e198852ac1
tgp-impact:b176b570739df63e21cf23ac54af883adbb7c3e8b603e995e96b55cdc8571675,403802,2026-08-27,2026-11-02,2026-11-08,Station 63 (segment 163 FH),163,FH,TD1,Z1,STA 63,2026-08-31,EVENING,901000,485499,415501,1192000,871000,321000,0,385501,pre_event,normalized_name,monitor,unresolved,"No licensed regional basis observations or exact TGP leg-to-contract mapping are loaded. Henry Hub NG is a national benchmark, not direct evidence of this TGP event's price exposure.",https://www.cmegroup.com/markets/energy/natural-gas/natural-gas.html,"[""Future nominations and rerouting are not observed; the shortfall assumes the captured schedule is unchanged.""]","{""calculation"": ""max(0, baseline scheduled quantity - forecast operating capacity)"", ""capacity_artifact_id"": ""km_tgp_segment_capacity:1788198122755547000:8fdc5140c4927947e235a62aa64289aad62f3fa51c867ee8ed2458e198852ac1"", ""capacity_run_id"": ""d79f586d-160a-47d8-9546-69b566a24dbc"", ""capacity_source_age_hours_at_calculation"": 15.92, ""direction_mapping"": {""capacity"": ""TD1"", ""forecast"": ""FH"", ""method"": ""FH=operator default direction=TD1; BH=opposite direction=TD2"", ""operator_direction_notice_url"": ""https://pipeline2.kindermorgan.com/Notices/NoticeDetail.aspx?code=TGP&notc_nbr=363144"", ""operator_segment_map_url"": ""https://pipeline2.kindermorgan.com/Documents/TGP/TGP_Segment_-_Pin_Map-20260721125239.pdf""}, ""interpretation"": ""Conditional scheduled shortfall if the captured net schedule holds; not physical flow, curtailment, or a price prediction."", ""operator_capacity_caveat"": ""Flow Indicator (Flow Ind)\n\nTD1 - Flow in the direction as shown on the pipeline segment map.\n\nTD2 - Flow in the opposite direction shown on the pipeline segment map.\n\n1) Design Capacity generally reflects the physical capacity of a segment as determined by a capacity model utilizing current contractual receipt/delivery quantities and a reasonable set of engineering assumptions and parameters.\n2) Design Capacity may be updated periodically to reflect changes in contractual receipt/delivery patterns, paths that do not utilize the entire segment and/or capacity modeling parameters.\n3) Operationally Available Capacity may be updated throughout the day to account for changes including, but not limited to: netting of bidirectional nominations, partial segment path nominations, storage swing services, exchanges, facility outages, and imbalance management.\n4) Total Scheduled Quantity is the resulting scheduled volume after netting scheduled volumes in both flow directions.\u00a0 This quantity for each segment is displayed only in the resulting net physical flow direction of the segment.\u00a0 Opposite of the physical flow direction will display a quantity of zero although there could be volumes scheduled. For further explanation, contact your Scheduling Representative. \u00a0\u00a0\n5) The net Total Scheduled Quantity may result in a quantity different than Operating Capacity due to the confirmation process after scheduling.\n6) Operating Capacity may be different than Design Capacity based on the periodic, non-permanent anticipated or observed operational pipeline conditions including, but not limited to: higher or lower average thermal content of the gas, higher or lower pressure from interconnecting pipelines, on-going maintenance, etc.\n7) Operating Capacity may be greater than the Design Capacity of the segment to accommodate scheduling of services that contain rights to multiple, redundant firm transportation paths which can be served entirely or in part through an alternate physical path.\n8) The IT Indicator shows whether gas has been scheduled under any interruptible service."", ""report_artifact_id"": ""km_tgp_notice_detail:1788197456279496000:cc4e15187816ef531b2c0d32f54f0c4fc2731bd4f14670beb540a5551574d909""}",2026-08-31T17:42:15.945168Z,km_tgp_notice_detail:1788197456279496000:cc4e15187816ef531b2c0d32f54f0c4fc2731bd4f14670beb540a5551574d909,km_tgp_segment_capacity:1788198122755547000:8fdc5140c4927947e235a62aa64289aad62f3fa51c867ee8ed2458e198852ac1
tgp-impact:5861db3b2b0d2c907f8e898cecfda4304facc3bea77bef0c6291a00022027246,403802,2026-08-27,2026-09-28,2026-10-04,Station 47 (segment 143 FH),143,FH,TD1,Z1,STA 47,2026-08-31,EVENING,1045000,592734,452266,1343000,1025000,318000,0,432266,pre_event,normalized_name,monitor,unresolved,"No licensed regional basis observations or exact TGP leg-to-contract mapping are loaded. Henry Hub NG is a national benchmark, not direct evidence of this TGP event's price exposure.",https://www.cmegroup.com/markets/energy/natural-gas/natural-gas.html,"[""Future nominations and rerouting are not observed; the shortfall assumes the captured schedule is unchanged.""]","{""calculation"": ""max(0, baseline scheduled quantity - forecast operating capacity)"", ""capacity_artifact_id"": ""km_tgp_segment_capacity:1788198122755547000:8fdc5140c4927947e235a62aa64289aad62f3fa51c867ee8ed2458e198852ac1"", ""capacity_run_id"": ""d79f586d-160a-47d8-9546-69b566a24dbc"", ""capacity_source_age_hours_at_calculation"": 15.92, ""direction_mapping"": {""capacity"": ""TD1"", ""forecast"": ""FH"", ""method"": ""FH=operator default direction=TD1; BH=opposite direction=TD2"", ""operator_direction_notice_url"": ""https://pipeline2.kindermorgan.com/Notices/NoticeDetail.aspx?code=TGP&notc_nbr=363144"", ""operator_segment_map_url"": ""https://pipeline2.kindermorgan.com/Documents/TGP/TGP_Segment_-_Pin_Map-20260721125239.pdf""}, ""interpretation"": ""Conditional scheduled shortfall if the captured net schedule holds; not physical flow, curtailment, or a price prediction."", ""operator_capacity_caveat"": ""Flow Indicator (Flow Ind)\n\nTD1 - Flow in the direction as shown on the pipeline segment map.\n\nTD2 - Flow in the opposite direction shown on the pipeline segment map.\n\n1) Design Capacity generally reflects the physical capacity of a segment as determined by a capacity model utilizing current contractual receipt/delivery quantities and a reasonable set of engineering assumptions and parameters.\n2) Design Capacity may be updated periodically to reflect changes in contractual receipt/delivery patterns, paths that do not utilize the entire segment and/or capacity modeling parameters.\n3) Operationally Available Capacity may be updated throughout the day to account for changes including, but not limited to: netting of bidirectional nominations, partial segment path nominations, storage swing services, exchanges, facility outages, and imbalance management.\n4) Total Scheduled Quantity is the resulting scheduled volume after netting scheduled volumes in both flow directions.\u00a0 This quantity for each segment is displayed only in the resulting net physical flow direction of the segment.\u00a0 Opposite of the physical flow direction will display a quantity of zero although there could be volumes scheduled. For further explanation, contact your Scheduling Representative. \u00a0\u00a0\n5) The net Total Scheduled Quantity may result in a quantity different than Operating Capacity due to the confirmation process after scheduling.\n6) Operating Capacity may be different than Design Capacity based on the periodic, non-permanent anticipated or observed operational pipeline conditions including, but not limited to: higher or lower average thermal content of the gas, higher or lower pressure from interconnecting pipelines, on-going maintenance, etc.\n7) Operating Capacity may be greater than the Design Capacity of the segment to accommodate scheduling of services that contain rights to multiple, redundant firm transportation paths which can be served entirely or in part through an alternate physical path.\n8) The IT Indicator shows whether gas has been scheduled under any interruptible service."", ""report_artifact_id"": ""km_tgp_notice_detail:1788197456279496000:cc4e15187816ef531b2c0d32f54f0c4fc2731bd4f14670beb540a5551574d909""}",2026-08-31T17:42:15.945168Z,km_tgp_notice_detail:1788197456279496000:cc4e15187816ef531b2c0d32f54f0c4fc2731bd4f14670beb540a5551574d909,km_tgp_segment_capacity:1788198122755547000:8fdc5140c4927947e235a62aa64289aad62f3fa51c867ee8ed2458e198852ac1
tgp-impact:7d97ab009564c317b2a180d9600ca79145c2fe03c3e7f7662914519c865f1877,403802,2026-08-27,2026-10-05,2026-10-11,Station 47 (segment 143 FH),143,FH,TD1,Z1,STA 47,2026-08-31,EVENING,1045000,592734,452266,1343000,1025000,318000,0,432266,pre_event,normalized_name,monitor,unresolved,"No licensed regional basis observations or exact TGP leg-to-contract mapping are loaded. Henry Hub NG is a national benchmark, not direct evidence of this TGP event's price exposure.",https://www.cmegroup.com/markets/energy/natural-gas/natural-gas.html,"[""Future nominations and rerouting are not observed; the shortfall assumes the captured schedule is unchanged.""]","{""calculation"": ""max(0, baseline scheduled quantity - forecast operating capacity)"", ""capacity_artifact_id"": ""km_tgp_segment_capacity:1788198122755547000:8fdc5140c4927947e235a62aa64289aad62f3fa51c867ee8ed2458e198852ac1"", ""capacity_run_id"": ""d79f586d-160a-47d8-9546-69b566a24dbc"", ""capacity_source_age_hours_at_calculation"": 15.92, ""direction_mapping"": {""capacity"": ""TD1"", ""forecast"": ""FH"", ""method"": ""FH=operator default direction=TD1; BH=opposite direction=TD2"", ""operator_direction_notice_url"": ""https://pipeline2.kindermorgan.com/Notices/NoticeDetail.aspx?code=TGP&notc_nbr=363144"", ""operator_segment_map_url"": ""https://pipeline2.kindermorgan.com/Documents/TGP/TGP_Segment_-_Pin_Map-20260721125239.pdf""}, ""interpretation"": ""Conditional scheduled shortfall if the captured net schedule holds; not physical flow, curtailment, or a price prediction."", ""operator_capacity_caveat"": ""Flow Indicator (Flow Ind)\n\nTD1 - Flow in the direction as shown on the pipeline segment map.\n\nTD2 - Flow in the opposite direction shown on the pipeline segment map.\n\n1) Design Capacity generally reflects the physical capacity of a segment as determined by a capacity model utilizing current contractual receipt/delivery quantities and a reasonable set of engineering assumptions and parameters.\n2) Design Capacity may be updated periodically to reflect changes in contractual receipt/delivery patterns, paths that do not utilize the entire segment and/or capacity modeling parameters.\n3) Operationally Available Capacity may be updated throughout the day to account for changes including, but not limited to: netting of bidirectional nominations, partial segment path nominations, storage swing services, exchanges, facility outages, and imbalance management.\n4) Total Scheduled Quantity is the resulting scheduled volume after netting scheduled volumes in both flow directions.\u00a0 This quantity for each segment is displayed only in the resulting net physical flow direction of the segment.\u00a0 Opposite of the physical flow direction will display a quantity of zero although there could be volumes scheduled. For further explanation, contact your Scheduling Representative. \u00a0\u00a0\n5) The net Total Scheduled Quantity may result in a quantity different than Operating Capacity due to the confirmation process after scheduling.\n6) Operating Capacity may be different than Design Capacity based on the periodic, non-permanent anticipated or observed operational pipeline conditions including, but not limited to: higher or lower average thermal content of the gas, higher or lower pressure from interconnecting pipelines, on-going maintenance, etc.\n7) Operating Capacity may be greater than the Design Capacity of the segment to accommodate scheduling of services that contain rights to multiple, redundant firm transportation paths which can be served entirely or in part through an alternate physical path.\n8) The IT Indicator shows whether gas has been scheduled under any interruptible service."", ""report_artifact_id"": ""km_tgp_notice_detail:1788197456279496000:cc4e15187816ef531b2c0d32f54f0c4fc2731bd4f14670beb540a5551574d909""}",2026-08-31T17:42:15.945168Z,km_tgp_notice_detail:1788197456279496000:cc4e15187816ef531b2c0d32f54f0c4fc2731bd4f14670beb540a5551574d909,km_tgp_segment_capacity:1788198122755547000:8fdc5140c4927947e235a62aa64289aad62f3fa51c867ee8ed2458e198852ac1
tgp-impact:6207126cacdaf4ef6a0e009c72e84825603385cdbfd3ddc54fc93b1fd80baf2b,403802,2026-08-27,2026-08-31,2026-08-31,Station 47 (segment 143 FH),143,FH,TD1,Z1,STA 47,2026-08-31,EVENING,1045000,592734,452266,1343000,1045000,298000,0,452266,same_day,normalized_name,monitor,unresolved,"No licensed regional basis observations or exact TGP leg-to-contract mapping are loaded. Henry Hub NG is a national benchmark, not direct evidence of this TGP event's price exposure.",https://www.cmegroup.com/markets/energy/natural-gas/natural-gas.html,"[""Future nominations and rerouting are not observed; the shortfall assumes the captured schedule is unchanged.""]","{""calculation"": ""max(0, baseline scheduled quantity - forecast operating capacity)"", ""capacity_artifact_id"": ""km_tgp_segment_capacity:1788198122755547000:8fdc5140c4927947e235a62aa64289aad62f3fa51c867ee8ed2458e198852ac1"", ""capacity_run_id"": ""d79f586d-160a-47d8-9546-69b566a24dbc"", ""capacity_source_age_hours_at_calculation"": 15.92, ""direction_mapping"": {""capacity"": ""TD1"", ""forecast"": ""FH"", ""method"": ""FH=operator default direction=TD1; BH=opposite direction=TD2"", ""operator_direction_notice_url"": ""https://pipeline2.kindermorgan.com/Notices/NoticeDetail.aspx?code=TGP&notc_nbr=363144"", ""operator_segment_map_url"": ""https://pipeline2.kindermorgan.com/Documents/TGP/TGP_Segment_-_Pin_Map-20260721125239.pdf""}, ""interpretation"": ""Conditional scheduled shortfall if the captured net schedule holds; not physical flow, curtailment, or a price prediction."", ""operator_capacity_caveat"": ""Flow Indicator (Flow Ind)\n\nTD1 - Flow in the direction as shown on the pipeline segment map.\n\nTD2 - Flow in the opposite direction shown on the pipeline segment map.\n\n1) Design Capacity generally reflects the physical capacity of a segment as determined by a capacity model utilizing current contractual receipt/delivery quantities and a reasonable set of engineering assumptions and parameters.\n2) Design Capacity may be updated periodically to reflect changes in contractual receipt/delivery patterns, paths that do not utilize the entire segment and/or capacity modeling parameters.\n3) Operationally Available Capacity may be updated throughout the day to account for changes including, but not limited to: netting of bidirectional nominations, partial segment path nominations, storage swing services, exchanges, facility outages, and imbalance management.\n4) Total Scheduled Quantity is the resulting scheduled volume after netting scheduled volumes in both flow directions.\u00a0 This quantity for each segment is displayed only in the resulting net physical flow direction of the segment.\u00a0 Opposite of the physical flow direction will display a quantity of zero although there could be volumes scheduled. For further explanation, contact your Scheduling Representative. \u00a0\u00a0\n5) The net Total Scheduled Quantity may result in a quantity different than Operating Capacity due to the confirmation process after scheduling.\n6) Operating Capacity may be different than Design Capacity based on the periodic, non-permanent anticipated or observed operational pipeline conditions including, but not limited to: higher or lower average thermal content of the gas, higher or lower pressure from interconnecting pipelines, on-going maintenance, etc.\n7) Operating Capacity may be greater than the Design Capacity of the segment to accommodate scheduling of services that contain rights to multiple, redundant firm transportation paths which can be served entirely or in part through an alternate physical path.\n8) The IT Indicator shows whether gas has been scheduled under any interruptible service."", ""report_artifact_id"": ""km_tgp_notice_detail:1788197456279496000:cc4e15187816ef531b2c0d32f54f0c4fc2731bd4f14670beb540a5551574d909""}",2026-08-31T17:42:15.945168Z,km_tgp_notice_detail:1788197456279496000:cc4e15187816ef531b2c0d32f54f0c4fc2731bd4f14670beb540a5551574d909,km_tgp_segment_capacity:1788198122755547000:8fdc5140c4927947e235a62aa64289aad62f3fa51c867ee8ed2458e198852ac1
tgp-impact:24dda73a1da914366872b4ffe45fe057ed597e175d4b3b23a8bdd7f25a4b2000,403802,2026-08-27,2026-09-01,2026-09-01,Station 47 (segment 143 FH),143,FH,TD1,Z1,STA 47,2026-08-31,EVENING,1045000,592734,452266,1343000,1045000,298000,0,452266,pre_event,normalized_name,monitor,unresolved,"No licensed regional basis observations or exact TGP leg-to-contract mapping are loaded. Henry Hub NG is a national benchmark, not direct evidence of this TGP event's price exposure.",https://www.cmegroup.com/markets/energy/natural-gas/natural-gas.html,"[""Future nominations and rerouting are not observed; the shortfall assumes the captured schedule is unchanged.""]","{""calculation"": ""max(0, baseline scheduled quantity - forecast operating capacity)"", ""capacity_artifact_id"": ""km_tgp_segment_capacity:1788198122755547000:8fdc5140c4927947e235a62aa64289aad62f3fa51c867ee8ed2458e198852ac1"", ""capacity_run_id"": ""d79f586d-160a-47d8-9546-69b566a24dbc"", ""capacity_source_age_hours_at_calculation"": 15.92, ""direction_mapping"": {""capacity"": ""TD1"", ""forecast"": ""FH"", ""method"": ""FH=operator default direction=TD1; BH=opposite direction=TD2"", ""operator_direction_notice_url"": ""https://pipeline2.kindermorgan.com/Notices/NoticeDetail.aspx?code=TGP&notc_nbr=363144"", ""operator_segment_map_url"": ""https://pipeline2.kindermorgan.com/Documents/TGP/TGP_Segment_-_Pin_Map-20260721125239.pdf""}, ""interpretation"": ""Conditional scheduled shortfall if the captured net schedule holds; not physical flow, curtailment, or a price prediction."", ""operator_capacity_caveat"": ""Flow Indicator (Flow Ind)\n\nTD1 - Flow in the direction as shown on the pipeline segment map.\n\nTD2 - Flow in the opposite direction shown on the pipeline segment map.\n\n1) Design Capacity generally reflects the physical capacity of a segment as determined by a capacity model utilizing current contractual receipt/delivery quantities and a reasonable set of engineering assumptions and parameters.\n2) Design Capacity may be updated periodically to reflect changes in contractual receipt/delivery patterns, paths that do not utilize the entire segment and/or capacity modeling parameters.\n3) Operationally Available Capacity may be updated throughout the day to account for changes including, but not limited to: netting of bidirectional nominations, partial segment path nominations, storage swing services, exchanges, facility outages, and imbalance management.\n4) Total Scheduled Quantity is the resulting scheduled volume after netting scheduled volumes in both flow directions.\u00a0 This quantity for each segment is displayed only in the resulting net physical flow direction of the segment.\u00a0 Opposite of the physical flow direction will display a quantity of zero although there could be volumes scheduled. For further explanation, contact your Scheduling Representative. \u00a0\u00a0\n5) The net Total Scheduled Quantity may result in a quantity different than Operating Capacity due to the confirmation process after scheduling.\n6) Operating Capacity may be different than Design Capacity based on the periodic, non-permanent anticipated or observed operational pipeline conditions including, but not limited to: higher or lower average thermal content of the gas, higher or lower pressure from interconnecting pipelines, on-going maintenance, etc.\n7) Operating Capacity may be greater than the Design Capacity of the segment to accommodate scheduling of services that contain rights to multiple, redundant firm transportation paths which can be served entirely or in part through an alternate physical path.\n8) The IT Indicator shows whether gas has been scheduled under any interruptible service."", ""report_artifact_id"": ""km_tgp_notice_detail:1788197456279496000:cc4e15187816ef531b2c0d32f54f0c4fc2731bd4f14670beb540a5551574d909""}",2026-08-31T17:42:15.945168Z,km_tgp_notice_detail:1788197456279496000:cc4e15187816ef531b2c0d32f54f0c4fc2731bd4f14670beb540a5551574d909,km_tgp_segment_capacity:1788198122755547000:8fdc5140c4927947e235a62aa64289aad62f3fa51c867ee8ed2458e198852ac1
tgp-impact:05e8d88ce1fdee3fb3b4f3e77d3aa0a9983bad3ded10ee2f97c738676eb82064,403802,2026-08-27,2026-09-02,2026-09-02,Station 47 (segment 143 FH),143,FH,TD1,Z1,STA 47,2026-08-31,EVENING,1045000,592734,452266,1343000,1045000,298000,0,452266,pre_event,normalized_name,monitor,unresolved,"No licensed regional basis observations or exact TGP leg-to-contract mapping are loaded. Henry Hub NG is a national benchmark, not direct evidence of this TGP event's price exposure.",https://www.cmegroup.com/markets/energy/natural-gas/natural-gas.html,"[""Future nominations and rerouting are not observed; the shortfall assumes the captured schedule is unchanged.""]","{""calculation"": ""max(0, baseline scheduled quantity - forecast operating capacity)"", ""capacity_artifact_id"": ""km_tgp_segment_capacity:1788198122755547000:8fdc5140c4927947e235a62aa64289aad62f3fa51c867ee8ed2458e198852ac1"", ""capacity_run_id"": ""d79f586d-160a-47d8-9546-69b566a24dbc"", ""capacity_source_age_hours_at_calculation"": 15.92, ""direction_mapping"": {""capacity"": ""TD1"", ""forecast"": ""FH"", ""method"": ""FH=operator default direction=TD1; BH=opposite direction=TD2"", ""operator_direction_notice_url"": ""https://pipeline2.kindermorgan.com/Notices/NoticeDetail.aspx?code=TGP&notc_nbr=363144"", ""operator_segment_map_url"": ""https://pipeline2.kindermorgan.com/Documents/TGP/TGP_Segment_-_Pin_Map-20260721125239.pdf""}, ""interpretation"": ""Conditional scheduled shortfall if the captured net schedule holds; not physical flow, curtailment, or a price prediction."", ""operator_capacity_caveat"": ""Flow Indicator (Flow Ind)\n\nTD1 - Flow in the direction as shown on the pipeline segment map.\n\nTD2 - Flow in the opposite direction shown on the pipeline segment map.\n\n1) Design Capacity generally reflects the physical capacity of a segment as determined by a capacity model utilizing current contractual receipt/delivery quantities and a reasonable set of engineering assumptions and parameters.\n2) Design Capacity may be updated periodically to reflect changes in contractual receipt/delivery patterns, paths that do not utilize the entire segment and/or capacity modeling parameters.\n3) Operationally Available Capacity may be updated throughout the day to account for changes including, but not limited to: netting of bidirectional nominations, partial segment path nominations, storage swing services, exchanges, facility outages, and imbalance management.\n4) Total Scheduled Quantity is the resulting scheduled volume after netting scheduled volumes in both flow directions.\u00a0 This quantity for each segment is displayed only in the resulting net physical flow direction of the segment.\u00a0 Opposite of the physical flow direction will display a quantity of zero although there could be volumes scheduled. For further explanation, contact your Scheduling Representative. \u00a0\u00a0\n5) The net Total Scheduled Quantity may result in a quantity different than Operating Capacity due to the confirmation process after scheduling.\n6) Operating Capacity may be different than Design Capacity based on the periodic, non-permanent anticipated or observed operational pipeline conditions including, but not limited to: higher or lower average thermal content of the gas, higher or lower pressure from interconnecting pipelines, on-going maintenance, etc.\n7) Operating Capacity may be greater than the Design Capacity of the segment to accommodate scheduling of services that contain rights to multiple, redundant firm transportation paths which can be served entirely or in part through an alternate physical path.\n8) The IT Indicator shows whether gas has been scheduled under any interruptible service."", ""report_artifact_id"": ""km_tgp_notice_detail:1788197456279496000:cc4e15187816ef531b2c0d32f54f0c4fc2731bd4f14670beb540a5551574d909""}",2026-08-31T17:42:15.945168Z,km_tgp_notice_detail:1788197456279496000:cc4e15187816ef531b2c0d32f54f0c4fc2731bd4f14670beb540a5551574d909,km_tgp_segment_capacity:1788198122755547000:8fdc5140c4927947e235a62aa64289aad62f3fa51c867ee8ed2458e198852ac1
tgp-impact:c5190cd6b9fe0820e6f89e75e51541655f3a78c8c8e9e6e4df368f37853d27d4,403802,2026-08-27,2026-09-07,2026-09-13,Station 47 (segment 143 FH),143,FH,TD1,Z1,STA 47,2026-08-31,EVENING,1045000,592734,452266,1343000,1045000,298000,0,452266,pre_event,normalized_name,monitor,unresolved,"No licensed regional basis observations or exact TGP leg-to-contract mapping are loaded. Henry Hub NG is a national benchmark, not direct evidence of this TGP event's price exposure.",https://www.cmegroup.com/markets/energy/natural-gas/natural-gas.html,"[""Future nominations and rerouting are not observed; the shortfall assumes the captured schedule is unchanged.""]","{""calculation"": ""max(0, baseline scheduled quantity - forecast operating capacity)"", ""capacity_artifact_id"": ""km_tgp_segment_capacity:1788198122755547000:8fdc5140c4927947e235a62aa64289aad62f3fa51c867ee8ed2458e198852ac1"", ""capacity_run_id"": ""d79f586d-160a-47d8-9546-69b566a24dbc"", ""capacity_source_age_hours_at_calculation"": 15.92, ""direction_mapping"": {""capacity"": ""TD1"", ""forecast"": ""FH"", ""method"": ""FH=operator default direction=TD1; BH=opposite direction=TD2"", ""operator_direction_notice_url"": ""https://pipeline2.kindermorgan.com/Notices/NoticeDetail.aspx?code=TGP&notc_nbr=363144"", ""operator_segment_map_url"": ""https://pipeline2.kindermorgan.com/Documents/TGP/TGP_Segment_-_Pin_Map-20260721125239.pdf""}, ""interpretation"": ""Conditional scheduled shortfall if the captured net schedule holds; not physical flow, curtailment, or a price prediction."", ""operator_capacity_caveat"": ""Flow Indicator (Flow Ind)\n\nTD1 - Flow in the direction as shown on the pipeline segment map.\n\nTD2 - Flow in the opposite direction shown on the pipeline segment map.\n\n1) Design Capacity generally reflects the physical capacity of a segment as determined by a capacity model utilizing current contractual receipt/delivery quantities and a reasonable set of engineering assumptions and parameters.\n2) Design Capacity may be updated periodically to reflect changes in contractual receipt/delivery patterns, paths that do not utilize the entire segment and/or capacity modeling parameters.\n3) Operationally Available Capacity may be updated throughout the day to account for changes including, but not limited to: netting of bidirectional nominations, partial segment path nominations, storage swing services, exchanges, facility outages, and imbalance management.\n4) Total Scheduled Quantity is the resulting scheduled volume after netting scheduled volumes in both flow directions.\u00a0 This quantity for each segment is displayed only in the resulting net physical flow direction of the segment.\u00a0 Opposite of the physical flow direction will display a quantity of zero although there could be volumes scheduled. For further explanation, contact your Scheduling Representative. \u00a0\u00a0\n5) The net Total Scheduled Quantity may result in a quantity different than Operating Capacity due to the confirmation process after scheduling.\n6) Operating Capacity may be different than Design Capacity based on the periodic, non-permanent anticipated or observed operational pipeline conditions including, but not limited to: higher or lower average thermal content of the gas, higher or lower pressure from interconnecting pipelines, on-going maintenance, etc.\n7) Operating Capacity may be greater than the Design Capacity of the segment to accommodate scheduling of services that contain rights to multiple, redundant firm transportation paths which can be served entirely or in part through an alternate physical path.\n8) The IT Indicator shows whether gas has been scheduled under any interruptible service."", ""report_artifact_id"": ""km_tgp_notice_detail:1788197456279496000:cc4e15187816ef531b2c0d32f54f0c4fc2731bd4f14670beb540a5551574d909""}",2026-08-31T17:42:15.945168Z,km_tgp_notice_detail:1788197456279496000:cc4e15187816ef531b2c0d32f54f0c4fc2731bd4f14670beb540a5551574d909,km_tgp_segment_capacity:1788198122755547000:8fdc5140c4927947e235a62aa64289aad62f3fa51c867ee8ed2458e198852ac1
tgp-impact:ae444b16c5846baf352ad8a88cc0dd8674a429a886f1dab914198bffa0f71e1a,403802,2026-08-27,2026-09-14,2026-09-20,Station 110 (segment 187 BH) (south thru Kentucky),187,BH,TD2,Z2,STA 110 SOUTH,2026-08-31,EVENING,2278000,1851449,426551,2685000,2400000,285000,0,548551,pre_event,normalized_name,monitor,unresolved,"No licensed regional basis observations or exact TGP leg-to-contract mapping are loaded. Henry Hub NG is a national benchmark, not direct evidence of this TGP event's price exposure.",https://www.cmegroup.com/markets/energy/natural-gas/natural-gas.html,"[""Future nominations and rerouting are not observed; the shortfall assumes the captured schedule is unchanged.""]","{""calculation"": ""max(0, baseline scheduled quantity - forecast operating capacity)"", ""capacity_artifact_id"": ""km_tgp_segment_capacity:1788198122755547000:8fdc5140c4927947e235a62aa64289aad62f3fa51c867ee8ed2458e198852ac1"", ""capacity_run_id"": ""d79f586d-160a-47d8-9546-69b566a24dbc"", ""capacity_source_age_hours_at_calculation"": 15.92, ""direction_mapping"": {""capacity"": ""TD2"", ""forecast"": ""BH"", ""method"": ""FH=operator default direction=TD1; BH=opposite direction=TD2"", ""operator_direction_notice_url"": ""https://pipeline2.kindermorgan.com/Notices/NoticeDetail.aspx?code=TGP&notc_nbr=363144"", ""operator_segment_map_url"": ""https://pipeline2.kindermorgan.com/Documents/TGP/TGP_Segment_-_Pin_Map-20260721125239.pdf""}, ""interpretation"": ""Conditional scheduled shortfall if the captured net schedule holds; not physical flow, curtailment, or a price prediction."", ""operator_capacity_caveat"": ""Flow Indicator (Flow Ind)\n\nTD1 - Flow in the direction as shown on the pipeline segment map.\n\nTD2 - Flow in the opposite direction shown on the pipeline segment map.\n\n1) Design Capacity generally reflects the physical capacity of a segment as determined by a capacity model utilizing current contractual receipt/delivery quantities and a reasonable set of engineering assumptions and parameters.\n2) Design Capacity may be updated periodically to reflect changes in contractual receipt/delivery patterns, paths that do not utilize the entire segment and/or capacity modeling parameters.\n3) Operationally Available Capacity may be updated throughout the day to account for changes including, but not limited to: netting of bidirectional nominations, partial segment path nominations, storage swing services, exchanges, facility outages, and imbalance management.\n4) Total Scheduled Quantity is the resulting scheduled volume after netting scheduled volumes in both flow directions.\u00a0 This quantity for each segment is displayed only in the resulting net physical flow direction of the segment.\u00a0 Opposite of the physical flow direction will display a quantity of zero although there could be volumes scheduled. For further explanation, contact your Scheduling Representative. \u00a0\u00a0\n5) The net Total Scheduled Quantity may result in a quantity different than Operating Capacity due to the confirmation process after scheduling.\n6) Operating Capacity may be different than Design Capacity based on the periodic, non-permanent anticipated or observed operational pipeline conditions including, but not limited to: higher or lower average thermal content of the gas, higher or lower pressure from interconnecting pipelines, on-going maintenance, etc.\n7) Operating Capacity may be greater than the Design Capacity of the segment to accommodate scheduling of services that contain rights to multiple, redundant firm transportation paths which can be served entirely or in part through an alternate physical path.\n8) The IT Indicator shows whether gas has been scheduled under any interruptible service."", ""report_artifact_id"": ""km_tgp_notice_detail:1788197456279496000:cc4e15187816ef531b2c0d32f54f0c4fc2731bd4f14670beb540a5551574d909""}",2026-08-31T17:42:15.945168Z,km_tgp_notice_detail:1788197456279496000:cc4e15187816ef531b2c0d32f54f0c4fc2731bd4f14670beb540a5551574d909,km_tgp_segment_capacity:1788198122755547000:8fdc5140c4927947e235a62aa64289aad62f3fa51c867ee8ed2458e198852ac1
tgp-impact:b20156563ceb4cb15152831d71a8b655bbefd1223ab485f135410b9773831125,403802,2026-08-27,2026-10-12,2026-10-18,Station 110 (segment 187 BH) (south thru Kentucky),187,BH,TD2,Z2,STA 110 SOUTH,2026-08-31,EVENING,2278000,1851449,426551,2685000,2400000,285000,0,548551,pre_event,normalized_name,monitor,unresolved,"No licensed regional basis observations or exact TGP leg-to-contract mapping are loaded. Henry Hub NG is a national benchmark, not direct evidence of this TGP event's price exposure.",https://www.cmegroup.com/markets/energy/natural-gas/natural-gas.html,"[""Future nominations and rerouting are not observed; the shortfall assumes the captured schedule is unchanged.""]","{""calculation"": ""max(0, baseline scheduled quantity - forecast operating capacity)"", ""capacity_artifact_id"": ""km_tgp_segment_capacity:1788198122755547000:8fdc5140c4927947e235a62aa64289aad62f3fa51c867ee8ed2458e198852ac1"", ""capacity_run_id"": ""d79f586d-160a-47d8-9546-69b566a24dbc"", ""capacity_source_age_hours_at_calculation"": 15.92, ""direction_mapping"": {""capacity"": ""TD2"", ""forecast"": ""BH"", ""method"": ""FH=operator default direction=TD1; BH=opposite direction=TD2"", ""operator_direction_notice_url"": ""https://pipeline2.kindermorgan.com/Notices/NoticeDetail.aspx?code=TGP&notc_nbr=363144"", ""operator_segment_map_url"": ""https://pipeline2.kindermorgan.com/Documents/TGP/TGP_Segment_-_Pin_Map-20260721125239.pdf""}, ""interpretation"": ""Conditional scheduled shortfall if the captured net schedule holds; not physical flow, curtailment, or a price prediction."", ""operator_capacity_caveat"": ""Flow Indicator (Flow Ind)\n\nTD1 - Flow in the direction as shown on the pipeline segment map.\n\nTD2 - Flow in the opposite direction shown on the pipeline segment map.\n\n1) Design Capacity generally reflects the physical capacity of a segment as determined by a capacity model utilizing current contractual receipt/delivery quantities and a reasonable set of engineering assumptions and parameters.\n2) Design Capacity may be updated periodically to reflect changes in contractual receipt/delivery patterns, paths that do not utilize the entire segment and/or capacity modeling parameters.\n3) Operationally Available Capacity may be updated throughout the day to account for changes including, but not limited to: netting of bidirectional nominations, partial segment path nominations, storage swing services, exchanges, facility outages, and imbalance management.\n4) Total Scheduled Quantity is the resulting scheduled volume after netting scheduled volumes in both flow directions.\u00a0 This quantity for each segment is displayed only in the resulting net physical flow direction of the segment.\u00a0 Opposite of the physical flow direction will display a quantity of zero although there could be volumes scheduled. For further explanation, contact your Scheduling Representative. \u00a0\u00a0\n5) The net Total Scheduled Quantity may result in a quantity different than Operating Capacity due to the confirmation process after scheduling.\n6) Operating Capacity may be different than Design Capacity based on the periodic, non-permanent anticipated or observed operational pipeline conditions including, but not limited to: higher or lower average thermal content of the gas, higher or lower pressure from interconnecting pipelines, on-going maintenance, etc.\n7) Operating Capacity may be greater than the Design Capacity of the segment to accommodate scheduling of services that contain rights to multiple, redundant firm transportation paths which can be served entirely or in part through an alternate physical path.\n8) The IT Indicator shows whether gas has been scheduled under any interruptible service."", ""report_artifact_id"": ""km_tgp_notice_detail:1788197456279496000:cc4e15187816ef531b2c0d32f54f0c4fc2731bd4f14670beb540a5551574d909""}",2026-08-31T17:42:15.945168Z,km_tgp_notice_detail:1788197456279496000:cc4e15187816ef531b2c0d32f54f0c4fc2731bd4f14670beb540a5551574d909,km_tgp_segment_capacity:1788198122755547000:8fdc5140c4927947e235a62aa64289aad62f3fa51c867ee8ed2458e198852ac1
tgp-impact:9e8b3ff5c49fc98eb0c8f729934db46bdeb8f9c932fd60bac9b46cbd86bfea7a,403802,2026-08-27,2026-09-21,2026-09-27,Station 110 (segment 187 BH) (south thru Kentucky),187,BH,TD2,Z2,STA 110 SOUTH,2026-08-31,EVENING,2278000,1851449,426551,2685000,2405000,280000,0,553551,pre_event,normalized_name,monitor,unresolved,"No licensed regional basis observations or exact TGP leg-to-contract mapping are loaded. Henry Hub NG is a national benchmark, not direct evidence of this TGP event's price exposure.",https://www.cmegroup.com/markets/energy/natural-gas/natural-gas.html,"[""Future nominations and rerouting are not observed; the shortfall assumes the captured schedule is unchanged.""]","{""calculation"": ""max(0, baseline scheduled quantity - forecast operating capacity)"", ""capacity_artifact_id"": ""km_tgp_segment_capacity:1788198122755547000:8fdc5140c4927947e235a62aa64289aad62f3fa51c867ee8ed2458e198852ac1"", ""capacity_run_id"": ""d79f586d-160a-47d8-9546-69b566a24dbc"", ""capacity_source_age_hours_at_calculation"": 15.92, ""direction_mapping"": {""capacity"": ""TD2"", ""forecast"": ""BH"", ""method"": ""FH=operator default direction=TD1; BH=opposite direction=TD2"", ""operator_direction_notice_url"": ""https://pipeline2.kindermorgan.com/Notices/NoticeDetail.aspx?code=TGP&notc_nbr=363144"", ""operator_segment_map_url"": ""https://pipeline2.kindermorgan.com/Documents/TGP/TGP_Segment_-_Pin_Map-20260721125239.pdf""}, ""interpretation"": ""Conditional scheduled shortfall if the captured net schedule holds; not physical flow, curtailment, or a price prediction."", ""operator_capacity_caveat"": ""Flow Indicator (Flow Ind)\n\nTD1 - Flow in the direction as shown on the pipeline segment map.\n\nTD2 - Flow in the opposite direction shown on the pipeline segment map.\n\n1) Design Capacity generally reflects the physical capacity of a segment as determined by a capacity model utilizing current contractual receipt/delivery quantities and a reasonable set of engineering assumptions and parameters.\n2) Design Capacity may be updated periodically to reflect changes in contractual receipt/delivery patterns, paths that do not utilize the entire segment and/or capacity modeling parameters.\n3) Operationally Available Capacity may be updated throughout the day to account for changes including, but not limited to: netting of bidirectional nominations, partial segment path nominations, storage swing services, exchanges, facility outages, and imbalance management.\n4) Total Scheduled Quantity is the resulting scheduled volume after netting scheduled volumes in both flow directions.\u00a0 This quantity for each segment is displayed only in the resulting net physical flow direction of the segment.\u00a0 Opposite of the physical flow direction will display a quantity of zero although there could be volumes scheduled. For further explanation, contact your Scheduling Representative. \u00a0\u00a0\n5) The net Total Scheduled Quantity may result in a quantity different than Operating Capacity due to the confirmation process after scheduling.\n6) Operating Capacity may be different than Design Capacity based on the periodic, non-permanent anticipated or observed operational pipeline conditions including, but not limited to: higher or lower average thermal content of the gas, higher or lower pressure from interconnecting pipelines, on-going maintenance, etc.\n7) Operating Capacity may be greater than the Design Capacity of the segment to accommodate scheduling of services that contain rights to multiple, redundant firm transportation paths which can be served entirely or in part through an alternate physical path.\n8) The IT Indicator shows whether gas has been scheduled under any interruptible service."", ""report_artifact_id"": ""km_tgp_notice_detail:1788197456279496000:cc4e15187816ef531b2c0d32f54f0c4fc2731bd4f14670beb540a5551574d909""}",2026-08-31T17:42:15.945168Z,km_tgp_notice_detail:1788197456279496000:cc4e15187816ef531b2c0d32f54f0c4fc2731bd4f14670beb540a5551574d909,km_tgp_segment_capacity:1788198122755547000:8fdc5140c4927947e235a62aa64289aad62f3fa51c867ee8ed2458e198852ac1
tgp-impact:674ffb8fe5b172566c5538d84535043eb1b50ccd5c0c83b761447e6c5b675050,403802,2026-08-27,2026-09-02,2026-09-02,Station 110 (segment 187 BH) (south thru Kentucky),187,BH,TD2,Z2,STA 110 SOUTH,2026-08-31,EVENING,2278000,1851449,426551,2685000,2414000,271000,0,562551,pre_event,normalized_name,monitor,unresolved,"No licensed regional basis observations or exact TGP leg-to-contract mapping are loaded. Henry Hub NG is a national benchmark, not direct evidence of this TGP event's price exposure.",https://www.cmegroup.com/markets/energy/natural-gas/natural-gas.html,"[""Future nominations and rerouting are not observed; the shortfall assumes the captured schedule is unchanged.""]","{""calculation"": ""max(0, baseline scheduled quantity - forecast operating capacity)"", ""capacity_artifact_id"": ""km_tgp_segment_capacity:1788198122755547000:8fdc5140c4927947e235a62aa64289aad62f3fa51c867ee8ed2458e198852ac1"", ""capacity_run_id"": ""d79f586d-160a-47d8-9546-69b566a24dbc"", ""capacity_source_age_hours_at_calculation"": 15.92, ""direction_mapping"": {""capacity"": ""TD2"", ""forecast"": ""BH"", ""method"": ""FH=operator default direction=TD1; BH=opposite direction=TD2"", ""operator_direction_notice_url"": ""https://pipeline2.kindermorgan.com/Notices/NoticeDetail.aspx?code=TGP&notc_nbr=363144"", ""operator_segment_map_url"": ""https://pipeline2.kindermorgan.com/Documents/TGP/TGP_Segment_-_Pin_Map-20260721125239.pdf""}, ""interpretation"": ""Conditional scheduled shortfall if the captured net schedule holds; not physical flow, curtailment, or a price prediction."", ""operator_capacity_caveat"": ""Flow Indicator (Flow Ind)\n\nTD1 - Flow in the direction as shown on the pipeline segment map.\n\nTD2 - Flow in the opposite direction shown on the pipeline segment map.\n\n1) Design Capacity generally reflects the physical capacity of a segment as determined by a capacity model utilizing current contractual receipt/delivery quantities and a reasonable set of engineering assumptions and parameters.\n2) Design Capacity may be updated periodically to reflect changes in contractual receipt/delivery patterns, paths that do not utilize the entire segment and/or capacity modeling parameters.\n3) Operationally Available Capacity may be updated throughout the day to account for changes including, but not limited to: netting of bidirectional nominations, partial segment path nominations, storage swing services, exchanges, facility outages, and imbalance management.\n4) Total Scheduled Quantity is the resulting scheduled volume after netting scheduled volumes in both flow directions.\u00a0 This quantity for each segment is displayed only in the resulting net physical flow direction of the segment.\u00a0 Opposite of the physical flow direction will display a quantity of zero although there could be volumes scheduled. For further explanation, contact your Scheduling Representative. \u00a0\u00a0\n5) The net Total Scheduled Quantity may result in a quantity different than Operating Capacity due to the confirmation process after scheduling.\n6) Operating Capacity may be different than Design Capacity based on the periodic, non-permanent anticipated or observed operational pipeline conditions including, but not limited to: higher or lower average thermal content of the gas, higher or lower pressure from interconnecting pipelines, on-going maintenance, etc.\n7) Operating Capacity may be greater than the Design Capacity of the segment to accommodate scheduling of services that contain rights to multiple, redundant firm transportation paths which can be served entirely or in part through an alternate physical path.\n8) The IT Indicator shows whether gas has been scheduled under any interruptible service."", ""report_artifact_id"": ""km_tgp_notice_detail:1788197456279496000:cc4e15187816ef531b2c0d32f54f0c4fc2731bd4f14670beb540a5551574d909""}",2026-08-31T17:42:15.945168Z,km_tgp_notice_detail:1788197456279496000:cc4e15187816ef531b2c0d32f54f0c4fc2731bd4f14670beb540a5551574d909,km_tgp_segment_capacity:1788198122755547000:8fdc5140c4927947e235a62aa64289aad62f3fa51c867ee8ed2458e198852ac1
tgp-impact:8aa07e0cc030448b1dfee232483f7333876a80ef2a50dd7e59ecbb6b96a5535d,403802,2026-08-27,2026-09-03,2026-09-03,Station 110 (segment 187 BH) (south thru Kentucky),187,BH,TD2,Z2,STA 110 SOUTH,2026-08-31,EVENING,2278000,1851449,426551,2685000,2414000,271000,0,562551,pre_event,normalized_name,monitor,unresolved,"No licensed regional basis observations or exact TGP leg-to-contract mapping are loaded. Henry Hub NG is a national benchmark, not direct evidence of this TGP event's price exposure.",https://www.cmegroup.com/markets/energy/natural-gas/natural-gas.html,"[""Future nominations and rerouting are not observed; the shortfall assumes the captured schedule is unchanged.""]","{""calculation"": ""max(0, baseline scheduled quantity - forecast operating capacity)"", ""capacity_artifact_id"": ""km_tgp_segment_capacity:1788198122755547000:8fdc5140c4927947e235a62aa64289aad62f3fa51c867ee8ed2458e198852ac1"", ""capacity_run_id"": ""d79f586d-160a-47d8-9546-69b566a24dbc"", ""capacity_source_age_hours_at_calculation"": 15.92, ""direction_mapping"": {""capacity"": ""TD2"", ""forecast"": ""BH"", ""method"": ""FH=operator default direction=TD1; BH=opposite direction=TD2"", ""operator_direction_notice_url"": ""https://pipeline2.kindermorgan.com/Notices/NoticeDetail.aspx?code=TGP&notc_nbr=363144"", ""operator_segment_map_url"": ""https://pipeline2.kindermorgan.com/Documents/TGP/TGP_Segment_-_Pin_Map-20260721125239.pdf""}, ""interpretation"": ""Conditional scheduled shortfall if the captured net schedule holds; not physical flow, curtailment, or a price prediction."", ""operator_capacity_caveat"": ""Flow Indicator (Flow Ind)\n\nTD1 - Flow in the direction as shown on the pipeline segment map.\n\nTD2 - Flow in the opposite direction shown on the pipeline segment map.\n\n1) Design Capacity generally reflects the physical capacity of a segment as determined by a capacity model utilizing current contractual receipt/delivery quantities and a reasonable set of engineering assumptions and parameters.\n2) Design Capacity may be updated periodically to reflect changes in contractual receipt/delivery patterns, paths that do not utilize the entire segment and/or capacity modeling parameters.\n3) Operationally Available Capacity may be updated throughout the day to account for changes including, but not limited to: netting of bidirectional nominations, partial segment path nominations, storage swing services, exchanges, facility outages, and imbalance management.\n4) Total Scheduled Quantity is the resulting scheduled volume after netting scheduled volumes in both flow directions.\u00a0 This quantity for each segment is displayed only in the resulting net physical flow direction of the segment.\u00a0 Opposite of the physical flow direction will display a quantity of zero although there could be volumes scheduled. For further explanation, contact your Scheduling Representative. \u00a0\u00a0\n5) The net Total Scheduled Quantity may result in a quantity different than Operating Capacity due to the confirmation process after scheduling.\n6) Operating Capacity may be different than Design Capacity based on the periodic, non-permanent anticipated or observed operational pipeline conditions including, but not limited to: higher or lower average thermal content of the gas, higher or lower pressure from interconnecting pipelines, on-going maintenance, etc.\n7) Operating Capacity may be greater than the Design Capacity of the segment to accommodate scheduling of services that contain rights to multiple, redundant firm transportation paths which can be served entirely or in part through an alternate physical path.\n8) The IT Indicator shows whether gas has been scheduled under any interruptible service."", ""report_artifact_id"": ""km_tgp_notice_detail:1788197456279496000:cc4e15187816ef531b2c0d32f54f0c4fc2731bd4f14670beb540a5551574d909""}",2026-08-31T17:42:15.945168Z,km_tgp_notice_detail:1788197456279496000:cc4e15187816ef531b2c0d32f54f0c4fc2731bd4f14670beb540a5551574d909,km_tgp_segment_capacity:1788198122755547000:8fdc5140c4927947e235a62aa64289aad62f3fa51c867ee8ed2458e198852ac1
tgp-impact:f725c47aee7714b4867b3681a09a3da71f9b9468b7c0256185f46e7434763c06,403802,2026-08-27,2026-09-04,2026-09-04,Station 110 (segment 187 BH) (south thru Kentucky),187,BH,TD2,Z2,STA 110 SOUTH,2026-08-31,EVENING,2278000,1851449,426551,2685000,2414000,271000,0,562551,pre_event,normalized_name,monitor,unresolved,"No licensed regional basis observations or exact TGP leg-to-contract mapping are loaded. Henry Hub NG is a national benchmark, not direct evidence of this TGP event's price exposure.",https://www.cmegroup.com/markets/energy/natural-gas/natural-gas.html,"[""Future nominations and rerouting are not observed; the shortfall assumes the captured schedule is unchanged.""]","{""calculation"": ""max(0, baseline scheduled quantity - forecast operating capacity)"", ""capacity_artifact_id"": ""km_tgp_segment_capacity:1788198122755547000:8fdc5140c4927947e235a62aa64289aad62f3fa51c867ee8ed2458e198852ac1"", ""capacity_run_id"": ""d79f586d-160a-47d8-9546-69b566a24dbc"", ""capacity_source_age_hours_at_calculation"": 15.92, ""direction_mapping"": {""capacity"": ""TD2"", ""forecast"": ""BH"", ""method"": ""FH=operator default direction=TD1; BH=opposite direction=TD2"", ""operator_direction_notice_url"": ""https://pipeline2.kindermorgan.com/Notices/NoticeDetail.aspx?code=TGP&notc_nbr=363144"", ""operator_segment_map_url"": ""https://pipeline2.kindermorgan.com/Documents/TGP/TGP_Segment_-_Pin_Map-20260721125239.pdf""}, ""interpretation"": ""Conditional scheduled shortfall if the captured net schedule holds; not physical flow, curtailment, or a price prediction."", ""operator_capacity_caveat"": ""Flow Indicator (Flow Ind)\n\nTD1 - Flow in the direction as shown on the pipeline segment map.\n\nTD2 - Flow in the opposite direction shown on the pipeline segment map.\n\n1) Design Capacity generally reflects the physical capacity of a segment as determined by a capacity model utilizing current contractual receipt/delivery quantities and a reasonable set of engineering assumptions and parameters.\n2) Design Capacity may be updated periodically to reflect changes in contractual receipt/delivery patterns, paths that do not utilize the entire segment and/or capacity modeling parameters.\n3) Operationally Available Capacity may be updated throughout the day to account for changes including, but not limited to: netting of bidirectional nominations, partial segment path nominations, storage swing services, exchanges, facility outages, and imbalance management.\n4) Total Scheduled Quantity is the resulting scheduled volume after netting scheduled volumes in both flow directions.\u00a0 This quantity for each segment is displayed only in the resulting net physical flow direction of the segment.\u00a0 Opposite of the physical flow direction will display a quantity of zero although there could be volumes scheduled. For further explanation, contact your Scheduling Representative. \u00a0\u00a0\n5) The net Total Scheduled Quantity may result in a quantity different than Operating Capacity due to the confirmation process after scheduling.\n6) Operating Capacity may be different than Design Capacity based on the periodic, non-permanent anticipated or observed operational pipeline conditions including, but not limited to: higher or lower average thermal content of the gas, higher or lower pressure from interconnecting pipelines, on-going maintenance, etc.\n7) Operating Capacity may be greater than the Design Capacity of the segment to accommodate scheduling of services that contain rights to multiple, redundant firm transportation paths which can be served entirely or in part through an alternate physical path.\n8) The IT Indicator shows whether gas has been scheduled under any interruptible service."", ""report_artifact_id"": ""km_tgp_notice_detail:1788197456279496000:cc4e15187816ef531b2c0d32f54f0c4fc2731bd4f14670beb540a5551574d909""}",2026-08-31T17:42:15.945168Z,km_tgp_notice_detail:1788197456279496000:cc4e15187816ef531b2c0d32f54f0c4fc2731bd4f14670beb540a5551574d909,km_tgp_segment_capacity:1788198122755547000:8fdc5140c4927947e235a62aa64289aad62f3fa51c867ee8ed2458e198852ac1
tgp-impact:68cfeb2381c3f36f4bc26676f7b35bc6839bc686f74ffe7f0eac0b41cae7a532,403802,2026-08-27,2026-11-09,2026-11-15,Station 110 (segment 187 BH) (south thru Kentucky),187,BH,TD2,Z2,STA 110 SOUTH,2026-08-31,EVENING,2278000,1851449,426551,2594000,2327000,267000,0,475551,pre_event,normalized_name,monitor,unresolved,"No licensed regional basis observations or exact TGP leg-to-contract mapping are loaded. Henry Hub NG is a national benchmark, not direct evidence of this TGP event's price exposure.",https://www.cmegroup.com/markets/energy/natural-gas/natural-gas.html,"[""Future nominations and rerouting are not observed; the shortfall assumes the captured schedule is unchanged.""]","{""calculation"": ""max(0, baseline scheduled quantity - forecast operating capacity)"", ""capacity_artifact_id"": ""km_tgp_segment_capacity:1788198122755547000:8fdc5140c4927947e235a62aa64289aad62f3fa51c867ee8ed2458e198852ac1"", ""capacity_run_id"": ""d79f586d-160a-47d8-9546-69b566a24dbc"", ""capacity_source_age_hours_at_calculation"": 15.92, ""direction_mapping"": {""capacity"": ""TD2"", ""forecast"": ""BH"", ""method"": ""FH=operator default direction=TD1; BH=opposite direction=TD2"", ""operator_direction_notice_url"": ""https://pipeline2.kindermorgan.com/Notices/NoticeDetail.aspx?code=TGP&notc_nbr=363144"", ""operator_segment_map_url"": ""https://pipeline2.kindermorgan.com/Documents/TGP/TGP_Segment_-_Pin_Map-20260721125239.pdf""}, ""interpretation"": ""Conditional scheduled shortfall if the captured net schedule holds; not physical flow, curtailment, or a price prediction."", ""operator_capacity_caveat"": ""Flow Indicator (Flow Ind)\n\nTD1 - Flow in the direction as shown on the pipeline segment map.\n\nTD2 - Flow in the opposite direction shown on the pipeline segment map.\n\n1) Design Capacity generally reflects the physical capacity of a segment as determined by a capacity model utilizing current contractual receipt/delivery quantities and a reasonable set of engineering assumptions and parameters.\n2) Design Capacity may be updated periodically to reflect changes in contractual receipt/delivery patterns, paths that do not utilize the entire segment and/or capacity modeling parameters.\n3) Operationally Available Capacity may be updated throughout the day to account for changes including, but not limited to: netting of bidirectional nominations, partial segment path nominations, storage swing services, exchanges, facility outages, and imbalance management.\n4) Total Scheduled Quantity is the resulting scheduled volume after netting scheduled volumes in both flow directions.\u00a0 This quantity for each segment is displayed only in the resulting net physical flow direction of the segment.\u00a0 Opposite of the physical flow direction will display a quantity of zero although there could be volumes scheduled. For further explanation, contact your Scheduling Representative. \u00a0\u00a0\n5) The net Total Scheduled Quantity may result in a quantity different than Operating Capacity due to the confirmation process after scheduling.\n6) Operating Capacity may be different than Design Capacity based on the periodic, non-permanent anticipated or observed operational pipeline conditions including, but not limited to: higher or lower average thermal content of the gas, higher or lower pressure from interconnecting pipelines, on-going maintenance, etc.\n7) Operating Capacity may be greater than the Design Capacity of the segment to accommodate scheduling of services that contain rights to multiple, redundant firm transportation paths which can be served entirely or in part through an alternate physical path.\n8) The IT Indicator shows whether gas has been scheduled under any interruptible service."", ""report_artifact_id"": ""km_tgp_notice_detail:1788197456279496000:cc4e15187816ef531b2c0d32f54f0c4fc2731bd4f14670beb540a5551574d909""}",2026-08-31T17:42:15.945168Z,km_tgp_notice_detail:1788197456279496000:cc4e15187816ef531b2c0d32f54f0c4fc2731bd4f14670beb540a5551574d909,km_tgp_segment_capacity:1788198122755547000:8fdc5140c4927947e235a62aa64289aad62f3fa51c867ee8ed2458e198852ac1
tgp-impact:7c83a0a8a3e3631ca9f21a177964c354c394e55f8d47a3b962c4797240fa9fcc,403802,2026-08-27,2026-11-16,2026-11-22,Station 110 (segment 187 BH) (south thru Kentucky),187,BH,TD2,Z2,STA 110 SOUTH,2026-08-31,EVENING,2278000,1851449,426551,2594000,2327000,267000,0,475551,pre_event,normalized_name,monitor,unresolved,"No licensed regional basis observations or exact TGP leg-to-contract mapping are loaded. Henry Hub NG is a national benchmark, not direct evidence of this TGP event's price exposure.",https://www.cmegroup.com/markets/energy/natural-gas/natural-gas.html,"[""Future nominations and rerouting are not observed; the shortfall assumes the captured schedule is unchanged.""]","{""calculation"": ""max(0, baseline scheduled quantity - forecast operating capacity)"", ""capacity_artifact_id"": ""km_tgp_segment_capacity:1788198122755547000:8fdc5140c4927947e235a62aa64289aad62f3fa51c867ee8ed2458e198852ac1"", ""capacity_run_id"": ""d79f586d-160a-47d8-9546-69b566a24dbc"", ""capacity_source_age_hours_at_calculation"": 15.92, ""direction_mapping"": {""capacity"": ""TD2"", ""forecast"": ""BH"", ""method"": ""FH=operator default direction=TD1; BH=opposite direction=TD2"", ""operator_direction_notice_url"": ""https://pipeline2.kindermorgan.com/Notices/NoticeDetail.aspx?code=TGP&notc_nbr=363144"", ""operator_segment_map_url"": ""https://pipeline2.kindermorgan.com/Documents/TGP/TGP_Segment_-_Pin_Map-20260721125239.pdf""}, ""interpretation"": ""Conditional scheduled shortfall if the captured net schedule holds; not physical flow, curtailment, or a price prediction."", ""operator_capacity_caveat"": ""Flow Indicator (Flow Ind)\n\nTD1 - Flow in the direction as shown on the pipeline segment map.\n\nTD2 - Flow in the opposite direction shown on the pipeline segment map.\n\n1) Design Capacity generally reflects the physical capacity of a segment as determined by a capacity model utilizing current contractual receipt/delivery quantities and a reasonable set of engineering assumptions and parameters.\n2) Design Capacity may be updated periodically to reflect changes in contractual receipt/delivery patterns, paths that do not utilize the entire segment and/or capacity modeling parameters.\n3) Operationally Available Capacity may be updated throughout the day to account for changes including, but not limited to: netting of bidirectional nominations, partial segment path nominations, storage swing services, exchanges, facility outages, and imbalance management.\n4) Total Scheduled Quantity is the resulting scheduled volume after netting scheduled volumes in both flow directions.\u00a0 This quantity for each segment is displayed only in the resulting net physical flow direction of the segment.\u00a0 Opposite of the physical flow direction will display a quantity of zero although there could be volumes scheduled. For further explanation, contact your Scheduling Representative. \u00a0\u00a0\n5) The net Total Scheduled Quantity may result in a quantity different than Operating Capacity due to the confirmation process after scheduling.\n6) Operating Capacity may be different than Design Capacity based on the periodic, non-permanent anticipated or observed operational pipeline conditions including, but not limited to: higher or lower average thermal content of the gas, higher or lower pressure from interconnecting pipelines, on-going maintenance, etc.\n7) Operating Capacity may be greater than the Design Capacity of the segment to accommodate scheduling of services that contain rights to multiple, redundant firm transportation paths which can be served entirely or in part through an alternate physical path.\n8) The IT Indicator shows whether gas has been scheduled under any interruptible service."", ""report_artifact_id"": ""km_tgp_notice_detail:1788197456279496000:cc4e15187816ef531b2c0d32f54f0c4fc2731bd4f14670beb540a5551574d909""}",2026-08-31T17:42:15.945168Z,km_tgp_notice_detail:1788197456279496000:cc4e15187816ef531b2c0d32f54f0c4fc2731bd4f14670beb540a5551574d909,km_tgp_segment_capacity:1788198122755547000:8fdc5140c4927947e235a62aa64289aad62f3fa51c867ee8ed2458e198852ac1
tgp-impact:3a22732a18355aeef420f326bd274e7d3b1eb01e60526c28daf5e549061ff2c7,403802,2026-08-27,2026-11-23,2026-11-29,Station 110 (segment 187 BH) (south thru Kentucky),187,BH,TD2,Z2,STA 110 SOUTH,2026-08-31,EVENING,2278000,1851449,426551,2594000,2327000,267000,0,475551,pre_event,normalized_name,monitor,unresolved,"No licensed regional basis observations or exact TGP leg-to-contract mapping are loaded. Henry Hub NG is a national benchmark, not direct evidence of this TGP event's price exposure.",https://www.cmegroup.com/markets/energy/natural-gas/natural-gas.html,"[""Future nominations and rerouting are not observed; the shortfall assumes the captured schedule is unchanged.""]","{""calculation"": ""max(0, baseline scheduled quantity - forecast operating capacity)"", ""capacity_artifact_id"": ""km_tgp_segment_capacity:1788198122755547000:8fdc5140c4927947e235a62aa64289aad62f3fa51c867ee8ed2458e198852ac1"", ""capacity_run_id"": ""d79f586d-160a-47d8-9546-69b566a24dbc"", ""capacity_source_age_hours_at_calculation"": 15.92, ""direction_mapping"": {""capacity"": ""TD2"", ""forecast"": ""BH"", ""method"": ""FH=operator default direction=TD1; BH=opposite direction=TD2"", ""operator_direction_notice_url"": ""https://pipeline2.kindermorgan.com/Notices/NoticeDetail.aspx?code=TGP&notc_nbr=363144"", ""operator_segment_map_url"": ""https://pipeline2.kindermorgan.com/Documents/TGP/TGP_Segment_-_Pin_Map-20260721125239.pdf""}, ""interpretation"": ""Conditional scheduled shortfall if the captured net schedule holds; not physical flow, curtailment, or a price prediction."", ""operator_capacity_caveat"": ""Flow Indicator (Flow Ind)\n\nTD1 - Flow in the direction as shown on the pipeline segment map.\n\nTD2 - Flow in the opposite direction shown on the pipeline segment map.\n\n1) Design Capacity generally reflects the physical capacity of a segment as determined by a capacity model utilizing current contractual receipt/delivery quantities and a reasonable set of engineering assumptions and parameters.\n2) Design Capacity may be updated periodically to reflect changes in contractual receipt/delivery patterns, paths that do not utilize the entire segment and/or capacity modeling parameters.\n3) Operationally Available Capacity may be updated throughout the day to account for changes including, but not limited to: netting of bidirectional nominations, partial segment path nominations, storage swing services, exchanges, facility outages, and imbalance management.\n4) Total Scheduled Quantity is the resulting scheduled volume after netting scheduled volumes in both flow directions.\u00a0 This quantity for each segment is displayed only in the resulting net physical flow direction of the segment.\u00a0 Opposite of the physical flow direction will display a quantity of zero although there could be volumes scheduled. For further explanation, contact your Scheduling Representative. \u00a0\u00a0\n5) The net Total Scheduled Quantity may result in a quantity different than Operating Capacity due to the confirmation process after scheduling.\n6) Operating Capacity may be different than Design Capacity based on the periodic, non-permanent anticipated or observed operational pipeline conditions including, but not limited to: higher or lower average thermal content of the gas, higher or lower pressure from interconnecting pipelines, on-going maintenance, etc.\n7) Operating Capacity may be greater than the Design Capacity of the segment to accommodate scheduling of services that contain rights to multiple, redundant firm transportation paths which can be served entirely or in part through an alternate physical path.\n8) The IT Indicator shows whether gas has been scheduled under any interruptible service."", ""report_artifact_id"": ""km_tgp_notice_detail:1788197456279496000:cc4e15187816ef531b2c0d32f54f0c4fc2731bd4f14670beb540a5551574d909""}",2026-08-31T17:42:15.945168Z,km_tgp_notice_detail:1788197456279496000:cc4e15187816ef531b2c0d32f54f0c4fc2731bd4f14670beb540a5551574d909,km_tgp_segment_capacity:1788198122755547000:8fdc5140c4927947e235a62aa64289aad62f3fa51c867ee8ed2458e198852ac1
tgp-impact:8c487e99575a5030985a4ce0a61b44839c0f873fa1ef88c85f7173f2f795214b,403802,2026-08-27,2026-09-01,2026-09-01,Station 534 (segment 534 BH),534,BH,TD2,Z1,STA 534,2026-08-31,EVENING,1909661,921721,987940,1909000,1645000,264000,0,723279,pre_event,normalized_name,monitor,unresolved,"No licensed regional basis observations or exact TGP leg-to-contract mapping are loaded. Henry Hub NG is a national benchmark, not direct evidence of this TGP event's price exposure.",https://www.cmegroup.com/markets/energy/natural-gas/natural-gas.html,"[""Future nominations and rerouting are not observed; the shortfall assumes the captured schedule is unchanged.""]","{""calculation"": ""max(0, baseline scheduled quantity - forecast operating capacity)"", ""capacity_artifact_id"": ""km_tgp_segment_capacity:1788198122755547000:8fdc5140c4927947e235a62aa64289aad62f3fa51c867ee8ed2458e198852ac1"", ""capacity_run_id"": ""d79f586d-160a-47d8-9546-69b566a24dbc"", ""capacity_source_age_hours_at_calculation"": 15.92, ""direction_mapping"": {""capacity"": ""TD2"", ""forecast"": ""BH"", ""method"": ""FH=operator default direction=TD1; BH=opposite direction=TD2"", ""operator_direction_notice_url"": ""https://pipeline2.kindermorgan.com/Notices/NoticeDetail.aspx?code=TGP&notc_nbr=363144"", ""operator_segment_map_url"": ""https://pipeline2.kindermorgan.com/Documents/TGP/TGP_Segment_-_Pin_Map-20260721125239.pdf""}, ""interpretation"": ""Conditional scheduled shortfall if the captured net schedule holds; not physical flow, curtailment, or a price prediction."", ""operator_capacity_caveat"": ""Flow Indicator (Flow Ind)\n\nTD1 - Flow in the direction as shown on the pipeline segment map.\n\nTD2 - Flow in the opposite direction shown on the pipeline segment map.\n\n1) Design Capacity generally reflects the physical capacity of a segment as determined by a capacity model utilizing current contractual receipt/delivery quantities and a reasonable set of engineering assumptions and parameters.\n2) Design Capacity may be updated periodically to reflect changes in contractual receipt/delivery patterns, paths that do not utilize the entire segment and/or capacity modeling parameters.\n3) Operationally Available Capacity may be updated throughout the day to account for changes including, but not limited to: netting of bidirectional nominations, partial segment path nominations, storage swing services, exchanges, facility outages, and imbalance management.\n4) Total Scheduled Quantity is the resulting scheduled volume after netting scheduled volumes in both flow directions.\u00a0 This quantity for each segment is displayed only in the resulting net physical flow direction of the segment.\u00a0 Opposite of the physical flow direction will display a quantity of zero although there could be volumes scheduled. For further explanation, contact your Scheduling Representative. \u00a0\u00a0\n5) The net Total Scheduled Quantity may result in a quantity different than Operating Capacity due to the confirmation process after scheduling.\n6) Operating Capacity may be different than Design Capacity based on the periodic, non-permanent anticipated or observed operational pipeline conditions including, but not limited to: higher or lower average thermal content of the gas, higher or lower pressure from interconnecting pipelines, on-going maintenance, etc.\n7) Operating Capacity may be greater than the Design Capacity of the segment to accommodate scheduling of services that contain rights to multiple, redundant firm transportation paths which can be served entirely or in part through an alternate physical path.\n8) The IT Indicator shows whether gas has been scheduled under any interruptible service."", ""report_artifact_id"": ""km_tgp_notice_detail:1788197456279496000:cc4e15187816ef531b2c0d32f54f0c4fc2731bd4f14670beb540a5551574d909""}",2026-08-31T17:42:15.945168Z,km_tgp_notice_detail:1788197456279496000:cc4e15187816ef531b2c0d32f54f0c4fc2731bd4f14670beb540a5551574d909,km_tgp_segment_capacity:1788198122755547000:8fdc5140c4927947e235a62aa64289aad62f3fa51c867ee8ed2458e198852ac1
tgp-impact:c3ef8fab1e144a99477c6fee2aeafb6f2deaa36720e2b47eb14e502784d77967,403802,2026-08-27,2026-09-02,2026-09-02,Station 534 (segment 534 BH),534,BH,TD2,Z1,STA 534,2026-08-31,EVENING,1909661,921721,987940,1909000,1645000,264000,0,723279,pre_event,normalized_name,monitor,unresolved,"No licensed regional basis observations or exact TGP leg-to-contract mapping are loaded. Henry Hub NG is a national benchmark, not direct evidence of this TGP event's price exposure.",https://www.cmegroup.com/markets/energy/natural-gas/natural-gas.html,"[""Future nominations and rerouting are not observed; the shortfall assumes the captured schedule is unchanged.""]","{""calculation"": ""max(0, baseline scheduled quantity - forecast operating capacity)"", ""capacity_artifact_id"": ""km_tgp_segment_capacity:1788198122755547000:8fdc5140c4927947e235a62aa64289aad62f3fa51c867ee8ed2458e198852ac1"", ""capacity_run_id"": ""d79f586d-160a-47d8-9546-69b566a24dbc"", ""capacity_source_age_hours_at_calculation"": 15.92, ""direction_mapping"": {""capacity"": ""TD2"", ""forecast"": ""BH"", ""method"": ""FH=operator default direction=TD1; BH=opposite direction=TD2"", ""operator_direction_notice_url"": ""https://pipeline2.kindermorgan.com/Notices/NoticeDetail.aspx?code=TGP&notc_nbr=363144"", ""operator_segment_map_url"": ""https://pipeline2.kindermorgan.com/Documents/TGP/TGP_Segment_-_Pin_Map-20260721125239.pdf""}, ""interpretation"": ""Conditional scheduled shortfall if the captured net schedule holds; not physical flow, curtailment, or a price prediction."", ""operator_capacity_caveat"": ""Flow Indicator (Flow Ind)\n\nTD1 - Flow in the direction as shown on the pipeline segment map.\n\nTD2 - Flow in the opposite direction shown on the pipeline segment map.\n\n1) Design Capacity generally reflects the physical capacity of a segment as determined by a capacity model utilizing current contractual receipt/delivery quantities and a reasonable set of engineering assumptions and parameters.\n2) Design Capacity may be updated periodically to reflect changes in contractual receipt/delivery patterns, paths that do not utilize the entire segment and/or capacity modeling parameters.\n3) Operationally Available Capacity may be updated throughout the day to account for changes including, but not limited to: netting of bidirectional nominations, partial segment path nominations, storage swing services, exchanges, facility outages, and imbalance management.\n4) Total Scheduled Quantity is the resulting scheduled volume after netting scheduled volumes in both flow directions.\u00a0 This quantity for each segment is displayed only in the resulting net physical flow direction of the segment.\u00a0 Opposite of the physical flow direction will display a quantity of zero although there could be volumes scheduled. For further explanation, contact your Scheduling Representative. \u00a0\u00a0\n5) The net Total Scheduled Quantity may result in a quantity different than Operating Capacity due to the confirmation process after scheduling.\n6) Operating Capacity may be different than Design Capacity based on the periodic, non-permanent anticipated or observed operational pipeline conditions including, but not limited to: higher or lower average thermal content of the gas, higher or lower pressure from interconnecting pipelines, on-going maintenance, etc.\n7) Operating Capacity may be greater than the Design Capacity of the segment to accommodate scheduling of services that contain rights to multiple, redundant firm transportation paths which can be served entirely or in part through an alternate physical path.\n8) The IT Indicator shows whether gas has been scheduled under any interruptible service."", ""report_artifact_id"": ""km_tgp_notice_detail:1788197456279496000:cc4e15187816ef531b2c0d32f54f0c4fc2731bd4f14670beb540a5551574d909""}",2026-08-31T17:42:15.945168Z,km_tgp_notice_detail:1788197456279496000:cc4e15187816ef531b2c0d32f54f0c4fc2731bd4f14670beb540a5551574d909,km_tgp_segment_capacity:1788198122755547000:8fdc5140c4927947e235a62aa64289aad62f3fa51c867ee8ed2458e198852ac1
tgp-impact:45ed5953f72b7f6b97ed0d4b8ed652cd8e85a9f6bc993e579d5f9d9969a79057,403802,2026-08-27,2026-09-05,2026-09-05,Station 110 (segment 187 BH) (south thru Kentucky),187,BH,TD2,Z2,STA 110 SOUTH,2026-08-31,EVENING,2278000,1851449,426551,2685000,2424000,261000,0,572551,pre_event,normalized_name,monitor,unresolved,"No licensed regional basis observations or exact TGP leg-to-contract mapping are loaded. Henry Hub NG is a national benchmark, not direct evidence of this TGP event's price exposure.",https://www.cmegroup.com/markets/energy/natural-gas/natural-gas.html,"[""Future nominations and rerouting are not observed; the shortfall assumes the captured schedule is unchanged.""]","{""calculation"": ""max(0, baseline scheduled quantity - forecast operating capacity)"", ""capacity_artifact_id"": ""km_tgp_segment_capacity:1788198122755547000:8fdc5140c4927947e235a62aa64289aad62f3fa51c867ee8ed2458e198852ac1"", ""capacity_run_id"": ""d79f586d-160a-47d8-9546-69b566a24dbc"", ""capacity_source_age_hours_at_calculation"": 15.92, ""direction_mapping"": {""capacity"": ""TD2"", ""forecast"": ""BH"", ""method"": ""FH=operator default direction=TD1; BH=opposite direction=TD2"", ""operator_direction_notice_url"": ""https://pipeline2.kindermorgan.com/Notices/NoticeDetail.aspx?code=TGP&notc_nbr=363144"", ""operator_segment_map_url"": ""https://pipeline2.kindermorgan.com/Documents/TGP/TGP_Segment_-_Pin_Map-20260721125239.pdf""}, ""interpretation"": ""Conditional scheduled shortfall if the captured net schedule holds; not physical flow, curtailment, or a price prediction."", ""operator_capacity_caveat"": ""Flow Indicator (Flow Ind)\n\nTD1 - Flow in the direction as shown on the pipeline segment map.\n\nTD2 - Flow in the opposite direction shown on the pipeline segment map.\n\n1) Design Capacity generally reflects the physical capacity of a segment as determined by a capacity model utilizing current contractual receipt/delivery quantities and a reasonable set of engineering assumptions and parameters.\n2) Design Capacity may be updated periodically to reflect changes in contractual receipt/delivery patterns, paths that do not utilize the entire segment and/or capacity modeling parameters.\n3) Operationally Available Capacity may be updated throughout the day to account for changes including, but not limited to: netting of bidirectional nominations, partial segment path nominations, storage swing services, exchanges, facility outages, and imbalance management.\n4) Total Scheduled Quantity is the resulting scheduled volume after netting scheduled volumes in both flow directions.\u00a0 This quantity for each segment is displayed only in the resulting net physical flow direction of the segment.\u00a0 Opposite of the physical flow direction will display a quantity of zero although there could be volumes scheduled. For further explanation, contact your Scheduling Representative. \u00a0\u00a0\n5) The net Total Scheduled Quantity may result in a quantity different than Operating Capacity due to the confirmation process after scheduling.\n6) Operating Capacity may be different than Design Capacity based on the periodic, non-permanent anticipated or observed operational pipeline conditions including, but not limited to: higher or lower average thermal content of the gas, higher or lower pressure from interconnecting pipelines, on-going maintenance, etc.\n7) Operating Capacity may be greater than the Design Capacity of the segment to accommodate scheduling of services that contain rights to multiple, redundant firm transportation paths which can be served entirely or in part through an alternate physical path.\n8) The IT Indicator shows whether gas has been scheduled under any interruptible service."", ""report_artifact_id"": ""km_tgp_notice_detail:1788197456279496000:cc4e15187816ef531b2c0d32f54f0c4fc2731bd4f14670beb540a5551574d909""}",2026-08-31T17:42:15.945168Z,km_tgp_notice_detail:1788197456279496000:cc4e15187816ef531b2c0d32f54f0c4fc2731bd4f14670beb540a5551574d909,km_tgp_segment_capacity:1788198122755547000:8fdc5140c4927947e235a62aa64289aad62f3fa51c867ee8ed2458e198852ac1
tgp-impact:7d8c21ffe9bdfd18638479e472c1b845c794a0ec9749bb68d92601f2eddf0e4b,403802,2026-08-27,2026-09-06,2026-09-06,Station 110 (segment 187 BH) (south thru Kentucky),187,BH,TD2,Z2,STA 110 SOUTH,2026-08-31,EVENING,2278000,1851449,426551,2685000,2424000,261000,0,572551,pre_event,normalized_name,monitor,unresolved,"No licensed regional basis observations or exact TGP leg-to-contract mapping are loaded. Henry Hub NG is a national benchmark, not direct evidence of this TGP event's price exposure.",https://www.cmegroup.com/markets/energy/natural-gas/natural-gas.html,"[""Future nominations and rerouting are not observed; the shortfall assumes the captured schedule is unchanged.""]","{""calculation"": ""max(0, baseline scheduled quantity - forecast operating capacity)"", ""capacity_artifact_id"": ""km_tgp_segment_capacity:1788198122755547000:8fdc5140c4927947e235a62aa64289aad62f3fa51c867ee8ed2458e198852ac1"", ""capacity_run_id"": ""d79f586d-160a-47d8-9546-69b566a24dbc"", ""capacity_source_age_hours_at_calculation"": 15.92, ""direction_mapping"": {""capacity"": ""TD2"", ""forecast"": ""BH"", ""method"": ""FH=operator default direction=TD1; BH=opposite direction=TD2"", ""operator_direction_notice_url"": ""https://pipeline2.kindermorgan.com/Notices/NoticeDetail.aspx?code=TGP&notc_nbr=363144"", ""operator_segment_map_url"": ""https://pipeline2.kindermorgan.com/Documents/TGP/TGP_Segment_-_Pin_Map-20260721125239.pdf""}, ""interpretation"": ""Conditional scheduled shortfall if the captured net schedule holds; not physical flow, curtailment, or a price prediction."", ""operator_capacity_caveat"": ""Flow Indicator (Flow Ind)\n\nTD1 - Flow in the direction as shown on the pipeline segment map.\n\nTD2 - Flow in the opposite direction shown on the pipeline segment map.\n\n1) Design Capacity generally reflects the physical capacity of a segment as determined by a capacity model utilizing current contractual receipt/delivery quantities and a reasonable set of engineering assumptions and parameters.\n2) Design Capacity may be updated periodically to reflect changes in contractual receipt/delivery patterns, paths that do not utilize the entire segment and/or capacity modeling parameters.\n3) Operationally Available Capacity may be updated throughout the day to account for changes including, but not limited to: netting of bidirectional nominations, partial segment path nominations, storage swing services, exchanges, facility outages, and imbalance management.\n4) Total Scheduled Quantity is the resulting scheduled volume after netting scheduled volumes in both flow directions.\u00a0 This quantity for each segment is displayed only in the resulting net physical flow direction of the segment.\u00a0 Opposite of the physical flow direction will display a quantity of zero although there could be volumes scheduled. For further explanation, contact your Scheduling Representative. \u00a0\u00a0\n5) The net Total Scheduled Quantity may result in a quantity different than Operating Capacity due to the confirmation process after scheduling.\n6) Operating Capacity may be different than Design Capacity based on the periodic, non-permanent anticipated or observed operational pipeline conditions including, but not limited to: higher or lower average thermal content of the gas, higher or lower pressure from interconnecting pipelines, on-going maintenance, etc.\n7) Operating Capacity may be greater than the Design Capacity of the segment to accommodate scheduling of services that contain rights to multiple, redundant firm transportation paths which can be served entirely or in part through an alternate physical path.\n8) The IT Indicator shows whether gas has been scheduled under any interruptible service."", ""report_artifact_id"": ""km_tgp_notice_detail:1788197456279496000:cc4e15187816ef531b2c0d32f54f0c4fc2731bd4f14670beb540a5551574d909""}",2026-08-31T17:42:15.945168Z,km_tgp_notice_detail:1788197456279496000:cc4e15187816ef531b2c0d32f54f0c4fc2731bd4f14670beb540a5551574d909,km_tgp_segment_capacity:1788198122755547000:8fdc5140c4927947e235a62aa64289aad62f3fa51c867ee8ed2458e198852ac1
tgp-impact:140e27a2969b8efcec1a1c503c5ee3ddb46eaf64cbcf5b8094552efbacde9bf5,403802,2026-08-27,2026-09-07,2026-09-13,Station 110 (segment 187 BH) (south thru Kentucky),187,BH,TD2,Z2,STA 110 SOUTH,2026-08-31,EVENING,2278000,1851449,426551,2685000,2424000,261000,0,572551,pre_event,normalized_name,monitor,unresolved,"No licensed regional basis observations or exact TGP leg-to-contract mapping are loaded. Henry Hub NG is a national benchmark, not direct evidence of this TGP event's price exposure.",https://www.cmegroup.com/markets/energy/natural-gas/natural-gas.html,"[""Future nominations and rerouting are not observed; the shortfall assumes the captured schedule is unchanged.""]","{""calculation"": ""max(0, baseline scheduled quantity - forecast operating capacity)"", ""capacity_artifact_id"": ""km_tgp_segment_capacity:1788198122755547000:8fdc5140c4927947e235a62aa64289aad62f3fa51c867ee8ed2458e198852ac1"", ""capacity_run_id"": ""d79f586d-160a-47d8-9546-69b566a24dbc"", ""capacity_source_age_hours_at_calculation"": 15.92, ""direction_mapping"": {""capacity"": ""TD2"", ""forecast"": ""BH"", ""method"": ""FH=operator default direction=TD1; BH=opposite direction=TD2"", ""operator_direction_notice_url"": ""https://pipeline2.kindermorgan.com/Notices/NoticeDetail.aspx?code=TGP&notc_nbr=363144"", ""operator_segment_map_url"": ""https://pipeline2.kindermorgan.com/Documents/TGP/TGP_Segment_-_Pin_Map-20260721125239.pdf""}, ""interpretation"": ""Conditional scheduled shortfall if the captured net schedule holds; not physical flow, curtailment, or a price prediction."", ""operator_capacity_caveat"": ""Flow Indicator (Flow Ind)\n\nTD1 - Flow in the direction as shown on the pipeline segment map.\n\nTD2 - Flow in the opposite direction shown on the pipeline segment map.\n\n1) Design Capacity generally reflects the physical capacity of a segment as determined by a capacity model utilizing current contractual receipt/delivery quantities and a reasonable set of engineering assumptions and parameters.\n2) Design Capacity may be updated periodically to reflect changes in contractual receipt/delivery patterns, paths that do not utilize the entire segment and/or capacity modeling parameters.\n3) Operationally Available Capacity may be updated throughout the day to account for changes including, but not limited to: netting of bidirectional nominations, partial segment path nominations, storage swing services, exchanges, facility outages, and imbalance management.\n4) Total Scheduled Quantity is the resulting scheduled volume after netting scheduled volumes in both flow directions.\u00a0 This quantity for each segment is displayed only in the resulting net physical flow direction of the segment.\u00a0 Opposite of the physical flow direction will display a quantity of zero although there could be volumes scheduled. For further explanation, contact your Scheduling Representative. \u00a0\u00a0\n5) The net Total Scheduled Quantity may result in a quantity different than Operating Capacity due to the confirmation process after scheduling.\n6) Operating Capacity may be different than Design Capacity based on the periodic, non-permanent anticipated or observed operational pipeline conditions including, but not limited to: higher or lower average thermal content of the gas, higher or lower pressure from interconnecting pipelines, on-going maintenance, etc.\n7) Operating Capacity may be greater than the Design Capacity of the segment to accommodate scheduling of services that contain rights to multiple, redundant firm transportation paths which can be served entirely or in part through an alternate physical path.\n8) The IT Indicator shows whether gas has been scheduled under any interruptible service."", ""report_artifact_id"": ""km_tgp_notice_detail:1788197456279496000:cc4e15187816ef531b2c0d32f54f0c4fc2731bd4f14670beb540a5551574d909""}",2026-08-31T17:42:15.945168Z,km_tgp_notice_detail:1788197456279496000:cc4e15187816ef531b2c0d32f54f0c4fc2731bd4f14670beb540a5551574d909,km_tgp_segment_capacity:1788198122755547000:8fdc5140c4927947e235a62aa64289aad62f3fa51c867ee8ed2458e198852ac1
tgp-impact:9fb3c12d6f1b077c5651225ec4db4b3f20e1d7b7115a7e150386cdad8cbf6f37,403802,2026-08-27,2026-10-19,2026-10-25,Station 110 (segment 187 BH) (south thru Kentucky),187,BH,TD2,Z2,STA 110 SOUTH,2026-08-31,EVENING,2278000,1851449,426551,2685000,2428000,257000,0,576551,pre_event,normalized_name,monitor,unresolved,"No licensed regional basis observations or exact TGP leg-to-contract mapping are loaded. Henry Hub NG is a national benchmark, not direct evidence of this TGP event's price exposure.",https://www.cmegroup.com/markets/energy/natural-gas/natural-gas.html,"[""Future nominations and rerouting are not observed; the shortfall assumes the captured schedule is unchanged.""]","{""calculation"": ""max(0, baseline scheduled quantity - forecast operating capacity)"", ""capacity_artifact_id"": ""km_tgp_segment_capacity:1788198122755547000:8fdc5140c4927947e235a62aa64289aad62f3fa51c867ee8ed2458e198852ac1"", ""capacity_run_id"": ""d79f586d-160a-47d8-9546-69b566a24dbc"", ""capacity_source_age_hours_at_calculation"": 15.92, ""direction_mapping"": {""capacity"": ""TD2"", ""forecast"": ""BH"", ""method"": ""FH=operator default direction=TD1; BH=opposite direction=TD2"", ""operator_direction_notice_url"": ""https://pipeline2.kindermorgan.com/Notices/NoticeDetail.aspx?code=TGP&notc_nbr=363144"", ""operator_segment_map_url"": ""https://pipeline2.kindermorgan.com/Documents/TGP/TGP_Segment_-_Pin_Map-20260721125239.pdf""}, ""interpretation"": ""Conditional scheduled shortfall if the captured net schedule holds; not physical flow, curtailment, or a price prediction."", ""operator_capacity_caveat"": ""Flow Indicator (Flow Ind)\n\nTD1 - Flow in the direction as shown on the pipeline segment map.\n\nTD2 - Flow in the opposite direction shown on the pipeline segment map.\n\n1) Design Capacity generally reflects the physical capacity of a segment as determined by a capacity model utilizing current contractual receipt/delivery quantities and a reasonable set of engineering assumptions and parameters.\n2) Design Capacity may be updated periodically to reflect changes in contractual receipt/delivery patterns, paths that do not utilize the entire segment and/or capacity modeling parameters.\n3) Operationally Available Capacity may be updated throughout the day to account for changes including, but not limited to: netting of bidirectional nominations, partial segment path nominations, storage swing services, exchanges, facility outages, and imbalance management.\n4) Total Scheduled Quantity is the resulting scheduled volume after netting scheduled volumes in both flow directions.\u00a0 This quantity for each segment is displayed only in the resulting net physical flow direction of the segment.\u00a0 Opposite of the physical flow direction will display a quantity of zero although there could be volumes scheduled. For further explanation, contact your Scheduling Representative. \u00a0\u00a0\n5) The net Total Scheduled Quantity may result in a quantity different than Operating Capacity due to the confirmation process after scheduling.\n6) Operating Capacity may be different than Design Capacity based on the periodic, non-permanent anticipated or observed operational pipeline conditions including, but not limited to: higher or lower average thermal content of the gas, higher or lower pressure from interconnecting pipelines, on-going maintenance, etc.\n7) Operating Capacity may be greater than the Design Capacity of the segment to accommodate scheduling of services that contain rights to multiple, redundant firm transportation paths which can be served entirely or in part through an alternate physical path.\n8) The IT Indicator shows whether gas has been scheduled under any interruptible service."", ""report_artifact_id"": ""km_tgp_notice_detail:1788197456279496000:cc4e15187816ef531b2c0d32f54f0c4fc2731bd4f14670beb540a5551574d909""}",2026-08-31T17:42:15.945168Z,km_tgp_notice_detail:1788197456279496000:cc4e15187816ef531b2c0d32f54f0c4fc2731bd4f14670beb540a5551574d909,km_tgp_segment_capacity:1788198122755547000:8fdc5140c4927947e235a62aa64289aad62f3fa51c867ee8ed2458e198852ac1
tgp-impact:0633ea0a77e6689a6f40cde68413d24955f3939a70785e651ee808aeb97717e3,403802,2026-08-27,2026-08-31,2026-08-31,MLV 324 (segment 324 FH),324,FH,TD1,Z5,MLV 324,2026-08-31,EVENING,1515000,1042500,472500,1767000,1515000,252000,0,472500,same_day,normalized_name,monitor,unresolved,"No licensed regional basis observations or exact TGP leg-to-contract mapping are loaded. Henry Hub NG is a national benchmark, not direct evidence of this TGP event's price exposure.",https://www.cmegroup.com/markets/energy/natural-gas/natural-gas.html,"[""Future nominations and rerouting are not observed; the shortfall assumes the captured schedule is unchanged.""]","{""calculation"": ""max(0, baseline scheduled quantity - forecast operating capacity)"", ""capacity_artifact_id"": ""km_tgp_segment_capacity:1788198122755547000:8fdc5140c4927947e235a62aa64289aad62f3fa51c867ee8ed2458e198852ac1"", ""capacity_run_id"": ""d79f586d-160a-47d8-9546-69b566a24dbc"", ""capacity_source_age_hours_at_calculation"": 15.92, ""direction_mapping"": {""capacity"": ""TD1"", ""forecast"": ""FH"", ""method"": ""FH=operator default direction=TD1; BH=opposite direction=TD2"", ""operator_direction_notice_url"": ""https://pipeline2.kindermorgan.com/Notices/NoticeDetail.aspx?code=TGP&notc_nbr=363144"", ""operator_segment_map_url"": ""https://pipeline2.kindermorgan.com/Documents/TGP/TGP_Segment_-_Pin_Map-20260721125239.pdf""}, ""interpretation"": ""Conditional scheduled shortfall if the captured net schedule holds; not physical flow, curtailment, or a price prediction."", ""operator_capacity_caveat"": ""Flow Indicator (Flow Ind)\n\nTD1 - Flow in the direction as shown on the pipeline segment map.\n\nTD2 - Flow in the opposite direction shown on the pipeline segment map.\n\n1) Design Capacity generally reflects the physical capacity of a segment as determined by a capacity model utilizing current contractual receipt/delivery quantities and a reasonable set of engineering assumptions and parameters.\n2) Design Capacity may be updated periodically to reflect changes in contractual receipt/delivery patterns, paths that do not utilize the entire segment and/or capacity modeling parameters.\n3) Operationally Available Capacity may be updated throughout the day to account for changes including, but not limited to: netting of bidirectional nominations, partial segment path nominations, storage swing services, exchanges, facility outages, and imbalance management.\n4) Total Scheduled Quantity is the resulting scheduled volume after netting scheduled volumes in both flow directions.\u00a0 This quantity for each segment is displayed only in the resulting net physical flow direction of the segment.\u00a0 Opposite of the physical flow direction will display a quantity of zero although there could be volumes scheduled. For further explanation, contact your Scheduling Representative. \u00a0\u00a0\n5) The net Total Scheduled Quantity may result in a quantity different than Operating Capacity due to the confirmation process after scheduling.\n6) Operating Capacity may be different than Design Capacity based on the periodic, non-permanent anticipated or observed operational pipeline conditions including, but not limited to: higher or lower average thermal content of the gas, higher or lower pressure from interconnecting pipelines, on-going maintenance, etc.\n7) Operating Capacity may be greater than the Design Capacity of the segment to accommodate scheduling of services that contain rights to multiple, redundant firm transportation paths which can be served entirely or in part through an alternate physical path.\n8) The IT Indicator shows whether gas has been scheduled under any interruptible service."", ""report_artifact_id"": ""km_tgp_notice_detail:1788197456279496000:cc4e15187816ef531b2c0d32f54f0c4fc2731bd4f14670beb540a5551574d909""}",2026-08-31T17:42:15.945168Z,km_tgp_notice_detail:1788197456279496000:cc4e15187816ef531b2c0d32f54f0c4fc2731bd4f14670beb540a5551574d909,km_tgp_segment_capacity:1788198122755547000:8fdc5140c4927947e235a62aa64289aad62f3fa51c867ee8ed2458e198852ac1
tgp-impact:31db79d630711a7c5c359709f3e8bcdd0780a6a434ad5e9ecba6e074cde59dbc,403802,2026-08-27,2026-09-01,2026-09-01,MLV 324 (segment 324 FH),324,FH,TD1,Z5,MLV 324,2026-08-31,EVENING,1515000,1042500,472500,1767000,1515000,252000,0,472500,pre_event,normalized_name,monitor,unresolved,"No licensed regional basis observations or exact TGP leg-to-contract mapping are loaded. Henry Hub NG is a national benchmark, not direct evidence of this TGP event's price exposure.",https://www.cmegroup.com/markets/energy/natural-gas/natural-gas.html,"[""Future nominations and rerouting are not observed; the shortfall assumes the captured schedule is unchanged.""]","{""calculation"": ""max(0, baseline scheduled quantity - forecast operating capacity)"", ""capacity_artifact_id"": ""km_tgp_segment_capacity:1788198122755547000:8fdc5140c4927947e235a62aa64289aad62f3fa51c867ee8ed2458e198852ac1"", ""capacity_run_id"": ""d79f586d-160a-47d8-9546-69b566a24dbc"", ""capacity_source_age_hours_at_calculation"": 15.92, ""direction_mapping"": {""capacity"": ""TD1"", ""forecast"": ""FH"", ""method"": ""FH=operator default direction=TD1; BH=opposite direction=TD2"", ""operator_direction_notice_url"": ""https://pipeline2.kindermorgan.com/Notices/NoticeDetail.aspx?code=TGP&notc_nbr=363144"", ""operator_segment_map_url"": ""https://pipeline2.kindermorgan.com/Documents/TGP/TGP_Segment_-_Pin_Map-20260721125239.pdf""}, ""interpretation"": ""Conditional scheduled shortfall if the captured net schedule holds; not physical flow, curtailment, or a price prediction."", ""operator_capacity_caveat"": ""Flow Indicator (Flow Ind)\n\nTD1 - Flow in the direction as shown on the pipeline segment map.\n\nTD2 - Flow in the opposite direction shown on the pipeline segment map.\n\n1) Design Capacity generally reflects the physical capacity of a segment as determined by a capacity model utilizing current contractual receipt/delivery quantities and a reasonable set of engineering assumptions and parameters.\n2) Design Capacity may be updated periodically to reflect changes in contractual receipt/delivery patterns, paths that do not utilize the entire segment and/or capacity modeling parameters.\n3) Operationally Available Capacity may be updated throughout the day to account for changes including, but not limited to: netting of bidirectional nominations, partial segment path nominations, storage swing services, exchanges, facility outages, and imbalance management.\n4) Total Scheduled Quantity is the resulting scheduled volume after netting scheduled volumes in both flow directions.\u00a0 This quantity for each segment is displayed only in the resulting net physical flow direction of the segment.\u00a0 Opposite of the physical flow direction will display a quantity of zero although there could be volumes scheduled. For further explanation, contact your Scheduling Representative. \u00a0\u00a0\n5) The net Total Scheduled Quantity may result in a quantity different than Operating Capacity due to the confirmation process after scheduling.\n6) Operating Capacity may be different than Design Capacity based on the periodic, non-permanent anticipated or observed operational pipeline conditions including, but not limited to: higher or lower average thermal content of the gas, higher or lower pressure from interconnecting pipelines, on-going maintenance, etc.\n7) Operating Capacity may be greater than the Design Capacity of the segment to accommodate scheduling of services that contain rights to multiple, redundant firm transportation paths which can be served entirely or in part through an alternate physical path.\n8) The IT Indicator shows whether gas has been scheduled under any interruptible service."", ""report_artifact_id"": ""km_tgp_notice_detail:1788197456279496000:cc4e15187816ef531b2c0d32f54f0c4fc2731bd4f14670beb540a5551574d909""}",2026-08-31T17:42:15.945168Z,km_tgp_notice_detail:1788197456279496000:cc4e15187816ef531b2c0d32f54f0c4fc2731bd4f14670beb540a5551574d909,km_tgp_segment_capacity:1788198122755547000:8fdc5140c4927947e235a62aa64289aad62f3fa51c867ee8ed2458e198852ac1
tgp-impact:3b1a44bc1058771300388545ab3d731af37508a715aeb07e6edbecaf63ace26c,403802,2026-08-27,2026-09-02,2026-09-02,MLV 324 (segment 324 FH),324,FH,TD1,Z5,MLV 324,2026-08-31,EVENING,1515000,1042500,472500,1767000,1515000,252000,0,472500,pre_event,normalized_name,monitor,unresolved,"No licensed regional basis observations or exact TGP leg-to-contract mapping are loaded. Henry Hub NG is a national benchmark, not direct evidence of this TGP event's price exposure.",https://www.cmegroup.com/markets/energy/natural-gas/natural-gas.html,"[""Future nominations and rerouting are not observed; the shortfall assumes the captured schedule is unchanged.""]","{""calculation"": ""max(0, baseline scheduled quantity - forecast operating capacity)"", ""capacity_artifact_id"": ""km_tgp_segment_capacity:1788198122755547000:8fdc5140c4927947e235a62aa64289aad62f3fa51c867ee8ed2458e198852ac1"", ""capacity_run_id"": ""d79f586d-160a-47d8-9546-69b566a24dbc"", ""capacity_source_age_hours_at_calculation"": 15.92, ""direction_mapping"": {""capacity"": ""TD1"", ""forecast"": ""FH"", ""method"": ""FH=operator default direction=TD1; BH=opposite direction=TD2"", ""operator_direction_notice_url"": ""https://pipeline2.kindermorgan.com/Notices/NoticeDetail.aspx?code=TGP&notc_nbr=363144"", ""operator_segment_map_url"": ""https://pipeline2.kindermorgan.com/Documents/TGP/TGP_Segment_-_Pin_Map-20260721125239.pdf""}, ""interpretation"": ""Conditional scheduled shortfall if the captured net schedule holds; not physical flow, curtailment, or a price prediction."", ""operator_capacity_caveat"": ""Flow Indicator (Flow Ind)\n\nTD1 - Flow in the direction as shown on the pipeline segment map.\n\nTD2 - Flow in the opposite direction shown on the pipeline segment map.\n\n1) Design Capacity generally reflects the physical capacity of a segment as determined by a capacity model utilizing current contractual receipt/delivery quantities and a reasonable set of engineering assumptions and parameters.\n2) Design Capacity may be updated periodically to reflect changes in contractual receipt/delivery patterns, paths that do not utilize the entire segment and/or capacity modeling parameters.\n3) Operationally Available Capacity may be updated throughout the day to account for changes including, but not limited to: netting of bidirectional nominations, partial segment path nominations, storage swing services, exchanges, facility outages, and imbalance management.\n4) Total Scheduled Quantity is the resulting scheduled volume after netting scheduled volumes in both flow directions.\u00a0 This quantity for each segment is displayed only in the resulting net physical flow direction of the segment.\u00a0 Opposite of the physical flow direction will display a quantity of zero although there could be volumes scheduled. For further explanation, contact your Scheduling Representative. \u00a0\u00a0\n5) The net Total Scheduled Quantity may result in a quantity different than Operating Capacity due to the confirmation process after scheduling.\n6) Operating Capacity may be different than Design Capacity based on the periodic, non-permanent anticipated or observed operational pipeline conditions including, but not limited to: higher or lower average thermal content of the gas, higher or lower pressure from interconnecting pipelines, on-going maintenance, etc.\n7) Operating Capacity may be greater than the Design Capacity of the segment to accommodate scheduling of services that contain rights to multiple, redundant firm transportation paths which can be served entirely or in part through an alternate physical path.\n8) The IT Indicator shows whether gas has been scheduled under any interruptible service."", ""report_artifact_id"": ""km_tgp_notice_detail:1788197456279496000:cc4e15187816ef531b2c0d32f54f0c4fc2731bd4f14670beb540a5551574d909""}",2026-08-31T17:42:15.945168Z,km_tgp_notice_detail:1788197456279496000:cc4e15187816ef531b2c0d32f54f0c4fc2731bd4f14670beb540a5551574d909,km_tgp_segment_capacity:1788198122755547000:8fdc5140c4927947e235a62aa64289aad62f3fa51c867ee8ed2458e198852ac1
tgp-impact:26901c9096fba994af625073ba306c4241f39797969932f66c2509b35dc417ff,403802,2026-08-27,2026-09-03,2026-09-03,MLV 324 (segment 324 FH),324,FH,TD1,Z5,MLV 324,2026-08-31,EVENING,1515000,1042500,472500,1767000,1515000,252000,0,472500,pre_event,normalized_name,monitor,unresolved,"No licensed regional basis observations or exact TGP leg-to-contract mapping are loaded. Henry Hub NG is a national benchmark, not direct evidence of this TGP event's price exposure.",https://www.cmegroup.com/markets/energy/natural-gas/natural-gas.html,"[""Future nominations and rerouting are not observed; the shortfall assumes the captured schedule is unchanged.""]","{""calculation"": ""max(0, baseline scheduled quantity - forecast operating capacity)"", ""capacity_artifact_id"": ""km_tgp_segment_capacity:1788198122755547000:8fdc5140c4927947e235a62aa64289aad62f3fa51c867ee8ed2458e198852ac1"", ""capacity_run_id"": ""d79f586d-160a-47d8-9546-69b566a24dbc"", ""capacity_source_age_hours_at_calculation"": 15.92, ""direction_mapping"": {""capacity"": ""TD1"", ""forecast"": ""FH"", ""method"": ""FH=operator default direction=TD1; BH=opposite direction=TD2"", ""operator_direction_notice_url"": ""https://pipeline2.kindermorgan.com/Notices/NoticeDetail.aspx?code=TGP&notc_nbr=363144"", ""operator_segment_map_url"": ""https://pipeline2.kindermorgan.com/Documents/TGP/TGP_Segment_-_Pin_Map-20260721125239.pdf""}, ""interpretation"": ""Conditional scheduled shortfall if the captured net schedule holds; not physical flow, curtailment, or a price prediction."", ""operator_capacity_caveat"": ""Flow Indicator (Flow Ind)\n\nTD1 - Flow in the direction as shown on the pipeline segment map.\n\nTD2 - Flow in the opposite direction shown on the pipeline segment map.\n\n1) Design Capacity generally reflects the physical capacity of a segment as determined by a capacity model utilizing current contractual receipt/delivery quantities and a reasonable set of engineering assumptions and parameters.\n2) Design Capacity may be updated periodically to reflect changes in contractual receipt/delivery patterns, paths that do not utilize the entire segment and/or capacity modeling parameters.\n3) Operationally Available Capacity may be updated throughout the day to account for changes including, but not limited to: netting of bidirectional nominations, partial segment path nominations, storage swing services, exchanges, facility outages, and imbalance management.\n4) Total Scheduled Quantity is the resulting scheduled volume after netting scheduled volumes in both flow directions.\u00a0 This quantity for each segment is displayed only in the resulting net physical flow direction of the segment.\u00a0 Opposite of the physical flow direction will display a quantity of zero although there could be volumes scheduled. For further explanation, contact your Scheduling Representative. \u00a0\u00a0\n5) The net Total Scheduled Quantity may result in a quantity different than Operating Capacity due to the confirmation process after scheduling.\n6) Operating Capacity may be different than Design Capacity based on the periodic, non-permanent anticipated or observed operational pipeline conditions including, but not limited to: higher or lower average thermal content of the gas, higher or lower pressure from interconnecting pipelines, on-going maintenance, etc.\n7) Operating Capacity may be greater than the Design Capacity of the segment to accommodate scheduling of services that contain rights to multiple, redundant firm transportation paths which can be served entirely or in part through an alternate physical path.\n8) The IT Indicator shows whether gas has been scheduled under any interruptible service."", ""report_artifact_id"": ""km_tgp_notice_detail:1788197456279496000:cc4e15187816ef531b2c0d32f54f0c4fc2731bd4f14670beb540a5551574d909""}",2026-08-31T17:42:15.945168Z,km_tgp_notice_detail:1788197456279496000:cc4e15187816ef531b2c0d32f54f0c4fc2731bd4f14670beb540a5551574d909,km_tgp_segment_capacity:1788198122755547000:8fdc5140c4927947e235a62aa64289aad62f3fa51c867ee8ed2458e198852ac1
tgp-impact:077648f60f1aabef3992ebf4144382a7248a64f7c1aecbe7c51602a86e63d88a,403802,2026-08-27,2026-09-04,2026-09-04,MLV 324 (segment 324 FH),324,FH,TD1,Z5,MLV 324,2026-08-31,EVENING,1515000,1042500,472500,1767000,1515000,252000,0,472500,pre_event,normalized_name,monitor,unresolved,"No licensed regional basis observations or exact TGP leg-to-contract mapping are loaded. Henry Hub NG is a national benchmark, not direct evidence of this TGP event's price exposure.",https://www.cmegroup.com/markets/energy/natural-gas/natural-gas.html,"[""Future nominations and rerouting are not observed; the shortfall assumes the captured schedule is unchanged.""]","{""calculation"": ""max(0, baseline scheduled quantity - forecast operating capacity)"", ""capacity_artifact_id"": ""km_tgp_segment_capacity:1788198122755547000:8fdc5140c4927947e235a62aa64289aad62f3fa51c867ee8ed2458e198852ac1"", ""capacity_run_id"": ""d79f586d-160a-47d8-9546-69b566a24dbc"", ""capacity_source_age_hours_at_calculation"": 15.92, ""direction_mapping"": {""capacity"": ""TD1"", ""forecast"": ""FH"", ""method"": ""FH=operator default direction=TD1; BH=opposite direction=TD2"", ""operator_direction_notice_url"": ""https://pipeline2.kindermorgan.com/Notices/NoticeDetail.aspx?code=TGP&notc_nbr=363144"", ""operator_segment_map_url"": ""https://pipeline2.kindermorgan.com/Documents/TGP/TGP_Segment_-_Pin_Map-20260721125239.pdf""}, ""interpretation"": ""Conditional scheduled shortfall if the captured net schedule holds; not physical flow, curtailment, or a price prediction."", ""operator_capacity_caveat"": ""Flow Indicator (Flow Ind)\n\nTD1 - Flow in the direction as shown on the pipeline segment map.\n\nTD2 - Flow in the opposite direction shown on the pipeline segment map.\n\n1) Design Capacity generally reflects the physical capacity of a segment as determined by a capacity model utilizing current contractual receipt/delivery quantities and a reasonable set of engineering assumptions and parameters.\n2) Design Capacity may be updated periodically to reflect changes in contractual receipt/delivery patterns, paths that do not utilize the entire segment and/or capacity modeling parameters.\n3) Operationally Available Capacity may be updated throughout the day to account for changes including, but not limited to: netting of bidirectional nominations, partial segment path nominations, storage swing services, exchanges, facility outages, and imbalance management.\n4) Total Scheduled Quantity is the resulting scheduled volume after netting scheduled volumes in both flow directions.\u00a0 This quantity for each segment is displayed only in the resulting net physical flow direction of the segment.\u00a0 Opposite of the physical flow direction will display a quantity of zero although there could be volumes scheduled. For further explanation, contact your Scheduling Representative. \u00a0\u00a0\n5) The net Total Scheduled Quantity may result in a quantity different than Operating Capacity due to the confirmation process after scheduling.\n6) Operating Capacity may be different than Design Capacity based on the periodic, non-permanent anticipated or observed operational pipeline conditions including, but not limited to: higher or lower average thermal content of the gas, higher or lower pressure from interconnecting pipelines, on-going maintenance, etc.\n7) Operating Capacity may be greater than the Design Capacity of the segment to accommodate scheduling of services that contain rights to multiple, redundant firm transportation paths which can be served entirely or in part through an alternate physical path.\n8) The IT Indicator shows whether gas has been scheduled under any interruptible service."", ""report_artifact_id"": ""km_tgp_notice_detail:1788197456279496000:cc4e15187816ef531b2c0d32f54f0c4fc2731bd4f14670beb540a5551574d909""}",2026-08-31T17:42:15.945168Z,km_tgp_notice_detail:1788197456279496000:cc4e15187816ef531b2c0d32f54f0c4fc2731bd4f14670beb540a5551574d909,km_tgp_segment_capacity:1788198122755547000:8fdc5140c4927947e235a62aa64289aad62f3fa51c867ee8ed2458e198852ac1
tgp-impact:d69cc04dd824a1c062870dcb10a993dae8b99de77e4913a5d8b211c2414915e2,403802,2026-08-27,2026-09-05,2026-09-05,MLV 324 (segment 324 FH),324,FH,TD1,Z5,MLV 324,2026-08-31,EVENING,1515000,1042500,472500,1767000,1515000,252000,0,472500,pre_event,normalized_name,monitor,unresolved,"No licensed regional basis observations or exact TGP leg-to-contract mapping are loaded. Henry Hub NG is a national benchmark, not direct evidence of this TGP event's price exposure.",https://www.cmegroup.com/markets/energy/natural-gas/natural-gas.html,"[""Future nominations and rerouting are not observed; the shortfall assumes the captured schedule is unchanged.""]","{""calculation"": ""max(0, baseline scheduled quantity - forecast operating capacity)"", ""capacity_artifact_id"": ""km_tgp_segment_capacity:1788198122755547000:8fdc5140c4927947e235a62aa64289aad62f3fa51c867ee8ed2458e198852ac1"", ""capacity_run_id"": ""d79f586d-160a-47d8-9546-69b566a24dbc"", ""capacity_source_age_hours_at_calculation"": 15.92, ""direction_mapping"": {""capacity"": ""TD1"", ""forecast"": ""FH"", ""method"": ""FH=operator default direction=TD1; BH=opposite direction=TD2"", ""operator_direction_notice_url"": ""https://pipeline2.kindermorgan.com/Notices/NoticeDetail.aspx?code=TGP&notc_nbr=363144"", ""operator_segment_map_url"": ""https://pipeline2.kindermorgan.com/Documents/TGP/TGP_Segment_-_Pin_Map-20260721125239.pdf""}, ""interpretation"": ""Conditional scheduled shortfall if the captured net schedule holds; not physical flow, curtailment, or a price prediction."", ""operator_capacity_caveat"": ""Flow Indicator (Flow Ind)\n\nTD1 - Flow in the direction as shown on the pipeline segment map.\n\nTD2 - Flow in the opposite direction shown on the pipeline segment map.\n\n1) Design Capacity generally reflects the physical capacity of a segment as determined by a capacity model utilizing current contractual receipt/delivery quantities and a reasonable set of engineering assumptions and parameters.\n2) Design Capacity may be updated periodically to reflect changes in contractual receipt/delivery patterns, paths that do not utilize the entire segment and/or capacity modeling parameters.\n3) Operationally Available Capacity may be updated throughout the day to account for changes including, but not limited to: netting of bidirectional nominations, partial segment path nominations, storage swing services, exchanges, facility outages, and imbalance management.\n4) Total Scheduled Quantity is the resulting scheduled volume after netting scheduled volumes in both flow directions.\u00a0 This quantity for each segment is displayed only in the resulting net physical flow direction of the segment.\u00a0 Opposite of the physical flow direction will display a quantity of zero although there could be volumes scheduled. For further explanation, contact your Scheduling Representative. \u00a0\u00a0\n5) The net Total Scheduled Quantity may result in a quantity different than Operating Capacity due to the confirmation process after scheduling.\n6) Operating Capacity may be different than Design Capacity based on the periodic, non-permanent anticipated or observed operational pipeline conditions including, but not limited to: higher or lower average thermal content of the gas, higher or lower pressure from interconnecting pipelines, on-going maintenance, etc.\n7) Operating Capacity may be greater than the Design Capacity of the segment to accommodate scheduling of services that contain rights to multiple, redundant firm transportation paths which can be served entirely or in part through an alternate physical path.\n8) The IT Indicator shows whether gas has been scheduled under any interruptible service."", ""report_artifact_id"": ""km_tgp_notice_detail:1788197456279496000:cc4e15187816ef531b2c0d32f54f0c4fc2731bd4f14670beb540a5551574d909""}",2026-08-31T17:42:15.945168Z,km_tgp_notice_detail:1788197456279496000:cc4e15187816ef531b2c0d32f54f0c4fc2731bd4f14670beb540a5551574d909,km_tgp_segment_capacity:1788198122755547000:8fdc5140c4927947e235a62aa64289aad62f3fa51c867ee8ed2458e198852ac1
tgp-impact:f48c131b02f2468eb3f74ad7aa7f4e02b600993a9dbb99fb203e82f3c173762b,403802,2026-08-27,2026-10-19,2026-10-25,MLV 329 (segment 324 FH),324,FH,TD1,Z5,MLV 329,2026-08-31,EVENING,846278,491508,354770,846000,630000,216000,0,138492,pre_event,normalized_name,monitor,unresolved,"No licensed regional basis observations or exact TGP leg-to-contract mapping are loaded. Henry Hub NG is a national benchmark, not direct evidence of this TGP event's price exposure.",https://www.cmegroup.com/markets/energy/natural-gas/natural-gas.html,"[""Future nominations and rerouting are not observed; the shortfall assumes the captured schedule is unchanged.""]","{""calculation"": ""max(0, baseline scheduled quantity - forecast operating capacity)"", ""capacity_artifact_id"": ""km_tgp_segment_capacity:1788198122755547000:8fdc5140c4927947e235a62aa64289aad62f3fa51c867ee8ed2458e198852ac1"", ""capacity_run_id"": ""d79f586d-160a-47d8-9546-69b566a24dbc"", ""capacity_source_age_hours_at_calculation"": 15.92, ""direction_mapping"": {""capacity"": ""TD1"", ""forecast"": ""FH"", ""method"": ""FH=operator default direction=TD1; BH=opposite direction=TD2"", ""operator_direction_notice_url"": ""https://pipeline2.kindermorgan.com/Notices/NoticeDetail.aspx?code=TGP&notc_nbr=363144"", ""operator_segment_map_url"": ""https://pipeline2.kindermorgan.com/Documents/TGP/TGP_Segment_-_Pin_Map-20260721125239.pdf""}, ""interpretation"": ""Conditional scheduled shortfall if the captured net schedule holds; not physical flow, curtailment, or a price prediction."", ""operator_capacity_caveat"": ""Flow Indicator (Flow Ind)\n\nTD1 - Flow in the direction as shown on the pipeline segment map.\n\nTD2 - Flow in the opposite direction shown on the pipeline segment map.\n\n1) Design Capacity generally reflects the physical capacity of a segment as determined by a capacity model utilizing current contractual receipt/delivery quantities and a reasonable set of engineering assumptions and parameters.\n2) Design Capacity may be updated periodically to reflect changes in contractual receipt/delivery patterns, paths that do not utilize the entire segment and/or capacity modeling parameters.\n3) Operationally Available Capacity may be updated throughout the day to account for changes including, but not limited to: netting of bidirectional nominations, partial segment path nominations, storage swing services, exchanges, facility outages, and imbalance management.\n4) Total Scheduled Quantity is the resulting scheduled volume after netting scheduled volumes in both flow directions.\u00a0 This quantity for each segment is displayed only in the resulting net physical flow direction of the segment.\u00a0 Opposite of the physical flow direction will display a quantity of zero although there could be volumes scheduled. For further explanation, contact your Scheduling Representative. \u00a0\u00a0\n5) The net Total Scheduled Quantity may result in a quantity different than Operating Capacity due to the confirmation process after scheduling.\n6) Operating Capacity may be different than Design Capacity based on the periodic, non-permanent anticipated or observed operational pipeline conditions including, but not limited to: higher or lower average thermal content of the gas, higher or lower pressure from interconnecting pipelines, on-going maintenance, etc.\n7) Operating Capacity may be greater than the Design Capacity of the segment to accommodate scheduling of services that contain rights to multiple, redundant firm transportation paths which can be served entirely or in part through an alternate physical path.\n8) The IT Indicator shows whether gas has been scheduled under any interruptible service."", ""report_artifact_id"": ""km_tgp_notice_detail:1788197456279496000:cc4e15187816ef531b2c0d32f54f0c4fc2731bd4f14670beb540a5551574d909""}",2026-08-31T17:42:15.945168Z,km_tgp_notice_detail:1788197456279496000:cc4e15187816ef531b2c0d32f54f0c4fc2731bd4f14670beb540a5551574d909,km_tgp_segment_capacity:1788198122755547000:8fdc5140c4927947e235a62aa64289aad62f3fa51c867ee8ed2458e198852ac1
tgp-impact:b1ece9152c6e8396903a72b17ea8c54e5807a84fe1bb475fab037eca630e602d,403802,2026-08-27,2026-09-07,2026-09-13,Station 9 (segment 109 BH),109,BH,TD2,Z0,STA 9,2026-08-31,EVENING,970000,515828,454172,1027000,835000,192000,0,319172,pre_event,normalized_name,monitor,unresolved,"No licensed regional basis observations or exact TGP leg-to-contract mapping are loaded. Henry Hub NG is a national benchmark, not direct evidence of this TGP event's price exposure.",https://www.cmegroup.com/markets/energy/natural-gas/natural-gas.html,"[""Future nominations and rerouting are not observed; the shortfall assumes the captured schedule is unchanged.""]","{""calculation"": ""max(0, baseline scheduled quantity - forecast operating capacity)"", ""capacity_artifact_id"": ""km_tgp_segment_capacity:1788198122755547000:8fdc5140c4927947e235a62aa64289aad62f3fa51c867ee8ed2458e198852ac1"", ""capacity_run_id"": ""d79f586d-160a-47d8-9546-69b566a24dbc"", ""capacity_source_age_hours_at_calculation"": 15.92, ""direction_mapping"": {""capacity"": ""TD2"", ""forecast"": ""BH"", ""method"": ""FH=operator default direction=TD1; BH=opposite direction=TD2"", ""operator_direction_notice_url"": ""https://pipeline2.kindermorgan.com/Notices/NoticeDetail.aspx?code=TGP&notc_nbr=363144"", ""operator_segment_map_url"": ""https://pipeline2.kindermorgan.com/Documents/TGP/TGP_Segment_-_Pin_Map-20260721125239.pdf""}, ""interpretation"": ""Conditional scheduled shortfall if the captured net schedule holds; not physical flow, curtailment, or a price prediction."", ""operator_capacity_caveat"": ""Flow Indicator (Flow Ind)\n\nTD1 - Flow in the direction as shown on the pipeline segment map.\n\nTD2 - Flow in the opposite direction shown on the pipeline segment map.\n\n1) Design Capacity generally reflects the physical capacity of a segment as determined by a capacity model utilizing current contractual receipt/delivery quantities and a reasonable set of engineering assumptions and parameters.\n2) Design Capacity may be updated periodically to reflect changes in contractual receipt/delivery patterns, paths that do not utilize the entire segment and/or capacity modeling parameters.\n3) Operationally Available Capacity may be updated throughout the day to account for changes including, but not limited to: netting of bidirectional nominations, partial segment path nominations, storage swing services, exchanges, facility outages, and imbalance management.\n4) Total Scheduled Quantity is the resulting scheduled volume after netting scheduled volumes in both flow directions.\u00a0 This quantity for each segment is displayed only in the resulting net physical flow direction of the segment.\u00a0 Opposite of the physical flow direction will display a quantity of zero although there could be volumes scheduled. For further explanation, contact your Scheduling Representative. \u00a0\u00a0\n5) The net Total Scheduled Quantity may result in a quantity different than Operating Capacity due to the confirmation process after scheduling.\n6) Operating Capacity may be different than Design Capacity based on the periodic, non-permanent anticipated or observed operational pipeline conditions including, but not limited to: higher or lower average thermal content of the gas, higher or lower pressure from interconnecting pipelines, on-going maintenance, etc.\n7) Operating Capacity may be greater than the Design Capacity of the segment to accommodate scheduling of services that contain rights to multiple, redundant firm transportation paths which can be served entirely or in part through an alternate physical path.\n8) The IT Indicator shows whether gas has been scheduled under any interruptible service."", ""report_artifact_id"": ""km_tgp_notice_detail:1788197456279496000:cc4e15187816ef531b2c0d32f54f0c4fc2731bd4f14670beb540a5551574d909""}",2026-08-31T17:42:15.945168Z,km_tgp_notice_detail:1788197456279496000:cc4e15187816ef531b2c0d32f54f0c4fc2731bd4f14670beb540a5551574d909,km_tgp_segment_capacity:1788198122755547000:8fdc5140c4927947e235a62aa64289aad62f3fa51c867ee8ed2458e198852ac1
tgp-impact:6464706234cc4ebe98d95d0102beb00f06b3f625013376ab8da24b32d83c69ca,403802,2026-08-27,2026-09-14,2026-09-20,Station 9 (segment 109 BH),109,BH,TD2,Z0,STA 9,2026-08-31,EVENING,970000,515828,454172,1027000,835000,192000,0,319172,pre_event,normalized_name,monitor,unresolved,"No licensed regional basis observations or exact TGP leg-to-contract mapping are loaded. Henry Hub NG is a national benchmark, not direct evidence of this TGP event's price exposure.",https://www.cmegroup.com/markets/energy/natural-gas/natural-gas.html,"[""Future nominations and rerouting are not observed; the shortfall assumes the captured schedule is unchanged.""]","{""calculation"": ""max(0, baseline scheduled quantity - forecast operating capacity)"", ""capacity_artifact_id"": ""km_tgp_segment_capacity:1788198122755547000:8fdc5140c4927947e235a62aa64289aad62f3fa51c867ee8ed2458e198852ac1"", ""capacity_run_id"": ""d79f586d-160a-47d8-9546-69b566a24dbc"", ""capacity_source_age_hours_at_calculation"": 15.92, ""direction_mapping"": {""capacity"": ""TD2"", ""forecast"": ""BH"", ""method"": ""FH=operator default direction=TD1; BH=opposite direction=TD2"", ""operator_direction_notice_url"": ""https://pipeline2.kindermorgan.com/Notices/NoticeDetail.aspx?code=TGP&notc_nbr=363144"", ""operator_segment_map_url"": ""https://pipeline2.kindermorgan.com/Documents/TGP/TGP_Segment_-_Pin_Map-20260721125239.pdf""}, ""interpretation"": ""Conditional scheduled shortfall if the captured net schedule holds; not physical flow, curtailment, or a price prediction."", ""operator_capacity_caveat"": ""Flow Indicator (Flow Ind)\n\nTD1 - Flow in the direction as shown on the pipeline segment map.\n\nTD2 - Flow in the opposite direction shown on the pipeline segment map.\n\n1) Design Capacity generally reflects the physical capacity of a segment as determined by a capacity model utilizing current contractual receipt/delivery quantities and a reasonable set of engineering assumptions and parameters.\n2) Design Capacity may be updated periodically to reflect changes in contractual receipt/delivery patterns, paths that do not utilize the entire segment and/or capacity modeling parameters.\n3) Operationally Available Capacity may be updated throughout the day to account for changes including, but not limited to: netting of bidirectional nominations, partial segment path nominations, storage swing services, exchanges, facility outages, and imbalance management.\n4) Total Scheduled Quantity is the resulting scheduled volume after netting scheduled volumes in both flow directions.\u00a0 This quantity for each segment is displayed only in the resulting net physical flow direction of the segment.\u00a0 Opposite of the physical flow direction will display a quantity of zero although there could be volumes scheduled. For further explanation, contact your Scheduling Representative. \u00a0\u00a0\n5) The net Total Scheduled Quantity may result in a quantity different than Operating Capacity due to the confirmation process after scheduling.\n6) Operating Capacity may be different than Design Capacity based on the periodic, non-permanent anticipated or observed operational pipeline conditions including, but not limited to: higher or lower average thermal content of the gas, higher or lower pressure from interconnecting pipelines, on-going maintenance, etc.\n7) Operating Capacity may be greater than the Design Capacity of the segment to accommodate scheduling of services that contain rights to multiple, redundant firm transportation paths which can be served entirely or in part through an alternate physical path.\n8) The IT Indicator shows whether gas has been scheduled under any interruptible service."", ""report_artifact_id"": ""km_tgp_notice_detail:1788197456279496000:cc4e15187816ef531b2c0d32f54f0c4fc2731bd4f14670beb540a5551574d909""}",2026-08-31T17:42:15.945168Z,km_tgp_notice_detail:1788197456279496000:cc4e15187816ef531b2c0d32f54f0c4fc2731bd4f14670beb540a5551574d909,km_tgp_segment_capacity:1788198122755547000:8fdc5140c4927947e235a62aa64289aad62f3fa51c867ee8ed2458e198852ac1
tgp-impact:a3aace5580cffc2709492ace03e5a2cee81d5d8e2ee3d681e24e848e0aa283d7,403802,2026-08-27,2026-10-05,2026-10-11,Station 224 (segment 224 FH),224,FH,TD1,Z5,STA 224,2026-08-31,EVENING,388634,63311,325323,388000,200000,188000,0,136689,pre_event,normalized_name,monitor,unresolved,"No licensed regional basis observations or exact TGP leg-to-contract mapping are loaded. Henry Hub NG is a national benchmark, not direct evidence of this TGP event's price exposure.",https://www.cmegroup.com/markets/energy/natural-gas/natural-gas.html,"[""Future nominations and rerouting are not observed; the shortfall assumes the captured schedule is unchanged.""]","{""calculation"": ""max(0, baseline scheduled quantity - forecast operating capacity)"", ""capacity_artifact_id"": ""km_tgp_segment_capacity:1788198122755547000:8fdc5140c4927947e235a62aa64289aad62f3fa51c867ee8ed2458e198852ac1"", ""capacity_run_id"": ""d79f586d-160a-47d8-9546-69b566a24dbc"", ""capacity_source_age_hours_at_calculation"": 15.92, ""direction_mapping"": {""capacity"": ""TD1"", ""forecast"": ""FH"", ""method"": ""FH=operator default direction=TD1; BH=opposite direction=TD2"", ""operator_direction_notice_url"": ""https://pipeline2.kindermorgan.com/Notices/NoticeDetail.aspx?code=TGP&notc_nbr=363144"", ""operator_segment_map_url"": ""https://pipeline2.kindermorgan.com/Documents/TGP/TGP_Segment_-_Pin_Map-20260721125239.pdf""}, ""interpretation"": ""Conditional scheduled shortfall if the captured net schedule holds; not physical flow, curtailment, or a price prediction."", ""operator_capacity_caveat"": ""Flow Indicator (Flow Ind)\n\nTD1 - Flow in the direction as shown on the pipeline segment map.\n\nTD2 - Flow in the opposite direction shown on the pipeline segment map.\n\n1) Design Capacity generally reflects the physical capacity of a segment as determined by a capacity model utilizing current contractual receipt/delivery quantities and a reasonable set of engineering assumptions and parameters.\n2) Design Capacity may be updated periodically to reflect changes in contractual receipt/delivery patterns, paths that do not utilize the entire segment and/or capacity modeling parameters.\n3) Operationally Available Capacity may be updated throughout the day to account for changes including, but not limited to: netting of bidirectional nominations, partial segment path nominations, storage swing services, exchanges, facility outages, and imbalance management.\n4) Total Scheduled Quantity is the resulting scheduled volume after netting scheduled volumes in both flow directions.\u00a0 This quantity for each segment is displayed only in the resulting net physical flow direction of the segment.\u00a0 Opposite of the physical flow direction will display a quantity of zero although there could be volumes scheduled. For further explanation, contact your Scheduling Representative. \u00a0\u00a0\n5) The net Total Scheduled Quantity may result in a quantity different than Operating Capacity due to the confirmation process after scheduling.\n6) Operating Capacity may be different than Design Capacity based on the periodic, non-permanent anticipated or observed operational pipeline conditions including, but not limited to: higher or lower average thermal content of the gas, higher or lower pressure from interconnecting pipelines, on-going maintenance, etc.\n7) Operating Capacity may be greater than the Design Capacity of the segment to accommodate scheduling of services that contain rights to multiple, redundant firm transportation paths which can be served entirely or in part through an alternate physical path.\n8) The IT Indicator shows whether gas has been scheduled under any interruptible service."", ""report_artifact_id"": ""km_tgp_notice_detail:1788197456279496000:cc4e15187816ef531b2c0d32f54f0c4fc2731bd4f14670beb540a5551574d909""}",2026-08-31T17:42:15.945168Z,km_tgp_notice_detail:1788197456279496000:cc4e15187816ef531b2c0d32f54f0c4fc2731bd4f14670beb540a5551574d909,km_tgp_segment_capacity:1788198122755547000:8fdc5140c4927947e235a62aa64289aad62f3fa51c867ee8ed2458e198852ac1
tgp-impact:841eb40df9b32ddd091949f4a1a372a8a2803c1f2cbd8711de391395a3712505,403802,2026-08-27,2026-11-09,2026-11-15,Station 9 (segment 109 BH),109,BH,TD2,Z0,STA 9,2026-08-31,EVENING,970000,515828,454172,1066000,880000,186000,0,364172,pre_event,normalized_name,monitor,unresolved,"No licensed regional basis observations or exact TGP leg-to-contract mapping are loaded. Henry Hub NG is a national benchmark, not direct evidence of this TGP event's price exposure.",https://www.cmegroup.com/markets/energy/natural-gas/natural-gas.html,"[""Future nominations and rerouting are not observed; the shortfall assumes the captured schedule is unchanged.""]","{""calculation"": ""max(0, baseline scheduled quantity - forecast operating capacity)"", ""capacity_artifact_id"": ""km_tgp_segment_capacity:1788198122755547000:8fdc5140c4927947e235a62aa64289aad62f3fa51c867ee8ed2458e198852ac1"", ""capacity_run_id"": ""d79f586d-160a-47d8-9546-69b566a24dbc"", ""capacity_source_age_hours_at_calculation"": 15.92, ""direction_mapping"": {""capacity"": ""TD2"", ""forecast"": ""BH"", ""method"": ""FH=operator default direction=TD1; BH=opposite direction=TD2"", ""operator_direction_notice_url"": ""https://pipeline2.kindermorgan.com/Notices/NoticeDetail.aspx?code=TGP&notc_nbr=363144"", ""operator_segment_map_url"": ""https://pipeline2.kindermorgan.com/Documents/TGP/TGP_Segment_-_Pin_Map-20260721125239.pdf""}, ""interpretation"": ""Conditional scheduled shortfall if the captured net schedule holds; not physical flow, curtailment, or a price prediction."", ""operator_capacity_caveat"": ""Flow Indicator (Flow Ind)\n\nTD1 - Flow in the direction as shown on the pipeline segment map.\n\nTD2 - Flow in the opposite direction shown on the pipeline segment map.\n\n1) Design Capacity generally reflects the physical capacity of a segment as determined by a capacity model utilizing current contractual receipt/delivery quantities and a reasonable set of engineering assumptions and parameters.\n2) Design Capacity may be updated periodically to reflect changes in contractual receipt/delivery patterns, paths that do not utilize the entire segment and/or capacity modeling parameters.\n3) Operationally Available Capacity may be updated throughout the day to account for changes including, but not limited to: netting of bidirectional nominations, partial segment path nominations, storage swing services, exchanges, facility outages, and imbalance management.\n4) Total Scheduled Quantity is the resulting scheduled volume after netting scheduled volumes in both flow directions.\u00a0 This quantity for each segment is displayed only in the resulting net physical flow direction of the segment.\u00a0 Opposite of the physical flow direction will display a quantity of zero although there could be volumes scheduled. For further explanation, contact your Scheduling Representative. \u00a0\u00a0\n5) The net Total Scheduled Quantity may result in a quantity different than Operating Capacity due to the confirmation process after scheduling.\n6) Operating Capacity may be different than Design Capacity based on the periodic, non-permanent anticipated or observed operational pipeline conditions including, but not limited to: higher or lower average thermal content of the gas, higher or lower pressure from interconnecting pipelines, on-going maintenance, etc.\n7) Operating Capacity may be greater than the Design Capacity of the segment to accommodate scheduling of services that contain rights to multiple, redundant firm transportation paths which can be served entirely or in part through an alternate physical path.\n8) The IT Indicator shows whether gas has been scheduled under any interruptible service."", ""report_artifact_id"": ""km_tgp_notice_detail:1788197456279496000:cc4e15187816ef531b2c0d32f54f0c4fc2731bd4f14670beb540a5551574d909""}",2026-08-31T17:42:15.945168Z,km_tgp_notice_detail:1788197456279496000:cc4e15187816ef531b2c0d32f54f0c4fc2731bd4f14670beb540a5551574d909,km_tgp_segment_capacity:1788198122755547000:8fdc5140c4927947e235a62aa64289aad62f3fa51c867ee8ed2458e198852ac1
tgp-impact:e8d52cbb0f076bdefbe5fdd55caa423bb45dbf213ba638f1e5defb0406547636,403802,2026-08-27,2026-09-07,2026-09-13,MLV 324 (segment 324 FH),324,FH,TD1,Z5,MLV 324,2026-08-31,EVENING,1515000,1042500,472500,1767000,1585000,182000,0,542500,pre_event,normalized_name,monitor,unresolved,"No licensed regional basis observations or exact TGP leg-to-contract mapping are loaded. Henry Hub NG is a national benchmark, not direct evidence of this TGP event's price exposure.",https://www.cmegroup.com/markets/energy/natural-gas/natural-gas.html,"[""Future nominations and rerouting are not observed; the shortfall assumes the captured schedule is unchanged.""]","{""calculation"": ""max(0, baseline scheduled quantity - forecast operating capacity)"", ""capacity_artifact_id"": ""km_tgp_segment_capacity:1788198122755547000:8fdc5140c4927947e235a62aa64289aad62f3fa51c867ee8ed2458e198852ac1"", ""capacity_run_id"": ""d79f586d-160a-47d8-9546-69b566a24dbc"", ""capacity_source_age_hours_at_calculation"": 15.92, ""direction_mapping"": {""capacity"": ""TD1"", ""forecast"": ""FH"", ""method"": ""FH=operator default direction=TD1; BH=opposite direction=TD2"", ""operator_direction_notice_url"": ""https://pipeline2.kindermorgan.com/Notices/NoticeDetail.aspx?code=TGP&notc_nbr=363144"", ""operator_segment_map_url"": ""https://pipeline2.kindermorgan.com/Documents/TGP/TGP_Segment_-_Pin_Map-20260721125239.pdf""}, ""interpretation"": ""Conditional scheduled shortfall if the captured net schedule holds; not physical flow, curtailment, or a price prediction."", ""operator_capacity_caveat"": ""Flow Indicator (Flow Ind)\n\nTD1 - Flow in the direction as shown on the pipeline segment map.\n\nTD2 - Flow in the opposite direction shown on the pipeline segment map.\n\n1) Design Capacity generally reflects the physical capacity of a segment as determined by a capacity model utilizing current contractual receipt/delivery quantities and a reasonable set of engineering assumptions and parameters.\n2) Design Capacity may be updated periodically to reflect changes in contractual receipt/delivery patterns, paths that do not utilize the entire segment and/or capacity modeling parameters.\n3) Operationally Available Capacity may be updated throughout the day to account for changes including, but not limited to: netting of bidirectional nominations, partial segment path nominations, storage swing services, exchanges, facility outages, and imbalance management.\n4) Total Scheduled Quantity is the resulting scheduled volume after netting scheduled volumes in both flow directions.\u00a0 This quantity for each segment is displayed only in the resulting net physical flow direction of the segment.\u00a0 Opposite of the physical flow direction will display a quantity of zero although there could be volumes scheduled. For further explanation, contact your Scheduling Representative. \u00a0\u00a0\n5) The net Total Scheduled Quantity may result in a quantity different than Operating Capacity due to the confirmation process after scheduling.\n6) Operating Capacity may be different than Design Capacity based on the periodic, non-permanent anticipated or observed operational pipeline conditions including, but not limited to: higher or lower average thermal content of the gas, higher or lower pressure from interconnecting pipelines, on-going maintenance, etc.\n7) Operating Capacity may be greater than the Design Capacity of the segment to accommodate scheduling of services that contain rights to multiple, redundant firm transportation paths which can be served entirely or in part through an alternate physical path.\n8) The IT Indicator shows whether gas has been scheduled under any interruptible service."", ""report_artifact_id"": ""km_tgp_notice_detail:1788197456279496000:cc4e15187816ef531b2c0d32f54f0c4fc2731bd4f14670beb540a5551574d909""}",2026-08-31T17:42:15.945168Z,km_tgp_notice_detail:1788197456279496000:cc4e15187816ef531b2c0d32f54f0c4fc2731bd4f14670beb540a5551574d909,km_tgp_segment_capacity:1788198122755547000:8fdc5140c4927947e235a62aa64289aad62f3fa51c867ee8ed2458e198852ac1
tgp-impact:15f660510dcb0c9e59a5b0bc8d1f6cffd654d36128e088c4990765395e570e15,403802,2026-08-27,2026-08-31,2026-08-31,Station 261 Discharge East (segment 261 FH),261,FH,TD1,Z6,STA 261 DISCHARGE EAST,2026-08-31,EVENING,715000,439855,275145,888000,715000,173000,0,275145,same_day,normalized_name,monitor,unresolved,"No licensed regional basis observations or exact TGP leg-to-contract mapping are loaded. Henry Hub NG is a national benchmark, not direct evidence of this TGP event's price exposure.",https://www.cmegroup.com/markets/energy/natural-gas/natural-gas.html,"[""Future nominations and rerouting are not observed; the shortfall assumes the captured schedule is unchanged.""]","{""calculation"": ""max(0, baseline scheduled quantity - forecast operating capacity)"", ""capacity_artifact_id"": ""km_tgp_segment_capacity:1788198122755547000:8fdc5140c4927947e235a62aa64289aad62f3fa51c867ee8ed2458e198852ac1"", ""capacity_run_id"": ""d79f586d-160a-47d8-9546-69b566a24dbc"", ""capacity_source_age_hours_at_calculation"": 15.92, ""direction_mapping"": {""capacity"": ""TD1"", ""forecast"": ""FH"", ""method"": ""FH=operator default direction=TD1; BH=opposite direction=TD2"", ""operator_direction_notice_url"": ""https://pipeline2.kindermorgan.com/Notices/NoticeDetail.aspx?code=TGP&notc_nbr=363144"", ""operator_segment_map_url"": ""https://pipeline2.kindermorgan.com/Documents/TGP/TGP_Segment_-_Pin_Map-20260721125239.pdf""}, ""interpretation"": ""Conditional scheduled shortfall if the captured net schedule holds; not physical flow, curtailment, or a price prediction."", ""operator_capacity_caveat"": ""Flow Indicator (Flow Ind)\n\nTD1 - Flow in the direction as shown on the pipeline segment map.\n\nTD2 - Flow in the opposite direction shown on the pipeline segment map.\n\n1) Design Capacity generally reflects the physical capacity of a segment as determined by a capacity model utilizing current contractual receipt/delivery quantities and a reasonable set of engineering assumptions and parameters.\n2) Design Capacity may be updated periodically to reflect changes in contractual receipt/delivery patterns, paths that do not utilize the entire segment and/or capacity modeling parameters.\n3) Operationally Available Capacity may be updated throughout the day to account for changes including, but not limited to: netting of bidirectional nominations, partial segment path nominations, storage swing services, exchanges, facility outages, and imbalance management.\n4) Total Scheduled Quantity is the resulting scheduled volume after netting scheduled volumes in both flow directions.\u00a0 This quantity for each segment is displayed only in the resulting net physical flow direction of the segment.\u00a0 Opposite of the physical flow direction will display a quantity of zero although there could be volumes scheduled. For further explanation, contact your Scheduling Representative. \u00a0\u00a0\n5) The net Total Scheduled Quantity may result in a quantity different than Operating Capacity due to the confirmation process after scheduling.\n6) Operating Capacity may be different than Design Capacity based on the periodic, non-permanent anticipated or observed operational pipeline conditions including, but not limited to: higher or lower average thermal content of the gas, higher or lower pressure from interconnecting pipelines, on-going maintenance, etc.\n7) Operating Capacity may be greater than the Design Capacity of the segment to accommodate scheduling of services that contain rights to multiple, redundant firm transportation paths which can be served entirely or in part through an alternate physical path.\n8) The IT Indicator shows whether gas has been scheduled under any interruptible service."", ""report_artifact_id"": ""km_tgp_notice_detail:1788197456279496000:cc4e15187816ef531b2c0d32f54f0c4fc2731bd4f14670beb540a5551574d909""}",2026-08-31T17:42:15.945168Z,km_tgp_notice_detail:1788197456279496000:cc4e15187816ef531b2c0d32f54f0c4fc2731bd4f14670beb540a5551574d909,km_tgp_segment_capacity:1788198122755547000:8fdc5140c4927947e235a62aa64289aad62f3fa51c867ee8ed2458e198852ac1
tgp-impact:4ec0cd57cae07ba29d181cd6f12cb8e50522b0c789c8fd35c27fc99e843af3b2,403802,2026-08-27,2026-09-01,2026-09-01,Station 261 Discharge East (segment 261 FH),261,FH,TD1,Z6,STA 261 DISCHARGE EAST,2026-08-31,EVENING,715000,439855,275145,888000,715000,173000,0,275145,pre_event,normalized_name,monitor,unresolved,"No licensed regional basis observations or exact TGP leg-to-contract mapping are loaded. Henry Hub NG is a national benchmark, not direct evidence of this TGP event's price exposure.",https://www.cmegroup.com/markets/energy/natural-gas/natural-gas.html,"[""Future nominations and rerouting are not observed; the shortfall assumes the captured schedule is unchanged.""]","{""calculation"": ""max(0, baseline scheduled quantity - forecast operating capacity)"", ""capacity_artifact_id"": ""km_tgp_segment_capacity:1788198122755547000:8fdc5140c4927947e235a62aa64289aad62f3fa51c867ee8ed2458e198852ac1"", ""capacity_run_id"": ""d79f586d-160a-47d8-9546-69b566a24dbc"", ""capacity_source_age_hours_at_calculation"": 15.92, ""direction_mapping"": {""capacity"": ""TD1"", ""forecast"": ""FH"", ""method"": ""FH=operator default direction=TD1; BH=opposite direction=TD2"", ""operator_direction_notice_url"": ""https://pipeline2.kindermorgan.com/Notices/NoticeDetail.aspx?code=TGP&notc_nbr=363144"", ""operator_segment_map_url"": ""https://pipeline2.kindermorgan.com/Documents/TGP/TGP_Segment_-_Pin_Map-20260721125239.pdf""}, ""interpretation"": ""Conditional scheduled shortfall if the captured net schedule holds; not physical flow, curtailment, or a price prediction."", ""operator_capacity_caveat"": ""Flow Indicator (Flow Ind)\n\nTD1 - Flow in the direction as shown on the pipeline segment map.\n\nTD2 - Flow in the opposite direction shown on the pipeline segment map.\n\n1) Design Capacity generally reflects the physical capacity of a segment as determined by a capacity model utilizing current contractual receipt/delivery quantities and a reasonable set of engineering assumptions and parameters.\n2) Design Capacity may be updated periodically to reflect changes in contractual receipt/delivery patterns, paths that do not utilize the entire segment and/or capacity modeling parameters.\n3) Operationally Available Capacity may be updated throughout the day to account for changes including, but not limited to: netting of bidirectional nominations, partial segment path nominations, storage swing services, exchanges, facility outages, and imbalance management.\n4) Total Scheduled Quantity is the resulting scheduled volume after netting scheduled volumes in both flow directions.\u00a0 This quantity for each segment is displayed only in the resulting net physical flow direction of the segment.\u00a0 Opposite of the physical flow direction will display a quantity of zero although there could be volumes scheduled. For further explanation, contact your Scheduling Representative. \u00a0\u00a0\n5) The net Total Scheduled Quantity may result in a quantity different than Operating Capacity due to the confirmation process after scheduling.\n6) Operating Capacity may be different than Design Capacity based on the periodic, non-permanent anticipated or observed operational pipeline conditions including, but not limited to: higher or lower average thermal content of the gas, higher or lower pressure from interconnecting pipelines, on-going maintenance, etc.\n7) Operating Capacity may be greater than the Design Capacity of the segment to accommodate scheduling of services that contain rights to multiple, redundant firm transportation paths which can be served entirely or in part through an alternate physical path.\n8) The IT Indicator shows whether gas has been scheduled under any interruptible service."", ""report_artifact_id"": ""km_tgp_notice_detail:1788197456279496000:cc4e15187816ef531b2c0d32f54f0c4fc2731bd4f14670beb540a5551574d909""}",2026-08-31T17:42:15.945168Z,km_tgp_notice_detail:1788197456279496000:cc4e15187816ef531b2c0d32f54f0c4fc2731bd4f14670beb540a5551574d909,km_tgp_segment_capacity:1788198122755547000:8fdc5140c4927947e235a62aa64289aad62f3fa51c867ee8ed2458e198852ac1
tgp-impact:266d92748ce31683e90135bfbcdd053bbfa65e6427707095de916d7b89fc18cc,403802,2026-08-27,2026-09-02,2026-09-02,Station 261 Discharge East (segment 261 FH),261,FH,TD1,Z6,STA 261 DISCHARGE EAST,2026-08-31,EVENING,715000,439855,275145,888000,715000,173000,0,275145,pre_event,normalized_name,monitor,unresolved,"No licensed regional basis observations or exact TGP leg-to-contract mapping are loaded. Henry Hub NG is a national benchmark, not direct evidence of this TGP event's price exposure.",https://www.cmegroup.com/markets/energy/natural-gas/natural-gas.html,"[""Future nominations and rerouting are not observed; the shortfall assumes the captured schedule is unchanged.""]","{""calculation"": ""max(0, baseline scheduled quantity - forecast operating capacity)"", ""capacity_artifact_id"": ""km_tgp_segment_capacity:1788198122755547000:8fdc5140c4927947e235a62aa64289aad62f3fa51c867ee8ed2458e198852ac1"", ""capacity_run_id"": ""d79f586d-160a-47d8-9546-69b566a24dbc"", ""capacity_source_age_hours_at_calculation"": 15.92, ""direction_mapping"": {""capacity"": ""TD1"", ""forecast"": ""FH"", ""method"": ""FH=operator default direction=TD1; BH=opposite direction=TD2"", ""operator_direction_notice_url"": ""https://pipeline2.kindermorgan.com/Notices/NoticeDetail.aspx?code=TGP&notc_nbr=363144"", ""operator_segment_map_url"": ""https://pipeline2.kindermorgan.com/Documents/TGP/TGP_Segment_-_Pin_Map-20260721125239.pdf""}, ""interpretation"": ""Conditional scheduled shortfall if the captured net schedule holds; not physical flow, curtailment, or a price prediction."", ""operator_capacity_caveat"": ""Flow Indicator (Flow Ind)\n\nTD1 - Flow in the direction as shown on the pipeline segment map.\n\nTD2 - Flow in the opposite direction shown on the pipeline segment map.\n\n1) Design Capacity generally reflects the physical capacity of a segment as determined by a capacity model utilizing current contractual receipt/delivery quantities and a reasonable set of engineering assumptions and parameters.\n2) Design Capacity may be updated periodically to reflect changes in contractual receipt/delivery patterns, paths that do not utilize the entire segment and/or capacity modeling parameters.\n3) Operationally Available Capacity may be updated throughout the day to account for changes including, but not limited to: netting of bidirectional nominations, partial segment path nominations, storage swing services, exchanges, facility outages, and imbalance management.\n4) Total Scheduled Quantity is the resulting scheduled volume after netting scheduled volumes in both flow directions.\u00a0 This quantity for each segment is displayed only in the resulting net physical flow direction of the segment.\u00a0 Opposite of the physical flow direction will display a quantity of zero although there could be volumes scheduled. For further explanation, contact your Scheduling Representative. \u00a0\u00a0\n5) The net Total Scheduled Quantity may result in a quantity different than Operating Capacity due to the confirmation process after scheduling.\n6) Operating Capacity may be different than Design Capacity based on the periodic, non-permanent anticipated or observed operational pipeline conditions including, but not limited to: higher or lower average thermal content of the gas, higher or lower pressure from interconnecting pipelines, on-going maintenance, etc.\n7) Operating Capacity may be greater than the Design Capacity of the segment to accommodate scheduling of services that contain rights to multiple, redundant firm transportation paths which can be served entirely or in part through an alternate physical path.\n8) The IT Indicator shows whether gas has been scheduled under any interruptible service."", ""report_artifact_id"": ""km_tgp_notice_detail:1788197456279496000:cc4e15187816ef531b2c0d32f54f0c4fc2731bd4f14670beb540a5551574d909""}",2026-08-31T17:42:15.945168Z,km_tgp_notice_detail:1788197456279496000:cc4e15187816ef531b2c0d32f54f0c4fc2731bd4f14670beb540a5551574d909,km_tgp_segment_capacity:1788198122755547000:8fdc5140c4927947e235a62aa64289aad62f3fa51c867ee8ed2458e198852ac1
tgp-impact:178767a01030f8101676f5fbcd60cd680490e343b31b7a49e0e4ba198836bf78,403802,2026-08-27,2026-09-03,2026-09-03,Station 261 Discharge East (segment 261 FH),261,FH,TD1,Z6,STA 261 DISCHARGE EAST,2026-08-31,EVENING,715000,439855,275145,888000,715000,173000,0,275145,pre_event,normalized_name,monitor,unresolved,"No licensed regional basis observations or exact TGP leg-to-contract mapping are loaded. Henry Hub NG is a national benchmark, not direct evidence of this TGP event's price exposure.",https://www.cmegroup.com/markets/energy/natural-gas/natural-gas.html,"[""Future nominations and rerouting are not observed; the shortfall assumes the captured schedule is unchanged.""]","{""calculation"": ""max(0, baseline scheduled quantity - forecast operating capacity)"", ""capacity_artifact_id"": ""km_tgp_segment_capacity:1788198122755547000:8fdc5140c4927947e235a62aa64289aad62f3fa51c867ee8ed2458e198852ac1"", ""capacity_run_id"": ""d79f586d-160a-47d8-9546-69b566a24dbc"", ""capacity_source_age_hours_at_calculation"": 15.92, ""direction_mapping"": {""capacity"": ""TD1"", ""forecast"": ""FH"", ""method"": ""FH=operator default direction=TD1; BH=opposite direction=TD2"", ""operator_direction_notice_url"": ""https://pipeline2.kindermorgan.com/Notices/NoticeDetail.aspx?code=TGP&notc_nbr=363144"", ""operator_segment_map_url"": ""https://pipeline2.kindermorgan.com/Documents/TGP/TGP_Segment_-_Pin_Map-20260721125239.pdf""}, ""interpretation"": ""Conditional scheduled shortfall if the captured net schedule holds; not physical flow, curtailment, or a price prediction."", ""operator_capacity_caveat"": ""Flow Indicator (Flow Ind)\n\nTD1 - Flow in the direction as shown on the pipeline segment map.\n\nTD2 - Flow in the opposite direction shown on the pipeline segment map.\n\n1) Design Capacity generally reflects the physical capacity of a segment as determined by a capacity model utilizing current contractual receipt/delivery quantities and a reasonable set of engineering assumptions and parameters.\n2) Design Capacity may be updated periodically to reflect changes in contractual receipt/delivery patterns, paths that do not utilize the entire segment and/or capacity modeling parameters.\n3) Operationally Available Capacity may be updated throughout the day to account for changes including, but not limited to: netting of bidirectional nominations, partial segment path nominations, storage swing services, exchanges, facility outages, and imbalance management.\n4) Total Scheduled Quantity is the resulting scheduled volume after netting scheduled volumes in both flow directions.\u00a0 This quantity for each segment is displayed only in the resulting net physical flow direction of the segment.\u00a0 Opposite of the physical flow direction will display a quantity of zero although there could be volumes scheduled. For further explanation, contact your Scheduling Representative. \u00a0\u00a0\n5) The net Total Scheduled Quantity may result in a quantity different than Operating Capacity due to the confirmation process after scheduling.\n6) Operating Capacity may be different than Design Capacity based on the periodic, non-permanent anticipated or observed operational pipeline conditions including, but not limited to: higher or lower average thermal content of the gas, higher or lower pressure from interconnecting pipelines, on-going maintenance, etc.\n7) Operating Capacity may be greater than the Design Capacity of the segment to accommodate scheduling of services that contain rights to multiple, redundant firm transportation paths which can be served entirely or in part through an alternate physical path.\n8) The IT Indicator shows whether gas has been scheduled under any interruptible service."", ""report_artifact_id"": ""km_tgp_notice_detail:1788197456279496000:cc4e15187816ef531b2c0d32f54f0c4fc2731bd4f14670beb540a5551574d909""}",2026-08-31T17:42:15.945168Z,km_tgp_notice_detail:1788197456279496000:cc4e15187816ef531b2c0d32f54f0c4fc2731bd4f14670beb540a5551574d909,km_tgp_segment_capacity:1788198122755547000:8fdc5140c4927947e235a62aa64289aad62f3fa51c867ee8ed2458e198852ac1
tgp-impact:de1557866fd688b4f4c68a41af3b9130c0b0d5e04dad50a545403d10000436c7,403802,2026-08-27,2026-09-04,2026-09-04,Station 261 Discharge East (segment 261 FH),261,FH,TD1,Z6,STA 261 DISCHARGE EAST,2026-08-31,EVENING,715000,439855,275145,888000,715000,173000,0,275145,pre_event,normalized_name,monitor,unresolved,"No licensed regional basis observations or exact TGP leg-to-contract mapping are loaded. Henry Hub NG is a national benchmark, not direct evidence of this TGP event's price exposure.",https://www.cmegroup.com/markets/energy/natural-gas/natural-gas.html,"[""Future nominations and rerouting are not observed; the shortfall assumes the captured schedule is unchanged.""]","{""calculation"": ""max(0, baseline scheduled quantity - forecast operating capacity)"", ""capacity_artifact_id"": ""km_tgp_segment_capacity:1788198122755547000:8fdc5140c4927947e235a62aa64289aad62f3fa51c867ee8ed2458e198852ac1"", ""capacity_run_id"": ""d79f586d-160a-47d8-9546-69b566a24dbc"", ""capacity_source_age_hours_at_calculation"": 15.92, ""direction_mapping"": {""capacity"": ""TD1"", ""forecast"": ""FH"", ""method"": ""FH=operator default direction=TD1; BH=opposite direction=TD2"", ""operator_direction_notice_url"": ""https://pipeline2.kindermorgan.com/Notices/NoticeDetail.aspx?code=TGP&notc_nbr=363144"", ""operator_segment_map_url"": ""https://pipeline2.kindermorgan.com/Documents/TGP/TGP_Segment_-_Pin_Map-20260721125239.pdf""}, ""interpretation"": ""Conditional scheduled shortfall if the captured net schedule holds; not physical flow, curtailment, or a price prediction."", ""operator_capacity_caveat"": ""Flow Indicator (Flow Ind)\n\nTD1 - Flow in the direction as shown on the pipeline segment map.\n\nTD2 - Flow in the opposite direction shown on the pipeline segment map.\n\n1) Design Capacity generally reflects the physical capacity of a segment as determined by a capacity model utilizing current contractual receipt/delivery quantities and a reasonable set of engineering assumptions and parameters.\n2) Design Capacity may be updated periodically to reflect changes in contractual receipt/delivery patterns, paths that do not utilize the entire segment and/or capacity modeling parameters.\n3) Operationally Available Capacity may be updated throughout the day to account for changes including, but not limited to: netting of bidirectional nominations, partial segment path nominations, storage swing services, exchanges, facility outages, and imbalance management.\n4) Total Scheduled Quantity is the resulting scheduled volume after netting scheduled volumes in both flow directions.\u00a0 This quantity for each segment is displayed only in the resulting net physical flow direction of the segment.\u00a0 Opposite of the physical flow direction will display a quantity of zero although there could be volumes scheduled. For further explanation, contact your Scheduling Representative. \u00a0\u00a0\n5) The net Total Scheduled Quantity may result in a quantity different than Operating Capacity due to the confirmation process after scheduling.\n6) Operating Capacity may be different than Design Capacity based on the periodic, non-permanent anticipated or observed operational pipeline conditions including, but not limited to: higher or lower average thermal content of the gas, higher or lower pressure from interconnecting pipelines, on-going maintenance, etc.\n7) Operating Capacity may be greater than the Design Capacity of the segment to accommodate scheduling of services that contain rights to multiple, redundant firm transportation paths which can be served entirely or in part through an alternate physical path.\n8) The IT Indicator shows whether gas has been scheduled under any interruptible service."", ""report_artifact_id"": ""km_tgp_notice_detail:1788197456279496000:cc4e15187816ef531b2c0d32f54f0c4fc2731bd4f14670beb540a5551574d909""}",2026-08-31T17:42:15.945168Z,km_tgp_notice_detail:1788197456279496000:cc4e15187816ef531b2c0d32f54f0c4fc2731bd4f14670beb540a5551574d909,km_tgp_segment_capacity:1788198122755547000:8fdc5140c4927947e235a62aa64289aad62f3fa51c867ee8ed2458e198852ac1
tgp-impact:5f2c0b4530b2a7077e89fd23429cc681ce16111941507bfb6d972f200d6ecd57,403802,2026-08-27,2026-09-05,2026-09-05,Station 261 Discharge East (segment 261 FH),261,FH,TD1,Z6,STA 261 DISCHARGE EAST,2026-08-31,EVENING,715000,439855,275145,888000,715000,173000,0,275145,pre_event,normalized_name,monitor,unresolved,"No licensed regional basis observations or exact TGP leg-to-contract mapping are loaded. Henry Hub NG is a national benchmark, not direct evidence of this TGP event's price exposure.",https://www.cmegroup.com/markets/energy/natural-gas/natural-gas.html,"[""Future nominations and rerouting are not observed; the shortfall assumes the captured schedule is unchanged.""]","{""calculation"": ""max(0, baseline scheduled quantity - forecast operating capacity)"", ""capacity_artifact_id"": ""km_tgp_segment_capacity:1788198122755547000:8fdc5140c4927947e235a62aa64289aad62f3fa51c867ee8ed2458e198852ac1"", ""capacity_run_id"": ""d79f586d-160a-47d8-9546-69b566a24dbc"", ""capacity_source_age_hours_at_calculation"": 15.92, ""direction_mapping"": {""capacity"": ""TD1"", ""forecast"": ""FH"", ""method"": ""FH=operator default direction=TD1; BH=opposite direction=TD2"", ""operator_direction_notice_url"": ""https://pipeline2.kindermorgan.com/Notices/NoticeDetail.aspx?code=TGP&notc_nbr=363144"", ""operator_segment_map_url"": ""https://pipeline2.kindermorgan.com/Documents/TGP/TGP_Segment_-_Pin_Map-20260721125239.pdf""}, ""interpretation"": ""Conditional scheduled shortfall if the captured net schedule holds; not physical flow, curtailment, or a price prediction."", ""operator_capacity_caveat"": ""Flow Indicator (Flow Ind)\n\nTD1 - Flow in the direction as shown on the pipeline segment map.\n\nTD2 - Flow in the opposite direction shown on the pipeline segment map.\n\n1) Design Capacity generally reflects the physical capacity of a segment as determined by a capacity model utilizing current contractual receipt/delivery quantities and a reasonable set of engineering assumptions and parameters.\n2) Design Capacity may be updated periodically to reflect changes in contractual receipt/delivery patterns, paths that do not utilize the entire segment and/or capacity modeling parameters.\n3) Operationally Available Capacity may be updated throughout the day to account for changes including, but not limited to: netting of bidirectional nominations, partial segment path nominations, storage swing services, exchanges, facility outages, and imbalance management.\n4) Total Scheduled Quantity is the resulting scheduled volume after netting scheduled volumes in both flow directions.\u00a0 This quantity for each segment is displayed only in the resulting net physical flow direction of the segment.\u00a0 Opposite of the physical flow direction will display a quantity of zero although there could be volumes scheduled. For further explanation, contact your Scheduling Representative. \u00a0\u00a0\n5) The net Total Scheduled Quantity may result in a quantity different than Operating Capacity due to the confirmation process after scheduling.\n6) Operating Capacity may be different than Design Capacity based on the periodic, non-permanent anticipated or observed operational pipeline conditions including, but not limited to: higher or lower average thermal content of the gas, higher or lower pressure from interconnecting pipelines, on-going maintenance, etc.\n7) Operating Capacity may be greater than the Design Capacity of the segment to accommodate scheduling of services that contain rights to multiple, redundant firm transportation paths which can be served entirely or in part through an alternate physical path.\n8) The IT Indicator shows whether gas has been scheduled under any interruptible service."", ""report_artifact_id"": ""km_tgp_notice_detail:1788197456279496000:cc4e15187816ef531b2c0d32f54f0c4fc2731bd4f14670beb540a5551574d909""}",2026-08-31T17:42:15.945168Z,km_tgp_notice_detail:1788197456279496000:cc4e15187816ef531b2c0d32f54f0c4fc2731bd4f14670beb540a5551574d909,km_tgp_segment_capacity:1788198122755547000:8fdc5140c4927947e235a62aa64289aad62f3fa51c867ee8ed2458e198852ac1
tgp-impact:3f20318ae8e5dd620e76e78779e32a79a7a7bdbeebb390556256fa93d9996cb2,403802,2026-08-27,2026-09-06,2026-09-06,Station 261 Discharge East (segment 261 FH),261,FH,TD1,Z6,STA 261 DISCHARGE EAST,2026-08-31,EVENING,715000,439855,275145,888000,715000,173000,0,275145,pre_event,normalized_name,monitor,unresolved,"No licensed regional basis observations or exact TGP leg-to-contract mapping are loaded. Henry Hub NG is a national benchmark, not direct evidence of this TGP event's price exposure.",https://www.cmegroup.com/markets/energy/natural-gas/natural-gas.html,"[""Future nominations and rerouting are not observed; the shortfall assumes the captured schedule is unchanged.""]","{""calculation"": ""max(0, baseline scheduled quantity - forecast operating capacity)"", ""capacity_artifact_id"": ""km_tgp_segment_capacity:1788198122755547000:8fdc5140c4927947e235a62aa64289aad62f3fa51c867ee8ed2458e198852ac1"", ""capacity_run_id"": ""d79f586d-160a-47d8-9546-69b566a24dbc"", ""capacity_source_age_hours_at_calculation"": 15.92, ""direction_mapping"": {""capacity"": ""TD1"", ""forecast"": ""FH"", ""method"": ""FH=operator default direction=TD1; BH=opposite direction=TD2"", ""operator_direction_notice_url"": ""https://pipeline2.kindermorgan.com/Notices/NoticeDetail.aspx?code=TGP&notc_nbr=363144"", ""operator_segment_map_url"": ""https://pipeline2.kindermorgan.com/Documents/TGP/TGP_Segment_-_Pin_Map-20260721125239.pdf""}, ""interpretation"": ""Conditional scheduled shortfall if the captured net schedule holds; not physical flow, curtailment, or a price prediction."", ""operator_capacity_caveat"": ""Flow Indicator (Flow Ind)\n\nTD1 - Flow in the direction as shown on the pipeline segment map.\n\nTD2 - Flow in the opposite direction shown on the pipeline segment map.\n\n1) Design Capacity generally reflects the physical capacity of a segment as determined by a capacity model utilizing current contractual receipt/delivery quantities and a reasonable set of engineering assumptions and parameters.\n2) Design Capacity may be updated periodically to reflect changes in contractual receipt/delivery patterns, paths that do not utilize the entire segment and/or capacity modeling parameters.\n3) Operationally Available Capacity may be updated throughout the day to account for changes including, but not limited to: netting of bidirectional nominations, partial segment path nominations, storage swing services, exchanges, facility outages, and imbalance management.\n4) Total Scheduled Quantity is the resulting scheduled volume after netting scheduled volumes in both flow directions.\u00a0 This quantity for each segment is displayed only in the resulting net physical flow direction of the segment.\u00a0 Opposite of the physical flow direction will display a quantity of zero although there could be volumes scheduled. For further explanation, contact your Scheduling Representative. \u00a0\u00a0\n5) The net Total Scheduled Quantity may result in a quantity different than Operating Capacity due to the confirmation process after scheduling.\n6) Operating Capacity may be different than Design Capacity based on the periodic, non-permanent anticipated or observed operational pipeline conditions including, but not limited to: higher or lower average thermal content of the gas, higher or lower pressure from interconnecting pipelines, on-going maintenance, etc.\n7) Operating Capacity may be greater than the Design Capacity of the segment to accommodate scheduling of services that contain rights to multiple, redundant firm transportation paths which can be served entirely or in part through an alternate physical path.\n8) The IT Indicator shows whether gas has been scheduled under any interruptible service."", ""report_artifact_id"": ""km_tgp_notice_detail:1788197456279496000:cc4e15187816ef531b2c0d32f54f0c4fc2731bd4f14670beb540a5551574d909""}",2026-08-31T17:42:15.945168Z,km_tgp_notice_detail:1788197456279496000:cc4e15187816ef531b2c0d32f54f0c4fc2731bd4f14670beb540a5551574d909,km_tgp_segment_capacity:1788198122755547000:8fdc5140c4927947e235a62aa64289aad62f3fa51c867ee8ed2458e198852ac1
tgp-impact:f2abc7e59751854955d03bc6704c893f8b39a4e9dea36bd013e6d88e9bf553e1,403802,2026-08-27,2026-09-07,2026-09-13,Station 261 Discharge East (segment 261 FH),261,FH,TD1,Z6,STA 261 DISCHARGE EAST,2026-08-31,EVENING,715000,439855,275145,888000,715000,173000,0,275145,pre_event,normalized_name,monitor,unresolved,"No licensed regional basis observations or exact TGP leg-to-contract mapping are loaded. Henry Hub NG is a national benchmark, not direct evidence of this TGP event's price exposure.",https://www.cmegroup.com/markets/energy/natural-gas/natural-gas.html,"[""Future nominations and rerouting are not observed; the shortfall assumes the captured schedule is unchanged.""]","{""calculation"": ""max(0, baseline scheduled quantity - forecast operating capacity)"", ""capacity_artifact_id"": ""km_tgp_segment_capacity:1788198122755547000:8fdc5140c4927947e235a62aa64289aad62f3fa51c867ee8ed2458e198852ac1"", ""capacity_run_id"": ""d79f586d-160a-47d8-9546-69b566a24dbc"", ""capacity_source_age_hours_at_calculation"": 15.92, ""direction_mapping"": {""capacity"": ""TD1"", ""forecast"": ""FH"", ""method"": ""FH=operator default direction=TD1; BH=opposite direction=TD2"", ""operator_direction_notice_url"": ""https://pipeline2.kindermorgan.com/Notices/NoticeDetail.aspx?code=TGP&notc_nbr=363144"", ""operator_segment_map_url"": ""https://pipeline2.kindermorgan.com/Documents/TGP/TGP_Segment_-_Pin_Map-20260721125239.pdf""}, ""interpretation"": ""Conditional scheduled shortfall if the captured net schedule holds; not physical flow, curtailment, or a price prediction."", ""operator_capacity_caveat"": ""Flow Indicator (Flow Ind)\n\nTD1 - Flow in the direction as shown on the pipeline segment map.\n\nTD2 - Flow in the opposite direction shown on the pipeline segment map.\n\n1) Design Capacity generally reflects the physical capacity of a segment as determined by a capacity model utilizing current contractual receipt/delivery quantities and a reasonable set of engineering assumptions and parameters.\n2) Design Capacity may be updated periodically to reflect changes in contractual receipt/delivery patterns, paths that do not utilize the entire segment and/or capacity modeling parameters.\n3) Operationally Available Capacity may be updated throughout the day to account for changes including, but not limited to: netting of bidirectional nominations, partial segment path nominations, storage swing services, exchanges, facility outages, and imbalance management.\n4) Total Scheduled Quantity is the resulting scheduled volume after netting scheduled volumes in both flow directions.\u00a0 This quantity for each segment is displayed only in the resulting net physical flow direction of the segment.\u00a0 Opposite of the physical flow direction will display a quantity of zero although there could be volumes scheduled. For further explanation, contact your Scheduling Representative. \u00a0\u00a0\n5) The net Total Scheduled Quantity may result in a quantity different than Operating Capacity due to the confirmation process after scheduling.\n6) Operating Capacity may be different than Design Capacity based on the periodic, non-permanent anticipated or observed operational pipeline conditions including, but not limited to: higher or lower average thermal content of the gas, higher or lower pressure from interconnecting pipelines, on-going maintenance, etc.\n7) Operating Capacity may be greater than the Design Capacity of the segment to accommodate scheduling of services that contain rights to multiple, redundant firm transportation paths which can be served entirely or in part through an alternate physical path.\n8) The IT Indicator shows whether gas has been scheduled under any interruptible service."", ""report_artifact_id"": ""km_tgp_notice_detail:1788197456279496000:cc4e15187816ef531b2c0d32f54f0c4fc2731bd4f14670beb540a5551574d909""}",2026-08-31T17:42:15.945168Z,km_tgp_notice_detail:1788197456279496000:cc4e15187816ef531b2c0d32f54f0c4fc2731bd4f14670beb540a5551574d909,km_tgp_segment_capacity:1788198122755547000:8fdc5140c4927947e235a62aa64289aad62f3fa51c867ee8ed2458e198852ac1
tgp-impact:ed43754f2b6e46eef88de1b2719c51b29ad9f14ba0772778cef670e4aa9417a1,403802,2026-08-27,2026-09-14,2026-09-20,Station 261 Discharge East (segment 261 FH),261,FH,TD1,Z6,STA 261 DISCHARGE EAST,2026-08-31,EVENING,715000,439855,275145,888000,715000,173000,0,275145,pre_event,normalized_name,monitor,unresolved,"No licensed regional basis observations or exact TGP leg-to-contract mapping are loaded. Henry Hub NG is a national benchmark, not direct evidence of this TGP event's price exposure.",https://www.cmegroup.com/markets/energy/natural-gas/natural-gas.html,"[""Future nominations and rerouting are not observed; the shortfall assumes the captured schedule is unchanged.""]","{""calculation"": ""max(0, baseline scheduled quantity - forecast operating capacity)"", ""capacity_artifact_id"": ""km_tgp_segment_capacity:1788198122755547000:8fdc5140c4927947e235a62aa64289aad62f3fa51c867ee8ed2458e198852ac1"", ""capacity_run_id"": ""d79f586d-160a-47d8-9546-69b566a24dbc"", ""capacity_source_age_hours_at_calculation"": 15.92, ""direction_mapping"": {""capacity"": ""TD1"", ""forecast"": ""FH"", ""method"": ""FH=operator default direction=TD1; BH=opposite direction=TD2"", ""operator_direction_notice_url"": ""https://pipeline2.kindermorgan.com/Notices/NoticeDetail.aspx?code=TGP&notc_nbr=363144"", ""operator_segment_map_url"": ""https://pipeline2.kindermorgan.com/Documents/TGP/TGP_Segment_-_Pin_Map-20260721125239.pdf""}, ""interpretation"": ""Conditional scheduled shortfall if the captured net schedule holds; not physical flow, curtailment, or a price prediction."", ""operator_capacity_caveat"": ""Flow Indicator (Flow Ind)\n\nTD1 - Flow in the direction as shown on the pipeline segment map.\n\nTD2 - Flow in the opposite direction shown on the pipeline segment map.\n\n1) Design Capacity generally reflects the physical capacity of a segment as determined by a capacity model utilizing current contractual receipt/delivery quantities and a reasonable set of engineering assumptions and parameters.\n2) Design Capacity may be updated periodically to reflect changes in contractual receipt/delivery patterns, paths that do not utilize the entire segment and/or capacity modeling parameters.\n3) Operationally Available Capacity may be updated throughout the day to account for changes including, but not limited to: netting of bidirectional nominations, partial segment path nominations, storage swing services, exchanges, facility outages, and imbalance management.\n4) Total Scheduled Quantity is the resulting scheduled volume after netting scheduled volumes in both flow directions.\u00a0 This quantity for each segment is displayed only in the resulting net physical flow direction of the segment.\u00a0 Opposite of the physical flow direction will display a quantity of zero although there could be volumes scheduled. For further explanation, contact your Scheduling Representative. \u00a0\u00a0\n5) The net Total Scheduled Quantity may result in a quantity different than Operating Capacity due to the confirmation process after scheduling.\n6) Operating Capacity may be different than Design Capacity based on the periodic, non-permanent anticipated or observed operational pipeline conditions including, but not limited to: higher or lower average thermal content of the gas, higher or lower pressure from interconnecting pipelines, on-going maintenance, etc.\n7) Operating Capacity may be greater than the Design Capacity of the segment to accommodate scheduling of services that contain rights to multiple, redundant firm transportation paths which can be served entirely or in part through an alternate physical path.\n8) The IT Indicator shows whether gas has been scheduled under any interruptible service."", ""report_artifact_id"": ""km_tgp_notice_detail:1788197456279496000:cc4e15187816ef531b2c0d32f54f0c4fc2731bd4f14670beb540a5551574d909""}",2026-08-31T17:42:15.945168Z,km_tgp_notice_detail:1788197456279496000:cc4e15187816ef531b2c0d32f54f0c4fc2731bd4f14670beb540a5551574d909,km_tgp_segment_capacity:1788198122755547000:8fdc5140c4927947e235a62aa64289aad62f3fa51c867ee8ed2458e198852ac1
tgp-impact:33a677671ad10e89d6399a369fc5c28d3d0571613f606dc8c41a68e5691017a1,403802,2026-08-27,2026-10-05,2026-10-11,Station 261 Discharge East (segment 261 FH),261,FH,TD1,Z6,STA 261 DISCHARGE EAST,2026-08-31,EVENING,715000,439855,275145,888000,715000,173000,0,275145,pre_event,normalized_name,monitor,unresolved,"No licensed regional basis observations or exact TGP leg-to-contract mapping are loaded. Henry Hub NG is a national benchmark, not direct evidence of this TGP event's price exposure.",https://www.cmegroup.com/markets/energy/natural-gas/natural-gas.html,"[""Future nominations and rerouting are not observed; the shortfall assumes the captured schedule is unchanged.""]","{""calculation"": ""max(0, baseline scheduled quantity - forecast operating capacity)"", ""capacity_artifact_id"": ""km_tgp_segment_capacity:1788198122755547000:8fdc5140c4927947e235a62aa64289aad62f3fa51c867ee8ed2458e198852ac1"", ""capacity_run_id"": ""d79f586d-160a-47d8-9546-69b566a24dbc"", ""capacity_source_age_hours_at_calculation"": 15.92, ""direction_mapping"": {""capacity"": ""TD1"", ""forecast"": ""FH"", ""method"": ""FH=operator default direction=TD1; BH=opposite direction=TD2"", ""operator_direction_notice_url"": ""https://pipeline2.kindermorgan.com/Notices/NoticeDetail.aspx?code=TGP&notc_nbr=363144"", ""operator_segment_map_url"": ""https://pipeline2.kindermorgan.com/Documents/TGP/TGP_Segment_-_Pin_Map-20260721125239.pdf""}, ""interpretation"": ""Conditional scheduled shortfall if the captured net schedule holds; not physical flow, curtailment, or a price prediction."", ""operator_capacity_caveat"": ""Flow Indicator (Flow Ind)\n\nTD1 - Flow in the direction as shown on the pipeline segment map.\n\nTD2 - Flow in the opposite direction shown on the pipeline segment map.\n\n1) Design Capacity generally reflects the physical capacity of a segment as determined by a capacity model utilizing current contractual receipt/delivery quantities and a reasonable set of engineering assumptions and parameters.\n2) Design Capacity may be updated periodically to reflect changes in contractual receipt/delivery patterns, paths that do not utilize the entire segment and/or capacity modeling parameters.\n3) Operationally Available Capacity may be updated throughout the day to account for changes including, but not limited to: netting of bidirectional nominations, partial segment path nominations, storage swing services, exchanges, facility outages, and imbalance management.\n4) Total Scheduled Quantity is the resulting scheduled volume after netting scheduled volumes in both flow directions.\u00a0 This quantity for each segment is displayed only in the resulting net physical flow direction of the segment.\u00a0 Opposite of the physical flow direction will display a quantity of zero although there could be volumes scheduled. For further explanation, contact your Scheduling Representative. \u00a0\u00a0\n5) The net Total Scheduled Quantity may result in a quantity different than Operating Capacity due to the confirmation process after scheduling.\n6) Operating Capacity may be different than Design Capacity based on the periodic, non-permanent anticipated or observed operational pipeline conditions including, but not limited to: higher or lower average thermal content of the gas, higher or lower pressure from interconnecting pipelines, on-going maintenance, etc.\n7) Operating Capacity may be greater than the Design Capacity of the segment to accommodate scheduling of services that contain rights to multiple, redundant firm transportation paths which can be served entirely or in part through an alternate physical path.\n8) The IT Indicator shows whether gas has been scheduled under any interruptible service."", ""report_artifact_id"": ""km_tgp_notice_detail:1788197456279496000:cc4e15187816ef531b2c0d32f54f0c4fc2731bd4f14670beb540a5551574d909""}",2026-08-31T17:42:15.945168Z,km_tgp_notice_detail:1788197456279496000:cc4e15187816ef531b2c0d32f54f0c4fc2731bd4f14670beb540a5551574d909,km_tgp_segment_capacity:1788198122755547000:8fdc5140c4927947e235a62aa64289aad62f3fa51c867ee8ed2458e198852ac1
tgp-impact:0fe07d05c02d39277fde3d2a2a43fb9adf0348a1faa4051dc6fe6cfb02750a5e,403802,2026-08-27,2026-10-12,2026-10-18,Station 17 (segment 117 FH),117,FH,TD1,Z0,STA 17,2026-08-31,EVENING,1100000,392102,707898,1122000,980000,142000,0,587898,pre_event,normalized_name,monitor,unresolved,"No licensed regional basis observations or exact TGP leg-to-contract mapping are loaded. Henry Hub NG is a national benchmark, not direct evidence of this TGP event's price exposure.",https://www.cmegroup.com/markets/energy/natural-gas/natural-gas.html,"[""Future nominations and rerouting are not observed; the shortfall assumes the captured schedule is unchanged.""]","{""calculation"": ""max(0, baseline scheduled quantity - forecast operating capacity)"", ""capacity_artifact_id"": ""km_tgp_segment_capacity:1788198122755547000:8fdc5140c4927947e235a62aa64289aad62f3fa51c867ee8ed2458e198852ac1"", ""capacity_run_id"": ""d79f586d-160a-47d8-9546-69b566a24dbc"", ""capacity_source_age_hours_at_calculation"": 15.92, ""direction_mapping"": {""capacity"": ""TD1"", ""forecast"": ""FH"", ""method"": ""FH=operator default direction=TD1; BH=opposite direction=TD2"", ""operator_direction_notice_url"": ""https://pipeline2.kindermorgan.com/Notices/NoticeDetail.aspx?code=TGP&notc_nbr=363144"", ""operator_segment_map_url"": ""https://pipeline2.kindermorgan.com/Documents/TGP/TGP_Segment_-_Pin_Map-20260721125239.pdf""}, ""interpretation"": ""Conditional scheduled shortfall if the captured net schedule holds; not physical flow, curtailment, or a price prediction."", ""operator_capacity_caveat"": ""Flow Indicator (Flow Ind)\n\nTD1 - Flow in the direction as shown on the pipeline segment map.\n\nTD2 - Flow in the opposite direction shown on the pipeline segment map.\n\n1) Design Capacity generally reflects the physical capacity of a segment as determined by a capacity model utilizing current contractual receipt/delivery quantities and a reasonable set of engineering assumptions and parameters.\n2) Design Capacity may be updated periodically to reflect changes in contractual receipt/delivery patterns, paths that do not utilize the entire segment and/or capacity modeling parameters.\n3) Operationally Available Capacity may be updated throughout the day to account for changes including, but not limited to: netting of bidirectional nominations, partial segment path nominations, storage swing services, exchanges, facility outages, and imbalance management.\n4) Total Scheduled Quantity is the resulting scheduled volume after netting scheduled volumes in both flow directions.\u00a0 This quantity for each segment is displayed only in the resulting net physical flow direction of the segment.\u00a0 Opposite of the physical flow direction will display a quantity of zero although there could be volumes scheduled. For further explanation, contact your Scheduling Representative. \u00a0\u00a0\n5) The net Total Scheduled Quantity may result in a quantity different than Operating Capacity due to the confirmation process after scheduling.\n6) Operating Capacity may be different than Design Capacity based on the periodic, non-permanent anticipated or observed operational pipeline conditions including, but not limited to: higher or lower average thermal content of the gas, higher or lower pressure from interconnecting pipelines, on-going maintenance, etc.\n7) Operating Capacity may be greater than the Design Capacity of the segment to accommodate scheduling of services that contain rights to multiple, redundant firm transportation paths which can be served entirely or in part through an alternate physical path.\n8) The IT Indicator shows whether gas has been scheduled under any interruptible service."", ""report_artifact_id"": ""km_tgp_notice_detail:1788197456279496000:cc4e15187816ef531b2c0d32f54f0c4fc2731bd4f14670beb540a5551574d909""}",2026-08-31T17:42:15.945168Z,km_tgp_notice_detail:1788197456279496000:cc4e15187816ef531b2c0d32f54f0c4fc2731bd4f14670beb540a5551574d909,km_tgp_segment_capacity:1788198122755547000:8fdc5140c4927947e235a62aa64289aad62f3fa51c867ee8ed2458e198852ac1
tgp-impact:4c0be76289da376cad2719f6693ba8c7b653660f8eb5d2f40f6586bf9d8b5584,403802,2026-08-27,2026-10-12,2026-10-18,Station 534 (segment 534 BH),534,BH,TD2,Z1,STA 534,2026-08-31,EVENING,1909661,921721,987940,1909000,1769000,140000,0,847279,pre_event,normalized_name,monitor,unresolved,"No licensed regional basis observations or exact TGP leg-to-contract mapping are loaded. Henry Hub NG is a national benchmark, not direct evidence of this TGP event's price exposure.",https://www.cmegroup.com/markets/energy/natural-gas/natural-gas.html,"[""Future nominations and rerouting are not observed; the shortfall assumes the captured schedule is unchanged.""]","{""calculation"": ""max(0, baseline scheduled quantity - forecast operating capacity)"", ""capacity_artifact_id"": ""km_tgp_segment_capacity:1788198122755547000:8fdc5140c4927947e235a62aa64289aad62f3fa51c867ee8ed2458e198852ac1"", ""capacity_run_id"": ""d79f586d-160a-47d8-9546-69b566a24dbc"", ""capacity_source_age_hours_at_calculation"": 15.92, ""direction_mapping"": {""capacity"": ""TD2"", ""forecast"": ""BH"", ""method"": ""FH=operator default direction=TD1; BH=opposite direction=TD2"", ""operator_direction_notice_url"": ""https://pipeline2.kindermorgan.com/Notices/NoticeDetail.aspx?code=TGP&notc_nbr=363144"", ""operator_segment_map_url"": ""https://pipeline2.kindermorgan.com/Documents/TGP/TGP_Segment_-_Pin_Map-20260721125239.pdf""}, ""interpretation"": ""Conditional scheduled shortfall if the captured net schedule holds; not physical flow, curtailment, or a price prediction."", ""operator_capacity_caveat"": ""Flow Indicator (Flow Ind)\n\nTD1 - Flow in the direction as shown on the pipeline segment map.\n\nTD2 - Flow in the opposite direction shown on the pipeline segment map.\n\n1) Design Capacity generally reflects the physical capacity of a segment as determined by a capacity model utilizing current contractual receipt/delivery quantities and a reasonable set of engineering assumptions and parameters.\n2) Design Capacity may be updated periodically to reflect changes in contractual receipt/delivery patterns, paths that do not utilize the entire segment and/or capacity modeling parameters.\n3) Operationally Available Capacity may be updated throughout the day to account for changes including, but not limited to: netting of bidirectional nominations, partial segment path nominations, storage swing services, exchanges, facility outages, and imbalance management.\n4) Total Scheduled Quantity is the resulting scheduled volume after netting scheduled volumes in both flow directions.\u00a0 This quantity for each segment is displayed only in the resulting net physical flow direction of the segment.\u00a0 Opposite of the physical flow direction will display a quantity of zero although there could be volumes scheduled. For further explanation, contact your Scheduling Representative. \u00a0\u00a0\n5) The net Total Scheduled Quantity may result in a quantity different than Operating Capacity due to the confirmation process after scheduling.\n6) Operating Capacity may be different than Design Capacity based on the periodic, non-permanent anticipated or observed operational pipeline conditions including, but not limited to: higher or lower average thermal content of the gas, higher or lower pressure from interconnecting pipelines, on-going maintenance, etc.\n7) Operating Capacity may be greater than the Design Capacity of the segment to accommodate scheduling of services that contain rights to multiple, redundant firm transportation paths which can be served entirely or in part through an alternate physical path.\n8) The IT Indicator shows whether gas has been scheduled under any interruptible service."", ""report_artifact_id"": ""km_tgp_notice_detail:1788197456279496000:cc4e15187816ef531b2c0d32f54f0c4fc2731bd4f14670beb540a5551574d909""}",2026-08-31T17:42:15.945168Z,km_tgp_notice_detail:1788197456279496000:cc4e15187816ef531b2c0d32f54f0c4fc2731bd4f14670beb540a5551574d909,km_tgp_segment_capacity:1788198122755547000:8fdc5140c4927947e235a62aa64289aad62f3fa51c867ee8ed2458e198852ac1
tgp-impact:ebf5e0edd3a84b784356b153e39ddace73416478ca52d58973602cd556ea84fd,403802,2026-08-27,2026-10-05,2026-10-11,Station 17 (segment 117 FH),117,FH,TD1,Z0,STA 17,2026-08-31,EVENING,1100000,392102,707898,1122000,985000,137000,0,592898,pre_event,normalized_name,monitor,unresolved,"No licensed regional basis observations or exact TGP leg-to-contract mapping are loaded. Henry Hub NG is a national benchmark, not direct evidence of this TGP event's price exposure.",https://www.cmegroup.com/markets/energy/natural-gas/natural-gas.html,"[""Future nominations and rerouting are not observed; the shortfall assumes the captured schedule is unchanged.""]","{""calculation"": ""max(0, baseline scheduled quantity - forecast operating capacity)"", ""capacity_artifact_id"": ""km_tgp_segment_capacity:1788198122755547000:8fdc5140c4927947e235a62aa64289aad62f3fa51c867ee8ed2458e198852ac1"", ""capacity_run_id"": ""d79f586d-160a-47d8-9546-69b566a24dbc"", ""capacity_source_age_hours_at_calculation"": 15.92, ""direction_mapping"": {""capacity"": ""TD1"", ""forecast"": ""FH"", ""method"": ""FH=operator default direction=TD1; BH=opposite direction=TD2"", ""operator_direction_notice_url"": ""https://pipeline2.kindermorgan.com/Notices/NoticeDetail.aspx?code=TGP&notc_nbr=363144"", ""operator_segment_map_url"": ""https://pipeline2.kindermorgan.com/Documents/TGP/TGP_Segment_-_Pin_Map-20260721125239.pdf""}, ""interpretation"": ""Conditional scheduled shortfall if the captured net schedule holds; not physical flow, curtailment, or a price prediction."", ""operator_capacity_caveat"": ""Flow Indicator (Flow Ind)\n\nTD1 - Flow in the direction as shown on the pipeline segment map.\n\nTD2 - Flow in the opposite direction shown on the pipeline segment map.\n\n1) Design Capacity generally reflects the physical capacity of a segment as determined by a capacity model utilizing current contractual receipt/delivery quantities and a reasonable set of engineering assumptions and parameters.\n2) Design Capacity may be updated periodically to reflect changes in contractual receipt/delivery patterns, paths that do not utilize the entire segment and/or capacity modeling parameters.\n3) Operationally Available Capacity may be updated throughout the day to account for changes including, but not limited to: netting of bidirectional nominations, partial segment path nominations, storage swing services, exchanges, facility outages, and imbalance management.\n4) Total Scheduled Quantity is the resulting scheduled volume after netting scheduled volumes in both flow directions.\u00a0 This quantity for each segment is displayed only in the resulting net physical flow direction of the segment.\u00a0 Opposite of the physical flow direction will display a quantity of zero although there could be volumes scheduled. For further explanation, contact your Scheduling Representative. \u00a0\u00a0\n5) The net Total Scheduled Quantity may result in a quantity different than Operating Capacity due to the confirmation process after scheduling.\n6) Operating Capacity may be different than Design Capacity based on the periodic, non-permanent anticipated or observed operational pipeline conditions including, but not limited to: higher or lower average thermal content of the gas, higher or lower pressure from interconnecting pipelines, on-going maintenance, etc.\n7) Operating Capacity may be greater than the Design Capacity of the segment to accommodate scheduling of services that contain rights to multiple, redundant firm transportation paths which can be served entirely or in part through an alternate physical path.\n8) The IT Indicator shows whether gas has been scheduled under any interruptible service."", ""report_artifact_id"": ""km_tgp_notice_detail:1788197456279496000:cc4e15187816ef531b2c0d32f54f0c4fc2731bd4f14670beb540a5551574d909""}",2026-08-31T17:42:15.945168Z,km_tgp_notice_detail:1788197456279496000:cc4e15187816ef531b2c0d32f54f0c4fc2731bd4f14670beb540a5551574d909,km_tgp_segment_capacity:1788198122755547000:8fdc5140c4927947e235a62aa64289aad62f3fa51c867ee8ed2458e198852ac1
tgp-impact:fbe9e6beb3b16bee5c7568d28b183cb83aed1bd538827399abeed24885615bd9,403802,2026-08-27,2026-09-21,2026-09-27,Station 1 (segment 101 BH),101,BH,TD2,Z0,STA 1,2026-08-31,EVENING,399953,168961,230992,399000,265000,134000,0,96039,pre_event,normalized_name,monitor,unresolved,"No licensed regional basis observations or exact TGP leg-to-contract mapping are loaded. Henry Hub NG is a national benchmark, not direct evidence of this TGP event's price exposure.",https://www.cmegroup.com/markets/energy/natural-gas/natural-gas.html,"[""Future nominations and rerouting are not observed; the shortfall assumes the captured schedule is unchanged.""]","{""calculation"": ""max(0, baseline scheduled quantity - forecast operating capacity)"", ""capacity_artifact_id"": ""km_tgp_segment_capacity:1788198122755547000:8fdc5140c4927947e235a62aa64289aad62f3fa51c867ee8ed2458e198852ac1"", ""capacity_run_id"": ""d79f586d-160a-47d8-9546-69b566a24dbc"", ""capacity_source_age_hours_at_calculation"": 15.92, ""direction_mapping"": {""capacity"": ""TD2"", ""forecast"": ""BH"", ""method"": ""FH=operator default direction=TD1; BH=opposite direction=TD2"", ""operator_direction_notice_url"": ""https://pipeline2.kindermorgan.com/Notices/NoticeDetail.aspx?code=TGP&notc_nbr=363144"", ""operator_segment_map_url"": ""https://pipeline2.kindermorgan.com/Documents/TGP/TGP_Segment_-_Pin_Map-20260721125239.pdf""}, ""interpretation"": ""Conditional scheduled shortfall if the captured net schedule holds; not physical flow, curtailment, or a price prediction."", ""operator_capacity_caveat"": ""Flow Indicator (Flow Ind)\n\nTD1 - Flow in the direction as shown on the pipeline segment map.\n\nTD2 - Flow in the opposite direction shown on the pipeline segment map.\n\n1) Design Capacity generally reflects the physical capacity of a segment as determined by a capacity model utilizing current contractual receipt/delivery quantities and a reasonable set of engineering assumptions and parameters.\n2) Design Capacity may be updated periodically to reflect changes in contractual receipt/delivery patterns, paths that do not utilize the entire segment and/or capacity modeling parameters.\n3) Operationally Available Capacity may be updated throughout the day to account for changes including, but not limited to: netting of bidirectional nominations, partial segment path nominations, storage swing services, exchanges, facility outages, and imbalance management.\n4) Total Scheduled Quantity is the resulting scheduled volume after netting scheduled volumes in both flow directions.\u00a0 This quantity for each segment is displayed only in the resulting net physical flow direction of the segment.\u00a0 Opposite of the physical flow direction will display a quantity of zero although there could be volumes scheduled. For further explanation, contact your Scheduling Representative. \u00a0\u00a0\n5) The net Total Scheduled Quantity may result in a quantity different than Operating Capacity due to the confirmation process after scheduling.\n6) Operating Capacity may be different than Design Capacity based on the periodic, non-permanent anticipated or observed operational pipeline conditions including, but not limited to: higher or lower average thermal content of the gas, higher or lower pressure from interconnecting pipelines, on-going maintenance, etc.\n7) Operating Capacity may be greater than the Design Capacity of the segment to accommodate scheduling of services that contain rights to multiple, redundant firm transportation paths which can be served entirely or in part through an alternate physical path.\n8) The IT Indicator shows whether gas has been scheduled under any interruptible service."", ""report_artifact_id"": ""km_tgp_notice_detail:1788197456279496000:cc4e15187816ef531b2c0d32f54f0c4fc2731bd4f14670beb540a5551574d909""}",2026-08-31T17:42:15.945168Z,km_tgp_notice_detail:1788197456279496000:cc4e15187816ef531b2c0d32f54f0c4fc2731bd4f14670beb540a5551574d909,km_tgp_segment_capacity:1788198122755547000:8fdc5140c4927947e235a62aa64289aad62f3fa51c867ee8ed2458e198852ac1
tgp-impact:24a54ed6ac627a5f95393019b401fe3184ce99a48be65fa22936fde06032cf65,403802,2026-08-27,2026-09-01,2026-09-01,Station 63 (segment 163 FH),163,FH,TD1,Z1,STA 63,2026-08-31,EVENING,901000,485499,415501,1242000,1117000,125000,0,631501,pre_event,normalized_name,monitor,unresolved,"No licensed regional basis observations or exact TGP leg-to-contract mapping are loaded. Henry Hub NG is a national benchmark, not direct evidence of this TGP event's price exposure.",https://www.cmegroup.com/markets/energy/natural-gas/natural-gas.html,"[""Future nominations and rerouting are not observed; the shortfall assumes the captured schedule is unchanged.""]","{""calculation"": ""max(0, baseline scheduled quantity - forecast operating capacity)"", ""capacity_artifact_id"": ""km_tgp_segment_capacity:1788198122755547000:8fdc5140c4927947e235a62aa64289aad62f3fa51c867ee8ed2458e198852ac1"", ""capacity_run_id"": ""d79f586d-160a-47d8-9546-69b566a24dbc"", ""capacity_source_age_hours_at_calculation"": 15.92, ""direction_mapping"": {""capacity"": ""TD1"", ""forecast"": ""FH"", ""method"": ""FH=operator default direction=TD1; BH=opposite direction=TD2"", ""operator_direction_notice_url"": ""https://pipeline2.kindermorgan.com/Notices/NoticeDetail.aspx?code=TGP&notc_nbr=363144"", ""operator_segment_map_url"": ""https://pipeline2.kindermorgan.com/Documents/TGP/TGP_Segment_-_Pin_Map-20260721125239.pdf""}, ""interpretation"": ""Conditional scheduled shortfall if the captured net schedule holds; not physical flow, curtailment, or a price prediction."", ""operator_capacity_caveat"": ""Flow Indicator (Flow Ind)\n\nTD1 - Flow in the direction as shown on the pipeline segment map.\n\nTD2 - Flow in the opposite direction shown on the pipeline segment map.\n\n1) Design Capacity generally reflects the physical capacity of a segment as determined by a capacity model utilizing current contractual receipt/delivery quantities and a reasonable set of engineering assumptions and parameters.\n2) Design Capacity may be updated periodically to reflect changes in contractual receipt/delivery patterns, paths that do not utilize the entire segment and/or capacity modeling parameters.\n3) Operationally Available Capacity may be updated throughout the day to account for changes including, but not limited to: netting of bidirectional nominations, partial segment path nominations, storage swing services, exchanges, facility outages, and imbalance management.\n4) Total Scheduled Quantity is the resulting scheduled volume after netting scheduled volumes in both flow directions.\u00a0 This quantity for each segment is displayed only in the resulting net physical flow direction of the segment.\u00a0 Opposite of the physical flow direction will display a quantity of zero although there could be volumes scheduled. For further explanation, contact your Scheduling Representative. \u00a0\u00a0\n5) The net Total Scheduled Quantity may result in a quantity different than Operating Capacity due to the confirmation process after scheduling.\n6) Operating Capacity may be different than Design Capacity based on the periodic, non-permanent anticipated or observed operational pipeline conditions including, but not limited to: higher or lower average thermal content of the gas, higher or lower pressure from interconnecting pipelines, on-going maintenance, etc.\n7) Operating Capacity may be greater than the Design Capacity of the segment to accommodate scheduling of services that contain rights to multiple, redundant firm transportation paths which can be served entirely or in part through an alternate physical path.\n8) The IT Indicator shows whether gas has been scheduled under any interruptible service."", ""report_artifact_id"": ""km_tgp_notice_detail:1788197456279496000:cc4e15187816ef531b2c0d32f54f0c4fc2731bd4f14670beb540a5551574d909""}",2026-08-31T17:42:15.945168Z,km_tgp_notice_detail:1788197456279496000:cc4e15187816ef531b2c0d32f54f0c4fc2731bd4f14670beb540a5551574d909,km_tgp_segment_capacity:1788198122755547000:8fdc5140c4927947e235a62aa64289aad62f3fa51c867ee8ed2458e198852ac1
tgp-impact:4af3c78ffc6a357c7948b48344dc1edf3b29ea0c64952c2baf0fa579a34249c9,403802,2026-08-27,2026-09-02,2026-09-02,Station 63 (segment 163 FH),163,FH,TD1,Z1,STA 63,2026-08-31,EVENING,901000,485499,415501,1242000,1117000,125000,0,631501,pre_event,normalized_name,monitor,unresolved,"No licensed regional basis observations or exact TGP leg-to-contract mapping are loaded. Henry Hub NG is a national benchmark, not direct evidence of this TGP event's price exposure.",https://www.cmegroup.com/markets/energy/natural-gas/natural-gas.html,"[""Future nominations and rerouting are not observed; the shortfall assumes the captured schedule is unchanged.""]","{""calculation"": ""max(0, baseline scheduled quantity - forecast operating capacity)"", ""capacity_artifact_id"": ""km_tgp_segment_capacity:1788198122755547000:8fdc5140c4927947e235a62aa64289aad62f3fa51c867ee8ed2458e198852ac1"", ""capacity_run_id"": ""d79f586d-160a-47d8-9546-69b566a24dbc"", ""capacity_source_age_hours_at_calculation"": 15.92, ""direction_mapping"": {""capacity"": ""TD1"", ""forecast"": ""FH"", ""method"": ""FH=operator default direction=TD1; BH=opposite direction=TD2"", ""operator_direction_notice_url"": ""https://pipeline2.kindermorgan.com/Notices/NoticeDetail.aspx?code=TGP&notc_nbr=363144"", ""operator_segment_map_url"": ""https://pipeline2.kindermorgan.com/Documents/TGP/TGP_Segment_-_Pin_Map-20260721125239.pdf""}, ""interpretation"": ""Conditional scheduled shortfall if the captured net schedule holds; not physical flow, curtailment, or a price prediction."", ""operator_capacity_caveat"": ""Flow Indicator (Flow Ind)\n\nTD1 - Flow in the direction as shown on the pipeline segment map.\n\nTD2 - Flow in the opposite direction shown on the pipeline segment map.\n\n1) Design Capacity generally reflects the physical capacity of a segment as determined by a capacity model utilizing current contractual receipt/delivery quantities and a reasonable set of engineering assumptions and parameters.\n2) Design Capacity may be updated periodically to reflect changes in contractual receipt/delivery patterns, paths that do not utilize the entire segment and/or capacity modeling parameters.\n3) Operationally Available Capacity may be updated throughout the day to account for changes including, but not limited to: netting of bidirectional nominations, partial segment path nominations, storage swing services, exchanges, facility outages, and imbalance management.\n4) Total Scheduled Quantity is the resulting scheduled volume after netting scheduled volumes in both flow directions.\u00a0 This quantity for each segment is displayed only in the resulting net physical flow direction of the segment.\u00a0 Opposite of the physical flow direction will display a quantity of zero although there could be volumes scheduled. For further explanation, contact your Scheduling Representative. \u00a0\u00a0\n5) The net Total Scheduled Quantity may result in a quantity different than Operating Capacity due to the confirmation process after scheduling.\n6) Operating Capacity may be different than Design Capacity based on the periodic, non-permanent anticipated or observed operational pipeline conditions including, but not limited to: higher or lower average thermal content of the gas, higher or lower pressure from interconnecting pipelines, on-going maintenance, etc.\n7) Operating Capacity may be greater than the Design Capacity of the segment to accommodate scheduling of services that contain rights to multiple, redundant firm transportation paths which can be served entirely or in part through an alternate physical path.\n8) The IT Indicator shows whether gas has been scheduled under any interruptible service."", ""report_artifact_id"": ""km_tgp_notice_detail:1788197456279496000:cc4e15187816ef531b2c0d32f54f0c4fc2731bd4f14670beb540a5551574d909""}",2026-08-31T17:42:15.945168Z,km_tgp_notice_detail:1788197456279496000:cc4e15187816ef531b2c0d32f54f0c4fc2731bd4f14670beb540a5551574d909,km_tgp_segment_capacity:1788198122755547000:8fdc5140c4927947e235a62aa64289aad62f3fa51c867ee8ed2458e198852ac1
tgp-impact:ac6492b89deec91a8ee3216e657c84c6aa356def089ff11af47275b7911415e6,403802,2026-08-27,2026-09-03,2026-09-03,Station 63 (segment 163 FH),163,FH,TD1,Z1,STA 63,2026-08-31,EVENING,901000,485499,415501,1242000,1117000,125000,0,631501,pre_event,normalized_name,monitor,unresolved,"No licensed regional basis observations or exact TGP leg-to-contract mapping are loaded. Henry Hub NG is a national benchmark, not direct evidence of this TGP event's price exposure.",https://www.cmegroup.com/markets/energy/natural-gas/natural-gas.html,"[""Future nominations and rerouting are not observed; the shortfall assumes the captured schedule is unchanged.""]","{""calculation"": ""max(0, baseline scheduled quantity - forecast operating capacity)"", ""capacity_artifact_id"": ""km_tgp_segment_capacity:1788198122755547000:8fdc5140c4927947e235a62aa64289aad62f3fa51c867ee8ed2458e198852ac1"", ""capacity_run_id"": ""d79f586d-160a-47d8-9546-69b566a24dbc"", ""capacity_source_age_hours_at_calculation"": 15.92, ""direction_mapping"": {""capacity"": ""TD1"", ""forecast"": ""FH"", ""method"": ""FH=operator default direction=TD1; BH=opposite direction=TD2"", ""operator_direction_notice_url"": ""https://pipeline2.kindermorgan.com/Notices/NoticeDetail.aspx?code=TGP&notc_nbr=363144"", ""operator_segment_map_url"": ""https://pipeline2.kindermorgan.com/Documents/TGP/TGP_Segment_-_Pin_Map-20260721125239.pdf""}, ""interpretation"": ""Conditional scheduled shortfall if the captured net schedule holds; not physical flow, curtailment, or a price prediction."", ""operator_capacity_caveat"": ""Flow Indicator (Flow Ind)\n\nTD1 - Flow in the direction as shown on the pipeline segment map.\n\nTD2 - Flow in the opposite direction shown on the pipeline segment map.\n\n1) Design Capacity generally reflects the physical capacity of a segment as determined by a capacity model utilizing current contractual receipt/delivery quantities and a reasonable set of engineering assumptions and parameters.\n2) Design Capacity may be updated periodically to reflect changes in contractual receipt/delivery patterns, paths that do not utilize the entire segment and/or capacity modeling parameters.\n3) Operationally Available Capacity may be updated throughout the day to account for changes including, but not limited to: netting of bidirectional nominations, partial segment path nominations, storage swing services, exchanges, facility outages, and imbalance management.\n4) Total Scheduled Quantity is the resulting scheduled volume after netting scheduled volumes in both flow directions.\u00a0 This quantity for each segment is displayed only in the resulting net physical flow direction of the segment.\u00a0 Opposite of the physical flow direction will display a quantity of zero although there could be volumes scheduled. For further explanation, contact your Scheduling Representative. \u00a0\u00a0\n5) The net Total Scheduled Quantity may result in a quantity different than Operating Capacity due to the confirmation process after scheduling.\n6) Operating Capacity may be different than Design Capacity based on the periodic, non-permanent anticipated or observed operational pipeline conditions including, but not limited to: higher or lower average thermal content of the gas, higher or lower pressure from interconnecting pipelines, on-going maintenance, etc.\n7) Operating Capacity may be greater than the Design Capacity of the segment to accommodate scheduling of services that contain rights to multiple, redundant firm transportation paths which can be served entirely or in part through an alternate physical path.\n8) The IT Indicator shows whether gas has been scheduled under any interruptible service."", ""report_artifact_id"": ""km_tgp_notice_detail:1788197456279496000:cc4e15187816ef531b2c0d32f54f0c4fc2731bd4f14670beb540a5551574d909""}",2026-08-31T17:42:15.945168Z,km_tgp_notice_detail:1788197456279496000:cc4e15187816ef531b2c0d32f54f0c4fc2731bd4f14670beb540a5551574d909,km_tgp_segment_capacity:1788198122755547000:8fdc5140c4927947e235a62aa64289aad62f3fa51c867ee8ed2458e198852ac1
tgp-impact:496726468d8a174160094e6d7417723f86792d0e1584988ef029ff08aeadb3e6,403802,2026-08-27,2026-09-04,2026-09-04,Station 63 (segment 163 FH),163,FH,TD1,Z1,STA 63,2026-08-31,EVENING,901000,485499,415501,1242000,1117000,125000,0,631501,pre_event,normalized_name,monitor,unresolved,"No licensed regional basis observations or exact TGP leg-to-contract mapping are loaded. Henry Hub NG is a national benchmark, not direct evidence of this TGP event's price exposure.",https://www.cmegroup.com/markets/energy/natural-gas/natural-gas.html,"[""Future nominations and rerouting are not observed; the shortfall assumes the captured schedule is unchanged.""]","{""calculation"": ""max(0, baseline scheduled quantity - forecast operating capacity)"", ""capacity_artifact_id"": ""km_tgp_segment_capacity:1788198122755547000:8fdc5140c4927947e235a62aa64289aad62f3fa51c867ee8ed2458e198852ac1"", ""capacity_run_id"": ""d79f586d-160a-47d8-9546-69b566a24dbc"", ""capacity_source_age_hours_at_calculation"": 15.92, ""direction_mapping"": {""capacity"": ""TD1"", ""forecast"": ""FH"", ""method"": ""FH=operator default direction=TD1; BH=opposite direction=TD2"", ""operator_direction_notice_url"": ""https://pipeline2.kindermorgan.com/Notices/NoticeDetail.aspx?code=TGP&notc_nbr=363144"", ""operator_segment_map_url"": ""https://pipeline2.kindermorgan.com/Documents/TGP/TGP_Segment_-_Pin_Map-20260721125239.pdf""}, ""interpretation"": ""Conditional scheduled shortfall if the captured net schedule holds; not physical flow, curtailment, or a price prediction."", ""operator_capacity_caveat"": ""Flow Indicator (Flow Ind)\n\nTD1 - Flow in the direction as shown on the pipeline segment map.\n\nTD2 - Flow in the opposite direction shown on the pipeline segment map.\n\n1) Design Capacity generally reflects the physical capacity of a segment as determined by a capacity model utilizing current contractual receipt/delivery quantities and a reasonable set of engineering assumptions and parameters.\n2) Design Capacity may be updated periodically to reflect changes in contractual receipt/delivery patterns, paths that do not utilize the entire segment and/or capacity modeling parameters.\n3) Operationally Available Capacity may be updated throughout the day to account for changes including, but not limited to: netting of bidirectional nominations, partial segment path nominations, storage swing services, exchanges, facility outages, and imbalance management.\n4) Total Scheduled Quantity is the resulting scheduled volume after netting scheduled volumes in both flow directions.\u00a0 This quantity for each segment is displayed only in the resulting net physical flow direction of the segment.\u00a0 Opposite of the physical flow direction will display a quantity of zero although there could be volumes scheduled. For further explanation, contact your Scheduling Representative. \u00a0\u00a0\n5) The net Total Scheduled Quantity may result in a quantity different than Operating Capacity due to the confirmation process after scheduling.\n6) Operating Capacity may be different than Design Capacity based on the periodic, non-permanent anticipated or observed operational pipeline conditions including, but not limited to: higher or lower average thermal content of the gas, higher or lower pressure from interconnecting pipelines, on-going maintenance, etc.\n7) Operating Capacity may be greater than the Design Capacity of the segment to accommodate scheduling of services that contain rights to multiple, redundant firm transportation paths which can be served entirely or in part through an alternate physical path.\n8) The IT Indicator shows whether gas has been scheduled under any interruptible service."", ""report_artifact_id"": ""km_tgp_notice_detail:1788197456279496000:cc4e15187816ef531b2c0d32f54f0c4fc2731bd4f14670beb540a5551574d909""}",2026-08-31T17:42:15.945168Z,km_tgp_notice_detail:1788197456279496000:cc4e15187816ef531b2c0d32f54f0c4fc2731bd4f14670beb540a5551574d909,km_tgp_segment_capacity:1788198122755547000:8fdc5140c4927947e235a62aa64289aad62f3fa51c867ee8ed2458e198852ac1
tgp-impact:e3a1a80d8200441612d66eeaea1eac94b117ade6830058aa042e75e6d0e486b4,403802,2026-08-27,2026-09-05,2026-09-05,Station 63 (segment 163 FH),163,FH,TD1,Z1,STA 63,2026-08-31,EVENING,901000,485499,415501,1242000,1117000,125000,0,631501,pre_event,normalized_name,monitor,unresolved,"No licensed regional basis observations or exact TGP leg-to-contract mapping are loaded. Henry Hub NG is a national benchmark, not direct evidence of this TGP event's price exposure.",https://www.cmegroup.com/markets/energy/natural-gas/natural-gas.html,"[""Future nominations and rerouting are not observed; the shortfall assumes the captured schedule is unchanged.""]","{""calculation"": ""max(0, baseline scheduled quantity - forecast operating capacity)"", ""capacity_artifact_id"": ""km_tgp_segment_capacity:1788198122755547000:8fdc5140c4927947e235a62aa64289aad62f3fa51c867ee8ed2458e198852ac1"", ""capacity_run_id"": ""d79f586d-160a-47d8-9546-69b566a24dbc"", ""capacity_source_age_hours_at_calculation"": 15.92, ""direction_mapping"": {""capacity"": ""TD1"", ""forecast"": ""FH"", ""method"": ""FH=operator default direction=TD1; BH=opposite direction=TD2"", ""operator_direction_notice_url"": ""https://pipeline2.kindermorgan.com/Notices/NoticeDetail.aspx?code=TGP&notc_nbr=363144"", ""operator_segment_map_url"": ""https://pipeline2.kindermorgan.com/Documents/TGP/TGP_Segment_-_Pin_Map-20260721125239.pdf""}, ""interpretation"": ""Conditional scheduled shortfall if the captured net schedule holds; not physical flow, curtailment, or a price prediction."", ""operator_capacity_caveat"": ""Flow Indicator (Flow Ind)\n\nTD1 - Flow in the direction as shown on the pipeline segment map.\n\nTD2 - Flow in the opposite direction shown on the pipeline segment map.\n\n1) Design Capacity generally reflects the physical capacity of a segment as determined by a capacity model utilizing current contractual receipt/delivery quantities and a reasonable set of engineering assumptions and parameters.\n2) Design Capacity may be updated periodically to reflect changes in contractual receipt/delivery patterns, paths that do not utilize the entire segment and/or capacity modeling parameters.\n3) Operationally Available Capacity may be updated throughout the day to account for changes including, but not limited to: netting of bidirectional nominations, partial segment path nominations, storage swing services, exchanges, facility outages, and imbalance management.\n4) Total Scheduled Quantity is the resulting scheduled volume after netting scheduled volumes in both flow directions.\u00a0 This quantity for each segment is displayed only in the resulting net physical flow direction of the segment.\u00a0 Opposite of the physical flow direction will display a quantity of zero although there could be volumes scheduled. For further explanation, contact your Scheduling Representative. \u00a0\u00a0\n5) The net Total Scheduled Quantity may result in a quantity different than Operating Capacity due to the confirmation process after scheduling.\n6) Operating Capacity may be different than Design Capacity based on the periodic, non-permanent anticipated or observed operational pipeline conditions including, but not limited to: higher or lower average thermal content of the gas, higher or lower pressure from interconnecting pipelines, on-going maintenance, etc.\n7) Operating Capacity may be greater than the Design Capacity of the segment to accommodate scheduling of services that contain rights to multiple, redundant firm transportation paths which can be served entirely or in part through an alternate physical path.\n8) The IT Indicator shows whether gas has been scheduled under any interruptible service."", ""report_artifact_id"": ""km_tgp_notice_detail:1788197456279496000:cc4e15187816ef531b2c0d32f54f0c4fc2731bd4f14670beb540a5551574d909""}",2026-08-31T17:42:15.945168Z,km_tgp_notice_detail:1788197456279496000:cc4e15187816ef531b2c0d32f54f0c4fc2731bd4f14670beb540a5551574d909,km_tgp_segment_capacity:1788198122755547000:8fdc5140c4927947e235a62aa64289aad62f3fa51c867ee8ed2458e198852ac1
tgp-impact:d826ff948bb4f7dc153335155f80f46a7d027271fad18a0e3156defd8aabe519,403802,2026-08-27,2026-09-06,2026-09-06,Station 63 (segment 163 FH),163,FH,TD1,Z1,STA 63,2026-08-31,EVENING,901000,485499,415501,1242000,1117000,125000,0,631501,pre_event,normalized_name,monitor,unresolved,"No licensed regional basis observations or exact TGP leg-to-contract mapping are loaded. Henry Hub NG is a national benchmark, not direct evidence of this TGP event's price exposure.",https://www.cmegroup.com/markets/energy/natural-gas/natural-gas.html,"[""Future nominations and rerouting are not observed; the shortfall assumes the captured schedule is unchanged.""]","{""calculation"": ""max(0, baseline scheduled quantity - forecast operating capacity)"", ""capacity_artifact_id"": ""km_tgp_segment_capacity:1788198122755547000:8fdc5140c4927947e235a62aa64289aad62f3fa51c867ee8ed2458e198852ac1"", ""capacity_run_id"": ""d79f586d-160a-47d8-9546-69b566a24dbc"", ""capacity_source_age_hours_at_calculation"": 15.92, ""direction_mapping"": {""capacity"": ""TD1"", ""forecast"": ""FH"", ""method"": ""FH=operator default direction=TD1; BH=opposite direction=TD2"", ""operator_direction_notice_url"": ""https://pipeline2.kindermorgan.com/Notices/NoticeDetail.aspx?code=TGP&notc_nbr=363144"", ""operator_segment_map_url"": ""https://pipeline2.kindermorgan.com/Documents/TGP/TGP_Segment_-_Pin_Map-20260721125239.pdf""}, ""interpretation"": ""Conditional scheduled shortfall if the captured net schedule holds; not physical flow, curtailment, or a price prediction."", ""operator_capacity_caveat"": ""Flow Indicator (Flow Ind)\n\nTD1 - Flow in the direction as shown on the pipeline segment map.\n\nTD2 - Flow in the opposite direction shown on the pipeline segment map.\n\n1) Design Capacity generally reflects the physical capacity of a segment as determined by a capacity model utilizing current contractual receipt/delivery quantities and a reasonable set of engineering assumptions and parameters.\n2) Design Capacity may be updated periodically to reflect changes in contractual receipt/delivery patterns, paths that do not utilize the entire segment and/or capacity modeling parameters.\n3) Operationally Available Capacity may be updated throughout the day to account for changes including, but not limited to: netting of bidirectional nominations, partial segment path nominations, storage swing services, exchanges, facility outages, and imbalance management.\n4) Total Scheduled Quantity is the resulting scheduled volume after netting scheduled volumes in both flow directions.\u00a0 This quantity for each segment is displayed only in the resulting net physical flow direction of the segment.\u00a0 Opposite of the physical flow direction will display a quantity of zero although there could be volumes scheduled. For further explanation, contact your Scheduling Representative. \u00a0\u00a0\n5) The net Total Scheduled Quantity may result in a quantity different than Operating Capacity due to the confirmation process after scheduling.\n6) Operating Capacity may be different than Design Capacity based on the periodic, non-permanent anticipated or observed operational pipeline conditions including, but not limited to: higher or lower average thermal content of the gas, higher or lower pressure from interconnecting pipelines, on-going maintenance, etc.\n7) Operating Capacity may be greater than the Design Capacity of the segment to accommodate scheduling of services that contain rights to multiple, redundant firm transportation paths which can be served entirely or in part through an alternate physical path.\n8) The IT Indicator shows whether gas has been scheduled under any interruptible service."", ""report_artifact_id"": ""km_tgp_notice_detail:1788197456279496000:cc4e15187816ef531b2c0d32f54f0c4fc2731bd4f14670beb540a5551574d909""}",2026-08-31T17:42:15.945168Z,km_tgp_notice_detail:1788197456279496000:cc4e15187816ef531b2c0d32f54f0c4fc2731bd4f14670beb540a5551574d909,km_tgp_segment_capacity:1788198122755547000:8fdc5140c4927947e235a62aa64289aad62f3fa51c867ee8ed2458e198852ac1
tgp-impact:f1d81b326148e9e02cabeb216da1ebdf73a8b65d8a188d8e129c8f7f60db5d63,403802,2026-08-27,2026-09-07,2026-09-13,Station 63 (segment 163 FH),163,FH,TD1,Z1,STA 63,2026-08-31,EVENING,901000,485499,415501,1242000,1117000,125000,0,631501,pre_event,normalized_name,monitor,unresolved,"No licensed regional basis observations or exact TGP leg-to-contract mapping are loaded. Henry Hub NG is a national benchmark, not direct evidence of this TGP event's price exposure.",https://www.cmegroup.com/markets/energy/natural-gas/natural-gas.html,"[""Future nominations and rerouting are not observed; the shortfall assumes the captured schedule is unchanged.""]","{""calculation"": ""max(0, baseline scheduled quantity - forecast operating capacity)"", ""capacity_artifact_id"": ""km_tgp_segment_capacity:1788198122755547000:8fdc5140c4927947e235a62aa64289aad62f3fa51c867ee8ed2458e198852ac1"", ""capacity_run_id"": ""d79f586d-160a-47d8-9546-69b566a24dbc"", ""capacity_source_age_hours_at_calculation"": 15.92, ""direction_mapping"": {""capacity"": ""TD1"", ""forecast"": ""FH"", ""method"": ""FH=operator default direction=TD1; BH=opposite direction=TD2"", ""operator_direction_notice_url"": ""https://pipeline2.kindermorgan.com/Notices/NoticeDetail.aspx?code=TGP&notc_nbr=363144"", ""operator_segment_map_url"": ""https://pipeline2.kindermorgan.com/Documents/TGP/TGP_Segment_-_Pin_Map-20260721125239.pdf""}, ""interpretation"": ""Conditional scheduled shortfall if the captured net schedule holds; not physical flow, curtailment, or a price prediction."", ""operator_capacity_caveat"": ""Flow Indicator (Flow Ind)\n\nTD1 - Flow in the direction as shown on the pipeline segment map.\n\nTD2 - Flow in the opposite direction shown on the pipeline segment map.\n\n1) Design Capacity generally reflects the physical capacity of a segment as determined by a capacity model utilizing current contractual receipt/delivery quantities and a reasonable set of engineering assumptions and parameters.\n2) Design Capacity may be updated periodically to reflect changes in contractual receipt/delivery patterns, paths that do not utilize the entire segment and/or capacity modeling parameters.\n3) Operationally Available Capacity may be updated throughout the day to account for changes including, but not limited to: netting of bidirectional nominations, partial segment path nominations, storage swing services, exchanges, facility outages, and imbalance management.\n4) Total Scheduled Quantity is the resulting scheduled volume after netting scheduled volumes in both flow directions.\u00a0 This quantity for each segment is displayed only in the resulting net physical flow direction of the segment.\u00a0 Opposite of the physical flow direction will display a quantity of zero although there could be volumes scheduled. For further explanation, contact your Scheduling Representative. \u00a0\u00a0\n5) The net Total Scheduled Quantity may result in a quantity different than Operating Capacity due to the confirmation process after scheduling.\n6) Operating Capacity may be different than Design Capacity based on the periodic, non-permanent anticipated or observed operational pipeline conditions including, but not limited to: higher or lower average thermal content of the gas, higher or lower pressure from interconnecting pipelines, on-going maintenance, etc.\n7) Operating Capacity may be greater than the Design Capacity of the segment to accommodate scheduling of services that contain rights to multiple, redundant firm transportation paths which can be served entirely or in part through an alternate physical path.\n8) The IT Indicator shows whether gas has been scheduled under any interruptible service."", ""report_artifact_id"": ""km_tgp_notice_detail:1788197456279496000:cc4e15187816ef531b2c0d32f54f0c4fc2731bd4f14670beb540a5551574d909""}",2026-08-31T17:42:15.945168Z,km_tgp_notice_detail:1788197456279496000:cc4e15187816ef531b2c0d32f54f0c4fc2731bd4f14670beb540a5551574d909,km_tgp_segment_capacity:1788198122755547000:8fdc5140c4927947e235a62aa64289aad62f3fa51c867ee8ed2458e198852ac1
tgp-impact:37870d05d5c9d0dde1258ad84c110793c204ac3e9af144106c51a8cdaa712c35,403802,2026-08-27,2026-09-14,2026-09-20,Station 63 (segment 163 FH),163,FH,TD1,Z1,STA 63,2026-08-31,EVENING,901000,485499,415501,1242000,1117000,125000,0,631501,pre_event,normalized_name,monitor,unresolved,"No licensed regional basis observations or exact TGP leg-to-contract mapping are loaded. Henry Hub NG is a national benchmark, not direct evidence of this TGP event's price exposure.",https://www.cmegroup.com/markets/energy/natural-gas/natural-gas.html,"[""Future nominations and rerouting are not observed; the shortfall assumes the captured schedule is unchanged.""]","{""calculation"": ""max(0, baseline scheduled quantity - forecast operating capacity)"", ""capacity_artifact_id"": ""km_tgp_segment_capacity:1788198122755547000:8fdc5140c4927947e235a62aa64289aad62f3fa51c867ee8ed2458e198852ac1"", ""capacity_run_id"": ""d79f586d-160a-47d8-9546-69b566a24dbc"", ""capacity_source_age_hours_at_calculation"": 15.92, ""direction_mapping"": {""capacity"": ""TD1"", ""forecast"": ""FH"", ""method"": ""FH=operator default direction=TD1; BH=opposite direction=TD2"", ""operator_direction_notice_url"": ""https://pipeline2.kindermorgan.com/Notices/NoticeDetail.aspx?code=TGP&notc_nbr=363144"", ""operator_segment_map_url"": ""https://pipeline2.kindermorgan.com/Documents/TGP/TGP_Segment_-_Pin_Map-20260721125239.pdf""}, ""interpretation"": ""Conditional scheduled shortfall if the captured net schedule holds; not physical flow, curtailment, or a price prediction."", ""operator_capacity_caveat"": ""Flow Indicator (Flow Ind)\n\nTD1 - Flow in the direction as shown on the pipeline segment map.\n\nTD2 - Flow in the opposite direction shown on the pipeline segment map.\n\n1) Design Capacity generally reflects the physical capacity of a segment as determined by a capacity model utilizing current contractual receipt/delivery quantities and a reasonable set of engineering assumptions and parameters.\n2) Design Capacity may be updated periodically to reflect changes in contractual receipt/delivery patterns, paths that do not utilize the entire segment and/or capacity modeling parameters.\n3) Operationally Available Capacity may be updated throughout the day to account for changes including, but not limited to: netting of bidirectional nominations, partial segment path nominations, storage swing services, exchanges, facility outages, and imbalance management.\n4) Total Scheduled Quantity is the resulting scheduled volume after netting scheduled volumes in both flow directions.\u00a0 This quantity for each segment is displayed only in the resulting net physical flow direction of the segment.\u00a0 Opposite of the physical flow direction will display a quantity of zero although there could be volumes scheduled. For further explanation, contact your Scheduling Representative. \u00a0\u00a0\n5) The net Total Scheduled Quantity may result in a quantity different than Operating Capacity due to the confirmation process after scheduling.\n6) Operating Capacity may be different than Design Capacity based on the periodic, non-permanent anticipated or observed operational pipeline conditions including, but not limited to: higher or lower average thermal content of the gas, higher or lower pressure from interconnecting pipelines, on-going maintenance, etc.\n7) Operating Capacity may be greater than the Design Capacity of the segment to accommodate scheduling of services that contain rights to multiple, redundant firm transportation paths which can be served entirely or in part through an alternate physical path.\n8) The IT Indicator shows whether gas has been scheduled under any interruptible service."", ""report_artifact_id"": ""km_tgp_notice_detail:1788197456279496000:cc4e15187816ef531b2c0d32f54f0c4fc2731bd4f14670beb540a5551574d909""}",2026-08-31T17:42:15.945168Z,km_tgp_notice_detail:1788197456279496000:cc4e15187816ef531b2c0d32f54f0c4fc2731bd4f14670beb540a5551574d909,km_tgp_segment_capacity:1788198122755547000:8fdc5140c4927947e235a62aa64289aad62f3fa51c867ee8ed2458e198852ac1
tgp-impact:371346c886c0df09fdd59368ea73aa1b23fc67e95574753d2e59b4a25c337312,403802,2026-08-27,2026-09-21,2026-09-27,Station 63 (segment 163 FH),163,FH,TD1,Z1,STA 63,2026-08-31,EVENING,901000,485499,415501,1242000,1117000,125000,0,631501,pre_event,normalized_name,monitor,unresolved,"No licensed regional basis observations or exact TGP leg-to-contract mapping are loaded. Henry Hub NG is a national benchmark, not direct evidence of this TGP event's price exposure.",https://www.cmegroup.com/markets/energy/natural-gas/natural-gas.html,"[""Future nominations and rerouting are not observed; the shortfall assumes the captured schedule is unchanged.""]","{""calculation"": ""max(0, baseline scheduled quantity - forecast operating capacity)"", ""capacity_artifact_id"": ""km_tgp_segment_capacity:1788198122755547000:8fdc5140c4927947e235a62aa64289aad62f3fa51c867ee8ed2458e198852ac1"", ""capacity_run_id"": ""d79f586d-160a-47d8-9546-69b566a24dbc"", ""capacity_source_age_hours_at_calculation"": 15.92, ""direction_mapping"": {""capacity"": ""TD1"", ""forecast"": ""FH"", ""method"": ""FH=operator default direction=TD1; BH=opposite direction=TD2"", ""operator_direction_notice_url"": ""https://pipeline2.kindermorgan.com/Notices/NoticeDetail.aspx?code=TGP&notc_nbr=363144"", ""operator_segment_map_url"": ""https://pipeline2.kindermorgan.com/Documents/TGP/TGP_Segment_-_Pin_Map-20260721125239.pdf""}, ""interpretation"": ""Conditional scheduled shortfall if the captured net schedule holds; not physical flow, curtailment, or a price prediction."", ""operator_capacity_caveat"": ""Flow Indicator (Flow Ind)\n\nTD1 - Flow in the direction as shown on the pipeline segment map.\n\nTD2 - Flow in the opposite direction shown on the pipeline segment map.\n\n1) Design Capacity generally reflects the physical capacity of a segment as determined by a capacity model utilizing current contractual receipt/delivery quantities and a reasonable set of engineering assumptions and parameters.\n2) Design Capacity may be updated periodically to reflect changes in contractual receipt/delivery patterns, paths that do not utilize the entire segment and/or capacity modeling parameters.\n3) Operationally Available Capacity may be updated throughout the day to account for changes including, but not limited to: netting of bidirectional nominations, partial segment path nominations, storage swing services, exchanges, facility outages, and imbalance management.\n4) Total Scheduled Quantity is the resulting scheduled volume after netting scheduled volumes in both flow directions.\u00a0 This quantity for each segment is displayed only in the resulting net physical flow direction of the segment.\u00a0 Opposite of the physical flow direction will display a quantity of zero although there could be volumes scheduled. For further explanation, contact your Scheduling Representative. \u00a0\u00a0\n5) The net Total Scheduled Quantity may result in a quantity different than Operating Capacity due to the confirmation process after scheduling.\n6) Operating Capacity may be different than Design Capacity based on the periodic, non-permanent anticipated or observed operational pipeline conditions including, but not limited to: higher or lower average thermal content of the gas, higher or lower pressure from interconnecting pipelines, on-going maintenance, etc.\n7) Operating Capacity may be greater than the Design Capacity of the segment to accommodate scheduling of services that contain rights to multiple, redundant firm transportation paths which can be served entirely or in part through an alternate physical path.\n8) The IT Indicator shows whether gas has been scheduled under any interruptible service."", ""report_artifact_id"": ""km_tgp_notice_detail:1788197456279496000:cc4e15187816ef531b2c0d32f54f0c4fc2731bd4f14670beb540a5551574d909""}",2026-08-31T17:42:15.945168Z,km_tgp_notice_detail:1788197456279496000:cc4e15187816ef531b2c0d32f54f0c4fc2731bd4f14670beb540a5551574d909,km_tgp_segment_capacity:1788198122755547000:8fdc5140c4927947e235a62aa64289aad62f3fa51c867ee8ed2458e198852ac1
tgp-impact:3342ae2095da0db39f3e8f6a00ed4b9ced0185a7c2596f5ea31bc6cbdf790bd6,403802,2026-08-27,2026-09-28,2026-10-04,Station 63 (segment 163 FH),163,FH,TD1,Z1,STA 63,2026-08-31,EVENING,901000,485499,415501,1242000,1117000,125000,0,631501,pre_event,normalized_name,monitor,unresolved,"No licensed regional basis observations or exact TGP leg-to-contract mapping are loaded. Henry Hub NG is a national benchmark, not direct evidence of this TGP event's price exposure.",https://www.cmegroup.com/markets/energy/natural-gas/natural-gas.html,"[""Future nominations and rerouting are not observed; the shortfall assumes the captured schedule is unchanged.""]","{""calculation"": ""max(0, baseline scheduled quantity - forecast operating capacity)"", ""capacity_artifact_id"": ""km_tgp_segment_capacity:1788198122755547000:8fdc5140c4927947e235a62aa64289aad62f3fa51c867ee8ed2458e198852ac1"", ""capacity_run_id"": ""d79f586d-160a-47d8-9546-69b566a24dbc"", ""capacity_source_age_hours_at_calculation"": 15.92, ""direction_mapping"": {""capacity"": ""TD1"", ""forecast"": ""FH"", ""method"": ""FH=operator default direction=TD1; BH=opposite direction=TD2"", ""operator_direction_notice_url"": ""https://pipeline2.kindermorgan.com/Notices/NoticeDetail.aspx?code=TGP&notc_nbr=363144"", ""operator_segment_map_url"": ""https://pipeline2.kindermorgan.com/Documents/TGP/TGP_Segment_-_Pin_Map-20260721125239.pdf""}, ""interpretation"": ""Conditional scheduled shortfall if the captured net schedule holds; not physical flow, curtailment, or a price prediction."", ""operator_capacity_caveat"": ""Flow Indicator (Flow Ind)\n\nTD1 - Flow in the direction as shown on the pipeline segment map.\n\nTD2 - Flow in the opposite direction shown on the pipeline segment map.\n\n1) Design Capacity generally reflects the physical capacity of a segment as determined by a capacity model utilizing current contractual receipt/delivery quantities and a reasonable set of engineering assumptions and parameters.\n2) Design Capacity may be updated periodically to reflect changes in contractual receipt/delivery patterns, paths that do not utilize the entire segment and/or capacity modeling parameters.\n3) Operationally Available Capacity may be updated throughout the day to account for changes including, but not limited to: netting of bidirectional nominations, partial segment path nominations, storage swing services, exchanges, facility outages, and imbalance management.\n4) Total Scheduled Quantity is the resulting scheduled volume after netting scheduled volumes in both flow directions.\u00a0 This quantity for each segment is displayed only in the resulting net physical flow direction of the segment.\u00a0 Opposite of the physical flow direction will display a quantity of zero although there could be volumes scheduled. For further explanation, contact your Scheduling Representative. \u00a0\u00a0\n5) The net Total Scheduled Quantity may result in a quantity different than Operating Capacity due to the confirmation process after scheduling.\n6) Operating Capacity may be different than Design Capacity based on the periodic, non-permanent anticipated or observed operational pipeline conditions including, but not limited to: higher or lower average thermal content of the gas, higher or lower pressure from interconnecting pipelines, on-going maintenance, etc.\n7) Operating Capacity may be greater than the Design Capacity of the segment to accommodate scheduling of services that contain rights to multiple, redundant firm transportation paths which can be served entirely or in part through an alternate physical path.\n8) The IT Indicator shows whether gas has been scheduled under any interruptible service."", ""report_artifact_id"": ""km_tgp_notice_detail:1788197456279496000:cc4e15187816ef531b2c0d32f54f0c4fc2731bd4f14670beb540a5551574d909""}",2026-08-31T17:42:15.945168Z,km_tgp_notice_detail:1788197456279496000:cc4e15187816ef531b2c0d32f54f0c4fc2731bd4f14670beb540a5551574d909,km_tgp_segment_capacity:1788198122755547000:8fdc5140c4927947e235a62aa64289aad62f3fa51c867ee8ed2458e198852ac1
tgp-impact:f2b8a5c87c66e0e7909d8970189186d2405609fda27c766a595eee0e771fd935,403802,2026-08-27,2026-10-05,2026-10-11,Station 63 (segment 163 FH),163,FH,TD1,Z1,STA 63,2026-08-31,EVENING,901000,485499,415501,1242000,1117000,125000,0,631501,pre_event,normalized_name,monitor,unresolved,"No licensed regional basis observations or exact TGP leg-to-contract mapping are loaded. Henry Hub NG is a national benchmark, not direct evidence of this TGP event's price exposure.",https://www.cmegroup.com/markets/energy/natural-gas/natural-gas.html,"[""Future nominations and rerouting are not observed; the shortfall assumes the captured schedule is unchanged.""]","{""calculation"": ""max(0, baseline scheduled quantity - forecast operating capacity)"", ""capacity_artifact_id"": ""km_tgp_segment_capacity:1788198122755547000:8fdc5140c4927947e235a62aa64289aad62f3fa51c867ee8ed2458e198852ac1"", ""capacity_run_id"": ""d79f586d-160a-47d8-9546-69b566a24dbc"", ""capacity_source_age_hours_at_calculation"": 15.92, ""direction_mapping"": {""capacity"": ""TD1"", ""forecast"": ""FH"", ""method"": ""FH=operator default direction=TD1; BH=opposite direction=TD2"", ""operator_direction_notice_url"": ""https://pipeline2.kindermorgan.com/Notices/NoticeDetail.aspx?code=TGP&notc_nbr=363144"", ""operator_segment_map_url"": ""https://pipeline2.kindermorgan.com/Documents/TGP/TGP_Segment_-_Pin_Map-20260721125239.pdf""}, ""interpretation"": ""Conditional scheduled shortfall if the captured net schedule holds; not physical flow, curtailment, or a price prediction."", ""operator_capacity_caveat"": ""Flow Indicator (Flow Ind)\n\nTD1 - Flow in the direction as shown on the pipeline segment map.\n\nTD2 - Flow in the opposite direction shown on the pipeline segment map.\n\n1) Design Capacity generally reflects the physical capacity of a segment as determined by a capacity model utilizing current contractual receipt/delivery quantities and a reasonable set of engineering assumptions and parameters.\n2) Design Capacity may be updated periodically to reflect changes in contractual receipt/delivery patterns, paths that do not utilize the entire segment and/or capacity modeling parameters.\n3) Operationally Available Capacity may be updated throughout the day to account for changes including, but not limited to: netting of bidirectional nominations, partial segment path nominations, storage swing services, exchanges, facility outages, and imbalance management.\n4) Total Scheduled Quantity is the resulting scheduled volume after netting scheduled volumes in both flow directions.\u00a0 This quantity for each segment is displayed only in the resulting net physical flow direction of the segment.\u00a0 Opposite of the physical flow direction will display a quantity of zero although there could be volumes scheduled. For further explanation, contact your Scheduling Representative. \u00a0\u00a0\n5) The net Total Scheduled Quantity may result in a quantity different than Operating Capacity due to the confirmation process after scheduling.\n6) Operating Capacity may be different than Design Capacity based on the periodic, non-permanent anticipated or observed operational pipeline conditions including, but not limited to: higher or lower average thermal content of the gas, higher or lower pressure from interconnecting pipelines, on-going maintenance, etc.\n7) Operating Capacity may be greater than the Design Capacity of the segment to accommodate scheduling of services that contain rights to multiple, redundant firm transportation paths which can be served entirely or in part through an alternate physical path.\n8) The IT Indicator shows whether gas has been scheduled under any interruptible service."", ""report_artifact_id"": ""km_tgp_notice_detail:1788197456279496000:cc4e15187816ef531b2c0d32f54f0c4fc2731bd4f14670beb540a5551574d909""}",2026-08-31T17:42:15.945168Z,km_tgp_notice_detail:1788197456279496000:cc4e15187816ef531b2c0d32f54f0c4fc2731bd4f14670beb540a5551574d909,km_tgp_segment_capacity:1788198122755547000:8fdc5140c4927947e235a62aa64289aad62f3fa51c867ee8ed2458e198852ac1
tgp-impact:3d96efdae11006f9566d85f608df520133c387b21d8466a4b5dd7111d93cb57c,403802,2026-08-27,2026-10-12,2026-10-18,Station 63 (segment 163 FH),163,FH,TD1,Z1,STA 63,2026-08-31,EVENING,901000,485499,415501,1242000,1117000,125000,0,631501,pre_event,normalized_name,monitor,unresolved,"No licensed regional basis observations or exact TGP leg-to-contract mapping are loaded. Henry Hub NG is a national benchmark, not direct evidence of this TGP event's price exposure.",https://www.cmegroup.com/markets/energy/natural-gas/natural-gas.html,"[""Future nominations and rerouting are not observed; the shortfall assumes the captured schedule is unchanged.""]","{""calculation"": ""max(0, baseline scheduled quantity - forecast operating capacity)"", ""capacity_artifact_id"": ""km_tgp_segment_capacity:1788198122755547000:8fdc5140c4927947e235a62aa64289aad62f3fa51c867ee8ed2458e198852ac1"", ""capacity_run_id"": ""d79f586d-160a-47d8-9546-69b566a24dbc"", ""capacity_source_age_hours_at_calculation"": 15.92, ""direction_mapping"": {""capacity"": ""TD1"", ""forecast"": ""FH"", ""method"": ""FH=operator default direction=TD1; BH=opposite direction=TD2"", ""operator_direction_notice_url"": ""https://pipeline2.kindermorgan.com/Notices/NoticeDetail.aspx?code=TGP&notc_nbr=363144"", ""operator_segment_map_url"": ""https://pipeline2.kindermorgan.com/Documents/TGP/TGP_Segment_-_Pin_Map-20260721125239.pdf""}, ""interpretation"": ""Conditional scheduled shortfall if the captured net schedule holds; not physical flow, curtailment, or a price prediction."", ""operator_capacity_caveat"": ""Flow Indicator (Flow Ind)\n\nTD1 - Flow in the direction as shown on the pipeline segment map.\n\nTD2 - Flow in the opposite direction shown on the pipeline segment map.\n\n1) Design Capacity generally reflects the physical capacity of a segment as determined by a capacity model utilizing current contractual receipt/delivery quantities and a reasonable set of engineering assumptions and parameters.\n2) Design Capacity may be updated periodically to reflect changes in contractual receipt/delivery patterns, paths that do not utilize the entire segment and/or capacity modeling parameters.\n3) Operationally Available Capacity may be updated throughout the day to account for changes including, but not limited to: netting of bidirectional nominations, partial segment path nominations, storage swing services, exchanges, facility outages, and imbalance management.\n4) Total Scheduled Quantity is the resulting scheduled volume after netting scheduled volumes in both flow directions.\u00a0 This quantity for each segment is displayed only in the resulting net physical flow direction of the segment.\u00a0 Opposite of the physical flow direction will display a quantity of zero although there could be volumes scheduled. For further explanation, contact your Scheduling Representative. \u00a0\u00a0\n5) The net Total Scheduled Quantity may result in a quantity different than Operating Capacity due to the confirmation process after scheduling.\n6) Operating Capacity may be different than Design Capacity based on the periodic, non-permanent anticipated or observed operational pipeline conditions including, but not limited to: higher or lower average thermal content of the gas, higher or lower pressure from interconnecting pipelines, on-going maintenance, etc.\n7) Operating Capacity may be greater than the Design Capacity of the segment to accommodate scheduling of services that contain rights to multiple, redundant firm transportation paths which can be served entirely or in part through an alternate physical path.\n8) The IT Indicator shows whether gas has been scheduled under any interruptible service."", ""report_artifact_id"": ""km_tgp_notice_detail:1788197456279496000:cc4e15187816ef531b2c0d32f54f0c4fc2731bd4f14670beb540a5551574d909""}",2026-08-31T17:42:15.945168Z,km_tgp_notice_detail:1788197456279496000:cc4e15187816ef531b2c0d32f54f0c4fc2731bd4f14670beb540a5551574d909,km_tgp_segment_capacity:1788198122755547000:8fdc5140c4927947e235a62aa64289aad62f3fa51c867ee8ed2458e198852ac1
tgp-impact:7633971b988f93955503559a71d6cf31c9f32d5b98d6f5f96a6cc57a8f80389c,403802,2026-08-27,2026-10-19,2026-10-25,Station 63 (segment 163 FH),163,FH,TD1,Z1,STA 63,2026-08-31,EVENING,901000,485499,415501,1242000,1117000,125000,0,631501,pre_event,normalized_name,monitor,unresolved,"No licensed regional basis observations or exact TGP leg-to-contract mapping are loaded. Henry Hub NG is a national benchmark, not direct evidence of this TGP event's price exposure.",https://www.cmegroup.com/markets/energy/natural-gas/natural-gas.html,"[""Future nominations and rerouting are not observed; the shortfall assumes the captured schedule is unchanged.""]","{""calculation"": ""max(0, baseline scheduled quantity - forecast operating capacity)"", ""capacity_artifact_id"": ""km_tgp_segment_capacity:1788198122755547000:8fdc5140c4927947e235a62aa64289aad62f3fa51c867ee8ed2458e198852ac1"", ""capacity_run_id"": ""d79f586d-160a-47d8-9546-69b566a24dbc"", ""capacity_source_age_hours_at_calculation"": 15.92, ""direction_mapping"": {""capacity"": ""TD1"", ""forecast"": ""FH"", ""method"": ""FH=operator default direction=TD1; BH=opposite direction=TD2"", ""operator_direction_notice_url"": ""https://pipeline2.kindermorgan.com/Notices/NoticeDetail.aspx?code=TGP&notc_nbr=363144"", ""operator_segment_map_url"": ""https://pipeline2.kindermorgan.com/Documents/TGP/TGP_Segment_-_Pin_Map-20260721125239.pdf""}, ""interpretation"": ""Conditional scheduled shortfall if the captured net schedule holds; not physical flow, curtailment, or a price prediction."", ""operator_capacity_caveat"": ""Flow Indicator (Flow Ind)\n\nTD1 - Flow in the direction as shown on the pipeline segment map.\n\nTD2 - Flow in the opposite direction shown on the pipeline segment map.\n\n1) Design Capacity generally reflects the physical capacity of a segment as determined by a capacity model utilizing current contractual receipt/delivery quantities and a reasonable set of engineering assumptions and parameters.\n2) Design Capacity may be updated periodically to reflect changes in contractual receipt/delivery patterns, paths that do not utilize the entire segment and/or capacity modeling parameters.\n3) Operationally Available Capacity may be updated throughout the day to account for changes including, but not limited to: netting of bidirectional nominations, partial segment path nominations, storage swing services, exchanges, facility outages, and imbalance management.\n4) Total Scheduled Quantity is the resulting scheduled volume after netting scheduled volumes in both flow directions.\u00a0 This quantity for each segment is displayed only in the resulting net physical flow direction of the segment.\u00a0 Opposite of the physical flow direction will display a quantity of zero although there could be volumes scheduled. For further explanation, contact your Scheduling Representative. \u00a0\u00a0\n5) The net Total Scheduled Quantity may result in a quantity different than Operating Capacity due to the confirmation process after scheduling.\n6) Operating Capacity may be different than Design Capacity based on the periodic, non-permanent anticipated or observed operational pipeline conditions including, but not limited to: higher or lower average thermal content of the gas, higher or lower pressure from interconnecting pipelines, on-going maintenance, etc.\n7) Operating Capacity may be greater than the Design Capacity of the segment to accommodate scheduling of services that contain rights to multiple, redundant firm transportation paths which can be served entirely or in part through an alternate physical path.\n8) The IT Indicator shows whether gas has been scheduled under any interruptible service."", ""report_artifact_id"": ""km_tgp_notice_detail:1788197456279496000:cc4e15187816ef531b2c0d32f54f0c4fc2731bd4f14670beb540a5551574d909""}",2026-08-31T17:42:15.945168Z,km_tgp_notice_detail:1788197456279496000:cc4e15187816ef531b2c0d32f54f0c4fc2731bd4f14670beb540a5551574d909,km_tgp_segment_capacity:1788198122755547000:8fdc5140c4927947e235a62aa64289aad62f3fa51c867ee8ed2458e198852ac1
tgp-impact:124c98f83b55923bfd12413b2c2bfb559bb25ef7d5e0e39d07882dfc01119982,403802,2026-08-27,2026-10-26,2026-11-01,Station 63 (segment 163 FH),163,FH,TD1,Z1,STA 63,2026-08-31,EVENING,901000,485499,415501,1242000,1117000,125000,0,631501,pre_event,normalized_name,monitor,unresolved,"No licensed regional basis observations or exact TGP leg-to-contract mapping are loaded. Henry Hub NG is a national benchmark, not direct evidence of this TGP event's price exposure.",https://www.cmegroup.com/markets/energy/natural-gas/natural-gas.html,"[""Future nominations and rerouting are not observed; the shortfall assumes the captured schedule is unchanged.""]","{""calculation"": ""max(0, baseline scheduled quantity - forecast operating capacity)"", ""capacity_artifact_id"": ""km_tgp_segment_capacity:1788198122755547000:8fdc5140c4927947e235a62aa64289aad62f3fa51c867ee8ed2458e198852ac1"", ""capacity_run_id"": ""d79f586d-160a-47d8-9546-69b566a24dbc"", ""capacity_source_age_hours_at_calculation"": 15.92, ""direction_mapping"": {""capacity"": ""TD1"", ""forecast"": ""FH"", ""method"": ""FH=operator default direction=TD1; BH=opposite direction=TD2"", ""operator_direction_notice_url"": ""https://pipeline2.kindermorgan.com/Notices/NoticeDetail.aspx?code=TGP&notc_nbr=363144"", ""operator_segment_map_url"": ""https://pipeline2.kindermorgan.com/Documents/TGP/TGP_Segment_-_Pin_Map-20260721125239.pdf""}, ""interpretation"": ""Conditional scheduled shortfall if the captured net schedule holds; not physical flow, curtailment, or a price prediction."", ""operator_capacity_caveat"": ""Flow Indicator (Flow Ind)\n\nTD1 - Flow in the direction as shown on the pipeline segment map.\n\nTD2 - Flow in the opposite direction shown on the pipeline segment map.\n\n1) Design Capacity generally reflects the physical capacity of a segment as determined by a capacity model utilizing current contractual receipt/delivery quantities and a reasonable set of engineering assumptions and parameters.\n2) Design Capacity may be updated periodically to reflect changes in contractual receipt/delivery patterns, paths that do not utilize the entire segment and/or capacity modeling parameters.\n3) Operationally Available Capacity may be updated throughout the day to account for changes including, but not limited to: netting of bidirectional nominations, partial segment path nominations, storage swing services, exchanges, facility outages, and imbalance management.\n4) Total Scheduled Quantity is the resulting scheduled volume after netting scheduled volumes in both flow directions.\u00a0 This quantity for each segment is displayed only in the resulting net physical flow direction of the segment.\u00a0 Opposite of the physical flow direction will display a quantity of zero although there could be volumes scheduled. For further explanation, contact your Scheduling Representative. \u00a0\u00a0\n5) The net Total Scheduled Quantity may result in a quantity different than Operating Capacity due to the confirmation process after scheduling.\n6) Operating Capacity may be different than Design Capacity based on the periodic, non-permanent anticipated or observed operational pipeline conditions including, but not limited to: higher or lower average thermal content of the gas, higher or lower pressure from interconnecting pipelines, on-going maintenance, etc.\n7) Operating Capacity may be greater than the Design Capacity of the segment to accommodate scheduling of services that contain rights to multiple, redundant firm transportation paths which can be served entirely or in part through an alternate physical path.\n8) The IT Indicator shows whether gas has been scheduled under any interruptible service."", ""report_artifact_id"": ""km_tgp_notice_detail:1788197456279496000:cc4e15187816ef531b2c0d32f54f0c4fc2731bd4f14670beb540a5551574d909""}",2026-08-31T17:42:15.945168Z,km_tgp_notice_detail:1788197456279496000:cc4e15187816ef531b2c0d32f54f0c4fc2731bd4f14670beb540a5551574d909,km_tgp_segment_capacity:1788198122755547000:8fdc5140c4927947e235a62aa64289aad62f3fa51c867ee8ed2458e198852ac1
tgp-impact:c38e951358acfbb07d7516fba09c65a38b4ea57b59736b00403405e264a00ce1,403802,2026-08-27,2026-11-09,2026-11-15,Station 63 (segment 163 FH),163,FH,TD1,Z1,STA 63,2026-08-31,EVENING,901000,485499,415501,1192000,1067000,125000,0,581501,pre_event,normalized_name,monitor,unresolved,"No licensed regional basis observations or exact TGP leg-to-contract mapping are loaded. Henry Hub NG is a national benchmark, not direct evidence of this TGP event's price exposure.",https://www.cmegroup.com/markets/energy/natural-gas/natural-gas.html,"[""Future nominations and rerouting are not observed; the shortfall assumes the captured schedule is unchanged.""]","{""calculation"": ""max(0, baseline scheduled quantity - forecast operating capacity)"", ""capacity_artifact_id"": ""km_tgp_segment_capacity:1788198122755547000:8fdc5140c4927947e235a62aa64289aad62f3fa51c867ee8ed2458e198852ac1"", ""capacity_run_id"": ""d79f586d-160a-47d8-9546-69b566a24dbc"", ""capacity_source_age_hours_at_calculation"": 15.92, ""direction_mapping"": {""capacity"": ""TD1"", ""forecast"": ""FH"", ""method"": ""FH=operator default direction=TD1; BH=opposite direction=TD2"", ""operator_direction_notice_url"": ""https://pipeline2.kindermorgan.com/Notices/NoticeDetail.aspx?code=TGP&notc_nbr=363144"", ""operator_segment_map_url"": ""https://pipeline2.kindermorgan.com/Documents/TGP/TGP_Segment_-_Pin_Map-20260721125239.pdf""}, ""interpretation"": ""Conditional scheduled shortfall if the captured net schedule holds; not physical flow, curtailment, or a price prediction."", ""operator_capacity_caveat"": ""Flow Indicator (Flow Ind)\n\nTD1 - Flow in the direction as shown on the pipeline segment map.\n\nTD2 - Flow in the opposite direction shown on the pipeline segment map.\n\n1) Design Capacity generally reflects the physical capacity of a segment as determined by a capacity model utilizing current contractual receipt/delivery quantities and a reasonable set of engineering assumptions and parameters.\n2) Design Capacity may be updated periodically to reflect changes in contractual receipt/delivery patterns, paths that do not utilize the entire segment and/or capacity modeling parameters.\n3) Operationally Available Capacity may be updated throughout the day to account for changes including, but not limited to: netting of bidirectional nominations, partial segment path nominations, storage swing services, exchanges, facility outages, and imbalance management.\n4) Total Scheduled Quantity is the resulting scheduled volume after netting scheduled volumes in both flow directions.\u00a0 This quantity for each segment is displayed only in the resulting net physical flow direction of the segment.\u00a0 Opposite of the physical flow direction will display a quantity of zero although there could be volumes scheduled. For further explanation, contact your Scheduling Representative. \u00a0\u00a0\n5) The net Total Scheduled Quantity may result in a quantity different than Operating Capacity due to the confirmation process after scheduling.\n6) Operating Capacity may be different than Design Capacity based on the periodic, non-permanent anticipated or observed operational pipeline conditions including, but not limited to: higher or lower average thermal content of the gas, higher or lower pressure from interconnecting pipelines, on-going maintenance, etc.\n7) Operating Capacity may be greater than the Design Capacity of the segment to accommodate scheduling of services that contain rights to multiple, redundant firm transportation paths which can be served entirely or in part through an alternate physical path.\n8) The IT Indicator shows whether gas has been scheduled under any interruptible service."", ""report_artifact_id"": ""km_tgp_notice_detail:1788197456279496000:cc4e15187816ef531b2c0d32f54f0c4fc2731bd4f14670beb540a5551574d909""}",2026-08-31T17:42:15.945168Z,km_tgp_notice_detail:1788197456279496000:cc4e15187816ef531b2c0d32f54f0c4fc2731bd4f14670beb540a5551574d909,km_tgp_segment_capacity:1788198122755547000:8fdc5140c4927947e235a62aa64289aad62f3fa51c867ee8ed2458e198852ac1
tgp-impact:b98373da8c54b892c9496e4eeaeb6e340faa296283495c4d5bc028069186b791,403802,2026-08-27,2026-11-16,2026-11-22,Station 63 (segment 163 FH),163,FH,TD1,Z1,STA 63,2026-08-31,EVENING,901000,485499,415501,1192000,1067000,125000,0,581501,pre_event,normalized_name,monitor,unresolved,"No licensed regional basis observations or exact TGP leg-to-contract mapping are loaded. Henry Hub NG is a national benchmark, not direct evidence of this TGP event's price exposure.",https://www.cmegroup.com/markets/energy/natural-gas/natural-gas.html,"[""Future nominations and rerouting are not observed; the shortfall assumes the captured schedule is unchanged.""]","{""calculation"": ""max(0, baseline scheduled quantity - forecast operating capacity)"", ""capacity_artifact_id"": ""km_tgp_segment_capacity:1788198122755547000:8fdc5140c4927947e235a62aa64289aad62f3fa51c867ee8ed2458e198852ac1"", ""capacity_run_id"": ""d79f586d-160a-47d8-9546-69b566a24dbc"", ""capacity_source_age_hours_at_calculation"": 15.92, ""direction_mapping"": {""capacity"": ""TD1"", ""forecast"": ""FH"", ""method"": ""FH=operator default direction=TD1; BH=opposite direction=TD2"", ""operator_direction_notice_url"": ""https://pipeline2.kindermorgan.com/Notices/NoticeDetail.aspx?code=TGP&notc_nbr=363144"", ""operator_segment_map_url"": ""https://pipeline2.kindermorgan.com/Documents/TGP/TGP_Segment_-_Pin_Map-20260721125239.pdf""}, ""interpretation"": ""Conditional scheduled shortfall if the captured net schedule holds; not physical flow, curtailment, or a price prediction."", ""operator_capacity_caveat"": ""Flow Indicator (Flow Ind)\n\nTD1 - Flow in the direction as shown on the pipeline segment map.\n\nTD2 - Flow in the opposite direction shown on the pipeline segment map.\n\n1) Design Capacity generally reflects the physical capacity of a segment as determined by a capacity model utilizing current contractual receipt/delivery quantities and a reasonable set of engineering assumptions and parameters.\n2) Design Capacity may be updated periodically to reflect changes in contractual receipt/delivery patterns, paths that do not utilize the entire segment and/or capacity modeling parameters.\n3) Operationally Available Capacity may be updated throughout the day to account for changes including, but not limited to: netting of bidirectional nominations, partial segment path nominations, storage swing services, exchanges, facility outages, and imbalance management.\n4) Total Scheduled Quantity is the resulting scheduled volume after netting scheduled volumes in both flow directions.\u00a0 This quantity for each segment is displayed only in the resulting net physical flow direction of the segment.\u00a0 Opposite of the physical flow direction will display a quantity of zero although there could be volumes scheduled. For further explanation, contact your Scheduling Representative. \u00a0\u00a0\n5) The net Total Scheduled Quantity may result in a quantity different than Operating Capacity due to the confirmation process after scheduling.\n6) Operating Capacity may be different than Design Capacity based on the periodic, non-permanent anticipated or observed operational pipeline conditions including, but not limited to: higher or lower average thermal content of the gas, higher or lower pressure from interconnecting pipelines, on-going maintenance, etc.\n7) Operating Capacity may be greater than the Design Capacity of the segment to accommodate scheduling of services that contain rights to multiple, redundant firm transportation paths which can be served entirely or in part through an alternate physical path.\n8) The IT Indicator shows whether gas has been scheduled under any interruptible service."", ""report_artifact_id"": ""km_tgp_notice_detail:1788197456279496000:cc4e15187816ef531b2c0d32f54f0c4fc2731bd4f14670beb540a5551574d909""}",2026-08-31T17:42:15.945168Z,km_tgp_notice_detail:1788197456279496000:cc4e15187816ef531b2c0d32f54f0c4fc2731bd4f14670beb540a5551574d909,km_tgp_segment_capacity:1788198122755547000:8fdc5140c4927947e235a62aa64289aad62f3fa51c867ee8ed2458e198852ac1
tgp-impact:8bcbee25303b0d53b5ad8beeb04e049af119ad274a1e3d3446988e136ebd4229,403802,2026-08-27,2026-11-23,2026-11-29,Station 63 (segment 163 FH),163,FH,TD1,Z1,STA 63,2026-08-31,EVENING,901000,485499,415501,1192000,1067000,125000,0,581501,pre_event,normalized_name,monitor,unresolved,"No licensed regional basis observations or exact TGP leg-to-contract mapping are loaded. Henry Hub NG is a national benchmark, not direct evidence of this TGP event's price exposure.",https://www.cmegroup.com/markets/energy/natural-gas/natural-gas.html,"[""Future nominations and rerouting are not observed; the shortfall assumes the captured schedule is unchanged.""]","{""calculation"": ""max(0, baseline scheduled quantity - forecast operating capacity)"", ""capacity_artifact_id"": ""km_tgp_segment_capacity:1788198122755547000:8fdc5140c4927947e235a62aa64289aad62f3fa51c867ee8ed2458e198852ac1"", ""capacity_run_id"": ""d79f586d-160a-47d8-9546-69b566a24dbc"", ""capacity_source_age_hours_at_calculation"": 15.92, ""direction_mapping"": {""capacity"": ""TD1"", ""forecast"": ""FH"", ""method"": ""FH=operator default direction=TD1; BH=opposite direction=TD2"", ""operator_direction_notice_url"": ""https://pipeline2.kindermorgan.com/Notices/NoticeDetail.aspx?code=TGP&notc_nbr=363144"", ""operator_segment_map_url"": ""https://pipeline2.kindermorgan.com/Documents/TGP/TGP_Segment_-_Pin_Map-20260721125239.pdf""}, ""interpretation"": ""Conditional scheduled shortfall if the captured net schedule holds; not physical flow, curtailment, or a price prediction."", ""operator_capacity_caveat"": ""Flow Indicator (Flow Ind)\n\nTD1 - Flow in the direction as shown on the pipeline segment map.\n\nTD2 - Flow in the opposite direction shown on the pipeline segment map.\n\n1) Design Capacity generally reflects the physical capacity of a segment as determined by a capacity model utilizing current contractual receipt/delivery quantities and a reasonable set of engineering assumptions and parameters.\n2) Design Capacity may be updated periodically to reflect changes in contractual receipt/delivery patterns, paths that do not utilize the entire segment and/or capacity modeling parameters.\n3) Operationally Available Capacity may be updated throughout the day to account for changes including, but not limited to: netting of bidirectional nominations, partial segment path nominations, storage swing services, exchanges, facility outages, and imbalance management.\n4) Total Scheduled Quantity is the resulting scheduled volume after netting scheduled volumes in both flow directions.\u00a0 This quantity for each segment is displayed only in the resulting net physical flow direction of the segment.\u00a0 Opposite of the physical flow direction will display a quantity of zero although there could be volumes scheduled. For further explanation, contact your Scheduling Representative. \u00a0\u00a0\n5) The net Total Scheduled Quantity may result in a quantity different than Operating Capacity due to the confirmation process after scheduling.\n6) Operating Capacity may be different than Design Capacity based on the periodic, non-permanent anticipated or observed operational pipeline conditions including, but not limited to: higher or lower average thermal content of the gas, higher or lower pressure from interconnecting pipelines, on-going maintenance, etc.\n7) Operating Capacity may be greater than the Design Capacity of the segment to accommodate scheduling of services that contain rights to multiple, redundant firm transportation paths which can be served entirely or in part through an alternate physical path.\n8) The IT Indicator shows whether gas has been scheduled under any interruptible service."", ""report_artifact_id"": ""km_tgp_notice_detail:1788197456279496000:cc4e15187816ef531b2c0d32f54f0c4fc2731bd4f14670beb540a5551574d909""}",2026-08-31T17:42:15.945168Z,km_tgp_notice_detail:1788197456279496000:cc4e15187816ef531b2c0d32f54f0c4fc2731bd4f14670beb540a5551574d909,km_tgp_segment_capacity:1788198122755547000:8fdc5140c4927947e235a62aa64289aad62f3fa51c867ee8ed2458e198852ac1
tgp-impact:2f2e0c147e3f1c0ce37cfb45570f7777475bc969007496cabae204dbef0493cd,403802,2026-08-27,2026-10-12,2026-10-18,Station 405 HC Line (segment 299 FH),299,FH,TD1,Z5,STA 237 HC LINE,2026-08-31,EVENING,794220,646369,147851,794000,670000,124000,0,23631,pre_event,unique_segment_direction,monitor,unresolved,"No licensed regional basis observations or exact TGP leg-to-contract mapping are loaded. Henry Hub NG is a national benchmark, not direct evidence of this TGP event's price exposure.",https://www.cmegroup.com/markets/energy/natural-gas/natural-gas.html,"[""Future nominations and rerouting are not observed; the shortfall assumes the captured schedule is unchanged.""]","{""calculation"": ""max(0, baseline scheduled quantity - forecast operating capacity)"", ""capacity_artifact_id"": ""km_tgp_segment_capacity:1788198122755547000:8fdc5140c4927947e235a62aa64289aad62f3fa51c867ee8ed2458e198852ac1"", ""capacity_run_id"": ""d79f586d-160a-47d8-9546-69b566a24dbc"", ""capacity_source_age_hours_at_calculation"": 15.92, ""direction_mapping"": {""capacity"": ""TD1"", ""forecast"": ""FH"", ""method"": ""FH=operator default direction=TD1; BH=opposite direction=TD2"", ""operator_direction_notice_url"": ""https://pipeline2.kindermorgan.com/Notices/NoticeDetail.aspx?code=TGP&notc_nbr=363144"", ""operator_segment_map_url"": ""https://pipeline2.kindermorgan.com/Documents/TGP/TGP_Segment_-_Pin_Map-20260721125239.pdf""}, ""interpretation"": ""Conditional scheduled shortfall if the captured net schedule holds; not physical flow, curtailment, or a price prediction."", ""operator_capacity_caveat"": ""Flow Indicator (Flow Ind)\n\nTD1 - Flow in the direction as shown on the pipeline segment map.\n\nTD2 - Flow in the opposite direction shown on the pipeline segment map.\n\n1) Design Capacity generally reflects the physical capacity of a segment as determined by a capacity model utilizing current contractual receipt/delivery quantities and a reasonable set of engineering assumptions and parameters.\n2) Design Capacity may be updated periodically to reflect changes in contractual receipt/delivery patterns, paths that do not utilize the entire segment and/or capacity modeling parameters.\n3) Operationally Available Capacity may be updated throughout the day to account for changes including, but not limited to: netting of bidirectional nominations, partial segment path nominations, storage swing services, exchanges, facility outages, and imbalance management.\n4) Total Scheduled Quantity is the resulting scheduled volume after netting scheduled volumes in both flow directions.\u00a0 This quantity for each segment is displayed only in the resulting net physical flow direction of the segment.\u00a0 Opposite of the physical flow direction will display a quantity of zero although there could be volumes scheduled. For further explanation, contact your Scheduling Representative. \u00a0\u00a0\n5) The net Total Scheduled Quantity may result in a quantity different than Operating Capacity due to the confirmation process after scheduling.\n6) Operating Capacity may be different than Design Capacity based on the periodic, non-permanent anticipated or observed operational pipeline conditions including, but not limited to: higher or lower average thermal content of the gas, higher or lower pressure from interconnecting pipelines, on-going maintenance, etc.\n7) Operating Capacity may be greater than the Design Capacity of the segment to accommodate scheduling of services that contain rights to multiple, redundant firm transportation paths which can be served entirely or in part through an alternate physical path.\n8) The IT Indicator shows whether gas has been scheduled under any interruptible service."", ""report_artifact_id"": ""km_tgp_notice_detail:1788197456279496000:cc4e15187816ef531b2c0d32f54f0c4fc2731bd4f14670beb540a5551574d909""}",2026-08-31T17:42:15.945168Z,km_tgp_notice_detail:1788197456279496000:cc4e15187816ef531b2c0d32f54f0c4fc2731bd4f14670beb540a5551574d909,km_tgp_segment_capacity:1788198122755547000:8fdc5140c4927947e235a62aa64289aad62f3fa51c867ee8ed2458e198852ac1
tgp-impact:7506c82b6bfefd1ca439f1860ca6f67930fec658ea8ff98841852ad6bf6b2afa,403802,2026-08-27,2026-11-02,2026-11-08,Station 204 (Segment 204 BH),204,BH,TD2,Z4,STA 204,2026-08-31,EVENING,1795000,1755372,39628,1888000,1765000,123000,0,9628,pre_event,normalized_name,monitor,unresolved,"No licensed regional basis observations or exact TGP leg-to-contract mapping are loaded. Henry Hub NG is a national benchmark, not direct evidence of this TGP event's price exposure.",https://www.cmegroup.com/markets/energy/natural-gas/natural-gas.html,"[""Future nominations and rerouting are not observed; the shortfall assumes the captured schedule is unchanged.""]","{""calculation"": ""max(0, baseline scheduled quantity - forecast operating capacity)"", ""capacity_artifact_id"": ""km_tgp_segment_capacity:1788198122755547000:8fdc5140c4927947e235a62aa64289aad62f3fa51c867ee8ed2458e198852ac1"", ""capacity_run_id"": ""d79f586d-160a-47d8-9546-69b566a24dbc"", ""capacity_source_age_hours_at_calculation"": 15.92, ""direction_mapping"": {""capacity"": ""TD2"", ""forecast"": ""BH"", ""method"": ""FH=operator default direction=TD1; BH=opposite direction=TD2"", ""operator_direction_notice_url"": ""https://pipeline2.kindermorgan.com/Notices/NoticeDetail.aspx?code=TGP&notc_nbr=363144"", ""operator_segment_map_url"": ""https://pipeline2.kindermorgan.com/Documents/TGP/TGP_Segment_-_Pin_Map-20260721125239.pdf""}, ""interpretation"": ""Conditional scheduled shortfall if the captured net schedule holds; not physical flow, curtailment, or a price prediction."", ""operator_capacity_caveat"": ""Flow Indicator (Flow Ind)\n\nTD1 - Flow in the direction as shown on the pipeline segment map.\n\nTD2 - Flow in the opposite direction shown on the pipeline segment map.\n\n1) Design Capacity generally reflects the physical capacity of a segment as determined by a capacity model utilizing current contractual receipt/delivery quantities and a reasonable set of engineering assumptions and parameters.\n2) Design Capacity may be updated periodically to reflect changes in contractual receipt/delivery patterns, paths that do not utilize the entire segment and/or capacity modeling parameters.\n3) Operationally Available Capacity may be updated throughout the day to account for changes including, but not limited to: netting of bidirectional nominations, partial segment path nominations, storage swing services, exchanges, facility outages, and imbalance management.\n4) Total Scheduled Quantity is the resulting scheduled volume after netting scheduled volumes in both flow directions.\u00a0 This quantity for each segment is displayed only in the resulting net physical flow direction of the segment.\u00a0 Opposite of the physical flow direction will display a quantity of zero although there could be volumes scheduled. For further explanation, contact your Scheduling Representative. \u00a0\u00a0\n5) The net Total Scheduled Quantity may result in a quantity different than Operating Capacity due to the confirmation process after scheduling.\n6) Operating Capacity may be different than Design Capacity based on the periodic, non-permanent anticipated or observed operational pipeline conditions including, but not limited to: higher or lower average thermal content of the gas, higher or lower pressure from interconnecting pipelines, on-going maintenance, etc.\n7) Operating Capacity may be greater than the Design Capacity of the segment to accommodate scheduling of services that contain rights to multiple, redundant firm transportation paths which can be served entirely or in part through an alternate physical path.\n8) The IT Indicator shows whether gas has been scheduled under any interruptible service."", ""report_artifact_id"": ""km_tgp_notice_detail:1788197456279496000:cc4e15187816ef531b2c0d32f54f0c4fc2731bd4f14670beb540a5551574d909""}",2026-08-31T17:42:15.945168Z,km_tgp_notice_detail:1788197456279496000:cc4e15187816ef531b2c0d32f54f0c4fc2731bd4f14670beb540a5551574d909,km_tgp_segment_capacity:1788198122755547000:8fdc5140c4927947e235a62aa64289aad62f3fa51c867ee8ed2458e198852ac1
tgp-impact:032e6b06a1baa21574b2e6fdb4b7b626757b0d71bdd2610ea57f8f441dc8bf0a,403802,2026-08-27,2026-09-28,2026-10-04,Station 233 (segment 233 FH),233,FH,TD1,Z5,STA 233,2026-08-31,EVENING,459728,0,459728,459000,355000,104000,0,355000,pre_event,normalized_name,monitor,unresolved,"No licensed regional basis observations or exact TGP leg-to-contract mapping are loaded. Henry Hub NG is a national benchmark, not direct evidence of this TGP event's price exposure.",https://www.cmegroup.com/markets/energy/natural-gas/natural-gas.html,"[""Future nominations and rerouting are not observed; the shortfall assumes the captured schedule is unchanged.""]","{""calculation"": ""max(0, baseline scheduled quantity - forecast operating capacity)"", ""capacity_artifact_id"": ""km_tgp_segment_capacity:1788198122755547000:8fdc5140c4927947e235a62aa64289aad62f3fa51c867ee8ed2458e198852ac1"", ""capacity_run_id"": ""d79f586d-160a-47d8-9546-69b566a24dbc"", ""capacity_source_age_hours_at_calculation"": 15.92, ""direction_mapping"": {""capacity"": ""TD1"", ""forecast"": ""FH"", ""method"": ""FH=operator default direction=TD1; BH=opposite direction=TD2"", ""operator_direction_notice_url"": ""https://pipeline2.kindermorgan.com/Notices/NoticeDetail.aspx?code=TGP&notc_nbr=363144"", ""operator_segment_map_url"": ""https://pipeline2.kindermorgan.com/Documents/TGP/TGP_Segment_-_Pin_Map-20260721125239.pdf""}, ""interpretation"": ""Conditional scheduled shortfall if the captured net schedule holds; not physical flow, curtailment, or a price prediction."", ""operator_capacity_caveat"": ""Flow Indicator (Flow Ind)\n\nTD1 - Flow in the direction as shown on the pipeline segment map.\n\nTD2 - Flow in the opposite direction shown on the pipeline segment map.\n\n1) Design Capacity generally reflects the physical capacity of a segment as determined by a capacity model utilizing current contractual receipt/delivery quantities and a reasonable set of engineering assumptions and parameters.\n2) Design Capacity may be updated periodically to reflect changes in contractual receipt/delivery patterns, paths that do not utilize the entire segment and/or capacity modeling parameters.\n3) Operationally Available Capacity may be updated throughout the day to account for changes including, but not limited to: netting of bidirectional nominations, partial segment path nominations, storage swing services, exchanges, facility outages, and imbalance management.\n4) Total Scheduled Quantity is the resulting scheduled volume after netting scheduled volumes in both flow directions.\u00a0 This quantity for each segment is displayed only in the resulting net physical flow direction of the segment.\u00a0 Opposite of the physical flow direction will display a quantity of zero although there could be volumes scheduled. For further explanation, contact your Scheduling Representative. \u00a0\u00a0\n5) The net Total Scheduled Quantity may result in a quantity different than Operating Capacity due to the confirmation process after scheduling.\n6) Operating Capacity may be different than Design Capacity based on the periodic, non-permanent anticipated or observed operational pipeline conditions including, but not limited to: higher or lower average thermal content of the gas, higher or lower pressure from interconnecting pipelines, on-going maintenance, etc.\n7) Operating Capacity may be greater than the Design Capacity of the segment to accommodate scheduling of services that contain rights to multiple, redundant firm transportation paths which can be served entirely or in part through an alternate physical path.\n8) The IT Indicator shows whether gas has been scheduled under any interruptible service."", ""report_artifact_id"": ""km_tgp_notice_detail:1788197456279496000:cc4e15187816ef531b2c0d32f54f0c4fc2731bd4f14670beb540a5551574d909""}",2026-08-31T17:42:15.945168Z,km_tgp_notice_detail:1788197456279496000:cc4e15187816ef531b2c0d32f54f0c4fc2731bd4f14670beb540a5551574d909,km_tgp_segment_capacity:1788198122755547000:8fdc5140c4927947e235a62aa64289aad62f3fa51c867ee8ed2458e198852ac1
tgp-impact:9b92b8f270b0ec1feba964b2456184f019302e5c3e5f15eded1ad3d04a9bce22,403802,2026-08-27,2026-09-28,2026-10-04,Station 1 (segment 101 BH),101,BH,TD2,Z0,STA 1,2026-08-31,EVENING,399953,168961,230992,399000,300000,99000,0,131039,pre_event,normalized_name,monitor,unresolved,"No licensed regional basis observations or exact TGP leg-to-contract mapping are loaded. Henry Hub NG is a national benchmark, not direct evidence of this TGP event's price exposure.",https://www.cmegroup.com/markets/energy/natural-gas/natural-gas.html,"[""Future nominations and rerouting are not observed; the shortfall assumes the captured schedule is unchanged.""]","{""calculation"": ""max(0, baseline scheduled quantity - forecast operating capacity)"", ""capacity_artifact_id"": ""km_tgp_segment_capacity:1788198122755547000:8fdc5140c4927947e235a62aa64289aad62f3fa51c867ee8ed2458e198852ac1"", ""capacity_run_id"": ""d79f586d-160a-47d8-9546-69b566a24dbc"", ""capacity_source_age_hours_at_calculation"": 15.92, ""direction_mapping"": {""capacity"": ""TD2"", ""forecast"": ""BH"", ""method"": ""FH=operator default direction=TD1; BH=opposite direction=TD2"", ""operator_direction_notice_url"": ""https://pipeline2.kindermorgan.com/Notices/NoticeDetail.aspx?code=TGP&notc_nbr=363144"", ""operator_segment_map_url"": ""https://pipeline2.kindermorgan.com/Documents/TGP/TGP_Segment_-_Pin_Map-20260721125239.pdf""}, ""interpretation"": ""Conditional scheduled shortfall if the captured net schedule holds; not physical flow, curtailment, or a price prediction."", ""operator_capacity_caveat"": ""Flow Indicator (Flow Ind)\n\nTD1 - Flow in the direction as shown on the pipeline segment map.\n\nTD2 - Flow in the opposite direction shown on the pipeline segment map.\n\n1) Design Capacity generally reflects the physical capacity of a segment as determined by a capacity model utilizing current contractual receipt/delivery quantities and a reasonable set of engineering assumptions and parameters.\n2) Design Capacity may be updated periodically to reflect changes in contractual receipt/delivery patterns, paths that do not utilize the entire segment and/or capacity modeling parameters.\n3) Operationally Available Capacity may be updated throughout the day to account for changes including, but not limited to: netting of bidirectional nominations, partial segment path nominations, storage swing services, exchanges, facility outages, and imbalance management.\n4) Total Scheduled Quantity is the resulting scheduled volume after netting scheduled volumes in both flow directions.\u00a0 This quantity for each segment is displayed only in the resulting net physical flow direction of the segment.\u00a0 Opposite of the physical flow direction will display a quantity of zero although there could be volumes scheduled. For further explanation, contact your Scheduling Representative. \u00a0\u00a0\n5) The net Total Scheduled Quantity may result in a quantity different than Operating Capacity due to the confirmation process after scheduling.\n6) Operating Capacity may be different than Design Capacity based on the periodic, non-permanent anticipated or observed operational pipeline conditions including, but not limited to: higher or lower average thermal content of the gas, higher or lower pressure from interconnecting pipelines, on-going maintenance, etc.\n7) Operating Capacity may be greater than the Design Capacity of the segment to accommodate scheduling of services that contain rights to multiple, redundant firm transportation paths which can be served entirely or in part through an alternate physical path.\n8) The IT Indicator shows whether gas has been scheduled under any interruptible service."", ""report_artifact_id"": ""km_tgp_notice_detail:1788197456279496000:cc4e15187816ef531b2c0d32f54f0c4fc2731bd4f14670beb540a5551574d909""}",2026-08-31T17:42:15.945168Z,km_tgp_notice_detail:1788197456279496000:cc4e15187816ef531b2c0d32f54f0c4fc2731bd4f14670beb540a5551574d909,km_tgp_segment_capacity:1788198122755547000:8fdc5140c4927947e235a62aa64289aad62f3fa51c867ee8ed2458e198852ac1
tgp-impact:1315c9edbecddd14aeeb66a901d8c946c5c425771eee1e579cf501f8664c2a94,403802,2026-08-27,2026-10-05,2026-10-11,Station 1 (segment 101 BH),101,BH,TD2,Z0,STA 1,2026-08-31,EVENING,399953,168961,230992,399000,300000,99000,0,131039,pre_event,normalized_name,monitor,unresolved,"No licensed regional basis observations or exact TGP leg-to-contract mapping are loaded. Henry Hub NG is a national benchmark, not direct evidence of this TGP event's price exposure.",https://www.cmegroup.com/markets/energy/natural-gas/natural-gas.html,"[""Future nominations and rerouting are not observed; the shortfall assumes the captured schedule is unchanged.""]","{""calculation"": ""max(0, baseline scheduled quantity - forecast operating capacity)"", ""capacity_artifact_id"": ""km_tgp_segment_capacity:1788198122755547000:8fdc5140c4927947e235a62aa64289aad62f3fa51c867ee8ed2458e198852ac1"", ""capacity_run_id"": ""d79f586d-160a-47d8-9546-69b566a24dbc"", ""capacity_source_age_hours_at_calculation"": 15.92, ""direction_mapping"": {""capacity"": ""TD2"", ""forecast"": ""BH"", ""method"": ""FH=operator default direction=TD1; BH=opposite direction=TD2"", ""operator_direction_notice_url"": ""https://pipeline2.kindermorgan.com/Notices/NoticeDetail.aspx?code=TGP&notc_nbr=363144"", ""operator_segment_map_url"": ""https://pipeline2.kindermorgan.com/Documents/TGP/TGP_Segment_-_Pin_Map-20260721125239.pdf""}, ""interpretation"": ""Conditional scheduled shortfall if the captured net schedule holds; not physical flow, curtailment, or a price prediction."", ""operator_capacity_caveat"": ""Flow Indicator (Flow Ind)\n\nTD1 - Flow in the direction as shown on the pipeline segment map.\n\nTD2 - Flow in the opposite direction shown on the pipeline segment map.\n\n1) Design Capacity generally reflects the physical capacity of a segment as determined by a capacity model utilizing current contractual receipt/delivery quantities and a reasonable set of engineering assumptions and parameters.\n2) Design Capacity may be updated periodically to reflect changes in contractual receipt/delivery patterns, paths that do not utilize the entire segment and/or capacity modeling parameters.\n3) Operationally Available Capacity may be updated throughout the day to account for changes including, but not limited to: netting of bidirectional nominations, partial segment path nominations, storage swing services, exchanges, facility outages, and imbalance management.\n4) Total Scheduled Quantity is the resulting scheduled volume after netting scheduled volumes in both flow directions.\u00a0 This quantity for each segment is displayed only in the resulting net physical flow direction of the segment.\u00a0 Opposite of the physical flow direction will display a quantity of zero although there could be volumes scheduled. For further explanation, contact your Scheduling Representative. \u00a0\u00a0\n5) The net Total Scheduled Quantity may result in a quantity different than Operating Capacity due to the confirmation process after scheduling.\n6) Operating Capacity may be different than Design Capacity based on the periodic, non-permanent anticipated or observed operational pipeline conditions including, but not limited to: higher or lower average thermal content of the gas, higher or lower pressure from interconnecting pipelines, on-going maintenance, etc.\n7) Operating Capacity may be greater than the Design Capacity of the segment to accommodate scheduling of services that contain rights to multiple, redundant firm transportation paths which can be served entirely or in part through an alternate physical path.\n8) The IT Indicator shows whether gas has been scheduled under any interruptible service."", ""report_artifact_id"": ""km_tgp_notice_detail:1788197456279496000:cc4e15187816ef531b2c0d32f54f0c4fc2731bd4f14670beb540a5551574d909""}",2026-08-31T17:42:15.945168Z,km_tgp_notice_detail:1788197456279496000:cc4e15187816ef531b2c0d32f54f0c4fc2731bd4f14670beb540a5551574d909,km_tgp_segment_capacity:1788198122755547000:8fdc5140c4927947e235a62aa64289aad62f3fa51c867ee8ed2458e198852ac1
tgp-impact:295a42059ff65226f8aac90ce7ae43abe7a2b3c49890fae96e9fdae4e3925bcb,403802,2026-08-27,2026-10-12,2026-10-18,Station 1 (segment 101 BH),101,BH,TD2,Z0,STA 1,2026-08-31,EVENING,399953,168961,230992,399000,300000,99000,0,131039,pre_event,normalized_name,monitor,unresolved,"No licensed regional basis observations or exact TGP leg-to-contract mapping are loaded. Henry Hub NG is a national benchmark, not direct evidence of this TGP event's price exposure.",https://www.cmegroup.com/markets/energy/natural-gas/natural-gas.html,"[""Future nominations and rerouting are not observed; the shortfall assumes the captured schedule is unchanged.""]","{""calculation"": ""max(0, baseline scheduled quantity - forecast operating capacity)"", ""capacity_artifact_id"": ""km_tgp_segment_capacity:1788198122755547000:8fdc5140c4927947e235a62aa64289aad62f3fa51c867ee8ed2458e198852ac1"", ""capacity_run_id"": ""d79f586d-160a-47d8-9546-69b566a24dbc"", ""capacity_source_age_hours_at_calculation"": 15.92, ""direction_mapping"": {""capacity"": ""TD2"", ""forecast"": ""BH"", ""method"": ""FH=operator default direction=TD1; BH=opposite direction=TD2"", ""operator_direction_notice_url"": ""https://pipeline2.kindermorgan.com/Notices/NoticeDetail.aspx?code=TGP&notc_nbr=363144"", ""operator_segment_map_url"": ""https://pipeline2.kindermorgan.com/Documents/TGP/TGP_Segment_-_Pin_Map-20260721125239.pdf""}, ""interpretation"": ""Conditional scheduled shortfall if the captured net schedule holds; not physical flow, curtailment, or a price prediction."", ""operator_capacity_caveat"": ""Flow Indicator (Flow Ind)\n\nTD1 - Flow in the direction as shown on the pipeline segment map.\n\nTD2 - Flow in the opposite direction shown on the pipeline segment map.\n\n1) Design Capacity generally reflects the physical capacity of a segment as determined by a capacity model utilizing current contractual receipt/delivery quantities and a reasonable set of engineering assumptions and parameters.\n2) Design Capacity may be updated periodically to reflect changes in contractual receipt/delivery patterns, paths that do not utilize the entire segment and/or capacity modeling parameters.\n3) Operationally Available Capacity may be updated throughout the day to account for changes including, but not limited to: netting of bidirectional nominations, partial segment path nominations, storage swing services, exchanges, facility outages, and imbalance management.\n4) Total Scheduled Quantity is the resulting scheduled volume after netting scheduled volumes in both flow directions.\u00a0 This quantity for each segment is displayed only in the resulting net physical flow direction of the segment.\u00a0 Opposite of the physical flow direction will display a quantity of zero although there could be volumes scheduled. For further explanation, contact your Scheduling Representative. \u00a0\u00a0\n5) The net Total Scheduled Quantity may result in a quantity different than Operating Capacity due to the confirmation process after scheduling.\n6) Operating Capacity may be different than Design Capacity based on the periodic, non-permanent anticipated or observed operational pipeline conditions including, but not limited to: higher or lower average thermal content of the gas, higher or lower pressure from interconnecting pipelines, on-going maintenance, etc.\n7) Operating Capacity may be greater than the Design Capacity of the segment to accommodate scheduling of services that contain rights to multiple, redundant firm transportation paths which can be served entirely or in part through an alternate physical path.\n8) The IT Indicator shows whether gas has been scheduled under any interruptible service."", ""report_artifact_id"": ""km_tgp_notice_detail:1788197456279496000:cc4e15187816ef531b2c0d32f54f0c4fc2731bd4f14670beb540a5551574d909""}",2026-08-31T17:42:15.945168Z,km_tgp_notice_detail:1788197456279496000:cc4e15187816ef531b2c0d32f54f0c4fc2731bd4f14670beb540a5551574d909,km_tgp_segment_capacity:1788198122755547000:8fdc5140c4927947e235a62aa64289aad62f3fa51c867ee8ed2458e198852ac1
tgp-impact:5b08464aae5014e20d02b956605449df6e10d129b4790cfed2fd7d57b82777fc,403802,2026-08-27,2026-10-19,2026-10-25,Station 1 (segment 101 BH),101,BH,TD2,Z0,STA 1,2026-08-31,EVENING,399953,168961,230992,399000,300000,99000,0,131039,pre_event,normalized_name,monitor,unresolved,"No licensed regional basis observations or exact TGP leg-to-contract mapping are loaded. Henry Hub NG is a national benchmark, not direct evidence of this TGP event's price exposure.",https://www.cmegroup.com/markets/energy/natural-gas/natural-gas.html,"[""Future nominations and rerouting are not observed; the shortfall assumes the captured schedule is unchanged.""]","{""calculation"": ""max(0, baseline scheduled quantity - forecast operating capacity)"", ""capacity_artifact_id"": ""km_tgp_segment_capacity:1788198122755547000:8fdc5140c4927947e235a62aa64289aad62f3fa51c867ee8ed2458e198852ac1"", ""capacity_run_id"": ""d79f586d-160a-47d8-9546-69b566a24dbc"", ""capacity_source_age_hours_at_calculation"": 15.92, ""direction_mapping"": {""capacity"": ""TD2"", ""forecast"": ""BH"", ""method"": ""FH=operator default direction=TD1; BH=opposite direction=TD2"", ""operator_direction_notice_url"": ""https://pipeline2.kindermorgan.com/Notices/NoticeDetail.aspx?code=TGP&notc_nbr=363144"", ""operator_segment_map_url"": ""https://pipeline2.kindermorgan.com/Documents/TGP/TGP_Segment_-_Pin_Map-20260721125239.pdf""}, ""interpretation"": ""Conditional scheduled shortfall if the captured net schedule holds; not physical flow, curtailment, or a price prediction."", ""operator_capacity_caveat"": ""Flow Indicator (Flow Ind)\n\nTD1 - Flow in the direction as shown on the pipeline segment map.\n\nTD2 - Flow in the opposite direction shown on the pipeline segment map.\n\n1) Design Capacity generally reflects the physical capacity of a segment as determined by a capacity model utilizing current contractual receipt/delivery quantities and a reasonable set of engineering assumptions and parameters.\n2) Design Capacity may be updated periodically to reflect changes in contractual receipt/delivery patterns, paths that do not utilize the entire segment and/or capacity modeling parameters.\n3) Operationally Available Capacity may be updated throughout the day to account for changes including, but not limited to: netting of bidirectional nominations, partial segment path nominations, storage swing services, exchanges, facility outages, and imbalance management.\n4) Total Scheduled Quantity is the resulting scheduled volume after netting scheduled volumes in both flow directions.\u00a0 This quantity for each segment is displayed only in the resulting net physical flow direction of the segment.\u00a0 Opposite of the physical flow direction will display a quantity of zero although there could be volumes scheduled. For further explanation, contact your Scheduling Representative. \u00a0\u00a0\n5) The net Total Scheduled Quantity may result in a quantity different than Operating Capacity due to the confirmation process after scheduling.\n6) Operating Capacity may be different than Design Capacity based on the periodic, non-permanent anticipated or observed operational pipeline conditions including, but not limited to: higher or lower average thermal content of the gas, higher or lower pressure from interconnecting pipelines, on-going maintenance, etc.\n7) Operating Capacity may be greater than the Design Capacity of the segment to accommodate scheduling of services that contain rights to multiple, redundant firm transportation paths which can be served entirely or in part through an alternate physical path.\n8) The IT Indicator shows whether gas has been scheduled under any interruptible service."", ""report_artifact_id"": ""km_tgp_notice_detail:1788197456279496000:cc4e15187816ef531b2c0d32f54f0c4fc2731bd4f14670beb540a5551574d909""}",2026-08-31T17:42:15.945168Z,km_tgp_notice_detail:1788197456279496000:cc4e15187816ef531b2c0d32f54f0c4fc2731bd4f14670beb540a5551574d909,km_tgp_segment_capacity:1788198122755547000:8fdc5140c4927947e235a62aa64289aad62f3fa51c867ee8ed2458e198852ac1
tgp-impact:9620b9c2ea80f955ed352b8c0792d6b326a9c329187f017019cb17bc880e5bb4,403802,2026-08-27,2026-10-26,2026-11-01,Station 1 (segment 101 BH),101,BH,TD2,Z0,STA 1,2026-08-31,EVENING,399953,168961,230992,399000,300000,99000,0,131039,pre_event,normalized_name,monitor,unresolved,"No licensed regional basis observations or exact TGP leg-to-contract mapping are loaded. Henry Hub NG is a national benchmark, not direct evidence of this TGP event's price exposure.",https://www.cmegroup.com/markets/energy/natural-gas/natural-gas.html,"[""Future nominations and rerouting are not observed; the shortfall assumes the captured schedule is unchanged.""]","{""calculation"": ""max(0, baseline scheduled quantity - forecast operating capacity)"", ""capacity_artifact_id"": ""km_tgp_segment_capacity:1788198122755547000:8fdc5140c4927947e235a62aa64289aad62f3fa51c867ee8ed2458e198852ac1"", ""capacity_run_id"": ""d79f586d-160a-47d8-9546-69b566a24dbc"", ""capacity_source_age_hours_at_calculation"": 15.92, ""direction_mapping"": {""capacity"": ""TD2"", ""forecast"": ""BH"", ""method"": ""FH=operator default direction=TD1; BH=opposite direction=TD2"", ""operator_direction_notice_url"": ""https://pipeline2.kindermorgan.com/Notices/NoticeDetail.aspx?code=TGP&notc_nbr=363144"", ""operator_segment_map_url"": ""https://pipeline2.kindermorgan.com/Documents/TGP/TGP_Segment_-_Pin_Map-20260721125239.pdf""}, ""interpretation"": ""Conditional scheduled shortfall if the captured net schedule holds; not physical flow, curtailment, or a price prediction."", ""operator_capacity_caveat"": ""Flow Indicator (Flow Ind)\n\nTD1 - Flow in the direction as shown on the pipeline segment map.\n\nTD2 - Flow in the opposite direction shown on the pipeline segment map.\n\n1) Design Capacity generally reflects the physical capacity of a segment as determined by a capacity model utilizing current contractual receipt/delivery quantities and a reasonable set of engineering assumptions and parameters.\n2) Design Capacity may be updated periodically to reflect changes in contractual receipt/delivery patterns, paths that do not utilize the entire segment and/or capacity modeling parameters.\n3) Operationally Available Capacity may be updated throughout the day to account for changes including, but not limited to: netting of bidirectional nominations, partial segment path nominations, storage swing services, exchanges, facility outages, and imbalance management.\n4) Total Scheduled Quantity is the resulting scheduled volume after netting scheduled volumes in both flow directions.\u00a0 This quantity for each segment is displayed only in the resulting net physical flow direction of the segment.\u00a0 Opposite of the physical flow direction will display a quantity of zero although there could be volumes scheduled. For further explanation, contact your Scheduling Representative. \u00a0\u00a0\n5) The net Total Scheduled Quantity may result in a quantity different than Operating Capacity due to the confirmation process after scheduling.\n6) Operating Capacity may be different than Design Capacity based on the periodic, non-permanent anticipated or observed operational pipeline conditions including, but not limited to: higher or lower average thermal content of the gas, higher or lower pressure from interconnecting pipelines, on-going maintenance, etc.\n7) Operating Capacity may be greater than the Design Capacity of the segment to accommodate scheduling of services that contain rights to multiple, redundant firm transportation paths which can be served entirely or in part through an alternate physical path.\n8) The IT Indicator shows whether gas has been scheduled under any interruptible service."", ""report_artifact_id"": ""km_tgp_notice_detail:1788197456279496000:cc4e15187816ef531b2c0d32f54f0c4fc2731bd4f14670beb540a5551574d909""}",2026-08-31T17:42:15.945168Z,km_tgp_notice_detail:1788197456279496000:cc4e15187816ef531b2c0d32f54f0c4fc2731bd4f14670beb540a5551574d909,km_tgp_segment_capacity:1788198122755547000:8fdc5140c4927947e235a62aa64289aad62f3fa51c867ee8ed2458e198852ac1
tgp-impact:9ddf0baec2853f890cd1359bb4a9ce6223ac1e83777ae84cfe990edd334ca7fb,403802,2026-08-27,2026-09-14,2026-09-20,Station 114 (segment 114 BH),114,BH,TD2,Z3,STA 114 EAST,2026-08-31,EVENING,393000,349971,43029,907000,812000,95000,0,462029,pre_event,normalized_name,monitor,unresolved,"No licensed regional basis observations or exact TGP leg-to-contract mapping are loaded. Henry Hub NG is a national benchmark, not direct evidence of this TGP event's price exposure.",https://www.cmegroup.com/markets/energy/natural-gas/natural-gas.html,"[""Future nominations and rerouting are not observed; the shortfall assumes the captured schedule is unchanged.""]","{""calculation"": ""max(0, baseline scheduled quantity - forecast operating capacity)"", ""capacity_artifact_id"": ""km_tgp_segment_capacity:1788198122755547000:8fdc5140c4927947e235a62aa64289aad62f3fa51c867ee8ed2458e198852ac1"", ""capacity_run_id"": ""d79f586d-160a-47d8-9546-69b566a24dbc"", ""capacity_source_age_hours_at_calculation"": 15.92, ""direction_mapping"": {""capacity"": ""TD2"", ""forecast"": ""BH"", ""method"": ""FH=operator default direction=TD1; BH=opposite direction=TD2"", ""operator_direction_notice_url"": ""https://pipeline2.kindermorgan.com/Notices/NoticeDetail.aspx?code=TGP&notc_nbr=363144"", ""operator_segment_map_url"": ""https://pipeline2.kindermorgan.com/Documents/TGP/TGP_Segment_-_Pin_Map-20260721125239.pdf""}, ""interpretation"": ""Conditional scheduled shortfall if the captured net schedule holds; not physical flow, curtailment, or a price prediction."", ""operator_capacity_caveat"": ""Flow Indicator (Flow Ind)\n\nTD1 - Flow in the direction as shown on the pipeline segment map.\n\nTD2 - Flow in the opposite direction shown on the pipeline segment map.\n\n1) Design Capacity generally reflects the physical capacity of a segment as determined by a capacity model utilizing current contractual receipt/delivery quantities and a reasonable set of engineering assumptions and parameters.\n2) Design Capacity may be updated periodically to reflect changes in contractual receipt/delivery patterns, paths that do not utilize the entire segment and/or capacity modeling parameters.\n3) Operationally Available Capacity may be updated throughout the day to account for changes including, but not limited to: netting of bidirectional nominations, partial segment path nominations, storage swing services, exchanges, facility outages, and imbalance management.\n4) Total Scheduled Quantity is the resulting scheduled volume after netting scheduled volumes in both flow directions.\u00a0 This quantity for each segment is displayed only in the resulting net physical flow direction of the segment.\u00a0 Opposite of the physical flow direction will display a quantity of zero although there could be volumes scheduled. For further explanation, contact your Scheduling Representative. \u00a0\u00a0\n5) The net Total Scheduled Quantity may result in a quantity different than Operating Capacity due to the confirmation process after scheduling.\n6) Operating Capacity may be different than Design Capacity based on the periodic, non-permanent anticipated or observed operational pipeline conditions including, but not limited to: higher or lower average thermal content of the gas, higher or lower pressure from interconnecting pipelines, on-going maintenance, etc.\n7) Operating Capacity may be greater than the Design Capacity of the segment to accommodate scheduling of services that contain rights to multiple, redundant firm transportation paths which can be served entirely or in part through an alternate physical path.\n8) The IT Indicator shows whether gas has been scheduled under any interruptible service."", ""report_artifact_id"": ""km_tgp_notice_detail:1788197456279496000:cc4e15187816ef531b2c0d32f54f0c4fc2731bd4f14670beb540a5551574d909""}",2026-08-31T17:42:15.945168Z,km_tgp_notice_detail:1788197456279496000:cc4e15187816ef531b2c0d32f54f0c4fc2731bd4f14670beb540a5551574d909,km_tgp_segment_capacity:1788198122755547000:8fdc5140c4927947e235a62aa64289aad62f3fa51c867ee8ed2458e198852ac1
tgp-impact:695f261c41f89669de3f127dde3dd7de3d3754e3d437b3b098576e8179042e31,403802,2026-08-27,2026-08-31,2026-08-31,Station 834 (segment 834 BH),834,BH,TD2,Z1,STA 834,2026-08-31,EVENING,590000,409682,180318,683000,590000,93000,0,180318,same_day,normalized_name,monitor,unresolved,"No licensed regional basis observations or exact TGP leg-to-contract mapping are loaded. Henry Hub NG is a national benchmark, not direct evidence of this TGP event's price exposure.",https://www.cmegroup.com/markets/energy/natural-gas/natural-gas.html,"[""Future nominations and rerouting are not observed; the shortfall assumes the captured schedule is unchanged.""]","{""calculation"": ""max(0, baseline scheduled quantity - forecast operating capacity)"", ""capacity_artifact_id"": ""km_tgp_segment_capacity:1788198122755547000:8fdc5140c4927947e235a62aa64289aad62f3fa51c867ee8ed2458e198852ac1"", ""capacity_run_id"": ""d79f586d-160a-47d8-9546-69b566a24dbc"", ""capacity_source_age_hours_at_calculation"": 15.92, ""direction_mapping"": {""capacity"": ""TD2"", ""forecast"": ""BH"", ""method"": ""FH=operator default direction=TD1; BH=opposite direction=TD2"", ""operator_direction_notice_url"": ""https://pipeline2.kindermorgan.com/Notices/NoticeDetail.aspx?code=TGP&notc_nbr=363144"", ""operator_segment_map_url"": ""https://pipeline2.kindermorgan.com/Documents/TGP/TGP_Segment_-_Pin_Map-20260721125239.pdf""}, ""interpretation"": ""Conditional scheduled shortfall if the captured net schedule holds; not physical flow, curtailment, or a price prediction."", ""operator_capacity_caveat"": ""Flow Indicator (Flow Ind)\n\nTD1 - Flow in the direction as shown on the pipeline segment map.\n\nTD2 - Flow in the opposite direction shown on the pipeline segment map.\n\n1) Design Capacity generally reflects the physical capacity of a segment as determined by a capacity model utilizing current contractual receipt/delivery quantities and a reasonable set of engineering assumptions and parameters.\n2) Design Capacity may be updated periodically to reflect changes in contractual receipt/delivery patterns, paths that do not utilize the entire segment and/or capacity modeling parameters.\n3) Operationally Available Capacity may be updated throughout the day to account for changes including, but not limited to: netting of bidirectional nominations, partial segment path nominations, storage swing services, exchanges, facility outages, and imbalance management.\n4) Total Scheduled Quantity is the resulting scheduled volume after netting scheduled volumes in both flow directions.\u00a0 This quantity for each segment is displayed only in the resulting net physical flow direction of the segment.\u00a0 Opposite of the physical flow direction will display a quantity of zero although there could be volumes scheduled. For further explanation, contact your Scheduling Representative. \u00a0\u00a0\n5) The net Total Scheduled Quantity may result in a quantity different than Operating Capacity due to the confirmation process after scheduling.\n6) Operating Capacity may be different than Design Capacity based on the periodic, non-permanent anticipated or observed operational pipeline conditions including, but not limited to: higher or lower average thermal content of the gas, higher or lower pressure from interconnecting pipelines, on-going maintenance, etc.\n7) Operating Capacity may be greater than the Design Capacity of the segment to accommodate scheduling of services that contain rights to multiple, redundant firm transportation paths which can be served entirely or in part through an alternate physical path.\n8) The IT Indicator shows whether gas has been scheduled under any interruptible service."", ""report_artifact_id"": ""km_tgp_notice_detail:1788197456279496000:cc4e15187816ef531b2c0d32f54f0c4fc2731bd4f14670beb540a5551574d909""}",2026-08-31T17:42:15.945168Z,km_tgp_notice_detail:1788197456279496000:cc4e15187816ef531b2c0d32f54f0c4fc2731bd4f14670beb540a5551574d909,km_tgp_segment_capacity:1788198122755547000:8fdc5140c4927947e235a62aa64289aad62f3fa51c867ee8ed2458e198852ac1
tgp-impact:44fb0c40099bea06f1b52d6a455fc1c019d0a937c352cdaa692866e86374ed81,403802,2026-08-27,2026-09-01,2026-09-01,Station 834 (segment 834 BH),834,BH,TD2,Z1,STA 834,2026-08-31,EVENING,590000,409682,180318,683000,590000,93000,0,180318,pre_event,normalized_name,monitor,unresolved,"No licensed regional basis observations or exact TGP leg-to-contract mapping are loaded. Henry Hub NG is a national benchmark, not direct evidence of this TGP event's price exposure.",https://www.cmegroup.com/markets/energy/natural-gas/natural-gas.html,"[""Future nominations and rerouting are not observed; the shortfall assumes the captured schedule is unchanged.""]","{""calculation"": ""max(0, baseline scheduled quantity - forecast operating capacity)"", ""capacity_artifact_id"": ""km_tgp_segment_capacity:1788198122755547000:8fdc5140c4927947e235a62aa64289aad62f3fa51c867ee8ed2458e198852ac1"", ""capacity_run_id"": ""d79f586d-160a-47d8-9546-69b566a24dbc"", ""capacity_source_age_hours_at_calculation"": 15.92, ""direction_mapping"": {""capacity"": ""TD2"", ""forecast"": ""BH"", ""method"": ""FH=operator default direction=TD1; BH=opposite direction=TD2"", ""operator_direction_notice_url"": ""https://pipeline2.kindermorgan.com/Notices/NoticeDetail.aspx?code=TGP&notc_nbr=363144"", ""operator_segment_map_url"": ""https://pipeline2.kindermorgan.com/Documents/TGP/TGP_Segment_-_Pin_Map-20260721125239.pdf""}, ""interpretation"": ""Conditional scheduled shortfall if the captured net schedule holds; not physical flow, curtailment, or a price prediction."", ""operator_capacity_caveat"": ""Flow Indicator (Flow Ind)\n\nTD1 - Flow in the direction as shown on the pipeline segment map.\n\nTD2 - Flow in the opposite direction shown on the pipeline segment map.\n\n1) Design Capacity generally reflects the physical capacity of a segment as determined by a capacity model utilizing current contractual receipt/delivery quantities and a reasonable set of engineering assumptions and parameters.\n2) Design Capacity may be updated periodically to reflect changes in contractual receipt/delivery patterns, paths that do not utilize the entire segment and/or capacity modeling parameters.\n3) Operationally Available Capacity may be updated throughout the day to account for changes including, but not limited to: netting of bidirectional nominations, partial segment path nominations, storage swing services, exchanges, facility outages, and imbalance management.\n4) Total Scheduled Quantity is the resulting scheduled volume after netting scheduled volumes in both flow directions.\u00a0 This quantity for each segment is displayed only in the resulting net physical flow direction of the segment.\u00a0 Opposite of the physical flow direction will display a quantity of zero although there could be volumes scheduled. For further explanation, contact your Scheduling Representative. \u00a0\u00a0\n5) The net Total Scheduled Quantity may result in a quantity different than Operating Capacity due to the confirmation process after scheduling.\n6) Operating Capacity may be different than Design Capacity based on the periodic, non-permanent anticipated or observed operational pipeline conditions including, but not limited to: higher or lower average thermal content of the gas, higher or lower pressure from interconnecting pipelines, on-going maintenance, etc.\n7) Operating Capacity may be greater than the Design Capacity of the segment to accommodate scheduling of services that contain rights to multiple, redundant firm transportation paths which can be served entirely or in part through an alternate physical path.\n8) The IT Indicator shows whether gas has been scheduled under any interruptible service."", ""report_artifact_id"": ""km_tgp_notice_detail:1788197456279496000:cc4e15187816ef531b2c0d32f54f0c4fc2731bd4f14670beb540a5551574d909""}",2026-08-31T17:42:15.945168Z,km_tgp_notice_detail:1788197456279496000:cc4e15187816ef531b2c0d32f54f0c4fc2731bd4f14670beb540a5551574d909,km_tgp_segment_capacity:1788198122755547000:8fdc5140c4927947e235a62aa64289aad62f3fa51c867ee8ed2458e198852ac1
tgp-impact:050dfaab5224dfa387873a5368eab5e2adc0cdb859078a8d424e6dd3712d6921,403802,2026-08-27,2026-09-02,2026-09-02,Station 834 (segment 834 BH),834,BH,TD2,Z1,STA 834,2026-08-31,EVENING,590000,409682,180318,683000,590000,93000,0,180318,pre_event,normalized_name,monitor,unresolved,"No licensed regional basis observations or exact TGP leg-to-contract mapping are loaded. Henry Hub NG is a national benchmark, not direct evidence of this TGP event's price exposure.",https://www.cmegroup.com/markets/energy/natural-gas/natural-gas.html,"[""Future nominations and rerouting are not observed; the shortfall assumes the captured schedule is unchanged.""]","{""calculation"": ""max(0, baseline scheduled quantity - forecast operating capacity)"", ""capacity_artifact_id"": ""km_tgp_segment_capacity:1788198122755547000:8fdc5140c4927947e235a62aa64289aad62f3fa51c867ee8ed2458e198852ac1"", ""capacity_run_id"": ""d79f586d-160a-47d8-9546-69b566a24dbc"", ""capacity_source_age_hours_at_calculation"": 15.92, ""direction_mapping"": {""capacity"": ""TD2"", ""forecast"": ""BH"", ""method"": ""FH=operator default direction=TD1; BH=opposite direction=TD2"", ""operator_direction_notice_url"": ""https://pipeline2.kindermorgan.com/Notices/NoticeDetail.aspx?code=TGP&notc_nbr=363144"", ""operator_segment_map_url"": ""https://pipeline2.kindermorgan.com/Documents/TGP/TGP_Segment_-_Pin_Map-20260721125239.pdf""}, ""interpretation"": ""Conditional scheduled shortfall if the captured net schedule holds; not physical flow, curtailment, or a price prediction."", ""operator_capacity_caveat"": ""Flow Indicator (Flow Ind)\n\nTD1 - Flow in the direction as shown on the pipeline segment map.\n\nTD2 - Flow in the opposite direction shown on the pipeline segment map.\n\n1) Design Capacity generally reflects the physical capacity of a segment as determined by a capacity model utilizing current contractual receipt/delivery quantities and a reasonable set of engineering assumptions and parameters.\n2) Design Capacity may be updated periodically to reflect changes in contractual receipt/delivery patterns, paths that do not utilize the entire segment and/or capacity modeling parameters.\n3) Operationally Available Capacity may be updated throughout the day to account for changes including, but not limited to: netting of bidirectional nominations, partial segment path nominations, storage swing services, exchanges, facility outages, and imbalance management.\n4) Total Scheduled Quantity is the resulting scheduled volume after netting scheduled volumes in both flow directions.\u00a0 This quantity for each segment is displayed only in the resulting net physical flow direction of the segment.\u00a0 Opposite of the physical flow direction will display a quantity of zero although there could be volumes scheduled. For further explanation, contact your Scheduling Representative. \u00a0\u00a0\n5) The net Total Scheduled Quantity may result in a quantity different than Operating Capacity due to the confirmation process after scheduling.\n6) Operating Capacity may be different than Design Capacity based on the periodic, non-permanent anticipated or observed operational pipeline conditions including, but not limited to: higher or lower average thermal content of the gas, higher or lower pressure from interconnecting pipelines, on-going maintenance, etc.\n7) Operating Capacity may be greater than the Design Capacity of the segment to accommodate scheduling of services that contain rights to multiple, redundant firm transportation paths which can be served entirely or in part through an alternate physical path.\n8) The IT Indicator shows whether gas has been scheduled under any interruptible service."", ""report_artifact_id"": ""km_tgp_notice_detail:1788197456279496000:cc4e15187816ef531b2c0d32f54f0c4fc2731bd4f14670beb540a5551574d909""}",2026-08-31T17:42:15.945168Z,km_tgp_notice_detail:1788197456279496000:cc4e15187816ef531b2c0d32f54f0c4fc2731bd4f14670beb540a5551574d909,km_tgp_segment_capacity:1788198122755547000:8fdc5140c4927947e235a62aa64289aad62f3fa51c867ee8ed2458e198852ac1
tgp-impact:d29c114c275652452c54ab7782cd3cb03ea7528215c2125dd5297cf04d9ab2c2,403802,2026-08-27,2026-09-03,2026-09-03,Station 834 (segment 834 BH),834,BH,TD2,Z1,STA 834,2026-08-31,EVENING,590000,409682,180318,683000,590000,93000,0,180318,pre_event,normalized_name,monitor,unresolved,"No licensed regional basis observations or exact TGP leg-to-contract mapping are loaded. Henry Hub NG is a national benchmark, not direct evidence of this TGP event's price exposure.",https://www.cmegroup.com/markets/energy/natural-gas/natural-gas.html,"[""Future nominations and rerouting are not observed; the shortfall assumes the captured schedule is unchanged.""]","{""calculation"": ""max(0, baseline scheduled quantity - forecast operating capacity)"", ""capacity_artifact_id"": ""km_tgp_segment_capacity:1788198122755547000:8fdc5140c4927947e235a62aa64289aad62f3fa51c867ee8ed2458e198852ac1"", ""capacity_run_id"": ""d79f586d-160a-47d8-9546-69b566a24dbc"", ""capacity_source_age_hours_at_calculation"": 15.92, ""direction_mapping"": {""capacity"": ""TD2"", ""forecast"": ""BH"", ""method"": ""FH=operator default direction=TD1; BH=opposite direction=TD2"", ""operator_direction_notice_url"": ""https://pipeline2.kindermorgan.com/Notices/NoticeDetail.aspx?code=TGP&notc_nbr=363144"", ""operator_segment_map_url"": ""https://pipeline2.kindermorgan.com/Documents/TGP/TGP_Segment_-_Pin_Map-20260721125239.pdf""}, ""interpretation"": ""Conditional scheduled shortfall if the captured net schedule holds; not physical flow, curtailment, or a price prediction."", ""operator_capacity_caveat"": ""Flow Indicator (Flow Ind)\n\nTD1 - Flow in the direction as shown on the pipeline segment map.\n\nTD2 - Flow in the opposite direction shown on the pipeline segment map.\n\n1) Design Capacity generally reflects the physical capacity of a segment as determined by a capacity model utilizing current contractual receipt/delivery quantities and a reasonable set of engineering assumptions and parameters.\n2) Design Capacity may be updated periodically to reflect changes in contractual receipt/delivery patterns, paths that do not utilize the entire segment and/or capacity modeling parameters.\n3) Operationally Available Capacity may be updated throughout the day to account for changes including, but not limited to: netting of bidirectional nominations, partial segment path nominations, storage swing services, exchanges, facility outages, and imbalance management.\n4) Total Scheduled Quantity is the resulting scheduled volume after netting scheduled volumes in both flow directions.\u00a0 This quantity for each segment is displayed only in the resulting net physical flow direction of the segment.\u00a0 Opposite of the physical flow direction will display a quantity of zero although there could be volumes scheduled. For further explanation, contact your Scheduling Representative. \u00a0\u00a0\n5) The net Total Scheduled Quantity may result in a quantity different than Operating Capacity due to the confirmation process after scheduling.\n6) Operating Capacity may be different than Design Capacity based on the periodic, non-permanent anticipated or observed operational pipeline conditions including, but not limited to: higher or lower average thermal content of the gas, higher or lower pressure from interconnecting pipelines, on-going maintenance, etc.\n7) Operating Capacity may be greater than the Design Capacity of the segment to accommodate scheduling of services that contain rights to multiple, redundant firm transportation paths which can be served entirely or in part through an alternate physical path.\n8) The IT Indicator shows whether gas has been scheduled under any interruptible service."", ""report_artifact_id"": ""km_tgp_notice_detail:1788197456279496000:cc4e15187816ef531b2c0d32f54f0c4fc2731bd4f14670beb540a5551574d909""}",2026-08-31T17:42:15.945168Z,km_tgp_notice_detail:1788197456279496000:cc4e15187816ef531b2c0d32f54f0c4fc2731bd4f14670beb540a5551574d909,km_tgp_segment_capacity:1788198122755547000:8fdc5140c4927947e235a62aa64289aad62f3fa51c867ee8ed2458e198852ac1
tgp-impact:1b533b1e4bd90db335a63f6902a514a01e8bedb3017c010826a183b6dfe17cfc,403802,2026-08-27,2026-09-04,2026-09-04,Station 834 (segment 834 BH),834,BH,TD2,Z1,STA 834,2026-08-31,EVENING,590000,409682,180318,683000,590000,93000,0,180318,pre_event,normalized_name,monitor,unresolved,"No licensed regional basis observations or exact TGP leg-to-contract mapping are loaded. Henry Hub NG is a national benchmark, not direct evidence of this TGP event's price exposure.",https://www.cmegroup.com/markets/energy/natural-gas/natural-gas.html,"[""Future nominations and rerouting are not observed; the shortfall assumes the captured schedule is unchanged.""]","{""calculation"": ""max(0, baseline scheduled quantity - forecast operating capacity)"", ""capacity_artifact_id"": ""km_tgp_segment_capacity:1788198122755547000:8fdc5140c4927947e235a62aa64289aad62f3fa51c867ee8ed2458e198852ac1"", ""capacity_run_id"": ""d79f586d-160a-47d8-9546-69b566a24dbc"", ""capacity_source_age_hours_at_calculation"": 15.92, ""direction_mapping"": {""capacity"": ""TD2"", ""forecast"": ""BH"", ""method"": ""FH=operator default direction=TD1; BH=opposite direction=TD2"", ""operator_direction_notice_url"": ""https://pipeline2.kindermorgan.com/Notices/NoticeDetail.aspx?code=TGP&notc_nbr=363144"", ""operator_segment_map_url"": ""https://pipeline2.kindermorgan.com/Documents/TGP/TGP_Segment_-_Pin_Map-20260721125239.pdf""}, ""interpretation"": ""Conditional scheduled shortfall if the captured net schedule holds; not physical flow, curtailment, or a price prediction."", ""operator_capacity_caveat"": ""Flow Indicator (Flow Ind)\n\nTD1 - Flow in the direction as shown on the pipeline segment map.\n\nTD2 - Flow in the opposite direction shown on the pipeline segment map.\n\n1) Design Capacity generally reflects the physical capacity of a segment as determined by a capacity model utilizing current contractual receipt/delivery quantities and a reasonable set of engineering assumptions and parameters.\n2) Design Capacity may be updated periodically to reflect changes in contractual receipt/delivery patterns, paths that do not utilize the entire segment and/or capacity modeling parameters.\n3) Operationally Available Capacity may be updated throughout the day to account for changes including, but not limited to: netting of bidirectional nominations, partial segment path nominations, storage swing services, exchanges, facility outages, and imbalance management.\n4) Total Scheduled Quantity is the resulting scheduled volume after netting scheduled volumes in both flow directions.\u00a0 This quantity for each segment is displayed only in the resulting net physical flow direction of the segment.\u00a0 Opposite of the physical flow direction will display a quantity of zero although there could be volumes scheduled. For further explanation, contact your Scheduling Representative. \u00a0\u00a0\n5) The net Total Scheduled Quantity may result in a quantity different than Operating Capacity due to the confirmation process after scheduling.\n6) Operating Capacity may be different than Design Capacity based on the periodic, non-permanent anticipated or observed operational pipeline conditions including, but not limited to: higher or lower average thermal content of the gas, higher or lower pressure from interconnecting pipelines, on-going maintenance, etc.\n7) Operating Capacity may be greater than the Design Capacity of the segment to accommodate scheduling of services that contain rights to multiple, redundant firm transportation paths which can be served entirely or in part through an alternate physical path.\n8) The IT Indicator shows whether gas has been scheduled under any interruptible service."", ""report_artifact_id"": ""km_tgp_notice_detail:1788197456279496000:cc4e15187816ef531b2c0d32f54f0c4fc2731bd4f14670beb540a5551574d909""}",2026-08-31T17:42:15.945168Z,km_tgp_notice_detail:1788197456279496000:cc4e15187816ef531b2c0d32f54f0c4fc2731bd4f14670beb540a5551574d909,km_tgp_segment_capacity:1788198122755547000:8fdc5140c4927947e235a62aa64289aad62f3fa51c867ee8ed2458e198852ac1
tgp-impact:0880ca847373a3cd715192049a29939ab52fa0007d4406c8c6ff1493c28e9822,403802,2026-08-27,2026-11-02,2026-11-08,Station 114 (segment 114 BH),114,BH,TD2,Z3,STA 114 EAST,2026-08-31,EVENING,393000,349971,43029,946000,858000,88000,0,508029,pre_event,normalized_name,monitor,unresolved,"No licensed regional basis observations or exact TGP leg-to-contract mapping are loaded. Henry Hub NG is a national benchmark, not direct evidence of this TGP event's price exposure.",https://www.cmegroup.com/markets/energy/natural-gas/natural-gas.html,"[""Future nominations and rerouting are not observed; the shortfall assumes the captured schedule is unchanged.""]","{""calculation"": ""max(0, baseline scheduled quantity - forecast operating capacity)"", ""capacity_artifact_id"": ""km_tgp_segment_capacity:1788198122755547000:8fdc5140c4927947e235a62aa64289aad62f3fa51c867ee8ed2458e198852ac1"", ""capacity_run_id"": ""d79f586d-160a-47d8-9546-69b566a24dbc"", ""capacity_source_age_hours_at_calculation"": 15.92, ""direction_mapping"": {""capacity"": ""TD2"", ""forecast"": ""BH"", ""method"": ""FH=operator default direction=TD1; BH=opposite direction=TD2"", ""operator_direction_notice_url"": ""https://pipeline2.kindermorgan.com/Notices/NoticeDetail.aspx?code=TGP&notc_nbr=363144"", ""operator_segment_map_url"": ""https://pipeline2.kindermorgan.com/Documents/TGP/TGP_Segment_-_Pin_Map-20260721125239.pdf""}, ""interpretation"": ""Conditional scheduled shortfall if the captured net schedule holds; not physical flow, curtailment, or a price prediction."", ""operator_capacity_caveat"": ""Flow Indicator (Flow Ind)\n\nTD1 - Flow in the direction as shown on the pipeline segment map.\n\nTD2 - Flow in the opposite direction shown on the pipeline segment map.\n\n1) Design Capacity generally reflects the physical capacity of a segment as determined by a capacity model utilizing current contractual receipt/delivery quantities and a reasonable set of engineering assumptions and parameters.\n2) Design Capacity may be updated periodically to reflect changes in contractual receipt/delivery patterns, paths that do not utilize the entire segment and/or capacity modeling parameters.\n3) Operationally Available Capacity may be updated throughout the day to account for changes including, but not limited to: netting of bidirectional nominations, partial segment path nominations, storage swing services, exchanges, facility outages, and imbalance management.\n4) Total Scheduled Quantity is the resulting scheduled volume after netting scheduled volumes in both flow directions.\u00a0 This quantity for each segment is displayed only in the resulting net physical flow direction of the segment.\u00a0 Opposite of the physical flow direction will display a quantity of zero although there could be volumes scheduled. For further explanation, contact your Scheduling Representative. \u00a0\u00a0\n5) The net Total Scheduled Quantity may result in a quantity different than Operating Capacity due to the confirmation process after scheduling.\n6) Operating Capacity may be different than Design Capacity based on the periodic, non-permanent anticipated or observed operational pipeline conditions including, but not limited to: higher or lower average thermal content of the gas, higher or lower pressure from interconnecting pipelines, on-going maintenance, etc.\n7) Operating Capacity may be greater than the Design Capacity of the segment to accommodate scheduling of services that contain rights to multiple, redundant firm transportation paths which can be served entirely or in part through an alternate physical path.\n8) The IT Indicator shows whether gas has been scheduled under any interruptible service."", ""report_artifact_id"": ""km_tgp_notice_detail:1788197456279496000:cc4e15187816ef531b2c0d32f54f0c4fc2731bd4f14670beb540a5551574d909""}",2026-08-31T17:42:15.945168Z,km_tgp_notice_detail:1788197456279496000:cc4e15187816ef531b2c0d32f54f0c4fc2731bd4f14670beb540a5551574d909,km_tgp_segment_capacity:1788198122755547000:8fdc5140c4927947e235a62aa64289aad62f3fa51c867ee8ed2458e198852ac1
tgp-impact:4966967e2ae73042dcc5b6ee949f302235d0f188506b18b113643b272503ecc8,403802,2026-08-27,2026-11-02,2026-11-08,Station 47 (segment 143 FH),143,FH,TD1,Z1,STA 47,2026-08-31,EVENING,1045000,592734,452266,1428000,1350000,78000,0,757266,pre_event,normalized_name,monitor,unresolved,"No licensed regional basis observations or exact TGP leg-to-contract mapping are loaded. Henry Hub NG is a national benchmark, not direct evidence of this TGP event's price exposure.",https://www.cmegroup.com/markets/energy/natural-gas/natural-gas.html,"[""Future nominations and rerouting are not observed; the shortfall assumes the captured schedule is unchanged.""]","{""calculation"": ""max(0, baseline scheduled quantity - forecast operating capacity)"", ""capacity_artifact_id"": ""km_tgp_segment_capacity:1788198122755547000:8fdc5140c4927947e235a62aa64289aad62f3fa51c867ee8ed2458e198852ac1"", ""capacity_run_id"": ""d79f586d-160a-47d8-9546-69b566a24dbc"", ""capacity_source_age_hours_at_calculation"": 15.92, ""direction_mapping"": {""capacity"": ""TD1"", ""forecast"": ""FH"", ""method"": ""FH=operator default direction=TD1; BH=opposite direction=TD2"", ""operator_direction_notice_url"": ""https://pipeline2.kindermorgan.com/Notices/NoticeDetail.aspx?code=TGP&notc_nbr=363144"", ""operator_segment_map_url"": ""https://pipeline2.kindermorgan.com/Documents/TGP/TGP_Segment_-_Pin_Map-20260721125239.pdf""}, ""interpretation"": ""Conditional scheduled shortfall if the captured net schedule holds; not physical flow, curtailment, or a price prediction."", ""operator_capacity_caveat"": ""Flow Indicator (Flow Ind)\n\nTD1 - Flow in the direction as shown on the pipeline segment map.\n\nTD2 - Flow in the opposite direction shown on the pipeline segment map.\n\n1) Design Capacity generally reflects the physical capacity of a segment as determined by a capacity model utilizing current contractual receipt/delivery quantities and a reasonable set of engineering assumptions and parameters.\n2) Design Capacity may be updated periodically to reflect changes in contractual receipt/delivery patterns, paths that do not utilize the entire segment and/or capacity modeling parameters.\n3) Operationally Available Capacity may be updated throughout the day to account for changes including, but not limited to: netting of bidirectional nominations, partial segment path nominations, storage swing services, exchanges, facility outages, and imbalance management.\n4) Total Scheduled Quantity is the resulting scheduled volume after netting scheduled volumes in both flow directions.\u00a0 This quantity for each segment is displayed only in the resulting net physical flow direction of the segment.\u00a0 Opposite of the physical flow direction will display a quantity of zero although there could be volumes scheduled. For further explanation, contact your Scheduling Representative. \u00a0\u00a0\n5) The net Total Scheduled Quantity may result in a quantity different than Operating Capacity due to the confirmation process after scheduling.\n6) Operating Capacity may be different than Design Capacity based on the periodic, non-permanent anticipated or observed operational pipeline conditions including, but not limited to: higher or lower average thermal content of the gas, higher or lower pressure from interconnecting pipelines, on-going maintenance, etc.\n7) Operating Capacity may be greater than the Design Capacity of the segment to accommodate scheduling of services that contain rights to multiple, redundant firm transportation paths which can be served entirely or in part through an alternate physical path.\n8) The IT Indicator shows whether gas has been scheduled under any interruptible service."", ""report_artifact_id"": ""km_tgp_notice_detail:1788197456279496000:cc4e15187816ef531b2c0d32f54f0c4fc2731bd4f14670beb540a5551574d909""}",2026-08-31T17:42:15.945168Z,km_tgp_notice_detail:1788197456279496000:cc4e15187816ef531b2c0d32f54f0c4fc2731bd4f14670beb540a5551574d909,km_tgp_segment_capacity:1788198122755547000:8fdc5140c4927947e235a62aa64289aad62f3fa51c867ee8ed2458e198852ac1
tgp-impact:df486532b487b448677c48dfc6dc8525a3f2e474820e264583461030ad323213,403802,2026-08-27,2026-11-09,2026-11-15,Station 47 (segment 143 FH),143,FH,TD1,Z1,STA 47,2026-08-31,EVENING,1045000,592734,452266,1428000,1350000,78000,0,757266,pre_event,normalized_name,monitor,unresolved,"No licensed regional basis observations or exact TGP leg-to-contract mapping are loaded. Henry Hub NG is a national benchmark, not direct evidence of this TGP event's price exposure.",https://www.cmegroup.com/markets/energy/natural-gas/natural-gas.html,"[""Future nominations and rerouting are not observed; the shortfall assumes the captured schedule is unchanged.""]","{""calculation"": ""max(0, baseline scheduled quantity - forecast operating capacity)"", ""capacity_artifact_id"": ""km_tgp_segment_capacity:1788198122755547000:8fdc5140c4927947e235a62aa64289aad62f3fa51c867ee8ed2458e198852ac1"", ""capacity_run_id"": ""d79f586d-160a-47d8-9546-69b566a24dbc"", ""capacity_source_age_hours_at_calculation"": 15.92, ""direction_mapping"": {""capacity"": ""TD1"", ""forecast"": ""FH"", ""method"": ""FH=operator default direction=TD1; BH=opposite direction=TD2"", ""operator_direction_notice_url"": ""https://pipeline2.kindermorgan.com/Notices/NoticeDetail.aspx?code=TGP&notc_nbr=363144"", ""operator_segment_map_url"": ""https://pipeline2.kindermorgan.com/Documents/TGP/TGP_Segment_-_Pin_Map-20260721125239.pdf""}, ""interpretation"": ""Conditional scheduled shortfall if the captured net schedule holds; not physical flow, curtailment, or a price prediction."", ""operator_capacity_caveat"": ""Flow Indicator (Flow Ind)\n\nTD1 - Flow in the direction as shown on the pipeline segment map.\n\nTD2 - Flow in the opposite direction shown on the pipeline segment map.\n\n1) Design Capacity generally reflects the physical capacity of a segment as determined by a capacity model utilizing current contractual receipt/delivery quantities and a reasonable set of engineering assumptions and parameters.\n2) Design Capacity may be updated periodically to reflect changes in contractual receipt/delivery patterns, paths that do not utilize the entire segment and/or capacity modeling parameters.\n3) Operationally Available Capacity may be updated throughout the day to account for changes including, but not limited to: netting of bidirectional nominations, partial segment path nominations, storage swing services, exchanges, facility outages, and imbalance management.\n4) Total Scheduled Quantity is the resulting scheduled volume after netting scheduled volumes in both flow directions.\u00a0 This quantity for each segment is displayed only in the resulting net physical flow direction of the segment.\u00a0 Opposite of the physical flow direction will display a quantity of zero although there could be volumes scheduled. For further explanation, contact your Scheduling Representative. \u00a0\u00a0\n5) The net Total Scheduled Quantity may result in a quantity different than Operating Capacity due to the confirmation process after scheduling.\n6) Operating Capacity may be different than Design Capacity based on the periodic, non-permanent anticipated or observed operational pipeline conditions including, but not limited to: higher or lower average thermal content of the gas, higher or lower pressure from interconnecting pipelines, on-going maintenance, etc.\n7) Operating Capacity may be greater than the Design Capacity of the segment to accommodate scheduling of services that contain rights to multiple, redundant firm transportation paths which can be served entirely or in part through an alternate physical path.\n8) The IT Indicator shows whether gas has been scheduled under any interruptible service."", ""report_artifact_id"": ""km_tgp_notice_detail:1788197456279496000:cc4e15187816ef531b2c0d32f54f0c4fc2731bd4f14670beb540a5551574d909""}",2026-08-31T17:42:15.945168Z,km_tgp_notice_detail:1788197456279496000:cc4e15187816ef531b2c0d32f54f0c4fc2731bd4f14670beb540a5551574d909,km_tgp_segment_capacity:1788198122755547000:8fdc5140c4927947e235a62aa64289aad62f3fa51c867ee8ed2458e198852ac1
tgp-impact:66c9d2d3eee1bd90abf9727aa14edfa760d47c8d2f6c09ca50cd2132a8896571,403802,2026-08-27,2026-09-07,2026-09-13,Station 204 (Segment 204 BH),204,BH,TD2,Z4,STA 204,2026-08-31,EVENING,1795000,1755372,39628,1828000,1760000,68000,0,4628,pre_event,normalized_name,monitor,unresolved,"No licensed regional basis observations or exact TGP leg-to-contract mapping are loaded. Henry Hub NG is a national benchmark, not direct evidence of this TGP event's price exposure.",https://www.cmegroup.com/markets/energy/natural-gas/natural-gas.html,"[""Future nominations and rerouting are not observed; the shortfall assumes the captured schedule is unchanged.""]","{""calculation"": ""max(0, baseline scheduled quantity - forecast operating capacity)"", ""capacity_artifact_id"": ""km_tgp_segment_capacity:1788198122755547000:8fdc5140c4927947e235a62aa64289aad62f3fa51c867ee8ed2458e198852ac1"", ""capacity_run_id"": ""d79f586d-160a-47d8-9546-69b566a24dbc"", ""capacity_source_age_hours_at_calculation"": 15.92, ""direction_mapping"": {""capacity"": ""TD2"", ""forecast"": ""BH"", ""method"": ""FH=operator default direction=TD1; BH=opposite direction=TD2"", ""operator_direction_notice_url"": ""https://pipeline2.kindermorgan.com/Notices/NoticeDetail.aspx?code=TGP&notc_nbr=363144"", ""operator_segment_map_url"": ""https://pipeline2.kindermorgan.com/Documents/TGP/TGP_Segment_-_Pin_Map-20260721125239.pdf""}, ""interpretation"": ""Conditional scheduled shortfall if the captured net schedule holds; not physical flow, curtailment, or a price prediction."", ""operator_capacity_caveat"": ""Flow Indicator (Flow Ind)\n\nTD1 - Flow in the direction as shown on the pipeline segment map.\n\nTD2 - Flow in the opposite direction shown on the pipeline segment map.\n\n1) Design Capacity generally reflects the physical capacity of a segment as determined by a capacity model utilizing current contractual receipt/delivery quantities and a reasonable set of engineering assumptions and parameters.\n2) Design Capacity may be updated periodically to reflect changes in contractual receipt/delivery patterns, paths that do not utilize the entire segment and/or capacity modeling parameters.\n3) Operationally Available Capacity may be updated throughout the day to account for changes including, but not limited to: netting of bidirectional nominations, partial segment path nominations, storage swing services, exchanges, facility outages, and imbalance management.\n4) Total Scheduled Quantity is the resulting scheduled volume after netting scheduled volumes in both flow directions.\u00a0 This quantity for each segment is displayed only in the resulting net physical flow direction of the segment.\u00a0 Opposite of the physical flow direction will display a quantity of zero although there could be volumes scheduled. For further explanation, contact your Scheduling Representative. \u00a0\u00a0\n5) The net Total Scheduled Quantity may result in a quantity different than Operating Capacity due to the confirmation process after scheduling.\n6) Operating Capacity may be different than Design Capacity based on the periodic, non-permanent anticipated or observed operational pipeline conditions including, but not limited to: higher or lower average thermal content of the gas, higher or lower pressure from interconnecting pipelines, on-going maintenance, etc.\n7) Operating Capacity may be greater than the Design Capacity of the segment to accommodate scheduling of services that contain rights to multiple, redundant firm transportation paths which can be served entirely or in part through an alternate physical path.\n8) The IT Indicator shows whether gas has been scheduled under any interruptible service."", ""report_artifact_id"": ""km_tgp_notice_detail:1788197456279496000:cc4e15187816ef531b2c0d32f54f0c4fc2731bd4f14670beb540a5551574d909""}",2026-08-31T17:42:15.945168Z,km_tgp_notice_detail:1788197456279496000:cc4e15187816ef531b2c0d32f54f0c4fc2731bd4f14670beb540a5551574d909,km_tgp_segment_capacity:1788198122755547000:8fdc5140c4927947e235a62aa64289aad62f3fa51c867ee8ed2458e198852ac1
tgp-impact:e4d9c93e4557f0f45766a97b1a0ab2a3b5f6caca93ff62b9161fb531c9341884,403802,2026-08-27,2026-11-02,2026-11-08,Station 1 (segment 101 BH),101,BH,TD2,Z0,STA 1,2026-08-31,EVENING,399953,168961,230992,438000,375000,63000,0,206039,pre_event,normalized_name,monitor,unresolved,"No licensed regional basis observations or exact TGP leg-to-contract mapping are loaded. Henry Hub NG is a national benchmark, not direct evidence of this TGP event's price exposure.",https://www.cmegroup.com/markets/energy/natural-gas/natural-gas.html,"[""Future nominations and rerouting are not observed; the shortfall assumes the captured schedule is unchanged.""]","{""calculation"": ""max(0, baseline scheduled quantity - forecast operating capacity)"", ""capacity_artifact_id"": ""km_tgp_segment_capacity:1788198122755547000:8fdc5140c4927947e235a62aa64289aad62f3fa51c867ee8ed2458e198852ac1"", ""capacity_run_id"": ""d79f586d-160a-47d8-9546-69b566a24dbc"", ""capacity_source_age_hours_at_calculation"": 15.92, ""direction_mapping"": {""capacity"": ""TD2"", ""forecast"": ""BH"", ""method"": ""FH=operator default direction=TD1; BH=opposite direction=TD2"", ""operator_direction_notice_url"": ""https://pipeline2.kindermorgan.com/Notices/NoticeDetail.aspx?code=TGP&notc_nbr=363144"", ""operator_segment_map_url"": ""https://pipeline2.kindermorgan.com/Documents/TGP/TGP_Segment_-_Pin_Map-20260721125239.pdf""}, ""interpretation"": ""Conditional scheduled shortfall if the captured net schedule holds; not physical flow, curtailment, or a price prediction."", ""operator_capacity_caveat"": ""Flow Indicator (Flow Ind)\n\nTD1 - Flow in the direction as shown on the pipeline segment map.\n\nTD2 - Flow in the opposite direction shown on the pipeline segment map.\n\n1) Design Capacity generally reflects the physical capacity of a segment as determined by a capacity model utilizing current contractual receipt/delivery quantities and a reasonable set of engineering assumptions and parameters.\n2) Design Capacity may be updated periodically to reflect changes in contractual receipt/delivery patterns, paths that do not utilize the entire segment and/or capacity modeling parameters.\n3) Operationally Available Capacity may be updated throughout the day to account for changes including, but not limited to: netting of bidirectional nominations, partial segment path nominations, storage swing services, exchanges, facility outages, and imbalance management.\n4) Total Scheduled Quantity is the resulting scheduled volume after netting scheduled volumes in both flow directions.\u00a0 This quantity for each segment is displayed only in the resulting net physical flow direction of the segment.\u00a0 Opposite of the physical flow direction will display a quantity of zero although there could be volumes scheduled. For further explanation, contact your Scheduling Representative. \u00a0\u00a0\n5) The net Total Scheduled Quantity may result in a quantity different than Operating Capacity due to the confirmation process after scheduling.\n6) Operating Capacity may be different than Design Capacity based on the periodic, non-permanent anticipated or observed operational pipeline conditions including, but not limited to: higher or lower average thermal content of the gas, higher or lower pressure from interconnecting pipelines, on-going maintenance, etc.\n7) Operating Capacity may be greater than the Design Capacity of the segment to accommodate scheduling of services that contain rights to multiple, redundant firm transportation paths which can be served entirely or in part through an alternate physical path.\n8) The IT Indicator shows whether gas has been scheduled under any interruptible service."", ""report_artifact_id"": ""km_tgp_notice_detail:1788197456279496000:cc4e15187816ef531b2c0d32f54f0c4fc2731bd4f14670beb540a5551574d909""}",2026-08-31T17:42:15.945168Z,km_tgp_notice_detail:1788197456279496000:cc4e15187816ef531b2c0d32f54f0c4fc2731bd4f14670beb540a5551574d909,km_tgp_segment_capacity:1788198122755547000:8fdc5140c4927947e235a62aa64289aad62f3fa51c867ee8ed2458e198852ac1
tgp-impact:c9f07e18d5f7f7deec0dc21016b58c464e0782aabbd9fa3d671d4374081e1fd1,403802,2026-08-27,2026-09-14,2026-09-20,Station 409A (Alamo) (segment 492 FH),492,FH,TD1,Z0,STA 409A PEMEX LATERAL,2026-08-31,EVENING,274735,177823,96912,274000,215000,59000,0,37177,pre_event,unique_segment_direction,monitor,unresolved,"No licensed regional basis observations or exact TGP leg-to-contract mapping are loaded. Henry Hub NG is a national benchmark, not direct evidence of this TGP event's price exposure.",https://www.cmegroup.com/markets/energy/natural-gas/natural-gas.html,"[""Future nominations and rerouting are not observed; the shortfall assumes the captured schedule is unchanged.""]","{""calculation"": ""max(0, baseline scheduled quantity - forecast operating capacity)"", ""capacity_artifact_id"": ""km_tgp_segment_capacity:1788198122755547000:8fdc5140c4927947e235a62aa64289aad62f3fa51c867ee8ed2458e198852ac1"", ""capacity_run_id"": ""d79f586d-160a-47d8-9546-69b566a24dbc"", ""capacity_source_age_hours_at_calculation"": 15.92, ""direction_mapping"": {""capacity"": ""TD1"", ""forecast"": ""FH"", ""method"": ""FH=operator default direction=TD1; BH=opposite direction=TD2"", ""operator_direction_notice_url"": ""https://pipeline2.kindermorgan.com/Notices/NoticeDetail.aspx?code=TGP&notc_nbr=363144"", ""operator_segment_map_url"": ""https://pipeline2.kindermorgan.com/Documents/TGP/TGP_Segment_-_Pin_Map-20260721125239.pdf""}, ""interpretation"": ""Conditional scheduled shortfall if the captured net schedule holds; not physical flow, curtailment, or a price prediction."", ""operator_capacity_caveat"": ""Flow Indicator (Flow Ind)\n\nTD1 - Flow in the direction as shown on the pipeline segment map.\n\nTD2 - Flow in the opposite direction shown on the pipeline segment map.\n\n1) Design Capacity generally reflects the physical capacity of a segment as determined by a capacity model utilizing current contractual receipt/delivery quantities and a reasonable set of engineering assumptions and parameters.\n2) Design Capacity may be updated periodically to reflect changes in contractual receipt/delivery patterns, paths that do not utilize the entire segment and/or capacity modeling parameters.\n3) Operationally Available Capacity may be updated throughout the day to account for changes including, but not limited to: netting of bidirectional nominations, partial segment path nominations, storage swing services, exchanges, facility outages, and imbalance management.\n4) Total Scheduled Quantity is the resulting scheduled volume after netting scheduled volumes in both flow directions.\u00a0 This quantity for each segment is displayed only in the resulting net physical flow direction of the segment.\u00a0 Opposite of the physical flow direction will display a quantity of zero although there could be volumes scheduled. For further explanation, contact your Scheduling Representative. \u00a0\u00a0\n5) The net Total Scheduled Quantity may result in a quantity different than Operating Capacity due to the confirmation process after scheduling.\n6) Operating Capacity may be different than Design Capacity based on the periodic, non-permanent anticipated or observed operational pipeline conditions including, but not limited to: higher or lower average thermal content of the gas, higher or lower pressure from interconnecting pipelines, on-going maintenance, etc.\n7) Operating Capacity may be greater than the Design Capacity of the segment to accommodate scheduling of services that contain rights to multiple, redundant firm transportation paths which can be served entirely or in part through an alternate physical path.\n8) The IT Indicator shows whether gas has been scheduled under any interruptible service."", ""report_artifact_id"": ""km_tgp_notice_detail:1788197456279496000:cc4e15187816ef531b2c0d32f54f0c4fc2731bd4f14670beb540a5551574d909""}",2026-08-31T17:42:15.945168Z,km_tgp_notice_detail:1788197456279496000:cc4e15187816ef531b2c0d32f54f0c4fc2731bd4f14670beb540a5551574d909,km_tgp_segment_capacity:1788198122755547000:8fdc5140c4927947e235a62aa64289aad62f3fa51c867ee8ed2458e198852ac1
tgp-impact:9a5786bea2d29870023edc3271fd6b94815795ca68864c2a0aae29351b3d9d95,403802,2026-08-27,2026-09-28,2026-10-04,Station 409A (Alamo) (segment 492 FH),492,FH,TD1,Z0,STA 409A PEMEX LATERAL,2026-08-31,EVENING,274735,177823,96912,274000,215000,59000,0,37177,pre_event,unique_segment_direction,monitor,unresolved,"No licensed regional basis observations or exact TGP leg-to-contract mapping are loaded. Henry Hub NG is a national benchmark, not direct evidence of this TGP event's price exposure.",https://www.cmegroup.com/markets/energy/natural-gas/natural-gas.html,"[""Future nominations and rerouting are not observed; the shortfall assumes the captured schedule is unchanged.""]","{""calculation"": ""max(0, baseline scheduled quantity - forecast operating capacity)"", ""capacity_artifact_id"": ""km_tgp_segment_capacity:1788198122755547000:8fdc5140c4927947e235a62aa64289aad62f3fa51c867ee8ed2458e198852ac1"", ""capacity_run_id"": ""d79f586d-160a-47d8-9546-69b566a24dbc"", ""capacity_source_age_hours_at_calculation"": 15.92, ""direction_mapping"": {""capacity"": ""TD1"", ""forecast"": ""FH"", ""method"": ""FH=operator default direction=TD1; BH=opposite direction=TD2"", ""operator_direction_notice_url"": ""https://pipeline2.kindermorgan.com/Notices/NoticeDetail.aspx?code=TGP&notc_nbr=363144"", ""operator_segment_map_url"": ""https://pipeline2.kindermorgan.com/Documents/TGP/TGP_Segment_-_Pin_Map-20260721125239.pdf""}, ""interpretation"": ""Conditional scheduled shortfall if the captured net schedule holds; not physical flow, curtailment, or a price prediction."", ""operator_capacity_caveat"": ""Flow Indicator (Flow Ind)\n\nTD1 - Flow in the direction as shown on the pipeline segment map.\n\nTD2 - Flow in the opposite direction shown on the pipeline segment map.\n\n1) Design Capacity generally reflects the physical capacity of a segment as determined by a capacity model utilizing current contractual receipt/delivery quantities and a reasonable set of engineering assumptions and parameters.\n2) Design Capacity may be updated periodically to reflect changes in contractual receipt/delivery patterns, paths that do not utilize the entire segment and/or capacity modeling parameters.\n3) Operationally Available Capacity may be updated throughout the day to account for changes including, but not limited to: netting of bidirectional nominations, partial segment path nominations, storage swing services, exchanges, facility outages, and imbalance management.\n4) Total Scheduled Quantity is the resulting scheduled volume after netting scheduled volumes in both flow directions.\u00a0 This quantity for each segment is displayed only in the resulting net physical flow direction of the segment.\u00a0 Opposite of the physical flow direction will display a quantity of zero although there could be volumes scheduled. For further explanation, contact your Scheduling Representative. \u00a0\u00a0\n5) The net Total Scheduled Quantity may result in a quantity different than Operating Capacity due to the confirmation process after scheduling.\n6) Operating Capacity may be different than Design Capacity based on the periodic, non-permanent anticipated or observed operational pipeline conditions including, but not limited to: higher or lower average thermal content of the gas, higher or lower pressure from interconnecting pipelines, on-going maintenance, etc.\n7) Operating Capacity may be greater than the Design Capacity of the segment to accommodate scheduling of services that contain rights to multiple, redundant firm transportation paths which can be served entirely or in part through an alternate physical path.\n8) The IT Indicator shows whether gas has been scheduled under any interruptible service."", ""report_artifact_id"": ""km_tgp_notice_detail:1788197456279496000:cc4e15187816ef531b2c0d32f54f0c4fc2731bd4f14670beb540a5551574d909""}",2026-08-31T17:42:15.945168Z,km_tgp_notice_detail:1788197456279496000:cc4e15187816ef531b2c0d32f54f0c4fc2731bd4f14670beb540a5551574d909,km_tgp_segment_capacity:1788198122755547000:8fdc5140c4927947e235a62aa64289aad62f3fa51c867ee8ed2458e198852ac1
tgp-impact:3417582ccbe9bda53379848ec8998e81ecdf6f6ef1afff3c403743a5a501eebc,403802,2026-08-27,2026-10-05,2026-10-11,Station 409A (Alamo) (segment 492 FH),492,FH,TD1,Z0,STA 409A PEMEX LATERAL,2026-08-31,EVENING,274735,177823,96912,274000,215000,59000,0,37177,pre_event,unique_segment_direction,monitor,unresolved,"No licensed regional basis observations or exact TGP leg-to-contract mapping are loaded. Henry Hub NG is a national benchmark, not direct evidence of this TGP event's price exposure.",https://www.cmegroup.com/markets/energy/natural-gas/natural-gas.html,"[""Future nominations and rerouting are not observed; the shortfall assumes the captured schedule is unchanged.""]","{""calculation"": ""max(0, baseline scheduled quantity - forecast operating capacity)"", ""capacity_artifact_id"": ""km_tgp_segment_capacity:1788198122755547000:8fdc5140c4927947e235a62aa64289aad62f3fa51c867ee8ed2458e198852ac1"", ""capacity_run_id"": ""d79f586d-160a-47d8-9546-69b566a24dbc"", ""capacity_source_age_hours_at_calculation"": 15.92, ""direction_mapping"": {""capacity"": ""TD1"", ""forecast"": ""FH"", ""method"": ""FH=operator default direction=TD1; BH=opposite direction=TD2"", ""operator_direction_notice_url"": ""https://pipeline2.kindermorgan.com/Notices/NoticeDetail.aspx?code=TGP&notc_nbr=363144"", ""operator_segment_map_url"": ""https://pipeline2.kindermorgan.com/Documents/TGP/TGP_Segment_-_Pin_Map-20260721125239.pdf""}, ""interpretation"": ""Conditional scheduled shortfall if the captured net schedule holds; not physical flow, curtailment, or a price prediction."", ""operator_capacity_caveat"": ""Flow Indicator (Flow Ind)\n\nTD1 - Flow in the direction as shown on the pipeline segment map.\n\nTD2 - Flow in the opposite direction shown on the pipeline segment map.\n\n1) Design Capacity generally reflects the physical capacity of a segment as determined by a capacity model utilizing current contractual receipt/delivery quantities and a reasonable set of engineering assumptions and parameters.\n2) Design Capacity may be updated periodically to reflect changes in contractual receipt/delivery patterns, paths that do not utilize the entire segment and/or capacity modeling parameters.\n3) Operationally Available Capacity may be updated throughout the day to account for changes including, but not limited to: netting of bidirectional nominations, partial segment path nominations, storage swing services, exchanges, facility outages, and imbalance management.\n4) Total Scheduled Quantity is the resulting scheduled volume after netting scheduled volumes in both flow directions.\u00a0 This quantity for each segment is displayed only in the resulting net physical flow direction of the segment.\u00a0 Opposite of the physical flow direction will display a quantity of zero although there could be volumes scheduled. For further explanation, contact your Scheduling Representative. \u00a0\u00a0\n5) The net Total Scheduled Quantity may result in a quantity different than Operating Capacity due to the confirmation process after scheduling.\n6) Operating Capacity may be different than Design Capacity based on the periodic, non-permanent anticipated or observed operational pipeline conditions including, but not limited to: higher or lower average thermal content of the gas, higher or lower pressure from interconnecting pipelines, on-going maintenance, etc.\n7) Operating Capacity may be greater than the Design Capacity of the segment to accommodate scheduling of services that contain rights to multiple, redundant firm transportation paths which can be served entirely or in part through an alternate physical path.\n8) The IT Indicator shows whether gas has been scheduled under any interruptible service."", ""report_artifact_id"": ""km_tgp_notice_detail:1788197456279496000:cc4e15187816ef531b2c0d32f54f0c4fc2731bd4f14670beb540a5551574d909""}",2026-08-31T17:42:15.945168Z,km_tgp_notice_detail:1788197456279496000:cc4e15187816ef531b2c0d32f54f0c4fc2731bd4f14670beb540a5551574d909,km_tgp_segment_capacity:1788198122755547000:8fdc5140c4927947e235a62aa64289aad62f3fa51c867ee8ed2458e198852ac1
tgp-impact:b0c5ef9764a19c9452cd422a08ccb07ffad72a8322a27c3f3460fba020a42eee,403802,2026-08-27,2026-10-12,2026-10-18,Station 409A (Alamo) (segment 492 FH),492,FH,TD1,Z0,STA 409A PEMEX LATERAL,2026-08-31,EVENING,274735,177823,96912,274000,215000,59000,0,37177,pre_event,unique_segment_direction,monitor,unresolved,"No licensed regional basis observations or exact TGP leg-to-contract mapping are loaded. Henry Hub NG is a national benchmark, not direct evidence of this TGP event's price exposure.",https://www.cmegroup.com/markets/energy/natural-gas/natural-gas.html,"[""Future nominations and rerouting are not observed; the shortfall assumes the captured schedule is unchanged.""]","{""calculation"": ""max(0, baseline scheduled quantity - forecast operating capacity)"", ""capacity_artifact_id"": ""km_tgp_segment_capacity:1788198122755547000:8fdc5140c4927947e235a62aa64289aad62f3fa51c867ee8ed2458e198852ac1"", ""capacity_run_id"": ""d79f586d-160a-47d8-9546-69b566a24dbc"", ""capacity_source_age_hours_at_calculation"": 15.92, ""direction_mapping"": {""capacity"": ""TD1"", ""forecast"": ""FH"", ""method"": ""FH=operator default direction=TD1; BH=opposite direction=TD2"", ""operator_direction_notice_url"": ""https://pipeline2.kindermorgan.com/Notices/NoticeDetail.aspx?code=TGP&notc_nbr=363144"", ""operator_segment_map_url"": ""https://pipeline2.kindermorgan.com/Documents/TGP/TGP_Segment_-_Pin_Map-20260721125239.pdf""}, ""interpretation"": ""Conditional scheduled shortfall if the captured net schedule holds; not physical flow, curtailment, or a price prediction."", ""operator_capacity_caveat"": ""Flow Indicator (Flow Ind)\n\nTD1 - Flow in the direction as shown on the pipeline segment map.\n\nTD2 - Flow in the opposite direction shown on the pipeline segment map.\n\n1) Design Capacity generally reflects the physical capacity of a segment as determined by a capacity model utilizing current contractual receipt/delivery quantities and a reasonable set of engineering assumptions and parameters.\n2) Design Capacity may be updated periodically to reflect changes in contractual receipt/delivery patterns, paths that do not utilize the entire segment and/or capacity modeling parameters.\n3) Operationally Available Capacity may be updated throughout the day to account for changes including, but not limited to: netting of bidirectional nominations, partial segment path nominations, storage swing services, exchanges, facility outages, and imbalance management.\n4) Total Scheduled Quantity is the resulting scheduled volume after netting scheduled volumes in both flow directions.\u00a0 This quantity for each segment is displayed only in the resulting net physical flow direction of the segment.\u00a0 Opposite of the physical flow direction will display a quantity of zero although there could be volumes scheduled. For further explanation, contact your Scheduling Representative. \u00a0\u00a0\n5) The net Total Scheduled Quantity may result in a quantity different than Operating Capacity due to the confirmation process after scheduling.\n6) Operating Capacity may be different than Design Capacity based on the periodic, non-permanent anticipated or observed operational pipeline conditions including, but not limited to: higher or lower average thermal content of the gas, higher or lower pressure from interconnecting pipelines, on-going maintenance, etc.\n7) Operating Capacity may be greater than the Design Capacity of the segment to accommodate scheduling of services that contain rights to multiple, redundant firm transportation paths which can be served entirely or in part through an alternate physical path.\n8) The IT Indicator shows whether gas has been scheduled under any interruptible service."", ""report_artifact_id"": ""km_tgp_notice_detail:1788197456279496000:cc4e15187816ef531b2c0d32f54f0c4fc2731bd4f14670beb540a5551574d909""}",2026-08-31T17:42:15.945168Z,km_tgp_notice_detail:1788197456279496000:cc4e15187816ef531b2c0d32f54f0c4fc2731bd4f14670beb540a5551574d909,km_tgp_segment_capacity:1788198122755547000:8fdc5140c4927947e235a62aa64289aad62f3fa51c867ee8ed2458e198852ac1
tgp-impact:c37a1f15592e74d93b6f455b46b70f46999d356aa169fee5185030621b5e3040,403802,2026-08-27,2026-10-19,2026-10-25,Station 409A (Alamo) (segment 492 FH),492,FH,TD1,Z0,STA 409A PEMEX LATERAL,2026-08-31,EVENING,274735,177823,96912,274000,215000,59000,0,37177,pre_event,unique_segment_direction,monitor,unresolved,"No licensed regional basis observations or exact TGP leg-to-contract mapping are loaded. Henry Hub NG is a national benchmark, not direct evidence of this TGP event's price exposure.",https://www.cmegroup.com/markets/energy/natural-gas/natural-gas.html,"[""Future nominations and rerouting are not observed; the shortfall assumes the captured schedule is unchanged.""]","{""calculation"": ""max(0, baseline scheduled quantity - forecast operating capacity)"", ""capacity_artifact_id"": ""km_tgp_segment_capacity:1788198122755547000:8fdc5140c4927947e235a62aa64289aad62f3fa51c867ee8ed2458e198852ac1"", ""capacity_run_id"": ""d79f586d-160a-47d8-9546-69b566a24dbc"", ""capacity_source_age_hours_at_calculation"": 15.92, ""direction_mapping"": {""capacity"": ""TD1"", ""forecast"": ""FH"", ""method"": ""FH=operator default direction=TD1; BH=opposite direction=TD2"", ""operator_direction_notice_url"": ""https://pipeline2.kindermorgan.com/Notices/NoticeDetail.aspx?code=TGP&notc_nbr=363144"", ""operator_segment_map_url"": ""https://pipeline2.kindermorgan.com/Documents/TGP/TGP_Segment_-_Pin_Map-20260721125239.pdf""}, ""interpretation"": ""Conditional scheduled shortfall if the captured net schedule holds; not physical flow, curtailment, or a price prediction."", ""operator_capacity_caveat"": ""Flow Indicator (Flow Ind)\n\nTD1 - Flow in the direction as shown on the pipeline segment map.\n\nTD2 - Flow in the opposite direction shown on the pipeline segment map.\n\n1) Design Capacity generally reflects the physical capacity of a segment as determined by a capacity model utilizing current contractual receipt/delivery quantities and a reasonable set of engineering assumptions and parameters.\n2) Design Capacity may be updated periodically to reflect changes in contractual receipt/delivery patterns, paths that do not utilize the entire segment and/or capacity modeling parameters.\n3) Operationally Available Capacity may be updated throughout the day to account for changes including, but not limited to: netting of bidirectional nominations, partial segment path nominations, storage swing services, exchanges, facility outages, and imbalance management.\n4) Total Scheduled Quantity is the resulting scheduled volume after netting scheduled volumes in both flow directions.\u00a0 This quantity for each segment is displayed only in the resulting net physical flow direction of the segment.\u00a0 Opposite of the physical flow direction will display a quantity of zero although there could be volumes scheduled. For further explanation, contact your Scheduling Representative. \u00a0\u00a0\n5) The net Total Scheduled Quantity may result in a quantity different than Operating Capacity due to the confirmation process after scheduling.\n6) Operating Capacity may be different than Design Capacity based on the periodic, non-permanent anticipated or observed operational pipeline conditions including, but not limited to: higher or lower average thermal content of the gas, higher or lower pressure from interconnecting pipelines, on-going maintenance, etc.\n7) Operating Capacity may be greater than the Design Capacity of the segment to accommodate scheduling of services that contain rights to multiple, redundant firm transportation paths which can be served entirely or in part through an alternate physical path.\n8) The IT Indicator shows whether gas has been scheduled under any interruptible service."", ""report_artifact_id"": ""km_tgp_notice_detail:1788197456279496000:cc4e15187816ef531b2c0d32f54f0c4fc2731bd4f14670beb540a5551574d909""}",2026-08-31T17:42:15.945168Z,km_tgp_notice_detail:1788197456279496000:cc4e15187816ef531b2c0d32f54f0c4fc2731bd4f14670beb540a5551574d909,km_tgp_segment_capacity:1788198122755547000:8fdc5140c4927947e235a62aa64289aad62f3fa51c867ee8ed2458e198852ac1
tgp-impact:75d5b7eebaa1a80b471f4a29a35ffb5924100dea250c776ab2623f9fd8c7cfcd,403802,2026-08-27,2026-10-26,2026-11-01,Station 409A (Alamo) (segment 492 FH),492,FH,TD1,Z0,STA 409A PEMEX LATERAL,2026-08-31,EVENING,274735,177823,96912,274000,215000,59000,0,37177,pre_event,unique_segment_direction,monitor,unresolved,"No licensed regional basis observations or exact TGP leg-to-contract mapping are loaded. Henry Hub NG is a national benchmark, not direct evidence of this TGP event's price exposure.",https://www.cmegroup.com/markets/energy/natural-gas/natural-gas.html,"[""Future nominations and rerouting are not observed; the shortfall assumes the captured schedule is unchanged.""]","{""calculation"": ""max(0, baseline scheduled quantity - forecast operating capacity)"", ""capacity_artifact_id"": ""km_tgp_segment_capacity:1788198122755547000:8fdc5140c4927947e235a62aa64289aad62f3fa51c867ee8ed2458e198852ac1"", ""capacity_run_id"": ""d79f586d-160a-47d8-9546-69b566a24dbc"", ""capacity_source_age_hours_at_calculation"": 15.92, ""direction_mapping"": {""capacity"": ""TD1"", ""forecast"": ""FH"", ""method"": ""FH=operator default direction=TD1; BH=opposite direction=TD2"", ""operator_direction_notice_url"": ""https://pipeline2.kindermorgan.com/Notices/NoticeDetail.aspx?code=TGP&notc_nbr=363144"", ""operator_segment_map_url"": ""https://pipeline2.kindermorgan.com/Documents/TGP/TGP_Segment_-_Pin_Map-20260721125239.pdf""}, ""interpretation"": ""Conditional scheduled shortfall if the captured net schedule holds; not physical flow, curtailment, or a price prediction."", ""operator_capacity_caveat"": ""Flow Indicator (Flow Ind)\n\nTD1 - Flow in the direction as shown on the pipeline segment map.\n\nTD2 - Flow in the opposite direction shown on the pipeline segment map.\n\n1) Design Capacity generally reflects the physical capacity of a segment as determined by a capacity model utilizing current contractual receipt/delivery quantities and a reasonable set of engineering assumptions and parameters.\n2) Design Capacity may be updated periodically to reflect changes in contractual receipt/delivery patterns, paths that do not utilize the entire segment and/or capacity modeling parameters.\n3) Operationally Available Capacity may be updated throughout the day to account for changes including, but not limited to: netting of bidirectional nominations, partial segment path nominations, storage swing services, exchanges, facility outages, and imbalance management.\n4) Total Scheduled Quantity is the resulting scheduled volume after netting scheduled volumes in both flow directions.\u00a0 This quantity for each segment is displayed only in the resulting net physical flow direction of the segment.\u00a0 Opposite of the physical flow direction will display a quantity of zero although there could be volumes scheduled. For further explanation, contact your Scheduling Representative. \u00a0\u00a0\n5) The net Total Scheduled Quantity may result in a quantity different than Operating Capacity due to the confirmation process after scheduling.\n6) Operating Capacity may be different than Design Capacity based on the periodic, non-permanent anticipated or observed operational pipeline conditions including, but not limited to: higher or lower average thermal content of the gas, higher or lower pressure from interconnecting pipelines, on-going maintenance, etc.\n7) Operating Capacity may be greater than the Design Capacity of the segment to accommodate scheduling of services that contain rights to multiple, redundant firm transportation paths which can be served entirely or in part through an alternate physical path.\n8) The IT Indicator shows whether gas has been scheduled under any interruptible service."", ""report_artifact_id"": ""km_tgp_notice_detail:1788197456279496000:cc4e15187816ef531b2c0d32f54f0c4fc2731bd4f14670beb540a5551574d909""}",2026-08-31T17:42:15.945168Z,km_tgp_notice_detail:1788197456279496000:cc4e15187816ef531b2c0d32f54f0c4fc2731bd4f14670beb540a5551574d909,km_tgp_segment_capacity:1788198122755547000:8fdc5140c4927947e235a62aa64289aad62f3fa51c867ee8ed2458e198852ac1
tgp-impact:79eb85a39d54b46a627eb522532c3b6e14d7c797b79f6979f2481afd0b9b1c77,403802,2026-08-27,2026-08-31,2026-08-31,Station 9 (segment 109 BH),109,BH,TD2,Z0,STA 9,2026-08-31,EVENING,970000,515828,454172,1027000,970000,57000,0,454172,same_day,normalized_name,monitor,unresolved,"No licensed regional basis observations or exact TGP leg-to-contract mapping are loaded. Henry Hub NG is a national benchmark, not direct evidence of this TGP event's price exposure.",https://www.cmegroup.com/markets/energy/natural-gas/natural-gas.html,"[""Future nominations and rerouting are not observed; the shortfall assumes the captured schedule is unchanged.""]","{""calculation"": ""max(0, baseline scheduled quantity - forecast operating capacity)"", ""capacity_artifact_id"": ""km_tgp_segment_capacity:1788198122755547000:8fdc5140c4927947e235a62aa64289aad62f3fa51c867ee8ed2458e198852ac1"", ""capacity_run_id"": ""d79f586d-160a-47d8-9546-69b566a24dbc"", ""capacity_source_age_hours_at_calculation"": 15.92, ""direction_mapping"": {""capacity"": ""TD2"", ""forecast"": ""BH"", ""method"": ""FH=operator default direction=TD1; BH=opposite direction=TD2"", ""operator_direction_notice_url"": ""https://pipeline2.kindermorgan.com/Notices/NoticeDetail.aspx?code=TGP&notc_nbr=363144"", ""operator_segment_map_url"": ""https://pipeline2.kindermorgan.com/Documents/TGP/TGP_Segment_-_Pin_Map-20260721125239.pdf""}, ""interpretation"": ""Conditional scheduled shortfall if the captured net schedule holds; not physical flow, curtailment, or a price prediction."", ""operator_capacity_caveat"": ""Flow Indicator (Flow Ind)\n\nTD1 - Flow in the direction as shown on the pipeline segment map.\n\nTD2 - Flow in the opposite direction shown on the pipeline segment map.\n\n1) Design Capacity generally reflects the physical capacity of a segment as determined by a capacity model utilizing current contractual receipt/delivery quantities and a reasonable set of engineering assumptions and parameters.\n2) Design Capacity may be updated periodically to reflect changes in contractual receipt/delivery patterns, paths that do not utilize the entire segment and/or capacity modeling parameters.\n3) Operationally Available Capacity may be updated throughout the day to account for changes including, but not limited to: netting of bidirectional nominations, partial segment path nominations, storage swing services, exchanges, facility outages, and imbalance management.\n4) Total Scheduled Quantity is the resulting scheduled volume after netting scheduled volumes in both flow directions.\u00a0 This quantity for each segment is displayed only in the resulting net physical flow direction of the segment.\u00a0 Opposite of the physical flow direction will display a quantity of zero although there could be volumes scheduled. For further explanation, contact your Scheduling Representative. \u00a0\u00a0\n5) The net Total Scheduled Quantity may result in a quantity different than Operating Capacity due to the confirmation process after scheduling.\n6) Operating Capacity may be different than Design Capacity based on the periodic, non-permanent anticipated or observed operational pipeline conditions including, but not limited to: higher or lower average thermal content of the gas, higher or lower pressure from interconnecting pipelines, on-going maintenance, etc.\n7) Operating Capacity may be greater than the Design Capacity of the segment to accommodate scheduling of services that contain rights to multiple, redundant firm transportation paths which can be served entirely or in part through an alternate physical path.\n8) The IT Indicator shows whether gas has been scheduled under any interruptible service."", ""report_artifact_id"": ""km_tgp_notice_detail:1788197456279496000:cc4e15187816ef531b2c0d32f54f0c4fc2731bd4f14670beb540a5551574d909""}",2026-08-31T17:42:15.945168Z,km_tgp_notice_detail:1788197456279496000:cc4e15187816ef531b2c0d32f54f0c4fc2731bd4f14670beb540a5551574d909,km_tgp_segment_capacity:1788198122755547000:8fdc5140c4927947e235a62aa64289aad62f3fa51c867ee8ed2458e198852ac1
tgp-impact:b39ff998069962d7435476a1f9b64c0212dd968989a11e02b0af212db0a663f7,403802,2026-08-27,2026-09-01,2026-09-01,Station 9 (segment 109 BH),109,BH,TD2,Z0,STA 9,2026-08-31,EVENING,970000,515828,454172,1027000,970000,57000,0,454172,pre_event,normalized_name,monitor,unresolved,"No licensed regional basis observations or exact TGP leg-to-contract mapping are loaded. Henry Hub NG is a national benchmark, not direct evidence of this TGP event's price exposure.",https://www.cmegroup.com/markets/energy/natural-gas/natural-gas.html,"[""Future nominations and rerouting are not observed; the shortfall assumes the captured schedule is unchanged.""]","{""calculation"": ""max(0, baseline scheduled quantity - forecast operating capacity)"", ""capacity_artifact_id"": ""km_tgp_segment_capacity:1788198122755547000:8fdc5140c4927947e235a62aa64289aad62f3fa51c867ee8ed2458e198852ac1"", ""capacity_run_id"": ""d79f586d-160a-47d8-9546-69b566a24dbc"", ""capacity_source_age_hours_at_calculation"": 15.92, ""direction_mapping"": {""capacity"": ""TD2"", ""forecast"": ""BH"", ""method"": ""FH=operator default direction=TD1; BH=opposite direction=TD2"", ""operator_direction_notice_url"": ""https://pipeline2.kindermorgan.com/Notices/NoticeDetail.aspx?code=TGP&notc_nbr=363144"", ""operator_segment_map_url"": ""https://pipeline2.kindermorgan.com/Documents/TGP/TGP_Segment_-_Pin_Map-20260721125239.pdf""}, ""interpretation"": ""Conditional scheduled shortfall if the captured net schedule holds; not physical flow, curtailment, or a price prediction."", ""operator_capacity_caveat"": ""Flow Indicator (Flow Ind)\n\nTD1 - Flow in the direction as shown on the pipeline segment map.\n\nTD2 - Flow in the opposite direction shown on the pipeline segment map.\n\n1) Design Capacity generally reflects the physical capacity of a segment as determined by a capacity model utilizing current contractual receipt/delivery quantities and a reasonable set of engineering assumptions and parameters.\n2) Design Capacity may be updated periodically to reflect changes in contractual receipt/delivery patterns, paths that do not utilize the entire segment and/or capacity modeling parameters.\n3) Operationally Available Capacity may be updated throughout the day to account for changes including, but not limited to: netting of bidirectional nominations, partial segment path nominations, storage swing services, exchanges, facility outages, and imbalance management.\n4) Total Scheduled Quantity is the resulting scheduled volume after netting scheduled volumes in both flow directions.\u00a0 This quantity for each segment is displayed only in the resulting net physical flow direction of the segment.\u00a0 Opposite of the physical flow direction will display a quantity of zero although there could be volumes scheduled. For further explanation, contact your Scheduling Representative. \u00a0\u00a0\n5) The net Total Scheduled Quantity may result in a quantity different than Operating Capacity due to the confirmation process after scheduling.\n6) Operating Capacity may be different than Design Capacity based on the periodic, non-permanent anticipated or observed operational pipeline conditions including, but not limited to: higher or lower average thermal content of the gas, higher or lower pressure from interconnecting pipelines, on-going maintenance, etc.\n7) Operating Capacity may be greater than the Design Capacity of the segment to accommodate scheduling of services that contain rights to multiple, redundant firm transportation paths which can be served entirely or in part through an alternate physical path.\n8) The IT Indicator shows whether gas has been scheduled under any interruptible service."", ""report_artifact_id"": ""km_tgp_notice_detail:1788197456279496000:cc4e15187816ef531b2c0d32f54f0c4fc2731bd4f14670beb540a5551574d909""}",2026-08-31T17:42:15.945168Z,km_tgp_notice_detail:1788197456279496000:cc4e15187816ef531b2c0d32f54f0c4fc2731bd4f14670beb540a5551574d909,km_tgp_segment_capacity:1788198122755547000:8fdc5140c4927947e235a62aa64289aad62f3fa51c867ee8ed2458e198852ac1
tgp-impact:97de01d957d834637e1681c270f08ef47f5991ab4ea5b69caf58bc9ab862556c,403802,2026-08-27,2026-09-02,2026-09-02,Station 9 (segment 109 BH),109,BH,TD2,Z0,STA 9,2026-08-31,EVENING,970000,515828,454172,1027000,970000,57000,0,454172,pre_event,normalized_name,monitor,unresolved,"No licensed regional basis observations or exact TGP leg-to-contract mapping are loaded. Henry Hub NG is a national benchmark, not direct evidence of this TGP event's price exposure.",https://www.cmegroup.com/markets/energy/natural-gas/natural-gas.html,"[""Future nominations and rerouting are not observed; the shortfall assumes the captured schedule is unchanged.""]","{""calculation"": ""max(0, baseline scheduled quantity - forecast operating capacity)"", ""capacity_artifact_id"": ""km_tgp_segment_capacity:1788198122755547000:8fdc5140c4927947e235a62aa64289aad62f3fa51c867ee8ed2458e198852ac1"", ""capacity_run_id"": ""d79f586d-160a-47d8-9546-69b566a24dbc"", ""capacity_source_age_hours_at_calculation"": 15.92, ""direction_mapping"": {""capacity"": ""TD2"", ""forecast"": ""BH"", ""method"": ""FH=operator default direction=TD1; BH=opposite direction=TD2"", ""operator_direction_notice_url"": ""https://pipeline2.kindermorgan.com/Notices/NoticeDetail.aspx?code=TGP&notc_nbr=363144"", ""operator_segment_map_url"": ""https://pipeline2.kindermorgan.com/Documents/TGP/TGP_Segment_-_Pin_Map-20260721125239.pdf""}, ""interpretation"": ""Conditional scheduled shortfall if the captured net schedule holds; not physical flow, curtailment, or a price prediction."", ""operator_capacity_caveat"": ""Flow Indicator (Flow Ind)\n\nTD1 - Flow in the direction as shown on the pipeline segment map.\n\nTD2 - Flow in the opposite direction shown on the pipeline segment map.\n\n1) Design Capacity generally reflects the physical capacity of a segment as determined by a capacity model utilizing current contractual receipt/delivery quantities and a reasonable set of engineering assumptions and parameters.\n2) Design Capacity may be updated periodically to reflect changes in contractual receipt/delivery patterns, paths that do not utilize the entire segment and/or capacity modeling parameters.\n3) Operationally Available Capacity may be updated throughout the day to account for changes including, but not limited to: netting of bidirectional nominations, partial segment path nominations, storage swing services, exchanges, facility outages, and imbalance management.\n4) Total Scheduled Quantity is the resulting scheduled volume after netting scheduled volumes in both flow directions.\u00a0 This quantity for each segment is displayed only in the resulting net physical flow direction of the segment.\u00a0 Opposite of the physical flow direction will display a quantity of zero although there could be volumes scheduled. For further explanation, contact your Scheduling Representative. \u00a0\u00a0\n5) The net Total Scheduled Quantity may result in a quantity different than Operating Capacity due to the confirmation process after scheduling.\n6) Operating Capacity may be different than Design Capacity based on the periodic, non-permanent anticipated or observed operational pipeline conditions including, but not limited to: higher or lower average thermal content of the gas, higher or lower pressure from interconnecting pipelines, on-going maintenance, etc.\n7) Operating Capacity may be greater than the Design Capacity of the segment to accommodate scheduling of services that contain rights to multiple, redundant firm transportation paths which can be served entirely or in part through an alternate physical path.\n8) The IT Indicator shows whether gas has been scheduled under any interruptible service."", ""report_artifact_id"": ""km_tgp_notice_detail:1788197456279496000:cc4e15187816ef531b2c0d32f54f0c4fc2731bd4f14670beb540a5551574d909""}",2026-08-31T17:42:15.945168Z,km_tgp_notice_detail:1788197456279496000:cc4e15187816ef531b2c0d32f54f0c4fc2731bd4f14670beb540a5551574d909,km_tgp_segment_capacity:1788198122755547000:8fdc5140c4927947e235a62aa64289aad62f3fa51c867ee8ed2458e198852ac1
tgp-impact:3e62d7ea109cb43ef0b56a7163785637a4932a23573eb204a94b9efd9e69ffbe,403802,2026-08-27,2026-09-03,2026-09-03,Station 9 (segment 109 BH),109,BH,TD2,Z0,STA 9,2026-08-31,EVENING,970000,515828,454172,1027000,970000,57000,0,454172,pre_event,normalized_name,monitor,unresolved,"No licensed regional basis observations or exact TGP leg-to-contract mapping are loaded. Henry Hub NG is a national benchmark, not direct evidence of this TGP event's price exposure.",https://www.cmegroup.com/markets/energy/natural-gas/natural-gas.html,"[""Future nominations and rerouting are not observed; the shortfall assumes the captured schedule is unchanged.""]","{""calculation"": ""max(0, baseline scheduled quantity - forecast operating capacity)"", ""capacity_artifact_id"": ""km_tgp_segment_capacity:1788198122755547000:8fdc5140c4927947e235a62aa64289aad62f3fa51c867ee8ed2458e198852ac1"", ""capacity_run_id"": ""d79f586d-160a-47d8-9546-69b566a24dbc"", ""capacity_source_age_hours_at_calculation"": 15.92, ""direction_mapping"": {""capacity"": ""TD2"", ""forecast"": ""BH"", ""method"": ""FH=operator default direction=TD1; BH=opposite direction=TD2"", ""operator_direction_notice_url"": ""https://pipeline2.kindermorgan.com/Notices/NoticeDetail.aspx?code=TGP&notc_nbr=363144"", ""operator_segment_map_url"": ""https://pipeline2.kindermorgan.com/Documents/TGP/TGP_Segment_-_Pin_Map-20260721125239.pdf""}, ""interpretation"": ""Conditional scheduled shortfall if the captured net schedule holds; not physical flow, curtailment, or a price prediction."", ""operator_capacity_caveat"": ""Flow Indicator (Flow Ind)\n\nTD1 - Flow in the direction as shown on the pipeline segment map.\n\nTD2 - Flow in the opposite direction shown on the pipeline segment map.\n\n1) Design Capacity generally reflects the physical capacity of a segment as determined by a capacity model utilizing current contractual receipt/delivery quantities and a reasonable set of engineering assumptions and parameters.\n2) Design Capacity may be updated periodically to reflect changes in contractual receipt/delivery patterns, paths that do not utilize the entire segment and/or capacity modeling parameters.\n3) Operationally Available Capacity may be updated throughout the day to account for changes including, but not limited to: netting of bidirectional nominations, partial segment path nominations, storage swing services, exchanges, facility outages, and imbalance management.\n4) Total Scheduled Quantity is the resulting scheduled volume after netting scheduled volumes in both flow directions.\u00a0 This quantity for each segment is displayed only in the resulting net physical flow direction of the segment.\u00a0 Opposite of the physical flow direction will display a quantity of zero although there could be volumes scheduled. For further explanation, contact your Scheduling Representative. \u00a0\u00a0\n5) The net Total Scheduled Quantity may result in a quantity different than Operating Capacity due to the confirmation process after scheduling.\n6) Operating Capacity may be different than Design Capacity based on the periodic, non-permanent anticipated or observed operational pipeline conditions including, but not limited to: higher or lower average thermal content of the gas, higher or lower pressure from interconnecting pipelines, on-going maintenance, etc.\n7) Operating Capacity may be greater than the Design Capacity of the segment to accommodate scheduling of services that contain rights to multiple, redundant firm transportation paths which can be served entirely or in part through an alternate physical path.\n8) The IT Indicator shows whether gas has been scheduled under any interruptible service."", ""report_artifact_id"": ""km_tgp_notice_detail:1788197456279496000:cc4e15187816ef531b2c0d32f54f0c4fc2731bd4f14670beb540a5551574d909""}",2026-08-31T17:42:15.945168Z,km_tgp_notice_detail:1788197456279496000:cc4e15187816ef531b2c0d32f54f0c4fc2731bd4f14670beb540a5551574d909,km_tgp_segment_capacity:1788198122755547000:8fdc5140c4927947e235a62aa64289aad62f3fa51c867ee8ed2458e198852ac1
tgp-impact:3fa22eec86a0cbea6cc949fdddbb23f325982b7bb887fb4dbdcd278680d6ed03,403802,2026-08-27,2026-09-04,2026-09-04,Station 9 (segment 109 BH),109,BH,TD2,Z0,STA 9,2026-08-31,EVENING,970000,515828,454172,1027000,970000,57000,0,454172,pre_event,normalized_name,monitor,unresolved,"No licensed regional basis observations or exact TGP leg-to-contract mapping are loaded. Henry Hub NG is a national benchmark, not direct evidence of this TGP event's price exposure.",https://www.cmegroup.com/markets/energy/natural-gas/natural-gas.html,"[""Future nominations and rerouting are not observed; the shortfall assumes the captured schedule is unchanged.""]","{""calculation"": ""max(0, baseline scheduled quantity - forecast operating capacity)"", ""capacity_artifact_id"": ""km_tgp_segment_capacity:1788198122755547000:8fdc5140c4927947e235a62aa64289aad62f3fa51c867ee8ed2458e198852ac1"", ""capacity_run_id"": ""d79f586d-160a-47d8-9546-69b566a24dbc"", ""capacity_source_age_hours_at_calculation"": 15.92, ""direction_mapping"": {""capacity"": ""TD2"", ""forecast"": ""BH"", ""method"": ""FH=operator default direction=TD1; BH=opposite direction=TD2"", ""operator_direction_notice_url"": ""https://pipeline2.kindermorgan.com/Notices/NoticeDetail.aspx?code=TGP&notc_nbr=363144"", ""operator_segment_map_url"": ""https://pipeline2.kindermorgan.com/Documents/TGP/TGP_Segment_-_Pin_Map-20260721125239.pdf""}, ""interpretation"": ""Conditional scheduled shortfall if the captured net schedule holds; not physical flow, curtailment, or a price prediction."", ""operator_capacity_caveat"": ""Flow Indicator (Flow Ind)\n\nTD1 - Flow in the direction as shown on the pipeline segment map.\n\nTD2 - Flow in the opposite direction shown on the pipeline segment map.\n\n1) Design Capacity generally reflects the physical capacity of a segment as determined by a capacity model utilizing current contractual receipt/delivery quantities and a reasonable set of engineering assumptions and parameters.\n2) Design Capacity may be updated periodically to reflect changes in contractual receipt/delivery patterns, paths that do not utilize the entire segment and/or capacity modeling parameters.\n3) Operationally Available Capacity may be updated throughout the day to account for changes including, but not limited to: netting of bidirectional nominations, partial segment path nominations, storage swing services, exchanges, facility outages, and imbalance management.\n4) Total Scheduled Quantity is the resulting scheduled volume after netting scheduled volumes in both flow directions.\u00a0 This quantity for each segment is displayed only in the resulting net physical flow direction of the segment.\u00a0 Opposite of the physical flow direction will display a quantity of zero although there could be volumes scheduled. For further explanation, contact your Scheduling Representative. \u00a0\u00a0\n5) The net Total Scheduled Quantity may result in a quantity different than Operating Capacity due to the confirmation process after scheduling.\n6) Operating Capacity may be different than Design Capacity based on the periodic, non-permanent anticipated or observed operational pipeline conditions including, but not limited to: higher or lower average thermal content of the gas, higher or lower pressure from interconnecting pipelines, on-going maintenance, etc.\n7) Operating Capacity may be greater than the Design Capacity of the segment to accommodate scheduling of services that contain rights to multiple, redundant firm transportation paths which can be served entirely or in part through an alternate physical path.\n8) The IT Indicator shows whether gas has been scheduled under any interruptible service."", ""report_artifact_id"": ""km_tgp_notice_detail:1788197456279496000:cc4e15187816ef531b2c0d32f54f0c4fc2731bd4f14670beb540a5551574d909""}",2026-08-31T17:42:15.945168Z,km_tgp_notice_detail:1788197456279496000:cc4e15187816ef531b2c0d32f54f0c4fc2731bd4f14670beb540a5551574d909,km_tgp_segment_capacity:1788198122755547000:8fdc5140c4927947e235a62aa64289aad62f3fa51c867ee8ed2458e198852ac1
tgp-impact:8cd79eb42b0e24694c759d7ade3068c9e8948aaf52d301b6ee472ef04b6cd1db,403802,2026-08-27,2026-10-05,2026-10-11,Station 114 (segment 114 BH),114,BH,TD2,Z3,STA 114 EAST,2026-08-31,EVENING,393000,349971,43029,907000,853000,54000,0,503029,pre_event,normalized_name,monitor,unresolved,"No licensed regional basis observations or exact TGP leg-to-contract mapping are loaded. Henry Hub NG is a national benchmark, not direct evidence of this TGP event's price exposure.",https://www.cmegroup.com/markets/energy/natural-gas/natural-gas.html,"[""Future nominations and rerouting are not observed; the shortfall assumes the captured schedule is unchanged.""]","{""calculation"": ""max(0, baseline scheduled quantity - forecast operating capacity)"", ""capacity_artifact_id"": ""km_tgp_segment_capacity:1788198122755547000:8fdc5140c4927947e235a62aa64289aad62f3fa51c867ee8ed2458e198852ac1"", ""capacity_run_id"": ""d79f586d-160a-47d8-9546-69b566a24dbc"", ""capacity_source_age_hours_at_calculation"": 15.92, ""direction_mapping"": {""capacity"": ""TD2"", ""forecast"": ""BH"", ""method"": ""FH=operator default direction=TD1; BH=opposite direction=TD2"", ""operator_direction_notice_url"": ""https://pipeline2.kindermorgan.com/Notices/NoticeDetail.aspx?code=TGP&notc_nbr=363144"", ""operator_segment_map_url"": ""https://pipeline2.kindermorgan.com/Documents/TGP/TGP_Segment_-_Pin_Map-20260721125239.pdf""}, ""interpretation"": ""Conditional scheduled shortfall if the captured net schedule holds; not physical flow, curtailment, or a price prediction."", ""operator_capacity_caveat"": ""Flow Indicator (Flow Ind)\n\nTD1 - Flow in the direction as shown on the pipeline segment map.\n\nTD2 - Flow in the opposite direction shown on the pipeline segment map.\n\n1) Design Capacity generally reflects the physical capacity of a segment as determined by a capacity model utilizing current contractual receipt/delivery quantities and a reasonable set of engineering assumptions and parameters.\n2) Design Capacity may be updated periodically to reflect changes in contractual receipt/delivery patterns, paths that do not utilize the entire segment and/or capacity modeling parameters.\n3) Operationally Available Capacity may be updated throughout the day to account for changes including, but not limited to: netting of bidirectional nominations, partial segment path nominations, storage swing services, exchanges, facility outages, and imbalance management.\n4) Total Scheduled Quantity is the resulting scheduled volume after netting scheduled volumes in both flow directions.\u00a0 This quantity for each segment is displayed only in the resulting net physical flow direction of the segment.\u00a0 Opposite of the physical flow direction will display a quantity of zero although there could be volumes scheduled. For further explanation, contact your Scheduling Representative. \u00a0\u00a0\n5) The net Total Scheduled Quantity may result in a quantity different than Operating Capacity due to the confirmation process after scheduling.\n6) Operating Capacity may be different than Design Capacity based on the periodic, non-permanent anticipated or observed operational pipeline conditions including, but not limited to: higher or lower average thermal content of the gas, higher or lower pressure from interconnecting pipelines, on-going maintenance, etc.\n7) Operating Capacity may be greater than the Design Capacity of the segment to accommodate scheduling of services that contain rights to multiple, redundant firm transportation paths which can be served entirely or in part through an alternate physical path.\n8) The IT Indicator shows whether gas has been scheduled under any interruptible service."", ""report_artifact_id"": ""km_tgp_notice_detail:1788197456279496000:cc4e15187816ef531b2c0d32f54f0c4fc2731bd4f14670beb540a5551574d909""}",2026-08-31T17:42:15.945168Z,km_tgp_notice_detail:1788197456279496000:cc4e15187816ef531b2c0d32f54f0c4fc2731bd4f14670beb540a5551574d909,km_tgp_segment_capacity:1788198122755547000:8fdc5140c4927947e235a62aa64289aad62f3fa51c867ee8ed2458e198852ac1
tgp-impact:cff0ee6e2feef65055db5fe58e3257f3c587709b62d96e3fd07b22125cfb1860,403802,2026-08-27,2026-10-12,2026-10-18,Station 47 (segment 143 FH),143,FH,TD1,Z1,STA 47,2026-08-31,EVENING,1045000,592734,452266,1343000,1290000,53000,0,697266,pre_event,normalized_name,monitor,unresolved,"No licensed regional basis observations or exact TGP leg-to-contract mapping are loaded. Henry Hub NG is a national benchmark, not direct evidence of this TGP event's price exposure.",https://www.cmegroup.com/markets/energy/natural-gas/natural-gas.html,"[""Future nominations and rerouting are not observed; the shortfall assumes the captured schedule is unchanged.""]","{""calculation"": ""max(0, baseline scheduled quantity - forecast operating capacity)"", ""capacity_artifact_id"": ""km_tgp_segment_capacity:1788198122755547000:8fdc5140c4927947e235a62aa64289aad62f3fa51c867ee8ed2458e198852ac1"", ""capacity_run_id"": ""d79f586d-160a-47d8-9546-69b566a24dbc"", ""capacity_source_age_hours_at_calculation"": 15.92, ""direction_mapping"": {""capacity"": ""TD1"", ""forecast"": ""FH"", ""method"": ""FH=operator default direction=TD1; BH=opposite direction=TD2"", ""operator_direction_notice_url"": ""https://pipeline2.kindermorgan.com/Notices/NoticeDetail.aspx?code=TGP&notc_nbr=363144"", ""operator_segment_map_url"": ""https://pipeline2.kindermorgan.com/Documents/TGP/TGP_Segment_-_Pin_Map-20260721125239.pdf""}, ""interpretation"": ""Conditional scheduled shortfall if the captured net schedule holds; not physical flow, curtailment, or a price prediction."", ""operator_capacity_caveat"": ""Flow Indicator (Flow Ind)\n\nTD1 - Flow in the direction as shown on the pipeline segment map.\n\nTD2 - Flow in the opposite direction shown on the pipeline segment map.\n\n1) Design Capacity generally reflects the physical capacity of a segment as determined by a capacity model utilizing current contractual receipt/delivery quantities and a reasonable set of engineering assumptions and parameters.\n2) Design Capacity may be updated periodically to reflect changes in contractual receipt/delivery patterns, paths that do not utilize the entire segment and/or capacity modeling parameters.\n3) Operationally Available Capacity may be updated throughout the day to account for changes including, but not limited to: netting of bidirectional nominations, partial segment path nominations, storage swing services, exchanges, facility outages, and imbalance management.\n4) Total Scheduled Quantity is the resulting scheduled volume after netting scheduled volumes in both flow directions.\u00a0 This quantity for each segment is displayed only in the resulting net physical flow direction of the segment.\u00a0 Opposite of the physical flow direction will display a quantity of zero although there could be volumes scheduled. For further explanation, contact your Scheduling Representative. \u00a0\u00a0\n5) The net Total Scheduled Quantity may result in a quantity different than Operating Capacity due to the confirmation process after scheduling.\n6) Operating Capacity may be different than Design Capacity based on the periodic, non-permanent anticipated or observed operational pipeline conditions including, but not limited to: higher or lower average thermal content of the gas, higher or lower pressure from interconnecting pipelines, on-going maintenance, etc.\n7) Operating Capacity may be greater than the Design Capacity of the segment to accommodate scheduling of services that contain rights to multiple, redundant firm transportation paths which can be served entirely or in part through an alternate physical path.\n8) The IT Indicator shows whether gas has been scheduled under any interruptible service."", ""report_artifact_id"": ""km_tgp_notice_detail:1788197456279496000:cc4e15187816ef531b2c0d32f54f0c4fc2731bd4f14670beb540a5551574d909""}",2026-08-31T17:42:15.945168Z,km_tgp_notice_detail:1788197456279496000:cc4e15187816ef531b2c0d32f54f0c4fc2731bd4f14670beb540a5551574d909,km_tgp_segment_capacity:1788198122755547000:8fdc5140c4927947e235a62aa64289aad62f3fa51c867ee8ed2458e198852ac1
tgp-impact:79029b51fde5ec6e1426e53f5134c651617a00e74b71498d1cb724fd54e711c5,403802,2026-08-27,2026-10-19,2026-10-25,Station 47 (segment 143 FH),143,FH,TD1,Z1,STA 47,2026-08-31,EVENING,1045000,592734,452266,1343000,1300000,43000,0,707266,pre_event,normalized_name,monitor,unresolved,"No licensed regional basis observations or exact TGP leg-to-contract mapping are loaded. Henry Hub NG is a national benchmark, not direct evidence of this TGP event's price exposure.",https://www.cmegroup.com/markets/energy/natural-gas/natural-gas.html,"[""Future nominations and rerouting are not observed; the shortfall assumes the captured schedule is unchanged.""]","{""calculation"": ""max(0, baseline scheduled quantity - forecast operating capacity)"", ""capacity_artifact_id"": ""km_tgp_segment_capacity:1788198122755547000:8fdc5140c4927947e235a62aa64289aad62f3fa51c867ee8ed2458e198852ac1"", ""capacity_run_id"": ""d79f586d-160a-47d8-9546-69b566a24dbc"", ""capacity_source_age_hours_at_calculation"": 15.92, ""direction_mapping"": {""capacity"": ""TD1"", ""forecast"": ""FH"", ""method"": ""FH=operator default direction=TD1; BH=opposite direction=TD2"", ""operator_direction_notice_url"": ""https://pipeline2.kindermorgan.com/Notices/NoticeDetail.aspx?code=TGP&notc_nbr=363144"", ""operator_segment_map_url"": ""https://pipeline2.kindermorgan.com/Documents/TGP/TGP_Segment_-_Pin_Map-20260721125239.pdf""}, ""interpretation"": ""Conditional scheduled shortfall if the captured net schedule holds; not physical flow, curtailment, or a price prediction."", ""operator_capacity_caveat"": ""Flow Indicator (Flow Ind)\n\nTD1 - Flow in the direction as shown on the pipeline segment map.\n\nTD2 - Flow in the opposite direction shown on the pipeline segment map.\n\n1) Design Capacity generally reflects the physical capacity of a segment as determined by a capacity model utilizing current contractual receipt/delivery quantities and a reasonable set of engineering assumptions and parameters.\n2) Design Capacity may be updated periodically to reflect changes in contractual receipt/delivery patterns, paths that do not utilize the entire segment and/or capacity modeling parameters.\n3) Operationally Available Capacity may be updated throughout the day to account for changes including, but not limited to: netting of bidirectional nominations, partial segment path nominations, storage swing services, exchanges, facility outages, and imbalance management.\n4) Total Scheduled Quantity is the resulting scheduled volume after netting scheduled volumes in both flow directions.\u00a0 This quantity for each segment is displayed only in the resulting net physical flow direction of the segment.\u00a0 Opposite of the physical flow direction will display a quantity of zero although there could be volumes scheduled. For further explanation, contact your Scheduling Representative. \u00a0\u00a0\n5) The net Total Scheduled Quantity may result in a quantity different than Operating Capacity due to the confirmation process after scheduling.\n6) Operating Capacity may be different than Design Capacity based on the periodic, non-permanent anticipated or observed operational pipeline conditions including, but not limited to: higher or lower average thermal content of the gas, higher or lower pressure from interconnecting pipelines, on-going maintenance, etc.\n7) Operating Capacity may be greater than the Design Capacity of the segment to accommodate scheduling of services that contain rights to multiple, redundant firm transportation paths which can be served entirely or in part through an alternate physical path.\n8) The IT Indicator shows whether gas has been scheduled under any interruptible service."", ""report_artifact_id"": ""km_tgp_notice_detail:1788197456279496000:cc4e15187816ef531b2c0d32f54f0c4fc2731bd4f14670beb540a5551574d909""}",2026-08-31T17:42:15.945168Z,km_tgp_notice_detail:1788197456279496000:cc4e15187816ef531b2c0d32f54f0c4fc2731bd4f14670beb540a5551574d909,km_tgp_segment_capacity:1788198122755547000:8fdc5140c4927947e235a62aa64289aad62f3fa51c867ee8ed2458e198852ac1
tgp-impact:78e3418c5cf171994a36d1384409a5858b30187e3b5b36e001358e7fc2e5c58e,403802,2026-08-27,2026-11-09,2026-11-15,MLV 406 (segment 406 BH),406,BH,TD2,Z0,MLV 406,2026-08-31,EVENING,456535,357928,98607,479000,440000,39000,0,82072,pre_event,normalized_name,monitor,unresolved,"No licensed regional basis observations or exact TGP leg-to-contract mapping are loaded. Henry Hub NG is a national benchmark, not direct evidence of this TGP event's price exposure.",https://www.cmegroup.com/markets/energy/natural-gas/natural-gas.html,"[""Future nominations and rerouting are not observed; the shortfall assumes the captured schedule is unchanged.""]","{""calculation"": ""max(0, baseline scheduled quantity - forecast operating capacity)"", ""capacity_artifact_id"": ""km_tgp_segment_capacity:1788198122755547000:8fdc5140c4927947e235a62aa64289aad62f3fa51c867ee8ed2458e198852ac1"", ""capacity_run_id"": ""d79f586d-160a-47d8-9546-69b566a24dbc"", ""capacity_source_age_hours_at_calculation"": 15.92, ""direction_mapping"": {""capacity"": ""TD2"", ""forecast"": ""BH"", ""method"": ""FH=operator default direction=TD1; BH=opposite direction=TD2"", ""operator_direction_notice_url"": ""https://pipeline2.kindermorgan.com/Notices/NoticeDetail.aspx?code=TGP&notc_nbr=363144"", ""operator_segment_map_url"": ""https://pipeline2.kindermorgan.com/Documents/TGP/TGP_Segment_-_Pin_Map-20260721125239.pdf""}, ""interpretation"": ""Conditional scheduled shortfall if the captured net schedule holds; not physical flow, curtailment, or a price prediction."", ""operator_capacity_caveat"": ""Flow Indicator (Flow Ind)\n\nTD1 - Flow in the direction as shown on the pipeline segment map.\n\nTD2 - Flow in the opposite direction shown on the pipeline segment map.\n\n1) Design Capacity generally reflects the physical capacity of a segment as determined by a capacity model utilizing current contractual receipt/delivery quantities and a reasonable set of engineering assumptions and parameters.\n2) Design Capacity may be updated periodically to reflect changes in contractual receipt/delivery patterns, paths that do not utilize the entire segment and/or capacity modeling parameters.\n3) Operationally Available Capacity may be updated throughout the day to account for changes including, but not limited to: netting of bidirectional nominations, partial segment path nominations, storage swing services, exchanges, facility outages, and imbalance management.\n4) Total Scheduled Quantity is the resulting scheduled volume after netting scheduled volumes in both flow directions.\u00a0 This quantity for each segment is displayed only in the resulting net physical flow direction of the segment.\u00a0 Opposite of the physical flow direction will display a quantity of zero although there could be volumes scheduled. For further explanation, contact your Scheduling Representative. \u00a0\u00a0\n5) The net Total Scheduled Quantity may result in a quantity different than Operating Capacity due to the confirmation process after scheduling.\n6) Operating Capacity may be different than Design Capacity based on the periodic, non-permanent anticipated or observed operational pipeline conditions including, but not limited to: higher or lower average thermal content of the gas, higher or lower pressure from interconnecting pipelines, on-going maintenance, etc.\n7) Operating Capacity may be greater than the Design Capacity of the segment to accommodate scheduling of services that contain rights to multiple, redundant firm transportation paths which can be served entirely or in part through an alternate physical path.\n8) The IT Indicator shows whether gas has been scheduled under any interruptible service."", ""report_artifact_id"": ""km_tgp_notice_detail:1788197456279496000:cc4e15187816ef531b2c0d32f54f0c4fc2731bd4f14670beb540a5551574d909""}",2026-08-31T17:42:15.945168Z,km_tgp_notice_detail:1788197456279496000:cc4e15187816ef531b2c0d32f54f0c4fc2731bd4f14670beb540a5551574d909,km_tgp_segment_capacity:1788198122755547000:8fdc5140c4927947e235a62aa64289aad62f3fa51c867ee8ed2458e198852ac1
tgp-impact:538203bcdcca995ec86217c33557a9b3c32e1a54fda5ce19e6c242feb7589afe,403802,2026-08-27,2026-09-21,2026-09-27,Station 17 (segment 117 FH),117,FH,TD1,Z0,STA 17,2026-08-31,EVENING,1100000,392102,707898,1122000,1085000,37000,0,692898,pre_event,normalized_name,monitor,unresolved,"No licensed regional basis observations or exact TGP leg-to-contract mapping are loaded. Henry Hub NG is a national benchmark, not direct evidence of this TGP event's price exposure.",https://www.cmegroup.com/markets/energy/natural-gas/natural-gas.html,"[""Future nominations and rerouting are not observed; the shortfall assumes the captured schedule is unchanged.""]","{""calculation"": ""max(0, baseline scheduled quantity - forecast operating capacity)"", ""capacity_artifact_id"": ""km_tgp_segment_capacity:1788198122755547000:8fdc5140c4927947e235a62aa64289aad62f3fa51c867ee8ed2458e198852ac1"", ""capacity_run_id"": ""d79f586d-160a-47d8-9546-69b566a24dbc"", ""capacity_source_age_hours_at_calculation"": 15.92, ""direction_mapping"": {""capacity"": ""TD1"", ""forecast"": ""FH"", ""method"": ""FH=operator default direction=TD1; BH=opposite direction=TD2"", ""operator_direction_notice_url"": ""https://pipeline2.kindermorgan.com/Notices/NoticeDetail.aspx?code=TGP&notc_nbr=363144"", ""operator_segment_map_url"": ""https://pipeline2.kindermorgan.com/Documents/TGP/TGP_Segment_-_Pin_Map-20260721125239.pdf""}, ""interpretation"": ""Conditional scheduled shortfall if the captured net schedule holds; not physical flow, curtailment, or a price prediction."", ""operator_capacity_caveat"": ""Flow Indicator (Flow Ind)\n\nTD1 - Flow in the direction as shown on the pipeline segment map.\n\nTD2 - Flow in the opposite direction shown on the pipeline segment map.\n\n1) Design Capacity generally reflects the physical capacity of a segment as determined by a capacity model utilizing current contractual receipt/delivery quantities and a reasonable set of engineering assumptions and parameters.\n2) Design Capacity may be updated periodically to reflect changes in contractual receipt/delivery patterns, paths that do not utilize the entire segment and/or capacity modeling parameters.\n3) Operationally Available Capacity may be updated throughout the day to account for changes including, but not limited to: netting of bidirectional nominations, partial segment path nominations, storage swing services, exchanges, facility outages, and imbalance management.\n4) Total Scheduled Quantity is the resulting scheduled volume after netting scheduled volumes in both flow directions.\u00a0 This quantity for each segment is displayed only in the resulting net physical flow direction of the segment.\u00a0 Opposite of the physical flow direction will display a quantity of zero although there could be volumes scheduled. For further explanation, contact your Scheduling Representative. \u00a0\u00a0\n5) The net Total Scheduled Quantity may result in a quantity different than Operating Capacity due to the confirmation process after scheduling.\n6) Operating Capacity may be different than Design Capacity based on the periodic, non-permanent anticipated or observed operational pipeline conditions including, but not limited to: higher or lower average thermal content of the gas, higher or lower pressure from interconnecting pipelines, on-going maintenance, etc.\n7) Operating Capacity may be greater than the Design Capacity of the segment to accommodate scheduling of services that contain rights to multiple, redundant firm transportation paths which can be served entirely or in part through an alternate physical path.\n8) The IT Indicator shows whether gas has been scheduled under any interruptible service."", ""report_artifact_id"": ""km_tgp_notice_detail:1788197456279496000:cc4e15187816ef531b2c0d32f54f0c4fc2731bd4f14670beb540a5551574d909""}",2026-08-31T17:42:15.945168Z,km_tgp_notice_detail:1788197456279496000:cc4e15187816ef531b2c0d32f54f0c4fc2731bd4f14670beb540a5551574d909,km_tgp_segment_capacity:1788198122755547000:8fdc5140c4927947e235a62aa64289aad62f3fa51c867ee8ed2458e198852ac1
tgp-impact:8631197c552a2ceed8e318a0a5d08b770e8998d75adeb5acb3979ac4f14201f1,403802,2026-08-27,2026-08-31,2026-08-31,Station 204 (Segment 204 BH),204,BH,TD2,Z4,STA 204,2026-08-31,EVENING,1795000,1755372,39628,1828000,1795000,33000,0,39628,same_day,normalized_name,monitor,unresolved,"No licensed regional basis observations or exact TGP leg-to-contract mapping are loaded. Henry Hub NG is a national benchmark, not direct evidence of this TGP event's price exposure.",https://www.cmegroup.com/markets/energy/natural-gas/natural-gas.html,"[""Future nominations and rerouting are not observed; the shortfall assumes the captured schedule is unchanged.""]","{""calculation"": ""max(0, baseline scheduled quantity - forecast operating capacity)"", ""capacity_artifact_id"": ""km_tgp_segment_capacity:1788198122755547000:8fdc5140c4927947e235a62aa64289aad62f3fa51c867ee8ed2458e198852ac1"", ""capacity_run_id"": ""d79f586d-160a-47d8-9546-69b566a24dbc"", ""capacity_source_age_hours_at_calculation"": 15.92, ""direction_mapping"": {""capacity"": ""TD2"", ""forecast"": ""BH"", ""method"": ""FH=operator default direction=TD1; BH=opposite direction=TD2"", ""operator_direction_notice_url"": ""https://pipeline2.kindermorgan.com/Notices/NoticeDetail.aspx?code=TGP&notc_nbr=363144"", ""operator_segment_map_url"": ""https://pipeline2.kindermorgan.com/Documents/TGP/TGP_Segment_-_Pin_Map-20260721125239.pdf""}, ""interpretation"": ""Conditional scheduled shortfall if the captured net schedule holds; not physical flow, curtailment, or a price prediction."", ""operator_capacity_caveat"": ""Flow Indicator (Flow Ind)\n\nTD1 - Flow in the direction as shown on the pipeline segment map.\n\nTD2 - Flow in the opposite direction shown on the pipeline segment map.\n\n1) Design Capacity generally reflects the physical capacity of a segment as determined by a capacity model utilizing current contractual receipt/delivery quantities and a reasonable set of engineering assumptions and parameters.\n2) Design Capacity may be updated periodically to reflect changes in contractual receipt/delivery patterns, paths that do not utilize the entire segment and/or capacity modeling parameters.\n3) Operationally Available Capacity may be updated throughout the day to account for changes including, but not limited to: netting of bidirectional nominations, partial segment path nominations, storage swing services, exchanges, facility outages, and imbalance management.\n4) Total Scheduled Quantity is the resulting scheduled volume after netting scheduled volumes in both flow directions.\u00a0 This quantity for each segment is displayed only in the resulting net physical flow direction of the segment.\u00a0 Opposite of the physical flow direction will display a quantity of zero although there could be volumes scheduled. For further explanation, contact your Scheduling Representative. \u00a0\u00a0\n5) The net Total Scheduled Quantity may result in a quantity different than Operating Capacity due to the confirmation process after scheduling.\n6) Operating Capacity may be different than Design Capacity based on the periodic, non-permanent anticipated or observed operational pipeline conditions including, but not limited to: higher or lower average thermal content of the gas, higher or lower pressure from interconnecting pipelines, on-going maintenance, etc.\n7) Operating Capacity may be greater than the Design Capacity of the segment to accommodate scheduling of services that contain rights to multiple, redundant firm transportation paths which can be served entirely or in part through an alternate physical path.\n8) The IT Indicator shows whether gas has been scheduled under any interruptible service."", ""report_artifact_id"": ""km_tgp_notice_detail:1788197456279496000:cc4e15187816ef531b2c0d32f54f0c4fc2731bd4f14670beb540a5551574d909""}",2026-08-31T17:42:15.945168Z,km_tgp_notice_detail:1788197456279496000:cc4e15187816ef531b2c0d32f54f0c4fc2731bd4f14670beb540a5551574d909,km_tgp_segment_capacity:1788198122755547000:8fdc5140c4927947e235a62aa64289aad62f3fa51c867ee8ed2458e198852ac1
tgp-impact:69159a1d7dc0ab3c7eb6167b78f98f17ce915b2a460a196245d168c41c4c1900,403802,2026-08-27,2026-09-01,2026-09-01,Station 204 (Segment 204 BH),204,BH,TD2,Z4,STA 204,2026-08-31,EVENING,1795000,1755372,39628,1828000,1795000,33000,0,39628,pre_event,normalized_name,monitor,unresolved,"No licensed regional basis observations or exact TGP leg-to-contract mapping are loaded. Henry Hub NG is a national benchmark, not direct evidence of this TGP event's price exposure.",https://www.cmegroup.com/markets/energy/natural-gas/natural-gas.html,"[""Future nominations and rerouting are not observed; the shortfall assumes the captured schedule is unchanged.""]","{""calculation"": ""max(0, baseline scheduled quantity - forecast operating capacity)"", ""capacity_artifact_id"": ""km_tgp_segment_capacity:1788198122755547000:8fdc5140c4927947e235a62aa64289aad62f3fa51c867ee8ed2458e198852ac1"", ""capacity_run_id"": ""d79f586d-160a-47d8-9546-69b566a24dbc"", ""capacity_source_age_hours_at_calculation"": 15.92, ""direction_mapping"": {""capacity"": ""TD2"", ""forecast"": ""BH"", ""method"": ""FH=operator default direction=TD1; BH=opposite direction=TD2"", ""operator_direction_notice_url"": ""https://pipeline2.kindermorgan.com/Notices/NoticeDetail.aspx?code=TGP&notc_nbr=363144"", ""operator_segment_map_url"": ""https://pipeline2.kindermorgan.com/Documents/TGP/TGP_Segment_-_Pin_Map-20260721125239.pdf""}, ""interpretation"": ""Conditional scheduled shortfall if the captured net schedule holds; not physical flow, curtailment, or a price prediction."", ""operator_capacity_caveat"": ""Flow Indicator (Flow Ind)\n\nTD1 - Flow in the direction as shown on the pipeline segment map.\n\nTD2 - Flow in the opposite direction shown on the pipeline segment map.\n\n1) Design Capacity generally reflects the physical capacity of a segment as determined by a capacity model utilizing current contractual receipt/delivery quantities and a reasonable set of engineering assumptions and parameters.\n2) Design Capacity may be updated periodically to reflect changes in contractual receipt/delivery patterns, paths that do not utilize the entire segment and/or capacity modeling parameters.\n3) Operationally Available Capacity may be updated throughout the day to account for changes including, but not limited to: netting of bidirectional nominations, partial segment path nominations, storage swing services, exchanges, facility outages, and imbalance management.\n4) Total Scheduled Quantity is the resulting scheduled volume after netting scheduled volumes in both flow directions.\u00a0 This quantity for each segment is displayed only in the resulting net physical flow direction of the segment.\u00a0 Opposite of the physical flow direction will display a quantity of zero although there could be volumes scheduled. For further explanation, contact your Scheduling Representative. \u00a0\u00a0\n5) The net Total Scheduled Quantity may result in a quantity different than Operating Capacity due to the confirmation process after scheduling.\n6) Operating Capacity may be different than Design Capacity based on the periodic, non-permanent anticipated or observed operational pipeline conditions including, but not limited to: higher or lower average thermal content of the gas, higher or lower pressure from interconnecting pipelines, on-going maintenance, etc.\n7) Operating Capacity may be greater than the Design Capacity of the segment to accommodate scheduling of services that contain rights to multiple, redundant firm transportation paths which can be served entirely or in part through an alternate physical path.\n8) The IT Indicator shows whether gas has been scheduled under any interruptible service."", ""report_artifact_id"": ""km_tgp_notice_detail:1788197456279496000:cc4e15187816ef531b2c0d32f54f0c4fc2731bd4f14670beb540a5551574d909""}",2026-08-31T17:42:15.945168Z,km_tgp_notice_detail:1788197456279496000:cc4e15187816ef531b2c0d32f54f0c4fc2731bd4f14670beb540a5551574d909,km_tgp_segment_capacity:1788198122755547000:8fdc5140c4927947e235a62aa64289aad62f3fa51c867ee8ed2458e198852ac1
tgp-impact:18acb9c6ea8d9fae7a937f41e201b96f3cbb135b572e3b3cee7bb28287236cc7,403802,2026-08-27,2026-09-02,2026-09-02,Station 204 (Segment 204 BH),204,BH,TD2,Z4,STA 204,2026-08-31,EVENING,1795000,1755372,39628,1828000,1795000,33000,0,39628,pre_event,normalized_name,monitor,unresolved,"No licensed regional basis observations or exact TGP leg-to-contract mapping are loaded. Henry Hub NG is a national benchmark, not direct evidence of this TGP event's price exposure.",https://www.cmegroup.com/markets/energy/natural-gas/natural-gas.html,"[""Future nominations and rerouting are not observed; the shortfall assumes the captured schedule is unchanged.""]","{""calculation"": ""max(0, baseline scheduled quantity - forecast operating capacity)"", ""capacity_artifact_id"": ""km_tgp_segment_capacity:1788198122755547000:8fdc5140c4927947e235a62aa64289aad62f3fa51c867ee8ed2458e198852ac1"", ""capacity_run_id"": ""d79f586d-160a-47d8-9546-69b566a24dbc"", ""capacity_source_age_hours_at_calculation"": 15.92, ""direction_mapping"": {""capacity"": ""TD2"", ""forecast"": ""BH"", ""method"": ""FH=operator default direction=TD1; BH=opposite direction=TD2"", ""operator_direction_notice_url"": ""https://pipeline2.kindermorgan.com/Notices/NoticeDetail.aspx?code=TGP&notc_nbr=363144"", ""operator_segment_map_url"": ""https://pipeline2.kindermorgan.com/Documents/TGP/TGP_Segment_-_Pin_Map-20260721125239.pdf""}, ""interpretation"": ""Conditional scheduled shortfall if the captured net schedule holds; not physical flow, curtailment, or a price prediction."", ""operator_capacity_caveat"": ""Flow Indicator (Flow Ind)\n\nTD1 - Flow in the direction as shown on the pipeline segment map.\n\nTD2 - Flow in the opposite direction shown on the pipeline segment map.\n\n1) Design Capacity generally reflects the physical capacity of a segment as determined by a capacity model utilizing current contractual receipt/delivery quantities and a reasonable set of engineering assumptions and parameters.\n2) Design Capacity may be updated periodically to reflect changes in contractual receipt/delivery patterns, paths that do not utilize the entire segment and/or capacity modeling parameters.\n3) Operationally Available Capacity may be updated throughout the day to account for changes including, but not limited to: netting of bidirectional nominations, partial segment path nominations, storage swing services, exchanges, facility outages, and imbalance management.\n4) Total Scheduled Quantity is the resulting scheduled volume after netting scheduled volumes in both flow directions.\u00a0 This quantity for each segment is displayed only in the resulting net physical flow direction of the segment.\u00a0 Opposite of the physical flow direction will display a quantity of zero although there could be volumes scheduled. For further explanation, contact your Scheduling Representative. \u00a0\u00a0\n5) The net Total Scheduled Quantity may result in a quantity different than Operating Capacity due to the confirmation process after scheduling.\n6) Operating Capacity may be different than Design Capacity based on the periodic, non-permanent anticipated or observed operational pipeline conditions including, but not limited to: higher or lower average thermal content of the gas, higher or lower pressure from interconnecting pipelines, on-going maintenance, etc.\n7) Operating Capacity may be greater than the Design Capacity of the segment to accommodate scheduling of services that contain rights to multiple, redundant firm transportation paths which can be served entirely or in part through an alternate physical path.\n8) The IT Indicator shows whether gas has been scheduled under any interruptible service."", ""report_artifact_id"": ""km_tgp_notice_detail:1788197456279496000:cc4e15187816ef531b2c0d32f54f0c4fc2731bd4f14670beb540a5551574d909""}",2026-08-31T17:42:15.945168Z,km_tgp_notice_detail:1788197456279496000:cc4e15187816ef531b2c0d32f54f0c4fc2731bd4f14670beb540a5551574d909,km_tgp_segment_capacity:1788198122755547000:8fdc5140c4927947e235a62aa64289aad62f3fa51c867ee8ed2458e198852ac1
tgp-impact:1eb92a04b9004a130cb0c7d3a7e2031819554d814c4eb0651fe6784656e7d8de,403802,2026-08-27,2026-09-03,2026-09-03,Station 204 (Segment 204 BH),204,BH,TD2,Z4,STA 204,2026-08-31,EVENING,1795000,1755372,39628,1828000,1795000,33000,0,39628,pre_event,normalized_name,monitor,unresolved,"No licensed regional basis observations or exact TGP leg-to-contract mapping are loaded. Henry Hub NG is a national benchmark, not direct evidence of this TGP event's price exposure.",https://www.cmegroup.com/markets/energy/natural-gas/natural-gas.html,"[""Future nominations and rerouting are not observed; the shortfall assumes the captured schedule is unchanged.""]","{""calculation"": ""max(0, baseline scheduled quantity - forecast operating capacity)"", ""capacity_artifact_id"": ""km_tgp_segment_capacity:1788198122755547000:8fdc5140c4927947e235a62aa64289aad62f3fa51c867ee8ed2458e198852ac1"", ""capacity_run_id"": ""d79f586d-160a-47d8-9546-69b566a24dbc"", ""capacity_source_age_hours_at_calculation"": 15.92, ""direction_mapping"": {""capacity"": ""TD2"", ""forecast"": ""BH"", ""method"": ""FH=operator default direction=TD1; BH=opposite direction=TD2"", ""operator_direction_notice_url"": ""https://pipeline2.kindermorgan.com/Notices/NoticeDetail.aspx?code=TGP&notc_nbr=363144"", ""operator_segment_map_url"": ""https://pipeline2.kindermorgan.com/Documents/TGP/TGP_Segment_-_Pin_Map-20260721125239.pdf""}, ""interpretation"": ""Conditional scheduled shortfall if the captured net schedule holds; not physical flow, curtailment, or a price prediction."", ""operator_capacity_caveat"": ""Flow Indicator (Flow Ind)\n\nTD1 - Flow in the direction as shown on the pipeline segment map.\n\nTD2 - Flow in the opposite direction shown on the pipeline segment map.\n\n1) Design Capacity generally reflects the physical capacity of a segment as determined by a capacity model utilizing current contractual receipt/delivery quantities and a reasonable set of engineering assumptions and parameters.\n2) Design Capacity may be updated periodically to reflect changes in contractual receipt/delivery patterns, paths that do not utilize the entire segment and/or capacity modeling parameters.\n3) Operationally Available Capacity may be updated throughout the day to account for changes including, but not limited to: netting of bidirectional nominations, partial segment path nominations, storage swing services, exchanges, facility outages, and imbalance management.\n4) Total Scheduled Quantity is the resulting scheduled volume after netting scheduled volumes in both flow directions.\u00a0 This quantity for each segment is displayed only in the resulting net physical flow direction of the segment.\u00a0 Opposite of the physical flow direction will display a quantity of zero although there could be volumes scheduled. For further explanation, contact your Scheduling Representative. \u00a0\u00a0\n5) The net Total Scheduled Quantity may result in a quantity different than Operating Capacity due to the confirmation process after scheduling.\n6) Operating Capacity may be different than Design Capacity based on the periodic, non-permanent anticipated or observed operational pipeline conditions including, but not limited to: higher or lower average thermal content of the gas, higher or lower pressure from interconnecting pipelines, on-going maintenance, etc.\n7) Operating Capacity may be greater than the Design Capacity of the segment to accommodate scheduling of services that contain rights to multiple, redundant firm transportation paths which can be served entirely or in part through an alternate physical path.\n8) The IT Indicator shows whether gas has been scheduled under any interruptible service."", ""report_artifact_id"": ""km_tgp_notice_detail:1788197456279496000:cc4e15187816ef531b2c0d32f54f0c4fc2731bd4f14670beb540a5551574d909""}",2026-08-31T17:42:15.945168Z,km_tgp_notice_detail:1788197456279496000:cc4e15187816ef531b2c0d32f54f0c4fc2731bd4f14670beb540a5551574d909,km_tgp_segment_capacity:1788198122755547000:8fdc5140c4927947e235a62aa64289aad62f3fa51c867ee8ed2458e198852ac1
tgp-impact:2b01b61fdd2345ecc9bf2c256054515f0dbcde494d9ba2a26465e8e25f2ae566,403802,2026-08-27,2026-09-04,2026-09-04,Station 204 (Segment 204 BH),204,BH,TD2,Z4,STA 204,2026-08-31,EVENING,1795000,1755372,39628,1828000,1795000,33000,0,39628,pre_event,normalized_name,monitor,unresolved,"No licensed regional basis observations or exact TGP leg-to-contract mapping are loaded. Henry Hub NG is a national benchmark, not direct evidence of this TGP event's price exposure.",https://www.cmegroup.com/markets/energy/natural-gas/natural-gas.html,"[""Future nominations and rerouting are not observed; the shortfall assumes the captured schedule is unchanged.""]","{""calculation"": ""max(0, baseline scheduled quantity - forecast operating capacity)"", ""capacity_artifact_id"": ""km_tgp_segment_capacity:1788198122755547000:8fdc5140c4927947e235a62aa64289aad62f3fa51c867ee8ed2458e198852ac1"", ""capacity_run_id"": ""d79f586d-160a-47d8-9546-69b566a24dbc"", ""capacity_source_age_hours_at_calculation"": 15.92, ""direction_mapping"": {""capacity"": ""TD2"", ""forecast"": ""BH"", ""method"": ""FH=operator default direction=TD1; BH=opposite direction=TD2"", ""operator_direction_notice_url"": ""https://pipeline2.kindermorgan.com/Notices/NoticeDetail.aspx?code=TGP&notc_nbr=363144"", ""operator_segment_map_url"": ""https://pipeline2.kindermorgan.com/Documents/TGP/TGP_Segment_-_Pin_Map-20260721125239.pdf""}, ""interpretation"": ""Conditional scheduled shortfall if the captured net schedule holds; not physical flow, curtailment, or a price prediction."", ""operator_capacity_caveat"": ""Flow Indicator (Flow Ind)\n\nTD1 - Flow in the direction as shown on the pipeline segment map.\n\nTD2 - Flow in the opposite direction shown on the pipeline segment map.\n\n1) Design Capacity generally reflects the physical capacity of a segment as determined by a capacity model utilizing current contractual receipt/delivery quantities and a reasonable set of engineering assumptions and parameters.\n2) Design Capacity may be updated periodically to reflect changes in contractual receipt/delivery patterns, paths that do not utilize the entire segment and/or capacity modeling parameters.\n3) Operationally Available Capacity may be updated throughout the day to account for changes including, but not limited to: netting of bidirectional nominations, partial segment path nominations, storage swing services, exchanges, facility outages, and imbalance management.\n4) Total Scheduled Quantity is the resulting scheduled volume after netting scheduled volumes in both flow directions.\u00a0 This quantity for each segment is displayed only in the resulting net physical flow direction of the segment.\u00a0 Opposite of the physical flow direction will display a quantity of zero although there could be volumes scheduled. For further explanation, contact your Scheduling Representative. \u00a0\u00a0\n5) The net Total Scheduled Quantity may result in a quantity different than Operating Capacity due to the confirmation process after scheduling.\n6) Operating Capacity may be different than Design Capacity based on the periodic, non-permanent anticipated or observed operational pipeline conditions including, but not limited to: higher or lower average thermal content of the gas, higher or lower pressure from interconnecting pipelines, on-going maintenance, etc.\n7) Operating Capacity may be greater than the Design Capacity of the segment to accommodate scheduling of services that contain rights to multiple, redundant firm transportation paths which can be served entirely or in part through an alternate physical path.\n8) The IT Indicator shows whether gas has been scheduled under any interruptible service."", ""report_artifact_id"": ""km_tgp_notice_detail:1788197456279496000:cc4e15187816ef531b2c0d32f54f0c4fc2731bd4f14670beb540a5551574d909""}",2026-08-31T17:42:15.945168Z,km_tgp_notice_detail:1788197456279496000:cc4e15187816ef531b2c0d32f54f0c4fc2731bd4f14670beb540a5551574d909,km_tgp_segment_capacity:1788198122755547000:8fdc5140c4927947e235a62aa64289aad62f3fa51c867ee8ed2458e198852ac1
tgp-impact:9475e25f71b4a52c7e90c9b77a950a9f91bda290bedf8a48f2ab067e9250ea88,403802,2026-08-27,2026-08-31,2026-08-31,Station 860 North (Segment 860 BH),860,BH,TD2,Z1,STA 860 NORTH,2026-08-31,EVENING,1530000,1483793,46207,1874000,1846000,28000,0,362207,same_day,normalized_name,monitor,unresolved,"No licensed regional basis observations or exact TGP leg-to-contract mapping are loaded. Henry Hub NG is a national benchmark, not direct evidence of this TGP event's price exposure.",https://www.cmegroup.com/markets/energy/natural-gas/natural-gas.html,"[""Future nominations and rerouting are not observed; the shortfall assumes the captured schedule is unchanged.""]","{""calculation"": ""max(0, baseline scheduled quantity - forecast operating capacity)"", ""capacity_artifact_id"": ""km_tgp_segment_capacity:1788198122755547000:8fdc5140c4927947e235a62aa64289aad62f3fa51c867ee8ed2458e198852ac1"", ""capacity_run_id"": ""d79f586d-160a-47d8-9546-69b566a24dbc"", ""capacity_source_age_hours_at_calculation"": 15.92, ""direction_mapping"": {""capacity"": ""TD2"", ""forecast"": ""BH"", ""method"": ""FH=operator default direction=TD1; BH=opposite direction=TD2"", ""operator_direction_notice_url"": ""https://pipeline2.kindermorgan.com/Notices/NoticeDetail.aspx?code=TGP&notc_nbr=363144"", ""operator_segment_map_url"": ""https://pipeline2.kindermorgan.com/Documents/TGP/TGP_Segment_-_Pin_Map-20260721125239.pdf""}, ""interpretation"": ""Conditional scheduled shortfall if the captured net schedule holds; not physical flow, curtailment, or a price prediction."", ""operator_capacity_caveat"": ""Flow Indicator (Flow Ind)\n\nTD1 - Flow in the direction as shown on the pipeline segment map.\n\nTD2 - Flow in the opposite direction shown on the pipeline segment map.\n\n1) Design Capacity generally reflects the physical capacity of a segment as determined by a capacity model utilizing current contractual receipt/delivery quantities and a reasonable set of engineering assumptions and parameters.\n2) Design Capacity may be updated periodically to reflect changes in contractual receipt/delivery patterns, paths that do not utilize the entire segment and/or capacity modeling parameters.\n3) Operationally Available Capacity may be updated throughout the day to account for changes including, but not limited to: netting of bidirectional nominations, partial segment path nominations, storage swing services, exchanges, facility outages, and imbalance management.\n4) Total Scheduled Quantity is the resulting scheduled volume after netting scheduled volumes in both flow directions.\u00a0 This quantity for each segment is displayed only in the resulting net physical flow direction of the segment.\u00a0 Opposite of the physical flow direction will display a quantity of zero although there could be volumes scheduled. For further explanation, contact your Scheduling Representative. \u00a0\u00a0\n5) The net Total Scheduled Quantity may result in a quantity different than Operating Capacity due to the confirmation process after scheduling.\n6) Operating Capacity may be different than Design Capacity based on the periodic, non-permanent anticipated or observed operational pipeline conditions including, but not limited to: higher or lower average thermal content of the gas, higher or lower pressure from interconnecting pipelines, on-going maintenance, etc.\n7) Operating Capacity may be greater than the Design Capacity of the segment to accommodate scheduling of services that contain rights to multiple, redundant firm transportation paths which can be served entirely or in part through an alternate physical path.\n8) The IT Indicator shows whether gas has been scheduled under any interruptible service."", ""report_artifact_id"": ""km_tgp_notice_detail:1788197456279496000:cc4e15187816ef531b2c0d32f54f0c4fc2731bd4f14670beb540a5551574d909""}",2026-08-31T17:42:15.945168Z,km_tgp_notice_detail:1788197456279496000:cc4e15187816ef531b2c0d32f54f0c4fc2731bd4f14670beb540a5551574d909,km_tgp_segment_capacity:1788198122755547000:8fdc5140c4927947e235a62aa64289aad62f3fa51c867ee8ed2458e198852ac1
tgp-impact:546223c6075db297a9aec2fdb0f9834208517b8fde3dbcb96c4d2b516acc5b56,403802,2026-08-27,2026-09-01,2026-09-01,Station 860 North (Segment 860 BH),860,BH,TD2,Z1,STA 860 NORTH,2026-08-31,EVENING,1530000,1483793,46207,1874000,1846000,28000,0,362207,pre_event,normalized_name,monitor,unresolved,"No licensed regional basis observations or exact TGP leg-to-contract mapping are loaded. Henry Hub NG is a national benchmark, not direct evidence of this TGP event's price exposure.",https://www.cmegroup.com/markets/energy/natural-gas/natural-gas.html,"[""Future nominations and rerouting are not observed; the shortfall assumes the captured schedule is unchanged.""]","{""calculation"": ""max(0, baseline scheduled quantity - forecast operating capacity)"", ""capacity_artifact_id"": ""km_tgp_segment_capacity:1788198122755547000:8fdc5140c4927947e235a62aa64289aad62f3fa51c867ee8ed2458e198852ac1"", ""capacity_run_id"": ""d79f586d-160a-47d8-9546-69b566a24dbc"", ""capacity_source_age_hours_at_calculation"": 15.92, ""direction_mapping"": {""capacity"": ""TD2"", ""forecast"": ""BH"", ""method"": ""FH=operator default direction=TD1; BH=opposite direction=TD2"", ""operator_direction_notice_url"": ""https://pipeline2.kindermorgan.com/Notices/NoticeDetail.aspx?code=TGP&notc_nbr=363144"", ""operator_segment_map_url"": ""https://pipeline2.kindermorgan.com/Documents/TGP/TGP_Segment_-_Pin_Map-20260721125239.pdf""}, ""interpretation"": ""Conditional scheduled shortfall if the captured net schedule holds; not physical flow, curtailment, or a price prediction."", ""operator_capacity_caveat"": ""Flow Indicator (Flow Ind)\n\nTD1 - Flow in the direction as shown on the pipeline segment map.\n\nTD2 - Flow in the opposite direction shown on the pipeline segment map.\n\n1) Design Capacity generally reflects the physical capacity of a segment as determined by a capacity model utilizing current contractual receipt/delivery quantities and a reasonable set of engineering assumptions and parameters.\n2) Design Capacity may be updated periodically to reflect changes in contractual receipt/delivery patterns, paths that do not utilize the entire segment and/or capacity modeling parameters.\n3) Operationally Available Capacity may be updated throughout the day to account for changes including, but not limited to: netting of bidirectional nominations, partial segment path nominations, storage swing services, exchanges, facility outages, and imbalance management.\n4) Total Scheduled Quantity is the resulting scheduled volume after netting scheduled volumes in both flow directions.\u00a0 This quantity for each segment is displayed only in the resulting net physical flow direction of the segment.\u00a0 Opposite of the physical flow direction will display a quantity of zero although there could be volumes scheduled. For further explanation, contact your Scheduling Representative. \u00a0\u00a0\n5) The net Total Scheduled Quantity may result in a quantity different than Operating Capacity due to the confirmation process after scheduling.\n6) Operating Capacity may be different than Design Capacity based on the periodic, non-permanent anticipated or observed operational pipeline conditions including, but not limited to: higher or lower average thermal content of the gas, higher or lower pressure from interconnecting pipelines, on-going maintenance, etc.\n7) Operating Capacity may be greater than the Design Capacity of the segment to accommodate scheduling of services that contain rights to multiple, redundant firm transportation paths which can be served entirely or in part through an alternate physical path.\n8) The IT Indicator shows whether gas has been scheduled under any interruptible service."", ""report_artifact_id"": ""km_tgp_notice_detail:1788197456279496000:cc4e15187816ef531b2c0d32f54f0c4fc2731bd4f14670beb540a5551574d909""}",2026-08-31T17:42:15.945168Z,km_tgp_notice_detail:1788197456279496000:cc4e15187816ef531b2c0d32f54f0c4fc2731bd4f14670beb540a5551574d909,km_tgp_segment_capacity:1788198122755547000:8fdc5140c4927947e235a62aa64289aad62f3fa51c867ee8ed2458e198852ac1
tgp-impact:aceb7c21d7a65c633304f39bf79b59c6ffcd1ffe039999e423947517dea7008d,403802,2026-08-27,2026-09-02,2026-09-02,Station 860 North (Segment 860 BH),860,BH,TD2,Z1,STA 860 NORTH,2026-08-31,EVENING,1530000,1483793,46207,1874000,1846000,28000,0,362207,pre_event,normalized_name,monitor,unresolved,"No licensed regional basis observations or exact TGP leg-to-contract mapping are loaded. Henry Hub NG is a national benchmark, not direct evidence of this TGP event's price exposure.",https://www.cmegroup.com/markets/energy/natural-gas/natural-gas.html,"[""Future nominations and rerouting are not observed; the shortfall assumes the captured schedule is unchanged.""]","{""calculation"": ""max(0, baseline scheduled quantity - forecast operating capacity)"", ""capacity_artifact_id"": ""km_tgp_segment_capacity:1788198122755547000:8fdc5140c4927947e235a62aa64289aad62f3fa51c867ee8ed2458e198852ac1"", ""capacity_run_id"": ""d79f586d-160a-47d8-9546-69b566a24dbc"", ""capacity_source_age_hours_at_calculation"": 15.92, ""direction_mapping"": {""capacity"": ""TD2"", ""forecast"": ""BH"", ""method"": ""FH=operator default direction=TD1; BH=opposite direction=TD2"", ""operator_direction_notice_url"": ""https://pipeline2.kindermorgan.com/Notices/NoticeDetail.aspx?code=TGP&notc_nbr=363144"", ""operator_segment_map_url"": ""https://pipeline2.kindermorgan.com/Documents/TGP/TGP_Segment_-_Pin_Map-20260721125239.pdf""}, ""interpretation"": ""Conditional scheduled shortfall if the captured net schedule holds; not physical flow, curtailment, or a price prediction."", ""operator_capacity_caveat"": ""Flow Indicator (Flow Ind)\n\nTD1 - Flow in the direction as shown on the pipeline segment map.\n\nTD2 - Flow in the opposite direction shown on the pipeline segment map.\n\n1) Design Capacity generally reflects the physical capacity of a segment as determined by a capacity model utilizing current contractual receipt/delivery quantities and a reasonable set of engineering assumptions and parameters.\n2) Design Capacity may be updated periodically to reflect changes in contractual receipt/delivery patterns, paths that do not utilize the entire segment and/or capacity modeling parameters.\n3) Operationally Available Capacity may be updated throughout the day to account for changes including, but not limited to: netting of bidirectional nominations, partial segment path nominations, storage swing services, exchanges, facility outages, and imbalance management.\n4) Total Scheduled Quantity is the resulting scheduled volume after netting scheduled volumes in both flow directions.\u00a0 This quantity for each segment is displayed only in the resulting net physical flow direction of the segment.\u00a0 Opposite of the physical flow direction will display a quantity of zero although there could be volumes scheduled. For further explanation, contact your Scheduling Representative. \u00a0\u00a0\n5) The net Total Scheduled Quantity may result in a quantity different than Operating Capacity due to the confirmation process after scheduling.\n6) Operating Capacity may be different than Design Capacity based on the periodic, non-permanent anticipated or observed operational pipeline conditions including, but not limited to: higher or lower average thermal content of the gas, higher or lower pressure from interconnecting pipelines, on-going maintenance, etc.\n7) Operating Capacity may be greater than the Design Capacity of the segment to accommodate scheduling of services that contain rights to multiple, redundant firm transportation paths which can be served entirely or in part through an alternate physical path.\n8) The IT Indicator shows whether gas has been scheduled under any interruptible service."", ""report_artifact_id"": ""km_tgp_notice_detail:1788197456279496000:cc4e15187816ef531b2c0d32f54f0c4fc2731bd4f14670beb540a5551574d909""}",2026-08-31T17:42:15.945168Z,km_tgp_notice_detail:1788197456279496000:cc4e15187816ef531b2c0d32f54f0c4fc2731bd4f14670beb540a5551574d909,km_tgp_segment_capacity:1788198122755547000:8fdc5140c4927947e235a62aa64289aad62f3fa51c867ee8ed2458e198852ac1
tgp-impact:3e5ce19c727de6e29ae36bc9c6c6c238adbae80f68116936645944801f641ee7,403802,2026-08-27,2026-09-03,2026-09-03,Station 860 North (Segment 860 BH),860,BH,TD2,Z1,STA 860 NORTH,2026-08-31,EVENING,1530000,1483793,46207,1874000,1846000,28000,0,362207,pre_event,normalized_name,monitor,unresolved,"No licensed regional basis observations or exact TGP leg-to-contract mapping are loaded. Henry Hub NG is a national benchmark, not direct evidence of this TGP event's price exposure.",https://www.cmegroup.com/markets/energy/natural-gas/natural-gas.html,"[""Future nominations and rerouting are not observed; the shortfall assumes the captured schedule is unchanged.""]","{""calculation"": ""max(0, baseline scheduled quantity - forecast operating capacity)"", ""capacity_artifact_id"": ""km_tgp_segment_capacity:1788198122755547000:8fdc5140c4927947e235a62aa64289aad62f3fa51c867ee8ed2458e198852ac1"", ""capacity_run_id"": ""d79f586d-160a-47d8-9546-69b566a24dbc"", ""capacity_source_age_hours_at_calculation"": 15.92, ""direction_mapping"": {""capacity"": ""TD2"", ""forecast"": ""BH"", ""method"": ""FH=operator default direction=TD1; BH=opposite direction=TD2"", ""operator_direction_notice_url"": ""https://pipeline2.kindermorgan.com/Notices/NoticeDetail.aspx?code=TGP&notc_nbr=363144"", ""operator_segment_map_url"": ""https://pipeline2.kindermorgan.com/Documents/TGP/TGP_Segment_-_Pin_Map-20260721125239.pdf""}, ""interpretation"": ""Conditional scheduled shortfall if the captured net schedule holds; not physical flow, curtailment, or a price prediction."", ""operator_capacity_caveat"": ""Flow Indicator (Flow Ind)\n\nTD1 - Flow in the direction as shown on the pipeline segment map.\n\nTD2 - Flow in the opposite direction shown on the pipeline segment map.\n\n1) Design Capacity generally reflects the physical capacity of a segment as determined by a capacity model utilizing current contractual receipt/delivery quantities and a reasonable set of engineering assumptions and parameters.\n2) Design Capacity may be updated periodically to reflect changes in contractual receipt/delivery patterns, paths that do not utilize the entire segment and/or capacity modeling parameters.\n3) Operationally Available Capacity may be updated throughout the day to account for changes including, but not limited to: netting of bidirectional nominations, partial segment path nominations, storage swing services, exchanges, facility outages, and imbalance management.\n4) Total Scheduled Quantity is the resulting scheduled volume after netting scheduled volumes in both flow directions.\u00a0 This quantity for each segment is displayed only in the resulting net physical flow direction of the segment.\u00a0 Opposite of the physical flow direction will display a quantity of zero although there could be volumes scheduled. For further explanation, contact your Scheduling Representative. \u00a0\u00a0\n5) The net Total Scheduled Quantity may result in a quantity different than Operating Capacity due to the confirmation process after scheduling.\n6) Operating Capacity may be different than Design Capacity based on the periodic, non-permanent anticipated or observed operational pipeline conditions including, but not limited to: higher or lower average thermal content of the gas, higher or lower pressure from interconnecting pipelines, on-going maintenance, etc.\n7) Operating Capacity may be greater than the Design Capacity of the segment to accommodate scheduling of services that contain rights to multiple, redundant firm transportation paths which can be served entirely or in part through an alternate physical path.\n8) The IT Indicator shows whether gas has been scheduled under any interruptible service."", ""report_artifact_id"": ""km_tgp_notice_detail:1788197456279496000:cc4e15187816ef531b2c0d32f54f0c4fc2731bd4f14670beb540a5551574d909""}",2026-08-31T17:42:15.945168Z,km_tgp_notice_detail:1788197456279496000:cc4e15187816ef531b2c0d32f54f0c4fc2731bd4f14670beb540a5551574d909,km_tgp_segment_capacity:1788198122755547000:8fdc5140c4927947e235a62aa64289aad62f3fa51c867ee8ed2458e198852ac1
tgp-impact:4357e15ea58f15c203540440abb92ef5dcf9ad79ce8bfca922ac241ce1936fe7,403802,2026-08-27,2026-09-04,2026-09-04,Station 860 North (Segment 860 BH),860,BH,TD2,Z1,STA 860 NORTH,2026-08-31,EVENING,1530000,1483793,46207,1874000,1846000,28000,0,362207,pre_event,normalized_name,monitor,unresolved,"No licensed regional basis observations or exact TGP leg-to-contract mapping are loaded. Henry Hub NG is a national benchmark, not direct evidence of this TGP event's price exposure.",https://www.cmegroup.com/markets/energy/natural-gas/natural-gas.html,"[""Future nominations and rerouting are not observed; the shortfall assumes the captured schedule is unchanged.""]","{""calculation"": ""max(0, baseline scheduled quantity - forecast operating capacity)"", ""capacity_artifact_id"": ""km_tgp_segment_capacity:1788198122755547000:8fdc5140c4927947e235a62aa64289aad62f3fa51c867ee8ed2458e198852ac1"", ""capacity_run_id"": ""d79f586d-160a-47d8-9546-69b566a24dbc"", ""capacity_source_age_hours_at_calculation"": 15.92, ""direction_mapping"": {""capacity"": ""TD2"", ""forecast"": ""BH"", ""method"": ""FH=operator default direction=TD1; BH=opposite direction=TD2"", ""operator_direction_notice_url"": ""https://pipeline2.kindermorgan.com/Notices/NoticeDetail.aspx?code=TGP&notc_nbr=363144"", ""operator_segment_map_url"": ""https://pipeline2.kindermorgan.com/Documents/TGP/TGP_Segment_-_Pin_Map-20260721125239.pdf""}, ""interpretation"": ""Conditional scheduled shortfall if the captured net schedule holds; not physical flow, curtailment, or a price prediction."", ""operator_capacity_caveat"": ""Flow Indicator (Flow Ind)\n\nTD1 - Flow in the direction as shown on the pipeline segment map.\n\nTD2 - Flow in the opposite direction shown on the pipeline segment map.\n\n1) Design Capacity generally reflects the physical capacity of a segment as determined by a capacity model utilizing current contractual receipt/delivery quantities and a reasonable set of engineering assumptions and parameters.\n2) Design Capacity may be updated periodically to reflect changes in contractual receipt/delivery patterns, paths that do not utilize the entire segment and/or capacity modeling parameters.\n3) Operationally Available Capacity may be updated throughout the day to account for changes including, but not limited to: netting of bidirectional nominations, partial segment path nominations, storage swing services, exchanges, facility outages, and imbalance management.\n4) Total Scheduled Quantity is the resulting scheduled volume after netting scheduled volumes in both flow directions.\u00a0 This quantity for each segment is displayed only in the resulting net physical flow direction of the segment.\u00a0 Opposite of the physical flow direction will display a quantity of zero although there could be volumes scheduled. For further explanation, contact your Scheduling Representative. \u00a0\u00a0\n5) The net Total Scheduled Quantity may result in a quantity different than Operating Capacity due to the confirmation process after scheduling.\n6) Operating Capacity may be different than Design Capacity based on the periodic, non-permanent anticipated or observed operational pipeline conditions including, but not limited to: higher or lower average thermal content of the gas, higher or lower pressure from interconnecting pipelines, on-going maintenance, etc.\n7) Operating Capacity may be greater than the Design Capacity of the segment to accommodate scheduling of services that contain rights to multiple, redundant firm transportation paths which can be served entirely or in part through an alternate physical path.\n8) The IT Indicator shows whether gas has been scheduled under any interruptible service."", ""report_artifact_id"": ""km_tgp_notice_detail:1788197456279496000:cc4e15187816ef531b2c0d32f54f0c4fc2731bd4f14670beb540a5551574d909""}",2026-08-31T17:42:15.945168Z,km_tgp_notice_detail:1788197456279496000:cc4e15187816ef531b2c0d32f54f0c4fc2731bd4f14670beb540a5551574d909,km_tgp_segment_capacity:1788198122755547000:8fdc5140c4927947e235a62aa64289aad62f3fa51c867ee8ed2458e198852ac1
tgp-impact:5a85c36c550b7601e065f607609b58091e563a48882b33b03a22f9f766844058,403802,2026-08-27,2026-09-05,2026-09-05,Station 860 North (Segment 860 BH),860,BH,TD2,Z1,STA 860 NORTH,2026-08-31,EVENING,1530000,1483793,46207,1874000,1846000,28000,0,362207,pre_event,normalized_name,monitor,unresolved,"No licensed regional basis observations or exact TGP leg-to-contract mapping are loaded. Henry Hub NG is a national benchmark, not direct evidence of this TGP event's price exposure.",https://www.cmegroup.com/markets/energy/natural-gas/natural-gas.html,"[""Future nominations and rerouting are not observed; the shortfall assumes the captured schedule is unchanged.""]","{""calculation"": ""max(0, baseline scheduled quantity - forecast operating capacity)"", ""capacity_artifact_id"": ""km_tgp_segment_capacity:1788198122755547000:8fdc5140c4927947e235a62aa64289aad62f3fa51c867ee8ed2458e198852ac1"", ""capacity_run_id"": ""d79f586d-160a-47d8-9546-69b566a24dbc"", ""capacity_source_age_hours_at_calculation"": 15.92, ""direction_mapping"": {""capacity"": ""TD2"", ""forecast"": ""BH"", ""method"": ""FH=operator default direction=TD1; BH=opposite direction=TD2"", ""operator_direction_notice_url"": ""https://pipeline2.kindermorgan.com/Notices/NoticeDetail.aspx?code=TGP&notc_nbr=363144"", ""operator_segment_map_url"": ""https://pipeline2.kindermorgan.com/Documents/TGP/TGP_Segment_-_Pin_Map-20260721125239.pdf""}, ""interpretation"": ""Conditional scheduled shortfall if the captured net schedule holds; not physical flow, curtailment, or a price prediction."", ""operator_capacity_caveat"": ""Flow Indicator (Flow Ind)\n\nTD1 - Flow in the direction as shown on the pipeline segment map.\n\nTD2 - Flow in the opposite direction shown on the pipeline segment map.\n\n1) Design Capacity generally reflects the physical capacity of a segment as determined by a capacity model utilizing current contractual receipt/delivery quantities and a reasonable set of engineering assumptions and parameters.\n2) Design Capacity may be updated periodically to reflect changes in contractual receipt/delivery patterns, paths that do not utilize the entire segment and/or capacity modeling parameters.\n3) Operationally Available Capacity may be updated throughout the day to account for changes including, but not limited to: netting of bidirectional nominations, partial segment path nominations, storage swing services, exchanges, facility outages, and imbalance management.\n4) Total Scheduled Quantity is the resulting scheduled volume after netting scheduled volumes in both flow directions.\u00a0 This quantity for each segment is displayed only in the resulting net physical flow direction of the segment.\u00a0 Opposite of the physical flow direction will display a quantity of zero although there could be volumes scheduled. For further explanation, contact your Scheduling Representative. \u00a0\u00a0\n5) The net Total Scheduled Quantity may result in a quantity different than Operating Capacity due to the confirmation process after scheduling.\n6) Operating Capacity may be different than Design Capacity based on the periodic, non-permanent anticipated or observed operational pipeline conditions including, but not limited to: higher or lower average thermal content of the gas, higher or lower pressure from interconnecting pipelines, on-going maintenance, etc.\n7) Operating Capacity may be greater than the Design Capacity of the segment to accommodate scheduling of services that contain rights to multiple, redundant firm transportation paths which can be served entirely or in part through an alternate physical path.\n8) The IT Indicator shows whether gas has been scheduled under any interruptible service."", ""report_artifact_id"": ""km_tgp_notice_detail:1788197456279496000:cc4e15187816ef531b2c0d32f54f0c4fc2731bd4f14670beb540a5551574d909""}",2026-08-31T17:42:15.945168Z,km_tgp_notice_detail:1788197456279496000:cc4e15187816ef531b2c0d32f54f0c4fc2731bd4f14670beb540a5551574d909,km_tgp_segment_capacity:1788198122755547000:8fdc5140c4927947e235a62aa64289aad62f3fa51c867ee8ed2458e198852ac1
tgp-impact:f13e1d456c096a53a3f1f3d1eaebc04cc56a37cb307cac1ddbfb36036d7e04b8,403802,2026-08-27,2026-09-06,2026-09-06,Station 860 North (Segment 860 BH),860,BH,TD2,Z1,STA 860 NORTH,2026-08-31,EVENING,1530000,1483793,46207,1874000,1846000,28000,0,362207,pre_event,normalized_name,monitor,unresolved,"No licensed regional basis observations or exact TGP leg-to-contract mapping are loaded. Henry Hub NG is a national benchmark, not direct evidence of this TGP event's price exposure.",https://www.cmegroup.com/markets/energy/natural-gas/natural-gas.html,"[""Future nominations and rerouting are not observed; the shortfall assumes the captured schedule is unchanged.""]","{""calculation"": ""max(0, baseline scheduled quantity - forecast operating capacity)"", ""capacity_artifact_id"": ""km_tgp_segment_capacity:1788198122755547000:8fdc5140c4927947e235a62aa64289aad62f3fa51c867ee8ed2458e198852ac1"", ""capacity_run_id"": ""d79f586d-160a-47d8-9546-69b566a24dbc"", ""capacity_source_age_hours_at_calculation"": 15.92, ""direction_mapping"": {""capacity"": ""TD2"", ""forecast"": ""BH"", ""method"": ""FH=operator default direction=TD1; BH=opposite direction=TD2"", ""operator_direction_notice_url"": ""https://pipeline2.kindermorgan.com/Notices/NoticeDetail.aspx?code=TGP&notc_nbr=363144"", ""operator_segment_map_url"": ""https://pipeline2.kindermorgan.com/Documents/TGP/TGP_Segment_-_Pin_Map-20260721125239.pdf""}, ""interpretation"": ""Conditional scheduled shortfall if the captured net schedule holds; not physical flow, curtailment, or a price prediction."", ""operator_capacity_caveat"": ""Flow Indicator (Flow Ind)\n\nTD1 - Flow in the direction as shown on the pipeline segment map.\n\nTD2 - Flow in the opposite direction shown on the pipeline segment map.\n\n1) Design Capacity generally reflects the physical capacity of a segment as determined by a capacity model utilizing current contractual receipt/delivery quantities and a reasonable set of engineering assumptions and parameters.\n2) Design Capacity may be updated periodically to reflect changes in contractual receipt/delivery patterns, paths that do not utilize the entire segment and/or capacity modeling parameters.\n3) Operationally Available Capacity may be updated throughout the day to account for changes including, but not limited to: netting of bidirectional nominations, partial segment path nominations, storage swing services, exchanges, facility outages, and imbalance management.\n4) Total Scheduled Quantity is the resulting scheduled volume after netting scheduled volumes in both flow directions.\u00a0 This quantity for each segment is displayed only in the resulting net physical flow direction of the segment.\u00a0 Opposite of the physical flow direction will display a quantity of zero although there could be volumes scheduled. For further explanation, contact your Scheduling Representative. \u00a0\u00a0\n5) The net Total Scheduled Quantity may result in a quantity different than Operating Capacity due to the confirmation process after scheduling.\n6) Operating Capacity may be different than Design Capacity based on the periodic, non-permanent anticipated or observed operational pipeline conditions including, but not limited to: higher or lower average thermal content of the gas, higher or lower pressure from interconnecting pipelines, on-going maintenance, etc.\n7) Operating Capacity may be greater than the Design Capacity of the segment to accommodate scheduling of services that contain rights to multiple, redundant firm transportation paths which can be served entirely or in part through an alternate physical path.\n8) The IT Indicator shows whether gas has been scheduled under any interruptible service."", ""report_artifact_id"": ""km_tgp_notice_detail:1788197456279496000:cc4e15187816ef531b2c0d32f54f0c4fc2731bd4f14670beb540a5551574d909""}",2026-08-31T17:42:15.945168Z,km_tgp_notice_detail:1788197456279496000:cc4e15187816ef531b2c0d32f54f0c4fc2731bd4f14670beb540a5551574d909,km_tgp_segment_capacity:1788198122755547000:8fdc5140c4927947e235a62aa64289aad62f3fa51c867ee8ed2458e198852ac1
tgp-impact:dc4e6be63169827116035ec5d06347bdac9283ed311e51fc566395a2fcc2945a,403802,2026-08-27,2026-09-07,2026-09-13,Station 860 North (Segment 860 BH),860,BH,TD2,Z1,STA 860 NORTH,2026-08-31,EVENING,1530000,1483793,46207,1874000,1846000,28000,0,362207,pre_event,normalized_name,monitor,unresolved,"No licensed regional basis observations or exact TGP leg-to-contract mapping are loaded. Henry Hub NG is a national benchmark, not direct evidence of this TGP event's price exposure.",https://www.cmegroup.com/markets/energy/natural-gas/natural-gas.html,"[""Future nominations and rerouting are not observed; the shortfall assumes the captured schedule is unchanged.""]","{""calculation"": ""max(0, baseline scheduled quantity - forecast operating capacity)"", ""capacity_artifact_id"": ""km_tgp_segment_capacity:1788198122755547000:8fdc5140c4927947e235a62aa64289aad62f3fa51c867ee8ed2458e198852ac1"", ""capacity_run_id"": ""d79f586d-160a-47d8-9546-69b566a24dbc"", ""capacity_source_age_hours_at_calculation"": 15.92, ""direction_mapping"": {""capacity"": ""TD2"", ""forecast"": ""BH"", ""method"": ""FH=operator default direction=TD1; BH=opposite direction=TD2"", ""operator_direction_notice_url"": ""https://pipeline2.kindermorgan.com/Notices/NoticeDetail.aspx?code=TGP&notc_nbr=363144"", ""operator_segment_map_url"": ""https://pipeline2.kindermorgan.com/Documents/TGP/TGP_Segment_-_Pin_Map-20260721125239.pdf""}, ""interpretation"": ""Conditional scheduled shortfall if the captured net schedule holds; not physical flow, curtailment, or a price prediction."", ""operator_capacity_caveat"": ""Flow Indicator (Flow Ind)\n\nTD1 - Flow in the direction as shown on the pipeline segment map.\n\nTD2 - Flow in the opposite direction shown on the pipeline segment map.\n\n1) Design Capacity generally reflects the physical capacity of a segment as determined by a capacity model utilizing current contractual receipt/delivery quantities and a reasonable set of engineering assumptions and parameters.\n2) Design Capacity may be updated periodically to reflect changes in contractual receipt/delivery patterns, paths that do not utilize the entire segment and/or capacity modeling parameters.\n3) Operationally Available Capacity may be updated throughout the day to account for changes including, but not limited to: netting of bidirectional nominations, partial segment path nominations, storage swing services, exchanges, facility outages, and imbalance management.\n4) Total Scheduled Quantity is the resulting scheduled volume after netting scheduled volumes in both flow directions.\u00a0 This quantity for each segment is displayed only in the resulting net physical flow direction of the segment.\u00a0 Opposite of the physical flow direction will display a quantity of zero although there could be volumes scheduled. For further explanation, contact your Scheduling Representative. \u00a0\u00a0\n5) The net Total Scheduled Quantity may result in a quantity different than Operating Capacity due to the confirmation process after scheduling.\n6) Operating Capacity may be different than Design Capacity based on the periodic, non-permanent anticipated or observed operational pipeline conditions including, but not limited to: higher or lower average thermal content of the gas, higher or lower pressure from interconnecting pipelines, on-going maintenance, etc.\n7) Operating Capacity may be greater than the Design Capacity of the segment to accommodate scheduling of services that contain rights to multiple, redundant firm transportation paths which can be served entirely or in part through an alternate physical path.\n8) The IT Indicator shows whether gas has been scheduled under any interruptible service."", ""report_artifact_id"": ""km_tgp_notice_detail:1788197456279496000:cc4e15187816ef531b2c0d32f54f0c4fc2731bd4f14670beb540a5551574d909""}",2026-08-31T17:42:15.945168Z,km_tgp_notice_detail:1788197456279496000:cc4e15187816ef531b2c0d32f54f0c4fc2731bd4f14670beb540a5551574d909,km_tgp_segment_capacity:1788198122755547000:8fdc5140c4927947e235a62aa64289aad62f3fa51c867ee8ed2458e198852ac1
tgp-impact:47304476d6e2473074afeb45392df36202af9d54264a32435b1a36e8a30af57b,403802,2026-08-27,2026-09-14,2026-09-20,Station 860 North (Segment 860 BH),860,BH,TD2,Z1,STA 860 NORTH,2026-08-31,EVENING,1530000,1483793,46207,1874000,1846000,28000,0,362207,pre_event,normalized_name,monitor,unresolved,"No licensed regional basis observations or exact TGP leg-to-contract mapping are loaded. Henry Hub NG is a national benchmark, not direct evidence of this TGP event's price exposure.",https://www.cmegroup.com/markets/energy/natural-gas/natural-gas.html,"[""Future nominations and rerouting are not observed; the shortfall assumes the captured schedule is unchanged.""]","{""calculation"": ""max(0, baseline scheduled quantity - forecast operating capacity)"", ""capacity_artifact_id"": ""km_tgp_segment_capacity:1788198122755547000:8fdc5140c4927947e235a62aa64289aad62f3fa51c867ee8ed2458e198852ac1"", ""capacity_run_id"": ""d79f586d-160a-47d8-9546-69b566a24dbc"", ""capacity_source_age_hours_at_calculation"": 15.92, ""direction_mapping"": {""capacity"": ""TD2"", ""forecast"": ""BH"", ""method"": ""FH=operator default direction=TD1; BH=opposite direction=TD2"", ""operator_direction_notice_url"": ""https://pipeline2.kindermorgan.com/Notices/NoticeDetail.aspx?code=TGP&notc_nbr=363144"", ""operator_segment_map_url"": ""https://pipeline2.kindermorgan.com/Documents/TGP/TGP_Segment_-_Pin_Map-20260721125239.pdf""}, ""interpretation"": ""Conditional scheduled shortfall if the captured net schedule holds; not physical flow, curtailment, or a price prediction."", ""operator_capacity_caveat"": ""Flow Indicator (Flow Ind)\n\nTD1 - Flow in the direction as shown on the pipeline segment map.\n\nTD2 - Flow in the opposite direction shown on the pipeline segment map.\n\n1) Design Capacity generally reflects the physical capacity of a segment as determined by a capacity model utilizing current contractual receipt/delivery quantities and a reasonable set of engineering assumptions and parameters.\n2) Design Capacity may be updated periodically to reflect changes in contractual receipt/delivery patterns, paths that do not utilize the entire segment and/or capacity modeling parameters.\n3) Operationally Available Capacity may be updated throughout the day to account for changes including, but not limited to: netting of bidirectional nominations, partial segment path nominations, storage swing services, exchanges, facility outages, and imbalance management.\n4) Total Scheduled Quantity is the resulting scheduled volume after netting scheduled volumes in both flow directions.\u00a0 This quantity for each segment is displayed only in the resulting net physical flow direction of the segment.\u00a0 Opposite of the physical flow direction will display a quantity of zero although there could be volumes scheduled. For further explanation, contact your Scheduling Representative. \u00a0\u00a0\n5) The net Total Scheduled Quantity may result in a quantity different than Operating Capacity due to the confirmation process after scheduling.\n6) Operating Capacity may be different than Design Capacity based on the periodic, non-permanent anticipated or observed operational pipeline conditions including, but not limited to: higher or lower average thermal content of the gas, higher or lower pressure from interconnecting pipelines, on-going maintenance, etc.\n7) Operating Capacity may be greater than the Design Capacity of the segment to accommodate scheduling of services that contain rights to multiple, redundant firm transportation paths which can be served entirely or in part through an alternate physical path.\n8) The IT Indicator shows whether gas has been scheduled under any interruptible service."", ""report_artifact_id"": ""km_tgp_notice_detail:1788197456279496000:cc4e15187816ef531b2c0d32f54f0c4fc2731bd4f14670beb540a5551574d909""}",2026-08-31T17:42:15.945168Z,km_tgp_notice_detail:1788197456279496000:cc4e15187816ef531b2c0d32f54f0c4fc2731bd4f14670beb540a5551574d909,km_tgp_segment_capacity:1788198122755547000:8fdc5140c4927947e235a62aa64289aad62f3fa51c867ee8ed2458e198852ac1
tgp-impact:645be1c741b0cdb869e836d7c994a0d3b9c40d8f44baa428398e5f4a8de204b3,403802,2026-08-27,2026-09-21,2026-09-27,Station 860 North (Segment 860 BH),860,BH,TD2,Z1,STA 860 NORTH,2026-08-31,EVENING,1530000,1483793,46207,1874000,1846000,28000,0,362207,pre_event,normalized_name,monitor,unresolved,"No licensed regional basis observations or exact TGP leg-to-contract mapping are loaded. Henry Hub NG is a national benchmark, not direct evidence of this TGP event's price exposure.",https://www.cmegroup.com/markets/energy/natural-gas/natural-gas.html,"[""Future nominations and rerouting are not observed; the shortfall assumes the captured schedule is unchanged.""]","{""calculation"": ""max(0, baseline scheduled quantity - forecast operating capacity)"", ""capacity_artifact_id"": ""km_tgp_segment_capacity:1788198122755547000:8fdc5140c4927947e235a62aa64289aad62f3fa51c867ee8ed2458e198852ac1"", ""capacity_run_id"": ""d79f586d-160a-47d8-9546-69b566a24dbc"", ""capacity_source_age_hours_at_calculation"": 15.92, ""direction_mapping"": {""capacity"": ""TD2"", ""forecast"": ""BH"", ""method"": ""FH=operator default direction=TD1; BH=opposite direction=TD2"", ""operator_direction_notice_url"": ""https://pipeline2.kindermorgan.com/Notices/NoticeDetail.aspx?code=TGP&notc_nbr=363144"", ""operator_segment_map_url"": ""https://pipeline2.kindermorgan.com/Documents/TGP/TGP_Segment_-_Pin_Map-20260721125239.pdf""}, ""interpretation"": ""Conditional scheduled shortfall if the captured net schedule holds; not physical flow, curtailment, or a price prediction."", ""operator_capacity_caveat"": ""Flow Indicator (Flow Ind)\n\nTD1 - Flow in the direction as shown on the pipeline segment map.\n\nTD2 - Flow in the opposite direction shown on the pipeline segment map.\n\n1) Design Capacity generally reflects the physical capacity of a segment as determined by a capacity model utilizing current contractual receipt/delivery quantities and a reasonable set of engineering assumptions and parameters.\n2) Design Capacity may be updated periodically to reflect changes in contractual receipt/delivery patterns, paths that do not utilize the entire segment and/or capacity modeling parameters.\n3) Operationally Available Capacity may be updated throughout the day to account for changes including, but not limited to: netting of bidirectional nominations, partial segment path nominations, storage swing services, exchanges, facility outages, and imbalance management.\n4) Total Scheduled Quantity is the resulting scheduled volume after netting scheduled volumes in both flow directions.\u00a0 This quantity for each segment is displayed only in the resulting net physical flow direction of the segment.\u00a0 Opposite of the physical flow direction will display a quantity of zero although there could be volumes scheduled. For further explanation, contact your Scheduling Representative. \u00a0\u00a0\n5) The net Total Scheduled Quantity may result in a quantity different than Operating Capacity due to the confirmation process after scheduling.\n6) Operating Capacity may be different than Design Capacity based on the periodic, non-permanent anticipated or observed operational pipeline conditions including, but not limited to: higher or lower average thermal content of the gas, higher or lower pressure from interconnecting pipelines, on-going maintenance, etc.\n7) Operating Capacity may be greater than the Design Capacity of the segment to accommodate scheduling of services that contain rights to multiple, redundant firm transportation paths which can be served entirely or in part through an alternate physical path.\n8) The IT Indicator shows whether gas has been scheduled under any interruptible service."", ""report_artifact_id"": ""km_tgp_notice_detail:1788197456279496000:cc4e15187816ef531b2c0d32f54f0c4fc2731bd4f14670beb540a5551574d909""}",2026-08-31T17:42:15.945168Z,km_tgp_notice_detail:1788197456279496000:cc4e15187816ef531b2c0d32f54f0c4fc2731bd4f14670beb540a5551574d909,km_tgp_segment_capacity:1788198122755547000:8fdc5140c4927947e235a62aa64289aad62f3fa51c867ee8ed2458e198852ac1
tgp-impact:8b8b13b8031ce3d14938d7072eff56a93de782e5ce57b2caf5821d05ab87a17e,403802,2026-08-27,2026-09-28,2026-10-04,Station 860 North (Segment 860 BH),860,BH,TD2,Z1,STA 860 NORTH,2026-08-31,EVENING,1530000,1483793,46207,1874000,1846000,28000,0,362207,pre_event,normalized_name,monitor,unresolved,"No licensed regional basis observations or exact TGP leg-to-contract mapping are loaded. Henry Hub NG is a national benchmark, not direct evidence of this TGP event's price exposure.",https://www.cmegroup.com/markets/energy/natural-gas/natural-gas.html,"[""Future nominations and rerouting are not observed; the shortfall assumes the captured schedule is unchanged.""]","{""calculation"": ""max(0, baseline scheduled quantity - forecast operating capacity)"", ""capacity_artifact_id"": ""km_tgp_segment_capacity:1788198122755547000:8fdc5140c4927947e235a62aa64289aad62f3fa51c867ee8ed2458e198852ac1"", ""capacity_run_id"": ""d79f586d-160a-47d8-9546-69b566a24dbc"", ""capacity_source_age_hours_at_calculation"": 15.92, ""direction_mapping"": {""capacity"": ""TD2"", ""forecast"": ""BH"", ""method"": ""FH=operator default direction=TD1; BH=opposite direction=TD2"", ""operator_direction_notice_url"": ""https://pipeline2.kindermorgan.com/Notices/NoticeDetail.aspx?code=TGP&notc_nbr=363144"", ""operator_segment_map_url"": ""https://pipeline2.kindermorgan.com/Documents/TGP/TGP_Segment_-_Pin_Map-20260721125239.pdf""}, ""interpretation"": ""Conditional scheduled shortfall if the captured net schedule holds; not physical flow, curtailment, or a price prediction."", ""operator_capacity_caveat"": ""Flow Indicator (Flow Ind)\n\nTD1 - Flow in the direction as shown on the pipeline segment map.\n\nTD2 - Flow in the opposite direction shown on the pipeline segment map.\n\n1) Design Capacity generally reflects the physical capacity of a segment as determined by a capacity model utilizing current contractual receipt/delivery quantities and a reasonable set of engineering assumptions and parameters.\n2) Design Capacity may be updated periodically to reflect changes in contractual receipt/delivery patterns, paths that do not utilize the entire segment and/or capacity modeling parameters.\n3) Operationally Available Capacity may be updated throughout the day to account for changes including, but not limited to: netting of bidirectional nominations, partial segment path nominations, storage swing services, exchanges, facility outages, and imbalance management.\n4) Total Scheduled Quantity is the resulting scheduled volume after netting scheduled volumes in both flow directions.\u00a0 This quantity for each segment is displayed only in the resulting net physical flow direction of the segment.\u00a0 Opposite of the physical flow direction will display a quantity of zero although there could be volumes scheduled. For further explanation, contact your Scheduling Representative. \u00a0\u00a0\n5) The net Total Scheduled Quantity may result in a quantity different than Operating Capacity due to the confirmation process after scheduling.\n6) Operating Capacity may be different than Design Capacity based on the periodic, non-permanent anticipated or observed operational pipeline conditions including, but not limited to: higher or lower average thermal content of the gas, higher or lower pressure from interconnecting pipelines, on-going maintenance, etc.\n7) Operating Capacity may be greater than the Design Capacity of the segment to accommodate scheduling of services that contain rights to multiple, redundant firm transportation paths which can be served entirely or in part through an alternate physical path.\n8) The IT Indicator shows whether gas has been scheduled under any interruptible service."", ""report_artifact_id"": ""km_tgp_notice_detail:1788197456279496000:cc4e15187816ef531b2c0d32f54f0c4fc2731bd4f14670beb540a5551574d909""}",2026-08-31T17:42:15.945168Z,km_tgp_notice_detail:1788197456279496000:cc4e15187816ef531b2c0d32f54f0c4fc2731bd4f14670beb540a5551574d909,km_tgp_segment_capacity:1788198122755547000:8fdc5140c4927947e235a62aa64289aad62f3fa51c867ee8ed2458e198852ac1
tgp-impact:6a0e32988925ad9be6677a479fd7abc0f89fdaf0f7b6ac1066ab7e199659f21d,403802,2026-08-27,2026-10-05,2026-10-11,Station 860 North (Segment 860 BH),860,BH,TD2,Z1,STA 860 NORTH,2026-08-31,EVENING,1530000,1483793,46207,1874000,1846000,28000,0,362207,pre_event,normalized_name,monitor,unresolved,"No licensed regional basis observations or exact TGP leg-to-contract mapping are loaded. Henry Hub NG is a national benchmark, not direct evidence of this TGP event's price exposure.",https://www.cmegroup.com/markets/energy/natural-gas/natural-gas.html,"[""Future nominations and rerouting are not observed; the shortfall assumes the captured schedule is unchanged.""]","{""calculation"": ""max(0, baseline scheduled quantity - forecast operating capacity)"", ""capacity_artifact_id"": ""km_tgp_segment_capacity:1788198122755547000:8fdc5140c4927947e235a62aa64289aad62f3fa51c867ee8ed2458e198852ac1"", ""capacity_run_id"": ""d79f586d-160a-47d8-9546-69b566a24dbc"", ""capacity_source_age_hours_at_calculation"": 15.92, ""direction_mapping"": {""capacity"": ""TD2"", ""forecast"": ""BH"", ""method"": ""FH=operator default direction=TD1; BH=opposite direction=TD2"", ""operator_direction_notice_url"": ""https://pipeline2.kindermorgan.com/Notices/NoticeDetail.aspx?code=TGP&notc_nbr=363144"", ""operator_segment_map_url"": ""https://pipeline2.kindermorgan.com/Documents/TGP/TGP_Segment_-_Pin_Map-20260721125239.pdf""}, ""interpretation"": ""Conditional scheduled shortfall if the captured net schedule holds; not physical flow, curtailment, or a price prediction."", ""operator_capacity_caveat"": ""Flow Indicator (Flow Ind)\n\nTD1 - Flow in the direction as shown on the pipeline segment map.\n\nTD2 - Flow in the opposite direction shown on the pipeline segment map.\n\n1) Design Capacity generally reflects the physical capacity of a segment as determined by a capacity model utilizing current contractual receipt/delivery quantities and a reasonable set of engineering assumptions and parameters.\n2) Design Capacity may be updated periodically to reflect changes in contractual receipt/delivery patterns, paths that do not utilize the entire segment and/or capacity modeling parameters.\n3) Operationally Available Capacity may be updated throughout the day to account for changes including, but not limited to: netting of bidirectional nominations, partial segment path nominations, storage swing services, exchanges, facility outages, and imbalance management.\n4) Total Scheduled Quantity is the resulting scheduled volume after netting scheduled volumes in both flow directions.\u00a0 This quantity for each segment is displayed only in the resulting net physical flow direction of the segment.\u00a0 Opposite of the physical flow direction will display a quantity of zero although there could be volumes scheduled. For further explanation, contact your Scheduling Representative. \u00a0\u00a0\n5) The net Total Scheduled Quantity may result in a quantity different than Operating Capacity due to the confirmation process after scheduling.\n6) Operating Capacity may be different than Design Capacity based on the periodic, non-permanent anticipated or observed operational pipeline conditions including, but not limited to: higher or lower average thermal content of the gas, higher or lower pressure from interconnecting pipelines, on-going maintenance, etc.\n7) Operating Capacity may be greater than the Design Capacity of the segment to accommodate scheduling of services that contain rights to multiple, redundant firm transportation paths which can be served entirely or in part through an alternate physical path.\n8) The IT Indicator shows whether gas has been scheduled under any interruptible service."", ""report_artifact_id"": ""km_tgp_notice_detail:1788197456279496000:cc4e15187816ef531b2c0d32f54f0c4fc2731bd4f14670beb540a5551574d909""}",2026-08-31T17:42:15.945168Z,km_tgp_notice_detail:1788197456279496000:cc4e15187816ef531b2c0d32f54f0c4fc2731bd4f14670beb540a5551574d909,km_tgp_segment_capacity:1788198122755547000:8fdc5140c4927947e235a62aa64289aad62f3fa51c867ee8ed2458e198852ac1
tgp-impact:fbd3d6184d4af3319b2ecfd17258202f38cf056313cde9cc0e88b70fe7bc9ee2,403802,2026-08-27,2026-11-02,2026-11-08,Station 860 North (Segment 860 BH),860,BH,TD2,Z1,STA 860 NORTH,2026-08-31,EVENING,1530000,1483793,46207,2059000,2031000,28000,0,547207,pre_event,normalized_name,monitor,unresolved,"No licensed regional basis observations or exact TGP leg-to-contract mapping are loaded. Henry Hub NG is a national benchmark, not direct evidence of this TGP event's price exposure.",https://www.cmegroup.com/markets/energy/natural-gas/natural-gas.html,"[""Future nominations and rerouting are not observed; the shortfall assumes the captured schedule is unchanged.""]","{""calculation"": ""max(0, baseline scheduled quantity - forecast operating capacity)"", ""capacity_artifact_id"": ""km_tgp_segment_capacity:1788198122755547000:8fdc5140c4927947e235a62aa64289aad62f3fa51c867ee8ed2458e198852ac1"", ""capacity_run_id"": ""d79f586d-160a-47d8-9546-69b566a24dbc"", ""capacity_source_age_hours_at_calculation"": 15.92, ""direction_mapping"": {""capacity"": ""TD2"", ""forecast"": ""BH"", ""method"": ""FH=operator default direction=TD1; BH=opposite direction=TD2"", ""operator_direction_notice_url"": ""https://pipeline2.kindermorgan.com/Notices/NoticeDetail.aspx?code=TGP&notc_nbr=363144"", ""operator_segment_map_url"": ""https://pipeline2.kindermorgan.com/Documents/TGP/TGP_Segment_-_Pin_Map-20260721125239.pdf""}, ""interpretation"": ""Conditional scheduled shortfall if the captured net schedule holds; not physical flow, curtailment, or a price prediction."", ""operator_capacity_caveat"": ""Flow Indicator (Flow Ind)\n\nTD1 - Flow in the direction as shown on the pipeline segment map.\n\nTD2 - Flow in the opposite direction shown on the pipeline segment map.\n\n1) Design Capacity generally reflects the physical capacity of a segment as determined by a capacity model utilizing current contractual receipt/delivery quantities and a reasonable set of engineering assumptions and parameters.\n2) Design Capacity may be updated periodically to reflect changes in contractual receipt/delivery patterns, paths that do not utilize the entire segment and/or capacity modeling parameters.\n3) Operationally Available Capacity may be updated throughout the day to account for changes including, but not limited to: netting of bidirectional nominations, partial segment path nominations, storage swing services, exchanges, facility outages, and imbalance management.\n4) Total Scheduled Quantity is the resulting scheduled volume after netting scheduled volumes in both flow directions.\u00a0 This quantity for each segment is displayed only in the resulting net physical flow direction of the segment.\u00a0 Opposite of the physical flow direction will display a quantity of zero although there could be volumes scheduled. For further explanation, contact your Scheduling Representative. \u00a0\u00a0\n5) The net Total Scheduled Quantity may result in a quantity different than Operating Capacity due to the confirmation process after scheduling.\n6) Operating Capacity may be different than Design Capacity based on the periodic, non-permanent anticipated or observed operational pipeline conditions including, but not limited to: higher or lower average thermal content of the gas, higher or lower pressure from interconnecting pipelines, on-going maintenance, etc.\n7) Operating Capacity may be greater than the Design Capacity of the segment to accommodate scheduling of services that contain rights to multiple, redundant firm transportation paths which can be served entirely or in part through an alternate physical path.\n8) The IT Indicator shows whether gas has been scheduled under any interruptible service."", ""report_artifact_id"": ""km_tgp_notice_detail:1788197456279496000:cc4e15187816ef531b2c0d32f54f0c4fc2731bd4f14670beb540a5551574d909""}",2026-08-31T17:42:15.945168Z,km_tgp_notice_detail:1788197456279496000:cc4e15187816ef531b2c0d32f54f0c4fc2731bd4f14670beb540a5551574d909,km_tgp_segment_capacity:1788198122755547000:8fdc5140c4927947e235a62aa64289aad62f3fa51c867ee8ed2458e198852ac1
tgp-impact:3bff2a71bdd0ff52e3e016f574a0561efd6a9e9702d5f09ae4e634e663941fd0,403802,2026-08-27,2026-11-09,2026-11-15,Station 860 North (Segment 860 BH),860,BH,TD2,Z1,STA 860 NORTH,2026-08-31,EVENING,1530000,1483793,46207,2059000,2031000,28000,0,547207,pre_event,normalized_name,monitor,unresolved,"No licensed regional basis observations or exact TGP leg-to-contract mapping are loaded. Henry Hub NG is a national benchmark, not direct evidence of this TGP event's price exposure.",https://www.cmegroup.com/markets/energy/natural-gas/natural-gas.html,"[""Future nominations and rerouting are not observed; the shortfall assumes the captured schedule is unchanged.""]","{""calculation"": ""max(0, baseline scheduled quantity - forecast operating capacity)"", ""capacity_artifact_id"": ""km_tgp_segment_capacity:1788198122755547000:8fdc5140c4927947e235a62aa64289aad62f3fa51c867ee8ed2458e198852ac1"", ""capacity_run_id"": ""d79f586d-160a-47d8-9546-69b566a24dbc"", ""capacity_source_age_hours_at_calculation"": 15.92, ""direction_mapping"": {""capacity"": ""TD2"", ""forecast"": ""BH"", ""method"": ""FH=operator default direction=TD1; BH=opposite direction=TD2"", ""operator_direction_notice_url"": ""https://pipeline2.kindermorgan.com/Notices/NoticeDetail.aspx?code=TGP&notc_nbr=363144"", ""operator_segment_map_url"": ""https://pipeline2.kindermorgan.com/Documents/TGP/TGP_Segment_-_Pin_Map-20260721125239.pdf""}, ""interpretation"": ""Conditional scheduled shortfall if the captured net schedule holds; not physical flow, curtailment, or a price prediction."", ""operator_capacity_caveat"": ""Flow Indicator (Flow Ind)\n\nTD1 - Flow in the direction as shown on the pipeline segment map.\n\nTD2 - Flow in the opposite direction shown on the pipeline segment map.\n\n1) Design Capacity generally reflects the physical capacity of a segment as determined by a capacity model utilizing current contractual receipt/delivery quantities and a reasonable set of engineering assumptions and parameters.\n2) Design Capacity may be updated periodically to reflect changes in contractual receipt/delivery patterns, paths that do not utilize the entire segment and/or capacity modeling parameters.\n3) Operationally Available Capacity may be updated throughout the day to account for changes including, but not limited to: netting of bidirectional nominations, partial segment path nominations, storage swing services, exchanges, facility outages, and imbalance management.\n4) Total Scheduled Quantity is the resulting scheduled volume after netting scheduled volumes in both flow directions.\u00a0 This quantity for each segment is displayed only in the resulting net physical flow direction of the segment.\u00a0 Opposite of the physical flow direction will display a quantity of zero although there could be volumes scheduled. For further explanation, contact your Scheduling Representative. \u00a0\u00a0\n5) The net Total Scheduled Quantity may result in a quantity different than Operating Capacity due to the confirmation process after scheduling.\n6) Operating Capacity may be different than Design Capacity based on the periodic, non-permanent anticipated or observed operational pipeline conditions including, but not limited to: higher or lower average thermal content of the gas, higher or lower pressure from interconnecting pipelines, on-going maintenance, etc.\n7) Operating Capacity may be greater than the Design Capacity of the segment to accommodate scheduling of services that contain rights to multiple, redundant firm transportation paths which can be served entirely or in part through an alternate physical path.\n8) The IT Indicator shows whether gas has been scheduled under any interruptible service."", ""report_artifact_id"": ""km_tgp_notice_detail:1788197456279496000:cc4e15187816ef531b2c0d32f54f0c4fc2731bd4f14670beb540a5551574d909""}",2026-08-31T17:42:15.945168Z,km_tgp_notice_detail:1788197456279496000:cc4e15187816ef531b2c0d32f54f0c4fc2731bd4f14670beb540a5551574d909,km_tgp_segment_capacity:1788198122755547000:8fdc5140c4927947e235a62aa64289aad62f3fa51c867ee8ed2458e198852ac1
tgp-impact:9961a2bd7ab9ed0bd8583b16d89ceeeb4fb51c3c926e781452ee2462dfeb3866,403802,2026-08-27,2026-11-16,2026-11-22,Station 860 North (Segment 860 BH),860,BH,TD2,Z1,STA 860 NORTH,2026-08-31,EVENING,1530000,1483793,46207,2059000,2031000,28000,0,547207,pre_event,normalized_name,monitor,unresolved,"No licensed regional basis observations or exact TGP leg-to-contract mapping are loaded. Henry Hub NG is a national benchmark, not direct evidence of this TGP event's price exposure.",https://www.cmegroup.com/markets/energy/natural-gas/natural-gas.html,"[""Future nominations and rerouting are not observed; the shortfall assumes the captured schedule is unchanged.""]","{""calculation"": ""max(0, baseline scheduled quantity - forecast operating capacity)"", ""capacity_artifact_id"": ""km_tgp_segment_capacity:1788198122755547000:8fdc5140c4927947e235a62aa64289aad62f3fa51c867ee8ed2458e198852ac1"", ""capacity_run_id"": ""d79f586d-160a-47d8-9546-69b566a24dbc"", ""capacity_source_age_hours_at_calculation"": 15.92, ""direction_mapping"": {""capacity"": ""TD2"", ""forecast"": ""BH"", ""method"": ""FH=operator default direction=TD1; BH=opposite direction=TD2"", ""operator_direction_notice_url"": ""https://pipeline2.kindermorgan.com/Notices/NoticeDetail.aspx?code=TGP&notc_nbr=363144"", ""operator_segment_map_url"": ""https://pipeline2.kindermorgan.com/Documents/TGP/TGP_Segment_-_Pin_Map-20260721125239.pdf""}, ""interpretation"": ""Conditional scheduled shortfall if the captured net schedule holds; not physical flow, curtailment, or a price prediction."", ""operator_capacity_caveat"": ""Flow Indicator (Flow Ind)\n\nTD1 - Flow in the direction as shown on the pipeline segment map.\n\nTD2 - Flow in the opposite direction shown on the pipeline segment map.\n\n1) Design Capacity generally reflects the physical capacity of a segment as determined by a capacity model utilizing current contractual receipt/delivery quantities and a reasonable set of engineering assumptions and parameters.\n2) Design Capacity may be updated periodically to reflect changes in contractual receipt/delivery patterns, paths that do not utilize the entire segment and/or capacity modeling parameters.\n3) Operationally Available Capacity may be updated throughout the day to account for changes including, but not limited to: netting of bidirectional nominations, partial segment path nominations, storage swing services, exchanges, facility outages, and imbalance management.\n4) Total Scheduled Quantity is the resulting scheduled volume after netting scheduled volumes in both flow directions.\u00a0 This quantity for each segment is displayed only in the resulting net physical flow direction of the segment.\u00a0 Opposite of the physical flow direction will display a quantity of zero although there could be volumes scheduled. For further explanation, contact your Scheduling Representative. \u00a0\u00a0\n5) The net Total Scheduled Quantity may result in a quantity different than Operating Capacity due to the confirmation process after scheduling.\n6) Operating Capacity may be different than Design Capacity based on the periodic, non-permanent anticipated or observed operational pipeline conditions including, but not limited to: higher or lower average thermal content of the gas, higher or lower pressure from interconnecting pipelines, on-going maintenance, etc.\n7) Operating Capacity may be greater than the Design Capacity of the segment to accommodate scheduling of services that contain rights to multiple, redundant firm transportation paths which can be served entirely or in part through an alternate physical path.\n8) The IT Indicator shows whether gas has been scheduled under any interruptible service."", ""report_artifact_id"": ""km_tgp_notice_detail:1788197456279496000:cc4e15187816ef531b2c0d32f54f0c4fc2731bd4f14670beb540a5551574d909""}",2026-08-31T17:42:15.945168Z,km_tgp_notice_detail:1788197456279496000:cc4e15187816ef531b2c0d32f54f0c4fc2731bd4f14670beb540a5551574d909,km_tgp_segment_capacity:1788198122755547000:8fdc5140c4927947e235a62aa64289aad62f3fa51c867ee8ed2458e198852ac1
tgp-impact:fcce8ae588e1c4288b6de4732583e6eeaade1cc546672b6fced5918edcb8597a,403802,2026-08-27,2026-11-23,2026-11-29,Station 860 North (Segment 860 BH),860,BH,TD2,Z1,STA 860 NORTH,2026-08-31,EVENING,1530000,1483793,46207,2059000,2031000,28000,0,547207,pre_event,normalized_name,monitor,unresolved,"No licensed regional basis observations or exact TGP leg-to-contract mapping are loaded. Henry Hub NG is a national benchmark, not direct evidence of this TGP event's price exposure.",https://www.cmegroup.com/markets/energy/natural-gas/natural-gas.html,"[""Future nominations and rerouting are not observed; the shortfall assumes the captured schedule is unchanged.""]","{""calculation"": ""max(0, baseline scheduled quantity - forecast operating capacity)"", ""capacity_artifact_id"": ""km_tgp_segment_capacity:1788198122755547000:8fdc5140c4927947e235a62aa64289aad62f3fa51c867ee8ed2458e198852ac1"", ""capacity_run_id"": ""d79f586d-160a-47d8-9546-69b566a24dbc"", ""capacity_source_age_hours_at_calculation"": 15.92, ""direction_mapping"": {""capacity"": ""TD2"", ""forecast"": ""BH"", ""method"": ""FH=operator default direction=TD1; BH=opposite direction=TD2"", ""operator_direction_notice_url"": ""https://pipeline2.kindermorgan.com/Notices/NoticeDetail.aspx?code=TGP&notc_nbr=363144"", ""operator_segment_map_url"": ""https://pipeline2.kindermorgan.com/Documents/TGP/TGP_Segment_-_Pin_Map-20260721125239.pdf""}, ""interpretation"": ""Conditional scheduled shortfall if the captured net schedule holds; not physical flow, curtailment, or a price prediction."", ""operator_capacity_caveat"": ""Flow Indicator (Flow Ind)\n\nTD1 - Flow in the direction as shown on the pipeline segment map.\n\nTD2 - Flow in the opposite direction shown on the pipeline segment map.\n\n1) Design Capacity generally reflects the physical capacity of a segment as determined by a capacity model utilizing current contractual receipt/delivery quantities and a reasonable set of engineering assumptions and parameters.\n2) Design Capacity may be updated periodically to reflect changes in contractual receipt/delivery patterns, paths that do not utilize the entire segment and/or capacity modeling parameters.\n3) Operationally Available Capacity may be updated throughout the day to account for changes including, but not limited to: netting of bidirectional nominations, partial segment path nominations, storage swing services, exchanges, facility outages, and imbalance management.\n4) Total Scheduled Quantity is the resulting scheduled volume after netting scheduled volumes in both flow directions.\u00a0 This quantity for each segment is displayed only in the resulting net physical flow direction of the segment.\u00a0 Opposite of the physical flow direction will display a quantity of zero although there could be volumes scheduled. For further explanation, contact your Scheduling Representative. \u00a0\u00a0\n5) The net Total Scheduled Quantity may result in a quantity different than Operating Capacity due to the confirmation process after scheduling.\n6) Operating Capacity may be different than Design Capacity based on the periodic, non-permanent anticipated or observed operational pipeline conditions including, but not limited to: higher or lower average thermal content of the gas, higher or lower pressure from interconnecting pipelines, on-going maintenance, etc.\n7) Operating Capacity may be greater than the Design Capacity of the segment to accommodate scheduling of services that contain rights to multiple, redundant firm transportation paths which can be served entirely or in part through an alternate physical path.\n8) The IT Indicator shows whether gas has been scheduled under any interruptible service."", ""report_artifact_id"": ""km_tgp_notice_detail:1788197456279496000:cc4e15187816ef531b2c0d32f54f0c4fc2731bd4f14670beb540a5551574d909""}",2026-08-31T17:42:15.945168Z,km_tgp_notice_detail:1788197456279496000:cc4e15187816ef531b2c0d32f54f0c4fc2731bd4f14670beb540a5551574d909,km_tgp_segment_capacity:1788198122755547000:8fdc5140c4927947e235a62aa64289aad62f3fa51c867ee8ed2458e198852ac1
tgp-impact:ebe0fa4722fa706157067777be5cdefe647c32561faa23085d01b045cda749bf,403802,2026-08-27,2026-08-31,2026-08-31,Station 17 (segment 117 FH),117,FH,TD1,Z0,STA 17,2026-08-31,EVENING,1100000,392102,707898,1122000,1100000,22000,0,707898,same_day,normalized_name,monitor,unresolved,"No licensed regional basis observations or exact TGP leg-to-contract mapping are loaded. Henry Hub NG is a national benchmark, not direct evidence of this TGP event's price exposure.",https://www.cmegroup.com/markets/energy/natural-gas/natural-gas.html,"[""Future nominations and rerouting are not observed; the shortfall assumes the captured schedule is unchanged.""]","{""calculation"": ""max(0, baseline scheduled quantity - forecast operating capacity)"", ""capacity_artifact_id"": ""km_tgp_segment_capacity:1788198122755547000:8fdc5140c4927947e235a62aa64289aad62f3fa51c867ee8ed2458e198852ac1"", ""capacity_run_id"": ""d79f586d-160a-47d8-9546-69b566a24dbc"", ""capacity_source_age_hours_at_calculation"": 15.92, ""direction_mapping"": {""capacity"": ""TD1"", ""forecast"": ""FH"", ""method"": ""FH=operator default direction=TD1; BH=opposite direction=TD2"", ""operator_direction_notice_url"": ""https://pipeline2.kindermorgan.com/Notices/NoticeDetail.aspx?code=TGP&notc_nbr=363144"", ""operator_segment_map_url"": ""https://pipeline2.kindermorgan.com/Documents/TGP/TGP_Segment_-_Pin_Map-20260721125239.pdf""}, ""interpretation"": ""Conditional scheduled shortfall if the captured net schedule holds; not physical flow, curtailment, or a price prediction."", ""operator_capacity_caveat"": ""Flow Indicator (Flow Ind)\n\nTD1 - Flow in the direction as shown on the pipeline segment map.\n\nTD2 - Flow in the opposite direction shown on the pipeline segment map.\n\n1) Design Capacity generally reflects the physical capacity of a segment as determined by a capacity model utilizing current contractual receipt/delivery quantities and a reasonable set of engineering assumptions and parameters.\n2) Design Capacity may be updated periodically to reflect changes in contractual receipt/delivery patterns, paths that do not utilize the entire segment and/or capacity modeling parameters.\n3) Operationally Available Capacity may be updated throughout the day to account for changes including, but not limited to: netting of bidirectional nominations, partial segment path nominations, storage swing services, exchanges, facility outages, and imbalance management.\n4) Total Scheduled Quantity is the resulting scheduled volume after netting scheduled volumes in both flow directions.\u00a0 This quantity for each segment is displayed only in the resulting net physical flow direction of the segment.\u00a0 Opposite of the physical flow direction will display a quantity of zero although there could be volumes scheduled. For further explanation, contact your Scheduling Representative. \u00a0\u00a0\n5) The net Total Scheduled Quantity may result in a quantity different than Operating Capacity due to the confirmation process after scheduling.\n6) Operating Capacity may be different than Design Capacity based on the periodic, non-permanent anticipated or observed operational pipeline conditions including, but not limited to: higher or lower average thermal content of the gas, higher or lower pressure from interconnecting pipelines, on-going maintenance, etc.\n7) Operating Capacity may be greater than the Design Capacity of the segment to accommodate scheduling of services that contain rights to multiple, redundant firm transportation paths which can be served entirely or in part through an alternate physical path.\n8) The IT Indicator shows whether gas has been scheduled under any interruptible service."", ""report_artifact_id"": ""km_tgp_notice_detail:1788197456279496000:cc4e15187816ef531b2c0d32f54f0c4fc2731bd4f14670beb540a5551574d909""}",2026-08-31T17:42:15.945168Z,km_tgp_notice_detail:1788197456279496000:cc4e15187816ef531b2c0d32f54f0c4fc2731bd4f14670beb540a5551574d909,km_tgp_segment_capacity:1788198122755547000:8fdc5140c4927947e235a62aa64289aad62f3fa51c867ee8ed2458e198852ac1
tgp-impact:cfdeef92a8aee65cbdcf86b57d12abdac16c8effd7b02c167e1747b7db15a653,403802,2026-08-27,2026-09-01,2026-09-01,Station 17 (segment 117 FH),117,FH,TD1,Z0,STA 17,2026-08-31,EVENING,1100000,392102,707898,1122000,1100000,22000,0,707898,pre_event,normalized_name,monitor,unresolved,"No licensed regional basis observations or exact TGP leg-to-contract mapping are loaded. Henry Hub NG is a national benchmark, not direct evidence of this TGP event's price exposure.",https://www.cmegroup.com/markets/energy/natural-gas/natural-gas.html,"[""Future nominations and rerouting are not observed; the shortfall assumes the captured schedule is unchanged.""]","{""calculation"": ""max(0, baseline scheduled quantity - forecast operating capacity)"", ""capacity_artifact_id"": ""km_tgp_segment_capacity:1788198122755547000:8fdc5140c4927947e235a62aa64289aad62f3fa51c867ee8ed2458e198852ac1"", ""capacity_run_id"": ""d79f586d-160a-47d8-9546-69b566a24dbc"", ""capacity_source_age_hours_at_calculation"": 15.92, ""direction_mapping"": {""capacity"": ""TD1"", ""forecast"": ""FH"", ""method"": ""FH=operator default direction=TD1; BH=opposite direction=TD2"", ""operator_direction_notice_url"": ""https://pipeline2.kindermorgan.com/Notices/NoticeDetail.aspx?code=TGP&notc_nbr=363144"", ""operator_segment_map_url"": ""https://pipeline2.kindermorgan.com/Documents/TGP/TGP_Segment_-_Pin_Map-20260721125239.pdf""}, ""interpretation"": ""Conditional scheduled shortfall if the captured net schedule holds; not physical flow, curtailment, or a price prediction."", ""operator_capacity_caveat"": ""Flow Indicator (Flow Ind)\n\nTD1 - Flow in the direction as shown on the pipeline segment map.\n\nTD2 - Flow in the opposite direction shown on the pipeline segment map.\n\n1) Design Capacity generally reflects the physical capacity of a segment as determined by a capacity model utilizing current contractual receipt/delivery quantities and a reasonable set of engineering assumptions and parameters.\n2) Design Capacity may be updated periodically to reflect changes in contractual receipt/delivery patterns, paths that do not utilize the entire segment and/or capacity modeling parameters.\n3) Operationally Available Capacity may be updated throughout the day to account for changes including, but not limited to: netting of bidirectional nominations, partial segment path nominations, storage swing services, exchanges, facility outages, and imbalance management.\n4) Total Scheduled Quantity is the resulting scheduled volume after netting scheduled volumes in both flow directions.\u00a0 This quantity for each segment is displayed only in the resulting net physical flow direction of the segment.\u00a0 Opposite of the physical flow direction will display a quantity of zero although there could be volumes scheduled. For further explanation, contact your Scheduling Representative. \u00a0\u00a0\n5) The net Total Scheduled Quantity may result in a quantity different than Operating Capacity due to the confirmation process after scheduling.\n6) Operating Capacity may be different than Design Capacity based on the periodic, non-permanent anticipated or observed operational pipeline conditions including, but not limited to: higher or lower average thermal content of the gas, higher or lower pressure from interconnecting pipelines, on-going maintenance, etc.\n7) Operating Capacity may be greater than the Design Capacity of the segment to accommodate scheduling of services that contain rights to multiple, redundant firm transportation paths which can be served entirely or in part through an alternate physical path.\n8) The IT Indicator shows whether gas has been scheduled under any interruptible service."", ""report_artifact_id"": ""km_tgp_notice_detail:1788197456279496000:cc4e15187816ef531b2c0d32f54f0c4fc2731bd4f14670beb540a5551574d909""}",2026-08-31T17:42:15.945168Z,km_tgp_notice_detail:1788197456279496000:cc4e15187816ef531b2c0d32f54f0c4fc2731bd4f14670beb540a5551574d909,km_tgp_segment_capacity:1788198122755547000:8fdc5140c4927947e235a62aa64289aad62f3fa51c867ee8ed2458e198852ac1
tgp-impact:4c7ba605feda2614a157cc5ab15486556e9ab3da5a18af082c5739dc435bbf91,403802,2026-08-27,2026-09-02,2026-09-02,Station 17 (segment 117 FH),117,FH,TD1,Z0,STA 17,2026-08-31,EVENING,1100000,392102,707898,1122000,1100000,22000,0,707898,pre_event,normalized_name,monitor,unresolved,"No licensed regional basis observations or exact TGP leg-to-contract mapping are loaded. Henry Hub NG is a national benchmark, not direct evidence of this TGP event's price exposure.",https://www.cmegroup.com/markets/energy/natural-gas/natural-gas.html,"[""Future nominations and rerouting are not observed; the shortfall assumes the captured schedule is unchanged.""]","{""calculation"": ""max(0, baseline scheduled quantity - forecast operating capacity)"", ""capacity_artifact_id"": ""km_tgp_segment_capacity:1788198122755547000:8fdc5140c4927947e235a62aa64289aad62f3fa51c867ee8ed2458e198852ac1"", ""capacity_run_id"": ""d79f586d-160a-47d8-9546-69b566a24dbc"", ""capacity_source_age_hours_at_calculation"": 15.92, ""direction_mapping"": {""capacity"": ""TD1"", ""forecast"": ""FH"", ""method"": ""FH=operator default direction=TD1; BH=opposite direction=TD2"", ""operator_direction_notice_url"": ""https://pipeline2.kindermorgan.com/Notices/NoticeDetail.aspx?code=TGP&notc_nbr=363144"", ""operator_segment_map_url"": ""https://pipeline2.kindermorgan.com/Documents/TGP/TGP_Segment_-_Pin_Map-20260721125239.pdf""}, ""interpretation"": ""Conditional scheduled shortfall if the captured net schedule holds; not physical flow, curtailment, or a price prediction."", ""operator_capacity_caveat"": ""Flow Indicator (Flow Ind)\n\nTD1 - Flow in the direction as shown on the pipeline segment map.\n\nTD2 - Flow in the opposite direction shown on the pipeline segment map.\n\n1) Design Capacity generally reflects the physical capacity of a segment as determined by a capacity model utilizing current contractual receipt/delivery quantities and a reasonable set of engineering assumptions and parameters.\n2) Design Capacity may be updated periodically to reflect changes in contractual receipt/delivery patterns, paths that do not utilize the entire segment and/or capacity modeling parameters.\n3) Operationally Available Capacity may be updated throughout the day to account for changes including, but not limited to: netting of bidirectional nominations, partial segment path nominations, storage swing services, exchanges, facility outages, and imbalance management.\n4) Total Scheduled Quantity is the resulting scheduled volume after netting scheduled volumes in both flow directions.\u00a0 This quantity for each segment is displayed only in the resulting net physical flow direction of the segment.\u00a0 Opposite of the physical flow direction will display a quantity of zero although there could be volumes scheduled. For further explanation, contact your Scheduling Representative. \u00a0\u00a0\n5) The net Total Scheduled Quantity may result in a quantity different than Operating Capacity due to the confirmation process after scheduling.\n6) Operating Capacity may be different than Design Capacity based on the periodic, non-permanent anticipated or observed operational pipeline conditions including, but not limited to: higher or lower average thermal content of the gas, higher or lower pressure from interconnecting pipelines, on-going maintenance, etc.\n7) Operating Capacity may be greater than the Design Capacity of the segment to accommodate scheduling of services that contain rights to multiple, redundant firm transportation paths which can be served entirely or in part through an alternate physical path.\n8) The IT Indicator shows whether gas has been scheduled under any interruptible service."", ""report_artifact_id"": ""km_tgp_notice_detail:1788197456279496000:cc4e15187816ef531b2c0d32f54f0c4fc2731bd4f14670beb540a5551574d909""}",2026-08-31T17:42:15.945168Z,km_tgp_notice_detail:1788197456279496000:cc4e15187816ef531b2c0d32f54f0c4fc2731bd4f14670beb540a5551574d909,km_tgp_segment_capacity:1788198122755547000:8fdc5140c4927947e235a62aa64289aad62f3fa51c867ee8ed2458e198852ac1
tgp-impact:620fcf4e9224b1db5c91ee77cf8a7a33a8ea82578df9ee47186dcae21f12e779,403802,2026-08-27,2026-09-03,2026-09-03,Station 17 (segment 117 FH),117,FH,TD1,Z0,STA 17,2026-08-31,EVENING,1100000,392102,707898,1122000,1100000,22000,0,707898,pre_event,normalized_name,monitor,unresolved,"No licensed regional basis observations or exact TGP leg-to-contract mapping are loaded. Henry Hub NG is a national benchmark, not direct evidence of this TGP event's price exposure.",https://www.cmegroup.com/markets/energy/natural-gas/natural-gas.html,"[""Future nominations and rerouting are not observed; the shortfall assumes the captured schedule is unchanged.""]","{""calculation"": ""max(0, baseline scheduled quantity - forecast operating capacity)"", ""capacity_artifact_id"": ""km_tgp_segment_capacity:1788198122755547000:8fdc5140c4927947e235a62aa64289aad62f3fa51c867ee8ed2458e198852ac1"", ""capacity_run_id"": ""d79f586d-160a-47d8-9546-69b566a24dbc"", ""capacity_source_age_hours_at_calculation"": 15.92, ""direction_mapping"": {""capacity"": ""TD1"", ""forecast"": ""FH"", ""method"": ""FH=operator default direction=TD1; BH=opposite direction=TD2"", ""operator_direction_notice_url"": ""https://pipeline2.kindermorgan.com/Notices/NoticeDetail.aspx?code=TGP&notc_nbr=363144"", ""operator_segment_map_url"": ""https://pipeline2.kindermorgan.com/Documents/TGP/TGP_Segment_-_Pin_Map-20260721125239.pdf""}, ""interpretation"": ""Conditional scheduled shortfall if the captured net schedule holds; not physical flow, curtailment, or a price prediction."", ""operator_capacity_caveat"": ""Flow Indicator (Flow Ind)\n\nTD1 - Flow in the direction as shown on the pipeline segment map.\n\nTD2 - Flow in the opposite direction shown on the pipeline segment map.\n\n1) Design Capacity generally reflects the physical capacity of a segment as determined by a capacity model utilizing current contractual receipt/delivery quantities and a reasonable set of engineering assumptions and parameters.\n2) Design Capacity may be updated periodically to reflect changes in contractual receipt/delivery patterns, paths that do not utilize the entire segment and/or capacity modeling parameters.\n3) Operationally Available Capacity may be updated throughout the day to account for changes including, but not limited to: netting of bidirectional nominations, partial segment path nominations, storage swing services, exchanges, facility outages, and imbalance management.\n4) Total Scheduled Quantity is the resulting scheduled volume after netting scheduled volumes in both flow directions.\u00a0 This quantity for each segment is displayed only in the resulting net physical flow direction of the segment.\u00a0 Opposite of the physical flow direction will display a quantity of zero although there could be volumes scheduled. For further explanation, contact your Scheduling Representative. \u00a0\u00a0\n5) The net Total Scheduled Quantity may result in a quantity different than Operating Capacity due to the confirmation process after scheduling.\n6) Operating Capacity may be different than Design Capacity based on the periodic, non-permanent anticipated or observed operational pipeline conditions including, but not limited to: higher or lower average thermal content of the gas, higher or lower pressure from interconnecting pipelines, on-going maintenance, etc.\n7) Operating Capacity may be greater than the Design Capacity of the segment to accommodate scheduling of services that contain rights to multiple, redundant firm transportation paths which can be served entirely or in part through an alternate physical path.\n8) The IT Indicator shows whether gas has been scheduled under any interruptible service."", ""report_artifact_id"": ""km_tgp_notice_detail:1788197456279496000:cc4e15187816ef531b2c0d32f54f0c4fc2731bd4f14670beb540a5551574d909""}",2026-08-31T17:42:15.945168Z,km_tgp_notice_detail:1788197456279496000:cc4e15187816ef531b2c0d32f54f0c4fc2731bd4f14670beb540a5551574d909,km_tgp_segment_capacity:1788198122755547000:8fdc5140c4927947e235a62aa64289aad62f3fa51c867ee8ed2458e198852ac1
tgp-impact:e0621c6f77e0e990d0e99a61a76b8083f5d3c0be6bc46f3feb3bbd7bd33e9990,403802,2026-08-27,2026-09-04,2026-09-04,Station 17 (segment 117 FH),117,FH,TD1,Z0,STA 17,2026-08-31,EVENING,1100000,392102,707898,1122000,1100000,22000,0,707898,pre_event,normalized_name,monitor,unresolved,"No licensed regional basis observations or exact TGP leg-to-contract mapping are loaded. Henry Hub NG is a national benchmark, not direct evidence of this TGP event's price exposure.",https://www.cmegroup.com/markets/energy/natural-gas/natural-gas.html,"[""Future nominations and rerouting are not observed; the shortfall assumes the captured schedule is unchanged.""]","{""calculation"": ""max(0, baseline scheduled quantity - forecast operating capacity)"", ""capacity_artifact_id"": ""km_tgp_segment_capacity:1788198122755547000:8fdc5140c4927947e235a62aa64289aad62f3fa51c867ee8ed2458e198852ac1"", ""capacity_run_id"": ""d79f586d-160a-47d8-9546-69b566a24dbc"", ""capacity_source_age_hours_at_calculation"": 15.92, ""direction_mapping"": {""capacity"": ""TD1"", ""forecast"": ""FH"", ""method"": ""FH=operator default direction=TD1; BH=opposite direction=TD2"", ""operator_direction_notice_url"": ""https://pipeline2.kindermorgan.com/Notices/NoticeDetail.aspx?code=TGP&notc_nbr=363144"", ""operator_segment_map_url"": ""https://pipeline2.kindermorgan.com/Documents/TGP/TGP_Segment_-_Pin_Map-20260721125239.pdf""}, ""interpretation"": ""Conditional scheduled shortfall if the captured net schedule holds; not physical flow, curtailment, or a price prediction."", ""operator_capacity_caveat"": ""Flow Indicator (Flow Ind)\n\nTD1 - Flow in the direction as shown on the pipeline segment map.\n\nTD2 - Flow in the opposite direction shown on the pipeline segment map.\n\n1) Design Capacity generally reflects the physical capacity of a segment as determined by a capacity model utilizing current contractual receipt/delivery quantities and a reasonable set of engineering assumptions and parameters.\n2) Design Capacity may be updated periodically to reflect changes in contractual receipt/delivery patterns, paths that do not utilize the entire segment and/or capacity modeling parameters.\n3) Operationally Available Capacity may be updated throughout the day to account for changes including, but not limited to: netting of bidirectional nominations, partial segment path nominations, storage swing services, exchanges, facility outages, and imbalance management.\n4) Total Scheduled Quantity is the resulting scheduled volume after netting scheduled volumes in both flow directions.\u00a0 This quantity for each segment is displayed only in the resulting net physical flow direction of the segment.\u00a0 Opposite of the physical flow direction will display a quantity of zero although there could be volumes scheduled. For further explanation, contact your Scheduling Representative. \u00a0\u00a0\n5) The net Total Scheduled Quantity may result in a quantity different than Operating Capacity due to the confirmation process after scheduling.\n6) Operating Capacity may be different than Design Capacity based on the periodic, non-permanent anticipated or observed operational pipeline conditions including, but not limited to: higher or lower average thermal content of the gas, higher or lower pressure from interconnecting pipelines, on-going maintenance, etc.\n7) Operating Capacity may be greater than the Design Capacity of the segment to accommodate scheduling of services that contain rights to multiple, redundant firm transportation paths which can be served entirely or in part through an alternate physical path.\n8) The IT Indicator shows whether gas has been scheduled under any interruptible service."", ""report_artifact_id"": ""km_tgp_notice_detail:1788197456279496000:cc4e15187816ef531b2c0d32f54f0c4fc2731bd4f14670beb540a5551574d909""}",2026-08-31T17:42:15.945168Z,km_tgp_notice_detail:1788197456279496000:cc4e15187816ef531b2c0d32f54f0c4fc2731bd4f14670beb540a5551574d909,km_tgp_segment_capacity:1788198122755547000:8fdc5140c4927947e235a62aa64289aad62f3fa51c867ee8ed2458e198852ac1
tgp-impact:3807fdbfadcce624b3c60d58d6d22b5095a2595d4ee422345eadbaed4e11b6d9,403802,2026-08-27,2026-09-05,2026-09-05,Station 17 (segment 117 FH),117,FH,TD1,Z0,STA 17,2026-08-31,EVENING,1100000,392102,707898,1122000,1100000,22000,0,707898,pre_event,normalized_name,monitor,unresolved,"No licensed regional basis observations or exact TGP leg-to-contract mapping are loaded. Henry Hub NG is a national benchmark, not direct evidence of this TGP event's price exposure.",https://www.cmegroup.com/markets/energy/natural-gas/natural-gas.html,"[""Future nominations and rerouting are not observed; the shortfall assumes the captured schedule is unchanged.""]","{""calculation"": ""max(0, baseline scheduled quantity - forecast operating capacity)"", ""capacity_artifact_id"": ""km_tgp_segment_capacity:1788198122755547000:8fdc5140c4927947e235a62aa64289aad62f3fa51c867ee8ed2458e198852ac1"", ""capacity_run_id"": ""d79f586d-160a-47d8-9546-69b566a24dbc"", ""capacity_source_age_hours_at_calculation"": 15.92, ""direction_mapping"": {""capacity"": ""TD1"", ""forecast"": ""FH"", ""method"": ""FH=operator default direction=TD1; BH=opposite direction=TD2"", ""operator_direction_notice_url"": ""https://pipeline2.kindermorgan.com/Notices/NoticeDetail.aspx?code=TGP&notc_nbr=363144"", ""operator_segment_map_url"": ""https://pipeline2.kindermorgan.com/Documents/TGP/TGP_Segment_-_Pin_Map-20260721125239.pdf""}, ""interpretation"": ""Conditional scheduled shortfall if the captured net schedule holds; not physical flow, curtailment, or a price prediction."", ""operator_capacity_caveat"": ""Flow Indicator (Flow Ind)\n\nTD1 - Flow in the direction as shown on the pipeline segment map.\n\nTD2 - Flow in the opposite direction shown on the pipeline segment map.\n\n1) Design Capacity generally reflects the physical capacity of a segment as determined by a capacity model utilizing current contractual receipt/delivery quantities and a reasonable set of engineering assumptions and parameters.\n2) Design Capacity may be updated periodically to reflect changes in contractual receipt/delivery patterns, paths that do not utilize the entire segment and/or capacity modeling parameters.\n3) Operationally Available Capacity may be updated throughout the day to account for changes including, but not limited to: netting of bidirectional nominations, partial segment path nominations, storage swing services, exchanges, facility outages, and imbalance management.\n4) Total Scheduled Quantity is the resulting scheduled volume after netting scheduled volumes in both flow directions.\u00a0 This quantity for each segment is displayed only in the resulting net physical flow direction of the segment.\u00a0 Opposite of the physical flow direction will display a quantity of zero although there could be volumes scheduled. For further explanation, contact your Scheduling Representative. \u00a0\u00a0\n5) The net Total Scheduled Quantity may result in a quantity different than Operating Capacity due to the confirmation process after scheduling.\n6) Operating Capacity may be different than Design Capacity based on the periodic, non-permanent anticipated or observed operational pipeline conditions including, but not limited to: higher or lower average thermal content of the gas, higher or lower pressure from interconnecting pipelines, on-going maintenance, etc.\n7) Operating Capacity may be greater than the Design Capacity of the segment to accommodate scheduling of services that contain rights to multiple, redundant firm transportation paths which can be served entirely or in part through an alternate physical path.\n8) The IT Indicator shows whether gas has been scheduled under any interruptible service."", ""report_artifact_id"": ""km_tgp_notice_detail:1788197456279496000:cc4e15187816ef531b2c0d32f54f0c4fc2731bd4f14670beb540a5551574d909""}",2026-08-31T17:42:15.945168Z,km_tgp_notice_detail:1788197456279496000:cc4e15187816ef531b2c0d32f54f0c4fc2731bd4f14670beb540a5551574d909,km_tgp_segment_capacity:1788198122755547000:8fdc5140c4927947e235a62aa64289aad62f3fa51c867ee8ed2458e198852ac1
tgp-impact:515c4d6bc4daae6228dd3db2298c2936f341ae8da345d4f9e52dd509ae25e26b,403802,2026-08-27,2026-09-06,2026-09-06,Station 17 (segment 117 FH),117,FH,TD1,Z0,STA 17,2026-08-31,EVENING,1100000,392102,707898,1122000,1100000,22000,0,707898,pre_event,normalized_name,monitor,unresolved,"No licensed regional basis observations or exact TGP leg-to-contract mapping are loaded. Henry Hub NG is a national benchmark, not direct evidence of this TGP event's price exposure.",https://www.cmegroup.com/markets/energy/natural-gas/natural-gas.html,"[""Future nominations and rerouting are not observed; the shortfall assumes the captured schedule is unchanged.""]","{""calculation"": ""max(0, baseline scheduled quantity - forecast operating capacity)"", ""capacity_artifact_id"": ""km_tgp_segment_capacity:1788198122755547000:8fdc5140c4927947e235a62aa64289aad62f3fa51c867ee8ed2458e198852ac1"", ""capacity_run_id"": ""d79f586d-160a-47d8-9546-69b566a24dbc"", ""capacity_source_age_hours_at_calculation"": 15.92, ""direction_mapping"": {""capacity"": ""TD1"", ""forecast"": ""FH"", ""method"": ""FH=operator default direction=TD1; BH=opposite direction=TD2"", ""operator_direction_notice_url"": ""https://pipeline2.kindermorgan.com/Notices/NoticeDetail.aspx?code=TGP&notc_nbr=363144"", ""operator_segment_map_url"": ""https://pipeline2.kindermorgan.com/Documents/TGP/TGP_Segment_-_Pin_Map-20260721125239.pdf""}, ""interpretation"": ""Conditional scheduled shortfall if the captured net schedule holds; not physical flow, curtailment, or a price prediction."", ""operator_capacity_caveat"": ""Flow Indicator (Flow Ind)\n\nTD1 - Flow in the direction as shown on the pipeline segment map.\n\nTD2 - Flow in the opposite direction shown on the pipeline segment map.\n\n1) Design Capacity generally reflects the physical capacity of a segment as determined by a capacity model utilizing current contractual receipt/delivery quantities and a reasonable set of engineering assumptions and parameters.\n2) Design Capacity may be updated periodically to reflect changes in contractual receipt/delivery patterns, paths that do not utilize the entire segment and/or capacity modeling parameters.\n3) Operationally Available Capacity may be updated throughout the day to account for changes including, but not limited to: netting of bidirectional nominations, partial segment path nominations, storage swing services, exchanges, facility outages, and imbalance management.\n4) Total Scheduled Quantity is the resulting scheduled volume after netting scheduled volumes in both flow directions.\u00a0 This quantity for each segment is displayed only in the resulting net physical flow direction of the segment.\u00a0 Opposite of the physical flow direction will display a quantity of zero although there could be volumes scheduled. For further explanation, contact your Scheduling Representative. \u00a0\u00a0\n5) The net Total Scheduled Quantity may result in a quantity different than Operating Capacity due to the confirmation process after scheduling.\n6) Operating Capacity may be different than Design Capacity based on the periodic, non-permanent anticipated or observed operational pipeline conditions including, but not limited to: higher or lower average thermal content of the gas, higher or lower pressure from interconnecting pipelines, on-going maintenance, etc.\n7) Operating Capacity may be greater than the Design Capacity of the segment to accommodate scheduling of services that contain rights to multiple, redundant firm transportation paths which can be served entirely or in part through an alternate physical path.\n8) The IT Indicator shows whether gas has been scheduled under any interruptible service."", ""report_artifact_id"": ""km_tgp_notice_detail:1788197456279496000:cc4e15187816ef531b2c0d32f54f0c4fc2731bd4f14670beb540a5551574d909""}",2026-08-31T17:42:15.945168Z,km_tgp_notice_detail:1788197456279496000:cc4e15187816ef531b2c0d32f54f0c4fc2731bd4f14670beb540a5551574d909,km_tgp_segment_capacity:1788198122755547000:8fdc5140c4927947e235a62aa64289aad62f3fa51c867ee8ed2458e198852ac1
tgp-impact:9144a2232fe883ef0b06625b75947792cce9aa9b2adf36cdd0edd801809e82b8,403802,2026-08-27,2026-09-07,2026-09-13,Station 17 (segment 117 FH),117,FH,TD1,Z0,STA 17,2026-08-31,EVENING,1100000,392102,707898,1122000,1100000,22000,0,707898,pre_event,normalized_name,monitor,unresolved,"No licensed regional basis observations or exact TGP leg-to-contract mapping are loaded. Henry Hub NG is a national benchmark, not direct evidence of this TGP event's price exposure.",https://www.cmegroup.com/markets/energy/natural-gas/natural-gas.html,"[""Future nominations and rerouting are not observed; the shortfall assumes the captured schedule is unchanged.""]","{""calculation"": ""max(0, baseline scheduled quantity - forecast operating capacity)"", ""capacity_artifact_id"": ""km_tgp_segment_capacity:1788198122755547000:8fdc5140c4927947e235a62aa64289aad62f3fa51c867ee8ed2458e198852ac1"", ""capacity_run_id"": ""d79f586d-160a-47d8-9546-69b566a24dbc"", ""capacity_source_age_hours_at_calculation"": 15.92, ""direction_mapping"": {""capacity"": ""TD1"", ""forecast"": ""FH"", ""method"": ""FH=operator default direction=TD1; BH=opposite direction=TD2"", ""operator_direction_notice_url"": ""https://pipeline2.kindermorgan.com/Notices/NoticeDetail.aspx?code=TGP&notc_nbr=363144"", ""operator_segment_map_url"": ""https://pipeline2.kindermorgan.com/Documents/TGP/TGP_Segment_-_Pin_Map-20260721125239.pdf""}, ""interpretation"": ""Conditional scheduled shortfall if the captured net schedule holds; not physical flow, curtailment, or a price prediction."", ""operator_capacity_caveat"": ""Flow Indicator (Flow Ind)\n\nTD1 - Flow in the direction as shown on the pipeline segment map.\n\nTD2 - Flow in the opposite direction shown on the pipeline segment map.\n\n1) Design Capacity generally reflects the physical capacity of a segment as determined by a capacity model utilizing current contractual receipt/delivery quantities and a reasonable set of engineering assumptions and parameters.\n2) Design Capacity may be updated periodically to reflect changes in contractual receipt/delivery patterns, paths that do not utilize the entire segment and/or capacity modeling parameters.\n3) Operationally Available Capacity may be updated throughout the day to account for changes including, but not limited to: netting of bidirectional nominations, partial segment path nominations, storage swing services, exchanges, facility outages, and imbalance management.\n4) Total Scheduled Quantity is the resulting scheduled volume after netting scheduled volumes in both flow directions.\u00a0 This quantity for each segment is displayed only in the resulting net physical flow direction of the segment.\u00a0 Opposite of the physical flow direction will display a quantity of zero although there could be volumes scheduled. For further explanation, contact your Scheduling Representative. \u00a0\u00a0\n5) The net Total Scheduled Quantity may result in a quantity different than Operating Capacity due to the confirmation process after scheduling.\n6) Operating Capacity may be different than Design Capacity based on the periodic, non-permanent anticipated or observed operational pipeline conditions including, but not limited to: higher or lower average thermal content of the gas, higher or lower pressure from interconnecting pipelines, on-going maintenance, etc.\n7) Operating Capacity may be greater than the Design Capacity of the segment to accommodate scheduling of services that contain rights to multiple, redundant firm transportation paths which can be served entirely or in part through an alternate physical path.\n8) The IT Indicator shows whether gas has been scheduled under any interruptible service."", ""report_artifact_id"": ""km_tgp_notice_detail:1788197456279496000:cc4e15187816ef531b2c0d32f54f0c4fc2731bd4f14670beb540a5551574d909""}",2026-08-31T17:42:15.945168Z,km_tgp_notice_detail:1788197456279496000:cc4e15187816ef531b2c0d32f54f0c4fc2731bd4f14670beb540a5551574d909,km_tgp_segment_capacity:1788198122755547000:8fdc5140c4927947e235a62aa64289aad62f3fa51c867ee8ed2458e198852ac1
tgp-impact:4c7329caba8dac639520920449a9f208e600b04a65de969ebd23b6db8596958a,403802,2026-08-27,2026-09-14,2026-09-20,Station 17 (segment 117 FH),117,FH,TD1,Z0,STA 17,2026-08-31,EVENING,1100000,392102,707898,1122000,1100000,22000,0,707898,pre_event,normalized_name,monitor,unresolved,"No licensed regional basis observations or exact TGP leg-to-contract mapping are loaded. Henry Hub NG is a national benchmark, not direct evidence of this TGP event's price exposure.",https://www.cmegroup.com/markets/energy/natural-gas/natural-gas.html,"[""Future nominations and rerouting are not observed; the shortfall assumes the captured schedule is unchanged.""]","{""calculation"": ""max(0, baseline scheduled quantity - forecast operating capacity)"", ""capacity_artifact_id"": ""km_tgp_segment_capacity:1788198122755547000:8fdc5140c4927947e235a62aa64289aad62f3fa51c867ee8ed2458e198852ac1"", ""capacity_run_id"": ""d79f586d-160a-47d8-9546-69b566a24dbc"", ""capacity_source_age_hours_at_calculation"": 15.92, ""direction_mapping"": {""capacity"": ""TD1"", ""forecast"": ""FH"", ""method"": ""FH=operator default direction=TD1; BH=opposite direction=TD2"", ""operator_direction_notice_url"": ""https://pipeline2.kindermorgan.com/Notices/NoticeDetail.aspx?code=TGP&notc_nbr=363144"", ""operator_segment_map_url"": ""https://pipeline2.kindermorgan.com/Documents/TGP/TGP_Segment_-_Pin_Map-20260721125239.pdf""}, ""interpretation"": ""Conditional scheduled shortfall if the captured net schedule holds; not physical flow, curtailment, or a price prediction."", ""operator_capacity_caveat"": ""Flow Indicator (Flow Ind)\n\nTD1 - Flow in the direction as shown on the pipeline segment map.\n\nTD2 - Flow in the opposite direction shown on the pipeline segment map.\n\n1) Design Capacity generally reflects the physical capacity of a segment as determined by a capacity model utilizing current contractual receipt/delivery quantities and a reasonable set of engineering assumptions and parameters.\n2) Design Capacity may be updated periodically to reflect changes in contractual receipt/delivery patterns, paths that do not utilize the entire segment and/or capacity modeling parameters.\n3) Operationally Available Capacity may be updated throughout the day to account for changes including, but not limited to: netting of bidirectional nominations, partial segment path nominations, storage swing services, exchanges, facility outages, and imbalance management.\n4) Total Scheduled Quantity is the resulting scheduled volume after netting scheduled volumes in both flow directions.\u00a0 This quantity for each segment is displayed only in the resulting net physical flow direction of the segment.\u00a0 Opposite of the physical flow direction will display a quantity of zero although there could be volumes scheduled. For further explanation, contact your Scheduling Representative. \u00a0\u00a0\n5) The net Total Scheduled Quantity may result in a quantity different than Operating Capacity due to the confirmation process after scheduling.\n6) Operating Capacity may be different than Design Capacity based on the periodic, non-permanent anticipated or observed operational pipeline conditions including, but not limited to: higher or lower average thermal content of the gas, higher or lower pressure from interconnecting pipelines, on-going maintenance, etc.\n7) Operating Capacity may be greater than the Design Capacity of the segment to accommodate scheduling of services that contain rights to multiple, redundant firm transportation paths which can be served entirely or in part through an alternate physical path.\n8) The IT Indicator shows whether gas has been scheduled under any interruptible service."", ""report_artifact_id"": ""km_tgp_notice_detail:1788197456279496000:cc4e15187816ef531b2c0d32f54f0c4fc2731bd4f14670beb540a5551574d909""}",2026-08-31T17:42:15.945168Z,km_tgp_notice_detail:1788197456279496000:cc4e15187816ef531b2c0d32f54f0c4fc2731bd4f14670beb540a5551574d909,km_tgp_segment_capacity:1788198122755547000:8fdc5140c4927947e235a62aa64289aad62f3fa51c867ee8ed2458e198852ac1
tgp-impact:18a8324b8c376c35cfe977f0cab0a728220799494222679b0039cd5ec1cd9826,403802,2026-08-27,2026-10-19,2026-10-25,Station 17 (segment 117 FH),117,FH,TD1,Z0,STA 17,2026-08-31,EVENING,1100000,392102,707898,1122000,1100000,22000,0,707898,pre_event,normalized_name,monitor,unresolved,"No licensed regional basis observations or exact TGP leg-to-contract mapping are loaded. Henry Hub NG is a national benchmark, not direct evidence of this TGP event's price exposure.",https://www.cmegroup.com/markets/energy/natural-gas/natural-gas.html,"[""Future nominations and rerouting are not observed; the shortfall assumes the captured schedule is unchanged.""]","{""calculation"": ""max(0, baseline scheduled quantity - forecast operating capacity)"", ""capacity_artifact_id"": ""km_tgp_segment_capacity:1788198122755547000:8fdc5140c4927947e235a62aa64289aad62f3fa51c867ee8ed2458e198852ac1"", ""capacity_run_id"": ""d79f586d-160a-47d8-9546-69b566a24dbc"", ""capacity_source_age_hours_at_calculation"": 15.92, ""direction_mapping"": {""capacity"": ""TD1"", ""forecast"": ""FH"", ""method"": ""FH=operator default direction=TD1; BH=opposite direction=TD2"", ""operator_direction_notice_url"": ""https://pipeline2.kindermorgan.com/Notices/NoticeDetail.aspx?code=TGP&notc_nbr=363144"", ""operator_segment_map_url"": ""https://pipeline2.kindermorgan.com/Documents/TGP/TGP_Segment_-_Pin_Map-20260721125239.pdf""}, ""interpretation"": ""Conditional scheduled shortfall if the captured net schedule holds; not physical flow, curtailment, or a price prediction."", ""operator_capacity_caveat"": ""Flow Indicator (Flow Ind)\n\nTD1 - Flow in the direction as shown on the pipeline segment map.\n\nTD2 - Flow in the opposite direction shown on the pipeline segment map.\n\n1) Design Capacity generally reflects the physical capacity of a segment as determined by a capacity model utilizing current contractual receipt/delivery quantities and a reasonable set of engineering assumptions and parameters.\n2) Design Capacity may be updated periodically to reflect changes in contractual receipt/delivery patterns, paths that do not utilize the entire segment and/or capacity modeling parameters.\n3) Operationally Available Capacity may be updated throughout the day to account for changes including, but not limited to: netting of bidirectional nominations, partial segment path nominations, storage swing services, exchanges, facility outages, and imbalance management.\n4) Total Scheduled Quantity is the resulting scheduled volume after netting scheduled volumes in both flow directions.\u00a0 This quantity for each segment is displayed only in the resulting net physical flow direction of the segment.\u00a0 Opposite of the physical flow direction will display a quantity of zero although there could be volumes scheduled. For further explanation, contact your Scheduling Representative. \u00a0\u00a0\n5) The net Total Scheduled Quantity may result in a quantity different than Operating Capacity due to the confirmation process after scheduling.\n6) Operating Capacity may be different than Design Capacity based on the periodic, non-permanent anticipated or observed operational pipeline conditions including, but not limited to: higher or lower average thermal content of the gas, higher or lower pressure from interconnecting pipelines, on-going maintenance, etc.\n7) Operating Capacity may be greater than the Design Capacity of the segment to accommodate scheduling of services that contain rights to multiple, redundant firm transportation paths which can be served entirely or in part through an alternate physical path.\n8) The IT Indicator shows whether gas has been scheduled under any interruptible service."", ""report_artifact_id"": ""km_tgp_notice_detail:1788197456279496000:cc4e15187816ef531b2c0d32f54f0c4fc2731bd4f14670beb540a5551574d909""}",2026-08-31T17:42:15.945168Z,km_tgp_notice_detail:1788197456279496000:cc4e15187816ef531b2c0d32f54f0c4fc2731bd4f14670beb540a5551574d909,km_tgp_segment_capacity:1788198122755547000:8fdc5140c4927947e235a62aa64289aad62f3fa51c867ee8ed2458e198852ac1
tgp-impact:be2fd401fe4597be54020557276fb2931f6cd314d4c8135df9958cb640bea959,403802,2026-08-27,2026-08-31,2026-08-31,Station 245 (segment 245 FH),245,FH,TD1,Z5,STA 245,2026-08-31,EVENING,970000,785990,184010,986000,970000,16000,0,184010,same_day,normalized_name,monitor,unresolved,"No licensed regional basis observations or exact TGP leg-to-contract mapping are loaded. Henry Hub NG is a national benchmark, not direct evidence of this TGP event's price exposure.",https://www.cmegroup.com/markets/energy/natural-gas/natural-gas.html,"[""Future nominations and rerouting are not observed; the shortfall assumes the captured schedule is unchanged.""]","{""calculation"": ""max(0, baseline scheduled quantity - forecast operating capacity)"", ""capacity_artifact_id"": ""km_tgp_segment_capacity:1788198122755547000:8fdc5140c4927947e235a62aa64289aad62f3fa51c867ee8ed2458e198852ac1"", ""capacity_run_id"": ""d79f586d-160a-47d8-9546-69b566a24dbc"", ""capacity_source_age_hours_at_calculation"": 15.92, ""direction_mapping"": {""capacity"": ""TD1"", ""forecast"": ""FH"", ""method"": ""FH=operator default direction=TD1; BH=opposite direction=TD2"", ""operator_direction_notice_url"": ""https://pipeline2.kindermorgan.com/Notices/NoticeDetail.aspx?code=TGP&notc_nbr=363144"", ""operator_segment_map_url"": ""https://pipeline2.kindermorgan.com/Documents/TGP/TGP_Segment_-_Pin_Map-20260721125239.pdf""}, ""interpretation"": ""Conditional scheduled shortfall if the captured net schedule holds; not physical flow, curtailment, or a price prediction."", ""operator_capacity_caveat"": ""Flow Indicator (Flow Ind)\n\nTD1 - Flow in the direction as shown on the pipeline segment map.\n\nTD2 - Flow in the opposite direction shown on the pipeline segment map.\n\n1) Design Capacity generally reflects the physical capacity of a segment as determined by a capacity model utilizing current contractual receipt/delivery quantities and a reasonable set of engineering assumptions and parameters.\n2) Design Capacity may be updated periodically to reflect changes in contractual receipt/delivery patterns, paths that do not utilize the entire segment and/or capacity modeling parameters.\n3) Operationally Available Capacity may be updated throughout the day to account for changes including, but not limited to: netting of bidirectional nominations, partial segment path nominations, storage swing services, exchanges, facility outages, and imbalance management.\n4) Total Scheduled Quantity is the resulting scheduled volume after netting scheduled volumes in both flow directions.\u00a0 This quantity for each segment is displayed only in the resulting net physical flow direction of the segment.\u00a0 Opposite of the physical flow direction will display a quantity of zero although there could be volumes scheduled. For further explanation, contact your Scheduling Representative. \u00a0\u00a0\n5) The net Total Scheduled Quantity may result in a quantity different than Operating Capacity due to the confirmation process after scheduling.\n6) Operating Capacity may be different than Design Capacity based on the periodic, non-permanent anticipated or observed operational pipeline conditions including, but not limited to: higher or lower average thermal content of the gas, higher or lower pressure from interconnecting pipelines, on-going maintenance, etc.\n7) Operating Capacity may be greater than the Design Capacity of the segment to accommodate scheduling of services that contain rights to multiple, redundant firm transportation paths which can be served entirely or in part through an alternate physical path.\n8) The IT Indicator shows whether gas has been scheduled under any interruptible service."", ""report_artifact_id"": ""km_tgp_notice_detail:1788197456279496000:cc4e15187816ef531b2c0d32f54f0c4fc2731bd4f14670beb540a5551574d909""}",2026-08-31T17:42:15.945168Z,km_tgp_notice_detail:1788197456279496000:cc4e15187816ef531b2c0d32f54f0c4fc2731bd4f14670beb540a5551574d909,km_tgp_segment_capacity:1788198122755547000:8fdc5140c4927947e235a62aa64289aad62f3fa51c867ee8ed2458e198852ac1
tgp-impact:ad9d43a204a8fc36c29ddd8675e8bd9d34231b7063f119a2c105bf8eed9709a0,403802,2026-08-27,2026-09-01,2026-09-01,Station 245 (segment 245 FH),245,FH,TD1,Z5,STA 245,2026-08-31,EVENING,970000,785990,184010,986000,970000,16000,0,184010,pre_event,normalized_name,monitor,unresolved,"No licensed regional basis observations or exact TGP leg-to-contract mapping are loaded. Henry Hub NG is a national benchmark, not direct evidence of this TGP event's price exposure.",https://www.cmegroup.com/markets/energy/natural-gas/natural-gas.html,"[""Future nominations and rerouting are not observed; the shortfall assumes the captured schedule is unchanged.""]","{""calculation"": ""max(0, baseline scheduled quantity - forecast operating capacity)"", ""capacity_artifact_id"": ""km_tgp_segment_capacity:1788198122755547000:8fdc5140c4927947e235a62aa64289aad62f3fa51c867ee8ed2458e198852ac1"", ""capacity_run_id"": ""d79f586d-160a-47d8-9546-69b566a24dbc"", ""capacity_source_age_hours_at_calculation"": 15.92, ""direction_mapping"": {""capacity"": ""TD1"", ""forecast"": ""FH"", ""method"": ""FH=operator default direction=TD1; BH=opposite direction=TD2"", ""operator_direction_notice_url"": ""https://pipeline2.kindermorgan.com/Notices/NoticeDetail.aspx?code=TGP&notc_nbr=363144"", ""operator_segment_map_url"": ""https://pipeline2.kindermorgan.com/Documents/TGP/TGP_Segment_-_Pin_Map-20260721125239.pdf""}, ""interpretation"": ""Conditional scheduled shortfall if the captured net schedule holds; not physical flow, curtailment, or a price prediction."", ""operator_capacity_caveat"": ""Flow Indicator (Flow Ind)\n\nTD1 - Flow in the direction as shown on the pipeline segment map.\n\nTD2 - Flow in the opposite direction shown on the pipeline segment map.\n\n1) Design Capacity generally reflects the physical capacity of a segment as determined by a capacity model utilizing current contractual receipt/delivery quantities and a reasonable set of engineering assumptions and parameters.\n2) Design Capacity may be updated periodically to reflect changes in contractual receipt/delivery patterns, paths that do not utilize the entire segment and/or capacity modeling parameters.\n3) Operationally Available Capacity may be updated throughout the day to account for changes including, but not limited to: netting of bidirectional nominations, partial segment path nominations, storage swing services, exchanges, facility outages, and imbalance management.\n4) Total Scheduled Quantity is the resulting scheduled volume after netting scheduled volumes in both flow directions.\u00a0 This quantity for each segment is displayed only in the resulting net physical flow direction of the segment.\u00a0 Opposite of the physical flow direction will display a quantity of zero although there could be volumes scheduled. For further explanation, contact your Scheduling Representative. \u00a0\u00a0\n5) The net Total Scheduled Quantity may result in a quantity different than Operating Capacity due to the confirmation process after scheduling.\n6) Operating Capacity may be different than Design Capacity based on the periodic, non-permanent anticipated or observed operational pipeline conditions including, but not limited to: higher or lower average thermal content of the gas, higher or lower pressure from interconnecting pipelines, on-going maintenance, etc.\n7) Operating Capacity may be greater than the Design Capacity of the segment to accommodate scheduling of services that contain rights to multiple, redundant firm transportation paths which can be served entirely or in part through an alternate physical path.\n8) The IT Indicator shows whether gas has been scheduled under any interruptible service."", ""report_artifact_id"": ""km_tgp_notice_detail:1788197456279496000:cc4e15187816ef531b2c0d32f54f0c4fc2731bd4f14670beb540a5551574d909""}",2026-08-31T17:42:15.945168Z,km_tgp_notice_detail:1788197456279496000:cc4e15187816ef531b2c0d32f54f0c4fc2731bd4f14670beb540a5551574d909,km_tgp_segment_capacity:1788198122755547000:8fdc5140c4927947e235a62aa64289aad62f3fa51c867ee8ed2458e198852ac1
tgp-impact:2b40d3d20fabbffbabf122d7aeb90a18ec9ceae761cd5719a24018c4c87cefbe,403802,2026-08-27,2026-09-02,2026-09-02,Station 245 (segment 245 FH),245,FH,TD1,Z5,STA 245,2026-08-31,EVENING,970000,785990,184010,986000,970000,16000,0,184010,pre_event,normalized_name,monitor,unresolved,"No licensed regional basis observations or exact TGP leg-to-contract mapping are loaded. Henry Hub NG is a national benchmark, not direct evidence of this TGP event's price exposure.",https://www.cmegroup.com/markets/energy/natural-gas/natural-gas.html,"[""Future nominations and rerouting are not observed; the shortfall assumes the captured schedule is unchanged.""]","{""calculation"": ""max(0, baseline scheduled quantity - forecast operating capacity)"", ""capacity_artifact_id"": ""km_tgp_segment_capacity:1788198122755547000:8fdc5140c4927947e235a62aa64289aad62f3fa51c867ee8ed2458e198852ac1"", ""capacity_run_id"": ""d79f586d-160a-47d8-9546-69b566a24dbc"", ""capacity_source_age_hours_at_calculation"": 15.92, ""direction_mapping"": {""capacity"": ""TD1"", ""forecast"": ""FH"", ""method"": ""FH=operator default direction=TD1; BH=opposite direction=TD2"", ""operator_direction_notice_url"": ""https://pipeline2.kindermorgan.com/Notices/NoticeDetail.aspx?code=TGP&notc_nbr=363144"", ""operator_segment_map_url"": ""https://pipeline2.kindermorgan.com/Documents/TGP/TGP_Segment_-_Pin_Map-20260721125239.pdf""}, ""interpretation"": ""Conditional scheduled shortfall if the captured net schedule holds; not physical flow, curtailment, or a price prediction."", ""operator_capacity_caveat"": ""Flow Indicator (Flow Ind)\n\nTD1 - Flow in the direction as shown on the pipeline segment map.\n\nTD2 - Flow in the opposite direction shown on the pipeline segment map.\n\n1) Design Capacity generally reflects the physical capacity of a segment as determined by a capacity model utilizing current contractual receipt/delivery quantities and a reasonable set of engineering assumptions and parameters.\n2) Design Capacity may be updated periodically to reflect changes in contractual receipt/delivery patterns, paths that do not utilize the entire segment and/or capacity modeling parameters.\n3) Operationally Available Capacity may be updated throughout the day to account for changes including, but not limited to: netting of bidirectional nominations, partial segment path nominations, storage swing services, exchanges, facility outages, and imbalance management.\n4) Total Scheduled Quantity is the resulting scheduled volume after netting scheduled volumes in both flow directions.\u00a0 This quantity for each segment is displayed only in the resulting net physical flow direction of the segment.\u00a0 Opposite of the physical flow direction will display a quantity of zero although there could be volumes scheduled. For further explanation, contact your Scheduling Representative. \u00a0\u00a0\n5) The net Total Scheduled Quantity may result in a quantity different than Operating Capacity due to the confirmation process after scheduling.\n6) Operating Capacity may be different than Design Capacity based on the periodic, non-permanent anticipated or observed operational pipeline conditions including, but not limited to: higher or lower average thermal content of the gas, higher or lower pressure from interconnecting pipelines, on-going maintenance, etc.\n7) Operating Capacity may be greater than the Design Capacity of the segment to accommodate scheduling of services that contain rights to multiple, redundant firm transportation paths which can be served entirely or in part through an alternate physical path.\n8) The IT Indicator shows whether gas has been scheduled under any interruptible service."", ""report_artifact_id"": ""km_tgp_notice_detail:1788197456279496000:cc4e15187816ef531b2c0d32f54f0c4fc2731bd4f14670beb540a5551574d909""}",2026-08-31T17:42:15.945168Z,km_tgp_notice_detail:1788197456279496000:cc4e15187816ef531b2c0d32f54f0c4fc2731bd4f14670beb540a5551574d909,km_tgp_segment_capacity:1788198122755547000:8fdc5140c4927947e235a62aa64289aad62f3fa51c867ee8ed2458e198852ac1
tgp-impact:ba725d0aba690e84c9f4e1553e85c3ebeb84302d8866f72d81a29fc1234712e1,403802,2026-08-27,2026-09-03,2026-09-03,Station 245 (segment 245 FH),245,FH,TD1,Z5,STA 245,2026-08-31,EVENING,970000,785990,184010,986000,970000,16000,0,184010,pre_event,normalized_name,monitor,unresolved,"No licensed regional basis observations or exact TGP leg-to-contract mapping are loaded. Henry Hub NG is a national benchmark, not direct evidence of this TGP event's price exposure.",https://www.cmegroup.com/markets/energy/natural-gas/natural-gas.html,"[""Future nominations and rerouting are not observed; the shortfall assumes the captured schedule is unchanged.""]","{""calculation"": ""max(0, baseline scheduled quantity - forecast operating capacity)"", ""capacity_artifact_id"": ""km_tgp_segment_capacity:1788198122755547000:8fdc5140c4927947e235a62aa64289aad62f3fa51c867ee8ed2458e198852ac1"", ""capacity_run_id"": ""d79f586d-160a-47d8-9546-69b566a24dbc"", ""capacity_source_age_hours_at_calculation"": 15.92, ""direction_mapping"": {""capacity"": ""TD1"", ""forecast"": ""FH"", ""method"": ""FH=operator default direction=TD1; BH=opposite direction=TD2"", ""operator_direction_notice_url"": ""https://pipeline2.kindermorgan.com/Notices/NoticeDetail.aspx?code=TGP&notc_nbr=363144"", ""operator_segment_map_url"": ""https://pipeline2.kindermorgan.com/Documents/TGP/TGP_Segment_-_Pin_Map-20260721125239.pdf""}, ""interpretation"": ""Conditional scheduled shortfall if the captured net schedule holds; not physical flow, curtailment, or a price prediction."", ""operator_capacity_caveat"": ""Flow Indicator (Flow Ind)\n\nTD1 - Flow in the direction as shown on the pipeline segment map.\n\nTD2 - Flow in the opposite direction shown on the pipeline segment map.\n\n1) Design Capacity generally reflects the physical capacity of a segment as determined by a capacity model utilizing current contractual receipt/delivery quantities and a reasonable set of engineering assumptions and parameters.\n2) Design Capacity may be updated periodically to reflect changes in contractual receipt/delivery patterns, paths that do not utilize the entire segment and/or capacity modeling parameters.\n3) Operationally Available Capacity may be updated throughout the day to account for changes including, but not limited to: netting of bidirectional nominations, partial segment path nominations, storage swing services, exchanges, facility outages, and imbalance management.\n4) Total Scheduled Quantity is the resulting scheduled volume after netting scheduled volumes in both flow directions.\u00a0 This quantity for each segment is displayed only in the resulting net physical flow direction of the segment.\u00a0 Opposite of the physical flow direction will display a quantity of zero although there could be volumes scheduled. For further explanation, contact your Scheduling Representative. \u00a0\u00a0\n5) The net Total Scheduled Quantity may result in a quantity different than Operating Capacity due to the confirmation process after scheduling.\n6) Operating Capacity may be different than Design Capacity based on the periodic, non-permanent anticipated or observed operational pipeline conditions including, but not limited to: higher or lower average thermal content of the gas, higher or lower pressure from interconnecting pipelines, on-going maintenance, etc.\n7) Operating Capacity may be greater than the Design Capacity of the segment to accommodate scheduling of services that contain rights to multiple, redundant firm transportation paths which can be served entirely or in part through an alternate physical path.\n8) The IT Indicator shows whether gas has been scheduled under any interruptible service."", ""report_artifact_id"": ""km_tgp_notice_detail:1788197456279496000:cc4e15187816ef531b2c0d32f54f0c4fc2731bd4f14670beb540a5551574d909""}",2026-08-31T17:42:15.945168Z,km_tgp_notice_detail:1788197456279496000:cc4e15187816ef531b2c0d32f54f0c4fc2731bd4f14670beb540a5551574d909,km_tgp_segment_capacity:1788198122755547000:8fdc5140c4927947e235a62aa64289aad62f3fa51c867ee8ed2458e198852ac1
tgp-impact:178baf440fb5e2f7e6e9ae8c3f8293f96e0d94a500647dadec94670d4c64e5eb,403802,2026-08-27,2026-09-04,2026-09-04,Station 245 (segment 245 FH),245,FH,TD1,Z5,STA 245,2026-08-31,EVENING,970000,785990,184010,986000,970000,16000,0,184010,pre_event,normalized_name,monitor,unresolved,"No licensed regional basis observations or exact TGP leg-to-contract mapping are loaded. Henry Hub NG is a national benchmark, not direct evidence of this TGP event's price exposure.",https://www.cmegroup.com/markets/energy/natural-gas/natural-gas.html,"[""Future nominations and rerouting are not observed; the shortfall assumes the captured schedule is unchanged.""]","{""calculation"": ""max(0, baseline scheduled quantity - forecast operating capacity)"", ""capacity_artifact_id"": ""km_tgp_segment_capacity:1788198122755547000:8fdc5140c4927947e235a62aa64289aad62f3fa51c867ee8ed2458e198852ac1"", ""capacity_run_id"": ""d79f586d-160a-47d8-9546-69b566a24dbc"", ""capacity_source_age_hours_at_calculation"": 15.92, ""direction_mapping"": {""capacity"": ""TD1"", ""forecast"": ""FH"", ""method"": ""FH=operator default direction=TD1; BH=opposite direction=TD2"", ""operator_direction_notice_url"": ""https://pipeline2.kindermorgan.com/Notices/NoticeDetail.aspx?code=TGP&notc_nbr=363144"", ""operator_segment_map_url"": ""https://pipeline2.kindermorgan.com/Documents/TGP/TGP_Segment_-_Pin_Map-20260721125239.pdf""}, ""interpretation"": ""Conditional scheduled shortfall if the captured net schedule holds; not physical flow, curtailment, or a price prediction."", ""operator_capacity_caveat"": ""Flow Indicator (Flow Ind)\n\nTD1 - Flow in the direction as shown on the pipeline segment map.\n\nTD2 - Flow in the opposite direction shown on the pipeline segment map.\n\n1) Design Capacity generally reflects the physical capacity of a segment as determined by a capacity model utilizing current contractual receipt/delivery quantities and a reasonable set of engineering assumptions and parameters.\n2) Design Capacity may be updated periodically to reflect changes in contractual receipt/delivery patterns, paths that do not utilize the entire segment and/or capacity modeling parameters.\n3) Operationally Available Capacity may be updated throughout the day to account for changes including, but not limited to: netting of bidirectional nominations, partial segment path nominations, storage swing services, exchanges, facility outages, and imbalance management.\n4) Total Scheduled Quantity is the resulting scheduled volume after netting scheduled volumes in both flow directions.\u00a0 This quantity for each segment is displayed only in the resulting net physical flow direction of the segment.\u00a0 Opposite of the physical flow direction will display a quantity of zero although there could be volumes scheduled. For further explanation, contact your Scheduling Representative. \u00a0\u00a0\n5) The net Total Scheduled Quantity may result in a quantity different than Operating Capacity due to the confirmation process after scheduling.\n6) Operating Capacity may be different than Design Capacity based on the periodic, non-permanent anticipated or observed operational pipeline conditions including, but not limited to: higher or lower average thermal content of the gas, higher or lower pressure from interconnecting pipelines, on-going maintenance, etc.\n7) Operating Capacity may be greater than the Design Capacity of the segment to accommodate scheduling of services that contain rights to multiple, redundant firm transportation paths which can be served entirely or in part through an alternate physical path.\n8) The IT Indicator shows whether gas has been scheduled under any interruptible service."", ""report_artifact_id"": ""km_tgp_notice_detail:1788197456279496000:cc4e15187816ef531b2c0d32f54f0c4fc2731bd4f14670beb540a5551574d909""}",2026-08-31T17:42:15.945168Z,km_tgp_notice_detail:1788197456279496000:cc4e15187816ef531b2c0d32f54f0c4fc2731bd4f14670beb540a5551574d909,km_tgp_segment_capacity:1788198122755547000:8fdc5140c4927947e235a62aa64289aad62f3fa51c867ee8ed2458e198852ac1
tgp-impact:d5c23522c9e44aab6537b9dae3b9c0c63dc3025a5dbe796fd3fc6f8dd18fd567,403802,2026-08-27,2026-09-05,2026-09-05,Station 245 (segment 245 FH),245,FH,TD1,Z5,STA 245,2026-08-31,EVENING,970000,785990,184010,986000,970000,16000,0,184010,pre_event,normalized_name,monitor,unresolved,"No licensed regional basis observations or exact TGP leg-to-contract mapping are loaded. Henry Hub NG is a national benchmark, not direct evidence of this TGP event's price exposure.",https://www.cmegroup.com/markets/energy/natural-gas/natural-gas.html,"[""Future nominations and rerouting are not observed; the shortfall assumes the captured schedule is unchanged.""]","{""calculation"": ""max(0, baseline scheduled quantity - forecast operating capacity)"", ""capacity_artifact_id"": ""km_tgp_segment_capacity:1788198122755547000:8fdc5140c4927947e235a62aa64289aad62f3fa51c867ee8ed2458e198852ac1"", ""capacity_run_id"": ""d79f586d-160a-47d8-9546-69b566a24dbc"", ""capacity_source_age_hours_at_calculation"": 15.92, ""direction_mapping"": {""capacity"": ""TD1"", ""forecast"": ""FH"", ""method"": ""FH=operator default direction=TD1; BH=opposite direction=TD2"", ""operator_direction_notice_url"": ""https://pipeline2.kindermorgan.com/Notices/NoticeDetail.aspx?code=TGP&notc_nbr=363144"", ""operator_segment_map_url"": ""https://pipeline2.kindermorgan.com/Documents/TGP/TGP_Segment_-_Pin_Map-20260721125239.pdf""}, ""interpretation"": ""Conditional scheduled shortfall if the captured net schedule holds; not physical flow, curtailment, or a price prediction."", ""operator_capacity_caveat"": ""Flow Indicator (Flow Ind)\n\nTD1 - Flow in the direction as shown on the pipeline segment map.\n\nTD2 - Flow in the opposite direction shown on the pipeline segment map.\n\n1) Design Capacity generally reflects the physical capacity of a segment as determined by a capacity model utilizing current contractual receipt/delivery quantities and a reasonable set of engineering assumptions and parameters.\n2) Design Capacity may be updated periodically to reflect changes in contractual receipt/delivery patterns, paths that do not utilize the entire segment and/or capacity modeling parameters.\n3) Operationally Available Capacity may be updated throughout the day to account for changes including, but not limited to: netting of bidirectional nominations, partial segment path nominations, storage swing services, exchanges, facility outages, and imbalance management.\n4) Total Scheduled Quantity is the resulting scheduled volume after netting scheduled volumes in both flow directions.\u00a0 This quantity for each segment is displayed only in the resulting net physical flow direction of the segment.\u00a0 Opposite of the physical flow direction will display a quantity of zero although there could be volumes scheduled. For further explanation, contact your Scheduling Representative. \u00a0\u00a0\n5) The net Total Scheduled Quantity may result in a quantity different than Operating Capacity due to the confirmation process after scheduling.\n6) Operating Capacity may be different than Design Capacity based on the periodic, non-permanent anticipated or observed operational pipeline conditions including, but not limited to: higher or lower average thermal content of the gas, higher or lower pressure from interconnecting pipelines, on-going maintenance, etc.\n7) Operating Capacity may be greater than the Design Capacity of the segment to accommodate scheduling of services that contain rights to multiple, redundant firm transportation paths which can be served entirely or in part through an alternate physical path.\n8) The IT Indicator shows whether gas has been scheduled under any interruptible service."", ""report_artifact_id"": ""km_tgp_notice_detail:1788197456279496000:cc4e15187816ef531b2c0d32f54f0c4fc2731bd4f14670beb540a5551574d909""}",2026-08-31T17:42:15.945168Z,km_tgp_notice_detail:1788197456279496000:cc4e15187816ef531b2c0d32f54f0c4fc2731bd4f14670beb540a5551574d909,km_tgp_segment_capacity:1788198122755547000:8fdc5140c4927947e235a62aa64289aad62f3fa51c867ee8ed2458e198852ac1
tgp-impact:5ca12f3af808354274718da068f12573365ff0962727aa5eec07c82c7398f9a7,403802,2026-08-27,2026-09-06,2026-09-06,Station 245 (segment 245 FH),245,FH,TD1,Z5,STA 245,2026-08-31,EVENING,970000,785990,184010,986000,970000,16000,0,184010,pre_event,normalized_name,monitor,unresolved,"No licensed regional basis observations or exact TGP leg-to-contract mapping are loaded. Henry Hub NG is a national benchmark, not direct evidence of this TGP event's price exposure.",https://www.cmegroup.com/markets/energy/natural-gas/natural-gas.html,"[""Future nominations and rerouting are not observed; the shortfall assumes the captured schedule is unchanged.""]","{""calculation"": ""max(0, baseline scheduled quantity - forecast operating capacity)"", ""capacity_artifact_id"": ""km_tgp_segment_capacity:1788198122755547000:8fdc5140c4927947e235a62aa64289aad62f3fa51c867ee8ed2458e198852ac1"", ""capacity_run_id"": ""d79f586d-160a-47d8-9546-69b566a24dbc"", ""capacity_source_age_hours_at_calculation"": 15.92, ""direction_mapping"": {""capacity"": ""TD1"", ""forecast"": ""FH"", ""method"": ""FH=operator default direction=TD1; BH=opposite direction=TD2"", ""operator_direction_notice_url"": ""https://pipeline2.kindermorgan.com/Notices/NoticeDetail.aspx?code=TGP&notc_nbr=363144"", ""operator_segment_map_url"": ""https://pipeline2.kindermorgan.com/Documents/TGP/TGP_Segment_-_Pin_Map-20260721125239.pdf""}, ""interpretation"": ""Conditional scheduled shortfall if the captured net schedule holds; not physical flow, curtailment, or a price prediction."", ""operator_capacity_caveat"": ""Flow Indicator (Flow Ind)\n\nTD1 - Flow in the direction as shown on the pipeline segment map.\n\nTD2 - Flow in the opposite direction shown on the pipeline segment map.\n\n1) Design Capacity generally reflects the physical capacity of a segment as determined by a capacity model utilizing current contractual receipt/delivery quantities and a reasonable set of engineering assumptions and parameters.\n2) Design Capacity may be updated periodically to reflect changes in contractual receipt/delivery patterns, paths that do not utilize the entire segment and/or capacity modeling parameters.\n3) Operationally Available Capacity may be updated throughout the day to account for changes including, but not limited to: netting of bidirectional nominations, partial segment path nominations, storage swing services, exchanges, facility outages, and imbalance management.\n4) Total Scheduled Quantity is the resulting scheduled volume after netting scheduled volumes in both flow directions.\u00a0 This quantity for each segment is displayed only in the resulting net physical flow direction of the segment.\u00a0 Opposite of the physical flow direction will display a quantity of zero although there could be volumes scheduled. For further explanation, contact your Scheduling Representative. \u00a0\u00a0\n5) The net Total Scheduled Quantity may result in a quantity different than Operating Capacity due to the confirmation process after scheduling.\n6) Operating Capacity may be different than Design Capacity based on the periodic, non-permanent anticipated or observed operational pipeline conditions including, but not limited to: higher or lower average thermal content of the gas, higher or lower pressure from interconnecting pipelines, on-going maintenance, etc.\n7) Operating Capacity may be greater than the Design Capacity of the segment to accommodate scheduling of services that contain rights to multiple, redundant firm transportation paths which can be served entirely or in part through an alternate physical path.\n8) The IT Indicator shows whether gas has been scheduled under any interruptible service."", ""report_artifact_id"": ""km_tgp_notice_detail:1788197456279496000:cc4e15187816ef531b2c0d32f54f0c4fc2731bd4f14670beb540a5551574d909""}",2026-08-31T17:42:15.945168Z,km_tgp_notice_detail:1788197456279496000:cc4e15187816ef531b2c0d32f54f0c4fc2731bd4f14670beb540a5551574d909,km_tgp_segment_capacity:1788198122755547000:8fdc5140c4927947e235a62aa64289aad62f3fa51c867ee8ed2458e198852ac1
tgp-impact:314116f33ad9af9bee466a60c14dacd87ed67a680ebe405e7e34155b85ca3328,403802,2026-08-27,2026-09-07,2026-09-13,MLV 329 (segment 324 FH),324,FH,TD1,Z5,MLV 329,2026-08-31,EVENING,846278,491508,354770,846000,830000,16000,0,338492,pre_event,normalized_name,monitor,unresolved,"No licensed regional basis observations or exact TGP leg-to-contract mapping are loaded. Henry Hub NG is a national benchmark, not direct evidence of this TGP event's price exposure.",https://www.cmegroup.com/markets/energy/natural-gas/natural-gas.html,"[""Future nominations and rerouting are not observed; the shortfall assumes the captured schedule is unchanged.""]","{""calculation"": ""max(0, baseline scheduled quantity - forecast operating capacity)"", ""capacity_artifact_id"": ""km_tgp_segment_capacity:1788198122755547000:8fdc5140c4927947e235a62aa64289aad62f3fa51c867ee8ed2458e198852ac1"", ""capacity_run_id"": ""d79f586d-160a-47d8-9546-69b566a24dbc"", ""capacity_source_age_hours_at_calculation"": 15.92, ""direction_mapping"": {""capacity"": ""TD1"", ""forecast"": ""FH"", ""method"": ""FH=operator default direction=TD1; BH=opposite direction=TD2"", ""operator_direction_notice_url"": ""https://pipeline2.kindermorgan.com/Notices/NoticeDetail.aspx?code=TGP&notc_nbr=363144"", ""operator_segment_map_url"": ""https://pipeline2.kindermorgan.com/Documents/TGP/TGP_Segment_-_Pin_Map-20260721125239.pdf""}, ""interpretation"": ""Conditional scheduled shortfall if the captured net schedule holds; not physical flow, curtailment, or a price prediction."", ""operator_capacity_caveat"": ""Flow Indicator (Flow Ind)\n\nTD1 - Flow in the direction as shown on the pipeline segment map.\n\nTD2 - Flow in the opposite direction shown on the pipeline segment map.\n\n1) Design Capacity generally reflects the physical capacity of a segment as determined by a capacity model utilizing current contractual receipt/delivery quantities and a reasonable set of engineering assumptions and parameters.\n2) Design Capacity may be updated periodically to reflect changes in contractual receipt/delivery patterns, paths that do not utilize the entire segment and/or capacity modeling parameters.\n3) Operationally Available Capacity may be updated throughout the day to account for changes including, but not limited to: netting of bidirectional nominations, partial segment path nominations, storage swing services, exchanges, facility outages, and imbalance management.\n4) Total Scheduled Quantity is the resulting scheduled volume after netting scheduled volumes in both flow directions.\u00a0 This quantity for each segment is displayed only in the resulting net physical flow direction of the segment.\u00a0 Opposite of the physical flow direction will display a quantity of zero although there could be volumes scheduled. For further explanation, contact your Scheduling Representative. \u00a0\u00a0\n5) The net Total Scheduled Quantity may result in a quantity different than Operating Capacity due to the confirmation process after scheduling.\n6) Operating Capacity may be different than Design Capacity based on the periodic, non-permanent anticipated or observed operational pipeline conditions including, but not limited to: higher or lower average thermal content of the gas, higher or lower pressure from interconnecting pipelines, on-going maintenance, etc.\n7) Operating Capacity may be greater than the Design Capacity of the segment to accommodate scheduling of services that contain rights to multiple, redundant firm transportation paths which can be served entirely or in part through an alternate physical path.\n8) The IT Indicator shows whether gas has been scheduled under any interruptible service."", ""report_artifact_id"": ""km_tgp_notice_detail:1788197456279496000:cc4e15187816ef531b2c0d32f54f0c4fc2731bd4f14670beb540a5551574d909""}",2026-08-31T17:42:15.945168Z,km_tgp_notice_detail:1788197456279496000:cc4e15187816ef531b2c0d32f54f0c4fc2731bd4f14670beb540a5551574d909,km_tgp_segment_capacity:1788198122755547000:8fdc5140c4927947e235a62aa64289aad62f3fa51c867ee8ed2458e198852ac1
tgp-impact:86352cdec442e9ae76e2296a3c0c2035864440aebccf6008b5a42a1ff047b7b4,403802,2026-08-27,2026-09-07,2026-09-13,Station 245 (segment 245 FH),245,FH,TD1,Z5,STA 245,2026-08-31,EVENING,970000,785990,184010,986000,970000,16000,0,184010,pre_event,normalized_name,monitor,unresolved,"No licensed regional basis observations or exact TGP leg-to-contract mapping are loaded. Henry Hub NG is a national benchmark, not direct evidence of this TGP event's price exposure.",https://www.cmegroup.com/markets/energy/natural-gas/natural-gas.html,"[""Future nominations and rerouting are not observed; the shortfall assumes the captured schedule is unchanged.""]","{""calculation"": ""max(0, baseline scheduled quantity - forecast operating capacity)"", ""capacity_artifact_id"": ""km_tgp_segment_capacity:1788198122755547000:8fdc5140c4927947e235a62aa64289aad62f3fa51c867ee8ed2458e198852ac1"", ""capacity_run_id"": ""d79f586d-160a-47d8-9546-69b566a24dbc"", ""capacity_source_age_hours_at_calculation"": 15.92, ""direction_mapping"": {""capacity"": ""TD1"", ""forecast"": ""FH"", ""method"": ""FH=operator default direction=TD1; BH=opposite direction=TD2"", ""operator_direction_notice_url"": ""https://pipeline2.kindermorgan.com/Notices/NoticeDetail.aspx?code=TGP&notc_nbr=363144"", ""operator_segment_map_url"": ""https://pipeline2.kindermorgan.com/Documents/TGP/TGP_Segment_-_Pin_Map-20260721125239.pdf""}, ""interpretation"": ""Conditional scheduled shortfall if the captured net schedule holds; not physical flow, curtailment, or a price prediction."", ""operator_capacity_caveat"": ""Flow Indicator (Flow Ind)\n\nTD1 - Flow in the direction as shown on the pipeline segment map.\n\nTD2 - Flow in the opposite direction shown on the pipeline segment map.\n\n1) Design Capacity generally reflects the physical capacity of a segment as determined by a capacity model utilizing current contractual receipt/delivery quantities and a reasonable set of engineering assumptions and parameters.\n2) Design Capacity may be updated periodically to reflect changes in contractual receipt/delivery patterns, paths that do not utilize the entire segment and/or capacity modeling parameters.\n3) Operationally Available Capacity may be updated throughout the day to account for changes including, but not limited to: netting of bidirectional nominations, partial segment path nominations, storage swing services, exchanges, facility outages, and imbalance management.\n4) Total Scheduled Quantity is the resulting scheduled volume after netting scheduled volumes in both flow directions.\u00a0 This quantity for each segment is displayed only in the resulting net physical flow direction of the segment.\u00a0 Opposite of the physical flow direction will display a quantity of zero although there could be volumes scheduled. For further explanation, contact your Scheduling Representative. \u00a0\u00a0\n5) The net Total Scheduled Quantity may result in a quantity different than Operating Capacity due to the confirmation process after scheduling.\n6) Operating Capacity may be different than Design Capacity based on the periodic, non-permanent anticipated or observed operational pipeline conditions including, but not limited to: higher or lower average thermal content of the gas, higher or lower pressure from interconnecting pipelines, on-going maintenance, etc.\n7) Operating Capacity may be greater than the Design Capacity of the segment to accommodate scheduling of services that contain rights to multiple, redundant firm transportation paths which can be served entirely or in part through an alternate physical path.\n8) The IT Indicator shows whether gas has been scheduled under any interruptible service."", ""report_artifact_id"": ""km_tgp_notice_detail:1788197456279496000:cc4e15187816ef531b2c0d32f54f0c4fc2731bd4f14670beb540a5551574d909""}",2026-08-31T17:42:15.945168Z,km_tgp_notice_detail:1788197456279496000:cc4e15187816ef531b2c0d32f54f0c4fc2731bd4f14670beb540a5551574d909,km_tgp_segment_capacity:1788198122755547000:8fdc5140c4927947e235a62aa64289aad62f3fa51c867ee8ed2458e198852ac1
tgp-impact:91526a3c42b41a8c1d6c884dcde6c9ae0f3ec6e0c65b27e5ba66aa0d529671a6,403802,2026-08-27,2026-09-14,2026-09-20,MLV 329 (segment 324 FH),324,FH,TD1,Z5,MLV 329,2026-08-31,EVENING,846278,491508,354770,846000,830000,16000,0,338492,pre_event,normalized_name,monitor,unresolved,"No licensed regional basis observations or exact TGP leg-to-contract mapping are loaded. Henry Hub NG is a national benchmark, not direct evidence of this TGP event's price exposure.",https://www.cmegroup.com/markets/energy/natural-gas/natural-gas.html,"[""Future nominations and rerouting are not observed; the shortfall assumes the captured schedule is unchanged.""]","{""calculation"": ""max(0, baseline scheduled quantity - forecast operating capacity)"", ""capacity_artifact_id"": ""km_tgp_segment_capacity:1788198122755547000:8fdc5140c4927947e235a62aa64289aad62f3fa51c867ee8ed2458e198852ac1"", ""capacity_run_id"": ""d79f586d-160a-47d8-9546-69b566a24dbc"", ""capacity_source_age_hours_at_calculation"": 15.92, ""direction_mapping"": {""capacity"": ""TD1"", ""forecast"": ""FH"", ""method"": ""FH=operator default direction=TD1; BH=opposite direction=TD2"", ""operator_direction_notice_url"": ""https://pipeline2.kindermorgan.com/Notices/NoticeDetail.aspx?code=TGP&notc_nbr=363144"", ""operator_segment_map_url"": ""https://pipeline2.kindermorgan.com/Documents/TGP/TGP_Segment_-_Pin_Map-20260721125239.pdf""}, ""interpretation"": ""Conditional scheduled shortfall if the captured net schedule holds; not physical flow, curtailment, or a price prediction."", ""operator_capacity_caveat"": ""Flow Indicator (Flow Ind)\n\nTD1 - Flow in the direction as shown on the pipeline segment map.\n\nTD2 - Flow in the opposite direction shown on the pipeline segment map.\n\n1) Design Capacity generally reflects the physical capacity of a segment as determined by a capacity model utilizing current contractual receipt/delivery quantities and a reasonable set of engineering assumptions and parameters.\n2) Design Capacity may be updated periodically to reflect changes in contractual receipt/delivery patterns, paths that do not utilize the entire segment and/or capacity modeling parameters.\n3) Operationally Available Capacity may be updated throughout the day to account for changes including, but not limited to: netting of bidirectional nominations, partial segment path nominations, storage swing services, exchanges, facility outages, and imbalance management.\n4) Total Scheduled Quantity is the resulting scheduled volume after netting scheduled volumes in both flow directions.\u00a0 This quantity for each segment is displayed only in the resulting net physical flow direction of the segment.\u00a0 Opposite of the physical flow direction will display a quantity of zero although there could be volumes scheduled. For further explanation, contact your Scheduling Representative. \u00a0\u00a0\n5) The net Total Scheduled Quantity may result in a quantity different than Operating Capacity due to the confirmation process after scheduling.\n6) Operating Capacity may be different than Design Capacity based on the periodic, non-permanent anticipated or observed operational pipeline conditions including, but not limited to: higher or lower average thermal content of the gas, higher or lower pressure from interconnecting pipelines, on-going maintenance, etc.\n7) Operating Capacity may be greater than the Design Capacity of the segment to accommodate scheduling of services that contain rights to multiple, redundant firm transportation paths which can be served entirely or in part through an alternate physical path.\n8) The IT Indicator shows whether gas has been scheduled under any interruptible service."", ""report_artifact_id"": ""km_tgp_notice_detail:1788197456279496000:cc4e15187816ef531b2c0d32f54f0c4fc2731bd4f14670beb540a5551574d909""}",2026-08-31T17:42:15.945168Z,km_tgp_notice_detail:1788197456279496000:cc4e15187816ef531b2c0d32f54f0c4fc2731bd4f14670beb540a5551574d909,km_tgp_segment_capacity:1788198122755547000:8fdc5140c4927947e235a62aa64289aad62f3fa51c867ee8ed2458e198852ac1
tgp-impact:b87a6682dc60dd59f22a191581046c2b045a0eb2725585a002649ed3d2759afb,403802,2026-08-27,2026-09-14,2026-09-20,Station 245 (segment 245 FH),245,FH,TD1,Z5,STA 245,2026-08-31,EVENING,970000,785990,184010,986000,970000,16000,0,184010,pre_event,normalized_name,monitor,unresolved,"No licensed regional basis observations or exact TGP leg-to-contract mapping are loaded. Henry Hub NG is a national benchmark, not direct evidence of this TGP event's price exposure.",https://www.cmegroup.com/markets/energy/natural-gas/natural-gas.html,"[""Future nominations and rerouting are not observed; the shortfall assumes the captured schedule is unchanged.""]","{""calculation"": ""max(0, baseline scheduled quantity - forecast operating capacity)"", ""capacity_artifact_id"": ""km_tgp_segment_capacity:1788198122755547000:8fdc5140c4927947e235a62aa64289aad62f3fa51c867ee8ed2458e198852ac1"", ""capacity_run_id"": ""d79f586d-160a-47d8-9546-69b566a24dbc"", ""capacity_source_age_hours_at_calculation"": 15.92, ""direction_mapping"": {""capacity"": ""TD1"", ""forecast"": ""FH"", ""method"": ""FH=operator default direction=TD1; BH=opposite direction=TD2"", ""operator_direction_notice_url"": ""https://pipeline2.kindermorgan.com/Notices/NoticeDetail.aspx?code=TGP&notc_nbr=363144"", ""operator_segment_map_url"": ""https://pipeline2.kindermorgan.com/Documents/TGP/TGP_Segment_-_Pin_Map-20260721125239.pdf""}, ""interpretation"": ""Conditional scheduled shortfall if the captured net schedule holds; not physical flow, curtailment, or a price prediction."", ""operator_capacity_caveat"": ""Flow Indicator (Flow Ind)\n\nTD1 - Flow in the direction as shown on the pipeline segment map.\n\nTD2 - Flow in the opposite direction shown on the pipeline segment map.\n\n1) Design Capacity generally reflects the physical capacity of a segment as determined by a capacity model utilizing current contractual receipt/delivery quantities and a reasonable set of engineering assumptions and parameters.\n2) Design Capacity may be updated periodically to reflect changes in contractual receipt/delivery patterns, paths that do not utilize the entire segment and/or capacity modeling parameters.\n3) Operationally Available Capacity may be updated throughout the day to account for changes including, but not limited to: netting of bidirectional nominations, partial segment path nominations, storage swing services, exchanges, facility outages, and imbalance management.\n4) Total Scheduled Quantity is the resulting scheduled volume after netting scheduled volumes in both flow directions.\u00a0 This quantity for each segment is displayed only in the resulting net physical flow direction of the segment.\u00a0 Opposite of the physical flow direction will display a quantity of zero although there could be volumes scheduled. For further explanation, contact your Scheduling Representative. \u00a0\u00a0\n5) The net Total Scheduled Quantity may result in a quantity different than Operating Capacity due to the confirmation process after scheduling.\n6) Operating Capacity may be different than Design Capacity based on the periodic, non-permanent anticipated or observed operational pipeline conditions including, but not limited to: higher or lower average thermal content of the gas, higher or lower pressure from interconnecting pipelines, on-going maintenance, etc.\n7) Operating Capacity may be greater than the Design Capacity of the segment to accommodate scheduling of services that contain rights to multiple, redundant firm transportation paths which can be served entirely or in part through an alternate physical path.\n8) The IT Indicator shows whether gas has been scheduled under any interruptible service."", ""report_artifact_id"": ""km_tgp_notice_detail:1788197456279496000:cc4e15187816ef531b2c0d32f54f0c4fc2731bd4f14670beb540a5551574d909""}",2026-08-31T17:42:15.945168Z,km_tgp_notice_detail:1788197456279496000:cc4e15187816ef531b2c0d32f54f0c4fc2731bd4f14670beb540a5551574d909,km_tgp_segment_capacity:1788198122755547000:8fdc5140c4927947e235a62aa64289aad62f3fa51c867ee8ed2458e198852ac1
tgp-impact:730e8e042275209466bedfec6e92f1f479e0859d22491aa3acb6d386a01ecdad,403802,2026-08-27,2026-09-21,2026-09-27,MLV 329 (segment 324 FH),324,FH,TD1,Z5,MLV 329,2026-08-31,EVENING,846278,491508,354770,846000,830000,16000,0,338492,pre_event,normalized_name,monitor,unresolved,"No licensed regional basis observations or exact TGP leg-to-contract mapping are loaded. Henry Hub NG is a national benchmark, not direct evidence of this TGP event's price exposure.",https://www.cmegroup.com/markets/energy/natural-gas/natural-gas.html,"[""Future nominations and rerouting are not observed; the shortfall assumes the captured schedule is unchanged.""]","{""calculation"": ""max(0, baseline scheduled quantity - forecast operating capacity)"", ""capacity_artifact_id"": ""km_tgp_segment_capacity:1788198122755547000:8fdc5140c4927947e235a62aa64289aad62f3fa51c867ee8ed2458e198852ac1"", ""capacity_run_id"": ""d79f586d-160a-47d8-9546-69b566a24dbc"", ""capacity_source_age_hours_at_calculation"": 15.92, ""direction_mapping"": {""capacity"": ""TD1"", ""forecast"": ""FH"", ""method"": ""FH=operator default direction=TD1; BH=opposite direction=TD2"", ""operator_direction_notice_url"": ""https://pipeline2.kindermorgan.com/Notices/NoticeDetail.aspx?code=TGP&notc_nbr=363144"", ""operator_segment_map_url"": ""https://pipeline2.kindermorgan.com/Documents/TGP/TGP_Segment_-_Pin_Map-20260721125239.pdf""}, ""interpretation"": ""Conditional scheduled shortfall if the captured net schedule holds; not physical flow, curtailment, or a price prediction."", ""operator_capacity_caveat"": ""Flow Indicator (Flow Ind)\n\nTD1 - Flow in the direction as shown on the pipeline segment map.\n\nTD2 - Flow in the opposite direction shown on the pipeline segment map.\n\n1) Design Capacity generally reflects the physical capacity of a segment as determined by a capacity model utilizing current contractual receipt/delivery quantities and a reasonable set of engineering assumptions and parameters.\n2) Design Capacity may be updated periodically to reflect changes in contractual receipt/delivery patterns, paths that do not utilize the entire segment and/or capacity modeling parameters.\n3) Operationally Available Capacity may be updated throughout the day to account for changes including, but not limited to: netting of bidirectional nominations, partial segment path nominations, storage swing services, exchanges, facility outages, and imbalance management.\n4) Total Scheduled Quantity is the resulting scheduled volume after netting scheduled volumes in both flow directions.\u00a0 This quantity for each segment is displayed only in the resulting net physical flow direction of the segment.\u00a0 Opposite of the physical flow direction will display a quantity of zero although there could be volumes scheduled. For further explanation, contact your Scheduling Representative. \u00a0\u00a0\n5) The net Total Scheduled Quantity may result in a quantity different than Operating Capacity due to the confirmation process after scheduling.\n6) Operating Capacity may be different than Design Capacity based on the periodic, non-permanent anticipated or observed operational pipeline conditions including, but not limited to: higher or lower average thermal content of the gas, higher or lower pressure from interconnecting pipelines, on-going maintenance, etc.\n7) Operating Capacity may be greater than the Design Capacity of the segment to accommodate scheduling of services that contain rights to multiple, redundant firm transportation paths which can be served entirely or in part through an alternate physical path.\n8) The IT Indicator shows whether gas has been scheduled under any interruptible service."", ""report_artifact_id"": ""km_tgp_notice_detail:1788197456279496000:cc4e15187816ef531b2c0d32f54f0c4fc2731bd4f14670beb540a5551574d909""}",2026-08-31T17:42:15.945168Z,km_tgp_notice_detail:1788197456279496000:cc4e15187816ef531b2c0d32f54f0c4fc2731bd4f14670beb540a5551574d909,km_tgp_segment_capacity:1788198122755547000:8fdc5140c4927947e235a62aa64289aad62f3fa51c867ee8ed2458e198852ac1
tgp-impact:3bbbd2acfca5057bb13e38fa74d8ff2e8b72068a2d955bd49dfc9a3bbe62c45e,403802,2026-08-27,2026-09-21,2026-09-27,Station 245 (segment 245 FH),245,FH,TD1,Z5,STA 245,2026-08-31,EVENING,970000,785990,184010,986000,970000,16000,0,184010,pre_event,normalized_name,monitor,unresolved,"No licensed regional basis observations or exact TGP leg-to-contract mapping are loaded. Henry Hub NG is a national benchmark, not direct evidence of this TGP event's price exposure.",https://www.cmegroup.com/markets/energy/natural-gas/natural-gas.html,"[""Future nominations and rerouting are not observed; the shortfall assumes the captured schedule is unchanged.""]","{""calculation"": ""max(0, baseline scheduled quantity - forecast operating capacity)"", ""capacity_artifact_id"": ""km_tgp_segment_capacity:1788198122755547000:8fdc5140c4927947e235a62aa64289aad62f3fa51c867ee8ed2458e198852ac1"", ""capacity_run_id"": ""d79f586d-160a-47d8-9546-69b566a24dbc"", ""capacity_source_age_hours_at_calculation"": 15.92, ""direction_mapping"": {""capacity"": ""TD1"", ""forecast"": ""FH"", ""method"": ""FH=operator default direction=TD1; BH=opposite direction=TD2"", ""operator_direction_notice_url"": ""https://pipeline2.kindermorgan.com/Notices/NoticeDetail.aspx?code=TGP&notc_nbr=363144"", ""operator_segment_map_url"": ""https://pipeline2.kindermorgan.com/Documents/TGP/TGP_Segment_-_Pin_Map-20260721125239.pdf""}, ""interpretation"": ""Conditional scheduled shortfall if the captured net schedule holds; not physical flow, curtailment, or a price prediction."", ""operator_capacity_caveat"": ""Flow Indicator (Flow Ind)\n\nTD1 - Flow in the direction as shown on the pipeline segment map.\n\nTD2 - Flow in the opposite direction shown on the pipeline segment map.\n\n1) Design Capacity generally reflects the physical capacity of a segment as determined by a capacity model utilizing current contractual receipt/delivery quantities and a reasonable set of engineering assumptions and parameters.\n2) Design Capacity may be updated periodically to reflect changes in contractual receipt/delivery patterns, paths that do not utilize the entire segment and/or capacity modeling parameters.\n3) Operationally Available Capacity may be updated throughout the day to account for changes including, but not limited to: netting of bidirectional nominations, partial segment path nominations, storage swing services, exchanges, facility outages, and imbalance management.\n4) Total Scheduled Quantity is the resulting scheduled volume after netting scheduled volumes in both flow directions.\u00a0 This quantity for each segment is displayed only in the resulting net physical flow direction of the segment.\u00a0 Opposite of the physical flow direction will display a quantity of zero although there could be volumes scheduled. For further explanation, contact your Scheduling Representative. \u00a0\u00a0\n5) The net Total Scheduled Quantity may result in a quantity different than Operating Capacity due to the confirmation process after scheduling.\n6) Operating Capacity may be different than Design Capacity based on the periodic, non-permanent anticipated or observed operational pipeline conditions including, but not limited to: higher or lower average thermal content of the gas, higher or lower pressure from interconnecting pipelines, on-going maintenance, etc.\n7) Operating Capacity may be greater than the Design Capacity of the segment to accommodate scheduling of services that contain rights to multiple, redundant firm transportation paths which can be served entirely or in part through an alternate physical path.\n8) The IT Indicator shows whether gas has been scheduled under any interruptible service."", ""report_artifact_id"": ""km_tgp_notice_detail:1788197456279496000:cc4e15187816ef531b2c0d32f54f0c4fc2731bd4f14670beb540a5551574d909""}",2026-08-31T17:42:15.945168Z,km_tgp_notice_detail:1788197456279496000:cc4e15187816ef531b2c0d32f54f0c4fc2731bd4f14670beb540a5551574d909,km_tgp_segment_capacity:1788198122755547000:8fdc5140c4927947e235a62aa64289aad62f3fa51c867ee8ed2458e198852ac1
tgp-impact:e1183a784b8353cfa808e39b3db66a385b0d94484dfe708a891fd6303ca48ba3,403802,2026-08-27,2026-09-28,2026-10-04,MLV 329 (segment 324 FH),324,FH,TD1,Z5,MLV 329,2026-08-31,EVENING,846278,491508,354770,846000,830000,16000,0,338492,pre_event,normalized_name,monitor,unresolved,"No licensed regional basis observations or exact TGP leg-to-contract mapping are loaded. Henry Hub NG is a national benchmark, not direct evidence of this TGP event's price exposure.",https://www.cmegroup.com/markets/energy/natural-gas/natural-gas.html,"[""Future nominations and rerouting are not observed; the shortfall assumes the captured schedule is unchanged.""]","{""calculation"": ""max(0, baseline scheduled quantity - forecast operating capacity)"", ""capacity_artifact_id"": ""km_tgp_segment_capacity:1788198122755547000:8fdc5140c4927947e235a62aa64289aad62f3fa51c867ee8ed2458e198852ac1"", ""capacity_run_id"": ""d79f586d-160a-47d8-9546-69b566a24dbc"", ""capacity_source_age_hours_at_calculation"": 15.92, ""direction_mapping"": {""capacity"": ""TD1"", ""forecast"": ""FH"", ""method"": ""FH=operator default direction=TD1; BH=opposite direction=TD2"", ""operator_direction_notice_url"": ""https://pipeline2.kindermorgan.com/Notices/NoticeDetail.aspx?code=TGP&notc_nbr=363144"", ""operator_segment_map_url"": ""https://pipeline2.kindermorgan.com/Documents/TGP/TGP_Segment_-_Pin_Map-20260721125239.pdf""}, ""interpretation"": ""Conditional scheduled shortfall if the captured net schedule holds; not physical flow, curtailment, or a price prediction."", ""operator_capacity_caveat"": ""Flow Indicator (Flow Ind)\n\nTD1 - Flow in the direction as shown on the pipeline segment map.\n\nTD2 - Flow in the opposite direction shown on the pipeline segment map.\n\n1) Design Capacity generally reflects the physical capacity of a segment as determined by a capacity model utilizing current contractual receipt/delivery quantities and a reasonable set of engineering assumptions and parameters.\n2) Design Capacity may be updated periodically to reflect changes in contractual receipt/delivery patterns, paths that do not utilize the entire segment and/or capacity modeling parameters.\n3) Operationally Available Capacity may be updated throughout the day to account for changes including, but not limited to: netting of bidirectional nominations, partial segment path nominations, storage swing services, exchanges, facility outages, and imbalance management.\n4) Total Scheduled Quantity is the resulting scheduled volume after netting scheduled volumes in both flow directions.\u00a0 This quantity for each segment is displayed only in the resulting net physical flow direction of the segment.\u00a0 Opposite of the physical flow direction will display a quantity of zero although there could be volumes scheduled. For further explanation, contact your Scheduling Representative. \u00a0\u00a0\n5) The net Total Scheduled Quantity may result in a quantity different than Operating Capacity due to the confirmation process after scheduling.\n6) Operating Capacity may be different than Design Capacity based on the periodic, non-permanent anticipated or observed operational pipeline conditions including, but not limited to: higher or lower average thermal content of the gas, higher or lower pressure from interconnecting pipelines, on-going maintenance, etc.\n7) Operating Capacity may be greater than the Design Capacity of the segment to accommodate scheduling of services that contain rights to multiple, redundant firm transportation paths which can be served entirely or in part through an alternate physical path.\n8) The IT Indicator shows whether gas has been scheduled under any interruptible service."", ""report_artifact_id"": ""km_tgp_notice_detail:1788197456279496000:cc4e15187816ef531b2c0d32f54f0c4fc2731bd4f14670beb540a5551574d909""}",2026-08-31T17:42:15.945168Z,km_tgp_notice_detail:1788197456279496000:cc4e15187816ef531b2c0d32f54f0c4fc2731bd4f14670beb540a5551574d909,km_tgp_segment_capacity:1788198122755547000:8fdc5140c4927947e235a62aa64289aad62f3fa51c867ee8ed2458e198852ac1
tgp-impact:0ec8deecd8ae4687c48fe12f09f21ccbcd36f780d1bac491d9cb0662b74fefba,403802,2026-08-27,2026-09-28,2026-10-04,Station 245 (segment 245 FH),245,FH,TD1,Z5,STA 245,2026-08-31,EVENING,970000,785990,184010,986000,970000,16000,0,184010,pre_event,normalized_name,monitor,unresolved,"No licensed regional basis observations or exact TGP leg-to-contract mapping are loaded. Henry Hub NG is a national benchmark, not direct evidence of this TGP event's price exposure.",https://www.cmegroup.com/markets/energy/natural-gas/natural-gas.html,"[""Future nominations and rerouting are not observed; the shortfall assumes the captured schedule is unchanged.""]","{""calculation"": ""max(0, baseline scheduled quantity - forecast operating capacity)"", ""capacity_artifact_id"": ""km_tgp_segment_capacity:1788198122755547000:8fdc5140c4927947e235a62aa64289aad62f3fa51c867ee8ed2458e198852ac1"", ""capacity_run_id"": ""d79f586d-160a-47d8-9546-69b566a24dbc"", ""capacity_source_age_hours_at_calculation"": 15.92, ""direction_mapping"": {""capacity"": ""TD1"", ""forecast"": ""FH"", ""method"": ""FH=operator default direction=TD1; BH=opposite direction=TD2"", ""operator_direction_notice_url"": ""https://pipeline2.kindermorgan.com/Notices/NoticeDetail.aspx?code=TGP&notc_nbr=363144"", ""operator_segment_map_url"": ""https://pipeline2.kindermorgan.com/Documents/TGP/TGP_Segment_-_Pin_Map-20260721125239.pdf""}, ""interpretation"": ""Conditional scheduled shortfall if the captured net schedule holds; not physical flow, curtailment, or a price prediction."", ""operator_capacity_caveat"": ""Flow Indicator (Flow Ind)\n\nTD1 - Flow in the direction as shown on the pipeline segment map.\n\nTD2 - Flow in the opposite direction shown on the pipeline segment map.\n\n1) Design Capacity generally reflects the physical capacity of a segment as determined by a capacity model utilizing current contractual receipt/delivery quantities and a reasonable set of engineering assumptions and parameters.\n2) Design Capacity may be updated periodically to reflect changes in contractual receipt/delivery patterns, paths that do not utilize the entire segment and/or capacity modeling parameters.\n3) Operationally Available Capacity may be updated throughout the day to account for changes including, but not limited to: netting of bidirectional nominations, partial segment path nominations, storage swing services, exchanges, facility outages, and imbalance management.\n4) Total Scheduled Quantity is the resulting scheduled volume after netting scheduled volumes in both flow directions.\u00a0 This quantity for each segment is displayed only in the resulting net physical flow direction of the segment.\u00a0 Opposite of the physical flow direction will display a quantity of zero although there could be volumes scheduled. For further explanation, contact your Scheduling Representative. \u00a0\u00a0\n5) The net Total Scheduled Quantity may result in a quantity different than Operating Capacity due to the confirmation process after scheduling.\n6) Operating Capacity may be different than Design Capacity based on the periodic, non-permanent anticipated or observed operational pipeline conditions including, but not limited to: higher or lower average thermal content of the gas, higher or lower pressure from interconnecting pipelines, on-going maintenance, etc.\n7) Operating Capacity may be greater than the Design Capacity of the segment to accommodate scheduling of services that contain rights to multiple, redundant firm transportation paths which can be served entirely or in part through an alternate physical path.\n8) The IT Indicator shows whether gas has been scheduled under any interruptible service."", ""report_artifact_id"": ""km_tgp_notice_detail:1788197456279496000:cc4e15187816ef531b2c0d32f54f0c4fc2731bd4f14670beb540a5551574d909""}",2026-08-31T17:42:15.945168Z,km_tgp_notice_detail:1788197456279496000:cc4e15187816ef531b2c0d32f54f0c4fc2731bd4f14670beb540a5551574d909,km_tgp_segment_capacity:1788198122755547000:8fdc5140c4927947e235a62aa64289aad62f3fa51c867ee8ed2458e198852ac1
tgp-impact:4805f699e8aba0a1dbd075a7c0072d48627876499ba506b034d5ae1584af8457,403802,2026-08-27,2026-10-05,2026-10-11,MLV 329 (segment 324 FH),324,FH,TD1,Z5,MLV 329,2026-08-31,EVENING,846278,491508,354770,846000,830000,16000,0,338492,pre_event,normalized_name,monitor,unresolved,"No licensed regional basis observations or exact TGP leg-to-contract mapping are loaded. Henry Hub NG is a national benchmark, not direct evidence of this TGP event's price exposure.",https://www.cmegroup.com/markets/energy/natural-gas/natural-gas.html,"[""Future nominations and rerouting are not observed; the shortfall assumes the captured schedule is unchanged.""]","{""calculation"": ""max(0, baseline scheduled quantity - forecast operating capacity)"", ""capacity_artifact_id"": ""km_tgp_segment_capacity:1788198122755547000:8fdc5140c4927947e235a62aa64289aad62f3fa51c867ee8ed2458e198852ac1"", ""capacity_run_id"": ""d79f586d-160a-47d8-9546-69b566a24dbc"", ""capacity_source_age_hours_at_calculation"": 15.92, ""direction_mapping"": {""capacity"": ""TD1"", ""forecast"": ""FH"", ""method"": ""FH=operator default direction=TD1; BH=opposite direction=TD2"", ""operator_direction_notice_url"": ""https://pipeline2.kindermorgan.com/Notices/NoticeDetail.aspx?code=TGP&notc_nbr=363144"", ""operator_segment_map_url"": ""https://pipeline2.kindermorgan.com/Documents/TGP/TGP_Segment_-_Pin_Map-20260721125239.pdf""}, ""interpretation"": ""Conditional scheduled shortfall if the captured net schedule holds; not physical flow, curtailment, or a price prediction."", ""operator_capacity_caveat"": ""Flow Indicator (Flow Ind)\n\nTD1 - Flow in the direction as shown on the pipeline segment map.\n\nTD2 - Flow in the opposite direction shown on the pipeline segment map.\n\n1) Design Capacity generally reflects the physical capacity of a segment as determined by a capacity model utilizing current contractual receipt/delivery quantities and a reasonable set of engineering assumptions and parameters.\n2) Design Capacity may be updated periodically to reflect changes in contractual receipt/delivery patterns, paths that do not utilize the entire segment and/or capacity modeling parameters.\n3) Operationally Available Capacity may be updated throughout the day to account for changes including, but not limited to: netting of bidirectional nominations, partial segment path nominations, storage swing services, exchanges, facility outages, and imbalance management.\n4) Total Scheduled Quantity is the resulting scheduled volume after netting scheduled volumes in both flow directions.\u00a0 This quantity for each segment is displayed only in the resulting net physical flow direction of the segment.\u00a0 Opposite of the physical flow direction will display a quantity of zero although there could be volumes scheduled. For further explanation, contact your Scheduling Representative. \u00a0\u00a0\n5) The net Total Scheduled Quantity may result in a quantity different than Operating Capacity due to the confirmation process after scheduling.\n6) Operating Capacity may be different than Design Capacity based on the periodic, non-permanent anticipated or observed operational pipeline conditions including, but not limited to: higher or lower average thermal content of the gas, higher or lower pressure from interconnecting pipelines, on-going maintenance, etc.\n7) Operating Capacity may be greater than the Design Capacity of the segment to accommodate scheduling of services that contain rights to multiple, redundant firm transportation paths which can be served entirely or in part through an alternate physical path.\n8) The IT Indicator shows whether gas has been scheduled under any interruptible service."", ""report_artifact_id"": ""km_tgp_notice_detail:1788197456279496000:cc4e15187816ef531b2c0d32f54f0c4fc2731bd4f14670beb540a5551574d909""}",2026-08-31T17:42:15.945168Z,km_tgp_notice_detail:1788197456279496000:cc4e15187816ef531b2c0d32f54f0c4fc2731bd4f14670beb540a5551574d909,km_tgp_segment_capacity:1788198122755547000:8fdc5140c4927947e235a62aa64289aad62f3fa51c867ee8ed2458e198852ac1
tgp-impact:b249f31912530b4e40d0493506e145144d5ad6ed4582420b33928700d15ab757,403802,2026-08-27,2026-10-05,2026-10-11,Station 245 (segment 245 FH),245,FH,TD1,Z5,STA 245,2026-08-31,EVENING,970000,785990,184010,986000,970000,16000,0,184010,pre_event,normalized_name,monitor,unresolved,"No licensed regional basis observations or exact TGP leg-to-contract mapping are loaded. Henry Hub NG is a national benchmark, not direct evidence of this TGP event's price exposure.",https://www.cmegroup.com/markets/energy/natural-gas/natural-gas.html,"[""Future nominations and rerouting are not observed; the shortfall assumes the captured schedule is unchanged.""]","{""calculation"": ""max(0, baseline scheduled quantity - forecast operating capacity)"", ""capacity_artifact_id"": ""km_tgp_segment_capacity:1788198122755547000:8fdc5140c4927947e235a62aa64289aad62f3fa51c867ee8ed2458e198852ac1"", ""capacity_run_id"": ""d79f586d-160a-47d8-9546-69b566a24dbc"", ""capacity_source_age_hours_at_calculation"": 15.92, ""direction_mapping"": {""capacity"": ""TD1"", ""forecast"": ""FH"", ""method"": ""FH=operator default direction=TD1; BH=opposite direction=TD2"", ""operator_direction_notice_url"": ""https://pipeline2.kindermorgan.com/Notices/NoticeDetail.aspx?code=TGP&notc_nbr=363144"", ""operator_segment_map_url"": ""https://pipeline2.kindermorgan.com/Documents/TGP/TGP_Segment_-_Pin_Map-20260721125239.pdf""}, ""interpretation"": ""Conditional scheduled shortfall if the captured net schedule holds; not physical flow, curtailment, or a price prediction."", ""operator_capacity_caveat"": ""Flow Indicator (Flow Ind)\n\nTD1 - Flow in the direction as shown on the pipeline segment map.\n\nTD2 - Flow in the opposite direction shown on the pipeline segment map.\n\n1) Design Capacity generally reflects the physical capacity of a segment as determined by a capacity model utilizing current contractual receipt/delivery quantities and a reasonable set of engineering assumptions and parameters.\n2) Design Capacity may be updated periodically to reflect changes in contractual receipt/delivery patterns, paths that do not utilize the entire segment and/or capacity modeling parameters.\n3) Operationally Available Capacity may be updated throughout the day to account for changes including, but not limited to: netting of bidirectional nominations, partial segment path nominations, storage swing services, exchanges, facility outages, and imbalance management.\n4) Total Scheduled Quantity is the resulting scheduled volume after netting scheduled volumes in both flow directions.\u00a0 This quantity for each segment is displayed only in the resulting net physical flow direction of the segment.\u00a0 Opposite of the physical flow direction will display a quantity of zero although there could be volumes scheduled. For further explanation, contact your Scheduling Representative. \u00a0\u00a0\n5) The net Total Scheduled Quantity may result in a quantity different than Operating Capacity due to the confirmation process after scheduling.\n6) Operating Capacity may be different than Design Capacity based on the periodic, non-permanent anticipated or observed operational pipeline conditions including, but not limited to: higher or lower average thermal content of the gas, higher or lower pressure from interconnecting pipelines, on-going maintenance, etc.\n7) Operating Capacity may be greater than the Design Capacity of the segment to accommodate scheduling of services that contain rights to multiple, redundant firm transportation paths which can be served entirely or in part through an alternate physical path.\n8) The IT Indicator shows whether gas has been scheduled under any interruptible service."", ""report_artifact_id"": ""km_tgp_notice_detail:1788197456279496000:cc4e15187816ef531b2c0d32f54f0c4fc2731bd4f14670beb540a5551574d909""}",2026-08-31T17:42:15.945168Z,km_tgp_notice_detail:1788197456279496000:cc4e15187816ef531b2c0d32f54f0c4fc2731bd4f14670beb540a5551574d909,km_tgp_segment_capacity:1788198122755547000:8fdc5140c4927947e235a62aa64289aad62f3fa51c867ee8ed2458e198852ac1
tgp-impact:d2b33b862ea761fcf34d06f84ad7fb137b29c7e83b742f56cf307c6a7d362a3e,403802,2026-08-27,2026-10-12,2026-10-18,Station 245 (segment 245 FH),245,FH,TD1,Z5,STA 245,2026-08-31,EVENING,970000,785990,184010,986000,970000,16000,0,184010,pre_event,normalized_name,monitor,unresolved,"No licensed regional basis observations or exact TGP leg-to-contract mapping are loaded. Henry Hub NG is a national benchmark, not direct evidence of this TGP event's price exposure.",https://www.cmegroup.com/markets/energy/natural-gas/natural-gas.html,"[""Future nominations and rerouting are not observed; the shortfall assumes the captured schedule is unchanged.""]","{""calculation"": ""max(0, baseline scheduled quantity - forecast operating capacity)"", ""capacity_artifact_id"": ""km_tgp_segment_capacity:1788198122755547000:8fdc5140c4927947e235a62aa64289aad62f3fa51c867ee8ed2458e198852ac1"", ""capacity_run_id"": ""d79f586d-160a-47d8-9546-69b566a24dbc"", ""capacity_source_age_hours_at_calculation"": 15.92, ""direction_mapping"": {""capacity"": ""TD1"", ""forecast"": ""FH"", ""method"": ""FH=operator default direction=TD1; BH=opposite direction=TD2"", ""operator_direction_notice_url"": ""https://pipeline2.kindermorgan.com/Notices/NoticeDetail.aspx?code=TGP&notc_nbr=363144"", ""operator_segment_map_url"": ""https://pipeline2.kindermorgan.com/Documents/TGP/TGP_Segment_-_Pin_Map-20260721125239.pdf""}, ""interpretation"": ""Conditional scheduled shortfall if the captured net schedule holds; not physical flow, curtailment, or a price prediction."", ""operator_capacity_caveat"": ""Flow Indicator (Flow Ind)\n\nTD1 - Flow in the direction as shown on the pipeline segment map.\n\nTD2 - Flow in the opposite direction shown on the pipeline segment map.\n\n1) Design Capacity generally reflects the physical capacity of a segment as determined by a capacity model utilizing current contractual receipt/delivery quantities and a reasonable set of engineering assumptions and parameters.\n2) Design Capacity may be updated periodically to reflect changes in contractual receipt/delivery patterns, paths that do not utilize the entire segment and/or capacity modeling parameters.\n3) Operationally Available Capacity may be updated throughout the day to account for changes including, but not limited to: netting of bidirectional nominations, partial segment path nominations, storage swing services, exchanges, facility outages, and imbalance management.\n4) Total Scheduled Quantity is the resulting scheduled volume after netting scheduled volumes in both flow directions.\u00a0 This quantity for each segment is displayed only in the resulting net physical flow direction of the segment.\u00a0 Opposite of the physical flow direction will display a quantity of zero although there could be volumes scheduled. For further explanation, contact your Scheduling Representative. \u00a0\u00a0\n5) The net Total Scheduled Quantity may result in a quantity different than Operating Capacity due to the confirmation process after scheduling.\n6) Operating Capacity may be different than Design Capacity based on the periodic, non-permanent anticipated or observed operational pipeline conditions including, but not limited to: higher or lower average thermal content of the gas, higher or lower pressure from interconnecting pipelines, on-going maintenance, etc.\n7) Operating Capacity may be greater than the Design Capacity of the segment to accommodate scheduling of services that contain rights to multiple, redundant firm transportation paths which can be served entirely or in part through an alternate physical path.\n8) The IT Indicator shows whether gas has been scheduled under any interruptible service."", ""report_artifact_id"": ""km_tgp_notice_detail:1788197456279496000:cc4e15187816ef531b2c0d32f54f0c4fc2731bd4f14670beb540a5551574d909""}",2026-08-31T17:42:15.945168Z,km_tgp_notice_detail:1788197456279496000:cc4e15187816ef531b2c0d32f54f0c4fc2731bd4f14670beb540a5551574d909,km_tgp_segment_capacity:1788198122755547000:8fdc5140c4927947e235a62aa64289aad62f3fa51c867ee8ed2458e198852ac1
tgp-impact:e191103b184c2b55389e7b7e7596f65baf2e3be6b2a56a0a6e79eb5a0cd1a95e,403802,2026-08-27,2026-10-19,2026-10-25,Station 245 (segment 245 FH),245,FH,TD1,Z5,STA 245,2026-08-31,EVENING,970000,785990,184010,986000,970000,16000,0,184010,pre_event,normalized_name,monitor,unresolved,"No licensed regional basis observations or exact TGP leg-to-contract mapping are loaded. Henry Hub NG is a national benchmark, not direct evidence of this TGP event's price exposure.",https://www.cmegroup.com/markets/energy/natural-gas/natural-gas.html,"[""Future nominations and rerouting are not observed; the shortfall assumes the captured schedule is unchanged.""]","{""calculation"": ""max(0, baseline scheduled quantity - forecast operating capacity)"", ""capacity_artifact_id"": ""km_tgp_segment_capacity:1788198122755547000:8fdc5140c4927947e235a62aa64289aad62f3fa51c867ee8ed2458e198852ac1"", ""capacity_run_id"": ""d79f586d-160a-47d8-9546-69b566a24dbc"", ""capacity_source_age_hours_at_calculation"": 15.92, ""direction_mapping"": {""capacity"": ""TD1"", ""forecast"": ""FH"", ""method"": ""FH=operator default direction=TD1; BH=opposite direction=TD2"", ""operator_direction_notice_url"": ""https://pipeline2.kindermorgan.com/Notices/NoticeDetail.aspx?code=TGP&notc_nbr=363144"", ""operator_segment_map_url"": ""https://pipeline2.kindermorgan.com/Documents/TGP/TGP_Segment_-_Pin_Map-20260721125239.pdf""}, ""interpretation"": ""Conditional scheduled shortfall if the captured net schedule holds; not physical flow, curtailment, or a price prediction."", ""operator_capacity_caveat"": ""Flow Indicator (Flow Ind)\n\nTD1 - Flow in the direction as shown on the pipeline segment map.\n\nTD2 - Flow in the opposite direction shown on the pipeline segment map.\n\n1) Design Capacity generally reflects the physical capacity of a segment as determined by a capacity model utilizing current contractual receipt/delivery quantities and a reasonable set of engineering assumptions and parameters.\n2) Design Capacity may be updated periodically to reflect changes in contractual receipt/delivery patterns, paths that do not utilize the entire segment and/or capacity modeling parameters.\n3) Operationally Available Capacity may be updated throughout the day to account for changes including, but not limited to: netting of bidirectional nominations, partial segment path nominations, storage swing services, exchanges, facility outages, and imbalance management.\n4) Total Scheduled Quantity is the resulting scheduled volume after netting scheduled volumes in both flow directions.\u00a0 This quantity for each segment is displayed only in the resulting net physical flow direction of the segment.\u00a0 Opposite of the physical flow direction will display a quantity of zero although there could be volumes scheduled. For further explanation, contact your Scheduling Representative. \u00a0\u00a0\n5) The net Total Scheduled Quantity may result in a quantity different than Operating Capacity due to the confirmation process after scheduling.\n6) Operating Capacity may be different than Design Capacity based on the periodic, non-permanent anticipated or observed operational pipeline conditions including, but not limited to: higher or lower average thermal content of the gas, higher or lower pressure from interconnecting pipelines, on-going maintenance, etc.\n7) Operating Capacity may be greater than the Design Capacity of the segment to accommodate scheduling of services that contain rights to multiple, redundant firm transportation paths which can be served entirely or in part through an alternate physical path.\n8) The IT Indicator shows whether gas has been scheduled under any interruptible service."", ""report_artifact_id"": ""km_tgp_notice_detail:1788197456279496000:cc4e15187816ef531b2c0d32f54f0c4fc2731bd4f14670beb540a5551574d909""}",2026-08-31T17:42:15.945168Z,km_tgp_notice_detail:1788197456279496000:cc4e15187816ef531b2c0d32f54f0c4fc2731bd4f14670beb540a5551574d909,km_tgp_segment_capacity:1788198122755547000:8fdc5140c4927947e235a62aa64289aad62f3fa51c867ee8ed2458e198852ac1
tgp-impact:d86839e7902372de39e14646402a4ce547ca5a98a39fb12d59df33ddaf5ef062,403802,2026-08-27,2026-09-07,2026-09-13,Station 834 (segment 834 BH),834,BH,TD2,Z1,STA 834,2026-08-31,EVENING,590000,409682,180318,683000,670000,13000,0,260318,pre_event,normalized_name,monitor,unresolved,"No licensed regional basis observations or exact TGP leg-to-contract mapping are loaded. Henry Hub NG is a national benchmark, not direct evidence of this TGP event's price exposure.",https://www.cmegroup.com/markets/energy/natural-gas/natural-gas.html,"[""Future nominations and rerouting are not observed; the shortfall assumes the captured schedule is unchanged.""]","{""calculation"": ""max(0, baseline scheduled quantity - forecast operating capacity)"", ""capacity_artifact_id"": ""km_tgp_segment_capacity:1788198122755547000:8fdc5140c4927947e235a62aa64289aad62f3fa51c867ee8ed2458e198852ac1"", ""capacity_run_id"": ""d79f586d-160a-47d8-9546-69b566a24dbc"", ""capacity_source_age_hours_at_calculation"": 15.92, ""direction_mapping"": {""capacity"": ""TD2"", ""forecast"": ""BH"", ""method"": ""FH=operator default direction=TD1; BH=opposite direction=TD2"", ""operator_direction_notice_url"": ""https://pipeline2.kindermorgan.com/Notices/NoticeDetail.aspx?code=TGP&notc_nbr=363144"", ""operator_segment_map_url"": ""https://pipeline2.kindermorgan.com/Documents/TGP/TGP_Segment_-_Pin_Map-20260721125239.pdf""}, ""interpretation"": ""Conditional scheduled shortfall if the captured net schedule holds; not physical flow, curtailment, or a price prediction."", ""operator_capacity_caveat"": ""Flow Indicator (Flow Ind)\n\nTD1 - Flow in the direction as shown on the pipeline segment map.\n\nTD2 - Flow in the opposite direction shown on the pipeline segment map.\n\n1) Design Capacity generally reflects the physical capacity of a segment as determined by a capacity model utilizing current contractual receipt/delivery quantities and a reasonable set of engineering assumptions and parameters.\n2) Design Capacity may be updated periodically to reflect changes in contractual receipt/delivery patterns, paths that do not utilize the entire segment and/or capacity modeling parameters.\n3) Operationally Available Capacity may be updated throughout the day to account for changes including, but not limited to: netting of bidirectional nominations, partial segment path nominations, storage swing services, exchanges, facility outages, and imbalance management.\n4) Total Scheduled Quantity is the resulting scheduled volume after netting scheduled volumes in both flow directions.\u00a0 This quantity for each segment is displayed only in the resulting net physical flow direction of the segment.\u00a0 Opposite of the physical flow direction will display a quantity of zero although there could be volumes scheduled. For further explanation, contact your Scheduling Representative. \u00a0\u00a0\n5) The net Total Scheduled Quantity may result in a quantity different than Operating Capacity due to the confirmation process after scheduling.\n6) Operating Capacity may be different than Design Capacity based on the periodic, non-permanent anticipated or observed operational pipeline conditions including, but not limited to: higher or lower average thermal content of the gas, higher or lower pressure from interconnecting pipelines, on-going maintenance, etc.\n7) Operating Capacity may be greater than the Design Capacity of the segment to accommodate scheduling of services that contain rights to multiple, redundant firm transportation paths which can be served entirely or in part through an alternate physical path.\n8) The IT Indicator shows whether gas has been scheduled under any interruptible service."", ""report_artifact_id"": ""km_tgp_notice_detail:1788197456279496000:cc4e15187816ef531b2c0d32f54f0c4fc2731bd4f14670beb540a5551574d909""}",2026-08-31T17:42:15.945168Z,km_tgp_notice_detail:1788197456279496000:cc4e15187816ef531b2c0d32f54f0c4fc2731bd4f14670beb540a5551574d909,km_tgp_segment_capacity:1788198122755547000:8fdc5140c4927947e235a62aa64289aad62f3fa51c867ee8ed2458e198852ac1
tgp-impact:4c6845049e351e79421fcd3222866a6e3bf57f8551040289af3729cca14ad169,403802,2026-08-27,2026-09-14,2026-09-20,Station 834 (segment 834 BH),834,BH,TD2,Z1,STA 834,2026-08-31,EVENING,590000,409682,180318,683000,670000,13000,0,260318,pre_event,normalized_name,monitor,unresolved,"No licensed regional basis observations or exact TGP leg-to-contract mapping are loaded. Henry Hub NG is a national benchmark, not direct evidence of this TGP event's price exposure.",https://www.cmegroup.com/markets/energy/natural-gas/natural-gas.html,"[""Future nominations and rerouting are not observed; the shortfall assumes the captured schedule is unchanged.""]","{""calculation"": ""max(0, baseline scheduled quantity - forecast operating capacity)"", ""capacity_artifact_id"": ""km_tgp_segment_capacity:1788198122755547000:8fdc5140c4927947e235a62aa64289aad62f3fa51c867ee8ed2458e198852ac1"", ""capacity_run_id"": ""d79f586d-160a-47d8-9546-69b566a24dbc"", ""capacity_source_age_hours_at_calculation"": 15.92, ""direction_mapping"": {""capacity"": ""TD2"", ""forecast"": ""BH"", ""method"": ""FH=operator default direction=TD1; BH=opposite direction=TD2"", ""operator_direction_notice_url"": ""https://pipeline2.kindermorgan.com/Notices/NoticeDetail.aspx?code=TGP&notc_nbr=363144"", ""operator_segment_map_url"": ""https://pipeline2.kindermorgan.com/Documents/TGP/TGP_Segment_-_Pin_Map-20260721125239.pdf""}, ""interpretation"": ""Conditional scheduled shortfall if the captured net schedule holds; not physical flow, curtailment, or a price prediction."", ""operator_capacity_caveat"": ""Flow Indicator (Flow Ind)\n\nTD1 - Flow in the direction as shown on the pipeline segment map.\n\nTD2 - Flow in the opposite direction shown on the pipeline segment map.\n\n1) Design Capacity generally reflects the physical capacity of a segment as determined by a capacity model utilizing current contractual receipt/delivery quantities and a reasonable set of engineering assumptions and parameters.\n2) Design Capacity may be updated periodically to reflect changes in contractual receipt/delivery patterns, paths that do not utilize the entire segment and/or capacity modeling parameters.\n3) Operationally Available Capacity may be updated throughout the day to account for changes including, but not limited to: netting of bidirectional nominations, partial segment path nominations, storage swing services, exchanges, facility outages, and imbalance management.\n4) Total Scheduled Quantity is the resulting scheduled volume after netting scheduled volumes in both flow directions.\u00a0 This quantity for each segment is displayed only in the resulting net physical flow direction of the segment.\u00a0 Opposite of the physical flow direction will display a quantity of zero although there could be volumes scheduled. For further explanation, contact your Scheduling Representative. \u00a0\u00a0\n5) The net Total Scheduled Quantity may result in a quantity different than Operating Capacity due to the confirmation process after scheduling.\n6) Operating Capacity may be different than Design Capacity based on the periodic, non-permanent anticipated or observed operational pipeline conditions including, but not limited to: higher or lower average thermal content of the gas, higher or lower pressure from interconnecting pipelines, on-going maintenance, etc.\n7) Operating Capacity may be greater than the Design Capacity of the segment to accommodate scheduling of services that contain rights to multiple, redundant firm transportation paths which can be served entirely or in part through an alternate physical path.\n8) The IT Indicator shows whether gas has been scheduled under any interruptible service."", ""report_artifact_id"": ""km_tgp_notice_detail:1788197456279496000:cc4e15187816ef531b2c0d32f54f0c4fc2731bd4f14670beb540a5551574d909""}",2026-08-31T17:42:15.945168Z,km_tgp_notice_detail:1788197456279496000:cc4e15187816ef531b2c0d32f54f0c4fc2731bd4f14670beb540a5551574d909,km_tgp_segment_capacity:1788198122755547000:8fdc5140c4927947e235a62aa64289aad62f3fa51c867ee8ed2458e198852ac1
tgp-impact:884c850238cecca6023576669c3c4d5bc72e336a8dd6c9d0b8dc58eca52a96ad,403802,2026-08-27,2026-09-21,2026-09-27,Station 834 (segment 834 BH),834,BH,TD2,Z1,STA 834,2026-08-31,EVENING,590000,409682,180318,683000,670000,13000,0,260318,pre_event,normalized_name,monitor,unresolved,"No licensed regional basis observations or exact TGP leg-to-contract mapping are loaded. Henry Hub NG is a national benchmark, not direct evidence of this TGP event's price exposure.",https://www.cmegroup.com/markets/energy/natural-gas/natural-gas.html,"[""Future nominations and rerouting are not observed; the shortfall assumes the captured schedule is unchanged.""]","{""calculation"": ""max(0, baseline scheduled quantity - forecast operating capacity)"", ""capacity_artifact_id"": ""km_tgp_segment_capacity:1788198122755547000:8fdc5140c4927947e235a62aa64289aad62f3fa51c867ee8ed2458e198852ac1"", ""capacity_run_id"": ""d79f586d-160a-47d8-9546-69b566a24dbc"", ""capacity_source_age_hours_at_calculation"": 15.92, ""direction_mapping"": {""capacity"": ""TD2"", ""forecast"": ""BH"", ""method"": ""FH=operator default direction=TD1; BH=opposite direction=TD2"", ""operator_direction_notice_url"": ""https://pipeline2.kindermorgan.com/Notices/NoticeDetail.aspx?code=TGP&notc_nbr=363144"", ""operator_segment_map_url"": ""https://pipeline2.kindermorgan.com/Documents/TGP/TGP_Segment_-_Pin_Map-20260721125239.pdf""}, ""interpretation"": ""Conditional scheduled shortfall if the captured net schedule holds; not physical flow, curtailment, or a price prediction."", ""operator_capacity_caveat"": ""Flow Indicator (Flow Ind)\n\nTD1 - Flow in the direction as shown on the pipeline segment map.\n\nTD2 - Flow in the opposite direction shown on the pipeline segment map.\n\n1) Design Capacity generally reflects the physical capacity of a segment as determined by a capacity model utilizing current contractual receipt/delivery quantities and a reasonable set of engineering assumptions and parameters.\n2) Design Capacity may be updated periodically to reflect changes in contractual receipt/delivery patterns, paths that do not utilize the entire segment and/or capacity modeling parameters.\n3) Operationally Available Capacity may be updated throughout the day to account for changes including, but not limited to: netting of bidirectional nominations, partial segment path nominations, storage swing services, exchanges, facility outages, and imbalance management.\n4) Total Scheduled Quantity is the resulting scheduled volume after netting scheduled volumes in both flow directions.\u00a0 This quantity for each segment is displayed only in the resulting net physical flow direction of the segment.\u00a0 Opposite of the physical flow direction will display a quantity of zero although there could be volumes scheduled. For further explanation, contact your Scheduling Representative. \u00a0\u00a0\n5) The net Total Scheduled Quantity may result in a quantity different than Operating Capacity due to the confirmation process after scheduling.\n6) Operating Capacity may be different than Design Capacity based on the periodic, non-permanent anticipated or observed operational pipeline conditions including, but not limited to: higher or lower average thermal content of the gas, higher or lower pressure from interconnecting pipelines, on-going maintenance, etc.\n7) Operating Capacity may be greater than the Design Capacity of the segment to accommodate scheduling of services that contain rights to multiple, redundant firm transportation paths which can be served entirely or in part through an alternate physical path.\n8) The IT Indicator shows whether gas has been scheduled under any interruptible service."", ""report_artifact_id"": ""km_tgp_notice_detail:1788197456279496000:cc4e15187816ef531b2c0d32f54f0c4fc2731bd4f14670beb540a5551574d909""}",2026-08-31T17:42:15.945168Z,km_tgp_notice_detail:1788197456279496000:cc4e15187816ef531b2c0d32f54f0c4fc2731bd4f14670beb540a5551574d909,km_tgp_segment_capacity:1788198122755547000:8fdc5140c4927947e235a62aa64289aad62f3fa51c867ee8ed2458e198852ac1
tgp-impact:864cd3312ad9c3ae2a610d14b8e070415e63ba21aac02c38e0d48aa589bfc57e,403802,2026-08-27,2026-09-21,2026-09-27,Station 860 (segment 548 BH),548,BH,TD2,Z1,STA 860 SOUTH 500 LINE,2026-08-31,EVENING,1390000,1412867,0,1593000,1586000,7000,0,173133,pre_event,normalized_name,monitor,unresolved,"No licensed regional basis observations or exact TGP leg-to-contract mapping are loaded. Henry Hub NG is a national benchmark, not direct evidence of this TGP event's price exposure.",https://www.cmegroup.com/markets/energy/natural-gas/natural-gas.html,"[""Future nominations and rerouting are not observed; the shortfall assumes the captured schedule is unchanged.""]","{""calculation"": ""max(0, baseline scheduled quantity - forecast operating capacity)"", ""capacity_artifact_id"": ""km_tgp_segment_capacity:1788198122755547000:8fdc5140c4927947e235a62aa64289aad62f3fa51c867ee8ed2458e198852ac1"", ""capacity_run_id"": ""d79f586d-160a-47d8-9546-69b566a24dbc"", ""capacity_source_age_hours_at_calculation"": 15.92, ""direction_mapping"": {""capacity"": ""TD2"", ""forecast"": ""BH"", ""method"": ""FH=operator default direction=TD1; BH=opposite direction=TD2"", ""operator_direction_notice_url"": ""https://pipeline2.kindermorgan.com/Notices/NoticeDetail.aspx?code=TGP&notc_nbr=363144"", ""operator_segment_map_url"": ""https://pipeline2.kindermorgan.com/Documents/TGP/TGP_Segment_-_Pin_Map-20260721125239.pdf""}, ""interpretation"": ""Conditional scheduled shortfall if the captured net schedule holds; not physical flow, curtailment, or a price prediction."", ""operator_capacity_caveat"": ""Flow Indicator (Flow Ind)\n\nTD1 - Flow in the direction as shown on the pipeline segment map.\n\nTD2 - Flow in the opposite direction shown on the pipeline segment map.\n\n1) Design Capacity generally reflects the physical capacity of a segment as determined by a capacity model utilizing current contractual receipt/delivery quantities and a reasonable set of engineering assumptions and parameters.\n2) Design Capacity may be updated periodically to reflect changes in contractual receipt/delivery patterns, paths that do not utilize the entire segment and/or capacity modeling parameters.\n3) Operationally Available Capacity may be updated throughout the day to account for changes including, but not limited to: netting of bidirectional nominations, partial segment path nominations, storage swing services, exchanges, facility outages, and imbalance management.\n4) Total Scheduled Quantity is the resulting scheduled volume after netting scheduled volumes in both flow directions.\u00a0 This quantity for each segment is displayed only in the resulting net physical flow direction of the segment.\u00a0 Opposite of the physical flow direction will display a quantity of zero although there could be volumes scheduled. For further explanation, contact your Scheduling Representative. \u00a0\u00a0\n5) The net Total Scheduled Quantity may result in a quantity different than Operating Capacity due to the confirmation process after scheduling.\n6) Operating Capacity may be different than Design Capacity based on the periodic, non-permanent anticipated or observed operational pipeline conditions including, but not limited to: higher or lower average thermal content of the gas, higher or lower pressure from interconnecting pipelines, on-going maintenance, etc.\n7) Operating Capacity may be greater than the Design Capacity of the segment to accommodate scheduling of services that contain rights to multiple, redundant firm transportation paths which can be served entirely or in part through an alternate physical path.\n8) The IT Indicator shows whether gas has been scheduled under any interruptible service."", ""report_artifact_id"": ""km_tgp_notice_detail:1788197456279496000:cc4e15187816ef531b2c0d32f54f0c4fc2731bd4f14670beb540a5551574d909""}",2026-08-31T17:42:15.945168Z,km_tgp_notice_detail:1788197456279496000:cc4e15187816ef531b2c0d32f54f0c4fc2731bd4f14670beb540a5551574d909,km_tgp_segment_capacity:1788198122755547000:8fdc5140c4927947e235a62aa64289aad62f3fa51c867ee8ed2458e198852ac1
tgp-impact:a0b70c2dff3b2613ff7827cea6cfec075ead46e1b88001de8efb2b0c71a13d5c,403802,2026-08-27,2026-09-28,2026-10-04,Station 860 (segment 548 BH),548,BH,TD2,Z1,STA 860 SOUTH 500 LINE,2026-08-31,EVENING,1390000,1412867,0,1593000,1586000,7000,0,173133,pre_event,normalized_name,monitor,unresolved,"No licensed regional basis observations or exact TGP leg-to-contract mapping are loaded. Henry Hub NG is a national benchmark, not direct evidence of this TGP event's price exposure.",https://www.cmegroup.com/markets/energy/natural-gas/natural-gas.html,"[""Future nominations and rerouting are not observed; the shortfall assumes the captured schedule is unchanged.""]","{""calculation"": ""max(0, baseline scheduled quantity - forecast operating capacity)"", ""capacity_artifact_id"": ""km_tgp_segment_capacity:1788198122755547000:8fdc5140c4927947e235a62aa64289aad62f3fa51c867ee8ed2458e198852ac1"", ""capacity_run_id"": ""d79f586d-160a-47d8-9546-69b566a24dbc"", ""capacity_source_age_hours_at_calculation"": 15.92, ""direction_mapping"": {""capacity"": ""TD2"", ""forecast"": ""BH"", ""method"": ""FH=operator default direction=TD1; BH=opposite direction=TD2"", ""operator_direction_notice_url"": ""https://pipeline2.kindermorgan.com/Notices/NoticeDetail.aspx?code=TGP&notc_nbr=363144"", ""operator_segment_map_url"": ""https://pipeline2.kindermorgan.com/Documents/TGP/TGP_Segment_-_Pin_Map-20260721125239.pdf""}, ""interpretation"": ""Conditional scheduled shortfall if the captured net schedule holds; not physical flow, curtailment, or a price prediction."", ""operator_capacity_caveat"": ""Flow Indicator (Flow Ind)\n\nTD1 - Flow in the direction as shown on the pipeline segment map.\n\nTD2 - Flow in the opposite direction shown on the pipeline segment map.\n\n1) Design Capacity generally reflects the physical capacity of a segment as determined by a capacity model utilizing current contractual receipt/delivery quantities and a reasonable set of engineering assumptions and parameters.\n2) Design Capacity may be updated periodically to reflect changes in contractual receipt/delivery patterns, paths that do not utilize the entire segment and/or capacity modeling parameters.\n3) Operationally Available Capacity may be updated throughout the day to account for changes including, but not limited to: netting of bidirectional nominations, partial segment path nominations, storage swing services, exchanges, facility outages, and imbalance management.\n4) Total Scheduled Quantity is the resulting scheduled volume after netting scheduled volumes in both flow directions.\u00a0 This quantity for each segment is displayed only in the resulting net physical flow direction of the segment.\u00a0 Opposite of the physical flow direction will display a quantity of zero although there could be volumes scheduled. For further explanation, contact your Scheduling Representative. \u00a0\u00a0\n5) The net Total Scheduled Quantity may result in a quantity different than Operating Capacity due to the confirmation process after scheduling.\n6) Operating Capacity may be different than Design Capacity based on the periodic, non-permanent anticipated or observed operational pipeline conditions including, but not limited to: higher or lower average thermal content of the gas, higher or lower pressure from interconnecting pipelines, on-going maintenance, etc.\n7) Operating Capacity may be greater than the Design Capacity of the segment to accommodate scheduling of services that contain rights to multiple, redundant firm transportation paths which can be served entirely or in part through an alternate physical path.\n8) The IT Indicator shows whether gas has been scheduled under any interruptible service."", ""report_artifact_id"": ""km_tgp_notice_detail:1788197456279496000:cc4e15187816ef531b2c0d32f54f0c4fc2731bd4f14670beb540a5551574d909""}",2026-08-31T17:42:15.945168Z,km_tgp_notice_detail:1788197456279496000:cc4e15187816ef531b2c0d32f54f0c4fc2731bd4f14670beb540a5551574d909,km_tgp_segment_capacity:1788198122755547000:8fdc5140c4927947e235a62aa64289aad62f3fa51c867ee8ed2458e198852ac1
