capacity_kind,point_role,gas_day,effective_at_utc,effective_at_operator_local,cycle,operator_location_id,operator_segment_id,location_name,zone,facility_id,segment_id,flow_direction,design_capacity_dth_per_day,operating_capacity_dth_per_day,scheduled_quantity_dth_per_day,available_capacity_dth_per_day,interruptible_scheduled,all_quantity_available,quantity_reason,available_reconciles,source_posted_at_utc,observed_at_utc,available_at_utc,measurement_basis,content_sha256,canonical_url,raw_path,artifact_id
point,delivery,2026-08-31,2026-08-31T14:00:00.000000Z,2026-08-31T09:00:00,EVENING,411306,101,ENTRPRSE/TGP AGUA DULCE NUECES,00,TGP:411306,TGP:SEG:101,BD,294678,294678.0,0.0,294678.0,False,True,,True,2026-08-31T01:46:00.000000Z,2026-08-31T14:44:23.756307Z,2026-08-31T14:44:23.756307Z,Million BTU's (displayed as Dth),7d3a3704ceb7fce4f1996b3595e796aae4d0ce40ed8dd8ebf2e12a22da533c67,https://pipeline2.kindermorgan.com/Capacity/OpAvailPoint.aspx?code=TGP,data/raw/km_tgp_point_delivery_capacity/2026/08/31/7d3a3704ceb7fce4f1996b3595e796aae4d0ce40ed8dd8ebf2e12a22da533c67.xlsx,km_tgp_point_delivery_capacity:1788187463756307000:7d3a3704ceb7fce4f1996b3595e796aae4d0ce40ed8dd8ebf2e12a22da533c67
point,delivery,2026-08-31,2026-08-31T14:00:00.000000Z,2026-08-31T09:00:00,EVENING,412062,101,BANHUB/TGP BANQUETE TRANSPORT NUECE,00,TGP:412062,TGP:SEG:101,BD,182450,182450.0,8006.0,174444.0,False,True,,True,2026-08-31T01:46:00.000000Z,2026-08-31T14:44:23.756307Z,2026-08-31T14:44:23.756307Z,Million BTU's (displayed as Dth),7d3a3704ceb7fce4f1996b3595e796aae4d0ce40ed8dd8ebf2e12a22da533c67,https://pipeline2.kindermorgan.com/Capacity/OpAvailPoint.aspx?code=TGP,data/raw/km_tgp_point_delivery_capacity/2026/08/31/7d3a3704ceb7fce4f1996b3595e796aae4d0ce40ed8dd8ebf2e12a22da533c67.xlsx,km_tgp_point_delivery_capacity:1788187463756307000:7d3a3704ceb7fce4f1996b3595e796aae4d0ce40ed8dd8ebf2e12a22da533c67
point,delivery,2026-08-31,2026-08-31T14:00:00.000000Z,2026-08-31T09:00:00,EVENING,421083,101,ENLINK/TGP PORT OF VICTORIA: DIP 8H,00,TGP:421083,TGP:SEG:101,D,2767,2767.0,0.0,2767.0,False,True,,True,2026-08-31T01:46:00.000000Z,2026-08-31T14:44:23.756307Z,2026-08-31T14:44:23.756307Z,Million BTU's (displayed as Dth),7d3a3704ceb7fce4f1996b3595e796aae4d0ce40ed8dd8ebf2e12a22da533c67,https://pipeline2.kindermorgan.com/Capacity/OpAvailPoint.aspx?code=TGP,data/raw/km_tgp_point_delivery_capacity/2026/08/31/7d3a3704ceb7fce4f1996b3595e796aae4d0ce40ed8dd8ebf2e12a22da533c67.xlsx,km_tgp_point_delivery_capacity:1788187463756307000:7d3a3704ceb7fce4f1996b3595e796aae4d0ce40ed8dd8ebf2e12a22da533c67
point,delivery,2026-08-31,2026-08-31T14:00:00.000000Z,2026-08-31T09:00:00,EVENING,47799,101,NMP/TGP GILLRINA ROAD NUECES,00,TGP:47799,TGP:SEG:101,BD,512500,512500.0,477280.0,35220.0,False,True,,True,2026-08-31T01:46:00.000000Z,2026-08-31T14:44:23.756307Z,2026-08-31T14:44:23.756307Z,Million BTU's (displayed as Dth),7d3a3704ceb7fce4f1996b3595e796aae4d0ce40ed8dd8ebf2e12a22da533c67,https://pipeline2.kindermorgan.com/Capacity/OpAvailPoint.aspx?code=TGP,data/raw/km_tgp_point_delivery_capacity/2026/08/31/7d3a3704ceb7fce4f1996b3595e796aae4d0ce40ed8dd8ebf2e12a22da533c67.xlsx,km_tgp_point_delivery_capacity:1788187463756307000:7d3a3704ceb7fce4f1996b3595e796aae4d0ce40ed8dd8ebf2e12a22da533c67
point,delivery,2026-08-31,2026-08-31T14:00:00.000000Z,2026-08-31T09:00:00,EVENING,49861,101,CCCPL/TGP SINTON SAN PATRICIO,00,TGP:49861,TGP:SEG:101,BD,768750,768750.0,373795.0,394955.0,True,True,,True,2026-08-31T01:46:00.000000Z,2026-08-31T14:44:23.756307Z,2026-08-31T14:44:23.756307Z,Million BTU's (displayed as Dth),7d3a3704ceb7fce4f1996b3595e796aae4d0ce40ed8dd8ebf2e12a22da533c67,https://pipeline2.kindermorgan.com/Capacity/OpAvailPoint.aspx?code=TGP,data/raw/km_tgp_point_delivery_capacity/2026/08/31/7d3a3704ceb7fce4f1996b3595e796aae4d0ce40ed8dd8ebf2e12a22da533c67.xlsx,km_tgp_point_delivery_capacity:1788187463756307000:7d3a3704ceb7fce4f1996b3595e796aae4d0ce40ed8dd8ebf2e12a22da533c67
point,delivery,2026-08-31,2026-08-31T14:00:00.000000Z,2026-08-31T09:00:00,EVENING,53608,101,VCP/TGP VALLEY CROSSING ALLOCATION,00,TGP:53608,TGP:SEG:101,BD,717500,717500.0,53943.0,663557.0,False,True,,True,2026-08-31T01:46:00.000000Z,2026-08-31T14:44:23.756307Z,2026-08-31T14:44:23.756307Z,Million BTU's (displayed as Dth),7d3a3704ceb7fce4f1996b3595e796aae4d0ce40ed8dd8ebf2e12a22da533c67,https://pipeline2.kindermorgan.com/Capacity/OpAvailPoint.aspx?code=TGP,data/raw/km_tgp_point_delivery_capacity/2026/08/31/7d3a3704ceb7fce4f1996b3595e796aae4d0ce40ed8dd8ebf2e12a22da533c67.xlsx,km_tgp_point_delivery_capacity:1788187463756307000:7d3a3704ceb7fce4f1996b3595e796aae4d0ce40ed8dd8ebf2e12a22da533c67
point,delivery,2026-08-31,2026-08-31T14:00:00.000000Z,2026-08-31T09:00:00,EVENING,53654,101,TRESPORT/TGP OLD BLOOMINGTON POWER,00,TGP:53654,TGP:SEG:101,D,20500,20500.0,7461.0,13039.0,False,True,,True,2026-08-31T01:46:00.000000Z,2026-08-31T14:44:23.756307Z,2026-08-31T14:44:23.756307Z,Million BTU's (displayed as Dth),7d3a3704ceb7fce4f1996b3595e796aae4d0ce40ed8dd8ebf2e12a22da533c67,https://pipeline2.kindermorgan.com/Capacity/OpAvailPoint.aspx?code=TGP,data/raw/km_tgp_point_delivery_capacity/2026/08/31/7d3a3704ceb7fce4f1996b3595e796aae4d0ce40ed8dd8ebf2e12a22da533c67.xlsx,km_tgp_point_delivery_capacity:1788187463756307000:7d3a3704ceb7fce4f1996b3595e796aae4d0ce40ed8dd8ebf2e12a22da533c67
point,delivery,2026-08-31,2026-08-31T14:00:00.000000Z,2026-08-31T09:00:00,EVENING,53655,101,VPP II/TGP OLD BLOOMINGTON POWER 2,00,TGP:53655,TGP:SEG:101,D,20500,20500.0,4993.0,15507.0,False,True,,True,2026-08-31T01:46:00.000000Z,2026-08-31T14:44:23.756307Z,2026-08-31T14:44:23.756307Z,Million BTU's (displayed as Dth),7d3a3704ceb7fce4f1996b3595e796aae4d0ce40ed8dd8ebf2e12a22da533c67,https://pipeline2.kindermorgan.com/Capacity/OpAvailPoint.aspx?code=TGP,data/raw/km_tgp_point_delivery_capacity/2026/08/31/7d3a3704ceb7fce4f1996b3595e796aae4d0ce40ed8dd8ebf2e12a22da533c67.xlsx,km_tgp_point_delivery_capacity:1788187463756307000:7d3a3704ceb7fce4f1996b3595e796aae4d0ce40ed8dd8ebf2e12a22da533c67
point,delivery,2026-08-31,2026-08-31T14:00:00.000000Z,2026-08-31T09:00:00,EVENING,56830,101,INVNYLON/TGP GREENFIELD DELIVERY VI,00,TGP:56830,TGP:SEG:101,D,92250,92250.0,24969.0,67281.0,False,True,,True,2026-08-31T01:46:00.000000Z,2026-08-31T14:44:23.756307Z,2026-08-31T14:44:23.756307Z,Million BTU's (displayed as Dth),7d3a3704ceb7fce4f1996b3595e796aae4d0ce40ed8dd8ebf2e12a22da533c67,https://pipeline2.kindermorgan.com/Capacity/OpAvailPoint.aspx?code=TGP,data/raw/km_tgp_point_delivery_capacity/2026/08/31/7d3a3704ceb7fce4f1996b3595e796aae4d0ce40ed8dd8ebf2e12a22da533c67.xlsx,km_tgp_point_delivery_capacity:1788187463756307000:7d3a3704ceb7fce4f1996b3595e796aae4d0ce40ed8dd8ebf2e12a22da533c67
point,delivery,2026-08-31,2026-08-31T14:00:00.000000Z,2026-08-31T09:00:00,EVENING,420158,109,COKINOS/TGP RAUN FARM TX WHARTON,00,TGP:420158,TGP:SEG:109,D,1010,1010.0,159.0,851.0,True,True,,True,2026-08-31T01:46:00.000000Z,2026-08-31T14:44:23.756307Z,2026-08-31T14:44:23.756307Z,Million BTU's (displayed as Dth),7d3a3704ceb7fce4f1996b3595e796aae4d0ce40ed8dd8ebf2e12a22da533c67,https://pipeline2.kindermorgan.com/Capacity/OpAvailPoint.aspx?code=TGP,data/raw/km_tgp_point_delivery_capacity/2026/08/31/7d3a3704ceb7fce4f1996b3595e796aae4d0ce40ed8dd8ebf2e12a22da533c67.xlsx,km_tgp_point_delivery_capacity:1788187463756307000:7d3a3704ceb7fce4f1996b3595e796aae4d0ce40ed8dd8ebf2e12a22da533c67
point,delivery,2026-08-31,2026-08-31T14:00:00.000000Z,2026-08-31T09:00:00,EVENING,420159,109,COKINOS/TGP MCCOLLOCH SPENCER FARM,00,TGP:420159,TGP:SEG:109,D,1020,1020.0,10.0,1010.0,True,True,,True,2026-08-31T01:46:00.000000Z,2026-08-31T14:44:23.756307Z,2026-08-31T14:44:23.756307Z,Million BTU's (displayed as Dth),7d3a3704ceb7fce4f1996b3595e796aae4d0ce40ed8dd8ebf2e12a22da533c67,https://pipeline2.kindermorgan.com/Capacity/OpAvailPoint.aspx?code=TGP,data/raw/km_tgp_point_delivery_capacity/2026/08/31/7d3a3704ceb7fce4f1996b3595e796aae4d0ce40ed8dd8ebf2e12a22da533c67.xlsx,km_tgp_point_delivery_capacity:1788187463756307000:7d3a3704ceb7fce4f1996b3595e796aae4d0ce40ed8dd8ebf2e12a22da533c67
point,delivery,2026-08-31,2026-08-31T14:00:00.000000Z,2026-08-31T09:00:00,EVENING,420162,109,COKINOS/TGP RAUN FARM  2 TX COLORAD,00,TGP:420162,TGP:SEG:109,D,952,952.0,30.0,922.0,True,True,,True,2026-08-31T01:46:00.000000Z,2026-08-31T14:44:23.756307Z,2026-08-31T14:44:23.756307Z,Million BTU's (displayed as Dth),7d3a3704ceb7fce4f1996b3595e796aae4d0ce40ed8dd8ebf2e12a22da533c67,https://pipeline2.kindermorgan.com/Capacity/OpAvailPoint.aspx?code=TGP,data/raw/km_tgp_point_delivery_capacity/2026/08/31/7d3a3704ceb7fce4f1996b3595e796aae4d0ce40ed8dd8ebf2e12a22da533c67.xlsx,km_tgp_point_delivery_capacity:1788187463756307000:7d3a3704ceb7fce4f1996b3595e796aae4d0ce40ed8dd8ebf2e12a22da533c67
point,delivery,2026-08-31,2026-08-31T14:00:00.000000Z,2026-08-31T09:00:00,EVENING,420183,109,COKENRG/TGP KRENEK FARM TX WHARTON,00,TGP:420183,TGP:SEG:109,D,1504,1504.0,9.0,1495.0,True,True,,True,2026-08-31T01:46:00.000000Z,2026-08-31T14:44:23.756307Z,2026-08-31T14:44:23.756307Z,Million BTU's (displayed as Dth),7d3a3704ceb7fce4f1996b3595e796aae4d0ce40ed8dd8ebf2e12a22da533c67,https://pipeline2.kindermorgan.com/Capacity/OpAvailPoint.aspx?code=TGP,data/raw/km_tgp_point_delivery_capacity/2026/08/31/7d3a3704ceb7fce4f1996b3595e796aae4d0ce40ed8dd8ebf2e12a22da533c67.xlsx,km_tgp_point_delivery_capacity:1788187463756307000:7d3a3704ceb7fce4f1996b3595e796aae4d0ce40ed8dd8ebf2e12a22da533c67
point,delivery,2026-08-31,2026-08-31T14:00:00.000000Z,2026-08-31T09:00:00,EVENING,420185,109,COKINOS/TGP OTTIS FARM TX JACKSON,00,TGP:420185,TGP:SEG:109,D,1534,1534.0,0.0,1534.0,False,True,,True,2026-08-31T01:46:00.000000Z,2026-08-31T14:44:23.756307Z,2026-08-31T14:44:23.756307Z,Million BTU's (displayed as Dth),7d3a3704ceb7fce4f1996b3595e796aae4d0ce40ed8dd8ebf2e12a22da533c67,https://pipeline2.kindermorgan.com/Capacity/OpAvailPoint.aspx?code=TGP,data/raw/km_tgp_point_delivery_capacity/2026/08/31/7d3a3704ceb7fce4f1996b3595e796aae4d0ce40ed8dd8ebf2e12a22da533c67.xlsx,km_tgp_point_delivery_capacity:1788187463756307000:7d3a3704ceb7fce4f1996b3595e796aae4d0ce40ed8dd8ebf2e12a22da533c67
point,delivery,2026-08-31,2026-08-31T14:00:00.000000Z,2026-08-31T09:00:00,EVENING,420190,109,COKINOS/TGP SULAK FARM TX WHARTON,00,TGP:420190,TGP:SEG:109,D,1017,1017.0,9.0,1008.0,True,True,,True,2026-08-31T01:46:00.000000Z,2026-08-31T14:44:23.756307Z,2026-08-31T14:44:23.756307Z,Million BTU's (displayed as Dth),7d3a3704ceb7fce4f1996b3595e796aae4d0ce40ed8dd8ebf2e12a22da533c67,https://pipeline2.kindermorgan.com/Capacity/OpAvailPoint.aspx?code=TGP,data/raw/km_tgp_point_delivery_capacity/2026/08/31/7d3a3704ceb7fce4f1996b3595e796aae4d0ce40ed8dd8ebf2e12a22da533c67.xlsx,km_tgp_point_delivery_capacity:1788187463756307000:7d3a3704ceb7fce4f1996b3595e796aae4d0ce40ed8dd8ebf2e12a22da533c67
point,delivery,2026-08-31,2026-08-31T14:00:00.000000Z,2026-08-31T09:00:00,EVENING,420332,109,COKINOS/TGP NITSCH FARM TX WHARTON,00,TGP:420332,TGP:SEG:109,D,971,971.0,1.0,970.0,True,True,,True,2026-08-31T01:46:00.000000Z,2026-08-31T14:44:23.756307Z,2026-08-31T14:44:23.756307Z,Million BTU's (displayed as Dth),7d3a3704ceb7fce4f1996b3595e796aae4d0ce40ed8dd8ebf2e12a22da533c67,https://pipeline2.kindermorgan.com/Capacity/OpAvailPoint.aspx?code=TGP,data/raw/km_tgp_point_delivery_capacity/2026/08/31/7d3a3704ceb7fce4f1996b3595e796aae4d0ce40ed8dd8ebf2e12a22da533c67.xlsx,km_tgp_point_delivery_capacity:1788187463756307000:7d3a3704ceb7fce4f1996b3595e796aae4d0ce40ed8dd8ebf2e12a22da533c67
point,delivery,2026-08-31,2026-08-31T14:00:00.000000Z,2026-08-31T09:00:00,EVENING,420369,109,COKINOS/TGP WIGGINTON FARM TX WHART,00,TGP:420369,TGP:SEG:109,D,1502,1502.0,17.0,1485.0,True,True,,True,2026-08-31T01:46:00.000000Z,2026-08-31T14:44:23.756307Z,2026-08-31T14:44:23.756307Z,Million BTU's (displayed as Dth),7d3a3704ceb7fce4f1996b3595e796aae4d0ce40ed8dd8ebf2e12a22da533c67,https://pipeline2.kindermorgan.com/Capacity/OpAvailPoint.aspx?code=TGP,data/raw/km_tgp_point_delivery_capacity/2026/08/31/7d3a3704ceb7fce4f1996b3595e796aae4d0ce40ed8dd8ebf2e12a22da533c67.xlsx,km_tgp_point_delivery_capacity:1788187463756307000:7d3a3704ceb7fce4f1996b3595e796aae4d0ce40ed8dd8ebf2e12a22da533c67
point,delivery,2026-08-31,2026-08-31T14:00:00.000000Z,2026-08-31T09:00:00,EVENING,420442,109,COKINOS/TGP RASMUSSEN FARM TX WHART,00,TGP:420442,TGP:SEG:109,D,1483,1483.0,219.0,1264.0,True,True,,True,2026-08-31T01:46:00.000000Z,2026-08-31T14:44:23.756307Z,2026-08-31T14:44:23.756307Z,Million BTU's (displayed as Dth),7d3a3704ceb7fce4f1996b3595e796aae4d0ce40ed8dd8ebf2e12a22da533c67,https://pipeline2.kindermorgan.com/Capacity/OpAvailPoint.aspx?code=TGP,data/raw/km_tgp_point_delivery_capacity/2026/08/31/7d3a3704ceb7fce4f1996b3595e796aae4d0ce40ed8dd8ebf2e12a22da533c67.xlsx,km_tgp_point_delivery_capacity:1788187463756307000:7d3a3704ceb7fce4f1996b3595e796aae4d0ce40ed8dd8ebf2e12a22da533c67
point,delivery,2026-08-31,2026-08-31T14:00:00.000000Z,2026-08-31T09:00:00,EVENING,420466,109,COKINOS/TGP HOLT FARM TX WHARTON,00,TGP:420466,TGP:SEG:109,D,1471,1471.0,0.0,1471.0,False,True,,True,2026-08-31T01:46:00.000000Z,2026-08-31T14:44:23.756307Z,2026-08-31T14:44:23.756307Z,Million BTU's (displayed as Dth),7d3a3704ceb7fce4f1996b3595e796aae4d0ce40ed8dd8ebf2e12a22da533c67,https://pipeline2.kindermorgan.com/Capacity/OpAvailPoint.aspx?code=TGP,data/raw/km_tgp_point_delivery_capacity/2026/08/31/7d3a3704ceb7fce4f1996b3595e796aae4d0ce40ed8dd8ebf2e12a22da533c67.xlsx,km_tgp_point_delivery_capacity:1788187463756307000:7d3a3704ceb7fce4f1996b3595e796aae4d0ce40ed8dd8ebf2e12a22da533c67
point,delivery,2026-08-31,2026-08-31T14:00:00.000000Z,2026-08-31T09:00:00,EVENING,420479,109,COKINOS/TGP CATTLE TX FARM WHARTON,00,TGP:420479,TGP:SEG:109,D,952,952.0,50.0,902.0,True,True,,True,2026-08-31T01:46:00.000000Z,2026-08-31T14:44:23.756307Z,2026-08-31T14:44:23.756307Z,Million BTU's (displayed as Dth),7d3a3704ceb7fce4f1996b3595e796aae4d0ce40ed8dd8ebf2e12a22da533c67,https://pipeline2.kindermorgan.com/Capacity/OpAvailPoint.aspx?code=TGP,data/raw/km_tgp_point_delivery_capacity/2026/08/31/7d3a3704ceb7fce4f1996b3595e796aae4d0ce40ed8dd8ebf2e12a22da533c67.xlsx,km_tgp_point_delivery_capacity:1788187463756307000:7d3a3704ceb7fce4f1996b3595e796aae4d0ce40ed8dd8ebf2e12a22da533c67
point,delivery,2026-08-31,2026-08-31T14:00:00.000000Z,2026-08-31T09:00:00,EVENING,421055,109,TRES PAL/TGP TRES PALACIOS STORAGE:,00,TGP:421055,TGP:SEG:109,BD,364000,364000.0,9122.0,354878.0,True,True,,True,2026-08-31T01:46:00.000000Z,2026-08-31T14:44:23.756307Z,2026-08-31T14:44:23.756307Z,Million BTU's (displayed as Dth),7d3a3704ceb7fce4f1996b3595e796aae4d0ce40ed8dd8ebf2e12a22da533c67,https://pipeline2.kindermorgan.com/Capacity/OpAvailPoint.aspx?code=TGP,data/raw/km_tgp_point_delivery_capacity/2026/08/31/7d3a3704ceb7fce4f1996b3595e796aae4d0ce40ed8dd8ebf2e12a22da533c67.xlsx,km_tgp_point_delivery_capacity:1788187463756307000:7d3a3704ceb7fce4f1996b3595e796aae4d0ce40ed8dd8ebf2e12a22da533c67
point,delivery,2026-08-31,2026-08-31T14:00:00.000000Z,2026-08-31T09:00:00,EVENING,49524,109,GULFSTH/TGP COASTAL BEND LNG WHARTO,00,TGP:49524,TGP:SEG:109,BD,643700,643700.0,92500.0,551200.0,False,True,,True,2026-08-31T01:46:00.000000Z,2026-08-31T14:44:23.756307Z,2026-08-31T14:44:23.756307Z,Million BTU's (displayed as Dth),7d3a3704ceb7fce4f1996b3595e796aae4d0ce40ed8dd8ebf2e12a22da533c67,https://pipeline2.kindermorgan.com/Capacity/OpAvailPoint.aspx?code=TGP,data/raw/km_tgp_point_delivery_capacity/2026/08/31/7d3a3704ceb7fce4f1996b3595e796aae4d0ce40ed8dd8ebf2e12a22da533c67.xlsx,km_tgp_point_delivery_capacity:1788187463756307000:7d3a3704ceb7fce4f1996b3595e796aae4d0ce40ed8dd8ebf2e12a22da533c67
point,delivery,2026-08-31,2026-08-31T14:00:00.000000Z,2026-08-31T09:00:00,EVENING,49803,109,KMTEJAS/TGP JACKSON       (GANADO),00,TGP:49803,TGP:SEG:109,D,220000,220000.0,174633.0,45367.0,False,True,,True,2026-08-31T01:46:00.000000Z,2026-08-31T14:44:23.756307Z,2026-08-31T14:44:23.756307Z,Million BTU's (displayed as Dth),7d3a3704ceb7fce4f1996b3595e796aae4d0ce40ed8dd8ebf2e12a22da533c67,https://pipeline2.kindermorgan.com/Capacity/OpAvailPoint.aspx?code=TGP,data/raw/km_tgp_point_delivery_capacity/2026/08/31/7d3a3704ceb7fce4f1996b3595e796aae4d0ce40ed8dd8ebf2e12a22da533c67.xlsx,km_tgp_point_delivery_capacity:1788187463756307000:7d3a3704ceb7fce4f1996b3595e796aae4d0ce40ed8dd8ebf2e12a22da533c67
point,delivery,2026-08-31,2026-08-31T14:00:00.000000Z,2026-08-31T09:00:00,EVENING,56972,109,COKENRG/TGP SANDIES CRK FARM DEL WH,00,TGP:56972,TGP:SEG:109,D,1932,1932.0,193.0,1739.0,True,True,,True,2026-08-31T01:46:00.000000Z,2026-08-31T14:44:23.756307Z,2026-08-31T14:44:23.756307Z,Million BTU's (displayed as Dth),7d3a3704ceb7fce4f1996b3595e796aae4d0ce40ed8dd8ebf2e12a22da533c67,https://pipeline2.kindermorgan.com/Capacity/OpAvailPoint.aspx?code=TGP,data/raw/km_tgp_point_delivery_capacity/2026/08/31/7d3a3704ceb7fce4f1996b3595e796aae4d0ce40ed8dd8ebf2e12a22da533c67.xlsx,km_tgp_point_delivery_capacity:1788187463756307000:7d3a3704ceb7fce4f1996b3595e796aae4d0ce40ed8dd8ebf2e12a22da533c67
point,delivery,2026-08-31,2026-08-31T14:00:00.000000Z,2026-08-31T09:00:00,EVENING,420079,110,COL GAS/TGP GREENUP KY GREENUP,02,TGP:420079,TGP:SEG:110,D,113539,113539.0,12000.0,101539.0,False,True,,True,2026-08-31T01:46:00.000000Z,2026-08-31T14:44:23.756307Z,2026-08-31T14:44:23.756307Z,Million BTU's (displayed as Dth),7d3a3704ceb7fce4f1996b3595e796aae4d0ce40ed8dd8ebf2e12a22da533c67,https://pipeline2.kindermorgan.com/Capacity/OpAvailPoint.aspx?code=TGP,data/raw/km_tgp_point_delivery_capacity/2026/08/31/7d3a3704ceb7fce4f1996b3595e796aae4d0ce40ed8dd8ebf2e12a22da533c67.xlsx,km_tgp_point_delivery_capacity:1788187463756307000:7d3a3704ceb7fce4f1996b3595e796aae4d0ce40ed8dd8ebf2e12a22da533c67
point,delivery,2026-08-31,2026-08-31T14:00:00.000000Z,2026-08-31T09:00:00,EVENING,420290,111,OLIVHILL/TGP OLIVE KY CARTER,02,TGP:420290,TGP:SEG:111,D,11778,11778.0,60.0,11718.0,False,True,,True,2026-08-31T01:46:00.000000Z,2026-08-31T14:44:23.756307Z,2026-08-31T14:44:23.756307Z,Million BTU's (displayed as Dth),7d3a3704ceb7fce4f1996b3595e796aae4d0ce40ed8dd8ebf2e12a22da533c67,https://pipeline2.kindermorgan.com/Capacity/OpAvailPoint.aspx?code=TGP,data/raw/km_tgp_point_delivery_capacity/2026/08/31/7d3a3704ceb7fce4f1996b3595e796aae4d0ce40ed8dd8ebf2e12a22da533c67.xlsx,km_tgp_point_delivery_capacity:1788187463756307000:7d3a3704ceb7fce4f1996b3595e796aae4d0ce40ed8dd8ebf2e12a22da533c67
point,delivery,2026-08-31,2026-08-31T14:00:00.000000Z,2026-08-31T09:00:00,EVENING,420924,111,RIVERSID/TGP LAWERENCE BOYD,02,TGP:420924,TGP:SEG:111,D,522750,522750.0,60000.0,462750.0,True,True,,True,2026-08-31T01:46:00.000000Z,2026-08-31T14:44:23.756307Z,2026-08-31T14:44:23.756307Z,Million BTU's (displayed as Dth),7d3a3704ceb7fce4f1996b3595e796aae4d0ce40ed8dd8ebf2e12a22da533c67,https://pipeline2.kindermorgan.com/Capacity/OpAvailPoint.aspx?code=TGP,data/raw/km_tgp_point_delivery_capacity/2026/08/31/7d3a3704ceb7fce4f1996b3595e796aae4d0ce40ed8dd8ebf2e12a22da533c67.xlsx,km_tgp_point_delivery_capacity:1788187463756307000:7d3a3704ceb7fce4f1996b3595e796aae4d0ce40ed8dd8ebf2e12a22da533c67
point,delivery,2026-08-31,2026-08-31T14:00:00.000000Z,2026-08-31T09:00:00,EVENING,421010,111,LVILBRIK/TGP GRAHN BRICKYARD CARTER,02,TGP:421010,TGP:SEG:111,D,4100,4100.0,1.0,4099.0,False,True,,True,2026-08-31T01:46:00.000000Z,2026-08-31T14:44:23.756307Z,2026-08-31T14:44:23.756307Z,Million BTU's (displayed as Dth),7d3a3704ceb7fce4f1996b3595e796aae4d0ce40ed8dd8ebf2e12a22da533c67,https://pipeline2.kindermorgan.com/Capacity/OpAvailPoint.aspx?code=TGP,data/raw/km_tgp_point_delivery_capacity/2026/08/31/7d3a3704ceb7fce4f1996b3595e796aae4d0ce40ed8dd8ebf2e12a22da533c67.xlsx,km_tgp_point_delivery_capacity:1788187463756307000:7d3a3704ceb7fce4f1996b3595e796aae4d0ce40ed8dd8ebf2e12a22da533c67
point,delivery,2026-08-31,2026-08-31T14:00:00.000000Z,2026-08-31T09:00:00,EVENING,421053,111,GRAYSON/TGP GRAYSON KY 2 : DIP GRAY,02,TGP:421053,TGP:SEG:111,D,4100,4100.0,415.0,3685.0,False,True,,True,2026-08-31T01:46:00.000000Z,2026-08-31T14:44:23.756307Z,2026-08-31T14:44:23.756307Z,Million BTU's (displayed as Dth),7d3a3704ceb7fce4f1996b3595e796aae4d0ce40ed8dd8ebf2e12a22da533c67,https://pipeline2.kindermorgan.com/Capacity/OpAvailPoint.aspx?code=TGP,data/raw/km_tgp_point_delivery_capacity/2026/08/31/7d3a3704ceb7fce4f1996b3595e796aae4d0ce40ed8dd8ebf2e12a22da533c67.xlsx,km_tgp_point_delivery_capacity:1788187463756307000:7d3a3704ceb7fce4f1996b3595e796aae4d0ce40ed8dd8ebf2e12a22da533c67
point,delivery,2026-08-31,2026-08-31T14:00:00.000000Z,2026-08-31T09:00:00,EVENING,420045,112,COL GAS/TGP MAVITY KY BOYD,02,TGP:420045,TGP:SEG:112,D,67482,67482.0,193.0,67289.0,False,True,,True,2026-08-31T01:46:00.000000Z,2026-08-31T14:44:23.756307Z,2026-08-31T14:44:23.756307Z,Million BTU's (displayed as Dth),7d3a3704ceb7fce4f1996b3595e796aae4d0ce40ed8dd8ebf2e12a22da533c67,https://pipeline2.kindermorgan.com/Capacity/OpAvailPoint.aspx?code=TGP,data/raw/km_tgp_point_delivery_capacity/2026/08/31/7d3a3704ceb7fce4f1996b3595e796aae4d0ce40ed8dd8ebf2e12a22da533c67.xlsx,km_tgp_point_delivery_capacity:1788187463756307000:7d3a3704ceb7fce4f1996b3595e796aae4d0ce40ed8dd8ebf2e12a22da533c67
point,delivery,2026-08-31,2026-08-31T14:00:00.000000Z,2026-08-31T09:00:00,EVENING,420762,112,MPC/TGP UDP NAPLES SALES GREENUP,02,TGP:420762,TGP:SEG:112,D,67448,67448.0,15000.0,52448.0,False,True,,True,2026-08-31T01:46:00.000000Z,2026-08-31T14:44:23.756307Z,2026-08-31T14:44:23.756307Z,Million BTU's (displayed as Dth),7d3a3704ceb7fce4f1996b3595e796aae4d0ce40ed8dd8ebf2e12a22da533c67,https://pipeline2.kindermorgan.com/Capacity/OpAvailPoint.aspx?code=TGP,data/raw/km_tgp_point_delivery_capacity/2026/08/31/7d3a3704ceb7fce4f1996b3595e796aae4d0ce40ed8dd8ebf2e12a22da533c67.xlsx,km_tgp_point_delivery_capacity:1788187463756307000:7d3a3704ceb7fce4f1996b3595e796aae4d0ce40ed8dd8ebf2e12a22da533c67
point,delivery,2026-08-31,2026-08-31T14:00:00.000000Z,2026-08-31T09:00:00,EVENING,400459,114,COL GAS/TGP BROAD RUN COBB WV KANAW,03,TGP:400459,TGP:SEG:114,BD,820000,820000.0,0.0,820000.0,False,True,,True,2026-08-31T01:46:00.000000Z,2026-08-31T14:44:23.756307Z,2026-08-31T14:44:23.756307Z,Million BTU's (displayed as Dth),7d3a3704ceb7fce4f1996b3595e796aae4d0ce40ed8dd8ebf2e12a22da533c67,https://pipeline2.kindermorgan.com/Capacity/OpAvailPoint.aspx?code=TGP,data/raw/km_tgp_point_delivery_capacity/2026/08/31/7d3a3704ceb7fce4f1996b3595e796aae4d0ce40ed8dd8ebf2e12a22da533c67.xlsx,km_tgp_point_delivery_capacity:1788187463756307000:7d3a3704ceb7fce4f1996b3595e796aae4d0ce40ed8dd8ebf2e12a22da533c67
point,delivery,2026-08-31,2026-08-31T14:00:00.000000Z,2026-08-31T09:00:00,EVENING,420037,114,CRANBERY/TGP LANE BRANCH WV KANAWHA,03,TGP:420037,TGP:SEG:114,D,35113,35113.0,0.0,35113.0,False,True,,True,2026-08-31T01:46:00.000000Z,2026-08-31T14:44:23.756307Z,2026-08-31T14:44:23.756307Z,Million BTU's (displayed as Dth),7d3a3704ceb7fce4f1996b3595e796aae4d0ce40ed8dd8ebf2e12a22da533c67,https://pipeline2.kindermorgan.com/Capacity/OpAvailPoint.aspx?code=TGP,data/raw/km_tgp_point_delivery_capacity/2026/08/31/7d3a3704ceb7fce4f1996b3595e796aae4d0ce40ed8dd8ebf2e12a22da533c67.xlsx,km_tgp_point_delivery_capacity:1788187463756307000:7d3a3704ceb7fce4f1996b3595e796aae4d0ce40ed8dd8ebf2e12a22da533c67
point,delivery,2026-08-31,2026-08-31T14:00:00.000000Z,2026-08-31T09:00:00,EVENING,420044,114,EGTS/TGP BROAD RUN CORNWELL KANAWHA,03,TGP:420044,TGP:SEG:114,BD,410000,410000.0,0.0,410000.0,False,True,,True,2026-08-31T01:46:00.000000Z,2026-08-31T14:44:23.756307Z,2026-08-31T14:44:23.756307Z,Million BTU's (displayed as Dth),7d3a3704ceb7fce4f1996b3595e796aae4d0ce40ed8dd8ebf2e12a22da533c67,https://pipeline2.kindermorgan.com/Capacity/OpAvailPoint.aspx?code=TGP,data/raw/km_tgp_point_delivery_capacity/2026/08/31/7d3a3704ceb7fce4f1996b3595e796aae4d0ce40ed8dd8ebf2e12a22da533c67.xlsx,km_tgp_point_delivery_capacity:1788187463756307000:7d3a3704ceb7fce4f1996b3595e796aae4d0ce40ed8dd8ebf2e12a22da533c67
point,delivery,2026-08-31,2026-08-31T14:00:00.000000Z,2026-08-31T09:00:00,EVENING,420409,114,CRANBERY/TGP INSTITUTE WV KANAWHA,03,TGP:420409,TGP:SEG:114,D,36845,36845.0,0.0,36845.0,False,True,,True,2026-08-31T01:46:00.000000Z,2026-08-31T14:44:23.756307Z,2026-08-31T14:44:23.756307Z,Million BTU's (displayed as Dth),7d3a3704ceb7fce4f1996b3595e796aae4d0ce40ed8dd8ebf2e12a22da533c67,https://pipeline2.kindermorgan.com/Capacity/OpAvailPoint.aspx?code=TGP,data/raw/km_tgp_point_delivery_capacity/2026/08/31/7d3a3704ceb7fce4f1996b3595e796aae4d0ce40ed8dd8ebf2e12a22da533c67.xlsx,km_tgp_point_delivery_capacity:1788187463756307000:7d3a3704ceb7fce4f1996b3595e796aae4d0ce40ed8dd8ebf2e12a22da533c67
point,delivery,2026-08-31,2026-08-31T14:00:00.000000Z,2026-08-31T09:00:00,EVENING,420615,114,MTNEER/TGP ST  ALBAN SALES KANAWHA,03,TGP:420615,TGP:SEG:114,D,99068,99068.0,0.0,99068.0,False,True,,True,2026-08-31T01:46:00.000000Z,2026-08-31T14:44:23.756307Z,2026-08-31T14:44:23.756307Z,Million BTU's (displayed as Dth),7d3a3704ceb7fce4f1996b3595e796aae4d0ce40ed8dd8ebf2e12a22da533c67,https://pipeline2.kindermorgan.com/Capacity/OpAvailPoint.aspx?code=TGP,data/raw/km_tgp_point_delivery_capacity/2026/08/31/7d3a3704ceb7fce4f1996b3595e796aae4d0ce40ed8dd8ebf2e12a22da533c67.xlsx,km_tgp_point_delivery_capacity:1788187463756307000:7d3a3704ceb7fce4f1996b3595e796aae4d0ce40ed8dd8ebf2e12a22da533c67
point,delivery,2026-08-31,2026-08-31T14:00:00.000000Z,2026-08-31T09:00:00,EVENING,420627,114,MTNEER/TGP CABELL TRANSPORT CABELL,03,TGP:420627,TGP:SEG:114,D,38923,38923.0,0.0,38923.0,False,True,,True,2026-08-31T01:46:00.000000Z,2026-08-31T14:44:23.756307Z,2026-08-31T14:44:23.756307Z,Million BTU's (displayed as Dth),7d3a3704ceb7fce4f1996b3595e796aae4d0ce40ed8dd8ebf2e12a22da533c67,https://pipeline2.kindermorgan.com/Capacity/OpAvailPoint.aspx?code=TGP,data/raw/km_tgp_point_delivery_capacity/2026/08/31/7d3a3704ceb7fce4f1996b3595e796aae4d0ce40ed8dd8ebf2e12a22da533c67.xlsx,km_tgp_point_delivery_capacity:1788187463756307000:7d3a3704ceb7fce4f1996b3595e796aae4d0ce40ed8dd8ebf2e12a22da533c67
point,delivery,2026-08-31,2026-08-31T14:00:00.000000Z,2026-08-31T09:00:00,EVENING,420749,114,CRANBERY/TGP CRANBERRY SALES KANAWH,03,TGP:420749,TGP:SEG:114,D,55551,55551.0,0.0,55551.0,False,True,,True,2026-08-31T01:46:00.000000Z,2026-08-31T14:44:23.756307Z,2026-08-31T14:44:23.756307Z,Million BTU's (displayed as Dth),7d3a3704ceb7fce4f1996b3595e796aae4d0ce40ed8dd8ebf2e12a22da533c67,https://pipeline2.kindermorgan.com/Capacity/OpAvailPoint.aspx?code=TGP,data/raw/km_tgp_point_delivery_capacity/2026/08/31/7d3a3704ceb7fce4f1996b3595e796aae4d0ce40ed8dd8ebf2e12a22da533c67.xlsx,km_tgp_point_delivery_capacity:1788187463756307000:7d3a3704ceb7fce4f1996b3595e796aae4d0ce40ed8dd8ebf2e12a22da533c67
point,delivery,2026-08-31,2026-08-31T14:00:00.000000Z,2026-08-31T09:00:00,EVENING,420792,114,UNION OG/TGP HURRICANE SALES PUTNAM,03,TGP:420792,TGP:SEG:114,D,9920,9920.0,0.0,9920.0,False,True,,True,2026-08-31T01:46:00.000000Z,2026-08-31T14:44:23.756307Z,2026-08-31T14:44:23.756307Z,Million BTU's (displayed as Dth),7d3a3704ceb7fce4f1996b3595e796aae4d0ce40ed8dd8ebf2e12a22da533c67,https://pipeline2.kindermorgan.com/Capacity/OpAvailPoint.aspx?code=TGP,data/raw/km_tgp_point_delivery_capacity/2026/08/31/7d3a3704ceb7fce4f1996b3595e796aae4d0ce40ed8dd8ebf2e12a22da533c67.xlsx,km_tgp_point_delivery_capacity:1788187463756307000:7d3a3704ceb7fce4f1996b3595e796aae4d0ce40ed8dd8ebf2e12a22da533c67
point,delivery,2026-08-31,2026-08-31T14:00:00.000000Z,2026-08-31T09:00:00,EVENING,49274,114,CRANBERY/TGP BEECHFORK DELIVERY WAY,03,TGP:49274,TGP:SEG:114,D,14165,14165.0,0.0,14165.0,False,True,,True,2026-08-31T01:46:00.000000Z,2026-08-31T14:44:23.756307Z,2026-08-31T14:44:23.756307Z,Million BTU's (displayed as Dth),7d3a3704ceb7fce4f1996b3595e796aae4d0ce40ed8dd8ebf2e12a22da533c67,https://pipeline2.kindermorgan.com/Capacity/OpAvailPoint.aspx?code=TGP,data/raw/km_tgp_point_delivery_capacity/2026/08/31/7d3a3704ceb7fce4f1996b3595e796aae4d0ce40ed8dd8ebf2e12a22da533c67.xlsx,km_tgp_point_delivery_capacity:1788187463756307000:7d3a3704ceb7fce4f1996b3595e796aae4d0ce40ed8dd8ebf2e12a22da533c67
point,delivery,2026-08-31,2026-08-31T14:00:00.000000Z,2026-08-31T09:00:00,EVENING,54003,114,BP ENERG/TGP US METHANOL KANAWHA,03,TGP:54003,TGP:SEG:114,D,53300,53300.0,18600.0,34700.0,False,True,,True,2026-08-31T01:46:00.000000Z,2026-08-31T14:44:23.756307Z,2026-08-31T14:44:23.756307Z,Million BTU's (displayed as Dth),7d3a3704ceb7fce4f1996b3595e796aae4d0ce40ed8dd8ebf2e12a22da533c67,https://pipeline2.kindermorgan.com/Capacity/OpAvailPoint.aspx?code=TGP,data/raw/km_tgp_point_delivery_capacity/2026/08/31/7d3a3704ceb7fce4f1996b3595e796aae4d0ce40ed8dd8ebf2e12a22da533c67.xlsx,km_tgp_point_delivery_capacity:1788187463756307000:7d3a3704ceb7fce4f1996b3595e796aae4d0ce40ed8dd8ebf2e12a22da533c67
point,delivery,2026-08-31,2026-08-31T14:00:00.000000Z,2026-08-31T09:00:00,EVENING,411159,117,ENTRPRSE/TGP KATY DEHY TRANS WALLER,00,TGP:411159,TGP:SEG:117,BD,169416,169416.0,0.0,169416.0,False,True,,True,2026-08-31T01:46:00.000000Z,2026-08-31T14:44:23.756307Z,2026-08-31T14:44:23.756307Z,Million BTU's (displayed as Dth),7d3a3704ceb7fce4f1996b3595e796aae4d0ce40ed8dd8ebf2e12a22da533c67,https://pipeline2.kindermorgan.com/Capacity/OpAvailPoint.aspx?code=TGP,data/raw/km_tgp_point_delivery_capacity/2026/08/31/7d3a3704ceb7fce4f1996b3595e796aae4d0ce40ed8dd8ebf2e12a22da533c67.xlsx,km_tgp_point_delivery_capacity:1788187463756307000:7d3a3704ceb7fce4f1996b3595e796aae4d0ce40ed8dd8ebf2e12a22da533c67
point,delivery,2026-08-31,2026-08-31T14:00:00.000000Z,2026-08-31T09:00:00,EVENING,412271,117,KTY STTR/TGP KATY INTERCONNECT WALL,00,TGP:412271,TGP:SEG:117,BD,115451,10000.0,0.0,10000.0,False,True,,True,2026-08-31T01:46:00.000000Z,2026-08-31T14:44:23.756307Z,2026-08-31T14:44:23.756307Z,Million BTU's (displayed as Dth),7d3a3704ceb7fce4f1996b3595e796aae4d0ce40ed8dd8ebf2e12a22da533c67,https://pipeline2.kindermorgan.com/Capacity/OpAvailPoint.aspx?code=TGP,data/raw/km_tgp_point_delivery_capacity/2026/08/31/7d3a3704ceb7fce4f1996b3595e796aae4d0ce40ed8dd8ebf2e12a22da533c67.xlsx,km_tgp_point_delivery_capacity:1788187463756307000:7d3a3704ceb7fce4f1996b3595e796aae4d0ce40ed8dd8ebf2e12a22da533c67
point,delivery,2026-08-31,2026-08-31T14:00:00.000000Z,2026-08-31T09:00:00,EVENING,420167,117,COKINOS/TGP WOODS FARM TX FORT BEND,00,TGP:420167,TGP:SEG:117,D,1707,1707.0,0.0,1707.0,False,True,,True,2026-08-31T01:46:00.000000Z,2026-08-31T14:44:23.756307Z,2026-08-31T14:44:23.756307Z,Million BTU's (displayed as Dth),7d3a3704ceb7fce4f1996b3595e796aae4d0ce40ed8dd8ebf2e12a22da533c67,https://pipeline2.kindermorgan.com/Capacity/OpAvailPoint.aspx?code=TGP,data/raw/km_tgp_point_delivery_capacity/2026/08/31/7d3a3704ceb7fce4f1996b3595e796aae4d0ce40ed8dd8ebf2e12a22da533c67.xlsx,km_tgp_point_delivery_capacity:1788187463756307000:7d3a3704ceb7fce4f1996b3595e796aae4d0ce40ed8dd8ebf2e12a22da533c67
point,delivery,2026-08-31,2026-08-31T14:00:00.000000Z,2026-08-31T09:00:00,EVENING,420898,117,SYMMETRY/TGP TOMBALL SALES NORTH MO,00,TGP:420898,TGP:SEG:117,D,1563,1563.0,275.0,1288.0,False,True,,True,2026-08-31T01:46:00.000000Z,2026-08-31T14:44:23.756307Z,2026-08-31T14:44:23.756307Z,Million BTU's (displayed as Dth),7d3a3704ceb7fce4f1996b3595e796aae4d0ce40ed8dd8ebf2e12a22da533c67,https://pipeline2.kindermorgan.com/Capacity/OpAvailPoint.aspx?code=TGP,data/raw/km_tgp_point_delivery_capacity/2026/08/31/7d3a3704ceb7fce4f1996b3595e796aae4d0ce40ed8dd8ebf2e12a22da533c67.xlsx,km_tgp_point_delivery_capacity:1788187463756307000:7d3a3704ceb7fce4f1996b3595e796aae4d0ce40ed8dd8ebf2e12a22da533c67
point,delivery,2026-08-31,2026-08-31T14:00:00.000000Z,2026-08-31T09:00:00,EVENING,421011,117,CNTRPT/TGP IMPERIAL OAKS MONTGOMERY,00,TGP:421011,TGP:SEG:117,D,7848,7848.0,498.0,7350.0,False,True,,True,2026-08-31T01:46:00.000000Z,2026-08-31T14:44:23.756307Z,2026-08-31T14:44:23.756307Z,Million BTU's (displayed as Dth),7d3a3704ceb7fce4f1996b3595e796aae4d0ce40ed8dd8ebf2e12a22da533c67,https://pipeline2.kindermorgan.com/Capacity/OpAvailPoint.aspx?code=TGP,data/raw/km_tgp_point_delivery_capacity/2026/08/31/7d3a3704ceb7fce4f1996b3595e796aae4d0ce40ed8dd8ebf2e12a22da533c67.xlsx,km_tgp_point_delivery_capacity:1788187463756307000:7d3a3704ceb7fce4f1996b3595e796aae4d0ce40ed8dd8ebf2e12a22da533c67
point,delivery,2026-08-31,2026-08-31T14:00:00.000000Z,2026-08-31T09:00:00,EVENING,421028,117,CNTRPT/TGP DOWDELL ROAD HARRIS,00,TGP:421028,TGP:SEG:117,D,17400,17400.0,498.0,16902.0,False,True,,True,2026-08-31T01:46:00.000000Z,2026-08-31T14:44:23.756307Z,2026-08-31T14:44:23.756307Z,Million BTU's (displayed as Dth),7d3a3704ceb7fce4f1996b3595e796aae4d0ce40ed8dd8ebf2e12a22da533c67,https://pipeline2.kindermorgan.com/Capacity/OpAvailPoint.aspx?code=TGP,data/raw/km_tgp_point_delivery_capacity/2026/08/31/7d3a3704ceb7fce4f1996b3595e796aae4d0ce40ed8dd8ebf2e12a22da533c67.xlsx,km_tgp_point_delivery_capacity:1788187463756307000:7d3a3704ceb7fce4f1996b3595e796aae4d0ce40ed8dd8ebf2e12a22da533c67
point,delivery,2026-08-31,2026-08-31T14:00:00.000000Z,2026-08-31T09:00:00,EVENING,421052,117,CNTRPT/TGP SKINNER: DIP 20M-141 HAR,00,TGP:421052,TGP:SEG:117,D,20100,20100.0,498.0,19602.0,False,True,,True,2026-08-31T01:46:00.000000Z,2026-08-31T14:44:23.756307Z,2026-08-31T14:44:23.756307Z,Million BTU's (displayed as Dth),7d3a3704ceb7fce4f1996b3595e796aae4d0ce40ed8dd8ebf2e12a22da533c67,https://pipeline2.kindermorgan.com/Capacity/OpAvailPoint.aspx?code=TGP,data/raw/km_tgp_point_delivery_capacity/2026/08/31/7d3a3704ceb7fce4f1996b3595e796aae4d0ce40ed8dd8ebf2e12a22da533c67.xlsx,km_tgp_point_delivery_capacity:1788187463756307000:7d3a3704ceb7fce4f1996b3595e796aae4d0ce40ed8dd8ebf2e12a22da533c67
point,delivery,2026-08-31,2026-08-31T14:00:00.000000Z,2026-08-31T09:00:00,EVENING,421054,117,CPTENTEX/TGP BRIDGELAND: DIP 20N-10,00,TGP:421054,TGP:SEG:117,D,15808,15808.0,498.0,15310.0,False,True,,True,2026-08-31T01:46:00.000000Z,2026-08-31T14:44:23.756307Z,2026-08-31T14:44:23.756307Z,Million BTU's (displayed as Dth),7d3a3704ceb7fce4f1996b3595e796aae4d0ce40ed8dd8ebf2e12a22da533c67,https://pipeline2.kindermorgan.com/Capacity/OpAvailPoint.aspx?code=TGP,data/raw/km_tgp_point_delivery_capacity/2026/08/31/7d3a3704ceb7fce4f1996b3595e796aae4d0ce40ed8dd8ebf2e12a22da533c67.xlsx,km_tgp_point_delivery_capacity:1788187463756307000:7d3a3704ceb7fce4f1996b3595e796aae4d0ce40ed8dd8ebf2e12a22da533c67
point,delivery,2026-08-31,2026-08-31T14:00:00.000000Z,2026-08-31T09:00:00,EVENING,421082,117,CEIP/TGP MOORHEAD ROAD: DIP 23B 101,00,TGP:421082,TGP:SEG:117,D,2519,2519.0,1180.0,1339.0,False,True,,True,2026-08-31T01:46:00.000000Z,2026-08-31T14:44:23.756307Z,2026-08-31T14:44:23.756307Z,Million BTU's (displayed as Dth),7d3a3704ceb7fce4f1996b3595e796aae4d0ce40ed8dd8ebf2e12a22da533c67,https://pipeline2.kindermorgan.com/Capacity/OpAvailPoint.aspx?code=TGP,data/raw/km_tgp_point_delivery_capacity/2026/08/31/7d3a3704ceb7fce4f1996b3595e796aae4d0ce40ed8dd8ebf2e12a22da533c67.xlsx,km_tgp_point_delivery_capacity:1788187463756307000:7d3a3704ceb7fce4f1996b3595e796aae4d0ce40ed8dd8ebf2e12a22da533c67
point,delivery,2026-08-31,2026-08-31T14:00:00.000000Z,2026-08-31T09:00:00,EVENING,421085,117,SYMMETRY/TGP PEDERSON ROAD WALLER,00,TGP:421085,TGP:SEG:117,D,4200,4200.0,0.0,4200.0,False,True,,True,2026-08-31T01:46:00.000000Z,2026-08-31T14:44:23.756307Z,2026-08-31T14:44:23.756307Z,Million BTU's (displayed as Dth),7d3a3704ceb7fce4f1996b3595e796aae4d0ce40ed8dd8ebf2e12a22da533c67,https://pipeline2.kindermorgan.com/Capacity/OpAvailPoint.aspx?code=TGP,data/raw/km_tgp_point_delivery_capacity/2026/08/31/7d3a3704ceb7fce4f1996b3595e796aae4d0ce40ed8dd8ebf2e12a22da533c67.xlsx,km_tgp_point_delivery_capacity:1788187463756307000:7d3a3704ceb7fce4f1996b3595e796aae4d0ce40ed8dd8ebf2e12a22da533c67
point,delivery,2026-08-31,2026-08-31T14:00:00.000000Z,2026-08-31T09:00:00,EVENING,49042,117,CP-UGC/TGP MOSSY OAKS DELIVERY HARR,00,TGP:49042,TGP:SEG:117,D,61500,61500.0,0.0,61500.0,False,True,,True,2026-08-31T01:46:00.000000Z,2026-08-31T14:44:23.756307Z,2026-08-31T14:44:23.756307Z,Million BTU's (displayed as Dth),7d3a3704ceb7fce4f1996b3595e796aae4d0ce40ed8dd8ebf2e12a22da533c67,https://pipeline2.kindermorgan.com/Capacity/OpAvailPoint.aspx?code=TGP,data/raw/km_tgp_point_delivery_capacity/2026/08/31/7d3a3704ceb7fce4f1996b3595e796aae4d0ce40ed8dd8ebf2e12a22da533c67.xlsx,km_tgp_point_delivery_capacity:1788187463756307000:7d3a3704ceb7fce4f1996b3595e796aae4d0ce40ed8dd8ebf2e12a22da533c67
point,delivery,2026-08-31,2026-08-31T14:00:00.000000Z,2026-08-31T09:00:00,EVENING,55540,117,HOOKSGAS/TGP PINEWOOD DELIVERY MONT,00,TGP:55540,TGP:SEG:117,D,492,492.0,0.0,492.0,False,True,,True,2026-08-31T01:46:00.000000Z,2026-08-31T14:44:23.756307Z,2026-08-31T14:44:23.756307Z,Million BTU's (displayed as Dth),7d3a3704ceb7fce4f1996b3595e796aae4d0ce40ed8dd8ebf2e12a22da533c67,https://pipeline2.kindermorgan.com/Capacity/OpAvailPoint.aspx?code=TGP,data/raw/km_tgp_point_delivery_capacity/2026/08/31/7d3a3704ceb7fce4f1996b3595e796aae4d0ce40ed8dd8ebf2e12a22da533c67.xlsx,km_tgp_point_delivery_capacity:1788187463756307000:7d3a3704ceb7fce4f1996b3595e796aae4d0ce40ed8dd8ebf2e12a22da533c67
point,delivery,2026-08-31,2026-08-31T14:00:00.000000Z,2026-08-31T09:00:00,EVENING,420147,125,SYMMETRY/TGP WOODVILLE TX TYLER,00,TGP:420147,TGP:SEG:125,D,8793,8793.0,425.0,8368.0,False,True,,True,2026-08-31T01:46:00.000000Z,2026-08-31T14:44:23.756307Z,2026-08-31T14:44:23.756307Z,Million BTU's (displayed as Dth),7d3a3704ceb7fce4f1996b3595e796aae4d0ce40ed8dd8ebf2e12a22da533c67,https://pipeline2.kindermorgan.com/Capacity/OpAvailPoint.aspx?code=TGP,data/raw/km_tgp_point_delivery_capacity/2026/08/31/7d3a3704ceb7fce4f1996b3595e796aae4d0ce40ed8dd8ebf2e12a22da533c67.xlsx,km_tgp_point_delivery_capacity:1788187463756307000:7d3a3704ceb7fce4f1996b3595e796aae4d0ce40ed8dd8ebf2e12a22da533c67
point,delivery,2026-08-31,2026-08-31T14:00:00.000000Z,2026-08-31T09:00:00,EVENING,44521,125,TGP/KMTP SHEPHERD SAN JACINTO,00,TGP:44521,TGP:SEG:125,BD,90000,90000.0,0.0,90000.0,False,True,,True,2026-08-31T01:46:00.000000Z,2026-08-31T14:44:23.756307Z,2026-08-31T14:44:23.756307Z,Million BTU's (displayed as Dth),7d3a3704ceb7fce4f1996b3595e796aae4d0ce40ed8dd8ebf2e12a22da533c67,https://pipeline2.kindermorgan.com/Capacity/OpAvailPoint.aspx?code=TGP,data/raw/km_tgp_point_delivery_capacity/2026/08/31/7d3a3704ceb7fce4f1996b3595e796aae4d0ce40ed8dd8ebf2e12a22da533c67.xlsx,km_tgp_point_delivery_capacity:1788187463756307000:7d3a3704ceb7fce4f1996b3595e796aae4d0ce40ed8dd8ebf2e12a22da533c67
point,delivery,2026-08-31,2026-08-31T14:00:00.000000Z,2026-08-31T09:00:00,EVENING,420146,132,FOURSQGS/TGP HEMPHILL TX SABINE,00,TGP:420146,TGP:SEG:132,D,4845,4845.0,40.0,4805.0,False,True,,True,2026-08-31T01:46:00.000000Z,2026-08-31T14:44:23.756307Z,2026-08-31T14:44:23.756307Z,Million BTU's (displayed as Dth),7d3a3704ceb7fce4f1996b3595e796aae4d0ce40ed8dd8ebf2e12a22da533c67,https://pipeline2.kindermorgan.com/Capacity/OpAvailPoint.aspx?code=TGP,data/raw/km_tgp_point_delivery_capacity/2026/08/31/7d3a3704ceb7fce4f1996b3595e796aae4d0ce40ed8dd8ebf2e12a22da533c67.xlsx,km_tgp_point_delivery_capacity:1788187463756307000:7d3a3704ceb7fce4f1996b3595e796aae4d0ce40ed8dd8ebf2e12a22da533c67
point,delivery,2026-08-31,2026-08-31T14:00:00.000000Z,2026-08-31T09:00:00,EVENING,420150,132,ATMOS TL/TGP ROBLINE LA NATCHITOCHE,00,TGP:420150,TGP:SEG:132,D,2351,2351.0,10.0,2341.0,False,True,,True,2026-08-31T01:46:00.000000Z,2026-08-31T14:44:23.756307Z,2026-08-31T14:44:23.756307Z,Million BTU's (displayed as Dth),7d3a3704ceb7fce4f1996b3595e796aae4d0ce40ed8dd8ebf2e12a22da533c67,https://pipeline2.kindermorgan.com/Capacity/OpAvailPoint.aspx?code=TGP,data/raw/km_tgp_point_delivery_capacity/2026/08/31/7d3a3704ceb7fce4f1996b3595e796aae4d0ce40ed8dd8ebf2e12a22da533c67.xlsx,km_tgp_point_delivery_capacity:1788187463756307000:7d3a3704ceb7fce4f1996b3595e796aae4d0ce40ed8dd8ebf2e12a22da533c67
point,delivery,2026-08-31,2026-08-31T14:00:00.000000Z,2026-08-31T09:00:00,EVENING,420817,132,ATMOS TL/TGP SABINE SALES SABINE,00,TGP:420817,TGP:SEG:132,D,922,922.0,10.0,912.0,False,True,,True,2026-08-31T01:46:00.000000Z,2026-08-31T14:44:23.756307Z,2026-08-31T14:44:23.756307Z,Million BTU's (displayed as Dth),7d3a3704ceb7fce4f1996b3595e796aae4d0ce40ed8dd8ebf2e12a22da533c67,https://pipeline2.kindermorgan.com/Capacity/OpAvailPoint.aspx?code=TGP,data/raw/km_tgp_point_delivery_capacity/2026/08/31/7d3a3704ceb7fce4f1996b3595e796aae4d0ce40ed8dd8ebf2e12a22da533c67.xlsx,km_tgp_point_delivery_capacity:1788187463756307000:7d3a3704ceb7fce4f1996b3595e796aae4d0ce40ed8dd8ebf2e12a22da533c67
point,delivery,2026-08-31,2026-08-31T14:00:00.000000Z,2026-08-31T09:00:00,EVENING,405367,141,TGP/SNG BEAR CREEK INJECTION BIENVI,01,TGP:405367,TGP:SEG:141,BD,200627,200627.0,4479.0,196148.0,True,True,,True,2026-08-31T01:46:00.000000Z,2026-08-31T14:44:23.756307Z,2026-08-31T14:44:23.756307Z,Million BTU's (displayed as Dth),7d3a3704ceb7fce4f1996b3595e796aae4d0ce40ed8dd8ebf2e12a22da533c67,https://pipeline2.kindermorgan.com/Capacity/OpAvailPoint.aspx?code=TGP,data/raw/km_tgp_point_delivery_capacity/2026/08/31/7d3a3704ceb7fce4f1996b3595e796aae4d0ce40ed8dd8ebf2e12a22da533c67.xlsx,km_tgp_point_delivery_capacity:1788187463756307000:7d3a3704ceb7fce4f1996b3595e796aae4d0ce40ed8dd8ebf2e12a22da533c67
point,delivery,2026-08-31,2026-08-31T14:00:00.000000Z,2026-08-31T09:00:00,EVENING,412036,141,REGENCY/TGP BEAR CREEK TRANSPORT BI,01,TGP:412036,TGP:SEG:141,BD,119155,119155.0,0.0,119155.0,False,True,,True,2026-08-31T01:46:00.000000Z,2026-08-31T14:44:23.756307Z,2026-08-31T14:44:23.756307Z,Million BTU's (displayed as Dth),7d3a3704ceb7fce4f1996b3595e796aae4d0ce40ed8dd8ebf2e12a22da533c67,https://pipeline2.kindermorgan.com/Capacity/OpAvailPoint.aspx?code=TGP,data/raw/km_tgp_point_delivery_capacity/2026/08/31/7d3a3704ceb7fce4f1996b3595e796aae4d0ce40ed8dd8ebf2e12a22da533c67.xlsx,km_tgp_point_delivery_capacity:1788187463756307000:7d3a3704ceb7fce4f1996b3595e796aae4d0ce40ed8dd8ebf2e12a22da533c67
point,delivery,2026-08-31,2026-08-31T14:00:00.000000Z,2026-08-31T09:00:00,EVENING,420917,141,REGENCY/TGP PANDA POWER BIENVILLE,01,TGP:420917,TGP:SEG:141,D,311828,311828.0,15000.0,296828.0,False,True,,True,2026-08-31T01:46:00.000000Z,2026-08-31T14:44:23.756307Z,2026-08-31T14:44:23.756307Z,Million BTU's (displayed as Dth),7d3a3704ceb7fce4f1996b3595e796aae4d0ce40ed8dd8ebf2e12a22da533c67,https://pipeline2.kindermorgan.com/Capacity/OpAvailPoint.aspx?code=TGP,data/raw/km_tgp_point_delivery_capacity/2026/08/31/7d3a3704ceb7fce4f1996b3595e796aae4d0ce40ed8dd8ebf2e12a22da533c67.xlsx,km_tgp_point_delivery_capacity:1788187463756307000:7d3a3704ceb7fce4f1996b3595e796aae4d0ce40ed8dd8ebf2e12a22da533c67
point,delivery,2026-08-31,2026-08-31T14:00:00.000000Z,2026-08-31T09:00:00,EVENING,412352,143,EGT/TGP GUTHRIE EXCHANGE OUACHITA,01,TGP:412352,TGP:SEG:143,BD,321525,321525.0,0.0,321525.0,False,True,,True,2026-08-31T01:46:00.000000Z,2026-08-31T14:44:23.756307Z,2026-08-31T14:44:23.756307Z,Million BTU's (displayed as Dth),7d3a3704ceb7fce4f1996b3595e796aae4d0ce40ed8dd8ebf2e12a22da533c67,https://pipeline2.kindermorgan.com/Capacity/OpAvailPoint.aspx?code=TGP,data/raw/km_tgp_point_delivery_capacity/2026/08/31/7d3a3704ceb7fce4f1996b3595e796aae4d0ce40ed8dd8ebf2e12a22da533c67.xlsx,km_tgp_point_delivery_capacity:1788187463756307000:7d3a3704ceb7fce4f1996b3595e796aae4d0ce40ed8dd8ebf2e12a22da533c67
point,delivery,2026-08-31,2026-08-31T14:00:00.000000Z,2026-08-31T09:00:00,EVENING,420021,143,DELTAMS/TGP SUMNER MS TALLAHATCHIE,01,TGP:420021,TGP:SEG:143,D,6188,6188.0,59.0,6129.0,False,True,,True,2026-08-31T01:46:00.000000Z,2026-08-31T14:44:23.756307Z,2026-08-31T14:44:23.756307Z,Million BTU's (displayed as Dth),7d3a3704ceb7fce4f1996b3595e796aae4d0ce40ed8dd8ebf2e12a22da533c67,https://pipeline2.kindermorgan.com/Capacity/OpAvailPoint.aspx?code=TGP,data/raw/km_tgp_point_delivery_capacity/2026/08/31/7d3a3704ceb7fce4f1996b3595e796aae4d0ce40ed8dd8ebf2e12a22da533c67.xlsx,km_tgp_point_delivery_capacity:1788187463756307000:7d3a3704ceb7fce4f1996b3595e796aae4d0ce40ed8dd8ebf2e12a22da533c67
point,delivery,2026-08-31,2026-08-31T14:00:00.000000Z,2026-08-31T09:00:00,EVENING,420022,143,DELTAMS/TGP LAMBERT MS QUITMAN,01,TGP:420022,TGP:SEG:143,D,7595,7595.0,59.0,7536.0,False,True,,True,2026-08-31T01:46:00.000000Z,2026-08-31T14:44:23.756307Z,2026-08-31T14:44:23.756307Z,Million BTU's (displayed as Dth),7d3a3704ceb7fce4f1996b3595e796aae4d0ce40ed8dd8ebf2e12a22da533c67,https://pipeline2.kindermorgan.com/Capacity/OpAvailPoint.aspx?code=TGP,data/raw/km_tgp_point_delivery_capacity/2026/08/31/7d3a3704ceb7fce4f1996b3595e796aae4d0ce40ed8dd8ebf2e12a22da533c67.xlsx,km_tgp_point_delivery_capacity:1788187463756307000:7d3a3704ceb7fce4f1996b3595e796aae4d0ce40ed8dd8ebf2e12a22da533c67
point,delivery,2026-08-31,2026-08-31T14:00:00.000000Z,2026-08-31T09:00:00,EVENING,420023,143,DELTAMS/TGP CROWDER MS QUITMAN,01,TGP:420023,TGP:SEG:143,D,8258,8258.0,59.0,8199.0,False,True,,True,2026-08-31T01:46:00.000000Z,2026-08-31T14:44:23.756307Z,2026-08-31T14:44:23.756307Z,Million BTU's (displayed as Dth),7d3a3704ceb7fce4f1996b3595e796aae4d0ce40ed8dd8ebf2e12a22da533c67,https://pipeline2.kindermorgan.com/Capacity/OpAvailPoint.aspx?code=TGP,data/raw/km_tgp_point_delivery_capacity/2026/08/31/7d3a3704ceb7fce4f1996b3595e796aae4d0ce40ed8dd8ebf2e12a22da533c67.xlsx,km_tgp_point_delivery_capacity:1788187463756307000:7d3a3704ceb7fce4f1996b3595e796aae4d0ce40ed8dd8ebf2e12a22da533c67
point,delivery,2026-08-31,2026-08-31T14:00:00.000000Z,2026-08-31T09:00:00,EVENING,420141,143,DELTAMS/TGP SHAW MS SUNFLOWER,01,TGP:420141,TGP:SEG:143,D,1253,1253.0,59.0,1194.0,False,True,,True,2026-08-31T01:46:00.000000Z,2026-08-31T14:44:23.756307Z,2026-08-31T14:44:23.756307Z,Million BTU's (displayed as Dth),7d3a3704ceb7fce4f1996b3595e796aae4d0ce40ed8dd8ebf2e12a22da533c67,https://pipeline2.kindermorgan.com/Capacity/OpAvailPoint.aspx?code=TGP,data/raw/km_tgp_point_delivery_capacity/2026/08/31/7d3a3704ceb7fce4f1996b3595e796aae4d0ce40ed8dd8ebf2e12a22da533c67.xlsx,km_tgp_point_delivery_capacity:1788187463756307000:7d3a3704ceb7fce4f1996b3595e796aae4d0ce40ed8dd8ebf2e12a22da533c67
point,delivery,2026-08-31,2026-08-31T14:00:00.000000Z,2026-08-31T09:00:00,EVENING,420142,143,DELTAMS/TGP RULEVILLE MS SUNFLOWER,01,TGP:420142,TGP:SEG:143,D,9344,9344.0,59.0,9285.0,False,True,,True,2026-08-31T01:46:00.000000Z,2026-08-31T14:44:23.756307Z,2026-08-31T14:44:23.756307Z,Million BTU's (displayed as Dth),7d3a3704ceb7fce4f1996b3595e796aae4d0ce40ed8dd8ebf2e12a22da533c67,https://pipeline2.kindermorgan.com/Capacity/OpAvailPoint.aspx?code=TGP,data/raw/km_tgp_point_delivery_capacity/2026/08/31/7d3a3704ceb7fce4f1996b3595e796aae4d0ce40ed8dd8ebf2e12a22da533c67.xlsx,km_tgp_point_delivery_capacity:1788187463756307000:7d3a3704ceb7fce4f1996b3595e796aae4d0ce40ed8dd8ebf2e12a22da533c67
point,delivery,2026-08-31,2026-08-31T14:00:00.000000Z,2026-08-31T09:00:00,EVENING,420143,143,DELTAMS/TGP DREW MS SUNFLOWER,01,TGP:420143,TGP:SEG:143,D,9252,9252.0,59.0,9193.0,False,True,,True,2026-08-31T01:46:00.000000Z,2026-08-31T14:44:23.756307Z,2026-08-31T14:44:23.756307Z,Million BTU's (displayed as Dth),7d3a3704ceb7fce4f1996b3595e796aae4d0ce40ed8dd8ebf2e12a22da533c67,https://pipeline2.kindermorgan.com/Capacity/OpAvailPoint.aspx?code=TGP,data/raw/km_tgp_point_delivery_capacity/2026/08/31/7d3a3704ceb7fce4f1996b3595e796aae4d0ce40ed8dd8ebf2e12a22da533c67.xlsx,km_tgp_point_delivery_capacity:1788187463756307000:7d3a3704ceb7fce4f1996b3595e796aae4d0ce40ed8dd8ebf2e12a22da533c67
point,delivery,2026-08-31,2026-08-31T14:00:00.000000Z,2026-08-31T09:00:00,EVENING,420295,143,SUMUTI/TGP MONTROSE AR CHICOT,01,TGP:420295,TGP:SEG:143,D,1014,1014.0,30.0,984.0,False,True,,True,2026-08-31T01:46:00.000000Z,2026-08-31T14:44:23.756307Z,2026-08-31T14:44:23.756307Z,Million BTU's (displayed as Dth),7d3a3704ceb7fce4f1996b3595e796aae4d0ce40ed8dd8ebf2e12a22da533c67,https://pipeline2.kindermorgan.com/Capacity/OpAvailPoint.aspx?code=TGP,data/raw/km_tgp_point_delivery_capacity/2026/08/31/7d3a3704ceb7fce4f1996b3595e796aae4d0ce40ed8dd8ebf2e12a22da533c67.xlsx,km_tgp_point_delivery_capacity:1788187463756307000:7d3a3704ceb7fce4f1996b3595e796aae4d0ce40ed8dd8ebf2e12a22da533c67
point,delivery,2026-08-31,2026-08-31T14:00:00.000000Z,2026-08-31T09:00:00,EVENING,420712,143,ENT MS/TGP POWER RIVERS SALES WASHI,01,TGP:420712,TGP:SEG:143,D,294262,294262.0,100000.0,194262.0,False,True,,True,2026-08-31T01:46:00.000000Z,2026-08-31T14:44:23.756307Z,2026-08-31T14:44:23.756307Z,Million BTU's (displayed as Dth),7d3a3704ceb7fce4f1996b3595e796aae4d0ce40ed8dd8ebf2e12a22da533c67,https://pipeline2.kindermorgan.com/Capacity/OpAvailPoint.aspx?code=TGP,data/raw/km_tgp_point_delivery_capacity/2026/08/31/7d3a3704ceb7fce4f1996b3595e796aae4d0ce40ed8dd8ebf2e12a22da533c67.xlsx,km_tgp_point_delivery_capacity:1788187463756307000:7d3a3704ceb7fce4f1996b3595e796aae4d0ce40ed8dd8ebf2e12a22da533c67
point,delivery,2026-08-31,2026-08-31T14:00:00.000000Z,2026-08-31T09:00:00,EVENING,420911,143,ATMOS-MS/TGP GREENVILLE DELIVERY WA,01,TGP:420911,TGP:SEG:143,D,38024,38024.0,0.0,38024.0,False,True,,True,2026-08-31T01:46:00.000000Z,2026-08-31T14:44:23.756307Z,2026-08-31T14:44:23.756307Z,Million BTU's (displayed as Dth),7d3a3704ceb7fce4f1996b3595e796aae4d0ce40ed8dd8ebf2e12a22da533c67,https://pipeline2.kindermorgan.com/Capacity/OpAvailPoint.aspx?code=TGP,data/raw/km_tgp_point_delivery_capacity/2026/08/31/7d3a3704ceb7fce4f1996b3595e796aae4d0ce40ed8dd8ebf2e12a22da533c67.xlsx,km_tgp_point_delivery_capacity:1788187463756307000:7d3a3704ceb7fce4f1996b3595e796aae4d0ce40ed8dd8ebf2e12a22da533c67
point,delivery,2026-08-31,2026-08-31T14:00:00.000000Z,2026-08-31T09:00:00,EVENING,420941,143,ANR/TGP TGP ANR GREENVILLE INTERCON,01,TGP:420941,TGP:SEG:143,BD,533000,533000.0,244.0,532756.0,False,True,,True,2026-08-31T01:46:00.000000Z,2026-08-31T14:44:23.756307Z,2026-08-31T14:44:23.756307Z,Million BTU's (displayed as Dth),7d3a3704ceb7fce4f1996b3595e796aae4d0ce40ed8dd8ebf2e12a22da533c67,https://pipeline2.kindermorgan.com/Capacity/OpAvailPoint.aspx?code=TGP,data/raw/km_tgp_point_delivery_capacity/2026/08/31/7d3a3704ceb7fce4f1996b3595e796aae4d0ce40ed8dd8ebf2e12a22da533c67.xlsx,km_tgp_point_delivery_capacity:1788187463756307000:7d3a3704ceb7fce4f1996b3595e796aae4d0ce40ed8dd8ebf2e12a22da533c67
point,delivery,2026-08-31,2026-08-31T14:00:00.000000Z,2026-08-31T09:00:00,EVENING,421012,143,ANR/TGP GREENVILLE SOUTH RECEIPT WA,01,TGP:421012,TGP:SEG:143,BD,456000,456000.0,0.0,456000.0,False,True,,True,2026-08-31T01:46:00.000000Z,2026-08-31T14:44:23.756307Z,2026-08-31T14:44:23.756307Z,Million BTU's (displayed as Dth),7d3a3704ceb7fce4f1996b3595e796aae4d0ce40ed8dd8ebf2e12a22da533c67,https://pipeline2.kindermorgan.com/Capacity/OpAvailPoint.aspx?code=TGP,data/raw/km_tgp_point_delivery_capacity/2026/08/31/7d3a3704ceb7fce4f1996b3595e796aae4d0ce40ed8dd8ebf2e12a22da533c67.xlsx,km_tgp_point_delivery_capacity:1788187463756307000:7d3a3704ceb7fce4f1996b3595e796aae4d0ce40ed8dd8ebf2e12a22da533c67
point,delivery,2026-08-31,2026-08-31T14:00:00.000000Z,2026-08-31T09:00:00,EVENING,421013,143,BBTMIDLA/TGP FAIRBANKS OUACHITA,01,TGP:421013,TGP:SEG:143,D,189247,189247.0,0.0,189247.0,False,True,,True,2026-08-31T01:46:00.000000Z,2026-08-31T14:44:23.756307Z,2026-08-31T14:44:23.756307Z,Million BTU's (displayed as Dth),7d3a3704ceb7fce4f1996b3595e796aae4d0ce40ed8dd8ebf2e12a22da533c67,https://pipeline2.kindermorgan.com/Capacity/OpAvailPoint.aspx?code=TGP,data/raw/km_tgp_point_delivery_capacity/2026/08/31/7d3a3704ceb7fce4f1996b3595e796aae4d0ce40ed8dd8ebf2e12a22da533c67.xlsx,km_tgp_point_delivery_capacity:1788187463756307000:7d3a3704ceb7fce4f1996b3595e796aae4d0ce40ed8dd8ebf2e12a22da533c67
point,delivery,2026-08-31,2026-08-31T14:00:00.000000Z,2026-08-31T09:00:00,EVENING,421062,143,ENTRGYLA/TGP PERRYVILLE POWER OUACH,01,TGP:421062,TGP:SEG:143,D,181425,181425.0,5000.0,176425.0,False,True,,True,2026-08-31T01:46:00.000000Z,2026-08-31T14:44:23.756307Z,2026-08-31T14:44:23.756307Z,Million BTU's (displayed as Dth),7d3a3704ceb7fce4f1996b3595e796aae4d0ce40ed8dd8ebf2e12a22da533c67,https://pipeline2.kindermorgan.com/Capacity/OpAvailPoint.aspx?code=TGP,data/raw/km_tgp_point_delivery_capacity/2026/08/31/7d3a3704ceb7fce4f1996b3595e796aae4d0ce40ed8dd8ebf2e12a22da533c67.xlsx,km_tgp_point_delivery_capacity:1788187463756307000:7d3a3704ceb7fce4f1996b3595e796aae4d0ce40ed8dd8ebf2e12a22da533c67
point,delivery,2026-08-31,2026-08-31T14:00:00.000000Z,2026-08-31T09:00:00,EVENING,47872,143,ATMOS TL/TGP CHAUVIN OUACHITA,01,TGP:47872,TGP:SEG:143,D,31775,31775.0,1477.0,30298.0,False,True,,True,2026-08-31T01:46:00.000000Z,2026-08-31T14:44:23.756307Z,2026-08-31T14:44:23.756307Z,Million BTU's (displayed as Dth),7d3a3704ceb7fce4f1996b3595e796aae4d0ce40ed8dd8ebf2e12a22da533c67,https://pipeline2.kindermorgan.com/Capacity/OpAvailPoint.aspx?code=TGP,data/raw/km_tgp_point_delivery_capacity/2026/08/31/7d3a3704ceb7fce4f1996b3595e796aae4d0ce40ed8dd8ebf2e12a22da533c67.xlsx,km_tgp_point_delivery_capacity:1788187463756307000:7d3a3704ceb7fce4f1996b3595e796aae4d0ce40ed8dd8ebf2e12a22da533c67
point,delivery,2026-08-31,2026-08-31T14:00:00.000000Z,2026-08-31T09:00:00,EVENING,48813,143,ATMOS TL/TGP GOODHOPE OUACHITA,01,TGP:48813,TGP:SEG:143,D,30750,30750.0,0.0,30750.0,False,True,,True,2026-08-31T01:46:00.000000Z,2026-08-31T14:44:23.756307Z,2026-08-31T14:44:23.756307Z,Million BTU's (displayed as Dth),7d3a3704ceb7fce4f1996b3595e796aae4d0ce40ed8dd8ebf2e12a22da533c67,https://pipeline2.kindermorgan.com/Capacity/OpAvailPoint.aspx?code=TGP,data/raw/km_tgp_point_delivery_capacity/2026/08/31/7d3a3704ceb7fce4f1996b3595e796aae4d0ce40ed8dd8ebf2e12a22da533c67.xlsx,km_tgp_point_delivery_capacity:1788187463756307000:7d3a3704ceb7fce4f1996b3595e796aae4d0ce40ed8dd8ebf2e12a22da533c67
point,delivery,2026-08-31,2026-08-31T14:00:00.000000Z,2026-08-31T09:00:00,EVENING,49780,143,GULFSTH/TGP WORTHY ROAD SOUTH OUACH,01,TGP:49780,TGP:SEG:143,D,346450,346450.0,0.0,346450.0,False,True,,True,2026-08-31T01:46:00.000000Z,2026-08-31T14:44:23.756307Z,2026-08-31T14:44:23.756307Z,Million BTU's (displayed as Dth),7d3a3704ceb7fce4f1996b3595e796aae4d0ce40ed8dd8ebf2e12a22da533c67,https://pipeline2.kindermorgan.com/Capacity/OpAvailPoint.aspx?code=TGP,data/raw/km_tgp_point_delivery_capacity/2026/08/31/7d3a3704ceb7fce4f1996b3595e796aae4d0ce40ed8dd8ebf2e12a22da533c67.xlsx,km_tgp_point_delivery_capacity:1788187463756307000:7d3a3704ceb7fce4f1996b3595e796aae4d0ce40ed8dd8ebf2e12a22da533c67
point,delivery,2026-08-31,2026-08-31T14:00:00.000000Z,2026-08-31T09:00:00,EVENING,400467,163,CLARKSVL/TGP CLARKSVILLE TN CHEATHA,01,TGP:400467,TGP:SEG:163,D,61176,61176.0,13404.0,47772.0,False,True,,True,2026-08-31T01:46:00.000000Z,2026-08-31T14:44:23.756307Z,2026-08-31T14:44:23.756307Z,Million BTU's (displayed as Dth),7d3a3704ceb7fce4f1996b3595e796aae4d0ce40ed8dd8ebf2e12a22da533c67,https://pipeline2.kindermorgan.com/Capacity/OpAvailPoint.aspx?code=TGP,data/raw/km_tgp_point_delivery_capacity/2026/08/31/7d3a3704ceb7fce4f1996b3595e796aae4d0ce40ed8dd8ebf2e12a22da533c67.xlsx,km_tgp_point_delivery_capacity:1788187463756307000:7d3a3704ceb7fce4f1996b3595e796aae4d0ce40ed8dd8ebf2e12a22da533c67
point,delivery,2026-08-31,2026-08-31T14:00:00.000000Z,2026-08-31T09:00:00,EVENING,420024,163,UTILMGMT/TGP SENATOBIA MS PANOLA,01,TGP:420024,TGP:SEG:163,D,18236,18236.0,494.0,17742.0,False,True,,True,2026-08-31T01:46:00.000000Z,2026-08-31T14:44:23.756307Z,2026-08-31T14:44:23.756307Z,Million BTU's (displayed as Dth),7d3a3704ceb7fce4f1996b3595e796aae4d0ce40ed8dd8ebf2e12a22da533c67,https://pipeline2.kindermorgan.com/Capacity/OpAvailPoint.aspx?code=TGP,data/raw/km_tgp_point_delivery_capacity/2026/08/31/7d3a3704ceb7fce4f1996b3595e796aae4d0ce40ed8dd8ebf2e12a22da533c67.xlsx,km_tgp_point_delivery_capacity:1788187463756307000:7d3a3704ceb7fce4f1996b3595e796aae4d0ce40ed8dd8ebf2e12a22da533c67
point,delivery,2026-08-31,2026-08-31T14:00:00.000000Z,2026-08-31T09:00:00,EVENING,420025,163,DELTAMS/TGP OXFORD MS LAFAYETTE,01,TGP:420025,TGP:SEG:163,D,34260,34260.0,4895.0,29365.0,False,True,,True,2026-08-31T01:46:00.000000Z,2026-08-31T14:44:23.756307Z,2026-08-31T14:44:23.756307Z,Million BTU's (displayed as Dth),7d3a3704ceb7fce4f1996b3595e796aae4d0ce40ed8dd8ebf2e12a22da533c67,https://pipeline2.kindermorgan.com/Capacity/OpAvailPoint.aspx?code=TGP,data/raw/km_tgp_point_delivery_capacity/2026/08/31/7d3a3704ceb7fce4f1996b3595e796aae4d0ce40ed8dd8ebf2e12a22da533c67.xlsx,km_tgp_point_delivery_capacity:1788187463756307000:7d3a3704ceb7fce4f1996b3595e796aae4d0ce40ed8dd8ebf2e12a22da533c67
point,delivery,2026-08-31,2026-08-31T14:00:00.000000Z,2026-08-31T09:00:00,EVENING,420026,163,HOLYSPRG/TGP HOLLY SPRINGS MS MARSH,01,TGP:420026,TGP:SEG:163,D,14221,14221.0,148.0,14073.0,False,True,,True,2026-08-31T01:46:00.000000Z,2026-08-31T14:44:23.756307Z,2026-08-31T14:44:23.756307Z,Million BTU's (displayed as Dth),7d3a3704ceb7fce4f1996b3595e796aae4d0ce40ed8dd8ebf2e12a22da533c67,https://pipeline2.kindermorgan.com/Capacity/OpAvailPoint.aspx?code=TGP,data/raw/km_tgp_point_delivery_capacity/2026/08/31/7d3a3704ceb7fce4f1996b3595e796aae4d0ce40ed8dd8ebf2e12a22da533c67.xlsx,km_tgp_point_delivery_capacity:1788187463756307000:7d3a3704ceb7fce4f1996b3595e796aae4d0ce40ed8dd8ebf2e12a22da533c67
point,delivery,2026-08-31,2026-08-31T14:00:00.000000Z,2026-08-31T09:00:00,EVENING,420035,163,DICKSON/TGP DICKSON TN DICKSON,01,TGP:420035,TGP:SEG:163,D,29514,29514.0,5847.0,23667.0,False,True,,True,2026-08-31T01:46:00.000000Z,2026-08-31T14:44:23.756307Z,2026-08-31T14:44:23.756307Z,Million BTU's (displayed as Dth),7d3a3704ceb7fce4f1996b3595e796aae4d0ce40ed8dd8ebf2e12a22da533c67,https://pipeline2.kindermorgan.com/Capacity/OpAvailPoint.aspx?code=TGP,data/raw/km_tgp_point_delivery_capacity/2026/08/31/7d3a3704ceb7fce4f1996b3595e796aae4d0ce40ed8dd8ebf2e12a22da533c67.xlsx,km_tgp_point_delivery_capacity:1788187463756307000:7d3a3704ceb7fce4f1996b3595e796aae4d0ce40ed8dd8ebf2e12a22da533c67
point,delivery,2026-08-31,2026-08-31T14:00:00.000000Z,2026-08-31T09:00:00,EVENING,420036,163,SPRNGFLD/TGP SPRINGFIELD TN ROBERTS,01,TGP:420036,TGP:SEG:163,D,39173,39173.0,1170.0,38003.0,False,True,,True,2026-08-31T01:46:00.000000Z,2026-08-31T14:44:23.756307Z,2026-08-31T14:44:23.756307Z,Million BTU's (displayed as Dth),7d3a3704ceb7fce4f1996b3595e796aae4d0ce40ed8dd8ebf2e12a22da533c67,https://pipeline2.kindermorgan.com/Capacity/OpAvailPoint.aspx?code=TGP,data/raw/km_tgp_point_delivery_capacity/2026/08/31/7d3a3704ceb7fce4f1996b3595e796aae4d0ce40ed8dd8ebf2e12a22da533c67.xlsx,km_tgp_point_delivery_capacity:1788187463756307000:7d3a3704ceb7fce4f1996b3595e796aae4d0ce40ed8dd8ebf2e12a22da533c67
point,delivery,2026-08-31,2026-08-31T14:00:00.000000Z,2026-08-31T09:00:00,EVENING,420042,163,ETNG/TGP EAST LOBELVILLE TN PERRY,01,TGP:420042,TGP:SEG:163,D,269238,269238.0,27764.0,241474.0,False,True,,True,2026-08-31T01:46:00.000000Z,2026-08-31T14:44:23.756307Z,2026-08-31T14:44:23.756307Z,Million BTU's (displayed as Dth),7d3a3704ceb7fce4f1996b3595e796aae4d0ce40ed8dd8ebf2e12a22da533c67,https://pipeline2.kindermorgan.com/Capacity/OpAvailPoint.aspx?code=TGP,data/raw/km_tgp_point_delivery_capacity/2026/08/31/7d3a3704ceb7fce4f1996b3595e796aae4d0ce40ed8dd8ebf2e12a22da533c67.xlsx,km_tgp_point_delivery_capacity:1788187463756307000:7d3a3704ceb7fce4f1996b3595e796aae4d0ce40ed8dd8ebf2e12a22da533c67
point,delivery,2026-08-31,2026-08-31T14:00:00.000000Z,2026-08-31T09:00:00,EVENING,420054,163,BOLIVAR/TGP BOLIVAR TN HARDEMAN,01,TGP:420054,TGP:SEG:163,D,12409,12409.0,401.0,12008.0,False,True,,True,2026-08-31T01:46:00.000000Z,2026-08-31T14:44:23.756307Z,2026-08-31T14:44:23.756307Z,Million BTU's (displayed as Dth),7d3a3704ceb7fce4f1996b3595e796aae4d0ce40ed8dd8ebf2e12a22da533c67,https://pipeline2.kindermorgan.com/Capacity/OpAvailPoint.aspx?code=TGP,data/raw/km_tgp_point_delivery_capacity/2026/08/31/7d3a3704ceb7fce4f1996b3595e796aae4d0ce40ed8dd8ebf2e12a22da533c67.xlsx,km_tgp_point_delivery_capacity:1788187463756307000:7d3a3704ceb7fce4f1996b3595e796aae4d0ce40ed8dd8ebf2e12a22da533c67
point,delivery,2026-08-31,2026-08-31T14:00:00.000000Z,2026-08-31T09:00:00,EVENING,420055,163,PARSONS/TGP PARSONS TN DECATUR,01,TGP:420055,TGP:SEG:163,D,10446,10446.0,346.0,10100.0,False,True,,True,2026-08-31T01:46:00.000000Z,2026-08-31T14:44:23.756307Z,2026-08-31T14:44:23.756307Z,Million BTU's (displayed as Dth),7d3a3704ceb7fce4f1996b3595e796aae4d0ce40ed8dd8ebf2e12a22da533c67,https://pipeline2.kindermorgan.com/Capacity/OpAvailPoint.aspx?code=TGP,data/raw/km_tgp_point_delivery_capacity/2026/08/31/7d3a3704ceb7fce4f1996b3595e796aae4d0ce40ed8dd8ebf2e12a22da533c67.xlsx,km_tgp_point_delivery_capacity:1788187463756307000:7d3a3704ceb7fce4f1996b3595e796aae4d0ce40ed8dd8ebf2e12a22da533c67
point,delivery,2026-08-31,2026-08-31T14:00:00.000000Z,2026-08-31T09:00:00,EVENING,420056,163,LEXINGTN/TGP LEXINGTON TN DECATUR,01,TGP:420056,TGP:SEG:163,D,13913,13913.0,309.0,13604.0,False,True,,True,2026-08-31T01:46:00.000000Z,2026-08-31T14:44:23.756307Z,2026-08-31T14:44:23.756307Z,Million BTU's (displayed as Dth),7d3a3704ceb7fce4f1996b3595e796aae4d0ce40ed8dd8ebf2e12a22da533c67,https://pipeline2.kindermorgan.com/Capacity/OpAvailPoint.aspx?code=TGP,data/raw/km_tgp_point_delivery_capacity/2026/08/31/7d3a3704ceb7fce4f1996b3595e796aae4d0ce40ed8dd8ebf2e12a22da533c67.xlsx,km_tgp_point_delivery_capacity:1788187463756307000:7d3a3704ceb7fce4f1996b3595e796aae4d0ce40ed8dd8ebf2e12a22da533c67
point,delivery,2026-08-31,2026-08-31T14:00:00.000000Z,2026-08-31T09:00:00,EVENING,420140,163,UTILMGMT/TGP LOBELVILLE TN PERRY,01,TGP:420140,TGP:SEG:163,D,1202,1202.0,44.0,1158.0,False,True,,True,2026-08-31T01:46:00.000000Z,2026-08-31T14:44:23.756307Z,2026-08-31T14:44:23.756307Z,Million BTU's (displayed as Dth),7d3a3704ceb7fce4f1996b3595e796aae4d0ce40ed8dd8ebf2e12a22da533c67,https://pipeline2.kindermorgan.com/Capacity/OpAvailPoint.aspx?code=TGP,data/raw/km_tgp_point_delivery_capacity/2026/08/31/7d3a3704ceb7fce4f1996b3595e796aae4d0ce40ed8dd8ebf2e12a22da533c67.xlsx,km_tgp_point_delivery_capacity:1788187463756307000:7d3a3704ceb7fce4f1996b3595e796aae4d0ce40ed8dd8ebf2e12a22da533c67
point,delivery,2026-08-31,2026-08-31T14:00:00.000000Z,2026-08-31T09:00:00,EVENING,420145,163,UTILMGMT/TGP BATESVILLE MS PANOLA,01,TGP:420145,TGP:SEG:163,D,9971,9971.0,544.0,9427.0,False,True,,True,2026-08-31T01:46:00.000000Z,2026-08-31T14:44:23.756307Z,2026-08-31T14:44:23.756307Z,Million BTU's (displayed as Dth),7d3a3704ceb7fce4f1996b3595e796aae4d0ce40ed8dd8ebf2e12a22da533c67,https://pipeline2.kindermorgan.com/Capacity/OpAvailPoint.aspx?code=TGP,data/raw/km_tgp_point_delivery_capacity/2026/08/31/7d3a3704ceb7fce4f1996b3595e796aae4d0ce40ed8dd8ebf2e12a22da533c67.xlsx,km_tgp_point_delivery_capacity:1788187463756307000:7d3a3704ceb7fce4f1996b3595e796aae4d0ce40ed8dd8ebf2e12a22da533c67
point,delivery,2026-08-31,2026-08-31T14:00:00.000000Z,2026-08-31T09:00:00,EVENING,420152,163,ASHLNDMS/TGP ASHLAND MS BENTON,01,TGP:420152,TGP:SEG:163,D,825,825.0,55.0,770.0,False,True,,True,2026-08-31T01:46:00.000000Z,2026-08-31T14:44:23.756307Z,2026-08-31T14:44:23.756307Z,Million BTU's (displayed as Dth),7d3a3704ceb7fce4f1996b3595e796aae4d0ce40ed8dd8ebf2e12a22da533c67,https://pipeline2.kindermorgan.com/Capacity/OpAvailPoint.aspx?code=TGP,data/raw/km_tgp_point_delivery_capacity/2026/08/31/7d3a3704ceb7fce4f1996b3595e796aae4d0ce40ed8dd8ebf2e12a22da533c67.xlsx,km_tgp_point_delivery_capacity:1788187463756307000:7d3a3704ceb7fce4f1996b3595e796aae4d0ce40ed8dd8ebf2e12a22da533c67
point,delivery,2026-08-31,2026-08-31T14:00:00.000000Z,2026-08-31T09:00:00,EVENING,420202,163,WEST TN/TGP SARDIS TN HENDERSON,01,TGP:420202,TGP:SEG:163,D,21978,21978.0,7500.0,14478.0,False,True,,True,2026-08-31T01:46:00.000000Z,2026-08-31T14:44:23.756307Z,2026-08-31T14:44:23.756307Z,Million BTU's (displayed as Dth),7d3a3704ceb7fce4f1996b3595e796aae4d0ce40ed8dd8ebf2e12a22da533c67,https://pipeline2.kindermorgan.com/Capacity/OpAvailPoint.aspx?code=TGP,data/raw/km_tgp_point_delivery_capacity/2026/08/31/7d3a3704ceb7fce4f1996b3595e796aae4d0ce40ed8dd8ebf2e12a22da533c67.xlsx,km_tgp_point_delivery_capacity:1788187463756307000:7d3a3704ceb7fce4f1996b3595e796aae4d0ce40ed8dd8ebf2e12a22da533c67
point,delivery,2026-08-31,2026-08-31T14:00:00.000000Z,2026-08-31T09:00:00,EVENING,420219,163,WALNUT/TGP WALNUT MS HARDEMAN,01,TGP:420219,TGP:SEG:163,D,2060,2060.0,100.0,1960.0,False,True,,True,2026-08-31T01:46:00.000000Z,2026-08-31T14:44:23.756307Z,2026-08-31T14:44:23.756307Z,Million BTU's (displayed as Dth),7d3a3704ceb7fce4f1996b3595e796aae4d0ce40ed8dd8ebf2e12a22da533c67,https://pipeline2.kindermorgan.com/Capacity/OpAvailPoint.aspx?code=TGP,data/raw/km_tgp_point_delivery_capacity/2026/08/31/7d3a3704ceb7fce4f1996b3595e796aae4d0ce40ed8dd8ebf2e12a22da533c67.xlsx,km_tgp_point_delivery_capacity:1788187463756307000:7d3a3704ceb7fce4f1996b3595e796aae4d0ce40ed8dd8ebf2e12a22da533c67
point,delivery,2026-08-31,2026-08-31T14:00:00.000000Z,2026-08-31T09:00:00,EVENING,420280,163,SPIR TEN/TGP GREENBRIER SALES ROBER,01,TGP:420280,TGP:SEG:163,D,2652,2652.0,0.0,2652.0,False,True,,True,2026-08-31T01:46:00.000000Z,2026-08-31T14:44:23.756307Z,2026-08-31T14:44:23.756307Z,Million BTU's (displayed as Dth),7d3a3704ceb7fce4f1996b3595e796aae4d0ce40ed8dd8ebf2e12a22da533c67,https://pipeline2.kindermorgan.com/Capacity/OpAvailPoint.aspx?code=TGP,data/raw/km_tgp_point_delivery_capacity/2026/08/31/7d3a3704ceb7fce4f1996b3595e796aae4d0ce40ed8dd8ebf2e12a22da533c67.xlsx,km_tgp_point_delivery_capacity:1788187463756307000:7d3a3704ceb7fce4f1996b3595e796aae4d0ce40ed8dd8ebf2e12a22da533c67
point,delivery,2026-08-31,2026-08-31T14:00:00.000000Z,2026-08-31T09:00:00,EVENING,420281,163,CONOCOPH/TGP MCEWEN TN DICKSON,01,TGP:420281,TGP:SEG:163,D,16350,16350.0,840.0,15510.0,False,True,,True,2026-08-31T01:46:00.000000Z,2026-08-31T14:44:23.756307Z,2026-08-31T14:44:23.756307Z,Million BTU's (displayed as Dth),7d3a3704ceb7fce4f1996b3595e796aae4d0ce40ed8dd8ebf2e12a22da533c67,https://pipeline2.kindermorgan.com/Capacity/OpAvailPoint.aspx?code=TGP,data/raw/km_tgp_point_delivery_capacity/2026/08/31/7d3a3704ceb7fce4f1996b3595e796aae4d0ce40ed8dd8ebf2e12a22da533c67.xlsx,km_tgp_point_delivery_capacity:1788187463756307000:7d3a3704ceb7fce4f1996b3595e796aae4d0ce40ed8dd8ebf2e12a22da533c67
point,delivery,2026-08-31,2026-08-31T14:00:00.000000Z,2026-08-31T09:00:00,EVENING,420309,163,SPIR TEN/TGP ASHLAND TN CHEATHAM,01,TGP:420309,TGP:SEG:163,D,7269,7269.0,0.0,7269.0,False,True,,True,2026-08-31T01:46:00.000000Z,2026-08-31T14:44:23.756307Z,2026-08-31T14:44:23.756307Z,Million BTU's (displayed as Dth),7d3a3704ceb7fce4f1996b3595e796aae4d0ce40ed8dd8ebf2e12a22da533c67,https://pipeline2.kindermorgan.com/Capacity/OpAvailPoint.aspx?code=TGP,data/raw/km_tgp_point_delivery_capacity/2026/08/31/7d3a3704ceb7fce4f1996b3595e796aae4d0ce40ed8dd8ebf2e12a22da533c67.xlsx,km_tgp_point_delivery_capacity:1788187463756307000:7d3a3704ceb7fce4f1996b3595e796aae4d0ce40ed8dd8ebf2e12a22da533c67
point,delivery,2026-08-31,2026-08-31T14:00:00.000000Z,2026-08-31T09:00:00,EVENING,420364,163,D2ENERGY/TGP MILLEDGEVILLE TN CHEST,01,TGP:420364,TGP:SEG:163,D,949,949.0,0.0,949.0,False,True,,True,2026-08-31T01:46:00.000000Z,2026-08-31T14:44:23.756307Z,2026-08-31T14:44:23.756307Z,Million BTU's (displayed as Dth),7d3a3704ceb7fce4f1996b3595e796aae4d0ce40ed8dd8ebf2e12a22da533c67,https://pipeline2.kindermorgan.com/Capacity/OpAvailPoint.aspx?code=TGP,data/raw/km_tgp_point_delivery_capacity/2026/08/31/7d3a3704ceb7fce4f1996b3595e796aae4d0ce40ed8dd8ebf2e12a22da533c67.xlsx,km_tgp_point_delivery_capacity:1788187463756307000:7d3a3704ceb7fce4f1996b3595e796aae4d0ce40ed8dd8ebf2e12a22da533c67
point,delivery,2026-08-31,2026-08-31T14:00:00.000000Z,2026-08-31T09:00:00,EVENING,420378,163,HRDFAYET/TGP MOSCOW TN HARDEMAN,01,TGP:420378,TGP:SEG:163,D,7977,7977.0,247.0,7730.0,False,True,,True,2026-08-31T01:46:00.000000Z,2026-08-31T14:44:23.756307Z,2026-08-31T14:44:23.756307Z,Million BTU's (displayed as Dth),7d3a3704ceb7fce4f1996b3595e796aae4d0ce40ed8dd8ebf2e12a22da533c67,https://pipeline2.kindermorgan.com/Capacity/OpAvailPoint.aspx?code=TGP,data/raw/km_tgp_point_delivery_capacity/2026/08/31/7d3a3704ceb7fce4f1996b3595e796aae4d0ce40ed8dd8ebf2e12a22da533c67.xlsx,km_tgp_point_delivery_capacity:1788187463756307000:7d3a3704ceb7fce4f1996b3595e796aae4d0ce40ed8dd8ebf2e12a22da533c67
point,delivery,2026-08-31,2026-08-31T14:00:00.000000Z,2026-08-31T09:00:00,EVENING,420379,163,DICKSON/TGP BURNS TN DICKSON,01,TGP:420379,TGP:SEG:163,D,14704,14704.0,3301.0,11403.0,False,True,,True,2026-08-31T01:46:00.000000Z,2026-08-31T14:44:23.756307Z,2026-08-31T14:44:23.756307Z,Million BTU's (displayed as Dth),7d3a3704ceb7fce4f1996b3595e796aae4d0ce40ed8dd8ebf2e12a22da533c67,https://pipeline2.kindermorgan.com/Capacity/OpAvailPoint.aspx?code=TGP,data/raw/km_tgp_point_delivery_capacity/2026/08/31/7d3a3704ceb7fce4f1996b3595e796aae4d0ce40ed8dd8ebf2e12a22da533c67.xlsx,km_tgp_point_delivery_capacity:1788187463756307000:7d3a3704ceb7fce4f1996b3595e796aae4d0ce40ed8dd8ebf2e12a22da533c67
point,delivery,2026-08-31,2026-08-31T14:00:00.000000Z,2026-08-31T09:00:00,EVENING,420454,163,/TGP WAVERLEY TN PERRY,01,TGP:420454,TGP:SEG:163,D,37996,37996.0,8830.0,29166.0,False,True,,True,2026-08-31T01:46:00.000000Z,2026-08-31T14:44:23.756307Z,2026-08-31T14:44:23.756307Z,Million BTU's (displayed as Dth),7d3a3704ceb7fce4f1996b3595e796aae4d0ce40ed8dd8ebf2e12a22da533c67,https://pipeline2.kindermorgan.com/Capacity/OpAvailPoint.aspx?code=TGP,data/raw/km_tgp_point_delivery_capacity/2026/08/31/7d3a3704ceb7fce4f1996b3595e796aae4d0ce40ed8dd8ebf2e12a22da533c67.xlsx,km_tgp_point_delivery_capacity:1788187463756307000:7d3a3704ceb7fce4f1996b3595e796aae4d0ce40ed8dd8ebf2e12a22da533c67
point,delivery,2026-08-31,2026-08-31T14:00:00.000000Z,2026-08-31T09:00:00,EVENING,420486,163,CENTRVIL/TGP CENTERVILLE ONLY TN SA,01,TGP:420486,TGP:SEG:163,D,2002,2002.0,76.0,1926.0,False,True,,True,2026-08-31T01:46:00.000000Z,2026-08-31T14:44:23.756307Z,2026-08-31T14:44:23.756307Z,Million BTU's (displayed as Dth),7d3a3704ceb7fce4f1996b3595e796aae4d0ce40ed8dd8ebf2e12a22da533c67,https://pipeline2.kindermorgan.com/Capacity/OpAvailPoint.aspx?code=TGP,data/raw/km_tgp_point_delivery_capacity/2026/08/31/7d3a3704ceb7fce4f1996b3595e796aae4d0ce40ed8dd8ebf2e12a22da533c67.xlsx,km_tgp_point_delivery_capacity:1788187463756307000:7d3a3704ceb7fce4f1996b3595e796aae4d0ce40ed8dd8ebf2e12a22da533c67
point,delivery,2026-08-31,2026-08-31T14:00:00.000000Z,2026-08-31T09:00:00,EVENING,420653,163,SPRNGFLD/TGP ROCK SPRINGS SALES ROB,01,TGP:420653,TGP:SEG:163,D,1968,1968.0,415.0,1553.0,False,True,,True,2026-08-31T01:46:00.000000Z,2026-08-31T14:44:23.756307Z,2026-08-31T14:44:23.756307Z,Million BTU's (displayed as Dth),7d3a3704ceb7fce4f1996b3595e796aae4d0ce40ed8dd8ebf2e12a22da533c67,https://pipeline2.kindermorgan.com/Capacity/OpAvailPoint.aspx?code=TGP,data/raw/km_tgp_point_delivery_capacity/2026/08/31/7d3a3704ceb7fce4f1996b3595e796aae4d0ce40ed8dd8ebf2e12a22da533c67.xlsx,km_tgp_point_delivery_capacity:1788187463756307000:7d3a3704ceb7fce4f1996b3595e796aae4d0ce40ed8dd8ebf2e12a22da533c67
point,delivery,2026-08-31,2026-08-31T14:00:00.000000Z,2026-08-31T09:00:00,EVENING,420654,163,SPRNGFLD/TGP CROSS PLAINS SALES ROB,01,TGP:420654,TGP:SEG:163,D,1501,1501.0,415.0,1086.0,False,True,,True,2026-08-31T01:46:00.000000Z,2026-08-31T14:44:23.756307Z,2026-08-31T14:44:23.756307Z,Million BTU's (displayed as Dth),7d3a3704ceb7fce4f1996b3595e796aae4d0ce40ed8dd8ebf2e12a22da533c67,https://pipeline2.kindermorgan.com/Capacity/OpAvailPoint.aspx?code=TGP,data/raw/km_tgp_point_delivery_capacity/2026/08/31/7d3a3704ceb7fce4f1996b3595e796aae4d0ce40ed8dd8ebf2e12a22da533c67.xlsx,km_tgp_point_delivery_capacity:1788187463756307000:7d3a3704ceb7fce4f1996b3595e796aae4d0ce40ed8dd8ebf2e12a22da533c67
point,delivery,2026-08-31,2026-08-31T14:00:00.000000Z,2026-08-31T09:00:00,EVENING,420661,163,LINDEN/TGP LICK CREEK SALES PERRY,01,TGP:420661,TGP:SEG:163,D,2625,2625.0,105.0,2520.0,False,True,,True,2026-08-31T01:46:00.000000Z,2026-08-31T14:44:23.756307Z,2026-08-31T14:44:23.756307Z,Million BTU's (displayed as Dth),7d3a3704ceb7fce4f1996b3595e796aae4d0ce40ed8dd8ebf2e12a22da533c67,https://pipeline2.kindermorgan.com/Capacity/OpAvailPoint.aspx?code=TGP,data/raw/km_tgp_point_delivery_capacity/2026/08/31/7d3a3704ceb7fce4f1996b3595e796aae4d0ce40ed8dd8ebf2e12a22da533c67.xlsx,km_tgp_point_delivery_capacity:1788187463756307000:7d3a3704ceb7fce4f1996b3595e796aae4d0ce40ed8dd8ebf2e12a22da533c67
point,delivery,2026-08-31,2026-08-31T14:00:00.000000Z,2026-08-31T09:00:00,EVENING,420761,163,D2ENERGY/TGP ADAMSVILLE TN MC NAIRY,01,TGP:420761,TGP:SEG:163,D,3524,3524.0,0.0,3524.0,False,True,,True,2026-08-31T01:46:00.000000Z,2026-08-31T14:44:23.756307Z,2026-08-31T14:44:23.756307Z,Million BTU's (displayed as Dth),7d3a3704ceb7fce4f1996b3595e796aae4d0ce40ed8dd8ebf2e12a22da533c67,https://pipeline2.kindermorgan.com/Capacity/OpAvailPoint.aspx?code=TGP,data/raw/km_tgp_point_delivery_capacity/2026/08/31/7d3a3704ceb7fce4f1996b3595e796aae4d0ce40ed8dd8ebf2e12a22da533c67.xlsx,km_tgp_point_delivery_capacity:1788187463756307000:7d3a3704ceb7fce4f1996b3595e796aae4d0ce40ed8dd8ebf2e12a22da533c67
point,delivery,2026-08-31,2026-08-31T14:00:00.000000Z,2026-08-31T09:00:00,EVENING,420830,163,BOLIVAR/TGP BOLIVAR TN  2 MC NAIRY,01,TGP:420830,TGP:SEG:163,D,17014,17014.0,299.0,16715.0,False,True,,True,2026-08-31T01:46:00.000000Z,2026-08-31T14:44:23.756307Z,2026-08-31T14:44:23.756307Z,Million BTU's (displayed as Dth),7d3a3704ceb7fce4f1996b3595e796aae4d0ce40ed8dd8ebf2e12a22da533c67,https://pipeline2.kindermorgan.com/Capacity/OpAvailPoint.aspx?code=TGP,data/raw/km_tgp_point_delivery_capacity/2026/08/31/7d3a3704ceb7fce4f1996b3595e796aae4d0ce40ed8dd8ebf2e12a22da533c67.xlsx,km_tgp_point_delivery_capacity:1788187463756307000:7d3a3704ceb7fce4f1996b3595e796aae4d0ce40ed8dd8ebf2e12a22da533c67
point,delivery,2026-08-31,2026-08-31T14:00:00.000000Z,2026-08-31T09:00:00,EVENING,420836,163,HENDERSN/TGP HENDERSON   2 MC NAIRY,01,TGP:420836,TGP:SEG:163,D,8902,8902.0,650.0,8252.0,False,True,,True,2026-08-31T01:46:00.000000Z,2026-08-31T14:44:23.756307Z,2026-08-31T14:44:23.756307Z,Million BTU's (displayed as Dth),7d3a3704ceb7fce4f1996b3595e796aae4d0ce40ed8dd8ebf2e12a22da533c67,https://pipeline2.kindermorgan.com/Capacity/OpAvailPoint.aspx?code=TGP,data/raw/km_tgp_point_delivery_capacity/2026/08/31/7d3a3704ceb7fce4f1996b3595e796aae4d0ce40ed8dd8ebf2e12a22da533c67.xlsx,km_tgp_point_delivery_capacity:1788187463756307000:7d3a3704ceb7fce4f1996b3595e796aae4d0ce40ed8dd8ebf2e12a22da533c67
point,delivery,2026-08-31,2026-08-31T14:00:00.000000Z,2026-08-31T09:00:00,EVENING,420840,163,LEXINGTN/TGP WEST LEXINGTON SALES C,01,TGP:420840,TGP:SEG:163,D,16824,16824.0,1465.0,15359.0,False,True,,True,2026-08-31T01:46:00.000000Z,2026-08-31T14:44:23.756307Z,2026-08-31T14:44:23.756307Z,Million BTU's (displayed as Dth),7d3a3704ceb7fce4f1996b3595e796aae4d0ce40ed8dd8ebf2e12a22da533c67,https://pipeline2.kindermorgan.com/Capacity/OpAvailPoint.aspx?code=TGP,data/raw/km_tgp_point_delivery_capacity/2026/08/31/7d3a3704ceb7fce4f1996b3595e796aae4d0ce40ed8dd8ebf2e12a22da533c67.xlsx,km_tgp_point_delivery_capacity:1788187463756307000:7d3a3704ceb7fce4f1996b3595e796aae4d0ce40ed8dd8ebf2e12a22da533c67
point,delivery,2026-08-31,2026-08-31T14:00:00.000000Z,2026-08-31T09:00:00,EVENING,420849,163,SELMER/TGP SELMER TN SALES MC NAIRY,01,TGP:420849,TGP:SEG:163,D,3863,3863.0,375.0,3488.0,False,True,,True,2026-08-31T01:46:00.000000Z,2026-08-31T14:44:23.756307Z,2026-08-31T14:44:23.756307Z,Million BTU's (displayed as Dth),7d3a3704ceb7fce4f1996b3595e796aae4d0ce40ed8dd8ebf2e12a22da533c67,https://pipeline2.kindermorgan.com/Capacity/OpAvailPoint.aspx?code=TGP,data/raw/km_tgp_point_delivery_capacity/2026/08/31/7d3a3704ceb7fce4f1996b3595e796aae4d0ce40ed8dd8ebf2e12a22da533c67.xlsx,km_tgp_point_delivery_capacity:1788187463756307000:7d3a3704ceb7fce4f1996b3595e796aae4d0ce40ed8dd8ebf2e12a22da533c67
point,delivery,2026-08-31,2026-08-31T14:00:00.000000Z,2026-08-31T09:00:00,EVENING,420892,163,DICKSON/TGP DICKSON CNTY DICKSON,01,TGP:420892,TGP:SEG:163,D,30000,30000.0,3018.0,26982.0,False,True,,True,2026-08-31T01:46:00.000000Z,2026-08-31T14:44:23.756307Z,2026-08-31T14:44:23.756307Z,Million BTU's (displayed as Dth),7d3a3704ceb7fce4f1996b3595e796aae4d0ce40ed8dd8ebf2e12a22da533c67,https://pipeline2.kindermorgan.com/Capacity/OpAvailPoint.aspx?code=TGP,data/raw/km_tgp_point_delivery_capacity/2026/08/31/7d3a3704ceb7fce4f1996b3595e796aae4d0ce40ed8dd8ebf2e12a22da533c67.xlsx,km_tgp_point_delivery_capacity:1788187463756307000:7d3a3704ceb7fce4f1996b3595e796aae4d0ce40ed8dd8ebf2e12a22da533c67
point,delivery,2026-08-31,2026-08-31T14:00:00.000000Z,2026-08-31T09:00:00,EVENING,420900,163,COOPERAT/TGP BATESVILLE PANOLA,01,TGP:420900,TGP:SEG:163,D,323511,323511.0,136861.0,186650.0,False,True,,True,2026-08-31T01:46:00.000000Z,2026-08-31T14:44:23.756307Z,2026-08-31T14:44:23.756307Z,Million BTU's (displayed as Dth),7d3a3704ceb7fce4f1996b3595e796aae4d0ce40ed8dd8ebf2e12a22da533c67,https://pipeline2.kindermorgan.com/Capacity/OpAvailPoint.aspx?code=TGP,data/raw/km_tgp_point_delivery_capacity/2026/08/31/7d3a3704ceb7fce4f1996b3595e796aae4d0ce40ed8dd8ebf2e12a22da533c67.xlsx,km_tgp_point_delivery_capacity:1788187463756307000:7d3a3704ceb7fce4f1996b3595e796aae4d0ce40ed8dd8ebf2e12a22da533c67
point,delivery,2026-08-31,2026-08-31T14:00:00.000000Z,2026-08-31T09:00:00,EVENING,420907,163,TVA/TGP JOHNSONVILLE HICKMAN,01,TGP:420907,TGP:SEG:163,D,637553,637553.0,60000.0,577553.0,False,True,,True,2026-08-31T01:46:00.000000Z,2026-08-31T14:44:23.756307Z,2026-08-31T14:44:23.756307Z,Million BTU's (displayed as Dth),7d3a3704ceb7fce4f1996b3595e796aae4d0ce40ed8dd8ebf2e12a22da533c67,https://pipeline2.kindermorgan.com/Capacity/OpAvailPoint.aspx?code=TGP,data/raw/km_tgp_point_delivery_capacity/2026/08/31/7d3a3704ceb7fce4f1996b3595e796aae4d0ce40ed8dd8ebf2e12a22da533c67.xlsx,km_tgp_point_delivery_capacity:1788187463756307000:7d3a3704ceb7fce4f1996b3595e796aae4d0ce40ed8dd8ebf2e12a22da533c67
point,delivery,2026-08-31,2026-08-31T14:00:00.000000Z,2026-08-31T09:00:00,EVENING,420948,163,TVA/TGP MAGNOLIA BENTON,01,TGP:420948,TGP:SEG:163,D,184219,184219.0,148307.0,35912.0,False,True,,True,2026-08-31T01:46:00.000000Z,2026-08-31T14:44:23.756307Z,2026-08-31T14:44:23.756307Z,Million BTU's (displayed as Dth),7d3a3704ceb7fce4f1996b3595e796aae4d0ce40ed8dd8ebf2e12a22da533c67,https://pipeline2.kindermorgan.com/Capacity/OpAvailPoint.aspx?code=TGP,data/raw/km_tgp_point_delivery_capacity/2026/08/31/7d3a3704ceb7fce4f1996b3595e796aae4d0ce40ed8dd8ebf2e12a22da533c67.xlsx,km_tgp_point_delivery_capacity:1788187463756307000:7d3a3704ceb7fce4f1996b3595e796aae4d0ce40ed8dd8ebf2e12a22da533c67
point,delivery,2026-08-31,2026-08-31T14:00:00.000000Z,2026-08-31T09:00:00,EVENING,421016,163,CENTRVIL/TGP TURNEY PRISON HICKMAN,01,TGP:421016,TGP:SEG:163,D,1082,1082.0,75.0,1007.0,False,True,,True,2026-08-31T01:46:00.000000Z,2026-08-31T14:44:23.756307Z,2026-08-31T14:44:23.756307Z,Million BTU's (displayed as Dth),7d3a3704ceb7fce4f1996b3595e796aae4d0ce40ed8dd8ebf2e12a22da533c67,https://pipeline2.kindermorgan.com/Capacity/OpAvailPoint.aspx?code=TGP,data/raw/km_tgp_point_delivery_capacity/2026/08/31/7d3a3704ceb7fce4f1996b3595e796aae4d0ce40ed8dd8ebf2e12a22da533c67.xlsx,km_tgp_point_delivery_capacity:1788187463756307000:7d3a3704ceb7fce4f1996b3595e796aae4d0ce40ed8dd8ebf2e12a22da533c67
point,delivery,2026-08-31,2026-08-31T14:00:00.000000Z,2026-08-31T09:00:00,EVENING,421081,163,MIDDLETN/TGP MIDDLETON TN: DIP 71 0,01,TGP:421081,TGP:SEG:163,D,3075,3075.0,300.0,2775.0,False,True,,True,2026-08-31T01:46:00.000000Z,2026-08-31T14:44:23.756307Z,2026-08-31T14:44:23.756307Z,Million BTU's (displayed as Dth),7d3a3704ceb7fce4f1996b3595e796aae4d0ce40ed8dd8ebf2e12a22da533c67,https://pipeline2.kindermorgan.com/Capacity/OpAvailPoint.aspx?code=TGP,data/raw/km_tgp_point_delivery_capacity/2026/08/31/7d3a3704ceb7fce4f1996b3595e796aae4d0ce40ed8dd8ebf2e12a22da533c67.xlsx,km_tgp_point_delivery_capacity:1788187463756307000:7d3a3704ceb7fce4f1996b3595e796aae4d0ce40ed8dd8ebf2e12a22da533c67
point,delivery,2026-08-31,2026-08-31T14:00:00.000000Z,2026-08-31T09:00:00,EVENING,53956,163,NEWALBNY/TGP CITY OF NEW ALBANY MAR,01,TGP:53956,TGP:SEG:163,D,3029,3029.0,0.0,3029.0,False,True,,True,2026-08-31T01:46:00.000000Z,2026-08-31T14:44:23.756307Z,2026-08-31T14:44:23.756307Z,Million BTU's (displayed as Dth),7d3a3704ceb7fce4f1996b3595e796aae4d0ce40ed8dd8ebf2e12a22da533c67,https://pipeline2.kindermorgan.com/Capacity/OpAvailPoint.aspx?code=TGP,data/raw/km_tgp_point_delivery_capacity/2026/08/31/7d3a3704ceb7fce4f1996b3595e796aae4d0ce40ed8dd8ebf2e12a22da533c67.xlsx,km_tgp_point_delivery_capacity:1788187463756307000:7d3a3704ceb7fce4f1996b3595e796aae4d0ce40ed8dd8ebf2e12a22da533c67
point,delivery,2026-08-31,2026-08-31T14:00:00.000000Z,2026-08-31T09:00:00,EVENING,57619,163,TVA/TGP CUMBERLAND DELIVERY STEWART,01,TGP:57619,TGP:SEG:163,D,410000,410000.0,50000.0,360000.0,False,True,,True,2026-08-31T01:46:00.000000Z,2026-08-31T14:44:23.756307Z,2026-08-31T14:44:23.756307Z,Million BTU's (displayed as Dth),7d3a3704ceb7fce4f1996b3595e796aae4d0ce40ed8dd8ebf2e12a22da533c67,https://pipeline2.kindermorgan.com/Capacity/OpAvailPoint.aspx?code=TGP,data/raw/km_tgp_point_delivery_capacity/2026/08/31/7d3a3704ceb7fce4f1996b3595e796aae4d0ce40ed8dd8ebf2e12a22da533c67.xlsx,km_tgp_point_delivery_capacity:1788187463756307000:7d3a3704ceb7fce4f1996b3595e796aae4d0ce40ed8dd8ebf2e12a22da533c67
point,delivery,2026-08-31,2026-08-31T14:00:00.000000Z,2026-08-31T09:00:00,EVENING,400462,187,ATMOS KY/TGP DANVILLE KY BOYLE,02,TGP:400462,TGP:SEG:187,D,25681,25681.0,1798.0,23883.0,False,True,,True,2026-08-31T01:46:00.000000Z,2026-08-31T14:44:23.756307Z,2026-08-31T14:44:23.756307Z,Million BTU's (displayed as Dth),7d3a3704ceb7fce4f1996b3595e796aae4d0ce40ed8dd8ebf2e12a22da533c67,https://pipeline2.kindermorgan.com/Capacity/OpAvailPoint.aspx?code=TGP,data/raw/km_tgp_point_delivery_capacity/2026/08/31/7d3a3704ceb7fce4f1996b3595e796aae4d0ce40ed8dd8ebf2e12a22da533c67.xlsx,km_tgp_point_delivery_capacity:1788187463756307000:7d3a3704ceb7fce4f1996b3595e796aae4d0ce40ed8dd8ebf2e12a22da533c67
point,delivery,2026-08-31,2026-08-31T14:00:00.000000Z,2026-08-31T09:00:00,EVENING,400463,187,SCOTTVIL/TGP SCOTTSVILLE KY ALLEN,02,TGP:400463,TGP:SEG:187,D,11213,11213.0,380.0,10833.0,False,True,,True,2026-08-31T01:46:00.000000Z,2026-08-31T14:44:23.756307Z,2026-08-31T14:44:23.756307Z,Million BTU's (displayed as Dth),7d3a3704ceb7fce4f1996b3595e796aae4d0ce40ed8dd8ebf2e12a22da533c67,https://pipeline2.kindermorgan.com/Capacity/OpAvailPoint.aspx?code=TGP,data/raw/km_tgp_point_delivery_capacity/2026/08/31/7d3a3704ceb7fce4f1996b3595e796aae4d0ce40ed8dd8ebf2e12a22da533c67.xlsx,km_tgp_point_delivery_capacity:1788187463756307000:7d3a3704ceb7fce4f1996b3595e796aae4d0ce40ed8dd8ebf2e12a22da533c67
point,delivery,2026-08-31,2026-08-31T14:00:00.000000Z,2026-08-31T09:00:00,EVENING,420009,187,ATMOS KY/TGP GREENSBURG KY GREEN,02,TGP:420009,TGP:SEG:187,D,6000,6000.0,0.0,6000.0,False,True,,True,2026-08-31T01:46:00.000000Z,2026-08-31T14:44:23.756307Z,2026-08-31T14:44:23.756307Z,Million BTU's (displayed as Dth),7d3a3704ceb7fce4f1996b3595e796aae4d0ce40ed8dd8ebf2e12a22da533c67,https://pipeline2.kindermorgan.com/Capacity/OpAvailPoint.aspx?code=TGP,data/raw/km_tgp_point_delivery_capacity/2026/08/31/7d3a3704ceb7fce4f1996b3595e796aae4d0ce40ed8dd8ebf2e12a22da533c67.xlsx,km_tgp_point_delivery_capacity:1788187463756307000:7d3a3704ceb7fce4f1996b3595e796aae4d0ce40ed8dd8ebf2e12a22da533c67
point,delivery,2026-08-31,2026-08-31T14:00:00.000000Z,2026-08-31T09:00:00,EVENING,420010,187,ATMOS KY/TGP CAMPBELLSVILLE KY TAYL,02,TGP:420010,TGP:SEG:187,D,12431,12431.0,870.0,11561.0,False,True,,True,2026-08-31T01:46:00.000000Z,2026-08-31T14:44:23.756307Z,2026-08-31T14:44:23.756307Z,Million BTU's (displayed as Dth),7d3a3704ceb7fce4f1996b3595e796aae4d0ce40ed8dd8ebf2e12a22da533c67,https://pipeline2.kindermorgan.com/Capacity/OpAvailPoint.aspx?code=TGP,data/raw/km_tgp_point_delivery_capacity/2026/08/31/7d3a3704ceb7fce4f1996b3595e796aae4d0ce40ed8dd8ebf2e12a22da533c67.xlsx,km_tgp_point_delivery_capacity:1788187463756307000:7d3a3704ceb7fce4f1996b3595e796aae4d0ce40ed8dd8ebf2e12a22da533c67
point,delivery,2026-08-31,2026-08-31T14:00:00.000000Z,2026-08-31T09:00:00,EVENING,420019,187,TEX GAS/TGP GLASGOW KY BARREN,02,TGP:420019,TGP:SEG:187,D,16400,16400.0,0.0,16400.0,False,True,,True,2026-08-31T01:46:00.000000Z,2026-08-31T14:44:23.756307Z,2026-08-31T14:44:23.756307Z,Million BTU's (displayed as Dth),7d3a3704ceb7fce4f1996b3595e796aae4d0ce40ed8dd8ebf2e12a22da533c67,https://pipeline2.kindermorgan.com/Capacity/OpAvailPoint.aspx?code=TGP,data/raw/km_tgp_point_delivery_capacity/2026/08/31/7d3a3704ceb7fce4f1996b3595e796aae4d0ce40ed8dd8ebf2e12a22da533c67.xlsx,km_tgp_point_delivery_capacity:1788187463756307000:7d3a3704ceb7fce4f1996b3595e796aae4d0ce40ed8dd8ebf2e12a22da533c67
point,delivery,2026-08-31,2026-08-31T14:00:00.000000Z,2026-08-31T09:00:00,EVENING,420028,187,ATMOS KY/TGP HARRODSBURG KY BOYLE,02,TGP:420028,TGP:SEG:187,D,15249,15249.0,3384.0,11865.0,False,True,,True,2026-08-31T01:46:00.000000Z,2026-08-31T14:44:23.756307Z,2026-08-31T14:44:23.756307Z,Million BTU's (displayed as Dth),7d3a3704ceb7fce4f1996b3595e796aae4d0ce40ed8dd8ebf2e12a22da533c67,https://pipeline2.kindermorgan.com/Capacity/OpAvailPoint.aspx?code=TGP,data/raw/km_tgp_point_delivery_capacity/2026/08/31/7d3a3704ceb7fce4f1996b3595e796aae4d0ce40ed8dd8ebf2e12a22da533c67.xlsx,km_tgp_point_delivery_capacity:1788187463756307000:7d3a3704ceb7fce4f1996b3595e796aae4d0ce40ed8dd8ebf2e12a22da533c67
point,delivery,2026-08-31,2026-08-31T14:00:00.000000Z,2026-08-31T09:00:00,EVENING,420029,187,ATMOS KY/TGP LANCASTER KY GARRARD,02,TGP:420029,TGP:SEG:187,D,5796,5796.0,0.0,5796.0,False,True,,True,2026-08-31T01:46:00.000000Z,2026-08-31T14:44:23.756307Z,2026-08-31T14:44:23.756307Z,Million BTU's (displayed as Dth),7d3a3704ceb7fce4f1996b3595e796aae4d0ce40ed8dd8ebf2e12a22da533c67,https://pipeline2.kindermorgan.com/Capacity/OpAvailPoint.aspx?code=TGP,data/raw/km_tgp_point_delivery_capacity/2026/08/31/7d3a3704ceb7fce4f1996b3595e796aae4d0ce40ed8dd8ebf2e12a22da533c67.xlsx,km_tgp_point_delivery_capacity:1788187463756307000:7d3a3704ceb7fce4f1996b3595e796aae4d0ce40ed8dd8ebf2e12a22da533c67
point,delivery,2026-08-31,2026-08-31T14:00:00.000000Z,2026-08-31T09:00:00,EVENING,420030,187,ATMOS KY/TGP LEBANON KY MARION,02,TGP:420030,TGP:SEG:187,D,16269,16269.0,568.0,15701.0,False,True,,True,2026-08-31T01:46:00.000000Z,2026-08-31T14:44:23.756307Z,2026-08-31T14:44:23.756307Z,Million BTU's (displayed as Dth),7d3a3704ceb7fce4f1996b3595e796aae4d0ce40ed8dd8ebf2e12a22da533c67,https://pipeline2.kindermorgan.com/Capacity/OpAvailPoint.aspx?code=TGP,data/raw/km_tgp_point_delivery_capacity/2026/08/31/7d3a3704ceb7fce4f1996b3595e796aae4d0ce40ed8dd8ebf2e12a22da533c67.xlsx,km_tgp_point_delivery_capacity:1788187463756307000:7d3a3704ceb7fce4f1996b3595e796aae4d0ce40ed8dd8ebf2e12a22da533c67
point,delivery,2026-08-31,2026-08-31T14:00:00.000000Z,2026-08-31T09:00:00,EVENING,420038,187,MOREHEAD/TGP MOREHEAD KY ROWAN,02,TGP:420038,TGP:SEG:187,D,17514,17514.0,1.0,17513.0,False,True,,True,2026-08-31T01:46:00.000000Z,2026-08-31T14:44:23.756307Z,2026-08-31T14:44:23.756307Z,Million BTU's (displayed as Dth),7d3a3704ceb7fce4f1996b3595e796aae4d0ce40ed8dd8ebf2e12a22da533c67,https://pipeline2.kindermorgan.com/Capacity/OpAvailPoint.aspx?code=TGP,data/raw/km_tgp_point_delivery_capacity/2026/08/31/7d3a3704ceb7fce4f1996b3595e796aae4d0ce40ed8dd8ebf2e12a22da533c67.xlsx,km_tgp_point_delivery_capacity:1788187463756307000:7d3a3704ceb7fce4f1996b3595e796aae4d0ce40ed8dd8ebf2e12a22da533c67
point,delivery,2026-08-31,2026-08-31T14:00:00.000000Z,2026-08-31T09:00:00,EVENING,420049,187,COL GAS/TGP NORTH MEANS KY MONTGOME,02,TGP:420049,TGP:SEG:187,D,334283,334283.0,1274.0,333009.0,False,True,,True,2026-08-31T01:46:00.000000Z,2026-08-31T14:44:23.756307Z,2026-08-31T14:44:23.756307Z,Million BTU's (displayed as Dth),7d3a3704ceb7fce4f1996b3595e796aae4d0ce40ed8dd8ebf2e12a22da533c67,https://pipeline2.kindermorgan.com/Capacity/OpAvailPoint.aspx?code=TGP,data/raw/km_tgp_point_delivery_capacity/2026/08/31/7d3a3704ceb7fce4f1996b3595e796aae4d0ce40ed8dd8ebf2e12a22da533c67.xlsx,km_tgp_point_delivery_capacity:1788187463756307000:7d3a3704ceb7fce4f1996b3595e796aae4d0ce40ed8dd8ebf2e12a22da533c67
point,delivery,2026-08-31,2026-08-31T14:00:00.000000Z,2026-08-31T09:00:00,EVENING,420208,187,DELTA NG/TGP BEREA KY MADISON,02,TGP:420208,TGP:SEG:187,D,29518,29518.0,7573.0,21945.0,False,True,,True,2026-08-31T01:46:00.000000Z,2026-08-31T14:44:23.756307Z,2026-08-31T14:44:23.756307Z,Million BTU's (displayed as Dth),7d3a3704ceb7fce4f1996b3595e796aae4d0ce40ed8dd8ebf2e12a22da533c67,https://pipeline2.kindermorgan.com/Capacity/OpAvailPoint.aspx?code=TGP,data/raw/km_tgp_point_delivery_capacity/2026/08/31/7d3a3704ceb7fce4f1996b3595e796aae4d0ce40ed8dd8ebf2e12a22da533c67.xlsx,km_tgp_point_delivery_capacity:1788187463756307000:7d3a3704ceb7fce4f1996b3595e796aae4d0ce40ed8dd8ebf2e12a22da533c67
point,delivery,2026-08-31,2026-08-31T14:00:00.000000Z,2026-08-31T09:00:00,EVENING,420212,187,DELTA NG/TGP SALT LICK KY BATH,02,TGP:420212,TGP:SEG:187,D,1052,1052.0,0.0,1052.0,False,True,,True,2026-08-31T01:46:00.000000Z,2026-08-31T14:44:23.756307Z,2026-08-31T14:44:23.756307Z,Million BTU's (displayed as Dth),7d3a3704ceb7fce4f1996b3595e796aae4d0ce40ed8dd8ebf2e12a22da533c67,https://pipeline2.kindermorgan.com/Capacity/OpAvailPoint.aspx?code=TGP,data/raw/km_tgp_point_delivery_capacity/2026/08/31/7d3a3704ceb7fce4f1996b3595e796aae4d0ce40ed8dd8ebf2e12a22da533c67.xlsx,km_tgp_point_delivery_capacity:1788187463756307000:7d3a3704ceb7fce4f1996b3595e796aae4d0ce40ed8dd8ebf2e12a22da533c67
point,delivery,2026-08-31,2026-08-31T14:00:00.000000Z,2026-08-31T09:00:00,EVENING,420248,187,DELTA NG/TGP NICHOLASVILLE KY GARRA,02,TGP:420248,TGP:SEG:187,D,46486,46486.0,140.0,46346.0,False,True,,True,2026-08-31T01:46:00.000000Z,2026-08-31T14:44:23.756307Z,2026-08-31T14:44:23.756307Z,Million BTU's (displayed as Dth),7d3a3704ceb7fce4f1996b3595e796aae4d0ce40ed8dd8ebf2e12a22da533c67,https://pipeline2.kindermorgan.com/Capacity/OpAvailPoint.aspx?code=TGP,data/raw/km_tgp_point_delivery_capacity/2026/08/31/7d3a3704ceb7fce4f1996b3595e796aae4d0ce40ed8dd8ebf2e12a22da533c67.xlsx,km_tgp_point_delivery_capacity:1788187463756307000:7d3a3704ceb7fce4f1996b3595e796aae4d0ce40ed8dd8ebf2e12a22da533c67
point,delivery,2026-08-31,2026-08-31T14:00:00.000000Z,2026-08-31T09:00:00,EVENING,420338,187,ATMOS KY/TGP PERRYVILLE KY BOYLE,02,TGP:420338,TGP:SEG:187,D,1017,1017.0,0.0,1017.0,False,True,,True,2026-08-31T01:46:00.000000Z,2026-08-31T14:44:23.756307Z,2026-08-31T14:44:23.756307Z,Million BTU's (displayed as Dth),7d3a3704ceb7fce4f1996b3595e796aae4d0ce40ed8dd8ebf2e12a22da533c67,https://pipeline2.kindermorgan.com/Capacity/OpAvailPoint.aspx?code=TGP,data/raw/km_tgp_point_delivery_capacity/2026/08/31/7d3a3704ceb7fce4f1996b3595e796aae4d0ce40ed8dd8ebf2e12a22da533c67.xlsx,km_tgp_point_delivery_capacity:1788187463756307000:7d3a3704ceb7fce4f1996b3595e796aae4d0ce40ed8dd8ebf2e12a22da533c67
point,delivery,2026-08-31,2026-08-31T14:00:00.000000Z,2026-08-31T09:00:00,EVENING,420430,187,DELTA NG/TGP JEFFERSONVILLE KY MONT,02,TGP:420430,TGP:SEG:187,D,1167,1167.0,0.0,1167.0,False,True,,True,2026-08-31T01:46:00.000000Z,2026-08-31T14:44:23.756307Z,2026-08-31T14:44:23.756307Z,Million BTU's (displayed as Dth),7d3a3704ceb7fce4f1996b3595e796aae4d0ce40ed8dd8ebf2e12a22da533c67,https://pipeline2.kindermorgan.com/Capacity/OpAvailPoint.aspx?code=TGP,data/raw/km_tgp_point_delivery_capacity/2026/08/31/7d3a3704ceb7fce4f1996b3595e796aae4d0ce40ed8dd8ebf2e12a22da533c67.xlsx,km_tgp_point_delivery_capacity:1788187463756307000:7d3a3704ceb7fce4f1996b3595e796aae4d0ce40ed8dd8ebf2e12a22da533c67
point,delivery,2026-08-31,2026-08-31T14:00:00.000000Z,2026-08-31T09:00:00,EVENING,420445,187,ATMOS KY/TGP HUSTONVILLE KY LINCOLN,02,TGP:420445,TGP:SEG:187,D,1210,1210.0,0.0,1210.0,False,True,,True,2026-08-31T01:46:00.000000Z,2026-08-31T14:44:23.756307Z,2026-08-31T14:44:23.756307Z,Million BTU's (displayed as Dth),7d3a3704ceb7fce4f1996b3595e796aae4d0ce40ed8dd8ebf2e12a22da533c67,https://pipeline2.kindermorgan.com/Capacity/OpAvailPoint.aspx?code=TGP,data/raw/km_tgp_point_delivery_capacity/2026/08/31/7d3a3704ceb7fce4f1996b3595e796aae4d0ce40ed8dd8ebf2e12a22da533c67.xlsx,km_tgp_point_delivery_capacity:1788187463756307000:7d3a3704ceb7fce4f1996b3595e796aae4d0ce40ed8dd8ebf2e12a22da533c67
point,delivery,2026-08-31,2026-08-31T14:00:00.000000Z,2026-08-31T09:00:00,EVENING,420462,187,DELTA NG/TGP DELTA FARMERS KY ROWAN,02,TGP:420462,TGP:SEG:187,D,4920,4920.0,135.0,4785.0,False,True,,True,2026-08-31T01:46:00.000000Z,2026-08-31T14:44:23.756307Z,2026-08-31T14:44:23.756307Z,Million BTU's (displayed as Dth),7d3a3704ceb7fce4f1996b3595e796aae4d0ce40ed8dd8ebf2e12a22da533c67,https://pipeline2.kindermorgan.com/Capacity/OpAvailPoint.aspx?code=TGP,data/raw/km_tgp_point_delivery_capacity/2026/08/31/7d3a3704ceb7fce4f1996b3595e796aae4d0ce40ed8dd8ebf2e12a22da533c67.xlsx,km_tgp_point_delivery_capacity:1788187463756307000:7d3a3704ceb7fce4f1996b3595e796aae4d0ce40ed8dd8ebf2e12a22da533c67
point,delivery,2026-08-31,2026-08-31T14:00:00.000000Z,2026-08-31T09:00:00,EVENING,420733,187,DELTA NG/TGP DELTA KINDER HILDA SAL,02,TGP:420733,TGP:SEG:187,D,2949,2949.0,0.0,2949.0,False,True,,True,2026-08-31T01:46:00.000000Z,2026-08-31T14:44:23.756307Z,2026-08-31T14:44:23.756307Z,Million BTU's (displayed as Dth),7d3a3704ceb7fce4f1996b3595e796aae4d0ce40ed8dd8ebf2e12a22da533c67,https://pipeline2.kindermorgan.com/Capacity/OpAvailPoint.aspx?code=TGP,data/raw/km_tgp_point_delivery_capacity/2026/08/31/7d3a3704ceb7fce4f1996b3595e796aae4d0ce40ed8dd8ebf2e12a22da533c67.xlsx,km_tgp_point_delivery_capacity:1788187463756307000:7d3a3704ceb7fce4f1996b3595e796aae4d0ce40ed8dd8ebf2e12a22da533c67
point,delivery,2026-08-31,2026-08-31T14:00:00.000000Z,2026-08-31T09:00:00,EVENING,420760,187,NATGASKY/TGP BARREN CNTY SMS BARREN,02,TGP:420760,TGP:SEG:187,D,1811,1811.0,550.0,1261.0,False,True,,True,2026-08-31T01:46:00.000000Z,2026-08-31T14:44:23.756307Z,2026-08-31T14:44:23.756307Z,Million BTU's (displayed as Dth),7d3a3704ceb7fce4f1996b3595e796aae4d0ce40ed8dd8ebf2e12a22da533c67,https://pipeline2.kindermorgan.com/Capacity/OpAvailPoint.aspx?code=TGP,data/raw/km_tgp_point_delivery_capacity/2026/08/31/7d3a3704ceb7fce4f1996b3595e796aae4d0ce40ed8dd8ebf2e12a22da533c67.xlsx,km_tgp_point_delivery_capacity:1788187463756307000:7d3a3704ceb7fce4f1996b3595e796aae4d0ce40ed8dd8ebf2e12a22da533c67
point,delivery,2026-08-31,2026-08-31T14:00:00.000000Z,2026-08-31T09:00:00,EVENING,420771,187,SOMERSET/TGP SOMERSET SALES CASEY,02,TGP:420771,TGP:SEG:187,D,47823,47823.0,0.0,47823.0,False,True,,True,2026-08-31T01:46:00.000000Z,2026-08-31T14:44:23.756307Z,2026-08-31T14:44:23.756307Z,Million BTU's (displayed as Dth),7d3a3704ceb7fce4f1996b3595e796aae4d0ce40ed8dd8ebf2e12a22da533c67,https://pipeline2.kindermorgan.com/Capacity/OpAvailPoint.aspx?code=TGP,data/raw/km_tgp_point_delivery_capacity/2026/08/31/7d3a3704ceb7fce4f1996b3595e796aae4d0ce40ed8dd8ebf2e12a22da533c67.xlsx,km_tgp_point_delivery_capacity:1788187463756307000:7d3a3704ceb7fce4f1996b3595e796aae4d0ce40ed8dd8ebf2e12a22da533c67
point,delivery,2026-08-31,2026-08-31T14:00:00.000000Z,2026-08-31T09:00:00,EVENING,420794,187,KY UTIL/TGP E W BROWN GARRARD,02,TGP:420794,TGP:SEG:187,D,256794,256794.0,0.0,256794.0,False,True,,True,2026-08-31T01:46:00.000000Z,2026-08-31T14:44:23.756307Z,2026-08-31T14:44:23.756307Z,Million BTU's (displayed as Dth),7d3a3704ceb7fce4f1996b3595e796aae4d0ce40ed8dd8ebf2e12a22da533c67,https://pipeline2.kindermorgan.com/Capacity/OpAvailPoint.aspx?code=TGP,data/raw/km_tgp_point_delivery_capacity/2026/08/31/7d3a3704ceb7fce4f1996b3595e796aae4d0ce40ed8dd8ebf2e12a22da533c67.xlsx,km_tgp_point_delivery_capacity:1788187463756307000:7d3a3704ceb7fce4f1996b3595e796aae4d0ce40ed8dd8ebf2e12a22da533c67
point,delivery,2026-08-31,2026-08-31T14:00:00.000000Z,2026-08-31T09:00:00,EVENING,420803,187,E KY PWR/TGP J K  SMITH SALES CLARK,02,TGP:420803,TGP:SEG:187,D,274611,274611.0,0.0,274611.0,False,True,,True,2026-08-31T01:46:00.000000Z,2026-08-31T14:44:23.756307Z,2026-08-31T14:44:23.756307Z,Million BTU's (displayed as Dth),7d3a3704ceb7fce4f1996b3595e796aae4d0ce40ed8dd8ebf2e12a22da533c67,https://pipeline2.kindermorgan.com/Capacity/OpAvailPoint.aspx?code=TGP,data/raw/km_tgp_point_delivery_capacity/2026/08/31/7d3a3704ceb7fce4f1996b3595e796aae4d0ce40ed8dd8ebf2e12a22da533c67.xlsx,km_tgp_point_delivery_capacity:1788187463756307000:7d3a3704ceb7fce4f1996b3595e796aae4d0ce40ed8dd8ebf2e12a22da533c67
point,delivery,2026-08-31,2026-08-31T14:00:00.000000Z,2026-08-31T09:00:00,EVENING,420810,187,NATGASKY/TGP UDP METCALFE SALES MET,02,TGP:420810,TGP:SEG:187,D,2280,2280.0,0.0,2280.0,False,True,,True,2026-08-31T01:46:00.000000Z,2026-08-31T14:44:23.756307Z,2026-08-31T14:44:23.756307Z,Million BTU's (displayed as Dth),7d3a3704ceb7fce4f1996b3595e796aae4d0ce40ed8dd8ebf2e12a22da533c67,https://pipeline2.kindermorgan.com/Capacity/OpAvailPoint.aspx?code=TGP,data/raw/km_tgp_point_delivery_capacity/2026/08/31/7d3a3704ceb7fce4f1996b3595e796aae4d0ce40ed8dd8ebf2e12a22da533c67.xlsx,km_tgp_point_delivery_capacity:1788187463756307000:7d3a3704ceb7fce4f1996b3595e796aae4d0ce40ed8dd8ebf2e12a22da533c67
point,delivery,2026-08-31,2026-08-31T14:00:00.000000Z,2026-08-31T09:00:00,EVENING,420813,187,DELTA NG/TGP WEST BEND POWELL,02,TGP:420813,TGP:SEG:187,D,3297,3297.0,0.0,3297.0,False,True,,True,2026-08-31T01:46:00.000000Z,2026-08-31T14:44:23.756307Z,2026-08-31T14:44:23.756307Z,Million BTU's (displayed as Dth),7d3a3704ceb7fce4f1996b3595e796aae4d0ce40ed8dd8ebf2e12a22da533c67,https://pipeline2.kindermorgan.com/Capacity/OpAvailPoint.aspx?code=TGP,data/raw/km_tgp_point_delivery_capacity/2026/08/31/7d3a3704ceb7fce4f1996b3595e796aae4d0ce40ed8dd8ebf2e12a22da533c67.xlsx,km_tgp_point_delivery_capacity:1788187463756307000:7d3a3704ceb7fce4f1996b3595e796aae4d0ce40ed8dd8ebf2e12a22da533c67
point,delivery,2026-08-31,2026-08-31T14:00:00.000000Z,2026-08-31T09:00:00,EVENING,420832,187,MONCHEMK/TGP DOE RUN PIPELINE GREEN,02,TGP:420832,TGP:SEG:187,D,13405,13405.0,2300.0,11105.0,False,True,,True,2026-08-31T01:46:00.000000Z,2026-08-31T14:44:23.756307Z,2026-08-31T14:44:23.756307Z,Million BTU's (displayed as Dth),7d3a3704ceb7fce4f1996b3595e796aae4d0ce40ed8dd8ebf2e12a22da533c67,https://pipeline2.kindermorgan.com/Capacity/OpAvailPoint.aspx?code=TGP,data/raw/km_tgp_point_delivery_capacity/2026/08/31/7d3a3704ceb7fce4f1996b3595e796aae4d0ce40ed8dd8ebf2e12a22da533c67.xlsx,km_tgp_point_delivery_capacity:1788187463756307000:7d3a3704ceb7fce4f1996b3595e796aae4d0ce40ed8dd8ebf2e12a22da533c67
point,delivery,2026-08-31,2026-08-31T14:00:00.000000Z,2026-08-31T09:00:00,EVENING,420843,187,LGE/TGP MONROE SMS HART,02,TGP:420843,TGP:SEG:187,D,200712,200712.0,0.0,200712.0,False,True,,True,2026-08-31T01:46:00.000000Z,2026-08-31T14:44:23.756307Z,2026-08-31T14:44:23.756307Z,Million BTU's (displayed as Dth),7d3a3704ceb7fce4f1996b3595e796aae4d0ce40ed8dd8ebf2e12a22da533c67,https://pipeline2.kindermorgan.com/Capacity/OpAvailPoint.aspx?code=TGP,data/raw/km_tgp_point_delivery_capacity/2026/08/31/7d3a3704ceb7fce4f1996b3595e796aae4d0ce40ed8dd8ebf2e12a22da533c67.xlsx,km_tgp_point_delivery_capacity:1788187463756307000:7d3a3704ceb7fce4f1996b3595e796aae4d0ce40ed8dd8ebf2e12a22da533c67
point,delivery,2026-08-31,2026-08-31T14:00:00.000000Z,2026-08-31T09:00:00,EVENING,420844,187,LGE/TGP CALVARY MARION,02,TGP:420844,TGP:SEG:187,D,103749,103749.0,19990.0,83759.0,False,True,,True,2026-08-31T01:46:00.000000Z,2026-08-31T14:44:23.756307Z,2026-08-31T14:44:23.756307Z,Million BTU's (displayed as Dth),7d3a3704ceb7fce4f1996b3595e796aae4d0ce40ed8dd8ebf2e12a22da533c67,https://pipeline2.kindermorgan.com/Capacity/OpAvailPoint.aspx?code=TGP,data/raw/km_tgp_point_delivery_capacity/2026/08/31/7d3a3704ceb7fce4f1996b3595e796aae4d0ce40ed8dd8ebf2e12a22da533c67.xlsx,km_tgp_point_delivery_capacity:1788187463756307000:7d3a3704ceb7fce4f1996b3595e796aae4d0ce40ed8dd8ebf2e12a22da533c67
point,delivery,2026-08-31,2026-08-31T14:00:00.000000Z,2026-08-31T09:00:00,EVENING,420851,187,NATGASKY/TGP UDP GLASS SALES BARREN,02,TGP:420851,TGP:SEG:187,D,1748,1748.0,0.0,1748.0,False,True,,True,2026-08-31T01:46:00.000000Z,2026-08-31T14:44:23.756307Z,2026-08-31T14:44:23.756307Z,Million BTU's (displayed as Dth),7d3a3704ceb7fce4f1996b3595e796aae4d0ce40ed8dd8ebf2e12a22da533c67,https://pipeline2.kindermorgan.com/Capacity/OpAvailPoint.aspx?code=TGP,data/raw/km_tgp_point_delivery_capacity/2026/08/31/7d3a3704ceb7fce4f1996b3595e796aae4d0ce40ed8dd8ebf2e12a22da533c67.xlsx,km_tgp_point_delivery_capacity:1788187463756307000:7d3a3704ceb7fce4f1996b3595e796aae4d0ce40ed8dd8ebf2e12a22da533c67
point,delivery,2026-08-31,2026-08-31T14:00:00.000000Z,2026-08-31T09:00:00,EVENING,420885,187,NATGASKY/TGP UDP ALLEN CNTY SALES A,02,TGP:420885,TGP:SEG:187,D,5794,5794.0,0.0,5794.0,False,True,,True,2026-08-31T01:46:00.000000Z,2026-08-31T14:44:23.756307Z,2026-08-31T14:44:23.756307Z,Million BTU's (displayed as Dth),7d3a3704ceb7fce4f1996b3595e796aae4d0ce40ed8dd8ebf2e12a22da533c67,https://pipeline2.kindermorgan.com/Capacity/OpAvailPoint.aspx?code=TGP,data/raw/km_tgp_point_delivery_capacity/2026/08/31/7d3a3704ceb7fce4f1996b3595e796aae4d0ce40ed8dd8ebf2e12a22da533c67.xlsx,km_tgp_point_delivery_capacity:1788187463756307000:7d3a3704ceb7fce4f1996b3595e796aae4d0ce40ed8dd8ebf2e12a22da533c67
point,delivery,2026-08-31,2026-08-31T14:00:00.000000Z,2026-08-31T09:00:00,EVENING,420886,187,TET/TGP DRY CREEK SALES CASEY,02,TGP:420886,TGP:SEG:187,D,300000,160000.0,50000.0,110000.0,False,True,,True,2026-08-31T01:46:00.000000Z,2026-08-31T14:44:23.756307Z,2026-08-31T14:44:23.756307Z,Million BTU's (displayed as Dth),7d3a3704ceb7fce4f1996b3595e796aae4d0ce40ed8dd8ebf2e12a22da533c67,https://pipeline2.kindermorgan.com/Capacity/OpAvailPoint.aspx?code=TGP,data/raw/km_tgp_point_delivery_capacity/2026/08/31/7d3a3704ceb7fce4f1996b3595e796aae4d0ce40ed8dd8ebf2e12a22da533c67.xlsx,km_tgp_point_delivery_capacity:1788187463756307000:7d3a3704ceb7fce4f1996b3595e796aae4d0ce40ed8dd8ebf2e12a22da533c67
point,delivery,2026-08-31,2026-08-31T14:00:00.000000Z,2026-08-31T09:00:00,EVENING,420895,187,DELTA NG/TGP MADISON CNTY MADISON,02,TGP:420895,TGP:SEG:187,D,3379,3379.0,0.0,3379.0,False,True,,True,2026-08-31T01:46:00.000000Z,2026-08-31T14:44:23.756307Z,2026-08-31T14:44:23.756307Z,Million BTU's (displayed as Dth),7d3a3704ceb7fce4f1996b3595e796aae4d0ce40ed8dd8ebf2e12a22da533c67,https://pipeline2.kindermorgan.com/Capacity/OpAvailPoint.aspx?code=TGP,data/raw/km_tgp_point_delivery_capacity/2026/08/31/7d3a3704ceb7fce4f1996b3595e796aae4d0ce40ed8dd8ebf2e12a22da533c67.xlsx,km_tgp_point_delivery_capacity:1788187463756307000:7d3a3704ceb7fce4f1996b3595e796aae4d0ce40ed8dd8ebf2e12a22da533c67
point,delivery,2026-08-31,2026-08-31T14:00:00.000000Z,2026-08-31T09:00:00,EVENING,420946,187,MOREHEAD/TGP CITY OF MOREHEAD ROWAN,02,TGP:420946,TGP:SEG:187,D,3093,3093.0,0.0,3093.0,False,True,,True,2026-08-31T01:46:00.000000Z,2026-08-31T14:44:23.756307Z,2026-08-31T14:44:23.756307Z,Million BTU's (displayed as Dth),7d3a3704ceb7fce4f1996b3595e796aae4d0ce40ed8dd8ebf2e12a22da533c67,https://pipeline2.kindermorgan.com/Capacity/OpAvailPoint.aspx?code=TGP,data/raw/km_tgp_point_delivery_capacity/2026/08/31/7d3a3704ceb7fce4f1996b3595e796aae4d0ce40ed8dd8ebf2e12a22da533c67.xlsx,km_tgp_point_delivery_capacity:1788187463756307000:7d3a3704ceb7fce4f1996b3595e796aae4d0ce40ed8dd8ebf2e12a22da533c67
point,delivery,2026-08-31,2026-08-31T14:00:00.000000Z,2026-08-31T09:00:00,EVENING,421000,187,ATMOS KY/TGP SIMPSON SIMPSON,02,TGP:421000,TGP:SEG:187,D,400,400.0,0.0,400.0,False,True,,True,2026-08-31T01:46:00.000000Z,2026-08-31T14:44:23.756307Z,2026-08-31T14:44:23.756307Z,Million BTU's (displayed as Dth),7d3a3704ceb7fce4f1996b3595e796aae4d0ce40ed8dd8ebf2e12a22da533c67,https://pipeline2.kindermorgan.com/Capacity/OpAvailPoint.aspx?code=TGP,data/raw/km_tgp_point_delivery_capacity/2026/08/31/7d3a3704ceb7fce4f1996b3595e796aae4d0ce40ed8dd8ebf2e12a22da533c67.xlsx,km_tgp_point_delivery_capacity:1788187463756307000:7d3a3704ceb7fce4f1996b3595e796aae4d0ce40ed8dd8ebf2e12a22da533c67
point,delivery,2026-08-31,2026-08-31T14:00:00.000000Z,2026-08-31T09:00:00,EVENING,54379,187,KY FRESH/TGP KENTUCKY FRESH LINCOLN,02,TGP:54379,TGP:SEG:187,D,6457,6457.0,0.0,6457.0,False,True,,True,2026-08-31T01:46:00.000000Z,2026-08-31T14:44:23.756307Z,2026-08-31T14:44:23.756307Z,Million BTU's (displayed as Dth),7d3a3704ceb7fce4f1996b3595e796aae4d0ce40ed8dd8ebf2e12a22da533c67,https://pipeline2.kindermorgan.com/Capacity/OpAvailPoint.aspx?code=TGP,data/raw/km_tgp_point_delivery_capacity/2026/08/31/7d3a3704ceb7fce4f1996b3595e796aae4d0ce40ed8dd8ebf2e12a22da533c67.xlsx,km_tgp_point_delivery_capacity:1788187463756307000:7d3a3704ceb7fce4f1996b3595e796aae4d0ce40ed8dd8ebf2e12a22da533c67
point,delivery,2026-08-31,2026-08-31T14:00:00.000000Z,2026-08-31T09:00:00,EVENING,55964,187,AHMLFG/TGP RUMPKE BIOGAS BUYBACK DE,02,TGP:55964,TGP:SEG:187,D,3198,3198.0,20.0,3178.0,False,True,,True,2026-08-31T01:46:00.000000Z,2026-08-31T14:44:23.756307Z,2026-08-31T14:44:23.756307Z,Million BTU's (displayed as Dth),7d3a3704ceb7fce4f1996b3595e796aae4d0ce40ed8dd8ebf2e12a22da533c67,https://pipeline2.kindermorgan.com/Capacity/OpAvailPoint.aspx?code=TGP,data/raw/km_tgp_point_delivery_capacity/2026/08/31/7d3a3704ceb7fce4f1996b3595e796aae4d0ce40ed8dd8ebf2e12a22da533c67.xlsx,km_tgp_point_delivery_capacity:1788187463756307000:7d3a3704ceb7fce4f1996b3595e796aae4d0ce40ed8dd8ebf2e12a22da533c67
point,delivery,2026-08-31,2026-08-31T14:00:00.000000Z,2026-08-31T09:00:00,EVENING,420236,200,PIKE/TGP OAK HILL OH JACKSON,04,TGP:420236,TGP:SEG:200,D,32188,32188.0,201.0,31987.0,False,True,,True,2026-08-31T01:46:00.000000Z,2026-08-31T14:44:23.756307Z,2026-08-31T14:44:23.756307Z,Million BTU's (displayed as Dth),7d3a3704ceb7fce4f1996b3595e796aae4d0ce40ed8dd8ebf2e12a22da533c67,https://pipeline2.kindermorgan.com/Capacity/OpAvailPoint.aspx?code=TGP,data/raw/km_tgp_point_delivery_capacity/2026/08/31/7d3a3704ceb7fce4f1996b3595e796aae4d0ce40ed8dd8ebf2e12a22da533c67.xlsx,km_tgp_point_delivery_capacity:1788187463756307000:7d3a3704ceb7fce4f1996b3595e796aae4d0ce40ed8dd8ebf2e12a22da533c67
point,delivery,2026-08-31,2026-08-31T14:00:00.000000Z,2026-08-31T09:00:00,EVENING,421018,200,TET/TGP HANGING ROCK SCIOTO,04,TGP:421018,TGP:SEG:200,D,225500,225500.0,165949.0,59551.0,False,True,,True,2026-08-31T01:46:00.000000Z,2026-08-31T14:44:23.756307Z,2026-08-31T14:44:23.756307Z,Million BTU's (displayed as Dth),7d3a3704ceb7fce4f1996b3595e796aae4d0ce40ed8dd8ebf2e12a22da533c67,https://pipeline2.kindermorgan.com/Capacity/OpAvailPoint.aspx?code=TGP,data/raw/km_tgp_point_delivery_capacity/2026/08/31/7d3a3704ceb7fce4f1996b3595e796aae4d0ce40ed8dd8ebf2e12a22da533c67.xlsx,km_tgp_point_delivery_capacity:1788187463756307000:7d3a3704ceb7fce4f1996b3595e796aae4d0ce40ed8dd8ebf2e12a22da533c67
point,delivery,2026-08-31,2026-08-31T14:00:00.000000Z,2026-08-31T09:00:00,EVENING,56392,200,LESRENEW/TGP BEECH HOLLOW BIOGAS BU,04,TGP:56392,TGP:SEG:200,D,404,404.0,75.0,329.0,False,True,,True,2026-08-31T01:46:00.000000Z,2026-08-31T14:44:23.756307Z,2026-08-31T14:44:23.756307Z,Million BTU's (displayed as Dth),7d3a3704ceb7fce4f1996b3595e796aae4d0ce40ed8dd8ebf2e12a22da533c67,https://pipeline2.kindermorgan.com/Capacity/OpAvailPoint.aspx?code=TGP,data/raw/km_tgp_point_delivery_capacity/2026/08/31/7d3a3704ceb7fce4f1996b3595e796aae4d0ce40ed8dd8ebf2e12a22da533c67.xlsx,km_tgp_point_delivery_capacity:1788187463756307000:7d3a3704ceb7fce4f1996b3595e796aae4d0ce40ed8dd8ebf2e12a22da533c67
point,delivery,2026-08-31,2026-08-31T14:00:00.000000Z,2026-08-31T09:00:00,EVENING,420209,204,NATL GAS/TGP SPRATT OH MUSKINGUM,04,TGP:420209,TGP:SEG:204,D,11821,11821.0,0.0,11821.0,False,True,,True,2026-08-31T01:46:00.000000Z,2026-08-31T14:44:23.756307Z,2026-08-31T14:44:23.756307Z,Million BTU's (displayed as Dth),7d3a3704ceb7fce4f1996b3595e796aae4d0ce40ed8dd8ebf2e12a22da533c67,https://pipeline2.kindermorgan.com/Capacity/OpAvailPoint.aspx?code=TGP,data/raw/km_tgp_point_delivery_capacity/2026/08/31/7d3a3704ceb7fce4f1996b3595e796aae4d0ce40ed8dd8ebf2e12a22da533c67.xlsx,km_tgp_point_delivery_capacity:1788187463756307000:7d3a3704ceb7fce4f1996b3595e796aae4d0ce40ed8dd8ebf2e12a22da533c67
point,delivery,2026-08-31,2026-08-31T14:00:00.000000Z,2026-08-31T09:00:00,EVENING,420666,204,SE NGAS/TGP BROWN S RUN MORGAN,04,TGP:420666,TGP:SEG:204,D,89256,89256.0,0.0,89256.0,False,True,,True,2026-08-31T01:46:00.000000Z,2026-08-31T14:44:23.756307Z,2026-08-31T14:44:23.756307Z,Million BTU's (displayed as Dth),7d3a3704ceb7fce4f1996b3595e796aae4d0ce40ed8dd8ebf2e12a22da533c67,https://pipeline2.kindermorgan.com/Capacity/OpAvailPoint.aspx?code=TGP,data/raw/km_tgp_point_delivery_capacity/2026/08/31/7d3a3704ceb7fce4f1996b3595e796aae4d0ce40ed8dd8ebf2e12a22da533c67.xlsx,km_tgp_point_delivery_capacity:1788187463756307000:7d3a3704ceb7fce4f1996b3595e796aae4d0ce40ed8dd8ebf2e12a22da533c67
point,delivery,2026-08-31,2026-08-31T14:00:00.000000Z,2026-08-31T09:00:00,EVENING,420064,209,COL GAS/TGP CAMBRIDGE SALES GUERNSE,04,TGP:420064,TGP:SEG:209,D,33336,33336.0,0.0,33336.0,False,True,,True,2026-08-31T01:46:00.000000Z,2026-08-31T14:44:23.756307Z,2026-08-31T14:44:23.756307Z,Million BTU's (displayed as Dth),7d3a3704ceb7fce4f1996b3595e796aae4d0ce40ed8dd8ebf2e12a22da533c67,https://pipeline2.kindermorgan.com/Capacity/OpAvailPoint.aspx?code=TGP,data/raw/km_tgp_point_delivery_capacity/2026/08/31/7d3a3704ceb7fce4f1996b3595e796aae4d0ce40ed8dd8ebf2e12a22da533c67.xlsx,km_tgp_point_delivery_capacity:1788187463756307000:7d3a3704ceb7fce4f1996b3595e796aae4d0ce40ed8dd8ebf2e12a22da533c67
point,delivery,2026-08-31,2026-08-31T14:00:00.000000Z,2026-08-31T09:00:00,EVENING,420345,209,EGTS/TGP GILMORE OH TUSCARAWAS,04,TGP:420345,TGP:SEG:209,D,100150,109616.0,0.0,109616.0,False,True,,True,2026-08-31T01:46:00.000000Z,2026-08-31T14:44:23.756307Z,2026-08-31T14:44:23.756307Z,Million BTU's (displayed as Dth),7d3a3704ceb7fce4f1996b3595e796aae4d0ce40ed8dd8ebf2e12a22da533c67,https://pipeline2.kindermorgan.com/Capacity/OpAvailPoint.aspx?code=TGP,data/raw/km_tgp_point_delivery_capacity/2026/08/31/7d3a3704ceb7fce4f1996b3595e796aae4d0ce40ed8dd8ebf2e12a22da533c67.xlsx,km_tgp_point_delivery_capacity:1788187463756307000:7d3a3704ceb7fce4f1996b3595e796aae4d0ce40ed8dd8ebf2e12a22da533c67
point,delivery,2026-08-31,2026-08-31T14:00:00.000000Z,2026-08-31T09:00:00,EVENING,420809,209,ALERIS/TGP NEWPORT SALES TUSCARAWAS,04,TGP:420809,TGP:SEG:209,D,20490,20490.0,3481.0,17009.0,False,True,,True,2026-08-31T01:46:00.000000Z,2026-08-31T14:44:23.756307Z,2026-08-31T14:44:23.756307Z,Million BTU's (displayed as Dth),7d3a3704ceb7fce4f1996b3595e796aae4d0ce40ed8dd8ebf2e12a22da533c67,https://pipeline2.kindermorgan.com/Capacity/OpAvailPoint.aspx?code=TGP,data/raw/km_tgp_point_delivery_capacity/2026/08/31/7d3a3704ceb7fce4f1996b3595e796aae4d0ce40ed8dd8ebf2e12a22da533c67.xlsx,km_tgp_point_delivery_capacity:1788187463756307000:7d3a3704ceb7fce4f1996b3595e796aae4d0ce40ed8dd8ebf2e12a22da533c67
point,delivery,2026-08-31,2026-08-31T14:00:00.000000Z,2026-08-31T09:00:00,EVENING,420934,209,E OH GAS/TGP GILMORE SALES TUSCARAW,04,TGP:420934,TGP:SEG:209,D,183572,193484.0,765.0,192719.0,False,True,,True,2026-08-31T01:46:00.000000Z,2026-08-31T14:44:23.756307Z,2026-08-31T14:44:23.756307Z,Million BTU's (displayed as Dth),7d3a3704ceb7fce4f1996b3595e796aae4d0ce40ed8dd8ebf2e12a22da533c67,https://pipeline2.kindermorgan.com/Capacity/OpAvailPoint.aspx?code=TGP,data/raw/km_tgp_point_delivery_capacity/2026/08/31/7d3a3704ceb7fce4f1996b3595e796aae4d0ce40ed8dd8ebf2e12a22da533c67.xlsx,km_tgp_point_delivery_capacity:1788187463756307000:7d3a3704ceb7fce4f1996b3595e796aae4d0ce40ed8dd8ebf2e12a22da533c67
point,delivery,2026-08-31,2026-08-31T14:00:00.000000Z,2026-08-31T09:00:00,EVENING,420091,212,NE OH NG/TGP LEESVILLE OH CARROLL,04,TGP:420091,TGP:SEG:212,D,1348,1348.0,203.0,1145.0,False,True,,True,2026-08-31T01:46:00.000000Z,2026-08-31T14:44:23.756307Z,2026-08-31T14:44:23.756307Z,Million BTU's (displayed as Dth),7d3a3704ceb7fce4f1996b3595e796aae4d0ce40ed8dd8ebf2e12a22da533c67,https://pipeline2.kindermorgan.com/Capacity/OpAvailPoint.aspx?code=TGP,data/raw/km_tgp_point_delivery_capacity/2026/08/31/7d3a3704ceb7fce4f1996b3595e796aae4d0ce40ed8dd8ebf2e12a22da533c67.xlsx,km_tgp_point_delivery_capacity:1788187463756307000:7d3a3704ceb7fce4f1996b3595e796aae4d0ce40ed8dd8ebf2e12a22da533c67
point,delivery,2026-08-31,2026-08-31T14:00:00.000000Z,2026-08-31T09:00:00,EVENING,421086,212,E OH GAS/TGP PLEASANT VALLEY TUSCAR,04,TGP:421086,TGP:SEG:212,D,98000,98000.0,0.0,98000.0,False,True,,True,2026-08-31T01:46:00.000000Z,2026-08-31T14:44:23.756307Z,2026-08-31T14:44:23.756307Z,Million BTU's (displayed as Dth),7d3a3704ceb7fce4f1996b3595e796aae4d0ce40ed8dd8ebf2e12a22da533c67,https://pipeline2.kindermorgan.com/Capacity/OpAvailPoint.aspx?code=TGP,data/raw/km_tgp_point_delivery_capacity/2026/08/31/7d3a3704ceb7fce4f1996b3595e796aae4d0ce40ed8dd8ebf2e12a22da533c67.xlsx,km_tgp_point_delivery_capacity:1788187463756307000:7d3a3704ceb7fce4f1996b3595e796aae4d0ce40ed8dd8ebf2e12a22da533c67
point,delivery,2026-08-31,2026-08-31T14:00:00.000000Z,2026-08-31T09:00:00,EVENING,48850,212,E OH GAS/TGP HOLMES TUSCARAWAS,04,TGP:48850,TGP:SEG:212,BD,497000,497000.0,0.0,497000.0,False,True,,True,2026-08-31T01:46:00.000000Z,2026-08-31T14:44:23.756307Z,2026-08-31T14:44:23.756307Z,Million BTU's (displayed as Dth),7d3a3704ceb7fce4f1996b3595e796aae4d0ce40ed8dd8ebf2e12a22da533c67,https://pipeline2.kindermorgan.com/Capacity/OpAvailPoint.aspx?code=TGP,data/raw/km_tgp_point_delivery_capacity/2026/08/31/7d3a3704ceb7fce4f1996b3595e796aae4d0ce40ed8dd8ebf2e12a22da533c67.xlsx,km_tgp_point_delivery_capacity:1788187463756307000:7d3a3704ceb7fce4f1996b3595e796aae4d0ce40ed8dd8ebf2e12a22da533c67
point,delivery,2026-08-31,2026-08-31T14:00:00.000000Z,2026-08-31T09:00:00,EVENING,49198,212,CARROLL/TGP COUNTY HOME CARROLL,04,TGP:49198,TGP:SEG:212,D,121975,121975.0,120000.0,1975.0,True,True,,True,2026-08-31T01:46:00.000000Z,2026-08-31T14:44:23.756307Z,2026-08-31T14:44:23.756307Z,Million BTU's (displayed as Dth),7d3a3704ceb7fce4f1996b3595e796aae4d0ce40ed8dd8ebf2e12a22da533c67,https://pipeline2.kindermorgan.com/Capacity/OpAvailPoint.aspx?code=TGP,data/raw/km_tgp_point_delivery_capacity/2026/08/31/7d3a3704ceb7fce4f1996b3595e796aae4d0ce40ed8dd8ebf2e12a22da533c67.xlsx,km_tgp_point_delivery_capacity:1788187463756307000:7d3a3704ceb7fce4f1996b3595e796aae4d0ce40ed8dd8ebf2e12a22da533c67
point,delivery,2026-08-31,2026-08-31T14:00:00.000000Z,2026-08-31T09:00:00,EVENING,400480,214,COL GAS/TGP BRINKER OH COLUMBIANA,04,TGP:400480,TGP:SEG:214,D,65592,65592.0,0.0,65592.0,False,True,,True,2026-08-31T01:46:00.000000Z,2026-08-31T14:44:23.756307Z,2026-08-31T14:44:23.756307Z,Million BTU's (displayed as Dth),7d3a3704ceb7fce4f1996b3595e796aae4d0ce40ed8dd8ebf2e12a22da533c67,https://pipeline2.kindermorgan.com/Capacity/OpAvailPoint.aspx?code=TGP,data/raw/km_tgp_point_delivery_capacity/2026/08/31/7d3a3704ceb7fce4f1996b3595e796aae4d0ce40ed8dd8ebf2e12a22da533c67.xlsx,km_tgp_point_delivery_capacity:1788187463756307000:7d3a3704ceb7fce4f1996b3595e796aae4d0ce40ed8dd8ebf2e12a22da533c67
point,delivery,2026-08-31,2026-08-31T14:00:00.000000Z,2026-08-31T09:00:00,EVENING,420060,214,COL GAS/TGP DUNGANNON OH COLUMBIANA,04,TGP:420060,TGP:SEG:214,D,59764,59764.0,170.0,59594.0,False,True,,True,2026-08-31T01:46:00.000000Z,2026-08-31T14:44:23.756307Z,2026-08-31T14:44:23.756307Z,Million BTU's (displayed as Dth),7d3a3704ceb7fce4f1996b3595e796aae4d0ce40ed8dd8ebf2e12a22da533c67,https://pipeline2.kindermorgan.com/Capacity/OpAvailPoint.aspx?code=TGP,data/raw/km_tgp_point_delivery_capacity/2026/08/31/7d3a3704ceb7fce4f1996b3595e796aae4d0ce40ed8dd8ebf2e12a22da533c67.xlsx,km_tgp_point_delivery_capacity:1788187463756307000:7d3a3704ceb7fce4f1996b3595e796aae4d0ce40ed8dd8ebf2e12a22da533c67
point,delivery,2026-08-31,2026-08-31T14:00:00.000000Z,2026-08-31T09:00:00,EVENING,420066,214,EGTS/TGP AUGUSTA OH CARROLL,04,TGP:420066,TGP:SEG:214,D,102288,102288.0,0.0,102288.0,False,True,,True,2026-08-31T01:46:00.000000Z,2026-08-31T14:44:23.756307Z,2026-08-31T14:44:23.756307Z,Million BTU's (displayed as Dth),7d3a3704ceb7fce4f1996b3595e796aae4d0ce40ed8dd8ebf2e12a22da533c67,https://pipeline2.kindermorgan.com/Capacity/OpAvailPoint.aspx?code=TGP,data/raw/km_tgp_point_delivery_capacity/2026/08/31/7d3a3704ceb7fce4f1996b3595e796aae4d0ce40ed8dd8ebf2e12a22da533c67.xlsx,km_tgp_point_delivery_capacity:1788187463756307000:7d3a3704ceb7fce4f1996b3595e796aae4d0ce40ed8dd8ebf2e12a22da533c67
point,delivery,2026-08-31,2026-08-31T14:00:00.000000Z,2026-08-31T09:00:00,EVENING,420636,214,HESS/TGP BELDEN AND BLAKE SALES CAR,04,TGP:420636,TGP:SEG:214,D,105402,105402.0,0.0,105402.0,False,True,,True,2026-08-31T01:46:00.000000Z,2026-08-31T14:44:23.756307Z,2026-08-31T14:44:23.756307Z,Million BTU's (displayed as Dth),7d3a3704ceb7fce4f1996b3595e796aae4d0ce40ed8dd8ebf2e12a22da533c67,https://pipeline2.kindermorgan.com/Capacity/OpAvailPoint.aspx?code=TGP,data/raw/km_tgp_point_delivery_capacity/2026/08/31/7d3a3704ceb7fce4f1996b3595e796aae4d0ce40ed8dd8ebf2e12a22da533c67.xlsx,km_tgp_point_delivery_capacity:1788187463756307000:7d3a3704ceb7fce4f1996b3595e796aae4d0ce40ed8dd8ebf2e12a22da533c67
point,delivery,2026-08-31,2026-08-31T14:00:00.000000Z,2026-08-31T09:00:00,EVENING,420728,214,E OH GAS/TGP AUGUSTA SALES CARROLL,04,TGP:420728,TGP:SEG:214,BD,130175,130175.0,0.0,130175.0,False,True,,True,2026-08-31T01:46:00.000000Z,2026-08-31T14:44:23.756307Z,2026-08-31T14:44:23.756307Z,Million BTU's (displayed as Dth),7d3a3704ceb7fce4f1996b3595e796aae4d0ce40ed8dd8ebf2e12a22da533c67,https://pipeline2.kindermorgan.com/Capacity/OpAvailPoint.aspx?code=TGP,data/raw/km_tgp_point_delivery_capacity/2026/08/31/7d3a3704ceb7fce4f1996b3595e796aae4d0ce40ed8dd8ebf2e12a22da533c67.xlsx,km_tgp_point_delivery_capacity:1788187463756307000:7d3a3704ceb7fce4f1996b3595e796aae4d0ce40ed8dd8ebf2e12a22da533c67
point,delivery,2026-08-31,2026-08-31T14:00:00.000000Z,2026-08-31T09:00:00,EVENING,54043,214,NEGATRAN/TGP MCKAIG ROAD COLUMBIANA,04,TGP:54043,TGP:SEG:214,D,0,1025000.0,118540.0,906460.0,False,True,,True,2026-08-31T01:46:00.000000Z,2026-08-31T14:44:23.756307Z,2026-08-31T14:44:23.756307Z,Million BTU's (displayed as Dth),7d3a3704ceb7fce4f1996b3595e796aae4d0ce40ed8dd8ebf2e12a22da533c67,https://pipeline2.kindermorgan.com/Capacity/OpAvailPoint.aspx?code=TGP,data/raw/km_tgp_point_delivery_capacity/2026/08/31/7d3a3704ceb7fce4f1996b3595e796aae4d0ce40ed8dd8ebf2e12a22da533c67.xlsx,km_tgp_point_delivery_capacity:1788187463756307000:7d3a3704ceb7fce4f1996b3595e796aae4d0ce40ed8dd8ebf2e12a22da533c67
point,delivery,2026-08-31,2026-08-31T14:00:00.000000Z,2026-08-31T09:00:00,EVENING,420067,216,EGTS/TGP PETERSBURG OH MAHONING,04,TGP:420067,TGP:SEG:216,D,155182,155182.0,0.0,155182.0,False,True,,True,2026-08-31T01:46:00.000000Z,2026-08-31T14:44:23.756307Z,2026-08-31T14:44:23.756307Z,Million BTU's (displayed as Dth),7d3a3704ceb7fce4f1996b3595e796aae4d0ce40ed8dd8ebf2e12a22da533c67,https://pipeline2.kindermorgan.com/Capacity/OpAvailPoint.aspx?code=TGP,data/raw/km_tgp_point_delivery_capacity/2026/08/31/7d3a3704ceb7fce4f1996b3595e796aae4d0ce40ed8dd8ebf2e12a22da533c67.xlsx,km_tgp_point_delivery_capacity:1788187463756307000:7d3a3704ceb7fce4f1996b3595e796aae4d0ce40ed8dd8ebf2e12a22da533c67
point,delivery,2026-08-31,2026-08-31T14:00:00.000000Z,2026-08-31T09:00:00,EVENING,420932,216,E OH GAS/TGP PETERSBURG MAHONING,04,TGP:420932,TGP:SEG:216,D,180091,180091.0,191628.0,0.0,False,True,,True,2026-08-31T01:46:00.000000Z,2026-08-31T14:44:23.756307Z,2026-08-31T14:44:23.756307Z,Million BTU's (displayed as Dth),7d3a3704ceb7fce4f1996b3595e796aae4d0ce40ed8dd8ebf2e12a22da533c67,https://pipeline2.kindermorgan.com/Capacity/OpAvailPoint.aspx?code=TGP,data/raw/km_tgp_point_delivery_capacity/2026/08/31/7d3a3704ceb7fce4f1996b3595e796aae4d0ce40ed8dd8ebf2e12a22da533c67.xlsx,km_tgp_point_delivery_capacity:1788187463756307000:7d3a3704ceb7fce4f1996b3595e796aae4d0ce40ed8dd8ebf2e12a22da533c67
point,delivery,2026-08-31,2026-08-31T14:00:00.000000Z,2026-08-31T09:00:00,EVENING,53981,216,COLUMBIA/TGP CAREY DELIVERY COLUMBI,04,TGP:53981,TGP:SEG:216,D,6918,6918.0,0.0,6918.0,False,True,,True,2026-08-31T01:46:00.000000Z,2026-08-31T14:44:23.756307Z,2026-08-31T14:44:23.756307Z,Million BTU's (displayed as Dth),7d3a3704ceb7fce4f1996b3595e796aae4d0ce40ed8dd8ebf2e12a22da533c67,https://pipeline2.kindermorgan.com/Capacity/OpAvailPoint.aspx?code=TGP,data/raw/km_tgp_point_delivery_capacity/2026/08/31/7d3a3704ceb7fce4f1996b3595e796aae4d0ce40ed8dd8ebf2e12a22da533c67.xlsx,km_tgp_point_delivery_capacity:1788187463756307000:7d3a3704ceb7fce4f1996b3595e796aae4d0ce40ed8dd8ebf2e12a22da533c67
point,delivery,2026-08-31,2026-08-31T14:00:00.000000Z,2026-08-31T09:00:00,EVENING,420062,217,COL GAS/TGP NEWCASTLE PA LAWRENCE,04,TGP:420062,TGP:SEG:217,D,56482,56482.0,2986.0,53496.0,False,True,,True,2026-08-31T01:46:00.000000Z,2026-08-31T14:44:23.756307Z,2026-08-31T14:44:23.756307Z,Million BTU's (displayed as Dth),7d3a3704ceb7fce4f1996b3595e796aae4d0ce40ed8dd8ebf2e12a22da533c67,https://pipeline2.kindermorgan.com/Capacity/OpAvailPoint.aspx?code=TGP,data/raw/km_tgp_point_delivery_capacity/2026/08/31/7d3a3704ceb7fce4f1996b3595e796aae4d0ce40ed8dd8ebf2e12a22da533c67.xlsx,km_tgp_point_delivery_capacity:1788187463756307000:7d3a3704ceb7fce4f1996b3595e796aae4d0ce40ed8dd8ebf2e12a22da533c67
point,delivery,2026-08-31,2026-08-31T14:00:00.000000Z,2026-08-31T09:00:00,EVENING,420496,217,NFG/TGP SHARON PA MERCER,04,TGP:420496,TGP:SEG:217,D,96398,96398.0,0.0,96398.0,False,True,,True,2026-08-31T01:46:00.000000Z,2026-08-31T14:44:23.756307Z,2026-08-31T14:44:23.756307Z,Million BTU's (displayed as Dth),7d3a3704ceb7fce4f1996b3595e796aae4d0ce40ed8dd8ebf2e12a22da533c67,https://pipeline2.kindermorgan.com/Capacity/OpAvailPoint.aspx?code=TGP,data/raw/km_tgp_point_delivery_capacity/2026/08/31/7d3a3704ceb7fce4f1996b3595e796aae4d0ce40ed8dd8ebf2e12a22da533c67.xlsx,km_tgp_point_delivery_capacity:1788187463756307000:7d3a3704ceb7fce4f1996b3595e796aae4d0ce40ed8dd8ebf2e12a22da533c67
point,delivery,2026-08-31,2026-08-31T14:00:00.000000Z,2026-08-31T09:00:00,EVENING,420542,217,PEOPLES/TGP PULASKI SALES MERCER,04,TGP:420542,TGP:SEG:217,D,17260,17260.0,1275.0,15985.0,False,True,,True,2026-08-31T01:46:00.000000Z,2026-08-31T14:44:23.756307Z,2026-08-31T14:44:23.756307Z,Million BTU's (displayed as Dth),7d3a3704ceb7fce4f1996b3595e796aae4d0ce40ed8dd8ebf2e12a22da533c67,https://pipeline2.kindermorgan.com/Capacity/OpAvailPoint.aspx?code=TGP,data/raw/km_tgp_point_delivery_capacity/2026/08/31/7d3a3704ceb7fce4f1996b3595e796aae4d0ce40ed8dd8ebf2e12a22da533c67.xlsx,km_tgp_point_delivery_capacity:1788187463756307000:7d3a3704ceb7fce4f1996b3595e796aae4d0ce40ed8dd8ebf2e12a22da533c67
point,delivery,2026-08-31,2026-08-31T14:00:00.000000Z,2026-08-31T09:00:00,EVENING,50789,217,HICKORYR/TGP MOHAWK ROAD POWER PLT,04,TGP:50789,TGP:SEG:217,D,173430,173430.0,157632.0,15798.0,False,True,,True,2026-08-31T01:46:00.000000Z,2026-08-31T14:44:23.756307Z,2026-08-31T14:44:23.756307Z,Million BTU's (displayed as Dth),7d3a3704ceb7fce4f1996b3595e796aae4d0ce40ed8dd8ebf2e12a22da533c67,https://pipeline2.kindermorgan.com/Capacity/OpAvailPoint.aspx?code=TGP,data/raw/km_tgp_point_delivery_capacity/2026/08/31/7d3a3704ceb7fce4f1996b3595e796aae4d0ce40ed8dd8ebf2e12a22da533c67.xlsx,km_tgp_point_delivery_capacity:1788187463756307000:7d3a3704ceb7fce4f1996b3595e796aae4d0ce40ed8dd8ebf2e12a22da533c67
point,delivery,2026-08-31,2026-08-31T14:00:00.000000Z,2026-08-31T09:00:00,EVENING,400483,219,NFG/TGP PETTIS PA CRAWFORD,04,TGP:400483,TGP:SEG:219,D,62404,62404.0,791.0,61613.0,False,True,,True,2026-08-31T01:46:00.000000Z,2026-08-31T14:44:23.756307Z,2026-08-31T14:44:23.756307Z,Million BTU's (displayed as Dth),7d3a3704ceb7fce4f1996b3595e796aae4d0ce40ed8dd8ebf2e12a22da533c67,https://pipeline2.kindermorgan.com/Capacity/OpAvailPoint.aspx?code=TGP,data/raw/km_tgp_point_delivery_capacity/2026/08/31/7d3a3704ceb7fce4f1996b3595e796aae4d0ce40ed8dd8ebf2e12a22da533c67.xlsx,km_tgp_point_delivery_capacity:1788187463756307000:7d3a3704ceb7fce4f1996b3595e796aae4d0ce40ed8dd8ebf2e12a22da533c67
point,delivery,2026-08-31,2026-08-31T14:00:00.000000Z,2026-08-31T09:00:00,EVENING,420069,219,NFG/TGP MERCER PA MERCER,04,TGP:420069,TGP:SEG:219,D,116570,116570.0,9219.0,107351.0,False,True,,True,2026-08-31T01:46:00.000000Z,2026-08-31T14:44:23.756307Z,2026-08-31T14:44:23.756307Z,Million BTU's (displayed as Dth),7d3a3704ceb7fce4f1996b3595e796aae4d0ce40ed8dd8ebf2e12a22da533c67,https://pipeline2.kindermorgan.com/Capacity/OpAvailPoint.aspx?code=TGP,data/raw/km_tgp_point_delivery_capacity/2026/08/31/7d3a3704ceb7fce4f1996b3595e796aae4d0ce40ed8dd8ebf2e12a22da533c67.xlsx,km_tgp_point_delivery_capacity:1788187463756307000:7d3a3704ceb7fce4f1996b3595e796aae4d0ce40ed8dd8ebf2e12a22da533c67
point,delivery,2026-08-31,2026-08-31T14:00:00.000000Z,2026-08-31T09:00:00,EVENING,420075,219,NFG/TGP WATTSBURG PA ERIE,04,TGP:420075,TGP:SEG:219,D,79566,79566.0,1491.0,78075.0,False,True,,True,2026-08-31T01:46:00.000000Z,2026-08-31T14:44:23.756307Z,2026-08-31T14:44:23.756307Z,Million BTU's (displayed as Dth),7d3a3704ceb7fce4f1996b3595e796aae4d0ce40ed8dd8ebf2e12a22da533c67,https://pipeline2.kindermorgan.com/Capacity/OpAvailPoint.aspx?code=TGP,data/raw/km_tgp_point_delivery_capacity/2026/08/31/7d3a3704ceb7fce4f1996b3595e796aae4d0ce40ed8dd8ebf2e12a22da533c67.xlsx,km_tgp_point_delivery_capacity:1788187463756307000:7d3a3704ceb7fce4f1996b3595e796aae4d0ce40ed8dd8ebf2e12a22da533c67
point,delivery,2026-08-31,2026-08-31T14:00:00.000000Z,2026-08-31T09:00:00,EVENING,420087,219,EGTS/TGP COCHRANTON PA CRAWFORD,04,TGP:420087,TGP:SEG:219,D,53649,53649.0,13064.0,40585.0,False,True,,True,2026-08-31T01:46:00.000000Z,2026-08-31T14:44:23.756307Z,2026-08-31T14:44:23.756307Z,Million BTU's (displayed as Dth),7d3a3704ceb7fce4f1996b3595e796aae4d0ce40ed8dd8ebf2e12a22da533c67,https://pipeline2.kindermorgan.com/Capacity/OpAvailPoint.aspx?code=TGP,data/raw/km_tgp_point_delivery_capacity/2026/08/31/7d3a3704ceb7fce4f1996b3595e796aae4d0ce40ed8dd8ebf2e12a22da533c67.xlsx,km_tgp_point_delivery_capacity:1788187463756307000:7d3a3704ceb7fce4f1996b3595e796aae4d0ce40ed8dd8ebf2e12a22da533c67
point,delivery,2026-08-31,2026-08-31T14:00:00.000000Z,2026-08-31T09:00:00,EVENING,420200,219,NFG/TGP UNION CITY PA ERIE,04,TGP:420200,TGP:SEG:219,D,98822,98822.0,5538.0,93284.0,False,True,,True,2026-08-31T01:46:00.000000Z,2026-08-31T14:44:23.756307Z,2026-08-31T14:44:23.756307Z,Million BTU's (displayed as Dth),7d3a3704ceb7fce4f1996b3595e796aae4d0ce40ed8dd8ebf2e12a22da533c67,https://pipeline2.kindermorgan.com/Capacity/OpAvailPoint.aspx?code=TGP,data/raw/km_tgp_point_delivery_capacity/2026/08/31/7d3a3704ceb7fce4f1996b3595e796aae4d0ce40ed8dd8ebf2e12a22da533c67.xlsx,km_tgp_point_delivery_capacity:1788187463756307000:7d3a3704ceb7fce4f1996b3595e796aae4d0ce40ed8dd8ebf2e12a22da533c67
point,delivery,2026-08-31,2026-08-31T14:00:00.000000Z,2026-08-31T09:00:00,EVENING,420314,219,NFG/TGP COCHRANTON PA CRAWFORD,04,TGP:420314,TGP:SEG:219,D,23548,23548.0,5537.0,18011.0,False,True,,True,2026-08-31T01:46:00.000000Z,2026-08-31T14:44:23.756307Z,2026-08-31T14:44:23.756307Z,Million BTU's (displayed as Dth),7d3a3704ceb7fce4f1996b3595e796aae4d0ce40ed8dd8ebf2e12a22da533c67,https://pipeline2.kindermorgan.com/Capacity/OpAvailPoint.aspx?code=TGP,data/raw/km_tgp_point_delivery_capacity/2026/08/31/7d3a3704ceb7fce4f1996b3595e796aae4d0ce40ed8dd8ebf2e12a22da533c67.xlsx,km_tgp_point_delivery_capacity:1788187463756307000:7d3a3704ceb7fce4f1996b3595e796aae4d0ce40ed8dd8ebf2e12a22da533c67
point,delivery,2026-08-31,2026-08-31T14:00:00.000000Z,2026-08-31T09:00:00,EVENING,420390,219,NFG/TGP TOWNVILLE PA CRAWFORD,04,TGP:420390,TGP:SEG:219,D,7080,7080.0,79.0,7001.0,False,True,,True,2026-08-31T01:46:00.000000Z,2026-08-31T14:44:23.756307Z,2026-08-31T14:44:23.756307Z,Million BTU's (displayed as Dth),7d3a3704ceb7fce4f1996b3595e796aae4d0ce40ed8dd8ebf2e12a22da533c67,https://pipeline2.kindermorgan.com/Capacity/OpAvailPoint.aspx?code=TGP,data/raw/km_tgp_point_delivery_capacity/2026/08/31/7d3a3704ceb7fce4f1996b3595e796aae4d0ce40ed8dd8ebf2e12a22da533c67.xlsx,km_tgp_point_delivery_capacity:1788187463756307000:7d3a3704ceb7fce4f1996b3595e796aae4d0ce40ed8dd8ebf2e12a22da533c67
point,delivery,2026-08-31,2026-08-31T14:00:00.000000Z,2026-08-31T09:00:00,EVENING,420767,219,NFG/TGP CAMP PERRY SALES MERCER,04,TGP:420767,TGP:SEG:219,D,35375,35375.0,0.0,35375.0,False,True,,True,2026-08-31T01:46:00.000000Z,2026-08-31T14:44:23.756307Z,2026-08-31T14:44:23.756307Z,Million BTU's (displayed as Dth),7d3a3704ceb7fce4f1996b3595e796aae4d0ce40ed8dd8ebf2e12a22da533c67,https://pipeline2.kindermorgan.com/Capacity/OpAvailPoint.aspx?code=TGP,data/raw/km_tgp_point_delivery_capacity/2026/08/31/7d3a3704ceb7fce4f1996b3595e796aae4d0ce40ed8dd8ebf2e12a22da533c67.xlsx,km_tgp_point_delivery_capacity:1788187463756307000:7d3a3704ceb7fce4f1996b3595e796aae4d0ce40ed8dd8ebf2e12a22da533c67
point,delivery,2026-08-31,2026-08-31T14:00:00.000000Z,2026-08-31T09:00:00,EVENING,420811,219,VISTARES/TGP DEER CREEK SALES MERCE,04,TGP:420811,TGP:SEG:219,D,15769,15769.0,0.0,15769.0,False,True,,True,2026-08-31T01:46:00.000000Z,2026-08-31T14:44:23.756307Z,2026-08-31T14:44:23.756307Z,Million BTU's (displayed as Dth),7d3a3704ceb7fce4f1996b3595e796aae4d0ce40ed8dd8ebf2e12a22da533c67,https://pipeline2.kindermorgan.com/Capacity/OpAvailPoint.aspx?code=TGP,data/raw/km_tgp_point_delivery_capacity/2026/08/31/7d3a3704ceb7fce4f1996b3595e796aae4d0ce40ed8dd8ebf2e12a22da533c67.xlsx,km_tgp_point_delivery_capacity:1788187463756307000:7d3a3704ceb7fce4f1996b3595e796aae4d0ce40ed8dd8ebf2e12a22da533c67
point,delivery,2026-08-31,2026-08-31T14:00:00.000000Z,2026-08-31T09:00:00,EVENING,420902,219,RANGEAPP/TGP CRAWFORD SALES CRAWFOR,04,TGP:420902,TGP:SEG:219,D,11881,11881.0,0.0,11881.0,False,True,,True,2026-08-31T01:46:00.000000Z,2026-08-31T14:44:23.756307Z,2026-08-31T14:44:23.756307Z,Million BTU's (displayed as Dth),7d3a3704ceb7fce4f1996b3595e796aae4d0ce40ed8dd8ebf2e12a22da533c67,https://pipeline2.kindermorgan.com/Capacity/OpAvailPoint.aspx?code=TGP,data/raw/km_tgp_point_delivery_capacity/2026/08/31/7d3a3704ceb7fce4f1996b3595e796aae4d0ce40ed8dd8ebf2e12a22da533c67.xlsx,km_tgp_point_delivery_capacity:1788187463756307000:7d3a3704ceb7fce4f1996b3595e796aae4d0ce40ed8dd8ebf2e12a22da533c67
point,delivery,2026-08-31,2026-08-31T14:00:00.000000Z,2026-08-31T09:00:00,EVENING,54106,219,RH ET/TGP HARVEY ROAD CRAWFORD,04,TGP:54106,TGP:SEG:219,D,64575,64575.0,0.0,64575.0,False,True,,True,2026-08-31T01:46:00.000000Z,2026-08-31T14:44:23.756307Z,2026-08-31T14:44:23.756307Z,Million BTU's (displayed as Dth),7d3a3704ceb7fce4f1996b3595e796aae4d0ce40ed8dd8ebf2e12a22da533c67,https://pipeline2.kindermorgan.com/Capacity/OpAvailPoint.aspx?code=TGP,data/raw/km_tgp_point_delivery_capacity/2026/08/31/7d3a3704ceb7fce4f1996b3595e796aae4d0ce40ed8dd8ebf2e12a22da533c67.xlsx,km_tgp_point_delivery_capacity:1788187463756307000:7d3a3704ceb7fce4f1996b3595e796aae4d0ce40ed8dd8ebf2e12a22da533c67
point,delivery,2026-08-31,2026-08-31T14:00:00.000000Z,2026-08-31T09:00:00,EVENING,420076,224,NFG/TGP HAMBURG NY ERIE,05,TGP:420076,TGP:SEG:224,BD,165000,165000.0,0.0,165000.0,False,True,,True,2026-08-31T01:46:00.000000Z,2026-08-31T14:44:23.756307Z,2026-08-31T14:44:23.756307Z,Million BTU's (displayed as Dth),7d3a3704ceb7fce4f1996b3595e796aae4d0ce40ed8dd8ebf2e12a22da533c67,https://pipeline2.kindermorgan.com/Capacity/OpAvailPoint.aspx?code=TGP,data/raw/km_tgp_point_delivery_capacity/2026/08/31/7d3a3704ceb7fce4f1996b3595e796aae4d0ce40ed8dd8ebf2e12a22da533c67.xlsx,km_tgp_point_delivery_capacity:1788187463756307000:7d3a3704ceb7fce4f1996b3595e796aae4d0ce40ed8dd8ebf2e12a22da533c67
point,delivery,2026-08-31,2026-08-31T14:00:00.000000Z,2026-08-31T09:00:00,EVENING,420088,224,NFG/TGP MAYVILLE NEW YORK CHAUTAUQU,05,TGP:420088,TGP:SEG:224,D,16340,16340.0,0.0,16340.0,False,True,,True,2026-08-31T01:46:00.000000Z,2026-08-31T14:44:23.756307Z,2026-08-31T14:44:23.756307Z,Million BTU's (displayed as Dth),7d3a3704ceb7fce4f1996b3595e796aae4d0ce40ed8dd8ebf2e12a22da533c67,https://pipeline2.kindermorgan.com/Capacity/OpAvailPoint.aspx?code=TGP,data/raw/km_tgp_point_delivery_capacity/2026/08/31/7d3a3704ceb7fce4f1996b3595e796aae4d0ce40ed8dd8ebf2e12a22da533c67.xlsx,km_tgp_point_delivery_capacity:1788187463756307000:7d3a3704ceb7fce4f1996b3595e796aae4d0ce40ed8dd8ebf2e12a22da533c67
point,delivery,2026-08-31,2026-08-31T14:00:00.000000Z,2026-08-31T09:00:00,EVENING,420243,224,NFG/TGP NASHVILLE STORAGE NEW YORK,05,TGP:420243,TGP:SEG:224,D,124240,124240.0,24471.0,99769.0,False,True,,True,2026-08-31T01:46:00.000000Z,2026-08-31T14:44:23.756307Z,2026-08-31T14:44:23.756307Z,Million BTU's (displayed as Dth),7d3a3704ceb7fce4f1996b3595e796aae4d0ce40ed8dd8ebf2e12a22da533c67,https://pipeline2.kindermorgan.com/Capacity/OpAvailPoint.aspx?code=TGP,data/raw/km_tgp_point_delivery_capacity/2026/08/31/7d3a3704ceb7fce4f1996b3595e796aae4d0ce40ed8dd8ebf2e12a22da533c67.xlsx,km_tgp_point_delivery_capacity:1788187463756307000:7d3a3704ceb7fce4f1996b3595e796aae4d0ce40ed8dd8ebf2e12a22da533c67
point,delivery,2026-08-31,2026-08-31T14:00:00.000000Z,2026-08-31T09:00:00,EVENING,420428,224,NFG/TGP SHERMAN NEW YORK CHAUTAUQUA,05,TGP:420428,TGP:SEG:224,D,4107,4107.0,10.0,4097.0,False,True,,True,2026-08-31T01:46:00.000000Z,2026-08-31T14:44:23.756307Z,2026-08-31T14:44:23.756307Z,Million BTU's (displayed as Dth),7d3a3704ceb7fce4f1996b3595e796aae4d0ce40ed8dd8ebf2e12a22da533c67,https://pipeline2.kindermorgan.com/Capacity/OpAvailPoint.aspx?code=TGP,data/raw/km_tgp_point_delivery_capacity/2026/08/31/7d3a3704ceb7fce4f1996b3595e796aae4d0ce40ed8dd8ebf2e12a22da533c67.xlsx,km_tgp_point_delivery_capacity:1788187463756307000:7d3a3704ceb7fce4f1996b3595e796aae4d0ce40ed8dd8ebf2e12a22da533c67
point,delivery,2026-08-31,2026-08-31T14:00:00.000000Z,2026-08-31T09:00:00,EVENING,420943,224,JAMESTWN/TGP NORNEW ENERGY SUPPLY C,05,TGP:420943,TGP:SEG:224,D,17044,17044.0,0.0,17044.0,False,True,,True,2026-08-31T01:46:00.000000Z,2026-08-31T14:44:23.756307Z,2026-08-31T14:44:23.756307Z,Million BTU's (displayed as Dth),7d3a3704ceb7fce4f1996b3595e796aae4d0ce40ed8dd8ebf2e12a22da533c67,https://pipeline2.kindermorgan.com/Capacity/OpAvailPoint.aspx?code=TGP,data/raw/km_tgp_point_delivery_capacity/2026/08/31/7d3a3704ceb7fce4f1996b3595e796aae4d0ce40ed8dd8ebf2e12a22da533c67.xlsx,km_tgp_point_delivery_capacity:1788187463756307000:7d3a3704ceb7fce4f1996b3595e796aae4d0ce40ed8dd8ebf2e12a22da533c67
point,delivery,2026-08-31,2026-08-31T14:00:00.000000Z,2026-08-31T09:00:00,EVENING,49756,224,NFG/TGP COLDEN INTERCONNECT ERIE,05,TGP:49756,TGP:SEG:224,BD,54491,128260.0,10750.0,117510.0,False,True,,True,2026-08-31T01:46:00.000000Z,2026-08-31T14:44:23.756307Z,2026-08-31T14:44:23.756307Z,Million BTU's (displayed as Dth),7d3a3704ceb7fce4f1996b3595e796aae4d0ce40ed8dd8ebf2e12a22da533c67,https://pipeline2.kindermorgan.com/Capacity/OpAvailPoint.aspx?code=TGP,data/raw/km_tgp_point_delivery_capacity/2026/08/31/7d3a3704ceb7fce4f1996b3595e796aae4d0ce40ed8dd8ebf2e12a22da533c67.xlsx,km_tgp_point_delivery_capacity:1788187463756307000:7d3a3704ceb7fce4f1996b3595e796aae4d0ce40ed8dd8ebf2e12a22da533c67
point,delivery,2026-08-31,2026-08-31T14:00:00.000000Z,2026-08-31T09:00:00,EVENING,420690,230,EGTS/TGP NORTH SHELDON SALES WYOMIN,05,TGP:420690,TGP:SEG:230,D,196032,196032.0,0.0,196032.0,False,True,,True,2026-08-31T01:46:00.000000Z,2026-08-31T14:44:23.756307Z,2026-08-31T14:44:23.756307Z,Million BTU's (displayed as Dth),7d3a3704ceb7fce4f1996b3595e796aae4d0ce40ed8dd8ebf2e12a22da533c67,https://pipeline2.kindermorgan.com/Capacity/OpAvailPoint.aspx?code=TGP,data/raw/km_tgp_point_delivery_capacity/2026/08/31/7d3a3704ceb7fce4f1996b3595e796aae4d0ce40ed8dd8ebf2e12a22da533c67.xlsx,km_tgp_point_delivery_capacity:1788187463756307000:7d3a3704ceb7fce4f1996b3595e796aae4d0ce40ed8dd8ebf2e12a22da533c67
point,delivery,2026-08-31,2026-08-31T14:00:00.000000Z,2026-08-31T09:00:00,EVENING,420526,233,HONEOYE/TGP UDP HONEOYE NEW YORK ON,05,TGP:420526,TGP:SEG:233,BD,90676,90676.0,0.0,90676.0,True,True,,True,2026-08-31T01:46:00.000000Z,2026-08-31T14:44:23.756307Z,2026-08-31T14:44:23.756307Z,Million BTU's (displayed as Dth),7d3a3704ceb7fce4f1996b3595e796aae4d0ce40ed8dd8ebf2e12a22da533c67,https://pipeline2.kindermorgan.com/Capacity/OpAvailPoint.aspx?code=TGP,data/raw/km_tgp_point_delivery_capacity/2026/08/31/7d3a3704ceb7fce4f1996b3595e796aae4d0ce40ed8dd8ebf2e12a22da533c67.xlsx,km_tgp_point_delivery_capacity:1788187463756307000:7d3a3704ceb7fce4f1996b3595e796aae4d0ce40ed8dd8ebf2e12a22da533c67
point,delivery,2026-08-31,2026-08-31T14:00:00.000000Z,2026-08-31T09:00:00,EVENING,420617,233,EGTS/TGP HOPEWELL SALES ONTARIO,05,TGP:420617,TGP:SEG:233,D,27178,27178.0,0.0,27178.0,False,True,,True,2026-08-31T01:46:00.000000Z,2026-08-31T14:44:23.756307Z,2026-08-31T14:44:23.756307Z,Million BTU's (displayed as Dth),7d3a3704ceb7fce4f1996b3595e796aae4d0ce40ed8dd8ebf2e12a22da533c67,https://pipeline2.kindermorgan.com/Capacity/OpAvailPoint.aspx?code=TGP,data/raw/km_tgp_point_delivery_capacity/2026/08/31/7d3a3704ceb7fce4f1996b3595e796aae4d0ce40ed8dd8ebf2e12a22da533c67.xlsx,km_tgp_point_delivery_capacity:1788187463756307000:7d3a3704ceb7fce4f1996b3595e796aae4d0ce40ed8dd8ebf2e12a22da533c67
point,delivery,2026-08-31,2026-08-31T14:00:00.000000Z,2026-08-31T09:00:00,EVENING,420688,233,EGTS/TGP LAKEVILLE SALES LIVINGSTON,05,TGP:420688,TGP:SEG:233,D,7995,7995.0,0.0,7995.0,False,True,,True,2026-08-31T01:46:00.000000Z,2026-08-31T14:44:23.756307Z,2026-08-31T14:44:23.756307Z,Million BTU's (displayed as Dth),7d3a3704ceb7fce4f1996b3595e796aae4d0ce40ed8dd8ebf2e12a22da533c67,https://pipeline2.kindermorgan.com/Capacity/OpAvailPoint.aspx?code=TGP,data/raw/km_tgp_point_delivery_capacity/2026/08/31/7d3a3704ceb7fce4f1996b3595e796aae4d0ce40ed8dd8ebf2e12a22da533c67.xlsx,km_tgp_point_delivery_capacity:1788187463756307000:7d3a3704ceb7fce4f1996b3595e796aae4d0ce40ed8dd8ebf2e12a22da533c67
point,delivery,2026-08-31,2026-08-31T14:00:00.000000Z,2026-08-31T09:00:00,EVENING,420086,237,EGTS/TGP PHELPS NY ONTARIO,05,TGP:420086,TGP:SEG:237,D,91046,91046.0,0.0,91046.0,True,True,,True,2026-08-31T01:46:00.000000Z,2026-08-31T14:44:23.756307Z,2026-08-31T14:44:23.756307Z,Million BTU's (displayed as Dth),7d3a3704ceb7fce4f1996b3595e796aae4d0ce40ed8dd8ebf2e12a22da533c67,https://pipeline2.kindermorgan.com/Capacity/OpAvailPoint.aspx?code=TGP,data/raw/km_tgp_point_delivery_capacity/2026/08/31/7d3a3704ceb7fce4f1996b3595e796aae4d0ce40ed8dd8ebf2e12a22da533c67.xlsx,km_tgp_point_delivery_capacity:1788187463756307000:7d3a3704ceb7fce4f1996b3595e796aae4d0ce40ed8dd8ebf2e12a22da533c67
point,delivery,2026-08-31,2026-08-31T14:00:00.000000Z,2026-08-31T09:00:00,EVENING,420732,241,POA/TGP SYRACUSE COGEN SALES ONONDA,05,TGP:420732,TGP:SEG:241,D,64976,64976.0,12666.0,52310.0,True,True,,True,2026-08-31T01:46:00.000000Z,2026-08-31T14:44:23.756307Z,2026-08-31T14:44:23.756307Z,Million BTU's (displayed as Dth),7d3a3704ceb7fce4f1996b3595e796aae4d0ce40ed8dd8ebf2e12a22da533c67,https://pipeline2.kindermorgan.com/Capacity/OpAvailPoint.aspx?code=TGP,data/raw/km_tgp_point_delivery_capacity/2026/08/31/7d3a3704ceb7fce4f1996b3595e796aae4d0ce40ed8dd8ebf2e12a22da533c67.xlsx,km_tgp_point_delivery_capacity:1788187463756307000:7d3a3704ceb7fce4f1996b3595e796aae4d0ce40ed8dd8ebf2e12a22da533c67
point,delivery,2026-08-31,2026-08-31T14:00:00.000000Z,2026-08-31T09:00:00,EVENING,47592,241,HAMVIL/TGP VILLAGE OF HAMILTON NY M,05,TGP:47592,TGP:SEG:241,D,3075,3075.0,87.0,2988.0,False,True,,True,2026-08-31T01:46:00.000000Z,2026-08-31T14:44:23.756307Z,2026-08-31T14:44:23.756307Z,Million BTU's (displayed as Dth),7d3a3704ceb7fce4f1996b3595e796aae4d0ce40ed8dd8ebf2e12a22da533c67,https://pipeline2.kindermorgan.com/Capacity/OpAvailPoint.aspx?code=TGP,data/raw/km_tgp_point_delivery_capacity/2026/08/31/7d3a3704ceb7fce4f1996b3595e796aae4d0ce40ed8dd8ebf2e12a22da533c67.xlsx,km_tgp_point_delivery_capacity:1788187463756307000:7d3a3704ceb7fce4f1996b3595e796aae4d0ce40ed8dd8ebf2e12a22da533c67
point,delivery,2026-08-31,2026-08-31T14:00:00.000000Z,2026-08-31T09:00:00,EVENING,420857,245,NYSEG/TGP CARLISLE SALES SCHOHARIE,05,TGP:420857,TGP:SEG:245,D,4789,4789.0,0.0,4789.0,True,True,,True,2026-08-31T01:46:00.000000Z,2026-08-31T14:44:23.756307Z,2026-08-31T14:44:23.756307Z,Million BTU's (displayed as Dth),7d3a3704ceb7fce4f1996b3595e796aae4d0ce40ed8dd8ebf2e12a22da533c67,https://pipeline2.kindermorgan.com/Capacity/OpAvailPoint.aspx?code=TGP,data/raw/km_tgp_point_delivery_capacity/2026/08/31/7d3a3704ceb7fce4f1996b3595e796aae4d0ce40ed8dd8ebf2e12a22da533c67.xlsx,km_tgp_point_delivery_capacity:1788187463756307000:7d3a3704ceb7fce4f1996b3595e796aae4d0ce40ed8dd8ebf2e12a22da533c67
point,delivery,2026-08-31,2026-08-31T14:00:00.000000Z,2026-08-31T09:00:00,EVENING,420897,245,NYSEG/TGP RICHFIELD SPRINGS HERKIME,05,TGP:420897,TGP:SEG:245,D,4249,4249.0,0.0,4249.0,False,True,,True,2026-08-31T01:46:00.000000Z,2026-08-31T14:44:23.756307Z,2026-08-31T14:44:23.756307Z,Million BTU's (displayed as Dth),7d3a3704ceb7fce4f1996b3595e796aae4d0ce40ed8dd8ebf2e12a22da533c67,https://pipeline2.kindermorgan.com/Capacity/OpAvailPoint.aspx?code=TGP,data/raw/km_tgp_point_delivery_capacity/2026/08/31/7d3a3704ceb7fce4f1996b3595e796aae4d0ce40ed8dd8ebf2e12a22da533c67.xlsx,km_tgp_point_delivery_capacity:1788187463756307000:7d3a3704ceb7fce4f1996b3595e796aae4d0ce40ed8dd8ebf2e12a22da533c67
point,delivery,2026-08-31,2026-08-31T14:00:00.000000Z,2026-08-31T09:00:00,EVENING,420214,249,EGTS/TGP BROOKVIEW NY RENSSELAER,05,TGP:420214,TGP:SEG:249,D,59086,59086.0,0.0,59086.0,False,True,,True,2026-08-31T01:46:00.000000Z,2026-08-31T14:44:23.756307Z,2026-08-31T14:44:23.756307Z,Million BTU's (displayed as Dth),7d3a3704ceb7fce4f1996b3595e796aae4d0ce40ed8dd8ebf2e12a22da533c67,https://pipeline2.kindermorgan.com/Capacity/OpAvailPoint.aspx?code=TGP,data/raw/km_tgp_point_delivery_capacity/2026/08/31/7d3a3704ceb7fce4f1996b3595e796aae4d0ce40ed8dd8ebf2e12a22da533c67.xlsx,km_tgp_point_delivery_capacity:1788187463756307000:7d3a3704ceb7fce4f1996b3595e796aae4d0ce40ed8dd8ebf2e12a22da533c67
point,delivery,2026-08-31,2026-08-31T14:00:00.000000Z,2026-08-31T09:00:00,EVENING,420275,249,HUDSON/TGP CEDAR HILL NY ALBANY,05,TGP:420275,TGP:SEG:249,D,50719,50719.0,15123.0,35596.0,False,True,,True,2026-08-31T01:46:00.000000Z,2026-08-31T14:44:23.756307Z,2026-08-31T14:44:23.756307Z,Million BTU's (displayed as Dth),7d3a3704ceb7fce4f1996b3595e796aae4d0ce40ed8dd8ebf2e12a22da533c67,https://pipeline2.kindermorgan.com/Capacity/OpAvailPoint.aspx?code=TGP,data/raw/km_tgp_point_delivery_capacity/2026/08/31/7d3a3704ceb7fce4f1996b3595e796aae4d0ce40ed8dd8ebf2e12a22da533c67.xlsx,km_tgp_point_delivery_capacity:1788187463756307000:7d3a3704ceb7fce4f1996b3595e796aae4d0ce40ed8dd8ebf2e12a22da533c67
point,delivery,2026-08-31,2026-08-31T14:00:00.000000Z,2026-08-31T09:00:00,EVENING,420731,249,SELKIRK/TGP SELKIRK SMS ALBANY,05,TGP:420731,TGP:SEG:249,D,138793,138793.0,4500.0,134293.0,False,True,,True,2026-08-31T01:46:00.000000Z,2026-08-31T14:44:23.756307Z,2026-08-31T14:44:23.756307Z,Million BTU's (displayed as Dth),7d3a3704ceb7fce4f1996b3595e796aae4d0ce40ed8dd8ebf2e12a22da533c67,https://pipeline2.kindermorgan.com/Capacity/OpAvailPoint.aspx?code=TGP,data/raw/km_tgp_point_delivery_capacity/2026/08/31/7d3a3704ceb7fce4f1996b3595e796aae4d0ce40ed8dd8ebf2e12a22da533c67.xlsx,km_tgp_point_delivery_capacity:1788187463756307000:7d3a3704ceb7fce4f1996b3595e796aae4d0ce40ed8dd8ebf2e12a22da533c67
point,delivery,2026-08-31,2026-08-31T14:00:00.000000Z,2026-08-31T09:00:00,EVENING,420814,249,NYSEG/TGP CANAAN SALES COLUMBIA,05,TGP:420814,TGP:SEG:249,D,1860,1860.0,0.0,1860.0,False,True,,True,2026-08-31T01:46:00.000000Z,2026-08-31T14:44:23.756307Z,2026-08-31T14:44:23.756307Z,Million BTU's (displayed as Dth),7d3a3704ceb7fce4f1996b3595e796aae4d0ce40ed8dd8ebf2e12a22da533c67,https://pipeline2.kindermorgan.com/Capacity/OpAvailPoint.aspx?code=TGP,data/raw/km_tgp_point_delivery_capacity/2026/08/31/7d3a3704ceb7fce4f1996b3595e796aae4d0ce40ed8dd8ebf2e12a22da533c67.xlsx,km_tgp_point_delivery_capacity:1788187463756307000:7d3a3704ceb7fce4f1996b3595e796aae4d0ce40ed8dd8ebf2e12a22da533c67
point,delivery,2026-08-31,2026-08-31T14:00:00.000000Z,2026-08-31T09:00:00,EVENING,420816,249,NRGBM/TGP BETHLEHEM SALES ALBANY,05,TGP:420816,TGP:SEG:249,D,4170,4170.0,0.0,4170.0,False,True,,True,2026-08-31T01:46:00.000000Z,2026-08-31T14:44:23.756307Z,2026-08-31T14:44:23.756307Z,Million BTU's (displayed as Dth),7d3a3704ceb7fce4f1996b3595e796aae4d0ce40ed8dd8ebf2e12a22da533c67,https://pipeline2.kindermorgan.com/Capacity/OpAvailPoint.aspx?code=TGP,data/raw/km_tgp_point_delivery_capacity/2026/08/31/7d3a3704ceb7fce4f1996b3595e796aae4d0ce40ed8dd8ebf2e12a22da533c67.xlsx,km_tgp_point_delivery_capacity:1788187463756307000:7d3a3704ceb7fce4f1996b3595e796aae4d0ce40ed8dd8ebf2e12a22da533c67
point,delivery,2026-08-31,2026-08-31T14:00:00.000000Z,2026-08-31T09:00:00,EVENING,420918,249,NIAGMOH/TGP SOUTH ALBANY ALBANY,05,TGP:420918,TGP:SEG:249,D,144252,144252.0,0.0,144252.0,False,True,,True,2026-08-31T01:46:00.000000Z,2026-08-31T14:44:23.756307Z,2026-08-31T14:44:23.756307Z,Million BTU's (displayed as Dth),7d3a3704ceb7fce4f1996b3595e796aae4d0ce40ed8dd8ebf2e12a22da533c67,https://pipeline2.kindermorgan.com/Capacity/OpAvailPoint.aspx?code=TGP,data/raw/km_tgp_point_delivery_capacity/2026/08/31/7d3a3704ceb7fce4f1996b3595e796aae4d0ce40ed8dd8ebf2e12a22da533c67.xlsx,km_tgp_point_delivery_capacity:1788187463756307000:7d3a3704ceb7fce4f1996b3595e796aae4d0ce40ed8dd8ebf2e12a22da533c67
point,delivery,2026-08-31,2026-08-31T14:00:00.000000Z,2026-08-31T09:00:00,EVENING,421022,249,GB II NY/TGP GLENMONT SALES ALBANY,05,TGP:421022,TGP:SEG:249,D,227174,227174.0,100000.0,127174.0,True,True,,True,2026-08-31T01:46:00.000000Z,2026-08-31T14:44:23.756307Z,2026-08-31T14:44:23.756307Z,Million BTU's (displayed as Dth),7d3a3704ceb7fce4f1996b3595e796aae4d0ce40ed8dd8ebf2e12a22da533c67,https://pipeline2.kindermorgan.com/Capacity/OpAvailPoint.aspx?code=TGP,data/raw/km_tgp_point_delivery_capacity/2026/08/31/7d3a3704ceb7fce4f1996b3595e796aae4d0ce40ed8dd8ebf2e12a22da533c67.xlsx,km_tgp_point_delivery_capacity:1788187463756307000:7d3a3704ceb7fce4f1996b3595e796aae4d0ce40ed8dd8ebf2e12a22da533c67
point,delivery,2026-08-31,2026-08-31T14:00:00.000000Z,2026-08-31T09:00:00,EVENING,421070,249,EMPIREGN/TGP SCHODACK RENSSELAER,05,TGP:421070,TGP:SEG:249,D,161950,161950.0,81029.0,80921.0,True,True,,True,2026-08-31T01:46:00.000000Z,2026-08-31T14:44:23.756307Z,2026-08-31T14:44:23.756307Z,Million BTU's (displayed as Dth),7d3a3704ceb7fce4f1996b3595e796aae4d0ce40ed8dd8ebf2e12a22da533c67,https://pipeline2.kindermorgan.com/Capacity/OpAvailPoint.aspx?code=TGP,data/raw/km_tgp_point_delivery_capacity/2026/08/31/7d3a3704ceb7fce4f1996b3595e796aae4d0ce40ed8dd8ebf2e12a22da533c67.xlsx,km_tgp_point_delivery_capacity:1788187463756307000:7d3a3704ceb7fce4f1996b3595e796aae4d0ce40ed8dd8ebf2e12a22da533c67
point,delivery,2026-08-31,2026-08-31T14:00:00.000000Z,2026-08-31T09:00:00,EVENING,420102,256,BERKSHR/TGP PITTSFIELD MA BERKSHIRE,06,TGP:420102,TGP:SEG:256,D,62152,62152.0,6195.0,55957.0,False,True,,True,2026-08-31T01:46:00.000000Z,2026-08-31T14:44:23.756307Z,2026-08-31T14:44:23.756307Z,Million BTU's (displayed as Dth),7d3a3704ceb7fce4f1996b3595e796aae4d0ce40ed8dd8ebf2e12a22da533c67,https://pipeline2.kindermorgan.com/Capacity/OpAvailPoint.aspx?code=TGP,data/raw/km_tgp_point_delivery_capacity/2026/08/31/7d3a3704ceb7fce4f1996b3595e796aae4d0ce40ed8dd8ebf2e12a22da533c67.xlsx,km_tgp_point_delivery_capacity:1788187463756307000:7d3a3704ceb7fce4f1996b3595e796aae4d0ce40ed8dd8ebf2e12a22da533c67
point,delivery,2026-08-31,2026-08-31T14:00:00.000000Z,2026-08-31T09:00:00,EVENING,420103,256,BERKSHR/TGP NORTH ADAMS MA BERKSHIR,06,TGP:420103,TGP:SEG:256,D,28762,28762.0,2423.0,26339.0,False,True,,True,2026-08-31T01:46:00.000000Z,2026-08-31T14:44:23.756307Z,2026-08-31T14:44:23.756307Z,Million BTU's (displayed as Dth),7d3a3704ceb7fce4f1996b3595e796aae4d0ce40ed8dd8ebf2e12a22da533c67,https://pipeline2.kindermorgan.com/Capacity/OpAvailPoint.aspx?code=TGP,data/raw/km_tgp_point_delivery_capacity/2026/08/31/7d3a3704ceb7fce4f1996b3595e796aae4d0ce40ed8dd8ebf2e12a22da533c67.xlsx,km_tgp_point_delivery_capacity:1788187463756307000:7d3a3704ceb7fce4f1996b3595e796aae4d0ce40ed8dd8ebf2e12a22da533c67
point,delivery,2026-08-31,2026-08-31T14:00:00.000000Z,2026-08-31T09:00:00,EVENING,420130,256,YANK GAS/TGP WINSTED CT LITCHFIELD,06,TGP:420130,TGP:SEG:256,D,15378,22146.0,2498.0,19648.0,False,True,,True,2026-08-31T01:46:00.000000Z,2026-08-31T14:44:23.756307Z,2026-08-31T14:44:23.756307Z,Million BTU's (displayed as Dth),7d3a3704ceb7fce4f1996b3595e796aae4d0ce40ed8dd8ebf2e12a22da533c67,https://pipeline2.kindermorgan.com/Capacity/OpAvailPoint.aspx?code=TGP,data/raw/km_tgp_point_delivery_capacity/2026/08/31/7d3a3704ceb7fce4f1996b3595e796aae4d0ce40ed8dd8ebf2e12a22da533c67.xlsx,km_tgp_point_delivery_capacity:1788187463756307000:7d3a3704ceb7fce4f1996b3595e796aae4d0ce40ed8dd8ebf2e12a22da533c67
point,delivery,2026-08-31,2026-08-31T14:00:00.000000Z,2026-08-31T09:00:00,EVENING,420131,256,YANK GAS/TGP TORRINGTON CT LITCHFIE,06,TGP:420131,TGP:SEG:256,D,15266,21984.0,4104.0,17880.0,False,True,,True,2026-08-31T01:46:00.000000Z,2026-08-31T14:44:23.756307Z,2026-08-31T14:44:23.756307Z,Million BTU's (displayed as Dth),7d3a3704ceb7fce4f1996b3595e796aae4d0ce40ed8dd8ebf2e12a22da533c67,https://pipeline2.kindermorgan.com/Capacity/OpAvailPoint.aspx?code=TGP,data/raw/km_tgp_point_delivery_capacity/2026/08/31/7d3a3704ceb7fce4f1996b3595e796aae4d0ce40ed8dd8ebf2e12a22da533c67.xlsx,km_tgp_point_delivery_capacity:1788187463756307000:7d3a3704ceb7fce4f1996b3595e796aae4d0ce40ed8dd8ebf2e12a22da533c67
point,delivery,2026-08-31,2026-08-31T14:00:00.000000Z,2026-08-31T09:00:00,EVENING,420278,256,BERKSHR/TGP STOCKBRIDGE SALES BERKS,06,TGP:420278,TGP:SEG:256,D,14360,14360.0,2991.0,11369.0,False,True,,True,2026-08-31T01:46:00.000000Z,2026-08-31T14:44:23.756307Z,2026-08-31T14:44:23.756307Z,Million BTU's (displayed as Dth),7d3a3704ceb7fce4f1996b3595e796aae4d0ce40ed8dd8ebf2e12a22da533c67,https://pipeline2.kindermorgan.com/Capacity/OpAvailPoint.aspx?code=TGP,data/raw/km_tgp_point_delivery_capacity/2026/08/31/7d3a3704ceb7fce4f1996b3595e796aae4d0ce40ed8dd8ebf2e12a22da533c67.xlsx,km_tgp_point_delivery_capacity:1788187463756307000:7d3a3704ceb7fce4f1996b3595e796aae4d0ce40ed8dd8ebf2e12a22da533c67
point,delivery,2026-08-31,2026-08-31T14:00:00.000000Z,2026-08-31T09:00:00,EVENING,420638,256,BERKSHR/TGP WEST PITTSFIELD SALES B,06,TGP:420638,TGP:SEG:256,D,28932,28932.0,0.0,28932.0,False,True,,True,2026-08-31T01:46:00.000000Z,2026-08-31T14:44:23.756307Z,2026-08-31T14:44:23.756307Z,Million BTU's (displayed as Dth),7d3a3704ceb7fce4f1996b3595e796aae4d0ce40ed8dd8ebf2e12a22da533c67,https://pipeline2.kindermorgan.com/Capacity/OpAvailPoint.aspx?code=TGP,data/raw/km_tgp_point_delivery_capacity/2026/08/31/7d3a3704ceb7fce4f1996b3595e796aae4d0ce40ed8dd8ebf2e12a22da533c67.xlsx,km_tgp_point_delivery_capacity:1788187463756307000:7d3a3704ceb7fce4f1996b3595e796aae4d0ce40ed8dd8ebf2e12a22da533c67
point,delivery,2026-08-31,2026-08-31T14:00:00.000000Z,2026-08-31T09:00:00,EVENING,420747,256,BERKSHR/TGP BOUSQUET SMS BERKSHIRE,06,TGP:420747,TGP:SEG:256,D,106192,106192.0,0.0,106192.0,False,True,,True,2026-08-31T01:46:00.000000Z,2026-08-31T14:44:23.756307Z,2026-08-31T14:44:23.756307Z,Million BTU's (displayed as Dth),7d3a3704ceb7fce4f1996b3595e796aae4d0ce40ed8dd8ebf2e12a22da533c67,https://pipeline2.kindermorgan.com/Capacity/OpAvailPoint.aspx?code=TGP,data/raw/km_tgp_point_delivery_capacity/2026/08/31/7d3a3704ceb7fce4f1996b3595e796aae4d0ce40ed8dd8ebf2e12a22da533c67.xlsx,km_tgp_point_delivery_capacity:1788187463756307000:7d3a3704ceb7fce4f1996b3595e796aae4d0ce40ed8dd8ebf2e12a22da533c67
point,delivery,2026-08-31,2026-08-31T14:00:00.000000Z,2026-08-31T09:00:00,EVENING,421058,256,WESTFLD/TGP SOUTHWICK :  DIP 259C H,06,TGP:421058,TGP:SEG:256,D,42025,42025.0,1250.0,40775.0,True,True,,True,2026-08-31T01:46:00.000000Z,2026-08-31T14:44:23.756307Z,2026-08-31T14:44:23.756307Z,Million BTU's (displayed as Dth),7d3a3704ceb7fce4f1996b3595e796aae4d0ce40ed8dd8ebf2e12a22da533c67,https://pipeline2.kindermorgan.com/Capacity/OpAvailPoint.aspx?code=TGP,data/raw/km_tgp_point_delivery_capacity/2026/08/31/7d3a3704ceb7fce4f1996b3595e796aae4d0ce40ed8dd8ebf2e12a22da533c67.xlsx,km_tgp_point_delivery_capacity:1788187463756307000:7d3a3704ceb7fce4f1996b3595e796aae4d0ce40ed8dd8ebf2e12a22da533c67
point,delivery,2026-08-31,2026-08-31T14:00:00.000000Z,2026-08-31T09:00:00,EVENING,400484,261,EVRSRC/TGP AGAWAM MASS HAMPDEN,06,TGP:400484,TGP:SEG:261,D,120614,120614.0,84095.0,36519.0,True,True,,True,2026-08-31T01:46:00.000000Z,2026-08-31T14:44:23.756307Z,2026-08-31T14:44:23.756307Z,Million BTU's (displayed as Dth),7d3a3704ceb7fce4f1996b3595e796aae4d0ce40ed8dd8ebf2e12a22da533c67,https://pipeline2.kindermorgan.com/Capacity/OpAvailPoint.aspx?code=TGP,data/raw/km_tgp_point_delivery_capacity/2026/08/31/7d3a3704ceb7fce4f1996b3595e796aae4d0ce40ed8dd8ebf2e12a22da533c67.xlsx,km_tgp_point_delivery_capacity:1788187463756307000:7d3a3704ceb7fce4f1996b3595e796aae4d0ce40ed8dd8ebf2e12a22da533c67
point,delivery,2026-08-31,2026-08-31T14:00:00.000000Z,2026-08-31T09:00:00,EVENING,420108,261,BOSTN/TGP SOUTHBRIDGE MA WORCHESTER,06,TGP:420108,TGP:SEG:261,D,25228,0.0,0.0,0.0,False,True,,True,2026-08-31T01:46:00.000000Z,2026-08-31T14:44:23.756307Z,2026-08-31T14:44:23.756307Z,Million BTU's (displayed as Dth),7d3a3704ceb7fce4f1996b3595e796aae4d0ce40ed8dd8ebf2e12a22da533c67,https://pipeline2.kindermorgan.com/Capacity/OpAvailPoint.aspx?code=TGP,data/raw/km_tgp_point_delivery_capacity/2026/08/31/7d3a3704ceb7fce4f1996b3595e796aae4d0ce40ed8dd8ebf2e12a22da533c67.xlsx,km_tgp_point_delivery_capacity:1788187463756307000:7d3a3704ceb7fce4f1996b3595e796aae4d0ce40ed8dd8ebf2e12a22da533c67
point,delivery,2026-08-31,2026-08-31T14:00:00.000000Z,2026-08-31T09:00:00,EVENING,420109,261,NSTAR/TGP WORCESTER MA WORCHESTER,06,TGP:420109,TGP:SEG:261,D,229429,229429.0,0.0,273516.0,True,True,,False,2026-08-31T01:46:00.000000Z,2026-08-31T14:44:23.756307Z,2026-08-31T14:44:23.756307Z,Million BTU's (displayed as Dth),7d3a3704ceb7fce4f1996b3595e796aae4d0ce40ed8dd8ebf2e12a22da533c67,https://pipeline2.kindermorgan.com/Capacity/OpAvailPoint.aspx?code=TGP,data/raw/km_tgp_point_delivery_capacity/2026/08/31/7d3a3704ceb7fce4f1996b3595e796aae4d0ce40ed8dd8ebf2e12a22da533c67.xlsx,km_tgp_point_delivery_capacity:1788187463756307000:7d3a3704ceb7fce4f1996b3595e796aae4d0ce40ed8dd8ebf2e12a22da533c67
point,delivery,2026-08-31,2026-08-31T14:00:00.000000Z,2026-08-31T09:00:00,EVENING,420191,261,BOSTN/TGP SPENCER MA WORCHESTER,06,TGP:420191,TGP:SEG:261,D,25024,0.0,0.0,0.0,False,True,,True,2026-08-31T01:46:00.000000Z,2026-08-31T14:44:23.756307Z,2026-08-31T14:44:23.756307Z,Million BTU's (displayed as Dth),7d3a3704ceb7fce4f1996b3595e796aae4d0ce40ed8dd8ebf2e12a22da533c67,https://pipeline2.kindermorgan.com/Capacity/OpAvailPoint.aspx?code=TGP,data/raw/km_tgp_point_delivery_capacity/2026/08/31/7d3a3704ceb7fce4f1996b3595e796aae4d0ce40ed8dd8ebf2e12a22da533c67.xlsx,km_tgp_point_delivery_capacity:1788187463756307000:7d3a3704ceb7fce4f1996b3595e796aae4d0ce40ed8dd8ebf2e12a22da533c67
point,delivery,2026-08-31,2026-08-31T14:00:00.000000Z,2026-08-31T09:00:00,EVENING,420193,261,EVRSRC/TGP EAST LONGMEADOW MA HAMPD,06,TGP:420193,TGP:SEG:261,D,136859,136859.0,1302.0,135557.0,False,True,,True,2026-08-31T01:46:00.000000Z,2026-08-31T14:44:23.756307Z,2026-08-31T14:44:23.756307Z,Million BTU's (displayed as Dth),7d3a3704ceb7fce4f1996b3595e796aae4d0ce40ed8dd8ebf2e12a22da533c67,https://pipeline2.kindermorgan.com/Capacity/OpAvailPoint.aspx?code=TGP,data/raw/km_tgp_point_delivery_capacity/2026/08/31/7d3a3704ceb7fce4f1996b3595e796aae4d0ce40ed8dd8ebf2e12a22da533c67.xlsx,km_tgp_point_delivery_capacity:1788187463756307000:7d3a3704ceb7fce4f1996b3595e796aae4d0ce40ed8dd8ebf2e12a22da533c67
point,delivery,2026-08-31,2026-08-31T14:00:00.000000Z,2026-08-31T09:00:00,EVENING,420318,261,YANK GAS/TGP THOMPSONVILLE CT EXCH,06,TGP:420318,TGP:SEG:261,D,21460,21460.0,7124.0,14336.0,False,True,,True,2026-08-31T01:46:00.000000Z,2026-08-31T14:44:23.756307Z,2026-08-31T14:44:23.756307Z,Million BTU's (displayed as Dth),7d3a3704ceb7fce4f1996b3595e796aae4d0ce40ed8dd8ebf2e12a22da533c67,https://pipeline2.kindermorgan.com/Capacity/OpAvailPoint.aspx?code=TGP,data/raw/km_tgp_point_delivery_capacity/2026/08/31/7d3a3704ceb7fce4f1996b3595e796aae4d0ce40ed8dd8ebf2e12a22da533c67.xlsx,km_tgp_point_delivery_capacity:1788187463756307000:7d3a3704ceb7fce4f1996b3595e796aae4d0ce40ed8dd8ebf2e12a22da533c67
point,delivery,2026-08-31,2026-08-31T14:00:00.000000Z,2026-08-31T09:00:00,EVENING,420751,261,EVRSRC/TGP MONSON SALES HAMPDEN,06,TGP:420751,TGP:SEG:261,D,162558,162558.0,0.0,162558.0,False,True,,True,2026-08-31T01:46:00.000000Z,2026-08-31T14:44:23.756307Z,2026-08-31T14:44:23.756307Z,Million BTU's (displayed as Dth),7d3a3704ceb7fce4f1996b3595e796aae4d0ce40ed8dd8ebf2e12a22da533c67,https://pipeline2.kindermorgan.com/Capacity/OpAvailPoint.aspx?code=TGP,data/raw/km_tgp_point_delivery_capacity/2026/08/31/7d3a3704ceb7fce4f1996b3595e796aae4d0ce40ed8dd8ebf2e12a22da533c67.xlsx,km_tgp_point_delivery_capacity:1788187463756307000:7d3a3704ceb7fce4f1996b3595e796aae4d0ce40ed8dd8ebf2e12a22da533c67
point,delivery,2026-08-31,2026-08-31T14:00:00.000000Z,2026-08-31T09:00:00,EVENING,420884,261,MILL POW/TGP MILLENNIUM POWER COGEN,06,TGP:420884,TGP:SEG:261,D,130124,130124.0,21500.0,108624.0,False,True,,True,2026-08-31T01:46:00.000000Z,2026-08-31T14:44:23.756307Z,2026-08-31T14:44:23.756307Z,Million BTU's (displayed as Dth),7d3a3704ceb7fce4f1996b3595e796aae4d0ce40ed8dd8ebf2e12a22da533c67,https://pipeline2.kindermorgan.com/Capacity/OpAvailPoint.aspx?code=TGP,data/raw/km_tgp_point_delivery_capacity/2026/08/31/7d3a3704ceb7fce4f1996b3595e796aae4d0ce40ed8dd8ebf2e12a22da533c67.xlsx,km_tgp_point_delivery_capacity:1788187463756307000:7d3a3704ceb7fce4f1996b3595e796aae4d0ce40ed8dd8ebf2e12a22da533c67
point,delivery,2026-08-31,2026-08-31T14:00:00.000000Z,2026-08-31T09:00:00,EVENING,420901,261,BERKPWR/TGP BERKSHIRE POWER SALES H,06,TGP:420901,TGP:SEG:261,D,51188,51188.0,0.0,51188.0,False,True,,True,2026-08-31T01:46:00.000000Z,2026-08-31T14:44:23.756307Z,2026-08-31T14:44:23.756307Z,Million BTU's (displayed as Dth),7d3a3704ceb7fce4f1996b3595e796aae4d0ce40ed8dd8ebf2e12a22da533c67,https://pipeline2.kindermorgan.com/Capacity/OpAvailPoint.aspx?code=TGP,data/raw/km_tgp_point_delivery_capacity/2026/08/31/7d3a3704ceb7fce4f1996b3595e796aae4d0ce40ed8dd8ebf2e12a22da533c67.xlsx,km_tgp_point_delivery_capacity:1788187463756307000:7d3a3704ceb7fce4f1996b3595e796aae4d0ce40ed8dd8ebf2e12a22da533c67
point,delivery,2026-08-31,2026-08-31T14:00:00.000000Z,2026-08-31T09:00:00,EVENING,421023,261,BOSTN/TGP OXFORD SALES WORCHESTER,06,TGP:421023,TGP:SEG:261,D,14914,0.0,0.0,0.0,False,True,,True,2026-08-31T01:46:00.000000Z,2026-08-31T14:44:23.756307Z,2026-08-31T14:44:23.756307Z,Million BTU's (displayed as Dth),7d3a3704ceb7fce4f1996b3595e796aae4d0ce40ed8dd8ebf2e12a22da533c67,https://pipeline2.kindermorgan.com/Capacity/OpAvailPoint.aspx?code=TGP,data/raw/km_tgp_point_delivery_capacity/2026/08/31/7d3a3704ceb7fce4f1996b3595e796aae4d0ce40ed8dd8ebf2e12a22da533c67.xlsx,km_tgp_point_delivery_capacity:1788187463756307000:7d3a3704ceb7fce4f1996b3595e796aae4d0ce40ed8dd8ebf2e12a22da533c67
point,delivery,2026-08-31,2026-08-31T14:00:00.000000Z,2026-08-31T09:00:00,EVENING,421076,261,YANK GAS/TGP THOMPSONVILLE NO. 2 BO,06,TGP:421076,TGP:SEG:261,D,176300,176300.0,0.0,176300.0,False,True,,True,2026-08-31T01:46:00.000000Z,2026-08-31T14:44:23.756307Z,2026-08-31T14:44:23.756307Z,Million BTU's (displayed as Dth),7d3a3704ceb7fce4f1996b3595e796aae4d0ce40ed8dd8ebf2e12a22da533c67,https://pipeline2.kindermorgan.com/Capacity/OpAvailPoint.aspx?code=TGP,data/raw/km_tgp_point_delivery_capacity/2026/08/31/7d3a3704ceb7fce4f1996b3595e796aae4d0ce40ed8dd8ebf2e12a22da533c67.xlsx,km_tgp_point_delivery_capacity:1788187463756307000:7d3a3704ceb7fce4f1996b3595e796aae4d0ce40ed8dd8ebf2e12a22da533c67
point,delivery,2026-08-31,2026-08-31T14:00:00.000000Z,2026-08-31T09:00:00,EVENING,47859,261,BOSTN/TGP 261 CDP - BOSTON,06,TGP:47859,TGP:SEG:261,D,0,53800.0,19214.0,34586.0,False,True,,True,2026-08-31T01:46:00.000000Z,2026-08-31T14:44:23.756307Z,2026-08-31T14:44:23.756307Z,Million BTU's (displayed as Dth),7d3a3704ceb7fce4f1996b3595e796aae4d0ce40ed8dd8ebf2e12a22da533c67,https://pipeline2.kindermorgan.com/Capacity/OpAvailPoint.aspx?code=TGP,data/raw/km_tgp_point_delivery_capacity/2026/08/31/7d3a3704ceb7fce4f1996b3595e796aae4d0ce40ed8dd8ebf2e12a22da533c67.xlsx,km_tgp_point_delivery_capacity:1788187463756307000:7d3a3704ceb7fce4f1996b3595e796aae4d0ce40ed8dd8ebf2e12a22da533c67
point,delivery,2026-08-31,2026-08-31T14:00:00.000000Z,2026-08-31T09:00:00,EVENING,55669,261,NEENERGY/TGP CADY BROOK STATION WOR,06,TGP:55669,TGP:SEG:261,D,25933,25933.0,15500.0,10433.0,False,True,,True,2026-08-31T01:46:00.000000Z,2026-08-31T14:44:23.756307Z,2026-08-31T14:44:23.756307Z,Million BTU's (displayed as Dth),7d3a3704ceb7fce4f1996b3595e796aae4d0ce40ed8dd8ebf2e12a22da533c67,https://pipeline2.kindermorgan.com/Capacity/OpAvailPoint.aspx?code=TGP,data/raw/km_tgp_point_delivery_capacity/2026/08/31/7d3a3704ceb7fce4f1996b3595e796aae4d0ce40ed8dd8ebf2e12a22da533c67.xlsx,km_tgp_point_delivery_capacity:1788187463756307000:7d3a3704ceb7fce4f1996b3595e796aae4d0ce40ed8dd8ebf2e12a22da533c67
point,delivery,2026-08-31,2026-08-31T14:00:00.000000Z,2026-08-31T09:00:00,EVENING,420259,265,NSTAR/TGP FARNUMSVILLE MA WORCHESTE,06,TGP:420259,TGP:SEG:265,D,26906,26906.0,0.0,26906.0,False,True,,True,2026-08-31T01:46:00.000000Z,2026-08-31T14:44:23.756307Z,2026-08-31T14:44:23.756307Z,Million BTU's (displayed as Dth),7d3a3704ceb7fce4f1996b3595e796aae4d0ce40ed8dd8ebf2e12a22da533c67,https://pipeline2.kindermorgan.com/Capacity/OpAvailPoint.aspx?code=TGP,data/raw/km_tgp_point_delivery_capacity/2026/08/31/7d3a3704ceb7fce4f1996b3595e796aae4d0ce40ed8dd8ebf2e12a22da533c67.xlsx,km_tgp_point_delivery_capacity:1788187463756307000:7d3a3704ceb7fce4f1996b3595e796aae4d0ce40ed8dd8ebf2e12a22da533c67
point,delivery,2026-08-31,2026-08-31T14:00:00.000000Z,2026-08-31T09:00:00,EVENING,420509,266,NSTAR/TGP HOPKINTON MIDDLESEX,06,TGP:420509,TGP:SEG:266,D,79381,79381.0,8959.0,70422.0,False,True,,True,2026-08-31T01:46:00.000000Z,2026-08-31T14:44:23.756307Z,2026-08-31T14:44:23.756307Z,Million BTU's (displayed as Dth),7d3a3704ceb7fce4f1996b3595e796aae4d0ce40ed8dd8ebf2e12a22da533c67,https://pipeline2.kindermorgan.com/Capacity/OpAvailPoint.aspx?code=TGP,data/raw/km_tgp_point_delivery_capacity/2026/08/31/7d3a3704ceb7fce4f1996b3595e796aae4d0ce40ed8dd8ebf2e12a22da533c67.xlsx,km_tgp_point_delivery_capacity:1788187463756307000:7d3a3704ceb7fce4f1996b3595e796aae4d0ce40ed8dd8ebf2e12a22da533c67
point,delivery,2026-08-31,2026-08-31T14:00:00.000000Z,2026-08-31T09:00:00,EVENING,47860,266,BOSTN/TGP 267 CDP - BOSTON GAS,06,TGP:47860,TGP:SEG:266,D,0,221886.0,35151.0,186735.0,False,True,,True,2026-08-31T01:46:00.000000Z,2026-08-31T14:44:23.756307Z,2026-08-31T14:44:23.756307Z,Million BTU's (displayed as Dth),7d3a3704ceb7fce4f1996b3595e796aae4d0ce40ed8dd8ebf2e12a22da533c67,https://pipeline2.kindermorgan.com/Capacity/OpAvailPoint.aspx?code=TGP,data/raw/km_tgp_point_delivery_capacity/2026/08/31/7d3a3704ceb7fce4f1996b3595e796aae4d0ce40ed8dd8ebf2e12a22da533c67.xlsx,km_tgp_point_delivery_capacity:1788187463756307000:7d3a3704ceb7fce4f1996b3595e796aae4d0ce40ed8dd8ebf2e12a22da533c67
point,delivery,2026-08-31,2026-08-31T14:00:00.000000Z,2026-08-31T09:00:00,EVENING,420611,267,BOSTN/TGP ACTON SALES MIDDLESEX,06,TGP:420611,TGP:SEG:267,D,50895,0.0,0.0,0.0,False,True,,True,2026-08-31T01:46:00.000000Z,2026-08-31T14:44:23.756307Z,2026-08-31T14:44:23.756307Z,Million BTU's (displayed as Dth),7d3a3704ceb7fce4f1996b3595e796aae4d0ce40ed8dd8ebf2e12a22da533c67,https://pipeline2.kindermorgan.com/Capacity/OpAvailPoint.aspx?code=TGP,data/raw/km_tgp_point_delivery_capacity/2026/08/31/7d3a3704ceb7fce4f1996b3595e796aae4d0ce40ed8dd8ebf2e12a22da533c67.xlsx,km_tgp_point_delivery_capacity:1788187463756307000:7d3a3704ceb7fce4f1996b3595e796aae4d0ce40ed8dd8ebf2e12a22da533c67
point,delivery,2026-08-31,2026-08-31T14:00:00.000000Z,2026-08-31T09:00:00,EVENING,420115,268,BOSTN/TGP ARLINGTON MA MIDDLESEX,06,TGP:420115,TGP:SEG:268,D,178596,0.0,0.0,0.0,False,True,,True,2026-08-31T01:46:00.000000Z,2026-08-31T14:44:23.756307Z,2026-08-31T14:44:23.756307Z,Million BTU's (displayed as Dth),7d3a3704ceb7fce4f1996b3595e796aae4d0ce40ed8dd8ebf2e12a22da533c67,https://pipeline2.kindermorgan.com/Capacity/OpAvailPoint.aspx?code=TGP,data/raw/km_tgp_point_delivery_capacity/2026/08/31/7d3a3704ceb7fce4f1996b3595e796aae4d0ce40ed8dd8ebf2e12a22da533c67.xlsx,km_tgp_point_delivery_capacity:1788187463756307000:7d3a3704ceb7fce4f1996b3595e796aae4d0ce40ed8dd8ebf2e12a22da533c67
point,delivery,2026-08-31,2026-08-31T14:00:00.000000Z,2026-08-31T09:00:00,EVENING,420116,268,BOSTN/TGP REVERE MA MIDDLESEX,06,TGP:420116,TGP:SEG:268,D,89836,0.0,0.0,0.0,False,True,,True,2026-08-31T01:46:00.000000Z,2026-08-31T14:44:23.756307Z,2026-08-31T14:44:23.756307Z,Million BTU's (displayed as Dth),7d3a3704ceb7fce4f1996b3595e796aae4d0ce40ed8dd8ebf2e12a22da533c67,https://pipeline2.kindermorgan.com/Capacity/OpAvailPoint.aspx?code=TGP,data/raw/km_tgp_point_delivery_capacity/2026/08/31/7d3a3704ceb7fce4f1996b3595e796aae4d0ce40ed8dd8ebf2e12a22da533c67.xlsx,km_tgp_point_delivery_capacity:1788187463756307000:7d3a3704ceb7fce4f1996b3595e796aae4d0ce40ed8dd8ebf2e12a22da533c67
point,delivery,2026-08-31,2026-08-31T14:00:00.000000Z,2026-08-31T09:00:00,EVENING,420117,268,BOSTN/TGP LYNN MA ESSEX,06,TGP:420117,TGP:SEG:268,D,86030,0.0,0.0,0.0,False,True,,True,2026-08-31T01:46:00.000000Z,2026-08-31T14:44:23.756307Z,2026-08-31T14:44:23.756307Z,Million BTU's (displayed as Dth),7d3a3704ceb7fce4f1996b3595e796aae4d0ce40ed8dd8ebf2e12a22da533c67,https://pipeline2.kindermorgan.com/Capacity/OpAvailPoint.aspx?code=TGP,data/raw/km_tgp_point_delivery_capacity/2026/08/31/7d3a3704ceb7fce4f1996b3595e796aae4d0ce40ed8dd8ebf2e12a22da533c67.xlsx,km_tgp_point_delivery_capacity:1788187463756307000:7d3a3704ceb7fce4f1996b3595e796aae4d0ce40ed8dd8ebf2e12a22da533c67
point,delivery,2026-08-31,2026-08-31T14:00:00.000000Z,2026-08-31T09:00:00,EVENING,420118,268,BOSTN/TGP BEVERLY SALEM MA ESSEX,06,TGP:420118,TGP:SEG:268,D,111785,0.0,0.0,0.0,False,True,,True,2026-08-31T01:46:00.000000Z,2026-08-31T14:44:23.756307Z,2026-08-31T14:44:23.756307Z,Million BTU's (displayed as Dth),7d3a3704ceb7fce4f1996b3595e796aae4d0ce40ed8dd8ebf2e12a22da533c67,https://pipeline2.kindermorgan.com/Capacity/OpAvailPoint.aspx?code=TGP,data/raw/km_tgp_point_delivery_capacity/2026/08/31/7d3a3704ceb7fce4f1996b3595e796aae4d0ce40ed8dd8ebf2e12a22da533c67.xlsx,km_tgp_point_delivery_capacity:1788187463756307000:7d3a3704ceb7fce4f1996b3595e796aae4d0ce40ed8dd8ebf2e12a22da533c67
point,delivery,2026-08-31,2026-08-31T14:00:00.000000Z,2026-08-31T09:00:00,EVENING,420119,268,BOSTN/TGP GLOUCESTER MA ESSEX,06,TGP:420119,TGP:SEG:268,D,47742,0.0,0.0,0.0,False,True,,True,2026-08-31T01:46:00.000000Z,2026-08-31T14:44:23.756307Z,2026-08-31T14:44:23.756307Z,Million BTU's (displayed as Dth),7d3a3704ceb7fce4f1996b3595e796aae4d0ce40ed8dd8ebf2e12a22da533c67,https://pipeline2.kindermorgan.com/Capacity/OpAvailPoint.aspx?code=TGP,data/raw/km_tgp_point_delivery_capacity/2026/08/31/7d3a3704ceb7fce4f1996b3595e796aae4d0ce40ed8dd8ebf2e12a22da533c67.xlsx,km_tgp_point_delivery_capacity:1788187463756307000:7d3a3704ceb7fce4f1996b3595e796aae4d0ce40ed8dd8ebf2e12a22da533c67
point,delivery,2026-08-31,2026-08-31T14:00:00.000000Z,2026-08-31T09:00:00,EVENING,420136,268,BOSTN/TGP READING MA MIDDLESEX,06,TGP:420136,TGP:SEG:268,D,58239,0.0,0.0,0.0,False,True,,True,2026-08-31T01:46:00.000000Z,2026-08-31T14:44:23.756307Z,2026-08-31T14:44:23.756307Z,Million BTU's (displayed as Dth),7d3a3704ceb7fce4f1996b3595e796aae4d0ce40ed8dd8ebf2e12a22da533c67,https://pipeline2.kindermorgan.com/Capacity/OpAvailPoint.aspx?code=TGP,data/raw/km_tgp_point_delivery_capacity/2026/08/31/7d3a3704ceb7fce4f1996b3595e796aae4d0ce40ed8dd8ebf2e12a22da533c67.xlsx,km_tgp_point_delivery_capacity:1788187463756307000:7d3a3704ceb7fce4f1996b3595e796aae4d0ce40ed8dd8ebf2e12a22da533c67
point,delivery,2026-08-31,2026-08-31T14:00:00.000000Z,2026-08-31T09:00:00,EVENING,420138,268,BOSTN/TGP WENHAM MA ESSEX,06,TGP:420138,TGP:SEG:268,D,24236,0.0,0.0,0.0,False,True,,True,2026-08-31T01:46:00.000000Z,2026-08-31T14:44:23.756307Z,2026-08-31T14:44:23.756307Z,Million BTU's (displayed as Dth),7d3a3704ceb7fce4f1996b3595e796aae4d0ce40ed8dd8ebf2e12a22da533c67,https://pipeline2.kindermorgan.com/Capacity/OpAvailPoint.aspx?code=TGP,data/raw/km_tgp_point_delivery_capacity/2026/08/31/7d3a3704ceb7fce4f1996b3595e796aae4d0ce40ed8dd8ebf2e12a22da533c67.xlsx,km_tgp_point_delivery_capacity:1788187463756307000:7d3a3704ceb7fce4f1996b3595e796aae4d0ce40ed8dd8ebf2e12a22da533c67
point,delivery,2026-08-31,2026-08-31T14:00:00.000000Z,2026-08-31T09:00:00,EVENING,420192,268,BOSTN/TGP LEXINGTON MA MIDDLESEX,06,TGP:420192,TGP:SEG:268,D,22685,0.0,0.0,0.0,False,True,,True,2026-08-31T01:46:00.000000Z,2026-08-31T14:44:23.756307Z,2026-08-31T14:44:23.756307Z,Million BTU's (displayed as Dth),7d3a3704ceb7fce4f1996b3595e796aae4d0ce40ed8dd8ebf2e12a22da533c67,https://pipeline2.kindermorgan.com/Capacity/OpAvailPoint.aspx?code=TGP,data/raw/km_tgp_point_delivery_capacity/2026/08/31/7d3a3704ceb7fce4f1996b3595e796aae4d0ce40ed8dd8ebf2e12a22da533c67.xlsx,km_tgp_point_delivery_capacity:1788187463756307000:7d3a3704ceb7fce4f1996b3595e796aae4d0ce40ed8dd8ebf2e12a22da533c67
point,delivery,2026-08-31,2026-08-31T14:00:00.000000Z,2026-08-31T09:00:00,EVENING,420323,268,BOSTN/TGP ESSEX MA ESSEX,06,TGP:420323,TGP:SEG:268,D,6150,0.0,0.0,0.0,False,True,,True,2026-08-31T01:46:00.000000Z,2026-08-31T14:44:23.756307Z,2026-08-31T14:44:23.756307Z,Million BTU's (displayed as Dth),7d3a3704ceb7fce4f1996b3595e796aae4d0ce40ed8dd8ebf2e12a22da533c67,https://pipeline2.kindermorgan.com/Capacity/OpAvailPoint.aspx?code=TGP,data/raw/km_tgp_point_delivery_capacity/2026/08/31/7d3a3704ceb7fce4f1996b3595e796aae4d0ce40ed8dd8ebf2e12a22da533c67.xlsx,km_tgp_point_delivery_capacity:1788187463756307000:7d3a3704ceb7fce4f1996b3595e796aae4d0ce40ed8dd8ebf2e12a22da533c67
point,delivery,2026-08-31,2026-08-31T14:00:00.000000Z,2026-08-31T09:00:00,EVENING,420341,268,BOSTN/TGP BURLINGTON MA MIDDLESEX,06,TGP:420341,TGP:SEG:268,D,49388,0.0,0.0,0.0,False,True,,True,2026-08-31T01:46:00.000000Z,2026-08-31T14:44:23.756307Z,2026-08-31T14:44:23.756307Z,Million BTU's (displayed as Dth),7d3a3704ceb7fce4f1996b3595e796aae4d0ce40ed8dd8ebf2e12a22da533c67,https://pipeline2.kindermorgan.com/Capacity/OpAvailPoint.aspx?code=TGP,data/raw/km_tgp_point_delivery_capacity/2026/08/31/7d3a3704ceb7fce4f1996b3595e796aae4d0ce40ed8dd8ebf2e12a22da533c67.xlsx,km_tgp_point_delivery_capacity:1788187463756307000:7d3a3704ceb7fce4f1996b3595e796aae4d0ce40ed8dd8ebf2e12a22da533c67
point,delivery,2026-08-31,2026-08-31T14:00:00.000000Z,2026-08-31T09:00:00,EVENING,420343,268,BOSTN/TGP LYNN FIELD MA ESSEX,06,TGP:420343,TGP:SEG:268,D,11714,0.0,0.0,0.0,False,True,,True,2026-08-31T01:46:00.000000Z,2026-08-31T14:44:23.756307Z,2026-08-31T14:44:23.756307Z,Million BTU's (displayed as Dth),7d3a3704ceb7fce4f1996b3595e796aae4d0ce40ed8dd8ebf2e12a22da533c67,https://pipeline2.kindermorgan.com/Capacity/OpAvailPoint.aspx?code=TGP,data/raw/km_tgp_point_delivery_capacity/2026/08/31/7d3a3704ceb7fce4f1996b3595e796aae4d0ce40ed8dd8ebf2e12a22da533c67.xlsx,km_tgp_point_delivery_capacity:1788187463756307000:7d3a3704ceb7fce4f1996b3595e796aae4d0ce40ed8dd8ebf2e12a22da533c67
point,delivery,2026-08-31,2026-08-31T14:00:00.000000Z,2026-08-31T09:00:00,EVENING,420350,268,AGT/TGP LINCOLN MA TIE OVER WORCHES,06,TGP:420350,TGP:SEG:268,D,80565,80565.0,18120.0,62445.0,False,True,,True,2026-08-31T01:46:00.000000Z,2026-08-31T14:44:23.756307Z,2026-08-31T14:44:23.756307Z,Million BTU's (displayed as Dth),7d3a3704ceb7fce4f1996b3595e796aae4d0ce40ed8dd8ebf2e12a22da533c67,https://pipeline2.kindermorgan.com/Capacity/OpAvailPoint.aspx?code=TGP,data/raw/km_tgp_point_delivery_capacity/2026/08/31/7d3a3704ceb7fce4f1996b3595e796aae4d0ce40ed8dd8ebf2e12a22da533c67.xlsx,km_tgp_point_delivery_capacity:1788187463756307000:7d3a3704ceb7fce4f1996b3595e796aae4d0ce40ed8dd8ebf2e12a22da533c67
point,delivery,2026-08-31,2026-08-31T14:00:00.000000Z,2026-08-31T09:00:00,EVENING,420389,268,BOSTN/TGP WEST PEABODY MA ESSEX,06,TGP:420389,TGP:SEG:268,D,23068,0.0,0.0,0.0,False,True,,True,2026-08-31T01:46:00.000000Z,2026-08-31T14:44:23.756307Z,2026-08-31T14:44:23.756307Z,Million BTU's (displayed as Dth),7d3a3704ceb7fce4f1996b3595e796aae4d0ce40ed8dd8ebf2e12a22da533c67,https://pipeline2.kindermorgan.com/Capacity/OpAvailPoint.aspx?code=TGP,data/raw/km_tgp_point_delivery_capacity/2026/08/31/7d3a3704ceb7fce4f1996b3595e796aae4d0ce40ed8dd8ebf2e12a22da533c67.xlsx,km_tgp_point_delivery_capacity:1788187463756307000:7d3a3704ceb7fce4f1996b3595e796aae4d0ce40ed8dd8ebf2e12a22da533c67
point,delivery,2026-08-31,2026-08-31T14:00:00.000000Z,2026-08-31T09:00:00,EVENING,420532,268,BOSTN/TGP WILMINGTON MA MIDDLESEX,06,TGP:420532,TGP:SEG:268,D,52759,0.0,0.0,0.0,False,True,,True,2026-08-31T01:46:00.000000Z,2026-08-31T14:44:23.756307Z,2026-08-31T14:44:23.756307Z,Million BTU's (displayed as Dth),7d3a3704ceb7fce4f1996b3595e796aae4d0ce40ed8dd8ebf2e12a22da533c67,https://pipeline2.kindermorgan.com/Capacity/OpAvailPoint.aspx?code=TGP,data/raw/km_tgp_point_delivery_capacity/2026/08/31/7d3a3704ceb7fce4f1996b3595e796aae4d0ce40ed8dd8ebf2e12a22da533c67.xlsx,km_tgp_point_delivery_capacity:1788187463756307000:7d3a3704ceb7fce4f1996b3595e796aae4d0ce40ed8dd8ebf2e12a22da533c67
point,delivery,2026-08-31,2026-08-31T14:00:00.000000Z,2026-08-31T09:00:00,EVENING,420658,268,MMWEC/TGP PEABODY SALES ESSEX,06,TGP:420658,TGP:SEG:268,D,18860,18860.0,0.0,18860.0,False,True,,True,2026-08-31T01:46:00.000000Z,2026-08-31T14:44:23.756307Z,2026-08-31T14:44:23.756307Z,Million BTU's (displayed as Dth),7d3a3704ceb7fce4f1996b3595e796aae4d0ce40ed8dd8ebf2e12a22da533c67,https://pipeline2.kindermorgan.com/Capacity/OpAvailPoint.aspx?code=TGP,data/raw/km_tgp_point_delivery_capacity/2026/08/31/7d3a3704ceb7fce4f1996b3595e796aae4d0ce40ed8dd8ebf2e12a22da533c67.xlsx,km_tgp_point_delivery_capacity:1788187463756307000:7d3a3704ceb7fce4f1996b3595e796aae4d0ce40ed8dd8ebf2e12a22da533c67
point,delivery,2026-08-31,2026-08-31T14:00:00.000000Z,2026-08-31T09:00:00,EVENING,420808,268,BOSTN/TGP CAMP CURTIS ESSEX,06,TGP:420808,TGP:SEG:268,D,14954,0.0,0.0,0.0,False,True,,True,2026-08-31T01:46:00.000000Z,2026-08-31T14:44:23.756307Z,2026-08-31T14:44:23.756307Z,Million BTU's (displayed as Dth),7d3a3704ceb7fce4f1996b3595e796aae4d0ce40ed8dd8ebf2e12a22da533c67,https://pipeline2.kindermorgan.com/Capacity/OpAvailPoint.aspx?code=TGP,data/raw/km_tgp_point_delivery_capacity/2026/08/31/7d3a3704ceb7fce4f1996b3595e796aae4d0ce40ed8dd8ebf2e12a22da533c67.xlsx,km_tgp_point_delivery_capacity:1788187463756307000:7d3a3704ceb7fce4f1996b3595e796aae4d0ce40ed8dd8ebf2e12a22da533c67
point,delivery,2026-08-31,2026-08-31T14:00:00.000000Z,2026-08-31T09:00:00,EVENING,420848,268,WAKEFLD/TGP WAKEFIELD SALES ESSEX,06,TGP:420848,TGP:SEG:268,D,13317,13317.0,320.0,12997.0,False,True,,True,2026-08-31T01:46:00.000000Z,2026-08-31T14:44:23.756307Z,2026-08-31T14:44:23.756307Z,Million BTU's (displayed as Dth),7d3a3704ceb7fce4f1996b3595e796aae4d0ce40ed8dd8ebf2e12a22da533c67,https://pipeline2.kindermorgan.com/Capacity/OpAvailPoint.aspx?code=TGP,data/raw/km_tgp_point_delivery_capacity/2026/08/31/7d3a3704ceb7fce4f1996b3595e796aae4d0ce40ed8dd8ebf2e12a22da533c67.xlsx,km_tgp_point_delivery_capacity:1788187463756307000:7d3a3704ceb7fce4f1996b3595e796aae4d0ce40ed8dd8ebf2e12a22da533c67
point,delivery,2026-08-31,2026-08-31T14:00:00.000000Z,2026-08-31T09:00:00,EVENING,420935,268,BOSTN/TGP DANVERS ESSEX,06,TGP:420935,TGP:SEG:268,D,21392,0.0,0.0,0.0,False,True,,True,2026-08-31T01:46:00.000000Z,2026-08-31T14:44:23.756307Z,2026-08-31T14:44:23.756307Z,Million BTU's (displayed as Dth),7d3a3704ceb7fce4f1996b3595e796aae4d0ce40ed8dd8ebf2e12a22da533c67,https://pipeline2.kindermorgan.com/Capacity/OpAvailPoint.aspx?code=TGP,data/raw/km_tgp_point_delivery_capacity/2026/08/31/7d3a3704ceb7fce4f1996b3595e796aae4d0ce40ed8dd8ebf2e12a22da533c67.xlsx,km_tgp_point_delivery_capacity:1788187463756307000:7d3a3704ceb7fce4f1996b3595e796aae4d0ce40ed8dd8ebf2e12a22da533c67
point,delivery,2026-08-31,2026-08-31T14:00:00.000000Z,2026-08-31T09:00:00,EVENING,421035,268,NSTAR/TGP ROUTE 9 FRAMINGHAM MIDDLE,06,TGP:421035,TGP:SEG:268,D,133869,133869.0,0.0,133869.0,False,True,,True,2026-08-31T01:46:00.000000Z,2026-08-31T14:44:23.756307Z,2026-08-31T14:44:23.756307Z,Million BTU's (displayed as Dth),7d3a3704ceb7fce4f1996b3595e796aae4d0ce40ed8dd8ebf2e12a22da533c67,https://pipeline2.kindermorgan.com/Capacity/OpAvailPoint.aspx?code=TGP,data/raw/km_tgp_point_delivery_capacity/2026/08/31/7d3a3704ceb7fce4f1996b3595e796aae4d0ce40ed8dd8ebf2e12a22da533c67.xlsx,km_tgp_point_delivery_capacity:1788187463756307000:7d3a3704ceb7fce4f1996b3595e796aae4d0ce40ed8dd8ebf2e12a22da533c67
point,delivery,2026-08-31,2026-08-31T14:00:00.000000Z,2026-08-31T09:00:00,EVENING,47861,268,BOSTN/TGP 268 CDP - BOSTON GAS,06,TGP:47861,TGP:SEG:268,D,0,363095.0,24214.0,338881.0,False,True,,True,2026-08-31T01:46:00.000000Z,2026-08-31T14:44:23.756307Z,2026-08-31T14:44:23.756307Z,Million BTU's (displayed as Dth),7d3a3704ceb7fce4f1996b3595e796aae4d0ce40ed8dd8ebf2e12a22da533c67,https://pipeline2.kindermorgan.com/Capacity/OpAvailPoint.aspx?code=TGP,data/raw/km_tgp_point_delivery_capacity/2026/08/31/7d3a3704ceb7fce4f1996b3595e796aae4d0ce40ed8dd8ebf2e12a22da533c67.xlsx,km_tgp_point_delivery_capacity:1788187463756307000:7d3a3704ceb7fce4f1996b3595e796aae4d0ce40ed8dd8ebf2e12a22da533c67
point,delivery,2026-08-31,2026-08-31T14:00:00.000000Z,2026-08-31T09:00:00,EVENING,48150,268,66TH/TGP HANSCOM AIR FORCE BASE MID,06,TGP:48150,TGP:SEG:268,D,5904,5904.0,1200.0,4704.0,False,True,,True,2026-08-31T01:46:00.000000Z,2026-08-31T14:44:23.756307Z,2026-08-31T14:44:23.756307Z,Million BTU's (displayed as Dth),7d3a3704ceb7fce4f1996b3595e796aae4d0ce40ed8dd8ebf2e12a22da533c67,https://pipeline2.kindermorgan.com/Capacity/OpAvailPoint.aspx?code=TGP,data/raw/km_tgp_point_delivery_capacity/2026/08/31/7d3a3704ceb7fce4f1996b3595e796aae4d0ce40ed8dd8ebf2e12a22da533c67.xlsx,km_tgp_point_delivery_capacity:1788187463756307000:7d3a3704ceb7fce4f1996b3595e796aae4d0ce40ed8dd8ebf2e12a22da533c67
point,delivery,2026-08-31,2026-08-31T14:00:00.000000Z,2026-08-31T09:00:00,EVENING,420104,280,WESTFLD/TGP WESTFIELD MA HAMPDEN,06,TGP:420104,TGP:SEG:280,D,19874,19874.0,0.0,19874.0,False,True,,True,2026-08-31T01:46:00.000000Z,2026-08-31T14:44:23.756307Z,2026-08-31T14:44:23.756307Z,Million BTU's (displayed as Dth),7d3a3704ceb7fce4f1996b3595e796aae4d0ce40ed8dd8ebf2e12a22da533c67,https://pipeline2.kindermorgan.com/Capacity/OpAvailPoint.aspx?code=TGP,data/raw/km_tgp_point_delivery_capacity/2026/08/31/7d3a3704ceb7fce4f1996b3595e796aae4d0ce40ed8dd8ebf2e12a22da533c67.xlsx,km_tgp_point_delivery_capacity:1788187463756307000:7d3a3704ceb7fce4f1996b3595e796aae4d0ce40ed8dd8ebf2e12a22da533c67
point,delivery,2026-08-31,2026-08-31T14:00:00.000000Z,2026-08-31T09:00:00,EVENING,420106,280,EVRSRC/TGP GRANITE NORTHAMPTON MA H,06,TGP:420106,TGP:SEG:280,D,12734,8015.0,4141.0,3874.0,False,True,,True,2026-08-31T01:46:00.000000Z,2026-08-31T14:44:23.756307Z,2026-08-31T14:44:23.756307Z,Million BTU's (displayed as Dth),7d3a3704ceb7fce4f1996b3595e796aae4d0ce40ed8dd8ebf2e12a22da533c67,https://pipeline2.kindermorgan.com/Capacity/OpAvailPoint.aspx?code=TGP,data/raw/km_tgp_point_delivery_capacity/2026/08/31/7d3a3704ceb7fce4f1996b3595e796aae4d0ce40ed8dd8ebf2e12a22da533c67.xlsx,km_tgp_point_delivery_capacity:1788187463756307000:7d3a3704ceb7fce4f1996b3595e796aae4d0ce40ed8dd8ebf2e12a22da533c67
point,delivery,2026-08-31,2026-08-31T14:00:00.000000Z,2026-08-31T09:00:00,EVENING,420292,280,BERKSHR/TGP GREENFIELD MA HAMPSHIRE,06,TGP:420292,TGP:SEG:280,D,28610,12380.0,8806.0,3574.0,False,True,,True,2026-08-31T01:46:00.000000Z,2026-08-31T14:44:23.756307Z,2026-08-31T14:44:23.756307Z,Million BTU's (displayed as Dth),7d3a3704ceb7fce4f1996b3595e796aae4d0ce40ed8dd8ebf2e12a22da533c67,https://pipeline2.kindermorgan.com/Capacity/OpAvailPoint.aspx?code=TGP,data/raw/km_tgp_point_delivery_capacity/2026/08/31/7d3a3704ceb7fce4f1996b3595e796aae4d0ce40ed8dd8ebf2e12a22da533c67.xlsx,km_tgp_point_delivery_capacity:1788187463756307000:7d3a3704ceb7fce4f1996b3595e796aae4d0ce40ed8dd8ebf2e12a22da533c67
point,delivery,2026-08-31,2026-08-31T14:00:00.000000Z,2026-08-31T09:00:00,EVENING,420401,280,HOLYOKE/TGP HOLYOKE MA  2 HAMPDEN,06,TGP:420401,TGP:SEG:280,D,29566,11800.0,2000.0,9800.0,False,True,,True,2026-08-31T01:46:00.000000Z,2026-08-31T14:44:23.756307Z,2026-08-31T14:44:23.756307Z,Million BTU's (displayed as Dth),7d3a3704ceb7fce4f1996b3595e796aae4d0ce40ed8dd8ebf2e12a22da533c67,https://pipeline2.kindermorgan.com/Capacity/OpAvailPoint.aspx?code=TGP,data/raw/km_tgp_point_delivery_capacity/2026/08/31/7d3a3704ceb7fce4f1996b3595e796aae4d0ce40ed8dd8ebf2e12a22da533c67.xlsx,km_tgp_point_delivery_capacity:1788187463756307000:7d3a3704ceb7fce4f1996b3595e796aae4d0ce40ed8dd8ebf2e12a22da533c67
point,delivery,2026-08-31,2026-08-31T14:00:00.000000Z,2026-08-31T09:00:00,EVENING,420707,281,OCEAN ST/TGP PRO,06,TGP:420707,TGP:SEG:281,D,229937,229937.0,76354.0,153583.0,False,True,,True,2026-08-31T01:46:00.000000Z,2026-08-31T14:44:23.756307Z,2026-08-31T14:44:23.756307Z,Million BTU's (displayed as Dth),7d3a3704ceb7fce4f1996b3595e796aae4d0ce40ed8dd8ebf2e12a22da533c67,https://pipeline2.kindermorgan.com/Capacity/OpAvailPoint.aspx?code=TGP,data/raw/km_tgp_point_delivery_capacity/2026/08/31/7d3a3704ceb7fce4f1996b3595e796aae4d0ce40ed8dd8ebf2e12a22da533c67.xlsx,km_tgp_point_delivery_capacity:1788187463756307000:7d3a3704ceb7fce4f1996b3595e796aae4d0ce40ed8dd8ebf2e12a22da533c67
point,delivery,2026-08-31,2026-08-31T14:00:00.000000Z,2026-08-31T09:00:00,EVENING,420750,281,NARNGST/TGP CRANSTON SALES PROVIDEN,06,TGP:420750,TGP:SEG:281,D,158182,158182.0,263.0,157919.0,False,True,,True,2026-08-31T01:46:00.000000Z,2026-08-31T14:44:23.756307Z,2026-08-31T14:44:23.756307Z,Million BTU's (displayed as Dth),7d3a3704ceb7fce4f1996b3595e796aae4d0ce40ed8dd8ebf2e12a22da533c67,https://pipeline2.kindermorgan.com/Capacity/OpAvailPoint.aspx?code=TGP,data/raw/km_tgp_point_delivery_capacity/2026/08/31/7d3a3704ceb7fce4f1996b3595e796aae4d0ce40ed8dd8ebf2e12a22da533c67.xlsx,km_tgp_point_delivery_capacity:1788187463756307000:7d3a3704ceb7fce4f1996b3595e796aae4d0ce40ed8dd8ebf2e12a22da533c67
point,delivery,2026-08-31,2026-08-31T14:00:00.000000Z,2026-08-31T09:00:00,EVENING,420758,281,NARNGST/TGP LINCOLN SMS PROVIDENCE,06,TGP:420758,TGP:SEG:281,D,116284,116284.0,950.0,115334.0,False,True,,True,2026-08-31T01:46:00.000000Z,2026-08-31T14:44:23.756307Z,2026-08-31T14:44:23.756307Z,Million BTU's (displayed as Dth),7d3a3704ceb7fce4f1996b3595e796aae4d0ce40ed8dd8ebf2e12a22da533c67,https://pipeline2.kindermorgan.com/Capacity/OpAvailPoint.aspx?code=TGP,data/raw/km_tgp_point_delivery_capacity/2026/08/31/7d3a3704ceb7fce4f1996b3595e796aae4d0ce40ed8dd8ebf2e12a22da533c67.xlsx,km_tgp_point_delivery_capacity:1788187463756307000:7d3a3704ceb7fce4f1996b3595e796aae4d0ce40ed8dd8ebf2e12a22da533c67
point,delivery,2026-08-31,2026-08-31T14:00:00.000000Z,2026-08-31T09:00:00,EVENING,420910,281,NARNGST/TGP SMITHFIELD DELIVERY PRO,06,TGP:420910,TGP:SEG:281,D,54817,54817.0,1081.0,53736.0,False,True,,True,2026-08-31T01:46:00.000000Z,2026-08-31T14:44:23.756307Z,2026-08-31T14:44:23.756307Z,Million BTU's (displayed as Dth),7d3a3704ceb7fce4f1996b3595e796aae4d0ce40ed8dd8ebf2e12a22da533c67,https://pipeline2.kindermorgan.com/Capacity/OpAvailPoint.aspx?code=TGP,data/raw/km_tgp_point_delivery_capacity/2026/08/31/7d3a3704ceb7fce4f1996b3595e796aae4d0ce40ed8dd8ebf2e12a22da533c67.xlsx,km_tgp_point_delivery_capacity:1788187463756307000:7d3a3704ceb7fce4f1996b3595e796aae4d0ce40ed8dd8ebf2e12a22da533c67
point,delivery,2026-08-31,2026-08-31T14:00:00.000000Z,2026-08-31T09:00:00,EVENING,420926,281,RISEC/TGP FPLE RISE PROVIDENCE,06,TGP:420926,TGP:SEG:281,D,133852,133852.0,52053.0,81799.0,False,True,,True,2026-08-31T01:46:00.000000Z,2026-08-31T14:44:23.756307Z,2026-08-31T14:44:23.756307Z,Million BTU's (displayed as Dth),7d3a3704ceb7fce4f1996b3595e796aae4d0ce40ed8dd8ebf2e12a22da533c67,https://pipeline2.kindermorgan.com/Capacity/OpAvailPoint.aspx?code=TGP,data/raw/km_tgp_point_delivery_capacity/2026/08/31/7d3a3704ceb7fce4f1996b3595e796aae4d0ce40ed8dd8ebf2e12a22da533c67.xlsx,km_tgp_point_delivery_capacity:1788187463756307000:7d3a3704ceb7fce4f1996b3595e796aae4d0ce40ed8dd8ebf2e12a22da533c67
point,delivery,2026-08-31,2026-08-31T14:00:00.000000Z,2026-08-31T09:00:00,EVENING,55258,281,NSTAR/TGP SUTTON DELIVERY WORCHESTE,06,TGP:55258,TGP:SEG:281,D,10250,10250.0,0.0,10250.0,False,True,,True,2026-08-31T01:46:00.000000Z,2026-08-31T14:44:23.756307Z,2026-08-31T14:44:23.756307Z,Million BTU's (displayed as Dth),7d3a3704ceb7fce4f1996b3595e796aae4d0ce40ed8dd8ebf2e12a22da533c67,https://pipeline2.kindermorgan.com/Capacity/OpAvailPoint.aspx?code=TGP,data/raw/km_tgp_point_delivery_capacity/2026/08/31/7d3a3704ceb7fce4f1996b3595e796aae4d0ce40ed8dd8ebf2e12a22da533c67.xlsx,km_tgp_point_delivery_capacity:1788187463756307000:7d3a3704ceb7fce4f1996b3595e796aae4d0ce40ed8dd8ebf2e12a22da533c67
point,delivery,2026-08-31,2026-08-31T14:00:00.000000Z,2026-08-31T09:00:00,EVENING,55785,281,RHOBIO/TGP SCITUATE RNG BUY BACK PR,06,TGP:55785,TGP:SEG:281,D,2767,2767.0,0.0,2767.0,False,True,,True,2026-08-31T01:46:00.000000Z,2026-08-31T14:44:23.756307Z,2026-08-31T14:44:23.756307Z,Million BTU's (displayed as Dth),7d3a3704ceb7fce4f1996b3595e796aae4d0ce40ed8dd8ebf2e12a22da533c67,https://pipeline2.kindermorgan.com/Capacity/OpAvailPoint.aspx?code=TGP,data/raw/km_tgp_point_delivery_capacity/2026/08/31/7d3a3704ceb7fce4f1996b3595e796aae4d0ce40ed8dd8ebf2e12a22da533c67.xlsx,km_tgp_point_delivery_capacity:1788187463756307000:7d3a3704ceb7fce4f1996b3595e796aae4d0ce40ed8dd8ebf2e12a22da533c67
point,delivery,2026-08-31,2026-08-31T14:00:00.000000Z,2026-08-31T09:00:00,EVENING,420135,282,NARNGST/TGP PAWTUCKET RI PROVIDENCE,06,TGP:420135,TGP:SEG:282,D,83640,83640.0,13968.0,69672.0,False,True,,True,2026-08-31T01:46:00.000000Z,2026-08-31T14:44:23.756307Z,2026-08-31T14:44:23.756307Z,Million BTU's (displayed as Dth),7d3a3704ceb7fce4f1996b3595e796aae4d0ce40ed8dd8ebf2e12a22da533c67,https://pipeline2.kindermorgan.com/Capacity/OpAvailPoint.aspx?code=TGP,data/raw/km_tgp_point_delivery_capacity/2026/08/31/7d3a3704ceb7fce4f1996b3595e796aae4d0ce40ed8dd8ebf2e12a22da533c67.xlsx,km_tgp_point_delivery_capacity:1788187463756307000:7d3a3704ceb7fce4f1996b3595e796aae4d0ce40ed8dd8ebf2e12a22da533c67
point,delivery,2026-08-31,2026-08-31T14:00:00.000000Z,2026-08-31T09:00:00,EVENING,420285,282,AGT/TGP MENDON MASS TIE OVER WORCHE,06,TGP:420285,TGP:SEG:282,D,368367,368367.0,25066.0,343301.0,False,True,,True,2026-08-31T01:46:00.000000Z,2026-08-31T14:44:23.756307Z,2026-08-31T14:44:23.756307Z,Million BTU's (displayed as Dth),7d3a3704ceb7fce4f1996b3595e796aae4d0ce40ed8dd8ebf2e12a22da533c67,https://pipeline2.kindermorgan.com/Capacity/OpAvailPoint.aspx?code=TGP,data/raw/km_tgp_point_delivery_capacity/2026/08/31/7d3a3704ceb7fce4f1996b3595e796aae4d0ce40ed8dd8ebf2e12a22da533c67.xlsx,km_tgp_point_delivery_capacity:1788187463756307000:7d3a3704ceb7fce4f1996b3595e796aae4d0ce40ed8dd8ebf2e12a22da533c67
point,delivery,2026-08-31,2026-08-31T14:00:00.000000Z,2026-08-31T09:00:00,EVENING,420424,282,HESS/TGP BELLINGHAM MA NORFOLK,06,TGP:420424,TGP:SEG:282,D,4461,4461.0,0.0,4461.0,False,True,,True,2026-08-31T01:46:00.000000Z,2026-08-31T14:44:23.756307Z,2026-08-31T14:44:23.756307Z,Million BTU's (displayed as Dth),7d3a3704ceb7fce4f1996b3595e796aae4d0ce40ed8dd8ebf2e12a22da533c67,https://pipeline2.kindermorgan.com/Capacity/OpAvailPoint.aspx?code=TGP,data/raw/km_tgp_point_delivery_capacity/2026/08/31/7d3a3704ceb7fce4f1996b3595e796aae4d0ce40ed8dd8ebf2e12a22da533c67.xlsx,km_tgp_point_delivery_capacity:1788187463756307000:7d3a3704ceb7fce4f1996b3595e796aae4d0ce40ed8dd8ebf2e12a22da533c67
point,delivery,2026-08-31,2026-08-31T14:00:00.000000Z,2026-08-31T09:00:00,EVENING,420631,282,EVRSRC/TGP BROCKTON SALES WORCHESTE,06,TGP:420631,TGP:SEG:282,D,51185,51185.0,0.0,51185.0,False,True,,True,2026-08-31T01:46:00.000000Z,2026-08-31T14:44:23.756307Z,2026-08-31T14:44:23.756307Z,Million BTU's (displayed as Dth),7d3a3704ceb7fce4f1996b3595e796aae4d0ce40ed8dd8ebf2e12a22da533c67,https://pipeline2.kindermorgan.com/Capacity/OpAvailPoint.aspx?code=TGP,data/raw/km_tgp_point_delivery_capacity/2026/08/31/7d3a3704ceb7fce4f1996b3595e796aae4d0ce40ed8dd8ebf2e12a22da533c67.xlsx,km_tgp_point_delivery_capacity:1788187463756307000:7d3a3704ceb7fce4f1996b3595e796aae4d0ce40ed8dd8ebf2e12a22da533c67
point,delivery,2026-08-31,2026-08-31T14:00:00.000000Z,2026-08-31T09:00:00,EVENING,420894,282,DYNEGY/TGP BLACKSTONE WORCHESTER,06,TGP:420894,TGP:SEG:282,D,118900,118900.0,28288.0,90612.0,False,True,,True,2026-08-31T01:46:00.000000Z,2026-08-31T14:44:23.756307Z,2026-08-31T14:44:23.756307Z,Million BTU's (displayed as Dth),7d3a3704ceb7fce4f1996b3595e796aae4d0ce40ed8dd8ebf2e12a22da533c67,https://pipeline2.kindermorgan.com/Capacity/OpAvailPoint.aspx?code=TGP,data/raw/km_tgp_point_delivery_capacity/2026/08/31/7d3a3704ceb7fce4f1996b3595e796aae4d0ce40ed8dd8ebf2e12a22da533c67.xlsx,km_tgp_point_delivery_capacity:1788187463756307000:7d3a3704ceb7fce4f1996b3595e796aae4d0ce40ed8dd8ebf2e12a22da533c67
point,delivery,2026-08-31,2026-08-31T14:00:00.000000Z,2026-08-31T09:00:00,EVENING,420110,283,BOSTN/TGP CLINTON MA WORCHESTER,06,TGP:420110,TGP:SEG:283,D,23524,0.0,0.0,0.0,False,True,,True,2026-08-31T01:46:00.000000Z,2026-08-31T14:44:23.756307Z,2026-08-31T14:44:23.756307Z,Million BTU's (displayed as Dth),7d3a3704ceb7fce4f1996b3595e796aae4d0ce40ed8dd8ebf2e12a22da533c67,https://pipeline2.kindermorgan.com/Capacity/OpAvailPoint.aspx?code=TGP,data/raw/km_tgp_point_delivery_capacity/2026/08/31/7d3a3704ceb7fce4f1996b3595e796aae4d0ce40ed8dd8ebf2e12a22da533c67.xlsx,km_tgp_point_delivery_capacity:1788187463756307000:7d3a3704ceb7fce4f1996b3595e796aae4d0ce40ed8dd8ebf2e12a22da533c67
point,delivery,2026-08-31,2026-08-31T14:00:00.000000Z,2026-08-31T09:00:00,EVENING,420111,283,BOSTN/TGP LEOMINSTER MA WORCHESTER,06,TGP:420111,TGP:SEG:283,D,50996,0.0,0.0,0.0,False,True,,True,2026-08-31T01:46:00.000000Z,2026-08-31T14:44:23.756307Z,2026-08-31T14:44:23.756307Z,Million BTU's (displayed as Dth),7d3a3704ceb7fce4f1996b3595e796aae4d0ce40ed8dd8ebf2e12a22da533c67,https://pipeline2.kindermorgan.com/Capacity/OpAvailPoint.aspx?code=TGP,data/raw/km_tgp_point_delivery_capacity/2026/08/31/7d3a3704ceb7fce4f1996b3595e796aae4d0ce40ed8dd8ebf2e12a22da533c67.xlsx,km_tgp_point_delivery_capacity:1788187463756307000:7d3a3704ceb7fce4f1996b3595e796aae4d0ce40ed8dd8ebf2e12a22da533c67
point,delivery,2026-08-31,2026-08-31T14:00:00.000000Z,2026-08-31T09:00:00,EVENING,420112,283,FITCHBRG/TGP FITCHBURG MA WORCHESTE,06,TGP:420112,TGP:SEG:283,D,41122,41122.0,1992.0,39130.0,False,True,,True,2026-08-31T01:46:00.000000Z,2026-08-31T14:44:23.756307Z,2026-08-31T14:44:23.756307Z,Million BTU's (displayed as Dth),7d3a3704ceb7fce4f1996b3595e796aae4d0ce40ed8dd8ebf2e12a22da533c67,https://pipeline2.kindermorgan.com/Capacity/OpAvailPoint.aspx?code=TGP,data/raw/km_tgp_point_delivery_capacity/2026/08/31/7d3a3704ceb7fce4f1996b3595e796aae4d0ce40ed8dd8ebf2e12a22da533c67.xlsx,km_tgp_point_delivery_capacity:1788187463756307000:7d3a3704ceb7fce4f1996b3595e796aae4d0ce40ed8dd8ebf2e12a22da533c67
point,delivery,2026-08-31,2026-08-31T14:00:00.000000Z,2026-08-31T09:00:00,EVENING,420204,283,NSTAR/TGP HUDSON MA MIDDLESEX,06,TGP:420204,TGP:SEG:283,D,55880,55880.0,5000.0,50880.0,False,True,,True,2026-08-31T01:46:00.000000Z,2026-08-31T14:44:23.756307Z,2026-08-31T14:44:23.756307Z,Million BTU's (displayed as Dth),7d3a3704ceb7fce4f1996b3595e796aae4d0ce40ed8dd8ebf2e12a22da533c67,https://pipeline2.kindermorgan.com/Capacity/OpAvailPoint.aspx?code=TGP,data/raw/km_tgp_point_delivery_capacity/2026/08/31/7d3a3704ceb7fce4f1996b3595e796aae4d0ce40ed8dd8ebf2e12a22da533c67.xlsx,km_tgp_point_delivery_capacity:1788187463756307000:7d3a3704ceb7fce4f1996b3595e796aae4d0ce40ed8dd8ebf2e12a22da533c67
point,delivery,2026-08-31,2026-08-31T14:00:00.000000Z,2026-08-31T09:00:00,EVENING,420949,283,BOSTN/TGP LUNENBERG WORCHESTER,06,TGP:420949,TGP:SEG:283,D,39561,0.0,0.0,0.0,False,True,,True,2026-08-31T01:46:00.000000Z,2026-08-31T14:44:23.756307Z,2026-08-31T14:44:23.756307Z,Million BTU's (displayed as Dth),7d3a3704ceb7fce4f1996b3595e796aae4d0ce40ed8dd8ebf2e12a22da533c67,https://pipeline2.kindermorgan.com/Capacity/OpAvailPoint.aspx?code=TGP,data/raw/km_tgp_point_delivery_capacity/2026/08/31/7d3a3704ceb7fce4f1996b3595e796aae4d0ce40ed8dd8ebf2e12a22da533c67.xlsx,km_tgp_point_delivery_capacity:1788187463756307000:7d3a3704ceb7fce4f1996b3595e796aae4d0ce40ed8dd8ebf2e12a22da533c67
point,delivery,2026-08-31,2026-08-31T14:00:00.000000Z,2026-08-31T09:00:00,EVENING,421007,283,NSTAR/TGP MARLBOROUGH MIDDLESEX,06,TGP:421007,TGP:SEG:283,D,10455,10455.0,0.0,10455.0,False,True,,True,2026-08-31T01:46:00.000000Z,2026-08-31T14:44:23.756307Z,2026-08-31T14:44:23.756307Z,Million BTU's (displayed as Dth),7d3a3704ceb7fce4f1996b3595e796aae4d0ce40ed8dd8ebf2e12a22da533c67,https://pipeline2.kindermorgan.com/Capacity/OpAvailPoint.aspx?code=TGP,data/raw/km_tgp_point_delivery_capacity/2026/08/31/7d3a3704ceb7fce4f1996b3595e796aae4d0ce40ed8dd8ebf2e12a22da533c67.xlsx,km_tgp_point_delivery_capacity:1788187463756307000:7d3a3704ceb7fce4f1996b3595e796aae4d0ce40ed8dd8ebf2e12a22da533c67
point,delivery,2026-08-31,2026-08-31T14:00:00.000000Z,2026-08-31T09:00:00,EVENING,412538,284,MARITIME/TGP DRACUT MIDDLESEX,06,TGP:412538,TGP:SEG:284,BD,306054,306054.0,0.0,306054.0,False,True,,True,2026-08-31T01:46:00.000000Z,2026-08-31T14:44:23.756307Z,2026-08-31T14:44:23.756307Z,Million BTU's (displayed as Dth),7d3a3704ceb7fce4f1996b3595e796aae4d0ce40ed8dd8ebf2e12a22da533c67,https://pipeline2.kindermorgan.com/Capacity/OpAvailPoint.aspx?code=TGP,data/raw/km_tgp_point_delivery_capacity/2026/08/31/7d3a3704ceb7fce4f1996b3595e796aae4d0ce40ed8dd8ebf2e12a22da533c67.xlsx,km_tgp_point_delivery_capacity:1788187463756307000:7d3a3704ceb7fce4f1996b3595e796aae4d0ce40ed8dd8ebf2e12a22da533c67
point,delivery,2026-08-31,2026-08-31T14:00:00.000000Z,2026-08-31T09:00:00,EVENING,420121,284,EVRSRC/TGP LAWRENCE MA ESSEX,06,TGP:420121,TGP:SEG:284,D,66625,51467.0,31790.0,19677.0,True,True,,True,2026-08-31T01:46:00.000000Z,2026-08-31T14:44:23.756307Z,2026-08-31T14:44:23.756307Z,Million BTU's (displayed as Dth),7d3a3704ceb7fce4f1996b3595e796aae4d0ce40ed8dd8ebf2e12a22da533c67,https://pipeline2.kindermorgan.com/Capacity/OpAvailPoint.aspx?code=TGP,data/raw/km_tgp_point_delivery_capacity/2026/08/31/7d3a3704ceb7fce4f1996b3595e796aae4d0ce40ed8dd8ebf2e12a22da533c67.xlsx,km_tgp_point_delivery_capacity:1788187463756307000:7d3a3704ceb7fce4f1996b3595e796aae4d0ce40ed8dd8ebf2e12a22da533c67
point,delivery,2026-08-31,2026-08-31T14:00:00.000000Z,2026-08-31T09:00:00,EVENING,420122,284,BOSTN/TGP HAVERHILL MA ESSEX,06,TGP:420122,TGP:SEG:284,D,120182,0.0,0.0,0.0,False,True,,True,2026-08-31T01:46:00.000000Z,2026-08-31T14:44:23.756307Z,2026-08-31T14:44:23.756307Z,Million BTU's (displayed as Dth),7d3a3704ceb7fce4f1996b3595e796aae4d0ce40ed8dd8ebf2e12a22da533c67,https://pipeline2.kindermorgan.com/Capacity/OpAvailPoint.aspx?code=TGP,data/raw/km_tgp_point_delivery_capacity/2026/08/31/7d3a3704ceb7fce4f1996b3595e796aae4d0ce40ed8dd8ebf2e12a22da533c67.xlsx,km_tgp_point_delivery_capacity:1788187463756307000:7d3a3704ceb7fce4f1996b3595e796aae4d0ce40ed8dd8ebf2e12a22da533c67
point,delivery,2026-08-31,2026-08-31T14:00:00.000000Z,2026-08-31T09:00:00,EVENING,420132,284,LIBERTYU/TGP NASHUA NH HILLSBOROUGH,06,TGP:420132,TGP:SEG:284,D,62064,62064.0,5281.0,56783.0,False,True,,True,2026-08-31T01:46:00.000000Z,2026-08-31T14:44:23.756307Z,2026-08-31T14:44:23.756307Z,Million BTU's (displayed as Dth),7d3a3704ceb7fce4f1996b3595e796aae4d0ce40ed8dd8ebf2e12a22da533c67,https://pipeline2.kindermorgan.com/Capacity/OpAvailPoint.aspx?code=TGP,data/raw/km_tgp_point_delivery_capacity/2026/08/31/7d3a3704ceb7fce4f1996b3595e796aae4d0ce40ed8dd8ebf2e12a22da533c67.xlsx,km_tgp_point_delivery_capacity:1788187463756307000:7d3a3704ceb7fce4f1996b3595e796aae4d0ce40ed8dd8ebf2e12a22da533c67
point,delivery,2026-08-31,2026-08-31T14:00:00.000000Z,2026-08-31T09:00:00,EVENING,420133,284,LIBERTYU/TGP MANCHESTER NH HILLSBOR,06,TGP:420133,TGP:SEG:284,D,67628,67628.0,8325.0,59303.0,True,True,,True,2026-08-31T01:46:00.000000Z,2026-08-31T14:44:23.756307Z,2026-08-31T14:44:23.756307Z,Million BTU's (displayed as Dth),7d3a3704ceb7fce4f1996b3595e796aae4d0ce40ed8dd8ebf2e12a22da533c67,https://pipeline2.kindermorgan.com/Capacity/OpAvailPoint.aspx?code=TGP,data/raw/km_tgp_point_delivery_capacity/2026/08/31/7d3a3704ceb7fce4f1996b3595e796aae4d0ce40ed8dd8ebf2e12a22da533c67.xlsx,km_tgp_point_delivery_capacity:1788187463756307000:7d3a3704ceb7fce4f1996b3595e796aae4d0ce40ed8dd8ebf2e12a22da533c67
point,delivery,2026-08-31,2026-08-31T14:00:00.000000Z,2026-08-31T09:00:00,EVENING,420206,284,GRANSTGT/TGP GRANITE MA ESSEX,06,TGP:420206,TGP:SEG:284,D,76872,76872.0,7686.0,69186.0,True,True,,True,2026-08-31T01:46:00.000000Z,2026-08-31T14:44:23.756307Z,2026-08-31T14:44:23.756307Z,Million BTU's (displayed as Dth),7d3a3704ceb7fce4f1996b3595e796aae4d0ce40ed8dd8ebf2e12a22da533c67,https://pipeline2.kindermorgan.com/Capacity/OpAvailPoint.aspx?code=TGP,data/raw/km_tgp_point_delivery_capacity/2026/08/31/7d3a3704ceb7fce4f1996b3595e796aae4d0ce40ed8dd8ebf2e12a22da533c67.xlsx,km_tgp_point_delivery_capacity:1788187463756307000:7d3a3704ceb7fce4f1996b3595e796aae4d0ce40ed8dd8ebf2e12a22da533c67
point,delivery,2026-08-31,2026-08-31T14:00:00.000000Z,2026-08-31T09:00:00,EVENING,420254,284,LIBERTYU/TGP HOOKSETT NH MERRIMACK,06,TGP:420254,TGP:SEG:284,D,2476,2476.0,0.0,2476.0,False,True,,True,2026-08-31T01:46:00.000000Z,2026-08-31T14:44:23.756307Z,2026-08-31T14:44:23.756307Z,Million BTU's (displayed as Dth),7d3a3704ceb7fce4f1996b3595e796aae4d0ce40ed8dd8ebf2e12a22da533c67,https://pipeline2.kindermorgan.com/Capacity/OpAvailPoint.aspx?code=TGP,data/raw/km_tgp_point_delivery_capacity/2026/08/31/7d3a3704ceb7fce4f1996b3595e796aae4d0ce40ed8dd8ebf2e12a22da533c67.xlsx,km_tgp_point_delivery_capacity:1788187463756307000:7d3a3704ceb7fce4f1996b3595e796aae4d0ce40ed8dd8ebf2e12a22da533c67
point,delivery,2026-08-31,2026-08-31T14:00:00.000000Z,2026-08-31T09:00:00,EVENING,420426,284,LIBERTYU/TGP LACONIA NH MERRIMACK,06,TGP:420426,TGP:SEG:284,D,60000,40517.0,1092.0,39425.0,False,True,,True,2026-08-31T01:46:00.000000Z,2026-08-31T14:44:23.756307Z,2026-08-31T14:44:23.756307Z,Million BTU's (displayed as Dth),7d3a3704ceb7fce4f1996b3595e796aae4d0ce40ed8dd8ebf2e12a22da533c67,https://pipeline2.kindermorgan.com/Capacity/OpAvailPoint.aspx?code=TGP,data/raw/km_tgp_point_delivery_capacity/2026/08/31/7d3a3704ceb7fce4f1996b3595e796aae4d0ce40ed8dd8ebf2e12a22da533c67.xlsx,km_tgp_point_delivery_capacity:1788187463756307000:7d3a3704ceb7fce4f1996b3595e796aae4d0ce40ed8dd8ebf2e12a22da533c67
point,delivery,2026-08-31,2026-08-31T14:00:00.000000Z,2026-08-31T09:00:00,EVENING,420451,284,LIBERTYU/TGP SUNCOOK NH MERRIMACK,06,TGP:420451,TGP:SEG:284,D,1210,1210.0,0.0,1210.0,False,True,,True,2026-08-31T01:46:00.000000Z,2026-08-31T14:44:23.756307Z,2026-08-31T14:44:23.756307Z,Million BTU's (displayed as Dth),7d3a3704ceb7fce4f1996b3595e796aae4d0ce40ed8dd8ebf2e12a22da533c67,https://pipeline2.kindermorgan.com/Capacity/OpAvailPoint.aspx?code=TGP,data/raw/km_tgp_point_delivery_capacity/2026/08/31/7d3a3704ceb7fce4f1996b3595e796aae4d0ce40ed8dd8ebf2e12a22da533c67.xlsx,km_tgp_point_delivery_capacity:1788187463756307000:7d3a3704ceb7fce4f1996b3595e796aae4d0ce40ed8dd8ebf2e12a22da533c67
point,delivery,2026-08-31,2026-08-31T14:00:00.000000Z,2026-08-31T09:00:00,EVENING,420572,284,BOSTN/TGP DRACUT MA MIDDLESEX,06,TGP:420572,TGP:SEG:284,D,72775,0.0,0.0,0.0,False,True,,True,2026-08-31T01:46:00.000000Z,2026-08-31T14:44:23.756307Z,2026-08-31T14:44:23.756307Z,Million BTU's (displayed as Dth),7d3a3704ceb7fce4f1996b3595e796aae4d0ce40ed8dd8ebf2e12a22da533c67,https://pipeline2.kindermorgan.com/Capacity/OpAvailPoint.aspx?code=TGP,data/raw/km_tgp_point_delivery_capacity/2026/08/31/7d3a3704ceb7fce4f1996b3595e796aae4d0ce40ed8dd8ebf2e12a22da533c67.xlsx,km_tgp_point_delivery_capacity:1788187463756307000:7d3a3704ceb7fce4f1996b3595e796aae4d0ce40ed8dd8ebf2e12a22da533c67
point,delivery,2026-08-31,2026-08-31T14:00:00.000000Z,2026-08-31T09:00:00,EVENING,420632,284,LIBERTYU/TGP LONDONDERRY SALES ROCK,06,TGP:420632,TGP:SEG:284,D,12068,12068.0,0.0,12068.0,False,True,,True,2026-08-31T01:46:00.000000Z,2026-08-31T14:44:23.756307Z,2026-08-31T14:44:23.756307Z,Million BTU's (displayed as Dth),7d3a3704ceb7fce4f1996b3595e796aae4d0ce40ed8dd8ebf2e12a22da533c67,https://pipeline2.kindermorgan.com/Capacity/OpAvailPoint.aspx?code=TGP,data/raw/km_tgp_point_delivery_capacity/2026/08/31/7d3a3704ceb7fce4f1996b3595e796aae4d0ce40ed8dd8ebf2e12a22da533c67.xlsx,km_tgp_point_delivery_capacity:1788187463756307000:7d3a3704ceb7fce4f1996b3595e796aae4d0ce40ed8dd8ebf2e12a22da533c67
point,delivery,2026-08-31,2026-08-31T14:00:00.000000Z,2026-08-31T09:00:00,EVENING,420722,284,GRANSTGT/TGP SALEM SALES ROCKINGHAM,06,TGP:420722,TGP:SEG:284,D,3134,3134.0,0.0,3134.0,False,True,,True,2026-08-31T01:46:00.000000Z,2026-08-31T14:44:23.756307Z,2026-08-31T14:44:23.756307Z,Million BTU's (displayed as Dth),7d3a3704ceb7fce4f1996b3595e796aae4d0ce40ed8dd8ebf2e12a22da533c67,https://pipeline2.kindermorgan.com/Capacity/OpAvailPoint.aspx?code=TGP,data/raw/km_tgp_point_delivery_capacity/2026/08/31/7d3a3704ceb7fce4f1996b3595e796aae4d0ce40ed8dd8ebf2e12a22da533c67.xlsx,km_tgp_point_delivery_capacity:1788187463756307000:7d3a3704ceb7fce4f1996b3595e796aae4d0ce40ed8dd8ebf2e12a22da533c67
point,delivery,2026-08-31,2026-08-31T14:00:00.000000Z,2026-08-31T09:00:00,EVENING,420931,284,LIBERTYU/TGP GRANITE RIDGE ROCKINGH,06,TGP:420931,TGP:SEG:284,D,130000,130000.0,71951.0,58049.0,True,True,,True,2026-08-31T01:46:00.000000Z,2026-08-31T14:44:23.756307Z,2026-08-31T14:44:23.756307Z,Million BTU's (displayed as Dth),7d3a3704ceb7fce4f1996b3595e796aae4d0ce40ed8dd8ebf2e12a22da533c67,https://pipeline2.kindermorgan.com/Capacity/OpAvailPoint.aspx?code=TGP,data/raw/km_tgp_point_delivery_capacity/2026/08/31/7d3a3704ceb7fce4f1996b3595e796aae4d0ce40ed8dd8ebf2e12a22da533c67.xlsx,km_tgp_point_delivery_capacity:1788187463756307000:7d3a3704ceb7fce4f1996b3595e796aae4d0ce40ed8dd8ebf2e12a22da533c67
point,delivery,2026-08-31,2026-08-31T14:00:00.000000Z,2026-08-31T09:00:00,EVENING,47591,284,NG ADVAN/TGP TOWN OF PEMBROKE MERRI,06,TGP:47591,TGP:SEG:284,D,7380,7380.0,1300.0,6080.0,False,True,,True,2026-08-31T01:46:00.000000Z,2026-08-31T14:44:23.756307Z,2026-08-31T14:44:23.756307Z,Million BTU's (displayed as Dth),7d3a3704ceb7fce4f1996b3595e796aae4d0ce40ed8dd8ebf2e12a22da533c67,https://pipeline2.kindermorgan.com/Capacity/OpAvailPoint.aspx?code=TGP,data/raw/km_tgp_point_delivery_capacity/2026/08/31/7d3a3704ceb7fce4f1996b3595e796aae4d0ce40ed8dd8ebf2e12a22da533c67.xlsx,km_tgp_point_delivery_capacity:1788187463756307000:7d3a3704ceb7fce4f1996b3595e796aae4d0ce40ed8dd8ebf2e12a22da533c67
point,delivery,2026-08-31,2026-08-31T14:00:00.000000Z,2026-08-31T09:00:00,EVENING,49858,284,LIBERTYU/TGP PELHAM SALES HILLSBORO,06,TGP:49858,TGP:SEG:284,D,6150,6150.0,0.0,6150.0,False,True,,True,2026-08-31T01:46:00.000000Z,2026-08-31T14:44:23.756307Z,2026-08-31T14:44:23.756307Z,Million BTU's (displayed as Dth),7d3a3704ceb7fce4f1996b3595e796aae4d0ce40ed8dd8ebf2e12a22da533c67,https://pipeline2.kindermorgan.com/Capacity/OpAvailPoint.aspx?code=TGP,data/raw/km_tgp_point_delivery_capacity/2026/08/31/7d3a3704ceb7fce4f1996b3595e796aae4d0ce40ed8dd8ebf2e12a22da533c67.xlsx,km_tgp_point_delivery_capacity:1788187463756307000:7d3a3704ceb7fce4f1996b3595e796aae4d0ce40ed8dd8ebf2e12a22da533c67
point,delivery,2026-08-31,2026-08-31T14:00:00.000000Z,2026-08-31T09:00:00,EVENING,421025,285,EVRSRC/TGP WYETH GII ESSEX,06,TGP:421025,TGP:SEG:285,D,33720,33720.0,4047.0,29673.0,False,True,,True,2026-08-31T01:46:00.000000Z,2026-08-31T14:44:23.756307Z,2026-08-31T14:44:23.756307Z,Million BTU's (displayed as Dth),7d3a3704ceb7fce4f1996b3595e796aae4d0ce40ed8dd8ebf2e12a22da533c67,https://pipeline2.kindermorgan.com/Capacity/OpAvailPoint.aspx?code=TGP,data/raw/km_tgp_point_delivery_capacity/2026/08/31/7d3a3704ceb7fce4f1996b3595e796aae4d0ce40ed8dd8ebf2e12a22da533c67.xlsx,km_tgp_point_delivery_capacity:1788187463756307000:7d3a3704ceb7fce4f1996b3595e796aae4d0ce40ed8dd8ebf2e12a22da533c67
point,delivery,2026-08-31,2026-08-31T14:00:00.000000Z,2026-08-31T09:00:00,EVENING,420139,286,BOSTN/TGP TEWKSBURY MA MIDDLESEX,06,TGP:420139,TGP:SEG:286,D,199404,0.0,0.0,0.0,False,True,,True,2026-08-31T01:46:00.000000Z,2026-08-31T14:44:23.756307Z,2026-08-31T14:44:23.756307Z,Million BTU's (displayed as Dth),7d3a3704ceb7fce4f1996b3595e796aae4d0ce40ed8dd8ebf2e12a22da533c67,https://pipeline2.kindermorgan.com/Capacity/OpAvailPoint.aspx?code=TGP,data/raw/km_tgp_point_delivery_capacity/2026/08/31/7d3a3704ceb7fce4f1996b3595e796aae4d0ce40ed8dd8ebf2e12a22da533c67.xlsx,km_tgp_point_delivery_capacity:1788187463756307000:7d3a3704ceb7fce4f1996b3595e796aae4d0ce40ed8dd8ebf2e12a22da533c67
point,delivery,2026-08-31,2026-08-31T14:00:00.000000Z,2026-08-31T09:00:00,EVENING,420063,290,COL GAS/TGP UNIONVILLE PA BEAVER,04,TGP:420063,TGP:SEG:290,D,153648,153648.0,299.0,153349.0,False,True,,True,2026-08-31T01:46:00.000000Z,2026-08-31T14:44:23.756307Z,2026-08-31T14:44:23.756307Z,Million BTU's (displayed as Dth),7d3a3704ceb7fce4f1996b3595e796aae4d0ce40ed8dd8ebf2e12a22da533c67,https://pipeline2.kindermorgan.com/Capacity/OpAvailPoint.aspx?code=TGP,data/raw/km_tgp_point_delivery_capacity/2026/08/31/7d3a3704ceb7fce4f1996b3595e796aae4d0ce40ed8dd8ebf2e12a22da533c67.xlsx,km_tgp_point_delivery_capacity:1788187463756307000:7d3a3704ceb7fce4f1996b3595e796aae4d0ce40ed8dd8ebf2e12a22da533c67
point,delivery,2026-08-31,2026-08-31T14:00:00.000000Z,2026-08-31T09:00:00,EVENING,420078,290,EQUITRNS/TGP PITTSBURGH TERMINAL PA,04,TGP:420078,TGP:SEG:290,D,192341,192341.0,0.0,192341.0,False,True,,True,2026-08-31T01:46:00.000000Z,2026-08-31T14:44:23.756307Z,2026-08-31T14:44:23.756307Z,Million BTU's (displayed as Dth),7d3a3704ceb7fce4f1996b3595e796aae4d0ce40ed8dd8ebf2e12a22da533c67,https://pipeline2.kindermorgan.com/Capacity/OpAvailPoint.aspx?code=TGP,data/raw/km_tgp_point_delivery_capacity/2026/08/31/7d3a3704ceb7fce4f1996b3595e796aae4d0ce40ed8dd8ebf2e12a22da533c67.xlsx,km_tgp_point_delivery_capacity:1788187463756307000:7d3a3704ceb7fce4f1996b3595e796aae4d0ce40ed8dd8ebf2e12a22da533c67
point,delivery,2026-08-31,2026-08-31T14:00:00.000000Z,2026-08-31T09:00:00,EVENING,420199,290,PEOPLES/TGP PITTSBURGH TERMINAL PA,04,TGP:420199,TGP:SEG:290,D,96156,96156.0,0.0,96156.0,False,True,,True,2026-08-31T01:46:00.000000Z,2026-08-31T14:44:23.756307Z,2026-08-31T14:44:23.756307Z,Million BTU's (displayed as Dth),7d3a3704ceb7fce4f1996b3595e796aae4d0ce40ed8dd8ebf2e12a22da533c67,https://pipeline2.kindermorgan.com/Capacity/OpAvailPoint.aspx?code=TGP,data/raw/km_tgp_point_delivery_capacity/2026/08/31/7d3a3704ceb7fce4f1996b3595e796aae4d0ce40ed8dd8ebf2e12a22da533c67.xlsx,km_tgp_point_delivery_capacity:1788187463756307000:7d3a3704ceb7fce4f1996b3595e796aae4d0ce40ed8dd8ebf2e12a22da533c67
point,delivery,2026-08-31,2026-08-31T14:00:00.000000Z,2026-08-31T09:00:00,EVENING,420306,290,COL GAS/TGP PITTSBURGH TERMINAL PA,04,TGP:420306,TGP:SEG:290,D,27277,27277.0,1991.0,25286.0,False,True,,True,2026-08-31T01:46:00.000000Z,2026-08-31T14:44:23.756307Z,2026-08-31T14:44:23.756307Z,Million BTU's (displayed as Dth),7d3a3704ceb7fce4f1996b3595e796aae4d0ce40ed8dd8ebf2e12a22da533c67,https://pipeline2.kindermorgan.com/Capacity/OpAvailPoint.aspx?code=TGP,data/raw/km_tgp_point_delivery_capacity/2026/08/31/7d3a3704ceb7fce4f1996b3595e796aae4d0ce40ed8dd8ebf2e12a22da533c67.xlsx,km_tgp_point_delivery_capacity:1788187463756307000:7d3a3704ceb7fce4f1996b3595e796aae4d0ce40ed8dd8ebf2e12a22da533c67
point,delivery,2026-08-31,2026-08-31T14:00:00.000000Z,2026-08-31T09:00:00,EVENING,420385,290,PEOPLES/TGP PITTSBURG TERMINAL PA A,04,TGP:420385,TGP:SEG:290,D,10250,10250.0,0.0,10250.0,False,True,,True,2026-08-31T01:46:00.000000Z,2026-08-31T14:44:23.756307Z,2026-08-31T14:44:23.756307Z,Million BTU's (displayed as Dth),7d3a3704ceb7fce4f1996b3595e796aae4d0ce40ed8dd8ebf2e12a22da533c67,https://pipeline2.kindermorgan.com/Capacity/OpAvailPoint.aspx?code=TGP,data/raw/km_tgp_point_delivery_capacity/2026/08/31/7d3a3704ceb7fce4f1996b3595e796aae4d0ce40ed8dd8ebf2e12a22da533c67.xlsx,km_tgp_point_delivery_capacity:1788187463756307000:7d3a3704ceb7fce4f1996b3595e796aae4d0ce40ed8dd8ebf2e12a22da533c67
point,delivery,2026-08-31,2026-08-31T14:00:00.000000Z,2026-08-31T09:00:00,EVENING,421075,290,LINDYPAV/TGP BIG BEAVER: DIP 217A 1,04,TGP:421075,TGP:SEG:290,D,3061,3061.0,482.0,2579.0,False,True,,True,2026-08-31T01:46:00.000000Z,2026-08-31T14:44:23.756307Z,2026-08-31T14:44:23.756307Z,Million BTU's (displayed as Dth),7d3a3704ceb7fce4f1996b3595e796aae4d0ce40ed8dd8ebf2e12a22da533c67,https://pipeline2.kindermorgan.com/Capacity/OpAvailPoint.aspx?code=TGP,data/raw/km_tgp_point_delivery_capacity/2026/08/31/7d3a3704ceb7fce4f1996b3595e796aae4d0ce40ed8dd8ebf2e12a22da533c67.xlsx,km_tgp_point_delivery_capacity:1788187463756307000:7d3a3704ceb7fce4f1996b3595e796aae4d0ce40ed8dd8ebf2e12a22da533c67
point,delivery,2026-08-31,2026-08-31T14:00:00.000000Z,2026-08-31T09:00:00,EVENING,48939,290,HERITAGE/TGP MT JACKSON SALES LAWRE,04,TGP:48939,TGP:SEG:290,D,92250,92250.0,30000.0,62250.0,False,True,,True,2026-08-31T01:46:00.000000Z,2026-08-31T14:44:23.756307Z,2026-08-31T14:44:23.756307Z,Million BTU's (displayed as Dth),7d3a3704ceb7fce4f1996b3595e796aae4d0ce40ed8dd8ebf2e12a22da533c67,https://pipeline2.kindermorgan.com/Capacity/OpAvailPoint.aspx?code=TGP,data/raw/km_tgp_point_delivery_capacity/2026/08/31/7d3a3704ceb7fce4f1996b3595e796aae4d0ce40ed8dd8ebf2e12a22da533c67.xlsx,km_tgp_point_delivery_capacity:1788187463756307000:7d3a3704ceb7fce4f1996b3595e796aae4d0ce40ed8dd8ebf2e12a22da533c67
point,delivery,2026-08-31,2026-08-31T14:00:00.000000Z,2026-08-31T09:00:00,EVENING,412865,295,NFG/TGP EAST AURORA NEW YORK ERIE,05,TGP:412865,TGP:SEG:295,BD,553720,553720.0,0.0,553720.0,False,True,,True,2026-08-31T01:46:00.000000Z,2026-08-31T14:44:23.756307Z,2026-08-31T14:44:23.756307Z,Million BTU's (displayed as Dth),7d3a3704ceb7fce4f1996b3595e796aae4d0ce40ed8dd8ebf2e12a22da533c67,https://pipeline2.kindermorgan.com/Capacity/OpAvailPoint.aspx?code=TGP,data/raw/km_tgp_point_delivery_capacity/2026/08/31/7d3a3704ceb7fce4f1996b3595e796aae4d0ce40ed8dd8ebf2e12a22da533c67.xlsx,km_tgp_point_delivery_capacity:1788187463756307000:7d3a3704ceb7fce4f1996b3595e796aae4d0ce40ed8dd8ebf2e12a22da533c67
point,delivery,2026-08-31,2026-08-31T14:00:00.000000Z,2026-08-31T09:00:00,EVENING,420221,295,NYSEG/TGP LOCKPORT NY NIAGARA,05,TGP:420221,TGP:SEG:295,D,66462,66462.0,3477.0,62985.0,False,True,,True,2026-08-31T01:46:00.000000Z,2026-08-31T14:44:23.756307Z,2026-08-31T14:44:23.756307Z,Million BTU's (displayed as Dth),7d3a3704ceb7fce4f1996b3595e796aae4d0ce40ed8dd8ebf2e12a22da533c67,https://pipeline2.kindermorgan.com/Capacity/OpAvailPoint.aspx?code=TGP,data/raw/km_tgp_point_delivery_capacity/2026/08/31/7d3a3704ceb7fce4f1996b3595e796aae4d0ce40ed8dd8ebf2e12a22da533c67.xlsx,km_tgp_point_delivery_capacity:1788187463756307000:7d3a3704ceb7fce4f1996b3595e796aae4d0ce40ed8dd8ebf2e12a22da533c67
point,delivery,2026-08-31,2026-08-31T14:00:00.000000Z,2026-08-31T09:00:00,EVENING,420497,295,NFG/TGP CLARENCE NY ERIE,05,TGP:420497,TGP:SEG:295,D,242529,242529.0,0.0,242529.0,False,True,,True,2026-08-31T01:46:00.000000Z,2026-08-31T14:44:23.756307Z,2026-08-31T14:44:23.756307Z,Million BTU's (displayed as Dth),7d3a3704ceb7fce4f1996b3595e796aae4d0ce40ed8dd8ebf2e12a22da533c67,https://pipeline2.kindermorgan.com/Capacity/OpAvailPoint.aspx?code=TGP,data/raw/km_tgp_point_delivery_capacity/2026/08/31/7d3a3704ceb7fce4f1996b3595e796aae4d0ce40ed8dd8ebf2e12a22da533c67.xlsx,km_tgp_point_delivery_capacity:1788187463756307000:7d3a3704ceb7fce4f1996b3595e796aae4d0ce40ed8dd8ebf2e12a22da533c67
point,delivery,2026-08-31,2026-08-31T14:00:00.000000Z,2026-08-31T09:00:00,EVENING,420502,295,EGTS/TGP MARILLA NY ERIE,05,TGP:420502,TGP:SEG:295,D,238904,256287.0,0.0,256287.0,False,True,,True,2026-08-31T01:46:00.000000Z,2026-08-31T14:44:23.756307Z,2026-08-31T14:44:23.756307Z,Million BTU's (displayed as Dth),7d3a3704ceb7fce4f1996b3595e796aae4d0ce40ed8dd8ebf2e12a22da533c67,https://pipeline2.kindermorgan.com/Capacity/OpAvailPoint.aspx?code=TGP,data/raw/km_tgp_point_delivery_capacity/2026/08/31/7d3a3704ceb7fce4f1996b3595e796aae4d0ce40ed8dd8ebf2e12a22da533c67.xlsx,km_tgp_point_delivery_capacity:1788187463756307000:7d3a3704ceb7fce4f1996b3595e796aae4d0ce40ed8dd8ebf2e12a22da533c67
point,delivery,2026-08-31,2026-08-31T14:00:00.000000Z,2026-08-31T09:00:00,EVENING,420739,295,SHELL/TGP HARRISON CO GEN SALES NIA,05,TGP:420739,TGP:SEG:295,D,86128,86128.0,14475.0,71653.0,True,True,,True,2026-08-31T01:46:00.000000Z,2026-08-31T14:44:23.756307Z,2026-08-31T14:44:23.756307Z,Million BTU's (displayed as Dth),7d3a3704ceb7fce4f1996b3595e796aae4d0ce40ed8dd8ebf2e12a22da533c67,https://pipeline2.kindermorgan.com/Capacity/OpAvailPoint.aspx?code=TGP,data/raw/km_tgp_point_delivery_capacity/2026/08/31/7d3a3704ceb7fce4f1996b3595e796aae4d0ce40ed8dd8ebf2e12a22da533c67.xlsx,km_tgp_point_delivery_capacity:1788187463756307000:7d3a3704ceb7fce4f1996b3595e796aae4d0ce40ed8dd8ebf2e12a22da533c67
point,delivery,2026-08-31,2026-08-31T14:00:00.000000Z,2026-08-31T09:00:00,EVENING,54378,295,CAMBRIAA/TGP SHELBY CRUSHED STONE N,05,TGP:54378,TGP:SEG:295,D,3485,3485.0,0.0,3485.0,False,True,,True,2026-08-31T01:46:00.000000Z,2026-08-31T14:44:23.756307Z,2026-08-31T14:44:23.756307Z,Million BTU's (displayed as Dth),7d3a3704ceb7fce4f1996b3595e796aae4d0ce40ed8dd8ebf2e12a22da533c67,https://pipeline2.kindermorgan.com/Capacity/OpAvailPoint.aspx?code=TGP,data/raw/km_tgp_point_delivery_capacity/2026/08/31/7d3a3704ceb7fce4f1996b3595e796aae4d0ce40ed8dd8ebf2e12a22da533c67.xlsx,km_tgp_point_delivery_capacity:1788187463756307000:7d3a3704ceb7fce4f1996b3595e796aae4d0ce40ed8dd8ebf2e12a22da533c67
point,delivery,2026-08-31,2026-08-31T14:00:00.000000Z,2026-08-31T09:00:00,EVENING,410902,296,TRANSCAN/TGP UDP NIAGARA RIVER NIAG,05,TGP:410902,TGP:SEG:296,BD,200483,200483.0,18024.0,182459.0,True,True,,True,2026-08-31T01:46:00.000000Z,2026-08-31T14:44:23.756307Z,2026-08-31T14:44:23.756307Z,Million BTU's (displayed as Dth),7d3a3704ceb7fce4f1996b3595e796aae4d0ce40ed8dd8ebf2e12a22da533c67,https://pipeline2.kindermorgan.com/Capacity/OpAvailPoint.aspx?code=TGP,data/raw/km_tgp_point_delivery_capacity/2026/08/31/7d3a3704ceb7fce4f1996b3595e796aae4d0ce40ed8dd8ebf2e12a22da533c67.xlsx,km_tgp_point_delivery_capacity:1788187463756307000:7d3a3704ceb7fce4f1996b3595e796aae4d0ce40ed8dd8ebf2e12a22da533c67
point,delivery,2026-08-31,2026-08-31T14:00:00.000000Z,2026-08-31T09:00:00,EVENING,420092,296,NFG/TGP LEWISTON NY NIAGARA,05,TGP:420092,TGP:SEG:296,D,38400,38400.0,4355.0,34045.0,False,True,,True,2026-08-31T01:46:00.000000Z,2026-08-31T14:44:23.756307Z,2026-08-31T14:44:23.756307Z,Million BTU's (displayed as Dth),7d3a3704ceb7fce4f1996b3595e796aae4d0ce40ed8dd8ebf2e12a22da533c67,https://pipeline2.kindermorgan.com/Capacity/OpAvailPoint.aspx?code=TGP,data/raw/km_tgp_point_delivery_capacity/2026/08/31/7d3a3704ceb7fce4f1996b3595e796aae4d0ce40ed8dd8ebf2e12a22da533c67.xlsx,km_tgp_point_delivery_capacity:1788187463756307000:7d3a3704ceb7fce4f1996b3595e796aae4d0ce40ed8dd8ebf2e12a22da533c67
point,delivery,2026-08-31,2026-08-31T14:00:00.000000Z,2026-08-31T09:00:00,EVENING,420326,296,NFG/TGP PEKIN NEW YORK NIAGARA,05,TGP:420326,TGP:SEG:296,D,100959,100959.0,0.0,100959.0,False,True,,True,2026-08-31T01:46:00.000000Z,2026-08-31T14:44:23.756307Z,2026-08-31T14:44:23.756307Z,Million BTU's (displayed as Dth),7d3a3704ceb7fce4f1996b3595e796aae4d0ce40ed8dd8ebf2e12a22da533c67,https://pipeline2.kindermorgan.com/Capacity/OpAvailPoint.aspx?code=TGP,data/raw/km_tgp_point_delivery_capacity/2026/08/31/7d3a3704ceb7fce4f1996b3595e796aae4d0ce40ed8dd8ebf2e12a22da533c67.xlsx,km_tgp_point_delivery_capacity:1788187463756307000:7d3a3704ceb7fce4f1996b3595e796aae4d0ce40ed8dd8ebf2e12a22da533c67
point,delivery,2026-08-31,2026-08-31T14:00:00.000000Z,2026-08-31T09:00:00,EVENING,421079,296,TRANSCAN/TGP UDP NIAGARA RIVER DELI,05,TGP:421079,TGP:SEG:296,D,748250,748250.0,584420.0,163830.0,True,True,,True,2026-08-31T01:46:00.000000Z,2026-08-31T14:44:23.756307Z,2026-08-31T14:44:23.756307Z,Million BTU's (displayed as Dth),7d3a3704ceb7fce4f1996b3595e796aae4d0ce40ed8dd8ebf2e12a22da533c67,https://pipeline2.kindermorgan.com/Capacity/OpAvailPoint.aspx?code=TGP,data/raw/km_tgp_point_delivery_capacity/2026/08/31/7d3a3704ceb7fce4f1996b3595e796aae4d0ce40ed8dd8ebf2e12a22da533c67.xlsx,km_tgp_point_delivery_capacity:1788187463756307000:7d3a3704ceb7fce4f1996b3595e796aae4d0ce40ed8dd8ebf2e12a22da533c67
point,delivery,2026-08-31,2026-08-31T14:00:00.000000Z,2026-08-31T09:00:00,EVENING,412803,299,ARLSTOR/TGP GRAVEL RUN ARLINGTON ST,05,TGP:412803,TGP:SEG:299,BD,205000,205000.0,45951.0,159049.0,True,True,,True,2026-08-31T01:46:00.000000Z,2026-08-31T14:44:23.756307Z,2026-08-31T14:44:23.756307Z,Million BTU's (displayed as Dth),7d3a3704ceb7fce4f1996b3595e796aae4d0ce40ed8dd8ebf2e12a22da533c67,https://pipeline2.kindermorgan.com/Capacity/OpAvailPoint.aspx?code=TGP,data/raw/km_tgp_point_delivery_capacity/2026/08/31/7d3a3704ceb7fce4f1996b3595e796aae4d0ce40ed8dd8ebf2e12a22da533c67.xlsx,km_tgp_point_delivery_capacity:1788187463756307000:7d3a3704ceb7fce4f1996b3595e796aae4d0ce40ed8dd8ebf2e12a22da533c67
point,delivery,2026-08-31,2026-08-31T14:00:00.000000Z,2026-08-31T09:00:00,EVENING,420642,299,NYSEG/TGP RUSHVILLE SALES YATES,05,TGP:420642,TGP:SEG:299,D,3075,3075.0,0.0,3075.0,False,True,,True,2026-08-31T01:46:00.000000Z,2026-08-31T14:44:23.756307Z,2026-08-31T14:44:23.756307Z,Million BTU's (displayed as Dth),7d3a3704ceb7fce4f1996b3595e796aae4d0ce40ed8dd8ebf2e12a22da533c67,https://pipeline2.kindermorgan.com/Capacity/OpAvailPoint.aspx?code=TGP,data/raw/km_tgp_point_delivery_capacity/2026/08/31/7d3a3704ceb7fce4f1996b3595e796aae4d0ce40ed8dd8ebf2e12a22da533c67.xlsx,km_tgp_point_delivery_capacity:1788187463756307000:7d3a3704ceb7fce4f1996b3595e796aae4d0ce40ed8dd8ebf2e12a22da533c67
point,delivery,2026-08-31,2026-08-31T14:00:00.000000Z,2026-08-31T09:00:00,EVENING,420644,299,NYSEG/TGP PRATTSBURG SALES STEUBEN,05,TGP:420644,TGP:SEG:299,D,4575,4575.0,0.0,4575.0,False,True,,True,2026-08-31T01:46:00.000000Z,2026-08-31T14:44:23.756307Z,2026-08-31T14:44:23.756307Z,Million BTU's (displayed as Dth),7d3a3704ceb7fce4f1996b3595e796aae4d0ce40ed8dd8ebf2e12a22da533c67,https://pipeline2.kindermorgan.com/Capacity/OpAvailPoint.aspx?code=TGP,data/raw/km_tgp_point_delivery_capacity/2026/08/31/7d3a3704ceb7fce4f1996b3595e796aae4d0ce40ed8dd8ebf2e12a22da533c67.xlsx,km_tgp_point_delivery_capacity:1788187463756307000:7d3a3704ceb7fce4f1996b3595e796aae4d0ce40ed8dd8ebf2e12a22da533c67
point,delivery,2026-08-31,2026-08-31T14:00:00.000000Z,2026-08-31T09:00:00,EVENING,420746,299,NYSEG/TGP WALLACE SALES STEUBEN,05,TGP:420746,TGP:SEG:299,D,4559,4559.0,0.0,4559.0,True,True,,True,2026-08-31T01:46:00.000000Z,2026-08-31T14:44:23.756307Z,2026-08-31T14:44:23.756307Z,Million BTU's (displayed as Dth),7d3a3704ceb7fce4f1996b3595e796aae4d0ce40ed8dd8ebf2e12a22da533c67,https://pipeline2.kindermorgan.com/Capacity/OpAvailPoint.aspx?code=TGP,data/raw/km_tgp_point_delivery_capacity/2026/08/31/7d3a3704ceb7fce4f1996b3595e796aae4d0ce40ed8dd8ebf2e12a22da533c67.xlsx,km_tgp_point_delivery_capacity:1788187463756307000:7d3a3704ceb7fce4f1996b3595e796aae4d0ce40ed8dd8ebf2e12a22da533c67
point,delivery,2026-08-31,2026-08-31T14:00:00.000000Z,2026-08-31T09:00:00,EVENING,420801,299,MILL PL/TGP GREENWOOD STEUBEN,05,TGP:420801,TGP:SEG:299,BD,40000,40000.0,0.0,40000.0,False,True,,True,2026-08-31T01:46:00.000000Z,2026-08-31T14:44:23.756307Z,2026-08-31T14:44:23.756307Z,Million BTU's (displayed as Dth),7d3a3704ceb7fce4f1996b3595e796aae4d0ce40ed8dd8ebf2e12a22da533c67,https://pipeline2.kindermorgan.com/Capacity/OpAvailPoint.aspx?code=TGP,data/raw/km_tgp_point_delivery_capacity/2026/08/31/7d3a3704ceb7fce4f1996b3595e796aae4d0ce40ed8dd8ebf2e12a22da533c67.xlsx,km_tgp_point_delivery_capacity:1788187463756307000:7d3a3704ceb7fce4f1996b3595e796aae4d0ce40ed8dd8ebf2e12a22da533c67
point,delivery,2026-08-31,2026-08-31T14:00:00.000000Z,2026-08-31T09:00:00,EVENING,421068,299,KAISER/TGP WYCKOFF STORAGE STEUBEN,05,TGP:421068,TGP:SEG:299,BD,250000,250000.0,40827.0,209173.0,True,True,,True,2026-08-31T01:46:00.000000Z,2026-08-31T14:44:23.756307Z,2026-08-31T14:44:23.756307Z,Million BTU's (displayed as Dth),7d3a3704ceb7fce4f1996b3595e796aae4d0ce40ed8dd8ebf2e12a22da533c67,https://pipeline2.kindermorgan.com/Capacity/OpAvailPoint.aspx?code=TGP,data/raw/km_tgp_point_delivery_capacity/2026/08/31/7d3a3704ceb7fce4f1996b3595e796aae4d0ce40ed8dd8ebf2e12a22da533c67.xlsx,km_tgp_point_delivery_capacity:1788187463756307000:7d3a3704ceb7fce4f1996b3595e796aae4d0ce40ed8dd8ebf2e12a22da533c67
point,delivery,2026-08-31,2026-08-31T14:00:00.000000Z,2026-08-31T09:00:00,EVENING,420173,300,UGI UT/TGP MARIENVILLE PA FOREST,04,TGP:420173,TGP:SEG:300,D,9239,9239.0,0.0,9239.0,False,True,,True,2026-08-31T01:46:00.000000Z,2026-08-31T14:44:23.756307Z,2026-08-31T14:44:23.756307Z,Million BTU's (displayed as Dth),7d3a3704ceb7fce4f1996b3595e796aae4d0ce40ed8dd8ebf2e12a22da533c67,https://pipeline2.kindermorgan.com/Capacity/OpAvailPoint.aspx?code=TGP,data/raw/km_tgp_point_delivery_capacity/2026/08/31/7d3a3704ceb7fce4f1996b3595e796aae4d0ce40ed8dd8ebf2e12a22da533c67.xlsx,km_tgp_point_delivery_capacity:1788187463756307000:7d3a3704ceb7fce4f1996b3595e796aae4d0ce40ed8dd8ebf2e12a22da533c67
point,delivery,2026-08-31,2026-08-31T14:00:00.000000Z,2026-08-31T09:00:00,EVENING,420335,300,UGI UT/TGP COAL HILL PA VENANGO,04,TGP:420335,TGP:SEG:300,D,38246,38246.0,1008.0,37238.0,False,True,,True,2026-08-31T01:46:00.000000Z,2026-08-31T14:44:23.756307Z,2026-08-31T14:44:23.756307Z,Million BTU's (displayed as Dth),7d3a3704ceb7fce4f1996b3595e796aae4d0ce40ed8dd8ebf2e12a22da533c67,https://pipeline2.kindermorgan.com/Capacity/OpAvailPoint.aspx?code=TGP,data/raw/km_tgp_point_delivery_capacity/2026/08/31/7d3a3704ceb7fce4f1996b3595e796aae4d0ce40ed8dd8ebf2e12a22da533c67.xlsx,km_tgp_point_delivery_capacity:1788187463756307000:7d3a3704ceb7fce4f1996b3595e796aae4d0ce40ed8dd8ebf2e12a22da533c67
point,delivery,2026-08-31,2026-08-31T14:00:00.000000Z,2026-08-31T09:00:00,EVENING,420730,300,NFG/TGP CRANBERRY SMS VENANGO,04,TGP:420730,TGP:SEG:300,D,99674,99674.0,0.0,99674.0,False,True,,True,2026-08-31T01:46:00.000000Z,2026-08-31T14:44:23.756307Z,2026-08-31T14:44:23.756307Z,Million BTU's (displayed as Dth),7d3a3704ceb7fce4f1996b3595e796aae4d0ce40ed8dd8ebf2e12a22da533c67,https://pipeline2.kindermorgan.com/Capacity/OpAvailPoint.aspx?code=TGP,data/raw/km_tgp_point_delivery_capacity/2026/08/31/7d3a3704ceb7fce4f1996b3595e796aae4d0ce40ed8dd8ebf2e12a22da533c67.xlsx,km_tgp_point_delivery_capacity:1788187463756307000:7d3a3704ceb7fce4f1996b3595e796aae4d0ce40ed8dd8ebf2e12a22da533c67
point,delivery,2026-08-31,2026-08-31T14:00:00.000000Z,2026-08-31T09:00:00,EVENING,48741,300,CONSTGEN/TGP HANDSOME LAKE DELIVERY,04,TGP:48741,TGP:SEG:300,D,61500,61500.0,200.0,61300.0,False,True,,True,2026-08-31T01:46:00.000000Z,2026-08-31T14:44:23.756307Z,2026-08-31T14:44:23.756307Z,Million BTU's (displayed as Dth),7d3a3704ceb7fce4f1996b3595e796aae4d0ce40ed8dd8ebf2e12a22da533c67,https://pipeline2.kindermorgan.com/Capacity/OpAvailPoint.aspx?code=TGP,data/raw/km_tgp_point_delivery_capacity/2026/08/31/7d3a3704ceb7fce4f1996b3595e796aae4d0ce40ed8dd8ebf2e12a22da533c67.xlsx,km_tgp_point_delivery_capacity:1788187463756307000:7d3a3704ceb7fce4f1996b3595e796aae4d0ce40ed8dd8ebf2e12a22da533c67
point,delivery,2026-08-31,2026-08-31T14:00:00.000000Z,2026-08-31T09:00:00,EVENING,420072,307,NFG/TGP LAMONT PA ELK,04,TGP:420072,TGP:SEG:307,D,106190,106190.0,58027.0,48163.0,True,True,,True,2026-08-31T01:46:00.000000Z,2026-08-31T14:44:23.756307Z,2026-08-31T14:44:23.756307Z,Million BTU's (displayed as Dth),7d3a3704ceb7fce4f1996b3595e796aae4d0ce40ed8dd8ebf2e12a22da533c67,https://pipeline2.kindermorgan.com/Capacity/OpAvailPoint.aspx?code=TGP,data/raw/km_tgp_point_delivery_capacity/2026/08/31/7d3a3704ceb7fce4f1996b3595e796aae4d0ce40ed8dd8ebf2e12a22da533c67.xlsx,km_tgp_point_delivery_capacity:1788187463756307000:7d3a3704ceb7fce4f1996b3595e796aae4d0ce40ed8dd8ebf2e12a22da533c67
point,delivery,2026-08-31,2026-08-31T14:00:00.000000Z,2026-08-31T09:00:00,EVENING,420089,307,UGI UT/TGP WEST BINGHAM PA POTTER,04,TGP:420089,TGP:SEG:307,D,52419,52419.0,0.0,52419.0,False,True,,True,2026-08-31T01:46:00.000000Z,2026-08-31T14:44:23.756307Z,2026-08-31T14:44:23.756307Z,Million BTU's (displayed as Dth),7d3a3704ceb7fce4f1996b3595e796aae4d0ce40ed8dd8ebf2e12a22da533c67,https://pipeline2.kindermorgan.com/Capacity/OpAvailPoint.aspx?code=TGP,data/raw/km_tgp_point_delivery_capacity/2026/08/31/7d3a3704ceb7fce4f1996b3595e796aae4d0ce40ed8dd8ebf2e12a22da533c67.xlsx,km_tgp_point_delivery_capacity:1788187463756307000:7d3a3704ceb7fce4f1996b3595e796aae4d0ce40ed8dd8ebf2e12a22da533c67
point,delivery,2026-08-31,2026-08-31T14:00:00.000000Z,2026-08-31T09:00:00,EVENING,420315,307,UGI UT/TGP PORT ALLEGANY PA MC KEAN,04,TGP:420315,TGP:SEG:307,D,26254,26254.0,0.0,26254.0,False,True,,True,2026-08-31T01:46:00.000000Z,2026-08-31T14:44:23.756307Z,2026-08-31T14:44:23.756307Z,Million BTU's (displayed as Dth),7d3a3704ceb7fce4f1996b3595e796aae4d0ce40ed8dd8ebf2e12a22da533c67,https://pipeline2.kindermorgan.com/Capacity/OpAvailPoint.aspx?code=TGP,data/raw/km_tgp_point_delivery_capacity/2026/08/31/7d3a3704ceb7fce4f1996b3595e796aae4d0ce40ed8dd8ebf2e12a22da533c67.xlsx,km_tgp_point_delivery_capacity:1788187463756307000:7d3a3704ceb7fce4f1996b3595e796aae4d0ce40ed8dd8ebf2e12a22da533c67
point,delivery,2026-08-31,2026-08-31T14:00:00.000000Z,2026-08-31T09:00:00,EVENING,420449,307,COL GAS/TGP HIGHLAND PA ELK,04,TGP:420449,TGP:SEG:307,D,34264,34264.0,0.0,34264.0,False,True,,True,2026-08-31T01:46:00.000000Z,2026-08-31T14:44:23.756307Z,2026-08-31T14:44:23.756307Z,Million BTU's (displayed as Dth),7d3a3704ceb7fce4f1996b3595e796aae4d0ce40ed8dd8ebf2e12a22da533c67,https://pipeline2.kindermorgan.com/Capacity/OpAvailPoint.aspx?code=TGP,data/raw/km_tgp_point_delivery_capacity/2026/08/31/7d3a3704ceb7fce4f1996b3595e796aae4d0ce40ed8dd8ebf2e12a22da533c67.xlsx,km_tgp_point_delivery_capacity:1788187463756307000:7d3a3704ceb7fce4f1996b3595e796aae4d0ce40ed8dd8ebf2e12a22da533c67
point,delivery,2026-08-31,2026-08-31T14:00:00.000000Z,2026-08-31T09:00:00,EVENING,420717,307,PITTCORN/TGP PITTSBURGH CORNING SAL,04,TGP:420717,TGP:SEG:307,D,9423,0.0,0.0,0.0,False,True,,True,2026-08-31T01:46:00.000000Z,2026-08-31T14:44:23.756307Z,2026-08-31T14:44:23.756307Z,Million BTU's (displayed as Dth),7d3a3704ceb7fce4f1996b3595e796aae4d0ce40ed8dd8ebf2e12a22da533c67,https://pipeline2.kindermorgan.com/Capacity/OpAvailPoint.aspx?code=TGP,data/raw/km_tgp_point_delivery_capacity/2026/08/31/7d3a3704ceb7fce4f1996b3595e796aae4d0ce40ed8dd8ebf2e12a22da533c67.xlsx,km_tgp_point_delivery_capacity:1788187463756307000:7d3a3704ceb7fce4f1996b3595e796aae4d0ce40ed8dd8ebf2e12a22da533c67
point,delivery,2026-08-31,2026-08-31T14:00:00.000000Z,2026-08-31T09:00:00,EVENING,420831,307,ARDAGHGR/TGP BALL GLASS SALES MC KE,04,TGP:420831,TGP:SEG:307,D,16638,16638.0,2419.0,14219.0,False,True,,True,2026-08-31T01:46:00.000000Z,2026-08-31T14:44:23.756307Z,2026-08-31T14:44:23.756307Z,Million BTU's (displayed as Dth),7d3a3704ceb7fce4f1996b3595e796aae4d0ce40ed8dd8ebf2e12a22da533c67,https://pipeline2.kindermorgan.com/Capacity/OpAvailPoint.aspx?code=TGP,data/raw/km_tgp_point_delivery_capacity/2026/08/31/7d3a3704ceb7fce4f1996b3595e796aae4d0ce40ed8dd8ebf2e12a22da533c67.xlsx,km_tgp_point_delivery_capacity:1788187463756307000:7d3a3704ceb7fce4f1996b3595e796aae4d0ce40ed8dd8ebf2e12a22da533c67
point,delivery,2026-08-31,2026-08-31T14:00:00.000000Z,2026-08-31T09:00:00,EVENING,50512,307,NFG/TGP CROSBY DELIVERY MC KEAN,04,TGP:50512,TGP:SEG:307,D,13197,13197.0,2841.0,10356.0,False,True,,True,2026-08-31T01:46:00.000000Z,2026-08-31T14:44:23.756307Z,2026-08-31T14:44:23.756307Z,Million BTU's (displayed as Dth),7d3a3704ceb7fce4f1996b3595e796aae4d0ce40ed8dd8ebf2e12a22da533c67,https://pipeline2.kindermorgan.com/Capacity/OpAvailPoint.aspx?code=TGP,data/raw/km_tgp_point_delivery_capacity/2026/08/31/7d3a3704ceb7fce4f1996b3595e796aae4d0ce40ed8dd8ebf2e12a22da533c67.xlsx,km_tgp_point_delivery_capacity:1788187463756307000:7d3a3704ceb7fce4f1996b3595e796aae4d0ce40ed8dd8ebf2e12a22da533c67
point,delivery,2026-08-31,2026-08-31T14:00:00.000000Z,2026-08-31T09:00:00,EVENING,420253,314,UGI/TGP WELLSBORO PA TIOGA,04,TGP:420253,TGP:SEG:314,D,77900,113677.0,33437.0,80240.0,False,True,,True,2026-08-31T01:46:00.000000Z,2026-08-31T14:44:23.756307Z,2026-08-31T14:44:23.756307Z,Million BTU's (displayed as Dth),7d3a3704ceb7fce4f1996b3595e796aae4d0ce40ed8dd8ebf2e12a22da533c67,https://pipeline2.kindermorgan.com/Capacity/OpAvailPoint.aspx?code=TGP,data/raw/km_tgp_point_delivery_capacity/2026/08/31/7d3a3704ceb7fce4f1996b3595e796aae4d0ce40ed8dd8ebf2e12a22da533c67.xlsx,km_tgp_point_delivery_capacity:1788187463756307000:7d3a3704ceb7fce4f1996b3595e796aae4d0ce40ed8dd8ebf2e12a22da533c67
point,delivery,2026-08-31,2026-08-31T14:00:00.000000Z,2026-08-31T09:00:00,EVENING,420914,314,EGTS/TGP SABINSVILLE DELIVERY TIOGA,04,TGP:420914,TGP:SEG:314,D,587325,587325.0,101209.0,486116.0,True,True,,True,2026-08-31T01:46:00.000000Z,2026-08-31T14:44:23.756307Z,2026-08-31T14:44:23.756307Z,Million BTU's (displayed as Dth),7d3a3704ceb7fce4f1996b3595e796aae4d0ce40ed8dd8ebf2e12a22da533c67,https://pipeline2.kindermorgan.com/Capacity/OpAvailPoint.aspx?code=TGP,data/raw/km_tgp_point_delivery_capacity/2026/08/31/7d3a3704ceb7fce4f1996b3595e796aae4d0ce40ed8dd8ebf2e12a22da533c67.xlsx,km_tgp_point_delivery_capacity:1788187463756307000:7d3a3704ceb7fce4f1996b3595e796aae4d0ce40ed8dd8ebf2e12a22da533c67
point,delivery,2026-08-31,2026-08-31T14:00:00.000000Z,2026-08-31T09:00:00,EVENING,420213,315,UGI/TGP MANSFIELD PA TIOGA,04,TGP:420213,TGP:SEG:315,D,50694,50694.0,18981.0,31713.0,False,True,,True,2026-08-31T01:46:00.000000Z,2026-08-31T14:44:23.756307Z,2026-08-31T14:44:23.756307Z,Million BTU's (displayed as Dth),7d3a3704ceb7fce4f1996b3595e796aae4d0ce40ed8dd8ebf2e12a22da533c67,https://pipeline2.kindermorgan.com/Capacity/OpAvailPoint.aspx?code=TGP,data/raw/km_tgp_point_delivery_capacity/2026/08/31/7d3a3704ceb7fce4f1996b3595e796aae4d0ce40ed8dd8ebf2e12a22da533c67.xlsx,km_tgp_point_delivery_capacity:1788187463756307000:7d3a3704ceb7fce4f1996b3595e796aae4d0ce40ed8dd8ebf2e12a22da533c67
point,delivery,2026-08-31,2026-08-31T14:00:00.000000Z,2026-08-31T09:00:00,EVENING,420444,316,UGI UT/TGP TROY PA BRADFORD,04,TGP:420444,TGP:SEG:316,D,33010,33010.0,0.0,33010.0,False,True,,True,2026-08-31T01:46:00.000000Z,2026-08-31T14:44:23.756307Z,2026-08-31T14:44:23.756307Z,Million BTU's (displayed as Dth),7d3a3704ceb7fce4f1996b3595e796aae4d0ce40ed8dd8ebf2e12a22da533c67,https://pipeline2.kindermorgan.com/Capacity/OpAvailPoint.aspx?code=TGP,data/raw/km_tgp_point_delivery_capacity/2026/08/31/7d3a3704ceb7fce4f1996b3595e796aae4d0ce40ed8dd8ebf2e12a22da533c67.xlsx,km_tgp_point_delivery_capacity:1788187463756307000:7d3a3704ceb7fce4f1996b3595e796aae4d0ce40ed8dd8ebf2e12a22da533c67
point,delivery,2026-08-31,2026-08-31T14:00:00.000000Z,2026-08-31T09:00:00,EVENING,420216,317,VALLEY/TGP TOWANDA PA BRADFORD,04,TGP:420216,TGP:SEG:317,D,25670,25670.0,17732.0,7938.0,False,True,,True,2026-08-31T01:46:00.000000Z,2026-08-31T14:44:23.756307Z,2026-08-31T14:44:23.756307Z,Million BTU's (displayed as Dth),7d3a3704ceb7fce4f1996b3595e796aae4d0ce40ed8dd8ebf2e12a22da533c67,https://pipeline2.kindermorgan.com/Capacity/OpAvailPoint.aspx?code=TGP,data/raw/km_tgp_point_delivery_capacity/2026/08/31/7d3a3704ceb7fce4f1996b3595e796aae4d0ce40ed8dd8ebf2e12a22da533c67.xlsx,km_tgp_point_delivery_capacity:1788187463756307000:7d3a3704ceb7fce4f1996b3595e796aae4d0ce40ed8dd8ebf2e12a22da533c67
point,delivery,2026-08-31,2026-08-31T14:00:00.000000Z,2026-08-31T09:00:00,EVENING,420652,318,LSTOCKNG/TGP WYALUSING SALES BRADFO,04,TGP:420652,TGP:SEG:318,D,9217,9217.0,750.0,8467.0,True,True,,True,2026-08-31T01:46:00.000000Z,2026-08-31T14:44:23.756307Z,2026-08-31T14:44:23.756307Z,Million BTU's (displayed as Dth),7d3a3704ceb7fce4f1996b3595e796aae4d0ce40ed8dd8ebf2e12a22da533c67,https://pipeline2.kindermorgan.com/Capacity/OpAvailPoint.aspx?code=TGP,data/raw/km_tgp_point_delivery_capacity/2026/08/31/7d3a3704ceb7fce4f1996b3595e796aae4d0ce40ed8dd8ebf2e12a22da533c67.xlsx,km_tgp_point_delivery_capacity:1788187463756307000:7d3a3704ceb7fce4f1996b3595e796aae4d0ce40ed8dd8ebf2e12a22da533c67
point,delivery,2026-08-31,2026-08-31T14:00:00.000000Z,2026-08-31T09:00:00,EVENING,48061,318,NRGBM/TGP BEIRNE HILL SALES BRADFOR,04,TGP:48061,TGP:SEG:318,D,153750,153750.0,133178.0,20572.0,False,True,,True,2026-08-31T01:46:00.000000Z,2026-08-31T14:44:23.756307Z,2026-08-31T14:44:23.756307Z,Million BTU's (displayed as Dth),7d3a3704ceb7fce4f1996b3595e796aae4d0ce40ed8dd8ebf2e12a22da533c67,https://pipeline2.kindermorgan.com/Capacity/OpAvailPoint.aspx?code=TGP,data/raw/km_tgp_point_delivery_capacity/2026/08/31/7d3a3704ceb7fce4f1996b3595e796aae4d0ce40ed8dd8ebf2e12a22da533c67.xlsx,km_tgp_point_delivery_capacity:1788187463756307000:7d3a3704ceb7fce4f1996b3595e796aae4d0ce40ed8dd8ebf2e12a22da533c67
point,delivery,2026-08-31,2026-08-31T14:00:00.000000Z,2026-08-31T09:00:00,EVENING,421046,319,STAGEPS/TGP STA 319 OWEGO BRADFORD,04,TGP:421046,TGP:SEG:319,BD,1129550,1129550.0,46567.0,1082983.0,True,True,,True,2026-08-31T01:46:00.000000Z,2026-08-31T14:44:23.756307Z,2026-08-31T14:44:23.756307Z,Million BTU's (displayed as Dth),7d3a3704ceb7fce4f1996b3595e796aae4d0ce40ed8dd8ebf2e12a22da533c67,https://pipeline2.kindermorgan.com/Capacity/OpAvailPoint.aspx?code=TGP,data/raw/km_tgp_point_delivery_capacity/2026/08/31/7d3a3704ceb7fce4f1996b3595e796aae4d0ce40ed8dd8ebf2e12a22da533c67.xlsx,km_tgp_point_delivery_capacity:1788187463756307000:7d3a3704ceb7fce4f1996b3595e796aae4d0ce40ed8dd8ebf2e12a22da533c67
point,delivery,2026-08-31,2026-08-31T14:00:00.000000Z,2026-08-31T09:00:00,EVENING,412864,320,BLU/TGP LAKE LOOMIS DEHY: RIP 320T,04,TGP:412864,TGP:SEG:320,BD,382325,382325.0,10228.0,372097.0,False,True,,True,2026-08-31T01:46:00.000000Z,2026-08-31T14:44:23.756307Z,2026-08-31T14:44:23.756307Z,Million BTU's (displayed as Dth),7d3a3704ceb7fce4f1996b3595e796aae4d0ce40ed8dd8ebf2e12a22da533c67,https://pipeline2.kindermorgan.com/Capacity/OpAvailPoint.aspx?code=TGP,data/raw/km_tgp_point_delivery_capacity/2026/08/31/7d3a3704ceb7fce4f1996b3595e796aae4d0ce40ed8dd8ebf2e12a22da533c67.xlsx,km_tgp_point_delivery_capacity:1788187463756307000:7d3a3704ceb7fce4f1996b3595e796aae4d0ce40ed8dd8ebf2e12a22da533c67
point,delivery,2026-08-31,2026-08-31T14:00:00.000000Z,2026-08-31T09:00:00,EVENING,420203,321,UGI UT/TGP UNIONDALE PA SUSQUEHANNA,04,TGP:420203,TGP:SEG:321,D,588350,588350.0,144490.0,443860.0,True,True,,True,2026-08-31T01:46:00.000000Z,2026-08-31T14:44:23.756307Z,2026-08-31T14:44:23.756307Z,Million BTU's (displayed as Dth),7d3a3704ceb7fce4f1996b3595e796aae4d0ce40ed8dd8ebf2e12a22da533c67,https://pipeline2.kindermorgan.com/Capacity/OpAvailPoint.aspx?code=TGP,data/raw/km_tgp_point_delivery_capacity/2026/08/31/7d3a3704ceb7fce4f1996b3595e796aae4d0ce40ed8dd8ebf2e12a22da533c67.xlsx,km_tgp_point_delivery_capacity:1788187463756307000:7d3a3704ceb7fce4f1996b3595e796aae4d0ce40ed8dd8ebf2e12a22da533c67
point,delivery,2026-08-31,2026-08-31T14:00:00.000000Z,2026-08-31T09:00:00,EVENING,420245,321,COL GAS/TGP MILFORD PA BIG PIKE,04,TGP:420245,TGP:SEG:321,D,357725,357725.0,204595.0,153130.0,True,True,,True,2026-08-31T01:46:00.000000Z,2026-08-31T14:44:23.756307Z,2026-08-31T14:44:23.756307Z,Million BTU's (displayed as Dth),7d3a3704ceb7fce4f1996b3595e796aae4d0ce40ed8dd8ebf2e12a22da533c67,https://pipeline2.kindermorgan.com/Capacity/OpAvailPoint.aspx?code=TGP,data/raw/km_tgp_point_delivery_capacity/2026/08/31/7d3a3704ceb7fce4f1996b3595e796aae4d0ce40ed8dd8ebf2e12a22da533c67.xlsx,km_tgp_point_delivery_capacity:1788187463756307000:7d3a3704ceb7fce4f1996b3595e796aae4d0ce40ed8dd8ebf2e12a22da533c67
point,delivery,2026-08-31,2026-08-31T14:00:00.000000Z,2026-08-31T09:00:00,EVENING,420277,321,UGI UT/TGP HONESDALE PA SALES WAYNE,04,TGP:420277,TGP:SEG:321,D,8459,8459.0,0.0,8459.0,False,True,,True,2026-08-31T01:46:00.000000Z,2026-08-31T14:44:23.756307Z,2026-08-31T14:44:23.756307Z,Million BTU's (displayed as Dth),7d3a3704ceb7fce4f1996b3595e796aae4d0ce40ed8dd8ebf2e12a22da533c67,https://pipeline2.kindermorgan.com/Capacity/OpAvailPoint.aspx?code=TGP,data/raw/km_tgp_point_delivery_capacity/2026/08/31/7d3a3704ceb7fce4f1996b3595e796aae4d0ce40ed8dd8ebf2e12a22da533c67.xlsx,km_tgp_point_delivery_capacity:1788187463756307000:7d3a3704ceb7fce4f1996b3595e796aae4d0ce40ed8dd8ebf2e12a22da533c67
point,delivery,2026-08-31,2026-08-31T14:00:00.000000Z,2026-08-31T09:00:00,EVENING,420319,321,UGI UT/TGP MILFORD PA PIKE,04,TGP:420319,TGP:SEG:321,D,8476,8476.0,0.0,8476.0,True,True,,True,2026-08-31T01:46:00.000000Z,2026-08-31T14:44:23.756307Z,2026-08-31T14:44:23.756307Z,Million BTU's (displayed as Dth),7d3a3704ceb7fce4f1996b3595e796aae4d0ce40ed8dd8ebf2e12a22da533c67,https://pipeline2.kindermorgan.com/Capacity/OpAvailPoint.aspx?code=TGP,data/raw/km_tgp_point_delivery_capacity/2026/08/31/7d3a3704ceb7fce4f1996b3595e796aae4d0ce40ed8dd8ebf2e12a22da533c67.xlsx,km_tgp_point_delivery_capacity:1788187463756307000:7d3a3704ceb7fce4f1996b3595e796aae4d0ce40ed8dd8ebf2e12a22da533c67
point,delivery,2026-08-31,2026-08-31T14:00:00.000000Z,2026-08-31T09:00:00,EVENING,421014,321,UGI/TGP WAYMART WAYNE,04,TGP:421014,TGP:SEG:321,D,10444,10444.0,0.0,10444.0,False,True,,True,2026-08-31T01:46:00.000000Z,2026-08-31T14:44:23.756307Z,2026-08-31T14:44:23.756307Z,Million BTU's (displayed as Dth),7d3a3704ceb7fce4f1996b3595e796aae4d0ce40ed8dd8ebf2e12a22da533c67,https://pipeline2.kindermorgan.com/Capacity/OpAvailPoint.aspx?code=TGP,data/raw/km_tgp_point_delivery_capacity/2026/08/31/7d3a3704ceb7fce4f1996b3595e796aae4d0ce40ed8dd8ebf2e12a22da533c67.xlsx,km_tgp_point_delivery_capacity:1788187463756307000:7d3a3704ceb7fce4f1996b3595e796aae4d0ce40ed8dd8ebf2e12a22da533c67
point,delivery,2026-08-31,2026-08-31T14:00:00.000000Z,2026-08-31T09:00:00,EVENING,420093,324,CON ED/TGP WHITE PLAINS NY WESTCHES,05,TGP:420093,TGP:SEG:324,D,410000,410000.0,119895.0,290105.0,True,True,,True,2026-08-31T01:46:00.000000Z,2026-08-31T14:44:23.756307Z,2026-08-31T14:44:23.756307Z,Million BTU's (displayed as Dth),7d3a3704ceb7fce4f1996b3595e796aae4d0ce40ed8dd8ebf2e12a22da533c67,https://pipeline2.kindermorgan.com/Capacity/OpAvailPoint.aspx?code=TGP,data/raw/km_tgp_point_delivery_capacity/2026/08/31/7d3a3704ceb7fce4f1996b3595e796aae4d0ce40ed8dd8ebf2e12a22da533c67.xlsx,km_tgp_point_delivery_capacity:1788187463756307000:7d3a3704ceb7fce4f1996b3595e796aae4d0ce40ed8dd8ebf2e12a22da533c67
point,delivery,2026-08-31,2026-08-31T14:00:00.000000Z,2026-08-31T09:00:00,EVENING,420101,324,TRNSCO/TGP RIVERVALE NEW JERSEY BER,05,TGP:420101,TGP:SEG:324,BD,307500,307500.0,264230.0,43270.0,False,True,,True,2026-08-31T01:46:00.000000Z,2026-08-31T14:44:23.756307Z,2026-08-31T14:44:23.756307Z,Million BTU's (displayed as Dth),7d3a3704ceb7fce4f1996b3595e796aae4d0ce40ed8dd8ebf2e12a22da533c67,https://pipeline2.kindermorgan.com/Capacity/OpAvailPoint.aspx?code=TGP,data/raw/km_tgp_point_delivery_capacity/2026/08/31/7d3a3704ceb7fce4f1996b3595e796aae4d0ce40ed8dd8ebf2e12a22da533c67.xlsx,km_tgp_point_delivery_capacity:1788187463756307000:7d3a3704ceb7fce4f1996b3595e796aae4d0ce40ed8dd8ebf2e12a22da533c67
point,delivery,2026-08-31,2026-08-31T14:00:00.000000Z,2026-08-31T09:00:00,EVENING,420201,324,CON ED/TGP TAPPAN NY ROCKLAND,05,TGP:420201,TGP:SEG:324,D,65922,65922.0,0.0,65922.0,False,True,,True,2026-08-31T01:46:00.000000Z,2026-08-31T14:44:23.756307Z,2026-08-31T14:44:23.756307Z,Million BTU's (displayed as Dth),7d3a3704ceb7fce4f1996b3595e796aae4d0ce40ed8dd8ebf2e12a22da533c67,https://pipeline2.kindermorgan.com/Capacity/OpAvailPoint.aspx?code=TGP,data/raw/km_tgp_point_delivery_capacity/2026/08/31/7d3a3704ceb7fce4f1996b3595e796aae4d0ce40ed8dd8ebf2e12a22da533c67.xlsx,km_tgp_point_delivery_capacity:1788187463756307000:7d3a3704ceb7fce4f1996b3595e796aae4d0ce40ed8dd8ebf2e12a22da533c67
point,delivery,2026-08-31,2026-08-31T14:00:00.000000Z,2026-08-31T09:00:00,EVENING,420207,324,AGT/TGP MAHWAH NEW JERSEY BERGEN,05,TGP:420207,TGP:SEG:324,BD,963146,963146.0,544153.0,418993.0,False,True,,True,2026-08-31T01:46:00.000000Z,2026-08-31T14:44:23.756307Z,2026-08-31T14:44:23.756307Z,Million BTU's (displayed as Dth),7d3a3704ceb7fce4f1996b3595e796aae4d0ce40ed8dd8ebf2e12a22da533c67,https://pipeline2.kindermorgan.com/Capacity/OpAvailPoint.aspx?code=TGP,data/raw/km_tgp_point_delivery_capacity/2026/08/31/7d3a3704ceb7fce4f1996b3595e796aae4d0ce40ed8dd8ebf2e12a22da533c67.xlsx,km_tgp_point_delivery_capacity:1788187463756307000:7d3a3704ceb7fce4f1996b3595e796aae4d0ce40ed8dd8ebf2e12a22da533c67
point,delivery,2026-08-31,2026-08-31T14:00:00.000000Z,2026-08-31T09:00:00,EVENING,420226,324,PSEG/TGP RAMSEY NJ BERGEN,05,TGP:420226,TGP:SEG:324,D,173444,173444.0,18273.0,155171.0,True,True,,True,2026-08-31T01:46:00.000000Z,2026-08-31T14:44:23.756307Z,2026-08-31T14:44:23.756307Z,Million BTU's (displayed as Dth),7d3a3704ceb7fce4f1996b3595e796aae4d0ce40ed8dd8ebf2e12a22da533c67,https://pipeline2.kindermorgan.com/Capacity/OpAvailPoint.aspx?code=TGP,data/raw/km_tgp_point_delivery_capacity/2026/08/31/7d3a3704ceb7fce4f1996b3595e796aae4d0ce40ed8dd8ebf2e12a22da533c67.xlsx,km_tgp_point_delivery_capacity:1788187463756307000:7d3a3704ceb7fce4f1996b3595e796aae4d0ce40ed8dd8ebf2e12a22da533c67
point,delivery,2026-08-31,2026-08-31T14:00:00.000000Z,2026-08-31T09:00:00,EVENING,420293,324,CON ED/TGP PEARL RIVER NY ROCKLAND,05,TGP:420293,TGP:SEG:324,D,180000,180000.0,13748.0,166252.0,False,True,,True,2026-08-31T01:46:00.000000Z,2026-08-31T14:44:23.756307Z,2026-08-31T14:44:23.756307Z,Million BTU's (displayed as Dth),7d3a3704ceb7fce4f1996b3595e796aae4d0ce40ed8dd8ebf2e12a22da533c67,https://pipeline2.kindermorgan.com/Capacity/OpAvailPoint.aspx?code=TGP,data/raw/km_tgp_point_delivery_capacity/2026/08/31/7d3a3704ceb7fce4f1996b3595e796aae4d0ce40ed8dd8ebf2e12a22da533c67.xlsx,km_tgp_point_delivery_capacity:1788187463756307000:7d3a3704ceb7fce4f1996b3595e796aae4d0ce40ed8dd8ebf2e12a22da533c67
point,delivery,2026-08-31,2026-08-31T14:00:00.000000Z,2026-08-31T09:00:00,EVENING,420339,324,PSEG/TGP WEST MILFORD NJ PASSAIC,05,TGP:420339,TGP:SEG:324,D,16904,16904.0,0.0,16904.0,False,True,,True,2026-08-31T01:46:00.000000Z,2026-08-31T14:44:23.756307Z,2026-08-31T14:44:23.756307Z,Million BTU's (displayed as Dth),7d3a3704ceb7fce4f1996b3595e796aae4d0ce40ed8dd8ebf2e12a22da533c67,https://pipeline2.kindermorgan.com/Capacity/OpAvailPoint.aspx?code=TGP,data/raw/km_tgp_point_delivery_capacity/2026/08/31/7d3a3704ceb7fce4f1996b3595e796aae4d0ce40ed8dd8ebf2e12a22da533c67.xlsx,km_tgp_point_delivery_capacity:1788187463756307000:7d3a3704ceb7fce4f1996b3595e796aae4d0ce40ed8dd8ebf2e12a22da533c67
point,delivery,2026-08-31,2026-08-31T14:00:00.000000Z,2026-08-31T09:00:00,EVENING,420344,324,CON ED/TGP RYE NY WESTCHESTER,05,TGP:420344,TGP:SEG:324,D,102500,102500.0,0.0,102500.0,False,True,,True,2026-08-31T01:46:00.000000Z,2026-08-31T14:44:23.756307Z,2026-08-31T14:44:23.756307Z,Million BTU's (displayed as Dth),7d3a3704ceb7fce4f1996b3595e796aae4d0ce40ed8dd8ebf2e12a22da533c67,https://pipeline2.kindermorgan.com/Capacity/OpAvailPoint.aspx?code=TGP,data/raw/km_tgp_point_delivery_capacity/2026/08/31/7d3a3704ceb7fce4f1996b3595e796aae4d0ce40ed8dd8ebf2e12a22da533c67.xlsx,km_tgp_point_delivery_capacity:1788187463756307000:7d3a3704ceb7fce4f1996b3595e796aae4d0ce40ed8dd8ebf2e12a22da533c67
point,delivery,2026-08-31,2026-08-31T14:00:00.000000Z,2026-08-31T09:00:00,EVENING,420410,324,ELIZTOWN/TGP SUSSEX NJ SUSSEX,05,TGP:420410,TGP:SEG:324,D,14474,14474.0,2006.0,12468.0,False,True,,True,2026-08-31T01:46:00.000000Z,2026-08-31T14:44:23.756307Z,2026-08-31T14:44:23.756307Z,Million BTU's (displayed as Dth),7d3a3704ceb7fce4f1996b3595e796aae4d0ce40ed8dd8ebf2e12a22da533c67,https://pipeline2.kindermorgan.com/Capacity/OpAvailPoint.aspx?code=TGP,data/raw/km_tgp_point_delivery_capacity/2026/08/31/7d3a3704ceb7fce4f1996b3595e796aae4d0ce40ed8dd8ebf2e12a22da533c67.xlsx,km_tgp_point_delivery_capacity:1788187463756307000:7d3a3704ceb7fce4f1996b3595e796aae4d0ce40ed8dd8ebf2e12a22da533c67
point,delivery,2026-08-31,2026-08-31T14:00:00.000000Z,2026-08-31T09:00:00,EVENING,420450,324,ELIZTOWN/TGP VERNON NJ SUSSEX,05,TGP:420450,TGP:SEG:324,D,6600,3251.0,750.0,2501.0,False,True,,True,2026-08-31T01:46:00.000000Z,2026-08-31T14:44:23.756307Z,2026-08-31T14:44:23.756307Z,Million BTU's (displayed as Dth),7d3a3704ceb7fce4f1996b3595e796aae4d0ce40ed8dd8ebf2e12a22da533c67,https://pipeline2.kindermorgan.com/Capacity/OpAvailPoint.aspx?code=TGP,data/raw/km_tgp_point_delivery_capacity/2026/08/31/7d3a3704ceb7fce4f1996b3595e796aae4d0ce40ed8dd8ebf2e12a22da533c67.xlsx,km_tgp_point_delivery_capacity:1788187463756307000:7d3a3704ceb7fce4f1996b3595e796aae4d0ce40ed8dd8ebf2e12a22da533c67
point,delivery,2026-08-31,2026-08-31T14:00:00.000000Z,2026-08-31T09:00:00,EVENING,420477,324,CON ED/TGP KNOLLWOOD NY WESTCHESTER,05,TGP:420477,TGP:SEG:324,D,73800,73800.0,0.0,73800.0,False,True,,True,2026-08-31T01:46:00.000000Z,2026-08-31T14:44:23.756307Z,2026-08-31T14:44:23.756307Z,Million BTU's (displayed as Dth),7d3a3704ceb7fce4f1996b3595e796aae4d0ce40ed8dd8ebf2e12a22da533c67,https://pipeline2.kindermorgan.com/Capacity/OpAvailPoint.aspx?code=TGP,data/raw/km_tgp_point_delivery_capacity/2026/08/31/7d3a3704ceb7fce4f1996b3595e796aae4d0ce40ed8dd8ebf2e12a22da533c67.xlsx,km_tgp_point_delivery_capacity:1788187463756307000:7d3a3704ceb7fce4f1996b3595e796aae4d0ce40ed8dd8ebf2e12a22da533c67
point,delivery,2026-08-31,2026-08-31T14:00:00.000000Z,2026-08-31T09:00:00,EVENING,420516,324,PSEG/TGP RINGWOOD NJ PASSAIC,05,TGP:420516,TGP:SEG:324,D,29709,29709.0,0.0,29709.0,False,True,,True,2026-08-31T01:46:00.000000Z,2026-08-31T14:44:23.756307Z,2026-08-31T14:44:23.756307Z,Million BTU's (displayed as Dth),7d3a3704ceb7fce4f1996b3595e796aae4d0ce40ed8dd8ebf2e12a22da533c67,https://pipeline2.kindermorgan.com/Capacity/OpAvailPoint.aspx?code=TGP,data/raw/km_tgp_point_delivery_capacity/2026/08/31/7d3a3704ceb7fce4f1996b3595e796aae4d0ce40ed8dd8ebf2e12a22da533c67.xlsx,km_tgp_point_delivery_capacity:1788187463756307000:7d3a3704ceb7fce4f1996b3595e796aae4d0ce40ed8dd8ebf2e12a22da533c67
point,delivery,2026-08-31,2026-08-31T14:00:00.000000Z,2026-08-31T09:00:00,EVENING,420608,324,NJ NATGS/TGP NEW CLINTON ROAD NJ BE,05,TGP:420608,TGP:SEG:324,D,138375,138375.0,2283.0,136092.0,False,True,,True,2026-08-31T01:46:00.000000Z,2026-08-31T14:44:23.756307Z,2026-08-31T14:44:23.756307Z,Million BTU's (displayed as Dth),7d3a3704ceb7fce4f1996b3595e796aae4d0ce40ed8dd8ebf2e12a22da533c67,https://pipeline2.kindermorgan.com/Capacity/OpAvailPoint.aspx?code=TGP,data/raw/km_tgp_point_delivery_capacity/2026/08/31/7d3a3704ceb7fce4f1996b3595e796aae4d0ce40ed8dd8ebf2e12a22da533c67.xlsx,km_tgp_point_delivery_capacity:1788187463756307000:7d3a3704ceb7fce4f1996b3595e796aae4d0ce40ed8dd8ebf2e12a22da533c67
point,delivery,2026-08-31,2026-08-31T14:00:00.000000Z,2026-08-31T09:00:00,EVENING,420123,336,CONN NG/TGP GREENWICH CT FAIRFIELD,06,TGP:420123,TGP:SEG:336,D,27528,27528.0,0.0,27528.0,False,True,,True,2026-08-31T01:46:00.000000Z,2026-08-31T14:44:23.756307Z,2026-08-31T14:44:23.756307Z,Million BTU's (displayed as Dth),7d3a3704ceb7fce4f1996b3595e796aae4d0ce40ed8dd8ebf2e12a22da533c67,https://pipeline2.kindermorgan.com/Capacity/OpAvailPoint.aspx?code=TGP,data/raw/km_tgp_point_delivery_capacity/2026/08/31/7d3a3704ceb7fce4f1996b3595e796aae4d0ce40ed8dd8ebf2e12a22da533c67.xlsx,km_tgp_point_delivery_capacity:1788187463756307000:7d3a3704ceb7fce4f1996b3595e796aae4d0ce40ed8dd8ebf2e12a22da533c67
point,delivery,2026-08-31,2026-08-31T14:00:00.000000Z,2026-08-31T09:00:00,EVENING,420124,336,YANK GAS/TGP STAMFORD CT FAIRFIELD,06,TGP:420124,TGP:SEG:336,D,51076,51076.0,0.0,51076.0,False,True,,True,2026-08-31T01:46:00.000000Z,2026-08-31T14:44:23.756307Z,2026-08-31T14:44:23.756307Z,Million BTU's (displayed as Dth),7d3a3704ceb7fce4f1996b3595e796aae4d0ce40ed8dd8ebf2e12a22da533c67,https://pipeline2.kindermorgan.com/Capacity/OpAvailPoint.aspx?code=TGP,data/raw/km_tgp_point_delivery_capacity/2026/08/31/7d3a3704ceb7fce4f1996b3595e796aae4d0ce40ed8dd8ebf2e12a22da533c67.xlsx,km_tgp_point_delivery_capacity:1788187463756307000:7d3a3704ceb7fce4f1996b3595e796aae4d0ce40ed8dd8ebf2e12a22da533c67
point,delivery,2026-08-31,2026-08-31T14:00:00.000000Z,2026-08-31T09:00:00,EVENING,420125,336,YANK GAS/TGP NORWALK CT FAIRFIELD,06,TGP:420125,TGP:SEG:336,D,51315,51315.0,8061.0,43254.0,False,True,,True,2026-08-31T01:46:00.000000Z,2026-08-31T14:44:23.756307Z,2026-08-31T14:44:23.756307Z,Million BTU's (displayed as Dth),7d3a3704ceb7fce4f1996b3595e796aae4d0ce40ed8dd8ebf2e12a22da533c67,https://pipeline2.kindermorgan.com/Capacity/OpAvailPoint.aspx?code=TGP,data/raw/km_tgp_point_delivery_capacity/2026/08/31/7d3a3704ceb7fce4f1996b3595e796aae4d0ce40ed8dd8ebf2e12a22da533c67.xlsx,km_tgp_point_delivery_capacity:1788187463756307000:7d3a3704ceb7fce4f1996b3595e796aae4d0ce40ed8dd8ebf2e12a22da533c67
point,delivery,2026-08-31,2026-08-31T14:00:00.000000Z,2026-08-31T09:00:00,EVENING,420126,336,CONN NG/TGP BRIDGEPORT CT FAIRFIELD,06,TGP:420126,TGP:SEG:336,D,127946,127946.0,19873.0,108073.0,False,True,,True,2026-08-31T01:46:00.000000Z,2026-08-31T14:44:23.756307Z,2026-08-31T14:44:23.756307Z,Million BTU's (displayed as Dth),7d3a3704ceb7fce4f1996b3595e796aae4d0ce40ed8dd8ebf2e12a22da533c67,https://pipeline2.kindermorgan.com/Capacity/OpAvailPoint.aspx?code=TGP,data/raw/km_tgp_point_delivery_capacity/2026/08/31/7d3a3704ceb7fce4f1996b3595e796aae4d0ce40ed8dd8ebf2e12a22da533c67.xlsx,km_tgp_point_delivery_capacity:1788187463756307000:7d3a3704ceb7fce4f1996b3595e796aae4d0ce40ed8dd8ebf2e12a22da533c67
point,delivery,2026-08-31,2026-08-31T14:00:00.000000Z,2026-08-31T09:00:00,EVENING,420217,336,CONN NG/TGP PUTNAM LAKE CT FAIRFIEL,06,TGP:420217,TGP:SEG:336,D,58011,58011.0,18427.0,39584.0,False,True,,True,2026-08-31T01:46:00.000000Z,2026-08-31T14:44:23.756307Z,2026-08-31T14:44:23.756307Z,Million BTU's (displayed as Dth),7d3a3704ceb7fce4f1996b3595e796aae4d0ce40ed8dd8ebf2e12a22da533c67,https://pipeline2.kindermorgan.com/Capacity/OpAvailPoint.aspx?code=TGP,data/raw/km_tgp_point_delivery_capacity/2026/08/31/7d3a3704ceb7fce4f1996b3595e796aae4d0ce40ed8dd8ebf2e12a22da533c67.xlsx,km_tgp_point_delivery_capacity:1788187463756307000:7d3a3704ceb7fce4f1996b3595e796aae4d0ce40ed8dd8ebf2e12a22da533c67
point,delivery,2026-08-31,2026-08-31T14:00:00.000000Z,2026-08-31T09:00:00,EVENING,420313,336,CONN NG/TGP TRUMBULL CT FAIRFIELD,06,TGP:420313,TGP:SEG:336,D,133465,133465.0,1025.0,132440.0,False,True,,True,2026-08-31T01:46:00.000000Z,2026-08-31T14:44:23.756307Z,2026-08-31T14:44:23.756307Z,Million BTU's (displayed as Dth),7d3a3704ceb7fce4f1996b3595e796aae4d0ce40ed8dd8ebf2e12a22da533c67,https://pipeline2.kindermorgan.com/Capacity/OpAvailPoint.aspx?code=TGP,data/raw/km_tgp_point_delivery_capacity/2026/08/31/7d3a3704ceb7fce4f1996b3595e796aae4d0ce40ed8dd8ebf2e12a22da533c67.xlsx,km_tgp_point_delivery_capacity:1788187463756307000:7d3a3704ceb7fce4f1996b3595e796aae4d0ce40ed8dd8ebf2e12a22da533c67
point,delivery,2026-08-31,2026-08-31T14:00:00.000000Z,2026-08-31T09:00:00,EVENING,420434,336,YANK GAS/TGP LONG RIDGE CT FAIRFIEL,06,TGP:420434,TGP:SEG:336,D,62662,62662.0,11800.0,50862.0,False,True,,True,2026-08-31T01:46:00.000000Z,2026-08-31T14:44:23.756307Z,2026-08-31T14:44:23.756307Z,Million BTU's (displayed as Dth),7d3a3704ceb7fce4f1996b3595e796aae4d0ce40ed8dd8ebf2e12a22da533c67,https://pipeline2.kindermorgan.com/Capacity/OpAvailPoint.aspx?code=TGP,data/raw/km_tgp_point_delivery_capacity/2026/08/31/7d3a3704ceb7fce4f1996b3595e796aae4d0ce40ed8dd8ebf2e12a22da533c67.xlsx,km_tgp_point_delivery_capacity:1788187463756307000:7d3a3704ceb7fce4f1996b3595e796aae4d0ce40ed8dd8ebf2e12a22da533c67
point,delivery,2026-08-31,2026-08-31T14:00:00.000000Z,2026-08-31T09:00:00,EVENING,420490,336,CONN NG/TGP WEST PORT CT FAIRFIELD,06,TGP:420490,TGP:SEG:336,D,50392,50392.0,0.0,50392.0,False,True,,True,2026-08-31T01:46:00.000000Z,2026-08-31T14:44:23.756307Z,2026-08-31T14:44:23.756307Z,Million BTU's (displayed as Dth),7d3a3704ceb7fce4f1996b3595e796aae4d0ce40ed8dd8ebf2e12a22da533c67,https://pipeline2.kindermorgan.com/Capacity/OpAvailPoint.aspx?code=TGP,data/raw/km_tgp_point_delivery_capacity/2026/08/31/7d3a3704ceb7fce4f1996b3595e796aae4d0ce40ed8dd8ebf2e12a22da533c67.xlsx,km_tgp_point_delivery_capacity:1788187463756307000:7d3a3704ceb7fce4f1996b3595e796aae4d0ce40ed8dd8ebf2e12a22da533c67
point,delivery,2026-08-31,2026-08-31T14:00:00.000000Z,2026-08-31T09:00:00,EVENING,420853,336,CONN NG/TGP EASTON SMS FAIRFIELD,06,TGP:420853,TGP:SEG:336,D,28480,28480.0,0.0,28480.0,False,True,,True,2026-08-31T01:46:00.000000Z,2026-08-31T14:44:23.756307Z,2026-08-31T14:44:23.756307Z,Million BTU's (displayed as Dth),7d3a3704ceb7fce4f1996b3595e796aae4d0ce40ed8dd8ebf2e12a22da533c67,https://pipeline2.kindermorgan.com/Capacity/OpAvailPoint.aspx?code=TGP,data/raw/km_tgp_point_delivery_capacity/2026/08/31/7d3a3704ceb7fce4f1996b3595e796aae4d0ce40ed8dd8ebf2e12a22da533c67.xlsx,km_tgp_point_delivery_capacity:1788187463756307000:7d3a3704ceb7fce4f1996b3595e796aae4d0ce40ed8dd8ebf2e12a22da533c67
point,delivery,2026-08-31,2026-08-31T14:00:00.000000Z,2026-08-31T09:00:00,EVENING,420127,345,YANK GAS/TGP DERBY CT FAIRFIELD,06,TGP:420127,TGP:SEG:345,D,35028,35028.0,0.0,35028.0,False,True,,True,2026-08-31T01:46:00.000000Z,2026-08-31T14:44:23.756307Z,2026-08-31T14:44:23.756307Z,Million BTU's (displayed as Dth),7d3a3704ceb7fce4f1996b3595e796aae4d0ce40ed8dd8ebf2e12a22da533c67,https://pipeline2.kindermorgan.com/Capacity/OpAvailPoint.aspx?code=TGP,data/raw/km_tgp_point_delivery_capacity/2026/08/31/7d3a3704ceb7fce4f1996b3595e796aae4d0ce40ed8dd8ebf2e12a22da533c67.xlsx,km_tgp_point_delivery_capacity:1788187463756307000:7d3a3704ceb7fce4f1996b3595e796aae4d0ce40ed8dd8ebf2e12a22da533c67
point,delivery,2026-08-31,2026-08-31T14:00:00.000000Z,2026-08-31T09:00:00,EVENING,420128,355,YANK GAS/TGP WALLINGFORD CT NEW HAV,06,TGP:420128,TGP:SEG:355,D,28742,28742.0,0.0,28742.0,False,True,,True,2026-08-31T01:46:00.000000Z,2026-08-31T14:44:23.756307Z,2026-08-31T14:44:23.756307Z,Million BTU's (displayed as Dth),7d3a3704ceb7fce4f1996b3595e796aae4d0ce40ed8dd8ebf2e12a22da533c67,https://pipeline2.kindermorgan.com/Capacity/OpAvailPoint.aspx?code=TGP,data/raw/km_tgp_point_delivery_capacity/2026/08/31/7d3a3704ceb7fce4f1996b3595e796aae4d0ce40ed8dd8ebf2e12a22da533c67.xlsx,km_tgp_point_delivery_capacity:1788187463756307000:7d3a3704ceb7fce4f1996b3595e796aae4d0ce40ed8dd8ebf2e12a22da533c67
point,delivery,2026-08-31,2026-08-31T14:00:00.000000Z,2026-08-31T09:00:00,EVENING,420129,355,CONN NG/TGP NEW BRITAIN CT HARTFORD,06,TGP:420129,TGP:SEG:355,D,44402,44402.0,4938.0,39464.0,False,True,,True,2026-08-31T01:46:00.000000Z,2026-08-31T14:44:23.756307Z,2026-08-31T14:44:23.756307Z,Million BTU's (displayed as Dth),7d3a3704ceb7fce4f1996b3595e796aae4d0ce40ed8dd8ebf2e12a22da533c67,https://pipeline2.kindermorgan.com/Capacity/OpAvailPoint.aspx?code=TGP,data/raw/km_tgp_point_delivery_capacity/2026/08/31/7d3a3704ceb7fce4f1996b3595e796aae4d0ce40ed8dd8ebf2e12a22da533c67.xlsx,km_tgp_point_delivery_capacity:1788187463756307000:7d3a3704ceb7fce4f1996b3595e796aae4d0ce40ed8dd8ebf2e12a22da533c67
point,delivery,2026-08-31,2026-08-31T14:00:00.000000Z,2026-08-31T09:00:00,EVENING,420205,355,CONN NG/TGP BLOOMFIELD CT HARTFORD,06,TGP:420205,TGP:SEG:355,D,292895,292895.0,31738.0,261157.0,False,True,,True,2026-08-31T01:46:00.000000Z,2026-08-31T14:44:23.756307Z,2026-08-31T14:44:23.756307Z,Million BTU's (displayed as Dth),7d3a3704ceb7fce4f1996b3595e796aae4d0ce40ed8dd8ebf2e12a22da533c67,https://pipeline2.kindermorgan.com/Capacity/OpAvailPoint.aspx?code=TGP,data/raw/km_tgp_point_delivery_capacity/2026/08/31/7d3a3704ceb7fce4f1996b3595e796aae4d0ce40ed8dd8ebf2e12a22da533c67.xlsx,km_tgp_point_delivery_capacity:1788187463756307000:7d3a3704ceb7fce4f1996b3595e796aae4d0ce40ed8dd8ebf2e12a22da533c67
point,delivery,2026-08-31,2026-08-31T14:00:00.000000Z,2026-08-31T09:00:00,EVENING,420425,355,CONN NG/TGP MILFORD CT NEW HAVEN,06,TGP:420425,TGP:SEG:355,D,33500,33500.0,0.0,33500.0,False,True,,True,2026-08-31T01:46:00.000000Z,2026-08-31T14:44:23.756307Z,2026-08-31T14:44:23.756307Z,Million BTU's (displayed as Dth),7d3a3704ceb7fce4f1996b3595e796aae4d0ce40ed8dd8ebf2e12a22da533c67,https://pipeline2.kindermorgan.com/Capacity/OpAvailPoint.aspx?code=TGP,data/raw/km_tgp_point_delivery_capacity/2026/08/31/7d3a3704ceb7fce4f1996b3595e796aae4d0ce40ed8dd8ebf2e12a22da533c67.xlsx,km_tgp_point_delivery_capacity:1788187463756307000:7d3a3704ceb7fce4f1996b3595e796aae4d0ce40ed8dd8ebf2e12a22da533c67
point,delivery,2026-08-31,2026-08-31T14:00:00.000000Z,2026-08-31T09:00:00,EVENING,420453,355,CONN NG/TGP NORTH BLOOMFIELD CT HAR,06,TGP:420453,TGP:SEG:355,D,53674,53674.0,0.0,53674.0,False,True,,True,2026-08-31T01:46:00.000000Z,2026-08-31T14:44:23.756307Z,2026-08-31T14:44:23.756307Z,Million BTU's (displayed as Dth),7d3a3704ceb7fce4f1996b3595e796aae4d0ce40ed8dd8ebf2e12a22da533c67,https://pipeline2.kindermorgan.com/Capacity/OpAvailPoint.aspx?code=TGP,data/raw/km_tgp_point_delivery_capacity/2026/08/31/7d3a3704ceb7fce4f1996b3595e796aae4d0ce40ed8dd8ebf2e12a22da533c67.xlsx,km_tgp_point_delivery_capacity:1788187463756307000:7d3a3704ceb7fce4f1996b3595e796aae4d0ce40ed8dd8ebf2e12a22da533c67
point,delivery,2026-08-31,2026-08-31T14:00:00.000000Z,2026-08-31T09:00:00,EVENING,420487,355,CONN NG/TGP FARMINGTON CT HARTFORD,06,TGP:420487,TGP:SEG:355,D,21275,21275.0,0.0,21275.0,False,True,,True,2026-08-31T01:46:00.000000Z,2026-08-31T14:44:23.756307Z,2026-08-31T14:44:23.756307Z,Million BTU's (displayed as Dth),7d3a3704ceb7fce4f1996b3595e796aae4d0ce40ed8dd8ebf2e12a22da533c67,https://pipeline2.kindermorgan.com/Capacity/OpAvailPoint.aspx?code=TGP,data/raw/km_tgp_point_delivery_capacity/2026/08/31/7d3a3704ceb7fce4f1996b3595e796aae4d0ce40ed8dd8ebf2e12a22da533c67.xlsx,km_tgp_point_delivery_capacity:1788187463756307000:7d3a3704ceb7fce4f1996b3595e796aae4d0ce40ed8dd8ebf2e12a22da533c67
point,delivery,2026-08-31,2026-08-31T14:00:00.000000Z,2026-08-31T09:00:00,EVENING,420637,355,YANK GAS/TGP EAST GRANBY SALES HART,06,TGP:420637,TGP:SEG:355,D,97712,97712.0,4208.0,93504.0,False,True,,True,2026-08-31T01:46:00.000000Z,2026-08-31T14:44:23.756307Z,2026-08-31T14:44:23.756307Z,Million BTU's (displayed as Dth),7d3a3704ceb7fce4f1996b3595e796aae4d0ce40ed8dd8ebf2e12a22da533c67,https://pipeline2.kindermorgan.com/Capacity/OpAvailPoint.aspx?code=TGP,data/raw/km_tgp_point_delivery_capacity/2026/08/31/7d3a3704ceb7fce4f1996b3595e796aae4d0ce40ed8dd8ebf2e12a22da533c67.xlsx,km_tgp_point_delivery_capacity:1788187463756307000:7d3a3704ceb7fce4f1996b3595e796aae4d0ce40ed8dd8ebf2e12a22da533c67
point,delivery,2026-08-31,2026-08-31T14:00:00.000000Z,2026-08-31T09:00:00,EVENING,420443,394,UGI UT/TGP AUBURN PA SUSQUEHANNA,04,TGP:420443,TGP:SEG:394,D,81180,81180.0,44349.0,36831.0,False,True,,True,2026-08-31T01:46:00.000000Z,2026-08-31T14:44:23.756307Z,2026-08-31T14:44:23.756307Z,Million BTU's (displayed as Dth),7d3a3704ceb7fce4f1996b3595e796aae4d0ce40ed8dd8ebf2e12a22da533c67,https://pipeline2.kindermorgan.com/Capacity/OpAvailPoint.aspx?code=TGP,data/raw/km_tgp_point_delivery_capacity/2026/08/31/7d3a3704ceb7fce4f1996b3595e796aae4d0ce40ed8dd8ebf2e12a22da533c67.xlsx,km_tgp_point_delivery_capacity:1788187463756307000:7d3a3704ceb7fce4f1996b3595e796aae4d0ce40ed8dd8ebf2e12a22da533c67
point,delivery,2026-08-31,2026-08-31T14:00:00.000000Z,2026-08-31T09:00:00,EVENING,460011,395,ELLISBURG INJECTION POTTER,04,,TGP:SEG:395,D,500000,500000.0,0.0,500000.0,False,True,,True,2026-08-31T01:46:00.000000Z,2026-08-31T14:44:23.756307Z,2026-08-31T14:44:23.756307Z,Million BTU's (displayed as Dth),7d3a3704ceb7fce4f1996b3595e796aae4d0ce40ed8dd8ebf2e12a22da533c67,https://pipeline2.kindermorgan.com/Capacity/OpAvailPoint.aspx?code=TGP,data/raw/km_tgp_point_delivery_capacity/2026/08/31/7d3a3704ceb7fce4f1996b3595e796aae4d0ce40ed8dd8ebf2e12a22da533c67.xlsx,km_tgp_point_delivery_capacity:1788187463756307000:7d3a3704ceb7fce4f1996b3595e796aae4d0ce40ed8dd8ebf2e12a22da533c67
point,delivery,2026-08-31,2026-08-31T14:00:00.000000Z,2026-08-31T09:00:00,EVENING,460012,395,EGTS/TGP ELLISBURG INJECTION POTTER,04,TGP:460012,TGP:SEG:395,BD,500000,325000.0,0.0,325000.0,False,True,,True,2026-08-31T01:46:00.000000Z,2026-08-31T14:44:23.756307Z,2026-08-31T14:44:23.756307Z,Million BTU's (displayed as Dth),7d3a3704ceb7fce4f1996b3595e796aae4d0ce40ed8dd8ebf2e12a22da533c67,https://pipeline2.kindermorgan.com/Capacity/OpAvailPoint.aspx?code=TGP,data/raw/km_tgp_point_delivery_capacity/2026/08/31/7d3a3704ceb7fce4f1996b3595e796aae4d0ce40ed8dd8ebf2e12a22da533c67.xlsx,km_tgp_point_delivery_capacity:1788187463756307000:7d3a3704ceb7fce4f1996b3595e796aae4d0ce40ed8dd8ebf2e12a22da533c67
point,delivery,2026-08-31,2026-08-31T14:00:00.000000Z,2026-08-31T09:00:00,EVENING,421008,396,EGTS/TGP CAN EAST TRANSFER POTTER,04,TGP:421008,TGP:SEG:396,D,241900,241900.0,152594.0,89306.0,False,True,,True,2026-08-31T01:46:00.000000Z,2026-08-31T14:44:23.756307Z,2026-08-31T14:44:23.756307Z,Million BTU's (displayed as Dth),7d3a3704ceb7fce4f1996b3595e796aae4d0ce40ed8dd8ebf2e12a22da533c67,https://pipeline2.kindermorgan.com/Capacity/OpAvailPoint.aspx?code=TGP,data/raw/km_tgp_point_delivery_capacity/2026/08/31/7d3a3704ceb7fce4f1996b3595e796aae4d0ce40ed8dd8ebf2e12a22da533c67.xlsx,km_tgp_point_delivery_capacity:1788187463756307000:7d3a3704ceb7fce4f1996b3595e796aae4d0ce40ed8dd8ebf2e12a22da533c67
point,delivery,2026-08-31,2026-08-31T14:00:00.000000Z,2026-08-31T09:00:00,EVENING,420527,397,NFG/TGP ROSE LAKE POTTER,04,TGP:420527,TGP:SEG:397,BD,695975,695975.0,475562.0,220413.0,True,True,,True,2026-08-31T01:46:00.000000Z,2026-08-31T14:44:23.756307Z,2026-08-31T14:44:23.756307Z,Million BTU's (displayed as Dth),7d3a3704ceb7fce4f1996b3595e796aae4d0ce40ed8dd8ebf2e12a22da533c67,https://pipeline2.kindermorgan.com/Capacity/OpAvailPoint.aspx?code=TGP,data/raw/km_tgp_point_delivery_capacity/2026/08/31/7d3a3704ceb7fce4f1996b3595e796aae4d0ce40ed8dd8ebf2e12a22da533c67.xlsx,km_tgp_point_delivery_capacity:1788187463756307000:7d3a3704ceb7fce4f1996b3595e796aae4d0ce40ed8dd8ebf2e12a22da533c67
point,delivery,2026-08-31,2026-08-31T14:00:00.000000Z,2026-08-31T09:00:00,EVENING,400485,398,HEBRON STORAGE INJECTION POTTER,04,TGP:400485,TGP:SEG:398,D,306839,306839.0,21.0,306818.0,False,True,,True,2026-08-31T01:46:00.000000Z,2026-08-31T14:44:23.756307Z,2026-08-31T14:44:23.756307Z,Million BTU's (displayed as Dth),7d3a3704ceb7fce4f1996b3595e796aae4d0ce40ed8dd8ebf2e12a22da533c67,https://pipeline2.kindermorgan.com/Capacity/OpAvailPoint.aspx?code=TGP,data/raw/km_tgp_point_delivery_capacity/2026/08/31/7d3a3704ceb7fce4f1996b3595e796aae4d0ce40ed8dd8ebf2e12a22da533c67.xlsx,km_tgp_point_delivery_capacity:1788187463756307000:7d3a3704ceb7fce4f1996b3595e796aae4d0ce40ed8dd8ebf2e12a22da533c67
point,delivery,2026-08-31,2026-08-31T14:00:00.000000Z,2026-08-31T09:00:00,EVENING,460004,399,EGTS/TGP HARRISON INJECTION POTTER,04,TGP:460004,TGP:SEG:399,BD,302069,302069.0,0.0,302069.0,True,True,,True,2026-08-31T01:46:00.000000Z,2026-08-31T14:44:23.756307Z,2026-08-31T14:44:23.756307Z,Million BTU's (displayed as Dth),7d3a3704ceb7fce4f1996b3595e796aae4d0ce40ed8dd8ebf2e12a22da533c67,https://pipeline2.kindermorgan.com/Capacity/OpAvailPoint.aspx?code=TGP,data/raw/km_tgp_point_delivery_capacity/2026/08/31/7d3a3704ceb7fce4f1996b3595e796aae4d0ce40ed8dd8ebf2e12a22da533c67.xlsx,km_tgp_point_delivery_capacity:1788187463756307000:7d3a3704ceb7fce4f1996b3595e796aae4d0ce40ed8dd8ebf2e12a22da533c67
point,delivery,2026-08-31,2026-08-31T14:00:00.000000Z,2026-08-31T09:00:00,EVENING,55152,406,TGP/KMTEJAS KING RANCH EXCH #2 ROLL,00,TGP:55152,TGP:SEG:406,BD,35875,35875.0,0.0,35875.0,False,True,,True,2026-08-31T01:46:00.000000Z,2026-08-31T14:44:23.756307Z,2026-08-31T14:44:23.756307Z,Million BTU's (displayed as Dth),7d3a3704ceb7fce4f1996b3595e796aae4d0ce40ed8dd8ebf2e12a22da533c67,https://pipeline2.kindermorgan.com/Capacity/OpAvailPoint.aspx?code=TGP,data/raw/km_tgp_point_delivery_capacity/2026/08/31/7d3a3704ceb7fce4f1996b3595e796aae4d0ce40ed8dd8ebf2e12a22da533c67.xlsx,km_tgp_point_delivery_capacity:1788187463756307000:7d3a3704ceb7fce4f1996b3595e796aae4d0ce40ed8dd8ebf2e12a22da533c67
point,delivery,2026-08-31,2026-08-31T14:00:00.000000Z,2026-08-31T09:00:00,EVENING,420878,409,GGUC/TGP RINCON DEHYD STARR,00,TGP:420878,TGP:SEG:409,D,1715,1715.0,0.0,1715.0,False,True,,True,2026-08-31T01:46:00.000000Z,2026-08-31T14:44:23.756307Z,2026-08-31T14:44:23.756307Z,Million BTU's (displayed as Dth),7d3a3704ceb7fce4f1996b3595e796aae4d0ce40ed8dd8ebf2e12a22da533c67,https://pipeline2.kindermorgan.com/Capacity/OpAvailPoint.aspx?code=TGP,data/raw/km_tgp_point_delivery_capacity/2026/08/31/7d3a3704ceb7fce4f1996b3595e796aae4d0ce40ed8dd8ebf2e12a22da533c67.xlsx,km_tgp_point_delivery_capacity:1788187463756307000:7d3a3704ceb7fce4f1996b3595e796aae4d0ce40ed8dd8ebf2e12a22da533c67
point,delivery,2026-08-31,2026-08-31T14:00:00.000000Z,2026-08-31T09:00:00,EVENING,421067,490,CALPINE/TGP HIDA,00,TGP:421067,TGP:SEG:490,D,99020,99020.0,0.0,99020.0,False,True,,True,2026-08-31T01:46:00.000000Z,2026-08-31T14:44:23.756307Z,2026-08-31T14:44:23.756307Z,Million BTU's (displayed as Dth),7d3a3704ceb7fce4f1996b3595e796aae4d0ce40ed8dd8ebf2e12a22da533c67,https://pipeline2.kindermorgan.com/Capacity/OpAvailPoint.aspx?code=TGP,data/raw/km_tgp_point_delivery_capacity/2026/08/31/7d3a3704ceb7fce4f1996b3595e796aae4d0ce40ed8dd8ebf2e12a22da533c67.xlsx,km_tgp_point_delivery_capacity:1788187463756307000:7d3a3704ceb7fce4f1996b3595e796aae4d0ce40ed8dd8ebf2e12a22da533c67
point,delivery,2026-08-31,2026-08-31T14:00:00.000000Z,2026-08-31T09:00:00,EVENING,421017,491,GDR/TGP RIO BRAVO HIDALGO,00,TGP:421017,TGP:SEG:491,D,430500,430500.0,256013.0,174487.0,True,True,,True,2026-08-31T01:46:00.000000Z,2026-08-31T14:44:23.756307Z,2026-08-31T14:44:23.756307Z,Million BTU's (displayed as Dth),7d3a3704ceb7fce4f1996b3595e796aae4d0ce40ed8dd8ebf2e12a22da533c67,https://pipeline2.kindermorgan.com/Capacity/OpAvailPoint.aspx?code=TGP,data/raw/km_tgp_point_delivery_capacity/2026/08/31/7d3a3704ceb7fce4f1996b3595e796aae4d0ce40ed8dd8ebf2e12a22da533c67.xlsx,km_tgp_point_delivery_capacity:1788187463756307000:7d3a3704ceb7fce4f1996b3595e796aae4d0ce40ed8dd8ebf2e12a22da533c67
point,delivery,2026-08-31,2026-08-31T14:00:00.000000Z,2026-08-31T09:00:00,EVENING,450261,492,CENAGAS/TGP PEMEX CHECK DELIV SOUTH,00,TGP:450261,TGP:SEG:492,D,479700,479700.0,177823.0,301877.0,False,True,,True,2026-08-31T01:46:00.000000Z,2026-08-31T14:44:23.756307Z,2026-08-31T14:44:23.756307Z,Million BTU's (displayed as Dth),7d3a3704ceb7fce4f1996b3595e796aae4d0ce40ed8dd8ebf2e12a22da533c67,https://pipeline2.kindermorgan.com/Capacity/OpAvailPoint.aspx?code=TGP,data/raw/km_tgp_point_delivery_capacity/2026/08/31/7d3a3704ceb7fce4f1996b3595e796aae4d0ce40ed8dd8ebf2e12a22da533c67.xlsx,km_tgp_point_delivery_capacity:1788187463756307000:7d3a3704ceb7fce4f1996b3595e796aae4d0ce40ed8dd8ebf2e12a22da533c67
point,delivery,2026-08-31,2026-08-31T14:00:00.000000Z,2026-08-31T09:00:00,EVENING,420373,501,TRNSCO/TGP KINDER LA  EXCH  (BI  1,L,TGP:420373,TGP:SEG:501,D,229344,50000.0,0.0,50000.0,False,True,,True,2026-08-31T01:46:00.000000Z,2026-08-31T14:44:23.756307Z,2026-08-31T14:44:23.756307Z,Million BTU's (displayed as Dth),7d3a3704ceb7fce4f1996b3595e796aae4d0ce40ed8dd8ebf2e12a22da533c67,https://pipeline2.kindermorgan.com/Capacity/OpAvailPoint.aspx?code=TGP,data/raw/km_tgp_point_delivery_capacity/2026/08/31/7d3a3704ceb7fce4f1996b3595e796aae4d0ce40ed8dd8ebf2e12a22da533c67.xlsx,km_tgp_point_delivery_capacity:1788187463756307000:7d3a3704ceb7fce4f1996b3595e796aae4d0ce40ed8dd8ebf2e12a22da533c67
point,delivery,2026-08-31,2026-08-31T14:00:00.000000Z,2026-08-31T09:00:00,EVENING,420388,501,PROVNCAL/TGP PROVENCAL LA NATCHITOC,L,TGP:420388,TGP:SEG:501,D,3982,3982.0,0.0,3982.0,False,True,,True,2026-08-31T01:46:00.000000Z,2026-08-31T14:44:23.756307Z,2026-08-31T14:44:23.756307Z,Million BTU's (displayed as Dth),7d3a3704ceb7fce4f1996b3595e796aae4d0ce40ed8dd8ebf2e12a22da533c67,https://pipeline2.kindermorgan.com/Capacity/OpAvailPoint.aspx?code=TGP,data/raw/km_tgp_point_delivery_capacity/2026/08/31/7d3a3704ceb7fce4f1996b3595e796aae4d0ce40ed8dd8ebf2e12a22da533c67.xlsx,km_tgp_point_delivery_capacity:1788187463756307000:7d3a3704ceb7fce4f1996b3595e796aae4d0ce40ed8dd8ebf2e12a22da533c67
point,delivery,2026-08-31,2026-08-31T14:00:00.000000Z,2026-08-31T09:00:00,EVENING,420436,501,VERNON/TGP PITKIN LA VERNON,L,TGP:420436,TGP:SEG:501,D,3701,3701.0,0.0,3701.0,False,True,,True,2026-08-31T01:46:00.000000Z,2026-08-31T14:44:23.756307Z,2026-08-31T14:44:23.756307Z,Million BTU's (displayed as Dth),7d3a3704ceb7fce4f1996b3595e796aae4d0ce40ed8dd8ebf2e12a22da533c67,https://pipeline2.kindermorgan.com/Capacity/OpAvailPoint.aspx?code=TGP,data/raw/km_tgp_point_delivery_capacity/2026/08/31/7d3a3704ceb7fce4f1996b3595e796aae4d0ce40ed8dd8ebf2e12a22da533c67.xlsx,km_tgp_point_delivery_capacity:1788187463756307000:7d3a3704ceb7fce4f1996b3595e796aae4d0ce40ed8dd8ebf2e12a22da533c67
point,delivery,2026-08-31,2026-08-31T14:00:00.000000Z,2026-08-31T09:00:00,EVENING,420708,501,ELIZ NG/TGP GRANT LA SALES ALLEN,L,TGP:420708,TGP:SEG:501,D,4403,4403.0,110.0,4293.0,False,True,,True,2026-08-31T01:46:00.000000Z,2026-08-31T14:44:23.756307Z,2026-08-31T14:44:23.756307Z,Million BTU's (displayed as Dth),7d3a3704ceb7fce4f1996b3595e796aae4d0ce40ed8dd8ebf2e12a22da533c67,https://pipeline2.kindermorgan.com/Capacity/OpAvailPoint.aspx?code=TGP,data/raw/km_tgp_point_delivery_capacity/2026/08/31/7d3a3704ceb7fce4f1996b3595e796aae4d0ce40ed8dd8ebf2e12a22da533c67.xlsx,km_tgp_point_delivery_capacity:1788187463756307000:7d3a3704ceb7fce4f1996b3595e796aae4d0ce40ed8dd8ebf2e12a22da533c67
point,delivery,2026-08-31,2026-08-31T14:00:00.000000Z,2026-08-31T09:00:00,EVENING,420793,501,ELIZ NG/TGP J R FRANKS 1 VERNON,L,TGP:420793,TGP:SEG:501,D,3755,4342.0,109.0,4233.0,False,True,,True,2026-08-31T01:46:00.000000Z,2026-08-31T14:44:23.756307Z,2026-08-31T14:44:23.756307Z,Million BTU's (displayed as Dth),7d3a3704ceb7fce4f1996b3595e796aae4d0ce40ed8dd8ebf2e12a22da533c67,https://pipeline2.kindermorgan.com/Capacity/OpAvailPoint.aspx?code=TGP,data/raw/km_tgp_point_delivery_capacity/2026/08/31/7d3a3704ceb7fce4f1996b3595e796aae4d0ce40ed8dd8ebf2e12a22da533c67.xlsx,km_tgp_point_delivery_capacity:1788187463756307000:7d3a3704ceb7fce4f1996b3595e796aae4d0ce40ed8dd8ebf2e12a22da533c67
point,delivery,2026-08-31,2026-08-31T14:00:00.000000Z,2026-08-31T09:00:00,EVENING,420329,509,COKINOS/TGP HOLLINS FARM LA JEFFERS,L,TGP:420329,TGP:SEG:509,D,3592,3592.0,0.0,3592.0,False,True,,True,2026-08-31T01:46:00.000000Z,2026-08-31T14:44:23.756307Z,2026-08-31T14:44:23.756307Z,Million BTU's (displayed as Dth),7d3a3704ceb7fce4f1996b3595e796aae4d0ce40ed8dd8ebf2e12a22da533c67,https://pipeline2.kindermorgan.com/Capacity/OpAvailPoint.aspx?code=TGP,data/raw/km_tgp_point_delivery_capacity/2026/08/31/7d3a3704ceb7fce4f1996b3595e796aae4d0ce40ed8dd8ebf2e12a22da533c67.xlsx,km_tgp_point_delivery_capacity:1788187463756307000:7d3a3704ceb7fce4f1996b3595e796aae4d0ce40ed8dd8ebf2e12a22da533c67
point,delivery,2026-08-31,2026-08-31T14:00:00.000000Z,2026-08-31T09:00:00,EVENING,420346,509,COKINOS/TGP HEBERT FARM LA JEFFERSO,L,TGP:420346,TGP:SEG:509,D,3656,3656.0,0.0,3656.0,False,True,,True,2026-08-31T01:46:00.000000Z,2026-08-31T14:44:23.756307Z,2026-08-31T14:44:23.756307Z,Million BTU's (displayed as Dth),7d3a3704ceb7fce4f1996b3595e796aae4d0ce40ed8dd8ebf2e12a22da533c67,https://pipeline2.kindermorgan.com/Capacity/OpAvailPoint.aspx?code=TGP,data/raw/km_tgp_point_delivery_capacity/2026/08/31/7d3a3704ceb7fce4f1996b3595e796aae4d0ce40ed8dd8ebf2e12a22da533c67.xlsx,km_tgp_point_delivery_capacity:1788187463756307000:7d3a3704ceb7fce4f1996b3595e796aae4d0ce40ed8dd8ebf2e12a22da533c67
point,delivery,2026-08-31,2026-08-31T14:00:00.000000Z,2026-08-31T09:00:00,EVENING,420419,509,ELIZ NG/TGP HEBERT FARM LA JEFFERSO,L,TGP:420419,TGP:SEG:509,D,3725,3725.0,110.0,3615.0,False,True,,True,2026-08-31T01:46:00.000000Z,2026-08-31T14:44:23.756307Z,2026-08-31T14:44:23.756307Z,Million BTU's (displayed as Dth),7d3a3704ceb7fce4f1996b3595e796aae4d0ce40ed8dd8ebf2e12a22da533c67,https://pipeline2.kindermorgan.com/Capacity/OpAvailPoint.aspx?code=TGP,data/raw/km_tgp_point_delivery_capacity/2026/08/31/7d3a3704ceb7fce4f1996b3595e796aae4d0ce40ed8dd8ebf2e12a22da533c67.xlsx,km_tgp_point_delivery_capacity:1788187463756307000:7d3a3704ceb7fce4f1996b3595e796aae4d0ce40ed8dd8ebf2e12a22da533c67
point,delivery,2026-08-31,2026-08-31T14:00:00.000000Z,2026-08-31T09:00:00,EVENING,420822,509,EGAN HUB/TGP EGAN GAS STORAGE ACADI,L,TGP:420822,TGP:SEG:509,BD,531671,531671.0,0.0,531671.0,False,True,,True,2026-08-31T01:46:00.000000Z,2026-08-31T14:44:23.756307Z,2026-08-31T14:44:23.756307Z,Million BTU's (displayed as Dth),7d3a3704ceb7fce4f1996b3595e796aae4d0ce40ed8dd8ebf2e12a22da533c67,https://pipeline2.kindermorgan.com/Capacity/OpAvailPoint.aspx?code=TGP,data/raw/km_tgp_point_delivery_capacity/2026/08/31/7d3a3704ceb7fce4f1996b3595e796aae4d0ce40ed8dd8ebf2e12a22da533c67.xlsx,km_tgp_point_delivery_capacity:1788187463756307000:7d3a3704ceb7fce4f1996b3595e796aae4d0ce40ed8dd8ebf2e12a22da533c67
point,delivery,2026-08-31,2026-08-31T14:00:00.000000Z,2026-08-31T09:00:00,EVENING,412398,515,JEFFSTOR/TGP JEFFERSON ISLAND IBERI,L,TGP:412398,TGP:SEG:515,BD,311948,311948.0,8.0,311940.0,False,True,,True,2026-08-31T01:46:00.000000Z,2026-08-31T14:44:23.756307Z,2026-08-31T14:44:23.756307Z,Million BTU's (displayed as Dth),7d3a3704ceb7fce4f1996b3595e796aae4d0ce40ed8dd8ebf2e12a22da533c67,https://pipeline2.kindermorgan.com/Capacity/OpAvailPoint.aspx?code=TGP,data/raw/km_tgp_point_delivery_capacity/2026/08/31/7d3a3704ceb7fce4f1996b3595e796aae4d0ce40ed8dd8ebf2e12a22da533c67.xlsx,km_tgp_point_delivery_capacity:1788187463756307000:7d3a3704ceb7fce4f1996b3595e796aae4d0ce40ed8dd8ebf2e12a22da533c67
point,delivery,2026-08-31,2026-08-31T14:00:00.000000Z,2026-08-31T09:00:00,EVENING,420915,515,SYMMETRY/TGP PORT IBERIA SALES IBER,L,TGP:420915,TGP:SEG:515,D,3690,3690.0,1.0,3689.0,False,True,,True,2026-08-31T01:46:00.000000Z,2026-08-31T14:44:23.756307Z,2026-08-31T14:44:23.756307Z,Million BTU's (displayed as Dth),7d3a3704ceb7fce4f1996b3595e796aae4d0ce40ed8dd8ebf2e12a22da533c67,https://pipeline2.kindermorgan.com/Capacity/OpAvailPoint.aspx?code=TGP,data/raw/km_tgp_point_delivery_capacity/2026/08/31/7d3a3704ceb7fce4f1996b3595e796aae4d0ce40ed8dd8ebf2e12a22da533c67.xlsx,km_tgp_point_delivery_capacity:1788187463756307000:7d3a3704ceb7fce4f1996b3595e796aae4d0ce40ed8dd8ebf2e12a22da533c67
point,delivery,2026-08-31,2026-08-31T14:00:00.000000Z,2026-08-31T09:00:00,EVENING,421056,515,ACADIAN/TGP INDIAN BAYOU: DIP 510B-,L,TGP:421056,TGP:SEG:515,D,80565,65000.0,0.0,65000.0,False,True,,True,2026-08-31T01:46:00.000000Z,2026-08-31T14:44:23.756307Z,2026-08-31T14:44:23.756307Z,Million BTU's (displayed as Dth),7d3a3704ceb7fce4f1996b3595e796aae4d0ce40ed8dd8ebf2e12a22da533c67,https://pipeline2.kindermorgan.com/Capacity/OpAvailPoint.aspx?code=TGP,data/raw/km_tgp_point_delivery_capacity/2026/08/31/7d3a3704ceb7fce4f1996b3595e796aae4d0ce40ed8dd8ebf2e12a22da533c67.xlsx,km_tgp_point_delivery_capacity:1788187463756307000:7d3a3704ceb7fce4f1996b3595e796aae4d0ce40ed8dd8ebf2e12a22da533c67
point,delivery,2026-08-31,2026-08-31T14:00:00.000000Z,2026-08-31T09:00:00,EVENING,421080,515,CABOT/TGP ST MARY CARBON BLACK: DIP,L,TGP:421080,TGP:SEG:515,D,13837,13837.0,6400.0,7437.0,False,True,,True,2026-08-31T01:46:00.000000Z,2026-08-31T14:44:23.756307Z,2026-08-31T14:44:23.756307Z,Million BTU's (displayed as Dth),7d3a3704ceb7fce4f1996b3595e796aae4d0ce40ed8dd8ebf2e12a22da533c67,https://pipeline2.kindermorgan.com/Capacity/OpAvailPoint.aspx?code=TGP,data/raw/km_tgp_point_delivery_capacity/2026/08/31/7d3a3704ceb7fce4f1996b3595e796aae4d0ce40ed8dd8ebf2e12a22da533c67.xlsx,km_tgp_point_delivery_capacity:1788187463756307000:7d3a3704ceb7fce4f1996b3595e796aae4d0ce40ed8dd8ebf2e12a22da533c67
point,delivery,2026-08-31,2026-08-31T14:00:00.000000Z,2026-08-31T09:00:00,EVENING,54402,515,SYMMETRY/TGP ADOLPH ROAD IBERIA,L,TGP:54402,TGP:SEG:515,D,4909,4909.0,0.0,4909.0,False,True,,True,2026-08-31T01:46:00.000000Z,2026-08-31T14:44:23.756307Z,2026-08-31T14:44:23.756307Z,Million BTU's (displayed as Dth),7d3a3704ceb7fce4f1996b3595e796aae4d0ce40ed8dd8ebf2e12a22da533c67,https://pipeline2.kindermorgan.com/Capacity/OpAvailPoint.aspx?code=TGP,data/raw/km_tgp_point_delivery_capacity/2026/08/31/7d3a3704ceb7fce4f1996b3595e796aae4d0ce40ed8dd8ebf2e12a22da533c67.xlsx,km_tgp_point_delivery_capacity:1788187463756307000:7d3a3704ceb7fce4f1996b3595e796aae4d0ce40ed8dd8ebf2e12a22da533c67
point,delivery,2026-08-31,2026-08-31T14:00:00.000000Z,2026-08-31T09:00:00,EVENING,412684,516,ANR/TGP SHADYSIDE ST MARY,L,TGP:412684,TGP:SEG:516,BD,217000,217000.0,0.0,217000.0,False,True,,True,2026-08-31T01:46:00.000000Z,2026-08-31T14:44:23.756307Z,2026-08-31T14:44:23.756307Z,Million BTU's (displayed as Dth),7d3a3704ceb7fce4f1996b3595e796aae4d0ce40ed8dd8ebf2e12a22da533c67,https://pipeline2.kindermorgan.com/Capacity/OpAvailPoint.aspx?code=TGP,data/raw/km_tgp_point_delivery_capacity/2026/08/31/7d3a3704ceb7fce4f1996b3595e796aae4d0ce40ed8dd8ebf2e12a22da533c67.xlsx,km_tgp_point_delivery_capacity:1788187463756307000:7d3a3704ceb7fce4f1996b3595e796aae4d0ce40ed8dd8ebf2e12a22da533c67
point,delivery,2026-08-31,2026-08-31T14:00:00.000000Z,2026-08-31T09:00:00,EVENING,55833,524,VG GATOR/TGP EVANGELINE PASS DELIVE,L,TGP:55833,TGP:SEG:524,D,2260125,2260125.0,1953524.0,306601.0,False,True,,True,2026-08-31T01:46:00.000000Z,2026-08-31T14:44:23.756307Z,2026-08-31T14:44:23.756307Z,Million BTU's (displayed as Dth),7d3a3704ceb7fce4f1996b3595e796aae4d0ce40ed8dd8ebf2e12a22da533c67,https://pipeline2.kindermorgan.com/Capacity/OpAvailPoint.aspx?code=TGP,data/raw/km_tgp_point_delivery_capacity/2026/08/31/7d3a3704ceb7fce4f1996b3595e796aae4d0ce40ed8dd8ebf2e12a22da533c67.xlsx,km_tgp_point_delivery_capacity:1788187463756307000:7d3a3704ceb7fce4f1996b3595e796aae4d0ce40ed8dd8ebf2e12a22da533c67
point,delivery,2026-08-31,2026-08-31T14:00:00.000000Z,2026-08-31T09:00:00,EVENING,412882,526,KINETICA/TGP PORT SULPHUR PLAQUEMIN,L,TGP:412882,TGP:SEG:526,BD,486875,486875.0,0.0,486875.0,False,True,,True,2026-08-31T01:46:00.000000Z,2026-08-31T14:44:23.756307Z,2026-08-31T14:44:23.756307Z,Million BTU's (displayed as Dth),7d3a3704ceb7fce4f1996b3595e796aae4d0ce40ed8dd8ebf2e12a22da533c67,https://pipeline2.kindermorgan.com/Capacity/OpAvailPoint.aspx?code=TGP,data/raw/km_tgp_point_delivery_capacity/2026/08/31/7d3a3704ceb7fce4f1996b3595e796aae4d0ce40ed8dd8ebf2e12a22da533c67.xlsx,km_tgp_point_delivery_capacity:1788187463756307000:7d3a3704ceb7fce4f1996b3595e796aae4d0ce40ed8dd8ebf2e12a22da533c67
point,delivery,2026-08-31,2026-08-31T14:00:00.000000Z,2026-08-31T09:00:00,EVENING,420961,527,TARGA/TGP YSCLOSKEY  STRANGERS  GAS,L,TGP:420961,TGP:SEG:527,D,9999999,9999999.0,0.0,9999999.0,False,True,,True,2026-08-31T01:46:00.000000Z,2026-08-31T14:44:23.756307Z,2026-08-31T14:44:23.756307Z,Million BTU's (displayed as Dth),7d3a3704ceb7fce4f1996b3595e796aae4d0ce40ed8dd8ebf2e12a22da533c67,https://pipeline2.kindermorgan.com/Capacity/OpAvailPoint.aspx?code=TGP,data/raw/km_tgp_point_delivery_capacity/2026/08/31/7d3a3704ceb7fce4f1996b3595e796aae4d0ce40ed8dd8ebf2e12a22da533c67.xlsx,km_tgp_point_delivery_capacity:1788187463756307000:7d3a3704ceb7fce4f1996b3595e796aae4d0ce40ed8dd8ebf2e12a22da533c67
point,delivery,2026-08-31,2026-08-31T14:00:00.000000Z,2026-08-31T09:00:00,EVENING,420979,527,TGP/TGP YSCLOSKY OWNERS GAS ST BERN,L,TGP:420979,TGP:SEG:527,D,2820,2820.0,0.0,2820.0,False,True,,True,2026-08-31T01:46:00.000000Z,2026-08-31T14:44:23.756307Z,2026-08-31T14:44:23.756307Z,Million BTU's (displayed as Dth),7d3a3704ceb7fce4f1996b3595e796aae4d0ce40ed8dd8ebf2e12a22da533c67,https://pipeline2.kindermorgan.com/Capacity/OpAvailPoint.aspx?code=TGP,data/raw/km_tgp_point_delivery_capacity/2026/08/31/7d3a3704ceb7fce4f1996b3595e796aae4d0ce40ed8dd8ebf2e12a22da533c67.xlsx,km_tgp_point_delivery_capacity:1788187463756307000:7d3a3704ceb7fce4f1996b3595e796aae4d0ce40ed8dd8ebf2e12a22da533c67
point,delivery,2026-08-31,2026-08-31T14:00:00.000000Z,2026-08-31T09:00:00,EVENING,421077,527,ELYSIUM/TGP POTASH: DIP 528 2 PLAQU,L,TGP:421077,TGP:SEG:527,D,1435,1435.0,0.0,1435.0,False,True,,True,2026-08-31T01:46:00.000000Z,2026-08-31T14:44:23.756307Z,2026-08-31T14:44:23.756307Z,Million BTU's (displayed as Dth),7d3a3704ceb7fce4f1996b3595e796aae4d0ce40ed8dd8ebf2e12a22da533c67,https://pipeline2.kindermorgan.com/Capacity/OpAvailPoint.aspx?code=TGP,data/raw/km_tgp_point_delivery_capacity/2026/08/31/7d3a3704ceb7fce4f1996b3595e796aae4d0ce40ed8dd8ebf2e12a22da533c67.xlsx,km_tgp_point_delivery_capacity:1788187463756307000:7d3a3704ceb7fce4f1996b3595e796aae4d0ce40ed8dd8ebf2e12a22da533c67
point,delivery,2026-08-31,2026-08-31T14:00:00.000000Z,2026-08-31T09:00:00,EVENING,56495,527,ATMOS TL/TGP YSCLOSKEY DEL ST BERNA,L,TGP:56495,TGP:SEG:527,D,2050,2050.0,0.0,2050.0,False,True,,True,2026-08-31T01:46:00.000000Z,2026-08-31T14:44:23.756307Z,2026-08-31T14:44:23.756307Z,Million BTU's (displayed as Dth),7d3a3704ceb7fce4f1996b3595e796aae4d0ce40ed8dd8ebf2e12a22da533c67,https://pipeline2.kindermorgan.com/Capacity/OpAvailPoint.aspx?code=TGP,data/raw/km_tgp_point_delivery_capacity/2026/08/31/7d3a3704ceb7fce4f1996b3595e796aae4d0ce40ed8dd8ebf2e12a22da533c67.xlsx,km_tgp_point_delivery_capacity:1788187463756307000:7d3a3704ceb7fce4f1996b3595e796aae4d0ce40ed8dd8ebf2e12a22da533c67
point,delivery,2026-08-31,2026-08-31T14:00:00.000000Z,2026-08-31T09:00:00,EVENING,420556,529,TGP/SNG TOCA EXCHANGE ST BERNARD,L,TGP:420556,TGP:SEG:529,BD,410000,410000.0,0.0,410000.0,False,True,,True,2026-08-31T01:46:00.000000Z,2026-08-31T14:44:23.756307Z,2026-08-31T14:44:23.756307Z,Million BTU's (displayed as Dth),7d3a3704ceb7fce4f1996b3595e796aae4d0ce40ed8dd8ebf2e12a22da533c67,https://pipeline2.kindermorgan.com/Capacity/OpAvailPoint.aspx?code=TGP,data/raw/km_tgp_point_delivery_capacity/2026/08/31/7d3a3704ceb7fce4f1996b3595e796aae4d0ce40ed8dd8ebf2e12a22da533c67.xlsx,km_tgp_point_delivery_capacity:1788187463756307000:7d3a3704ceb7fce4f1996b3595e796aae4d0ce40ed8dd8ebf2e12a22da533c67
point,delivery,2026-08-31,2026-08-31T14:00:00.000000Z,2026-08-31T09:00:00,EVENING,420361,530,PELICAN/TGP YSCLOSKEY LA ST BERNARD,L,TGP:420361,TGP:SEG:530,D,220604,220604.0,11500.0,209104.0,False,True,,True,2026-08-31T01:46:00.000000Z,2026-08-31T14:44:23.756307Z,2026-08-31T14:44:23.756307Z,Million BTU's (displayed as Dth),7d3a3704ceb7fce4f1996b3595e796aae4d0ce40ed8dd8ebf2e12a22da533c67,https://pipeline2.kindermorgan.com/Capacity/OpAvailPoint.aspx?code=TGP,data/raw/km_tgp_point_delivery_capacity/2026/08/31/7d3a3704ceb7fce4f1996b3595e796aae4d0ce40ed8dd8ebf2e12a22da533c67.xlsx,km_tgp_point_delivery_capacity:1788187463756307000:7d3a3704ceb7fce4f1996b3595e796aae4d0ce40ed8dd8ebf2e12a22da533c67
point,delivery,2026-08-31,2026-08-31T14:00:00.000000Z,2026-08-31T09:00:00,EVENING,420366,530,FGT/TGP CARNES MISSISSIPPI STONE,L,TGP:420366,TGP:SEG:530,BD,417175,417175.0,0.0,417175.0,False,True,,True,2026-08-31T01:46:00.000000Z,2026-08-31T14:44:23.756307Z,2026-08-31T14:44:23.756307Z,Million BTU's (displayed as Dth),7d3a3704ceb7fce4f1996b3595e796aae4d0ce40ed8dd8ebf2e12a22da533c67,https://pipeline2.kindermorgan.com/Capacity/OpAvailPoint.aspx?code=TGP,data/raw/km_tgp_point_delivery_capacity/2026/08/31/7d3a3704ceb7fce4f1996b3595e796aae4d0ce40ed8dd8ebf2e12a22da533c67.xlsx,km_tgp_point_delivery_capacity:1788187463756307000:7d3a3704ceb7fce4f1996b3595e796aae4d0ce40ed8dd8ebf2e12a22da533c67
point,delivery,2026-08-31,2026-08-31T14:00:00.000000Z,2026-08-31T09:00:00,EVENING,420383,530,GULFSTH/TGP KILN MISS EXCHANGE HANC,L,TGP:420383,TGP:SEG:530,BD,491471,491471.0,44995.0,446476.0,False,True,,True,2026-08-31T01:46:00.000000Z,2026-08-31T14:44:23.756307Z,2026-08-31T14:44:23.756307Z,Million BTU's (displayed as Dth),7d3a3704ceb7fce4f1996b3595e796aae4d0ce40ed8dd8ebf2e12a22da533c67,https://pipeline2.kindermorgan.com/Capacity/OpAvailPoint.aspx?code=TGP,data/raw/km_tgp_point_delivery_capacity/2026/08/31/7d3a3704ceb7fce4f1996b3595e796aae4d0ce40ed8dd8ebf2e12a22da533c67.xlsx,km_tgp_point_delivery_capacity:1788187463756307000:7d3a3704ceb7fce4f1996b3595e796aae4d0ce40ed8dd8ebf2e12a22da533c67
point,delivery,2026-08-31,2026-08-31T14:00:00.000000Z,2026-08-31T09:00:00,EVENING,420713,530,DELTAMS/TGP STENNIS SALES HANCOCK,L,TGP:420713,TGP:SEG:530,D,3069,3069.0,1.0,3068.0,False,True,,True,2026-08-31T01:46:00.000000Z,2026-08-31T14:44:23.756307Z,2026-08-31T14:44:23.756307Z,Million BTU's (displayed as Dth),7d3a3704ceb7fce4f1996b3595e796aae4d0ce40ed8dd8ebf2e12a22da533c67,https://pipeline2.kindermorgan.com/Capacity/OpAvailPoint.aspx?code=TGP,data/raw/km_tgp_point_delivery_capacity/2026/08/31/7d3a3704ceb7fce4f1996b3595e796aae4d0ce40ed8dd8ebf2e12a22da533c67.xlsx,km_tgp_point_delivery_capacity:1788187463756307000:7d3a3704ceb7fce4f1996b3595e796aae4d0ce40ed8dd8ebf2e12a22da533c67
point,delivery,2026-08-31,2026-08-31T14:00:00.000000Z,2026-08-31T09:00:00,EVENING,420736,530,CALGON/TGP PEARL RIVER PLANT HANCOC,L,TGP:420736,TGP:SEG:530,D,11712,11712.0,1760.0,9952.0,False,True,,True,2026-08-31T01:46:00.000000Z,2026-08-31T14:44:23.756307Z,2026-08-31T14:44:23.756307Z,Million BTU's (displayed as Dth),7d3a3704ceb7fce4f1996b3595e796aae4d0ce40ed8dd8ebf2e12a22da533c67,https://pipeline2.kindermorgan.com/Capacity/OpAvailPoint.aspx?code=TGP,data/raw/km_tgp_point_delivery_capacity/2026/08/31/7d3a3704ceb7fce4f1996b3595e796aae4d0ce40ed8dd8ebf2e12a22da533c67.xlsx,km_tgp_point_delivery_capacity:1788187463756307000:7d3a3704ceb7fce4f1996b3595e796aae4d0ce40ed8dd8ebf2e12a22da533c67
point,delivery,2026-08-31,2026-08-31T14:00:00.000000Z,2026-08-31T09:00:00,EVENING,420883,530,DELTAMS/TGP PORT BIENVILLE HANCOCK,L,TGP:420883,TGP:SEG:530,D,17008,17008.0,3226.0,13782.0,False,True,,True,2026-08-31T01:46:00.000000Z,2026-08-31T14:44:23.756307Z,2026-08-31T14:44:23.756307Z,Million BTU's (displayed as Dth),7d3a3704ceb7fce4f1996b3595e796aae4d0ce40ed8dd8ebf2e12a22da533c67,https://pipeline2.kindermorgan.com/Capacity/OpAvailPoint.aspx?code=TGP,data/raw/km_tgp_point_delivery_capacity/2026/08/31/7d3a3704ceb7fce4f1996b3595e796aae4d0ce40ed8dd8ebf2e12a22da533c67.xlsx,km_tgp_point_delivery_capacity:1788187463756307000:7d3a3704ceb7fce4f1996b3595e796aae4d0ce40ed8dd8ebf2e12a22da533c67
point,delivery,2026-08-31,2026-08-31T14:00:00.000000Z,2026-08-31T09:00:00,EVENING,420930,530,FGT/TGP CARNES COMPRESSOR STONE,L,TGP:420930,TGP:SEG:530,D,4829,4829.0,0.0,4829.0,False,True,,True,2026-08-31T01:46:00.000000Z,2026-08-31T14:44:23.756307Z,2026-08-31T14:44:23.756307Z,Million BTU's (displayed as Dth),7d3a3704ceb7fce4f1996b3595e796aae4d0ce40ed8dd8ebf2e12a22da533c67,https://pipeline2.kindermorgan.com/Capacity/OpAvailPoint.aspx?code=TGP,data/raw/km_tgp_point_delivery_capacity/2026/08/31/7d3a3704ceb7fce4f1996b3595e796aae4d0ce40ed8dd8ebf2e12a22da533c67.xlsx,km_tgp_point_delivery_capacity:1788187463756307000:7d3a3704ceb7fce4f1996b3595e796aae4d0ce40ed8dd8ebf2e12a22da533c67
point,delivery,2026-08-31,2026-08-31T14:00:00.000000Z,2026-08-31T09:00:00,EVENING,401464,534,CPTENTEX/TGP BALLARD LAWRENCE,01,TGP:401464,TGP:SEG:534,D,20,20.0,0.0,20.0,False,True,,True,2026-08-31T01:46:00.000000Z,2026-08-31T14:44:23.756307Z,2026-08-31T14:44:23.756307Z,Million BTU's (displayed as Dth),7d3a3704ceb7fce4f1996b3595e796aae4d0ce40ed8dd8ebf2e12a22da533c67,https://pipeline2.kindermorgan.com/Capacity/OpAvailPoint.aspx?code=TGP,data/raw/km_tgp_point_delivery_capacity/2026/08/31/7d3a3704ceb7fce4f1996b3595e796aae4d0ce40ed8dd8ebf2e12a22da533c67.xlsx,km_tgp_point_delivery_capacity:1788187463756307000:7d3a3704ceb7fce4f1996b3595e796aae4d0ce40ed8dd8ebf2e12a22da533c67
point,delivery,2026-08-31,2026-08-31T14:00:00.000000Z,2026-08-31T09:00:00,EVENING,401482,534,CPTENTEX/TGP HUDSON CHICKEN FARM LA,01,TGP:401482,TGP:SEG:534,D,520,520.0,0.0,520.0,False,True,,True,2026-08-31T01:46:00.000000Z,2026-08-31T14:44:23.756307Z,2026-08-31T14:44:23.756307Z,Million BTU's (displayed as Dth),7d3a3704ceb7fce4f1996b3595e796aae4d0ce40ed8dd8ebf2e12a22da533c67,https://pipeline2.kindermorgan.com/Capacity/OpAvailPoint.aspx?code=TGP,data/raw/km_tgp_point_delivery_capacity/2026/08/31/7d3a3704ceb7fce4f1996b3595e796aae4d0ce40ed8dd8ebf2e12a22da533c67.xlsx,km_tgp_point_delivery_capacity:1788187463756307000:7d3a3704ceb7fce4f1996b3595e796aae4d0ce40ed8dd8ebf2e12a22da533c67
point,delivery,2026-08-31,2026-08-31T14:00:00.000000Z,2026-08-31T09:00:00,EVENING,412789,534,LEAF/TGP JASPER COUNTY: RIP 538 2 5,01,TGP:412789,TGP:SEG:534,BD,456125,456125.0,0.0,456125.0,False,True,,True,2026-08-31T01:46:00.000000Z,2026-08-31T14:44:23.756307Z,2026-08-31T14:44:23.756307Z,Million BTU's (displayed as Dth),7d3a3704ceb7fce4f1996b3595e796aae4d0ce40ed8dd8ebf2e12a22da533c67,https://pipeline2.kindermorgan.com/Capacity/OpAvailPoint.aspx?code=TGP,data/raw/km_tgp_point_delivery_capacity/2026/08/31/7d3a3704ceb7fce4f1996b3595e796aae4d0ce40ed8dd8ebf2e12a22da533c67.xlsx,km_tgp_point_delivery_capacity:1788187463756307000:7d3a3704ceb7fce4f1996b3595e796aae4d0ce40ed8dd8ebf2e12a22da533c67
point,delivery,2026-08-31,2026-08-31T14:00:00.000000Z,2026-08-31T09:00:00,EVENING,420291,534,TRNSCO/TGP HEIDELBERG MISSISIPPI JA,01,TGP:420291,TGP:SEG:534,BD,226012,226012.0,118234.0,107778.0,False,True,,True,2026-08-31T01:46:00.000000Z,2026-08-31T14:44:23.756307Z,2026-08-31T14:44:23.756307Z,Million BTU's (displayed as Dth),7d3a3704ceb7fce4f1996b3595e796aae4d0ce40ed8dd8ebf2e12a22da533c67,https://pipeline2.kindermorgan.com/Capacity/OpAvailPoint.aspx?code=TGP,data/raw/km_tgp_point_delivery_capacity/2026/08/31/7d3a3704ceb7fce4f1996b3595e796aae4d0ce40ed8dd8ebf2e12a22da533c67.xlsx,km_tgp_point_delivery_capacity:1788187463756307000:7d3a3704ceb7fce4f1996b3595e796aae4d0ce40ed8dd8ebf2e12a22da533c67
point,delivery,2026-08-31,2026-08-31T14:00:00.000000Z,2026-08-31T09:00:00,EVENING,420641,534,BBTMISS/TGP ENDEVCO SUNRISE SALES F,01,TGP:420641,TGP:SEG:534,D,25522,25522.0,5000.0,20522.0,False,True,,True,2026-08-31T01:46:00.000000Z,2026-08-31T14:44:23.756307Z,2026-08-31T14:44:23.756307Z,Million BTU's (displayed as Dth),7d3a3704ceb7fce4f1996b3595e796aae4d0ce40ed8dd8ebf2e12a22da533c67,https://pipeline2.kindermorgan.com/Capacity/OpAvailPoint.aspx?code=TGP,data/raw/km_tgp_point_delivery_capacity/2026/08/31/7d3a3704ceb7fce4f1996b3595e796aae4d0ce40ed8dd8ebf2e12a22da533c67.xlsx,km_tgp_point_delivery_capacity:1788187463756307000:7d3a3704ceb7fce4f1996b3595e796aae4d0ce40ed8dd8ebf2e12a22da533c67
point,delivery,2026-08-31,2026-08-31T14:00:00.000000Z,2026-08-31T09:00:00,EVENING,420693,534,SPIREMS/TGP HATTIESBURG SALES FORRE,01,TGP:420693,TGP:SEG:534,D,28539,28539.0,0.0,28539.0,False,True,,True,2026-08-31T01:46:00.000000Z,2026-08-31T14:44:23.756307Z,2026-08-31T14:44:23.756307Z,Million BTU's (displayed as Dth),7d3a3704ceb7fce4f1996b3595e796aae4d0ce40ed8dd8ebf2e12a22da533c67,https://pipeline2.kindermorgan.com/Capacity/OpAvailPoint.aspx?code=TGP,data/raw/km_tgp_point_delivery_capacity/2026/08/31/7d3a3704ceb7fce4f1996b3595e796aae4d0ce40ed8dd8ebf2e12a22da533c67.xlsx,km_tgp_point_delivery_capacity:1788187463756307000:7d3a3704ceb7fce4f1996b3595e796aae4d0ce40ed8dd8ebf2e12a22da533c67
point,delivery,2026-08-31,2026-08-31T14:00:00.000000Z,2026-08-31T09:00:00,EVENING,420714,534,DELTAMS/TGP LAUREL SALES JONES,01,TGP:420714,TGP:SEG:534,D,2538,2538.0,1.0,2537.0,False,True,,True,2026-08-31T01:46:00.000000Z,2026-08-31T14:44:23.756307Z,2026-08-31T14:44:23.756307Z,Million BTU's (displayed as Dth),7d3a3704ceb7fce4f1996b3595e796aae4d0ce40ed8dd8ebf2e12a22da533c67,https://pipeline2.kindermorgan.com/Capacity/OpAvailPoint.aspx?code=TGP,data/raw/km_tgp_point_delivery_capacity/2026/08/31/7d3a3704ceb7fce4f1996b3595e796aae4d0ce40ed8dd8ebf2e12a22da533c67.xlsx,km_tgp_point_delivery_capacity:1788187463756307000:7d3a3704ceb7fce4f1996b3595e796aae4d0ce40ed8dd8ebf2e12a22da533c67
point,delivery,2026-08-31,2026-08-31T14:00:00.000000Z,2026-08-31T09:00:00,EVENING,420719,534,SPIREMS/TGP CAMP SHELBY FORREST,01,TGP:420719,TGP:SEG:534,D,4582,4582.0,30.0,4552.0,False,True,,True,2026-08-31T01:46:00.000000Z,2026-08-31T14:44:23.756307Z,2026-08-31T14:44:23.756307Z,Million BTU's (displayed as Dth),7d3a3704ceb7fce4f1996b3595e796aae4d0ce40ed8dd8ebf2e12a22da533c67,https://pipeline2.kindermorgan.com/Capacity/OpAvailPoint.aspx?code=TGP,data/raw/km_tgp_point_delivery_capacity/2026/08/31/7d3a3704ceb7fce4f1996b3595e796aae4d0ce40ed8dd8ebf2e12a22da533c67.xlsx,km_tgp_point_delivery_capacity:1788187463756307000:7d3a3704ceb7fce4f1996b3595e796aae4d0ce40ed8dd8ebf2e12a22da533c67
point,delivery,2026-08-31,2026-08-31T14:00:00.000000Z,2026-08-31T09:00:00,EVENING,420726,534,DELTAMS/TGP LAUREL SALES  2 JONES,01,TGP:420726,TGP:SEG:534,D,2551,2551.0,30.0,2521.0,False,True,,True,2026-08-31T01:46:00.000000Z,2026-08-31T14:44:23.756307Z,2026-08-31T14:44:23.756307Z,Million BTU's (displayed as Dth),7d3a3704ceb7fce4f1996b3595e796aae4d0ce40ed8dd8ebf2e12a22da533c67,https://pipeline2.kindermorgan.com/Capacity/OpAvailPoint.aspx?code=TGP,data/raw/km_tgp_point_delivery_capacity/2026/08/31/7d3a3704ceb7fce4f1996b3595e796aae4d0ce40ed8dd8ebf2e12a22da533c67.xlsx,km_tgp_point_delivery_capacity:1788187463756307000:7d3a3704ceb7fce4f1996b3595e796aae4d0ce40ed8dd8ebf2e12a22da533c67
point,delivery,2026-08-31,2026-08-31T14:00:00.000000Z,2026-08-31T09:00:00,EVENING,420797,534,GULFSTH/TGP PETAL STORAGE FIELD FOR,01,TGP:420797,TGP:SEG:534,BD,704735,704735.0,0.0,704735.0,False,True,,True,2026-08-31T01:46:00.000000Z,2026-08-31T14:44:23.756307Z,2026-08-31T14:44:23.756307Z,Million BTU's (displayed as Dth),7d3a3704ceb7fce4f1996b3595e796aae4d0ce40ed8dd8ebf2e12a22da533c67,https://pipeline2.kindermorgan.com/Capacity/OpAvailPoint.aspx?code=TGP,data/raw/km_tgp_point_delivery_capacity/2026/08/31/7d3a3704ceb7fce4f1996b3595e796aae4d0ce40ed8dd8ebf2e12a22da533c67.xlsx,km_tgp_point_delivery_capacity:1788187463756307000:7d3a3704ceb7fce4f1996b3595e796aae4d0ce40ed8dd8ebf2e12a22da533c67
point,delivery,2026-08-31,2026-08-31T14:00:00.000000Z,2026-08-31T09:00:00,EVENING,421059,534,SESH/TGP PETAL INTERCONNECT: RIP 53,01,TGP:421059,TGP:SEG:534,BD,512500,512500.0,0.0,512500.0,False,True,,True,2026-08-31T01:46:00.000000Z,2026-08-31T14:44:23.756307Z,2026-08-31T14:44:23.756307Z,Million BTU's (displayed as Dth),7d3a3704ceb7fce4f1996b3595e796aae4d0ce40ed8dd8ebf2e12a22da533c67,https://pipeline2.kindermorgan.com/Capacity/OpAvailPoint.aspx?code=TGP,data/raw/km_tgp_point_delivery_capacity/2026/08/31/7d3a3704ceb7fce4f1996b3595e796aae4d0ce40ed8dd8ebf2e12a22da533c67.xlsx,km_tgp_point_delivery_capacity:1788187463756307000:7d3a3704ceb7fce4f1996b3595e796aae4d0ce40ed8dd8ebf2e12a22da533c67
point,delivery,2026-08-31,2026-08-31T14:00:00.000000Z,2026-08-31T09:00:00,EVENING,420546,539,TGP/SNG ROSE HILL MISS CLARKE,01,TGP:420546,TGP:SEG:539,BD,555000,273125.0,142427.0,130698.0,False,True,,True,2026-08-31T01:46:00.000000Z,2026-08-31T14:44:23.756307Z,2026-08-31T14:44:23.756307Z,Million BTU's (displayed as Dth),7d3a3704ceb7fce4f1996b3595e796aae4d0ce40ed8dd8ebf2e12a22da533c67,https://pipeline2.kindermorgan.com/Capacity/OpAvailPoint.aspx?code=TGP,data/raw/km_tgp_point_delivery_capacity/2026/08/31/7d3a3704ceb7fce4f1996b3595e796aae4d0ce40ed8dd8ebf2e12a22da533c67.xlsx,km_tgp_point_delivery_capacity:1788187463756307000:7d3a3704ceb7fce4f1996b3595e796aae4d0ce40ed8dd8ebf2e12a22da533c67
point,delivery,2026-08-31,2026-08-31T14:00:00.000000Z,2026-08-31T09:00:00,EVENING,420807,539,ATMOS-MS/TGP PINE SPRINGS ROAD LEAK,01,TGP:420807,TGP:SEG:539,D,36480,36480.0,2445.0,34035.0,False,True,,True,2026-08-31T01:46:00.000000Z,2026-08-31T14:44:23.756307Z,2026-08-31T14:44:23.756307Z,Million BTU's (displayed as Dth),7d3a3704ceb7fce4f1996b3595e796aae4d0ce40ed8dd8ebf2e12a22da533c67,https://pipeline2.kindermorgan.com/Capacity/OpAvailPoint.aspx?code=TGP,data/raw/km_tgp_point_delivery_capacity/2026/08/31/7d3a3704ceb7fce4f1996b3595e796aae4d0ce40ed8dd8ebf2e12a22da533c67.xlsx,km_tgp_point_delivery_capacity:1788187463756307000:7d3a3704ceb7fce4f1996b3595e796aae4d0ce40ed8dd8ebf2e12a22da533c67
point,delivery,2026-08-31,2026-08-31T14:00:00.000000Z,2026-08-31T09:00:00,EVENING,56573,539,TGP/SNG TGP-ROSE HILL #2 TO SNG CLA,01,TGP:56573,TGP:SEG:539,D,1100000,1100000.0,854121.0,245879.0,False,True,,True,2026-08-31T01:46:00.000000Z,2026-08-31T14:44:23.756307Z,2026-08-31T14:44:23.756307Z,Million BTU's (displayed as Dth),7d3a3704ceb7fce4f1996b3595e796aae4d0ce40ed8dd8ebf2e12a22da533c67,https://pipeline2.kindermorgan.com/Capacity/OpAvailPoint.aspx?code=TGP,data/raw/km_tgp_point_delivery_capacity/2026/08/31/7d3a3704ceb7fce4f1996b3595e796aae4d0ce40ed8dd8ebf2e12a22da533c67.xlsx,km_tgp_point_delivery_capacity:1788187463756307000:7d3a3704ceb7fce4f1996b3595e796aae4d0ce40ed8dd8ebf2e12a22da533c67
point,delivery,2026-08-31,2026-08-31T14:00:00.000000Z,2026-08-31T09:00:00,EVENING,412734,542,CALDONIA/TGP CALEDONIA STORAGE LOWN,01,TGP:412734,TGP:SEG:542,BD,500000,500000.0,0.0,500000.0,False,True,,True,2026-08-31T01:46:00.000000Z,2026-08-31T14:44:23.756307Z,2026-08-31T14:44:23.756307Z,Million BTU's (displayed as Dth),7d3a3704ceb7fce4f1996b3595e796aae4d0ce40ed8dd8ebf2e12a22da533c67,https://pipeline2.kindermorgan.com/Capacity/OpAvailPoint.aspx?code=TGP,data/raw/km_tgp_point_delivery_capacity/2026/08/31/7d3a3704ceb7fce4f1996b3595e796aae4d0ce40ed8dd8ebf2e12a22da533c67.xlsx,km_tgp_point_delivery_capacity:1788187463756307000:7d3a3704ceb7fce4f1996b3595e796aae4d0ce40ed8dd8ebf2e12a22da533c67
point,delivery,2026-08-31,2026-08-31T14:00:00.000000Z,2026-08-31T09:00:00,EVENING,420294,542,TGP/SNG PUGH MISSISSIPPI EXCH LOWND,01,TGP:420294,TGP:SEG:542,BD,57333,50000.0,0.0,50000.0,False,True,,True,2026-08-31T01:46:00.000000Z,2026-08-31T14:44:23.756307Z,2026-08-31T14:44:23.756307Z,Million BTU's (displayed as Dth),7d3a3704ceb7fce4f1996b3595e796aae4d0ce40ed8dd8ebf2e12a22da533c67,https://pipeline2.kindermorgan.com/Capacity/OpAvailPoint.aspx?code=TGP,data/raw/km_tgp_point_delivery_capacity/2026/08/31/7d3a3704ceb7fce4f1996b3595e796aae4d0ce40ed8dd8ebf2e12a22da533c67.xlsx,km_tgp_point_delivery_capacity:1788187463756307000:7d3a3704ceb7fce4f1996b3595e796aae4d0ce40ed8dd8ebf2e12a22da533c67
point,delivery,2026-08-31,2026-08-31T14:00:00.000000Z,2026-08-31T09:00:00,EVENING,420320,542,ATMOS-MS/TGP SHUQUALAK MS NOXUBEE,01,TGP:420320,TGP:SEG:542,D,2972,2972.0,1500.0,1472.0,False,True,,True,2026-08-31T01:46:00.000000Z,2026-08-31T14:44:23.756307Z,2026-08-31T14:44:23.756307Z,Million BTU's (displayed as Dth),7d3a3704ceb7fce4f1996b3595e796aae4d0ce40ed8dd8ebf2e12a22da533c67,https://pipeline2.kindermorgan.com/Capacity/OpAvailPoint.aspx?code=TGP,data/raw/km_tgp_point_delivery_capacity/2026/08/31/7d3a3704ceb7fce4f1996b3595e796aae4d0ce40ed8dd8ebf2e12a22da533c67.xlsx,km_tgp_point_delivery_capacity:1788187463756307000:7d3a3704ceb7fce4f1996b3595e796aae4d0ce40ed8dd8ebf2e12a22da533c67
point,delivery,2026-08-31,2026-08-31T14:00:00.000000Z,2026-08-31T09:00:00,EVENING,420411,542,ATMOS-MS/TGP HAMILTON MS LOWNDES,01,TGP:420411,TGP:SEG:542,D,17171,17171.0,8700.0,8471.0,False,True,,True,2026-08-31T01:46:00.000000Z,2026-08-31T14:44:23.756307Z,2026-08-31T14:44:23.756307Z,Million BTU's (displayed as Dth),7d3a3704ceb7fce4f1996b3595e796aae4d0ce40ed8dd8ebf2e12a22da533c67,https://pipeline2.kindermorgan.com/Capacity/OpAvailPoint.aspx?code=TGP,data/raw/km_tgp_point_delivery_capacity/2026/08/31/7d3a3704ceb7fce4f1996b3595e796aae4d0ce40ed8dd8ebf2e12a22da533c67.xlsx,km_tgp_point_delivery_capacity:1788187463756307000:7d3a3704ceb7fce4f1996b3595e796aae4d0ce40ed8dd8ebf2e12a22da533c67
point,delivery,2026-08-31,2026-08-31T14:00:00.000000Z,2026-08-31T09:00:00,EVENING,420694,542,WESTL CE/TGP MISSISSIPPI TRANSPORT,01,TGP:420694,TGP:SEG:542,D,7844,7844.0,275.0,7569.0,False,True,,True,2026-08-31T01:46:00.000000Z,2026-08-31T14:44:23.756307Z,2026-08-31T14:44:23.756307Z,Million BTU's (displayed as Dth),7d3a3704ceb7fce4f1996b3595e796aae4d0ce40ed8dd8ebf2e12a22da533c67,https://pipeline2.kindermorgan.com/Capacity/OpAvailPoint.aspx?code=TGP,data/raw/km_tgp_point_delivery_capacity/2026/08/31/7d3a3704ceb7fce4f1996b3595e796aae4d0ce40ed8dd8ebf2e12a22da533c67.xlsx,km_tgp_point_delivery_capacity:1788187463756307000:7d3a3704ceb7fce4f1996b3595e796aae4d0ce40ed8dd8ebf2e12a22da533c67
point,delivery,2026-08-31,2026-08-31T14:00:00.000000Z,2026-08-31T09:00:00,EVENING,420704,542,CLDNIA N/TGP CALEDONIA MS LOWNDES,01,TGP:420704,TGP:SEG:542,D,6812,6812.0,102.0,6710.0,False,True,,True,2026-08-31T01:46:00.000000Z,2026-08-31T14:44:23.756307Z,2026-08-31T14:44:23.756307Z,Million BTU's (displayed as Dth),7d3a3704ceb7fce4f1996b3595e796aae4d0ce40ed8dd8ebf2e12a22da533c67,https://pipeline2.kindermorgan.com/Capacity/OpAvailPoint.aspx?code=TGP,data/raw/km_tgp_point_delivery_capacity/2026/08/31/7d3a3704ceb7fce4f1996b3595e796aae4d0ce40ed8dd8ebf2e12a22da533c67.xlsx,km_tgp_point_delivery_capacity:1788187463756307000:7d3a3704ceb7fce4f1996b3595e796aae4d0ce40ed8dd8ebf2e12a22da533c67
point,delivery,2026-08-31,2026-08-31T14:00:00.000000Z,2026-08-31T09:00:00,EVENING,420765,542,ATMOS-MS/TGP ABERDEEN SALES MONROE,01,TGP:420765,TGP:SEG:542,D,30827,30827.0,880.0,29947.0,False,True,,True,2026-08-31T01:46:00.000000Z,2026-08-31T14:44:23.756307Z,2026-08-31T14:44:23.756307Z,Million BTU's (displayed as Dth),7d3a3704ceb7fce4f1996b3595e796aae4d0ce40ed8dd8ebf2e12a22da533c67,https://pipeline2.kindermorgan.com/Capacity/OpAvailPoint.aspx?code=TGP,data/raw/km_tgp_point_delivery_capacity/2026/08/31/7d3a3704ceb7fce4f1996b3595e796aae4d0ce40ed8dd8ebf2e12a22da533c67.xlsx,km_tgp_point_delivery_capacity:1788187463756307000:7d3a3704ceb7fce4f1996b3595e796aae4d0ce40ed8dd8ebf2e12a22da533c67
point,delivery,2026-08-31,2026-08-31T14:00:00.000000Z,2026-08-31T09:00:00,EVENING,420766,542,ATMOS-MS/TGP NEW HOPE SALES LOWNDES,01,TGP:420766,TGP:SEG:542,D,37472,37472.0,2148.0,35324.0,False,True,,True,2026-08-31T01:46:00.000000Z,2026-08-31T14:44:23.756307Z,2026-08-31T14:44:23.756307Z,Million BTU's (displayed as Dth),7d3a3704ceb7fce4f1996b3595e796aae4d0ce40ed8dd8ebf2e12a22da533c67,https://pipeline2.kindermorgan.com/Capacity/OpAvailPoint.aspx?code=TGP,data/raw/km_tgp_point_delivery_capacity/2026/08/31/7d3a3704ceb7fce4f1996b3595e796aae4d0ce40ed8dd8ebf2e12a22da533c67.xlsx,km_tgp_point_delivery_capacity:1788187463756307000:7d3a3704ceb7fce4f1996b3595e796aae4d0ce40ed8dd8ebf2e12a22da533c67
point,delivery,2026-08-31,2026-08-31T14:00:00.000000Z,2026-08-31T09:00:00,EVENING,420820,542,ATMOS-MS/TGP COLUMBUS AFB EXCH LOWN,01,TGP:420820,TGP:SEG:542,D,24287,24287.0,615.0,23672.0,False,True,,True,2026-08-31T01:46:00.000000Z,2026-08-31T14:44:23.756307Z,2026-08-31T14:44:23.756307Z,Million BTU's (displayed as Dth),7d3a3704ceb7fce4f1996b3595e796aae4d0ce40ed8dd8ebf2e12a22da533c67,https://pipeline2.kindermorgan.com/Capacity/OpAvailPoint.aspx?code=TGP,data/raw/km_tgp_point_delivery_capacity/2026/08/31/7d3a3704ceb7fce4f1996b3595e796aae4d0ce40ed8dd8ebf2e12a22da533c67.xlsx,km_tgp_point_delivery_capacity:1788187463756307000:7d3a3704ceb7fce4f1996b3595e796aae4d0ce40ed8dd8ebf2e12a22da533c67
point,delivery,2026-08-31,2026-08-31T14:00:00.000000Z,2026-08-31T09:00:00,EVENING,420879,542,BBTBAMA/TGP MOUNT ZION LAMAR,01,TGP:420879,TGP:SEG:542,D,28808,28808.0,25125.0,3683.0,False,True,,True,2026-08-31T01:46:00.000000Z,2026-08-31T14:44:23.756307Z,2026-08-31T14:44:23.756307Z,Million BTU's (displayed as Dth),7d3a3704ceb7fce4f1996b3595e796aae4d0ce40ed8dd8ebf2e12a22da533c67,https://pipeline2.kindermorgan.com/Capacity/OpAvailPoint.aspx?code=TGP,data/raw/km_tgp_point_delivery_capacity/2026/08/31/7d3a3704ceb7fce4f1996b3595e796aae4d0ce40ed8dd8ebf2e12a22da533c67.xlsx,km_tgp_point_delivery_capacity:1788187463756307000:7d3a3704ceb7fce4f1996b3595e796aae4d0ce40ed8dd8ebf2e12a22da533c67
point,delivery,2026-08-31,2026-08-31T14:00:00.000000Z,2026-08-31T09:00:00,EVENING,420937,542,TVA/TGP KEMPER,01,TGP:420937,TGP:SEG:542,D,210053,210053.0,0.0,210053.0,False,True,,True,2026-08-31T01:46:00.000000Z,2026-08-31T14:44:23.756307Z,2026-08-31T14:44:23.756307Z,Million BTU's (displayed as Dth),7d3a3704ceb7fce4f1996b3595e796aae4d0ce40ed8dd8ebf2e12a22da533c67,https://pipeline2.kindermorgan.com/Capacity/OpAvailPoint.aspx?code=TGP,data/raw/km_tgp_point_delivery_capacity/2026/08/31/7d3a3704ceb7fce4f1996b3595e796aae4d0ce40ed8dd8ebf2e12a22da533c67.xlsx,km_tgp_point_delivery_capacity:1788187463756307000:7d3a3704ceb7fce4f1996b3595e796aae4d0ce40ed8dd8ebf2e12a22da533c67
point,delivery,2026-08-31,2026-08-31T14:00:00.000000Z,2026-08-31T09:00:00,EVENING,421003,542,CAL GEN/TGP LOWN,01,TGP:421003,TGP:SEG:542,D,195065,195065.0,126432.0,68633.0,False,True,,True,2026-08-31T01:46:00.000000Z,2026-08-31T14:44:23.756307Z,2026-08-31T14:44:23.756307Z,Million BTU's (displayed as Dth),7d3a3704ceb7fce4f1996b3595e796aae4d0ce40ed8dd8ebf2e12a22da533c67,https://pipeline2.kindermorgan.com/Capacity/OpAvailPoint.aspx?code=TGP,data/raw/km_tgp_point_delivery_capacity/2026/08/31/7d3a3704ceb7fce4f1996b3595e796aae4d0ce40ed8dd8ebf2e12a22da533c67.xlsx,km_tgp_point_delivery_capacity:1788187463756307000:7d3a3704ceb7fce4f1996b3595e796aae4d0ce40ed8dd8ebf2e12a22da533c67
point,delivery,2026-08-31,2026-08-31T14:00:00.000000Z,2026-08-31T09:00:00,EVENING,421078,542,"HESS/TGP RATCLIFFE: DIP 542B 101.1,",01,TGP:421078,TGP:SEG:542,D,185525,185525.0,30000.0,155525.0,False,True,,True,2026-08-31T01:46:00.000000Z,2026-08-31T14:44:23.756307Z,2026-08-31T14:44:23.756307Z,Million BTU's (displayed as Dth),7d3a3704ceb7fce4f1996b3595e796aae4d0ce40ed8dd8ebf2e12a22da533c67,https://pipeline2.kindermorgan.com/Capacity/OpAvailPoint.aspx?code=TGP,data/raw/km_tgp_point_delivery_capacity/2026/08/31/7d3a3704ceb7fce4f1996b3595e796aae4d0ce40ed8dd8ebf2e12a22da533c67.xlsx,km_tgp_point_delivery_capacity:1788187463756307000:7d3a3704ceb7fce4f1996b3595e796aae4d0ce40ed8dd8ebf2e12a22da533c67
point,delivery,2026-08-31,2026-08-31T14:00:00.000000Z,2026-08-31T09:00:00,EVENING,49054,542,ATMOS-MS/TGP CARSON ROAD LOWNDES,01,TGP:49054,TGP:SEG:542,D,33312,33312.0,14000.0,19312.0,False,True,,True,2026-08-31T01:46:00.000000Z,2026-08-31T14:44:23.756307Z,2026-08-31T14:44:23.756307Z,Million BTU's (displayed as Dth),7d3a3704ceb7fce4f1996b3595e796aae4d0ce40ed8dd8ebf2e12a22da533c67,https://pipeline2.kindermorgan.com/Capacity/OpAvailPoint.aspx?code=TGP,data/raw/km_tgp_point_delivery_capacity/2026/08/31/7d3a3704ceb7fce4f1996b3595e796aae4d0ce40ed8dd8ebf2e12a22da533c67.xlsx,km_tgp_point_delivery_capacity:1788187463756307000:7d3a3704ceb7fce4f1996b3595e796aae4d0ce40ed8dd8ebf2e12a22da533c67
point,delivery,2026-08-31,2026-08-31T14:00:00.000000Z,2026-08-31T09:00:00,EVENING,412709,548,FREEBIRD/TGP FREEBIRD STORAGE LAMAR,01,TGP:412709,TGP:SEG:548,BD,307500,307500.0,0.0,307500.0,False,True,,True,2026-08-31T01:46:00.000000Z,2026-08-31T14:44:23.756307Z,2026-08-31T14:44:23.756307Z,Million BTU's (displayed as Dth),7d3a3704ceb7fce4f1996b3595e796aae4d0ce40ed8dd8ebf2e12a22da533c67,https://pipeline2.kindermorgan.com/Capacity/OpAvailPoint.aspx?code=TGP,data/raw/km_tgp_point_delivery_capacity/2026/08/31/7d3a3704ceb7fce4f1996b3595e796aae4d0ce40ed8dd8ebf2e12a22da533c67.xlsx,km_tgp_point_delivery_capacity:1788187463756307000:7d3a3704ceb7fce4f1996b3595e796aae4d0ce40ed8dd8ebf2e12a22da533c67
point,delivery,2026-08-31,2026-08-31T14:00:00.000000Z,2026-08-31T09:00:00,EVENING,420241,548,HOHENWLD/TGP HOHENWALD TN LEWIS,01,TGP:420241,TGP:SEG:548,D,17720,17720.0,225.0,17495.0,False,True,,True,2026-08-31T01:46:00.000000Z,2026-08-31T14:44:23.756307Z,2026-08-31T14:44:23.756307Z,Million BTU's (displayed as Dth),7d3a3704ceb7fce4f1996b3595e796aae4d0ce40ed8dd8ebf2e12a22da533c67,https://pipeline2.kindermorgan.com/Capacity/OpAvailPoint.aspx?code=TGP,data/raw/km_tgp_point_delivery_capacity/2026/08/31/7d3a3704ceb7fce4f1996b3595e796aae4d0ce40ed8dd8ebf2e12a22da533c67.xlsx,km_tgp_point_delivery_capacity:1788187463756307000:7d3a3704ceb7fce4f1996b3595e796aae4d0ce40ed8dd8ebf2e12a22da533c67
point,delivery,2026-08-31,2026-08-31T14:00:00.000000Z,2026-08-31T09:00:00,EVENING,420307,548,BBT ALTN/TGP BARTON AL COLBERT,01,TGP:420307,TGP:SEG:548,D,195592,195592.0,8536.0,187056.0,False,True,,True,2026-08-31T01:46:00.000000Z,2026-08-31T14:44:23.756307Z,2026-08-31T14:44:23.756307Z,Million BTU's (displayed as Dth),7d3a3704ceb7fce4f1996b3595e796aae4d0ce40ed8dd8ebf2e12a22da533c67,https://pipeline2.kindermorgan.com/Capacity/OpAvailPoint.aspx?code=TGP,data/raw/km_tgp_point_delivery_capacity/2026/08/31/7d3a3704ceb7fce4f1996b3595e796aae4d0ce40ed8dd8ebf2e12a22da533c67.xlsx,km_tgp_point_delivery_capacity:1788187463756307000:7d3a3704ceb7fce4f1996b3595e796aae4d0ce40ed8dd8ebf2e12a22da533c67
point,delivery,2026-08-31,2026-08-31T14:00:00.000000Z,2026-08-31T09:00:00,EVENING,420317,548,WAYNEBOR/TGP WAYNESBORO TN WAYNE,01,TGP:420317,TGP:SEG:548,D,1636,1636.0,150.0,1486.0,False,True,,True,2026-08-31T01:46:00.000000Z,2026-08-31T14:44:23.756307Z,2026-08-31T14:44:23.756307Z,Million BTU's (displayed as Dth),7d3a3704ceb7fce4f1996b3595e796aae4d0ce40ed8dd8ebf2e12a22da533c67,https://pipeline2.kindermorgan.com/Capacity/OpAvailPoint.aspx?code=TGP,data/raw/km_tgp_point_delivery_capacity/2026/08/31/7d3a3704ceb7fce4f1996b3595e796aae4d0ce40ed8dd8ebf2e12a22da533c67.xlsx,km_tgp_point_delivery_capacity:1788187463756307000:7d3a3704ceb7fce4f1996b3595e796aae4d0ce40ed8dd8ebf2e12a22da533c67
point,delivery,2026-08-31,2026-08-31T14:00:00.000000Z,2026-08-31T09:00:00,EVENING,420431,548,SYMMETRY/TGP FLORENCE AL LAUDERDALE,01,TGP:420431,TGP:SEG:548,D,11842,11842.0,0.0,11842.0,False,True,,True,2026-08-31T01:46:00.000000Z,2026-08-31T14:44:23.756307Z,2026-08-31T14:44:23.756307Z,Million BTU's (displayed as Dth),7d3a3704ceb7fce4f1996b3595e796aae4d0ce40ed8dd8ebf2e12a22da533c67,https://pipeline2.kindermorgan.com/Capacity/OpAvailPoint.aspx?code=TGP,data/raw/km_tgp_point_delivery_capacity/2026/08/31/7d3a3704ceb7fce4f1996b3595e796aae4d0ce40ed8dd8ebf2e12a22da533c67.xlsx,km_tgp_point_delivery_capacity:1788187463756307000:7d3a3704ceb7fce4f1996b3595e796aae4d0ce40ed8dd8ebf2e12a22da533c67
point,delivery,2026-08-31,2026-08-31T14:00:00.000000Z,2026-08-31T09:00:00,EVENING,420475,548,VINA/TGP VINA AL FRANKLIN,01,TGP:420475,TGP:SEG:548,D,6564,6564.0,0.0,6564.0,False,True,,True,2026-08-31T01:46:00.000000Z,2026-08-31T14:44:23.756307Z,2026-08-31T14:44:23.756307Z,Million BTU's (displayed as Dth),7d3a3704ceb7fce4f1996b3595e796aae4d0ce40ed8dd8ebf2e12a22da533c67,https://pipeline2.kindermorgan.com/Capacity/OpAvailPoint.aspx?code=TGP,data/raw/km_tgp_point_delivery_capacity/2026/08/31/7d3a3704ceb7fce4f1996b3595e796aae4d0ce40ed8dd8ebf2e12a22da533c67.xlsx,km_tgp_point_delivery_capacity:1788187463756307000:7d3a3704ceb7fce4f1996b3595e796aae4d0ce40ed8dd8ebf2e12a22da533c67
point,delivery,2026-08-31,2026-08-31T14:00:00.000000Z,2026-08-31T09:00:00,EVENING,420485,548,COLLINWD/TGP COLLINWOOD TN WAYNE,01,TGP:420485,TGP:SEG:548,D,1731,1731.0,20.0,1711.0,False,True,,True,2026-08-31T01:46:00.000000Z,2026-08-31T14:44:23.756307Z,2026-08-31T14:44:23.756307Z,Million BTU's (displayed as Dth),7d3a3704ceb7fce4f1996b3595e796aae4d0ce40ed8dd8ebf2e12a22da533c67,https://pipeline2.kindermorgan.com/Capacity/OpAvailPoint.aspx?code=TGP,data/raw/km_tgp_point_delivery_capacity/2026/08/31/7d3a3704ceb7fce4f1996b3595e796aae4d0ce40ed8dd8ebf2e12a22da533c67.xlsx,km_tgp_point_delivery_capacity:1788187463756307000:7d3a3704ceb7fce4f1996b3595e796aae4d0ce40ed8dd8ebf2e12a22da533c67
point,delivery,2026-08-31,2026-08-31T14:00:00.000000Z,2026-08-31T09:00:00,EVENING,420646,548,N ALAGAS/TGP CHEROKEE AL SALES  2 C,01,TGP:420646,TGP:SEG:548,D,67628,67628.0,3171.0,64457.0,False,True,,True,2026-08-31T01:46:00.000000Z,2026-08-31T14:44:23.756307Z,2026-08-31T14:44:23.756307Z,Million BTU's (displayed as Dth),7d3a3704ceb7fce4f1996b3595e796aae4d0ce40ed8dd8ebf2e12a22da533c67,https://pipeline2.kindermorgan.com/Capacity/OpAvailPoint.aspx?code=TGP,data/raw/km_tgp_point_delivery_capacity/2026/08/31/7d3a3704ceb7fce4f1996b3595e796aae4d0ce40ed8dd8ebf2e12a22da533c67.xlsx,km_tgp_point_delivery_capacity:1788187463756307000:7d3a3704ceb7fce4f1996b3595e796aae4d0ce40ed8dd8ebf2e12a22da533c67
point,delivery,2026-08-31,2026-08-31T14:00:00.000000Z,2026-08-31T09:00:00,EVENING,420860,548,RUSSLVIL/TGP RUSSELLVILLE AL SALES,01,TGP:420860,TGP:SEG:548,D,22849,22849.0,65.0,22784.0,False,True,,True,2026-08-31T01:46:00.000000Z,2026-08-31T14:44:23.756307Z,2026-08-31T14:44:23.756307Z,Million BTU's (displayed as Dth),7d3a3704ceb7fce4f1996b3595e796aae4d0ce40ed8dd8ebf2e12a22da533c67,https://pipeline2.kindermorgan.com/Capacity/OpAvailPoint.aspx?code=TGP,data/raw/km_tgp_point_delivery_capacity/2026/08/31/7d3a3704ceb7fce4f1996b3595e796aae4d0ce40ed8dd8ebf2e12a22da533c67.xlsx,km_tgp_point_delivery_capacity:1788187463756307000:7d3a3704ceb7fce4f1996b3595e796aae4d0ce40ed8dd8ebf2e12a22da533c67
point,delivery,2026-08-31,2026-08-31T14:00:00.000000Z,2026-08-31T09:00:00,EVENING,420862,548,CENTRVIL/TGP SHIPPS BEND SALES HICK,01,TGP:420862,TGP:SEG:548,D,2627,2627.0,76.0,2551.0,False,True,,True,2026-08-31T01:46:00.000000Z,2026-08-31T14:44:23.756307Z,2026-08-31T14:44:23.756307Z,Million BTU's (displayed as Dth),7d3a3704ceb7fce4f1996b3595e796aae4d0ce40ed8dd8ebf2e12a22da533c67,https://pipeline2.kindermorgan.com/Capacity/OpAvailPoint.aspx?code=TGP,data/raw/km_tgp_point_delivery_capacity/2026/08/31/7d3a3704ceb7fce4f1996b3595e796aae4d0ce40ed8dd8ebf2e12a22da533c67.xlsx,km_tgp_point_delivery_capacity:1788187463756307000:7d3a3704ceb7fce4f1996b3595e796aae4d0ce40ed8dd8ebf2e12a22da533c67
point,delivery,2026-08-31,2026-08-31T14:00:00.000000Z,2026-08-31T09:00:00,EVENING,420882,548,FLORENC/TGP FLORENCE SALES LAUDERDA,01,TGP:420882,TGP:SEG:548,D,67102,67102.0,0.0,67102.0,False,True,,True,2026-08-31T01:46:00.000000Z,2026-08-31T14:44:23.756307Z,2026-08-31T14:44:23.756307Z,Million BTU's (displayed as Dth),7d3a3704ceb7fce4f1996b3595e796aae4d0ce40ed8dd8ebf2e12a22da533c67,https://pipeline2.kindermorgan.com/Capacity/OpAvailPoint.aspx?code=TGP,data/raw/km_tgp_point_delivery_capacity/2026/08/31/7d3a3704ceb7fce4f1996b3595e796aae4d0ce40ed8dd8ebf2e12a22da533c67.xlsx,km_tgp_point_delivery_capacity:1788187463756307000:7d3a3704ceb7fce4f1996b3595e796aae4d0ce40ed8dd8ebf2e12a22da533c67
point,delivery,2026-08-31,2026-08-31T14:00:00.000000Z,2026-08-31T09:00:00,EVENING,420942,548,BBT BAMA/TGP BAMAGAS COLBERT,01,TGP:420942,TGP:SEG:548,D,338250,338250.0,221749.0,116501.0,True,True,,True,2026-08-31T01:46:00.000000Z,2026-08-31T14:44:23.756307Z,2026-08-31T14:44:23.756307Z,Million BTU's (displayed as Dth),7d3a3704ceb7fce4f1996b3595e796aae4d0ce40ed8dd8ebf2e12a22da533c67,https://pipeline2.kindermorgan.com/Capacity/OpAvailPoint.aspx?code=TGP,data/raw/km_tgp_point_delivery_capacity/2026/08/31/7d3a3704ceb7fce4f1996b3595e796aae4d0ce40ed8dd8ebf2e12a22da533c67.xlsx,km_tgp_point_delivery_capacity:1788187463756307000:7d3a3704ceb7fce4f1996b3595e796aae4d0ce40ed8dd8ebf2e12a22da533c67
point,delivery,2026-08-31,2026-08-31T14:00:00.000000Z,2026-08-31T09:00:00,EVENING,421031,548,SYMMETRY/TGP COLBERT COLBERT,01,TGP:421031,TGP:SEG:548,D,97000,97000.0,17600.0,79400.0,False,True,,True,2026-08-31T01:46:00.000000Z,2026-08-31T14:44:23.756307Z,2026-08-31T14:44:23.756307Z,Million BTU's (displayed as Dth),7d3a3704ceb7fce4f1996b3595e796aae4d0ce40ed8dd8ebf2e12a22da533c67,https://pipeline2.kindermorgan.com/Capacity/OpAvailPoint.aspx?code=TGP,data/raw/km_tgp_point_delivery_capacity/2026/08/31/7d3a3704ceb7fce4f1996b3595e796aae4d0ce40ed8dd8ebf2e12a22da533c67.xlsx,km_tgp_point_delivery_capacity:1788187463756307000:7d3a3704ceb7fce4f1996b3595e796aae4d0ce40ed8dd8ebf2e12a22da533c67
point,delivery,2026-08-31,2026-08-31T14:00:00.000000Z,2026-08-31T09:00:00,EVENING,421061,548,MNROE GS/TGP MONROE GAS STORAGE REC,01,TGP:421061,TGP:SEG:548,BD,500000,500000.0,0.0,500000.0,False,True,,True,2026-08-31T01:46:00.000000Z,2026-08-31T14:44:23.756307Z,2026-08-31T14:44:23.756307Z,Million BTU's (displayed as Dth),7d3a3704ceb7fce4f1996b3595e796aae4d0ce40ed8dd8ebf2e12a22da533c67,https://pipeline2.kindermorgan.com/Capacity/OpAvailPoint.aspx?code=TGP,data/raw/km_tgp_point_delivery_capacity/2026/08/31/7d3a3704ceb7fce4f1996b3595e796aae4d0ce40ed8dd8ebf2e12a22da533c67.xlsx,km_tgp_point_delivery_capacity:1788187463756307000:7d3a3704ceb7fce4f1996b3595e796aae4d0ce40ed8dd8ebf2e12a22da533c67
point,delivery,2026-08-31,2026-08-31T14:00:00.000000Z,2026-08-31T09:00:00,EVENING,48033,548,BBTBAMA/TGP FAYETTE VERNON LAMAR,01,TGP:48033,TGP:SEG:548,D,30750,30750.0,30151.0,599.0,False,True,,True,2026-08-31T01:46:00.000000Z,2026-08-31T14:44:23.756307Z,2026-08-31T14:44:23.756307Z,Million BTU's (displayed as Dth),7d3a3704ceb7fce4f1996b3595e796aae4d0ce40ed8dd8ebf2e12a22da533c67,https://pipeline2.kindermorgan.com/Capacity/OpAvailPoint.aspx?code=TGP,data/raw/km_tgp_point_delivery_capacity/2026/08/31/7d3a3704ceb7fce4f1996b3595e796aae4d0ce40ed8dd8ebf2e12a22da533c67.xlsx,km_tgp_point_delivery_capacity:1788187463756307000:7d3a3704ceb7fce4f1996b3595e796aae4d0ce40ed8dd8ebf2e12a22da533c67
point,delivery,2026-08-31,2026-08-31T14:00:00.000000Z,2026-08-31T09:00:00,EVENING,55544,548,BBT ALTN/TGP BARTON TVA DELIVERY CO,01,TGP:55544,TGP:SEG:548,D,328000,328000.0,62000.0,266000.0,False,True,,True,2026-08-31T01:46:00.000000Z,2026-08-31T14:44:23.756307Z,2026-08-31T14:44:23.756307Z,Million BTU's (displayed as Dth),7d3a3704ceb7fce4f1996b3595e796aae4d0ce40ed8dd8ebf2e12a22da533c67,https://pipeline2.kindermorgan.com/Capacity/OpAvailPoint.aspx?code=TGP,data/raw/km_tgp_point_delivery_capacity/2026/08/31/7d3a3704ceb7fce4f1996b3595e796aae4d0ce40ed8dd8ebf2e12a22da533c67.xlsx,km_tgp_point_delivery_capacity:1788187463756307000:7d3a3704ceb7fce4f1996b3595e796aae4d0ce40ed8dd8ebf2e12a22da533c67
point,delivery,2026-08-31,2026-08-31T14:00:00.000000Z,2026-08-31T09:00:00,EVENING,420723,700,ETP/TGP CARTHAGE GAS UNIT 13 PANOLA,00,TGP:420723,TGP:SEG:700,BD,104961,104961.0,0.0,104961.0,False,True,,True,2026-08-31T01:46:00.000000Z,2026-08-31T14:44:23.756307Z,2026-08-31T14:44:23.756307Z,Million BTU's (displayed as Dth),7d3a3704ceb7fce4f1996b3595e796aae4d0ce40ed8dd8ebf2e12a22da533c67,https://pipeline2.kindermorgan.com/Capacity/OpAvailPoint.aspx?code=TGP,data/raw/km_tgp_point_delivery_capacity/2026/08/31/7d3a3704ceb7fce4f1996b3595e796aae4d0ce40ed8dd8ebf2e12a22da533c67.xlsx,km_tgp_point_delivery_capacity:1788187463756307000:7d3a3704ceb7fce4f1996b3595e796aae4d0ce40ed8dd8ebf2e12a22da533c67
point,delivery,2026-08-31,2026-08-31T14:00:00.000000Z,2026-08-31T09:00:00,EVENING,412013,820,ENTRPRSE/TGP SABINE RIVER TRANS NEW,L,TGP:412013,TGP:SEG:820,BD,257258,257258.0,0.0,257258.0,False,True,,True,2026-08-31T01:46:00.000000Z,2026-08-31T14:44:23.756307Z,2026-08-31T14:44:23.756307Z,Million BTU's (displayed as Dth),7d3a3704ceb7fce4f1996b3595e796aae4d0ce40ed8dd8ebf2e12a22da533c67,https://pipeline2.kindermorgan.com/Capacity/OpAvailPoint.aspx?code=TGP,data/raw/km_tgp_point_delivery_capacity/2026/08/31/7d3a3704ceb7fce4f1996b3595e796aae4d0ce40ed8dd8ebf2e12a22da533c67.xlsx,km_tgp_point_delivery_capacity:1788187463756307000:7d3a3704ceb7fce4f1996b3595e796aae4d0ce40ed8dd8ebf2e12a22da533c67
point,delivery,2026-08-31,2026-08-31T14:00:00.000000Z,2026-08-31T09:00:00,EVENING,412737,820,CAM IPL/TGP DE QUINCY GAS STORAGE C,L,TGP:412737,TGP:SEG:820,BD,700000,700000.0,0.0,700000.0,False,True,,True,2026-08-31T01:46:00.000000Z,2026-08-31T14:44:23.756307Z,2026-08-31T14:44:23.756307Z,Million BTU's (displayed as Dth),7d3a3704ceb7fce4f1996b3595e796aae4d0ce40ed8dd8ebf2e12a22da533c67,https://pipeline2.kindermorgan.com/Capacity/OpAvailPoint.aspx?code=TGP,data/raw/km_tgp_point_delivery_capacity/2026/08/31/7d3a3704ceb7fce4f1996b3595e796aae4d0ce40ed8dd8ebf2e12a22da533c67.xlsx,km_tgp_point_delivery_capacity:1788187463756307000:7d3a3704ceb7fce4f1996b3595e796aae4d0ce40ed8dd8ebf2e12a22da533c67
point,delivery,2026-08-31,2026-08-31T14:00:00.000000Z,2026-08-31T09:00:00,EVENING,420581,820,BDWKLAGT/TGP BECKWITH CREEK CALCASI,L,TGP:420581,TGP:SEG:820,D,175565,175565.0,0.0,175565.0,False,True,,True,2026-08-31T01:46:00.000000Z,2026-08-31T14:44:23.756307Z,2026-08-31T14:44:23.756307Z,Million BTU's (displayed as Dth),7d3a3704ceb7fce4f1996b3595e796aae4d0ce40ed8dd8ebf2e12a22da533c67,https://pipeline2.kindermorgan.com/Capacity/OpAvailPoint.aspx?code=TGP,data/raw/km_tgp_point_delivery_capacity/2026/08/31/7d3a3704ceb7fce4f1996b3595e796aae4d0ce40ed8dd8ebf2e12a22da533c67.xlsx,km_tgp_point_delivery_capacity:1788187463756307000:7d3a3704ceb7fce4f1996b3595e796aae4d0ce40ed8dd8ebf2e12a22da533c67
point,delivery,2026-08-31,2026-08-31T14:00:00.000000Z,2026-08-31T09:00:00,EVENING,49446,820,CAM IPL/TGP BANKEN RD AT  HWY 27 DE,L,TGP:49446,TGP:SEG:820,D,1076250,1076250.0,859187.0,217063.0,False,True,,True,2026-08-31T01:46:00.000000Z,2026-08-31T14:44:23.756307Z,2026-08-31T14:44:23.756307Z,Million BTU's (displayed as Dth),7d3a3704ceb7fce4f1996b3595e796aae4d0ce40ed8dd8ebf2e12a22da533c67,https://pipeline2.kindermorgan.com/Capacity/OpAvailPoint.aspx?code=TGP,data/raw/km_tgp_point_delivery_capacity/2026/08/31/7d3a3704ceb7fce4f1996b3595e796aae4d0ce40ed8dd8ebf2e12a22da533c67.xlsx,km_tgp_point_delivery_capacity:1788187463756307000:7d3a3704ceb7fce4f1996b3595e796aae4d0ce40ed8dd8ebf2e12a22da533c67
point,delivery,2026-08-31,2026-08-31T14:00:00.000000Z,2026-08-31T09:00:00,EVENING,420227,822,COKINOS/TGP KING FARM LA JEFFERSON,L,TGP:420227,TGP:SEG:822,D,2987,2987.0,0.0,2987.0,False,True,,True,2026-08-31T01:46:00.000000Z,2026-08-31T14:44:23.756307Z,2026-08-31T14:44:23.756307Z,Million BTU's (displayed as Dth),7d3a3704ceb7fce4f1996b3595e796aae4d0ce40ed8dd8ebf2e12a22da533c67,https://pipeline2.kindermorgan.com/Capacity/OpAvailPoint.aspx?code=TGP,data/raw/km_tgp_point_delivery_capacity/2026/08/31/7d3a3704ceb7fce4f1996b3595e796aae4d0ce40ed8dd8ebf2e12a22da533c67.xlsx,km_tgp_point_delivery_capacity:1788187463756307000:7d3a3704ceb7fce4f1996b3595e796aae4d0ce40ed8dd8ebf2e12a22da533c67
point,delivery,2026-08-31,2026-08-31T14:00:00.000000Z,2026-08-31T09:00:00,EVENING,420473,822,TRUNKLNE/TGP KINDER LA EXCH JEFFERS,L,TGP:420473,TGP:SEG:822,D,587454,587454.0,0.0,587454.0,False,True,,True,2026-08-31T01:46:00.000000Z,2026-08-31T14:44:23.756307Z,2026-08-31T14:44:23.756307Z,Million BTU's (displayed as Dth),7d3a3704ceb7fce4f1996b3595e796aae4d0ce40ed8dd8ebf2e12a22da533c67,https://pipeline2.kindermorgan.com/Capacity/OpAvailPoint.aspx?code=TGP,data/raw/km_tgp_point_delivery_capacity/2026/08/31/7d3a3704ceb7fce4f1996b3595e796aae4d0ce40ed8dd8ebf2e12a22da533c67.xlsx,km_tgp_point_delivery_capacity:1788187463756307000:7d3a3704ceb7fce4f1996b3595e796aae4d0ce40ed8dd8ebf2e12a22da533c67
point,delivery,2026-08-31,2026-08-31T14:00:00.000000Z,2026-08-31T09:00:00,EVENING,420296,823,FORSTHIL/TGP FOREST HILL LA RAPIDES,L,TGP:420296,TGP:SEG:823,D,3402,3402.0,17.0,3385.0,False,True,,True,2026-08-31T01:46:00.000000Z,2026-08-31T14:44:23.756307Z,2026-08-31T14:44:23.756307Z,Million BTU's (displayed as Dth),7d3a3704ceb7fce4f1996b3595e796aae4d0ce40ed8dd8ebf2e12a22da533c67,https://pipeline2.kindermorgan.com/Capacity/OpAvailPoint.aspx?code=TGP,data/raw/km_tgp_point_delivery_capacity/2026/08/31/7d3a3704ceb7fce4f1996b3595e796aae4d0ce40ed8dd8ebf2e12a22da533c67.xlsx,km_tgp_point_delivery_capacity:1788187463756307000:7d3a3704ceb7fce4f1996b3595e796aae4d0ce40ed8dd8ebf2e12a22da533c67
point,delivery,2026-08-31,2026-08-31T14:00:00.000000Z,2026-08-31T09:00:00,EVENING,420406,823,ELIZ NG/TGP ELIZABETH LA EMERGENCY,L,TGP:420406,TGP:SEG:823,D,10071,10071.0,110.0,9961.0,False,True,,True,2026-08-31T01:46:00.000000Z,2026-08-31T14:44:23.756307Z,2026-08-31T14:44:23.756307Z,Million BTU's (displayed as Dth),7d3a3704ceb7fce4f1996b3595e796aae4d0ce40ed8dd8ebf2e12a22da533c67,https://pipeline2.kindermorgan.com/Capacity/OpAvailPoint.aspx?code=TGP,data/raw/km_tgp_point_delivery_capacity/2026/08/31/7d3a3704ceb7fce4f1996b3595e796aae4d0ce40ed8dd8ebf2e12a22da533c67.xlsx,km_tgp_point_delivery_capacity:1788187463756307000:7d3a3704ceb7fce4f1996b3595e796aae4d0ce40ed8dd8ebf2e12a22da533c67
point,delivery,2026-08-31,2026-08-31T14:00:00.000000Z,2026-08-31T09:00:00,EVENING,420447,823,PELICANG/TGP HARRISONBURG LA CATAHO,L,TGP:420447,TGP:SEG:823,D,3287,3287.0,43.0,3244.0,False,True,,True,2026-08-31T01:46:00.000000Z,2026-08-31T14:44:23.756307Z,2026-08-31T14:44:23.756307Z,Million BTU's (displayed as Dth),7d3a3704ceb7fce4f1996b3595e796aae4d0ce40ed8dd8ebf2e12a22da533c67,https://pipeline2.kindermorgan.com/Capacity/OpAvailPoint.aspx?code=TGP,data/raw/km_tgp_point_delivery_capacity/2026/08/31/7d3a3704ceb7fce4f1996b3595e796aae4d0ce40ed8dd8ebf2e12a22da533c67.xlsx,km_tgp_point_delivery_capacity:1788187463756307000:7d3a3704ceb7fce4f1996b3595e796aae4d0ce40ed8dd8ebf2e12a22da533c67
point,delivery,2026-08-31,2026-08-31T14:00:00.000000Z,2026-08-31T09:00:00,EVENING,420530,823,DELTA LA/TGP GLENMORA LA EXCH RAPID,L,TGP:420530,TGP:SEG:823,D,4909,4909.0,1.0,4908.0,False,True,,True,2026-08-31T01:46:00.000000Z,2026-08-31T14:44:23.756307Z,2026-08-31T14:44:23.756307Z,Million BTU's (displayed as Dth),7d3a3704ceb7fce4f1996b3595e796aae4d0ce40ed8dd8ebf2e12a22da533c67,https://pipeline2.kindermorgan.com/Capacity/OpAvailPoint.aspx?code=TGP,data/raw/km_tgp_point_delivery_capacity/2026/08/31/7d3a3704ceb7fce4f1996b3595e796aae4d0ce40ed8dd8ebf2e12a22da533c67.xlsx,km_tgp_point_delivery_capacity:1788187463756307000:7d3a3704ceb7fce4f1996b3595e796aae4d0ce40ed8dd8ebf2e12a22da533c67
point,delivery,2026-08-31,2026-08-31T14:00:00.000000Z,2026-08-31T09:00:00,EVENING,420629,823,ELIZ NG/TGP OAKDALE DETENTION SALES,L,TGP:420629,TGP:SEG:823,D,9818,9818.0,110.0,9708.0,False,True,,True,2026-08-31T01:46:00.000000Z,2026-08-31T14:44:23.756307Z,2026-08-31T14:44:23.756307Z,Million BTU's (displayed as Dth),7d3a3704ceb7fce4f1996b3595e796aae4d0ce40ed8dd8ebf2e12a22da533c67,https://pipeline2.kindermorgan.com/Capacity/OpAvailPoint.aspx?code=TGP,data/raw/km_tgp_point_delivery_capacity/2026/08/31/7d3a3704ceb7fce4f1996b3595e796aae4d0ce40ed8dd8ebf2e12a22da533c67.xlsx,km_tgp_point_delivery_capacity:1788187463756307000:7d3a3704ceb7fce4f1996b3595e796aae4d0ce40ed8dd8ebf2e12a22da533c67
point,delivery,2026-08-31,2026-08-31T14:00:00.000000Z,2026-08-31T09:00:00,EVENING,420687,823,ELIZ NG/TGP ALLEN PARISH PRISON SAL,L,TGP:420687,TGP:SEG:823,D,4526,4526.0,110.0,4416.0,False,True,,True,2026-08-31T01:46:00.000000Z,2026-08-31T14:44:23.756307Z,2026-08-31T14:44:23.756307Z,Million BTU's (displayed as Dth),7d3a3704ceb7fce4f1996b3595e796aae4d0ce40ed8dd8ebf2e12a22da533c67,https://pipeline2.kindermorgan.com/Capacity/OpAvailPoint.aspx?code=TGP,data/raw/km_tgp_point_delivery_capacity/2026/08/31/7d3a3704ceb7fce4f1996b3595e796aae4d0ce40ed8dd8ebf2e12a22da533c67.xlsx,km_tgp_point_delivery_capacity:1788187463756307000:7d3a3704ceb7fce4f1996b3595e796aae4d0ce40ed8dd8ebf2e12a22da533c67
point,delivery,2026-08-31,2026-08-31T14:00:00.000000Z,2026-08-31T09:00:00,EVENING,420755,823,ATMOS TL/TGP LASALLE PARISH NEBO SA,L,TGP:420755,TGP:SEG:823,D,200,200.0,15.0,185.0,False,True,,True,2026-08-31T01:46:00.000000Z,2026-08-31T14:44:23.756307Z,2026-08-31T14:44:23.756307Z,Million BTU's (displayed as Dth),7d3a3704ceb7fce4f1996b3595e796aae4d0ce40ed8dd8ebf2e12a22da533c67,https://pipeline2.kindermorgan.com/Capacity/OpAvailPoint.aspx?code=TGP,data/raw/km_tgp_point_delivery_capacity/2026/08/31/7d3a3704ceb7fce4f1996b3595e796aae4d0ce40ed8dd8ebf2e12a22da533c67.xlsx,km_tgp_point_delivery_capacity:1788187463756307000:7d3a3704ceb7fce4f1996b3595e796aae4d0ce40ed8dd8ebf2e12a22da533c67
point,delivery,2026-08-31,2026-08-31T14:00:00.000000Z,2026-08-31T09:00:00,EVENING,420920,823,XH/TGP NEBO HEMPHILL GAS PLANT LA S,L,TGP:420920,TGP:SEG:823,D,5039,5039.0,0.0,5039.0,False,True,,True,2026-08-31T01:46:00.000000Z,2026-08-31T14:44:23.756307Z,2026-08-31T14:44:23.756307Z,Million BTU's (displayed as Dth),7d3a3704ceb7fce4f1996b3595e796aae4d0ce40ed8dd8ebf2e12a22da533c67,https://pipeline2.kindermorgan.com/Capacity/OpAvailPoint.aspx?code=TGP,data/raw/km_tgp_point_delivery_capacity/2026/08/31/7d3a3704ceb7fce4f1996b3595e796aae4d0ce40ed8dd8ebf2e12a22da533c67.xlsx,km_tgp_point_delivery_capacity:1788187463756307000:7d3a3704ceb7fce4f1996b3595e796aae4d0ce40ed8dd8ebf2e12a22da533c67
point,delivery,2026-08-31,2026-08-31T14:00:00.000000Z,2026-08-31T09:00:00,EVENING,421034,823,ANR/TGP RAPIDES RAPIDES,L,TGP:421034,TGP:SEG:823,BD,365000,365000.0,0.0,365000.0,False,True,,True,2026-08-31T01:46:00.000000Z,2026-08-31T14:44:23.756307Z,2026-08-31T14:44:23.756307Z,Million BTU's (displayed as Dth),7d3a3704ceb7fce4f1996b3595e796aae4d0ce40ed8dd8ebf2e12a22da533c67,https://pipeline2.kindermorgan.com/Capacity/OpAvailPoint.aspx?code=TGP,data/raw/km_tgp_point_delivery_capacity/2026/08/31/7d3a3704ceb7fce4f1996b3595e796aae4d0ce40ed8dd8ebf2e12a22da533c67.xlsx,km_tgp_point_delivery_capacity:1788187463756307000:7d3a3704ceb7fce4f1996b3595e796aae4d0ce40ed8dd8ebf2e12a22da533c67
point,delivery,2026-08-31,2026-08-31T14:00:00.000000Z,2026-08-31T09:00:00,EVENING,421042,823,ELIZ NG/TGP EVANGELINE SALES EVANGE,L,TGP:421042,TGP:SEG:823,D,6020,6020.0,820.0,5200.0,False,True,,True,2026-08-31T01:46:00.000000Z,2026-08-31T14:44:23.756307Z,2026-08-31T14:44:23.756307Z,Million BTU's (displayed as Dth),7d3a3704ceb7fce4f1996b3595e796aae4d0ce40ed8dd8ebf2e12a22da533c67,https://pipeline2.kindermorgan.com/Capacity/OpAvailPoint.aspx?code=TGP,data/raw/km_tgp_point_delivery_capacity/2026/08/31/7d3a3704ceb7fce4f1996b3595e796aae4d0ce40ed8dd8ebf2e12a22da533c67.xlsx,km_tgp_point_delivery_capacity:1788187463756307000:7d3a3704ceb7fce4f1996b3595e796aae4d0ce40ed8dd8ebf2e12a22da533c67
point,delivery,2026-08-31,2026-08-31T14:00:00.000000Z,2026-08-31T09:00:00,EVENING,421043,823,PINE PRA/TGP PINE PRAIRIE NORTH RAP,L,TGP:421043,TGP:SEG:823,BD,630375,200000.0,23625.0,176375.0,False,True,,True,2026-08-31T01:46:00.000000Z,2026-08-31T14:44:23.756307Z,2026-08-31T14:44:23.756307Z,Million BTU's (displayed as Dth),7d3a3704ceb7fce4f1996b3595e796aae4d0ce40ed8dd8ebf2e12a22da533c67,https://pipeline2.kindermorgan.com/Capacity/OpAvailPoint.aspx?code=TGP,data/raw/km_tgp_point_delivery_capacity/2026/08/31/7d3a3704ceb7fce4f1996b3595e796aae4d0ce40ed8dd8ebf2e12a22da533c67.xlsx,km_tgp_point_delivery_capacity:1788187463756307000:7d3a3704ceb7fce4f1996b3595e796aae4d0ce40ed8dd8ebf2e12a22da533c67
point,delivery,2026-08-31,2026-08-31T14:00:00.000000Z,2026-08-31T09:00:00,EVENING,53486,823,AIRLIQAT/TGP TIMBERLANE BIOGAS BUYB,L,TGP:53486,TGP:SEG:823,D,635,635.0,280.0,355.0,False,True,,True,2026-08-31T01:46:00.000000Z,2026-08-31T14:44:23.756307Z,2026-08-31T14:44:23.756307Z,Million BTU's (displayed as Dth),7d3a3704ceb7fce4f1996b3595e796aae4d0ce40ed8dd8ebf2e12a22da533c67,https://pipeline2.kindermorgan.com/Capacity/OpAvailPoint.aspx?code=TGP,data/raw/km_tgp_point_delivery_capacity/2026/08/31/7d3a3704ceb7fce4f1996b3595e796aae4d0ce40ed8dd8ebf2e12a22da533c67.xlsx,km_tgp_point_delivery_capacity:1788187463756307000:7d3a3704ceb7fce4f1996b3595e796aae4d0ce40ed8dd8ebf2e12a22da533c67
point,delivery,2026-08-31,2026-08-31T14:00:00.000000Z,2026-08-31T09:00:00,EVENING,420211,834,ATMOS-MS/TGP GREENWOOD MS LEFLORE,01,TGP:420211,TGP:SEG:834,D,36587,36587.0,0.0,36587.0,False,True,,True,2026-08-31T01:46:00.000000Z,2026-08-31T14:44:23.756307Z,2026-08-31T14:44:23.756307Z,Million BTU's (displayed as Dth),7d3a3704ceb7fce4f1996b3595e796aae4d0ce40ed8dd8ebf2e12a22da533c67,https://pipeline2.kindermorgan.com/Capacity/OpAvailPoint.aspx?code=TGP,data/raw/km_tgp_point_delivery_capacity/2026/08/31/7d3a3704ceb7fce4f1996b3595e796aae4d0ce40ed8dd8ebf2e12a22da533c67.xlsx,km_tgp_point_delivery_capacity:1788187463756307000:7d3a3704ceb7fce4f1996b3595e796aae4d0ce40ed8dd8ebf2e12a22da533c67
point,delivery,2026-08-31,2026-08-31T14:00:00.000000Z,2026-08-31T09:00:00,EVENING,420279,834,ATMOS TL/TGP CROWVILLE LA FRANKLIN,01,TGP:420279,TGP:SEG:834,D,3756,3756.0,15.0,3741.0,False,True,,True,2026-08-31T01:46:00.000000Z,2026-08-31T14:44:23.756307Z,2026-08-31T14:44:23.756307Z,Million BTU's (displayed as Dth),7d3a3704ceb7fce4f1996b3595e796aae4d0ce40ed8dd8ebf2e12a22da533c67,https://pipeline2.kindermorgan.com/Capacity/OpAvailPoint.aspx?code=TGP,data/raw/km_tgp_point_delivery_capacity/2026/08/31/7d3a3704ceb7fce4f1996b3595e796aae4d0ce40ed8dd8ebf2e12a22da533c67.xlsx,km_tgp_point_delivery_capacity:1788187463756307000:7d3a3704ceb7fce4f1996b3595e796aae4d0ce40ed8dd8ebf2e12a22da533c67
point,delivery,2026-08-31,2026-08-31T14:00:00.000000Z,2026-08-31T09:00:00,EVENING,420328,834,ATMOS-MS/TGP HARDY STA MS GRENADA,01,TGP:420328,TGP:SEG:834,D,14308,14308.0,105.0,14203.0,False,True,,True,2026-08-31T01:46:00.000000Z,2026-08-31T14:44:23.756307Z,2026-08-31T14:44:23.756307Z,Million BTU's (displayed as Dth),7d3a3704ceb7fce4f1996b3595e796aae4d0ce40ed8dd8ebf2e12a22da533c67,https://pipeline2.kindermorgan.com/Capacity/OpAvailPoint.aspx?code=TGP,data/raw/km_tgp_point_delivery_capacity/2026/08/31/7d3a3704ceb7fce4f1996b3595e796aae4d0ce40ed8dd8ebf2e12a22da533c67.xlsx,km_tgp_point_delivery_capacity:1788187463756307000:7d3a3704ceb7fce4f1996b3595e796aae4d0ce40ed8dd8ebf2e12a22da533c67
point,delivery,2026-08-31,2026-08-31T14:00:00.000000Z,2026-08-31T09:00:00,EVENING,420441,834,ATMOS TL/TGP TRANSYLVANIA LA EAST C,01,TGP:420441,TGP:SEG:834,D,4585,4585.0,10.0,4575.0,False,True,,True,2026-08-31T01:46:00.000000Z,2026-08-31T14:44:23.756307Z,2026-08-31T14:44:23.756307Z,Million BTU's (displayed as Dth),7d3a3704ceb7fce4f1996b3595e796aae4d0ce40ed8dd8ebf2e12a22da533c67,https://pipeline2.kindermorgan.com/Capacity/OpAvailPoint.aspx?code=TGP,data/raw/km_tgp_point_delivery_capacity/2026/08/31/7d3a3704ceb7fce4f1996b3595e796aae4d0ce40ed8dd8ebf2e12a22da533c67.xlsx,km_tgp_point_delivery_capacity:1788187463756307000:7d3a3704ceb7fce4f1996b3595e796aae4d0ce40ed8dd8ebf2e12a22da533c67
point,delivery,2026-08-31,2026-08-31T14:00:00.000000Z,2026-08-31T09:00:00,EVENING,420506,834,ATMOS-MS/TGP HOLCOMB MS GRENADA,01,TGP:420506,TGP:SEG:834,D,1189,1189.0,0.0,1189.0,False,True,,True,2026-08-31T01:46:00.000000Z,2026-08-31T14:44:23.756307Z,2026-08-31T14:44:23.756307Z,Million BTU's (displayed as Dth),7d3a3704ceb7fce4f1996b3595e796aae4d0ce40ed8dd8ebf2e12a22da533c67,https://pipeline2.kindermorgan.com/Capacity/OpAvailPoint.aspx?code=TGP,data/raw/km_tgp_point_delivery_capacity/2026/08/31/7d3a3704ceb7fce4f1996b3595e796aae4d0ce40ed8dd8ebf2e12a22da533c67.xlsx,km_tgp_point_delivery_capacity:1788187463756307000:7d3a3704ceb7fce4f1996b3595e796aae4d0ce40ed8dd8ebf2e12a22da533c67
point,delivery,2026-08-31,2026-08-31T14:00:00.000000Z,2026-08-31T09:00:00,EVENING,49554,834,BBTMIDLA/TGP NORTH PEOPLES RD FRANK,01,TGP:49554,TGP:SEG:834,D,51250,51250.0,1724.0,49526.0,False,True,,True,2026-08-31T01:46:00.000000Z,2026-08-31T14:44:23.756307Z,2026-08-31T14:44:23.756307Z,Million BTU's (displayed as Dth),7d3a3704ceb7fce4f1996b3595e796aae4d0ce40ed8dd8ebf2e12a22da533c67,https://pipeline2.kindermorgan.com/Capacity/OpAvailPoint.aspx?code=TGP,data/raw/km_tgp_point_delivery_capacity/2026/08/31/7d3a3704ceb7fce4f1996b3595e796aae4d0ce40ed8dd8ebf2e12a22da533c67.xlsx,km_tgp_point_delivery_capacity:1788187463756307000:7d3a3704ceb7fce4f1996b3595e796aae4d0ce40ed8dd8ebf2e12a22da533c67
point,delivery,2026-08-31,2026-08-31T14:00:00.000000Z,2026-08-31T09:00:00,EVENING,420046,847,SYMMETRY/TGP RIPLEY MS TIPPAH,01,TGP:420046,TGP:SEG:847,D,17395,17395.0,3800.0,13595.0,False,True,,True,2026-08-31T01:46:00.000000Z,2026-08-31T14:44:23.756307Z,2026-08-31T14:44:23.756307Z,Million BTU's (displayed as Dth),7d3a3704ceb7fce4f1996b3595e796aae4d0ce40ed8dd8ebf2e12a22da533c67,https://pipeline2.kindermorgan.com/Capacity/OpAvailPoint.aspx?code=TGP,data/raw/km_tgp_point_delivery_capacity/2026/08/31/7d3a3704ceb7fce4f1996b3595e796aae4d0ce40ed8dd8ebf2e12a22da533c67.xlsx,km_tgp_point_delivery_capacity:1788187463756307000:7d3a3704ceb7fce4f1996b3595e796aae4d0ce40ed8dd8ebf2e12a22da533c67
point,delivery,2026-08-31,2026-08-31T14:00:00.000000Z,2026-08-31T09:00:00,EVENING,420047,847,NEWALBNY/TGP NEW ALBANY MS UNION,01,TGP:420047,TGP:SEG:847,D,14162,14162.0,1000.0,13162.0,False,True,,True,2026-08-31T01:46:00.000000Z,2026-08-31T14:44:23.756307Z,2026-08-31T14:44:23.756307Z,Million BTU's (displayed as Dth),7d3a3704ceb7fce4f1996b3595e796aae4d0ce40ed8dd8ebf2e12a22da533c67,https://pipeline2.kindermorgan.com/Capacity/OpAvailPoint.aspx?code=TGP,data/raw/km_tgp_point_delivery_capacity/2026/08/31/7d3a3704ceb7fce4f1996b3595e796aae4d0ce40ed8dd8ebf2e12a22da533c67.xlsx,km_tgp_point_delivery_capacity:1788187463756307000:7d3a3704ceb7fce4f1996b3595e796aae4d0ce40ed8dd8ebf2e12a22da533c67
point,delivery,2026-08-31,2026-08-31T14:00:00.000000Z,2026-08-31T09:00:00,EVENING,420058,847,BBT ALTN/TGP CORINTH MS ALCORN,01,TGP:420058,TGP:SEG:847,D,116073,116073.0,106.0,115967.0,False,True,,True,2026-08-31T01:46:00.000000Z,2026-08-31T14:44:23.756307Z,2026-08-31T14:44:23.756307Z,Million BTU's (displayed as Dth),7d3a3704ceb7fce4f1996b3595e796aae4d0ce40ed8dd8ebf2e12a22da533c67,https://pipeline2.kindermorgan.com/Capacity/OpAvailPoint.aspx?code=TGP,data/raw/km_tgp_point_delivery_capacity/2026/08/31/7d3a3704ceb7fce4f1996b3595e796aae4d0ce40ed8dd8ebf2e12a22da533c67.xlsx,km_tgp_point_delivery_capacity:1788187463756307000:7d3a3704ceb7fce4f1996b3595e796aae4d0ce40ed8dd8ebf2e12a22da533c67
point,delivery,2026-08-31,2026-08-31T14:00:00.000000Z,2026-08-31T09:00:00,EVENING,420215,847,DELTAMS/TGP COFFEEVILLE MS YALOBUSH,01,TGP:420215,TGP:SEG:847,D,4223,4223.0,8.0,4215.0,False,True,,True,2026-08-31T01:46:00.000000Z,2026-08-31T14:44:23.756307Z,2026-08-31T14:44:23.756307Z,Million BTU's (displayed as Dth),7d3a3704ceb7fce4f1996b3595e796aae4d0ce40ed8dd8ebf2e12a22da533c67,https://pipeline2.kindermorgan.com/Capacity/OpAvailPoint.aspx?code=TGP,data/raw/km_tgp_point_delivery_capacity/2026/08/31/7d3a3704ceb7fce4f1996b3595e796aae4d0ce40ed8dd8ebf2e12a22da533c67.xlsx,km_tgp_point_delivery_capacity:1788187463756307000:7d3a3704ceb7fce4f1996b3595e796aae4d0ce40ed8dd8ebf2e12a22da533c67
point,delivery,2026-08-31,2026-08-31T14:00:00.000000Z,2026-08-31T09:00:00,EVENING,420223,847,SAVANNAH/TGP SAVANNAH TN HARDIN,01,TGP:420223,TGP:SEG:847,D,16422,16422.0,600.0,15822.0,False,True,,True,2026-08-31T01:46:00.000000Z,2026-08-31T14:44:23.756307Z,2026-08-31T14:44:23.756307Z,Million BTU's (displayed as Dth),7d3a3704ceb7fce4f1996b3595e796aae4d0ce40ed8dd8ebf2e12a22da533c67,https://pipeline2.kindermorgan.com/Capacity/OpAvailPoint.aspx?code=TGP,data/raw/km_tgp_point_delivery_capacity/2026/08/31/7d3a3704ceb7fce4f1996b3595e796aae4d0ce40ed8dd8ebf2e12a22da533c67.xlsx,km_tgp_point_delivery_capacity:1788187463756307000:7d3a3704ceb7fce4f1996b3595e796aae4d0ce40ed8dd8ebf2e12a22da533c67
point,delivery,2026-08-31,2026-08-31T14:00:00.000000Z,2026-08-31T09:00:00,EVENING,420276,847,BLDWYN/TGP BALDWYN MS TIPPAH,01,TGP:420276,TGP:SEG:847,D,11035,11035.0,193.0,10842.0,False,True,,True,2026-08-31T01:46:00.000000Z,2026-08-31T14:44:23.756307Z,2026-08-31T14:44:23.756307Z,Million BTU's (displayed as Dth),7d3a3704ceb7fce4f1996b3595e796aae4d0ce40ed8dd8ebf2e12a22da533c67,https://pipeline2.kindermorgan.com/Capacity/OpAvailPoint.aspx?code=TGP,data/raw/km_tgp_point_delivery_capacity/2026/08/31/7d3a3704ceb7fce4f1996b3595e796aae4d0ce40ed8dd8ebf2e12a22da533c67.xlsx,km_tgp_point_delivery_capacity:1788187463756307000:7d3a3704ceb7fce4f1996b3595e796aae4d0ce40ed8dd8ebf2e12a22da533c67
point,delivery,2026-08-31,2026-08-31T14:00:00.000000Z,2026-08-31T09:00:00,EVENING,420282,847,NEWALBNY/TGP COTTON PLANT MS UNION,01,TGP:420282,TGP:SEG:847,D,16964,16964.0,0.0,16964.0,False,True,,True,2026-08-31T01:46:00.000000Z,2026-08-31T14:44:23.756307Z,2026-08-31T14:44:23.756307Z,Million BTU's (displayed as Dth),7d3a3704ceb7fce4f1996b3595e796aae4d0ce40ed8dd8ebf2e12a22da533c67,https://pipeline2.kindermorgan.com/Capacity/OpAvailPoint.aspx?code=TGP,data/raw/km_tgp_point_delivery_capacity/2026/08/31/7d3a3704ceb7fce4f1996b3595e796aae4d0ce40ed8dd8ebf2e12a22da533c67.xlsx,km_tgp_point_delivery_capacity:1788187463756307000:7d3a3704ceb7fce4f1996b3595e796aae4d0ce40ed8dd8ebf2e12a22da533c67
point,delivery,2026-08-31,2026-08-31T14:00:00.000000Z,2026-08-31T09:00:00,EVENING,420362,847,UTILMGMT/TGP PONTOTOC MS UNION,01,TGP:420362,TGP:SEG:847,D,14457,14457.0,325.0,14132.0,False,True,,True,2026-08-31T01:46:00.000000Z,2026-08-31T14:44:23.756307Z,2026-08-31T14:44:23.756307Z,Million BTU's (displayed as Dth),7d3a3704ceb7fce4f1996b3595e796aae4d0ce40ed8dd8ebf2e12a22da533c67,https://pipeline2.kindermorgan.com/Capacity/OpAvailPoint.aspx?code=TGP,data/raw/km_tgp_point_delivery_capacity/2026/08/31/7d3a3704ceb7fce4f1996b3595e796aae4d0ce40ed8dd8ebf2e12a22da533c67.xlsx,km_tgp_point_delivery_capacity:1788187463756307000:7d3a3704ceb7fce4f1996b3595e796aae4d0ce40ed8dd8ebf2e12a22da533c67
point,delivery,2026-08-31,2026-08-31T14:00:00.000000Z,2026-08-31T09:00:00,EVENING,420429,847,BOONEVIL/TGP BOONEVILLE MS TIPPAH,01,TGP:420429,TGP:SEG:847,D,18902,18902.0,520.0,18382.0,False,True,,True,2026-08-31T01:46:00.000000Z,2026-08-31T14:44:23.756307Z,2026-08-31T14:44:23.756307Z,Million BTU's (displayed as Dth),7d3a3704ceb7fce4f1996b3595e796aae4d0ce40ed8dd8ebf2e12a22da533c67,https://pipeline2.kindermorgan.com/Capacity/OpAvailPoint.aspx?code=TGP,data/raw/km_tgp_point_delivery_capacity/2026/08/31/7d3a3704ceb7fce4f1996b3595e796aae4d0ce40ed8dd8ebf2e12a22da533c67.xlsx,km_tgp_point_delivery_capacity:1788187463756307000:7d3a3704ceb7fce4f1996b3595e796aae4d0ce40ed8dd8ebf2e12a22da533c67
point,delivery,2026-08-31,2026-08-31T14:00:00.000000Z,2026-08-31T09:00:00,EVENING,420483,847,CORINTH/TGP CORINTH MS  2 ALCORN,01,TGP:420483,TGP:SEG:847,D,26546,26546.0,471.0,26075.0,False,True,,True,2026-08-31T01:46:00.000000Z,2026-08-31T14:44:23.756307Z,2026-08-31T14:44:23.756307Z,Million BTU's (displayed as Dth),7d3a3704ceb7fce4f1996b3595e796aae4d0ce40ed8dd8ebf2e12a22da533c67,https://pipeline2.kindermorgan.com/Capacity/OpAvailPoint.aspx?code=TGP,data/raw/km_tgp_point_delivery_capacity/2026/08/31/7d3a3704ceb7fce4f1996b3595e796aae4d0ce40ed8dd8ebf2e12a22da533c67.xlsx,km_tgp_point_delivery_capacity:1788187463756307000:7d3a3704ceb7fce4f1996b3595e796aae4d0ce40ed8dd8ebf2e12a22da533c67
point,delivery,2026-08-31,2026-08-31T14:00:00.000000Z,2026-08-31T09:00:00,EVENING,420662,847,UTILMGMT/TGP PONTOTOC MS SALES  2 L,01,TGP:420662,TGP:SEG:847,D,18418,18418.0,0.0,18418.0,False,True,,True,2026-08-31T01:46:00.000000Z,2026-08-31T14:44:23.756307Z,2026-08-31T14:44:23.756307Z,Million BTU's (displayed as Dth),7d3a3704ceb7fce4f1996b3595e796aae4d0ce40ed8dd8ebf2e12a22da533c67,https://pipeline2.kindermorgan.com/Capacity/OpAvailPoint.aspx?code=TGP,data/raw/km_tgp_point_delivery_capacity/2026/08/31/7d3a3704ceb7fce4f1996b3595e796aae4d0ce40ed8dd8ebf2e12a22da533c67.xlsx,km_tgp_point_delivery_capacity:1788187463756307000:7d3a3704ceb7fce4f1996b3595e796aae4d0ce40ed8dd8ebf2e12a22da533c67
point,delivery,2026-08-31,2026-08-31T14:00:00.000000Z,2026-08-31T09:00:00,EVENING,420705,847,CORINTH/TGP NORTH CORINTH MS ALCORN,01,TGP:420705,TGP:SEG:847,D,26206,26206.0,264.0,25942.0,False,True,,True,2026-08-31T01:46:00.000000Z,2026-08-31T14:44:23.756307Z,2026-08-31T14:44:23.756307Z,Million BTU's (displayed as Dth),7d3a3704ceb7fce4f1996b3595e796aae4d0ce40ed8dd8ebf2e12a22da533c67,https://pipeline2.kindermorgan.com/Capacity/OpAvailPoint.aspx?code=TGP,data/raw/km_tgp_point_delivery_capacity/2026/08/31/7d3a3704ceb7fce4f1996b3595e796aae4d0ce40ed8dd8ebf2e12a22da533c67.xlsx,km_tgp_point_delivery_capacity:1788187463756307000:7d3a3704ceb7fce4f1996b3595e796aae4d0ce40ed8dd8ebf2e12a22da533c67
point,delivery,2026-08-31,2026-08-31T14:00:00.000000Z,2026-08-31T09:00:00,EVENING,420706,847,TEAC/TGP CLIFTON SALES WAYNE,01,TGP:420706,TGP:SEG:847,D,1646,1646.0,65.0,1581.0,False,True,,True,2026-08-31T01:46:00.000000Z,2026-08-31T14:44:23.756307Z,2026-08-31T14:44:23.756307Z,Million BTU's (displayed as Dth),7d3a3704ceb7fce4f1996b3595e796aae4d0ce40ed8dd8ebf2e12a22da533c67,https://pipeline2.kindermorgan.com/Capacity/OpAvailPoint.aspx?code=TGP,data/raw/km_tgp_point_delivery_capacity/2026/08/31/7d3a3704ceb7fce4f1996b3595e796aae4d0ce40ed8dd8ebf2e12a22da533c67.xlsx,km_tgp_point_delivery_capacity:1788187463756307000:7d3a3704ceb7fce4f1996b3595e796aae4d0ce40ed8dd8ebf2e12a22da533c67
point,delivery,2026-08-31,2026-08-31T14:00:00.000000Z,2026-08-31T09:00:00,EVENING,420802,847,KIMBERLY/TGP KIMBERLY CLARK SMS ALC,01,TGP:420802,TGP:SEG:847,D,2524,2524.0,0.0,2524.0,False,True,,True,2026-08-31T01:46:00.000000Z,2026-08-31T14:44:23.756307Z,2026-08-31T14:44:23.756307Z,Million BTU's (displayed as Dth),7d3a3704ceb7fce4f1996b3595e796aae4d0ce40ed8dd8ebf2e12a22da533c67,https://pipeline2.kindermorgan.com/Capacity/OpAvailPoint.aspx?code=TGP,data/raw/km_tgp_point_delivery_capacity/2026/08/31/7d3a3704ceb7fce4f1996b3595e796aae4d0ce40ed8dd8ebf2e12a22da533c67.xlsx,km_tgp_point_delivery_capacity:1788187463756307000:7d3a3704ceb7fce4f1996b3595e796aae4d0ce40ed8dd8ebf2e12a22da533c67
point,delivery,2026-08-31,2026-08-31T14:00:00.000000Z,2026-08-31T09:00:00,EVENING,420855,847,CORINTH/TGP CORINTH  3 ALCORN,01,TGP:420855,TGP:SEG:847,D,1742,1742.0,0.0,1742.0,False,True,,True,2026-08-31T01:46:00.000000Z,2026-08-31T14:44:23.756307Z,2026-08-31T14:44:23.756307Z,Million BTU's (displayed as Dth),7d3a3704ceb7fce4f1996b3595e796aae4d0ce40ed8dd8ebf2e12a22da533c67,https://pipeline2.kindermorgan.com/Capacity/OpAvailPoint.aspx?code=TGP,data/raw/km_tgp_point_delivery_capacity/2026/08/31/7d3a3704ceb7fce4f1996b3595e796aae4d0ce40ed8dd8ebf2e12a22da533c67.xlsx,km_tgp_point_delivery_capacity:1788187463756307000:7d3a3704ceb7fce4f1996b3595e796aae4d0ce40ed8dd8ebf2e12a22da533c67
point,delivery,2026-08-31,2026-08-31T14:00:00.000000Z,2026-08-31T09:00:00,EVENING,421026,847,OAKLAND/TGP YALOBUSHA SALES YALOBUS,01,TGP:421026,TGP:SEG:847,D,2716,2716.0,62.0,2654.0,False,True,,True,2026-08-31T01:46:00.000000Z,2026-08-31T14:44:23.756307Z,2026-08-31T14:44:23.756307Z,Million BTU's (displayed as Dth),7d3a3704ceb7fce4f1996b3595e796aae4d0ce40ed8dd8ebf2e12a22da533c67,https://pipeline2.kindermorgan.com/Capacity/OpAvailPoint.aspx?code=TGP,data/raw/km_tgp_point_delivery_capacity/2026/08/31/7d3a3704ceb7fce4f1996b3595e796aae4d0ce40ed8dd8ebf2e12a22da533c67.xlsx,km_tgp_point_delivery_capacity:1788187463756307000:7d3a3704ceb7fce4f1996b3595e796aae4d0ce40ed8dd8ebf2e12a22da533c67
point,delivery,2026-08-31,2026-08-31T14:00:00.000000Z,2026-08-31T09:00:00,EVENING,48923,847,DELTAMS/TGP EAST OXFORD CITY GATE L,01,TGP:48923,TGP:SEG:847,D,35875,35875.0,701.0,35174.0,False,True,,True,2026-08-31T01:46:00.000000Z,2026-08-31T14:44:23.756307Z,2026-08-31T14:44:23.756307Z,Million BTU's (displayed as Dth),7d3a3704ceb7fce4f1996b3595e796aae4d0ce40ed8dd8ebf2e12a22da533c67,https://pipeline2.kindermorgan.com/Capacity/OpAvailPoint.aspx?code=TGP,data/raw/km_tgp_point_delivery_capacity/2026/08/31/7d3a3704ceb7fce4f1996b3595e796aae4d0ce40ed8dd8ebf2e12a22da533c67.xlsx,km_tgp_point_delivery_capacity:1788187463756307000:7d3a3704ceb7fce4f1996b3595e796aae4d0ce40ed8dd8ebf2e12a22da533c67
point,delivery,2026-08-31,2026-08-31T14:00:00.000000Z,2026-08-31T09:00:00,EVENING,400460,860,TEX GAS/TGP MITCHELLVILLE TN SUMNER,01,TGP:400460,TGP:SEG:860,D,78272,78272.0,2000.0,76272.0,False,True,,True,2026-08-31T01:46:00.000000Z,2026-08-31T14:44:23.756307Z,2026-08-31T14:44:23.756307Z,Million BTU's (displayed as Dth),7d3a3704ceb7fce4f1996b3595e796aae4d0ce40ed8dd8ebf2e12a22da533c67,https://pipeline2.kindermorgan.com/Capacity/OpAvailPoint.aspx?code=TGP,data/raw/km_tgp_point_delivery_capacity/2026/08/31/7d3a3704ceb7fce4f1996b3595e796aae4d0ce40ed8dd8ebf2e12a22da533c67.xlsx,km_tgp_point_delivery_capacity:1788187463756307000:7d3a3704ceb7fce4f1996b3595e796aae4d0ce40ed8dd8ebf2e12a22da533c67
point,delivery,2026-08-31,2026-08-31T14:00:00.000000Z,2026-08-31T09:00:00,EVENING,420033,860,PORTLAND/TGP PORTLAND TN SUMNER,01,TGP:420033,TGP:SEG:860,D,19408,19408.0,600.0,18808.0,False,True,,True,2026-08-31T01:46:00.000000Z,2026-08-31T14:44:23.756307Z,2026-08-31T14:44:23.756307Z,Million BTU's (displayed as Dth),7d3a3704ceb7fce4f1996b3595e796aae4d0ce40ed8dd8ebf2e12a22da533c67,https://pipeline2.kindermorgan.com/Capacity/OpAvailPoint.aspx?code=TGP,data/raw/km_tgp_point_delivery_capacity/2026/08/31/7d3a3704ceb7fce4f1996b3595e796aae4d0ce40ed8dd8ebf2e12a22da533c67.xlsx,km_tgp_point_delivery_capacity:1788187463756307000:7d3a3704ceb7fce4f1996b3595e796aae4d0ce40ed8dd8ebf2e12a22da533c67
point,delivery,2026-08-31,2026-08-31T14:00:00.000000Z,2026-08-31T09:00:00,EVENING,420222,860,CENTRVIL/TGP CENTERVILLE TN HICKMAN,01,TGP:420222,TGP:SEG:860,D,20465,20465.0,187.0,20278.0,False,True,,True,2026-08-31T01:46:00.000000Z,2026-08-31T14:44:23.756307Z,2026-08-31T14:44:23.756307Z,Million BTU's (displayed as Dth),7d3a3704ceb7fce4f1996b3595e796aae4d0ce40ed8dd8ebf2e12a22da533c67,https://pipeline2.kindermorgan.com/Capacity/OpAvailPoint.aspx?code=TGP,data/raw/km_tgp_point_delivery_capacity/2026/08/31/7d3a3704ceb7fce4f1996b3595e796aae4d0ce40ed8dd8ebf2e12a22da533c67.xlsx,km_tgp_point_delivery_capacity:1788187463756307000:7d3a3704ceb7fce4f1996b3595e796aae4d0ce40ed8dd8ebf2e12a22da533c67
point,delivery,2026-08-31,2026-08-31T14:00:00.000000Z,2026-08-31T09:00:00,EVENING,420289,860,ETNG/TGP GREENBRIER TN 2 (DUAL ROBE,01,TGP:420289,TGP:SEG:860,D,335626,335626.0,31326.0,304300.0,False,True,,True,2026-08-31T01:46:00.000000Z,2026-08-31T14:44:23.756307Z,2026-08-31T14:44:23.756307Z,Million BTU's (displayed as Dth),7d3a3704ceb7fce4f1996b3595e796aae4d0ce40ed8dd8ebf2e12a22da533c67,https://pipeline2.kindermorgan.com/Capacity/OpAvailPoint.aspx?code=TGP,data/raw/km_tgp_point_delivery_capacity/2026/08/31/7d3a3704ceb7fce4f1996b3595e796aae4d0ce40ed8dd8ebf2e12a22da533c67.xlsx,km_tgp_point_delivery_capacity:1788187463756307000:7d3a3704ceb7fce4f1996b3595e796aae4d0ce40ed8dd8ebf2e12a22da533c67
point,delivery,2026-08-31,2026-08-31T14:00:00.000000Z,2026-08-31T09:00:00,EVENING,420312,860,SPIR TEN/TGP NASHVILLE TN  2 ROBERT,01,TGP:420312,TGP:SEG:860,D,374788,374788.0,33840.0,340948.0,False,True,,True,2026-08-31T01:46:00.000000Z,2026-08-31T14:44:23.756307Z,2026-08-31T14:44:23.756307Z,Million BTU's (displayed as Dth),7d3a3704ceb7fce4f1996b3595e796aae4d0ce40ed8dd8ebf2e12a22da533c67,https://pipeline2.kindermorgan.com/Capacity/OpAvailPoint.aspx?code=TGP,data/raw/km_tgp_point_delivery_capacity/2026/08/31/7d3a3704ceb7fce4f1996b3595e796aae4d0ce40ed8dd8ebf2e12a22da533c67.xlsx,km_tgp_point_delivery_capacity:1788187463756307000:7d3a3704ceb7fce4f1996b3595e796aae4d0ce40ed8dd8ebf2e12a22da533c67
point,delivery,2026-08-31,2026-08-31T14:00:00.000000Z,2026-08-31T09:00:00,EVENING,420448,860,RIDGETOP/TGP RIDGETOP TN ROBERTSON,01,TGP:420448,TGP:SEG:860,D,2556,2556.0,40.0,2516.0,False,True,,True,2026-08-31T01:46:00.000000Z,2026-08-31T14:44:23.756307Z,2026-08-31T14:44:23.756307Z,Million BTU's (displayed as Dth),7d3a3704ceb7fce4f1996b3595e796aae4d0ce40ed8dd8ebf2e12a22da533c67,https://pipeline2.kindermorgan.com/Capacity/OpAvailPoint.aspx?code=TGP,data/raw/km_tgp_point_delivery_capacity/2026/08/31/7d3a3704ceb7fce4f1996b3595e796aae4d0ce40ed8dd8ebf2e12a22da533c67.xlsx,km_tgp_point_delivery_capacity:1788187463756307000:7d3a3704ceb7fce4f1996b3595e796aae4d0ce40ed8dd8ebf2e12a22da533c67
point,delivery,2026-08-31,2026-08-31T14:00:00.000000Z,2026-08-31T09:00:00,EVENING,420600,860,SPIR TEN/TGP WHITE HOUSE TN SALES R,01,TGP:420600,TGP:SEG:860,D,7870,7870.0,0.0,7870.0,False,True,,True,2026-08-31T01:46:00.000000Z,2026-08-31T14:44:23.756307Z,2026-08-31T14:44:23.756307Z,Million BTU's (displayed as Dth),7d3a3704ceb7fce4f1996b3595e796aae4d0ce40ed8dd8ebf2e12a22da533c67,https://pipeline2.kindermorgan.com/Capacity/OpAvailPoint.aspx?code=TGP,data/raw/km_tgp_point_delivery_capacity/2026/08/31/7d3a3704ceb7fce4f1996b3595e796aae4d0ce40ed8dd8ebf2e12a22da533c67.xlsx,km_tgp_point_delivery_capacity:1788187463756307000:7d3a3704ceb7fce4f1996b3595e796aae4d0ce40ed8dd8ebf2e12a22da533c67
point,delivery,2026-08-31,2026-08-31T14:00:00.000000Z,2026-08-31T09:00:00,EVENING,420610,860,SPIR TEN/TGP FAIRVIEW TN DICKSON,01,TGP:420610,TGP:SEG:860,D,2970,2970.0,0.0,2970.0,False,True,,True,2026-08-31T01:46:00.000000Z,2026-08-31T14:44:23.756307Z,2026-08-31T14:44:23.756307Z,Million BTU's (displayed as Dth),7d3a3704ceb7fce4f1996b3595e796aae4d0ce40ed8dd8ebf2e12a22da533c67,https://pipeline2.kindermorgan.com/Capacity/OpAvailPoint.aspx?code=TGP,data/raw/km_tgp_point_delivery_capacity/2026/08/31/7d3a3704ceb7fce4f1996b3595e796aae4d0ce40ed8dd8ebf2e12a22da533c67.xlsx,km_tgp_point_delivery_capacity:1788187463756307000:7d3a3704ceb7fce4f1996b3595e796aae4d0ce40ed8dd8ebf2e12a22da533c67
point,delivery,2026-08-31,2026-08-31T14:00:00.000000Z,2026-08-31T09:00:00,EVENING,420643,860,CENTRVIL/TGP BATES CROSSING HICKMAN,01,TGP:420643,TGP:SEG:860,D,2937,2937.0,186.0,2751.0,False,True,,True,2026-08-31T01:46:00.000000Z,2026-08-31T14:44:23.756307Z,2026-08-31T14:44:23.756307Z,Million BTU's (displayed as Dth),7d3a3704ceb7fce4f1996b3595e796aae4d0ce40ed8dd8ebf2e12a22da533c67,https://pipeline2.kindermorgan.com/Capacity/OpAvailPoint.aspx?code=TGP,data/raw/km_tgp_point_delivery_capacity/2026/08/31/7d3a3704ceb7fce4f1996b3595e796aae4d0ce40ed8dd8ebf2e12a22da533c67.xlsx,km_tgp_point_delivery_capacity:1788187463756307000:7d3a3704ceb7fce4f1996b3595e796aae4d0ce40ed8dd8ebf2e12a22da533c67
point,delivery,2026-08-31,2026-08-31T14:00:00.000000Z,2026-08-31T09:00:00,EVENING,420663,860,PORTLAND/TGP PORTLAND SALES  2 ROBE,01,TGP:420663,TGP:SEG:860,D,2488,2488.0,0.0,2488.0,False,True,,True,2026-08-31T01:46:00.000000Z,2026-08-31T14:44:23.756307Z,2026-08-31T14:44:23.756307Z,Million BTU's (displayed as Dth),7d3a3704ceb7fce4f1996b3595e796aae4d0ce40ed8dd8ebf2e12a22da533c67,https://pipeline2.kindermorgan.com/Capacity/OpAvailPoint.aspx?code=TGP,data/raw/km_tgp_point_delivery_capacity/2026/08/31/7d3a3704ceb7fce4f1996b3595e796aae4d0ce40ed8dd8ebf2e12a22da533c67.xlsx,km_tgp_point_delivery_capacity:1788187463756307000:7d3a3704ceb7fce4f1996b3595e796aae4d0ce40ed8dd8ebf2e12a22da533c67
point,delivery,2026-08-31,2026-08-31T14:00:00.000000Z,2026-08-31T09:00:00,EVENING,420753,860,SPIR TEN/TGP GREEN LUMBER CO. STATI,01,TGP:420753,TGP:SEG:860,D,1294,1294.0,0.0,1294.0,False,True,,True,2026-08-31T01:46:00.000000Z,2026-08-31T14:44:23.756307Z,2026-08-31T14:44:23.756307Z,Million BTU's (displayed as Dth),7d3a3704ceb7fce4f1996b3595e796aae4d0ce40ed8dd8ebf2e12a22da533c67,https://pipeline2.kindermorgan.com/Capacity/OpAvailPoint.aspx?code=TGP,data/raw/km_tgp_point_delivery_capacity/2026/08/31/7d3a3704ceb7fce4f1996b3595e796aae4d0ce40ed8dd8ebf2e12a22da533c67.xlsx,km_tgp_point_delivery_capacity:1788187463756307000:7d3a3704ceb7fce4f1996b3595e796aae4d0ce40ed8dd8ebf2e12a22da533c67
point,delivery,2026-08-31,2026-08-31T14:00:00.000000Z,2026-08-31T09:00:00,EVENING,420788,860,DICKSON/TGP KINGSTON SPRINGS SALES,01,TGP:420788,TGP:SEG:860,D,2460,2460.0,100.0,2360.0,False,True,,True,2026-08-31T01:46:00.000000Z,2026-08-31T14:44:23.756307Z,2026-08-31T14:44:23.756307Z,Million BTU's (displayed as Dth),7d3a3704ceb7fce4f1996b3595e796aae4d0ce40ed8dd8ebf2e12a22da533c67,https://pipeline2.kindermorgan.com/Capacity/OpAvailPoint.aspx?code=TGP,data/raw/km_tgp_point_delivery_capacity/2026/08/31/7d3a3704ceb7fce4f1996b3595e796aae4d0ce40ed8dd8ebf2e12a22da533c67.xlsx,km_tgp_point_delivery_capacity:1788187463756307000:7d3a3704ceb7fce4f1996b3595e796aae4d0ce40ed8dd8ebf2e12a22da533c67
point,delivery,2026-08-31,2026-08-31T14:00:00.000000Z,2026-08-31T09:00:00,EVENING,420846,860,SPIR TEN/TGP ASHLAND CITY SALES  2,01,TGP:420846,TGP:SEG:860,D,6929,6929.0,0.0,6929.0,False,True,,True,2026-08-31T01:46:00.000000Z,2026-08-31T14:44:23.756307Z,2026-08-31T14:44:23.756307Z,Million BTU's (displayed as Dth),7d3a3704ceb7fce4f1996b3595e796aae4d0ce40ed8dd8ebf2e12a22da533c67,https://pipeline2.kindermorgan.com/Capacity/OpAvailPoint.aspx?code=TGP,data/raw/km_tgp_point_delivery_capacity/2026/08/31/7d3a3704ceb7fce4f1996b3595e796aae4d0ce40ed8dd8ebf2e12a22da533c67.xlsx,km_tgp_point_delivery_capacity:1788187463756307000:7d3a3704ceb7fce4f1996b3595e796aae4d0ce40ed8dd8ebf2e12a22da533c67
point,delivery,2026-08-31,2026-08-31T14:00:00.000000Z,2026-08-31T09:00:00,EVENING,420852,860,MIDWSTRN/TGP MGT SMS SUMNER,01,TGP:420852,TGP:SEG:860,BD,952238,952238.0,151234.0,801004.0,False,True,,True,2026-08-31T01:46:00.000000Z,2026-08-31T14:44:23.756307Z,2026-08-31T14:44:23.756307Z,Million BTU's (displayed as Dth),7d3a3704ceb7fce4f1996b3595e796aae4d0ce40ed8dd8ebf2e12a22da533c67,https://pipeline2.kindermorgan.com/Capacity/OpAvailPoint.aspx?code=TGP,data/raw/km_tgp_point_delivery_capacity/2026/08/31/7d3a3704ceb7fce4f1996b3595e796aae4d0ce40ed8dd8ebf2e12a22da533c67.xlsx,km_tgp_point_delivery_capacity:1788187463756307000:7d3a3704ceb7fce4f1996b3595e796aae4d0ce40ed8dd8ebf2e12a22da533c67
point,delivery,2026-08-31,2026-08-31T14:00:00.000000Z,2026-08-31T09:00:00,EVENING,412002,905,ANR/TGP CHALKLEY TRANSPORT JEFFERSO,L,TGP:412002,TGP:SEG:905,BD,0,0.0,0.0,0.0,False,True,,True,2026-08-31T01:46:00.000000Z,2026-08-31T14:44:23.756307Z,2026-08-31T14:44:23.756307Z,Million BTU's (displayed as Dth),7d3a3704ceb7fce4f1996b3595e796aae4d0ce40ed8dd8ebf2e12a22da533c67,https://pipeline2.kindermorgan.com/Capacity/OpAvailPoint.aspx?code=TGP,data/raw/km_tgp_point_delivery_capacity/2026/08/31/7d3a3704ceb7fce4f1996b3595e796aae4d0ce40ed8dd8ebf2e12a22da533c67.xlsx,km_tgp_point_delivery_capacity:1788187463756307000:7d3a3704ceb7fce4f1996b3595e796aae4d0ce40ed8dd8ebf2e12a22da533c67
point,delivery,2026-08-31,2026-08-31T14:00:00.000000Z,2026-08-31T09:00:00,EVENING,420493,910,COKINOS/TGP MALLETT FARM LA JEFFERS,L,TGP:420493,TGP:SEG:910,D,3584,3584.0,0.0,3584.0,False,True,,True,2026-08-31T01:46:00.000000Z,2026-08-31T14:44:23.756307Z,2026-08-31T14:44:23.756307Z,Million BTU's (displayed as Dth),7d3a3704ceb7fce4f1996b3595e796aae4d0ce40ed8dd8ebf2e12a22da533c67,https://pipeline2.kindermorgan.com/Capacity/OpAvailPoint.aspx?code=TGP,data/raw/km_tgp_point_delivery_capacity/2026/08/31/7d3a3704ceb7fce4f1996b3595e796aae4d0ce40ed8dd8ebf2e12a22da533c67.xlsx,km_tgp_point_delivery_capacity:1788187463756307000:7d3a3704ceb7fce4f1996b3595e796aae4d0ce40ed8dd8ebf2e12a22da533c67
point,receipt,2026-08-31,2026-08-31T14:00:00.000000Z,2026-08-31T09:00:00,EVENING,410063,101,GCENGY/TGP UDP ROCHE DEHY REFUGIO,00,TGP:410063,TGP:SEG:101,R,14430,14430.0,0.0,14430.0,False,True,,True,2026-08-31T01:46:00.000000Z,2026-08-31T14:44:35.908934Z,2026-08-31T14:44:35.908934Z,Million BTU's (displayed as Dth),70d513ee6296bf050aa4fbc44fc75a1c3f3ad43eab6fcfe520e075b1b86e7b18,https://pipeline2.kindermorgan.com/Capacity/OpAvailPoint.aspx?code=TGP,data/raw/km_tgp_point_receipt_capacity/2026/08/31/70d513ee6296bf050aa4fbc44fc75a1c3f3ad43eab6fcfe520e075b1b86e7b18.xlsx,km_tgp_point_receipt_capacity:1788187475908934000:70d513ee6296bf050aa4fbc44fc75a1c3f3ad43eab6fcfe520e075b1b86e7b18
point,receipt,2026-08-31,2026-08-31T14:00:00.000000Z,2026-08-31T09:00:00,EVENING,411289,101,PRODGG/TGP UDP RIVERSIDE DEHY NUECE,00,TGP:411289,TGP:SEG:101,R,11405,11405.0,1.0,11404.0,False,True,,True,2026-08-31T01:46:00.000000Z,2026-08-31T14:44:35.908934Z,2026-08-31T14:44:35.908934Z,Million BTU's (displayed as Dth),70d513ee6296bf050aa4fbc44fc75a1c3f3ad43eab6fcfe520e075b1b86e7b18,https://pipeline2.kindermorgan.com/Capacity/OpAvailPoint.aspx?code=TGP,data/raw/km_tgp_point_receipt_capacity/2026/08/31/70d513ee6296bf050aa4fbc44fc75a1c3f3ad43eab6fcfe520e075b1b86e7b18.xlsx,km_tgp_point_receipt_capacity:1788187475908934000:70d513ee6296bf050aa4fbc44fc75a1c3f3ad43eab6fcfe520e075b1b86e7b18
point,receipt,2026-08-31,2026-08-31T14:00:00.000000Z,2026-08-31T09:00:00,EVENING,411306,101,ENTRPRSE/TGP AGUA DULCE NUECES,00,TGP:411306,TGP:SEG:101,BD,610039,610039.0,100.0,609939.0,False,True,,True,2026-08-31T01:46:00.000000Z,2026-08-31T14:44:35.908934Z,2026-08-31T14:44:35.908934Z,Million BTU's (displayed as Dth),70d513ee6296bf050aa4fbc44fc75a1c3f3ad43eab6fcfe520e075b1b86e7b18,https://pipeline2.kindermorgan.com/Capacity/OpAvailPoint.aspx?code=TGP,data/raw/km_tgp_point_receipt_capacity/2026/08/31/70d513ee6296bf050aa4fbc44fc75a1c3f3ad43eab6fcfe520e075b1b86e7b18.xlsx,km_tgp_point_receipt_capacity:1788187475908934000:70d513ee6296bf050aa4fbc44fc75a1c3f3ad43eab6fcfe520e075b1b86e7b18
point,receipt,2026-08-31,2026-08-31T14:00:00.000000Z,2026-08-31T09:00:00,EVENING,411836,101,MSKE/TGP UDP FIDELITY DEHYDRATION T,00,TGP:411836,TGP:SEG:101,R,9309,9309.0,9.0,9300.0,False,True,,True,2026-08-31T01:46:00.000000Z,2026-08-31T14:44:35.908934Z,2026-08-31T14:44:35.908934Z,Million BTU's (displayed as Dth),70d513ee6296bf050aa4fbc44fc75a1c3f3ad43eab6fcfe520e075b1b86e7b18,https://pipeline2.kindermorgan.com/Capacity/OpAvailPoint.aspx?code=TGP,data/raw/km_tgp_point_receipt_capacity/2026/08/31/70d513ee6296bf050aa4fbc44fc75a1c3f3ad43eab6fcfe520e075b1b86e7b18.xlsx,km_tgp_point_receipt_capacity:1788187475908934000:70d513ee6296bf050aa4fbc44fc75a1c3f3ad43eab6fcfe520e075b1b86e7b18
point,receipt,2026-08-31,2026-08-31T14:00:00.000000Z,2026-08-31T09:00:00,EVENING,412062,101,BANHUB/TGP BANQUETE TRANSPORT NUECE,00,TGP:412062,TGP:SEG:101,BD,188600,188600.0,0.0,188600.0,False,True,,True,2026-08-31T01:46:00.000000Z,2026-08-31T14:44:35.908934Z,2026-08-31T14:44:35.908934Z,Million BTU's (displayed as Dth),70d513ee6296bf050aa4fbc44fc75a1c3f3ad43eab6fcfe520e075b1b86e7b18,https://pipeline2.kindermorgan.com/Capacity/OpAvailPoint.aspx?code=TGP,data/raw/km_tgp_point_receipt_capacity/2026/08/31/70d513ee6296bf050aa4fbc44fc75a1c3f3ad43eab6fcfe520e075b1b86e7b18.xlsx,km_tgp_point_receipt_capacity:1788187475908934000:70d513ee6296bf050aa4fbc44fc75a1c3f3ad43eab6fcfe520e075b1b86e7b18
point,receipt,2026-08-31,2026-08-31T14:00:00.000000Z,2026-08-31T09:00:00,EVENING,412104,101,CUMMINS/TGP EDWARDS RANCH DEHY VICT,00,TGP:412104,TGP:SEG:101,R,9524,9524.0,0.0,9524.0,False,True,,True,2026-08-31T01:46:00.000000Z,2026-08-31T14:44:35.908934Z,2026-08-31T14:44:35.908934Z,Million BTU's (displayed as Dth),70d513ee6296bf050aa4fbc44fc75a1c3f3ad43eab6fcfe520e075b1b86e7b18,https://pipeline2.kindermorgan.com/Capacity/OpAvailPoint.aspx?code=TGP,data/raw/km_tgp_point_receipt_capacity/2026/08/31/70d513ee6296bf050aa4fbc44fc75a1c3f3ad43eab6fcfe520e075b1b86e7b18.xlsx,km_tgp_point_receipt_capacity:1788187475908934000:70d513ee6296bf050aa4fbc44fc75a1c3f3ad43eab6fcfe520e075b1b86e7b18
point,receipt,2026-08-31,2026-08-31T14:00:00.000000Z,2026-08-31T09:00:00,EVENING,412124,101,LASERGTH/TGP RIVERSIDE WILSON  1 NU,00,TGP:412124,TGP:SEG:101,R,12240,12240.0,1.0,12239.0,False,True,,True,2026-08-31T01:46:00.000000Z,2026-08-31T14:44:35.908934Z,2026-08-31T14:44:35.908934Z,Million BTU's (displayed as Dth),70d513ee6296bf050aa4fbc44fc75a1c3f3ad43eab6fcfe520e075b1b86e7b18,https://pipeline2.kindermorgan.com/Capacity/OpAvailPoint.aspx?code=TGP,data/raw/km_tgp_point_receipt_capacity/2026/08/31/70d513ee6296bf050aa4fbc44fc75a1c3f3ad43eab6fcfe520e075b1b86e7b18.xlsx,km_tgp_point_receipt_capacity:1788187475908934000:70d513ee6296bf050aa4fbc44fc75a1c3f3ad43eab6fcfe520e075b1b86e7b18
point,receipt,2026-08-31,2026-08-31T14:00:00.000000Z,2026-08-31T09:00:00,EVENING,412210,101,INTRCONN/TGP UDP STATE TRACT 72  1,00,TGP:412210,TGP:SEG:101,R,4779,4779.0,0.0,4779.0,False,True,,True,2026-08-31T01:46:00.000000Z,2026-08-31T14:44:35.908934Z,2026-08-31T14:44:35.908934Z,Million BTU's (displayed as Dth),70d513ee6296bf050aa4fbc44fc75a1c3f3ad43eab6fcfe520e075b1b86e7b18,https://pipeline2.kindermorgan.com/Capacity/OpAvailPoint.aspx?code=TGP,data/raw/km_tgp_point_receipt_capacity/2026/08/31/70d513ee6296bf050aa4fbc44fc75a1c3f3ad43eab6fcfe520e075b1b86e7b18.xlsx,km_tgp_point_receipt_capacity:1788187475908934000:70d513ee6296bf050aa4fbc44fc75a1c3f3ad43eab6fcfe520e075b1b86e7b18
point,receipt,2026-08-31,2026-08-31T14:00:00.000000Z,2026-08-31T09:00:00,EVENING,412221,101,84ENERGY/TGP ODEM DEHYDRATION SAN P,00,TGP:412221,TGP:SEG:101,R,9194,9194.0,0.0,9194.0,False,True,,True,2026-08-31T01:46:00.000000Z,2026-08-31T14:44:35.908934Z,2026-08-31T14:44:35.908934Z,Million BTU's (displayed as Dth),70d513ee6296bf050aa4fbc44fc75a1c3f3ad43eab6fcfe520e075b1b86e7b18,https://pipeline2.kindermorgan.com/Capacity/OpAvailPoint.aspx?code=TGP,data/raw/km_tgp_point_receipt_capacity/2026/08/31/70d513ee6296bf050aa4fbc44fc75a1c3f3ad43eab6fcfe520e075b1b86e7b18.xlsx,km_tgp_point_receipt_capacity:1788187475908934000:70d513ee6296bf050aa4fbc44fc75a1c3f3ad43eab6fcfe520e075b1b86e7b18
point,receipt,2026-08-31,2026-08-31T14:00:00.000000Z,2026-08-31T09:00:00,EVENING,412242,101,INTRCONN/TGP UDP LAMBERT DEHY REFUG,00,TGP:412242,TGP:SEG:101,R,10637,10637.0,0.0,10637.0,False,True,,True,2026-08-31T01:46:00.000000Z,2026-08-31T14:44:35.908934Z,2026-08-31T14:44:35.908934Z,Million BTU's (displayed as Dth),70d513ee6296bf050aa4fbc44fc75a1c3f3ad43eab6fcfe520e075b1b86e7b18,https://pipeline2.kindermorgan.com/Capacity/OpAvailPoint.aspx?code=TGP,data/raw/km_tgp_point_receipt_capacity/2026/08/31/70d513ee6296bf050aa4fbc44fc75a1c3f3ad43eab6fcfe520e075b1b86e7b18.xlsx,km_tgp_point_receipt_capacity:1788187475908934000:70d513ee6296bf050aa4fbc44fc75a1c3f3ad43eab6fcfe520e075b1b86e7b18
point,receipt,2026-08-31,2026-08-31T14:00:00.000000Z,2026-08-31T09:00:00,EVENING,412270,101,LOBO/TGP UDP TRANSAMERICAN INTERCON,00,TGP:412270,TGP:SEG:101,R,254478,254478.0,0.0,254478.0,False,True,,True,2026-08-31T01:46:00.000000Z,2026-08-31T14:44:35.908934Z,2026-08-31T14:44:35.908934Z,Million BTU's (displayed as Dth),70d513ee6296bf050aa4fbc44fc75a1c3f3ad43eab6fcfe520e075b1b86e7b18,https://pipeline2.kindermorgan.com/Capacity/OpAvailPoint.aspx?code=TGP,data/raw/km_tgp_point_receipt_capacity/2026/08/31/70d513ee6296bf050aa4fbc44fc75a1c3f3ad43eab6fcfe520e075b1b86e7b18.xlsx,km_tgp_point_receipt_capacity:1788187475908934000:70d513ee6296bf050aa4fbc44fc75a1c3f3ad43eab6fcfe520e075b1b86e7b18
point,receipt,2026-08-31,2026-08-31T14:00:00.000000Z,2026-08-31T09:00:00,EVENING,412425,101,ONYXMKTG/TGP RIVERSIDE DEHYD SAN PA,00,TGP:412425,TGP:SEG:101,R,11595,11595.0,0.0,11595.0,False,True,,True,2026-08-31T01:46:00.000000Z,2026-08-31T14:44:35.908934Z,2026-08-31T14:44:35.908934Z,Million BTU's (displayed as Dth),70d513ee6296bf050aa4fbc44fc75a1c3f3ad43eab6fcfe520e075b1b86e7b18,https://pipeline2.kindermorgan.com/Capacity/OpAvailPoint.aspx?code=TGP,data/raw/km_tgp_point_receipt_capacity/2026/08/31/70d513ee6296bf050aa4fbc44fc75a1c3f3ad43eab6fcfe520e075b1b86e7b18.xlsx,km_tgp_point_receipt_capacity:1788187475908934000:70d513ee6296bf050aa4fbc44fc75a1c3f3ad43eab6fcfe520e075b1b86e7b18
point,receipt,2026-08-31,2026-08-31T14:00:00.000000Z,2026-08-31T09:00:00,EVENING,412473,101,HEC/TGP SOUTH PHIL TOWER REFUGIO,00,TGP:412473,TGP:SEG:101,R,9854,9854.0,0.0,9854.0,False,True,,True,2026-08-31T01:46:00.000000Z,2026-08-31T14:44:35.908934Z,2026-08-31T14:44:35.908934Z,Million BTU's (displayed as Dth),70d513ee6296bf050aa4fbc44fc75a1c3f3ad43eab6fcfe520e075b1b86e7b18,https://pipeline2.kindermorgan.com/Capacity/OpAvailPoint.aspx?code=TGP,data/raw/km_tgp_point_receipt_capacity/2026/08/31/70d513ee6296bf050aa4fbc44fc75a1c3f3ad43eab6fcfe520e075b1b86e7b18.xlsx,km_tgp_point_receipt_capacity:1788187475908934000:70d513ee6296bf050aa4fbc44fc75a1c3f3ad43eab6fcfe520e075b1b86e7b18
point,receipt,2026-08-31,2026-08-31T14:00:00.000000Z,2026-08-31T09:00:00,EVENING,412490,101,UES/TGP RENEWAL CENTER DEHY VICTORI,00,TGP:412490,TGP:SEG:101,R,9699,9699.0,0.0,9699.0,False,True,,True,2026-08-31T01:46:00.000000Z,2026-08-31T14:44:35.908934Z,2026-08-31T14:44:35.908934Z,Million BTU's (displayed as Dth),70d513ee6296bf050aa4fbc44fc75a1c3f3ad43eab6fcfe520e075b1b86e7b18,https://pipeline2.kindermorgan.com/Capacity/OpAvailPoint.aspx?code=TGP,data/raw/km_tgp_point_receipt_capacity/2026/08/31/70d513ee6296bf050aa4fbc44fc75a1c3f3ad43eab6fcfe520e075b1b86e7b18.xlsx,km_tgp_point_receipt_capacity:1788187475908934000:70d513ee6296bf050aa4fbc44fc75a1c3f3ad43eab6fcfe520e075b1b86e7b18
point,receipt,2026-08-31,2026-08-31T14:00:00.000000Z,2026-08-31T09:00:00,EVENING,412521,101,ATAPCO/TGP UDP EAST RIVERSIDE NUECE,00,TGP:412521,TGP:SEG:101,R,4392,4392.0,0.0,4392.0,False,True,,True,2026-08-31T01:46:00.000000Z,2026-08-31T14:44:35.908934Z,2026-08-31T14:44:35.908934Z,Million BTU's (displayed as Dth),70d513ee6296bf050aa4fbc44fc75a1c3f3ad43eab6fcfe520e075b1b86e7b18,https://pipeline2.kindermorgan.com/Capacity/OpAvailPoint.aspx?code=TGP,data/raw/km_tgp_point_receipt_capacity/2026/08/31/70d513ee6296bf050aa4fbc44fc75a1c3f3ad43eab6fcfe520e075b1b86e7b18.xlsx,km_tgp_point_receipt_capacity:1788187475908934000:70d513ee6296bf050aa4fbc44fc75a1c3f3ad43eab6fcfe520e075b1b86e7b18
point,receipt,2026-08-31,2026-08-31T14:00:00.000000Z,2026-08-31T09:00:00,EVENING,412530,101,FIVEJAB/TGP WISER DEHYD REFUGIO,00,TGP:412530,TGP:SEG:101,R,11656,11656.0,0.0,11656.0,False,True,,True,2026-08-31T01:46:00.000000Z,2026-08-31T14:44:35.908934Z,2026-08-31T14:44:35.908934Z,Million BTU's (displayed as Dth),70d513ee6296bf050aa4fbc44fc75a1c3f3ad43eab6fcfe520e075b1b86e7b18,https://pipeline2.kindermorgan.com/Capacity/OpAvailPoint.aspx?code=TGP,data/raw/km_tgp_point_receipt_capacity/2026/08/31/70d513ee6296bf050aa4fbc44fc75a1c3f3ad43eab6fcfe520e075b1b86e7b18.xlsx,km_tgp_point_receipt_capacity:1788187475908934000:70d513ee6296bf050aa4fbc44fc75a1c3f3ad43eab6fcfe520e075b1b86e7b18
point,receipt,2026-08-31,2026-08-31T14:00:00.000000Z,2026-08-31T09:00:00,EVENING,412669,101,ETP/TGP SHOUP NUECES,00,TGP:412669,TGP:SEG:101,R,113760,113760.0,0.0,113760.0,False,True,,True,2026-08-31T01:46:00.000000Z,2026-08-31T14:44:35.908934Z,2026-08-31T14:44:35.908934Z,Million BTU's (displayed as Dth),70d513ee6296bf050aa4fbc44fc75a1c3f3ad43eab6fcfe520e075b1b86e7b18,https://pipeline2.kindermorgan.com/Capacity/OpAvailPoint.aspx?code=TGP,data/raw/km_tgp_point_receipt_capacity/2026/08/31/70d513ee6296bf050aa4fbc44fc75a1c3f3ad43eab6fcfe520e075b1b86e7b18.xlsx,km_tgp_point_receipt_capacity:1788187475908934000:70d513ee6296bf050aa4fbc44fc75a1c3f3ad43eab6fcfe520e075b1b86e7b18
point,receipt,2026-08-31,2026-08-31T14:00:00.000000Z,2026-08-31T09:00:00,EVENING,412693,101,GCENGY/TGP MORGAN SAN PATRICIO,00,TGP:412693,TGP:SEG:101,R,3642,3642.0,1.0,3641.0,False,True,,True,2026-08-31T01:46:00.000000Z,2026-08-31T14:44:35.908934Z,2026-08-31T14:44:35.908934Z,Million BTU's (displayed as Dth),70d513ee6296bf050aa4fbc44fc75a1c3f3ad43eab6fcfe520e075b1b86e7b18,https://pipeline2.kindermorgan.com/Capacity/OpAvailPoint.aspx?code=TGP,data/raw/km_tgp_point_receipt_capacity/2026/08/31/70d513ee6296bf050aa4fbc44fc75a1c3f3ad43eab6fcfe520e075b1b86e7b18.xlsx,km_tgp_point_receipt_capacity:1788187475908934000:70d513ee6296bf050aa4fbc44fc75a1c3f3ad43eab6fcfe520e075b1b86e7b18
point,receipt,2026-08-31,2026-08-31T14:00:00.000000Z,2026-08-31T09:00:00,EVENING,412755,101,GCENGY/TGP COLETO CREEK VICTORIA,00,TGP:412755,TGP:SEG:101,R,3734,3734.0,1.0,3733.0,False,True,,True,2026-08-31T01:46:00.000000Z,2026-08-31T14:44:35.908934Z,2026-08-31T14:44:35.908934Z,Million BTU's (displayed as Dth),70d513ee6296bf050aa4fbc44fc75a1c3f3ad43eab6fcfe520e075b1b86e7b18,https://pipeline2.kindermorgan.com/Capacity/OpAvailPoint.aspx?code=TGP,data/raw/km_tgp_point_receipt_capacity/2026/08/31/70d513ee6296bf050aa4fbc44fc75a1c3f3ad43eab6fcfe520e075b1b86e7b18.xlsx,km_tgp_point_receipt_capacity:1788187475908934000:70d513ee6296bf050aa4fbc44fc75a1c3f3ad43eab6fcfe520e075b1b86e7b18
point,receipt,2026-08-31,2026-08-31T14:00:00.000000Z,2026-08-31T09:00:00,EVENING,412861,101,KMTEJAS/TGP ROCHE LA ROSA: RIP 5A 1,00,TGP:412861,TGP:SEG:101,R,112750,112750.0,0.0,112750.0,False,True,,True,2026-08-31T01:46:00.000000Z,2026-08-31T14:44:35.908934Z,2026-08-31T14:44:35.908934Z,Million BTU's (displayed as Dth),70d513ee6296bf050aa4fbc44fc75a1c3f3ad43eab6fcfe520e075b1b86e7b18,https://pipeline2.kindermorgan.com/Capacity/OpAvailPoint.aspx?code=TGP,data/raw/km_tgp_point_receipt_capacity/2026/08/31/70d513ee6296bf050aa4fbc44fc75a1c3f3ad43eab6fcfe520e075b1b86e7b18.xlsx,km_tgp_point_receipt_capacity:1788187475908934000:70d513ee6296bf050aa4fbc44fc75a1c3f3ad43eab6fcfe520e075b1b86e7b18
point,receipt,2026-08-31,2026-08-31T14:00:00.000000Z,2026-08-31T09:00:00,EVENING,412869,101,T2 GAS/TGP UDP KELLEY ROAD: RIP 5R,00,TGP:412869,TGP:SEG:101,R,175275,175275.0,3000.0,172275.0,False,True,,True,2026-08-31T01:46:00.000000Z,2026-08-31T14:44:35.908934Z,2026-08-31T14:44:35.908934Z,Million BTU's (displayed as Dth),70d513ee6296bf050aa4fbc44fc75a1c3f3ad43eab6fcfe520e075b1b86e7b18,https://pipeline2.kindermorgan.com/Capacity/OpAvailPoint.aspx?code=TGP,data/raw/km_tgp_point_receipt_capacity/2026/08/31/70d513ee6296bf050aa4fbc44fc75a1c3f3ad43eab6fcfe520e075b1b86e7b18.xlsx,km_tgp_point_receipt_capacity:1788187475908934000:70d513ee6296bf050aa4fbc44fc75a1c3f3ad43eab6fcfe520e075b1b86e7b18
point,receipt,2026-08-31,2026-08-31T14:00:00.000000Z,2026-08-31T09:00:00,EVENING,412877,101,EFMIDS/TGP BANQUETE PLANT: RIP 1T 1,00,TGP:412877,TGP:SEG:101,R,249075,249075.0,126637.0,122438.0,True,True,,True,2026-08-31T01:46:00.000000Z,2026-08-31T14:44:35.908934Z,2026-08-31T14:44:35.908934Z,Million BTU's (displayed as Dth),70d513ee6296bf050aa4fbc44fc75a1c3f3ad43eab6fcfe520e075b1b86e7b18,https://pipeline2.kindermorgan.com/Capacity/OpAvailPoint.aspx?code=TGP,data/raw/km_tgp_point_receipt_capacity/2026/08/31/70d513ee6296bf050aa4fbc44fc75a1c3f3ad43eab6fcfe520e075b1b86e7b18.xlsx,km_tgp_point_receipt_capacity:1788187475908934000:70d513ee6296bf050aa4fbc44fc75a1c3f3ad43eab6fcfe520e075b1b86e7b18
point,receipt,2026-08-31,2026-08-31T14:00:00.000000Z,2026-08-31T09:00:00,EVENING,47799,101,NMP/TGP GILLRINA ROAD NUECES,00,TGP:47799,TGP:SEG:101,BD,512500,512500.0,0.0,512500.0,False,True,,True,2026-08-31T01:46:00.000000Z,2026-08-31T14:44:35.908934Z,2026-08-31T14:44:35.908934Z,Million BTU's (displayed as Dth),70d513ee6296bf050aa4fbc44fc75a1c3f3ad43eab6fcfe520e075b1b86e7b18,https://pipeline2.kindermorgan.com/Capacity/OpAvailPoint.aspx?code=TGP,data/raw/km_tgp_point_receipt_capacity/2026/08/31/70d513ee6296bf050aa4fbc44fc75a1c3f3ad43eab6fcfe520e075b1b86e7b18.xlsx,km_tgp_point_receipt_capacity:1788187475908934000:70d513ee6296bf050aa4fbc44fc75a1c3f3ad43eab6fcfe520e075b1b86e7b18
point,receipt,2026-08-31,2026-08-31T14:00:00.000000Z,2026-08-31T09:00:00,EVENING,49861,101,CCCPL/TGP SINTON SAN PATRICIO,00,TGP:49861,TGP:SEG:101,BD,768750,768750.0,0.0,768750.0,False,True,,True,2026-08-31T01:46:00.000000Z,2026-08-31T14:44:35.908934Z,2026-08-31T14:44:35.908934Z,Million BTU's (displayed as Dth),70d513ee6296bf050aa4fbc44fc75a1c3f3ad43eab6fcfe520e075b1b86e7b18,https://pipeline2.kindermorgan.com/Capacity/OpAvailPoint.aspx?code=TGP,data/raw/km_tgp_point_receipt_capacity/2026/08/31/70d513ee6296bf050aa4fbc44fc75a1c3f3ad43eab6fcfe520e075b1b86e7b18.xlsx,km_tgp_point_receipt_capacity:1788187475908934000:70d513ee6296bf050aa4fbc44fc75a1c3f3ad43eab6fcfe520e075b1b86e7b18
point,receipt,2026-08-31,2026-08-31T14:00:00.000000Z,2026-08-31T09:00:00,EVENING,53608,101,VCP/TGP VALLEY CROSSING ALLOCATION,00,TGP:53608,TGP:SEG:101,BD,717500,717500.0,0.0,717500.0,False,True,,True,2026-08-31T01:46:00.000000Z,2026-08-31T14:44:35.908934Z,2026-08-31T14:44:35.908934Z,Million BTU's (displayed as Dth),70d513ee6296bf050aa4fbc44fc75a1c3f3ad43eab6fcfe520e075b1b86e7b18,https://pipeline2.kindermorgan.com/Capacity/OpAvailPoint.aspx?code=TGP,data/raw/km_tgp_point_receipt_capacity/2026/08/31/70d513ee6296bf050aa4fbc44fc75a1c3f3ad43eab6fcfe520e075b1b86e7b18.xlsx,km_tgp_point_receipt_capacity:1788187475908934000:70d513ee6296bf050aa4fbc44fc75a1c3f3ad43eab6fcfe520e075b1b86e7b18
point,receipt,2026-08-31,2026-08-31T14:00:00.000000Z,2026-08-31T09:00:00,EVENING,54847,101,WHISTLEP/TGP WHISTLE RECEIPT NUECES,00,TGP:54847,TGP:SEG:101,R,512500,512500.0,317546.0,194954.0,False,True,,True,2026-08-31T01:46:00.000000Z,2026-08-31T14:44:35.908934Z,2026-08-31T14:44:35.908934Z,Million BTU's (displayed as Dth),70d513ee6296bf050aa4fbc44fc75a1c3f3ad43eab6fcfe520e075b1b86e7b18,https://pipeline2.kindermorgan.com/Capacity/OpAvailPoint.aspx?code=TGP,data/raw/km_tgp_point_receipt_capacity/2026/08/31/70d513ee6296bf050aa4fbc44fc75a1c3f3ad43eab6fcfe520e075b1b86e7b18.xlsx,km_tgp_point_receipt_capacity:1788187475908934000:70d513ee6296bf050aa4fbc44fc75a1c3f3ad43eab6fcfe520e075b1b86e7b18
point,receipt,2026-08-31,2026-08-31T14:00:00.000000Z,2026-08-31T09:00:00,EVENING,57687,101,GCX/TGP AGUA DULCE GCXE RECEIPT NUE,00,TGP:57687,TGP:SEG:101,R,248200,248200.0,128494.0,119706.0,False,True,,True,2026-08-31T01:46:00.000000Z,2026-08-31T14:44:35.908934Z,2026-08-31T14:44:35.908934Z,Million BTU's (displayed as Dth),70d513ee6296bf050aa4fbc44fc75a1c3f3ad43eab6fcfe520e075b1b86e7b18,https://pipeline2.kindermorgan.com/Capacity/OpAvailPoint.aspx?code=TGP,data/raw/km_tgp_point_receipt_capacity/2026/08/31/70d513ee6296bf050aa4fbc44fc75a1c3f3ad43eab6fcfe520e075b1b86e7b18.xlsx,km_tgp_point_receipt_capacity:1788187475908934000:70d513ee6296bf050aa4fbc44fc75a1c3f3ad43eab6fcfe520e075b1b86e7b18
point,receipt,2026-08-31,2026-08-31T14:00:00.000000Z,2026-08-31T09:00:00,EVENING,400454,109,KEM ENER/TGP EGYPT NORTH WEST DEHY,00,TGP:400454,TGP:SEG:109,R,2643,2643.0,10.0,2633.0,False,True,,True,2026-08-31T01:46:00.000000Z,2026-08-31T14:44:35.908934Z,2026-08-31T14:44:35.908934Z,Million BTU's (displayed as Dth),70d513ee6296bf050aa4fbc44fc75a1c3f3ad43eab6fcfe520e075b1b86e7b18,https://pipeline2.kindermorgan.com/Capacity/OpAvailPoint.aspx?code=TGP,data/raw/km_tgp_point_receipt_capacity/2026/08/31/70d513ee6296bf050aa4fbc44fc75a1c3f3ad43eab6fcfe520e075b1b86e7b18.xlsx,km_tgp_point_receipt_capacity:1788187475908934000:70d513ee6296bf050aa4fbc44fc75a1c3f3ad43eab6fcfe520e075b1b86e7b18
point,receipt,2026-08-31,2026-08-31T14:00:00.000000Z,2026-08-31T09:00:00,EVENING,410144,109,CPROC/TGP HCP COLORADO,00,TGP:410144,TGP:SEG:109,R,45000,45000.0,0.0,45000.0,False,True,,True,2026-08-31T01:46:00.000000Z,2026-08-31T14:44:35.908934Z,2026-08-31T14:44:35.908934Z,Million BTU's (displayed as Dth),70d513ee6296bf050aa4fbc44fc75a1c3f3ad43eab6fcfe520e075b1b86e7b18,https://pipeline2.kindermorgan.com/Capacity/OpAvailPoint.aspx?code=TGP,data/raw/km_tgp_point_receipt_capacity/2026/08/31/70d513ee6296bf050aa4fbc44fc75a1c3f3ad43eab6fcfe520e075b1b86e7b18.xlsx,km_tgp_point_receipt_capacity:1788187475908934000:70d513ee6296bf050aa4fbc44fc75a1c3f3ad43eab6fcfe520e075b1b86e7b18
point,receipt,2026-08-31,2026-08-31T14:00:00.000000Z,2026-08-31T09:00:00,EVENING,410158,109,STINGER/TGP DUFFY WELL WHARTON,00,TGP:410158,TGP:SEG:109,R,2719,2719.0,0.0,2719.0,False,True,,True,2026-08-31T01:46:00.000000Z,2026-08-31T14:44:35.908934Z,2026-08-31T14:44:35.908934Z,Million BTU's (displayed as Dth),70d513ee6296bf050aa4fbc44fc75a1c3f3ad43eab6fcfe520e075b1b86e7b18,https://pipeline2.kindermorgan.com/Capacity/OpAvailPoint.aspx?code=TGP,data/raw/km_tgp_point_receipt_capacity/2026/08/31/70d513ee6296bf050aa4fbc44fc75a1c3f3ad43eab6fcfe520e075b1b86e7b18.xlsx,km_tgp_point_receipt_capacity:1788187475908934000:70d513ee6296bf050aa4fbc44fc75a1c3f3ad43eab6fcfe520e075b1b86e7b18
point,receipt,2026-08-31,2026-08-31T14:00:00.000000Z,2026-08-31T09:00:00,EVENING,410454,109,INTRCONN/TGP UDP NORTH KEERAN WELL,00,TGP:410454,TGP:SEG:109,R,10994,10994.0,0.0,10994.0,False,True,,True,2026-08-31T01:46:00.000000Z,2026-08-31T14:44:35.908934Z,2026-08-31T14:44:35.908934Z,Million BTU's (displayed as Dth),70d513ee6296bf050aa4fbc44fc75a1c3f3ad43eab6fcfe520e075b1b86e7b18,https://pipeline2.kindermorgan.com/Capacity/OpAvailPoint.aspx?code=TGP,data/raw/km_tgp_point_receipt_capacity/2026/08/31/70d513ee6296bf050aa4fbc44fc75a1c3f3ad43eab6fcfe520e075b1b86e7b18.xlsx,km_tgp_point_receipt_capacity:1788187475908934000:70d513ee6296bf050aa4fbc44fc75a1c3f3ad43eab6fcfe520e075b1b86e7b18
point,receipt,2026-08-31,2026-08-31T14:00:00.000000Z,2026-08-31T09:00:00,EVENING,411125,109,GCENGY/TGP UDP NORTHINGTON DEHY WHA,00,TGP:411125,TGP:SEG:109,R,2959,2959.0,0.0,2959.0,False,True,,True,2026-08-31T01:46:00.000000Z,2026-08-31T14:44:35.908934Z,2026-08-31T14:44:35.908934Z,Million BTU's (displayed as Dth),70d513ee6296bf050aa4fbc44fc75a1c3f3ad43eab6fcfe520e075b1b86e7b18,https://pipeline2.kindermorgan.com/Capacity/OpAvailPoint.aspx?code=TGP,data/raw/km_tgp_point_receipt_capacity/2026/08/31/70d513ee6296bf050aa4fbc44fc75a1c3f3ad43eab6fcfe520e075b1b86e7b18.xlsx,km_tgp_point_receipt_capacity:1788187475908934000:70d513ee6296bf050aa4fbc44fc75a1c3f3ad43eab6fcfe520e075b1b86e7b18
point,receipt,2026-08-31,2026-08-31T14:00:00.000000Z,2026-08-31T09:00:00,EVENING,411911,109,ETP/TGP WHARTON COUNTY TRANSPORT EX,00,TGP:411911,TGP:SEG:109,R,173445,173445.0,116890.0,56555.0,False,True,,True,2026-08-31T01:46:00.000000Z,2026-08-31T14:44:35.908934Z,2026-08-31T14:44:35.908934Z,Million BTU's (displayed as Dth),70d513ee6296bf050aa4fbc44fc75a1c3f3ad43eab6fcfe520e075b1b86e7b18,https://pipeline2.kindermorgan.com/Capacity/OpAvailPoint.aspx?code=TGP,data/raw/km_tgp_point_receipt_capacity/2026/08/31/70d513ee6296bf050aa4fbc44fc75a1c3f3ad43eab6fcfe520e075b1b86e7b18.xlsx,km_tgp_point_receipt_capacity:1788187475908934000:70d513ee6296bf050aa4fbc44fc75a1c3f3ad43eab6fcfe520e075b1b86e7b18
point,receipt,2026-08-31,2026-08-31T14:00:00.000000Z,2026-08-31T09:00:00,EVENING,411938,109,LASERGTH/TGP UDP NORTH LOUISE DEHY,00,TGP:411938,TGP:SEG:109,R,7450,7450.0,0.0,7450.0,False,True,,True,2026-08-31T01:46:00.000000Z,2026-08-31T14:44:35.908934Z,2026-08-31T14:44:35.908934Z,Million BTU's (displayed as Dth),70d513ee6296bf050aa4fbc44fc75a1c3f3ad43eab6fcfe520e075b1b86e7b18,https://pipeline2.kindermorgan.com/Capacity/OpAvailPoint.aspx?code=TGP,data/raw/km_tgp_point_receipt_capacity/2026/08/31/70d513ee6296bf050aa4fbc44fc75a1c3f3ad43eab6fcfe520e075b1b86e7b18.xlsx,km_tgp_point_receipt_capacity:1788187475908934000:70d513ee6296bf050aa4fbc44fc75a1c3f3ad43eab6fcfe520e075b1b86e7b18
point,receipt,2026-08-31,2026-08-31T14:00:00.000000Z,2026-08-31T09:00:00,EVENING,411975,109,MARWELL/TGP UDP RASMUSSEN  4 DEHY W,00,TGP:411975,TGP:SEG:109,R,3352,3352.0,0.0,3352.0,False,True,,True,2026-08-31T01:46:00.000000Z,2026-08-31T14:44:35.908934Z,2026-08-31T14:44:35.908934Z,Million BTU's (displayed as Dth),70d513ee6296bf050aa4fbc44fc75a1c3f3ad43eab6fcfe520e075b1b86e7b18,https://pipeline2.kindermorgan.com/Capacity/OpAvailPoint.aspx?code=TGP,data/raw/km_tgp_point_receipt_capacity/2026/08/31/70d513ee6296bf050aa4fbc44fc75a1c3f3ad43eab6fcfe520e075b1b86e7b18.xlsx,km_tgp_point_receipt_capacity:1788187475908934000:70d513ee6296bf050aa4fbc44fc75a1c3f3ad43eab6fcfe520e075b1b86e7b18
point,receipt,2026-08-31,2026-08-31T14:00:00.000000Z,2026-08-31T09:00:00,EVENING,412023,109,HGI/TGP UDP ENGLEHARDT COLORADO,00,TGP:412023,TGP:SEG:109,R,6939,6939.0,1.0,6938.0,False,True,,True,2026-08-31T01:46:00.000000Z,2026-08-31T14:44:35.908934Z,2026-08-31T14:44:35.908934Z,Million BTU's (displayed as Dth),70d513ee6296bf050aa4fbc44fc75a1c3f3ad43eab6fcfe520e075b1b86e7b18,https://pipeline2.kindermorgan.com/Capacity/OpAvailPoint.aspx?code=TGP,data/raw/km_tgp_point_receipt_capacity/2026/08/31/70d513ee6296bf050aa4fbc44fc75a1c3f3ad43eab6fcfe520e075b1b86e7b18.xlsx,km_tgp_point_receipt_capacity:1788187475908934000:70d513ee6296bf050aa4fbc44fc75a1c3f3ad43eab6fcfe520e075b1b86e7b18
point,receipt,2026-08-31,2026-08-31T14:00:00.000000Z,2026-08-31T09:00:00,EVENING,412089,109,UES/TGP NORTH LOUISE   STOCKTON  1,00,TGP:412089,TGP:SEG:109,R,3238,3238.0,0.0,3238.0,False,True,,True,2026-08-31T01:46:00.000000Z,2026-08-31T14:44:35.908934Z,2026-08-31T14:44:35.908934Z,Million BTU's (displayed as Dth),70d513ee6296bf050aa4fbc44fc75a1c3f3ad43eab6fcfe520e075b1b86e7b18,https://pipeline2.kindermorgan.com/Capacity/OpAvailPoint.aspx?code=TGP,data/raw/km_tgp_point_receipt_capacity/2026/08/31/70d513ee6296bf050aa4fbc44fc75a1c3f3ad43eab6fcfe520e075b1b86e7b18.xlsx,km_tgp_point_receipt_capacity:1788187475908934000:70d513ee6296bf050aa4fbc44fc75a1c3f3ad43eab6fcfe520e075b1b86e7b18
point,receipt,2026-08-31,2026-08-31T14:00:00.000000Z,2026-08-31T09:00:00,EVENING,412099,109,LASERGTH/TGP UDP JONES CREEK OTELL,00,TGP:412099,TGP:SEG:109,R,14506,14506.0,0.0,14506.0,False,True,,True,2026-08-31T01:46:00.000000Z,2026-08-31T14:44:35.908934Z,2026-08-31T14:44:35.908934Z,Million BTU's (displayed as Dth),70d513ee6296bf050aa4fbc44fc75a1c3f3ad43eab6fcfe520e075b1b86e7b18,https://pipeline2.kindermorgan.com/Capacity/OpAvailPoint.aspx?code=TGP,data/raw/km_tgp_point_receipt_capacity/2026/08/31/70d513ee6296bf050aa4fbc44fc75a1c3f3ad43eab6fcfe520e075b1b86e7b18.xlsx,km_tgp_point_receipt_capacity:1788187475908934000:70d513ee6296bf050aa4fbc44fc75a1c3f3ad43eab6fcfe520e075b1b86e7b18
point,receipt,2026-08-31,2026-08-31T14:00:00.000000Z,2026-08-31T09:00:00,EVENING,412111,109,INTRCONN/TGP UDP EAST PLACIDO DEHY,00,TGP:412111,TGP:SEG:109,R,19354,19354.0,0.0,19354.0,False,True,,True,2026-08-31T01:46:00.000000Z,2026-08-31T14:44:35.908934Z,2026-08-31T14:44:35.908934Z,Million BTU's (displayed as Dth),70d513ee6296bf050aa4fbc44fc75a1c3f3ad43eab6fcfe520e075b1b86e7b18,https://pipeline2.kindermorgan.com/Capacity/OpAvailPoint.aspx?code=TGP,data/raw/km_tgp_point_receipt_capacity/2026/08/31/70d513ee6296bf050aa4fbc44fc75a1c3f3ad43eab6fcfe520e075b1b86e7b18.xlsx,km_tgp_point_receipt_capacity:1788187475908934000:70d513ee6296bf050aa4fbc44fc75a1c3f3ad43eab6fcfe520e075b1b86e7b18
point,receipt,2026-08-31,2026-08-31T14:00:00.000000Z,2026-08-31T09:00:00,EVENING,412523,109,UES/TGP WILDCAT   RASMUSSEN   1  R,00,TGP:412523,TGP:SEG:109,R,3370,3370.0,0.0,3370.0,False,True,,True,2026-08-31T01:46:00.000000Z,2026-08-31T14:44:35.908934Z,2026-08-31T14:44:35.908934Z,Million BTU's (displayed as Dth),70d513ee6296bf050aa4fbc44fc75a1c3f3ad43eab6fcfe520e075b1b86e7b18,https://pipeline2.kindermorgan.com/Capacity/OpAvailPoint.aspx?code=TGP,data/raw/km_tgp_point_receipt_capacity/2026/08/31/70d513ee6296bf050aa4fbc44fc75a1c3f3ad43eab6fcfe520e075b1b86e7b18.xlsx,km_tgp_point_receipt_capacity:1788187475908934000:70d513ee6296bf050aa4fbc44fc75a1c3f3ad43eab6fcfe520e075b1b86e7b18
point,receipt,2026-08-31,2026-08-31T14:00:00.000000Z,2026-08-31T09:00:00,EVENING,412546,109,GCENGY/TGP BARTA #1 WHARTON,00,TGP:412546,TGP:SEG:109,R,3009,3009.0,0.0,3009.0,False,True,,True,2026-08-31T01:46:00.000000Z,2026-08-31T14:44:35.908934Z,2026-08-31T14:44:35.908934Z,Million BTU's (displayed as Dth),70d513ee6296bf050aa4fbc44fc75a1c3f3ad43eab6fcfe520e075b1b86e7b18,https://pipeline2.kindermorgan.com/Capacity/OpAvailPoint.aspx?code=TGP,data/raw/km_tgp_point_receipt_capacity/2026/08/31/70d513ee6296bf050aa4fbc44fc75a1c3f3ad43eab6fcfe520e075b1b86e7b18.xlsx,km_tgp_point_receipt_capacity:1788187475908934000:70d513ee6296bf050aa4fbc44fc75a1c3f3ad43eab6fcfe520e075b1b86e7b18
point,receipt,2026-08-31,2026-08-31T14:00:00.000000Z,2026-08-31T09:00:00,EVENING,412723,109,PATTERSN/TGP HILL WHARTON,00,TGP:412723,TGP:SEG:109,R,3458,3458.0,0.0,3458.0,False,True,,True,2026-08-31T01:46:00.000000Z,2026-08-31T14:44:35.908934Z,2026-08-31T14:44:35.908934Z,Million BTU's (displayed as Dth),70d513ee6296bf050aa4fbc44fc75a1c3f3ad43eab6fcfe520e075b1b86e7b18,https://pipeline2.kindermorgan.com/Capacity/OpAvailPoint.aspx?code=TGP,data/raw/km_tgp_point_receipt_capacity/2026/08/31/70d513ee6296bf050aa4fbc44fc75a1c3f3ad43eab6fcfe520e075b1b86e7b18.xlsx,km_tgp_point_receipt_capacity:1788187475908934000:70d513ee6296bf050aa4fbc44fc75a1c3f3ad43eab6fcfe520e075b1b86e7b18
point,receipt,2026-08-31,2026-08-31T14:00:00.000000Z,2026-08-31T09:00:00,EVENING,412860,109,ET G&P/TGP GANADO PLANT JACKSON,00,TGP:412860,TGP:SEG:109,R,749275,749275.0,385284.0,363991.0,False,True,,True,2026-08-31T01:46:00.000000Z,2026-08-31T14:44:35.908934Z,2026-08-31T14:44:35.908934Z,Million BTU's (displayed as Dth),70d513ee6296bf050aa4fbc44fc75a1c3f3ad43eab6fcfe520e075b1b86e7b18,https://pipeline2.kindermorgan.com/Capacity/OpAvailPoint.aspx?code=TGP,data/raw/km_tgp_point_receipt_capacity/2026/08/31/70d513ee6296bf050aa4fbc44fc75a1c3f3ad43eab6fcfe520e075b1b86e7b18.xlsx,km_tgp_point_receipt_capacity:1788187475908934000:70d513ee6296bf050aa4fbc44fc75a1c3f3ad43eab6fcfe520e075b1b86e7b18
point,receipt,2026-08-31,2026-08-31T14:00:00.000000Z,2026-08-31T09:00:00,EVENING,412878,109,BWALKTX/TGP FLAG CITY: RIP 11J 101.,00,TGP:412878,TGP:SEG:109,R,102500,102500.0,0.0,102500.0,False,True,,True,2026-08-31T01:46:00.000000Z,2026-08-31T14:44:35.908934Z,2026-08-31T14:44:35.908934Z,Million BTU's (displayed as Dth),70d513ee6296bf050aa4fbc44fc75a1c3f3ad43eab6fcfe520e075b1b86e7b18,https://pipeline2.kindermorgan.com/Capacity/OpAvailPoint.aspx?code=TGP,data/raw/km_tgp_point_receipt_capacity/2026/08/31/70d513ee6296bf050aa4fbc44fc75a1c3f3ad43eab6fcfe520e075b1b86e7b18.xlsx,km_tgp_point_receipt_capacity:1788187475908934000:70d513ee6296bf050aa4fbc44fc75a1c3f3ad43eab6fcfe520e075b1b86e7b18
point,receipt,2026-08-31,2026-08-31T14:00:00.000000Z,2026-08-31T09:00:00,EVENING,421055,109,TRES PAL/TGP TRES PALACIOS STORAGE:,00,TGP:421055,TGP:SEG:109,BD,410000,410000.0,0.0,410000.0,True,True,,True,2026-08-31T01:46:00.000000Z,2026-08-31T14:44:35.908934Z,2026-08-31T14:44:35.908934Z,Million BTU's (displayed as Dth),70d513ee6296bf050aa4fbc44fc75a1c3f3ad43eab6fcfe520e075b1b86e7b18,https://pipeline2.kindermorgan.com/Capacity/OpAvailPoint.aspx?code=TGP,data/raw/km_tgp_point_receipt_capacity/2026/08/31/70d513ee6296bf050aa4fbc44fc75a1c3f3ad43eab6fcfe520e075b1b86e7b18.xlsx,km_tgp_point_receipt_capacity:1788187475908934000:70d513ee6296bf050aa4fbc44fc75a1c3f3ad43eab6fcfe520e075b1b86e7b18
point,receipt,2026-08-31,2026-08-31T14:00:00.000000Z,2026-08-31T09:00:00,EVENING,49524,109,GULFSTH/TGP COASTAL BEND LNG WHARTO,00,TGP:49524,TGP:SEG:109,BD,643700,643700.0,0.0,643700.0,False,True,,True,2026-08-31T01:46:00.000000Z,2026-08-31T14:44:35.908934Z,2026-08-31T14:44:35.908934Z,Million BTU's (displayed as Dth),70d513ee6296bf050aa4fbc44fc75a1c3f3ad43eab6fcfe520e075b1b86e7b18,https://pipeline2.kindermorgan.com/Capacity/OpAvailPoint.aspx?code=TGP,data/raw/km_tgp_point_receipt_capacity/2026/08/31/70d513ee6296bf050aa4fbc44fc75a1c3f3ad43eab6fcfe520e075b1b86e7b18.xlsx,km_tgp_point_receipt_capacity:1788187475908934000:70d513ee6296bf050aa4fbc44fc75a1c3f3ad43eab6fcfe520e075b1b86e7b18
point,receipt,2026-08-31,2026-08-31T14:00:00.000000Z,2026-08-31T09:00:00,EVENING,54086,109,TGP/PHP SHERIDAN COLORADO,00,TGP:54086,TGP:SEG:109,R,161950,161950.0,30000.0,131950.0,False,True,,True,2026-08-31T01:46:00.000000Z,2026-08-31T14:44:35.908934Z,2026-08-31T14:44:35.908934Z,Million BTU's (displayed as Dth),70d513ee6296bf050aa4fbc44fc75a1c3f3ad43eab6fcfe520e075b1b86e7b18,https://pipeline2.kindermorgan.com/Capacity/OpAvailPoint.aspx?code=TGP,data/raw/km_tgp_point_receipt_capacity/2026/08/31/70d513ee6296bf050aa4fbc44fc75a1c3f3ad43eab6fcfe520e075b1b86e7b18.xlsx,km_tgp_point_receipt_capacity:1788187475908934000:70d513ee6296bf050aa4fbc44fc75a1c3f3ad43eab6fcfe520e075b1b86e7b18
point,receipt,2026-08-31,2026-08-31T14:00:00.000000Z,2026-08-31T09:00:00,EVENING,56009,109,MATTEXPR/TGP BERNARD CREEK RECEIPT,00,TGP:56009,TGP:SEG:109,R,757475,757475.0,529228.0,228247.0,False,True,,True,2026-08-31T01:46:00.000000Z,2026-08-31T14:44:35.908934Z,2026-08-31T14:44:35.908934Z,Million BTU's (displayed as Dth),70d513ee6296bf050aa4fbc44fc75a1c3f3ad43eab6fcfe520e075b1b86e7b18,https://pipeline2.kindermorgan.com/Capacity/OpAvailPoint.aspx?code=TGP,data/raw/km_tgp_point_receipt_capacity/2026/08/31/70d513ee6296bf050aa4fbc44fc75a1c3f3ad43eab6fcfe520e075b1b86e7b18.xlsx,km_tgp_point_receipt_capacity:1788187475908934000:70d513ee6296bf050aa4fbc44fc75a1c3f3ad43eab6fcfe520e075b1b86e7b18
point,receipt,2026-08-31,2026-08-31T14:00:00.000000Z,2026-08-31T09:00:00,EVENING,56689,109,KMTEJAS/TGP EGYPT PHPE RB WHARTON,00,TGP:56689,TGP:SEG:109,R,256250,256250.0,68158.0,188092.0,False,True,,True,2026-08-31T01:46:00.000000Z,2026-08-31T14:44:35.908934Z,2026-08-31T14:44:35.908934Z,Million BTU's (displayed as Dth),70d513ee6296bf050aa4fbc44fc75a1c3f3ad43eab6fcfe520e075b1b86e7b18,https://pipeline2.kindermorgan.com/Capacity/OpAvailPoint.aspx?code=TGP,data/raw/km_tgp_point_receipt_capacity/2026/08/31/70d513ee6296bf050aa4fbc44fc75a1c3f3ad43eab6fcfe520e075b1b86e7b18.xlsx,km_tgp_point_receipt_capacity:1788187475908934000:70d513ee6296bf050aa4fbc44fc75a1c3f3ad43eab6fcfe520e075b1b86e7b18
point,receipt,2026-08-31,2026-08-31T14:00:00.000000Z,2026-08-31T09:00:00,EVENING,412742,111,BIGSANDY/TGP GLANCY CARTER,02,TGP:412742,TGP:SEG:111,R,325540,325540.0,0.0,325540.0,False,True,,True,2026-08-31T01:46:00.000000Z,2026-08-31T14:44:35.908934Z,2026-08-31T14:44:35.908934Z,Million BTU's (displayed as Dth),70d513ee6296bf050aa4fbc44fc75a1c3f3ad43eab6fcfe520e075b1b86e7b18,https://pipeline2.kindermorgan.com/Capacity/OpAvailPoint.aspx?code=TGP,data/raw/km_tgp_point_receipt_capacity/2026/08/31/70d513ee6296bf050aa4fbc44fc75a1c3f3ad43eab6fcfe520e075b1b86e7b18.xlsx,km_tgp_point_receipt_capacity:1788187475908934000:70d513ee6296bf050aa4fbc44fc75a1c3f3ad43eab6fcfe520e075b1b86e7b18
point,receipt,2026-08-31,2026-08-31T14:00:00.000000Z,2026-08-31T09:00:00,EVENING,400459,114,COL GAS/TGP BROAD RUN COBB WV KANAW,03,TGP:400459,TGP:SEG:114,BD,820000,820000.0,318482.0,501518.0,False,True,,True,2026-08-31T01:46:00.000000Z,2026-08-31T14:44:35.908934Z,2026-08-31T14:44:35.908934Z,Million BTU's (displayed as Dth),70d513ee6296bf050aa4fbc44fc75a1c3f3ad43eab6fcfe520e075b1b86e7b18,https://pipeline2.kindermorgan.com/Capacity/OpAvailPoint.aspx?code=TGP,data/raw/km_tgp_point_receipt_capacity/2026/08/31/70d513ee6296bf050aa4fbc44fc75a1c3f3ad43eab6fcfe520e075b1b86e7b18.xlsx,km_tgp_point_receipt_capacity:1788187475908934000:70d513ee6296bf050aa4fbc44fc75a1c3f3ad43eab6fcfe520e075b1b86e7b18
point,receipt,2026-08-31,2026-08-31T14:00:00.000000Z,2026-08-31T09:00:00,EVENING,420044,114,EGTS/TGP BROAD RUN CORNWELL KANAWHA,03,TGP:420044,TGP:SEG:114,BD,364942,364942.0,58658.0,306284.0,False,True,,True,2026-08-31T01:46:00.000000Z,2026-08-31T14:44:35.908934Z,2026-08-31T14:44:35.908934Z,Million BTU's (displayed as Dth),70d513ee6296bf050aa4fbc44fc75a1c3f3ad43eab6fcfe520e075b1b86e7b18,https://pipeline2.kindermorgan.com/Capacity/OpAvailPoint.aspx?code=TGP,data/raw/km_tgp_point_receipt_capacity/2026/08/31/70d513ee6296bf050aa4fbc44fc75a1c3f3ad43eab6fcfe520e075b1b86e7b18.xlsx,km_tgp_point_receipt_capacity:1788187475908934000:70d513ee6296bf050aa4fbc44fc75a1c3f3ad43eab6fcfe520e075b1b86e7b18
point,receipt,2026-08-31,2026-08-31T14:00:00.000000Z,2026-08-31T09:00:00,EVENING,410306,117,TEXLA/TGP UDP TOMBALL DEHY HARRIS,00,TGP:410306,TGP:SEG:117,R,16249,16249.0,41.0,16208.0,False,True,,True,2026-08-31T01:46:00.000000Z,2026-08-31T14:44:35.908934Z,2026-08-31T14:44:35.908934Z,Million BTU's (displayed as Dth),70d513ee6296bf050aa4fbc44fc75a1c3f3ad43eab6fcfe520e075b1b86e7b18,https://pipeline2.kindermorgan.com/Capacity/OpAvailPoint.aspx?code=TGP,data/raw/km_tgp_point_receipt_capacity/2026/08/31/70d513ee6296bf050aa4fbc44fc75a1c3f3ad43eab6fcfe520e075b1b86e7b18.xlsx,km_tgp_point_receipt_capacity:1788187475908934000:70d513ee6296bf050aa4fbc44fc75a1c3f3ad43eab6fcfe520e075b1b86e7b18
point,receipt,2026-08-31,2026-08-31T14:00:00.000000Z,2026-08-31T09:00:00,EVENING,411159,117,ENTRPRSE/TGP KATY DEHY TRANS WALLER,00,TGP:411159,TGP:SEG:117,BD,577408,577408.0,0.0,577408.0,False,True,,True,2026-08-31T01:46:00.000000Z,2026-08-31T14:44:35.908934Z,2026-08-31T14:44:35.908934Z,Million BTU's (displayed as Dth),70d513ee6296bf050aa4fbc44fc75a1c3f3ad43eab6fcfe520e075b1b86e7b18,https://pipeline2.kindermorgan.com/Capacity/OpAvailPoint.aspx?code=TGP,data/raw/km_tgp_point_receipt_capacity/2026/08/31/70d513ee6296bf050aa4fbc44fc75a1c3f3ad43eab6fcfe520e075b1b86e7b18.xlsx,km_tgp_point_receipt_capacity:1788187475908934000:70d513ee6296bf050aa4fbc44fc75a1c3f3ad43eab6fcfe520e075b1b86e7b18
point,receipt,2026-08-31,2026-08-31T14:00:00.000000Z,2026-08-31T09:00:00,EVENING,411788,117,DCP GLP/TGP KATY TRANSPORT WALLER,00,TGP:411788,TGP:SEG:117,R,111072,111072.0,0.0,111072.0,False,True,,True,2026-08-31T01:46:00.000000Z,2026-08-31T14:44:35.908934Z,2026-08-31T14:44:35.908934Z,Million BTU's (displayed as Dth),70d513ee6296bf050aa4fbc44fc75a1c3f3ad43eab6fcfe520e075b1b86e7b18,https://pipeline2.kindermorgan.com/Capacity/OpAvailPoint.aspx?code=TGP,data/raw/km_tgp_point_receipt_capacity/2026/08/31/70d513ee6296bf050aa4fbc44fc75a1c3f3ad43eab6fcfe520e075b1b86e7b18.xlsx,km_tgp_point_receipt_capacity:1788187475908934000:70d513ee6296bf050aa4fbc44fc75a1c3f3ad43eab6fcfe520e075b1b86e7b18
point,receipt,2026-08-31,2026-08-31T14:00:00.000000Z,2026-08-31T09:00:00,EVENING,412100,117,ATMOS-TX/TGP KATY EXCH WALLER,00,TGP:412100,TGP:SEG:117,R,104634,104634.0,104659.0,0.0,False,True,,True,2026-08-31T01:46:00.000000Z,2026-08-31T14:44:35.908934Z,2026-08-31T14:44:35.908934Z,Million BTU's (displayed as Dth),70d513ee6296bf050aa4fbc44fc75a1c3f3ad43eab6fcfe520e075b1b86e7b18,https://pipeline2.kindermorgan.com/Capacity/OpAvailPoint.aspx?code=TGP,data/raw/km_tgp_point_receipt_capacity/2026/08/31/70d513ee6296bf050aa4fbc44fc75a1c3f3ad43eab6fcfe520e075b1b86e7b18.xlsx,km_tgp_point_receipt_capacity:1788187475908934000:70d513ee6296bf050aa4fbc44fc75a1c3f3ad43eab6fcfe520e075b1b86e7b18
point,receipt,2026-08-31,2026-08-31T14:00:00.000000Z,2026-08-31T09:00:00,EVENING,412271,117,KTY STTR/TGP KATY INTERCONNECT WALL,00,TGP:412271,TGP:SEG:117,BD,170197,200000.0,0.0,200000.0,False,True,,True,2026-08-31T01:46:00.000000Z,2026-08-31T14:44:35.908934Z,2026-08-31T14:44:35.908934Z,Million BTU's (displayed as Dth),70d513ee6296bf050aa4fbc44fc75a1c3f3ad43eab6fcfe520e075b1b86e7b18,https://pipeline2.kindermorgan.com/Capacity/OpAvailPoint.aspx?code=TGP,data/raw/km_tgp_point_receipt_capacity/2026/08/31/70d513ee6296bf050aa4fbc44fc75a1c3f3ad43eab6fcfe520e075b1b86e7b18.xlsx,km_tgp_point_receipt_capacity:1788187475908934000:70d513ee6296bf050aa4fbc44fc75a1c3f3ad43eab6fcfe520e075b1b86e7b18
point,receipt,2026-08-31,2026-08-31T14:00:00.000000Z,2026-08-31T09:00:00,EVENING,412399,117,MILAGRO/TGP UDP LANGHAM CREEK JOSEY,00,TGP:412399,TGP:SEG:117,R,50453,50453.0,0.0,50453.0,False,True,,True,2026-08-31T01:46:00.000000Z,2026-08-31T14:44:35.908934Z,2026-08-31T14:44:35.908934Z,Million BTU's (displayed as Dth),70d513ee6296bf050aa4fbc44fc75a1c3f3ad43eab6fcfe520e075b1b86e7b18,https://pipeline2.kindermorgan.com/Capacity/OpAvailPoint.aspx?code=TGP,data/raw/km_tgp_point_receipt_capacity/2026/08/31/70d513ee6296bf050aa4fbc44fc75a1c3f3ad43eab6fcfe520e075b1b86e7b18.xlsx,km_tgp_point_receipt_capacity:1788187475908934000:70d513ee6296bf050aa4fbc44fc75a1c3f3ad43eab6fcfe520e075b1b86e7b18
point,receipt,2026-08-31,2026-08-31T14:00:00.000000Z,2026-08-31T09:00:00,EVENING,412485,117,GALLO LS/TGP TOMBALL   MARSHALL A &,00,TGP:412485,TGP:SEG:117,R,10634,10634.0,1.0,10633.0,False,True,,True,2026-08-31T01:46:00.000000Z,2026-08-31T14:44:35.908934Z,2026-08-31T14:44:35.908934Z,Million BTU's (displayed as Dth),70d513ee6296bf050aa4fbc44fc75a1c3f3ad43eab6fcfe520e075b1b86e7b18,https://pipeline2.kindermorgan.com/Capacity/OpAvailPoint.aspx?code=TGP,data/raw/km_tgp_point_receipt_capacity/2026/08/31/70d513ee6296bf050aa4fbc44fc75a1c3f3ad43eab6fcfe520e075b1b86e7b18.xlsx,km_tgp_point_receipt_capacity:1788187475908934000:70d513ee6296bf050aa4fbc44fc75a1c3f3ad43eab6fcfe520e075b1b86e7b18
point,receipt,2026-08-31,2026-08-31T14:00:00.000000Z,2026-08-31T09:00:00,EVENING,412722,117,JOY RES/TGP UDP MERI JOSEY HARRIS,00,TGP:412722,TGP:SEG:117,R,11270,11270.0,0.0,11270.0,False,True,,True,2026-08-31T01:46:00.000000Z,2026-08-31T14:44:35.908934Z,2026-08-31T14:44:35.908934Z,Million BTU's (displayed as Dth),70d513ee6296bf050aa4fbc44fc75a1c3f3ad43eab6fcfe520e075b1b86e7b18,https://pipeline2.kindermorgan.com/Capacity/OpAvailPoint.aspx?code=TGP,data/raw/km_tgp_point_receipt_capacity/2026/08/31/70d513ee6296bf050aa4fbc44fc75a1c3f3ad43eab6fcfe520e075b1b86e7b18.xlsx,km_tgp_point_receipt_capacity:1788187475908934000:70d513ee6296bf050aa4fbc44fc75a1c3f3ad43eab6fcfe520e075b1b86e7b18
point,receipt,2026-08-31,2026-08-31T14:00:00.000000Z,2026-08-31T09:00:00,EVENING,412788,117,CP-UGC/TGP MOSSY OAKS: RIP 22N 101.,00,TGP:412788,TGP:SEG:117,R,61500,61500.0,0.0,61500.0,False,True,,True,2026-08-31T01:46:00.000000Z,2026-08-31T14:44:35.908934Z,2026-08-31T14:44:35.908934Z,Million BTU's (displayed as Dth),70d513ee6296bf050aa4fbc44fc75a1c3f3ad43eab6fcfe520e075b1b86e7b18,https://pipeline2.kindermorgan.com/Capacity/OpAvailPoint.aspx?code=TGP,data/raw/km_tgp_point_receipt_capacity/2026/08/31/70d513ee6296bf050aa4fbc44fc75a1c3f3ad43eab6fcfe520e075b1b86e7b18.xlsx,km_tgp_point_receipt_capacity:1788187475908934000:70d513ee6296bf050aa4fbc44fc75a1c3f3ad43eab6fcfe520e075b1b86e7b18
point,receipt,2026-08-31,2026-08-31T14:00:00.000000Z,2026-08-31T09:00:00,EVENING,400448,125,CICO/TGP MERCY GU  1 LIBERTY,00,TGP:400448,TGP:SEG:125,R,5381,5381.0,0.0,5381.0,False,True,,True,2026-08-31T01:46:00.000000Z,2026-08-31T14:44:35.908934Z,2026-08-31T14:44:35.908934Z,Million BTU's (displayed as Dth),70d513ee6296bf050aa4fbc44fc75a1c3f3ad43eab6fcfe520e075b1b86e7b18,https://pipeline2.kindermorgan.com/Capacity/OpAvailPoint.aspx?code=TGP,data/raw/km_tgp_point_receipt_capacity/2026/08/31/70d513ee6296bf050aa4fbc44fc75a1c3f3ad43eab6fcfe520e075b1b86e7b18.xlsx,km_tgp_point_receipt_capacity:1788187475908934000:70d513ee6296bf050aa4fbc44fc75a1c3f3ad43eab6fcfe520e075b1b86e7b18
point,receipt,2026-08-31,2026-08-31T14:00:00.000000Z,2026-08-31T09:00:00,EVENING,411374,125,EQVOPERA/TGP NEW ACE DEHY POLK,00,TGP:411374,TGP:SEG:125,R,14944,14944.0,250.0,14694.0,False,True,,True,2026-08-31T01:46:00.000000Z,2026-08-31T14:44:35.908934Z,2026-08-31T14:44:35.908934Z,Million BTU's (displayed as Dth),70d513ee6296bf050aa4fbc44fc75a1c3f3ad43eab6fcfe520e075b1b86e7b18,https://pipeline2.kindermorgan.com/Capacity/OpAvailPoint.aspx?code=TGP,data/raw/km_tgp_point_receipt_capacity/2026/08/31/70d513ee6296bf050aa4fbc44fc75a1c3f3ad43eab6fcfe520e075b1b86e7b18.xlsx,km_tgp_point_receipt_capacity:1788187475908934000:70d513ee6296bf050aa4fbc44fc75a1c3f3ad43eab6fcfe520e075b1b86e7b18
point,receipt,2026-08-31,2026-08-31T14:00:00.000000Z,2026-08-31T09:00:00,EVENING,411559,125,HEC/TGP UDP 1 CENTRAL COAL & COKE D,00,TGP:411559,TGP:SEG:125,R,20311,20311.0,1.0,20310.0,False,True,,True,2026-08-31T01:46:00.000000Z,2026-08-31T14:44:35.908934Z,2026-08-31T14:44:35.908934Z,Million BTU's (displayed as Dth),70d513ee6296bf050aa4fbc44fc75a1c3f3ad43eab6fcfe520e075b1b86e7b18,https://pipeline2.kindermorgan.com/Capacity/OpAvailPoint.aspx?code=TGP,data/raw/km_tgp_point_receipt_capacity/2026/08/31/70d513ee6296bf050aa4fbc44fc75a1c3f3ad43eab6fcfe520e075b1b86e7b18.xlsx,km_tgp_point_receipt_capacity:1788187475908934000:70d513ee6296bf050aa4fbc44fc75a1c3f3ad43eab6fcfe520e075b1b86e7b18
point,receipt,2026-08-31,2026-08-31T14:00:00.000000Z,2026-08-31T09:00:00,EVENING,412453,125,GEOPETRA/TGP WEST LUMBER #2 POLK,00,TGP:412453,TGP:SEG:125,R,42678,42678.0,0.0,42678.0,False,True,,True,2026-08-31T01:46:00.000000Z,2026-08-31T14:44:35.908934Z,2026-08-31T14:44:35.908934Z,Million BTU's (displayed as Dth),70d513ee6296bf050aa4fbc44fc75a1c3f3ad43eab6fcfe520e075b1b86e7b18,https://pipeline2.kindermorgan.com/Capacity/OpAvailPoint.aspx?code=TGP,data/raw/km_tgp_point_receipt_capacity/2026/08/31/70d513ee6296bf050aa4fbc44fc75a1c3f3ad43eab6fcfe520e075b1b86e7b18.xlsx,km_tgp_point_receipt_capacity:1788187475908934000:70d513ee6296bf050aa4fbc44fc75a1c3f3ad43eab6fcfe520e075b1b86e7b18
point,receipt,2026-08-31,2026-08-31T14:00:00.000000Z,2026-08-31T09:00:00,EVENING,412632,125,ANADARKO/TGP WOODVILLE DEHYD TYLER,00,TGP:412632,TGP:SEG:125,R,48163,48163.0,0.0,48163.0,False,True,,True,2026-08-31T01:46:00.000000Z,2026-08-31T14:44:35.908934Z,2026-08-31T14:44:35.908934Z,Million BTU's (displayed as Dth),70d513ee6296bf050aa4fbc44fc75a1c3f3ad43eab6fcfe520e075b1b86e7b18,https://pipeline2.kindermorgan.com/Capacity/OpAvailPoint.aspx?code=TGP,data/raw/km_tgp_point_receipt_capacity/2026/08/31/70d513ee6296bf050aa4fbc44fc75a1c3f3ad43eab6fcfe520e075b1b86e7b18.xlsx,km_tgp_point_receipt_capacity:1788187475908934000:70d513ee6296bf050aa4fbc44fc75a1c3f3ad43eab6fcfe520e075b1b86e7b18
point,receipt,2026-08-31,2026-08-31T14:00:00.000000Z,2026-08-31T09:00:00,EVENING,412738,125,TECOGATH/TGP TECO INDIAN SPRINGS PO,00,TGP:412738,TGP:SEG:125,R,89175,89175.0,0.0,89175.0,False,True,,True,2026-08-31T01:46:00.000000Z,2026-08-31T14:44:35.908934Z,2026-08-31T14:44:35.908934Z,Million BTU's (displayed as Dth),70d513ee6296bf050aa4fbc44fc75a1c3f3ad43eab6fcfe520e075b1b86e7b18,https://pipeline2.kindermorgan.com/Capacity/OpAvailPoint.aspx?code=TGP,data/raw/km_tgp_point_receipt_capacity/2026/08/31/70d513ee6296bf050aa4fbc44fc75a1c3f3ad43eab6fcfe520e075b1b86e7b18.xlsx,km_tgp_point_receipt_capacity:1788187475908934000:70d513ee6296bf050aa4fbc44fc75a1c3f3ad43eab6fcfe520e075b1b86e7b18
point,receipt,2026-08-31,2026-08-31T14:00:00.000000Z,2026-08-31T09:00:00,EVENING,412747,125,GEOPETRA/TGP DREWS LANDING NO 2: RI,00,TGP:412747,TGP:SEG:125,R,41146,41146.0,200.0,40946.0,False,True,,True,2026-08-31T01:46:00.000000Z,2026-08-31T14:44:35.908934Z,2026-08-31T14:44:35.908934Z,Million BTU's (displayed as Dth),70d513ee6296bf050aa4fbc44fc75a1c3f3ad43eab6fcfe520e075b1b86e7b18,https://pipeline2.kindermorgan.com/Capacity/OpAvailPoint.aspx?code=TGP,data/raw/km_tgp_point_receipt_capacity/2026/08/31/70d513ee6296bf050aa4fbc44fc75a1c3f3ad43eab6fcfe520e075b1b86e7b18.xlsx,km_tgp_point_receipt_capacity:1788187475908934000:70d513ee6296bf050aa4fbc44fc75a1c3f3ad43eab6fcfe520e075b1b86e7b18
point,receipt,2026-08-31,2026-08-31T14:00:00.000000Z,2026-08-31T09:00:00,EVENING,412862,125,BULLOPER/TGP COLDSPRING LATERAL: RI,00,TGP:412862,TGP:SEG:125,R,34850,34850.0,300.0,34550.0,False,True,,True,2026-08-31T01:46:00.000000Z,2026-08-31T14:44:35.908934Z,2026-08-31T14:44:35.908934Z,Million BTU's (displayed as Dth),70d513ee6296bf050aa4fbc44fc75a1c3f3ad43eab6fcfe520e075b1b86e7b18,https://pipeline2.kindermorgan.com/Capacity/OpAvailPoint.aspx?code=TGP,data/raw/km_tgp_point_receipt_capacity/2026/08/31/70d513ee6296bf050aa4fbc44fc75a1c3f3ad43eab6fcfe520e075b1b86e7b18.xlsx,km_tgp_point_receipt_capacity:1788187475908934000:70d513ee6296bf050aa4fbc44fc75a1c3f3ad43eab6fcfe520e075b1b86e7b18
point,receipt,2026-08-31,2026-08-31T14:00:00.000000Z,2026-08-31T09:00:00,EVENING,44521,125,TGP/KMTP SHEPHERD SAN JACINTO,00,TGP:44521,TGP:SEG:125,BD,177325,177325.0,0.0,177325.0,False,True,,True,2026-08-31T01:46:00.000000Z,2026-08-31T14:44:35.908934Z,2026-08-31T14:44:35.908934Z,Million BTU's (displayed as Dth),70d513ee6296bf050aa4fbc44fc75a1c3f3ad43eab6fcfe520e075b1b86e7b18,https://pipeline2.kindermorgan.com/Capacity/OpAvailPoint.aspx?code=TGP,data/raw/km_tgp_point_receipt_capacity/2026/08/31/70d513ee6296bf050aa4fbc44fc75a1c3f3ad43eab6fcfe520e075b1b86e7b18.xlsx,km_tgp_point_receipt_capacity:1788187475908934000:70d513ee6296bf050aa4fbc44fc75a1c3f3ad43eab6fcfe520e075b1b86e7b18
point,receipt,2026-08-31,2026-08-31T14:00:00.000000Z,2026-08-31T09:00:00,EVENING,412277,132,ET G&P/TGP BROOKELAND FIELD DEHY SA,00,TGP:412277,TGP:SEG:132,R,190812,190812.0,34500.0,156312.0,False,True,,True,2026-08-31T01:46:00.000000Z,2026-08-31T14:44:35.908934Z,2026-08-31T14:44:35.908934Z,Million BTU's (displayed as Dth),70d513ee6296bf050aa4fbc44fc75a1c3f3ad43eab6fcfe520e075b1b86e7b18,https://pipeline2.kindermorgan.com/Capacity/OpAvailPoint.aspx?code=TGP,data/raw/km_tgp_point_receipt_capacity/2026/08/31/70d513ee6296bf050aa4fbc44fc75a1c3f3ad43eab6fcfe520e075b1b86e7b18.xlsx,km_tgp_point_receipt_capacity:1788187475908934000:70d513ee6296bf050aa4fbc44fc75a1c3f3ad43eab6fcfe520e075b1b86e7b18
point,receipt,2026-08-31,2026-08-31T14:00:00.000000Z,2026-08-31T09:00:00,EVENING,412829,132,"ET G&P/TGP ROBELINE: RIP 38B 101.1,",00,TGP:412829,TGP:SEG:132,R,630375,500000.0,223700.0,276300.0,False,True,,True,2026-08-31T01:46:00.000000Z,2026-08-31T14:44:35.908934Z,2026-08-31T14:44:35.908934Z,Million BTU's (displayed as Dth),70d513ee6296bf050aa4fbc44fc75a1c3f3ad43eab6fcfe520e075b1b86e7b18,https://pipeline2.kindermorgan.com/Capacity/OpAvailPoint.aspx?code=TGP,data/raw/km_tgp_point_receipt_capacity/2026/08/31/70d513ee6296bf050aa4fbc44fc75a1c3f3ad43eab6fcfe520e075b1b86e7b18.xlsx,km_tgp_point_receipt_capacity:1788187475908934000:70d513ee6296bf050aa4fbc44fc75a1c3f3ad43eab6fcfe520e075b1b86e7b18
point,receipt,2026-08-31,2026-08-31T14:00:00.000000Z,2026-08-31T09:00:00,EVENING,412831,132,DTM LAGA/TGP SABINE MANY: RIP 37F 1,00,TGP:412831,TGP:SEG:132,R,283925,283925.0,100.0,283825.0,False,True,,True,2026-08-31T01:46:00.000000Z,2026-08-31T14:44:35.908934Z,2026-08-31T14:44:35.908934Z,Million BTU's (displayed as Dth),70d513ee6296bf050aa4fbc44fc75a1c3f3ad43eab6fcfe520e075b1b86e7b18,https://pipeline2.kindermorgan.com/Capacity/OpAvailPoint.aspx?code=TGP,data/raw/km_tgp_point_receipt_capacity/2026/08/31/70d513ee6296bf050aa4fbc44fc75a1c3f3ad43eab6fcfe520e075b1b86e7b18.xlsx,km_tgp_point_receipt_capacity:1788187475908934000:70d513ee6296bf050aa4fbc44fc75a1c3f3ad43eab6fcfe520e075b1b86e7b18
point,receipt,2026-08-31,2026-08-31T14:00:00.000000Z,2026-08-31T09:00:00,EVENING,412809,140,CRTXLIG/TGP CLEAR LAKE NO. 1: RIP 4,01,TGP:412809,TGP:SEG:140,R,109675,109675.0,0.0,109675.0,False,True,,True,2026-08-31T01:46:00.000000Z,2026-08-31T14:44:35.908934Z,2026-08-31T14:44:35.908934Z,Million BTU's (displayed as Dth),70d513ee6296bf050aa4fbc44fc75a1c3f3ad43eab6fcfe520e075b1b86e7b18,https://pipeline2.kindermorgan.com/Capacity/OpAvailPoint.aspx?code=TGP,data/raw/km_tgp_point_receipt_capacity/2026/08/31/70d513ee6296bf050aa4fbc44fc75a1c3f3ad43eab6fcfe520e075b1b86e7b18.xlsx,km_tgp_point_receipt_capacity:1788187475908934000:70d513ee6296bf050aa4fbc44fc75a1c3f3ad43eab6fcfe520e075b1b86e7b18
point,receipt,2026-08-31,2026-08-31T14:00:00.000000Z,2026-08-31T09:00:00,EVENING,405367,141,TGP/SNG BEAR CREEK INJECTION BIENVI,01,TGP:405367,TGP:SEG:141,BD,200627,200627.0,0.0,200627.0,True,True,,True,2026-08-31T01:46:00.000000Z,2026-08-31T14:44:35.908934Z,2026-08-31T14:44:35.908934Z,Million BTU's (displayed as Dth),70d513ee6296bf050aa4fbc44fc75a1c3f3ad43eab6fcfe520e075b1b86e7b18,https://pipeline2.kindermorgan.com/Capacity/OpAvailPoint.aspx?code=TGP,data/raw/km_tgp_point_receipt_capacity/2026/08/31/70d513ee6296bf050aa4fbc44fc75a1c3f3ad43eab6fcfe520e075b1b86e7b18.xlsx,km_tgp_point_receipt_capacity:1788187475908934000:70d513ee6296bf050aa4fbc44fc75a1c3f3ad43eab6fcfe520e075b1b86e7b18
point,receipt,2026-08-31,2026-08-31T14:00:00.000000Z,2026-08-31T09:00:00,EVENING,412035,141,PELICO/TGP LIBERTY HILL BIENVILLE,01,TGP:412035,TGP:SEG:141,R,128742,128742.0,0.0,128742.0,False,True,,True,2026-08-31T01:46:00.000000Z,2026-08-31T14:44:35.908934Z,2026-08-31T14:44:35.908934Z,Million BTU's (displayed as Dth),70d513ee6296bf050aa4fbc44fc75a1c3f3ad43eab6fcfe520e075b1b86e7b18,https://pipeline2.kindermorgan.com/Capacity/OpAvailPoint.aspx?code=TGP,data/raw/km_tgp_point_receipt_capacity/2026/08/31/70d513ee6296bf050aa4fbc44fc75a1c3f3ad43eab6fcfe520e075b1b86e7b18.xlsx,km_tgp_point_receipt_capacity:1788187475908934000:70d513ee6296bf050aa4fbc44fc75a1c3f3ad43eab6fcfe520e075b1b86e7b18
point,receipt,2026-08-31,2026-08-31T14:00:00.000000Z,2026-08-31T09:00:00,EVENING,412036,141,REGENCY/TGP BEAR CREEK TRANSPORT BI,01,TGP:412036,TGP:SEG:141,BD,205967,205967.0,0.0,205967.0,False,True,,True,2026-08-31T01:46:00.000000Z,2026-08-31T14:44:35.908934Z,2026-08-31T14:44:35.908934Z,Million BTU's (displayed as Dth),70d513ee6296bf050aa4fbc44fc75a1c3f3ad43eab6fcfe520e075b1b86e7b18,https://pipeline2.kindermorgan.com/Capacity/OpAvailPoint.aspx?code=TGP,data/raw/km_tgp_point_receipt_capacity/2026/08/31/70d513ee6296bf050aa4fbc44fc75a1c3f3ad43eab6fcfe520e075b1b86e7b18.xlsx,km_tgp_point_receipt_capacity:1788187475908934000:70d513ee6296bf050aa4fbc44fc75a1c3f3ad43eab6fcfe520e075b1b86e7b18
point,receipt,2026-08-31,2026-08-31T14:00:00.000000Z,2026-08-31T09:00:00,EVENING,412105,143,COMSTRES/TGP UDP CADEVILLE   LA OUA,01,TGP:412105,TGP:SEG:143,R,17182,17182.0,1.0,17181.0,False,True,,True,2026-08-31T01:46:00.000000Z,2026-08-31T14:44:35.908934Z,2026-08-31T14:44:35.908934Z,Million BTU's (displayed as Dth),70d513ee6296bf050aa4fbc44fc75a1c3f3ad43eab6fcfe520e075b1b86e7b18,https://pipeline2.kindermorgan.com/Capacity/OpAvailPoint.aspx?code=TGP,data/raw/km_tgp_point_receipt_capacity/2026/08/31/70d513ee6296bf050aa4fbc44fc75a1c3f3ad43eab6fcfe520e075b1b86e7b18.xlsx,km_tgp_point_receipt_capacity:1788187475908934000:70d513ee6296bf050aa4fbc44fc75a1c3f3ad43eab6fcfe520e075b1b86e7b18
point,receipt,2026-08-31,2026-08-31T14:00:00.000000Z,2026-08-31T09:00:00,EVENING,412352,143,EGT/TGP GUTHRIE EXCHANGE OUACHITA,01,TGP:412352,TGP:SEG:143,BD,407278,407278.0,0.0,407278.0,False,True,,True,2026-08-31T01:46:00.000000Z,2026-08-31T14:44:35.908934Z,2026-08-31T14:44:35.908934Z,Million BTU's (displayed as Dth),70d513ee6296bf050aa4fbc44fc75a1c3f3ad43eab6fcfe520e075b1b86e7b18,https://pipeline2.kindermorgan.com/Capacity/OpAvailPoint.aspx?code=TGP,data/raw/km_tgp_point_receipt_capacity/2026/08/31/70d513ee6296bf050aa4fbc44fc75a1c3f3ad43eab6fcfe520e075b1b86e7b18.xlsx,km_tgp_point_receipt_capacity:1788187475908934000:70d513ee6296bf050aa4fbc44fc75a1c3f3ad43eab6fcfe520e075b1b86e7b18
point,receipt,2026-08-31,2026-08-31T14:00:00.000000Z,2026-08-31T09:00:00,EVENING,412621,143,EXCOPTNR/TGP CHATHAM RECEIPT JACKSO,01,TGP:412621,TGP:SEG:143,R,196499,196499.0,0.0,196499.0,False,True,,True,2026-08-31T01:46:00.000000Z,2026-08-31T14:44:35.908934Z,2026-08-31T14:44:35.908934Z,Million BTU's (displayed as Dth),70d513ee6296bf050aa4fbc44fc75a1c3f3ad43eab6fcfe520e075b1b86e7b18,https://pipeline2.kindermorgan.com/Capacity/OpAvailPoint.aspx?code=TGP,data/raw/km_tgp_point_receipt_capacity/2026/08/31/70d513ee6296bf050aa4fbc44fc75a1c3f3ad43eab6fcfe520e075b1b86e7b18.xlsx,km_tgp_point_receipt_capacity:1788187475908934000:70d513ee6296bf050aa4fbc44fc75a1c3f3ad43eab6fcfe520e075b1b86e7b18
point,receipt,2026-08-31,2026-08-31T14:00:00.000000Z,2026-08-31T09:00:00,EVENING,412763,143,TEX GAS/TGP EAST REED ROAD RIP 54E,01,TGP:412763,TGP:SEG:143,R,512500,512500.0,0.0,512500.0,False,True,,True,2026-08-31T01:46:00.000000Z,2026-08-31T14:44:35.908934Z,2026-08-31T14:44:35.908934Z,Million BTU's (displayed as Dth),70d513ee6296bf050aa4fbc44fc75a1c3f3ad43eab6fcfe520e075b1b86e7b18,https://pipeline2.kindermorgan.com/Capacity/OpAvailPoint.aspx?code=TGP,data/raw/km_tgp_point_receipt_capacity/2026/08/31/70d513ee6296bf050aa4fbc44fc75a1c3f3ad43eab6fcfe520e075b1b86e7b18.xlsx,km_tgp_point_receipt_capacity:1788187475908934000:70d513ee6296bf050aa4fbc44fc75a1c3f3ad43eab6fcfe520e075b1b86e7b18
point,receipt,2026-08-31,2026-08-31T14:00:00.000000Z,2026-08-31T09:00:00,EVENING,412830,143,ETC TIG/TGP CHATHAM JACKSON,01,TGP:412830,TGP:SEG:143,R,148625,148625.0,0.0,148625.0,False,True,,True,2026-08-31T01:46:00.000000Z,2026-08-31T14:44:35.908934Z,2026-08-31T14:44:35.908934Z,Million BTU's (displayed as Dth),70d513ee6296bf050aa4fbc44fc75a1c3f3ad43eab6fcfe520e075b1b86e7b18,https://pipeline2.kindermorgan.com/Capacity/OpAvailPoint.aspx?code=TGP,data/raw/km_tgp_point_receipt_capacity/2026/08/31/70d513ee6296bf050aa4fbc44fc75a1c3f3ad43eab6fcfe520e075b1b86e7b18.xlsx,km_tgp_point_receipt_capacity:1788187475908934000:70d513ee6296bf050aa4fbc44fc75a1c3f3ad43eab6fcfe520e075b1b86e7b18
point,receipt,2026-08-31,2026-08-31T14:00:00.000000Z,2026-08-31T09:00:00,EVENING,420941,143,ANR/TGP TGP ANR GREENVILLE INTERCON,01,TGP:420941,TGP:SEG:143,BD,533000,533000.0,0.0,533000.0,False,True,,True,2026-08-31T01:46:00.000000Z,2026-08-31T14:44:35.908934Z,2026-08-31T14:44:35.908934Z,Million BTU's (displayed as Dth),70d513ee6296bf050aa4fbc44fc75a1c3f3ad43eab6fcfe520e075b1b86e7b18,https://pipeline2.kindermorgan.com/Capacity/OpAvailPoint.aspx?code=TGP,data/raw/km_tgp_point_receipt_capacity/2026/08/31/70d513ee6296bf050aa4fbc44fc75a1c3f3ad43eab6fcfe520e075b1b86e7b18.xlsx,km_tgp_point_receipt_capacity:1788187475908934000:70d513ee6296bf050aa4fbc44fc75a1c3f3ad43eab6fcfe520e075b1b86e7b18
point,receipt,2026-08-31,2026-08-31T14:00:00.000000Z,2026-08-31T09:00:00,EVENING,421012,143,ANR/TGP GREENVILLE SOUTH RECEIPT WA,01,TGP:421012,TGP:SEG:143,BD,872609,872609.0,0.0,872609.0,False,True,,True,2026-08-31T01:46:00.000000Z,2026-08-31T14:44:35.908934Z,2026-08-31T14:44:35.908934Z,Million BTU's (displayed as Dth),70d513ee6296bf050aa4fbc44fc75a1c3f3ad43eab6fcfe520e075b1b86e7b18,https://pipeline2.kindermorgan.com/Capacity/OpAvailPoint.aspx?code=TGP,data/raw/km_tgp_point_receipt_capacity/2026/08/31/70d513ee6296bf050aa4fbc44fc75a1c3f3ad43eab6fcfe520e075b1b86e7b18.xlsx,km_tgp_point_receipt_capacity:1788187475908934000:70d513ee6296bf050aa4fbc44fc75a1c3f3ad43eab6fcfe520e075b1b86e7b18
point,receipt,2026-08-31,2026-08-31T14:00:00.000000Z,2026-08-31T09:00:00,EVENING,49494,163,AIRLIQAT/TGP WALNUT LANDFILL RECEIP,01,TGP:49494,TGP:SEG:163,R,2562,2562.0,805.0,1757.0,False,True,,True,2026-08-31T01:46:00.000000Z,2026-08-31T14:44:35.908934Z,2026-08-31T14:44:35.908934Z,Million BTU's (displayed as Dth),70d513ee6296bf050aa4fbc44fc75a1c3f3ad43eab6fcfe520e075b1b86e7b18,https://pipeline2.kindermorgan.com/Capacity/OpAvailPoint.aspx?code=TGP,data/raw/km_tgp_point_receipt_capacity/2026/08/31/70d513ee6296bf050aa4fbc44fc75a1c3f3ad43eab6fcfe520e075b1b86e7b18.xlsx,km_tgp_point_receipt_capacity:1788187475908934000:70d513ee6296bf050aa4fbc44fc75a1c3f3ad43eab6fcfe520e075b1b86e7b18
point,receipt,2026-08-31,2026-08-31T14:00:00.000000Z,2026-08-31T09:00:00,EVENING,55963,187,AHMLFG/TGP RUMPKE BIOGAS RECEIPT MO,02,TGP:55963,TGP:SEG:187,R,2451,2451.0,700.0,1751.0,False,True,,True,2026-08-31T01:46:00.000000Z,2026-08-31T14:44:35.908934Z,2026-08-31T14:44:35.908934Z,Million BTU's (displayed as Dth),70d513ee6296bf050aa4fbc44fc75a1c3f3ad43eab6fcfe520e075b1b86e7b18,https://pipeline2.kindermorgan.com/Capacity/OpAvailPoint.aspx?code=TGP,data/raw/km_tgp_point_receipt_capacity/2026/08/31/70d513ee6296bf050aa4fbc44fc75a1c3f3ad43eab6fcfe520e075b1b86e7b18.xlsx,km_tgp_point_receipt_capacity:1788187475908934000:70d513ee6296bf050aa4fbc44fc75a1c3f3ad43eab6fcfe520e075b1b86e7b18
point,receipt,2026-08-31,2026-08-31T14:00:00.000000Z,2026-08-31T09:00:00,EVENING,412874,200,TET/TGP WHEELERSBURG: RIP 201 101.1,04,TGP:412874,TGP:SEG:200,R,207050,207050.0,0.0,207050.0,False,True,,True,2026-08-31T01:46:00.000000Z,2026-08-31T14:44:35.908934Z,2026-08-31T14:44:35.908934Z,Million BTU's (displayed as Dth),70d513ee6296bf050aa4fbc44fc75a1c3f3ad43eab6fcfe520e075b1b86e7b18,https://pipeline2.kindermorgan.com/Capacity/OpAvailPoint.aspx?code=TGP,data/raw/km_tgp_point_receipt_capacity/2026/08/31/70d513ee6296bf050aa4fbc44fc75a1c3f3ad43eab6fcfe520e075b1b86e7b18.xlsx,km_tgp_point_receipt_capacity:1788187475908934000:70d513ee6296bf050aa4fbc44fc75a1c3f3ad43eab6fcfe520e075b1b86e7b18
point,receipt,2026-08-31,2026-08-31T14:00:00.000000Z,2026-08-31T09:00:00,EVENING,56391,200,LESRENEW/TGP BEECH HOLLOW BIOGAS RE,04,TGP:56391,TGP:SEG:200,R,4100,4100.0,0.0,4100.0,False,True,,True,2026-08-31T01:46:00.000000Z,2026-08-31T14:44:35.908934Z,2026-08-31T14:44:35.908934Z,Million BTU's (displayed as Dth),70d513ee6296bf050aa4fbc44fc75a1c3f3ad43eab6fcfe520e075b1b86e7b18,https://pipeline2.kindermorgan.com/Capacity/OpAvailPoint.aspx?code=TGP,data/raw/km_tgp_point_receipt_capacity/2026/08/31/70d513ee6296bf050aa4fbc44fc75a1c3f3ad43eab6fcfe520e075b1b86e7b18.xlsx,km_tgp_point_receipt_capacity:1788187475908934000:70d513ee6296bf050aa4fbc44fc75a1c3f3ad43eab6fcfe520e075b1b86e7b18
point,receipt,2026-08-31,2026-08-31T14:00:00.000000Z,2026-08-31T09:00:00,EVENING,411686,204,BEP1992/TGP MCARTHUR FIELD ATHENS,04,TGP:411686,TGP:SEG:204,R,6014,6014.0,342.0,5672.0,False,True,,True,2026-08-31T01:46:00.000000Z,2026-08-31T14:44:35.908934Z,2026-08-31T14:44:35.908934Z,Million BTU's (displayed as Dth),70d513ee6296bf050aa4fbc44fc75a1c3f3ad43eab6fcfe520e075b1b86e7b18,https://pipeline2.kindermorgan.com/Capacity/OpAvailPoint.aspx?code=TGP,data/raw/km_tgp_point_receipt_capacity/2026/08/31/70d513ee6296bf050aa4fbc44fc75a1c3f3ad43eab6fcfe520e075b1b86e7b18.xlsx,km_tgp_point_receipt_capacity:1788187475908934000:70d513ee6296bf050aa4fbc44fc75a1c3f3ad43eab6fcfe520e075b1b86e7b18
point,receipt,2026-08-31,2026-08-31T14:00:00.000000Z,2026-08-31T09:00:00,EVENING,44423,204,REX/TGP BIG MUSKIE GUERNSEY,04,TGP:44423,TGP:SEG:204,R,609875,595000.0,0.0,595000.0,False,True,,True,2026-08-31T01:46:00.000000Z,2026-08-31T14:44:35.908934Z,2026-08-31T14:44:35.908934Z,Million BTU's (displayed as Dth),70d513ee6296bf050aa4fbc44fc75a1c3f3ad43eab6fcfe520e075b1b86e7b18,https://pipeline2.kindermorgan.com/Capacity/OpAvailPoint.aspx?code=TGP,data/raw/km_tgp_point_receipt_capacity/2026/08/31/70d513ee6296bf050aa4fbc44fc75a1c3f3ad43eab6fcfe520e075b1b86e7b18.xlsx,km_tgp_point_receipt_capacity:1788187475908934000:70d513ee6296bf050aa4fbc44fc75a1c3f3ad43eab6fcfe520e075b1b86e7b18
point,receipt,2026-08-31,2026-08-31T14:00:00.000000Z,2026-08-31T09:00:00,EVENING,50708,209,EGTS/TGP PORT WASHINGTON TUSCARAWAS,04,TGP:50708,TGP:SEG:209,R,150000,150000.0,15273.0,134727.0,False,True,,True,2026-08-31T01:46:00.000000Z,2026-08-31T14:44:35.908934Z,2026-08-31T14:44:35.908934Z,Million BTU's (displayed as Dth),70d513ee6296bf050aa4fbc44fc75a1c3f3ad43eab6fcfe520e075b1b86e7b18,https://pipeline2.kindermorgan.com/Capacity/OpAvailPoint.aspx?code=TGP,data/raw/km_tgp_point_receipt_capacity/2026/08/31/70d513ee6296bf050aa4fbc44fc75a1c3f3ad43eab6fcfe520e075b1b86e7b18.xlsx,km_tgp_point_receipt_capacity:1788187475908934000:70d513ee6296bf050aa4fbc44fc75a1c3f3ad43eab6fcfe520e075b1b86e7b18
point,receipt,2026-08-31,2026-08-31T14:00:00.000000Z,2026-08-31T09:00:00,EVENING,47652,212,UTICA EO/TGP LEESVILLE PROC PLNT CA,04,TGP:47652,TGP:SEG:212,R,408000,408000.0,0.0,408000.0,False,True,,True,2026-08-31T01:46:00.000000Z,2026-08-31T14:44:35.908934Z,2026-08-31T14:44:35.908934Z,Million BTU's (displayed as Dth),70d513ee6296bf050aa4fbc44fc75a1c3f3ad43eab6fcfe520e075b1b86e7b18,https://pipeline2.kindermorgan.com/Capacity/OpAvailPoint.aspx?code=TGP,data/raw/km_tgp_point_receipt_capacity/2026/08/31/70d513ee6296bf050aa4fbc44fc75a1c3f3ad43eab6fcfe520e075b1b86e7b18.xlsx,km_tgp_point_receipt_capacity:1788187475908934000:70d513ee6296bf050aa4fbc44fc75a1c3f3ad43eab6fcfe520e075b1b86e7b18
point,receipt,2026-08-31,2026-08-31T14:00:00.000000Z,2026-08-31T09:00:00,EVENING,48850,212,E OH GAS/TGP HOLMES TUSCARAWAS,04,TGP:48850,TGP:SEG:212,BD,497000,497000.0,247635.0,249365.0,False,True,,True,2026-08-31T01:46:00.000000Z,2026-08-31T14:44:35.908934Z,2026-08-31T14:44:35.908934Z,Million BTU's (displayed as Dth),70d513ee6296bf050aa4fbc44fc75a1c3f3ad43eab6fcfe520e075b1b86e7b18,https://pipeline2.kindermorgan.com/Capacity/OpAvailPoint.aspx?code=TGP,data/raw/km_tgp_point_receipt_capacity/2026/08/31/70d513ee6296bf050aa4fbc44fc75a1c3f3ad43eab6fcfe520e075b1b86e7b18.xlsx,km_tgp_point_receipt_capacity:1788187475908934000:70d513ee6296bf050aa4fbc44fc75a1c3f3ad43eab6fcfe520e075b1b86e7b18
point,receipt,2026-08-31,2026-08-31T14:00:00.000000Z,2026-08-31T09:00:00,EVENING,54641,212,E OH GAS/TGP BULLSEYE TUSCARAWAS,04,TGP:54641,TGP:SEG:212,R,420045,420045.0,93429.0,326616.0,False,True,,True,2026-08-31T01:46:00.000000Z,2026-08-31T14:44:35.908934Z,2026-08-31T14:44:35.908934Z,Million BTU's (displayed as Dth),70d513ee6296bf050aa4fbc44fc75a1c3f3ad43eab6fcfe520e075b1b86e7b18,https://pipeline2.kindermorgan.com/Capacity/OpAvailPoint.aspx?code=TGP,data/raw/km_tgp_point_receipt_capacity/2026/08/31/70d513ee6296bf050aa4fbc44fc75a1c3f3ad43eab6fcfe520e075b1b86e7b18.xlsx,km_tgp_point_receipt_capacity:1788187475908934000:70d513ee6296bf050aa4fbc44fc75a1c3f3ad43eab6fcfe520e075b1b86e7b18
point,receipt,2026-08-31,2026-08-31T14:00:00.000000Z,2026-08-31T09:00:00,EVENING,412868,214,UTICA EO/TGP KENSINGTON DEHY: RIP 2,04,TGP:412868,TGP:SEG:214,R,598600,598600.0,454365.0,144235.0,False,True,,True,2026-08-31T01:46:00.000000Z,2026-08-31T14:44:35.908934Z,2026-08-31T14:44:35.908934Z,Million BTU's (displayed as Dth),70d513ee6296bf050aa4fbc44fc75a1c3f3ad43eab6fcfe520e075b1b86e7b18,https://pipeline2.kindermorgan.com/Capacity/OpAvailPoint.aspx?code=TGP,data/raw/km_tgp_point_receipt_capacity/2026/08/31/70d513ee6296bf050aa4fbc44fc75a1c3f3ad43eab6fcfe520e075b1b86e7b18.xlsx,km_tgp_point_receipt_capacity:1788187475908934000:70d513ee6296bf050aa4fbc44fc75a1c3f3ad43eab6fcfe520e075b1b86e7b18
point,receipt,2026-08-31,2026-08-31T14:00:00.000000Z,2026-08-31T09:00:00,EVENING,420728,214,E OH GAS/TGP AUGUSTA SALES CARROLL,04,TGP:420728,TGP:SEG:214,BD,130175,130175.0,90122.0,40053.0,False,True,,True,2026-08-31T01:46:00.000000Z,2026-08-31T14:44:35.908934Z,2026-08-31T14:44:35.908934Z,Million BTU's (displayed as Dth),70d513ee6296bf050aa4fbc44fc75a1c3f3ad43eab6fcfe520e075b1b86e7b18,https://pipeline2.kindermorgan.com/Capacity/OpAvailPoint.aspx?code=TGP,data/raw/km_tgp_point_receipt_capacity/2026/08/31/70d513ee6296bf050aa4fbc44fc75a1c3f3ad43eab6fcfe520e075b1b86e7b18.xlsx,km_tgp_point_receipt_capacity:1788187475908934000:70d513ee6296bf050aa4fbc44fc75a1c3f3ad43eab6fcfe520e075b1b86e7b18
point,receipt,2026-08-31,2026-08-31T14:00:00.000000Z,2026-08-31T09:00:00,EVENING,47882,214,UGIAPP/TGP BRINKER NO.2 COLUMBIANA,04,TGP:47882,TGP:SEG:214,R,93582,93582.0,41996.0,51586.0,False,True,,True,2026-08-31T01:46:00.000000Z,2026-08-31T14:44:35.908934Z,2026-08-31T14:44:35.908934Z,Million BTU's (displayed as Dth),70d513ee6296bf050aa4fbc44fc75a1c3f3ad43eab6fcfe520e075b1b86e7b18,https://pipeline2.kindermorgan.com/Capacity/OpAvailPoint.aspx?code=TGP,data/raw/km_tgp_point_receipt_capacity/2026/08/31/70d513ee6296bf050aa4fbc44fc75a1c3f3ad43eab6fcfe520e075b1b86e7b18.xlsx,km_tgp_point_receipt_capacity:1788187475908934000:70d513ee6296bf050aa4fbc44fc75a1c3f3ad43eab6fcfe520e075b1b86e7b18
point,receipt,2026-08-31,2026-08-31T14:00:00.000000Z,2026-08-31T09:00:00,EVENING,412879,216,UGIAPP/TGP HICKORY BEND MAHONING,04,TGP:412879,TGP:SEG:216,R,459000,459000.0,15050.0,443950.0,True,True,,True,2026-08-31T01:46:00.000000Z,2026-08-31T14:44:35.908934Z,2026-08-31T14:44:35.908934Z,Million BTU's (displayed as Dth),70d513ee6296bf050aa4fbc44fc75a1c3f3ad43eab6fcfe520e075b1b86e7b18,https://pipeline2.kindermorgan.com/Capacity/OpAvailPoint.aspx?code=TGP,data/raw/km_tgp_point_receipt_capacity/2026/08/31/70d513ee6296bf050aa4fbc44fc75a1c3f3ad43eab6fcfe520e075b1b86e7b18.xlsx,km_tgp_point_receipt_capacity:1788187475908934000:70d513ee6296bf050aa4fbc44fc75a1c3f3ad43eab6fcfe520e075b1b86e7b18
point,receipt,2026-08-31,2026-08-31T14:00:00.000000Z,2026-08-31T09:00:00,EVENING,47605,216,GEOPETRO/TGP FIRESTONE HOMESTEAD CO,04,TGP:47605,TGP:SEG:216,R,48000,48000.0,2900.0,45100.0,False,True,,True,2026-08-31T01:46:00.000000Z,2026-08-31T14:44:35.908934Z,2026-08-31T14:44:35.908934Z,Million BTU's (displayed as Dth),70d513ee6296bf050aa4fbc44fc75a1c3f3ad43eab6fcfe520e075b1b86e7b18,https://pipeline2.kindermorgan.com/Capacity/OpAvailPoint.aspx?code=TGP,data/raw/km_tgp_point_receipt_capacity/2026/08/31/70d513ee6296bf050aa4fbc44fc75a1c3f3ad43eab6fcfe520e075b1b86e7b18.xlsx,km_tgp_point_receipt_capacity:1788187475908934000:70d513ee6296bf050aa4fbc44fc75a1c3f3ad43eab6fcfe520e075b1b86e7b18
point,receipt,2026-08-31,2026-08-31T14:00:00.000000Z,2026-08-31T09:00:00,EVENING,53950,216,UGIAPP/TGP FARMER BROTHERS COLUMBIA,04,TGP:53950,TGP:SEG:216,R,231650,231650.0,151019.0,80631.0,False,True,,True,2026-08-31T01:46:00.000000Z,2026-08-31T14:44:35.908934Z,2026-08-31T14:44:35.908934Z,Million BTU's (displayed as Dth),70d513ee6296bf050aa4fbc44fc75a1c3f3ad43eab6fcfe520e075b1b86e7b18,https://pipeline2.kindermorgan.com/Capacity/OpAvailPoint.aspx?code=TGP,data/raw/km_tgp_point_receipt_capacity/2026/08/31/70d513ee6296bf050aa4fbc44fc75a1c3f3ad43eab6fcfe520e075b1b86e7b18.xlsx,km_tgp_point_receipt_capacity:1788187475908934000:70d513ee6296bf050aa4fbc44fc75a1c3f3ad43eab6fcfe520e075b1b86e7b18
point,receipt,2026-08-31,2026-08-31T14:00:00.000000Z,2026-08-31T09:00:00,EVENING,55635,216,EGTS/TGP PETERSBURG II RECEIPT MAHO,04,TGP:55635,TGP:SEG:216,R,205000,205000.0,168065.0,36935.0,False,True,,True,2026-08-31T01:46:00.000000Z,2026-08-31T14:44:35.908934Z,2026-08-31T14:44:35.908934Z,Million BTU's (displayed as Dth),70d513ee6296bf050aa4fbc44fc75a1c3f3ad43eab6fcfe520e075b1b86e7b18,https://pipeline2.kindermorgan.com/Capacity/OpAvailPoint.aspx?code=TGP,data/raw/km_tgp_point_receipt_capacity/2026/08/31/70d513ee6296bf050aa4fbc44fc75a1c3f3ad43eab6fcfe520e075b1b86e7b18.xlsx,km_tgp_point_receipt_capacity:1788187475908934000:70d513ee6296bf050aa4fbc44fc75a1c3f3ad43eab6fcfe520e075b1b86e7b18
point,receipt,2026-08-31,2026-08-31T14:00:00.000000Z,2026-08-31T09:00:00,EVENING,412888,217,NFG/TGP MERCER RECEIPT MERCER,04,TGP:412888,TGP:SEG:217,R,297250,297250.0,187578.0,109672.0,False,True,,True,2026-08-31T01:46:00.000000Z,2026-08-31T14:44:35.908934Z,2026-08-31T14:44:35.908934Z,Million BTU's (displayed as Dth),70d513ee6296bf050aa4fbc44fc75a1c3f3ad43eab6fcfe520e075b1b86e7b18,https://pipeline2.kindermorgan.com/Capacity/OpAvailPoint.aspx?code=TGP,data/raw/km_tgp_point_receipt_capacity/2026/08/31/70d513ee6296bf050aa4fbc44fc75a1c3f3ad43eab6fcfe520e075b1b86e7b18.xlsx,km_tgp_point_receipt_capacity:1788187475908934000:70d513ee6296bf050aa4fbc44fc75a1c3f3ad43eab6fcfe520e075b1b86e7b18
point,receipt,2026-08-31,2026-08-31T14:00:00.000000Z,2026-08-31T09:00:00,EVENING,48992,217,UGIAPP/TGP MCCLELLAND LAWRENCE,04,TGP:48992,TGP:SEG:217,R,60167,60167.0,3000.0,57167.0,False,True,,True,2026-08-31T01:46:00.000000Z,2026-08-31T14:44:35.908934Z,2026-08-31T14:44:35.908934Z,Million BTU's (displayed as Dth),70d513ee6296bf050aa4fbc44fc75a1c3f3ad43eab6fcfe520e075b1b86e7b18,https://pipeline2.kindermorgan.com/Capacity/OpAvailPoint.aspx?code=TGP,data/raw/km_tgp_point_receipt_capacity/2026/08/31/70d513ee6296bf050aa4fbc44fc75a1c3f3ad43eab6fcfe520e075b1b86e7b18.xlsx,km_tgp_point_receipt_capacity:1788187475908934000:70d513ee6296bf050aa4fbc44fc75a1c3f3ad43eab6fcfe520e075b1b86e7b18
point,receipt,2026-08-31,2026-08-31T14:00:00.000000Z,2026-08-31T09:00:00,EVENING,50561,217,UGIAPP/TGP MARTIN RECEIPT NEW CASTL,04,TGP:50561,TGP:SEG:217,R,184500,184500.0,2000.0,182500.0,False,True,,True,2026-08-31T01:46:00.000000Z,2026-08-31T14:44:35.908934Z,2026-08-31T14:44:35.908934Z,Million BTU's (displayed as Dth),70d513ee6296bf050aa4fbc44fc75a1c3f3ad43eab6fcfe520e075b1b86e7b18,https://pipeline2.kindermorgan.com/Capacity/OpAvailPoint.aspx?code=TGP,data/raw/km_tgp_point_receipt_capacity/2026/08/31/70d513ee6296bf050aa4fbc44fc75a1c3f3ad43eab6fcfe520e075b1b86e7b18.xlsx,km_tgp_point_receipt_capacity:1788187475908934000:70d513ee6296bf050aa4fbc44fc75a1c3f3ad43eab6fcfe520e075b1b86e7b18
point,receipt,2026-08-31,2026-08-31T14:00:00.000000Z,2026-08-31T09:00:00,EVENING,411387,219,MKEYGATH/TGP UNION CITY DEHY ERIE,04,TGP:411387,TGP:SEG:219,R,42349,42349.0,0.0,42349.0,False,True,,True,2026-08-31T01:46:00.000000Z,2026-08-31T14:44:35.908934Z,2026-08-31T14:44:35.908934Z,Million BTU's (displayed as Dth),70d513ee6296bf050aa4fbc44fc75a1c3f3ad43eab6fcfe520e075b1b86e7b18,https://pipeline2.kindermorgan.com/Capacity/OpAvailPoint.aspx?code=TGP,data/raw/km_tgp_point_receipt_capacity/2026/08/31/70d513ee6296bf050aa4fbc44fc75a1c3f3ad43eab6fcfe520e075b1b86e7b18.xlsx,km_tgp_point_receipt_capacity:1788187475908934000:70d513ee6296bf050aa4fbc44fc75a1c3f3ad43eab6fcfe520e075b1b86e7b18
point,receipt,2026-08-31,2026-08-31T14:00:00.000000Z,2026-08-31T09:00:00,EVENING,411577,219,OWS ENRG/TGP BIG SANDY DEHY CRAWFOR,04,TGP:411577,TGP:SEG:219,R,30109,30109.0,2695.0,27414.0,False,True,,True,2026-08-31T01:46:00.000000Z,2026-08-31T14:44:35.908934Z,2026-08-31T14:44:35.908934Z,Million BTU's (displayed as Dth),70d513ee6296bf050aa4fbc44fc75a1c3f3ad43eab6fcfe520e075b1b86e7b18,https://pipeline2.kindermorgan.com/Capacity/OpAvailPoint.aspx?code=TGP,data/raw/km_tgp_point_receipt_capacity/2026/08/31/70d513ee6296bf050aa4fbc44fc75a1c3f3ad43eab6fcfe520e075b1b86e7b18.xlsx,km_tgp_point_receipt_capacity:1788187475908934000:70d513ee6296bf050aa4fbc44fc75a1c3f3ad43eab6fcfe520e075b1b86e7b18
point,receipt,2026-08-31,2026-08-31T14:00:00.000000Z,2026-08-31T09:00:00,EVENING,412259,219,VISTARES/TGP CLARKS MILLS DEHY MERC,04,TGP:412259,TGP:SEG:219,R,16364,16364.0,0.0,16364.0,False,True,,True,2026-08-31T01:46:00.000000Z,2026-08-31T14:44:35.908934Z,2026-08-31T14:44:35.908934Z,Million BTU's (displayed as Dth),70d513ee6296bf050aa4fbc44fc75a1c3f3ad43eab6fcfe520e075b1b86e7b18,https://pipeline2.kindermorgan.com/Capacity/OpAvailPoint.aspx?code=TGP,data/raw/km_tgp_point_receipt_capacity/2026/08/31/70d513ee6296bf050aa4fbc44fc75a1c3f3ad43eab6fcfe520e075b1b86e7b18.xlsx,km_tgp_point_receipt_capacity:1788187475908934000:70d513ee6296bf050aa4fbc44fc75a1c3f3ad43eab6fcfe520e075b1b86e7b18
point,receipt,2026-08-31,2026-08-31T14:00:00.000000Z,2026-08-31T09:00:00,EVENING,412464,219,PINOAK/TGP JACKSON CENTER DEHY MERC,04,TGP:412464,TGP:SEG:219,R,36440,36440.0,2000.0,34440.0,False,True,,True,2026-08-31T01:46:00.000000Z,2026-08-31T14:44:35.908934Z,2026-08-31T14:44:35.908934Z,Million BTU's (displayed as Dth),70d513ee6296bf050aa4fbc44fc75a1c3f3ad43eab6fcfe520e075b1b86e7b18,https://pipeline2.kindermorgan.com/Capacity/OpAvailPoint.aspx?code=TGP,data/raw/km_tgp_point_receipt_capacity/2026/08/31/70d513ee6296bf050aa4fbc44fc75a1c3f3ad43eab6fcfe520e075b1b86e7b18.xlsx,km_tgp_point_receipt_capacity:1788187475908934000:70d513ee6296bf050aa4fbc44fc75a1c3f3ad43eab6fcfe520e075b1b86e7b18
point,receipt,2026-08-31,2026-08-31T14:00:00.000000Z,2026-08-31T09:00:00,EVENING,412554,219,VISTARES/TGP DEER CREEK RECEIPT MER,04,TGP:412554,TGP:SEG:219,R,9600,9600.0,1150.0,8450.0,False,True,,True,2026-08-31T01:46:00.000000Z,2026-08-31T14:44:35.908934Z,2026-08-31T14:44:35.908934Z,Million BTU's (displayed as Dth),70d513ee6296bf050aa4fbc44fc75a1c3f3ad43eab6fcfe520e075b1b86e7b18,https://pipeline2.kindermorgan.com/Capacity/OpAvailPoint.aspx?code=TGP,data/raw/km_tgp_point_receipt_capacity/2026/08/31/70d513ee6296bf050aa4fbc44fc75a1c3f3ad43eab6fcfe520e075b1b86e7b18.xlsx,km_tgp_point_receipt_capacity:1788187475908934000:70d513ee6296bf050aa4fbc44fc75a1c3f3ad43eab6fcfe520e075b1b86e7b18
point,receipt,2026-08-31,2026-08-31T14:00:00.000000Z,2026-08-31T09:00:00,EVENING,412609,219,DIV PROD/TGP LAKE WILHELM MERCER,04,TGP:412609,TGP:SEG:219,R,16537,16537.0,1050.0,15487.0,False,True,,True,2026-08-31T01:46:00.000000Z,2026-08-31T14:44:35.908934Z,2026-08-31T14:44:35.908934Z,Million BTU's (displayed as Dth),70d513ee6296bf050aa4fbc44fc75a1c3f3ad43eab6fcfe520e075b1b86e7b18,https://pipeline2.kindermorgan.com/Capacity/OpAvailPoint.aspx?code=TGP,data/raw/km_tgp_point_receipt_capacity/2026/08/31/70d513ee6296bf050aa4fbc44fc75a1c3f3ad43eab6fcfe520e075b1b86e7b18.xlsx,km_tgp_point_receipt_capacity:1788187475908934000:70d513ee6296bf050aa4fbc44fc75a1c3f3ad43eab6fcfe520e075b1b86e7b18
point,receipt,2026-08-31,2026-08-31T14:00:00.000000Z,2026-08-31T09:00:00,EVENING,412692,219,PINOAK/TGP MAPLEWOOD DEHYD CRAWFORD,04,TGP:412692,TGP:SEG:219,R,9505,9505.0,650.0,8855.0,False,True,,True,2026-08-31T01:46:00.000000Z,2026-08-31T14:44:35.908934Z,2026-08-31T14:44:35.908934Z,Million BTU's (displayed as Dth),70d513ee6296bf050aa4fbc44fc75a1c3f3ad43eab6fcfe520e075b1b86e7b18,https://pipeline2.kindermorgan.com/Capacity/OpAvailPoint.aspx?code=TGP,data/raw/km_tgp_point_receipt_capacity/2026/08/31/70d513ee6296bf050aa4fbc44fc75a1c3f3ad43eab6fcfe520e075b1b86e7b18.xlsx,km_tgp_point_receipt_capacity:1788187475908934000:70d513ee6296bf050aa4fbc44fc75a1c3f3ad43eab6fcfe520e075b1b86e7b18
point,receipt,2026-08-31,2026-08-31T14:00:00.000000Z,2026-08-31T09:00:00,EVENING,412726,219,VISTARES/TGP FAIRVIEW DEHY MERCER,04,TGP:412726,TGP:SEG:219,R,12030,12030.0,1680.0,10350.0,False,True,,True,2026-08-31T01:46:00.000000Z,2026-08-31T14:44:35.908934Z,2026-08-31T14:44:35.908934Z,Million BTU's (displayed as Dth),70d513ee6296bf050aa4fbc44fc75a1c3f3ad43eab6fcfe520e075b1b86e7b18,https://pipeline2.kindermorgan.com/Capacity/OpAvailPoint.aspx?code=TGP,data/raw/km_tgp_point_receipt_capacity/2026/08/31/70d513ee6296bf050aa4fbc44fc75a1c3f3ad43eab6fcfe520e075b1b86e7b18.xlsx,km_tgp_point_receipt_capacity:1788187475908934000:70d513ee6296bf050aa4fbc44fc75a1c3f3ad43eab6fcfe520e075b1b86e7b18
point,receipt,2026-08-31,2026-08-31T14:00:00.000000Z,2026-08-31T09:00:00,EVENING,411388,224,MKEYGATH/TGP MAYVILLE DEHY CHAUTAUQ,05,TGP:411388,TGP:SEG:224,R,59048,59048.0,0.0,59048.0,False,True,,True,2026-08-31T01:46:00.000000Z,2026-08-31T14:44:35.908934Z,2026-08-31T14:44:35.908934Z,Million BTU's (displayed as Dth),70d513ee6296bf050aa4fbc44fc75a1c3f3ad43eab6fcfe520e075b1b86e7b18,https://pipeline2.kindermorgan.com/Capacity/OpAvailPoint.aspx?code=TGP,data/raw/km_tgp_point_receipt_capacity/2026/08/31/70d513ee6296bf050aa4fbc44fc75a1c3f3ad43eab6fcfe520e075b1b86e7b18.xlsx,km_tgp_point_receipt_capacity:1788187475908934000:70d513ee6296bf050aa4fbc44fc75a1c3f3ad43eab6fcfe520e075b1b86e7b18
point,receipt,2026-08-31,2026-08-31T14:00:00.000000Z,2026-08-31T09:00:00,EVENING,411781,224,SOJERSEY/TGP LAKE SHORE DEHY CHAUTA,05,TGP:411781,TGP:SEG:224,R,9387,9387.0,300.0,9087.0,True,True,,True,2026-08-31T01:46:00.000000Z,2026-08-31T14:44:35.908934Z,2026-08-31T14:44:35.908934Z,Million BTU's (displayed as Dth),70d513ee6296bf050aa4fbc44fc75a1c3f3ad43eab6fcfe520e075b1b86e7b18,https://pipeline2.kindermorgan.com/Capacity/OpAvailPoint.aspx?code=TGP,data/raw/km_tgp_point_receipt_capacity/2026/08/31/70d513ee6296bf050aa4fbc44fc75a1c3f3ad43eab6fcfe520e075b1b86e7b18.xlsx,km_tgp_point_receipt_capacity:1788187475908934000:70d513ee6296bf050aa4fbc44fc75a1c3f3ad43eab6fcfe520e075b1b86e7b18
point,receipt,2026-08-31,2026-08-31T14:00:00.000000Z,2026-08-31T09:00:00,EVENING,411928,224,RANGEAPP/TGP SUMMER DALE DEHY CHAUT,05,TGP:411928,TGP:SEG:224,R,7734,7734.0,0.0,7734.0,False,True,,True,2026-08-31T01:46:00.000000Z,2026-08-31T14:44:35.908934Z,2026-08-31T14:44:35.908934Z,Million BTU's (displayed as Dth),70d513ee6296bf050aa4fbc44fc75a1c3f3ad43eab6fcfe520e075b1b86e7b18,https://pipeline2.kindermorgan.com/Capacity/OpAvailPoint.aspx?code=TGP,data/raw/km_tgp_point_receipt_capacity/2026/08/31/70d513ee6296bf050aa4fbc44fc75a1c3f3ad43eab6fcfe520e075b1b86e7b18.xlsx,km_tgp_point_receipt_capacity:1788187475908934000:70d513ee6296bf050aa4fbc44fc75a1c3f3ad43eab6fcfe520e075b1b86e7b18
point,receipt,2026-08-31,2026-08-31T14:00:00.000000Z,2026-08-31T09:00:00,EVENING,420076,224,NFG/TGP HAMBURG NY ERIE,05,TGP:420076,TGP:SEG:224,BD,165000,165000.0,140036.0,24964.0,True,True,,True,2026-08-31T01:46:00.000000Z,2026-08-31T14:44:35.908934Z,2026-08-31T14:44:35.908934Z,Million BTU's (displayed as Dth),70d513ee6296bf050aa4fbc44fc75a1c3f3ad43eab6fcfe520e075b1b86e7b18,https://pipeline2.kindermorgan.com/Capacity/OpAvailPoint.aspx?code=TGP,data/raw/km_tgp_point_receipt_capacity/2026/08/31/70d513ee6296bf050aa4fbc44fc75a1c3f3ad43eab6fcfe520e075b1b86e7b18.xlsx,km_tgp_point_receipt_capacity:1788187475908934000:70d513ee6296bf050aa4fbc44fc75a1c3f3ad43eab6fcfe520e075b1b86e7b18
point,receipt,2026-08-31,2026-08-31T14:00:00.000000Z,2026-08-31T09:00:00,EVENING,49756,224,NFG/TGP COLDEN INTERCONNECT ERIE,05,TGP:49756,TGP:SEG:224,BD,209361,209361.0,0.0,209361.0,False,True,,True,2026-08-31T01:46:00.000000Z,2026-08-31T14:44:35.908934Z,2026-08-31T14:44:35.908934Z,Million BTU's (displayed as Dth),70d513ee6296bf050aa4fbc44fc75a1c3f3ad43eab6fcfe520e075b1b86e7b18,https://pipeline2.kindermorgan.com/Capacity/OpAvailPoint.aspx?code=TGP,data/raw/km_tgp_point_receipt_capacity/2026/08/31/70d513ee6296bf050aa4fbc44fc75a1c3f3ad43eab6fcfe520e075b1b86e7b18.xlsx,km_tgp_point_receipt_capacity:1788187475908934000:70d513ee6296bf050aa4fbc44fc75a1c3f3ad43eab6fcfe520e075b1b86e7b18
point,receipt,2026-08-31,2026-08-31T14:00:00.000000Z,2026-08-31T09:00:00,EVENING,412870,230,EGTS/TGP CRAIGS: RIP 232G 101.1 LIV,05,TGP:412870,TGP:SEG:230,R,175000,150000.0,150000.0,0.0,False,True,,True,2026-08-31T01:46:00.000000Z,2026-08-31T14:44:35.908934Z,2026-08-31T14:44:35.908934Z,Million BTU's (displayed as Dth),70d513ee6296bf050aa4fbc44fc75a1c3f3ad43eab6fcfe520e075b1b86e7b18,https://pipeline2.kindermorgan.com/Capacity/OpAvailPoint.aspx?code=TGP,data/raw/km_tgp_point_receipt_capacity/2026/08/31/70d513ee6296bf050aa4fbc44fc75a1c3f3ad43eab6fcfe520e075b1b86e7b18.xlsx,km_tgp_point_receipt_capacity:1788187475908934000:70d513ee6296bf050aa4fbc44fc75a1c3f3ad43eab6fcfe520e075b1b86e7b18
point,receipt,2026-08-31,2026-08-31T14:00:00.000000Z,2026-08-31T09:00:00,EVENING,412856,233,EMPIREPL/TGP CANANDAIGUA ONTARIO,05,TGP:412856,TGP:SEG:233,R,350000,350000.0,247468.0,102532.0,True,True,,True,2026-08-31T01:46:00.000000Z,2026-08-31T14:44:35.908934Z,2026-08-31T14:44:35.908934Z,Million BTU's (displayed as Dth),70d513ee6296bf050aa4fbc44fc75a1c3f3ad43eab6fcfe520e075b1b86e7b18,https://pipeline2.kindermorgan.com/Capacity/OpAvailPoint.aspx?code=TGP,data/raw/km_tgp_point_receipt_capacity/2026/08/31/70d513ee6296bf050aa4fbc44fc75a1c3f3ad43eab6fcfe520e075b1b86e7b18.xlsx,km_tgp_point_receipt_capacity:1788187475908934000:70d513ee6296bf050aa4fbc44fc75a1c3f3ad43eab6fcfe520e075b1b86e7b18
point,receipt,2026-08-31,2026-08-31T14:00:00.000000Z,2026-08-31T09:00:00,EVENING,420526,233,HONEOYE/TGP UDP HONEOYE NEW YORK ON,05,TGP:420526,TGP:SEG:233,BD,89698,89698.0,6319.0,83379.0,True,True,,True,2026-08-31T01:46:00.000000Z,2026-08-31T14:44:35.908934Z,2026-08-31T14:44:35.908934Z,Million BTU's (displayed as Dth),70d513ee6296bf050aa4fbc44fc75a1c3f3ad43eab6fcfe520e075b1b86e7b18,https://pipeline2.kindermorgan.com/Capacity/OpAvailPoint.aspx?code=TGP,data/raw/km_tgp_point_receipt_capacity/2026/08/31/70d513ee6296bf050aa4fbc44fc75a1c3f3ad43eab6fcfe520e075b1b86e7b18.xlsx,km_tgp_point_receipt_capacity:1788187475908934000:70d513ee6296bf050aa4fbc44fc75a1c3f3ad43eab6fcfe520e075b1b86e7b18
point,receipt,2026-08-31,2026-08-31T14:00:00.000000Z,2026-08-31T09:00:00,EVENING,412065,241,EGTS/TGP MORRISVILLE TRANSPORT MADI,05,TGP:412065,TGP:SEG:241,R,164110,164110.0,111722.0,52388.0,True,True,,True,2026-08-31T01:46:00.000000Z,2026-08-31T14:44:35.908934Z,2026-08-31T14:44:35.908934Z,Million BTU's (displayed as Dth),70d513ee6296bf050aa4fbc44fc75a1c3f3ad43eab6fcfe520e075b1b86e7b18,https://pipeline2.kindermorgan.com/Capacity/OpAvailPoint.aspx?code=TGP,data/raw/km_tgp_point_receipt_capacity/2026/08/31/70d513ee6296bf050aa4fbc44fc75a1c3f3ad43eab6fcfe520e075b1b86e7b18.xlsx,km_tgp_point_receipt_capacity:1788187475908934000:70d513ee6296bf050aa4fbc44fc75a1c3f3ad43eab6fcfe520e075b1b86e7b18
point,receipt,2026-08-31,2026-08-31T14:00:00.000000Z,2026-08-31T09:00:00,EVENING,412181,249,IROQUOIS/TGP WRIGHT SMS SCHOHARIE,05,TGP:412181,TGP:SEG:249,R,476625,476625.0,0.0,476625.0,False,True,,True,2026-08-31T01:46:00.000000Z,2026-08-31T14:44:35.908934Z,2026-08-31T14:44:35.908934Z,Million BTU's (displayed as Dth),70d513ee6296bf050aa4fbc44fc75a1c3f3ad43eab6fcfe520e075b1b86e7b18,https://pipeline2.kindermorgan.com/Capacity/OpAvailPoint.aspx?code=TGP,data/raw/km_tgp_point_receipt_capacity/2026/08/31/70d513ee6296bf050aa4fbc44fc75a1c3f3ad43eab6fcfe520e075b1b86e7b18.xlsx,km_tgp_point_receipt_capacity:1788187475908934000:70d513ee6296bf050aa4fbc44fc75a1c3f3ad43eab6fcfe520e075b1b86e7b18
point,receipt,2026-08-31,2026-08-31T14:00:00.000000Z,2026-08-31T09:00:00,EVENING,411023,266,NSTAR/TGP HOPKINTON DEHY MIDDLESEX,06,TGP:411023,TGP:SEG:266,R,181370,181370.0,0.0,181370.0,False,True,,True,2026-08-31T01:46:00.000000Z,2026-08-31T14:44:35.908934Z,2026-08-31T14:44:35.908934Z,Million BTU's (displayed as Dth),70d513ee6296bf050aa4fbc44fc75a1c3f3ad43eab6fcfe520e075b1b86e7b18,https://pipeline2.kindermorgan.com/Capacity/OpAvailPoint.aspx?code=TGP,data/raw/km_tgp_point_receipt_capacity/2026/08/31/70d513ee6296bf050aa4fbc44fc75a1c3f3ad43eab6fcfe520e075b1b86e7b18.xlsx,km_tgp_point_receipt_capacity:1788187475908934000:70d513ee6296bf050aa4fbc44fc75a1c3f3ad43eab6fcfe520e075b1b86e7b18
point,receipt,2026-08-31,2026-08-31T14:00:00.000000Z,2026-08-31T09:00:00,EVENING,412513,268,CONSTGEN/TGP DISTRIGAS RECEIPT MIDD,06,TGP:412513,TGP:SEG:268,R,200000,181980.0,0.0,181980.0,False,True,,True,2026-08-31T01:46:00.000000Z,2026-08-31T14:44:35.908934Z,2026-08-31T14:44:35.908934Z,Million BTU's (displayed as Dth),70d513ee6296bf050aa4fbc44fc75a1c3f3ad43eab6fcfe520e075b1b86e7b18,https://pipeline2.kindermorgan.com/Capacity/OpAvailPoint.aspx?code=TGP,data/raw/km_tgp_point_receipt_capacity/2026/08/31/70d513ee6296bf050aa4fbc44fc75a1c3f3ad43eab6fcfe520e075b1b86e7b18.xlsx,km_tgp_point_receipt_capacity:1788187475908934000:70d513ee6296bf050aa4fbc44fc75a1c3f3ad43eab6fcfe520e075b1b86e7b18
point,receipt,2026-08-31,2026-08-31T14:00:00.000000Z,2026-08-31T09:00:00,EVENING,55784,281,RHOBIO/TGP SCITUATE RNG REC PROVIDE,06,TGP:55784,TGP:SEG:281,R,2460,2460.0,0.0,2460.0,False,True,,True,2026-08-31T01:46:00.000000Z,2026-08-31T14:44:35.908934Z,2026-08-31T14:44:35.908934Z,Million BTU's (displayed as Dth),70d513ee6296bf050aa4fbc44fc75a1c3f3ad43eab6fcfe520e075b1b86e7b18,https://pipeline2.kindermorgan.com/Capacity/OpAvailPoint.aspx?code=TGP,data/raw/km_tgp_point_receipt_capacity/2026/08/31/70d513ee6296bf050aa4fbc44fc75a1c3f3ad43eab6fcfe520e075b1b86e7b18.xlsx,km_tgp_point_receipt_capacity:1788187475908934000:70d513ee6296bf050aa4fbc44fc75a1c3f3ad43eab6fcfe520e075b1b86e7b18
point,receipt,2026-08-31,2026-08-31T14:00:00.000000Z,2026-08-31T09:00:00,EVENING,412510,284,MARITIME/TGP HAVERHILL PORTLAND ESS,06,TGP:412510,TGP:SEG:284,R,203000,203000.0,0.0,203000.0,False,True,,True,2026-08-31T01:46:00.000000Z,2026-08-31T14:44:35.908934Z,2026-08-31T14:44:35.908934Z,Million BTU's (displayed as Dth),70d513ee6296bf050aa4fbc44fc75a1c3f3ad43eab6fcfe520e075b1b86e7b18,https://pipeline2.kindermorgan.com/Capacity/OpAvailPoint.aspx?code=TGP,data/raw/km_tgp_point_receipt_capacity/2026/08/31/70d513ee6296bf050aa4fbc44fc75a1c3f3ad43eab6fcfe520e075b1b86e7b18.xlsx,km_tgp_point_receipt_capacity:1788187475908934000:70d513ee6296bf050aa4fbc44fc75a1c3f3ad43eab6fcfe520e075b1b86e7b18
point,receipt,2026-08-31,2026-08-31T14:00:00.000000Z,2026-08-31T09:00:00,EVENING,412538,284,MARITIME/TGP DRACUT MIDDLESEX,06,TGP:412538,TGP:SEG:284,BD,600000,573200.0,0.0,573200.0,False,True,,True,2026-08-31T01:46:00.000000Z,2026-08-31T14:44:35.908934Z,2026-08-31T14:44:35.908934Z,Million BTU's (displayed as Dth),70d513ee6296bf050aa4fbc44fc75a1c3f3ad43eab6fcfe520e075b1b86e7b18,https://pipeline2.kindermorgan.com/Capacity/OpAvailPoint.aspx?code=TGP,data/raw/km_tgp_point_receipt_capacity/2026/08/31/70d513ee6296bf050aa4fbc44fc75a1c3f3ad43eab6fcfe520e075b1b86e7b18.xlsx,km_tgp_point_receipt_capacity:1788187475908934000:70d513ee6296bf050aa4fbc44fc75a1c3f3ad43eab6fcfe520e075b1b86e7b18
point,receipt,2026-08-31,2026-08-31T14:00:00.000000Z,2026-08-31T09:00:00,EVENING,49831,284,NG ADVAN/TGP CNG PEMBROKE RECEIPT M,06,TGP:49831,TGP:SEG:284,R,27101,27101.0,0.0,27101.0,False,True,,True,2026-08-31T01:46:00.000000Z,2026-08-31T14:44:35.908934Z,2026-08-31T14:44:35.908934Z,Million BTU's (displayed as Dth),70d513ee6296bf050aa4fbc44fc75a1c3f3ad43eab6fcfe520e075b1b86e7b18,https://pipeline2.kindermorgan.com/Capacity/OpAvailPoint.aspx?code=TGP,data/raw/km_tgp_point_receipt_capacity/2026/08/31/70d513ee6296bf050aa4fbc44fc75a1c3f3ad43eab6fcfe520e075b1b86e7b18.xlsx,km_tgp_point_receipt_capacity:1788187475908934000:70d513ee6296bf050aa4fbc44fc75a1c3f3ad43eab6fcfe520e075b1b86e7b18
point,receipt,2026-08-31,2026-08-31T14:00:00.000000Z,2026-08-31T09:00:00,EVENING,412863,290,GEOPETRO/TGP LITTLE BEAVER: RIP 217,04,TGP:412863,TGP:SEG:290,R,16810,16810.0,1300.0,15510.0,False,True,,True,2026-08-31T01:46:00.000000Z,2026-08-31T14:44:35.908934Z,2026-08-31T14:44:35.908934Z,Million BTU's (displayed as Dth),70d513ee6296bf050aa4fbc44fc75a1c3f3ad43eab6fcfe520e075b1b86e7b18,https://pipeline2.kindermorgan.com/Capacity/OpAvailPoint.aspx?code=TGP,data/raw/km_tgp_point_receipt_capacity/2026/08/31/70d513ee6296bf050aa4fbc44fc75a1c3f3ad43eab6fcfe520e075b1b86e7b18.xlsx,km_tgp_point_receipt_capacity:1788187475908934000:70d513ee6296bf050aa4fbc44fc75a1c3f3ad43eab6fcfe520e075b1b86e7b18
point,receipt,2026-08-31,2026-08-31T14:00:00.000000Z,2026-08-31T09:00:00,EVENING,412865,295,NFG/TGP EAST AURORA NEW YORK ERIE,05,TGP:412865,TGP:SEG:295,BD,510450,510450.0,331371.0,179079.0,False,True,,True,2026-08-31T01:46:00.000000Z,2026-08-31T14:44:35.908934Z,2026-08-31T14:44:35.908934Z,Million BTU's (displayed as Dth),70d513ee6296bf050aa4fbc44fc75a1c3f3ad43eab6fcfe520e075b1b86e7b18,https://pipeline2.kindermorgan.com/Capacity/OpAvailPoint.aspx?code=TGP,data/raw/km_tgp_point_receipt_capacity/2026/08/31/70d513ee6296bf050aa4fbc44fc75a1c3f3ad43eab6fcfe520e075b1b86e7b18.xlsx,km_tgp_point_receipt_capacity:1788187475908934000:70d513ee6296bf050aa4fbc44fc75a1c3f3ad43eab6fcfe520e075b1b86e7b18
point,receipt,2026-08-31,2026-08-31T14:00:00.000000Z,2026-08-31T09:00:00,EVENING,410902,296,TRANSCAN/TGP UDP NIAGARA RIVER NIAG,05,TGP:410902,TGP:SEG:296,BD,1332500,1050000.0,0.0,1050000.0,True,True,,True,2026-08-31T01:46:00.000000Z,2026-08-31T14:44:35.908934Z,2026-08-31T14:44:35.908934Z,Million BTU's (displayed as Dth),70d513ee6296bf050aa4fbc44fc75a1c3f3ad43eab6fcfe520e075b1b86e7b18,https://pipeline2.kindermorgan.com/Capacity/OpAvailPoint.aspx?code=TGP,data/raw/km_tgp_point_receipt_capacity/2026/08/31/70d513ee6296bf050aa4fbc44fc75a1c3f3ad43eab6fcfe520e075b1b86e7b18.xlsx,km_tgp_point_receipt_capacity:1788187475908934000:70d513ee6296bf050aa4fbc44fc75a1c3f3ad43eab6fcfe520e075b1b86e7b18
point,receipt,2026-08-31,2026-08-31T14:00:00.000000Z,2026-08-31T09:00:00,EVENING,412803,299,ARLSTOR/TGP GRAVEL RUN ARLINGTON ST,05,TGP:412803,TGP:SEG:299,BD,205000,205000.0,0.0,205000.0,True,True,,True,2026-08-31T01:46:00.000000Z,2026-08-31T14:44:35.908934Z,2026-08-31T14:44:35.908934Z,Million BTU's (displayed as Dth),70d513ee6296bf050aa4fbc44fc75a1c3f3ad43eab6fcfe520e075b1b86e7b18,https://pipeline2.kindermorgan.com/Capacity/OpAvailPoint.aspx?code=TGP,data/raw/km_tgp_point_receipt_capacity/2026/08/31/70d513ee6296bf050aa4fbc44fc75a1c3f3ad43eab6fcfe520e075b1b86e7b18.xlsx,km_tgp_point_receipt_capacity:1788187475908934000:70d513ee6296bf050aa4fbc44fc75a1c3f3ad43eab6fcfe520e075b1b86e7b18
point,receipt,2026-08-31,2026-08-31T14:00:00.000000Z,2026-08-31T09:00:00,EVENING,420801,299,MILL PL/TGP GREENWOOD STEUBEN,05,TGP:420801,TGP:SEG:299,BD,0,0.0,0.0,0.0,False,True,,True,2026-08-31T01:46:00.000000Z,2026-08-31T14:44:35.908934Z,2026-08-31T14:44:35.908934Z,Million BTU's (displayed as Dth),70d513ee6296bf050aa4fbc44fc75a1c3f3ad43eab6fcfe520e075b1b86e7b18,https://pipeline2.kindermorgan.com/Capacity/OpAvailPoint.aspx?code=TGP,data/raw/km_tgp_point_receipt_capacity/2026/08/31/70d513ee6296bf050aa4fbc44fc75a1c3f3ad43eab6fcfe520e075b1b86e7b18.xlsx,km_tgp_point_receipt_capacity:1788187475908934000:70d513ee6296bf050aa4fbc44fc75a1c3f3ad43eab6fcfe520e075b1b86e7b18
point,receipt,2026-08-31,2026-08-31T14:00:00.000000Z,2026-08-31T09:00:00,EVENING,421068,299,KAISER/TGP WYCKOFF STORAGE STEUBEN,05,TGP:421068,TGP:SEG:299,BD,250000,250000.0,0.0,250000.0,True,True,,True,2026-08-31T01:46:00.000000Z,2026-08-31T14:44:35.908934Z,2026-08-31T14:44:35.908934Z,Million BTU's (displayed as Dth),70d513ee6296bf050aa4fbc44fc75a1c3f3ad43eab6fcfe520e075b1b86e7b18,https://pipeline2.kindermorgan.com/Capacity/OpAvailPoint.aspx?code=TGP,data/raw/km_tgp_point_receipt_capacity/2026/08/31/70d513ee6296bf050aa4fbc44fc75a1c3f3ad43eab6fcfe520e075b1b86e7b18.xlsx,km_tgp_point_receipt_capacity:1788187475908934000:70d513ee6296bf050aa4fbc44fc75a1c3f3ad43eab6fcfe520e075b1b86e7b18
point,receipt,2026-08-31,2026-08-31T14:00:00.000000Z,2026-08-31T09:00:00,EVENING,412188,300,OWS ENRG/TGP VENANGO CNTY DEHY VENA,04,TGP:412188,TGP:SEG:300,R,32893,32893.0,1589.0,31304.0,False,True,,True,2026-08-31T01:46:00.000000Z,2026-08-31T14:44:35.908934Z,2026-08-31T14:44:35.908934Z,Million BTU's (displayed as Dth),70d513ee6296bf050aa4fbc44fc75a1c3f3ad43eab6fcfe520e075b1b86e7b18,https://pipeline2.kindermorgan.com/Capacity/OpAvailPoint.aspx?code=TGP,data/raw/km_tgp_point_receipt_capacity/2026/08/31/70d513ee6296bf050aa4fbc44fc75a1c3f3ad43eab6fcfe520e075b1b86e7b18.xlsx,km_tgp_point_receipt_capacity:1788187475908934000:70d513ee6296bf050aa4fbc44fc75a1c3f3ad43eab6fcfe520e075b1b86e7b18
point,receipt,2026-08-31,2026-08-31T14:00:00.000000Z,2026-08-31T09:00:00,EVENING,412783,300,CATLYST/TGP FROST DEHY: RIP 306B FO,04,TGP:412783,TGP:SEG:300,R,9430,9430.0,0.0,9430.0,False,True,,True,2026-08-31T01:46:00.000000Z,2026-08-31T14:44:35.908934Z,2026-08-31T14:44:35.908934Z,Million BTU's (displayed as Dth),70d513ee6296bf050aa4fbc44fc75a1c3f3ad43eab6fcfe520e075b1b86e7b18,https://pipeline2.kindermorgan.com/Capacity/OpAvailPoint.aspx?code=TGP,data/raw/km_tgp_point_receipt_capacity/2026/08/31/70d513ee6296bf050aa4fbc44fc75a1c3f3ad43eab6fcfe520e075b1b86e7b18.xlsx,km_tgp_point_receipt_capacity:1788187475908934000:70d513ee6296bf050aa4fbc44fc75a1c3f3ad43eab6fcfe520e075b1b86e7b18
point,receipt,2026-08-31,2026-08-31T14:00:00.000000Z,2026-08-31T09:00:00,EVENING,412871,300,PINOAK/TGP TIONESTA: RIP 304E 101.2,04,TGP:412871,TGP:SEG:300,R,9532,9532.0,500.0,9032.0,False,True,,True,2026-08-31T01:46:00.000000Z,2026-08-31T14:44:35.908934Z,2026-08-31T14:44:35.908934Z,Million BTU's (displayed as Dth),70d513ee6296bf050aa4fbc44fc75a1c3f3ad43eab6fcfe520e075b1b86e7b18,https://pipeline2.kindermorgan.com/Capacity/OpAvailPoint.aspx?code=TGP,data/raw/km_tgp_point_receipt_capacity/2026/08/31/70d513ee6296bf050aa4fbc44fc75a1c3f3ad43eab6fcfe520e075b1b86e7b18.xlsx,km_tgp_point_receipt_capacity:1788187475908934000:70d513ee6296bf050aa4fbc44fc75a1c3f3ad43eab6fcfe520e075b1b86e7b18
point,receipt,2026-08-31,2026-08-31T14:00:00.000000Z,2026-08-31T09:00:00,EVENING,412805,307,PA GNRL/TGP WHITE HOLLOW DEHY:RIP 3,04,TGP:412805,TGP:SEG:307,R,16400,16400.0,4000.0,12400.0,False,True,,True,2026-08-31T01:46:00.000000Z,2026-08-31T14:44:35.908934Z,2026-08-31T14:44:35.908934Z,Million BTU's (displayed as Dth),70d513ee6296bf050aa4fbc44fc75a1c3f3ad43eab6fcfe520e075b1b86e7b18,https://pipeline2.kindermorgan.com/Capacity/OpAvailPoint.aspx?code=TGP,data/raw/km_tgp_point_receipt_capacity/2026/08/31/70d513ee6296bf050aa4fbc44fc75a1c3f3ad43eab6fcfe520e075b1b86e7b18.xlsx,km_tgp_point_receipt_capacity:1788187475908934000:70d513ee6296bf050aa4fbc44fc75a1c3f3ad43eab6fcfe520e075b1b86e7b18
point,receipt,2026-08-31,2026-08-31T14:00:00.000000Z,2026-08-31T09:00:00,EVENING,412808,307,NFGMIDCL/TGP CLERMONT DEHY: RIP 310,04,TGP:412808,TGP:SEG:307,R,72775,72775.0,0.0,72775.0,False,True,,True,2026-08-31T01:46:00.000000Z,2026-08-31T14:44:35.908934Z,2026-08-31T14:44:35.908934Z,Million BTU's (displayed as Dth),70d513ee6296bf050aa4fbc44fc75a1c3f3ad43eab6fcfe520e075b1b86e7b18,https://pipeline2.kindermorgan.com/Capacity/OpAvailPoint.aspx?code=TGP,data/raw/km_tgp_point_receipt_capacity/2026/08/31/70d513ee6296bf050aa4fbc44fc75a1c3f3ad43eab6fcfe520e075b1b86e7b18.xlsx,km_tgp_point_receipt_capacity:1788187475908934000:70d513ee6296bf050aa4fbc44fc75a1c3f3ad43eab6fcfe520e075b1b86e7b18
point,receipt,2026-08-31,2026-08-31T14:00:00.000000Z,2026-08-31T09:00:00,EVENING,412826,307,NFG/TGP LAMONT PA: RIP 308-1 ELK,04,TGP:412826,TGP:SEG:307,R,106190,106190.0,0.0,106190.0,False,True,,True,2026-08-31T01:46:00.000000Z,2026-08-31T14:44:35.908934Z,2026-08-31T14:44:35.908934Z,Million BTU's (displayed as Dth),70d513ee6296bf050aa4fbc44fc75a1c3f3ad43eab6fcfe520e075b1b86e7b18,https://pipeline2.kindermorgan.com/Capacity/OpAvailPoint.aspx?code=TGP,data/raw/km_tgp_point_receipt_capacity/2026/08/31/70d513ee6296bf050aa4fbc44fc75a1c3f3ad43eab6fcfe520e075b1b86e7b18.xlsx,km_tgp_point_receipt_capacity:1788187475908934000:70d513ee6296bf050aa4fbc44fc75a1c3f3ad43eab6fcfe520e075b1b86e7b18
point,receipt,2026-08-31,2026-08-31T14:00:00.000000Z,2026-08-31T09:00:00,EVENING,412836,307,PA GNRL/TGP UDP FISK HOLLOW: RIP 31,04,TGP:412836,TGP:SEG:307,R,130175,130175.0,2100.0,128075.0,False,True,,True,2026-08-31T01:46:00.000000Z,2026-08-31T14:44:35.908934Z,2026-08-31T14:44:35.908934Z,Million BTU's (displayed as Dth),70d513ee6296bf050aa4fbc44fc75a1c3f3ad43eab6fcfe520e075b1b86e7b18,https://pipeline2.kindermorgan.com/Capacity/OpAvailPoint.aspx?code=TGP,data/raw/km_tgp_point_receipt_capacity/2026/08/31/70d513ee6296bf050aa4fbc44fc75a1c3f3ad43eab6fcfe520e075b1b86e7b18.xlsx,km_tgp_point_receipt_capacity:1788187475908934000:70d513ee6296bf050aa4fbc44fc75a1c3f3ad43eab6fcfe520e075b1b86e7b18
point,receipt,2026-08-31,2026-08-31T14:00:00.000000Z,2026-08-31T09:00:00,EVENING,412840,307,SMERSET/TGP UDP IRONS HOLLOW DEHY:,04,TGP:412840,TGP:SEG:307,R,39975,39975.0,0.0,39975.0,False,True,,True,2026-08-31T01:46:00.000000Z,2026-08-31T14:44:35.908934Z,2026-08-31T14:44:35.908934Z,Million BTU's (displayed as Dth),70d513ee6296bf050aa4fbc44fc75a1c3f3ad43eab6fcfe520e075b1b86e7b18,https://pipeline2.kindermorgan.com/Capacity/OpAvailPoint.aspx?code=TGP,data/raw/km_tgp_point_receipt_capacity/2026/08/31/70d513ee6296bf050aa4fbc44fc75a1c3f3ad43eab6fcfe520e075b1b86e7b18.xlsx,km_tgp_point_receipt_capacity:1788187475908934000:70d513ee6296bf050aa4fbc44fc75a1c3f3ad43eab6fcfe520e075b1b86e7b18
point,receipt,2026-08-31,2026-08-31T14:00:00.000000Z,2026-08-31T09:00:00,EVENING,412872,307,PINOAK/TGP MT. JEWETT: RIP 308C 101,04,TGP:412872,TGP:SEG:307,R,10250,10250.0,900.0,9350.0,False,True,,True,2026-08-31T01:46:00.000000Z,2026-08-31T14:44:35.908934Z,2026-08-31T14:44:35.908934Z,Million BTU's (displayed as Dth),70d513ee6296bf050aa4fbc44fc75a1c3f3ad43eab6fcfe520e075b1b86e7b18,https://pipeline2.kindermorgan.com/Capacity/OpAvailPoint.aspx?code=TGP,data/raw/km_tgp_point_receipt_capacity/2026/08/31/70d513ee6296bf050aa4fbc44fc75a1c3f3ad43eab6fcfe520e075b1b86e7b18.xlsx,km_tgp_point_receipt_capacity:1788187475908934000:70d513ee6296bf050aa4fbc44fc75a1c3f3ad43eab6fcfe520e075b1b86e7b18
point,receipt,2026-08-31,2026-08-31T14:00:00.000000Z,2026-08-31T09:00:00,EVENING,47743,307,NFGMIDCL/TGP CLERMONT #2 MC KEAN,04,TGP:47743,TGP:SEG:307,R,635500,635500.0,278767.0,356733.0,False,True,,True,2026-08-31T01:46:00.000000Z,2026-08-31T14:44:35.908934Z,2026-08-31T14:44:35.908934Z,Million BTU's (displayed as Dth),70d513ee6296bf050aa4fbc44fc75a1c3f3ad43eab6fcfe520e075b1b86e7b18,https://pipeline2.kindermorgan.com/Capacity/OpAvailPoint.aspx?code=TGP,data/raw/km_tgp_point_receipt_capacity/2026/08/31/70d513ee6296bf050aa4fbc44fc75a1c3f3ad43eab6fcfe520e075b1b86e7b18.xlsx,km_tgp_point_receipt_capacity:1788187475908934000:70d513ee6296bf050aa4fbc44fc75a1c3f3ad43eab6fcfe520e075b1b86e7b18
point,receipt,2026-08-31,2026-08-31T14:00:00.000000Z,2026-08-31T09:00:00,EVENING,49153,313,JKLM/TGP VINEYARD POTTER,04,TGP:49153,TGP:SEG:313,R,171175,171175.0,8900.0,162275.0,False,True,,True,2026-08-31T01:46:00.000000Z,2026-08-31T14:44:35.908934Z,2026-08-31T14:44:35.908934Z,Million BTU's (displayed as Dth),70d513ee6296bf050aa4fbc44fc75a1c3f3ad43eab6fcfe520e075b1b86e7b18,https://pipeline2.kindermorgan.com/Capacity/OpAvailPoint.aspx?code=TGP,data/raw/km_tgp_point_receipt_capacity/2026/08/31/70d513ee6296bf050aa4fbc44fc75a1c3f3ad43eab6fcfe520e075b1b86e7b18.xlsx,km_tgp_point_receipt_capacity:1788187475908934000:70d513ee6296bf050aa4fbc44fc75a1c3f3ad43eab6fcfe520e075b1b86e7b18
point,receipt,2026-08-31,2026-08-31T14:00:00.000000Z,2026-08-31T09:00:00,EVENING,56405,313,GREYLOCK/TGP HERTENBERGER RD WEASLE,04,TGP:56405,TGP:SEG:313,R,197825,197825.0,119756.0,78069.0,False,True,,True,2026-08-31T01:46:00.000000Z,2026-08-31T14:44:35.908934Z,2026-08-31T14:44:35.908934Z,Million BTU's (displayed as Dth),70d513ee6296bf050aa4fbc44fc75a1c3f3ad43eab6fcfe520e075b1b86e7b18,https://pipeline2.kindermorgan.com/Capacity/OpAvailPoint.aspx?code=TGP,data/raw/km_tgp_point_receipt_capacity/2026/08/31/70d513ee6296bf050aa4fbc44fc75a1c3f3ad43eab6fcfe520e075b1b86e7b18.xlsx,km_tgp_point_receipt_capacity:1788187475908934000:70d513ee6296bf050aa4fbc44fc75a1c3f3ad43eab6fcfe520e075b1b86e7b18
point,receipt,2026-08-31,2026-08-31T14:00:00.000000Z,2026-08-31T09:00:00,EVENING,49204,314,NFG/TGP BALDWIN RUN TIOGA,04,TGP:49204,TGP:SEG:314,R,205000,205000.0,65358.0,139642.0,False,True,,True,2026-08-31T01:46:00.000000Z,2026-08-31T14:44:35.908934Z,2026-08-31T14:44:35.908934Z,Million BTU's (displayed as Dth),70d513ee6296bf050aa4fbc44fc75a1c3f3ad43eab6fcfe520e075b1b86e7b18,https://pipeline2.kindermorgan.com/Capacity/OpAvailPoint.aspx?code=TGP,data/raw/km_tgp_point_receipt_capacity/2026/08/31/70d513ee6296bf050aa4fbc44fc75a1c3f3ad43eab6fcfe520e075b1b86e7b18.xlsx,km_tgp_point_receipt_capacity:1788187475908934000:70d513ee6296bf050aa4fbc44fc75a1c3f3ad43eab6fcfe520e075b1b86e7b18
point,receipt,2026-08-31,2026-08-31T14:00:00.000000Z,2026-08-31T09:00:00,EVENING,412781,315,NFG/TGP HOLLOW ROAD DEHY: RIP 315B,04,TGP:412781,TGP:SEG:315,R,155255,155255.0,0.0,155255.0,False,True,,True,2026-08-31T01:46:00.000000Z,2026-08-31T14:44:35.908934Z,2026-08-31T14:44:35.908934Z,Million BTU's (displayed as Dth),70d513ee6296bf050aa4fbc44fc75a1c3f3ad43eab6fcfe520e075b1b86e7b18,https://pipeline2.kindermorgan.com/Capacity/OpAvailPoint.aspx?code=TGP,data/raw/km_tgp_point_receipt_capacity/2026/08/31/70d513ee6296bf050aa4fbc44fc75a1c3f3ad43eab6fcfe520e075b1b86e7b18.xlsx,km_tgp_point_receipt_capacity:1788187475908934000:70d513ee6296bf050aa4fbc44fc75a1c3f3ad43eab6fcfe520e075b1b86e7b18
point,receipt,2026-08-31,2026-08-31T14:00:00.000000Z,2026-08-31T09:00:00,EVENING,412797,315,NFG/TGP UDP RICHMOND DEHY:RIP 315E,04,TGP:412797,TGP:SEG:315,R,313650,313650.0,0.0,313650.0,False,True,,True,2026-08-31T01:46:00.000000Z,2026-08-31T14:44:35.908934Z,2026-08-31T14:44:35.908934Z,Million BTU's (displayed as Dth),70d513ee6296bf050aa4fbc44fc75a1c3f3ad43eab6fcfe520e075b1b86e7b18,https://pipeline2.kindermorgan.com/Capacity/OpAvailPoint.aspx?code=TGP,data/raw/km_tgp_point_receipt_capacity/2026/08/31/70d513ee6296bf050aa4fbc44fc75a1c3f3ad43eab6fcfe520e075b1b86e7b18.xlsx,km_tgp_point_receipt_capacity:1788187475908934000:70d513ee6296bf050aa4fbc44fc75a1c3f3ad43eab6fcfe520e075b1b86e7b18
point,receipt,2026-08-31,2026-08-31T14:00:00.000000Z,2026-08-31T09:00:00,EVENING,412858,315,DIV PROD/TGP MASON DEHY: RIP 315F 1,04,TGP:412858,TGP:SEG:315,R,216275,216275.0,19000.0,197275.0,False,True,,True,2026-08-31T01:46:00.000000Z,2026-08-31T14:44:35.908934Z,2026-08-31T14:44:35.908934Z,Million BTU's (displayed as Dth),70d513ee6296bf050aa4fbc44fc75a1c3f3ad43eab6fcfe520e075b1b86e7b18,https://pipeline2.kindermorgan.com/Capacity/OpAvailPoint.aspx?code=TGP,data/raw/km_tgp_point_receipt_capacity/2026/08/31/70d513ee6296bf050aa4fbc44fc75a1c3f3ad43eab6fcfe520e075b1b86e7b18.xlsx,km_tgp_point_receipt_capacity:1788187475908934000:70d513ee6296bf050aa4fbc44fc75a1c3f3ad43eab6fcfe520e075b1b86e7b18
point,receipt,2026-08-31,2026-08-31T14:00:00.000000Z,2026-08-31T09:00:00,EVENING,412770,316,REPSOLOG/TGP SHEDDEN DEHY: RIP 316D,04,TGP:412770,TGP:SEG:316,R,90000,90000.0,92460.0,0.0,False,True,,True,2026-08-31T01:46:00.000000Z,2026-08-31T14:44:35.908934Z,2026-08-31T14:44:35.908934Z,Million BTU's (displayed as Dth),70d513ee6296bf050aa4fbc44fc75a1c3f3ad43eab6fcfe520e075b1b86e7b18,https://pipeline2.kindermorgan.com/Capacity/OpAvailPoint.aspx?code=TGP,data/raw/km_tgp_point_receipt_capacity/2026/08/31/70d513ee6296bf050aa4fbc44fc75a1c3f3ad43eab6fcfe520e075b1b86e7b18.xlsx,km_tgp_point_receipt_capacity:1788187475908934000:70d513ee6296bf050aa4fbc44fc75a1c3f3ad43eab6fcfe520e075b1b86e7b18
point,receipt,2026-08-31,2026-08-31T14:00:00.000000Z,2026-08-31T09:00:00,EVENING,412791,316,REPSOLOG/TGP MOUNTAIN RIDGE DEHY: R,04,TGP:412791,TGP:SEG:316,R,129867,129867.0,29963.0,99904.0,False,True,,True,2026-08-31T01:46:00.000000Z,2026-08-31T14:44:35.908934Z,2026-08-31T14:44:35.908934Z,Million BTU's (displayed as Dth),70d513ee6296bf050aa4fbc44fc75a1c3f3ad43eab6fcfe520e075b1b86e7b18,https://pipeline2.kindermorgan.com/Capacity/OpAvailPoint.aspx?code=TGP,data/raw/km_tgp_point_receipt_capacity/2026/08/31/70d513ee6296bf050aa4fbc44fc75a1c3f3ad43eab6fcfe520e075b1b86e7b18.xlsx,km_tgp_point_receipt_capacity:1788187475908934000:70d513ee6296bf050aa4fbc44fc75a1c3f3ad43eab6fcfe520e075b1b86e7b18
point,receipt,2026-08-31,2026-08-31T14:00:00.000000Z,2026-08-31T09:00:00,EVENING,412796,316,UGITX/TGP SWEENEY DEHY: RIP 316E 10,04,TGP:412796,TGP:SEG:316,R,125972,125972.0,110402.0,15570.0,False,True,,True,2026-08-31T01:46:00.000000Z,2026-08-31T14:44:35.908934Z,2026-08-31T14:44:35.908934Z,Million BTU's (displayed as Dth),70d513ee6296bf050aa4fbc44fc75a1c3f3ad43eab6fcfe520e075b1b86e7b18,https://pipeline2.kindermorgan.com/Capacity/OpAvailPoint.aspx?code=TGP,data/raw/km_tgp_point_receipt_capacity/2026/08/31/70d513ee6296bf050aa4fbc44fc75a1c3f3ad43eab6fcfe520e075b1b86e7b18.xlsx,km_tgp_point_receipt_capacity:1788187475908934000:70d513ee6296bf050aa4fbc44fc75a1c3f3ad43eab6fcfe520e075b1b86e7b18
point,receipt,2026-08-31,2026-08-31T14:00:00.000000Z,2026-08-31T09:00:00,EVENING,412811,316,NFG/TGP MAINESBURG DEHY: RIP 316G T,04,TGP:412811,TGP:SEG:316,R,145550,145550.0,0.0,145550.0,False,True,,True,2026-08-31T01:46:00.000000Z,2026-08-31T14:44:35.908934Z,2026-08-31T14:44:35.908934Z,Million BTU's (displayed as Dth),70d513ee6296bf050aa4fbc44fc75a1c3f3ad43eab6fcfe520e075b1b86e7b18,https://pipeline2.kindermorgan.com/Capacity/OpAvailPoint.aspx?code=TGP,data/raw/km_tgp_point_receipt_capacity/2026/08/31/70d513ee6296bf050aa4fbc44fc75a1c3f3ad43eab6fcfe520e075b1b86e7b18.xlsx,km_tgp_point_receipt_capacity:1788187475908934000:70d513ee6296bf050aa4fbc44fc75a1c3f3ad43eab6fcfe520e075b1b86e7b18
point,receipt,2026-08-31,2026-08-31T14:00:00.000000Z,2026-08-31T09:00:00,EVENING,412818,316,REPSOLOG/TGP SHEDDEN II DEHY: RIP 3,04,TGP:412818,TGP:SEG:316,R,373100,373100.0,100161.0,272939.0,False,True,,True,2026-08-31T01:46:00.000000Z,2026-08-31T14:44:35.908934Z,2026-08-31T14:44:35.908934Z,Million BTU's (displayed as Dth),70d513ee6296bf050aa4fbc44fc75a1c3f3ad43eab6fcfe520e075b1b86e7b18,https://pipeline2.kindermorgan.com/Capacity/OpAvailPoint.aspx?code=TGP,data/raw/km_tgp_point_receipt_capacity/2026/08/31/70d513ee6296bf050aa4fbc44fc75a1c3f3ad43eab6fcfe520e075b1b86e7b18.xlsx,km_tgp_point_receipt_capacity:1788187475908934000:70d513ee6296bf050aa4fbc44fc75a1c3f3ad43eab6fcfe520e075b1b86e7b18
point,receipt,2026-08-31,2026-08-31T14:00:00.000000Z,2026-08-31T09:00:00,EVENING,412822,316,MAINESBG/TGP UDP HEMLOCK HILL II DE,04,TGP:412822,TGP:SEG:316,R,75850,75850.0,73330.0,2520.0,False,True,,True,2026-08-31T01:46:00.000000Z,2026-08-31T14:44:35.908934Z,2026-08-31T14:44:35.908934Z,Million BTU's (displayed as Dth),70d513ee6296bf050aa4fbc44fc75a1c3f3ad43eab6fcfe520e075b1b86e7b18,https://pipeline2.kindermorgan.com/Capacity/OpAvailPoint.aspx?code=TGP,data/raw/km_tgp_point_receipt_capacity/2026/08/31/70d513ee6296bf050aa4fbc44fc75a1c3f3ad43eab6fcfe520e075b1b86e7b18.xlsx,km_tgp_point_receipt_capacity:1788187475908934000:70d513ee6296bf050aa4fbc44fc75a1c3f3ad43eab6fcfe520e075b1b86e7b18
point,receipt,2026-08-31,2026-08-31T14:00:00.000000Z,2026-08-31T09:00:00,EVENING,412827,316,REPSOLOG/TGP PUTNAM DEHYD: RIP 316H,04,TGP:412827,TGP:SEG:316,R,129867,129867.0,0.0,129867.0,False,True,,True,2026-08-31T01:46:00.000000Z,2026-08-31T14:44:35.908934Z,2026-08-31T14:44:35.908934Z,Million BTU's (displayed as Dth),70d513ee6296bf050aa4fbc44fc75a1c3f3ad43eab6fcfe520e075b1b86e7b18,https://pipeline2.kindermorgan.com/Capacity/OpAvailPoint.aspx?code=TGP,data/raw/km_tgp_point_receipt_capacity/2026/08/31/70d513ee6296bf050aa4fbc44fc75a1c3f3ad43eab6fcfe520e075b1b86e7b18.xlsx,km_tgp_point_receipt_capacity:1788187475908934000:70d513ee6296bf050aa4fbc44fc75a1c3f3ad43eab6fcfe520e075b1b86e7b18
point,receipt,2026-08-31,2026-08-31T14:00:00.000000Z,2026-08-31T09:00:00,EVENING,49846,316,ETC NEPL/TGP DUNKLEBERGER TIOGA,04,TGP:49846,TGP:SEG:316,R,512500,512500.0,226007.0,286493.0,False,True,,True,2026-08-31T01:46:00.000000Z,2026-08-31T14:44:35.908934Z,2026-08-31T14:44:35.908934Z,Million BTU's (displayed as Dth),70d513ee6296bf050aa4fbc44fc75a1c3f3ad43eab6fcfe520e075b1b86e7b18,https://pipeline2.kindermorgan.com/Capacity/OpAvailPoint.aspx?code=TGP,data/raw/km_tgp_point_receipt_capacity/2026/08/31/70d513ee6296bf050aa4fbc44fc75a1c3f3ad43eab6fcfe520e075b1b86e7b18.xlsx,km_tgp_point_receipt_capacity:1788187475908934000:70d513ee6296bf050aa4fbc44fc75a1c3f3ad43eab6fcfe520e075b1b86e7b18
point,receipt,2026-08-31,2026-08-31T14:00:00.000000Z,2026-08-31T09:00:00,EVENING,57221,316,MAINESBG/TGP MONARCH HEMLOCK RD REC,04,TGP:57221,TGP:SEG:316,R,170150,170150.0,0.0,170150.0,False,True,,True,2026-08-31T01:46:00.000000Z,2026-08-31T14:44:35.908934Z,2026-08-31T14:44:35.908934Z,Million BTU's (displayed as Dth),70d513ee6296bf050aa4fbc44fc75a1c3f3ad43eab6fcfe520e075b1b86e7b18,https://pipeline2.kindermorgan.com/Capacity/OpAvailPoint.aspx?code=TGP,data/raw/km_tgp_point_receipt_capacity/2026/08/31/70d513ee6296bf050aa4fbc44fc75a1c3f3ad43eab6fcfe520e075b1b86e7b18.xlsx,km_tgp_point_receipt_capacity:1788187475908934000:70d513ee6296bf050aa4fbc44fc75a1c3f3ad43eab6fcfe520e075b1b86e7b18
point,receipt,2026-08-31,2026-08-31T14:00:00.000000Z,2026-08-31T09:00:00,EVENING,412784,317,ETC NEPL/TGP ALLEN MEADOW DEHY:RIP,04,TGP:412784,TGP:SEG:317,R,89277,89277.0,39950.0,49327.0,False,True,,True,2026-08-31T01:46:00.000000Z,2026-08-31T14:44:35.908934Z,2026-08-31T14:44:35.908934Z,Million BTU's (displayed as Dth),70d513ee6296bf050aa4fbc44fc75a1c3f3ad43eab6fcfe520e075b1b86e7b18,https://pipeline2.kindermorgan.com/Capacity/OpAvailPoint.aspx?code=TGP,data/raw/km_tgp_point_receipt_capacity/2026/08/31/70d513ee6296bf050aa4fbc44fc75a1c3f3ad43eab6fcfe520e075b1b86e7b18.xlsx,km_tgp_point_receipt_capacity:1788187475908934000:70d513ee6296bf050aa4fbc44fc75a1c3f3ad43eab6fcfe520e075b1b86e7b18
point,receipt,2026-08-31,2026-08-31T14:00:00.000000Z,2026-08-31T09:00:00,EVENING,412785,317,BLCKHILL/TGP SWAIN ROAD DEHY: RIP 3,04,TGP:412785,TGP:SEG:317,R,153750,153750.0,65033.0,88717.0,False,True,,True,2026-08-31T01:46:00.000000Z,2026-08-31T14:44:35.908934Z,2026-08-31T14:44:35.908934Z,Million BTU's (displayed as Dth),70d513ee6296bf050aa4fbc44fc75a1c3f3ad43eab6fcfe520e075b1b86e7b18,https://pipeline2.kindermorgan.com/Capacity/OpAvailPoint.aspx?code=TGP,data/raw/km_tgp_point_receipt_capacity/2026/08/31/70d513ee6296bf050aa4fbc44fc75a1c3f3ad43eab6fcfe520e075b1b86e7b18.xlsx,km_tgp_point_receipt_capacity:1788187475908934000:70d513ee6296bf050aa4fbc44fc75a1c3f3ad43eab6fcfe520e075b1b86e7b18
point,receipt,2026-08-31,2026-08-31T14:00:00.000000Z,2026-08-31T09:00:00,EVENING,412834,317,APPLACHA/TGP UDP CALKINS DEHY: RIP,04,TGP:412834,TGP:SEG:317,R,329025,329025.0,117877.0,211148.0,False,True,,True,2026-08-31T01:46:00.000000Z,2026-08-31T14:44:35.908934Z,2026-08-31T14:44:35.908934Z,Million BTU's (displayed as Dth),70d513ee6296bf050aa4fbc44fc75a1c3f3ad43eab6fcfe520e075b1b86e7b18,https://pipeline2.kindermorgan.com/Capacity/OpAvailPoint.aspx?code=TGP,data/raw/km_tgp_point_receipt_capacity/2026/08/31/70d513ee6296bf050aa4fbc44fc75a1c3f3ad43eab6fcfe520e075b1b86e7b18.xlsx,km_tgp_point_receipt_capacity:1788187475908934000:70d513ee6296bf050aa4fbc44fc75a1c3f3ad43eab6fcfe520e075b1b86e7b18
point,receipt,2026-08-31,2026-08-31T14:00:00.000000Z,2026-08-31T09:00:00,EVENING,412850,317,APPLACHA/TGP UDP LIBERTY DEHY: RIP,04,TGP:412850,TGP:SEG:317,R,1025000,1025000.0,845662.0,179338.0,False,True,,True,2026-08-31T01:46:00.000000Z,2026-08-31T14:44:35.908934Z,2026-08-31T14:44:35.908934Z,Million BTU's (displayed as Dth),70d513ee6296bf050aa4fbc44fc75a1c3f3ad43eab6fcfe520e075b1b86e7b18,https://pipeline2.kindermorgan.com/Capacity/OpAvailPoint.aspx?code=TGP,data/raw/km_tgp_point_receipt_capacity/2026/08/31/70d513ee6296bf050aa4fbc44fc75a1c3f3ad43eab6fcfe520e075b1b86e7b18.xlsx,km_tgp_point_receipt_capacity:1788187475908934000:70d513ee6296bf050aa4fbc44fc75a1c3f3ad43eab6fcfe520e075b1b86e7b18
point,receipt,2026-08-31,2026-08-31T14:00:00.000000Z,2026-08-31T09:00:00,EVENING,57162,317,BLCKHILL/TGP PORT ROYAL REC BRADFOR,04,TGP:57162,TGP:SEG:317,R,307500,307500.0,53637.0,253863.0,False,True,,True,2026-08-31T01:46:00.000000Z,2026-08-31T14:44:35.908934Z,2026-08-31T14:44:35.908934Z,Million BTU's (displayed as Dth),70d513ee6296bf050aa4fbc44fc75a1c3f3ad43eab6fcfe520e075b1b86e7b18,https://pipeline2.kindermorgan.com/Capacity/OpAvailPoint.aspx?code=TGP,data/raw/km_tgp_point_receipt_capacity/2026/08/31/70d513ee6296bf050aa4fbc44fc75a1c3f3ad43eab6fcfe520e075b1b86e7b18.xlsx,km_tgp_point_receipt_capacity:1788187475908934000:70d513ee6296bf050aa4fbc44fc75a1c3f3ad43eab6fcfe520e075b1b86e7b18
point,receipt,2026-08-31,2026-08-31T14:00:00.000000Z,2026-08-31T09:00:00,EVENING,412832,318,APPLACHA/TGP LATINI DEHY: RIP 319C,04,TGP:412832,TGP:SEG:318,R,563750,563750.0,79578.0,484172.0,False,True,,True,2026-08-31T01:46:00.000000Z,2026-08-31T14:44:35.908934Z,2026-08-31T14:44:35.908934Z,Million BTU's (displayed as Dth),70d513ee6296bf050aa4fbc44fc75a1c3f3ad43eab6fcfe520e075b1b86e7b18,https://pipeline2.kindermorgan.com/Capacity/OpAvailPoint.aspx?code=TGP,data/raw/km_tgp_point_receipt_capacity/2026/08/31/70d513ee6296bf050aa4fbc44fc75a1c3f3ad43eab6fcfe520e075b1b86e7b18.xlsx,km_tgp_point_receipt_capacity:1788187475908934000:70d513ee6296bf050aa4fbc44fc75a1c3f3ad43eab6fcfe520e075b1b86e7b18
point,receipt,2026-08-31,2026-08-31T14:00:00.000000Z,2026-08-31T09:00:00,EVENING,421046,319,STAGEPS/TGP STA 319 OWEGO BRADFORD,04,TGP:421046,TGP:SEG:319,BD,1129550,1129550.0,0.0,1129550.0,False,True,,True,2026-08-31T01:46:00.000000Z,2026-08-31T14:44:35.908934Z,2026-08-31T14:44:35.908934Z,Million BTU's (displayed as Dth),70d513ee6296bf050aa4fbc44fc75a1c3f3ad43eab6fcfe520e075b1b86e7b18,https://pipeline2.kindermorgan.com/Capacity/OpAvailPoint.aspx?code=TGP,data/raw/km_tgp_point_receipt_capacity/2026/08/31/70d513ee6296bf050aa4fbc44fc75a1c3f3ad43eab6fcfe520e075b1b86e7b18.xlsx,km_tgp_point_receipt_capacity:1788187475908934000:70d513ee6296bf050aa4fbc44fc75a1c3f3ad43eab6fcfe520e075b1b86e7b18
point,receipt,2026-08-31,2026-08-31T14:00:00.000000Z,2026-08-31T09:00:00,EVENING,412751,320,WFS/TGP UDP HOP BOTTOM DEHY: RIP 32,04,TGP:412751,TGP:SEG:320,R,36900,36900.0,0.0,36900.0,False,True,,True,2026-08-31T01:46:00.000000Z,2026-08-31T14:44:35.908934Z,2026-08-31T14:44:35.908934Z,Million BTU's (displayed as Dth),70d513ee6296bf050aa4fbc44fc75a1c3f3ad43eab6fcfe520e075b1b86e7b18,https://pipeline2.kindermorgan.com/Capacity/OpAvailPoint.aspx?code=TGP,data/raw/km_tgp_point_receipt_capacity/2026/08/31/70d513ee6296bf050aa4fbc44fc75a1c3f3ad43eab6fcfe520e075b1b86e7b18.xlsx,km_tgp_point_receipt_capacity:1788187475908934000:70d513ee6296bf050aa4fbc44fc75a1c3f3ad43eab6fcfe520e075b1b86e7b18
point,receipt,2026-08-31,2026-08-31T14:00:00.000000Z,2026-08-31T09:00:00,EVENING,412778,320,WFS/TGP UDP TEEL DEHY: RIP 320H 101,04,TGP:412778,TGP:SEG:320,R,145140,145140.0,45000.0,100140.0,False,True,,True,2026-08-31T01:46:00.000000Z,2026-08-31T14:44:35.908934Z,2026-08-31T14:44:35.908934Z,Million BTU's (displayed as Dth),70d513ee6296bf050aa4fbc44fc75a1c3f3ad43eab6fcfe520e075b1b86e7b18,https://pipeline2.kindermorgan.com/Capacity/OpAvailPoint.aspx?code=TGP,data/raw/km_tgp_point_receipt_capacity/2026/08/31/70d513ee6296bf050aa4fbc44fc75a1c3f3ad43eab6fcfe520e075b1b86e7b18.xlsx,km_tgp_point_receipt_capacity:1788187475908934000:70d513ee6296bf050aa4fbc44fc75a1c3f3ad43eab6fcfe520e075b1b86e7b18
point,receipt,2026-08-31,2026-08-31T14:00:00.000000Z,2026-08-31T09:00:00,EVENING,412793,320,WFS/TGP UDP SPRINGVILLE DEHY: RIP 3,04,TGP:412793,TGP:SEG:320,R,349935,349935.0,111097.0,238838.0,False,True,,True,2026-08-31T01:46:00.000000Z,2026-08-31T14:44:35.908934Z,2026-08-31T14:44:35.908934Z,Million BTU's (displayed as Dth),70d513ee6296bf050aa4fbc44fc75a1c3f3ad43eab6fcfe520e075b1b86e7b18,https://pipeline2.kindermorgan.com/Capacity/OpAvailPoint.aspx?code=TGP,data/raw/km_tgp_point_receipt_capacity/2026/08/31/70d513ee6296bf050aa4fbc44fc75a1c3f3ad43eab6fcfe520e075b1b86e7b18.xlsx,km_tgp_point_receipt_capacity:1788187475908934000:70d513ee6296bf050aa4fbc44fc75a1c3f3ad43eab6fcfe520e075b1b86e7b18
point,receipt,2026-08-31,2026-08-31T14:00:00.000000Z,2026-08-31T09:00:00,EVENING,412794,320,ETC NEPL/TGP KORBAN DEHY:RIP 320E S,04,TGP:412794,TGP:SEG:320,R,184500,184500.0,35000.0,149500.0,False,True,,True,2026-08-31T01:46:00.000000Z,2026-08-31T14:44:35.908934Z,2026-08-31T14:44:35.908934Z,Million BTU's (displayed as Dth),70d513ee6296bf050aa4fbc44fc75a1c3f3ad43eab6fcfe520e075b1b86e7b18,https://pipeline2.kindermorgan.com/Capacity/OpAvailPoint.aspx?code=TGP,data/raw/km_tgp_point_receipt_capacity/2026/08/31/70d513ee6296bf050aa4fbc44fc75a1c3f3ad43eab6fcfe520e075b1b86e7b18.xlsx,km_tgp_point_receipt_capacity:1788187475908934000:70d513ee6296bf050aa4fbc44fc75a1c3f3ad43eab6fcfe520e075b1b86e7b18
point,receipt,2026-08-31,2026-08-31T14:00:00.000000Z,2026-08-31T09:00:00,EVENING,412821,320,ETC NEPL/TGP DIMOCK DEHY: RIP 320J,04,TGP:412821,TGP:SEG:320,R,58835,58835.0,2400.0,56435.0,False,True,,True,2026-08-31T01:46:00.000000Z,2026-08-31T14:44:35.908934Z,2026-08-31T14:44:35.908934Z,Million BTU's (displayed as Dth),70d513ee6296bf050aa4fbc44fc75a1c3f3ad43eab6fcfe520e075b1b86e7b18,https://pipeline2.kindermorgan.com/Capacity/OpAvailPoint.aspx?code=TGP,data/raw/km_tgp_point_receipt_capacity/2026/08/31/70d513ee6296bf050aa4fbc44fc75a1c3f3ad43eab6fcfe520e075b1b86e7b18.xlsx,km_tgp_point_receipt_capacity:1788187475908934000:70d513ee6296bf050aa4fbc44fc75a1c3f3ad43eab6fcfe520e075b1b86e7b18
point,receipt,2026-08-31,2026-08-31T14:00:00.000000Z,2026-08-31T09:00:00,EVENING,412841,320,UGI/TGP UDP AUBURN DEHY: RIP 320 1,04,TGP:412841,TGP:SEG:320,R,153750,153750.0,30820.0,122930.0,False,True,,True,2026-08-31T01:46:00.000000Z,2026-08-31T14:44:35.908934Z,2026-08-31T14:44:35.908934Z,Million BTU's (displayed as Dth),70d513ee6296bf050aa4fbc44fc75a1c3f3ad43eab6fcfe520e075b1b86e7b18,https://pipeline2.kindermorgan.com/Capacity/OpAvailPoint.aspx?code=TGP,data/raw/km_tgp_point_receipt_capacity/2026/08/31/70d513ee6296bf050aa4fbc44fc75a1c3f3ad43eab6fcfe520e075b1b86e7b18.xlsx,km_tgp_point_receipt_capacity:1788187475908934000:70d513ee6296bf050aa4fbc44fc75a1c3f3ad43eab6fcfe520e075b1b86e7b18
point,receipt,2026-08-31,2026-08-31T14:00:00.000000Z,2026-08-31T09:00:00,EVENING,412845,320,ETC NEPL/TGP ELK LAKE SUSQUEHANNA,04,TGP:412845,TGP:SEG:320,R,307500,307500.0,60000.0,247500.0,False,True,,True,2026-08-31T01:46:00.000000Z,2026-08-31T14:44:35.908934Z,2026-08-31T14:44:35.908934Z,Million BTU's (displayed as Dth),70d513ee6296bf050aa4fbc44fc75a1c3f3ad43eab6fcfe520e075b1b86e7b18,https://pipeline2.kindermorgan.com/Capacity/OpAvailPoint.aspx?code=TGP,data/raw/km_tgp_point_receipt_capacity/2026/08/31/70d513ee6296bf050aa4fbc44fc75a1c3f3ad43eab6fcfe520e075b1b86e7b18.xlsx,km_tgp_point_receipt_capacity:1788187475908934000:70d513ee6296bf050aa4fbc44fc75a1c3f3ad43eab6fcfe520e075b1b86e7b18
point,receipt,2026-08-31,2026-08-31T14:00:00.000000Z,2026-08-31T09:00:00,EVENING,412854,320,BRDWLK/TGP VALENTINE DEHY: RIP 320P,04,TGP:412854,TGP:SEG:320,R,216275,216275.0,0.0,216275.0,False,True,,True,2026-08-31T01:46:00.000000Z,2026-08-31T14:44:35.908934Z,2026-08-31T14:44:35.908934Z,Million BTU's (displayed as Dth),70d513ee6296bf050aa4fbc44fc75a1c3f3ad43eab6fcfe520e075b1b86e7b18,https://pipeline2.kindermorgan.com/Capacity/OpAvailPoint.aspx?code=TGP,data/raw/km_tgp_point_receipt_capacity/2026/08/31/70d513ee6296bf050aa4fbc44fc75a1c3f3ad43eab6fcfe520e075b1b86e7b18.xlsx,km_tgp_point_receipt_capacity:1788187475908934000:70d513ee6296bf050aa4fbc44fc75a1c3f3ad43eab6fcfe520e075b1b86e7b18
point,receipt,2026-08-31,2026-08-31T14:00:00.000000Z,2026-08-31T09:00:00,EVENING,412855,320,WFS/TGP UDP ZICK DEHY: RIP 320L 101,04,TGP:412855,TGP:SEG:320,R,333000,333000.0,125941.0,207059.0,False,True,,True,2026-08-31T01:46:00.000000Z,2026-08-31T14:44:35.908934Z,2026-08-31T14:44:35.908934Z,Million BTU's (displayed as Dth),70d513ee6296bf050aa4fbc44fc75a1c3f3ad43eab6fcfe520e075b1b86e7b18,https://pipeline2.kindermorgan.com/Capacity/OpAvailPoint.aspx?code=TGP,data/raw/km_tgp_point_receipt_capacity/2026/08/31/70d513ee6296bf050aa4fbc44fc75a1c3f3ad43eab6fcfe520e075b1b86e7b18.xlsx,km_tgp_point_receipt_capacity:1788187475908934000:70d513ee6296bf050aa4fbc44fc75a1c3f3ad43eab6fcfe520e075b1b86e7b18
point,receipt,2026-08-31,2026-08-31T14:00:00.000000Z,2026-08-31T09:00:00,EVENING,412864,320,BLU/TGP LAKE LOOMIS DEHY: RIP 320T,04,TGP:412864,TGP:SEG:320,BD,338250,338250.0,0.0,338250.0,False,True,,True,2026-08-31T01:46:00.000000Z,2026-08-31T14:44:35.908934Z,2026-08-31T14:44:35.908934Z,Million BTU's (displayed as Dth),70d513ee6296bf050aa4fbc44fc75a1c3f3ad43eab6fcfe520e075b1b86e7b18,https://pipeline2.kindermorgan.com/Capacity/OpAvailPoint.aspx?code=TGP,data/raw/km_tgp_point_receipt_capacity/2026/08/31/70d513ee6296bf050aa4fbc44fc75a1c3f3ad43eab6fcfe520e075b1b86e7b18.xlsx,km_tgp_point_receipt_capacity:1788187475908934000:70d513ee6296bf050aa4fbc44fc75a1c3f3ad43eab6fcfe520e075b1b86e7b18
point,receipt,2026-08-31,2026-08-31T14:00:00.000000Z,2026-08-31T09:00:00,EVENING,412866,320,WFS/TGP SHIELDS: RIP 320 1 4.79 SUS,04,TGP:412866,TGP:SEG:320,R,383350,383350.0,13215.0,370135.0,False,True,,True,2026-08-31T01:46:00.000000Z,2026-08-31T14:44:35.908934Z,2026-08-31T14:44:35.908934Z,Million BTU's (displayed as Dth),70d513ee6296bf050aa4fbc44fc75a1c3f3ad43eab6fcfe520e075b1b86e7b18,https://pipeline2.kindermorgan.com/Capacity/OpAvailPoint.aspx?code=TGP,data/raw/km_tgp_point_receipt_capacity/2026/08/31/70d513ee6296bf050aa4fbc44fc75a1c3f3ad43eab6fcfe520e075b1b86e7b18.xlsx,km_tgp_point_receipt_capacity:1788187475908934000:70d513ee6296bf050aa4fbc44fc75a1c3f3ad43eab6fcfe520e075b1b86e7b18
point,receipt,2026-08-31,2026-08-31T14:00:00.000000Z,2026-08-31T09:00:00,EVENING,49832,320,WFS/TGP MACNEW METER STATION SUSQUE,04,TGP:49832,TGP:SEG:320,R,615000,615000.0,0.0,615000.0,False,True,,True,2026-08-31T01:46:00.000000Z,2026-08-31T14:44:35.908934Z,2026-08-31T14:44:35.908934Z,Million BTU's (displayed as Dth),70d513ee6296bf050aa4fbc44fc75a1c3f3ad43eab6fcfe520e075b1b86e7b18,https://pipeline2.kindermorgan.com/Capacity/OpAvailPoint.aspx?code=TGP,data/raw/km_tgp_point_receipt_capacity/2026/08/31/70d513ee6296bf050aa4fbc44fc75a1c3f3ad43eab6fcfe520e075b1b86e7b18.xlsx,km_tgp_point_receipt_capacity:1788187475908934000:70d513ee6296bf050aa4fbc44fc75a1c3f3ad43eab6fcfe520e075b1b86e7b18
point,receipt,2026-08-31,2026-08-31T14:00:00.000000Z,2026-08-31T09:00:00,EVENING,47768,321,WFS/TGP UDP GIBSON SUSQUEHANNA,04,TGP:47768,TGP:SEG:321,R,461250,461250.0,87150.0,374100.0,True,True,,True,2026-08-31T01:46:00.000000Z,2026-08-31T14:44:35.908934Z,2026-08-31T14:44:35.908934Z,Million BTU's (displayed as Dth),70d513ee6296bf050aa4fbc44fc75a1c3f3ad43eab6fcfe520e075b1b86e7b18,https://pipeline2.kindermorgan.com/Capacity/OpAvailPoint.aspx?code=TGP,data/raw/km_tgp_point_receipt_capacity/2026/08/31/70d513ee6296bf050aa4fbc44fc75a1c3f3ad43eab6fcfe520e075b1b86e7b18.xlsx,km_tgp_point_receipt_capacity:1788187475908934000:70d513ee6296bf050aa4fbc44fc75a1c3f3ad43eab6fcfe520e075b1b86e7b18
point,receipt,2026-08-31,2026-08-31T14:00:00.000000Z,2026-08-31T09:00:00,EVENING,420101,324,TRNSCO/TGP RIVERVALE NEW JERSEY BER,05,TGP:420101,TGP:SEG:324,BD,73204,73204.0,0.0,73204.0,False,True,,True,2026-08-31T01:46:00.000000Z,2026-08-31T14:44:35.908934Z,2026-08-31T14:44:35.908934Z,Million BTU's (displayed as Dth),70d513ee6296bf050aa4fbc44fc75a1c3f3ad43eab6fcfe520e075b1b86e7b18,https://pipeline2.kindermorgan.com/Capacity/OpAvailPoint.aspx?code=TGP,data/raw/km_tgp_point_receipt_capacity/2026/08/31/70d513ee6296bf050aa4fbc44fc75a1c3f3ad43eab6fcfe520e075b1b86e7b18.xlsx,km_tgp_point_receipt_capacity:1788187475908934000:70d513ee6296bf050aa4fbc44fc75a1c3f3ad43eab6fcfe520e075b1b86e7b18
point,receipt,2026-08-31,2026-08-31T14:00:00.000000Z,2026-08-31T09:00:00,EVENING,420207,324,AGT/TGP MAHWAH NEW JERSEY BERGEN,05,TGP:420207,TGP:SEG:324,BD,0,0.0,0.0,0.0,True,True,,True,2026-08-31T01:46:00.000000Z,2026-08-31T14:44:35.908934Z,2026-08-31T14:44:35.908934Z,Million BTU's (displayed as Dth),70d513ee6296bf050aa4fbc44fc75a1c3f3ad43eab6fcfe520e075b1b86e7b18,https://pipeline2.kindermorgan.com/Capacity/OpAvailPoint.aspx?code=TGP,data/raw/km_tgp_point_receipt_capacity/2026/08/31/70d513ee6296bf050aa4fbc44fc75a1c3f3ad43eab6fcfe520e075b1b86e7b18.xlsx,km_tgp_point_receipt_capacity:1788187475908934000:70d513ee6296bf050aa4fbc44fc75a1c3f3ad43eab6fcfe520e075b1b86e7b18
point,receipt,2026-08-31,2026-08-31T14:00:00.000000Z,2026-08-31T09:00:00,EVENING,412180,345,IROQUOIS/TGP SHELTON INTERCONNECT F,06,TGP:412180,TGP:SEG:345,R,300000,300000.0,40.0,299960.0,False,True,,True,2026-08-31T01:46:00.000000Z,2026-08-31T14:44:35.908934Z,2026-08-31T14:44:35.908934Z,Million BTU's (displayed as Dth),70d513ee6296bf050aa4fbc44fc75a1c3f3ad43eab6fcfe520e075b1b86e7b18,https://pipeline2.kindermorgan.com/Capacity/OpAvailPoint.aspx?code=TGP,data/raw/km_tgp_point_receipt_capacity/2026/08/31/70d513ee6296bf050aa4fbc44fc75a1c3f3ad43eab6fcfe520e075b1b86e7b18.xlsx,km_tgp_point_receipt_capacity:1788187475908934000:70d513ee6296bf050aa4fbc44fc75a1c3f3ad43eab6fcfe520e075b1b86e7b18
point,receipt,2026-08-31,2026-08-31T14:00:00.000000Z,2026-08-31T09:00:00,EVENING,412833,394,REPSOLOG/TGP SILVARA DEHY: RIP 319F,04,TGP:412833,TGP:SEG:394,R,653950,653950.0,212240.0,441710.0,False,True,,True,2026-08-31T01:46:00.000000Z,2026-08-31T14:44:35.908934Z,2026-08-31T14:44:35.908934Z,Million BTU's (displayed as Dth),70d513ee6296bf050aa4fbc44fc75a1c3f3ad43eab6fcfe520e075b1b86e7b18,https://pipeline2.kindermorgan.com/Capacity/OpAvailPoint.aspx?code=TGP,data/raw/km_tgp_point_receipt_capacity/2026/08/31/70d513ee6296bf050aa4fbc44fc75a1c3f3ad43eab6fcfe520e075b1b86e7b18.xlsx,km_tgp_point_receipt_capacity:1788187475908934000:70d513ee6296bf050aa4fbc44fc75a1c3f3ad43eab6fcfe520e075b1b86e7b18
point,receipt,2026-08-31,2026-08-31T14:00:00.000000Z,2026-08-31T09:00:00,EVENING,412835,394,SEPCO/TGP KATIE DEHY: RIP 319G 101.,04,TGP:412835,TGP:SEG:394,R,41000,41000.0,5000.0,36000.0,False,True,,True,2026-08-31T01:46:00.000000Z,2026-08-31T14:44:35.908934Z,2026-08-31T14:44:35.908934Z,Million BTU's (displayed as Dth),70d513ee6296bf050aa4fbc44fc75a1c3f3ad43eab6fcfe520e075b1b86e7b18,https://pipeline2.kindermorgan.com/Capacity/OpAvailPoint.aspx?code=TGP,data/raw/km_tgp_point_receipt_capacity/2026/08/31/70d513ee6296bf050aa4fbc44fc75a1c3f3ad43eab6fcfe520e075b1b86e7b18.xlsx,km_tgp_point_receipt_capacity:1788187475908934000:70d513ee6296bf050aa4fbc44fc75a1c3f3ad43eab6fcfe520e075b1b86e7b18
point,receipt,2026-08-31,2026-08-31T14:00:00.000000Z,2026-08-31T09:00:00,EVENING,412846,394,APPLACHA/TGP UDP SHOEMAKER DEHY: RI,04,TGP:412846,TGP:SEG:394,R,543250,543250.0,468044.0,75206.0,False,True,,True,2026-08-31T01:46:00.000000Z,2026-08-31T14:44:35.908934Z,2026-08-31T14:44:35.908934Z,Million BTU's (displayed as Dth),70d513ee6296bf050aa4fbc44fc75a1c3f3ad43eab6fcfe520e075b1b86e7b18,https://pipeline2.kindermorgan.com/Capacity/OpAvailPoint.aspx?code=TGP,data/raw/km_tgp_point_receipt_capacity/2026/08/31/70d513ee6296bf050aa4fbc44fc75a1c3f3ad43eab6fcfe520e075b1b86e7b18.xlsx,km_tgp_point_receipt_capacity:1788187475908934000:70d513ee6296bf050aa4fbc44fc75a1c3f3ad43eab6fcfe520e075b1b86e7b18
point,receipt,2026-08-31,2026-08-31T14:00:00.000000Z,2026-08-31T09:00:00,EVENING,50469,394,APPLACHA/TGP RATTLESNAKE HILL SUSQU,04,TGP:50469,TGP:SEG:394,R,820000,820000.0,321648.0,498352.0,False,True,,True,2026-08-31T01:46:00.000000Z,2026-08-31T14:44:35.908934Z,2026-08-31T14:44:35.908934Z,Million BTU's (displayed as Dth),70d513ee6296bf050aa4fbc44fc75a1c3f3ad43eab6fcfe520e075b1b86e7b18,https://pipeline2.kindermorgan.com/Capacity/OpAvailPoint.aspx?code=TGP,data/raw/km_tgp_point_receipt_capacity/2026/08/31/70d513ee6296bf050aa4fbc44fc75a1c3f3ad43eab6fcfe520e075b1b86e7b18.xlsx,km_tgp_point_receipt_capacity:1788187475908934000:70d513ee6296bf050aa4fbc44fc75a1c3f3ad43eab6fcfe520e075b1b86e7b18
point,receipt,2026-08-31,2026-08-31T14:00:00.000000Z,2026-08-31T09:00:00,EVENING,460012,395,EGTS/TGP ELLISBURG INJECTION POTTER,04,TGP:460012,TGP:SEG:395,BD,500000,500000.0,52164.0,447836.0,False,True,,True,2026-08-31T01:46:00.000000Z,2026-08-31T14:44:35.908934Z,2026-08-31T14:44:35.908934Z,Million BTU's (displayed as Dth),70d513ee6296bf050aa4fbc44fc75a1c3f3ad43eab6fcfe520e075b1b86e7b18,https://pipeline2.kindermorgan.com/Capacity/OpAvailPoint.aspx?code=TGP,data/raw/km_tgp_point_receipt_capacity/2026/08/31/70d513ee6296bf050aa4fbc44fc75a1c3f3ad43eab6fcfe520e075b1b86e7b18.xlsx,km_tgp_point_receipt_capacity:1788187475908934000:70d513ee6296bf050aa4fbc44fc75a1c3f3ad43eab6fcfe520e075b1b86e7b18
point,receipt,2026-08-31,2026-08-31T14:00:00.000000Z,2026-08-31T09:00:00,EVENING,420527,397,NFG/TGP ROSE LAKE POTTER,04,TGP:420527,TGP:SEG:397,BD,379250,379250.0,0.0,379250.0,True,True,,True,2026-08-31T01:46:00.000000Z,2026-08-31T14:44:35.908934Z,2026-08-31T14:44:35.908934Z,Million BTU's (displayed as Dth),70d513ee6296bf050aa4fbc44fc75a1c3f3ad43eab6fcfe520e075b1b86e7b18,https://pipeline2.kindermorgan.com/Capacity/OpAvailPoint.aspx?code=TGP,data/raw/km_tgp_point_receipt_capacity/2026/08/31/70d513ee6296bf050aa4fbc44fc75a1c3f3ad43eab6fcfe520e075b1b86e7b18.xlsx,km_tgp_point_receipt_capacity:1788187475908934000:70d513ee6296bf050aa4fbc44fc75a1c3f3ad43eab6fcfe520e075b1b86e7b18
point,receipt,2026-08-31,2026-08-31T14:00:00.000000Z,2026-08-31T09:00:00,EVENING,470001,398,HEBRON STORAGE WITHDRAWAL POTTER,04,TGP:470001,TGP:SEG:398,R,331807,331807.0,0.0,331807.0,False,True,,True,2026-08-31T01:46:00.000000Z,2026-08-31T14:44:35.908934Z,2026-08-31T14:44:35.908934Z,Million BTU's (displayed as Dth),70d513ee6296bf050aa4fbc44fc75a1c3f3ad43eab6fcfe520e075b1b86e7b18,https://pipeline2.kindermorgan.com/Capacity/OpAvailPoint.aspx?code=TGP,data/raw/km_tgp_point_receipt_capacity/2026/08/31/70d513ee6296bf050aa4fbc44fc75a1c3f3ad43eab6fcfe520e075b1b86e7b18.xlsx,km_tgp_point_receipt_capacity:1788187475908934000:70d513ee6296bf050aa4fbc44fc75a1c3f3ad43eab6fcfe520e075b1b86e7b18
point,receipt,2026-08-31,2026-08-31T14:00:00.000000Z,2026-08-31T09:00:00,EVENING,460004,399,EGTS/TGP HARRISON INJECTION POTTER,04,TGP:460004,TGP:SEG:399,BD,299740,299740.0,12500.0,287240.0,False,True,,True,2026-08-31T01:46:00.000000Z,2026-08-31T14:44:35.908934Z,2026-08-31T14:44:35.908934Z,Million BTU's (displayed as Dth),70d513ee6296bf050aa4fbc44fc75a1c3f3ad43eab6fcfe520e075b1b86e7b18,https://pipeline2.kindermorgan.com/Capacity/OpAvailPoint.aspx?code=TGP,data/raw/km_tgp_point_receipt_capacity/2026/08/31/70d513ee6296bf050aa4fbc44fc75a1c3f3ad43eab6fcfe520e075b1b86e7b18.xlsx,km_tgp_point_receipt_capacity:1788187475908934000:70d513ee6296bf050aa4fbc44fc75a1c3f3ad43eab6fcfe520e075b1b86e7b18
point,receipt,2026-08-31,2026-08-31T14:00:00.000000Z,2026-08-31T09:00:00,EVENING,410539,406,GCENGY/TGP UDP LYLE WILSON DEHY JIM,00,TGP:410539,TGP:SEG:406,R,17108,17108.0,0.0,17108.0,False,True,,True,2026-08-31T01:46:00.000000Z,2026-08-31T14:44:35.908934Z,2026-08-31T14:44:35.908934Z,Million BTU's (displayed as Dth),70d513ee6296bf050aa4fbc44fc75a1c3f3ad43eab6fcfe520e075b1b86e7b18,https://pipeline2.kindermorgan.com/Capacity/OpAvailPoint.aspx?code=TGP,data/raw/km_tgp_point_receipt_capacity/2026/08/31/70d513ee6296bf050aa4fbc44fc75a1c3f3ad43eab6fcfe520e075b1b86e7b18.xlsx,km_tgp_point_receipt_capacity:1788187475908934000:70d513ee6296bf050aa4fbc44fc75a1c3f3ad43eab6fcfe520e075b1b86e7b18
point,receipt,2026-08-31,2026-08-31T14:00:00.000000Z,2026-08-31T09:00:00,EVENING,412356,406,DCP OPER/TGP TIJERINA DEHY JIM WELL,00,TGP:412356,TGP:SEG:406,R,139279,139279.0,0.0,139279.0,False,True,,True,2026-08-31T01:46:00.000000Z,2026-08-31T14:44:35.908934Z,2026-08-31T14:44:35.908934Z,Million BTU's (displayed as Dth),70d513ee6296bf050aa4fbc44fc75a1c3f3ad43eab6fcfe520e075b1b86e7b18,https://pipeline2.kindermorgan.com/Capacity/OpAvailPoint.aspx?code=TGP,data/raw/km_tgp_point_receipt_capacity/2026/08/31/70d513ee6296bf050aa4fbc44fc75a1c3f3ad43eab6fcfe520e075b1b86e7b18.xlsx,km_tgp_point_receipt_capacity:1788187475908934000:70d513ee6296bf050aa4fbc44fc75a1c3f3ad43eab6fcfe520e075b1b86e7b18
point,receipt,2026-08-31,2026-08-31T14:00:00.000000Z,2026-08-31T09:00:00,EVENING,412400,406,LOBO/TGP KING RANCH JIM WELLS,00,TGP:412400,TGP:SEG:406,R,266000,230000.0,189705.0,40295.0,True,True,,True,2026-08-31T01:46:00.000000Z,2026-08-31T14:44:35.908934Z,2026-08-31T14:44:35.908934Z,Million BTU's (displayed as Dth),70d513ee6296bf050aa4fbc44fc75a1c3f3ad43eab6fcfe520e075b1b86e7b18,https://pipeline2.kindermorgan.com/Capacity/OpAvailPoint.aspx?code=TGP,data/raw/km_tgp_point_receipt_capacity/2026/08/31/70d513ee6296bf050aa4fbc44fc75a1c3f3ad43eab6fcfe520e075b1b86e7b18.xlsx,km_tgp_point_receipt_capacity:1788187475908934000:70d513ee6296bf050aa4fbc44fc75a1c3f3ad43eab6fcfe520e075b1b86e7b18
point,receipt,2026-08-31,2026-08-31T14:00:00.000000Z,2026-08-31T09:00:00,EVENING,412494,406,DCP OPER/TGP WARDER COASTAL PLANT D,00,TGP:412494,TGP:SEG:406,R,154330,154330.0,0.0,154330.0,False,True,,True,2026-08-31T01:46:00.000000Z,2026-08-31T14:44:35.908934Z,2026-08-31T14:44:35.908934Z,Million BTU's (displayed as Dth),70d513ee6296bf050aa4fbc44fc75a1c3f3ad43eab6fcfe520e075b1b86e7b18,https://pipeline2.kindermorgan.com/Capacity/OpAvailPoint.aspx?code=TGP,data/raw/km_tgp_point_receipt_capacity/2026/08/31/70d513ee6296bf050aa4fbc44fc75a1c3f3ad43eab6fcfe520e075b1b86e7b18.xlsx,km_tgp_point_receipt_capacity:1788187475908934000:70d513ee6296bf050aa4fbc44fc75a1c3f3ad43eab6fcfe520e075b1b86e7b18
point,receipt,2026-08-31,2026-08-31T14:00:00.000000Z,2026-08-31T09:00:00,EVENING,412733,406,LOGAS/TGP MYRICK BROOKS,00,TGP:412733,TGP:SEG:406,R,4449,4449.0,1.0,4448.0,False,True,,True,2026-08-31T01:46:00.000000Z,2026-08-31T14:44:35.908934Z,2026-08-31T14:44:35.908934Z,Million BTU's (displayed as Dth),70d513ee6296bf050aa4fbc44fc75a1c3f3ad43eab6fcfe520e075b1b86e7b18,https://pipeline2.kindermorgan.com/Capacity/OpAvailPoint.aspx?code=TGP,data/raw/km_tgp_point_receipt_capacity/2026/08/31/70d513ee6296bf050aa4fbc44fc75a1c3f3ad43eab6fcfe520e075b1b86e7b18.xlsx,km_tgp_point_receipt_capacity:1788187475908934000:70d513ee6296bf050aa4fbc44fc75a1c3f3ad43eab6fcfe520e075b1b86e7b18
point,receipt,2026-08-31,2026-08-31T14:00:00.000000Z,2026-08-31T09:00:00,EVENING,55152,406,TGP/KMTEJAS KING RANCH EXCH #2 ROLL,00,TGP:55152,TGP:SEG:406,BD,169125,169125.0,0.0,169125.0,False,True,,True,2026-08-31T01:46:00.000000Z,2026-08-31T14:44:35.908934Z,2026-08-31T14:44:35.908934Z,Million BTU's (displayed as Dth),70d513ee6296bf050aa4fbc44fc75a1c3f3ad43eab6fcfe520e075b1b86e7b18,https://pipeline2.kindermorgan.com/Capacity/OpAvailPoint.aspx?code=TGP,data/raw/km_tgp_point_receipt_capacity/2026/08/31/70d513ee6296bf050aa4fbc44fc75a1c3f3ad43eab6fcfe520e075b1b86e7b18.xlsx,km_tgp_point_receipt_capacity:1788187475908934000:70d513ee6296bf050aa4fbc44fc75a1c3f3ad43eab6fcfe520e075b1b86e7b18
point,receipt,2026-08-31,2026-08-31T14:00:00.000000Z,2026-08-31T09:00:00,EVENING,410173,409,ETP/TGP SUN PLANT DEHYDRATION STARR,00,TGP:410173,TGP:SEG:409,R,136332,136332.0,0.0,136332.0,False,True,,True,2026-08-31T01:46:00.000000Z,2026-08-31T14:44:35.908934Z,2026-08-31T14:44:35.908934Z,Million BTU's (displayed as Dth),70d513ee6296bf050aa4fbc44fc75a1c3f3ad43eab6fcfe520e075b1b86e7b18,https://pipeline2.kindermorgan.com/Capacity/OpAvailPoint.aspx?code=TGP,data/raw/km_tgp_point_receipt_capacity/2026/08/31/70d513ee6296bf050aa4fbc44fc75a1c3f3ad43eab6fcfe520e075b1b86e7b18.xlsx,km_tgp_point_receipt_capacity:1788187475908934000:70d513ee6296bf050aa4fbc44fc75a1c3f3ad43eab6fcfe520e075b1b86e7b18
point,receipt,2026-08-31,2026-08-31T14:00:00.000000Z,2026-08-31T09:00:00,EVENING,410633,409,GCENGY/TGP EL EBANITO DEHY STARR,00,TGP:410633,TGP:SEG:409,R,6067,6067.0,30.0,6037.0,False,True,,True,2026-08-31T01:46:00.000000Z,2026-08-31T14:44:35.908934Z,2026-08-31T14:44:35.908934Z,Million BTU's (displayed as Dth),70d513ee6296bf050aa4fbc44fc75a1c3f3ad43eab6fcfe520e075b1b86e7b18,https://pipeline2.kindermorgan.com/Capacity/OpAvailPoint.aspx?code=TGP,data/raw/km_tgp_point_receipt_capacity/2026/08/31/70d513ee6296bf050aa4fbc44fc75a1c3f3ad43eab6fcfe520e075b1b86e7b18.xlsx,km_tgp_point_receipt_capacity:1788187475908934000:70d513ee6296bf050aa4fbc44fc75a1c3f3ad43eab6fcfe520e075b1b86e7b18
point,receipt,2026-08-31,2026-08-31T14:00:00.000000Z,2026-08-31T09:00:00,EVENING,410729,409,KMTEJAS/TGP ZIM DEHYDRATION STARR,00,TGP:410729,TGP:SEG:409,R,61500,50000.0,0.0,50000.0,False,True,,True,2026-08-31T01:46:00.000000Z,2026-08-31T14:44:35.908934Z,2026-08-31T14:44:35.908934Z,Million BTU's (displayed as Dth),70d513ee6296bf050aa4fbc44fc75a1c3f3ad43eab6fcfe520e075b1b86e7b18,https://pipeline2.kindermorgan.com/Capacity/OpAvailPoint.aspx?code=TGP,data/raw/km_tgp_point_receipt_capacity/2026/08/31/70d513ee6296bf050aa4fbc44fc75a1c3f3ad43eab6fcfe520e075b1b86e7b18.xlsx,km_tgp_point_receipt_capacity:1788187475908934000:70d513ee6296bf050aa4fbc44fc75a1c3f3ad43eab6fcfe520e075b1b86e7b18
point,receipt,2026-08-31,2026-08-31T14:00:00.000000Z,2026-08-31T09:00:00,EVENING,411903,409,ETP/TGP SANTELLANA DEHY 3 HIDALGO,00,TGP:411903,TGP:SEG:409,R,46898,46898.0,0.0,46898.0,False,True,,True,2026-08-31T01:46:00.000000Z,2026-08-31T14:44:35.908934Z,2026-08-31T14:44:35.908934Z,Million BTU's (displayed as Dth),70d513ee6296bf050aa4fbc44fc75a1c3f3ad43eab6fcfe520e075b1b86e7b18,https://pipeline2.kindermorgan.com/Capacity/OpAvailPoint.aspx?code=TGP,data/raw/km_tgp_point_receipt_capacity/2026/08/31/70d513ee6296bf050aa4fbc44fc75a1c3f3ad43eab6fcfe520e075b1b86e7b18.xlsx,km_tgp_point_receipt_capacity:1788187475908934000:70d513ee6296bf050aa4fbc44fc75a1c3f3ad43eab6fcfe520e075b1b86e7b18
point,receipt,2026-08-31,2026-08-31T14:00:00.000000Z,2026-08-31T09:00:00,EVENING,412088,409,ETP/TGP MONTE CHRISTO EXCH HIDALGO,00,TGP:412088,TGP:SEG:409,R,100097,100097.0,0.0,100097.0,False,True,,True,2026-08-31T01:46:00.000000Z,2026-08-31T14:44:35.908934Z,2026-08-31T14:44:35.908934Z,Million BTU's (displayed as Dth),70d513ee6296bf050aa4fbc44fc75a1c3f3ad43eab6fcfe520e075b1b86e7b18,https://pipeline2.kindermorgan.com/Capacity/OpAvailPoint.aspx?code=TGP,data/raw/km_tgp_point_receipt_capacity/2026/08/31/70d513ee6296bf050aa4fbc44fc75a1c3f3ad43eab6fcfe520e075b1b86e7b18.xlsx,km_tgp_point_receipt_capacity:1788187475908934000:70d513ee6296bf050aa4fbc44fc75a1c3f3ad43eab6fcfe520e075b1b86e7b18
point,receipt,2026-08-31,2026-08-31T14:00:00.000000Z,2026-08-31T09:00:00,EVENING,412683,409,HESCO CO/TGP RAYMONDVILLE HIDALGO,00,TGP:412683,TGP:SEG:409,R,60760,60760.0,0.0,60760.0,False,True,,True,2026-08-31T01:46:00.000000Z,2026-08-31T14:44:35.908934Z,2026-08-31T14:44:35.908934Z,Million BTU's (displayed as Dth),70d513ee6296bf050aa4fbc44fc75a1c3f3ad43eab6fcfe520e075b1b86e7b18,https://pipeline2.kindermorgan.com/Capacity/OpAvailPoint.aspx?code=TGP,data/raw/km_tgp_point_receipt_capacity/2026/08/31/70d513ee6296bf050aa4fbc44fc75a1c3f3ad43eab6fcfe520e075b1b86e7b18.xlsx,km_tgp_point_receipt_capacity:1788187475908934000:70d513ee6296bf050aa4fbc44fc75a1c3f3ad43eab6fcfe520e075b1b86e7b18
point,receipt,2026-08-31,2026-08-31T14:00:00.000000Z,2026-08-31T09:00:00,EVENING,412458,410,ETP/TGP GILMORE PLANT RESIDUE HIDAL,00,TGP:412458,TGP:SEG:410,R,255000,255000.0,74929.0,180071.0,False,True,,True,2026-08-31T01:46:00.000000Z,2026-08-31T14:44:35.908934Z,2026-08-31T14:44:35.908934Z,Million BTU's (displayed as Dth),70d513ee6296bf050aa4fbc44fc75a1c3f3ad43eab6fcfe520e075b1b86e7b18,https://pipeline2.kindermorgan.com/Capacity/OpAvailPoint.aspx?code=TGP,data/raw/km_tgp_point_receipt_capacity/2026/08/31/70d513ee6296bf050aa4fbc44fc75a1c3f3ad43eab6fcfe520e075b1b86e7b18.xlsx,km_tgp_point_receipt_capacity:1788187475908934000:70d513ee6296bf050aa4fbc44fc75a1c3f3ad43eab6fcfe520e075b1b86e7b18
point,receipt,2026-08-31,2026-08-31T14:00:00.000000Z,2026-08-31T09:00:00,EVENING,410065,490,WAGNER/TGP UDP DONNA DEHY HIDALGO,00,TGP:410065,TGP:SEG:490,R,37262,37262.0,300.0,36962.0,False,True,,True,2026-08-31T01:46:00.000000Z,2026-08-31T14:44:35.908934Z,2026-08-31T14:44:35.908934Z,Million BTU's (displayed as Dth),70d513ee6296bf050aa4fbc44fc75a1c3f3ad43eab6fcfe520e075b1b86e7b18,https://pipeline2.kindermorgan.com/Capacity/OpAvailPoint.aspx?code=TGP,data/raw/km_tgp_point_receipt_capacity/2026/08/31/70d513ee6296bf050aa4fbc44fc75a1c3f3ad43eab6fcfe520e075b1b86e7b18.xlsx,km_tgp_point_receipt_capacity:1788187475908934000:70d513ee6296bf050aa4fbc44fc75a1c3f3ad43eab6fcfe520e075b1b86e7b18
point,receipt,2026-08-31,2026-08-31T14:00:00.000000Z,2026-08-31T09:00:00,EVENING,410551,490,INTRCONN/TGP UDP NORTH WESLACO DEHY,00,TGP:410551,TGP:SEG:490,R,91362,91362.0,0.0,91362.0,False,True,,True,2026-08-31T01:46:00.000000Z,2026-08-31T14:44:35.908934Z,2026-08-31T14:44:35.908934Z,Million BTU's (displayed as Dth),70d513ee6296bf050aa4fbc44fc75a1c3f3ad43eab6fcfe520e075b1b86e7b18,https://pipeline2.kindermorgan.com/Capacity/OpAvailPoint.aspx?code=TGP,data/raw/km_tgp_point_receipt_capacity/2026/08/31/70d513ee6296bf050aa4fbc44fc75a1c3f3ad43eab6fcfe520e075b1b86e7b18.xlsx,km_tgp_point_receipt_capacity:1788187475908934000:70d513ee6296bf050aa4fbc44fc75a1c3f3ad43eab6fcfe520e075b1b86e7b18
point,receipt,2026-08-31,2026-08-31T14:00:00.000000Z,2026-08-31T09:00:00,EVENING,411096,490,CODY/TGP UDP SAN SALVADOR DEHY HIDA,00,TGP:411096,TGP:SEG:490,R,14932,14932.0,0.0,14932.0,False,True,,True,2026-08-31T01:46:00.000000Z,2026-08-31T14:44:35.908934Z,2026-08-31T14:44:35.908934Z,Million BTU's (displayed as Dth),70d513ee6296bf050aa4fbc44fc75a1c3f3ad43eab6fcfe520e075b1b86e7b18,https://pipeline2.kindermorgan.com/Capacity/OpAvailPoint.aspx?code=TGP,data/raw/km_tgp_point_receipt_capacity/2026/08/31/70d513ee6296bf050aa4fbc44fc75a1c3f3ad43eab6fcfe520e075b1b86e7b18.xlsx,km_tgp_point_receipt_capacity:1788187475908934000:70d513ee6296bf050aa4fbc44fc75a1c3f3ad43eab6fcfe520e075b1b86e7b18
point,receipt,2026-08-31,2026-08-31T14:00:00.000000Z,2026-08-31T09:00:00,EVENING,412659,491,DEWBRE/TGP CIMMARRON HIDALGO,00,TGP:412659,TGP:SEG:491,R,11552,11552.0,1000.0,10552.0,False,True,,True,2026-08-31T01:46:00.000000Z,2026-08-31T14:44:35.908934Z,2026-08-31T14:44:35.908934Z,Million BTU's (displayed as Dth),70d513ee6296bf050aa4fbc44fc75a1c3f3ad43eab6fcfe520e075b1b86e7b18,https://pipeline2.kindermorgan.com/Capacity/OpAvailPoint.aspx?code=TGP,data/raw/km_tgp_point_receipt_capacity/2026/08/31/70d513ee6296bf050aa4fbc44fc75a1c3f3ad43eab6fcfe520e075b1b86e7b18.xlsx,km_tgp_point_receipt_capacity:1788187475908934000:70d513ee6296bf050aa4fbc44fc75a1c3f3ad43eab6fcfe520e075b1b86e7b18
point,receipt,2026-08-31,2026-08-31T14:00:00.000000Z,2026-08-31T09:00:00,EVENING,450262,492,CENAGAS/TGP REC NORTH HIDALGO,00,TGP:450262,TGP:SEG:492,R,479700,479700.0,0.0,479700.0,False,True,,True,2026-08-31T01:46:00.000000Z,2026-08-31T14:44:35.908934Z,2026-08-31T14:44:35.908934Z,Million BTU's (displayed as Dth),70d513ee6296bf050aa4fbc44fc75a1c3f3ad43eab6fcfe520e075b1b86e7b18,https://pipeline2.kindermorgan.com/Capacity/OpAvailPoint.aspx?code=TGP,data/raw/km_tgp_point_receipt_capacity/2026/08/31/70d513ee6296bf050aa4fbc44fc75a1c3f3ad43eab6fcfe520e075b1b86e7b18.xlsx,km_tgp_point_receipt_capacity:1788187475908934000:70d513ee6296bf050aa4fbc44fc75a1c3f3ad43eab6fcfe520e075b1b86e7b18
point,receipt,2026-08-31,2026-08-31T14:00:00.000000Z,2026-08-31T09:00:00,EVENING,412752,501,WILL DRI/TGP MARCANTEL FARMS: RIP 5,L,TGP:412752,TGP:SEG:501,R,4762,4762.0,0.0,4762.0,False,True,,True,2026-08-31T01:46:00.000000Z,2026-08-31T14:44:35.908934Z,2026-08-31T14:44:35.908934Z,Million BTU's (displayed as Dth),70d513ee6296bf050aa4fbc44fc75a1c3f3ad43eab6fcfe520e075b1b86e7b18,https://pipeline2.kindermorgan.com/Capacity/OpAvailPoint.aspx?code=TGP,data/raw/km_tgp_point_receipt_capacity/2026/08/31/70d513ee6296bf050aa4fbc44fc75a1c3f3ad43eab6fcfe520e075b1b86e7b18.xlsx,km_tgp_point_receipt_capacity:1788187475908934000:70d513ee6296bf050aa4fbc44fc75a1c3f3ad43eab6fcfe520e075b1b86e7b18
point,receipt,2026-08-31,2026-08-31T14:00:00.000000Z,2026-08-31T09:00:00,EVENING,55543,501,ENER FS/TGP BOSS HOWARD RECEIPT ALL,L,TGP:55543,TGP:SEG:501,R,9225,9225.0,1.0,9224.0,False,True,,True,2026-08-31T01:46:00.000000Z,2026-08-31T14:44:35.908934Z,2026-08-31T14:44:35.908934Z,Million BTU's (displayed as Dth),70d513ee6296bf050aa4fbc44fc75a1c3f3ad43eab6fcfe520e075b1b86e7b18,https://pipeline2.kindermorgan.com/Capacity/OpAvailPoint.aspx?code=TGP,data/raw/km_tgp_point_receipt_capacity/2026/08/31/70d513ee6296bf050aa4fbc44fc75a1c3f3ad43eab6fcfe520e075b1b86e7b18.xlsx,km_tgp_point_receipt_capacity:1788187475908934000:70d513ee6296bf050aa4fbc44fc75a1c3f3ad43eab6fcfe520e075b1b86e7b18
point,receipt,2026-08-31,2026-08-31T14:00:00.000000Z,2026-08-31T09:00:00,EVENING,420822,509,EGAN HUB/TGP EGAN GAS STORAGE ACADI,L,TGP:420822,TGP:SEG:509,BD,589151,400000.0,6415.0,393585.0,False,True,,True,2026-08-31T01:46:00.000000Z,2026-08-31T14:44:35.908934Z,2026-08-31T14:44:35.908934Z,Million BTU's (displayed as Dth),70d513ee6296bf050aa4fbc44fc75a1c3f3ad43eab6fcfe520e075b1b86e7b18,https://pipeline2.kindermorgan.com/Capacity/OpAvailPoint.aspx?code=TGP,data/raw/km_tgp_point_receipt_capacity/2026/08/31/70d513ee6296bf050aa4fbc44fc75a1c3f3ad43eab6fcfe520e075b1b86e7b18.xlsx,km_tgp_point_receipt_capacity:1788187475908934000:70d513ee6296bf050aa4fbc44fc75a1c3f3ad43eab6fcfe520e075b1b86e7b18
point,receipt,2026-08-31,2026-08-31T14:00:00.000000Z,2026-08-31T09:00:00,EVENING,410907,515,TRUNKLNE/TGP CENTERVILLE DEHY TRANS,L,TGP:410907,TGP:SEG:515,R,434545,434545.0,0.0,434545.0,False,True,,True,2026-08-31T01:46:00.000000Z,2026-08-31T14:44:35.908934Z,2026-08-31T14:44:35.908934Z,Million BTU's (displayed as Dth),70d513ee6296bf050aa4fbc44fc75a1c3f3ad43eab6fcfe520e075b1b86e7b18,https://pipeline2.kindermorgan.com/Capacity/OpAvailPoint.aspx?code=TGP,data/raw/km_tgp_point_receipt_capacity/2026/08/31/70d513ee6296bf050aa4fbc44fc75a1c3f3ad43eab6fcfe520e075b1b86e7b18.xlsx,km_tgp_point_receipt_capacity:1788187475908934000:70d513ee6296bf050aa4fbc44fc75a1c3f3ad43eab6fcfe520e075b1b86e7b18
point,receipt,2026-08-31,2026-08-31T14:00:00.000000Z,2026-08-31T09:00:00,EVENING,411747,515,CONTLRES/TGP UDP SOUTH WEST JEFFERS,L,,TGP:SEG:515,R,10955,10955.0,0.0,10955.0,False,True,,True,2026-08-31T01:46:00.000000Z,2026-08-31T14:44:35.908934Z,2026-08-31T14:44:35.908934Z,Million BTU's (displayed as Dth),70d513ee6296bf050aa4fbc44fc75a1c3f3ad43eab6fcfe520e075b1b86e7b18,https://pipeline2.kindermorgan.com/Capacity/OpAvailPoint.aspx?code=TGP,data/raw/km_tgp_point_receipt_capacity/2026/08/31/70d513ee6296bf050aa4fbc44fc75a1c3f3ad43eab6fcfe520e075b1b86e7b18.xlsx,km_tgp_point_receipt_capacity:1788187475908934000:70d513ee6296bf050aa4fbc44fc75a1c3f3ad43eab6fcfe520e075b1b86e7b18
point,receipt,2026-08-31,2026-08-31T14:00:00.000000Z,2026-08-31T09:00:00,EVENING,412398,515,JEFFSTOR/TGP JEFFERSON ISLAND IBERI,L,TGP:412398,TGP:SEG:515,BD,328430,328430.0,0.0,328430.0,False,True,,True,2026-08-31T01:46:00.000000Z,2026-08-31T14:44:35.908934Z,2026-08-31T14:44:35.908934Z,Million BTU's (displayed as Dth),70d513ee6296bf050aa4fbc44fc75a1c3f3ad43eab6fcfe520e075b1b86e7b18,https://pipeline2.kindermorgan.com/Capacity/OpAvailPoint.aspx?code=TGP,data/raw/km_tgp_point_receipt_capacity/2026/08/31/70d513ee6296bf050aa4fbc44fc75a1c3f3ad43eab6fcfe520e075b1b86e7b18.xlsx,km_tgp_point_receipt_capacity:1788187475908934000:70d513ee6296bf050aa4fbc44fc75a1c3f3ad43eab6fcfe520e075b1b86e7b18
point,receipt,2026-08-31,2026-08-31T14:00:00.000000Z,2026-08-31T09:00:00,EVENING,412594,515,NAUTILUS/TGP GARDEN CITY ST MARY,L,TGP:412594,TGP:SEG:515,R,315708,315708.0,68.0,315640.0,False,True,,True,2026-08-31T01:46:00.000000Z,2026-08-31T14:44:35.908934Z,2026-08-31T14:44:35.908934Z,Million BTU's (displayed as Dth),70d513ee6296bf050aa4fbc44fc75a1c3f3ad43eab6fcfe520e075b1b86e7b18,https://pipeline2.kindermorgan.com/Capacity/OpAvailPoint.aspx?code=TGP,data/raw/km_tgp_point_receipt_capacity/2026/08/31/70d513ee6296bf050aa4fbc44fc75a1c3f3ad43eab6fcfe520e075b1b86e7b18.xlsx,km_tgp_point_receipt_capacity:1788187475908934000:70d513ee6296bf050aa4fbc44fc75a1c3f3ad43eab6fcfe520e075b1b86e7b18
point,receipt,2026-08-31,2026-08-31T14:00:00.000000Z,2026-08-31T09:00:00,EVENING,450105,515,AMMID SC/TGP QUIVIRA ST MARY,L,TGP:450105,TGP:SEG:515,R,134676,134676.0,0.0,134676.0,False,True,,True,2026-08-31T01:46:00.000000Z,2026-08-31T14:44:35.908934Z,2026-08-31T14:44:35.908934Z,Million BTU's (displayed as Dth),70d513ee6296bf050aa4fbc44fc75a1c3f3ad43eab6fcfe520e075b1b86e7b18,https://pipeline2.kindermorgan.com/Capacity/OpAvailPoint.aspx?code=TGP,data/raw/km_tgp_point_receipt_capacity/2026/08/31/70d513ee6296bf050aa4fbc44fc75a1c3f3ad43eab6fcfe520e075b1b86e7b18.xlsx,km_tgp_point_receipt_capacity:1788187475908934000:70d513ee6296bf050aa4fbc44fc75a1c3f3ad43eab6fcfe520e075b1b86e7b18
point,receipt,2026-08-31,2026-08-31T14:00:00.000000Z,2026-08-31T09:00:00,EVENING,410408,516,HEC/TGP UDP FOUR ISLE BAY DEHY TERR,L,TGP:410408,TGP:SEG:516,R,47898,47898.0,0.0,47898.0,False,True,,True,2026-08-31T01:46:00.000000Z,2026-08-31T14:44:35.908934Z,2026-08-31T14:44:35.908934Z,Million BTU's (displayed as Dth),70d513ee6296bf050aa4fbc44fc75a1c3f3ad43eab6fcfe520e075b1b86e7b18,https://pipeline2.kindermorgan.com/Capacity/OpAvailPoint.aspx?code=TGP,data/raw/km_tgp_point_receipt_capacity/2026/08/31/70d513ee6296bf050aa4fbc44fc75a1c3f3ad43eab6fcfe520e075b1b86e7b18.xlsx,km_tgp_point_receipt_capacity:1788187475908934000:70d513ee6296bf050aa4fbc44fc75a1c3f3ad43eab6fcfe520e075b1b86e7b18
point,receipt,2026-08-31,2026-08-31T14:00:00.000000Z,2026-08-31T09:00:00,EVENING,412233,516,WHTOKOG/TGP UDP BAYOU PENCHANT DEHY,L,TGP:412233,TGP:SEG:516,R,8896,8896.0,0.0,8896.0,False,True,,True,2026-08-31T01:46:00.000000Z,2026-08-31T14:44:35.908934Z,2026-08-31T14:44:35.908934Z,Million BTU's (displayed as Dth),70d513ee6296bf050aa4fbc44fc75a1c3f3ad43eab6fcfe520e075b1b86e7b18,https://pipeline2.kindermorgan.com/Capacity/OpAvailPoint.aspx?code=TGP,data/raw/km_tgp_point_receipt_capacity/2026/08/31/70d513ee6296bf050aa4fbc44fc75a1c3f3ad43eab6fcfe520e075b1b86e7b18.xlsx,km_tgp_point_receipt_capacity:1788187475908934000:70d513ee6296bf050aa4fbc44fc75a1c3f3ad43eab6fcfe520e075b1b86e7b18
point,receipt,2026-08-31,2026-08-31T14:00:00.000000Z,2026-08-31T09:00:00,EVENING,412684,516,ANR/TGP SHADYSIDE ST MARY,L,TGP:412684,TGP:SEG:516,BD,331072,254107.0,9523.0,244584.0,False,True,,True,2026-08-31T01:46:00.000000Z,2026-08-31T14:44:35.908934Z,2026-08-31T14:44:35.908934Z,Million BTU's (displayed as Dth),70d513ee6296bf050aa4fbc44fc75a1c3f3ad43eab6fcfe520e075b1b86e7b18,https://pipeline2.kindermorgan.com/Capacity/OpAvailPoint.aspx?code=TGP,data/raw/km_tgp_point_receipt_capacity/2026/08/31/70d513ee6296bf050aa4fbc44fc75a1c3f3ad43eab6fcfe520e075b1b86e7b18.xlsx,km_tgp_point_receipt_capacity:1788187475908934000:70d513ee6296bf050aa4fbc44fc75a1c3f3ad43eab6fcfe520e075b1b86e7b18
point,receipt,2026-08-31,2026-08-31T14:00:00.000000Z,2026-08-31T09:00:00,EVENING,412705,516,MTBB/TGP MARTIN WELL 1 ST MARY,L,TGP:412705,TGP:SEG:516,R,4050,4050.0,0.0,4050.0,False,True,,True,2026-08-31T01:46:00.000000Z,2026-08-31T14:44:35.908934Z,2026-08-31T14:44:35.908934Z,Million BTU's (displayed as Dth),70d513ee6296bf050aa4fbc44fc75a1c3f3ad43eab6fcfe520e075b1b86e7b18,https://pipeline2.kindermorgan.com/Capacity/OpAvailPoint.aspx?code=TGP,data/raw/km_tgp_point_receipt_capacity/2026/08/31/70d513ee6296bf050aa4fbc44fc75a1c3f3ad43eab6fcfe520e075b1b86e7b18.xlsx,km_tgp_point_receipt_capacity:1788187475908934000:70d513ee6296bf050aa4fbc44fc75a1c3f3ad43eab6fcfe520e075b1b86e7b18
point,receipt,2026-08-31,2026-08-31T14:00:00.000000Z,2026-08-31T09:00:00,EVENING,411145,524,OGS/TGP BAY BATISTE TRANSPORT PLAQU,L,TGP:411145,TGP:SEG:524,R,15667,15667.0,0.0,15667.0,False,True,,True,2026-08-31T01:46:00.000000Z,2026-08-31T14:44:35.908934Z,2026-08-31T14:44:35.908934Z,Million BTU's (displayed as Dth),70d513ee6296bf050aa4fbc44fc75a1c3f3ad43eab6fcfe520e075b1b86e7b18,https://pipeline2.kindermorgan.com/Capacity/OpAvailPoint.aspx?code=TGP,data/raw/km_tgp_point_receipt_capacity/2026/08/31/70d513ee6296bf050aa4fbc44fc75a1c3f3ad43eab6fcfe520e075b1b86e7b18.xlsx,km_tgp_point_receipt_capacity:1788187475908934000:70d513ee6296bf050aa4fbc44fc75a1c3f3ad43eab6fcfe520e075b1b86e7b18
point,receipt,2026-08-31,2026-08-31T14:00:00.000000Z,2026-08-31T09:00:00,EVENING,412658,524,EXTEX/TGP FLEUR PLAQUEMINES,L,TGP:412658,TGP:SEG:524,R,14965,20036.0,1.0,20035.0,False,True,,True,2026-08-31T01:46:00.000000Z,2026-08-31T14:44:35.908934Z,2026-08-31T14:44:35.908934Z,Million BTU's (displayed as Dth),70d513ee6296bf050aa4fbc44fc75a1c3f3ad43eab6fcfe520e075b1b86e7b18,https://pipeline2.kindermorgan.com/Capacity/OpAvailPoint.aspx?code=TGP,data/raw/km_tgp_point_receipt_capacity/2026/08/31/70d513ee6296bf050aa4fbc44fc75a1c3f3ad43eab6fcfe520e075b1b86e7b18.xlsx,km_tgp_point_receipt_capacity:1788187475908934000:70d513ee6296bf050aa4fbc44fc75a1c3f3ad43eab6fcfe520e075b1b86e7b18
point,receipt,2026-08-31,2026-08-31T14:00:00.000000Z,2026-08-31T09:00:00,EVENING,412882,526,KINETICA/TGP PORT SULPHUR PLAQUEMIN,L,TGP:412882,TGP:SEG:526,BD,797347,797347.0,0.0,797347.0,False,True,,True,2026-08-31T01:46:00.000000Z,2026-08-31T14:44:35.908934Z,2026-08-31T14:44:35.908934Z,Million BTU's (displayed as Dth),70d513ee6296bf050aa4fbc44fc75a1c3f3ad43eab6fcfe520e075b1b86e7b18,https://pipeline2.kindermorgan.com/Capacity/OpAvailPoint.aspx?code=TGP,data/raw/km_tgp_point_receipt_capacity/2026/08/31/70d513ee6296bf050aa4fbc44fc75a1c3f3ad43eab6fcfe520e075b1b86e7b18.xlsx,km_tgp_point_receipt_capacity:1788187475908934000:70d513ee6296bf050aa4fbc44fc75a1c3f3ad43eab6fcfe520e075b1b86e7b18
point,receipt,2026-08-31,2026-08-31T14:00:00.000000Z,2026-08-31T09:00:00,EVENING,412654,527,ELYSIUM/TGP POTASH PLAQUEMINES,L,TGP:412654,TGP:SEG:527,R,5695,5695.0,0.0,5695.0,False,True,,True,2026-08-31T01:46:00.000000Z,2026-08-31T14:44:35.908934Z,2026-08-31T14:44:35.908934Z,Million BTU's (displayed as Dth),70d513ee6296bf050aa4fbc44fc75a1c3f3ad43eab6fcfe520e075b1b86e7b18,https://pipeline2.kindermorgan.com/Capacity/OpAvailPoint.aspx?code=TGP,data/raw/km_tgp_point_receipt_capacity/2026/08/31/70d513ee6296bf050aa4fbc44fc75a1c3f3ad43eab6fcfe520e075b1b86e7b18.xlsx,km_tgp_point_receipt_capacity:1788187475908934000:70d513ee6296bf050aa4fbc44fc75a1c3f3ad43eab6fcfe520e075b1b86e7b18
point,receipt,2026-08-31,2026-08-31T14:00:00.000000Z,2026-08-31T09:00:00,EVENING,420556,529,TGP/SNG TOCA EXCHANGE ST BERNARD,L,TGP:420556,TGP:SEG:529,BD,313675,313675.0,0.0,313675.0,False,True,,True,2026-08-31T01:46:00.000000Z,2026-08-31T14:44:35.908934Z,2026-08-31T14:44:35.908934Z,Million BTU's (displayed as Dth),70d513ee6296bf050aa4fbc44fc75a1c3f3ad43eab6fcfe520e075b1b86e7b18,https://pipeline2.kindermorgan.com/Capacity/OpAvailPoint.aspx?code=TGP,data/raw/km_tgp_point_receipt_capacity/2026/08/31/70d513ee6296bf050aa4fbc44fc75a1c3f3ad43eab6fcfe520e075b1b86e7b18.xlsx,km_tgp_point_receipt_capacity:1788187475908934000:70d513ee6296bf050aa4fbc44fc75a1c3f3ad43eab6fcfe520e075b1b86e7b18
point,receipt,2026-08-31,2026-08-31T14:00:00.000000Z,2026-08-31T09:00:00,EVENING,56571,529,TGP/SNG TOCA #2 - SNG TO TGP ST BER,L,TGP:56571,TGP:SEG:529,R,1158250,1158250.0,842587.0,315663.0,False,True,,True,2026-08-31T01:46:00.000000Z,2026-08-31T14:44:35.908934Z,2026-08-31T14:44:35.908934Z,Million BTU's (displayed as Dth),70d513ee6296bf050aa4fbc44fc75a1c3f3ad43eab6fcfe520e075b1b86e7b18,https://pipeline2.kindermorgan.com/Capacity/OpAvailPoint.aspx?code=TGP,data/raw/km_tgp_point_receipt_capacity/2026/08/31/70d513ee6296bf050aa4fbc44fc75a1c3f3ad43eab6fcfe520e075b1b86e7b18.xlsx,km_tgp_point_receipt_capacity:1788187475908934000:70d513ee6296bf050aa4fbc44fc75a1c3f3ad43eab6fcfe520e075b1b86e7b18
point,receipt,2026-08-31,2026-08-31T14:00:00.000000Z,2026-08-31T09:00:00,EVENING,412589,530,C.W.ENER/TGP UDP LAKE BORGNE ST BER,L,TGP:412589,TGP:SEG:530,R,64947,64947.0,0.0,64947.0,False,True,,True,2026-08-31T01:46:00.000000Z,2026-08-31T14:44:35.908934Z,2026-08-31T14:44:35.908934Z,Million BTU's (displayed as Dth),70d513ee6296bf050aa4fbc44fc75a1c3f3ad43eab6fcfe520e075b1b86e7b18,https://pipeline2.kindermorgan.com/Capacity/OpAvailPoint.aspx?code=TGP,data/raw/km_tgp_point_receipt_capacity/2026/08/31/70d513ee6296bf050aa4fbc44fc75a1c3f3ad43eab6fcfe520e075b1b86e7b18.xlsx,km_tgp_point_receipt_capacity:1788187475908934000:70d513ee6296bf050aa4fbc44fc75a1c3f3ad43eab6fcfe520e075b1b86e7b18
point,receipt,2026-08-31,2026-08-31T14:00:00.000000Z,2026-08-31T09:00:00,EVENING,412604,530,MAGNUS/TGP UDP EAST JAMBALAYA ST BE,L,TGP:412604,TGP:SEG:530,R,107209,107209.0,0.0,107209.0,False,True,,True,2026-08-31T01:46:00.000000Z,2026-08-31T14:44:35.908934Z,2026-08-31T14:44:35.908934Z,Million BTU's (displayed as Dth),70d513ee6296bf050aa4fbc44fc75a1c3f3ad43eab6fcfe520e075b1b86e7b18,https://pipeline2.kindermorgan.com/Capacity/OpAvailPoint.aspx?code=TGP,data/raw/km_tgp_point_receipt_capacity/2026/08/31/70d513ee6296bf050aa4fbc44fc75a1c3f3ad43eab6fcfe520e075b1b86e7b18.xlsx,km_tgp_point_receipt_capacity:1788187475908934000:70d513ee6296bf050aa4fbc44fc75a1c3f3ad43eab6fcfe520e075b1b86e7b18
point,receipt,2026-08-31,2026-08-31T14:00:00.000000Z,2026-08-31T09:00:00,EVENING,412614,530,INTEGREP/TGP BILOXI MARSH ST BERNAR,L,TGP:412614,TGP:SEG:530,R,64200,64200.0,0.0,64200.0,False,True,,True,2026-08-31T01:46:00.000000Z,2026-08-31T14:44:35.908934Z,2026-08-31T14:44:35.908934Z,Million BTU's (displayed as Dth),70d513ee6296bf050aa4fbc44fc75a1c3f3ad43eab6fcfe520e075b1b86e7b18,https://pipeline2.kindermorgan.com/Capacity/OpAvailPoint.aspx?code=TGP,data/raw/km_tgp_point_receipt_capacity/2026/08/31/70d513ee6296bf050aa4fbc44fc75a1c3f3ad43eab6fcfe520e075b1b86e7b18.xlsx,km_tgp_point_receipt_capacity:1788187475908934000:70d513ee6296bf050aa4fbc44fc75a1c3f3ad43eab6fcfe520e075b1b86e7b18
point,receipt,2026-08-31,2026-08-31T14:00:00.000000Z,2026-08-31T09:00:00,EVENING,412629,530,MERDIAN/TGP UDP BAYOU BILOXI ST BER,L,TGP:412629,TGP:SEG:530,R,36037,36037.0,0.0,36037.0,False,True,,True,2026-08-31T01:46:00.000000Z,2026-08-31T14:44:35.908934Z,2026-08-31T14:44:35.908934Z,Million BTU's (displayed as Dth),70d513ee6296bf050aa4fbc44fc75a1c3f3ad43eab6fcfe520e075b1b86e7b18,https://pipeline2.kindermorgan.com/Capacity/OpAvailPoint.aspx?code=TGP,data/raw/km_tgp_point_receipt_capacity/2026/08/31/70d513ee6296bf050aa4fbc44fc75a1c3f3ad43eab6fcfe520e075b1b86e7b18.xlsx,km_tgp_point_receipt_capacity:1788187475908934000:70d513ee6296bf050aa4fbc44fc75a1c3f3ad43eab6fcfe520e075b1b86e7b18
point,receipt,2026-08-31,2026-08-31T14:00:00.000000Z,2026-08-31T09:00:00,EVENING,412735,530,KELLYOIL/TGP RHODA BROWN 1 CATAHOUL,L,TGP:412735,TGP:SEG:530,R,11295,11295.0,0.0,11295.0,False,True,,True,2026-08-31T01:46:00.000000Z,2026-08-31T14:44:35.908934Z,2026-08-31T14:44:35.908934Z,Million BTU's (displayed as Dth),70d513ee6296bf050aa4fbc44fc75a1c3f3ad43eab6fcfe520e075b1b86e7b18,https://pipeline2.kindermorgan.com/Capacity/OpAvailPoint.aspx?code=TGP,data/raw/km_tgp_point_receipt_capacity/2026/08/31/70d513ee6296bf050aa4fbc44fc75a1c3f3ad43eab6fcfe520e075b1b86e7b18.xlsx,km_tgp_point_receipt_capacity:1788187475908934000:70d513ee6296bf050aa4fbc44fc75a1c3f3ad43eab6fcfe520e075b1b86e7b18
point,receipt,2026-08-31,2026-08-31T14:00:00.000000Z,2026-08-31T09:00:00,EVENING,412750,530,PRP INC/TGP PISTOL RIDGE: RIP 533B-,L,TGP:412750,TGP:SEG:530,R,9925,9925.0,0.0,9925.0,False,True,,True,2026-08-31T01:46:00.000000Z,2026-08-31T14:44:35.908934Z,2026-08-31T14:44:35.908934Z,Million BTU's (displayed as Dth),70d513ee6296bf050aa4fbc44fc75a1c3f3ad43eab6fcfe520e075b1b86e7b18,https://pipeline2.kindermorgan.com/Capacity/OpAvailPoint.aspx?code=TGP,data/raw/km_tgp_point_receipt_capacity/2026/08/31/70d513ee6296bf050aa4fbc44fc75a1c3f3ad43eab6fcfe520e075b1b86e7b18.xlsx,km_tgp_point_receipt_capacity:1788187475908934000:70d513ee6296bf050aa4fbc44fc75a1c3f3ad43eab6fcfe520e075b1b86e7b18
point,receipt,2026-08-31,2026-08-31T14:00:00.000000Z,2026-08-31T09:00:00,EVENING,412753,530,SKYEMS/TGP PISTOL RIDGE: RIP 533C-1,L,TGP:412753,TGP:SEG:530,R,17983,17983.0,100.0,17883.0,False,True,,True,2026-08-31T01:46:00.000000Z,2026-08-31T14:44:35.908934Z,2026-08-31T14:44:35.908934Z,Million BTU's (displayed as Dth),70d513ee6296bf050aa4fbc44fc75a1c3f3ad43eab6fcfe520e075b1b86e7b18,https://pipeline2.kindermorgan.com/Capacity/OpAvailPoint.aspx?code=TGP,data/raw/km_tgp_point_receipt_capacity/2026/08/31/70d513ee6296bf050aa4fbc44fc75a1c3f3ad43eab6fcfe520e075b1b86e7b18.xlsx,km_tgp_point_receipt_capacity:1788187475908934000:70d513ee6296bf050aa4fbc44fc75a1c3f3ad43eab6fcfe520e075b1b86e7b18
point,receipt,2026-08-31,2026-08-31T14:00:00.000000Z,2026-08-31T09:00:00,EVENING,412758,530,PETROHRV/TGP HIGHWAY 13 : RIP 533D-,L,TGP:412758,TGP:SEG:530,R,3997,3997.0,0.0,3997.0,False,True,,True,2026-08-31T01:46:00.000000Z,2026-08-31T14:44:35.908934Z,2026-08-31T14:44:35.908934Z,Million BTU's (displayed as Dth),70d513ee6296bf050aa4fbc44fc75a1c3f3ad43eab6fcfe520e075b1b86e7b18,https://pipeline2.kindermorgan.com/Capacity/OpAvailPoint.aspx?code=TGP,data/raw/km_tgp_point_receipt_capacity/2026/08/31/70d513ee6296bf050aa4fbc44fc75a1c3f3ad43eab6fcfe520e075b1b86e7b18.xlsx,km_tgp_point_receipt_capacity:1788187475908934000:70d513ee6296bf050aa4fbc44fc75a1c3f3ad43eab6fcfe520e075b1b86e7b18
point,receipt,2026-08-31,2026-08-31T14:00:00.000000Z,2026-08-31T09:00:00,EVENING,420366,530,FGT/TGP CARNES MISSISSIPPI STONE,L,TGP:420366,TGP:SEG:530,BD,0,0.0,0.0,0.0,True,True,,True,2026-08-31T01:46:00.000000Z,2026-08-31T14:44:35.908934Z,2026-08-31T14:44:35.908934Z,Million BTU's (displayed as Dth),70d513ee6296bf050aa4fbc44fc75a1c3f3ad43eab6fcfe520e075b1b86e7b18,https://pipeline2.kindermorgan.com/Capacity/OpAvailPoint.aspx?code=TGP,data/raw/km_tgp_point_receipt_capacity/2026/08/31/70d513ee6296bf050aa4fbc44fc75a1c3f3ad43eab6fcfe520e075b1b86e7b18.xlsx,km_tgp_point_receipt_capacity:1788187475908934000:70d513ee6296bf050aa4fbc44fc75a1c3f3ad43eab6fcfe520e075b1b86e7b18
point,receipt,2026-08-31,2026-08-31T14:00:00.000000Z,2026-08-31T09:00:00,EVENING,420383,530,GULFSTH/TGP KILN MISS EXCHANGE HANC,L,TGP:420383,TGP:SEG:530,BD,34068,34068.0,0.0,34068.0,False,True,,True,2026-08-31T01:46:00.000000Z,2026-08-31T14:44:35.908934Z,2026-08-31T14:44:35.908934Z,Million BTU's (displayed as Dth),70d513ee6296bf050aa4fbc44fc75a1c3f3ad43eab6fcfe520e075b1b86e7b18,https://pipeline2.kindermorgan.com/Capacity/OpAvailPoint.aspx?code=TGP,data/raw/km_tgp_point_receipt_capacity/2026/08/31/70d513ee6296bf050aa4fbc44fc75a1c3f3ad43eab6fcfe520e075b1b86e7b18.xlsx,km_tgp_point_receipt_capacity:1788187475908934000:70d513ee6296bf050aa4fbc44fc75a1c3f3ad43eab6fcfe520e075b1b86e7b18
point,receipt,2026-08-31,2026-08-31T14:00:00.000000Z,2026-08-31T09:00:00,EVENING,405212,534,GULFSTH/TGP BALLARD HUDSON CHICKEN,01,TGP:405212,TGP:SEG:534,R,0,0.0,0.0,0.0,False,True,,True,2026-08-31T01:46:00.000000Z,2026-08-31T14:44:35.908934Z,2026-08-31T14:44:35.908934Z,Million BTU's (displayed as Dth),70d513ee6296bf050aa4fbc44fc75a1c3f3ad43eab6fcfe520e075b1b86e7b18,https://pipeline2.kindermorgan.com/Capacity/OpAvailPoint.aspx?code=TGP,data/raw/km_tgp_point_receipt_capacity/2026/08/31/70d513ee6296bf050aa4fbc44fc75a1c3f3ad43eab6fcfe520e075b1b86e7b18.xlsx,km_tgp_point_receipt_capacity:1788187475908934000:70d513ee6296bf050aa4fbc44fc75a1c3f3ad43eab6fcfe520e075b1b86e7b18
point,receipt,2026-08-31,2026-08-31T14:00:00.000000Z,2026-08-31T09:00:00,EVENING,412060,534,/TGP HEIDELBURG TRANSPORT JASPER,01,TGP:412060,TGP:SEG:534,R,20717,20717.0,1506.0,19211.0,False,True,,True,2026-08-31T01:46:00.000000Z,2026-08-31T14:44:35.908934Z,2026-08-31T14:44:35.908934Z,Million BTU's (displayed as Dth),70d513ee6296bf050aa4fbc44fc75a1c3f3ad43eab6fcfe520e075b1b86e7b18,https://pipeline2.kindermorgan.com/Capacity/OpAvailPoint.aspx?code=TGP,data/raw/km_tgp_point_receipt_capacity/2026/08/31/70d513ee6296bf050aa4fbc44fc75a1c3f3ad43eab6fcfe520e075b1b86e7b18.xlsx,km_tgp_point_receipt_capacity:1788187475908934000:70d513ee6296bf050aa4fbc44fc75a1c3f3ad43eab6fcfe520e075b1b86e7b18
point,receipt,2026-08-31,2026-08-31T14:00:00.000000Z,2026-08-31T09:00:00,EVENING,412416,534,TX PETR/TGP ALLAR CO  1 FORREST,01,TGP:412416,TGP:SEG:534,R,47071,47071.0,0.0,47071.0,False,True,,True,2026-08-31T01:46:00.000000Z,2026-08-31T14:44:35.908934Z,2026-08-31T14:44:35.908934Z,Million BTU's (displayed as Dth),70d513ee6296bf050aa4fbc44fc75a1c3f3ad43eab6fcfe520e075b1b86e7b18,https://pipeline2.kindermorgan.com/Capacity/OpAvailPoint.aspx?code=TGP,data/raw/km_tgp_point_receipt_capacity/2026/08/31/70d513ee6296bf050aa4fbc44fc75a1c3f3ad43eab6fcfe520e075b1b86e7b18.xlsx,km_tgp_point_receipt_capacity:1788187475908934000:70d513ee6296bf050aa4fbc44fc75a1c3f3ad43eab6fcfe520e075b1b86e7b18
point,receipt,2026-08-31,2026-08-31T14:00:00.000000Z,2026-08-31T09:00:00,EVENING,412460,534,VNTUREOG/TGP UDP A   FOOTE ESTATE,01,TGP:412460,TGP:SEG:534,R,9122,9122.0,2500.0,6622.0,False,True,,True,2026-08-31T01:46:00.000000Z,2026-08-31T14:44:35.908934Z,2026-08-31T14:44:35.908934Z,Million BTU's (displayed as Dth),70d513ee6296bf050aa4fbc44fc75a1c3f3ad43eab6fcfe520e075b1b86e7b18,https://pipeline2.kindermorgan.com/Capacity/OpAvailPoint.aspx?code=TGP,data/raw/km_tgp_point_receipt_capacity/2026/08/31/70d513ee6296bf050aa4fbc44fc75a1c3f3ad43eab6fcfe520e075b1b86e7b18.xlsx,km_tgp_point_receipt_capacity:1788187475908934000:70d513ee6296bf050aa4fbc44fc75a1c3f3ad43eab6fcfe520e075b1b86e7b18
point,receipt,2026-08-31,2026-08-31T14:00:00.000000Z,2026-08-31T09:00:00,EVENING,412612,534,VNTUREOG/TGP BEI WALKER 1-8 JONES,01,TGP:412612,TGP:SEG:534,R,4649,4649.0,0.0,4649.0,False,True,,True,2026-08-31T01:46:00.000000Z,2026-08-31T14:44:35.908934Z,2026-08-31T14:44:35.908934Z,Million BTU's (displayed as Dth),70d513ee6296bf050aa4fbc44fc75a1c3f3ad43eab6fcfe520e075b1b86e7b18,https://pipeline2.kindermorgan.com/Capacity/OpAvailPoint.aspx?code=TGP,data/raw/km_tgp_point_receipt_capacity/2026/08/31/70d513ee6296bf050aa4fbc44fc75a1c3f3ad43eab6fcfe520e075b1b86e7b18.xlsx,km_tgp_point_receipt_capacity:1788187475908934000:70d513ee6296bf050aa4fbc44fc75a1c3f3ad43eab6fcfe520e075b1b86e7b18
point,receipt,2026-08-31,2026-08-31T14:00:00.000000Z,2026-08-31T09:00:00,EVENING,412754,534,GULFSTH/TGP HEIDELBERG GUM AVE: RIP,01,TGP:412754,TGP:SEG:534,R,573761,573761.0,186444.0,387317.0,False,True,,True,2026-08-31T01:46:00.000000Z,2026-08-31T14:44:35.908934Z,2026-08-31T14:44:35.908934Z,Million BTU's (displayed as Dth),70d513ee6296bf050aa4fbc44fc75a1c3f3ad43eab6fcfe520e075b1b86e7b18,https://pipeline2.kindermorgan.com/Capacity/OpAvailPoint.aspx?code=TGP,data/raw/km_tgp_point_receipt_capacity/2026/08/31/70d513ee6296bf050aa4fbc44fc75a1c3f3ad43eab6fcfe520e075b1b86e7b18.xlsx,km_tgp_point_receipt_capacity:1788187475908934000:70d513ee6296bf050aa4fbc44fc75a1c3f3ad43eab6fcfe520e075b1b86e7b18
point,receipt,2026-08-31,2026-08-31T14:00:00.000000Z,2026-08-31T09:00:00,EVENING,412789,534,LEAF/TGP JASPER COUNTY: RIP 538 2 5,01,TGP:412789,TGP:SEG:534,BD,486875,560000.0,34500.0,525500.0,False,True,,True,2026-08-31T01:46:00.000000Z,2026-08-31T14:44:35.908934Z,2026-08-31T14:44:35.908934Z,Million BTU's (displayed as Dth),70d513ee6296bf050aa4fbc44fc75a1c3f3ad43eab6fcfe520e075b1b86e7b18,https://pipeline2.kindermorgan.com/Capacity/OpAvailPoint.aspx?code=TGP,data/raw/km_tgp_point_receipt_capacity/2026/08/31/70d513ee6296bf050aa4fbc44fc75a1c3f3ad43eab6fcfe520e075b1b86e7b18.xlsx,km_tgp_point_receipt_capacity:1788187475908934000:70d513ee6296bf050aa4fbc44fc75a1c3f3ad43eab6fcfe520e075b1b86e7b18
point,receipt,2026-08-31,2026-08-31T14:00:00.000000Z,2026-08-31T09:00:00,EVENING,420291,534,TRNSCO/TGP HEIDELBERG MISSISIPPI JA,01,TGP:420291,TGP:SEG:534,BD,0,196800.0,0.0,196800.0,False,True,,True,2026-08-31T01:46:00.000000Z,2026-08-31T14:44:35.908934Z,2026-08-31T14:44:35.908934Z,Million BTU's (displayed as Dth),70d513ee6296bf050aa4fbc44fc75a1c3f3ad43eab6fcfe520e075b1b86e7b18,https://pipeline2.kindermorgan.com/Capacity/OpAvailPoint.aspx?code=TGP,data/raw/km_tgp_point_receipt_capacity/2026/08/31/70d513ee6296bf050aa4fbc44fc75a1c3f3ad43eab6fcfe520e075b1b86e7b18.xlsx,km_tgp_point_receipt_capacity:1788187475908934000:70d513ee6296bf050aa4fbc44fc75a1c3f3ad43eab6fcfe520e075b1b86e7b18
point,receipt,2026-08-31,2026-08-31T14:00:00.000000Z,2026-08-31T09:00:00,EVENING,420797,534,GULFSTH/TGP PETAL STORAGE FIELD FOR,01,TGP:420797,TGP:SEG:534,BD,307567,307567.0,33033.0,274534.0,False,True,,True,2026-08-31T01:46:00.000000Z,2026-08-31T14:44:35.908934Z,2026-08-31T14:44:35.908934Z,Million BTU's (displayed as Dth),70d513ee6296bf050aa4fbc44fc75a1c3f3ad43eab6fcfe520e075b1b86e7b18,https://pipeline2.kindermorgan.com/Capacity/OpAvailPoint.aspx?code=TGP,data/raw/km_tgp_point_receipt_capacity/2026/08/31/70d513ee6296bf050aa4fbc44fc75a1c3f3ad43eab6fcfe520e075b1b86e7b18.xlsx,km_tgp_point_receipt_capacity:1788187475908934000:70d513ee6296bf050aa4fbc44fc75a1c3f3ad43eab6fcfe520e075b1b86e7b18
point,receipt,2026-08-31,2026-08-31T14:00:00.000000Z,2026-08-31T09:00:00,EVENING,421059,534,SESH/TGP PETAL INTERCONNECT: RIP 53,01,TGP:421059,TGP:SEG:534,BD,512500,512500.0,0.0,512500.0,False,True,,True,2026-08-31T01:46:00.000000Z,2026-08-31T14:44:35.908934Z,2026-08-31T14:44:35.908934Z,Million BTU's (displayed as Dth),70d513ee6296bf050aa4fbc44fc75a1c3f3ad43eab6fcfe520e075b1b86e7b18,https://pipeline2.kindermorgan.com/Capacity/OpAvailPoint.aspx?code=TGP,data/raw/km_tgp_point_receipt_capacity/2026/08/31/70d513ee6296bf050aa4fbc44fc75a1c3f3ad43eab6fcfe520e075b1b86e7b18.xlsx,km_tgp_point_receipt_capacity:1788187475908934000:70d513ee6296bf050aa4fbc44fc75a1c3f3ad43eab6fcfe520e075b1b86e7b18
point,receipt,2026-08-31,2026-08-31T14:00:00.000000Z,2026-08-31T09:00:00,EVENING,44577,534,TGP/MEP JASPER,01,TGP:44577,TGP:SEG:534,R,830250,830250.0,484700.0,345550.0,False,True,,True,2026-08-31T01:46:00.000000Z,2026-08-31T14:44:35.908934Z,2026-08-31T14:44:35.908934Z,Million BTU's (displayed as Dth),70d513ee6296bf050aa4fbc44fc75a1c3f3ad43eab6fcfe520e075b1b86e7b18,https://pipeline2.kindermorgan.com/Capacity/OpAvailPoint.aspx?code=TGP,data/raw/km_tgp_point_receipt_capacity/2026/08/31/70d513ee6296bf050aa4fbc44fc75a1c3f3ad43eab6fcfe520e075b1b86e7b18.xlsx,km_tgp_point_receipt_capacity:1788187475908934000:70d513ee6296bf050aa4fbc44fc75a1c3f3ad43eab6fcfe520e075b1b86e7b18
point,receipt,2026-08-31,2026-08-31T14:00:00.000000Z,2026-08-31T09:00:00,EVENING,412520,539,DESTIN/TGP ROSE HILL INTERCONNECT C,01,TGP:412520,TGP:SEG:539,R,261478,261478.0,0.0,261478.0,False,True,,True,2026-08-31T01:46:00.000000Z,2026-08-31T14:44:35.908934Z,2026-08-31T14:44:35.908934Z,Million BTU's (displayed as Dth),70d513ee6296bf050aa4fbc44fc75a1c3f3ad43eab6fcfe520e075b1b86e7b18,https://pipeline2.kindermorgan.com/Capacity/OpAvailPoint.aspx?code=TGP,data/raw/km_tgp_point_receipt_capacity/2026/08/31/70d513ee6296bf050aa4fbc44fc75a1c3f3ad43eab6fcfe520e075b1b86e7b18.xlsx,km_tgp_point_receipt_capacity:1788187475908934000:70d513ee6296bf050aa4fbc44fc75a1c3f3ad43eab6fcfe520e075b1b86e7b18
point,receipt,2026-08-31,2026-08-31T14:00:00.000000Z,2026-08-31T09:00:00,EVENING,420546,539,TGP/SNG ROSE HILL MISS CLARKE,01,TGP:420546,TGP:SEG:539,BD,253923,253923.0,0.0,253923.0,True,True,,True,2026-08-31T01:46:00.000000Z,2026-08-31T14:44:35.908934Z,2026-08-31T14:44:35.908934Z,Million BTU's (displayed as Dth),70d513ee6296bf050aa4fbc44fc75a1c3f3ad43eab6fcfe520e075b1b86e7b18,https://pipeline2.kindermorgan.com/Capacity/OpAvailPoint.aspx?code=TGP,data/raw/km_tgp_point_receipt_capacity/2026/08/31/70d513ee6296bf050aa4fbc44fc75a1c3f3ad43eab6fcfe520e075b1b86e7b18.xlsx,km_tgp_point_receipt_capacity:1788187475908934000:70d513ee6296bf050aa4fbc44fc75a1c3f3ad43eab6fcfe520e075b1b86e7b18
point,receipt,2026-08-31,2026-08-31T14:00:00.000000Z,2026-08-31T09:00:00,EVENING,411225,542,TEXLA/TGP UDP BUTTAHATCHIE DEHY MON,01,TGP:411225,TGP:SEG:542,R,35101,35101.0,300.0,34801.0,False,True,,True,2026-08-31T01:46:00.000000Z,2026-08-31T14:44:35.908934Z,2026-08-31T14:44:35.908934Z,Million BTU's (displayed as Dth),70d513ee6296bf050aa4fbc44fc75a1c3f3ad43eab6fcfe520e075b1b86e7b18,https://pipeline2.kindermorgan.com/Capacity/OpAvailPoint.aspx?code=TGP,data/raw/km_tgp_point_receipt_capacity/2026/08/31/70d513ee6296bf050aa4fbc44fc75a1c3f3ad43eab6fcfe520e075b1b86e7b18.xlsx,km_tgp_point_receipt_capacity:1788187475908934000:70d513ee6296bf050aa4fbc44fc75a1c3f3ad43eab6fcfe520e075b1b86e7b18
point,receipt,2026-08-31,2026-08-31T14:00:00.000000Z,2026-08-31T09:00:00,EVENING,412322,542,TEXLA/TGP UDP MCKINLEY CREEK TRANSP,01,TGP:412322,TGP:SEG:542,R,12048,12048.0,0.0,12048.0,False,True,,True,2026-08-31T01:46:00.000000Z,2026-08-31T14:44:35.908934Z,2026-08-31T14:44:35.908934Z,Million BTU's (displayed as Dth),70d513ee6296bf050aa4fbc44fc75a1c3f3ad43eab6fcfe520e075b1b86e7b18,https://pipeline2.kindermorgan.com/Capacity/OpAvailPoint.aspx?code=TGP,data/raw/km_tgp_point_receipt_capacity/2026/08/31/70d513ee6296bf050aa4fbc44fc75a1c3f3ad43eab6fcfe520e075b1b86e7b18.xlsx,km_tgp_point_receipt_capacity:1788187475908934000:70d513ee6296bf050aa4fbc44fc75a1c3f3ad43eab6fcfe520e075b1b86e7b18
point,receipt,2026-08-31,2026-08-31T14:00:00.000000Z,2026-08-31T09:00:00,EVENING,412734,542,CALDONIA/TGP CALEDONIA STORAGE LOWN,01,TGP:412734,TGP:SEG:542,BD,500000,500000.0,87203.0,412797.0,False,True,,True,2026-08-31T01:46:00.000000Z,2026-08-31T14:44:35.908934Z,2026-08-31T14:44:35.908934Z,Million BTU's (displayed as Dth),70d513ee6296bf050aa4fbc44fc75a1c3f3ad43eab6fcfe520e075b1b86e7b18,https://pipeline2.kindermorgan.com/Capacity/OpAvailPoint.aspx?code=TGP,data/raw/km_tgp_point_receipt_capacity/2026/08/31/70d513ee6296bf050aa4fbc44fc75a1c3f3ad43eab6fcfe520e075b1b86e7b18.xlsx,km_tgp_point_receipt_capacity:1788187475908934000:70d513ee6296bf050aa4fbc44fc75a1c3f3ad43eab6fcfe520e075b1b86e7b18
point,receipt,2026-08-31,2026-08-31T14:00:00.000000Z,2026-08-31T09:00:00,EVENING,420294,542,TGP/SNG PUGH MISSISSIPPI EXCH LOWND,01,TGP:420294,TGP:SEG:542,BD,95671,95671.0,0.0,95671.0,False,True,,True,2026-08-31T01:46:00.000000Z,2026-08-31T14:44:35.908934Z,2026-08-31T14:44:35.908934Z,Million BTU's (displayed as Dth),70d513ee6296bf050aa4fbc44fc75a1c3f3ad43eab6fcfe520e075b1b86e7b18,https://pipeline2.kindermorgan.com/Capacity/OpAvailPoint.aspx?code=TGP,data/raw/km_tgp_point_receipt_capacity/2026/08/31/70d513ee6296bf050aa4fbc44fc75a1c3f3ad43eab6fcfe520e075b1b86e7b18.xlsx,km_tgp_point_receipt_capacity:1788187475908934000:70d513ee6296bf050aa4fbc44fc75a1c3f3ad43eab6fcfe520e075b1b86e7b18
point,receipt,2026-08-31,2026-08-31T14:00:00.000000Z,2026-08-31T09:00:00,EVENING,411819,548,GRIFFIN/TGP BLUE GUT PILOT HILL FIE,01,TGP:411819,TGP:SEG:548,R,12485,12485.0,0.0,12485.0,False,True,,True,2026-08-31T01:46:00.000000Z,2026-08-31T14:44:35.908934Z,2026-08-31T14:44:35.908934Z,Million BTU's (displayed as Dth),70d513ee6296bf050aa4fbc44fc75a1c3f3ad43eab6fcfe520e075b1b86e7b18,https://pipeline2.kindermorgan.com/Capacity/OpAvailPoint.aspx?code=TGP,data/raw/km_tgp_point_receipt_capacity/2026/08/31/70d513ee6296bf050aa4fbc44fc75a1c3f3ad43eab6fcfe520e075b1b86e7b18.xlsx,km_tgp_point_receipt_capacity:1788187475908934000:70d513ee6296bf050aa4fbc44fc75a1c3f3ad43eab6fcfe520e075b1b86e7b18
point,receipt,2026-08-31,2026-08-31T14:00:00.000000Z,2026-08-31T09:00:00,EVENING,411941,548,INTRCONN/TGP WATTS CREEK DEHY MARIO,01,TGP:411941,TGP:SEG:548,R,17351,17351.0,65.0,17286.0,False,True,,True,2026-08-31T01:46:00.000000Z,2026-08-31T14:44:35.908934Z,2026-08-31T14:44:35.908934Z,Million BTU's (displayed as Dth),70d513ee6296bf050aa4fbc44fc75a1c3f3ad43eab6fcfe520e075b1b86e7b18,https://pipeline2.kindermorgan.com/Capacity/OpAvailPoint.aspx?code=TGP,data/raw/km_tgp_point_receipt_capacity/2026/08/31/70d513ee6296bf050aa4fbc44fc75a1c3f3ad43eab6fcfe520e075b1b86e7b18.xlsx,km_tgp_point_receipt_capacity:1788187475908934000:70d513ee6296bf050aa4fbc44fc75a1c3f3ad43eab6fcfe520e075b1b86e7b18
point,receipt,2026-08-31,2026-08-31T14:00:00.000000Z,2026-08-31T09:00:00,EVENING,412709,548,FREEBIRD/TGP FREEBIRD STORAGE LAMAR,01,TGP:412709,TGP:SEG:548,BD,278488,278488.0,41256.0,237232.0,False,True,,True,2026-08-31T01:46:00.000000Z,2026-08-31T14:44:35.908934Z,2026-08-31T14:44:35.908934Z,Million BTU's (displayed as Dth),70d513ee6296bf050aa4fbc44fc75a1c3f3ad43eab6fcfe520e075b1b86e7b18,https://pipeline2.kindermorgan.com/Capacity/OpAvailPoint.aspx?code=TGP,data/raw/km_tgp_point_receipt_capacity/2026/08/31/70d513ee6296bf050aa4fbc44fc75a1c3f3ad43eab6fcfe520e075b1b86e7b18.xlsx,km_tgp_point_receipt_capacity:1788187475908934000:70d513ee6296bf050aa4fbc44fc75a1c3f3ad43eab6fcfe520e075b1b86e7b18
point,receipt,2026-08-31,2026-08-31T14:00:00.000000Z,2026-08-31T09:00:00,EVENING,421061,548,MNROE GS/TGP MONROE GAS STORAGE REC,01,TGP:421061,TGP:SEG:548,BD,500000,500000.0,434928.0,65072.0,True,True,,True,2026-08-31T01:46:00.000000Z,2026-08-31T14:44:35.908934Z,2026-08-31T14:44:35.908934Z,Million BTU's (displayed as Dth),70d513ee6296bf050aa4fbc44fc75a1c3f3ad43eab6fcfe520e075b1b86e7b18,https://pipeline2.kindermorgan.com/Capacity/OpAvailPoint.aspx?code=TGP,data/raw/km_tgp_point_receipt_capacity/2026/08/31/70d513ee6296bf050aa4fbc44fc75a1c3f3ad43eab6fcfe520e075b1b86e7b18.xlsx,km_tgp_point_receipt_capacity:1788187475908934000:70d513ee6296bf050aa4fbc44fc75a1c3f3ad43eab6fcfe520e075b1b86e7b18
point,receipt,2026-08-31,2026-08-31T14:00:00.000000Z,2026-08-31T09:00:00,EVENING,410031,700,EASTRANS/TGP EAST TX PLANT DEHY PAN,00,TGP:410031,TGP:SEG:700,R,246828,246828.0,0.0,246828.0,False,True,,True,2026-08-31T01:46:00.000000Z,2026-08-31T14:44:35.908934Z,2026-08-31T14:44:35.908934Z,Million BTU's (displayed as Dth),70d513ee6296bf050aa4fbc44fc75a1c3f3ad43eab6fcfe520e075b1b86e7b18,https://pipeline2.kindermorgan.com/Capacity/OpAvailPoint.aspx?code=TGP,data/raw/km_tgp_point_receipt_capacity/2026/08/31/70d513ee6296bf050aa4fbc44fc75a1c3f3ad43eab6fcfe520e075b1b86e7b18.xlsx,km_tgp_point_receipt_capacity:1788187475908934000:70d513ee6296bf050aa4fbc44fc75a1c3f3ad43eab6fcfe520e075b1b86e7b18
point,receipt,2026-08-31,2026-08-31T14:00:00.000000Z,2026-08-31T09:00:00,EVENING,411330,700,TEXLA/TGP CHEMARD LAKE DEHY DE SOTO,00,TGP:411330,TGP:SEG:700,R,20140,20140.0,1.0,20139.0,False,True,,True,2026-08-31T01:46:00.000000Z,2026-08-31T14:44:35.908934Z,2026-08-31T14:44:35.908934Z,Million BTU's (displayed as Dth),70d513ee6296bf050aa4fbc44fc75a1c3f3ad43eab6fcfe520e075b1b86e7b18,https://pipeline2.kindermorgan.com/Capacity/OpAvailPoint.aspx?code=TGP,data/raw/km_tgp_point_receipt_capacity/2026/08/31/70d513ee6296bf050aa4fbc44fc75a1c3f3ad43eab6fcfe520e075b1b86e7b18.xlsx,km_tgp_point_receipt_capacity:1788187475908934000:70d513ee6296bf050aa4fbc44fc75a1c3f3ad43eab6fcfe520e075b1b86e7b18
point,receipt,2026-08-31,2026-08-31T14:00:00.000000Z,2026-08-31T09:00:00,EVENING,411525,700,PETROQUE/TGP BELLE BOWER DEHY PANOL,00,TGP:411525,TGP:SEG:700,R,23434,23434.0,0.0,23434.0,False,True,,True,2026-08-31T01:46:00.000000Z,2026-08-31T14:44:35.908934Z,2026-08-31T14:44:35.908934Z,Million BTU's (displayed as Dth),70d513ee6296bf050aa4fbc44fc75a1c3f3ad43eab6fcfe520e075b1b86e7b18,https://pipeline2.kindermorgan.com/Capacity/OpAvailPoint.aspx?code=TGP,data/raw/km_tgp_point_receipt_capacity/2026/08/31/70d513ee6296bf050aa4fbc44fc75a1c3f3ad43eab6fcfe520e075b1b86e7b18.xlsx,km_tgp_point_receipt_capacity:1788187475908934000:70d513ee6296bf050aa4fbc44fc75a1c3f3ad43eab6fcfe520e075b1b86e7b18
point,receipt,2026-08-31,2026-08-31T14:00:00.000000Z,2026-08-31T09:00:00,EVENING,412026,700,BEUSA/TGP GRAND CANE DE SOTO,00,TGP:412026,TGP:SEG:700,R,6030,6030.0,0.0,6030.0,False,True,,True,2026-08-31T01:46:00.000000Z,2026-08-31T14:44:35.908934Z,2026-08-31T14:44:35.908934Z,Million BTU's (displayed as Dth),70d513ee6296bf050aa4fbc44fc75a1c3f3ad43eab6fcfe520e075b1b86e7b18,https://pipeline2.kindermorgan.com/Capacity/OpAvailPoint.aspx?code=TGP,data/raw/km_tgp_point_receipt_capacity/2026/08/31/70d513ee6296bf050aa4fbc44fc75a1c3f3ad43eab6fcfe520e075b1b86e7b18.xlsx,km_tgp_point_receipt_capacity:1788187475908934000:70d513ee6296bf050aa4fbc44fc75a1c3f3ad43eab6fcfe520e075b1b86e7b18
point,receipt,2026-08-31,2026-08-31T14:00:00.000000Z,2026-08-31T09:00:00,EVENING,412033,700,MARLIN/TGP CARTHAGE TRANSPORT PANOL,00,TGP:412033,TGP:SEG:700,R,121745,121745.0,0.0,121745.0,False,True,,True,2026-08-31T01:46:00.000000Z,2026-08-31T14:44:35.908934Z,2026-08-31T14:44:35.908934Z,Million BTU's (displayed as Dth),70d513ee6296bf050aa4fbc44fc75a1c3f3ad43eab6fcfe520e075b1b86e7b18,https://pipeline2.kindermorgan.com/Capacity/OpAvailPoint.aspx?code=TGP,data/raw/km_tgp_point_receipt_capacity/2026/08/31/70d513ee6296bf050aa4fbc44fc75a1c3f3ad43eab6fcfe520e075b1b86e7b18.xlsx,km_tgp_point_receipt_capacity:1788187475908934000:70d513ee6296bf050aa4fbc44fc75a1c3f3ad43eab6fcfe520e075b1b86e7b18
point,receipt,2026-08-31,2026-08-31T14:00:00.000000Z,2026-08-31T09:00:00,EVENING,412081,700,EPE/TGP UDP BETHANY LONGSTREET FIEL,00,TGP:412081,TGP:SEG:700,R,49710,28000.0,0.0,28000.0,False,True,,True,2026-08-31T01:46:00.000000Z,2026-08-31T14:44:35.908934Z,2026-08-31T14:44:35.908934Z,Million BTU's (displayed as Dth),70d513ee6296bf050aa4fbc44fc75a1c3f3ad43eab6fcfe520e075b1b86e7b18,https://pipeline2.kindermorgan.com/Capacity/OpAvailPoint.aspx?code=TGP,data/raw/km_tgp_point_receipt_capacity/2026/08/31/70d513ee6296bf050aa4fbc44fc75a1c3f3ad43eab6fcfe520e075b1b86e7b18.xlsx,km_tgp_point_receipt_capacity:1788187475908934000:70d513ee6296bf050aa4fbc44fc75a1c3f3ad43eab6fcfe520e075b1b86e7b18
point,receipt,2026-08-31,2026-08-31T14:00:00.000000Z,2026-08-31T09:00:00,EVENING,412607,700,COVEY/TGP HOLLY FIELD DE SOTO,00,TGP:412607,TGP:SEG:700,R,120000,120000.0,0.0,120000.0,False,True,,True,2026-08-31T01:46:00.000000Z,2026-08-31T14:44:35.908934Z,2026-08-31T14:44:35.908934Z,Million BTU's (displayed as Dth),70d513ee6296bf050aa4fbc44fc75a1c3f3ad43eab6fcfe520e075b1b86e7b18,https://pipeline2.kindermorgan.com/Capacity/OpAvailPoint.aspx?code=TGP,data/raw/km_tgp_point_receipt_capacity/2026/08/31/70d513ee6296bf050aa4fbc44fc75a1c3f3ad43eab6fcfe520e075b1b86e7b18.xlsx,km_tgp_point_receipt_capacity:1788187475908934000:70d513ee6296bf050aa4fbc44fc75a1c3f3ad43eab6fcfe520e075b1b86e7b18
point,receipt,2026-08-31,2026-08-31T14:00:00.000000Z,2026-08-31T09:00:00,EVENING,412610,700,MAGNUMPL/TGP WEST MANSFIELD DE SOTO,00,TGP:412610,TGP:SEG:700,R,21579,21579.0,999.0,20580.0,False,True,,True,2026-08-31T01:46:00.000000Z,2026-08-31T14:44:35.908934Z,2026-08-31T14:44:35.908934Z,Million BTU's (displayed as Dth),70d513ee6296bf050aa4fbc44fc75a1c3f3ad43eab6fcfe520e075b1b86e7b18,https://pipeline2.kindermorgan.com/Capacity/OpAvailPoint.aspx?code=TGP,data/raw/km_tgp_point_receipt_capacity/2026/08/31/70d513ee6296bf050aa4fbc44fc75a1c3f3ad43eab6fcfe520e075b1b86e7b18.xlsx,km_tgp_point_receipt_capacity:1788187475908934000:70d513ee6296bf050aa4fbc44fc75a1c3f3ad43eab6fcfe520e075b1b86e7b18
point,receipt,2026-08-31,2026-08-31T14:00:00.000000Z,2026-08-31T09:00:00,EVENING,412725,700,ET G&P/TGP DE SO,00,TGP:412725,TGP:SEG:700,R,21881,21881.0,500.0,21381.0,False,True,,True,2026-08-31T01:46:00.000000Z,2026-08-31T14:44:35.908934Z,2026-08-31T14:44:35.908934Z,Million BTU's (displayed as Dth),70d513ee6296bf050aa4fbc44fc75a1c3f3ad43eab6fcfe520e075b1b86e7b18,https://pipeline2.kindermorgan.com/Capacity/OpAvailPoint.aspx?code=TGP,data/raw/km_tgp_point_receipt_capacity/2026/08/31/70d513ee6296bf050aa4fbc44fc75a1c3f3ad43eab6fcfe520e075b1b86e7b18.xlsx,km_tgp_point_receipt_capacity:1788187475908934000:70d513ee6296bf050aa4fbc44fc75a1c3f3ad43eab6fcfe520e075b1b86e7b18
point,receipt,2026-08-31,2026-08-31T14:00:00.000000Z,2026-08-31T09:00:00,EVENING,412759,700,DIV PROD/TGP BURFORD GATHERING: RIP,00,TGP:412759,TGP:SEG:700,R,22181,22181.0,300.0,21881.0,False,True,,True,2026-08-31T01:46:00.000000Z,2026-08-31T14:44:35.908934Z,2026-08-31T14:44:35.908934Z,Million BTU's (displayed as Dth),70d513ee6296bf050aa4fbc44fc75a1c3f3ad43eab6fcfe520e075b1b86e7b18,https://pipeline2.kindermorgan.com/Capacity/OpAvailPoint.aspx?code=TGP,data/raw/km_tgp_point_receipt_capacity/2026/08/31/70d513ee6296bf050aa4fbc44fc75a1c3f3ad43eab6fcfe520e075b1b86e7b18.xlsx,km_tgp_point_receipt_capacity:1788187475908934000:70d513ee6296bf050aa4fbc44fc75a1c3f3ad43eab6fcfe520e075b1b86e7b18
point,receipt,2026-08-31,2026-08-31T14:00:00.000000Z,2026-08-31T09:00:00,EVENING,412764,700,ENT GATH/TGP UDP STATE LINE PROCESS,00,TGP:412764,TGP:SEG:700,R,69452,69452.0,0.0,69452.0,False,True,,True,2026-08-31T01:46:00.000000Z,2026-08-31T14:44:35.908934Z,2026-08-31T14:44:35.908934Z,Million BTU's (displayed as Dth),70d513ee6296bf050aa4fbc44fc75a1c3f3ad43eab6fcfe520e075b1b86e7b18,https://pipeline2.kindermorgan.com/Capacity/OpAvailPoint.aspx?code=TGP,data/raw/km_tgp_point_receipt_capacity/2026/08/31/70d513ee6296bf050aa4fbc44fc75a1c3f3ad43eab6fcfe520e075b1b86e7b18.xlsx,km_tgp_point_receipt_capacity:1788187475908934000:70d513ee6296bf050aa4fbc44fc75a1c3f3ad43eab6fcfe520e075b1b86e7b18
point,receipt,2026-08-31,2026-08-31T14:00:00.000000Z,2026-08-31T09:00:00,EVENING,412775,700,COMOG-LA/TGP TRENTON SALES: RIP 703,00,TGP:412775,TGP:SEG:700,R,130175,130175.0,0.0,130175.0,False,True,,True,2026-08-31T01:46:00.000000Z,2026-08-31T14:44:35.908934Z,2026-08-31T14:44:35.908934Z,Million BTU's (displayed as Dth),70d513ee6296bf050aa4fbc44fc75a1c3f3ad43eab6fcfe520e075b1b86e7b18,https://pipeline2.kindermorgan.com/Capacity/OpAvailPoint.aspx?code=TGP,data/raw/km_tgp_point_receipt_capacity/2026/08/31/70d513ee6296bf050aa4fbc44fc75a1c3f3ad43eab6fcfe520e075b1b86e7b18.xlsx,km_tgp_point_receipt_capacity:1788187475908934000:70d513ee6296bf050aa4fbc44fc75a1c3f3ad43eab6fcfe520e075b1b86e7b18
point,receipt,2026-08-31,2026-08-31T14:00:00.000000Z,2026-08-31T09:00:00,EVENING,412807,700,ET G&P/TGP LOGANSPORT B: RIP 704H 1,00,TGP:412807,TGP:SEG:700,R,135300,135300.0,0.0,135300.0,False,True,,True,2026-08-31T01:46:00.000000Z,2026-08-31T14:44:35.908934Z,2026-08-31T14:44:35.908934Z,Million BTU's (displayed as Dth),70d513ee6296bf050aa4fbc44fc75a1c3f3ad43eab6fcfe520e075b1b86e7b18,https://pipeline2.kindermorgan.com/Capacity/OpAvailPoint.aspx?code=TGP,data/raw/km_tgp_point_receipt_capacity/2026/08/31/70d513ee6296bf050aa4fbc44fc75a1c3f3ad43eab6fcfe520e075b1b86e7b18.xlsx,km_tgp_point_receipt_capacity:1788187475908934000:70d513ee6296bf050aa4fbc44fc75a1c3f3ad43eab6fcfe520e075b1b86e7b18
point,receipt,2026-08-31,2026-08-31T14:00:00.000000Z,2026-08-31T09:00:00,EVENING,412819,700,LOUISMID/TGP CONVERSE CENTRAL: RIP,00,TGP:412819,TGP:SEG:700,R,358750,358750.0,30000.0,328750.0,False,True,,True,2026-08-31T01:46:00.000000Z,2026-08-31T14:44:35.908934Z,2026-08-31T14:44:35.908934Z,Million BTU's (displayed as Dth),70d513ee6296bf050aa4fbc44fc75a1c3f3ad43eab6fcfe520e075b1b86e7b18,https://pipeline2.kindermorgan.com/Capacity/OpAvailPoint.aspx?code=TGP,data/raw/km_tgp_point_receipt_capacity/2026/08/31/70d513ee6296bf050aa4fbc44fc75a1c3f3ad43eab6fcfe520e075b1b86e7b18.xlsx,km_tgp_point_receipt_capacity:1788187475908934000:70d513ee6296bf050aa4fbc44fc75a1c3f3ad43eab6fcfe520e075b1b86e7b18
point,receipt,2026-08-31,2026-08-31T14:00:00.000000Z,2026-08-31T09:00:00,EVENING,420723,700,ETP/TGP CARTHAGE GAS UNIT 13 PANOLA,00,TGP:420723,TGP:SEG:700,BD,192525,192525.0,0.0,192525.0,False,True,,True,2026-08-31T01:46:00.000000Z,2026-08-31T14:44:35.908934Z,2026-08-31T14:44:35.908934Z,Million BTU's (displayed as Dth),70d513ee6296bf050aa4fbc44fc75a1c3f3ad43eab6fcfe520e075b1b86e7b18,https://pipeline2.kindermorgan.com/Capacity/OpAvailPoint.aspx?code=TGP,data/raw/km_tgp_point_receipt_capacity/2026/08/31/70d513ee6296bf050aa4fbc44fc75a1c3f3ad43eab6fcfe520e075b1b86e7b18.xlsx,km_tgp_point_receipt_capacity:1788187475908934000:70d513ee6296bf050aa4fbc44fc75a1c3f3ad43eab6fcfe520e075b1b86e7b18
point,receipt,2026-08-31,2026-08-31T14:00:00.000000Z,2026-08-31T09:00:00,EVENING,55661,700,KHFS/TGP SOUTH COUCHATTA RECEIPT DE,00,TGP:55661,TGP:SEG:700,R,203565,203565.0,0.0,203565.0,False,True,,True,2026-08-31T01:46:00.000000Z,2026-08-31T14:44:35.908934Z,2026-08-31T14:44:35.908934Z,Million BTU's (displayed as Dth),70d513ee6296bf050aa4fbc44fc75a1c3f3ad43eab6fcfe520e075b1b86e7b18,https://pipeline2.kindermorgan.com/Capacity/OpAvailPoint.aspx?code=TGP,data/raw/km_tgp_point_receipt_capacity/2026/08/31/70d513ee6296bf050aa4fbc44fc75a1c3f3ad43eab6fcfe520e075b1b86e7b18.xlsx,km_tgp_point_receipt_capacity:1788187475908934000:70d513ee6296bf050aa4fbc44fc75a1c3f3ad43eab6fcfe520e075b1b86e7b18
point,receipt,2026-08-31,2026-08-31T14:00:00.000000Z,2026-08-31T09:00:00,EVENING,401366,820,TRNSCO/TGP UTOS EXCH,L,TGP:401366,TGP:SEG:820,R,361825,361825.0,0.0,361825.0,False,True,,True,2026-08-31T01:46:00.000000Z,2026-08-31T14:44:35.908934Z,2026-08-31T14:44:35.908934Z,Million BTU's (displayed as Dth),70d513ee6296bf050aa4fbc44fc75a1c3f3ad43eab6fcfe520e075b1b86e7b18,https://pipeline2.kindermorgan.com/Capacity/OpAvailPoint.aspx?code=TGP,data/raw/km_tgp_point_receipt_capacity/2026/08/31/70d513ee6296bf050aa4fbc44fc75a1c3f3ad43eab6fcfe520e075b1b86e7b18.xlsx,km_tgp_point_receipt_capacity:1788187475908934000:70d513ee6296bf050aa4fbc44fc75a1c3f3ad43eab6fcfe520e075b1b86e7b18
point,receipt,2026-08-31,2026-08-31T14:00:00.000000Z,2026-08-31T09:00:00,EVENING,411586,820,TRNSCO/TGP STARKS LA TRANSPORT CALC,L,TGP:411586,TGP:SEG:820,R,596397,596397.0,0.0,596397.0,False,True,,True,2026-08-31T01:46:00.000000Z,2026-08-31T14:44:35.908934Z,2026-08-31T14:44:35.908934Z,Million BTU's (displayed as Dth),70d513ee6296bf050aa4fbc44fc75a1c3f3ad43eab6fcfe520e075b1b86e7b18,https://pipeline2.kindermorgan.com/Capacity/OpAvailPoint.aspx?code=TGP,data/raw/km_tgp_point_receipt_capacity/2026/08/31/70d513ee6296bf050aa4fbc44fc75a1c3f3ad43eab6fcfe520e075b1b86e7b18.xlsx,km_tgp_point_receipt_capacity:1788187475908934000:70d513ee6296bf050aa4fbc44fc75a1c3f3ad43eab6fcfe520e075b1b86e7b18
point,receipt,2026-08-31,2026-08-31T14:00:00.000000Z,2026-08-31T09:00:00,EVENING,412013,820,ENTRPRSE/TGP SABINE RIVER TRANS NEW,L,TGP:412013,TGP:SEG:820,BD,179814,179814.0,0.0,179814.0,False,True,,True,2026-08-31T01:46:00.000000Z,2026-08-31T14:44:35.908934Z,2026-08-31T14:44:35.908934Z,Million BTU's (displayed as Dth),70d513ee6296bf050aa4fbc44fc75a1c3f3ad43eab6fcfe520e075b1b86e7b18,https://pipeline2.kindermorgan.com/Capacity/OpAvailPoint.aspx?code=TGP,data/raw/km_tgp_point_receipt_capacity/2026/08/31/70d513ee6296bf050aa4fbc44fc75a1c3f3ad43eab6fcfe520e075b1b86e7b18.xlsx,km_tgp_point_receipt_capacity:1788187475908934000:70d513ee6296bf050aa4fbc44fc75a1c3f3ad43eab6fcfe520e075b1b86e7b18
point,receipt,2026-08-31,2026-08-31T14:00:00.000000Z,2026-08-31T09:00:00,EVENING,412015,820,HEC/TGP STARKS HANKAMER  1 CALCASIE,L,TGP:412015,TGP:SEG:820,R,43722,43722.0,0.0,43722.0,False,True,,True,2026-08-31T01:46:00.000000Z,2026-08-31T14:44:35.908934Z,2026-08-31T14:44:35.908934Z,Million BTU's (displayed as Dth),70d513ee6296bf050aa4fbc44fc75a1c3f3ad43eab6fcfe520e075b1b86e7b18,https://pipeline2.kindermorgan.com/Capacity/OpAvailPoint.aspx?code=TGP,data/raw/km_tgp_point_receipt_capacity/2026/08/31/70d513ee6296bf050aa4fbc44fc75a1c3f3ad43eab6fcfe520e075b1b86e7b18.xlsx,km_tgp_point_receipt_capacity:1788187475908934000:70d513ee6296bf050aa4fbc44fc75a1c3f3ad43eab6fcfe520e075b1b86e7b18
point,receipt,2026-08-31,2026-08-31T14:00:00.000000Z,2026-08-31T09:00:00,EVENING,412461,820,OLIPDPII/TGP DEHYDRATION CALCASIEU,L,TGP:412461,TGP:SEG:820,R,19236,19236.0,1.0,19235.0,False,True,,True,2026-08-31T01:46:00.000000Z,2026-08-31T14:44:35.908934Z,2026-08-31T14:44:35.908934Z,Million BTU's (displayed as Dth),70d513ee6296bf050aa4fbc44fc75a1c3f3ad43eab6fcfe520e075b1b86e7b18,https://pipeline2.kindermorgan.com/Capacity/OpAvailPoint.aspx?code=TGP,data/raw/km_tgp_point_receipt_capacity/2026/08/31/70d513ee6296bf050aa4fbc44fc75a1c3f3ad43eab6fcfe520e075b1b86e7b18.xlsx,km_tgp_point_receipt_capacity:1788187475908934000:70d513ee6296bf050aa4fbc44fc75a1c3f3ad43eab6fcfe520e075b1b86e7b18
point,receipt,2026-08-31,2026-08-31T14:00:00.000000Z,2026-08-31T09:00:00,EVENING,412690,820,HPL/TGP SABINE NEWTON,L,TGP:412690,TGP:SEG:820,R,300000,300000.0,165936.0,134064.0,False,True,,True,2026-08-31T01:46:00.000000Z,2026-08-31T14:44:35.908934Z,2026-08-31T14:44:35.908934Z,Million BTU's (displayed as Dth),70d513ee6296bf050aa4fbc44fc75a1c3f3ad43eab6fcfe520e075b1b86e7b18,https://pipeline2.kindermorgan.com/Capacity/OpAvailPoint.aspx?code=TGP,data/raw/km_tgp_point_receipt_capacity/2026/08/31/70d513ee6296bf050aa4fbc44fc75a1c3f3ad43eab6fcfe520e075b1b86e7b18.xlsx,km_tgp_point_receipt_capacity:1788187475908934000:70d513ee6296bf050aa4fbc44fc75a1c3f3ad43eab6fcfe520e075b1b86e7b18
point,receipt,2026-08-31,2026-08-31T14:00:00.000000Z,2026-08-31T09:00:00,EVENING,412737,820,CAM IPL/TGP DE QUINCY GAS STORAGE C,L,TGP:412737,TGP:SEG:820,BD,700000,700000.0,152936.0,547064.0,False,True,,True,2026-08-31T01:46:00.000000Z,2026-08-31T14:44:35.908934Z,2026-08-31T14:44:35.908934Z,Million BTU's (displayed as Dth),70d513ee6296bf050aa4fbc44fc75a1c3f3ad43eab6fcfe520e075b1b86e7b18,https://pipeline2.kindermorgan.com/Capacity/OpAvailPoint.aspx?code=TGP,data/raw/km_tgp_point_receipt_capacity/2026/08/31/70d513ee6296bf050aa4fbc44fc75a1c3f3ad43eab6fcfe520e075b1b86e7b18.xlsx,km_tgp_point_receipt_capacity:1788187475908934000:70d513ee6296bf050aa4fbc44fc75a1c3f3ad43eab6fcfe520e075b1b86e7b18
point,receipt,2026-08-31,2026-08-31T14:00:00.000000Z,2026-08-31T09:00:00,EVENING,412768,820,GLDNPASS/TGP STARKS LNG: RIP 820 10,L,TGP:412768,TGP:SEG:820,R,553500,553500.0,82157.0,471343.0,False,True,,True,2026-08-31T01:46:00.000000Z,2026-08-31T14:44:35.908934Z,2026-08-31T14:44:35.908934Z,Million BTU's (displayed as Dth),70d513ee6296bf050aa4fbc44fc75a1c3f3ad43eab6fcfe520e075b1b86e7b18,https://pipeline2.kindermorgan.com/Capacity/OpAvailPoint.aspx?code=TGP,data/raw/km_tgp_point_receipt_capacity/2026/08/31/70d513ee6296bf050aa4fbc44fc75a1c3f3ad43eab6fcfe520e075b1b86e7b18.xlsx,km_tgp_point_receipt_capacity:1788187475908934000:70d513ee6296bf050aa4fbc44fc75a1c3f3ad43eab6fcfe520e075b1b86e7b18
point,receipt,2026-08-31,2026-08-31T14:00:00.000000Z,2026-08-31T09:00:00,EVENING,412839,820,DUNCAN/TGP LABOKAY NO. 1: RIP 820P,L,TGP:412839,TGP:SEG:820,R,4612,4612.0,0.0,4612.0,False,True,,True,2026-08-31T01:46:00.000000Z,2026-08-31T14:44:35.908934Z,2026-08-31T14:44:35.908934Z,Million BTU's (displayed as Dth),70d513ee6296bf050aa4fbc44fc75a1c3f3ad43eab6fcfe520e075b1b86e7b18,https://pipeline2.kindermorgan.com/Capacity/OpAvailPoint.aspx?code=TGP,data/raw/km_tgp_point_receipt_capacity/2026/08/31/70d513ee6296bf050aa4fbc44fc75a1c3f3ad43eab6fcfe520e075b1b86e7b18.xlsx,km_tgp_point_receipt_capacity:1788187475908934000:70d513ee6296bf050aa4fbc44fc75a1c3f3ad43eab6fcfe520e075b1b86e7b18
point,receipt,2026-08-31,2026-08-31T14:00:00.000000Z,2026-08-31T09:00:00,EVENING,412634,823,UNIT PET/TGP UDP NORTH OBERLINE REC,L,TGP:412634,TGP:SEG:823,R,21785,21785.0,0.0,21785.0,False,True,,True,2026-08-31T01:46:00.000000Z,2026-08-31T14:44:35.908934Z,2026-08-31T14:44:35.908934Z,Million BTU's (displayed as Dth),70d513ee6296bf050aa4fbc44fc75a1c3f3ad43eab6fcfe520e075b1b86e7b18,https://pipeline2.kindermorgan.com/Capacity/OpAvailPoint.aspx?code=TGP,data/raw/km_tgp_point_receipt_capacity/2026/08/31/70d513ee6296bf050aa4fbc44fc75a1c3f3ad43eab6fcfe520e075b1b86e7b18.xlsx,km_tgp_point_receipt_capacity:1788187475908934000:70d513ee6296bf050aa4fbc44fc75a1c3f3ad43eab6fcfe520e075b1b86e7b18
point,receipt,2026-08-31,2026-08-31T14:00:00.000000Z,2026-08-31T09:00:00,EVENING,412713,823,HUGHES E/TGP BLACK STONE13 EVANGELI,L,TGP:412713,TGP:SEG:823,R,4619,4619.0,1.0,4618.0,False,True,,True,2026-08-31T01:46:00.000000Z,2026-08-31T14:44:35.908934Z,2026-08-31T14:44:35.908934Z,Million BTU's (displayed as Dth),70d513ee6296bf050aa4fbc44fc75a1c3f3ad43eab6fcfe520e075b1b86e7b18,https://pipeline2.kindermorgan.com/Capacity/OpAvailPoint.aspx?code=TGP,data/raw/km_tgp_point_receipt_capacity/2026/08/31/70d513ee6296bf050aa4fbc44fc75a1c3f3ad43eab6fcfe520e075b1b86e7b18.xlsx,km_tgp_point_receipt_capacity:1788187475908934000:70d513ee6296bf050aa4fbc44fc75a1c3f3ad43eab6fcfe520e075b1b86e7b18
point,receipt,2026-08-31,2026-08-31T14:00:00.000000Z,2026-08-31T09:00:00,EVENING,412844,823,TEXLA/TGP ROY MARTIN GATHERING: RIP,L,TGP:412844,TGP:SEG:823,R,7380,7380.0,217.0,7163.0,False,True,,True,2026-08-31T01:46:00.000000Z,2026-08-31T14:44:35.908934Z,2026-08-31T14:44:35.908934Z,Million BTU's (displayed as Dth),70d513ee6296bf050aa4fbc44fc75a1c3f3ad43eab6fcfe520e075b1b86e7b18,https://pipeline2.kindermorgan.com/Capacity/OpAvailPoint.aspx?code=TGP,data/raw/km_tgp_point_receipt_capacity/2026/08/31/70d513ee6296bf050aa4fbc44fc75a1c3f3ad43eab6fcfe520e075b1b86e7b18.xlsx,km_tgp_point_receipt_capacity:1788187475908934000:70d513ee6296bf050aa4fbc44fc75a1c3f3ad43eab6fcfe520e075b1b86e7b18
point,receipt,2026-08-31,2026-08-31T14:00:00.000000Z,2026-08-31T09:00:00,EVENING,412847,823,ACADIAN/TGP CHENEYVILLE RAPIDES,L,TGP:412847,TGP:SEG:823,R,307500,307500.0,3800.0,303700.0,False,True,,True,2026-08-31T01:46:00.000000Z,2026-08-31T14:44:35.908934Z,2026-08-31T14:44:35.908934Z,Million BTU's (displayed as Dth),70d513ee6296bf050aa4fbc44fc75a1c3f3ad43eab6fcfe520e075b1b86e7b18,https://pipeline2.kindermorgan.com/Capacity/OpAvailPoint.aspx?code=TGP,data/raw/km_tgp_point_receipt_capacity/2026/08/31/70d513ee6296bf050aa4fbc44fc75a1c3f3ad43eab6fcfe520e075b1b86e7b18.xlsx,km_tgp_point_receipt_capacity:1788187475908934000:70d513ee6296bf050aa4fbc44fc75a1c3f3ad43eab6fcfe520e075b1b86e7b18
point,receipt,2026-08-31,2026-08-31T14:00:00.000000Z,2026-08-31T09:00:00,EVENING,421034,823,ANR/TGP RAPIDES RAPIDES,L,TGP:421034,TGP:SEG:823,BD,365000,365000.0,0.0,365000.0,False,True,,True,2026-08-31T01:46:00.000000Z,2026-08-31T14:44:35.908934Z,2026-08-31T14:44:35.908934Z,Million BTU's (displayed as Dth),70d513ee6296bf050aa4fbc44fc75a1c3f3ad43eab6fcfe520e075b1b86e7b18,https://pipeline2.kindermorgan.com/Capacity/OpAvailPoint.aspx?code=TGP,data/raw/km_tgp_point_receipt_capacity/2026/08/31/70d513ee6296bf050aa4fbc44fc75a1c3f3ad43eab6fcfe520e075b1b86e7b18.xlsx,km_tgp_point_receipt_capacity:1788187475908934000:70d513ee6296bf050aa4fbc44fc75a1c3f3ad43eab6fcfe520e075b1b86e7b18
point,receipt,2026-08-31,2026-08-31T14:00:00.000000Z,2026-08-31T09:00:00,EVENING,421043,823,PINE PRA/TGP PINE PRAIRIE NORTH RAP,L,TGP:421043,TGP:SEG:823,BD,922500,922500.0,0.0,922500.0,False,True,,True,2026-08-31T01:46:00.000000Z,2026-08-31T14:44:35.908934Z,2026-08-31T14:44:35.908934Z,Million BTU's (displayed as Dth),70d513ee6296bf050aa4fbc44fc75a1c3f3ad43eab6fcfe520e075b1b86e7b18,https://pipeline2.kindermorgan.com/Capacity/OpAvailPoint.aspx?code=TGP,data/raw/km_tgp_point_receipt_capacity/2026/08/31/70d513ee6296bf050aa4fbc44fc75a1c3f3ad43eab6fcfe520e075b1b86e7b18.xlsx,km_tgp_point_receipt_capacity:1788187475908934000:70d513ee6296bf050aa4fbc44fc75a1c3f3ad43eab6fcfe520e075b1b86e7b18
point,receipt,2026-08-31,2026-08-31T14:00:00.000000Z,2026-08-31T09:00:00,EVENING,53483,823,AIRLIQAT/TGP TIMBERLANE BIOGAS REC,L,TGP:53483,TGP:SEG:823,R,1538,1538.0,425.0,1113.0,False,True,,True,2026-08-31T01:46:00.000000Z,2026-08-31T14:44:35.908934Z,2026-08-31T14:44:35.908934Z,Million BTU's (displayed as Dth),70d513ee6296bf050aa4fbc44fc75a1c3f3ad43eab6fcfe520e075b1b86e7b18,https://pipeline2.kindermorgan.com/Capacity/OpAvailPoint.aspx?code=TGP,data/raw/km_tgp_point_receipt_capacity/2026/08/31/70d513ee6296bf050aa4fbc44fc75a1c3f3ad43eab6fcfe520e075b1b86e7b18.xlsx,km_tgp_point_receipt_capacity:1788187475908934000:70d513ee6296bf050aa4fbc44fc75a1c3f3ad43eab6fcfe520e075b1b86e7b18
point,receipt,2026-08-31,2026-08-31T14:00:00.000000Z,2026-08-31T09:00:00,EVENING,412691,834,REGENCY/TGP PEOPLES ROAD FRANKLIN,01,TGP:412691,TGP:SEG:834,R,325000,325000.0,111237.0,213763.0,False,True,,True,2026-08-31T01:46:00.000000Z,2026-08-31T14:44:35.908934Z,2026-08-31T14:44:35.908934Z,Million BTU's (displayed as Dth),70d513ee6296bf050aa4fbc44fc75a1c3f3ad43eab6fcfe520e075b1b86e7b18,https://pipeline2.kindermorgan.com/Capacity/OpAvailPoint.aspx?code=TGP,data/raw/km_tgp_point_receipt_capacity/2026/08/31/70d513ee6296bf050aa4fbc44fc75a1c3f3ad43eab6fcfe520e075b1b86e7b18.xlsx,km_tgp_point_receipt_capacity:1788187475908934000:70d513ee6296bf050aa4fbc44fc75a1c3f3ad43eab6fcfe520e075b1b86e7b18
point,receipt,2026-08-31,2026-08-31T14:00:00.000000Z,2026-08-31T09:00:00,EVENING,412762,834,TEX GAS/TGP ISOLA ROAD RIP 843B 101,01,TGP:412762,TGP:SEG:834,R,565800,565800.0,0.0,565800.0,False,True,,True,2026-08-31T01:46:00.000000Z,2026-08-31T14:44:35.908934Z,2026-08-31T14:44:35.908934Z,Million BTU's (displayed as Dth),70d513ee6296bf050aa4fbc44fc75a1c3f3ad43eab6fcfe520e075b1b86e7b18,https://pipeline2.kindermorgan.com/Capacity/OpAvailPoint.aspx?code=TGP,data/raw/km_tgp_point_receipt_capacity/2026/08/31/70d513ee6296bf050aa4fbc44fc75a1c3f3ad43eab6fcfe520e075b1b86e7b18.xlsx,km_tgp_point_receipt_capacity:1788187475908934000:70d513ee6296bf050aa4fbc44fc75a1c3f3ad43eab6fcfe520e075b1b86e7b18
point,receipt,2026-08-31,2026-08-31T14:00:00.000000Z,2026-08-31T09:00:00,EVENING,49583,834,MEP/TGP PILLAR MADISON,01,TGP:49583,TGP:SEG:834,R,666250,666250.0,0.0,666250.0,False,True,,True,2026-08-31T01:46:00.000000Z,2026-08-31T14:44:35.908934Z,2026-08-31T14:44:35.908934Z,Million BTU's (displayed as Dth),70d513ee6296bf050aa4fbc44fc75a1c3f3ad43eab6fcfe520e075b1b86e7b18,https://pipeline2.kindermorgan.com/Capacity/OpAvailPoint.aspx?code=TGP,data/raw/km_tgp_point_receipt_capacity/2026/08/31/70d513ee6296bf050aa4fbc44fc75a1c3f3ad43eab6fcfe520e075b1b86e7b18.xlsx,km_tgp_point_receipt_capacity:1788187475908934000:70d513ee6296bf050aa4fbc44fc75a1c3f3ad43eab6fcfe520e075b1b86e7b18
point,receipt,2026-08-31,2026-08-31T14:00:00.000000Z,2026-08-31T09:00:00,EVENING,49585,834,GULFRUN/TGP BEARFOOT RICHLAND,01,TGP:49585,TGP:SEG:834,R,666250,666250.0,99361.0,566889.0,False,True,,True,2026-08-31T01:46:00.000000Z,2026-08-31T14:44:35.908934Z,2026-08-31T14:44:35.908934Z,Million BTU's (displayed as Dth),70d513ee6296bf050aa4fbc44fc75a1c3f3ad43eab6fcfe520e075b1b86e7b18,https://pipeline2.kindermorgan.com/Capacity/OpAvailPoint.aspx?code=TGP,data/raw/km_tgp_point_receipt_capacity/2026/08/31/70d513ee6296bf050aa4fbc44fc75a1c3f3ad43eab6fcfe520e075b1b86e7b18.xlsx,km_tgp_point_receipt_capacity:1788187475908934000:70d513ee6296bf050aa4fbc44fc75a1c3f3ad43eab6fcfe520e075b1b86e7b18
point,receipt,2026-08-31,2026-08-31T14:00:00.000000Z,2026-08-31T09:00:00,EVENING,49587,834,GULFSTH/TGP LUPE FRANKLIN,01,TGP:49587,TGP:SEG:834,R,666250,666250.0,7133.0,659117.0,False,True,,True,2026-08-31T01:46:00.000000Z,2026-08-31T14:44:35.908934Z,2026-08-31T14:44:35.908934Z,Million BTU's (displayed as Dth),70d513ee6296bf050aa4fbc44fc75a1c3f3ad43eab6fcfe520e075b1b86e7b18,https://pipeline2.kindermorgan.com/Capacity/OpAvailPoint.aspx?code=TGP,data/raw/km_tgp_point_receipt_capacity/2026/08/31/70d513ee6296bf050aa4fbc44fc75a1c3f3ad43eab6fcfe520e075b1b86e7b18.xlsx,km_tgp_point_receipt_capacity:1788187475908934000:70d513ee6296bf050aa4fbc44fc75a1c3f3ad43eab6fcfe520e075b1b86e7b18
point,receipt,2026-08-31,2026-08-31T14:00:00.000000Z,2026-08-31T09:00:00,EVENING,49589,834,ETC TIG/TGP URSUS FRANKLIN,01,TGP:49589,TGP:SEG:834,R,666250,666250.0,92000.0,574250.0,False,True,,True,2026-08-31T01:46:00.000000Z,2026-08-31T14:44:35.908934Z,2026-08-31T14:44:35.908934Z,Million BTU's (displayed as Dth),70d513ee6296bf050aa4fbc44fc75a1c3f3ad43eab6fcfe520e075b1b86e7b18,https://pipeline2.kindermorgan.com/Capacity/OpAvailPoint.aspx?code=TGP,data/raw/km_tgp_point_receipt_capacity/2026/08/31/70d513ee6296bf050aa4fbc44fc75a1c3f3ad43eab6fcfe520e075b1b86e7b18.xlsx,km_tgp_point_receipt_capacity:1788187475908934000:70d513ee6296bf050aa4fbc44fc75a1c3f3ad43eab6fcfe520e075b1b86e7b18
point,receipt,2026-08-31,2026-08-31T14:00:00.000000Z,2026-08-31T09:00:00,EVENING,49643,834,GULFSTH/TGP SKIPPER MADISON,01,TGP:49643,TGP:SEG:834,R,666250,666250.0,0.0,666250.0,False,True,,True,2026-08-31T01:46:00.000000Z,2026-08-31T14:44:35.908934Z,2026-08-31T14:44:35.908934Z,Million BTU's (displayed as Dth),70d513ee6296bf050aa4fbc44fc75a1c3f3ad43eab6fcfe520e075b1b86e7b18,https://pipeline2.kindermorgan.com/Capacity/OpAvailPoint.aspx?code=TGP,data/raw/km_tgp_point_receipt_capacity/2026/08/31/70d513ee6296bf050aa4fbc44fc75a1c3f3ad43eab6fcfe520e075b1b86e7b18.xlsx,km_tgp_point_receipt_capacity:1788187475908934000:70d513ee6296bf050aa4fbc44fc75a1c3f3ad43eab6fcfe520e075b1b86e7b18
point,receipt,2026-08-31,2026-08-31T14:00:00.000000Z,2026-08-31T09:00:00,EVENING,420852,860,MIDWSTRN/TGP MGT SMS SUMNER,01,TGP:420852,TGP:SEG:860,BD,1029565,1029565.0,0.0,1029565.0,False,True,,True,2026-08-31T01:46:00.000000Z,2026-08-31T14:44:35.908934Z,2026-08-31T14:44:35.908934Z,Million BTU's (displayed as Dth),70d513ee6296bf050aa4fbc44fc75a1c3f3ad43eab6fcfe520e075b1b86e7b18,https://pipeline2.kindermorgan.com/Capacity/OpAvailPoint.aspx?code=TGP,data/raw/km_tgp_point_receipt_capacity/2026/08/31/70d513ee6296bf050aa4fbc44fc75a1c3f3ad43eab6fcfe520e075b1b86e7b18.xlsx,km_tgp_point_receipt_capacity:1788187475908934000:70d513ee6296bf050aa4fbc44fc75a1c3f3ad43eab6fcfe520e075b1b86e7b18
point,receipt,2026-08-31,2026-08-31T14:00:00.000000Z,2026-08-31T09:00:00,EVENING,410671,905,TARGA/TGP UDP LOWRY PLANT DEHY CAME,L,TGP:410671,TGP:SEG:905,R,88292,88292.0,0.0,88292.0,False,True,,True,2026-08-31T01:46:00.000000Z,2026-08-31T14:44:35.908934Z,2026-08-31T14:44:35.908934Z,Million BTU's (displayed as Dth),70d513ee6296bf050aa4fbc44fc75a1c3f3ad43eab6fcfe520e075b1b86e7b18,https://pipeline2.kindermorgan.com/Capacity/OpAvailPoint.aspx?code=TGP,data/raw/km_tgp_point_receipt_capacity/2026/08/31/70d513ee6296bf050aa4fbc44fc75a1c3f3ad43eab6fcfe520e075b1b86e7b18.xlsx,km_tgp_point_receipt_capacity:1788187475908934000:70d513ee6296bf050aa4fbc44fc75a1c3f3ad43eab6fcfe520e075b1b86e7b18
point,receipt,2026-08-31,2026-08-31T14:00:00.000000Z,2026-08-31T09:00:00,EVENING,412002,905,ANR/TGP CHALKLEY TRANSPORT JEFFERSO,L,TGP:412002,TGP:SEG:905,BD,119293,119293.0,0.0,119293.0,False,True,,True,2026-08-31T01:46:00.000000Z,2026-08-31T14:44:35.908934Z,2026-08-31T14:44:35.908934Z,Million BTU's (displayed as Dth),70d513ee6296bf050aa4fbc44fc75a1c3f3ad43eab6fcfe520e075b1b86e7b18,https://pipeline2.kindermorgan.com/Capacity/OpAvailPoint.aspx?code=TGP,data/raw/km_tgp_point_receipt_capacity/2026/08/31/70d513ee6296bf050aa4fbc44fc75a1c3f3ad43eab6fcfe520e075b1b86e7b18.xlsx,km_tgp_point_receipt_capacity:1788187475908934000:70d513ee6296bf050aa4fbc44fc75a1c3f3ad43eab6fcfe520e075b1b86e7b18
point,receipt,2026-08-31,2026-08-31T14:00:00.000000Z,2026-08-31T09:00:00,EVENING,412192,905,HEC/TGP UDP CHALKLEY  GARRISON  1 C,L,TGP:412192,TGP:SEG:905,R,18191,18191.0,0.0,18191.0,False,True,,True,2026-08-31T01:46:00.000000Z,2026-08-31T14:44:35.908934Z,2026-08-31T14:44:35.908934Z,Million BTU's (displayed as Dth),70d513ee6296bf050aa4fbc44fc75a1c3f3ad43eab6fcfe520e075b1b86e7b18,https://pipeline2.kindermorgan.com/Capacity/OpAvailPoint.aspx?code=TGP,data/raw/km_tgp_point_receipt_capacity/2026/08/31/70d513ee6296bf050aa4fbc44fc75a1c3f3ad43eab6fcfe520e075b1b86e7b18.xlsx,km_tgp_point_receipt_capacity:1788187475908934000:70d513ee6296bf050aa4fbc44fc75a1c3f3ad43eab6fcfe520e075b1b86e7b18
point,receipt,2026-08-31,2026-08-31T14:00:00.000000Z,2026-08-31T09:00:00,EVENING,412884,905,KINETICA/TGP GRAND CHENIER PLANT I,L,TGP:412884,TGP:SEG:905,R,300000,300000.0,0.0,300000.0,False,True,,True,2026-08-31T01:46:00.000000Z,2026-08-31T14:44:35.908934Z,2026-08-31T14:44:35.908934Z,Million BTU's (displayed as Dth),70d513ee6296bf050aa4fbc44fc75a1c3f3ad43eab6fcfe520e075b1b86e7b18,https://pipeline2.kindermorgan.com/Capacity/OpAvailPoint.aspx?code=TGP,data/raw/km_tgp_point_receipt_capacity/2026/08/31/70d513ee6296bf050aa4fbc44fc75a1c3f3ad43eab6fcfe520e075b1b86e7b18.xlsx,km_tgp_point_receipt_capacity:1788187475908934000:70d513ee6296bf050aa4fbc44fc75a1c3f3ad43eab6fcfe520e075b1b86e7b18
point,receipt,2026-08-31,2026-08-31T14:00:00.000000Z,2026-08-31T09:00:00,EVENING,900553,905,TGP/NGPL CHALKLEY CAMERON,L,TGP:900553,TGP:SEG:905,R,126566,150000.0,0.0,150000.0,False,True,,True,2026-08-31T01:46:00.000000Z,2026-08-31T14:44:35.908934Z,2026-08-31T14:44:35.908934Z,Million BTU's (displayed as Dth),70d513ee6296bf050aa4fbc44fc75a1c3f3ad43eab6fcfe520e075b1b86e7b18,https://pipeline2.kindermorgan.com/Capacity/OpAvailPoint.aspx?code=TGP,data/raw/km_tgp_point_receipt_capacity/2026/08/31/70d513ee6296bf050aa4fbc44fc75a1c3f3ad43eab6fcfe520e075b1b86e7b18.xlsx,km_tgp_point_receipt_capacity:1788187475908934000:70d513ee6296bf050aa4fbc44fc75a1c3f3ad43eab6fcfe520e075b1b86e7b18
point,receipt,2026-08-31,2026-08-31T14:00:00.000000Z,2026-08-31T09:00:00,EVENING,412680,910,TRUNKLNE/TGP LACASSINE JEFFERSON DA,L,TGP:412680,TGP:SEG:910,R,550000,0.0,0.0,0.0,False,True,,True,2026-08-31T01:46:00.000000Z,2026-08-31T14:44:35.908934Z,2026-08-31T14:44:35.908934Z,Million BTU's (displayed as Dth),70d513ee6296bf050aa4fbc44fc75a1c3f3ad43eab6fcfe520e075b1b86e7b18,https://pipeline2.kindermorgan.com/Capacity/OpAvailPoint.aspx?code=TGP,data/raw/km_tgp_point_receipt_capacity/2026/08/31/70d513ee6296bf050aa4fbc44fc75a1c3f3ad43eab6fcfe520e075b1b86e7b18.xlsx,km_tgp_point_receipt_capacity:1788187475908934000:70d513ee6296bf050aa4fbc44fc75a1c3f3ad43eab6fcfe520e075b1b86e7b18
point,receipt,2026-08-31,2026-08-31T14:00:00.000000Z,2026-08-31T09:00:00,EVENING,44388,945,KINETICA/KMLP JE,L,,,R,487900,487900.0,0.0,487900.0,False,True,,True,2026-08-31T01:46:00.000000Z,2026-08-31T14:44:35.908934Z,2026-08-31T14:44:35.908934Z,Million BTU's (displayed as Dth),70d513ee6296bf050aa4fbc44fc75a1c3f3ad43eab6fcfe520e075b1b86e7b18,https://pipeline2.kindermorgan.com/Capacity/OpAvailPoint.aspx?code=TGP,data/raw/km_tgp_point_receipt_capacity/2026/08/31/70d513ee6296bf050aa4fbc44fc75a1c3f3ad43eab6fcfe520e075b1b86e7b18.xlsx,km_tgp_point_receipt_capacity:1788187475908934000:70d513ee6296bf050aa4fbc44fc75a1c3f3ad43eab6fcfe520e075b1b86e7b18
point,receipt,2026-08-31,2026-08-31T14:00:00.000000Z,2026-08-31T09:00:00,EVENING,412883,959,KINETICA/TGP COCODRIE 523 BLUEWATER,L,TGP:412883,TGP:SEG:959,R,285872,285872.0,0.0,285872.0,False,True,,True,2026-08-31T01:46:00.000000Z,2026-08-31T14:44:35.908934Z,2026-08-31T14:44:35.908934Z,Million BTU's (displayed as Dth),70d513ee6296bf050aa4fbc44fc75a1c3f3ad43eab6fcfe520e075b1b86e7b18,https://pipeline2.kindermorgan.com/Capacity/OpAvailPoint.aspx?code=TGP,data/raw/km_tgp_point_receipt_capacity/2026/08/31/70d513ee6296bf050aa4fbc44fc75a1c3f3ad43eab6fcfe520e075b1b86e7b18.xlsx,km_tgp_point_receipt_capacity:1788187475908934000:70d513ee6296bf050aa4fbc44fc75a1c3f3ad43eab6fcfe520e075b1b86e7b18
segment,,2026-08-31,2026-08-31T14:00:00.000000Z,2026-08-31T09:00:00,EVENING,,101,STA 1,00,,TGP:SEG:101,TD1,892981,892981.0,0.0,892981.0,True,True,,True,2026-08-31T01:47:00.000000Z,2026-08-31T14:44:47.739205Z,2026-08-31T14:44:47.739205Z,Million BTU's (displayed as Dth),d2eef3c517898b0f7e89817593d54eb118dd468faadfcbf3623b1e100402c9ce,https://pipeline2.kindermorgan.com/Capacity/OpAvailSegment.aspx?code=TGP,data/raw/km_tgp_segment_capacity/2026/08/31/d2eef3c517898b0f7e89817593d54eb118dd468faadfcbf3623b1e100402c9ce.xlsx,km_tgp_segment_capacity:1788187487739205000:d2eef3c517898b0f7e89817593d54eb118dd468faadfcbf3623b1e100402c9ce
segment,,2026-08-31,2026-08-31T14:00:00.000000Z,2026-08-31T09:00:00,EVENING,,101,MLV 3,00,,TGP:SEG:101,TD1,980763,980763.0,0.0,980763.0,True,True,,True,2026-08-31T01:47:00.000000Z,2026-08-31T14:44:47.739205Z,2026-08-31T14:44:47.739205Z,Million BTU's (displayed as Dth),d2eef3c517898b0f7e89817593d54eb118dd468faadfcbf3623b1e100402c9ce,https://pipeline2.kindermorgan.com/Capacity/OpAvailSegment.aspx?code=TGP,data/raw/km_tgp_segment_capacity/2026/08/31/d2eef3c517898b0f7e89817593d54eb118dd468faadfcbf3623b1e100402c9ce.xlsx,km_tgp_segment_capacity:1788187487739205000:d2eef3c517898b0f7e89817593d54eb118dd468faadfcbf3623b1e100402c9ce
segment,,2026-08-31,2026-08-31T14:00:00.000000Z,2026-08-31T09:00:00,EVENING,,101,MLV 4,00,,TGP:SEG:101,TD1,980763,980763.0,0.0,980763.0,False,True,,True,2026-08-31T01:47:00.000000Z,2026-08-31T14:44:47.739205Z,2026-08-31T14:44:47.739205Z,Million BTU's (displayed as Dth),d2eef3c517898b0f7e89817593d54eb118dd468faadfcbf3623b1e100402c9ce,https://pipeline2.kindermorgan.com/Capacity/OpAvailSegment.aspx?code=TGP,data/raw/km_tgp_segment_capacity/2026/08/31/d2eef3c517898b0f7e89817593d54eb118dd468faadfcbf3623b1e100402c9ce.xlsx,km_tgp_segment_capacity:1788187487739205000:d2eef3c517898b0f7e89817593d54eb118dd468faadfcbf3623b1e100402c9ce
segment,,2026-08-31,2026-08-31T14:00:00.000000Z,2026-08-31T09:00:00,EVENING,,101,STA 1,00,,TGP:SEG:101,TD2,399953,399953.0,168961.0,230992.0,False,True,,True,2026-08-31T01:47:00.000000Z,2026-08-31T14:44:47.739205Z,2026-08-31T14:44:47.739205Z,Million BTU's (displayed as Dth),d2eef3c517898b0f7e89817593d54eb118dd468faadfcbf3623b1e100402c9ce,https://pipeline2.kindermorgan.com/Capacity/OpAvailSegment.aspx?code=TGP,data/raw/km_tgp_segment_capacity/2026/08/31/d2eef3c517898b0f7e89817593d54eb118dd468faadfcbf3623b1e100402c9ce.xlsx,km_tgp_segment_capacity:1788187487739205000:d2eef3c517898b0f7e89817593d54eb118dd468faadfcbf3623b1e100402c9ce
segment,,2026-08-31,2026-08-31T14:00:00.000000Z,2026-08-31T09:00:00,EVENING,,101,MLV 3,00,,TGP:SEG:101,TD2,727953,727953.0,137419.0,590534.0,False,True,,True,2026-08-31T01:47:00.000000Z,2026-08-31T14:44:47.739205Z,2026-08-31T14:44:47.739205Z,Million BTU's (displayed as Dth),d2eef3c517898b0f7e89817593d54eb118dd468faadfcbf3623b1e100402c9ce,https://pipeline2.kindermorgan.com/Capacity/OpAvailSegment.aspx?code=TGP,data/raw/km_tgp_segment_capacity/2026/08/31/d2eef3c517898b0f7e89817593d54eb118dd468faadfcbf3623b1e100402c9ce.xlsx,km_tgp_segment_capacity:1788187487739205000:d2eef3c517898b0f7e89817593d54eb118dd468faadfcbf3623b1e100402c9ce
segment,,2026-08-31,2026-08-31T14:00:00.000000Z,2026-08-31T09:00:00,EVENING,,109,STA 9,00,,TGP:SEG:109,TD1,969763,969763.0,0.0,969763.0,False,True,,True,2026-08-31T01:47:00.000000Z,2026-08-31T14:44:47.739205Z,2026-08-31T14:44:47.739205Z,Million BTU's (displayed as Dth),d2eef3c517898b0f7e89817593d54eb118dd468faadfcbf3623b1e100402c9ce,https://pipeline2.kindermorgan.com/Capacity/OpAvailSegment.aspx?code=TGP,data/raw/km_tgp_segment_capacity/2026/08/31/d2eef3c517898b0f7e89817593d54eb118dd468faadfcbf3623b1e100402c9ce.xlsx,km_tgp_segment_capacity:1788187487739205000:d2eef3c517898b0f7e89817593d54eb118dd468faadfcbf3623b1e100402c9ce
segment,,2026-08-31,2026-08-31T14:00:00.000000Z,2026-08-31T09:00:00,EVENING,,109,STA 17 SOUTH,00,,TGP:SEG:109,TD1,1516706,1516706.0,359763.0,1156943.0,False,True,,True,2026-08-31T01:47:00.000000Z,2026-08-31T14:44:47.739205Z,2026-08-31T14:44:47.739205Z,Million BTU's (displayed as Dth),d2eef3c517898b0f7e89817593d54eb118dd468faadfcbf3623b1e100402c9ce,https://pipeline2.kindermorgan.com/Capacity/OpAvailSegment.aspx?code=TGP,data/raw/km_tgp_segment_capacity/2026/08/31/d2eef3c517898b0f7e89817593d54eb118dd468faadfcbf3623b1e100402c9ce.xlsx,km_tgp_segment_capacity:1788187487739205000:d2eef3c517898b0f7e89817593d54eb118dd468faadfcbf3623b1e100402c9ce
segment,,2026-08-31,2026-08-31T14:00:00.000000Z,2026-08-31T09:00:00,EVENING,,109,STA 9,00,,TGP:SEG:109,TD2,1027953,970000.0,515828.0,454172.0,False,True,,True,2026-08-31T01:47:00.000000Z,2026-08-31T14:44:47.739205Z,2026-08-31T14:44:47.739205Z,Million BTU's (displayed as Dth),d2eef3c517898b0f7e89817593d54eb118dd468faadfcbf3623b1e100402c9ce,https://pipeline2.kindermorgan.com/Capacity/OpAvailSegment.aspx?code=TGP,data/raw/km_tgp_segment_capacity/2026/08/31/d2eef3c517898b0f7e89817593d54eb118dd468faadfcbf3623b1e100402c9ce.xlsx,km_tgp_segment_capacity:1788187487739205000:d2eef3c517898b0f7e89817593d54eb118dd468faadfcbf3623b1e100402c9ce
segment,,2026-08-31,2026-08-31T14:00:00.000000Z,2026-08-31T09:00:00,EVENING,,109,STA 17 SOUTH,00,,TGP:SEG:109,TD2,949935,949935.0,0.0,949935.0,True,True,,True,2026-08-31T01:47:00.000000Z,2026-08-31T14:44:47.739205Z,2026-08-31T14:44:47.739205Z,Million BTU's (displayed as Dth),d2eef3c517898b0f7e89817593d54eb118dd468faadfcbf3623b1e100402c9ce,https://pipeline2.kindermorgan.com/Capacity/OpAvailSegment.aspx?code=TGP,data/raw/km_tgp_segment_capacity/2026/08/31/d2eef3c517898b0f7e89817593d54eb118dd468faadfcbf3623b1e100402c9ce.xlsx,km_tgp_segment_capacity:1788187487739205000:d2eef3c517898b0f7e89817593d54eb118dd468faadfcbf3623b1e100402c9ce
segment,,2026-08-31,2026-08-31T14:00:00.000000Z,2026-08-31T09:00:00,EVENING,,110,STA 110 NORTH,02,,TGP:SEG:110,TD1,1737887,1737887.0,0.0,1737887.0,True,True,,True,2026-08-31T01:47:00.000000Z,2026-08-31T14:44:47.739205Z,2026-08-31T14:44:47.739205Z,Million BTU's (displayed as Dth),d2eef3c517898b0f7e89817593d54eb118dd468faadfcbf3623b1e100402c9ce,https://pipeline2.kindermorgan.com/Capacity/OpAvailSegment.aspx?code=TGP,data/raw/km_tgp_segment_capacity/2026/08/31/d2eef3c517898b0f7e89817593d54eb118dd468faadfcbf3623b1e100402c9ce.xlsx,km_tgp_segment_capacity:1788187487739205000:d2eef3c517898b0f7e89817593d54eb118dd468faadfcbf3623b1e100402c9ce
segment,,2026-08-31,2026-08-31T14:00:00.000000Z,2026-08-31T09:00:00,EVENING,,110,STA 110 NORTH,02,,TGP:SEG:110,TD2,1833147,1833147.0,1577147.0,256000.0,False,True,,True,2026-08-31T01:47:00.000000Z,2026-08-31T14:44:47.739205Z,2026-08-31T14:44:47.739205Z,Million BTU's (displayed as Dth),d2eef3c517898b0f7e89817593d54eb118dd468faadfcbf3623b1e100402c9ce,https://pipeline2.kindermorgan.com/Capacity/OpAvailSegment.aspx?code=TGP,data/raw/km_tgp_segment_capacity/2026/08/31/d2eef3c517898b0f7e89817593d54eb118dd468faadfcbf3623b1e100402c9ce.xlsx,km_tgp_segment_capacity:1788187487739205000:d2eef3c517898b0f7e89817593d54eb118dd468faadfcbf3623b1e100402c9ce
segment,,2026-08-31,2026-08-31T14:00:00.000000Z,2026-08-31T09:00:00,EVENING,,111,STA 110 EAST,02,,TGP:SEG:111,TD1,870250,870250.0,0.0,870250.0,True,True,,True,2026-08-31T01:47:00.000000Z,2026-08-31T14:44:47.739205Z,2026-08-31T14:44:47.739205Z,Million BTU's (displayed as Dth),d2eef3c517898b0f7e89817593d54eb118dd468faadfcbf3623b1e100402c9ce,https://pipeline2.kindermorgan.com/Capacity/OpAvailSegment.aspx?code=TGP,data/raw/km_tgp_segment_capacity/2026/08/31/d2eef3c517898b0f7e89817593d54eb118dd468faadfcbf3623b1e100402c9ce.xlsx,km_tgp_segment_capacity:1788187487739205000:d2eef3c517898b0f7e89817593d54eb118dd468faadfcbf3623b1e100402c9ce
segment,,2026-08-31,2026-08-31T14:00:00.000000Z,2026-08-31T09:00:00,EVENING,,111,STA 110 EAST,02,,TGP:SEG:111,TD2,942339,942339.0,274302.0,668037.0,False,True,,True,2026-08-31T01:47:00.000000Z,2026-08-31T14:44:47.739205Z,2026-08-31T14:44:47.739205Z,Million BTU's (displayed as Dth),d2eef3c517898b0f7e89817593d54eb118dd468faadfcbf3623b1e100402c9ce,https://pipeline2.kindermorgan.com/Capacity/OpAvailSegment.aspx?code=TGP,data/raw/km_tgp_segment_capacity/2026/08/31/d2eef3c517898b0f7e89817593d54eb118dd468faadfcbf3623b1e100402c9ce.xlsx,km_tgp_segment_capacity:1788187487739205000:d2eef3c517898b0f7e89817593d54eb118dd468faadfcbf3623b1e100402c9ce
segment,,2026-08-31,2026-08-31T14:00:00.000000Z,2026-08-31T09:00:00,EVENING,,112,STA 114 NORTH,02,,TGP:SEG:112,TD1,132000,132000.0,15193.0,116807.0,False,True,,True,2026-08-31T01:47:00.000000Z,2026-08-31T14:44:47.739205Z,2026-08-31T14:44:47.739205Z,Million BTU's (displayed as Dth),d2eef3c517898b0f7e89817593d54eb118dd468faadfcbf3623b1e100402c9ce,https://pipeline2.kindermorgan.com/Capacity/OpAvailSegment.aspx?code=TGP,data/raw/km_tgp_segment_capacity/2026/08/31/d2eef3c517898b0f7e89817593d54eb118dd468faadfcbf3623b1e100402c9ce.xlsx,km_tgp_segment_capacity:1788187487739205000:d2eef3c517898b0f7e89817593d54eb118dd468faadfcbf3623b1e100402c9ce
segment,,2026-08-31,2026-08-31T14:00:00.000000Z,2026-08-31T09:00:00,EVENING,,114,STA 114 EAST,03,,TGP:SEG:114,TD1,868216,868216.0,0.0,868216.0,False,True,,True,2026-08-31T01:47:00.000000Z,2026-08-31T14:44:47.739205Z,2026-08-31T14:44:47.739205Z,Million BTU's (displayed as Dth),d2eef3c517898b0f7e89817593d54eb118dd468faadfcbf3623b1e100402c9ce,https://pipeline2.kindermorgan.com/Capacity/OpAvailSegment.aspx?code=TGP,data/raw/km_tgp_segment_capacity/2026/08/31/d2eef3c517898b0f7e89817593d54eb118dd468faadfcbf3623b1e100402c9ce.xlsx,km_tgp_segment_capacity:1788187487739205000:d2eef3c517898b0f7e89817593d54eb118dd468faadfcbf3623b1e100402c9ce
segment,,2026-08-31,2026-08-31T14:00:00.000000Z,2026-08-31T09:00:00,EVENING,,114,STA 114 EAST,03,,TGP:SEG:114,TD2,907339,393000.0,349971.0,43029.0,False,True,,True,2026-08-31T01:47:00.000000Z,2026-08-31T14:44:47.739205Z,2026-08-31T14:44:47.739205Z,Million BTU's (displayed as Dth),d2eef3c517898b0f7e89817593d54eb118dd468faadfcbf3623b1e100402c9ce,https://pipeline2.kindermorgan.com/Capacity/OpAvailSegment.aspx?code=TGP,data/raw/km_tgp_segment_capacity/2026/08/31/d2eef3c517898b0f7e89817593d54eb118dd468faadfcbf3623b1e100402c9ce.xlsx,km_tgp_segment_capacity:1788187487739205000:d2eef3c517898b0f7e89817593d54eb118dd468faadfcbf3623b1e100402c9ce
segment,,2026-08-31,2026-08-31T14:00:00.000000Z,2026-08-31T09:00:00,EVENING,,117,STA 17,00,,TGP:SEG:117,TD1,1122734,1100000.0,392102.0,707898.0,False,True,,True,2026-08-31T01:47:00.000000Z,2026-08-31T14:44:47.739205Z,2026-08-31T14:44:47.739205Z,Million BTU's (displayed as Dth),d2eef3c517898b0f7e89817593d54eb118dd468faadfcbf3623b1e100402c9ce,https://pipeline2.kindermorgan.com/Capacity/OpAvailSegment.aspx?code=TGP,data/raw/km_tgp_segment_capacity/2026/08/31/d2eef3c517898b0f7e89817593d54eb118dd468faadfcbf3623b1e100402c9ce.xlsx,km_tgp_segment_capacity:1788187487739205000:d2eef3c517898b0f7e89817593d54eb118dd468faadfcbf3623b1e100402c9ce
segment,,2026-08-31,2026-08-31T14:00:00.000000Z,2026-08-31T09:00:00,EVENING,,117,STA 17,00,,TGP:SEG:117,TD2,919378,873396.0,0.0,873396.0,True,True,,True,2026-08-31T01:47:00.000000Z,2026-08-31T14:44:47.739205Z,2026-08-31T14:44:47.739205Z,Million BTU's (displayed as Dth),d2eef3c517898b0f7e89817593d54eb118dd468faadfcbf3623b1e100402c9ce,https://pipeline2.kindermorgan.com/Capacity/OpAvailSegment.aspx?code=TGP,data/raw/km_tgp_segment_capacity/2026/08/31/d2eef3c517898b0f7e89817593d54eb118dd468faadfcbf3623b1e100402c9ce.xlsx,km_tgp_segment_capacity:1788187487739205000:d2eef3c517898b0f7e89817593d54eb118dd468faadfcbf3623b1e100402c9ce
segment,,2026-08-31,2026-08-31T14:00:00.000000Z,2026-08-31T09:00:00,EVENING,,125,STA 25,00,,TGP:SEG:125,TD1,1078715,1078715.0,493791.0,584924.0,False,True,,True,2026-08-31T01:47:00.000000Z,2026-08-31T14:44:47.739205Z,2026-08-31T14:44:47.739205Z,Million BTU's (displayed as Dth),d2eef3c517898b0f7e89817593d54eb118dd468faadfcbf3623b1e100402c9ce,https://pipeline2.kindermorgan.com/Capacity/OpAvailSegment.aspx?code=TGP,data/raw/km_tgp_segment_capacity/2026/08/31/d2eef3c517898b0f7e89817593d54eb118dd468faadfcbf3623b1e100402c9ce.xlsx,km_tgp_segment_capacity:1788187487739205000:d2eef3c517898b0f7e89817593d54eb118dd468faadfcbf3623b1e100402c9ce
segment,,2026-08-31,2026-08-31T14:00:00.000000Z,2026-08-31T09:00:00,EVENING,,125,STA 25,00,,TGP:SEG:125,TD2,919378,873396.0,0.0,873396.0,True,True,,True,2026-08-31T01:47:00.000000Z,2026-08-31T14:44:47.739205Z,2026-08-31T14:44:47.739205Z,Million BTU's (displayed as Dth),d2eef3c517898b0f7e89817593d54eb118dd468faadfcbf3623b1e100402c9ce,https://pipeline2.kindermorgan.com/Capacity/OpAvailSegment.aspx?code=TGP,data/raw/km_tgp_segment_capacity/2026/08/31/d2eef3c517898b0f7e89817593d54eb118dd468faadfcbf3623b1e100402c9ce.xlsx,km_tgp_segment_capacity:1788187487739205000:d2eef3c517898b0f7e89817593d54eb118dd468faadfcbf3623b1e100402c9ce
segment,,2026-08-31,2026-08-31T14:00:00.000000Z,2026-08-31T09:00:00,EVENING,,132,STA 32,00,,TGP:SEG:132,TD1,1275165,1275165.0,493616.0,781549.0,False,True,,True,2026-08-31T01:47:00.000000Z,2026-08-31T14:44:47.739205Z,2026-08-31T14:44:47.739205Z,Million BTU's (displayed as Dth),d2eef3c517898b0f7e89817593d54eb118dd468faadfcbf3623b1e100402c9ce,https://pipeline2.kindermorgan.com/Capacity/OpAvailSegment.aspx?code=TGP,data/raw/km_tgp_segment_capacity/2026/08/31/d2eef3c517898b0f7e89817593d54eb118dd468faadfcbf3623b1e100402c9ce.xlsx,km_tgp_segment_capacity:1788187487739205000:d2eef3c517898b0f7e89817593d54eb118dd468faadfcbf3623b1e100402c9ce
segment,,2026-08-31,2026-08-31T14:00:00.000000Z,2026-08-31T09:00:00,EVENING,,132,STA 40 SOUTH OF CARTHAGE,00,,TGP:SEG:132,TD1,1277082,1277082.0,749865.0,527217.0,False,True,,True,2026-08-31T01:47:00.000000Z,2026-08-31T14:44:47.739205Z,2026-08-31T14:44:47.739205Z,Million BTU's (displayed as Dth),d2eef3c517898b0f7e89817593d54eb118dd468faadfcbf3623b1e100402c9ce,https://pipeline2.kindermorgan.com/Capacity/OpAvailSegment.aspx?code=TGP,data/raw/km_tgp_segment_capacity/2026/08/31/d2eef3c517898b0f7e89817593d54eb118dd468faadfcbf3623b1e100402c9ce.xlsx,km_tgp_segment_capacity:1788187487739205000:d2eef3c517898b0f7e89817593d54eb118dd468faadfcbf3623b1e100402c9ce
segment,,2026-08-31,2026-08-31T14:00:00.000000Z,2026-08-31T09:00:00,EVENING,,132,STA 32,00,,TGP:SEG:132,TD2,919378,873396.0,0.0,873396.0,True,True,,True,2026-08-31T01:47:00.000000Z,2026-08-31T14:44:47.739205Z,2026-08-31T14:44:47.739205Z,Million BTU's (displayed as Dth),d2eef3c517898b0f7e89817593d54eb118dd468faadfcbf3623b1e100402c9ce,https://pipeline2.kindermorgan.com/Capacity/OpAvailSegment.aspx?code=TGP,data/raw/km_tgp_segment_capacity/2026/08/31/d2eef3c517898b0f7e89817593d54eb118dd468faadfcbf3623b1e100402c9ce.xlsx,km_tgp_segment_capacity:1788187487739205000:d2eef3c517898b0f7e89817593d54eb118dd468faadfcbf3623b1e100402c9ce
segment,,2026-08-31,2026-08-31T14:00:00.000000Z,2026-08-31T09:00:00,EVENING,,139,STA 40 SOUTH,00,,TGP:SEG:139,TD1,1615975,1615975.0,781200.0,834775.0,False,True,,True,2026-08-31T01:47:00.000000Z,2026-08-31T14:44:47.739205Z,2026-08-31T14:44:47.739205Z,Million BTU's (displayed as Dth),d2eef3c517898b0f7e89817593d54eb118dd468faadfcbf3623b1e100402c9ce,https://pipeline2.kindermorgan.com/Capacity/OpAvailSegment.aspx?code=TGP,data/raw/km_tgp_segment_capacity/2026/08/31/d2eef3c517898b0f7e89817593d54eb118dd468faadfcbf3623b1e100402c9ce.xlsx,km_tgp_segment_capacity:1788187487739205000:d2eef3c517898b0f7e89817593d54eb118dd468faadfcbf3623b1e100402c9ce
segment,,2026-08-31,2026-08-31T14:00:00.000000Z,2026-08-31T09:00:00,EVENING,,139,STA 40 SOUTH,00,,TGP:SEG:139,TD2,920500,874518.0,0.0,874518.0,True,True,,True,2026-08-31T01:47:00.000000Z,2026-08-31T14:44:47.739205Z,2026-08-31T14:44:47.739205Z,Million BTU's (displayed as Dth),d2eef3c517898b0f7e89817593d54eb118dd468faadfcbf3623b1e100402c9ce,https://pipeline2.kindermorgan.com/Capacity/OpAvailSegment.aspx?code=TGP,data/raw/km_tgp_segment_capacity/2026/08/31/d2eef3c517898b0f7e89817593d54eb118dd468faadfcbf3623b1e100402c9ce.xlsx,km_tgp_segment_capacity:1788187487739205000:d2eef3c517898b0f7e89817593d54eb118dd468faadfcbf3623b1e100402c9ce
segment,,2026-08-31,2026-08-31T14:00:00.000000Z,2026-08-31T09:00:00,EVENING,,140,STA 40 NORTH,01,,TGP:SEG:140,TD1,1361734,1342734.0,593108.0,749626.0,False,True,,True,2026-08-31T01:47:00.000000Z,2026-08-31T14:44:47.739205Z,2026-08-31T14:44:47.739205Z,Million BTU's (displayed as Dth),d2eef3c517898b0f7e89817593d54eb118dd468faadfcbf3623b1e100402c9ce,https://pipeline2.kindermorgan.com/Capacity/OpAvailSegment.aspx?code=TGP,data/raw/km_tgp_segment_capacity/2026/08/31/d2eef3c517898b0f7e89817593d54eb118dd468faadfcbf3623b1e100402c9ce.xlsx,km_tgp_segment_capacity:1788187487739205000:d2eef3c517898b0f7e89817593d54eb118dd468faadfcbf3623b1e100402c9ce
segment,,2026-08-31,2026-08-31T14:00:00.000000Z,2026-08-31T09:00:00,EVENING,,140,STA 40 NORTH,01,,TGP:SEG:140,TD2,1084591,1038609.0,0.0,1038609.0,True,True,,True,2026-08-31T01:47:00.000000Z,2026-08-31T14:44:47.739205Z,2026-08-31T14:44:47.739205Z,Million BTU's (displayed as Dth),d2eef3c517898b0f7e89817593d54eb118dd468faadfcbf3623b1e100402c9ce,https://pipeline2.kindermorgan.com/Capacity/OpAvailSegment.aspx?code=TGP,data/raw/km_tgp_segment_capacity/2026/08/31/d2eef3c517898b0f7e89817593d54eb118dd468faadfcbf3623b1e100402c9ce.xlsx,km_tgp_segment_capacity:1788187487739205000:d2eef3c517898b0f7e89817593d54eb118dd468faadfcbf3623b1e100402c9ce
segment,,2026-08-31,2026-08-31T14:00:00.000000Z,2026-08-31T09:00:00,EVENING,,141,MLV 43A BEAR CREEK LATERAL,01,,TGP:SEG:141,TD1,870000,870000.0,0.0,870000.0,False,True,,True,2026-08-31T01:47:00.000000Z,2026-08-31T14:44:47.739205Z,2026-08-31T14:44:47.739205Z,Million BTU's (displayed as Dth),d2eef3c517898b0f7e89817593d54eb118dd468faadfcbf3623b1e100402c9ce,https://pipeline2.kindermorgan.com/Capacity/OpAvailSegment.aspx?code=TGP,data/raw/km_tgp_segment_capacity/2026/08/31/d2eef3c517898b0f7e89817593d54eb118dd468faadfcbf3623b1e100402c9ce.xlsx,km_tgp_segment_capacity:1788187487739205000:d2eef3c517898b0f7e89817593d54eb118dd468faadfcbf3623b1e100402c9ce
segment,,2026-08-31,2026-08-31T14:00:00.000000Z,2026-08-31T09:00:00,EVENING,,141,MLV 43A BEAR CREEK LATERAL,01,,TGP:SEG:141,TD2,870000,807236.0,375.0,806861.0,True,True,,True,2026-08-31T01:47:00.000000Z,2026-08-31T14:44:47.739205Z,2026-08-31T14:44:47.739205Z,Million BTU's (displayed as Dth),d2eef3c517898b0f7e89817593d54eb118dd468faadfcbf3623b1e100402c9ce,https://pipeline2.kindermorgan.com/Capacity/OpAvailSegment.aspx?code=TGP,data/raw/km_tgp_segment_capacity/2026/08/31/d2eef3c517898b0f7e89817593d54eb118dd468faadfcbf3623b1e100402c9ce.xlsx,km_tgp_segment_capacity:1788187487739205000:d2eef3c517898b0f7e89817593d54eb118dd468faadfcbf3623b1e100402c9ce
segment,,2026-08-31,2026-08-31T14:00:00.000000Z,2026-08-31T09:00:00,EVENING,,143,MLV 43,01,,TGP:SEG:143,TD1,1643144,1342144.0,592733.0,749411.0,False,True,,True,2026-08-31T01:47:00.000000Z,2026-08-31T14:44:47.739205Z,2026-08-31T14:44:47.739205Z,Million BTU's (displayed as Dth),d2eef3c517898b0f7e89817593d54eb118dd468faadfcbf3623b1e100402c9ce,https://pipeline2.kindermorgan.com/Capacity/OpAvailSegment.aspx?code=TGP,data/raw/km_tgp_segment_capacity/2026/08/31/d2eef3c517898b0f7e89817593d54eb118dd468faadfcbf3623b1e100402c9ce.xlsx,km_tgp_segment_capacity:1788187487739205000:d2eef3c517898b0f7e89817593d54eb118dd468faadfcbf3623b1e100402c9ce
segment,,2026-08-31,2026-08-31T14:00:00.000000Z,2026-08-31T09:00:00,EVENING,,143,STA 47,01,,TGP:SEG:143,TD1,1644928,1045000.0,592734.0,452266.0,False,True,,True,2026-08-31T01:47:00.000000Z,2026-08-31T14:44:47.739205Z,2026-08-31T14:44:47.739205Z,Million BTU's (displayed as Dth),d2eef3c517898b0f7e89817593d54eb118dd468faadfcbf3623b1e100402c9ce,https://pipeline2.kindermorgan.com/Capacity/OpAvailSegment.aspx?code=TGP,data/raw/km_tgp_segment_capacity/2026/08/31/d2eef3c517898b0f7e89817593d54eb118dd468faadfcbf3623b1e100402c9ce.xlsx,km_tgp_segment_capacity:1788187487739205000:d2eef3c517898b0f7e89817593d54eb118dd468faadfcbf3623b1e100402c9ce
segment,,2026-08-31,2026-08-31T14:00:00.000000Z,2026-08-31T09:00:00,EVENING,,143,MLV 43,01,,TGP:SEG:143,TD2,1101373,1038609.0,0.0,1038609.0,True,True,,True,2026-08-31T01:47:00.000000Z,2026-08-31T14:44:47.739205Z,2026-08-31T14:44:47.739205Z,Million BTU's (displayed as Dth),d2eef3c517898b0f7e89817593d54eb118dd468faadfcbf3623b1e100402c9ce,https://pipeline2.kindermorgan.com/Capacity/OpAvailSegment.aspx?code=TGP,data/raw/km_tgp_segment_capacity/2026/08/31/d2eef3c517898b0f7e89817593d54eb118dd468faadfcbf3623b1e100402c9ce.xlsx,km_tgp_segment_capacity:1788187487739205000:d2eef3c517898b0f7e89817593d54eb118dd468faadfcbf3623b1e100402c9ce
segment,,2026-08-31,2026-08-31T14:00:00.000000Z,2026-08-31T09:00:00,EVENING,,163,STA 63,01,,TGP:SEG:163,TD1,1524554,901000.0,485499.0,415501.0,False,True,,True,2026-08-31T01:47:00.000000Z,2026-08-31T14:44:47.739205Z,2026-08-31T14:44:47.739205Z,Million BTU's (displayed as Dth),d2eef3c517898b0f7e89817593d54eb118dd468faadfcbf3623b1e100402c9ce,https://pipeline2.kindermorgan.com/Capacity/OpAvailSegment.aspx?code=TGP,data/raw/km_tgp_segment_capacity/2026/08/31/d2eef3c517898b0f7e89817593d54eb118dd468faadfcbf3623b1e100402c9ce.xlsx,km_tgp_segment_capacity:1788187487739205000:d2eef3c517898b0f7e89817593d54eb118dd468faadfcbf3623b1e100402c9ce
segment,,2026-08-31,2026-08-31T14:00:00.000000Z,2026-08-31T09:00:00,EVENING,,163,STA 87 SOUTH,01,,TGP:SEG:163,TD1,1205212,923212.0,30582.0,892630.0,False,True,,True,2026-08-31T01:47:00.000000Z,2026-08-31T14:44:47.739205Z,2026-08-31T14:44:47.739205Z,Million BTU's (displayed as Dth),d2eef3c517898b0f7e89817593d54eb118dd468faadfcbf3623b1e100402c9ce,https://pipeline2.kindermorgan.com/Capacity/OpAvailSegment.aspx?code=TGP,data/raw/km_tgp_segment_capacity/2026/08/31/d2eef3c517898b0f7e89817593d54eb118dd468faadfcbf3623b1e100402c9ce.xlsx,km_tgp_segment_capacity:1788187487739205000:d2eef3c517898b0f7e89817593d54eb118dd468faadfcbf3623b1e100402c9ce
segment,,2026-08-31,2026-08-31T14:00:00.000000Z,2026-08-31T09:00:00,EVENING,,163,MLV 83E CUMBERLAND LATERAL,01,,TGP:SEG:163,TD1,245040,245040.0,50000.0,195040.0,False,True,,True,2026-08-31T01:47:00.000000Z,2026-08-31T14:44:47.739205Z,2026-08-31T14:44:47.739205Z,Million BTU's (displayed as Dth),d2eef3c517898b0f7e89817593d54eb118dd468faadfcbf3623b1e100402c9ce,https://pipeline2.kindermorgan.com/Capacity/OpAvailSegment.aspx?code=TGP,data/raw/km_tgp_segment_capacity/2026/08/31/d2eef3c517898b0f7e89817593d54eb118dd468faadfcbf3623b1e100402c9ce.xlsx,km_tgp_segment_capacity:1788187487739205000:d2eef3c517898b0f7e89817593d54eb118dd468faadfcbf3623b1e100402c9ce
segment,,2026-08-31,2026-08-31T14:00:00.000000Z,2026-08-31T09:00:00,EVENING,,163,STA 87 SOUTH,01,,TGP:SEG:163,TD2,1433714,1370950.0,0.0,1370950.0,True,True,,True,2026-08-31T01:47:00.000000Z,2026-08-31T14:44:47.739205Z,2026-08-31T14:44:47.739205Z,Million BTU's (displayed as Dth),d2eef3c517898b0f7e89817593d54eb118dd468faadfcbf3623b1e100402c9ce,https://pipeline2.kindermorgan.com/Capacity/OpAvailSegment.aspx?code=TGP,data/raw/km_tgp_segment_capacity/2026/08/31/d2eef3c517898b0f7e89817593d54eb118dd468faadfcbf3623b1e100402c9ce.xlsx,km_tgp_segment_capacity:1788187487739205000:d2eef3c517898b0f7e89817593d54eb118dd468faadfcbf3623b1e100402c9ce
segment,,2026-08-31,2026-08-31T14:00:00.000000Z,2026-08-31T09:00:00,EVENING,,187,STA 110 SOUTH,02,,TGP:SEG:187,TD1,2403168,2403168.0,0.0,2403168.0,True,True,,True,2026-08-31T01:47:00.000000Z,2026-08-31T14:44:47.739205Z,2026-08-31T14:44:47.739205Z,Million BTU's (displayed as Dth),d2eef3c517898b0f7e89817593d54eb118dd468faadfcbf3623b1e100402c9ce,https://pipeline2.kindermorgan.com/Capacity/OpAvailSegment.aspx?code=TGP,data/raw/km_tgp_segment_capacity/2026/08/31/d2eef3c517898b0f7e89817593d54eb118dd468faadfcbf3623b1e100402c9ce.xlsx,km_tgp_segment_capacity:1788187487739205000:d2eef3c517898b0f7e89817593d54eb118dd468faadfcbf3623b1e100402c9ce
segment,,2026-08-31,2026-08-31T14:00:00.000000Z,2026-08-31T09:00:00,EVENING,,187,STA 110 SOUTH,02,,TGP:SEG:187,TD2,2685557,2278000.0,1851449.0,426551.0,False,True,,True,2026-08-31T01:47:00.000000Z,2026-08-31T14:44:47.739205Z,2026-08-31T14:44:47.739205Z,Million BTU's (displayed as Dth),d2eef3c517898b0f7e89817593d54eb118dd468faadfcbf3623b1e100402c9ce,https://pipeline2.kindermorgan.com/Capacity/OpAvailSegment.aspx?code=TGP,data/raw/km_tgp_segment_capacity/2026/08/31/d2eef3c517898b0f7e89817593d54eb118dd468faadfcbf3623b1e100402c9ce.xlsx,km_tgp_segment_capacity:1788187487739205000:d2eef3c517898b0f7e89817593d54eb118dd468faadfcbf3623b1e100402c9ce
segment,,2026-08-31,2026-08-31T14:00:00.000000Z,2026-08-31T09:00:00,EVENING,,200,STA 200,04,,TGP:SEG:200,TD1,1550695,1550695.0,0.0,1550695.0,True,True,,True,2026-08-31T01:47:00.000000Z,2026-08-31T14:44:47.739205Z,2026-08-31T14:44:47.739205Z,Million BTU's (displayed as Dth),d2eef3c517898b0f7e89817593d54eb118dd468faadfcbf3623b1e100402c9ce,https://pipeline2.kindermorgan.com/Capacity/OpAvailSegment.aspx?code=TGP,data/raw/km_tgp_segment_capacity/2026/08/31/d2eef3c517898b0f7e89817593d54eb118dd468faadfcbf3623b1e100402c9ce.xlsx,km_tgp_segment_capacity:1788187487739205000:d2eef3c517898b0f7e89817593d54eb118dd468faadfcbf3623b1e100402c9ce
segment,,2026-08-31,2026-08-31T14:00:00.000000Z,2026-08-31T09:00:00,EVENING,,200,STA 200,04,,TGP:SEG:200,TD2,1766255,1766255.0,1589147.0,177108.0,False,True,,True,2026-08-31T01:47:00.000000Z,2026-08-31T14:44:47.739205Z,2026-08-31T14:44:47.739205Z,Million BTU's (displayed as Dth),d2eef3c517898b0f7e89817593d54eb118dd468faadfcbf3623b1e100402c9ce,https://pipeline2.kindermorgan.com/Capacity/OpAvailSegment.aspx?code=TGP,data/raw/km_tgp_segment_capacity/2026/08/31/d2eef3c517898b0f7e89817593d54eb118dd468faadfcbf3623b1e100402c9ce.xlsx,km_tgp_segment_capacity:1788187487739205000:d2eef3c517898b0f7e89817593d54eb118dd468faadfcbf3623b1e100402c9ce
segment,,2026-08-31,2026-08-31T14:00:00.000000Z,2026-08-31T09:00:00,EVENING,,204,STA 204,04,,TGP:SEG:204,TD1,1678945,1678945.0,0.0,1678945.0,True,True,,True,2026-08-31T01:47:00.000000Z,2026-08-31T14:44:47.739205Z,2026-08-31T14:44:47.739205Z,Million BTU's (displayed as Dth),d2eef3c517898b0f7e89817593d54eb118dd468faadfcbf3623b1e100402c9ce,https://pipeline2.kindermorgan.com/Capacity/OpAvailSegment.aspx?code=TGP,data/raw/km_tgp_segment_capacity/2026/08/31/d2eef3c517898b0f7e89817593d54eb118dd468faadfcbf3623b1e100402c9ce.xlsx,km_tgp_segment_capacity:1788187487739205000:d2eef3c517898b0f7e89817593d54eb118dd468faadfcbf3623b1e100402c9ce
segment,,2026-08-31,2026-08-31T14:00:00.000000Z,2026-08-31T09:00:00,EVENING,,204,STA 204,04,,TGP:SEG:204,TD2,1828955,1795000.0,1755372.0,39628.0,False,True,,True,2026-08-31T01:47:00.000000Z,2026-08-31T14:44:47.739205Z,2026-08-31T14:44:47.739205Z,Million BTU's (displayed as Dth),d2eef3c517898b0f7e89817593d54eb118dd468faadfcbf3623b1e100402c9ce,https://pipeline2.kindermorgan.com/Capacity/OpAvailSegment.aspx?code=TGP,data/raw/km_tgp_segment_capacity/2026/08/31/d2eef3c517898b0f7e89817593d54eb118dd468faadfcbf3623b1e100402c9ce.xlsx,km_tgp_segment_capacity:1788187487739205000:d2eef3c517898b0f7e89817593d54eb118dd468faadfcbf3623b1e100402c9ce
segment,,2026-08-31,2026-08-31T14:00:00.000000Z,2026-08-31T09:00:00,EVENING,,209,STA 209,04,,TGP:SEG:209,TD1,1678945,1678945.0,0.0,1678945.0,True,True,,True,2026-08-31T01:47:00.000000Z,2026-08-31T14:44:47.739205Z,2026-08-31T14:44:47.739205Z,Million BTU's (displayed as Dth),d2eef3c517898b0f7e89817593d54eb118dd468faadfcbf3623b1e100402c9ce,https://pipeline2.kindermorgan.com/Capacity/OpAvailSegment.aspx?code=TGP,data/raw/km_tgp_segment_capacity/2026/08/31/d2eef3c517898b0f7e89817593d54eb118dd468faadfcbf3623b1e100402c9ce.xlsx,km_tgp_segment_capacity:1788187487739205000:d2eef3c517898b0f7e89817593d54eb118dd468faadfcbf3623b1e100402c9ce
segment,,2026-08-31,2026-08-31T14:00:00.000000Z,2026-08-31T09:00:00,EVENING,,209,STA 209,04,,TGP:SEG:209,TD2,1828955,1828955.0,1755030.0,73925.0,False,True,,True,2026-08-31T01:47:00.000000Z,2026-08-31T14:44:47.739205Z,2026-08-31T14:44:47.739205Z,Million BTU's (displayed as Dth),d2eef3c517898b0f7e89817593d54eb118dd468faadfcbf3623b1e100402c9ce,https://pipeline2.kindermorgan.com/Capacity/OpAvailSegment.aspx?code=TGP,data/raw/km_tgp_segment_capacity/2026/08/31/d2eef3c517898b0f7e89817593d54eb118dd468faadfcbf3623b1e100402c9ce.xlsx,km_tgp_segment_capacity:1788187487739205000:d2eef3c517898b0f7e89817593d54eb118dd468faadfcbf3623b1e100402c9ce
segment,,2026-08-31,2026-08-31T14:00:00.000000Z,2026-08-31T09:00:00,EVENING,,212,MLV 212,04,,TGP:SEG:212,TD1,1678945,1678945.0,0.0,1678945.0,True,True,,True,2026-08-31T01:47:00.000000Z,2026-08-31T14:44:47.739205Z,2026-08-31T14:44:47.739205Z,Million BTU's (displayed as Dth),d2eef3c517898b0f7e89817593d54eb118dd468faadfcbf3623b1e100402c9ce,https://pipeline2.kindermorgan.com/Capacity/OpAvailSegment.aspx?code=TGP,data/raw/km_tgp_segment_capacity/2026/08/31/d2eef3c517898b0f7e89817593d54eb118dd468faadfcbf3623b1e100402c9ce.xlsx,km_tgp_segment_capacity:1788187487739205000:d2eef3c517898b0f7e89817593d54eb118dd468faadfcbf3623b1e100402c9ce
segment,,2026-08-31,2026-08-31T14:00:00.000000Z,2026-08-31T09:00:00,EVENING,,212,MLV 212,04,,TGP:SEG:212,TD2,1853955,1853955.0,1744179.0,109776.0,False,True,,True,2026-08-31T01:47:00.000000Z,2026-08-31T14:44:47.739205Z,2026-08-31T14:44:47.739205Z,Million BTU's (displayed as Dth),d2eef3c517898b0f7e89817593d54eb118dd468faadfcbf3623b1e100402c9ce,https://pipeline2.kindermorgan.com/Capacity/OpAvailSegment.aspx?code=TGP,data/raw/km_tgp_segment_capacity/2026/08/31/d2eef3c517898b0f7e89817593d54eb118dd468faadfcbf3623b1e100402c9ce.xlsx,km_tgp_segment_capacity:1788187487739205000:d2eef3c517898b0f7e89817593d54eb118dd468faadfcbf3623b1e100402c9ce
segment,,2026-08-31,2026-08-31T14:00:00.000000Z,2026-08-31T09:00:00,EVENING,,214,STA 214,04,,TGP:SEG:214,TD1,1678945,1678945.0,0.0,1678945.0,True,True,,True,2026-08-31T01:47:00.000000Z,2026-08-31T14:44:47.739205Z,2026-08-31T14:44:47.739205Z,Million BTU's (displayed as Dth),d2eef3c517898b0f7e89817593d54eb118dd468faadfcbf3623b1e100402c9ce,https://pipeline2.kindermorgan.com/Capacity/OpAvailSegment.aspx?code=TGP,data/raw/km_tgp_segment_capacity/2026/08/31/d2eef3c517898b0f7e89817593d54eb118dd468faadfcbf3623b1e100402c9ce.xlsx,km_tgp_segment_capacity:1788187487739205000:d2eef3c517898b0f7e89817593d54eb118dd468faadfcbf3623b1e100402c9ce
segment,,2026-08-31,2026-08-31T14:00:00.000000Z,2026-08-31T09:00:00,EVENING,,214,STA 214,04,,TGP:SEG:214,TD2,1853955,1853955.0,1523988.0,329967.0,True,True,,True,2026-08-31T01:47:00.000000Z,2026-08-31T14:44:47.739205Z,2026-08-31T14:44:47.739205Z,Million BTU's (displayed as Dth),d2eef3c517898b0f7e89817593d54eb118dd468faadfcbf3623b1e100402c9ce,https://pipeline2.kindermorgan.com/Capacity/OpAvailSegment.aspx?code=TGP,data/raw/km_tgp_segment_capacity/2026/08/31/d2eef3c517898b0f7e89817593d54eb118dd468faadfcbf3623b1e100402c9ce.xlsx,km_tgp_segment_capacity:1788187487739205000:d2eef3c517898b0f7e89817593d54eb118dd468faadfcbf3623b1e100402c9ce
segment,,2026-08-31,2026-08-31T14:00:00.000000Z,2026-08-31T09:00:00,EVENING,,216,MLV 216,04,,TGP:SEG:216,TD1,1678945,1678945.0,0.0,1678945.0,True,True,,True,2026-08-31T01:47:00.000000Z,2026-08-31T14:44:47.739205Z,2026-08-31T14:44:47.739205Z,Million BTU's (displayed as Dth),d2eef3c517898b0f7e89817593d54eb118dd468faadfcbf3623b1e100402c9ce,https://pipeline2.kindermorgan.com/Capacity/OpAvailSegment.aspx?code=TGP,data/raw/km_tgp_segment_capacity/2026/08/31/d2eef3c517898b0f7e89817593d54eb118dd468faadfcbf3623b1e100402c9ce.xlsx,km_tgp_segment_capacity:1788187487739205000:d2eef3c517898b0f7e89817593d54eb118dd468faadfcbf3623b1e100402c9ce
segment,,2026-08-31,2026-08-31T14:00:00.000000Z,2026-08-31T09:00:00,EVENING,,216,MLV 216,04,,TGP:SEG:216,TD2,1540955,1540955.0,1063672.0,477283.0,True,True,,True,2026-08-31T01:47:00.000000Z,2026-08-31T14:44:47.739205Z,2026-08-31T14:44:47.739205Z,Million BTU's (displayed as Dth),d2eef3c517898b0f7e89817593d54eb118dd468faadfcbf3623b1e100402c9ce,https://pipeline2.kindermorgan.com/Capacity/OpAvailSegment.aspx?code=TGP,data/raw/km_tgp_segment_capacity/2026/08/31/d2eef3c517898b0f7e89817593d54eb118dd468faadfcbf3623b1e100402c9ce.xlsx,km_tgp_segment_capacity:1788187487739205000:d2eef3c517898b0f7e89817593d54eb118dd468faadfcbf3623b1e100402c9ce
segment,,2026-08-31,2026-08-31T14:00:00.000000Z,2026-08-31T09:00:00,EVENING,,217,MLV 217,04,,TGP:SEG:217,TD1,1777242,1777242.0,0.0,1777242.0,True,True,,True,2026-08-31T01:47:00.000000Z,2026-08-31T14:44:47.739205Z,2026-08-31T14:44:47.739205Z,Million BTU's (displayed as Dth),d2eef3c517898b0f7e89817593d54eb118dd468faadfcbf3623b1e100402c9ce,https://pipeline2.kindermorgan.com/Capacity/OpAvailSegment.aspx?code=TGP,data/raw/km_tgp_segment_capacity/2026/08/31/d2eef3c517898b0f7e89817593d54eb118dd468faadfcbf3623b1e100402c9ce.xlsx,km_tgp_segment_capacity:1788187487739205000:d2eef3c517898b0f7e89817593d54eb118dd468faadfcbf3623b1e100402c9ce
segment,,2026-08-31,2026-08-31T14:00:00.000000Z,2026-08-31T09:00:00,EVENING,,217,MLV 217,04,,TGP:SEG:217,TD2,1552555,1552555.0,950012.0,602543.0,True,True,,True,2026-08-31T01:47:00.000000Z,2026-08-31T14:44:47.739205Z,2026-08-31T14:44:47.739205Z,Million BTU's (displayed as Dth),d2eef3c517898b0f7e89817593d54eb118dd468faadfcbf3623b1e100402c9ce,https://pipeline2.kindermorgan.com/Capacity/OpAvailSegment.aspx?code=TGP,data/raw/km_tgp_segment_capacity/2026/08/31/d2eef3c517898b0f7e89817593d54eb118dd468faadfcbf3623b1e100402c9ce.xlsx,km_tgp_segment_capacity:1788187487739205000:d2eef3c517898b0f7e89817593d54eb118dd468faadfcbf3623b1e100402c9ce
segment,,2026-08-31,2026-08-31T14:00:00.000000Z,2026-08-31T09:00:00,EVENING,,219,STA 219 NORTH,04,,TGP:SEG:219,TD1,539634,539634.0,90520.0,449114.0,True,True,,True,2026-08-31T01:47:00.000000Z,2026-08-31T14:44:47.739205Z,2026-08-31T14:44:47.739205Z,Million BTU's (displayed as Dth),d2eef3c517898b0f7e89817593d54eb118dd468faadfcbf3623b1e100402c9ce,https://pipeline2.kindermorgan.com/Capacity/OpAvailSegment.aspx?code=TGP,data/raw/km_tgp_segment_capacity/2026/08/31/d2eef3c517898b0f7e89817593d54eb118dd468faadfcbf3623b1e100402c9ce.xlsx,km_tgp_segment_capacity:1788187487739205000:d2eef3c517898b0f7e89817593d54eb118dd468faadfcbf3623b1e100402c9ce
segment,,2026-08-31,2026-08-31T14:00:00.000000Z,2026-08-31T09:00:00,EVENING,,219,STA 219 NORTH,04,,TGP:SEG:219,TD2,162039,162039.0,0.0,162039.0,True,True,,True,2026-08-31T01:47:00.000000Z,2026-08-31T14:44:47.739205Z,2026-08-31T14:44:47.739205Z,Million BTU's (displayed as Dth),d2eef3c517898b0f7e89817593d54eb118dd468faadfcbf3623b1e100402c9ce,https://pipeline2.kindermorgan.com/Capacity/OpAvailSegment.aspx?code=TGP,data/raw/km_tgp_segment_capacity/2026/08/31/d2eef3c517898b0f7e89817593d54eb118dd468faadfcbf3623b1e100402c9ce.xlsx,km_tgp_segment_capacity:1788187487739205000:d2eef3c517898b0f7e89817593d54eb118dd468faadfcbf3623b1e100402c9ce
segment,,2026-08-31,2026-08-31T14:00:00.000000Z,2026-08-31T09:00:00,EVENING,,224,STA 224,05,,TGP:SEG:224,TD1,388634,388634.0,63311.0,325323.0,True,True,,True,2026-08-31T01:47:00.000000Z,2026-08-31T14:44:47.739205Z,2026-08-31T14:44:47.739205Z,Million BTU's (displayed as Dth),d2eef3c517898b0f7e89817593d54eb118dd468faadfcbf3623b1e100402c9ce,https://pipeline2.kindermorgan.com/Capacity/OpAvailSegment.aspx?code=TGP,data/raw/km_tgp_segment_capacity/2026/08/31/d2eef3c517898b0f7e89817593d54eb118dd468faadfcbf3623b1e100402c9ce.xlsx,km_tgp_segment_capacity:1788187487739205000:d2eef3c517898b0f7e89817593d54eb118dd468faadfcbf3623b1e100402c9ce
segment,,2026-08-31,2026-08-31T14:00:00.000000Z,2026-08-31T09:00:00,EVENING,,224,STA 224,05,,TGP:SEG:224,TD2,162034,162034.0,0.0,162034.0,True,True,,True,2026-08-31T01:47:00.000000Z,2026-08-31T14:44:47.739205Z,2026-08-31T14:44:47.739205Z,Million BTU's (displayed as Dth),d2eef3c517898b0f7e89817593d54eb118dd468faadfcbf3623b1e100402c9ce,https://pipeline2.kindermorgan.com/Capacity/OpAvailSegment.aspx?code=TGP,data/raw/km_tgp_segment_capacity/2026/08/31/d2eef3c517898b0f7e89817593d54eb118dd468faadfcbf3623b1e100402c9ce.xlsx,km_tgp_segment_capacity:1788187487739205000:d2eef3c517898b0f7e89817593d54eb118dd468faadfcbf3623b1e100402c9ce
segment,,2026-08-31,2026-08-31T14:00:00.000000Z,2026-08-31T09:00:00,EVENING,,230,MLV 230,05,,TGP:SEG:230,TD1,459728,459728.0,0.0,459728.0,True,True,,True,2026-08-31T01:47:00.000000Z,2026-08-31T14:44:47.739205Z,2026-08-31T14:44:47.739205Z,Million BTU's (displayed as Dth),d2eef3c517898b0f7e89817593d54eb118dd468faadfcbf3623b1e100402c9ce,https://pipeline2.kindermorgan.com/Capacity/OpAvailSegment.aspx?code=TGP,data/raw/km_tgp_segment_capacity/2026/08/31/d2eef3c517898b0f7e89817593d54eb118dd468faadfcbf3623b1e100402c9ce.xlsx,km_tgp_segment_capacity:1788187487739205000:d2eef3c517898b0f7e89817593d54eb118dd468faadfcbf3623b1e100402c9ce
segment,,2026-08-31,2026-08-31T14:00:00.000000Z,2026-08-31T09:00:00,EVENING,,230,MLV 230,05,,TGP:SEG:230,TD2,326673,326673.0,117393.0,209280.0,True,True,,True,2026-08-31T01:47:00.000000Z,2026-08-31T14:44:47.739205Z,2026-08-31T14:44:47.739205Z,Million BTU's (displayed as Dth),d2eef3c517898b0f7e89817593d54eb118dd468faadfcbf3623b1e100402c9ce,https://pipeline2.kindermorgan.com/Capacity/OpAvailSegment.aspx?code=TGP,data/raw/km_tgp_segment_capacity/2026/08/31/d2eef3c517898b0f7e89817593d54eb118dd468faadfcbf3623b1e100402c9ce.xlsx,km_tgp_segment_capacity:1788187487739205000:d2eef3c517898b0f7e89817593d54eb118dd468faadfcbf3623b1e100402c9ce
segment,,2026-08-31,2026-08-31T14:00:00.000000Z,2026-08-31T09:00:00,EVENING,,233,STA 233,05,,TGP:SEG:233,TD1,459728,459728.0,0.0,459728.0,True,True,,True,2026-08-31T01:47:00.000000Z,2026-08-31T14:44:47.739205Z,2026-08-31T14:44:47.739205Z,Million BTU's (displayed as Dth),d2eef3c517898b0f7e89817593d54eb118dd468faadfcbf3623b1e100402c9ce,https://pipeline2.kindermorgan.com/Capacity/OpAvailSegment.aspx?code=TGP,data/raw/km_tgp_segment_capacity/2026/08/31/d2eef3c517898b0f7e89817593d54eb118dd468faadfcbf3623b1e100402c9ce.xlsx,km_tgp_segment_capacity:1788187487739205000:d2eef3c517898b0f7e89817593d54eb118dd468faadfcbf3623b1e100402c9ce
segment,,2026-08-31,2026-08-31T14:00:00.000000Z,2026-08-31T09:00:00,EVENING,,233,STA 233,05,,TGP:SEG:233,TD2,326673,326673.0,117393.0,209280.0,True,True,,True,2026-08-31T01:47:00.000000Z,2026-08-31T14:44:47.739205Z,2026-08-31T14:44:47.739205Z,Million BTU's (displayed as Dth),d2eef3c517898b0f7e89817593d54eb118dd468faadfcbf3623b1e100402c9ce,https://pipeline2.kindermorgan.com/Capacity/OpAvailSegment.aspx?code=TGP,data/raw/km_tgp_segment_capacity/2026/08/31/d2eef3c517898b0f7e89817593d54eb118dd468faadfcbf3623b1e100402c9ce.xlsx,km_tgp_segment_capacity:1788187487739205000:d2eef3c517898b0f7e89817593d54eb118dd468faadfcbf3623b1e100402c9ce
segment,,2026-08-31,2026-08-31T14:00:00.000000Z,2026-08-31T09:00:00,EVENING,,237,STA 237,05,,TGP:SEG:237,TD1,1002648,976748.0,780328.0,196420.0,True,True,,True,2026-08-31T01:47:00.000000Z,2026-08-31T14:44:47.739205Z,2026-08-31T14:44:47.739205Z,Million BTU's (displayed as Dth),d2eef3c517898b0f7e89817593d54eb118dd468faadfcbf3623b1e100402c9ce,https://pipeline2.kindermorgan.com/Capacity/OpAvailSegment.aspx?code=TGP,data/raw/km_tgp_segment_capacity/2026/08/31/d2eef3c517898b0f7e89817593d54eb118dd468faadfcbf3623b1e100402c9ce.xlsx,km_tgp_segment_capacity:1788187487739205000:d2eef3c517898b0f7e89817593d54eb118dd468faadfcbf3623b1e100402c9ce
segment,,2026-08-31,2026-08-31T14:00:00.000000Z,2026-08-31T09:00:00,EVENING,,237,STA 237 EAST OF Z5W POOL,05,,TGP:SEG:237,TD1,1016374,1006125.0,779933.0,226192.0,True,True,,True,2026-08-31T01:47:00.000000Z,2026-08-31T14:44:47.739205Z,2026-08-31T14:44:47.739205Z,Million BTU's (displayed as Dth),d2eef3c517898b0f7e89817593d54eb118dd468faadfcbf3623b1e100402c9ce,https://pipeline2.kindermorgan.com/Capacity/OpAvailSegment.aspx?code=TGP,data/raw/km_tgp_segment_capacity/2026/08/31/d2eef3c517898b0f7e89817593d54eb118dd468faadfcbf3623b1e100402c9ce.xlsx,km_tgp_segment_capacity:1788187487739205000:d2eef3c517898b0f7e89817593d54eb118dd468faadfcbf3623b1e100402c9ce
segment,,2026-08-31,2026-08-31T14:00:00.000000Z,2026-08-31T09:00:00,EVENING,,237,STA 237,05,,TGP:SEG:237,TD2,442222,442222.0,0.0,442222.0,True,True,,True,2026-08-31T01:47:00.000000Z,2026-08-31T14:44:47.739205Z,2026-08-31T14:44:47.739205Z,Million BTU's (displayed as Dth),d2eef3c517898b0f7e89817593d54eb118dd468faadfcbf3623b1e100402c9ce,https://pipeline2.kindermorgan.com/Capacity/OpAvailSegment.aspx?code=TGP,data/raw/km_tgp_segment_capacity/2026/08/31/d2eef3c517898b0f7e89817593d54eb118dd468faadfcbf3623b1e100402c9ce.xlsx,km_tgp_segment_capacity:1788187487739205000:d2eef3c517898b0f7e89817593d54eb118dd468faadfcbf3623b1e100402c9ce
segment,,2026-08-31,2026-08-31T14:00:00.000000Z,2026-08-31T09:00:00,EVENING,,237,STA 237 EAST OF Z5W POOL,05,,TGP:SEG:237,TD2,442222,442222.0,0.0,442222.0,True,True,,True,2026-08-31T01:47:00.000000Z,2026-08-31T14:44:47.739205Z,2026-08-31T14:44:47.739205Z,Million BTU's (displayed as Dth),d2eef3c517898b0f7e89817593d54eb118dd468faadfcbf3623b1e100402c9ce,https://pipeline2.kindermorgan.com/Capacity/OpAvailSegment.aspx?code=TGP,data/raw/km_tgp_segment_capacity/2026/08/31/d2eef3c517898b0f7e89817593d54eb118dd468faadfcbf3623b1e100402c9ce.xlsx,km_tgp_segment_capacity:1788187487739205000:d2eef3c517898b0f7e89817593d54eb118dd468faadfcbf3623b1e100402c9ce
segment,,2026-08-31,2026-08-31T14:00:00.000000Z,2026-08-31T09:00:00,EVENING,,241,STA 241,05,,TGP:SEG:241,TD1,1002648,976748.0,779179.0,197569.0,True,True,,True,2026-08-31T01:47:00.000000Z,2026-08-31T14:44:47.739205Z,2026-08-31T14:44:47.739205Z,Million BTU's (displayed as Dth),d2eef3c517898b0f7e89817593d54eb118dd468faadfcbf3623b1e100402c9ce,https://pipeline2.kindermorgan.com/Capacity/OpAvailSegment.aspx?code=TGP,data/raw/km_tgp_segment_capacity/2026/08/31/d2eef3c517898b0f7e89817593d54eb118dd468faadfcbf3623b1e100402c9ce.xlsx,km_tgp_segment_capacity:1788187487739205000:d2eef3c517898b0f7e89817593d54eb118dd468faadfcbf3623b1e100402c9ce
segment,,2026-08-31,2026-08-31T14:00:00.000000Z,2026-08-31T09:00:00,EVENING,,241,STA 241,05,,TGP:SEG:241,TD2,442222,442222.0,0.0,442222.0,True,True,,True,2026-08-31T01:47:00.000000Z,2026-08-31T14:44:47.739205Z,2026-08-31T14:44:47.739205Z,Million BTU's (displayed as Dth),d2eef3c517898b0f7e89817593d54eb118dd468faadfcbf3623b1e100402c9ce,https://pipeline2.kindermorgan.com/Capacity/OpAvailSegment.aspx?code=TGP,data/raw/km_tgp_segment_capacity/2026/08/31/d2eef3c517898b0f7e89817593d54eb118dd468faadfcbf3623b1e100402c9ce.xlsx,km_tgp_segment_capacity:1788187487739205000:d2eef3c517898b0f7e89817593d54eb118dd468faadfcbf3623b1e100402c9ce
segment,,2026-08-31,2026-08-31T14:00:00.000000Z,2026-08-31T09:00:00,EVENING,,245,STA 245,05,,TGP:SEG:245,TD1,1012248,970000.0,785990.0,184010.0,False,True,,True,2026-08-31T01:47:00.000000Z,2026-08-31T14:44:47.739205Z,2026-08-31T14:44:47.739205Z,Million BTU's (displayed as Dth),d2eef3c517898b0f7e89817593d54eb118dd468faadfcbf3623b1e100402c9ce,https://pipeline2.kindermorgan.com/Capacity/OpAvailSegment.aspx?code=TGP,data/raw/km_tgp_segment_capacity/2026/08/31/d2eef3c517898b0f7e89817593d54eb118dd468faadfcbf3623b1e100402c9ce.xlsx,km_tgp_segment_capacity:1788187487739205000:d2eef3c517898b0f7e89817593d54eb118dd468faadfcbf3623b1e100402c9ce
segment,,2026-08-31,2026-08-31T14:00:00.000000Z,2026-08-31T09:00:00,EVENING,,245,STA 245,05,,TGP:SEG:245,TD2,444622,444622.0,0.0,444622.0,True,True,,True,2026-08-31T01:47:00.000000Z,2026-08-31T14:44:47.739205Z,2026-08-31T14:44:47.739205Z,Million BTU's (displayed as Dth),d2eef3c517898b0f7e89817593d54eb118dd468faadfcbf3623b1e100402c9ce,https://pipeline2.kindermorgan.com/Capacity/OpAvailSegment.aspx?code=TGP,data/raw/km_tgp_segment_capacity/2026/08/31/d2eef3c517898b0f7e89817593d54eb118dd468faadfcbf3623b1e100402c9ce.xlsx,km_tgp_segment_capacity:1788187487739205000:d2eef3c517898b0f7e89817593d54eb118dd468faadfcbf3623b1e100402c9ce
segment,,2026-08-31,2026-08-31T14:00:00.000000Z,2026-08-31T09:00:00,EVENING,,249,STA 249,05,,TGP:SEG:249,TD1,1071632,1045732.0,784618.0,261114.0,False,True,,True,2026-08-31T01:47:00.000000Z,2026-08-31T14:44:47.739205Z,2026-08-31T14:44:47.739205Z,Million BTU's (displayed as Dth),d2eef3c517898b0f7e89817593d54eb118dd468faadfcbf3623b1e100402c9ce,https://pipeline2.kindermorgan.com/Capacity/OpAvailSegment.aspx?code=TGP,data/raw/km_tgp_segment_capacity/2026/08/31/d2eef3c517898b0f7e89817593d54eb118dd468faadfcbf3623b1e100402c9ce.xlsx,km_tgp_segment_capacity:1788187487739205000:d2eef3c517898b0f7e89817593d54eb118dd468faadfcbf3623b1e100402c9ce
segment,,2026-08-31,2026-08-31T14:00:00.000000Z,2026-08-31T09:00:00,EVENING,,249,MLV 256 WEST,05,,TGP:SEG:249,TD1,1228933,1203033.0,582284.0,620749.0,False,True,,True,2026-08-31T01:47:00.000000Z,2026-08-31T14:44:47.739205Z,2026-08-31T14:44:47.739205Z,Million BTU's (displayed as Dth),d2eef3c517898b0f7e89817593d54eb118dd468faadfcbf3623b1e100402c9ce,https://pipeline2.kindermorgan.com/Capacity/OpAvailSegment.aspx?code=TGP,data/raw/km_tgp_segment_capacity/2026/08/31/d2eef3c517898b0f7e89817593d54eb118dd468faadfcbf3623b1e100402c9ce.xlsx,km_tgp_segment_capacity:1788187487739205000:d2eef3c517898b0f7e89817593d54eb118dd468faadfcbf3623b1e100402c9ce
segment,,2026-08-31,2026-08-31T14:00:00.000000Z,2026-08-31T09:00:00,EVENING,,249,MLV 256 WEST,05,,TGP:SEG:249,TD2,340435,340435.0,0.0,340435.0,True,True,,True,2026-08-31T01:47:00.000000Z,2026-08-31T14:44:47.739205Z,2026-08-31T14:44:47.739205Z,Million BTU's (displayed as Dth),d2eef3c517898b0f7e89817593d54eb118dd468faadfcbf3623b1e100402c9ce,https://pipeline2.kindermorgan.com/Capacity/OpAvailSegment.aspx?code=TGP,data/raw/km_tgp_segment_capacity/2026/08/31/d2eef3c517898b0f7e89817593d54eb118dd468faadfcbf3623b1e100402c9ce.xlsx,km_tgp_segment_capacity:1788187487739205000:d2eef3c517898b0f7e89817593d54eb118dd468faadfcbf3623b1e100402c9ce
segment,,2026-08-31,2026-08-31T14:00:00.000000Z,2026-08-31T09:00:00,EVENING,,256,MLV 256 EAST,06,,TGP:SEG:256,TD1,1228933,1203033.0,582284.0,620749.0,False,True,,True,2026-08-31T01:47:00.000000Z,2026-08-31T14:44:47.739205Z,2026-08-31T14:44:47.739205Z,Million BTU's (displayed as Dth),d2eef3c517898b0f7e89817593d54eb118dd468faadfcbf3623b1e100402c9ce,https://pipeline2.kindermorgan.com/Capacity/OpAvailSegment.aspx?code=TGP,data/raw/km_tgp_segment_capacity/2026/08/31/d2eef3c517898b0f7e89817593d54eb118dd468faadfcbf3623b1e100402c9ce.xlsx,km_tgp_segment_capacity:1788187487739205000:d2eef3c517898b0f7e89817593d54eb118dd468faadfcbf3623b1e100402c9ce
segment,,2026-08-31,2026-08-31T14:00:00.000000Z,2026-08-31T09:00:00,EVENING,,256,MLV 256 EAST,06,,TGP:SEG:256,TD2,340435,340435.0,0.0,340435.0,True,True,,True,2026-08-31T01:47:00.000000Z,2026-08-31T14:44:47.739205Z,2026-08-31T14:44:47.739205Z,Million BTU's (displayed as Dth),d2eef3c517898b0f7e89817593d54eb118dd468faadfcbf3623b1e100402c9ce,https://pipeline2.kindermorgan.com/Capacity/OpAvailSegment.aspx?code=TGP,data/raw/km_tgp_segment_capacity/2026/08/31/d2eef3c517898b0f7e89817593d54eb118dd468faadfcbf3623b1e100402c9ce.xlsx,km_tgp_segment_capacity:1788187487739205000:d2eef3c517898b0f7e89817593d54eb118dd468faadfcbf3623b1e100402c9ce
segment,,2026-08-31,2026-08-31T14:00:00.000000Z,2026-08-31T09:00:00,EVENING,,260,STA 261 WEST,06,,,TD1,1169807,1148638.0,547593.0,601045.0,False,True,,True,2026-08-31T01:47:00.000000Z,2026-08-31T14:44:47.739205Z,2026-08-31T14:44:47.739205Z,Million BTU's (displayed as Dth),d2eef3c517898b0f7e89817593d54eb118dd468faadfcbf3623b1e100402c9ce,https://pipeline2.kindermorgan.com/Capacity/OpAvailSegment.aspx?code=TGP,data/raw/km_tgp_segment_capacity/2026/08/31/d2eef3c517898b0f7e89817593d54eb118dd468faadfcbf3623b1e100402c9ce.xlsx,km_tgp_segment_capacity:1788187487739205000:d2eef3c517898b0f7e89817593d54eb118dd468faadfcbf3623b1e100402c9ce
segment,,2026-08-31,2026-08-31T14:00:00.000000Z,2026-08-31T09:00:00,EVENING,,260,STA 261 WEST,06,,,TD2,381952,381952.0,0.0,381952.0,True,True,,True,2026-08-31T01:47:00.000000Z,2026-08-31T14:44:47.739205Z,2026-08-31T14:44:47.739205Z,Million BTU's (displayed as Dth),d2eef3c517898b0f7e89817593d54eb118dd468faadfcbf3623b1e100402c9ce,https://pipeline2.kindermorgan.com/Capacity/OpAvailSegment.aspx?code=TGP,data/raw/km_tgp_segment_capacity/2026/08/31/d2eef3c517898b0f7e89817593d54eb118dd468faadfcbf3623b1e100402c9ce.xlsx,km_tgp_segment_capacity:1788187487739205000:d2eef3c517898b0f7e89817593d54eb118dd468faadfcbf3623b1e100402c9ce
segment,,2026-08-31,2026-08-31T14:00:00.000000Z,2026-08-31T09:00:00,EVENING,,261,STA 261 DISCHARGE EAST,06,,TGP:SEG:261,TD1,898430,715000.0,439855.0,275145.0,False,True,,True,2026-08-31T01:47:00.000000Z,2026-08-31T14:44:47.739205Z,2026-08-31T14:44:47.739205Z,Million BTU's (displayed as Dth),d2eef3c517898b0f7e89817593d54eb118dd468faadfcbf3623b1e100402c9ce,https://pipeline2.kindermorgan.com/Capacity/OpAvailSegment.aspx?code=TGP,data/raw/km_tgp_segment_capacity/2026/08/31/d2eef3c517898b0f7e89817593d54eb118dd468faadfcbf3623b1e100402c9ce.xlsx,km_tgp_segment_capacity:1788187487739205000:d2eef3c517898b0f7e89817593d54eb118dd468faadfcbf3623b1e100402c9ce
segment,,2026-08-31,2026-08-31T14:00:00.000000Z,2026-08-31T09:00:00,EVENING,,261,STA 261 EAST,06,,TGP:SEG:261,TD2,405576,405576.0,0.0,405576.0,True,True,,True,2026-08-31T01:47:00.000000Z,2026-08-31T14:44:47.739205Z,2026-08-31T14:44:47.739205Z,Million BTU's (displayed as Dth),d2eef3c517898b0f7e89817593d54eb118dd468faadfcbf3623b1e100402c9ce,https://pipeline2.kindermorgan.com/Capacity/OpAvailSegment.aspx?code=TGP,data/raw/km_tgp_segment_capacity/2026/08/31/d2eef3c517898b0f7e89817593d54eb118dd468faadfcbf3623b1e100402c9ce.xlsx,km_tgp_segment_capacity:1788187487739205000:d2eef3c517898b0f7e89817593d54eb118dd468faadfcbf3623b1e100402c9ce
segment,,2026-08-31,2026-08-31T14:00:00.000000Z,2026-08-31T09:00:00,EVENING,,265,MLV 265,06,,TGP:SEG:265,TD1,789027,778778.0,301433.0,477345.0,False,True,,True,2026-08-31T01:47:00.000000Z,2026-08-31T14:44:47.739205Z,2026-08-31T14:44:47.739205Z,Million BTU's (displayed as Dth),d2eef3c517898b0f7e89817593d54eb118dd468faadfcbf3623b1e100402c9ce,https://pipeline2.kindermorgan.com/Capacity/OpAvailSegment.aspx?code=TGP,data/raw/km_tgp_segment_capacity/2026/08/31/d2eef3c517898b0f7e89817593d54eb118dd468faadfcbf3623b1e100402c9ce.xlsx,km_tgp_segment_capacity:1788187487739205000:d2eef3c517898b0f7e89817593d54eb118dd468faadfcbf3623b1e100402c9ce
segment,,2026-08-31,2026-08-31T14:00:00.000000Z,2026-08-31T09:00:00,EVENING,,265,MLV 265,06,,TGP:SEG:265,TD2,657906,657906.0,0.0,657906.0,True,True,,True,2026-08-31T01:47:00.000000Z,2026-08-31T14:44:47.739205Z,2026-08-31T14:44:47.739205Z,Million BTU's (displayed as Dth),d2eef3c517898b0f7e89817593d54eb118dd468faadfcbf3623b1e100402c9ce,https://pipeline2.kindermorgan.com/Capacity/OpAvailSegment.aspx?code=TGP,data/raw/km_tgp_segment_capacity/2026/08/31/d2eef3c517898b0f7e89817593d54eb118dd468faadfcbf3623b1e100402c9ce.xlsx,km_tgp_segment_capacity:1788187487739205000:d2eef3c517898b0f7e89817593d54eb118dd468faadfcbf3623b1e100402c9ce
segment,,2026-08-31,2026-08-31T14:00:00.000000Z,2026-08-31T09:00:00,EVENING,,266,STA 267 SOUTH,06,,TGP:SEG:266,TD1,460697,450448.0,228506.0,221942.0,True,True,,True,2026-08-31T01:47:00.000000Z,2026-08-31T14:44:47.739205Z,2026-08-31T14:44:47.739205Z,Million BTU's (displayed as Dth),d2eef3c517898b0f7e89817593d54eb118dd468faadfcbf3623b1e100402c9ce,https://pipeline2.kindermorgan.com/Capacity/OpAvailSegment.aspx?code=TGP,data/raw/km_tgp_segment_capacity/2026/08/31/d2eef3c517898b0f7e89817593d54eb118dd468faadfcbf3623b1e100402c9ce.xlsx,km_tgp_segment_capacity:1788187487739205000:d2eef3c517898b0f7e89817593d54eb118dd468faadfcbf3623b1e100402c9ce
segment,,2026-08-31,2026-08-31T14:00:00.000000Z,2026-08-31T09:00:00,EVENING,,266,STA 267 SOUTH,06,,TGP:SEG:266,TD2,673906,673906.0,0.0,673906.0,True,True,,True,2026-08-31T01:47:00.000000Z,2026-08-31T14:44:47.739205Z,2026-08-31T14:44:47.739205Z,Million BTU's (displayed as Dth),d2eef3c517898b0f7e89817593d54eb118dd468faadfcbf3623b1e100402c9ce,https://pipeline2.kindermorgan.com/Capacity/OpAvailSegment.aspx?code=TGP,data/raw/km_tgp_segment_capacity/2026/08/31/d2eef3c517898b0f7e89817593d54eb118dd468faadfcbf3623b1e100402c9ce.xlsx,km_tgp_segment_capacity:1788187487739205000:d2eef3c517898b0f7e89817593d54eb118dd468faadfcbf3623b1e100402c9ce
segment,,2026-08-31,2026-08-31T14:00:00.000000Z,2026-08-31T09:00:00,EVENING,,267,STA 267 NORTH,06,,TGP:SEG:267,TD1,245000,234751.0,133319.0,101432.0,True,True,,True,2026-08-31T01:47:00.000000Z,2026-08-31T14:44:47.739205Z,2026-08-31T14:44:47.739205Z,Million BTU's (displayed as Dth),d2eef3c517898b0f7e89817593d54eb118dd468faadfcbf3623b1e100402c9ce,https://pipeline2.kindermorgan.com/Capacity/OpAvailSegment.aspx?code=TGP,data/raw/km_tgp_segment_capacity/2026/08/31/d2eef3c517898b0f7e89817593d54eb118dd468faadfcbf3623b1e100402c9ce.xlsx,km_tgp_segment_capacity:1788187487739205000:d2eef3c517898b0f7e89817593d54eb118dd468faadfcbf3623b1e100402c9ce
segment,,2026-08-31,2026-08-31T14:00:00.000000Z,2026-08-31T09:00:00,EVENING,,267,STA 267 NORTH,06,,TGP:SEG:267,TD2,411117,411117.0,0.0,411117.0,True,True,,True,2026-08-31T01:47:00.000000Z,2026-08-31T14:44:47.739205Z,2026-08-31T14:44:47.739205Z,Million BTU's (displayed as Dth),d2eef3c517898b0f7e89817593d54eb118dd468faadfcbf3623b1e100402c9ce,https://pipeline2.kindermorgan.com/Capacity/OpAvailSegment.aspx?code=TGP,data/raw/km_tgp_segment_capacity/2026/08/31/d2eef3c517898b0f7e89817593d54eb118dd468faadfcbf3623b1e100402c9ce.xlsx,km_tgp_segment_capacity:1788187487739205000:d2eef3c517898b0f7e89817593d54eb118dd468faadfcbf3623b1e100402c9ce
segment,,2026-08-31,2026-08-31T14:00:00.000000Z,2026-08-31T09:00:00,EVENING,,268,STA 267 EAST,06,,TGP:SEG:268,TD1,202000,191751.0,44085.0,147666.0,False,True,,True,2026-08-31T01:47:00.000000Z,2026-08-31T14:44:47.739205Z,2026-08-31T14:44:47.739205Z,Million BTU's (displayed as Dth),d2eef3c517898b0f7e89817593d54eb118dd468faadfcbf3623b1e100402c9ce,https://pipeline2.kindermorgan.com/Capacity/OpAvailSegment.aspx?code=TGP,data/raw/km_tgp_segment_capacity/2026/08/31/d2eef3c517898b0f7e89817593d54eb118dd468faadfcbf3623b1e100402c9ce.xlsx,km_tgp_segment_capacity:1788187487739205000:d2eef3c517898b0f7e89817593d54eb118dd468faadfcbf3623b1e100402c9ce
segment,,2026-08-31,2026-08-31T14:00:00.000000Z,2026-08-31T09:00:00,EVENING,,268,STA 267 EAST,06,,TGP:SEG:268,TD2,87635,87635.0,0.0,87635.0,True,True,,True,2026-08-31T01:47:00.000000Z,2026-08-31T14:44:47.739205Z,2026-08-31T14:44:47.739205Z,Million BTU's (displayed as Dth),d2eef3c517898b0f7e89817593d54eb118dd468faadfcbf3623b1e100402c9ce,https://pipeline2.kindermorgan.com/Capacity/OpAvailSegment.aspx?code=TGP,data/raw/km_tgp_segment_capacity/2026/08/31/d2eef3c517898b0f7e89817593d54eb118dd468faadfcbf3623b1e100402c9ce.xlsx,km_tgp_segment_capacity:1788187487739205000:d2eef3c517898b0f7e89817593d54eb118dd468faadfcbf3623b1e100402c9ce
segment,,2026-08-31,2026-08-31T14:00:00.000000Z,2026-08-31T09:00:00,EVENING,,280,MLV 260A N HAMPTON LATERAL,06,,TGP:SEG:280,TD1,45711,40980.0,14999.0,25981.0,False,True,,True,2026-08-31T01:47:00.000000Z,2026-08-31T14:44:47.739205Z,2026-08-31T14:44:47.739205Z,Million BTU's (displayed as Dth),d2eef3c517898b0f7e89817593d54eb118dd468faadfcbf3623b1e100402c9ce,https://pipeline2.kindermorgan.com/Capacity/OpAvailSegment.aspx?code=TGP,data/raw/km_tgp_segment_capacity/2026/08/31/d2eef3c517898b0f7e89817593d54eb118dd468faadfcbf3623b1e100402c9ce.xlsx,km_tgp_segment_capacity:1788187487739205000:d2eef3c517898b0f7e89817593d54eb118dd468faadfcbf3623b1e100402c9ce
segment,,2026-08-31,2026-08-31T14:00:00.000000Z,2026-08-31T09:00:00,EVENING,,281,MLV 265E CRANSTON LATERAL,06,,TGP:SEG:281,TD1,248000,226831.0,131604.0,95227.0,False,True,,True,2026-08-31T01:47:00.000000Z,2026-08-31T14:44:47.739205Z,2026-08-31T14:44:47.739205Z,Million BTU's (displayed as Dth),d2eef3c517898b0f7e89817593d54eb118dd468faadfcbf3623b1e100402c9ce,https://pipeline2.kindermorgan.com/Capacity/OpAvailSegment.aspx?code=TGP,data/raw/km_tgp_segment_capacity/2026/08/31/d2eef3c517898b0f7e89817593d54eb118dd468faadfcbf3623b1e100402c9ce.xlsx,km_tgp_segment_capacity:1788187487739205000:d2eef3c517898b0f7e89817593d54eb118dd468faadfcbf3623b1e100402c9ce
segment,,2026-08-31,2026-08-31T14:00:00.000000Z,2026-08-31T09:00:00,EVENING,,281,MLV 265E CRANSTON LATERAL SOUT,06,,TGP:SEG:281,TD1,208387,187218.0,54347.0,132871.0,False,True,,True,2026-08-31T01:47:00.000000Z,2026-08-31T14:44:47.739205Z,2026-08-31T14:44:47.739205Z,Million BTU's (displayed as Dth),d2eef3c517898b0f7e89817593d54eb118dd468faadfcbf3623b1e100402c9ce,https://pipeline2.kindermorgan.com/Capacity/OpAvailSegment.aspx?code=TGP,data/raw/km_tgp_segment_capacity/2026/08/31/d2eef3c517898b0f7e89817593d54eb118dd468faadfcbf3623b1e100402c9ce.xlsx,km_tgp_segment_capacity:1788187487739205000:d2eef3c517898b0f7e89817593d54eb118dd468faadfcbf3623b1e100402c9ce
segment,,2026-08-31,2026-08-31T14:00:00.000000Z,2026-08-31T09:00:00,EVENING,,282,MLV 266A MENDON LATERAL,06,,TGP:SEG:282,TD1,371274,371274.0,72042.0,299232.0,False,True,,True,2026-08-31T01:47:00.000000Z,2026-08-31T14:44:47.739205Z,2026-08-31T14:44:47.739205Z,Million BTU's (displayed as Dth),d2eef3c517898b0f7e89817593d54eb118dd468faadfcbf3623b1e100402c9ce,https://pipeline2.kindermorgan.com/Capacity/OpAvailSegment.aspx?code=TGP,data/raw/km_tgp_segment_capacity/2026/08/31/d2eef3c517898b0f7e89817593d54eb118dd468faadfcbf3623b1e100402c9ce.xlsx,km_tgp_segment_capacity:1788187487739205000:d2eef3c517898b0f7e89817593d54eb118dd468faadfcbf3623b1e100402c9ce
segment,,2026-08-31,2026-08-31T14:00:00.000000Z,2026-08-31T09:00:00,EVENING,,283,MLV 268A FITCHBURG LATERAL,06,,TGP:SEG:283,TD1,58000,58000.0,6992.0,51008.0,False,True,,True,2026-08-31T01:47:00.000000Z,2026-08-31T14:44:47.739205Z,2026-08-31T14:44:47.739205Z,Million BTU's (displayed as Dth),d2eef3c517898b0f7e89817593d54eb118dd468faadfcbf3623b1e100402c9ce,https://pipeline2.kindermorgan.com/Capacity/OpAvailSegment.aspx?code=TGP,data/raw/km_tgp_segment_capacity/2026/08/31/d2eef3c517898b0f7e89817593d54eb118dd468faadfcbf3623b1e100402c9ce.xlsx,km_tgp_segment_capacity:1788187487739205000:d2eef3c517898b0f7e89817593d54eb118dd468faadfcbf3623b1e100402c9ce
segment,,2026-08-31,2026-08-31T14:00:00.000000Z,2026-08-31T09:00:00,EVENING,,284,STA 270B CONCORD LATERAL,06,,TGP:SEG:284,TD1,136000,136000.0,129261.0,6739.0,False,True,,True,2026-08-31T01:47:00.000000Z,2026-08-31T14:44:47.739205Z,2026-08-31T14:44:47.739205Z,Million BTU's (displayed as Dth),d2eef3c517898b0f7e89817593d54eb118dd468faadfcbf3623b1e100402c9ce,https://pipeline2.kindermorgan.com/Capacity/OpAvailSegment.aspx?code=TGP,data/raw/km_tgp_segment_capacity/2026/08/31/d2eef3c517898b0f7e89817593d54eb118dd468faadfcbf3623b1e100402c9ce.xlsx,km_tgp_segment_capacity:1788187487739205000:d2eef3c517898b0f7e89817593d54eb118dd468faadfcbf3623b1e100402c9ce
segment,,2026-08-31,2026-08-31T14:00:00.000000Z,2026-08-31T09:00:00,EVENING,,284,STA 270B CONCORD LATERAL,06,,TGP:SEG:284,TD2,391055,391055.0,0.0,391055.0,True,True,,True,2026-08-31T01:47:00.000000Z,2026-08-31T14:44:47.739205Z,2026-08-31T14:44:47.739205Z,Million BTU's (displayed as Dth),d2eef3c517898b0f7e89817593d54eb118dd468faadfcbf3623b1e100402c9ce,https://pipeline2.kindermorgan.com/Capacity/OpAvailSegment.aspx?code=TGP,data/raw/km_tgp_segment_capacity/2026/08/31/d2eef3c517898b0f7e89817593d54eb118dd468faadfcbf3623b1e100402c9ce.xlsx,km_tgp_segment_capacity:1788187487739205000:d2eef3c517898b0f7e89817593d54eb118dd468faadfcbf3623b1e100402c9ce
segment,,2026-08-31,2026-08-31T14:00:00.000000Z,2026-08-31T09:00:00,EVENING,,285,STA 270B WYETH LATERAL,06,,TGP:SEG:285,TD1,34000,34000.0,4047.0,29953.0,False,True,,True,2026-08-31T01:47:00.000000Z,2026-08-31T14:44:47.739205Z,2026-08-31T14:44:47.739205Z,Million BTU's (displayed as Dth),d2eef3c517898b0f7e89817593d54eb118dd468faadfcbf3623b1e100402c9ce,https://pipeline2.kindermorgan.com/Capacity/OpAvailSegment.aspx?code=TGP,data/raw/km_tgp_segment_capacity/2026/08/31/d2eef3c517898b0f7e89817593d54eb118dd468faadfcbf3623b1e100402c9ce.xlsx,km_tgp_segment_capacity:1788187487739205000:d2eef3c517898b0f7e89817593d54eb118dd468faadfcbf3623b1e100402c9ce
segment,,2026-08-31,2026-08-31T14:00:00.000000Z,2026-08-31T09:00:00,EVENING,,286,STA 270B TEWKSBURY LATERAL,06,,TGP:SEG:286,TD1,200000,200000.0,0.0,200000.0,False,True,,True,2026-08-31T01:47:00.000000Z,2026-08-31T14:44:47.739205Z,2026-08-31T14:44:47.739205Z,Million BTU's (displayed as Dth),d2eef3c517898b0f7e89817593d54eb118dd468faadfcbf3623b1e100402c9ce,https://pipeline2.kindermorgan.com/Capacity/OpAvailSegment.aspx?code=TGP,data/raw/km_tgp_segment_capacity/2026/08/31/d2eef3c517898b0f7e89817593d54eb118dd468faadfcbf3623b1e100402c9ce.xlsx,km_tgp_segment_capacity:1788187487739205000:d2eef3c517898b0f7e89817593d54eb118dd468faadfcbf3623b1e100402c9ce
segment,,2026-08-31,2026-08-31T14:00:00.000000Z,2026-08-31T09:00:00,EVENING,,290,MLV 217A PITT TERM,04,,TGP:SEG:290,TD1,173000,173000.0,31472.0,141528.0,False,True,,True,2026-08-31T01:47:00.000000Z,2026-08-31T14:44:47.739205Z,2026-08-31T14:44:47.739205Z,Million BTU's (displayed as Dth),d2eef3c517898b0f7e89817593d54eb118dd468faadfcbf3623b1e100402c9ce,https://pipeline2.kindermorgan.com/Capacity/OpAvailSegment.aspx?code=TGP,data/raw/km_tgp_segment_capacity/2026/08/31/d2eef3c517898b0f7e89817593d54eb118dd468faadfcbf3623b1e100402c9ce.xlsx,km_tgp_segment_capacity:1788187487739205000:d2eef3c517898b0f7e89817593d54eb118dd468faadfcbf3623b1e100402c9ce
segment,,2026-08-31,2026-08-31T14:00:00.000000Z,2026-08-31T09:00:00,EVENING,,290,MLV 217A PITT TERM,04,,TGP:SEG:290,TD2,17000,17000.0,0.0,17000.0,False,True,,True,2026-08-31T01:47:00.000000Z,2026-08-31T14:44:47.739205Z,2026-08-31T14:44:47.739205Z,Million BTU's (displayed as Dth),d2eef3c517898b0f7e89817593d54eb118dd468faadfcbf3623b1e100402c9ce,https://pipeline2.kindermorgan.com/Capacity/OpAvailSegment.aspx?code=TGP,data/raw/km_tgp_segment_capacity/2026/08/31/d2eef3c517898b0f7e89817593d54eb118dd468faadfcbf3623b1e100402c9ce.xlsx,km_tgp_segment_capacity:1788187487739205000:d2eef3c517898b0f7e89817593d54eb118dd468faadfcbf3623b1e100402c9ce
segment,,2026-08-31,2026-08-31T14:00:00.000000Z,2026-08-31T09:00:00,EVENING,,295,MLV 230B NIAGARA SPUR SOUTH,05,,TGP:SEG:295,TD1,424504,424504.0,296557.0,127947.0,True,True,,True,2026-08-31T01:47:00.000000Z,2026-08-31T14:44:47.739205Z,2026-08-31T14:44:47.739205Z,Million BTU's (displayed as Dth),d2eef3c517898b0f7e89817593d54eb118dd468faadfcbf3623b1e100402c9ce,https://pipeline2.kindermorgan.com/Capacity/OpAvailSegment.aspx?code=TGP,data/raw/km_tgp_segment_capacity/2026/08/31/d2eef3c517898b0f7e89817593d54eb118dd468faadfcbf3623b1e100402c9ce.xlsx,km_tgp_segment_capacity:1788187487739205000:d2eef3c517898b0f7e89817593d54eb118dd468faadfcbf3623b1e100402c9ce
segment,,2026-08-31,2026-08-31T14:00:00.000000Z,2026-08-31T09:00:00,EVENING,,295,MLV 230B NIAGARA SPUR SOUTH,05,,TGP:SEG:295,TD2,326451,326451.0,0.0,326451.0,True,True,,True,2026-08-31T01:47:00.000000Z,2026-08-31T14:44:47.739205Z,2026-08-31T14:44:47.739205Z,Million BTU's (displayed as Dth),d2eef3c517898b0f7e89817593d54eb118dd468faadfcbf3623b1e100402c9ce,https://pipeline2.kindermorgan.com/Capacity/OpAvailSegment.aspx?code=TGP,data/raw/km_tgp_segment_capacity/2026/08/31/d2eef3c517898b0f7e89817593d54eb118dd468faadfcbf3623b1e100402c9ce.xlsx,km_tgp_segment_capacity:1788187487739205000:d2eef3c517898b0f7e89817593d54eb118dd468faadfcbf3623b1e100402c9ce
segment,,2026-08-31,2026-08-31T14:00:00.000000Z,2026-08-31T09:00:00,EVENING,,296,STA 230C NIAGARA SPUR NORTH,05,,TGP:SEG:296,TD1,743348,743348.0,607557.0,135791.0,True,True,,True,2026-08-31T01:47:00.000000Z,2026-08-31T14:44:47.739205Z,2026-08-31T14:44:47.739205Z,Million BTU's (displayed as Dth),d2eef3c517898b0f7e89817593d54eb118dd468faadfcbf3623b1e100402c9ce,https://pipeline2.kindermorgan.com/Capacity/OpAvailSegment.aspx?code=TGP,data/raw/km_tgp_segment_capacity/2026/08/31/d2eef3c517898b0f7e89817593d54eb118dd468faadfcbf3623b1e100402c9ce.xlsx,km_tgp_segment_capacity:1788187487739205000:d2eef3c517898b0f7e89817593d54eb118dd468faadfcbf3623b1e100402c9ce
segment,,2026-08-31,2026-08-31T14:00:00.000000Z,2026-08-31T09:00:00,EVENING,,296,STA 230C NIAGARA SPUR NORTH,05,,TGP:SEG:296,TD2,896639,896639.0,0.0,896639.0,True,True,,True,2026-08-31T01:47:00.000000Z,2026-08-31T14:44:47.739205Z,2026-08-31T14:44:47.739205Z,Million BTU's (displayed as Dth),d2eef3c517898b0f7e89817593d54eb118dd468faadfcbf3623b1e100402c9ce,https://pipeline2.kindermorgan.com/Capacity/OpAvailSegment.aspx?code=TGP,data/raw/km_tgp_segment_capacity/2026/08/31/d2eef3c517898b0f7e89817593d54eb118dd468faadfcbf3623b1e100402c9ce.xlsx,km_tgp_segment_capacity:1788187487739205000:d2eef3c517898b0f7e89817593d54eb118dd468faadfcbf3623b1e100402c9ce
segment,,2026-08-31,2026-08-31T14:00:00.000000Z,2026-08-31T09:00:00,EVENING,,299,STA 237 HC LINE,05,,TGP:SEG:299,TD1,820120,794220.0,646369.0,147851.0,False,True,,True,2026-08-31T01:47:00.000000Z,2026-08-31T14:44:47.739205Z,2026-08-31T14:44:47.739205Z,Million BTU's (displayed as Dth),d2eef3c517898b0f7e89817593d54eb118dd468faadfcbf3623b1e100402c9ce,https://pipeline2.kindermorgan.com/Capacity/OpAvailSegment.aspx?code=TGP,data/raw/km_tgp_segment_capacity/2026/08/31/d2eef3c517898b0f7e89817593d54eb118dd468faadfcbf3623b1e100402c9ce.xlsx,km_tgp_segment_capacity:1788187487739205000:d2eef3c517898b0f7e89817593d54eb118dd468faadfcbf3623b1e100402c9ce
segment,,2026-08-31,2026-08-31T14:00:00.000000Z,2026-08-31T09:00:00,EVENING,,299,STA 237 HC LINE,05,,TGP:SEG:299,TD2,263749,263749.0,0.0,263749.0,True,True,,True,2026-08-31T01:47:00.000000Z,2026-08-31T14:44:47.739205Z,2026-08-31T14:44:47.739205Z,Million BTU's (displayed as Dth),d2eef3c517898b0f7e89817593d54eb118dd468faadfcbf3623b1e100402c9ce,https://pipeline2.kindermorgan.com/Capacity/OpAvailSegment.aspx?code=TGP,data/raw/km_tgp_segment_capacity/2026/08/31/d2eef3c517898b0f7e89817593d54eb118dd468faadfcbf3623b1e100402c9ce.xlsx,km_tgp_segment_capacity:1788187487739205000:d2eef3c517898b0f7e89817593d54eb118dd468faadfcbf3623b1e100402c9ce
segment,,2026-08-31,2026-08-31T14:00:00.000000Z,2026-08-31T09:00:00,EVENING,,300,STA 219 EAST,04,,TGP:SEG:300,TD1,1061284,1061284.0,0.0,1061284.0,True,True,,True,2026-08-31T01:47:00.000000Z,2026-08-31T14:44:47.739205Z,2026-08-31T14:44:47.739205Z,Million BTU's (displayed as Dth),d2eef3c517898b0f7e89817593d54eb118dd468faadfcbf3623b1e100402c9ce,https://pipeline2.kindermorgan.com/Capacity/OpAvailSegment.aspx?code=TGP,data/raw/km_tgp_segment_capacity/2026/08/31/d2eef3c517898b0f7e89817593d54eb118dd468faadfcbf3623b1e100402c9ce.xlsx,km_tgp_segment_capacity:1788187487739205000:d2eef3c517898b0f7e89817593d54eb118dd468faadfcbf3623b1e100402c9ce
segment,,2026-08-31,2026-08-31T14:00:00.000000Z,2026-08-31T09:00:00,EVENING,,300,STA 219 EAST,04,,TGP:SEG:300,TD2,1193418,1153418.0,1042408.0,111010.0,False,True,,True,2026-08-31T01:47:00.000000Z,2026-08-31T14:44:47.739205Z,2026-08-31T14:44:47.739205Z,Million BTU's (displayed as Dth),d2eef3c517898b0f7e89817593d54eb118dd468faadfcbf3623b1e100402c9ce,https://pipeline2.kindermorgan.com/Capacity/OpAvailSegment.aspx?code=TGP,data/raw/km_tgp_segment_capacity/2026/08/31/d2eef3c517898b0f7e89817593d54eb118dd468faadfcbf3623b1e100402c9ce.xlsx,km_tgp_segment_capacity:1788187487739205000:d2eef3c517898b0f7e89817593d54eb118dd468faadfcbf3623b1e100402c9ce
segment,,2026-08-31,2026-08-31T14:00:00.000000Z,2026-08-31T09:00:00,EVENING,,307,STA 307,04,,TGP:SEG:307,TD1,1058101,1058101.0,0.0,1058101.0,True,True,,True,2026-08-31T01:47:00.000000Z,2026-08-31T14:44:47.739205Z,2026-08-31T14:44:47.739205Z,Million BTU's (displayed as Dth),d2eef3c517898b0f7e89817593d54eb118dd468faadfcbf3623b1e100402c9ce,https://pipeline2.kindermorgan.com/Capacity/OpAvailSegment.aspx?code=TGP,data/raw/km_tgp_segment_capacity/2026/08/31/d2eef3c517898b0f7e89817593d54eb118dd468faadfcbf3623b1e100402c9ce.xlsx,km_tgp_segment_capacity:1788187487739205000:d2eef3c517898b0f7e89817593d54eb118dd468faadfcbf3623b1e100402c9ce
segment,,2026-08-31,2026-08-31T14:00:00.000000Z,2026-08-31T09:00:00,EVENING,,307,STA 307,04,,TGP:SEG:307,TD2,1193418,1153418.0,1041527.0,111891.0,False,True,,True,2026-08-31T01:47:00.000000Z,2026-08-31T14:44:47.739205Z,2026-08-31T14:44:47.739205Z,Million BTU's (displayed as Dth),d2eef3c517898b0f7e89817593d54eb118dd468faadfcbf3623b1e100402c9ce,https://pipeline2.kindermorgan.com/Capacity/OpAvailSegment.aspx?code=TGP,data/raw/km_tgp_segment_capacity/2026/08/31/d2eef3c517898b0f7e89817593d54eb118dd468faadfcbf3623b1e100402c9ce.xlsx,km_tgp_segment_capacity:1788187487739205000:d2eef3c517898b0f7e89817593d54eb118dd468faadfcbf3623b1e100402c9ce
segment,,2026-08-31,2026-08-31T14:00:00.000000Z,2026-08-31T09:00:00,EVENING,,313,MLV 314 WEST,04,,TGP:SEG:313,TD1,1447244,1442475.0,0.0,1442475.0,True,True,,True,2026-08-31T01:47:00.000000Z,2026-08-31T14:44:47.739205Z,2026-08-31T14:44:47.739205Z,Million BTU's (displayed as Dth),d2eef3c517898b0f7e89817593d54eb118dd468faadfcbf3623b1e100402c9ce,https://pipeline2.kindermorgan.com/Capacity/OpAvailSegment.aspx?code=TGP,data/raw/km_tgp_segment_capacity/2026/08/31/d2eef3c517898b0f7e89817593d54eb118dd468faadfcbf3623b1e100402c9ce.xlsx,km_tgp_segment_capacity:1788187487739205000:d2eef3c517898b0f7e89817593d54eb118dd468faadfcbf3623b1e100402c9ce
segment,,2026-08-31,2026-08-31T14:00:00.000000Z,2026-08-31T09:00:00,EVENING,,313,MLV 314 WEST,04,,TGP:SEG:313,TD2,1793296,1793296.0,1712749.0,80547.0,False,True,,True,2026-08-31T01:47:00.000000Z,2026-08-31T14:44:47.739205Z,2026-08-31T14:44:47.739205Z,Million BTU's (displayed as Dth),d2eef3c517898b0f7e89817593d54eb118dd468faadfcbf3623b1e100402c9ce,https://pipeline2.kindermorgan.com/Capacity/OpAvailSegment.aspx?code=TGP,data/raw/km_tgp_segment_capacity/2026/08/31/d2eef3c517898b0f7e89817593d54eb118dd468faadfcbf3623b1e100402c9ce.xlsx,km_tgp_segment_capacity:1788187487739205000:d2eef3c517898b0f7e89817593d54eb118dd468faadfcbf3623b1e100402c9ce
segment,,2026-08-31,2026-08-31T14:00:00.000000Z,2026-08-31T09:00:00,EVENING,,314,MLV 314 EAST,04,,TGP:SEG:314,TD1,1447244,1442475.0,0.0,1442475.0,True,True,,True,2026-08-31T01:47:00.000000Z,2026-08-31T14:44:47.739205Z,2026-08-31T14:44:47.739205Z,Million BTU's (displayed as Dth),d2eef3c517898b0f7e89817593d54eb118dd468faadfcbf3623b1e100402c9ce,https://pipeline2.kindermorgan.com/Capacity/OpAvailSegment.aspx?code=TGP,data/raw/km_tgp_segment_capacity/2026/08/31/d2eef3c517898b0f7e89817593d54eb118dd468faadfcbf3623b1e100402c9ce.xlsx,km_tgp_segment_capacity:1788187487739205000:d2eef3c517898b0f7e89817593d54eb118dd468faadfcbf3623b1e100402c9ce
segment,,2026-08-31,2026-08-31T14:00:00.000000Z,2026-08-31T09:00:00,EVENING,,314,MLV 314 EAST,04,,TGP:SEG:314,TD2,1793296,1793296.0,1712749.0,80547.0,False,True,,True,2026-08-31T01:47:00.000000Z,2026-08-31T14:44:47.739205Z,2026-08-31T14:44:47.739205Z,Million BTU's (displayed as Dth),d2eef3c517898b0f7e89817593d54eb118dd468faadfcbf3623b1e100402c9ce,https://pipeline2.kindermorgan.com/Capacity/OpAvailSegment.aspx?code=TGP,data/raw/km_tgp_segment_capacity/2026/08/31/d2eef3c517898b0f7e89817593d54eb118dd468faadfcbf3623b1e100402c9ce.xlsx,km_tgp_segment_capacity:1788187487739205000:d2eef3c517898b0f7e89817593d54eb118dd468faadfcbf3623b1e100402c9ce
segment,,2026-08-31,2026-08-31T14:00:00.000000Z,2026-08-31T09:00:00,EVENING,,315,STA 315,04,,TGP:SEG:315,TD1,1447244,1442475.0,0.0,1442475.0,True,True,,True,2026-08-31T01:47:00.000000Z,2026-08-31T14:44:47.739205Z,2026-08-31T14:44:47.739205Z,Million BTU's (displayed as Dth),d2eef3c517898b0f7e89817593d54eb118dd468faadfcbf3623b1e100402c9ce,https://pipeline2.kindermorgan.com/Capacity/OpAvailSegment.aspx?code=TGP,data/raw/km_tgp_segment_capacity/2026/08/31/d2eef3c517898b0f7e89817593d54eb118dd468faadfcbf3623b1e100402c9ce.xlsx,km_tgp_segment_capacity:1788187487739205000:d2eef3c517898b0f7e89817593d54eb118dd468faadfcbf3623b1e100402c9ce
segment,,2026-08-31,2026-08-31T14:00:00.000000Z,2026-08-31T09:00:00,EVENING,,315,STA 315,04,,TGP:SEG:315,TD2,1823296,1823296.0,1689233.0,134063.0,False,True,,True,2026-08-31T01:47:00.000000Z,2026-08-31T14:44:47.739205Z,2026-08-31T14:44:47.739205Z,Million BTU's (displayed as Dth),d2eef3c517898b0f7e89817593d54eb118dd468faadfcbf3623b1e100402c9ce,https://pipeline2.kindermorgan.com/Capacity/OpAvailSegment.aspx?code=TGP,data/raw/km_tgp_segment_capacity/2026/08/31/d2eef3c517898b0f7e89817593d54eb118dd468faadfcbf3623b1e100402c9ce.xlsx,km_tgp_segment_capacity:1788187487739205000:d2eef3c517898b0f7e89817593d54eb118dd468faadfcbf3623b1e100402c9ce
segment,,2026-08-31,2026-08-31T14:00:00.000000Z,2026-08-31T09:00:00,EVENING,,316,MLV 316,04,,TGP:SEG:316,TD1,1447244,1442475.0,0.0,1442475.0,True,True,,True,2026-08-31T01:47:00.000000Z,2026-08-31T14:44:47.739205Z,2026-08-31T14:44:47.739205Z,Million BTU's (displayed as Dth),d2eef3c517898b0f7e89817593d54eb118dd468faadfcbf3623b1e100402c9ce,https://pipeline2.kindermorgan.com/Capacity/OpAvailSegment.aspx?code=TGP,data/raw/km_tgp_segment_capacity/2026/08/31/d2eef3c517898b0f7e89817593d54eb118dd468faadfcbf3623b1e100402c9ce.xlsx,km_tgp_segment_capacity:1788187487739205000:d2eef3c517898b0f7e89817593d54eb118dd468faadfcbf3623b1e100402c9ce
segment,,2026-08-31,2026-08-31T14:00:00.000000Z,2026-08-31T09:00:00,EVENING,,316,MLV 316,04,,TGP:SEG:316,TD2,1773296,1773296.0,1689324.0,83972.0,False,True,,True,2026-08-31T01:47:00.000000Z,2026-08-31T14:44:47.739205Z,2026-08-31T14:44:47.739205Z,Million BTU's (displayed as Dth),d2eef3c517898b0f7e89817593d54eb118dd468faadfcbf3623b1e100402c9ce,https://pipeline2.kindermorgan.com/Capacity/OpAvailSegment.aspx?code=TGP,data/raw/km_tgp_segment_capacity/2026/08/31/d2eef3c517898b0f7e89817593d54eb118dd468faadfcbf3623b1e100402c9ce.xlsx,km_tgp_segment_capacity:1788187487739205000:d2eef3c517898b0f7e89817593d54eb118dd468faadfcbf3623b1e100402c9ce
segment,,2026-08-31,2026-08-31T14:00:00.000000Z,2026-08-31T09:00:00,EVENING,,317,STA 317,04,,TGP:SEG:317,TD1,1447244,1442475.0,0.0,1442475.0,True,True,,True,2026-08-31T01:47:00.000000Z,2026-08-31T14:44:47.739205Z,2026-08-31T14:44:47.739205Z,Million BTU's (displayed as Dth),d2eef3c517898b0f7e89817593d54eb118dd468faadfcbf3623b1e100402c9ce,https://pipeline2.kindermorgan.com/Capacity/OpAvailSegment.aspx?code=TGP,data/raw/km_tgp_segment_capacity/2026/08/31/d2eef3c517898b0f7e89817593d54eb118dd468faadfcbf3623b1e100402c9ce.xlsx,km_tgp_segment_capacity:1788187487739205000:d2eef3c517898b0f7e89817593d54eb118dd468faadfcbf3623b1e100402c9ce
segment,,2026-08-31,2026-08-31T14:00:00.000000Z,2026-08-31T09:00:00,EVENING,,317,STA 317,04,,TGP:SEG:317,TD2,1548296,1548296.0,1062922.0,485374.0,False,True,,True,2026-08-31T01:47:00.000000Z,2026-08-31T14:44:47.739205Z,2026-08-31T14:44:47.739205Z,Million BTU's (displayed as Dth),d2eef3c517898b0f7e89817593d54eb118dd468faadfcbf3623b1e100402c9ce,https://pipeline2.kindermorgan.com/Capacity/OpAvailSegment.aspx?code=TGP,data/raw/km_tgp_segment_capacity/2026/08/31/d2eef3c517898b0f7e89817593d54eb118dd468faadfcbf3623b1e100402c9ce.xlsx,km_tgp_segment_capacity:1788187487739205000:d2eef3c517898b0f7e89817593d54eb118dd468faadfcbf3623b1e100402c9ce
segment,,2026-08-31,2026-08-31T14:00:00.000000Z,2026-08-31T09:00:00,EVENING,,318,MLV 318,04,,TGP:SEG:318,TD1,1656473,1656473.0,38356.0,1618117.0,True,True,,True,2026-08-31T01:47:00.000000Z,2026-08-31T14:44:47.739205Z,2026-08-31T14:44:47.739205Z,Million BTU's (displayed as Dth),d2eef3c517898b0f7e89817593d54eb118dd468faadfcbf3623b1e100402c9ce,https://pipeline2.kindermorgan.com/Capacity/OpAvailSegment.aspx?code=TGP,data/raw/km_tgp_segment_capacity/2026/08/31/d2eef3c517898b0f7e89817593d54eb118dd468faadfcbf3623b1e100402c9ce.xlsx,km_tgp_segment_capacity:1788187487739205000:d2eef3c517898b0f7e89817593d54eb118dd468faadfcbf3623b1e100402c9ce
segment,,2026-08-31,2026-08-31T14:00:00.000000Z,2026-08-31T09:00:00,EVENING,,318,MLV 318,04,,TGP:SEG:318,TD2,1482996,1482996.0,0.0,1482996.0,True,True,,True,2026-08-31T01:47:00.000000Z,2026-08-31T14:44:47.739205Z,2026-08-31T14:44:47.739205Z,Million BTU's (displayed as Dth),d2eef3c517898b0f7e89817593d54eb118dd468faadfcbf3623b1e100402c9ce,https://pipeline2.kindermorgan.com/Capacity/OpAvailSegment.aspx?code=TGP,data/raw/km_tgp_segment_capacity/2026/08/31/d2eef3c517898b0f7e89817593d54eb118dd468faadfcbf3623b1e100402c9ce.xlsx,km_tgp_segment_capacity:1788187487739205000:d2eef3c517898b0f7e89817593d54eb118dd468faadfcbf3623b1e100402c9ce
segment,,2026-08-31,2026-08-31T14:00:00.000000Z,2026-08-31T09:00:00,EVENING,,319,STA 319,04,,TGP:SEG:319,TD1,1406674,1406674.0,0.0,1406674.0,True,True,,True,2026-08-31T01:47:00.000000Z,2026-08-31T14:44:47.739205Z,2026-08-31T14:44:47.739205Z,Million BTU's (displayed as Dth),d2eef3c517898b0f7e89817593d54eb118dd468faadfcbf3623b1e100402c9ce,https://pipeline2.kindermorgan.com/Capacity/OpAvailSegment.aspx?code=TGP,data/raw/km_tgp_segment_capacity/2026/08/31/d2eef3c517898b0f7e89817593d54eb118dd468faadfcbf3623b1e100402c9ce.xlsx,km_tgp_segment_capacity:1788187487739205000:d2eef3c517898b0f7e89817593d54eb118dd468faadfcbf3623b1e100402c9ce
segment,,2026-08-31,2026-08-31T14:00:00.000000Z,2026-08-31T09:00:00,EVENING,,319,STA 319,04,,TGP:SEG:319,TD2,1227996,1227996.0,9241.0,1218755.0,True,True,,True,2026-08-31T01:47:00.000000Z,2026-08-31T14:44:47.739205Z,2026-08-31T14:44:47.739205Z,Million BTU's (displayed as Dth),d2eef3c517898b0f7e89817593d54eb118dd468faadfcbf3623b1e100402c9ce,https://pipeline2.kindermorgan.com/Capacity/OpAvailSegment.aspx?code=TGP,data/raw/km_tgp_segment_capacity/2026/08/31/d2eef3c517898b0f7e89817593d54eb118dd468faadfcbf3623b1e100402c9ce.xlsx,km_tgp_segment_capacity:1788187487739205000:d2eef3c517898b0f7e89817593d54eb118dd468faadfcbf3623b1e100402c9ce
segment,,2026-08-31,2026-08-31T14:00:00.000000Z,2026-08-31T09:00:00,EVENING,,320,MLV 320,04,,TGP:SEG:320,TD1,1892574,1892574.0,894929.0,997645.0,False,True,,True,2026-08-31T01:47:00.000000Z,2026-08-31T14:44:47.739205Z,2026-08-31T14:44:47.739205Z,Million BTU's (displayed as Dth),d2eef3c517898b0f7e89817593d54eb118dd468faadfcbf3623b1e100402c9ce,https://pipeline2.kindermorgan.com/Capacity/OpAvailSegment.aspx?code=TGP,data/raw/km_tgp_segment_capacity/2026/08/31/d2eef3c517898b0f7e89817593d54eb118dd468faadfcbf3623b1e100402c9ce.xlsx,km_tgp_segment_capacity:1788187487739205000:d2eef3c517898b0f7e89817593d54eb118dd468faadfcbf3623b1e100402c9ce
segment,,2026-08-31,2026-08-31T14:00:00.000000Z,2026-08-31T09:00:00,EVENING,,320,MLV 320,04,,TGP:SEG:320,TD2,568496,568496.0,0.0,568496.0,True,True,,True,2026-08-31T01:47:00.000000Z,2026-08-31T14:44:47.739205Z,2026-08-31T14:44:47.739205Z,Million BTU's (displayed as Dth),d2eef3c517898b0f7e89817593d54eb118dd468faadfcbf3623b1e100402c9ce,https://pipeline2.kindermorgan.com/Capacity/OpAvailSegment.aspx?code=TGP,data/raw/km_tgp_segment_capacity/2026/08/31/d2eef3c517898b0f7e89817593d54eb118dd468faadfcbf3623b1e100402c9ce.xlsx,km_tgp_segment_capacity:1788187487739205000:d2eef3c517898b0f7e89817593d54eb118dd468faadfcbf3623b1e100402c9ce
segment,,2026-08-31,2026-08-31T14:00:00.000000Z,2026-08-31T09:00:00,EVENING,,321,STA 321,04,,TGP:SEG:321,TD1,2102574,2102574.0,1305421.0,797153.0,False,True,,True,2026-08-31T01:47:00.000000Z,2026-08-31T14:44:47.739205Z,2026-08-31T14:44:47.739205Z,Million BTU's (displayed as Dth),d2eef3c517898b0f7e89817593d54eb118dd468faadfcbf3623b1e100402c9ce,https://pipeline2.kindermorgan.com/Capacity/OpAvailSegment.aspx?code=TGP,data/raw/km_tgp_segment_capacity/2026/08/31/d2eef3c517898b0f7e89817593d54eb118dd468faadfcbf3623b1e100402c9ce.xlsx,km_tgp_segment_capacity:1788187487739205000:d2eef3c517898b0f7e89817593d54eb118dd468faadfcbf3623b1e100402c9ce
segment,,2026-08-31,2026-08-31T14:00:00.000000Z,2026-08-31T09:00:00,EVENING,,321,STA 321,04,,TGP:SEG:321,TD2,28138,28138.0,0.0,28138.0,True,True,,True,2026-08-31T01:47:00.000000Z,2026-08-31T14:44:47.739205Z,2026-08-31T14:44:47.739205Z,Million BTU's (displayed as Dth),d2eef3c517898b0f7e89817593d54eb118dd468faadfcbf3623b1e100402c9ce,https://pipeline2.kindermorgan.com/Capacity/OpAvailSegment.aspx?code=TGP,data/raw/km_tgp_segment_capacity/2026/08/31/d2eef3c517898b0f7e89817593d54eb118dd468faadfcbf3623b1e100402c9ce.xlsx,km_tgp_segment_capacity:1788187487739205000:d2eef3c517898b0f7e89817593d54eb118dd468faadfcbf3623b1e100402c9ce
segment,,2026-08-31,2026-08-31T14:00:00.000000Z,2026-08-31T09:00:00,EVENING,,324,MLV 324,05,,TGP:SEG:324,TD1,1767083,1515000.0,1042500.0,472500.0,False,True,,True,2026-08-31T01:47:00.000000Z,2026-08-31T14:44:47.739205Z,2026-08-31T14:44:47.739205Z,Million BTU's (displayed as Dth),d2eef3c517898b0f7e89817593d54eb118dd468faadfcbf3623b1e100402c9ce,https://pipeline2.kindermorgan.com/Capacity/OpAvailSegment.aspx?code=TGP,data/raw/km_tgp_segment_capacity/2026/08/31/d2eef3c517898b0f7e89817593d54eb118dd468faadfcbf3623b1e100402c9ce.xlsx,km_tgp_segment_capacity:1788187487739205000:d2eef3c517898b0f7e89817593d54eb118dd468faadfcbf3623b1e100402c9ce
segment,,2026-08-31,2026-08-31T14:00:00.000000Z,2026-08-31T09:00:00,EVENING,,324,MLV 329,05,,TGP:SEG:324,TD1,846278,846278.0,491508.0,354770.0,False,True,,True,2026-08-31T01:47:00.000000Z,2026-08-31T14:44:47.739205Z,2026-08-31T14:44:47.739205Z,Million BTU's (displayed as Dth),d2eef3c517898b0f7e89817593d54eb118dd468faadfcbf3623b1e100402c9ce,https://pipeline2.kindermorgan.com/Capacity/OpAvailSegment.aspx?code=TGP,data/raw/km_tgp_segment_capacity/2026/08/31/d2eef3c517898b0f7e89817593d54eb118dd468faadfcbf3623b1e100402c9ce.xlsx,km_tgp_segment_capacity:1788187487739205000:d2eef3c517898b0f7e89817593d54eb118dd468faadfcbf3623b1e100402c9ce
segment,,2026-08-31,2026-08-31T14:00:00.000000Z,2026-08-31T09:00:00,EVENING,,324,MLV 330,05,,TGP:SEG:324,TD1,758104,758104.0,459472.0,298632.0,False,True,,True,2026-08-31T01:47:00.000000Z,2026-08-31T14:44:47.739205Z,2026-08-31T14:44:47.739205Z,Million BTU's (displayed as Dth),d2eef3c517898b0f7e89817593d54eb118dd468faadfcbf3623b1e100402c9ce,https://pipeline2.kindermorgan.com/Capacity/OpAvailSegment.aspx?code=TGP,data/raw/km_tgp_segment_capacity/2026/08/31/d2eef3c517898b0f7e89817593d54eb118dd468faadfcbf3623b1e100402c9ce.xlsx,km_tgp_segment_capacity:1788187487739205000:d2eef3c517898b0f7e89817593d54eb118dd468faadfcbf3623b1e100402c9ce
segment,,2026-08-31,2026-08-31T14:00:00.000000Z,2026-08-31T09:00:00,EVENING,,324,MLV 336 WEST,05,,TGP:SEG:324,TD1,153677,153677.0,76577.0,77100.0,False,True,,True,2026-08-31T01:47:00.000000Z,2026-08-31T14:44:47.739205Z,2026-08-31T14:44:47.739205Z,Million BTU's (displayed as Dth),d2eef3c517898b0f7e89817593d54eb118dd468faadfcbf3623b1e100402c9ce,https://pipeline2.kindermorgan.com/Capacity/OpAvailSegment.aspx?code=TGP,data/raw/km_tgp_segment_capacity/2026/08/31/d2eef3c517898b0f7e89817593d54eb118dd468faadfcbf3623b1e100402c9ce.xlsx,km_tgp_segment_capacity:1788187487739205000:d2eef3c517898b0f7e89817593d54eb118dd468faadfcbf3623b1e100402c9ce
segment,,2026-08-31,2026-08-31T14:00:00.000000Z,2026-08-31T09:00:00,EVENING,,324,MLV 324,05,,TGP:SEG:324,TD2,28138,28138.0,0.0,28138.0,True,True,,True,2026-08-31T01:47:00.000000Z,2026-08-31T14:44:47.739205Z,2026-08-31T14:44:47.739205Z,Million BTU's (displayed as Dth),d2eef3c517898b0f7e89817593d54eb118dd468faadfcbf3623b1e100402c9ce,https://pipeline2.kindermorgan.com/Capacity/OpAvailSegment.aspx?code=TGP,data/raw/km_tgp_segment_capacity/2026/08/31/d2eef3c517898b0f7e89817593d54eb118dd468faadfcbf3623b1e100402c9ce.xlsx,km_tgp_segment_capacity:1788187487739205000:d2eef3c517898b0f7e89817593d54eb118dd468faadfcbf3623b1e100402c9ce
segment,,2026-08-31,2026-08-31T14:00:00.000000Z,2026-08-31T09:00:00,EVENING,,324,MLV 330,05,,TGP:SEG:324,TD2,29138,29138.0,0.0,29138.0,True,True,,True,2026-08-31T01:47:00.000000Z,2026-08-31T14:44:47.739205Z,2026-08-31T14:44:47.739205Z,Million BTU's (displayed as Dth),d2eef3c517898b0f7e89817593d54eb118dd468faadfcbf3623b1e100402c9ce,https://pipeline2.kindermorgan.com/Capacity/OpAvailSegment.aspx?code=TGP,data/raw/km_tgp_segment_capacity/2026/08/31/d2eef3c517898b0f7e89817593d54eb118dd468faadfcbf3623b1e100402c9ce.xlsx,km_tgp_segment_capacity:1788187487739205000:d2eef3c517898b0f7e89817593d54eb118dd468faadfcbf3623b1e100402c9ce
segment,,2026-08-31,2026-08-31T14:00:00.000000Z,2026-08-31T09:00:00,EVENING,,324,MLV 336 WEST,05,,TGP:SEG:324,TD2,62874,62874.0,0.0,62874.0,False,True,,True,2026-08-31T01:47:00.000000Z,2026-08-31T14:44:47.739205Z,2026-08-31T14:44:47.739205Z,Million BTU's (displayed as Dth),d2eef3c517898b0f7e89817593d54eb118dd468faadfcbf3623b1e100402c9ce,https://pipeline2.kindermorgan.com/Capacity/OpAvailSegment.aspx?code=TGP,data/raw/km_tgp_segment_capacity/2026/08/31/d2eef3c517898b0f7e89817593d54eb118dd468faadfcbf3623b1e100402c9ce.xlsx,km_tgp_segment_capacity:1788187487739205000:d2eef3c517898b0f7e89817593d54eb118dd468faadfcbf3623b1e100402c9ce
segment,,2026-08-31,2026-08-31T14:00:00.000000Z,2026-08-31T09:00:00,EVENING,,336,MLV 336 EAST,06,,TGP:SEG:336,TD1,153677,153677.0,76577.0,77100.0,False,True,,True,2026-08-31T01:47:00.000000Z,2026-08-31T14:44:47.739205Z,2026-08-31T14:44:47.739205Z,Million BTU's (displayed as Dth),d2eef3c517898b0f7e89817593d54eb118dd468faadfcbf3623b1e100402c9ce,https://pipeline2.kindermorgan.com/Capacity/OpAvailSegment.aspx?code=TGP,data/raw/km_tgp_segment_capacity/2026/08/31/d2eef3c517898b0f7e89817593d54eb118dd468faadfcbf3623b1e100402c9ce.xlsx,km_tgp_segment_capacity:1788187487739205000:d2eef3c517898b0f7e89817593d54eb118dd468faadfcbf3623b1e100402c9ce
segment,,2026-08-31,2026-08-31T14:00:00.000000Z,2026-08-31T09:00:00,EVENING,,336,MLV 336 EAST,06,,TGP:SEG:336,TD2,62874,62874.0,0.0,62874.0,False,True,,True,2026-08-31T01:47:00.000000Z,2026-08-31T14:44:47.739205Z,2026-08-31T14:44:47.739205Z,Million BTU's (displayed as Dth),d2eef3c517898b0f7e89817593d54eb118dd468faadfcbf3623b1e100402c9ce,https://pipeline2.kindermorgan.com/Capacity/OpAvailSegment.aspx?code=TGP,data/raw/km_tgp_segment_capacity/2026/08/31/d2eef3c517898b0f7e89817593d54eb118dd468faadfcbf3623b1e100402c9ce.xlsx,km_tgp_segment_capacity:1788187487739205000:d2eef3c517898b0f7e89817593d54eb118dd468faadfcbf3623b1e100402c9ce
segment,,2026-08-31,2026-08-31T14:00:00.000000Z,2026-08-31T09:00:00,EVENING,,345,MLV 345A DERBY LATERAL SHELTON,06,,TGP:SEG:345,TD1,35028,35028.0,0.0,35028.0,False,True,,True,2026-08-31T01:47:00.000000Z,2026-08-31T14:44:47.739205Z,2026-08-31T14:44:47.739205Z,Million BTU's (displayed as Dth),d2eef3c517898b0f7e89817593d54eb118dd468faadfcbf3623b1e100402c9ce,https://pipeline2.kindermorgan.com/Capacity/OpAvailSegment.aspx?code=TGP,data/raw/km_tgp_segment_capacity/2026/08/31/d2eef3c517898b0f7e89817593d54eb118dd468faadfcbf3623b1e100402c9ce.xlsx,km_tgp_segment_capacity:1788187487739205000:d2eef3c517898b0f7e89817593d54eb118dd468faadfcbf3623b1e100402c9ce
segment,,2026-08-31,2026-08-31T14:00:00.000000Z,2026-08-31T09:00:00,EVENING,,345,MLV 345A DERBY LATERAL SHELTON,06,,TGP:SEG:345,TD2,300000,300000.0,40.0,299960.0,False,True,,True,2026-08-31T01:47:00.000000Z,2026-08-31T14:44:47.739205Z,2026-08-31T14:44:47.739205Z,Million BTU's (displayed as Dth),d2eef3c517898b0f7e89817593d54eb118dd468faadfcbf3623b1e100402c9ce,https://pipeline2.kindermorgan.com/Capacity/OpAvailSegment.aspx?code=TGP,data/raw/km_tgp_segment_capacity/2026/08/31/d2eef3c517898b0f7e89817593d54eb118dd468faadfcbf3623b1e100402c9ce.xlsx,km_tgp_segment_capacity:1788187487739205000:d2eef3c517898b0f7e89817593d54eb118dd468faadfcbf3623b1e100402c9ce
segment,,2026-08-31,2026-08-31T14:00:00.000000Z,2026-08-31T09:00:00,EVENING,,355,STA 261 SOUTH 300 LINE,06,,TGP:SEG:355,TD1,221340,221340.0,23495.0,197845.0,False,True,,True,2026-08-31T01:47:00.000000Z,2026-08-31T14:44:47.739205Z,2026-08-31T14:44:47.739205Z,Million BTU's (displayed as Dth),d2eef3c517898b0f7e89817593d54eb118dd468faadfcbf3623b1e100402c9ce,https://pipeline2.kindermorgan.com/Capacity/OpAvailSegment.aspx?code=TGP,data/raw/km_tgp_segment_capacity/2026/08/31/d2eef3c517898b0f7e89817593d54eb118dd468faadfcbf3623b1e100402c9ce.xlsx,km_tgp_segment_capacity:1788187487739205000:d2eef3c517898b0f7e89817593d54eb118dd468faadfcbf3623b1e100402c9ce
segment,,2026-08-31,2026-08-31T14:00:00.000000Z,2026-08-31T09:00:00,EVENING,,355,STA 261 SOUTH 300 LINE,06,,TGP:SEG:355,TD2,47320,47320.0,0.0,47320.0,False,True,,True,2026-08-31T01:47:00.000000Z,2026-08-31T14:44:47.739205Z,2026-08-31T14:44:47.739205Z,Million BTU's (displayed as Dth),d2eef3c517898b0f7e89817593d54eb118dd468faadfcbf3623b1e100402c9ce,https://pipeline2.kindermorgan.com/Capacity/OpAvailSegment.aspx?code=TGP,data/raw/km_tgp_segment_capacity/2026/08/31/d2eef3c517898b0f7e89817593d54eb118dd468faadfcbf3623b1e100402c9ce.xlsx,km_tgp_segment_capacity:1788187487739205000:d2eef3c517898b0f7e89817593d54eb118dd468faadfcbf3623b1e100402c9ce
segment,,2026-08-31,2026-08-31T14:00:00.000000Z,2026-08-31T09:00:00,EVENING,,355,MLV 345 North,06,,TGP:SEG:355,TD2,147700,147700.0,17389.0,130311.0,False,True,,True,2026-08-31T01:47:00.000000Z,2026-08-31T14:44:47.739205Z,2026-08-31T14:44:47.739205Z,Million BTU's (displayed as Dth),d2eef3c517898b0f7e89817593d54eb118dd468faadfcbf3623b1e100402c9ce,https://pipeline2.kindermorgan.com/Capacity/OpAvailSegment.aspx?code=TGP,data/raw/km_tgp_segment_capacity/2026/08/31/d2eef3c517898b0f7e89817593d54eb118dd468faadfcbf3623b1e100402c9ce.xlsx,km_tgp_segment_capacity:1788187487739205000:d2eef3c517898b0f7e89817593d54eb118dd468faadfcbf3623b1e100402c9ce
segment,,2026-08-31,2026-08-31T14:00:00.000000Z,2026-08-31T09:00:00,EVENING,,394,STA 319 EAST,04,,TGP:SEG:394,TD1,1602574,1602574.0,0.0,1602574.0,False,True,,True,2026-08-31T01:47:00.000000Z,2026-08-31T14:44:47.739205Z,2026-08-31T14:44:47.739205Z,Million BTU's (displayed as Dth),d2eef3c517898b0f7e89817593d54eb118dd468faadfcbf3623b1e100402c9ce,https://pipeline2.kindermorgan.com/Capacity/OpAvailSegment.aspx?code=TGP,data/raw/km_tgp_segment_capacity/2026/08/31/d2eef3c517898b0f7e89817593d54eb118dd468faadfcbf3623b1e100402c9ce.xlsx,km_tgp_segment_capacity:1788187487739205000:d2eef3c517898b0f7e89817593d54eb118dd468faadfcbf3623b1e100402c9ce
segment,,2026-08-31,2026-08-31T14:00:00.000000Z,2026-08-31T09:00:00,EVENING,,394,STA 319 EAST,04,,TGP:SEG:394,TD2,1063496,1063496.0,56484.0,1007012.0,True,True,,True,2026-08-31T01:47:00.000000Z,2026-08-31T14:44:47.739205Z,2026-08-31T14:44:47.739205Z,Million BTU's (displayed as Dth),d2eef3c517898b0f7e89817593d54eb118dd468faadfcbf3623b1e100402c9ce,https://pipeline2.kindermorgan.com/Capacity/OpAvailSegment.aspx?code=TGP,data/raw/km_tgp_segment_capacity/2026/08/31/d2eef3c517898b0f7e89817593d54eb118dd468faadfcbf3623b1e100402c9ce.xlsx,km_tgp_segment_capacity:1788187487739205000:d2eef3c517898b0f7e89817593d54eb118dd468faadfcbf3623b1e100402c9ce
segment,,2026-08-31,2026-08-31T14:00:00.000000Z,2026-08-31T09:00:00,EVENING,,395,MLV 313G ELLISBURG LATERAL ROS,04,,TGP:SEG:395,TD1,500000,500000.0,0.0,500000.0,False,True,,True,2026-08-31T01:47:00.000000Z,2026-08-31T14:44:47.739205Z,2026-08-31T14:44:47.739205Z,Million BTU's (displayed as Dth),d2eef3c517898b0f7e89817593d54eb118dd468faadfcbf3623b1e100402c9ce,https://pipeline2.kindermorgan.com/Capacity/OpAvailSegment.aspx?code=TGP,data/raw/km_tgp_segment_capacity/2026/08/31/d2eef3c517898b0f7e89817593d54eb118dd468faadfcbf3623b1e100402c9ce.xlsx,km_tgp_segment_capacity:1788187487739205000:d2eef3c517898b0f7e89817593d54eb118dd468faadfcbf3623b1e100402c9ce
segment,,2026-08-31,2026-08-31T14:00:00.000000Z,2026-08-31T09:00:00,EVENING,,395,MLV 313G ELLISBURG LATERAL ROS,04,,TGP:SEG:395,TD2,500000,500000.0,52155.0,447845.0,False,True,,True,2026-08-31T01:47:00.000000Z,2026-08-31T14:44:47.739205Z,2026-08-31T14:44:47.739205Z,Million BTU's (displayed as Dth),d2eef3c517898b0f7e89817593d54eb118dd468faadfcbf3623b1e100402c9ce,https://pipeline2.kindermorgan.com/Capacity/OpAvailSegment.aspx?code=TGP,data/raw/km_tgp_segment_capacity/2026/08/31/d2eef3c517898b0f7e89817593d54eb118dd468faadfcbf3623b1e100402c9ce.xlsx,km_tgp_segment_capacity:1788187487739205000:d2eef3c517898b0f7e89817593d54eb118dd468faadfcbf3623b1e100402c9ce
segment,,2026-08-31,2026-08-31T14:00:00.000000Z,2026-08-31T09:00:00,EVENING,,396,LEIDY LINE,04,,TGP:SEG:396,TD1,242000,242000.0,0.0,242000.0,False,True,,True,2026-08-31T01:47:00.000000Z,2026-08-31T14:44:47.739205Z,2026-08-31T14:44:47.739205Z,Million BTU's (displayed as Dth),d2eef3c517898b0f7e89817593d54eb118dd468faadfcbf3623b1e100402c9ce,https://pipeline2.kindermorgan.com/Capacity/OpAvailSegment.aspx?code=TGP,data/raw/km_tgp_segment_capacity/2026/08/31/d2eef3c517898b0f7e89817593d54eb118dd468faadfcbf3623b1e100402c9ce.xlsx,km_tgp_segment_capacity:1788187487739205000:d2eef3c517898b0f7e89817593d54eb118dd468faadfcbf3623b1e100402c9ce
segment,,2026-08-31,2026-08-31T14:00:00.000000Z,2026-08-31T09:00:00,EVENING,,397,MLV 313G ELLISBURG LATERAL STA,04,,TGP:SEG:397,TD1,954000,954000.0,421230.0,532770.0,True,True,,True,2026-08-31T01:47:00.000000Z,2026-08-31T14:44:47.739205Z,2026-08-31T14:44:47.739205Z,Million BTU's (displayed as Dth),d2eef3c517898b0f7e89817593d54eb118dd468faadfcbf3623b1e100402c9ce,https://pipeline2.kindermorgan.com/Capacity/OpAvailSegment.aspx?code=TGP,data/raw/km_tgp_segment_capacity/2026/08/31/d2eef3c517898b0f7e89817593d54eb118dd468faadfcbf3623b1e100402c9ce.xlsx,km_tgp_segment_capacity:1788187487739205000:d2eef3c517898b0f7e89817593d54eb118dd468faadfcbf3623b1e100402c9ce
segment,,2026-08-31,2026-08-31T14:00:00.000000Z,2026-08-31T09:00:00,EVENING,,397,MLV 313G ELLISBURG LATERAL STA,04,,TGP:SEG:397,TD2,800000,800000.0,0.0,800000.0,True,True,,True,2026-08-31T01:47:00.000000Z,2026-08-31T14:44:47.739205Z,2026-08-31T14:44:47.739205Z,Million BTU's (displayed as Dth),d2eef3c517898b0f7e89817593d54eb118dd468faadfcbf3623b1e100402c9ce,https://pipeline2.kindermorgan.com/Capacity/OpAvailSegment.aspx?code=TGP,data/raw/km_tgp_segment_capacity/2026/08/31/d2eef3c517898b0f7e89817593d54eb118dd468faadfcbf3623b1e100402c9ce.xlsx,km_tgp_segment_capacity:1788187487739205000:d2eef3c517898b0f7e89817593d54eb118dd468faadfcbf3623b1e100402c9ce
segment,,2026-08-31,2026-08-31T14:00:00.000000Z,2026-08-31T09:00:00,EVENING,,398,MLV 313C HEBRON  LATRERAL,04,,TGP:SEG:398,TD1,307000,307000.0,21.0,306979.0,False,True,,True,2026-08-31T01:47:00.000000Z,2026-08-31T14:44:47.739205Z,2026-08-31T14:44:47.739205Z,Million BTU's (displayed as Dth),d2eef3c517898b0f7e89817593d54eb118dd468faadfcbf3623b1e100402c9ce,https://pipeline2.kindermorgan.com/Capacity/OpAvailSegment.aspx?code=TGP,data/raw/km_tgp_segment_capacity/2026/08/31/d2eef3c517898b0f7e89817593d54eb118dd468faadfcbf3623b1e100402c9ce.xlsx,km_tgp_segment_capacity:1788187487739205000:d2eef3c517898b0f7e89817593d54eb118dd468faadfcbf3623b1e100402c9ce
segment,,2026-08-31,2026-08-31T14:00:00.000000Z,2026-08-31T09:00:00,EVENING,,398,MLV 313C HEBRON  LATRERAL,04,,TGP:SEG:398,TD2,332000,332000.0,0.0,332000.0,False,True,,True,2026-08-31T01:47:00.000000Z,2026-08-31T14:44:47.739205Z,2026-08-31T14:44:47.739205Z,Million BTU's (displayed as Dth),d2eef3c517898b0f7e89817593d54eb118dd468faadfcbf3623b1e100402c9ce,https://pipeline2.kindermorgan.com/Capacity/OpAvailSegment.aspx?code=TGP,data/raw/km_tgp_segment_capacity/2026/08/31/d2eef3c517898b0f7e89817593d54eb118dd468faadfcbf3623b1e100402c9ce.xlsx,km_tgp_segment_capacity:1788187487739205000:d2eef3c517898b0f7e89817593d54eb118dd468faadfcbf3623b1e100402c9ce
segment,,2026-08-31,2026-08-31T14:00:00.000000Z,2026-08-31T09:00:00,EVENING,,399,STA 313 HC LINE Z4 END,04,,TGP:SEG:399,TD1,822950,797050.0,734703.0,62347.0,True,True,,True,2026-08-31T01:47:00.000000Z,2026-08-31T14:44:47.739205Z,2026-08-31T14:44:47.739205Z,Million BTU's (displayed as Dth),d2eef3c517898b0f7e89817593d54eb118dd468faadfcbf3623b1e100402c9ce,https://pipeline2.kindermorgan.com/Capacity/OpAvailSegment.aspx?code=TGP,data/raw/km_tgp_segment_capacity/2026/08/31/d2eef3c517898b0f7e89817593d54eb118dd468faadfcbf3623b1e100402c9ce.xlsx,km_tgp_segment_capacity:1788187487739205000:d2eef3c517898b0f7e89817593d54eb118dd468faadfcbf3623b1e100402c9ce
segment,,2026-08-31,2026-08-31T14:00:00.000000Z,2026-08-31T09:00:00,EVENING,,399,STA 313 HC LINE Z4 END,04,,TGP:SEG:399,TD2,263749,263749.0,0.0,263749.0,True,True,,True,2026-08-31T01:47:00.000000Z,2026-08-31T14:44:47.739205Z,2026-08-31T14:44:47.739205Z,Million BTU's (displayed as Dth),d2eef3c517898b0f7e89817593d54eb118dd468faadfcbf3623b1e100402c9ce,https://pipeline2.kindermorgan.com/Capacity/OpAvailSegment.aspx?code=TGP,data/raw/km_tgp_segment_capacity/2026/08/31/d2eef3c517898b0f7e89817593d54eb118dd468faadfcbf3623b1e100402c9ce.xlsx,km_tgp_segment_capacity:1788187487739205000:d2eef3c517898b0f7e89817593d54eb118dd468faadfcbf3623b1e100402c9ce
segment,,2026-08-31,2026-08-31T14:00:00.000000Z,2026-08-31T09:00:00,EVENING,,406,MLV 406,00,,TGP:SEG:406,TD1,479854,479854.0,0.0,479854.0,False,True,,True,2026-08-31T01:47:00.000000Z,2026-08-31T14:44:47.739205Z,2026-08-31T14:44:47.739205Z,Million BTU's (displayed as Dth),d2eef3c517898b0f7e89817593d54eb118dd468faadfcbf3623b1e100402c9ce,https://pipeline2.kindermorgan.com/Capacity/OpAvailSegment.aspx?code=TGP,data/raw/km_tgp_segment_capacity/2026/08/31/d2eef3c517898b0f7e89817593d54eb118dd468faadfcbf3623b1e100402c9ce.xlsx,km_tgp_segment_capacity:1788187487739205000:d2eef3c517898b0f7e89817593d54eb118dd468faadfcbf3623b1e100402c9ce
segment,,2026-08-31,2026-08-31T14:00:00.000000Z,2026-08-31T09:00:00,EVENING,,406,MLV 406,00,,TGP:SEG:406,TD2,456535,456535.0,357928.0,98607.0,True,True,,True,2026-08-31T01:47:00.000000Z,2026-08-31T14:44:47.739205Z,2026-08-31T14:44:47.739205Z,Million BTU's (displayed as Dth),d2eef3c517898b0f7e89817593d54eb118dd468faadfcbf3623b1e100402c9ce,https://pipeline2.kindermorgan.com/Capacity/OpAvailSegment.aspx?code=TGP,data/raw/km_tgp_segment_capacity/2026/08/31/d2eef3c517898b0f7e89817593d54eb118dd468faadfcbf3623b1e100402c9ce.xlsx,km_tgp_segment_capacity:1788187487739205000:d2eef3c517898b0f7e89817593d54eb118dd468faadfcbf3623b1e100402c9ce
segment,,2026-08-31,2026-08-31T14:00:00.000000Z,2026-08-31T09:00:00,EVENING,,409,STA 409 NORTH,00,,TGP:SEG:409,TD1,425667,425667.0,0.0,425667.0,False,True,,True,2026-08-31T01:47:00.000000Z,2026-08-31T14:44:47.739205Z,2026-08-31T14:44:47.739205Z,Million BTU's (displayed as Dth),d2eef3c517898b0f7e89817593d54eb118dd468faadfcbf3623b1e100402c9ce,https://pipeline2.kindermorgan.com/Capacity/OpAvailSegment.aspx?code=TGP,data/raw/km_tgp_segment_capacity/2026/08/31/d2eef3c517898b0f7e89817593d54eb118dd468faadfcbf3623b1e100402c9ce.xlsx,km_tgp_segment_capacity:1788187487739205000:d2eef3c517898b0f7e89817593d54eb118dd468faadfcbf3623b1e100402c9ce
segment,,2026-08-31,2026-08-31T14:00:00.000000Z,2026-08-31T09:00:00,EVENING,,409,STA 409 NORTH,00,,TGP:SEG:409,TD2,468935,468935.0,357958.0,110977.0,True,True,,True,2026-08-31T01:47:00.000000Z,2026-08-31T14:44:47.739205Z,2026-08-31T14:44:47.739205Z,Million BTU's (displayed as Dth),d2eef3c517898b0f7e89817593d54eb118dd468faadfcbf3623b1e100402c9ce,https://pipeline2.kindermorgan.com/Capacity/OpAvailSegment.aspx?code=TGP,data/raw/km_tgp_segment_capacity/2026/08/31/d2eef3c517898b0f7e89817593d54eb118dd468faadfcbf3623b1e100402c9ce.xlsx,km_tgp_segment_capacity:1788187487739205000:d2eef3c517898b0f7e89817593d54eb118dd468faadfcbf3623b1e100402c9ce
segment,,2026-08-31,2026-08-31T14:00:00.000000Z,2026-08-31T09:00:00,EVENING,,410,STA 409 GILMORE LATERAL,00,,TGP:SEG:410,TD1,255000,255000.0,74567.0,180433.0,False,True,,True,2026-08-31T01:47:00.000000Z,2026-08-31T14:44:47.739205Z,2026-08-31T14:44:47.739205Z,Million BTU's (displayed as Dth),d2eef3c517898b0f7e89817593d54eb118dd468faadfcbf3623b1e100402c9ce,https://pipeline2.kindermorgan.com/Capacity/OpAvailSegment.aspx?code=TGP,data/raw/km_tgp_segment_capacity/2026/08/31/d2eef3c517898b0f7e89817593d54eb118dd468faadfcbf3623b1e100402c9ce.xlsx,km_tgp_segment_capacity:1788187487739205000:d2eef3c517898b0f7e89817593d54eb118dd468faadfcbf3623b1e100402c9ce
segment,,2026-08-31,2026-08-31T14:00:00.000000Z,2026-08-31T09:00:00,EVENING,,490,BORDER POOL SOUTH,00,,TGP:SEG:490,TD1,564735,564735.0,432536.0,132199.0,True,True,,True,2026-08-31T01:47:00.000000Z,2026-08-31T14:44:47.739205Z,2026-08-31T14:44:47.739205Z,Million BTU's (displayed as Dth),d2eef3c517898b0f7e89817593d54eb118dd468faadfcbf3623b1e100402c9ce,https://pipeline2.kindermorgan.com/Capacity/OpAvailSegment.aspx?code=TGP,data/raw/km_tgp_segment_capacity/2026/08/31/d2eef3c517898b0f7e89817593d54eb118dd468faadfcbf3623b1e100402c9ce.xlsx,km_tgp_segment_capacity:1788187487739205000:d2eef3c517898b0f7e89817593d54eb118dd468faadfcbf3623b1e100402c9ce
segment,,2026-08-31,2026-08-31T14:00:00.000000Z,2026-08-31T09:00:00,EVENING,,490,BORDER POOL SOUTH,00,,TGP:SEG:490,TD2,421742,421742.0,0.0,421742.0,False,True,,True,2026-08-31T01:47:00.000000Z,2026-08-31T14:44:47.739205Z,2026-08-31T14:44:47.739205Z,Million BTU's (displayed as Dth),d2eef3c517898b0f7e89817593d54eb118dd468faadfcbf3623b1e100402c9ce,https://pipeline2.kindermorgan.com/Capacity/OpAvailSegment.aspx?code=TGP,data/raw/km_tgp_segment_capacity/2026/08/31/d2eef3c517898b0f7e89817593d54eb118dd468faadfcbf3623b1e100402c9ce.xlsx,km_tgp_segment_capacity:1788187487739205000:d2eef3c517898b0f7e89817593d54eb118dd468faadfcbf3623b1e100402c9ce
segment,,2026-08-31,2026-08-31T14:00:00.000000Z,2026-08-31T09:00:00,EVENING,,491,MLV 409A RIO BRAVO LATERAL,00,,TGP:SEG:491,TD1,374000,374000.0,255013.0,118987.0,True,True,,True,2026-08-31T01:47:00.000000Z,2026-08-31T14:44:47.739205Z,2026-08-31T14:44:47.739205Z,Million BTU's (displayed as Dth),d2eef3c517898b0f7e89817593d54eb118dd468faadfcbf3623b1e100402c9ce,https://pipeline2.kindermorgan.com/Capacity/OpAvailSegment.aspx?code=TGP,data/raw/km_tgp_segment_capacity/2026/08/31/d2eef3c517898b0f7e89817593d54eb118dd468faadfcbf3623b1e100402c9ce.xlsx,km_tgp_segment_capacity:1788187487739205000:d2eef3c517898b0f7e89817593d54eb118dd468faadfcbf3623b1e100402c9ce
segment,,2026-08-31,2026-08-31T14:00:00.000000Z,2026-08-31T09:00:00,EVENING,,491,MLV 409A RIO BRAVO LATERAL,00,,TGP:SEG:491,TD2,12000,12000.0,0.0,12000.0,False,True,,True,2026-08-31T01:47:00.000000Z,2026-08-31T14:44:47.739205Z,2026-08-31T14:44:47.739205Z,Million BTU's (displayed as Dth),d2eef3c517898b0f7e89817593d54eb118dd468faadfcbf3623b1e100402c9ce,https://pipeline2.kindermorgan.com/Capacity/OpAvailSegment.aspx?code=TGP,data/raw/km_tgp_segment_capacity/2026/08/31/d2eef3c517898b0f7e89817593d54eb118dd468faadfcbf3623b1e100402c9ce.xlsx,km_tgp_segment_capacity:1788187487739205000:d2eef3c517898b0f7e89817593d54eb118dd468faadfcbf3623b1e100402c9ce
segment,,2026-08-31,2026-08-31T14:00:00.000000Z,2026-08-31T09:00:00,EVENING,,492,STA 409A PEMEX LATERAL,00,,TGP:SEG:492,TD1,274735,274735.0,177823.0,96912.0,False,True,,True,2026-08-31T01:47:00.000000Z,2026-08-31T14:44:47.739205Z,2026-08-31T14:44:47.739205Z,Million BTU's (displayed as Dth),d2eef3c517898b0f7e89817593d54eb118dd468faadfcbf3623b1e100402c9ce,https://pipeline2.kindermorgan.com/Capacity/OpAvailSegment.aspx?code=TGP,data/raw/km_tgp_segment_capacity/2026/08/31/d2eef3c517898b0f7e89817593d54eb118dd468faadfcbf3623b1e100402c9ce.xlsx,km_tgp_segment_capacity:1788187487739205000:d2eef3c517898b0f7e89817593d54eb118dd468faadfcbf3623b1e100402c9ce
segment,,2026-08-31,2026-08-31T14:00:00.000000Z,2026-08-31T09:00:00,EVENING,,492,STA 409A PEMEX LATERAL,00,,TGP:SEG:492,TD2,418929,418929.0,0.0,418929.0,False,True,,True,2026-08-31T01:47:00.000000Z,2026-08-31T14:44:47.739205Z,2026-08-31T14:44:47.739205Z,Million BTU's (displayed as Dth),d2eef3c517898b0f7e89817593d54eb118dd468faadfcbf3623b1e100402c9ce,https://pipeline2.kindermorgan.com/Capacity/OpAvailSegment.aspx?code=TGP,data/raw/km_tgp_segment_capacity/2026/08/31/d2eef3c517898b0f7e89817593d54eb118dd468faadfcbf3623b1e100402c9ce.xlsx,km_tgp_segment_capacity:1788187487739205000:d2eef3c517898b0f7e89817593d54eb118dd468faadfcbf3623b1e100402c9ce
segment,,2026-08-31,2026-08-31T14:00:00.000000Z,2026-08-31T09:00:00,EVENING,,501,STA 40 KN LINE,L,,TGP:SEG:501,TD1,266685,266685.0,266426.0,259.0,False,True,,True,2026-08-31T01:47:00.000000Z,2026-08-31T14:44:47.739205Z,2026-08-31T14:44:47.739205Z,Million BTU's (displayed as Dth),d2eef3c517898b0f7e89817593d54eb118dd468faadfcbf3623b1e100402c9ce,https://pipeline2.kindermorgan.com/Capacity/OpAvailSegment.aspx?code=TGP,data/raw/km_tgp_segment_capacity/2026/08/31/d2eef3c517898b0f7e89817593d54eb118dd468faadfcbf3623b1e100402c9ce.xlsx,km_tgp_segment_capacity:1788187487739205000:d2eef3c517898b0f7e89817593d54eb118dd468faadfcbf3623b1e100402c9ce
segment,,2026-08-31,2026-08-31T14:00:00.000000Z,2026-08-31T09:00:00,EVENING,,501,STA 823 KN LINE,L,,TGP:SEG:501,TD1,267481,267481.0,266208.0,1273.0,False,True,,True,2026-08-31T01:47:00.000000Z,2026-08-31T14:44:47.739205Z,2026-08-31T14:44:47.739205Z,Million BTU's (displayed as Dth),d2eef3c517898b0f7e89817593d54eb118dd468faadfcbf3623b1e100402c9ce,https://pipeline2.kindermorgan.com/Capacity/OpAvailSegment.aspx?code=TGP,data/raw/km_tgp_segment_capacity/2026/08/31/d2eef3c517898b0f7e89817593d54eb118dd468faadfcbf3623b1e100402c9ce.xlsx,km_tgp_segment_capacity:1788187487739205000:d2eef3c517898b0f7e89817593d54eb118dd468faadfcbf3623b1e100402c9ce
segment,,2026-08-31,2026-08-31T14:00:00.000000Z,2026-08-31T09:00:00,EVENING,,501,STA 40 KN LINE,L,,TGP:SEG:501,TD2,228526,228526.0,0.0,228526.0,False,True,,True,2026-08-31T01:47:00.000000Z,2026-08-31T14:44:47.739205Z,2026-08-31T14:44:47.739205Z,Million BTU's (displayed as Dth),d2eef3c517898b0f7e89817593d54eb118dd468faadfcbf3623b1e100402c9ce,https://pipeline2.kindermorgan.com/Capacity/OpAvailSegment.aspx?code=TGP,data/raw/km_tgp_segment_capacity/2026/08/31/d2eef3c517898b0f7e89817593d54eb118dd468faadfcbf3623b1e100402c9ce.xlsx,km_tgp_segment_capacity:1788187487739205000:d2eef3c517898b0f7e89817593d54eb118dd468faadfcbf3623b1e100402c9ce
segment,,2026-08-31,2026-08-31T14:00:00.000000Z,2026-08-31T09:00:00,EVENING,,501,STA 823 KN LINE,L,,TGP:SEG:501,TD2,229433,229433.0,0.0,229433.0,False,True,,True,2026-08-31T01:47:00.000000Z,2026-08-31T14:44:47.739205Z,2026-08-31T14:44:47.739205Z,Million BTU's (displayed as Dth),d2eef3c517898b0f7e89817593d54eb118dd468faadfcbf3623b1e100402c9ce,https://pipeline2.kindermorgan.com/Capacity/OpAvailSegment.aspx?code=TGP,data/raw/km_tgp_segment_capacity/2026/08/31/d2eef3c517898b0f7e89817593d54eb118dd468faadfcbf3623b1e100402c9ce.xlsx,km_tgp_segment_capacity:1788187487739205000:d2eef3c517898b0f7e89817593d54eb118dd468faadfcbf3623b1e100402c9ce
segment,,2026-08-31,2026-08-31T14:00:00.000000Z,2026-08-31T09:00:00,EVENING,,509,STA 823 MUSKRAT LINE,L,,TGP:SEG:509,TD1,117016,117016.0,0.0,117016.0,False,True,,True,2026-08-31T01:47:00.000000Z,2026-08-31T14:44:47.739205Z,2026-08-31T14:44:47.739205Z,Million BTU's (displayed as Dth),d2eef3c517898b0f7e89817593d54eb118dd468faadfcbf3623b1e100402c9ce,https://pipeline2.kindermorgan.com/Capacity/OpAvailSegment.aspx?code=TGP,data/raw/km_tgp_segment_capacity/2026/08/31/d2eef3c517898b0f7e89817593d54eb118dd468faadfcbf3623b1e100402c9ce.xlsx,km_tgp_segment_capacity:1788187487739205000:d2eef3c517898b0f7e89817593d54eb118dd468faadfcbf3623b1e100402c9ce
segment,,2026-08-31,2026-08-31T14:00:00.000000Z,2026-08-31T09:00:00,EVENING,,509,STA 823 MUSKRAT LINE,L,,TGP:SEG:509,TD2,231733,231733.0,238553.0,0.0,False,True,,True,2026-08-31T01:47:00.000000Z,2026-08-31T14:44:47.739205Z,2026-08-31T14:44:47.739205Z,Million BTU's (displayed as Dth),d2eef3c517898b0f7e89817593d54eb118dd468faadfcbf3623b1e100402c9ce,https://pipeline2.kindermorgan.com/Capacity/OpAvailSegment.aspx?code=TGP,data/raw/km_tgp_segment_capacity/2026/08/31/d2eef3c517898b0f7e89817593d54eb118dd468faadfcbf3623b1e100402c9ce.xlsx,km_tgp_segment_capacity:1788187487739205000:d2eef3c517898b0f7e89817593d54eb118dd468faadfcbf3623b1e100402c9ce
segment,,2026-08-31,2026-08-31T14:00:00.000000Z,2026-08-31T09:00:00,EVENING,,515,MLV 509 MUSKRAT LINE,L,,TGP:SEG:515,TD1,48793,48793.0,0.0,48793.0,False,True,,True,2026-08-31T01:47:00.000000Z,2026-08-31T14:44:47.739205Z,2026-08-31T14:44:47.739205Z,Million BTU's (displayed as Dth),d2eef3c517898b0f7e89817593d54eb118dd468faadfcbf3623b1e100402c9ce,https://pipeline2.kindermorgan.com/Capacity/OpAvailSegment.aspx?code=TGP,data/raw/km_tgp_segment_capacity/2026/08/31/d2eef3c517898b0f7e89817593d54eb118dd468faadfcbf3623b1e100402c9ce.xlsx,km_tgp_segment_capacity:1788187487739205000:d2eef3c517898b0f7e89817593d54eb118dd468faadfcbf3623b1e100402c9ce
segment,,2026-08-31,2026-08-31T14:00:00.000000Z,2026-08-31T09:00:00,EVENING,,515,MLV 509 MUSKRAT LINE,L,,TGP:SEG:515,TD2,231583,231583.0,238443.0,0.0,False,True,,True,2026-08-31T01:47:00.000000Z,2026-08-31T14:44:47.739205Z,2026-08-31T14:44:47.739205Z,Million BTU's (displayed as Dth),d2eef3c517898b0f7e89817593d54eb118dd468faadfcbf3623b1e100402c9ce,https://pipeline2.kindermorgan.com/Capacity/OpAvailSegment.aspx?code=TGP,data/raw/km_tgp_segment_capacity/2026/08/31/d2eef3c517898b0f7e89817593d54eb118dd468faadfcbf3623b1e100402c9ce.xlsx,km_tgp_segment_capacity:1788187487739205000:d2eef3c517898b0f7e89817593d54eb118dd468faadfcbf3623b1e100402c9ce
segment,,2026-08-31,2026-08-31T14:00:00.000000Z,2026-08-31T09:00:00,EVENING,,516,STA 523 MUSKRAT LINE,L,,TGP:SEG:516,TD1,241058,241058.0,248002.0,0.0,False,True,,True,2026-08-31T01:47:00.000000Z,2026-08-31T14:44:47.739205Z,2026-08-31T14:44:47.739205Z,Million BTU's (displayed as Dth),d2eef3c517898b0f7e89817593d54eb118dd468faadfcbf3623b1e100402c9ce,https://pipeline2.kindermorgan.com/Capacity/OpAvailSegment.aspx?code=TGP,data/raw/km_tgp_segment_capacity/2026/08/31/d2eef3c517898b0f7e89817593d54eb118dd468faadfcbf3623b1e100402c9ce.xlsx,km_tgp_segment_capacity:1788187487739205000:d2eef3c517898b0f7e89817593d54eb118dd468faadfcbf3623b1e100402c9ce
segment,,2026-08-31,2026-08-31T14:00:00.000000Z,2026-08-31T09:00:00,EVENING,,516,STA 523 MUSKRAT LINE,L,,TGP:SEG:516,TD2,157500,157500.0,0.0,157500.0,False,True,,True,2026-08-31T01:47:00.000000Z,2026-08-31T14:44:47.739205Z,2026-08-31T14:44:47.739205Z,Million BTU's (displayed as Dth),d2eef3c517898b0f7e89817593d54eb118dd468faadfcbf3623b1e100402c9ce,https://pipeline2.kindermorgan.com/Capacity/OpAvailSegment.aspx?code=TGP,data/raw/km_tgp_segment_capacity/2026/08/31/d2eef3c517898b0f7e89817593d54eb118dd468faadfcbf3623b1e100402c9ce.xlsx,km_tgp_segment_capacity:1788187487739205000:d2eef3c517898b0f7e89817593d54eb118dd468faadfcbf3623b1e100402c9ce
segment,,2026-08-31,2026-08-31T14:00:00.000000Z,2026-08-31T09:00:00,EVENING,,523,STA 523,L,,TGP:SEG:523,TD1,432882,432882.0,248002.0,184880.0,False,True,,True,2026-08-31T01:47:00.000000Z,2026-08-31T14:44:47.739205Z,2026-08-31T14:44:47.739205Z,Million BTU's (displayed as Dth),d2eef3c517898b0f7e89817593d54eb118dd468faadfcbf3623b1e100402c9ce,https://pipeline2.kindermorgan.com/Capacity/OpAvailSegment.aspx?code=TGP,data/raw/km_tgp_segment_capacity/2026/08/31/d2eef3c517898b0f7e89817593d54eb118dd468faadfcbf3623b1e100402c9ce.xlsx,km_tgp_segment_capacity:1788187487739205000:d2eef3c517898b0f7e89817593d54eb118dd468faadfcbf3623b1e100402c9ce
segment,,2026-08-31,2026-08-31T14:00:00.000000Z,2026-08-31T09:00:00,EVENING,,523,STA 523,L,,TGP:SEG:523,TD2,157500,157500.0,0.0,157500.0,False,True,,True,2026-08-31T01:47:00.000000Z,2026-08-31T14:44:47.739205Z,2026-08-31T14:44:47.739205Z,Million BTU's (displayed as Dth),d2eef3c517898b0f7e89817593d54eb118dd468faadfcbf3623b1e100402c9ce,https://pipeline2.kindermorgan.com/Capacity/OpAvailSegment.aspx?code=TGP,data/raw/km_tgp_segment_capacity/2026/08/31/d2eef3c517898b0f7e89817593d54eb118dd468faadfcbf3623b1e100402c9ce.xlsx,km_tgp_segment_capacity:1788187487739205000:d2eef3c517898b0f7e89817593d54eb118dd468faadfcbf3623b1e100402c9ce
segment,,2026-08-31,2026-08-31T14:00:00.000000Z,2026-08-31T09:00:00,EVENING,,524,MLV 524,L,,TGP:SEG:524,TD1,432882,432882.0,248002.0,184880.0,False,True,,True,2026-08-31T01:47:00.000000Z,2026-08-31T14:44:47.739205Z,2026-08-31T14:44:47.739205Z,Million BTU's (displayed as Dth),d2eef3c517898b0f7e89817593d54eb118dd468faadfcbf3623b1e100402c9ce,https://pipeline2.kindermorgan.com/Capacity/OpAvailSegment.aspx?code=TGP,data/raw/km_tgp_segment_capacity/2026/08/31/d2eef3c517898b0f7e89817593d54eb118dd468faadfcbf3623b1e100402c9ce.xlsx,km_tgp_segment_capacity:1788187487739205000:d2eef3c517898b0f7e89817593d54eb118dd468faadfcbf3623b1e100402c9ce
segment,,2026-08-31,2026-08-31T14:00:00.000000Z,2026-08-31T09:00:00,EVENING,,524,MLV 524,L,,TGP:SEG:524,TD2,157500,157500.0,0.0,157500.0,False,True,,True,2026-08-31T01:47:00.000000Z,2026-08-31T14:44:47.739205Z,2026-08-31T14:44:47.739205Z,Million BTU's (displayed as Dth),d2eef3c517898b0f7e89817593d54eb118dd468faadfcbf3623b1e100402c9ce,https://pipeline2.kindermorgan.com/Capacity/OpAvailSegment.aspx?code=TGP,data/raw/km_tgp_segment_capacity/2026/08/31/d2eef3c517898b0f7e89817593d54eb118dd468faadfcbf3623b1e100402c9ce.xlsx,km_tgp_segment_capacity:1788187487739205000:d2eef3c517898b0f7e89817593d54eb118dd468faadfcbf3623b1e100402c9ce
segment,,2026-08-31,2026-08-31T14:00:00.000000Z,2026-08-31T09:00:00,EVENING,,526,STA 527 PORT SULPHUR LATERAL,L,,TGP:SEG:526,TD1,797000,797000.0,0.0,797000.0,False,True,,True,2026-08-31T01:47:00.000000Z,2026-08-31T14:44:47.739205Z,2026-08-31T14:44:47.739205Z,Million BTU's (displayed as Dth),d2eef3c517898b0f7e89817593d54eb118dd468faadfcbf3623b1e100402c9ce,https://pipeline2.kindermorgan.com/Capacity/OpAvailSegment.aspx?code=TGP,data/raw/km_tgp_segment_capacity/2026/08/31/d2eef3c517898b0f7e89817593d54eb118dd468faadfcbf3623b1e100402c9ce.xlsx,km_tgp_segment_capacity:1788187487739205000:d2eef3c517898b0f7e89817593d54eb118dd468faadfcbf3623b1e100402c9ce
segment,,2026-08-31,2026-08-31T14:00:00.000000Z,2026-08-31T09:00:00,EVENING,,527,STA 527,L,,TGP:SEG:527,TD1,707223,707223.0,0.0,707223.0,False,True,,True,2026-08-31T01:47:00.000000Z,2026-08-31T14:44:47.739205Z,2026-08-31T14:44:47.739205Z,Million BTU's (displayed as Dth),d2eef3c517898b0f7e89817593d54eb118dd468faadfcbf3623b1e100402c9ce,https://pipeline2.kindermorgan.com/Capacity/OpAvailSegment.aspx?code=TGP,data/raw/km_tgp_segment_capacity/2026/08/31/d2eef3c517898b0f7e89817593d54eb118dd468faadfcbf3623b1e100402c9ce.xlsx,km_tgp_segment_capacity:1788187487739205000:d2eef3c517898b0f7e89817593d54eb118dd468faadfcbf3623b1e100402c9ce
segment,,2026-08-31,2026-08-31T14:00:00.000000Z,2026-08-31T09:00:00,EVENING,,527,STA 527,L,,TGP:SEG:527,TD2,2395165,2395165.0,1705521.0,689644.0,False,True,,True,2026-08-31T01:47:00.000000Z,2026-08-31T14:44:47.739205Z,2026-08-31T14:44:47.739205Z,Million BTU's (displayed as Dth),d2eef3c517898b0f7e89817593d54eb118dd468faadfcbf3623b1e100402c9ce,https://pipeline2.kindermorgan.com/Capacity/OpAvailSegment.aspx?code=TGP,data/raw/km_tgp_segment_capacity/2026/08/31/d2eef3c517898b0f7e89817593d54eb118dd468faadfcbf3623b1e100402c9ce.xlsx,km_tgp_segment_capacity:1788187487739205000:d2eef3c517898b0f7e89817593d54eb118dd468faadfcbf3623b1e100402c9ce
segment,,2026-08-31,2026-08-31T14:00:00.000000Z,2026-08-31T09:00:00,EVENING,,529,TOCA LATERAL,L,,TGP:SEG:529,TD1,1100000,1100000.0,842521.0,257479.0,False,True,,True,2026-08-31T01:47:00.000000Z,2026-08-31T14:44:47.739205Z,2026-08-31T14:44:47.739205Z,Million BTU's (displayed as Dth),d2eef3c517898b0f7e89817593d54eb118dd468faadfcbf3623b1e100402c9ce,https://pipeline2.kindermorgan.com/Capacity/OpAvailSegment.aspx?code=TGP,data/raw/km_tgp_segment_capacity/2026/08/31/d2eef3c517898b0f7e89817593d54eb118dd468faadfcbf3623b1e100402c9ce.xlsx,km_tgp_segment_capacity:1788187487739205000:d2eef3c517898b0f7e89817593d54eb118dd468faadfcbf3623b1e100402c9ce
segment,,2026-08-31,2026-08-31T14:00:00.000000Z,2026-08-31T09:00:00,EVENING,,529,TOCA LATERAL,L,,TGP:SEG:529,TD2,410000,410000.0,0.0,410000.0,False,True,,True,2026-08-31T01:47:00.000000Z,2026-08-31T14:44:47.739205Z,2026-08-31T14:44:47.739205Z,Million BTU's (displayed as Dth),d2eef3c517898b0f7e89817593d54eb118dd468faadfcbf3623b1e100402c9ce,https://pipeline2.kindermorgan.com/Capacity/OpAvailSegment.aspx?code=TGP,data/raw/km_tgp_segment_capacity/2026/08/31/d2eef3c517898b0f7e89817593d54eb118dd468faadfcbf3623b1e100402c9ce.xlsx,km_tgp_segment_capacity:1788187487739205000:d2eef3c517898b0f7e89817593d54eb118dd468faadfcbf3623b1e100402c9ce
segment,,2026-08-31,2026-08-31T14:00:00.000000Z,2026-08-31T09:00:00,EVENING,,530,STA 534 SOUTH OF POOL,L,,TGP:SEG:530,TD1,684491,684491.0,0.0,684491.0,True,True,,True,2026-08-31T01:47:00.000000Z,2026-08-31T14:44:47.739205Z,2026-08-31T14:44:47.739205Z,Million BTU's (displayed as Dth),d2eef3c517898b0f7e89817593d54eb118dd468faadfcbf3623b1e100402c9ce,https://pipeline2.kindermorgan.com/Capacity/OpAvailSegment.aspx?code=TGP,data/raw/km_tgp_segment_capacity/2026/08/31/d2eef3c517898b0f7e89817593d54eb118dd468faadfcbf3623b1e100402c9ce.xlsx,km_tgp_segment_capacity:1788187487739205000:d2eef3c517898b0f7e89817593d54eb118dd468faadfcbf3623b1e100402c9ce
segment,,2026-08-31,2026-08-31T14:00:00.000000Z,2026-08-31T09:00:00,EVENING,,530,STA 534 SOUTH OF POOL,L,,TGP:SEG:530,TD2,1550319,985000.0,904395.0,80605.0,False,True,,True,2026-08-31T01:47:00.000000Z,2026-08-31T14:44:47.739205Z,2026-08-31T14:44:47.739205Z,Million BTU's (displayed as Dth),d2eef3c517898b0f7e89817593d54eb118dd468faadfcbf3623b1e100402c9ce,https://pipeline2.kindermorgan.com/Capacity/OpAvailSegment.aspx?code=TGP,data/raw/km_tgp_segment_capacity/2026/08/31/d2eef3c517898b0f7e89817593d54eb118dd468faadfcbf3623b1e100402c9ce.xlsx,km_tgp_segment_capacity:1788187487739205000:d2eef3c517898b0f7e89817593d54eb118dd468faadfcbf3623b1e100402c9ce
segment,,2026-08-31,2026-08-31T14:00:00.000000Z,2026-08-31T09:00:00,EVENING,,5320,TOCA,L,,TGP:SEG:5320,TD1,1100000,1100000.0,867524.0,232476.0,False,True,,True,2026-08-31T01:47:00.000000Z,2026-08-31T14:44:47.739205Z,2026-08-31T14:44:47.739205Z,Million BTU's (displayed as Dth),d2eef3c517898b0f7e89817593d54eb118dd468faadfcbf3623b1e100402c9ce,https://pipeline2.kindermorgan.com/Capacity/OpAvailSegment.aspx?code=TGP,data/raw/km_tgp_segment_capacity/2026/08/31/d2eef3c517898b0f7e89817593d54eb118dd468faadfcbf3623b1e100402c9ce.xlsx,km_tgp_segment_capacity:1788187487739205000:d2eef3c517898b0f7e89817593d54eb118dd468faadfcbf3623b1e100402c9ce
segment,,2026-08-31,2026-08-31T14:00:00.000000Z,2026-08-31T09:00:00,EVENING,,5330,LA EAST LEG,L,,TGP:SEG:5330,TD1,1100000,1100000.0,867524.0,232476.0,False,True,,True,2026-08-31T01:47:00.000000Z,2026-08-31T14:44:47.739205Z,2026-08-31T14:44:47.739205Z,Million BTU's (displayed as Dth),d2eef3c517898b0f7e89817593d54eb118dd468faadfcbf3623b1e100402c9ce,https://pipeline2.kindermorgan.com/Capacity/OpAvailSegment.aspx?code=TGP,data/raw/km_tgp_segment_capacity/2026/08/31/d2eef3c517898b0f7e89817593d54eb118dd468faadfcbf3623b1e100402c9ce.xlsx,km_tgp_segment_capacity:1788187487739205000:d2eef3c517898b0f7e89817593d54eb118dd468faadfcbf3623b1e100402c9ce
segment,,2026-08-31,2026-08-31T14:00:00.000000Z,2026-08-31T09:00:00,EVENING,,534,MLV 539,01,,TGP:SEG:534,TD1,1948836,1948836.0,0.0,1948836.0,True,True,,True,2026-08-31T01:47:00.000000Z,2026-08-31T14:44:47.739205Z,2026-08-31T14:44:47.739205Z,Million BTU's (displayed as Dth),d2eef3c517898b0f7e89817593d54eb118dd468faadfcbf3623b1e100402c9ce,https://pipeline2.kindermorgan.com/Capacity/OpAvailSegment.aspx?code=TGP,data/raw/km_tgp_segment_capacity/2026/08/31/d2eef3c517898b0f7e89817593d54eb118dd468faadfcbf3623b1e100402c9ce.xlsx,km_tgp_segment_capacity:1788187487739205000:d2eef3c517898b0f7e89817593d54eb118dd468faadfcbf3623b1e100402c9ce
segment,,2026-08-31,2026-08-31T14:00:00.000000Z,2026-08-31T09:00:00,EVENING,,534,STA 534,01,,TGP:SEG:534,TD1,1614348,1614348.0,0.0,1614348.0,True,True,,True,2026-08-31T01:47:00.000000Z,2026-08-31T14:44:47.739205Z,2026-08-31T14:44:47.739205Z,Million BTU's (displayed as Dth),d2eef3c517898b0f7e89817593d54eb118dd468faadfcbf3623b1e100402c9ce,https://pipeline2.kindermorgan.com/Capacity/OpAvailSegment.aspx?code=TGP,data/raw/km_tgp_segment_capacity/2026/08/31/d2eef3c517898b0f7e89817593d54eb118dd468faadfcbf3623b1e100402c9ce.xlsx,km_tgp_segment_capacity:1788187487739205000:d2eef3c517898b0f7e89817593d54eb118dd468faadfcbf3623b1e100402c9ce
segment,,2026-08-31,2026-08-31T14:00:00.000000Z,2026-08-31T09:00:00,EVENING,,534,STA 534,01,,TGP:SEG:534,TD2,1909661,1909661.0,921721.0,987940.0,False,True,,True,2026-08-31T01:47:00.000000Z,2026-08-31T14:44:47.739205Z,2026-08-31T14:44:47.739205Z,Million BTU's (displayed as Dth),d2eef3c517898b0f7e89817593d54eb118dd468faadfcbf3623b1e100402c9ce,https://pipeline2.kindermorgan.com/Capacity/OpAvailSegment.aspx?code=TGP,data/raw/km_tgp_segment_capacity/2026/08/31/d2eef3c517898b0f7e89817593d54eb118dd468faadfcbf3623b1e100402c9ce.xlsx,km_tgp_segment_capacity:1788187487739205000:d2eef3c517898b0f7e89817593d54eb118dd468faadfcbf3623b1e100402c9ce
segment,,2026-08-31,2026-08-31T14:00:00.000000Z,2026-08-31T09:00:00,EVENING,,534,MLV 539,01,,TGP:SEG:534,TD2,1407553,1407553.0,302333.0,1105220.0,False,True,,True,2026-08-31T01:47:00.000000Z,2026-08-31T14:44:47.739205Z,2026-08-31T14:44:47.739205Z,Million BTU's (displayed as Dth),d2eef3c517898b0f7e89817593d54eb118dd468faadfcbf3623b1e100402c9ce,https://pipeline2.kindermorgan.com/Capacity/OpAvailSegment.aspx?code=TGP,data/raw/km_tgp_segment_capacity/2026/08/31/d2eef3c517898b0f7e89817593d54eb118dd468faadfcbf3623b1e100402c9ce.xlsx,km_tgp_segment_capacity:1788187487739205000:d2eef3c517898b0f7e89817593d54eb118dd468faadfcbf3623b1e100402c9ce
segment,,2026-08-31,2026-08-31T14:00:00.000000Z,2026-08-31T09:00:00,EVENING,,5360,SOUTH LA POOL,L,,,TD1,1100000,1100000.0,856929.0,243071.0,False,True,,True,2026-08-31T01:47:00.000000Z,2026-08-31T14:44:47.739205Z,2026-08-31T14:44:47.739205Z,Million BTU's (displayed as Dth),d2eef3c517898b0f7e89817593d54eb118dd468faadfcbf3623b1e100402c9ce,https://pipeline2.kindermorgan.com/Capacity/OpAvailSegment.aspx?code=TGP,data/raw/km_tgp_segment_capacity/2026/08/31/d2eef3c517898b0f7e89817593d54eb118dd468faadfcbf3623b1e100402c9ce.xlsx,km_tgp_segment_capacity:1788187487739205000:d2eef3c517898b0f7e89817593d54eb118dd468faadfcbf3623b1e100402c9ce
segment,,2026-08-31,2026-08-31T14:00:00.000000Z,2026-08-31T09:00:00,EVENING,,5370,GWINVILLE SOUTH,01,,TGP:SEG:5370,TD1,1100000,1100000.0,856929.0,243071.0,False,True,,True,2026-08-31T01:47:00.000000Z,2026-08-31T14:44:47.739205Z,2026-08-31T14:44:47.739205Z,Million BTU's (displayed as Dth),d2eef3c517898b0f7e89817593d54eb118dd468faadfcbf3623b1e100402c9ce,https://pipeline2.kindermorgan.com/Capacity/OpAvailSegment.aspx?code=TGP,data/raw/km_tgp_segment_capacity/2026/08/31/d2eef3c517898b0f7e89817593d54eb118dd468faadfcbf3623b1e100402c9ce.xlsx,km_tgp_segment_capacity:1788187487739205000:d2eef3c517898b0f7e89817593d54eb118dd468faadfcbf3623b1e100402c9ce
segment,,2026-08-31,2026-08-31T14:00:00.000000Z,2026-08-31T09:00:00,EVENING,,539,STA 542,01,,TGP:SEG:539,TD1,1875836,1875836.0,0.0,1875836.0,True,True,,True,2026-08-31T01:47:00.000000Z,2026-08-31T14:44:47.739205Z,2026-08-31T14:44:47.739205Z,Million BTU's (displayed as Dth),d2eef3c517898b0f7e89817593d54eb118dd468faadfcbf3623b1e100402c9ce,https://pipeline2.kindermorgan.com/Capacity/OpAvailSegment.aspx?code=TGP,data/raw/km_tgp_segment_capacity/2026/08/31/d2eef3c517898b0f7e89817593d54eb118dd468faadfcbf3623b1e100402c9ce.xlsx,km_tgp_segment_capacity:1788187487739205000:d2eef3c517898b0f7e89817593d54eb118dd468faadfcbf3623b1e100402c9ce
segment,,2026-08-31,2026-08-31T14:00:00.000000Z,2026-08-31T09:00:00,EVENING,,539,STA 542,01,,TGP:SEG:539,TD2,1795553,1663553.0,1334227.0,329326.0,False,True,,True,2026-08-31T01:47:00.000000Z,2026-08-31T14:44:47.739205Z,2026-08-31T14:44:47.739205Z,Million BTU's (displayed as Dth),d2eef3c517898b0f7e89817593d54eb118dd468faadfcbf3623b1e100402c9ce,https://pipeline2.kindermorgan.com/Capacity/OpAvailSegment.aspx?code=TGP,data/raw/km_tgp_segment_capacity/2026/08/31/d2eef3c517898b0f7e89817593d54eb118dd468faadfcbf3623b1e100402c9ce.xlsx,km_tgp_segment_capacity:1788187487739205000:d2eef3c517898b0f7e89817593d54eb118dd468faadfcbf3623b1e100402c9ce
segment,,2026-08-31,2026-08-31T14:00:00.000000Z,2026-08-31T09:00:00,EVENING,,5390,ZONE 1 GWINVILLE POOL,01,,TGP:SEG:5390,TD1,1100000,1100000.0,851985.0,248015.0,False,True,,True,2026-08-31T01:47:00.000000Z,2026-08-31T14:44:47.739205Z,2026-08-31T14:44:47.739205Z,Million BTU's (displayed as Dth),d2eef3c517898b0f7e89817593d54eb118dd468faadfcbf3623b1e100402c9ce,https://pipeline2.kindermorgan.com/Capacity/OpAvailSegment.aspx?code=TGP,data/raw/km_tgp_segment_capacity/2026/08/31/d2eef3c517898b0f7e89817593d54eb118dd468faadfcbf3623b1e100402c9ce.xlsx,km_tgp_segment_capacity:1788187487739205000:d2eef3c517898b0f7e89817593d54eb118dd468faadfcbf3623b1e100402c9ce
segment,,2026-08-31,2026-08-31T14:00:00.000000Z,2026-08-31T09:00:00,EVENING,,5410,GWINVILLE EAST,01,,TGP:SEG:5410,TD1,1100000,1100000.0,851985.0,248015.0,False,True,,True,2026-08-31T01:47:00.000000Z,2026-08-31T14:44:47.739205Z,2026-08-31T14:44:47.739205Z,Million BTU's (displayed as Dth),d2eef3c517898b0f7e89817593d54eb118dd468faadfcbf3623b1e100402c9ce,https://pipeline2.kindermorgan.com/Capacity/OpAvailSegment.aspx?code=TGP,data/raw/km_tgp_segment_capacity/2026/08/31/d2eef3c517898b0f7e89817593d54eb118dd468faadfcbf3623b1e100402c9ce.xlsx,km_tgp_segment_capacity:1788187487739205000:d2eef3c517898b0f7e89817593d54eb118dd468faadfcbf3623b1e100402c9ce
segment,,2026-08-31,2026-08-31T14:00:00.000000Z,2026-08-31T09:00:00,EVENING,,542,MLV 548,01,,TGP:SEG:542,TD1,1833363,1833363.0,0.0,1833363.0,True,True,,True,2026-08-31T01:47:00.000000Z,2026-08-31T14:44:47.739205Z,2026-08-31T14:44:47.739205Z,Million BTU's (displayed as Dth),d2eef3c517898b0f7e89817593d54eb118dd468faadfcbf3623b1e100402c9ce,https://pipeline2.kindermorgan.com/Capacity/OpAvailSegment.aspx?code=TGP,data/raw/km_tgp_segment_capacity/2026/08/31/d2eef3c517898b0f7e89817593d54eb118dd468faadfcbf3623b1e100402c9ce.xlsx,km_tgp_segment_capacity:1788187487739205000:d2eef3c517898b0f7e89817593d54eb118dd468faadfcbf3623b1e100402c9ce
segment,,2026-08-31,2026-08-31T14:00:00.000000Z,2026-08-31T09:00:00,EVENING,,542,MLV 548,01,,TGP:SEG:542,TD2,1929968,1647968.0,1492830.0,155138.0,False,True,,True,2026-08-31T01:47:00.000000Z,2026-08-31T14:44:47.739205Z,2026-08-31T14:44:47.739205Z,Million BTU's (displayed as Dth),d2eef3c517898b0f7e89817593d54eb118dd468faadfcbf3623b1e100402c9ce,https://pipeline2.kindermorgan.com/Capacity/OpAvailSegment.aspx?code=TGP,data/raw/km_tgp_segment_capacity/2026/08/31/d2eef3c517898b0f7e89817593d54eb118dd468faadfcbf3623b1e100402c9ce.xlsx,km_tgp_segment_capacity:1788187487739205000:d2eef3c517898b0f7e89817593d54eb118dd468faadfcbf3623b1e100402c9ce
segment,,2026-08-31,2026-08-31T14:00:00.000000Z,2026-08-31T09:00:00,EVENING,,5420,BAY SPRINGS,01,,TGP:SEG:5420,TD1,1100000,1100000.0,851985.0,248015.0,False,True,,True,2026-08-31T01:47:00.000000Z,2026-08-31T14:44:47.739205Z,2026-08-31T14:44:47.739205Z,Million BTU's (displayed as Dth),d2eef3c517898b0f7e89817593d54eb118dd468faadfcbf3623b1e100402c9ce,https://pipeline2.kindermorgan.com/Capacity/OpAvailSegment.aspx?code=TGP,data/raw/km_tgp_segment_capacity/2026/08/31/d2eef3c517898b0f7e89817593d54eb118dd468faadfcbf3623b1e100402c9ce.xlsx,km_tgp_segment_capacity:1788187487739205000:d2eef3c517898b0f7e89817593d54eb118dd468faadfcbf3623b1e100402c9ce
segment,,2026-08-31,2026-08-31T14:00:00.000000Z,2026-08-31T09:00:00,EVENING,,548,STA 860 SOUTH 500 LINE,01,,TGP:SEG:548,TD1,1626084,1626084.0,0.0,1626084.0,True,True,,True,2026-08-31T01:47:00.000000Z,2026-08-31T14:44:47.739205Z,2026-08-31T14:44:47.739205Z,Million BTU's (displayed as Dth),d2eef3c517898b0f7e89817593d54eb118dd468faadfcbf3623b1e100402c9ce,https://pipeline2.kindermorgan.com/Capacity/OpAvailSegment.aspx?code=TGP,data/raw/km_tgp_segment_capacity/2026/08/31/d2eef3c517898b0f7e89817593d54eb118dd468faadfcbf3623b1e100402c9ce.xlsx,km_tgp_segment_capacity:1788187487739205000:d2eef3c517898b0f7e89817593d54eb118dd468faadfcbf3623b1e100402c9ce
segment,,2026-08-31,2026-08-31T14:00:00.000000Z,2026-08-31T09:00:00,EVENING,,548,STA 860 SOUTH 500 LINE,01,,TGP:SEG:548,TD2,1875068,1390000.0,1412867.0,0.0,False,True,,True,2026-08-31T01:47:00.000000Z,2026-08-31T14:44:47.739205Z,2026-08-31T14:44:47.739205Z,Million BTU's (displayed as Dth),d2eef3c517898b0f7e89817593d54eb118dd468faadfcbf3623b1e100402c9ce,https://pipeline2.kindermorgan.com/Capacity/OpAvailSegment.aspx?code=TGP,data/raw/km_tgp_segment_capacity/2026/08/31/d2eef3c517898b0f7e89817593d54eb118dd468faadfcbf3623b1e100402c9ce.xlsx,km_tgp_segment_capacity:1788187487739205000:d2eef3c517898b0f7e89817593d54eb118dd468faadfcbf3623b1e100402c9ce
segment,,2026-08-31,2026-08-31T14:00:00.000000Z,2026-08-31T09:00:00,EVENING,,700,STA 40 CARTHAGE LATERAL,00,,TGP:SEG:700,TD1,296601,296601.0,31335.0,265266.0,False,True,,True,2026-08-31T01:47:00.000000Z,2026-08-31T14:44:47.739205Z,2026-08-31T14:44:47.739205Z,Million BTU's (displayed as Dth),d2eef3c517898b0f7e89817593d54eb118dd468faadfcbf3623b1e100402c9ce,https://pipeline2.kindermorgan.com/Capacity/OpAvailSegment.aspx?code=TGP,data/raw/km_tgp_segment_capacity/2026/08/31/d2eef3c517898b0f7e89817593d54eb118dd468faadfcbf3623b1e100402c9ce.xlsx,km_tgp_segment_capacity:1788187487739205000:d2eef3c517898b0f7e89817593d54eb118dd468faadfcbf3623b1e100402c9ce
segment,,2026-08-31,2026-08-31T14:00:00.000000Z,2026-08-31T09:00:00,EVENING,,820,MLV 822 WEST,L,,TGP:SEG:820,TD1,724000,724000.0,0.0,724000.0,False,True,,True,2026-08-31T01:47:00.000000Z,2026-08-31T14:44:47.739205Z,2026-08-31T14:44:47.739205Z,Million BTU's (displayed as Dth),d2eef3c517898b0f7e89817593d54eb118dd468faadfcbf3623b1e100402c9ce,https://pipeline2.kindermorgan.com/Capacity/OpAvailSegment.aspx?code=TGP,data/raw/km_tgp_segment_capacity/2026/08/31/d2eef3c517898b0f7e89817593d54eb118dd468faadfcbf3623b1e100402c9ce.xlsx,km_tgp_segment_capacity:1788187487739205000:d2eef3c517898b0f7e89817593d54eb118dd468faadfcbf3623b1e100402c9ce
segment,,2026-08-31,2026-08-31T14:00:00.000000Z,2026-08-31T09:00:00,EVENING,,820,MLV 822 WEST,L,,TGP:SEG:820,TD2,972000,972000.0,458614.0,513386.0,False,True,,True,2026-08-31T01:47:00.000000Z,2026-08-31T14:44:47.739205Z,2026-08-31T14:44:47.739205Z,Million BTU's (displayed as Dth),d2eef3c517898b0f7e89817593d54eb118dd468faadfcbf3623b1e100402c9ce,https://pipeline2.kindermorgan.com/Capacity/OpAvailSegment.aspx?code=TGP,data/raw/km_tgp_segment_capacity/2026/08/31/d2eef3c517898b0f7e89817593d54eb118dd468faadfcbf3623b1e100402c9ce.xlsx,km_tgp_segment_capacity:1788187487739205000:d2eef3c517898b0f7e89817593d54eb118dd468faadfcbf3623b1e100402c9ce
segment,,2026-08-31,2026-08-31T14:00:00.000000Z,2026-08-31T09:00:00,EVENING,,822,MLV 822 EAST,L,,TGP:SEG:822,TD1,724000,724000.0,0.0,724000.0,False,True,,True,2026-08-31T01:47:00.000000Z,2026-08-31T14:44:47.739205Z,2026-08-31T14:44:47.739205Z,Million BTU's (displayed as Dth),d2eef3c517898b0f7e89817593d54eb118dd468faadfcbf3623b1e100402c9ce,https://pipeline2.kindermorgan.com/Capacity/OpAvailSegment.aspx?code=TGP,data/raw/km_tgp_segment_capacity/2026/08/31/d2eef3c517898b0f7e89817593d54eb118dd468faadfcbf3623b1e100402c9ce.xlsx,km_tgp_segment_capacity:1788187487739205000:d2eef3c517898b0f7e89817593d54eb118dd468faadfcbf3623b1e100402c9ce
segment,,2026-08-31,2026-08-31T14:00:00.000000Z,2026-08-31T09:00:00,EVENING,,822,MLV 822 EAST,L,,TGP:SEG:822,TD2,972000,972000.0,458614.0,513386.0,False,True,,True,2026-08-31T01:47:00.000000Z,2026-08-31T14:44:47.739205Z,2026-08-31T14:44:47.739205Z,Million BTU's (displayed as Dth),d2eef3c517898b0f7e89817593d54eb118dd468faadfcbf3623b1e100402c9ce,https://pipeline2.kindermorgan.com/Capacity/OpAvailSegment.aspx?code=TGP,data/raw/km_tgp_segment_capacity/2026/08/31/d2eef3c517898b0f7e89817593d54eb118dd468faadfcbf3623b1e100402c9ce.xlsx,km_tgp_segment_capacity:1788187487739205000:d2eef3c517898b0f7e89817593d54eb118dd468faadfcbf3623b1e100402c9ce
segment,,2026-08-31,2026-08-31T14:00:00.000000Z,2026-08-31T09:00:00,EVENING,,823,STA 823,L,,TGP:SEG:823,TD1,557609,557609.0,0.0,557609.0,False,True,,True,2026-08-31T01:47:00.000000Z,2026-08-31T14:44:47.739205Z,2026-08-31T14:44:47.739205Z,Million BTU's (displayed as Dth),d2eef3c517898b0f7e89817593d54eb118dd468faadfcbf3623b1e100402c9ce,https://pipeline2.kindermorgan.com/Capacity/OpAvailSegment.aspx?code=TGP,data/raw/km_tgp_segment_capacity/2026/08/31/d2eef3c517898b0f7e89817593d54eb118dd468faadfcbf3623b1e100402c9ce.xlsx,km_tgp_segment_capacity:1788187487739205000:d2eef3c517898b0f7e89817593d54eb118dd468faadfcbf3623b1e100402c9ce
segment,,2026-08-31,2026-08-31T14:00:00.000000Z,2026-08-31T09:00:00,EVENING,,823,STA 823,L,,TGP:SEG:823,TD2,734430,734430.0,430959.0,303471.0,False,True,,True,2026-08-31T01:47:00.000000Z,2026-08-31T14:44:47.739205Z,2026-08-31T14:44:47.739205Z,Million BTU's (displayed as Dth),d2eef3c517898b0f7e89817593d54eb118dd468faadfcbf3623b1e100402c9ce,https://pipeline2.kindermorgan.com/Capacity/OpAvailSegment.aspx?code=TGP,data/raw/km_tgp_segment_capacity/2026/08/31/d2eef3c517898b0f7e89817593d54eb118dd468faadfcbf3623b1e100402c9ce.xlsx,km_tgp_segment_capacity:1788187487739205000:d2eef3c517898b0f7e89817593d54eb118dd468faadfcbf3623b1e100402c9ce
segment,,2026-08-31,2026-08-31T14:00:00.000000Z,2026-08-31T09:00:00,EVENING,,834,STA 834,01,,TGP:SEG:834,TD1,625609,625609.0,0.0,625609.0,False,True,,True,2026-08-31T01:47:00.000000Z,2026-08-31T14:44:47.739205Z,2026-08-31T14:44:47.739205Z,Million BTU's (displayed as Dth),d2eef3c517898b0f7e89817593d54eb118dd468faadfcbf3623b1e100402c9ce,https://pipeline2.kindermorgan.com/Capacity/OpAvailSegment.aspx?code=TGP,data/raw/km_tgp_segment_capacity/2026/08/31/d2eef3c517898b0f7e89817593d54eb118dd468faadfcbf3623b1e100402c9ce.xlsx,km_tgp_segment_capacity:1788187487739205000:d2eef3c517898b0f7e89817593d54eb118dd468faadfcbf3623b1e100402c9ce
segment,,2026-08-31,2026-08-31T14:00:00.000000Z,2026-08-31T09:00:00,EVENING,,834,STA 834,01,,TGP:SEG:834,TD2,683848,590000.0,409682.0,180318.0,False,True,,True,2026-08-31T01:47:00.000000Z,2026-08-31T14:44:47.739205Z,2026-08-31T14:44:47.739205Z,Million BTU's (displayed as Dth),d2eef3c517898b0f7e89817593d54eb118dd468faadfcbf3623b1e100402c9ce,https://pipeline2.kindermorgan.com/Capacity/OpAvailSegment.aspx?code=TGP,data/raw/km_tgp_segment_capacity/2026/08/31/d2eef3c517898b0f7e89817593d54eb118dd468faadfcbf3623b1e100402c9ce.xlsx,km_tgp_segment_capacity:1788187487739205000:d2eef3c517898b0f7e89817593d54eb118dd468faadfcbf3623b1e100402c9ce
segment,,2026-08-31,2026-08-31T14:00:00.000000Z,2026-08-31T09:00:00,EVENING,,847,STA 847,01,,TGP:SEG:847,TD1,626987,626987.0,0.0,626987.0,True,True,,True,2026-08-31T01:47:00.000000Z,2026-08-31T14:44:47.739205Z,2026-08-31T14:44:47.739205Z,Million BTU's (displayed as Dth),d2eef3c517898b0f7e89817593d54eb118dd468faadfcbf3623b1e100402c9ce,https://pipeline2.kindermorgan.com/Capacity/OpAvailSegment.aspx?code=TGP,data/raw/km_tgp_segment_capacity/2026/08/31/d2eef3c517898b0f7e89817593d54eb118dd468faadfcbf3623b1e100402c9ce.xlsx,km_tgp_segment_capacity:1788187487739205000:d2eef3c517898b0f7e89817593d54eb118dd468faadfcbf3623b1e100402c9ce
segment,,2026-08-31,2026-08-31T14:00:00.000000Z,2026-08-31T09:00:00,EVENING,,847,STA 847,01,,TGP:SEG:847,TD2,288898,288898.0,105811.0,183087.0,False,True,,True,2026-08-31T01:47:00.000000Z,2026-08-31T14:44:47.739205Z,2026-08-31T14:44:47.739205Z,Million BTU's (displayed as Dth),d2eef3c517898b0f7e89817593d54eb118dd468faadfcbf3623b1e100402c9ce,https://pipeline2.kindermorgan.com/Capacity/OpAvailSegment.aspx?code=TGP,data/raw/km_tgp_segment_capacity/2026/08/31/d2eef3c517898b0f7e89817593d54eb118dd468faadfcbf3623b1e100402c9ce.xlsx,km_tgp_segment_capacity:1788187487739205000:d2eef3c517898b0f7e89817593d54eb118dd468faadfcbf3623b1e100402c9ce
segment,,2026-08-31,2026-08-31T14:00:00.000000Z,2026-08-31T09:00:00,EVENING,,860,STA 860 NORTH,01,,TGP:SEG:860,TD1,2767869,2767869.0,0.0,2767869.0,True,True,,True,2026-08-31T01:47:00.000000Z,2026-08-31T14:44:47.739205Z,2026-08-31T14:44:47.739205Z,Million BTU's (displayed as Dth),d2eef3c517898b0f7e89817593d54eb118dd468faadfcbf3623b1e100402c9ce,https://pipeline2.kindermorgan.com/Capacity/OpAvailSegment.aspx?code=TGP,data/raw/km_tgp_segment_capacity/2026/08/31/d2eef3c517898b0f7e89817593d54eb118dd468faadfcbf3623b1e100402c9ce.xlsx,km_tgp_segment_capacity:1788187487739205000:d2eef3c517898b0f7e89817593d54eb118dd468faadfcbf3623b1e100402c9ce
segment,,2026-08-31,2026-08-31T14:00:00.000000Z,2026-08-31T09:00:00,EVENING,,860,STA 860 NORTH,01,,TGP:SEG:860,TD2,2156307,1530000.0,1483793.0,46207.0,False,True,,True,2026-08-31T01:47:00.000000Z,2026-08-31T14:44:47.739205Z,2026-08-31T14:44:47.739205Z,Million BTU's (displayed as Dth),d2eef3c517898b0f7e89817593d54eb118dd468faadfcbf3623b1e100402c9ce,https://pipeline2.kindermorgan.com/Capacity/OpAvailSegment.aspx?code=TGP,data/raw/km_tgp_segment_capacity/2026/08/31/d2eef3c517898b0f7e89817593d54eb118dd468faadfcbf3623b1e100402c9ce.xlsx,km_tgp_segment_capacity:1788187487739205000:d2eef3c517898b0f7e89817593d54eb118dd468faadfcbf3623b1e100402c9ce
segment,,2026-08-31,2026-08-31T14:00:00.000000Z,2026-08-31T09:00:00,EVENING,,905,STA 823 507F LATERAL,L,,TGP:SEG:905,TD1,553000,553000.0,0.0,553000.0,False,True,,True,2026-08-31T01:47:00.000000Z,2026-08-31T14:44:47.739205Z,2026-08-31T14:44:47.739205Z,Million BTU's (displayed as Dth),d2eef3c517898b0f7e89817593d54eb118dd468faadfcbf3623b1e100402c9ce,https://pipeline2.kindermorgan.com/Capacity/OpAvailSegment.aspx?code=TGP,data/raw/km_tgp_segment_capacity/2026/08/31/d2eef3c517898b0f7e89817593d54eb118dd468faadfcbf3623b1e100402c9ce.xlsx,km_tgp_segment_capacity:1788187487739205000:d2eef3c517898b0f7e89817593d54eb118dd468faadfcbf3623b1e100402c9ce
segment,,2026-08-31,2026-08-31T14:00:00.000000Z,2026-08-31T09:00:00,EVENING,,910,STA 823 507K LATERAL,L,,TGP:SEG:910,TD1,561000,561000.0,0.0,561000.0,False,True,,True,2026-08-31T01:47:00.000000Z,2026-08-31T14:44:47.739205Z,2026-08-31T14:44:47.739205Z,Million BTU's (displayed as Dth),d2eef3c517898b0f7e89817593d54eb118dd468faadfcbf3623b1e100402c9ce,https://pipeline2.kindermorgan.com/Capacity/OpAvailSegment.aspx?code=TGP,data/raw/km_tgp_segment_capacity/2026/08/31/d2eef3c517898b0f7e89817593d54eb118dd468faadfcbf3623b1e100402c9ce.xlsx,km_tgp_segment_capacity:1788187487739205000:d2eef3c517898b0f7e89817593d54eb118dd468faadfcbf3623b1e100402c9ce
segment,,2026-08-31,2026-08-31T14:00:00.000000Z,2026-08-31T09:00:00,EVENING,,959,STA 523 COCODRIE LATERAL,L,,TGP:SEG:959,TD1,286000,286000.0,0.0,286000.0,False,True,,True,2026-08-31T01:47:00.000000Z,2026-08-31T14:44:47.739205Z,2026-08-31T14:44:47.739205Z,Million BTU's (displayed as Dth),d2eef3c517898b0f7e89817593d54eb118dd468faadfcbf3623b1e100402c9ce,https://pipeline2.kindermorgan.com/Capacity/OpAvailSegment.aspx?code=TGP,data/raw/km_tgp_segment_capacity/2026/08/31/d2eef3c517898b0f7e89817593d54eb118dd468faadfcbf3623b1e100402c9ce.xlsx,km_tgp_segment_capacity:1788187487739205000:d2eef3c517898b0f7e89817593d54eb118dd468faadfcbf3623b1e100402c9ce
